version 1
nodes
0 "blender_implicit" -1
1 "root" -1
2 "steering_wheel" 1
end
skeleton
time 0
0  0.000000 0.000000 0.000000  0.000000 -0.000000 0.000000
1  0.000000 0.000000 0.000000  1.570796 -0.000000 0.000000
2  0.000004 24.183060 22.214846  0.000000 -0.000002 -0.000002
end
triangles
grill_1
0  25.490654 -87.180214 5.615648  0.451954 -0.892041 0.000151  5.209143 1.114261 1 1 1.000000
0  18.443565 -89.877930 5.560593  0.293032 -0.956103 0.000001  3.907346 1.103519 1 1 1.000000
0  18.443565 -89.877930 -1.032290  0.292994 -0.956114 -0.000150  3.907346 -0.111362 1 1 1.000000
grill_1
0  18.443565 -89.877930 -1.032290  0.292994 -0.956114 -0.000150  3.907346 -0.111362 1 1 1.000000
0  25.490652 -87.166451 -1.032291  0.452326 -0.891852 0.000781  5.209143 -0.111362 1 1 1.000000
0  25.490654 -87.180214 5.615648  0.451954 -0.892041 0.000151  5.209143 1.114261 1 1 1.000000
grill_1
0  18.443565 -89.877930 5.560593  0.293032 -0.956103 0.000001  3.907346 1.103519 1 1 1.000000
0  12.373708 -91.281845 5.533066  0.173383 -0.984854 0.000000  2.786218 1.100589 1 1 1.000000
0  12.373707 -91.281845 -1.032290  0.173312 -0.984867 -0.000000  2.786218 -0.111362 1 1 1.000000
grill_1
0  12.373707 -91.281845 -1.032290  0.173312 -0.984867 -0.000000  2.786218 -0.111362 1 1 1.000000
0  18.443565 -89.877930 -1.032290  0.292994 -0.956114 -0.000150  3.907346 -0.111362 1 1 1.000000
0  18.443565 -89.877930 5.560593  0.293032 -0.956103 0.000001  3.907346 1.103519 1 1 1.000000
grill_1
0  12.373708 -91.281845 5.533066  0.173383 -0.984854 0.000000  2.786218 1.100589 1 1 1.000000
0  6.152447 -92.038849 5.533066  0.080549 -0.996751 0.000000  1.636769 1.100589 1 1 1.000000
0  6.152447 -92.038849 -1.032289  0.080580 -0.996748 -0.000000  1.636769 -0.111362 1 1 1.000000
grill_1
0  6.152447 -92.038849 -1.032289  0.080580 -0.996748 -0.000000  1.636769 -0.111362 1 1 1.000000
0  12.373707 -91.281845 -1.032290  0.173312 -0.984867 -0.000000  2.786218 -0.111362 1 1 1.000000
0  12.373708 -91.281845 5.533066  0.173383 -0.984854 0.000000  2.786218 1.100589 1 1 1.000000
grill_1
0  0.000007 -92.286606 -1.032289  0.000001 -1.000000 0.000000  0.500015 -0.111362 1 1 1.000000
0  6.152447 -92.038849 -1.032289  0.080580 -0.996748 -0.000000  1.636769 -0.111362 1 1 1.000000
0  6.152447 -92.038849 5.533066  0.080549 -0.996751 0.000000  1.636769 1.100589 1 1 1.000000
grill_1
0  6.152447 -92.038849 5.533066  0.080549 -0.996751 0.000000  1.636769 1.100589 1 1 1.000000
0  0.000007 -92.286606 5.546831  -0.000001 -1.000000 0.000000  0.500015 1.101566 1 1 1.000000
0  0.000007 -92.286606 -1.032289  0.000001 -1.000000 0.000000  0.500015 -0.111362 1 1 1.000000
grill_1
0  25.490652 -87.166451 -1.032291  0.452326 -0.891852 0.000781  5.209143 -0.111362 1 1 1.000000
0  28.807743 -85.046814 -1.046055  0.538758 -0.842441 0.005738  5.821467 -0.115268 1 1 1.000000
0  28.670101 -85.115646 2.422435  0.544157 -0.838980 0.002412  5.798028 0.526353 1 1 1.000000
grill_1
0  28.587523 -85.143173 4.487012  0.564007 -0.825672 0.012755  5.783380 0.907224 1 1 1.000000
0  28.408590 -85.253281 5.092622  0.581615 -0.812686 0.035568  5.748222 1.017579 1 1 1.000000
0  27.747927 -85.707481 5.464246  0.551649 -0.834051 0.006485  5.626148 1.087893 1 1 1.000000
grill_1
0  28.670101 -85.115646 2.422435  0.544157 -0.838980 0.002412  5.798028 0.526353 1 1 1.000000
0  28.587523 -85.143173 4.487012  0.564007 -0.825672 0.012755  5.783380 0.907224 1 1 1.000000
0  27.747927 -85.707481 5.464246  0.551649 -0.834051 0.006485  5.626148 1.087893 1 1 1.000000
grill_1
0  28.670101 -85.115646 2.422435  0.544157 -0.838980 0.002412  5.798028 0.526353 1 1 1.000000
0  27.747927 -85.707481 5.464246  0.551649 -0.834051 0.006485  5.626148 1.087893 1 1 1.000000
0  25.490654 -87.180214 5.615648  0.451954 -0.892041 0.000151  5.209143 1.114261 1 1 1.000000
grill_1
0  25.490652 -87.166451 -1.032291  0.452326 -0.891852 0.000781  5.209143 -0.111362 1 1 1.000000
0  28.670101 -85.115646 2.422435  0.544157 -0.838980 0.002412  5.798028 0.526353 1 1 1.000000
0  25.490654 -87.180214 5.615648  0.451954 -0.892041 0.000151  5.209143 1.114261 1 1 1.000000
grill_1
0  -18.443550 -89.877930 5.560596  -0.292819 -0.956168 -0.000447  -2.907315 1.104495 1 1 1.000000
0  -25.490639 -87.180214 5.615652  -0.451988 -0.892024 -0.000205  -4.209113 1.115238 1 1 1.000000
0  -25.490641 -87.166451 -1.032287  -0.452164 -0.891934 0.001216  -4.209113 -0.110385 1 1 1.000000
grill_1
0  -25.490641 -87.166451 -1.032287  -0.452164 -0.891934 0.001216  -4.209113 -0.110385 1 1 1.000000
0  -18.443550 -89.877930 -1.032287  -0.292938 -0.956131 0.000000  -2.907315 -0.110385 1 1 1.000000
0  -18.443550 -89.877930 5.560596  -0.292819 -0.956168 -0.000447  -2.907315 1.104495 1 1 1.000000
grill_1
0  -12.373693 -91.281845 5.533068  -0.173869 -0.984769 0.000002  -1.786187 1.101566 1 1 1.000000
0  -18.443550 -89.877930 5.560596  -0.292819 -0.956168 -0.000447  -2.907315 1.104495 1 1 1.000000
0  -18.443550 -89.877930 -1.032287  -0.292938 -0.956131 0.000000  -2.907315 -0.110385 1 1 1.000000
grill_1
0  -18.443550 -89.877930 -1.032287  -0.292938 -0.956131 0.000000  -2.907315 -0.110385 1 1 1.000000
0  -12.373693 -91.281845 -1.032288  -0.173309 -0.984867 0.000000  -1.786187 -0.110385 1 1 1.000000
0  -12.373693 -91.281845 5.533068  -0.173869 -0.984769 0.000002  -1.786187 1.101566 1 1 1.000000
grill_1
0  -6.152433 -92.038849 5.533067  -0.080551 -0.996750 0.000000  -0.636738 1.101566 1 1 1.000000
0  -12.373693 -91.281845 5.533068  -0.173869 -0.984769 0.000002  -1.786187 1.101566 1 1 1.000000
0  -12.373693 -91.281845 -1.032288  -0.173309 -0.984867 0.000000  -1.786187 -0.110385 1 1 1.000000
grill_1
0  -12.373693 -91.281845 -1.032288  -0.173309 -0.984867 0.000000  -1.786187 -0.110385 1 1 1.000000
0  -6.152433 -92.038849 -1.032288  -0.080578 -0.996748 0.000000  -0.636738 -0.110385 1 1 1.000000
0  -6.152433 -92.038849 5.533067  -0.080551 -0.996750 0.000000  -0.636738 1.101566 1 1 1.000000
grill_1
0  -6.152433 -92.038849 -1.032288  -0.080578 -0.996748 0.000000  -0.636738 -0.110385 1 1 1.000000
0  0.000007 -92.286606 -1.032289  0.000001 -1.000000 0.000000  0.500015 -0.111362 1 1 1.000000
0  0.000007 -92.286606 5.546831  -0.000001 -1.000000 0.000000  0.500015 1.101566 1 1 1.000000
grill_1
0  0.000007 -92.286606 5.546831  -0.000001 -1.000000 0.000000  0.500015 1.101566 1 1 1.000000
0  -6.152433 -92.038849 5.533067  -0.080551 -0.996750 0.000000  -0.636738 1.101566 1 1 1.000000
0  -6.152433 -92.038849 -1.032288  -0.080578 -0.996748 0.000000  -0.636738 -0.110385 1 1 1.000000
grill_1
0  -28.670090 -85.115646 2.422440  -0.544046 -0.839051 0.002474  -4.797998 0.527329 1 1 1.000000
0  -28.807732 -85.046814 -1.046050  -0.538759 -0.842440 0.005736  -4.821436 -0.114292 1 1 1.000000
0  -25.490641 -87.166451 -1.032287  -0.452164 -0.891934 0.001216  -4.209113 -0.110385 1 1 1.000000
grill_1
0  -28.670090 -85.115646 2.422440  -0.544046 -0.839051 0.002474  -4.797998 0.527329 1 1 1.000000
0  -25.490641 -87.166451 -1.032287  -0.452164 -0.891934 0.001216  -4.209113 -0.110385 1 1 1.000000
0  -25.490639 -87.180214 5.615652  -0.451988 -0.892024 -0.000205  -4.209113 1.115238 1 1 1.000000
grill_1
0  -28.670090 -85.115646 2.422440  -0.544046 -0.839051 0.002474  -4.797998 0.527329 1 1 1.000000
0  -25.490639 -87.180214 5.615652  -0.451988 -0.892024 -0.000205  -4.209113 1.115238 1 1 1.000000
0  -27.747911 -85.707481 5.464250  -0.551609 -0.834078 0.006489  -4.626118 1.088870 1 1 1.000000
grill_1
0  -27.747911 -85.707481 5.464250  -0.551609 -0.834078 0.006489  -4.626118 1.088870 1 1 1.000000
0  -28.408575 -85.253281 5.092626  -0.581611 -0.812689 0.035568  -4.747215 1.018555 1 1 1.000000
0  -28.587507 -85.143173 4.487017  -0.564002 -0.825675 0.012755  -4.783349 0.908200 1 1 1.000000
grill_1
0  -28.670090 -85.115646 2.422440  -0.544046 -0.839051 0.002474  -4.797998 0.527329 1 1 1.000000
0  -27.747911 -85.707481 5.464250  -0.551609 -0.834078 0.006489  -4.626118 1.088870 1 1 1.000000
0  -28.587507 -85.143173 4.487017  -0.564002 -0.825675 0.012755  -4.783349 0.908200 1 1 1.000000
grill_1
0  -37.052273 -78.343826 -0.853356  -0.826498 0.248138 -0.505300  0.021485 -0.143590 1 1 1.000000
0  -35.827293 -74.393600 -0.935939  -0.949403 0.293201 -0.112544  0.786157 -0.171911 1 1 1.000000
0  -36.873344 -78.330063 -0.949703  -0.442816 0.121869 -0.888292  0.034181 -0.162145 1 1 1.000000
grill_1
0  -37.066036 -78.330063 -0.660662  -0.952942 0.291888 -0.081876  0.025391 -0.107456 1 1 1.000000
0  -35.827293 -74.393600 -0.935939  -0.949403 0.293201 -0.112544  0.786157 -0.171911 1 1 1.000000
0  -37.052273 -78.343826 -0.853356  -0.826498 0.248138 -0.505300  0.021485 -0.143590 1 1 1.000000
grill_1
0  -36.075039 -74.379837 1.899414  -0.953741 0.288757 -0.083652  0.791040 0.351543 1 1 1.000000
0  -35.827293 -74.393600 -0.935939  -0.949403 0.293201 -0.112544  0.786157 -0.171911 1 1 1.000000
0  -37.066036 -78.330063 -0.660662  -0.952942 0.291888 -0.081876  0.025391 -0.107456 1 1 1.000000
grill_1
0  -37.066036 -78.330063 -0.660662  -0.952942 0.291888 -0.081876  0.025391 -0.107456 1 1 1.000000
0  -37.272495 -78.343826 1.899414  -0.955324 0.285167 -0.077696  0.020508 0.369121 1 1 1.000000
0  -36.075039 -74.379837 1.899414  -0.953741 0.288757 -0.083652  0.791040 0.351543 1 1 1.000000
grill_1
0  -36.350315 -74.366074 5.037571  -0.945557 0.285187 -0.156813  0.785180 0.934568 1 1 1.000000
0  -36.075039 -74.379837 1.899414  -0.953741 0.288757 -0.083652  0.791040 0.351543 1 1 1.000000
0  -37.272495 -78.343826 1.899414  -0.955324 0.285167 -0.077696  0.020508 0.369121 1 1 1.000000
grill_1
0  -37.272495 -78.343826 1.899414  -0.955324 0.285167 -0.077696  0.020508 0.369121 1 1 1.000000
0  -37.520245 -78.330063 5.037571  -0.942252 0.277992 -0.186765  0.020508 0.950194 1 1 1.000000
0  -36.350315 -74.366074 5.037571  -0.945557 0.285187 -0.156813  0.785180 0.934568 1 1 1.000000
grill_1
0  -37.781757 -77.696922 5.863402  -0.782658 0.229949 -0.578420  0.122074 1.107425 1 1 1.000000
0  -36.804523 -74.352310 5.863402  -0.784262 0.231300 -0.575702  0.885769 1.092776 1 1 1.000000
0  -36.432899 -74.352310 5.367904  -0.880079 0.265645 -0.393565  0.815455 1.013672 1 1 1.000000
grill_1
0  -36.432899 -74.352310 5.367904  -0.880079 0.265645 -0.393565  0.815455 1.013672 1 1 1.000000
0  -37.616592 -78.137367 5.464251  -0.875650 0.258318 -0.408056  0.050783 1.028321 1 1 1.000000
0  -37.781757 -77.696922 5.863402  -0.782658 0.229949 -0.578420  0.122074 1.107425 1 1 1.000000
grill_1
0  -37.616592 -78.137367 5.464251  -0.875650 0.258318 -0.408056  0.050783 1.028321 1 1 1.000000
0  -36.432899 -74.352310 5.367904  -0.880079 0.265645 -0.393565  0.815455 1.013672 1 1 1.000000
0  -36.350315 -74.366074 5.037571  -0.945557 0.285187 -0.156813  0.785180 0.934568 1 1 1.000000
grill_1
0  -36.350315 -74.366074 5.037571  -0.945557 0.285187 -0.156813  0.785180 0.934568 1 1 1.000000
0  -37.520245 -78.330063 5.037571  -0.942252 0.277992 -0.186765  0.020508 0.950194 1 1 1.000000
0  -37.616592 -78.137367 5.464251  -0.875650 0.258318 -0.408056  0.050783 1.028321 1 1 1.000000
grill_1
0  37.052288 -78.343826 -0.853361  0.826465 0.248155 -0.505347  0.021485 -0.143590 1 1 1.000000
0  36.873360 -78.330063 -0.949708  0.442773 0.121867 -0.888313  0.034181 -0.162145 1 1 1.000000
0  35.827301 -74.393600 -0.935944  0.949391 0.293225 -0.112588  0.786157 -0.171911 1 1 1.000000
grill_1
0  37.066051 -78.330063 -0.660668  0.952945 0.291904 -0.081781  0.025391 -0.107456 1 1 1.000000
0  37.052288 -78.343826 -0.853361  0.826465 0.248155 -0.505347  0.021485 -0.143590 1 1 1.000000
0  35.827301 -74.393600 -0.935944  0.949391 0.293225 -0.112588  0.786157 -0.171911 1 1 1.000000
grill_1
0  36.075054 -74.379837 1.899408  0.953749 0.288719 -0.083686  0.791040 0.351543 1 1 1.000000
0  37.272511 -78.343826 1.899408  0.955407 0.284890 -0.077685  0.020508 0.369121 1 1 1.000000
0  37.066051 -78.330063 -0.660668  0.952945 0.291904 -0.081781  0.025391 -0.107456 1 1 1.000000
grill_1
0  37.066051 -78.330063 -0.660668  0.952945 0.291904 -0.081781  0.025391 -0.107456 1 1 1.000000
0  35.827301 -74.393600 -0.935944  0.949391 0.293225 -0.112588  0.786157 -0.171911 1 1 1.000000
0  36.075054 -74.379837 1.899408  0.953749 0.288719 -0.083686  0.791040 0.351543 1 1 1.000000
grill_1
0  36.350330 -74.366074 5.037566  0.945502 0.285400 -0.156758  0.785180 0.934568 1 1 1.000000
0  37.520260 -78.330063 5.037566  0.942320 0.278004 -0.186406  0.020508 0.950194 1 1 1.000000
0  37.272511 -78.343826 1.899408  0.955407 0.284890 -0.077685  0.020508 0.369121 1 1 1.000000
grill_1
0  37.272511 -78.343826 1.899408  0.955407 0.284890 -0.077685  0.020508 0.369121 1 1 1.000000
0  36.075054 -74.379837 1.899408  0.953749 0.288719 -0.083686  0.791040 0.351543 1 1 1.000000
0  36.350330 -74.366074 5.037566  0.945502 0.285400 -0.156758  0.785180 0.934568 1 1 1.000000
grill_1
0  37.781773 -77.696922 5.863397  0.782314 0.230078 -0.578833  0.122074 1.107425 1 1 1.000000
0  37.616608 -78.137367 5.464245  0.875718 0.258357 -0.407885  0.050783 1.028321 1 1 1.000000
0  36.432915 -74.352310 5.367898  0.880181 0.265666 -0.393322  0.815455 1.013672 1 1 1.000000
grill_1
0  36.432915 -74.352310 5.367898  0.879940 0.265618 -0.393894  0.815455 1.013672 1 1 1.000000
0  36.804539 -74.352310 5.863397  0.784230 0.231308 -0.575742  0.885769 1.092776 1 1 1.000000
0  37.781773 -77.696922 5.863397  0.782339 0.230094 -0.578794  0.122074 1.107425 1 1 1.000000
grill_1
0  37.616608 -78.137367 5.464245  0.875718 0.258357 -0.407885  0.050783 1.028321 1 1 1.000000
0  37.520260 -78.330063 5.037566  0.942320 0.278004 -0.186406  0.020508 0.950194 1 1 1.000000
0  36.350330 -74.366074 5.037566  0.945502 0.285400 -0.156758  0.785180 0.934568 1 1 1.000000
grill_1
0  36.350330 -74.366074 5.037566  0.945502 0.285400 -0.156758  0.785180 0.934568 1 1 1.000000
0  36.432915 -74.352310 5.367898  0.880181 0.265666 -0.393322  0.815455 1.013672 1 1 1.000000
0  37.616608 -78.137367 5.464245  0.875718 0.258357 -0.407885  0.050783 1.028321 1 1 1.000000
carbonfibre
0  10.708282 -98.342697 -0.935943  0.001404 -0.007633 0.999970  0.935575 0.298807 1 1 1.000000
0  17.012123 -97.007614 -0.935943  0.001733 -0.008082 0.999966  0.928739 0.330058 1 1 1.000000
0  0.000006 -80.477219 -0.784539  0.000000 -0.007925 0.999969  0.846706 0.246071 1 1 1.000000
carbonfibre
0  31.216417 -90.579887 -0.949708  0.006418 -0.009056 0.999938  0.896512 0.399396 1 1 1.000000
0  34.629852 -87.785828 -0.949708  0.007950 -0.007570 0.999940  0.882839 0.416974 1 1 1.000000
0  23.921576 -79.032021 -0.798305  0.004825 -0.008053 0.999956  0.839869 0.364238 1 1 1.000000
carbonfibre
0  26.564236 -93.442764 -0.949708  0.004922 -0.009363 0.999944  0.911161 0.376934 1 1 1.000000
0  31.216417 -90.579887 -0.949708  0.006418 -0.009056 0.999938  0.896512 0.399396 1 1 1.000000
0  23.921576 -79.032021 -0.798305  0.004825 -0.008053 0.999956  0.839869 0.364238 1 1 1.000000
carbonfibre
0  34.629852 -87.785828 -0.949708  0.007950 -0.007570 0.999940  0.882839 0.416974 1 1 1.000000
0  37.203690 -84.386154 -0.949708  0.008884 -0.005403 0.999946  0.866237 0.429670 1 1 1.000000
0  23.921576 -79.032021 -0.798305  0.004825 -0.008053 0.999956  0.839869 0.364238 1 1 1.000000
carbonfibre
0  37.203690 -84.386154 -0.949708  0.008884 -0.005403 0.999946  0.866237 0.429670 1 1 1.000000
0  38.759007 -81.371872 -0.949708  0.009338 -0.004052 0.999948  0.851588 0.436506 1 1 1.000000
0  23.921576 -79.032021 -0.798305  0.004825 -0.008053 0.999956  0.839869 0.364238 1 1 1.000000
carbonfibre
0  17.012123 -97.007614 -0.935943  0.001733 -0.008082 0.999966  0.928739 0.330058 1 1 1.000000
0  23.921576 -79.032021 -0.798305  0.004825 -0.008053 0.999956  0.839869 0.364238 1 1 1.000000
0  0.000006 -80.477219 -0.784539  0.000000 -0.007925 0.999969  0.846706 0.246071 1 1 1.000000
carbonfibre
0  0.000006 -80.477219 -0.784539  0.000000 -0.007925 0.999969  0.846706 0.246071 1 1 1.000000
0  5.216506 -99.113472 -0.935942  0.000826 -0.007893 0.999969  0.938505 0.271462 1 1 1.000000
0  10.708282 -98.342697 -0.935943  0.001404 -0.007633 0.999970  0.935575 0.298807 1 1 1.000000
carbonfibre
0  0.000006 -80.477219 -0.784539  0.000000 -0.007925 0.999969  0.846706 0.246071 1 1 1.000000
0  0.000007 -99.430038 -0.935942  0.000000 -0.007988 0.999968  0.940458 0.246071 1 1 1.000000
0  5.216506 -99.113472 -0.935942  0.000826 -0.007893 0.999969  0.938505 0.271462 1 1 1.000000
carbonfibre
0  0.000007 -99.430038 -1.445204  0.000000 -1.000000 0.000000  0.277352 0.536119 1 1 1.000000
0  5.216506 -99.113472 -1.445204  0.099188 -0.995069 -0.000395  0.303720 0.536119 1 1 1.000000
0  5.216506 -99.113472 -0.935942  0.099859 -0.995002 0.000000  0.303720 0.538072 1 1 1.000000
carbonfibre
0  5.216506 -99.113472 -0.935942  0.099859 -0.995002 0.000000  0.303720 0.538072 1 1 1.000000
0  0.000007 -99.430038 -0.935942  -0.000000 -1.000000 0.000001  0.277352 0.538072 1 1 1.000000
0  0.000007 -99.430038 -1.445204  0.000000 -1.000000 0.000000  0.277352 0.536119 1 1 1.000000
carbonfibre
0  5.216506 -99.113472 -1.445204  0.099188 -0.995069 -0.000395  0.303720 0.536119 1 1 1.000000
0  10.708282 -98.342697 -1.445205  0.173195 -0.984888 0.000000  0.330088 0.536119 1 1 1.000000
0  10.708282 -98.342697 -0.935943  0.173194 -0.984888 0.000000  0.330088 0.538072 1 1 1.000000
carbonfibre
0  10.708282 -98.342697 -0.935943  0.173194 -0.984888 0.000000  0.330088 0.538072 1 1 1.000000
0  5.216506 -99.113472 -0.935942  0.099859 -0.995002 0.000000  0.303720 0.538072 1 1 1.000000
0  5.216506 -99.113472 -1.445204  0.099188 -0.995069 -0.000395  0.303720 0.536119 1 1 1.000000
carbonfibre
0  10.708282 -98.342697 -1.445205  0.173195 -0.984888 0.000000  0.330088 0.536119 1 1 1.000000
0  17.012123 -97.007614 -1.445205  0.254787 -0.966997 0.000000  0.361339 0.536119 1 1 1.000000
0  17.012123 -97.007614 -0.935943  0.254787 -0.966997 0.000000  0.361339 0.538072 1 1 1.000000
carbonfibre
0  17.012123 -97.007614 -0.935943  0.254787 -0.966997 0.000000  0.361339 0.538072 1 1 1.000000
0  10.708282 -98.342697 -0.935943  0.173194 -0.984888 0.000000  0.330088 0.538072 1 1 1.000000
0  10.708282 -98.342697 -1.445205  0.173195 -0.984888 0.000000  0.330088 0.536119 1 1 1.000000
carbonfibre
0  17.012123 -97.007614 -1.445205  0.254787 -0.966997 0.000000  0.361339 0.536119 1 1 1.000000
0  21.925819 -95.452293 -1.445206  0.350110 -0.936709 0.000000  0.385754 0.536119 1 1 1.000000
0  21.925819 -95.452293 -0.935943  0.350068 -0.936724 0.000000  0.385754 0.538072 1 1 1.000000
carbonfibre
0  21.925819 -95.452293 -0.935943  0.350068 -0.936724 0.000000  0.385754 0.538072 1 1 1.000000
0  17.012123 -97.007614 -0.935943  0.254787 -0.966997 0.000000  0.361339 0.538072 1 1 1.000000
0  17.012123 -97.007614 -1.445205  0.254787 -0.966997 0.000000  0.361339 0.536119 1 1 1.000000
carbonfibre
0  21.925819 -95.452293 -1.445206  0.350110 -0.936709 0.000000  0.385754 0.536119 1 1 1.000000
0  26.564236 -93.442764 -1.445206  0.462333 -0.886707 -0.000314  0.408216 0.536119 1 1 1.000000
0  26.564236 -93.442764 -0.949708  0.461937 -0.886913 0.000000  0.408216 0.538072 1 1 1.000000
carbonfibre
0  26.564236 -93.442764 -0.949708  0.461937 -0.886913 0.000000  0.408216 0.538072 1 1 1.000000
0  21.925819 -95.452293 -0.935943  0.350068 -0.936724 0.000000  0.385754 0.538072 1 1 1.000000
0  21.925819 -95.452293 -1.445206  0.350110 -0.936709 0.000000  0.385754 0.536119 1 1 1.000000
carbonfibre
0  26.564236 -93.442764 -1.445206  0.462333 -0.886707 -0.000314  0.408216 0.536119 1 1 1.000000
0  31.216417 -90.579887 -1.445206  0.580060 -0.814574 0.000000  0.431654 0.536119 1 1 1.000000
0  31.216417 -90.579887 -0.949708  0.580059 -0.814574 0.000000  0.431654 0.538072 1 1 1.000000
carbonfibre
0  31.216417 -90.579887 -0.949708  0.580059 -0.814574 0.000000  0.431654 0.538072 1 1 1.000000
0  26.564236 -93.442764 -0.949708  0.461937 -0.886913 0.000000  0.408216 0.538072 1 1 1.000000
0  26.564236 -93.442764 -1.445206  0.462333 -0.886707 -0.000314  0.408216 0.536119 1 1 1.000000
carbonfibre
0  31.216417 -90.579887 -1.445206  0.580060 -0.814574 0.000000  0.431654 0.536119 1 1 1.000000
0  34.629852 -87.785828 -1.445207  0.720389 -0.693570 0.000000  0.448256 0.536119 1 1 1.000000
0  34.629852 -87.785828 -0.949708  0.720388 -0.693571 0.000000  0.448256 0.538072 1 1 1.000000
carbonfibre
0  34.629852 -87.785828 -0.949708  0.720388 -0.693571 0.000000  0.448256 0.538072 1 1 1.000000
0  31.216417 -90.579887 -0.949708  0.580059 -0.814574 0.000000  0.431654 0.538072 1 1 1.000000
0  31.216417 -90.579887 -1.445206  0.580060 -0.814574 0.000000  0.431654 0.536119 1 1 1.000000
carbonfibre
0  34.629852 -87.785828 -1.445207  0.720389 -0.693570 0.000000  0.344737 0.536119 1 1 1.000000
0  37.203690 -84.386154 -1.445207  0.846658 -0.532138 -0.000280  0.362316 0.536119 1 1 1.000000
0  37.203690 -84.386154 -0.949708  0.846632 -0.532178 -0.000263  0.362316 0.538072 1 1 1.000000
carbonfibre
0  37.203690 -84.386154 -0.949708  0.846632 -0.532178 -0.000263  0.362316 0.538072 1 1 1.000000
0  34.629852 -87.785828 -0.949708  0.720388 -0.693571 0.000000  0.344737 0.538072 1 1 1.000000
0  34.629852 -87.785828 -1.445207  0.720389 -0.693570 0.000000  0.344737 0.536119 1 1 1.000000
carbonfibre
0  37.203690 -84.386154 -1.445207  0.846658 -0.532138 -0.000280  0.362316 0.536119 1 1 1.000000
0  38.759007 -81.371872 -1.445207  0.920900 -0.389799 0.000000  0.376965 0.536119 1 1 1.000000
0  38.759007 -81.371872 -0.949708  0.920941 -0.389702 0.000000  0.376965 0.538072 1 1 1.000000
carbonfibre
0  38.759007 -81.371872 -0.949708  0.920941 -0.389702 0.000000  0.376965 0.538072 1 1 1.000000
0  37.203690 -84.386154 -0.949708  0.846632 -0.532178 -0.000263  0.362316 0.538072 1 1 1.000000
0  37.203690 -84.386154 -1.445207  0.846658 -0.532138 -0.000280  0.362316 0.536119 1 1 1.000000
carbonfibre
0  21.925819 -95.452293 -0.935943  0.003608 -0.009209 0.999951  0.920927 0.354472 1 1 1.000000
0  26.564236 -93.442764 -0.949708  0.004922 -0.009363 0.999944  0.911161 0.376934 1 1 1.000000
0  23.921576 -79.032021 -0.798305  0.004825 -0.008053 0.999956  0.839869 0.364238 1 1 1.000000
carbonfibre
0  17.012123 -97.007614 -0.935943  0.001733 -0.008082 0.999966  0.928739 0.330058 1 1 1.000000
0  21.925819 -95.452293 -0.935943  0.003608 -0.009209 0.999951  0.920927 0.354472 1 1 1.000000
0  23.921576 -79.032021 -0.798305  0.004825 -0.008053 0.999956  0.839869 0.364238 1 1 1.000000
carbonfibre
0  38.759007 -81.371872 -1.445207  0.920900 -0.389799 0.000000  0.376965 0.536119 1 1 1.000000
0  39.777527 -78.343826 -1.445207  0.953480 -0.301456 -0.000291  0.391614 0.536119 1 1 1.000000
0  39.777527 -78.343826 -0.935945  0.953459 -0.301521 -0.000303  0.391614 0.538072 1 1 1.000000
carbonfibre
0  39.777527 -78.343826 -0.935945  0.953459 -0.301521 -0.000303  0.391614 0.538072 1 1 1.000000
0  38.759007 -81.371872 -0.949708  0.920941 -0.389702 0.000000  0.376965 0.538072 1 1 1.000000
0  38.759007 -81.371872 -1.445207  0.920900 -0.389799 0.000000  0.376965 0.536119 1 1 1.000000
carbonfibre
0  38.759007 -81.371872 -0.949708  0.009338 -0.004052 0.999948  0.851588 0.436506 1 1 1.000000
0  39.777527 -78.343826 -0.935945  0.009426 -0.003377 0.999950  0.836940 0.442366 1 1 1.000000
0  23.921576 -79.032021 -0.798305  0.004825 -0.008053 0.999956  0.839869 0.364238 1 1 1.000000
carbonfibre
0  39.777527 -78.343826 -0.935945  0.008792 -0.002567 0.999958  0.836940 0.442366 1 1 1.000000
0  40.685940 -75.233200 -0.935945  0.016712 -0.008384 0.999825  0.821314 0.446272 1 1 1.000000
0  23.921576 -79.032021 -0.798305  0.015075 -0.027971 0.999495  0.839869 0.364238 1 1 1.000000
carbonfibre
0  18.443563 -69.507439 -0.426681  0.017810 -0.023333 0.999569  0.792993 0.336894 1 1 1.000000
0  23.921576 -79.032021 -0.798305  0.015076 -0.028167 0.999490  0.839869 0.364238 1 1 1.000000
0  40.685940 -75.233200 -0.935945  0.016736 -0.008399 0.999825  0.821314 0.446272 1 1 1.000000
carbonfibre
0  40.685940 -75.233200 -0.935945  0.016736 -0.008399 0.999825  0.821314 0.446272 1 1 1.000000
0  41.401661 -72.218910 -0.935945  0.021700 -0.004038 0.999756  0.806665 0.450179 1 1 1.000000
0  18.443563 -69.507439 -0.426681  0.017810 -0.023333 0.999569  0.792993 0.336894 1 1 1.000000
carbonfibre
0  41.401661 -72.218910 -0.935945  0.021700 -0.004038 0.999756  0.806665 0.450179 1 1 1.000000
0  41.828339 -69.163338 -0.935945  0.021797 -0.001660 0.999761  0.791040 0.452132 1 1 1.000000
0  18.443563 -69.507439 -0.426681  0.017810 -0.023333 0.999569  0.792993 0.336894 1 1 1.000000
carbonfibre
0  41.828339 -69.163338 -0.935945  0.021797 -0.001660 0.999761  0.791040 0.452132 1 1 1.000000
0  41.842102 -68.475151 -0.935945  0.022114 -0.000410 0.999755  0.788110 0.452132 1 1 1.000000
0  18.443563 -69.507439 -0.426681  0.017810 -0.023333 0.999569  0.792993 0.336894 1 1 1.000000
carbonfibre
0  39.777527 -78.343826 -1.445207  0.953480 -0.301456 -0.000291  0.391614 0.536119 1 1 1.000000
0  40.685940 -75.233200 -1.445207  0.966742 -0.255755 0.000000  0.407239 0.536119 1 1 1.000000
0  40.685940 -75.233200 -0.935945  0.966742 -0.255755 0.000000  0.407239 0.538072 1 1 1.000000
carbonfibre
0  40.685940 -75.233200 -0.935945  0.966742 -0.255755 0.000000  0.407239 0.538072 1 1 1.000000
0  39.777527 -78.343826 -0.935945  0.953459 -0.301521 -0.000303  0.391614 0.538072 1 1 1.000000
0  39.777527 -78.343826 -1.445207  0.953480 -0.301456 -0.000291  0.391614 0.536119 1 1 1.000000
carbonfibre
0  40.685940 -75.233200 -1.445207  0.966742 -0.255755 0.000000  0.407239 0.536119 1 1 1.000000
0  41.401661 -72.218910 -1.445207  0.982819 -0.184572 -0.000171  0.421888 0.536119 1 1 1.000000
0  41.401661 -72.218910 -0.935945  0.982764 -0.184864 0.000000  0.421888 0.538072 1 1 1.000000
carbonfibre
0  41.401661 -72.218910 -0.935945  0.982764 -0.184864 0.000000  0.421888 0.538072 1 1 1.000000
0  40.685940 -75.233200 -0.935945  0.966742 -0.255755 0.000000  0.407239 0.538072 1 1 1.000000
0  40.685940 -75.233200 -1.445207  0.966742 -0.255755 0.000000  0.407239 0.536119 1 1 1.000000
carbonfibre
0  41.401661 -72.218910 -1.445207  0.982819 -0.184572 -0.000171  0.421888 0.536119 1 1 1.000000
0  41.828339 -69.163338 -1.445207  0.997284 -0.073653 -0.000303  0.436537 0.536119 1 1 1.000000
0  41.828339 -69.163338 -0.935945  0.997285 -0.073644 -0.000273  0.436537 0.538072 1 1 1.000000
carbonfibre
0  41.828339 -69.163338 -0.935945  0.997285 -0.073644 -0.000273  0.436537 0.538072 1 1 1.000000
0  41.401661 -72.218910 -0.935945  0.982764 -0.184864 0.000000  0.421888 0.538072 1 1 1.000000
0  41.401661 -72.218910 -1.445207  0.982819 -0.184572 -0.000171  0.421888 0.536119 1 1 1.000000
carbonfibre
0  41.828339 -69.163338 -1.445207  0.997284 -0.073653 -0.000303  0.436537 0.536119 1 1 1.000000
0  41.842102 -68.475151 -1.445207  0.999964 -0.008444 -0.000335  0.440443 0.536119 1 1 1.000000
0  41.842102 -68.475151 -0.935945  0.999964 -0.008495 -0.000305  0.440443 0.538072 1 1 1.000000
carbonfibre
0  41.842102 -68.475151 -0.935945  0.999964 -0.008495 -0.000305  0.440443 0.538072 1 1 1.000000
0  41.828339 -69.163338 -0.935945  0.997285 -0.073644 -0.000273  0.436537 0.538072 1 1 1.000000
0  41.828339 -69.163338 -1.445207  0.997284 -0.073653 -0.000303  0.436537 0.536119 1 1 1.000000
carbonfibre
0  41.842102 -68.475151 -1.445207  -0.044126 0.999025 -0.001188  0.500992 0.539048 1 1 1.000000
0  18.484854 -69.548729 -0.922179  -0.047006 0.996595 -0.067743  0.616230 0.541002 1 1 1.000000
0  18.443563 -69.507439 -0.426681  -0.046936 0.996666 -0.066738  0.616230 0.543931 1 1 1.000000
carbonfibre
0  18.443563 -69.507439 -0.426681  -0.046936 0.996666 -0.066738  0.616230 0.543931 1 1 1.000000
0  41.842102 -68.475151 -0.935945  -0.044075 0.999028 0.000000  0.500992 0.541002 1 1 1.000000
0  41.842102 -68.475151 -1.445207  -0.044126 0.999025 -0.001188  0.500992 0.539048 1 1 1.000000
carbonfibre
0  -10.708266 -98.342697 -0.935941  -0.001404 -0.007633 0.999970  0.935575 0.193335 1 1 1.000000
0  0.000006 -80.477219 -0.784539  0.000000 -0.007925 0.999969  0.846706 0.246071 1 1 1.000000
0  -17.012108 -97.007614 -0.935940  -0.001304 -0.007816 0.999969  0.928739 0.162084 1 1 1.000000
carbonfibre
0  -31.216402 -90.579887 -0.949703  -0.006418 -0.009056 0.999938  0.896512 0.091769 1 1 1.000000
0  -23.921564 -79.032021 -0.798301  -0.004647 -0.007946 0.999958  0.839869 0.127903 1 1 1.000000
0  -34.629837 -87.785828 -0.949703  -0.007950 -0.007570 0.999940  0.882839 0.075167 1 1 1.000000
carbonfibre
0  -26.564220 -93.442764 -0.949704  -0.004922 -0.009365 0.999944  0.911161 0.115207 1 1 1.000000
0  -23.921564 -79.032021 -0.798301  -0.004647 -0.007946 0.999958  0.839869 0.127903 1 1 1.000000
0  -31.216402 -90.579887 -0.949703  -0.006418 -0.009056 0.999938  0.896512 0.091769 1 1 1.000000
carbonfibre
0  -34.629837 -87.785828 -0.949703  -0.007950 -0.007570 0.999940  0.882839 0.075167 1 1 1.000000
0  -23.921564 -79.032021 -0.798301  -0.004647 -0.007946 0.999958  0.839869 0.127903 1 1 1.000000
0  -37.203674 -84.386154 -0.949703  -0.009127 -0.005635 0.999942  0.866237 0.062471 1 1 1.000000
carbonfibre
0  -37.203674 -84.386154 -0.949703  -0.009127 -0.005635 0.999942  0.866237 0.062471 1 1 1.000000
0  -23.921564 -79.032021 -0.798301  -0.004647 -0.007946 0.999958  0.839869 0.127903 1 1 1.000000
0  -38.758991 -81.371872 -0.949703  -0.009332 -0.004148 0.999948  0.851588 0.054659 1 1 1.000000
carbonfibre
0  -17.012108 -97.007614 -0.935940  -0.001304 -0.007816 0.999969  0.928739 0.162084 1 1 1.000000
0  0.000006 -80.477219 -0.784539  0.000000 -0.007925 0.999969  0.846706 0.246071 1 1 1.000000
0  -23.921564 -79.032021 -0.798301  -0.004464 -0.007933 0.999959  0.839869 0.127903 1 1 1.000000
carbonfibre
0  0.000006 -80.477219 -0.784539  0.000000 -0.007925 0.999969  0.846706 0.246071 1 1 1.000000
0  -10.708266 -98.342697 -0.935941  -0.001404 -0.007633 0.999970  0.935575 0.193335 1 1 1.000000
0  -5.216491 -99.113472 -0.935941  -0.000825 -0.007893 0.999969  0.938505 0.220679 1 1 1.000000
carbonfibre
0  0.000006 -80.477219 -0.784539  0.000000 -0.007925 0.999969  0.846706 0.246071 1 1 1.000000
0  -5.216491 -99.113472 -0.935941  -0.000825 -0.007893 0.999969  0.938505 0.220679 1 1 1.000000
0  0.000007 -99.430038 -0.935942  0.000000 -0.007988 0.999968  0.940458 0.246071 1 1 1.000000
carbonfibre
0  -5.216492 -99.113472 -1.445204  -0.099445 -0.995043 -0.000235  0.251961 0.536119 1 1 1.000000
0  0.000007 -99.430038 -1.445204  0.000000 -1.000000 0.000000  0.277352 0.536119 1 1 1.000000
0  0.000007 -99.430038 -0.935942  -0.000000 -1.000000 0.000001  0.277352 0.538072 1 1 1.000000
carbonfibre
0  0.000007 -99.430038 -0.935942  -0.000000 -1.000000 0.000001  0.277352 0.538072 1 1 1.000000
0  -5.216491 -99.113472 -0.935941  -0.099364 -0.995051 -0.000288  0.251961 0.538072 1 1 1.000000
0  -5.216492 -99.113472 -1.445204  -0.099445 -0.995043 -0.000235  0.251961 0.536119 1 1 1.000000
carbonfibre
0  -10.708266 -98.342697 -1.445203  -0.173194 -0.984888 0.000001  0.224616 0.536119 1 1 1.000000
0  -5.216492 -99.113472 -1.445204  -0.099445 -0.995043 -0.000235  0.251961 0.536119 1 1 1.000000
0  -5.216491 -99.113472 -0.935941  -0.099364 -0.995051 -0.000288  0.251961 0.538072 1 1 1.000000
carbonfibre
0  -5.216491 -99.113472 -0.935941  -0.099364 -0.995051 -0.000288  0.251961 0.538072 1 1 1.000000
0  -10.708266 -98.342697 -0.935941  -0.173195 -0.984888 0.000000  0.224616 0.538072 1 1 1.000000
0  -10.708266 -98.342697 -1.445203  -0.173194 -0.984888 0.000001  0.224616 0.536119 1 1 1.000000
carbonfibre
0  -17.012108 -97.007614 -1.445203  -0.254787 -0.966997 0.000000  0.194342 0.536119 1 1 1.000000
0  -10.708266 -98.342697 -1.445203  -0.173194 -0.984888 0.000001  0.224616 0.536119 1 1 1.000000
0  -10.708266 -98.342697 -0.935941  -0.173195 -0.984888 0.000000  0.224616 0.538072 1 1 1.000000
carbonfibre
0  -10.708266 -98.342697 -0.935941  -0.173195 -0.984888 0.000000  0.224616 0.538072 1 1 1.000000
0  -17.012108 -97.007614 -0.935940  -0.254787 -0.966997 0.000000  0.194342 0.538072 1 1 1.000000
0  -17.012108 -97.007614 -1.445203  -0.254787 -0.966997 0.000000  0.194342 0.536119 1 1 1.000000
carbonfibre
0  -21.925804 -95.452293 -1.445202  -0.350109 -0.936709 0.000000  0.169927 0.536119 1 1 1.000000
0  -17.012108 -97.007614 -1.445203  -0.254787 -0.966997 0.000000  0.194342 0.536119 1 1 1.000000
0  -17.012108 -97.007614 -0.935940  -0.254787 -0.966997 0.000000  0.194342 0.538072 1 1 1.000000
carbonfibre
0  -17.012108 -97.007614 -0.935940  -0.254787 -0.966997 0.000000  0.194342 0.538072 1 1 1.000000
0  -21.925804 -95.452293 -0.935940  -0.350068 -0.936724 0.000000  0.169927 0.538072 1 1 1.000000
0  -21.925804 -95.452293 -1.445202  -0.350109 -0.936709 0.000000  0.169927 0.536119 1 1 1.000000
carbonfibre
0  -26.564220 -93.442764 -1.445202  -0.461992 -0.886884 0.000000  0.146489 0.536119 1 1 1.000000
0  -21.925804 -95.452293 -1.445202  -0.350109 -0.936709 0.000000  0.169927 0.536119 1 1 1.000000
0  -21.925804 -95.452293 -0.935940  -0.350068 -0.936724 0.000000  0.169927 0.538072 1 1 1.000000
carbonfibre
0  -21.925804 -95.452293 -0.935940  -0.350068 -0.936724 0.000000  0.169927 0.538072 1 1 1.000000
0  -26.564220 -93.442764 -0.949704  -0.461938 -0.886912 0.000000  0.146489 0.538072 1 1 1.000000
0  -26.564220 -93.442764 -1.445202  -0.461992 -0.886884 0.000000  0.146489 0.536119 1 1 1.000000
carbonfibre
0  -31.216402 -90.579887 -1.445202  -0.580060 -0.814574 0.000000  0.124027 0.536119 1 1 1.000000
0  -26.564220 -93.442764 -1.445202  -0.461992 -0.886884 0.000000  0.146489 0.536119 1 1 1.000000
0  -26.564220 -93.442764 -0.949704  -0.461938 -0.886912 0.000000  0.146489 0.538072 1 1 1.000000
carbonfibre
0  -26.564220 -93.442764 -0.949704  -0.461938 -0.886912 0.000000  0.146489 0.538072 1 1 1.000000
0  -31.216402 -90.579887 -0.949703  -0.580060 -0.814574 0.000000  0.124027 0.538072 1 1 1.000000
0  -31.216402 -90.579887 -1.445202  -0.580060 -0.814574 0.000000  0.124027 0.536119 1 1 1.000000
carbonfibre
0  -34.629837 -87.785828 -1.445201  -0.720389 -0.693571 0.000000  0.107425 0.536119 1 1 1.000000
0  -31.216402 -90.579887 -1.445202  -0.580060 -0.814574 0.000000  0.124027 0.536119 1 1 1.000000
0  -31.216402 -90.579887 -0.949703  -0.580060 -0.814574 0.000000  0.124027 0.538072 1 1 1.000000
carbonfibre
0  -31.216402 -90.579887 -0.949703  -0.580060 -0.814574 0.000000  0.124027 0.538072 1 1 1.000000
0  -34.629837 -87.785828 -0.949703  -0.720389 -0.693570 0.000000  0.107425 0.538072 1 1 1.000000
0  -34.629837 -87.785828 -1.445201  -0.720389 -0.693571 0.000000  0.107425 0.536119 1 1 1.000000
carbonfibre
0  -37.203674 -84.386154 -1.445201  -0.846453 -0.532464 -0.000175  0.623066 0.539048 1 1 1.000000
0  -34.629837 -87.785828 -1.445201  -0.720389 -0.693571 0.000000  0.639668 0.539048 1 1 1.000000
0  -34.629837 -87.785828 -0.949703  -0.720389 -0.693570 0.000000  0.639668 0.541002 1 1 1.000000
carbonfibre
0  -34.629837 -87.785828 -0.949703  -0.720389 -0.693570 0.000000  0.639668 0.541002 1 1 1.000000
0  -37.203674 -84.386154 -0.949703  -0.846787 -0.531933 -0.000338  0.623066 0.541002 1 1 1.000000
0  -37.203674 -84.386154 -1.445201  -0.846453 -0.532464 -0.000175  0.623066 0.539048 1 1 1.000000
carbonfibre
0  -37.203674 -84.386154 -0.949703  -0.846787 -0.531933 -0.000338  0.623066 0.541002 1 1 1.000000
0  -38.758991 -81.371872 -0.949703  -0.920940 -0.389703 0.000000  0.608417 0.541002 1 1 1.000000
0  -38.758991 -81.371872 -1.445201  -0.920900 -0.389799 0.000000  0.608417 0.539048 1 1 1.000000
carbonfibre
0  -38.758991 -81.371872 -1.445201  -0.920900 -0.389799 0.000000  0.608417 0.539048 1 1 1.000000
0  -37.203674 -84.386154 -1.445201  -0.846453 -0.532464 -0.000175  0.623066 0.539048 1 1 1.000000
0  -37.203674 -84.386154 -0.949703  -0.846787 -0.531933 -0.000338  0.623066 0.541002 1 1 1.000000
carbonfibre
0  -21.925804 -95.452293 -0.935940  -0.003424 -0.009371 0.999950  0.920927 0.137669 1 1 1.000000
0  -23.921564 -79.032021 -0.798301  -0.004647 -0.007946 0.999958  0.839869 0.127903 1 1 1.000000
0  -26.564220 -93.442764 -0.949704  -0.004922 -0.009365 0.999944  0.911161 0.115207 1 1 1.000000
carbonfibre
0  -17.012108 -97.007614 -0.935940  -0.002035 -0.008465 0.999962  0.928739 0.162084 1 1 1.000000
0  -23.921564 -79.032021 -0.798301  -0.004647 -0.007946 0.999958  0.839869 0.127903 1 1 1.000000
0  -21.925804 -95.452293 -0.935940  -0.003424 -0.009371 0.999950  0.920927 0.137669 1 1 1.000000
carbonfibre
0  -38.758991 -81.371872 -0.949703  -0.920940 -0.389703 0.000000  0.608417 0.541002 1 1 1.000000
0  -39.777512 -78.343826 -0.935939  -0.953416 -0.301658 -0.000322  0.592792 0.541002 1 1 1.000000
0  -39.777512 -78.343826 -1.445201  -0.953408 -0.301683 -0.000329  0.592792 0.539048 1 1 1.000000
carbonfibre
0  -39.777512 -78.343826 -1.445201  -0.953408 -0.301683 -0.000329  0.592792 0.539048 1 1 1.000000
0  -38.758991 -81.371872 -1.445201  -0.920900 -0.389799 0.000000  0.608417 0.539048 1 1 1.000000
0  -38.758991 -81.371872 -0.949703  -0.920940 -0.389703 0.000000  0.608417 0.541002 1 1 1.000000
carbonfibre
0  -38.758991 -81.371872 -0.949703  -0.009332 -0.004148 0.999948  0.851588 0.054659 1 1 1.000000
0  -23.921564 -79.032021 -0.798301  -0.004647 -0.007946 0.999958  0.839869 0.127903 1 1 1.000000
0  -39.777512 -78.343826 -0.935939  -0.009407 -0.003568 0.999949  0.836940 0.049776 1 1 1.000000
carbonfibre
0  -39.777512 -78.343826 -0.935939  -0.008792 -0.002568 0.999958  0.836940 0.049776 1 1 1.000000
0  -23.921564 -79.032021 -0.798301  -0.014527 -0.027895 0.999505  0.839869 0.127903 1 1 1.000000
0  -40.685932 -75.233200 -0.935939  -0.016176 -0.008116 0.999836  0.821314 0.045869 1 1 1.000000
carbonfibre
0  -40.685932 -75.233200 -0.935939  -0.016176 -0.008116 0.999836  0.821314 0.045869 1 1 1.000000
0  -23.921564 -79.032021 -0.798301  -0.014527 -0.027895 0.999505  0.839869 0.127903 1 1 1.000000
0  -18.443552 -69.507439 -0.426678  -0.017435 -0.023249 0.999578  0.792993 0.155248 1 1 1.000000
carbonfibre
0  -18.443552 -69.507439 -0.426678  -0.017435 -0.023249 0.999578  0.792993 0.155248 1 1 1.000000
0  -41.401653 -72.218910 -0.935939  -0.021700 -0.004038 0.999756  0.806665 0.041963 1 1 1.000000
0  -40.685932 -75.233200 -0.935939  -0.016176 -0.008116 0.999836  0.821314 0.045869 1 1 1.000000
carbonfibre
0  -41.401653 -72.218910 -0.935939  -0.021700 -0.004038 0.999756  0.806665 0.041963 1 1 1.000000
0  -18.443552 -69.507439 -0.426678  -0.017435 -0.023249 0.999578  0.792993 0.155248 1 1 1.000000
0  -41.828331 -69.163338 -0.935939  -0.021797 -0.001660 0.999761  0.791040 0.040010 1 1 1.000000
carbonfibre
0  -41.828331 -69.163338 -0.935939  -0.021797 -0.001660 0.999761  0.791040 0.040010 1 1 1.000000
0  -18.443552 -69.507439 -0.426678  -0.017435 -0.023249 0.999578  0.792993 0.155248 1 1 1.000000
0  -41.842094 -68.475151 -0.935939  -0.022114 -0.000410 0.999755  0.788110 0.040010 1 1 1.000000
carbonfibre
0  -40.685932 -75.233200 -1.445201  -0.966741 -0.255757 0.000000  0.578143 0.539048 1 1 1.000000
0  -39.777512 -78.343826 -1.445201  -0.953408 -0.301683 -0.000329  0.592792 0.539048 1 1 1.000000
0  -39.777512 -78.343826 -0.935939  -0.953416 -0.301658 -0.000322  0.592792 0.541002 1 1 1.000000
carbonfibre
0  -39.777512 -78.343826 -0.935939  -0.953416 -0.301658 -0.000322  0.592792 0.541002 1 1 1.000000
0  -40.685932 -75.233200 -0.935939  -0.966741 -0.255757 0.000000  0.578143 0.541002 1 1 1.000000
0  -40.685932 -75.233200 -1.445201  -0.966741 -0.255757 0.000000  0.578143 0.539048 1 1 1.000000
carbonfibre
0  -41.401653 -72.218910 -1.445201  -0.982764 -0.184864 0.000000  0.563494 0.539048 1 1 1.000000
0  -40.685932 -75.233200 -1.445201  -0.966741 -0.255757 0.000000  0.578143 0.539048 1 1 1.000000
0  -40.685932 -75.233200 -0.935939  -0.966741 -0.255757 0.000000  0.578143 0.541002 1 1 1.000000
carbonfibre
0  -40.685932 -75.233200 -0.935939  -0.966741 -0.255757 0.000000  0.578143 0.541002 1 1 1.000000
0  -41.401653 -72.218910 -0.935939  -0.982764 -0.184864 0.000000  0.563494 0.541002 1 1 1.000000
0  -41.401653 -72.218910 -1.445201  -0.982764 -0.184864 0.000000  0.563494 0.539048 1 1 1.000000
carbonfibre
0  -41.828331 -69.163338 -1.445201  -0.997285 -0.073639 -0.000272  0.547868 0.539048 1 1 1.000000
0  -41.401653 -72.218910 -1.445201  -0.982764 -0.184864 0.000000  0.563494 0.539048 1 1 1.000000
0  -41.401653 -72.218910 -0.935939  -0.982764 -0.184864 0.000000  0.563494 0.541002 1 1 1.000000
carbonfibre
0  -41.401653 -72.218910 -0.935939  -0.982764 -0.184864 0.000000  0.563494 0.541002 1 1 1.000000
0  -41.828331 -69.163338 -0.935939  -0.997288 -0.073603 -0.000305  0.547868 0.541002 1 1 1.000000
0  -41.828331 -69.163338 -1.445201  -0.997285 -0.073639 -0.000272  0.547868 0.539048 1 1 1.000000
carbonfibre
0  -41.842094 -68.475151 -1.445201  -0.999964 -0.008498 -0.000306  0.544939 0.539048 1 1 1.000000
0  -41.828331 -69.163338 -1.445201  -0.997285 -0.073639 -0.000272  0.547868 0.539048 1 1 1.000000
0  -41.828331 -69.163338 -0.935939  -0.997288 -0.073603 -0.000305  0.547868 0.541002 1 1 1.000000
carbonfibre
0  -41.828331 -69.163338 -0.935939  -0.997288 -0.073603 -0.000305  0.547868 0.541002 1 1 1.000000
0  -41.842094 -68.475151 -0.935939  -0.999964 -0.008503 -0.000336  0.544939 0.541002 1 1 1.000000
0  -41.842094 -68.475151 -1.445201  -0.999964 -0.008498 -0.000306  0.544939 0.539048 1 1 1.000000
carbonfibre
0  -41.842094 -68.475151 -1.445201  0.044126 0.999025 -0.001188  0.913114 0.539048 1 1 1.000000
0  -41.842094 -68.475151 -0.935939  0.044075 0.999028 0.000000  0.913114 0.541002 1 1 1.000000
0  -18.443552 -69.507439 -0.426678  0.046875 0.996668 -0.066743  0.797876 0.543931 1 1 1.000000
carbonfibre
0  -18.443552 -69.507439 -0.426678  0.046875 0.996668 -0.066743  0.797876 0.543931 1 1 1.000000
0  -18.484842 -69.548729 -0.922176  0.046937 0.996598 -0.067749  0.797876 0.541002 1 1 1.000000
0  -41.842094 -68.475151 -1.445201  0.044126 0.999025 -0.001188  0.913114 0.539048 1 1 1.000000
misc
0  29.275711 -85.459732 2.436199  0.127429 -0.991730 -0.015296  0.915067 0.305643 1 1 1.000000
0  29.151838 -85.501022 4.858636  0.157304 -0.984702 -0.074943  0.915067 0.319315 1 1 1.000000
0  28.876562 -85.528549 4.762289  -0.276470 -0.946872 -0.164310  0.938505 0.319315 1 1 1.000000
misc
0  28.876562 -85.528549 4.762289  -0.276470 -0.946872 -0.164310  0.938505 0.319315 1 1 1.000000
0  28.959143 -85.501022 2.422435  -0.386621 -0.921700 -0.031514  0.938505 0.305643 1 1 1.000000
0  29.275711 -85.459732 2.436199  0.127429 -0.991730 -0.015296  0.915067 0.305643 1 1 1.000000
misc
0  29.151838 -85.501022 4.858636  0.157304 -0.984702 -0.074943  0.915067 0.319315 1 1 1.000000
0  28.904091 -85.638664 5.629412  0.291231 -0.933147 -0.210763  0.915067 0.328104 1 1 1.000000
0  28.683868 -85.652428 5.367898  0.041036 -0.910081 -0.412394  0.938505 0.328104 1 1 1.000000
misc
0  28.683868 -85.652428 5.367898  0.041036 -0.910081 -0.412394  0.938505 0.328104 1 1 1.000000
0  28.876562 -85.528549 4.762289  -0.276470 -0.946872 -0.164310  0.938505 0.319315 1 1 1.000000
0  29.151838 -85.501022 4.858636  0.157304 -0.984702 -0.074943  0.915067 0.319315 1 1 1.000000
misc
0  28.904091 -85.638664 5.629412  0.291231 -0.933147 -0.210763  0.915067 0.328104 1 1 1.000000
0  27.954386 -86.202980 6.193730  0.451364 -0.848199 -0.277180  0.915067 0.332987 1 1 1.000000
0  27.871799 -86.120399 5.835870  0.338600 -0.784580 -0.519408  0.938505 0.332987 1 1 1.000000
misc
0  27.871799 -86.120399 5.835870  0.338600 -0.784580 -0.519408  0.938505 0.332987 1 1 1.000000
0  28.683868 -85.652428 5.367898  0.041036 -0.910081 -0.412394  0.938505 0.328104 1 1 1.000000
0  28.904091 -85.638664 5.629412  0.291231 -0.933147 -0.210763  0.915067 0.328104 1 1 1.000000
misc
0  27.954386 -86.202980 6.193730  0.451364 -0.848199 -0.277180  0.915067 0.332987 1 1 1.000000
0  25.628294 -87.703247 6.262549  0.424612 -0.854595 -0.298952  0.915067 0.336894 1 1 1.000000
0  25.600767 -87.593140 5.918453  0.366334 -0.728706 -0.578608  0.938505 0.336894 1 1 1.000000
misc
0  25.600767 -87.593140 5.918453  0.366334 -0.728706 -0.578608  0.938505 0.336894 1 1 1.000000
0  27.871799 -86.120399 5.835870  0.338600 -0.784580 -0.519408  0.938505 0.332987 1 1 1.000000
0  27.954386 -86.202980 6.193730  0.451364 -0.848199 -0.277180  0.915067 0.332987 1 1 1.000000
misc
0  25.628294 -87.703247 6.262549  0.424612 -0.854595 -0.298952  0.915067 0.336894 1 1 1.000000
0  18.581203 -90.414726 6.193730  0.277900 -0.908618 -0.311746  0.915067 0.348613 1 1 1.000000
0  18.567438 -90.290840 5.849635  0.240003 -0.767992 -0.593790  0.938505 0.348613 1 1 1.000000
misc
0  18.567438 -90.290840 5.849635  0.240003 -0.767992 -0.593790  0.938505 0.348613 1 1 1.000000
0  25.600767 -87.593140 5.918453  0.366334 -0.728706 -0.578608  0.938505 0.336894 1 1 1.000000
0  25.628294 -87.703247 6.262549  0.424612 -0.854595 -0.298952  0.915067 0.336894 1 1 1.000000
misc
0  18.581203 -90.414726 6.193730  0.277900 -0.908618 -0.311746  0.915067 0.348613 1 1 1.000000
0  12.511346 -91.818634 6.179967  0.164798 -0.934382 -0.315866  0.915067 0.359355 1 1 1.000000
0  12.497582 -91.708519 5.835871  0.141377 -0.790375 -0.596087  0.938505 0.359355 1 1 1.000000
misc
0  12.497582 -91.708519 5.835871  0.141377 -0.790375 -0.596087  0.938505 0.359355 1 1 1.000000
0  18.567438 -90.290840 5.849635  0.240003 -0.767992 -0.593790  0.938505 0.348613 1 1 1.000000
0  18.581203 -90.414726 6.193730  0.277900 -0.908618 -0.311746  0.915067 0.348613 1 1 1.000000
misc
0  12.511346 -91.818634 6.179967  0.164798 -0.934382 -0.315866  0.915067 0.359355 1 1 1.000000
0  6.290087 -92.575638 6.179968  0.075932 -0.945301 -0.317238  0.915067 0.370098 1 1 1.000000
0  6.276322 -92.465530 5.835871  0.065186 -0.801134 -0.594924  0.938505 0.370098 1 1 1.000000
misc
0  6.276322 -92.465530 5.835871  0.065186 -0.801134 -0.594924  0.938505 0.370098 1 1 1.000000
0  12.497582 -91.708519 5.835871  0.141377 -0.790375 -0.596087  0.938505 0.359355 1 1 1.000000
0  12.511346 -91.818634 6.179967  0.164798 -0.934382 -0.315866  0.915067 0.359355 1 1 1.000000
misc
0  6.290087 -92.575638 6.179968  0.075932 -0.945301 -0.317238  0.915067 0.370098 1 1 1.000000
0  0.000007 -92.823402 6.179968  0.000214 -0.946115 -0.323830  0.915067 0.380840 1 1 1.000000
0  0.000007 -92.713280 5.849636  0.000008 -0.804316 -0.594202  0.938505 0.380840 1 1 1.000000
misc
0  0.000007 -92.713280 5.849636  0.000008 -0.804316 -0.594202  0.938505 0.380840 1 1 1.000000
0  6.276322 -92.465530 5.835871  0.065186 -0.801134 -0.594924  0.938505 0.370098 1 1 1.000000
0  6.290087 -92.575638 6.179968  0.075932 -0.945301 -0.317238  0.915067 0.370098 1 1 1.000000
misc
0  29.468407 -85.322098 -1.004763  0.294207 -0.948304 -0.119001  0.915067 0.290994 1 1 1.000000
0  29.399588 -85.377151 -0.784542  0.245453 -0.968096 -0.050427  0.915067 0.291971 1 1 1.000000
0  29.083017 -85.445969 -1.004763  -0.335532 -0.940424 -0.054970  0.938505 0.290994 1 1 1.000000
misc
0  29.399588 -85.377151 -0.784542  0.245453 -0.968096 -0.050427  0.915067 0.291971 1 1 1.000000
0  29.275711 -85.459732 2.436199  0.127429 -0.991730 -0.015296  0.915067 0.305643 1 1 1.000000
0  28.959143 -85.501022 2.422435  -0.386621 -0.921700 -0.031514  0.938505 0.305643 1 1 1.000000
misc
0  28.959143 -85.501022 2.422435  -0.386621 -0.921700 -0.031514  0.938505 0.305643 1 1 1.000000
0  29.083017 -85.445969 -1.004763  -0.335532 -0.940424 -0.054970  0.938505 0.290994 1 1 1.000000
0  29.399588 -85.377151 -0.784542  0.245453 -0.968096 -0.050427  0.915067 0.291971 1 1 1.000000
misc
0  29.083017 -85.445969 -1.004763  -0.335532 -0.940424 -0.054970  0.938505 0.290994 1 1 1.000000
0  28.959143 -85.501022 2.422435  -0.386621 -0.921700 -0.031514  0.938505 0.305643 1 1 1.000000
0  28.670101 -85.115646 2.422435  -0.799276 -0.599641 -0.039853  0.959990 0.305643 1 1 1.000000
misc
0  28.670101 -85.115646 2.422435  -0.799276 -0.599641 -0.039853  0.959990 0.305643 1 1 1.000000
0  28.807743 -85.046814 -1.046055  -0.799768 -0.598996 -0.039678  0.959990 0.290994 1 1 1.000000
0  29.083017 -85.445969 -1.004763  -0.335532 -0.940424 -0.054970  0.938505 0.290994 1 1 1.000000
misc
0  28.959143 -85.501022 2.422435  -0.386621 -0.921700 -0.031514  0.938505 0.305643 1 1 1.000000
0  28.876562 -85.528549 4.762289  -0.276470 -0.946872 -0.164310  0.938505 0.319315 1 1 1.000000
0  28.587523 -85.143173 4.487012  -0.744571 -0.652358 -0.141578  0.959990 0.319315 1 1 1.000000
misc
0  28.587523 -85.143173 4.487012  -0.744571 -0.652358 -0.141578  0.959990 0.319315 1 1 1.000000
0  28.670101 -85.115646 2.422435  -0.799276 -0.599641 -0.039853  0.959990 0.305643 1 1 1.000000
0  28.959143 -85.501022 2.422435  -0.386621 -0.921700 -0.031514  0.938505 0.305643 1 1 1.000000
misc
0  28.876562 -85.528549 4.762289  -0.276470 -0.946872 -0.164310  0.938505 0.319315 1 1 1.000000
0  28.683868 -85.652428 5.367898  0.041036 -0.910081 -0.412394  0.938505 0.328104 1 1 1.000000
0  28.408590 -85.253281 5.092622  -0.426729 -0.708940 -0.561521  0.959990 0.328104 1 1 1.000000
misc
0  28.408590 -85.253281 5.092622  -0.426729 -0.708940 -0.561521  0.959990 0.328104 1 1 1.000000
0  28.587523 -85.143173 4.487012  -0.744571 -0.652358 -0.141578  0.959990 0.319315 1 1 1.000000
0  28.876562 -85.528549 4.762289  -0.276470 -0.946872 -0.164310  0.938505 0.319315 1 1 1.000000
misc
0  28.683868 -85.652428 5.367898  0.041036 -0.910081 -0.412394  0.938505 0.328104 1 1 1.000000
0  27.871799 -86.120399 5.835870  0.338600 -0.784580 -0.519408  0.938505 0.332987 1 1 1.000000
0  27.747927 -85.707481 5.464246  0.104384 -0.629650 -0.769834  0.959990 0.332987 1 1 1.000000
misc
0  27.747927 -85.707481 5.464246  0.104384 -0.629650 -0.769834  0.959990 0.332987 1 1 1.000000
0  28.408590 -85.253281 5.092622  -0.426729 -0.708940 -0.561521  0.959990 0.328104 1 1 1.000000
0  28.683868 -85.652428 5.367898  0.041036 -0.910081 -0.412394  0.938505 0.328104 1 1 1.000000
misc
0  27.871799 -86.120399 5.835870  0.338600 -0.784580 -0.519408  0.938505 0.332987 1 1 1.000000
0  25.600767 -87.593140 5.918453  0.366334 -0.728706 -0.578608  0.938505 0.336894 1 1 1.000000
0  25.490654 -87.180214 5.615648  0.258304 -0.516016 -0.816705  0.959990 0.336894 1 1 1.000000
misc
0  25.490654 -87.180214 5.615648  0.258304 -0.516016 -0.816705  0.959990 0.336894 1 1 1.000000
0  27.747927 -85.707481 5.464246  0.104384 -0.629650 -0.769834  0.959990 0.332987 1 1 1.000000
0  27.871799 -86.120399 5.835870  0.338600 -0.784580 -0.519408  0.938505 0.332987 1 1 1.000000
misc
0  25.600767 -87.593140 5.918453  0.366334 -0.728706 -0.578608  0.938505 0.336894 1 1 1.000000
0  18.567438 -90.290840 5.849635  0.240003 -0.767992 -0.593790  0.938505 0.348613 1 1 1.000000
0  18.443565 -89.877930 5.560593  0.170115 -0.538627 -0.825192  0.959990 0.348613 1 1 1.000000
misc
0  18.443565 -89.877930 5.560593  0.170115 -0.538627 -0.825192  0.959990 0.348613 1 1 1.000000
0  25.490654 -87.180214 5.615648  0.258304 -0.516016 -0.816705  0.959990 0.336894 1 1 1.000000
0  25.600767 -87.593140 5.918453  0.366334 -0.728706 -0.578608  0.938505 0.336894 1 1 1.000000
misc
0  18.567438 -90.290840 5.849635  0.240003 -0.767992 -0.593790  0.938505 0.348613 1 1 1.000000
0  12.497582 -91.708519 5.835871  0.141377 -0.790375 -0.596087  0.938505 0.359355 1 1 1.000000
0  12.373708 -91.281845 5.533066  0.097875 -0.558002 -0.824048  0.959990 0.359355 1 1 1.000000
misc
0  12.373708 -91.281845 5.533066  0.097875 -0.558002 -0.824048  0.959990 0.359355 1 1 1.000000
0  18.443565 -89.877930 5.560593  0.170115 -0.538627 -0.825192  0.959990 0.348613 1 1 1.000000
0  18.567438 -90.290840 5.849635  0.240003 -0.767992 -0.593790  0.938505 0.348613 1 1 1.000000
misc
0  12.497582 -91.708519 5.835871  0.141377 -0.790375 -0.596087  0.938505 0.359355 1 1 1.000000
0  6.276322 -92.465530 5.835871  0.065186 -0.801134 -0.594924  0.938505 0.370098 1 1 1.000000
0  6.152447 -92.038849 5.533066  0.043086 -0.570952 -0.819852  0.959990 0.370098 1 1 1.000000
misc
0  6.152447 -92.038849 5.533066  0.043086 -0.570952 -0.819852  0.959990 0.370098 1 1 1.000000
0  12.373708 -91.281845 5.533066  0.097875 -0.558002 -0.824048  0.959990 0.359355 1 1 1.000000
0  12.497582 -91.708519 5.835871  0.141377 -0.790375 -0.596087  0.938505 0.359355 1 1 1.000000
misc
0  6.276322 -92.465530 5.835871  0.065186 -0.801134 -0.594924  0.938505 0.370098 1 1 1.000000
0  0.000007 -92.713280 5.849636  0.000008 -0.804316 -0.594202  0.938505 0.380840 1 1 1.000000
0  0.000007 -92.286606 5.546831  -0.000207 -0.579745 -0.814798  0.959990 0.380840 1 1 1.000000
misc
0  0.000007 -92.286606 5.546831  -0.000207 -0.579745 -0.814798  0.959990 0.380840 1 1 1.000000
0  6.152447 -92.038849 5.533066  0.043086 -0.570952 -0.819852  0.959990 0.370098 1 1 1.000000
0  6.276322 -92.465530 5.835871  0.065186 -0.801134 -0.594924  0.938505 0.370098 1 1 1.000000
misc
0  -29.275700 -85.459732 2.436203  -0.127350 -0.991738 -0.015402  0.915067 0.305643 1 1 1.000000
0  -28.959131 -85.501022 2.422440  0.386484 -0.921763 -0.031356  0.938505 0.305643 1 1 1.000000
0  -28.876547 -85.528549 4.762294  0.276470 -0.946873 -0.164301  0.938505 0.319315 1 1 1.000000
misc
0  -28.876547 -85.528549 4.762294  0.276470 -0.946873 -0.164301  0.938505 0.319315 1 1 1.000000
0  -29.151823 -85.501022 4.858641  -0.157263 -0.984708 -0.074963  0.915067 0.319315 1 1 1.000000
0  -29.275700 -85.459732 2.436203  -0.127229 -0.991753 -0.015452  0.915067 0.305643 1 1 1.000000
misc
0  -29.151823 -85.501022 4.858641  -0.157263 -0.984708 -0.074963  0.915067 0.319315 1 1 1.000000
0  -28.876547 -85.528549 4.762294  0.276470 -0.946873 -0.164301  0.938505 0.319315 1 1 1.000000
0  -28.683853 -85.652428 5.367903  -0.041055 -0.910062 -0.412433  0.938505 0.328104 1 1 1.000000
misc
0  -28.683853 -85.652428 5.367903  -0.041055 -0.910062 -0.412433  0.938505 0.328104 1 1 1.000000
0  -28.904076 -85.638664 5.629416  -0.291230 -0.933148 -0.210760  0.915067 0.328104 1 1 1.000000
0  -29.151823 -85.501022 4.858641  -0.157263 -0.984708 -0.074963  0.915067 0.319315 1 1 1.000000
misc
0  -28.904076 -85.638664 5.629416  -0.291230 -0.933148 -0.210760  0.915067 0.328104 1 1 1.000000
0  -28.683853 -85.652428 5.367903  -0.041055 -0.910062 -0.412433  0.938505 0.328104 1 1 1.000000
0  -27.871784 -86.120399 5.835874  -0.344518 -0.783873 -0.516575  0.938505 0.332987 1 1 1.000000
misc
0  -27.871784 -86.120399 5.835874  -0.344518 -0.783873 -0.516575  0.938505 0.332987 1 1 1.000000
0  -27.954370 -86.202980 6.193734  -0.451762 -0.848075 -0.276910  0.915067 0.332987 1 1 1.000000
0  -28.904076 -85.638664 5.629416  -0.291230 -0.933148 -0.210760  0.915067 0.328104 1 1 1.000000
misc
0  -25.628279 -87.703247 6.262553  -0.424363 -0.854820 -0.298661  0.915067 0.336894 1 1 1.000000
0  -27.954370 -86.202980 6.193734  -0.451762 -0.848075 -0.276910  0.915067 0.332987 1 1 1.000000
0  -27.871784 -86.120399 5.835874  -0.344518 -0.783873 -0.516575  0.938505 0.332987 1 1 1.000000
misc
0  -27.871784 -86.120399 5.835874  -0.344518 -0.783873 -0.516575  0.938505 0.332987 1 1 1.000000
0  -25.600752 -87.593140 5.918457  -0.363472 -0.731557 -0.576812  0.938505 0.336894 1 1 1.000000
0  -25.628279 -87.703247 6.262553  -0.424363 -0.854820 -0.298661  0.915067 0.336894 1 1 1.000000
misc
0  -18.581188 -90.414726 6.193733  -0.277870 -0.908625 -0.311750  0.915067 0.348613 1 1 1.000000
0  -25.628279 -87.703247 6.262553  -0.424363 -0.854820 -0.298661  0.915067 0.336894 1 1 1.000000
0  -25.600752 -87.593140 5.918457  -0.363472 -0.731557 -0.576812  0.938505 0.336894 1 1 1.000000
misc
0  -25.600752 -87.593140 5.918457  -0.363472 -0.731557 -0.576812  0.938505 0.336894 1 1 1.000000
0  -18.567423 -90.290840 5.849638  -0.239984 -0.768029 -0.593750  0.938505 0.348613 1 1 1.000000
0  -18.581188 -90.414726 6.193733  -0.277870 -0.908625 -0.311750  0.915067 0.348613 1 1 1.000000
misc
0  -12.511331 -91.818634 6.179969  -0.164837 -0.934400 -0.315792  0.915067 0.359355 1 1 1.000000
0  -18.581188 -90.414726 6.193733  -0.277870 -0.908625 -0.311750  0.915067 0.348613 1 1 1.000000
0  -18.567423 -90.290840 5.849638  -0.239984 -0.768029 -0.593750  0.938505 0.348613 1 1 1.000000
misc
0  -18.567423 -90.290840 5.849638  -0.239984 -0.768029 -0.593750  0.938505 0.348613 1 1 1.000000
0  -12.497567 -91.708519 5.835873  -0.141603 -0.790391 -0.596013  0.938505 0.359355 1 1 1.000000
0  -12.511331 -91.818634 6.179969  -0.164837 -0.934400 -0.315792  0.915067 0.359355 1 1 1.000000
misc
0  -6.290071 -92.575638 6.179969  -0.076115 -0.945318 -0.317144  0.915067 0.370098 1 1 1.000000
0  -12.511331 -91.818634 6.179969  -0.164837 -0.934400 -0.315792  0.915067 0.359355 1 1 1.000000
0  -12.497567 -91.708519 5.835873  -0.141603 -0.790391 -0.596013  0.938505 0.359355 1 1 1.000000
misc
0  -12.497567 -91.708519 5.835873  -0.141603 -0.790391 -0.596013  0.938505 0.359355 1 1 1.000000
0  -6.276307 -92.465530 5.835872  -0.065177 -0.800906 -0.595232  0.938505 0.370098 1 1 1.000000
0  -6.290071 -92.575638 6.179969  -0.076115 -0.945318 -0.317144  0.915067 0.370098 1 1 1.000000
misc
0  0.000007 -92.823402 6.179968  0.000214 -0.946115 -0.323830  0.915067 0.380840 1 1 1.000000
0  -6.290071 -92.575638 6.179969  -0.076115 -0.945318 -0.317144  0.915067 0.370098 1 1 1.000000
0  -6.276307 -92.465530 5.835872  -0.065177 -0.800906 -0.595232  0.938505 0.370098 1 1 1.000000
misc
0  -6.276307 -92.465530 5.835872  -0.065177 -0.800906 -0.595232  0.938505 0.370098 1 1 1.000000
0  0.000007 -92.713280 5.849636  0.000008 -0.804316 -0.594202  0.938505 0.380840 1 1 1.000000
0  0.000007 -92.823402 6.179968  0.000214 -0.946115 -0.323830  0.915067 0.380840 1 1 1.000000
misc
0  -29.468395 -85.322098 -1.004759  -0.294200 -0.948306 -0.119005  0.915067 0.290994 1 1 1.000000
0  -29.083006 -85.445969 -1.004759  0.335511 -0.940427 -0.055037  0.938505 0.290994 1 1 1.000000
0  -29.399576 -85.377151 -0.784537  -0.245455 -0.968095 -0.050427  0.915067 0.291971 1 1 1.000000
misc
0  -29.399576 -85.377151 -0.784537  -0.245455 -0.968095 -0.050427  0.915067 0.291971 1 1 1.000000
0  -29.083006 -85.445969 -1.004759  0.335511 -0.940427 -0.055037  0.938505 0.290994 1 1 1.000000
0  -28.959131 -85.501022 2.422440  0.386484 -0.921763 -0.031356  0.938505 0.305643 1 1 1.000000
misc
0  -28.959131 -85.501022 2.422440  0.386484 -0.921763 -0.031356  0.938505 0.305643 1 1 1.000000
0  -29.275700 -85.459732 2.436203  -0.127350 -0.991738 -0.015402  0.915067 0.305643 1 1 1.000000
0  -29.399576 -85.377151 -0.784537  -0.245455 -0.968095 -0.050427  0.915067 0.291971 1 1 1.000000
misc
0  -29.083006 -85.445969 -1.004759  0.335511 -0.940427 -0.055037  0.938505 0.290994 1 1 1.000000
0  -28.807732 -85.046814 -1.046050  0.799770 -0.598993 -0.039693  0.959990 0.290994 1 1 1.000000
0  -28.670090 -85.115646 2.422440  0.799510 -0.599331 -0.039820  0.959990 0.305643 1 1 1.000000
misc
0  -28.670090 -85.115646 2.422440  0.799510 -0.599331 -0.039820  0.959990 0.305643 1 1 1.000000
0  -28.959131 -85.501022 2.422440  0.386484 -0.921763 -0.031356  0.938505 0.305643 1 1 1.000000
0  -29.083006 -85.445969 -1.004759  0.335511 -0.940427 -0.055037  0.938505 0.290994 1 1 1.000000
misc
0  -28.959131 -85.501022 2.422440  0.386484 -0.921763 -0.031356  0.938505 0.305643 1 1 1.000000
0  -28.670090 -85.115646 2.422440  0.799510 -0.599331 -0.039820  0.959990 0.305643 1 1 1.000000
0  -28.587507 -85.143173 4.487017  0.744574 -0.652363 -0.141535  0.959990 0.319315 1 1 1.000000
misc
0  -28.587507 -85.143173 4.487017  0.744574 -0.652363 -0.141535  0.959990 0.319315 1 1 1.000000
0  -28.876547 -85.528549 4.762294  0.276470 -0.946873 -0.164301  0.938505 0.319315 1 1 1.000000
0  -28.959131 -85.501022 2.422440  0.386484 -0.921763 -0.031356  0.938505 0.305643 1 1 1.000000
misc
0  -28.876547 -85.528549 4.762294  0.276470 -0.946873 -0.164301  0.938505 0.319315 1 1 1.000000
0  -28.587507 -85.143173 4.487017  0.744574 -0.652363 -0.141535  0.959990 0.319315 1 1 1.000000
0  -28.408575 -85.253281 5.092626  0.426699 -0.708969 -0.561508  0.959990 0.328104 1 1 1.000000
misc
0  -28.408575 -85.253281 5.092626  0.426699 -0.708969 -0.561508  0.959990 0.328104 1 1 1.000000
0  -28.683853 -85.652428 5.367903  -0.041055 -0.910062 -0.412433  0.938505 0.328104 1 1 1.000000
0  -28.876547 -85.528549 4.762294  0.276470 -0.946873 -0.164301  0.938505 0.319315 1 1 1.000000
misc
0  -28.683853 -85.652428 5.367903  -0.041055 -0.910062 -0.412433  0.938505 0.328104 1 1 1.000000
0  -28.408575 -85.253281 5.092626  0.426699 -0.708969 -0.561508  0.959990 0.328104 1 1 1.000000
0  -27.747911 -85.707481 5.464250  -0.108365 -0.624296 -0.773635  0.959990 0.332987 1 1 1.000000
misc
0  -27.747911 -85.707481 5.464250  -0.108365 -0.624296 -0.773635  0.959990 0.332987 1 1 1.000000
0  -27.871784 -86.120399 5.835874  -0.344518 -0.783873 -0.516575  0.938505 0.332987 1 1 1.000000
0  -28.683853 -85.652428 5.367903  -0.041055 -0.910062 -0.412433  0.938505 0.328104 1 1 1.000000
misc
0  -25.600752 -87.593140 5.918457  -0.363472 -0.731557 -0.576812  0.938505 0.336894 1 1 1.000000
0  -27.871784 -86.120399 5.835874  -0.344518 -0.783873 -0.516575  0.938505 0.332987 1 1 1.000000
0  -27.747911 -85.707481 5.464250  -0.108365 -0.624296 -0.773635  0.959990 0.332987 1 1 1.000000
misc
0  -27.747911 -85.707481 5.464250  -0.108365 -0.624296 -0.773635  0.959990 0.332987 1 1 1.000000
0  -25.490639 -87.180214 5.615652  -0.245440 -0.515092 -0.821243  0.959990 0.336894 1 1 1.000000
0  -25.600752 -87.593140 5.918457  -0.363472 -0.731557 -0.576812  0.938505 0.336894 1 1 1.000000
misc
0  -18.567423 -90.290840 5.849638  -0.239984 -0.768029 -0.593750  0.938505 0.348613 1 1 1.000000
0  -25.600752 -87.593140 5.918457  -0.363472 -0.731557 -0.576812  0.938505 0.336894 1 1 1.000000
0  -25.490639 -87.180214 5.615652  -0.245440 -0.515092 -0.821243  0.959990 0.336894 1 1 1.000000
misc
0  -25.490639 -87.180214 5.615652  -0.245440 -0.515092 -0.821243  0.959990 0.336894 1 1 1.000000
0  -18.443550 -89.877930 5.560596  -0.170077 -0.538624 -0.825202  0.959990 0.348613 1 1 1.000000
0  -18.567423 -90.290840 5.849638  -0.239984 -0.768029 -0.593750  0.938505 0.348613 1 1 1.000000
misc
0  -12.497567 -91.708519 5.835873  -0.141603 -0.790391 -0.596013  0.938505 0.359355 1 1 1.000000
0  -18.567423 -90.290840 5.849638  -0.239984 -0.768029 -0.593750  0.938505 0.348613 1 1 1.000000
0  -18.443550 -89.877930 5.560596  -0.170077 -0.538624 -0.825202  0.959990 0.348613 1 1 1.000000
misc
0  -18.443550 -89.877930 5.560596  -0.170077 -0.538624 -0.825202  0.959990 0.348613 1 1 1.000000
0  -12.373693 -91.281845 5.533068  -0.097936 -0.558329 -0.823819  0.959990 0.359355 1 1 1.000000
0  -12.497567 -91.708519 5.835873  -0.141603 -0.790391 -0.596013  0.938505 0.359355 1 1 1.000000
misc
0  -6.276307 -92.465530 5.835872  -0.065177 -0.800906 -0.595232  0.938505 0.370098 1 1 1.000000
0  -12.497567 -91.708519 5.835873  -0.141603 -0.790391 -0.596013  0.938505 0.359355 1 1 1.000000
0  -12.373693 -91.281845 5.533068  -0.097936 -0.558329 -0.823819  0.959990 0.359355 1 1 1.000000
misc
0  -12.373693 -91.281845 5.533068  -0.097936 -0.558329 -0.823819  0.959990 0.359355 1 1 1.000000
0  -6.152433 -92.038849 5.533067  -0.042795 -0.570956 -0.819865  0.959990 0.370098 1 1 1.000000
0  -6.276307 -92.465530 5.835872  -0.065177 -0.800906 -0.595232  0.938505 0.370098 1 1 1.000000
misc
0  0.000007 -92.713280 5.849636  0.000008 -0.804316 -0.594202  0.938505 0.380840 1 1 1.000000
0  -6.276307 -92.465530 5.835872  -0.065177 -0.800906 -0.595232  0.938505 0.370098 1 1 1.000000
0  -6.152433 -92.038849 5.533067  -0.042795 -0.570956 -0.819865  0.959990 0.370098 1 1 1.000000
misc
0  -6.152433 -92.038849 5.533067  -0.042795 -0.570956 -0.819865  0.959990 0.370098 1 1 1.000000
0  0.000007 -92.286606 5.546831  -0.000207 -0.579745 -0.814798  0.959990 0.380840 1 1 1.000000
0  0.000007 -92.713280 5.849636  0.000008 -0.804316 -0.594202  0.938505 0.380840 1 1 1.000000
skin_0dam
0  -34.561016 -84.372391 -0.867120  -0.692631 -0.455297 -0.559434  0.695334 0.938475 1 1 1.000000
0  -32.468910 -87.001289 -0.867120  -0.602759 -0.587776 -0.539631  0.683615 0.938475 1 1 1.000000
0  -32.468910 -87.001289 -0.688190  -0.715473 -0.698628 -0.004067  0.683615 0.938475 1 1 1.000000
skin_0dam
0  -32.468910 -87.001289 -0.688190  -0.715473 -0.698628 -0.004067  0.683615 0.938475 1 1 1.000000
0  -34.574780 -84.372391 -0.701954  -0.837761 -0.544023 -0.046859  0.695334 0.938475 1 1 1.000000
0  -34.561016 -84.372391 -0.867120  -0.692631 -0.455297 -0.559434  0.695334 0.938475 1 1 1.000000
skin_0dam
0  -32.468910 -87.001289 -0.867120  -0.602759 -0.587776 -0.539631  0.683615 0.938475 1 1 1.000000
0  -30.335518 -88.790588 -0.894648  -0.521200 -0.603574 -0.603365  0.670919 0.938475 1 1 1.000000
0  -30.349281 -88.776825 -0.688190  -0.648704 -0.761003 -0.007637  0.670919 0.938475 1 1 1.000000
skin_0dam
0  -30.349281 -88.776825 -0.688190  -0.648704 -0.761003 -0.007637  0.670919 0.938475 1 1 1.000000
0  -32.468910 -87.001289 -0.688190  -0.715473 -0.698628 -0.004067  0.683615 0.938475 1 1 1.000000
0  -32.468910 -87.001289 -0.867120  -0.602759 -0.587776 -0.539631  0.683615 0.938475 1 1 1.000000
skin_0dam
0  -36.185150 -81.206703 -0.894647  -0.733009 -0.304776 -0.608119  0.704123 0.938475 1 1 1.000000
0  -34.561016 -84.372391 -0.867120  -0.692631 -0.455297 -0.559434  0.695334 0.938475 1 1 1.000000
0  -34.574780 -84.372391 -0.701954  -0.837761 -0.544023 -0.046859  0.695334 0.938475 1 1 1.000000
skin_0dam
0  -34.574780 -84.372391 -0.701954  -0.837761 -0.544023 -0.046859  0.695334 0.938475 1 1 1.000000
0  -36.198914 -81.220467 -0.701954  -0.918079 -0.389838 -0.071818  0.704123 0.938475 1 1 1.000000
0  -36.185150 -81.206703 -0.894647  -0.733009 -0.304776 -0.608119  0.704123 0.938475 1 1 1.000000
skin_0dam
0  -32.317513 -86.836113 -0.963467  -0.279472 -0.267298 -0.922197  0.682638 0.939451 1 1 1.000000
0  -32.468910 -87.001289 -0.867120  -0.602759 -0.587776 -0.539631  0.683615 0.938475 1 1 1.000000
0  -34.561016 -84.372391 -0.867120  -0.692631 -0.455297 -0.559434  0.695334 0.938475 1 1 1.000000
skin_0dam
0  -34.561016 -84.372391 -0.867120  -0.692631 -0.455297 -0.559434  0.695334 0.938475 1 1 1.000000
0  -34.409615 -84.248520 -0.963467  -0.343235 -0.224361 -0.912059  0.694357 0.939451 1 1 1.000000
0  -32.317513 -86.836113 -0.963467  -0.279472 -0.267298 -0.922197  0.682638 0.939451 1 1 1.000000
skin_0dam
0  -29.977655 -89.065857 -0.908412  -0.392688 -0.640726 -0.659747  0.668966 0.938475 1 1 1.000000
0  -30.335518 -88.790588 -0.894648  -0.521200 -0.603574 -0.603365  0.670919 0.938475 1 1 1.000000
0  -30.018948 -88.831879 -0.949703  -0.005909 -0.135437 -0.990768  0.668966 0.939451 1 1 1.000000
skin_0dam
0  -36.185150 -81.206703 -0.894647  -0.733009 -0.304776 -0.608119  0.704123 0.938475 1 1 1.000000
0  -36.019985 -81.137886 -0.949703  -0.286295 -0.121086 -0.950460  0.703146 0.939451 1 1 1.000000
0  -34.409615 -84.248520 -0.963467  -0.343235 -0.224361 -0.912059  0.694357 0.939451 1 1 1.000000
skin_0dam
0  -34.409615 -84.248520 -0.963467  -0.343235 -0.224361 -0.912059  0.694357 0.939451 1 1 1.000000
0  -34.561016 -84.372391 -0.867120  -0.692631 -0.455297 -0.559434  0.695334 0.938475 1 1 1.000000
0  -36.185150 -81.206703 -0.894647  -0.733009 -0.304776 -0.608119  0.704123 0.938475 1 1 1.000000
skin_0dam
0  -29.840017 -89.189735 -0.688190  0.261383 -0.949312 -0.174600  0.667989 0.938475 1 1 1.000000
0  -29.771196 -89.189735 1.362623  0.428067 -0.903332 -0.027401  0.667989 0.930662 1 1 1.000000
0  -29.881308 -89.162209 1.376387  -0.474679 -0.880156 0.002077  0.668966 0.930662 1 1 1.000000
skin_0dam
0  -29.881308 -89.162209 1.376387  -0.474679 -0.880156 0.002077  0.668966 0.930662 1 1 1.000000
0  -29.950127 -89.134682 -0.688190  -0.545495 -0.835351 -0.067996  0.668966 0.938475 1 1 1.000000
0  -29.840017 -89.189735 -0.688190  0.261383 -0.949312 -0.174600  0.667989 0.938475 1 1 1.000000
skin_0dam
0  -29.729906 -89.203499 2.105871  0.479847 -0.875388 -0.058681  0.667989 0.927732 1 1 1.000000
0  -29.840017 -89.189735 2.133399  -0.438049 -0.898857 -0.012966  0.667989 0.927732 1 1 1.000000
0  -29.881308 -89.162209 1.376387  -0.474679 -0.880156 0.002077  0.668966 0.930662 1 1 1.000000
skin_0dam
0  -29.881308 -89.162209 1.376387  -0.474679 -0.880156 0.002077  0.668966 0.930662 1 1 1.000000
0  -29.771196 -89.189735 1.362623  0.428067 -0.903332 -0.027401  0.667989 0.930662 1 1 1.000000
0  -29.729906 -89.203499 2.105871  0.479847 -0.875388 -0.058681  0.667989 0.927732 1 1 1.000000
skin_0dam
0  -29.771196 -89.189735 1.362623  0.428067 -0.903332 -0.027401  0.667989 0.930662 1 1 1.000000
0  -29.840017 -89.189735 -0.688190  0.261383 -0.949312 -0.174600  0.667989 0.938475 1 1 1.000000
0  -29.784966 -89.107155 -0.688190  0.923582 -0.350174 -0.156125  0.667989 0.938475 1 1 1.000000
skin_0dam
0  -29.784966 -89.107155 -0.688190  0.923582 -0.350174 -0.156125  0.667989 0.938475 1 1 1.000000
0  -29.729906 -89.079628 1.335096  0.967318 -0.250443 -0.039676  0.667989 0.930662 1 1 1.000000
0  -29.771196 -89.189735 1.362623  0.428067 -0.903332 -0.027401  0.667989 0.930662 1 1 1.000000
skin_0dam
0  -29.688616 -89.093391 2.105871  0.971466 -0.229953 -0.058100  0.667013 0.927732 1 1 1.000000
0  -29.729906 -89.203499 2.105871  0.479847 -0.875388 -0.058681  0.667989 0.927732 1 1 1.000000
0  -29.771196 -89.189735 1.362623  0.428067 -0.903332 -0.027401  0.667989 0.930662 1 1 1.000000
skin_0dam
0  -29.771196 -89.189735 1.362623  0.428067 -0.903332 -0.027401  0.667989 0.930662 1 1 1.000000
0  -29.729906 -89.079628 1.335096  0.967318 -0.250443 -0.039676  0.667989 0.930662 1 1 1.000000
0  -29.688616 -89.093391 2.105871  0.971466 -0.229953 -0.058100  0.667013 0.927732 1 1 1.000000
skin_0dam
0  -29.729906 -89.079628 1.335096  0.967318 -0.250443 -0.039676  0.667989 0.930662 1 1 1.000000
0  -29.784966 -89.107155 -0.688190  0.923582 -0.350174 -0.156125  0.667989 0.938475 1 1 1.000000
0  -29.399576 -85.377151 -0.784537  0.978243 -0.107546 -0.177412  0.666036 0.938475 1 1 1.000000
skin_0dam
0  -29.399576 -85.377151 -0.784537  0.978243 -0.107546 -0.177412  0.666036 0.938475 1 1 1.000000
0  -29.275700 -85.459732 2.436203  0.993745 -0.109955 -0.019516  0.665059 0.925779 1 1 1.000000
0  -29.729906 -89.079628 1.335096  0.967318 -0.250443 -0.039676  0.667989 0.930662 1 1 1.000000
skin_0dam
0  -29.468395 -85.322098 -1.004759  0.595069 -0.081638 -0.799517  0.666036 0.939451 1 1 1.000000
0  -29.399576 -85.377151 -0.784537  0.978243 -0.107546 -0.177412  0.666036 0.938475 1 1 1.000000
0  -29.784966 -89.107155 -0.688190  0.923582 -0.350174 -0.156125  0.667989 0.938475 1 1 1.000000
skin_0dam
0  -29.784966 -89.107155 -0.688190  0.923582 -0.350174 -0.156125  0.667989 0.938475 1 1 1.000000
0  -29.812492 -89.024567 -0.908412  0.677402 -0.233408 -0.697601  0.667989 0.938475 1 1 1.000000
0  -29.468395 -85.322098 -1.004759  0.595069 -0.081638 -0.799517  0.666036 0.939451 1 1 1.000000
skin_0dam
0  -29.716145 -85.211990 -1.059814  0.196749 -0.045152 -0.979414  0.667989 0.939451 1 1 1.000000
0  -29.468395 -85.322098 -1.004759  0.595064 -0.081631 -0.799522  0.666036 0.939451 1 1 1.000000
0  -29.812492 -89.024567 -0.908412  0.677402 -0.233408 -0.697601  0.667989 0.938475 1 1 1.000000
skin_0dam
0  -29.812492 -89.024567 -0.908412  0.677402 -0.233408 -0.697601  0.667989 0.938475 1 1 1.000000
0  -30.018948 -88.831879 -0.949703  -0.005909 -0.135437 -0.990768  0.668966 0.939451 1 1 1.000000
0  -29.716145 -85.211990 -1.059814  0.196749 -0.045152 -0.979414  0.667989 0.939451 1 1 1.000000
skin_0dam
0  -30.018948 -88.831879 -0.949703  -0.005909 -0.135437 -0.990768  0.668966 0.939451 1 1 1.000000
0  -29.881310 -89.120918 -0.908412  0.148978 -0.721605 -0.676085  0.668966 0.938475 1 1 1.000000
0  -29.977655 -89.065857 -0.908412  -0.392688 -0.640726 -0.659747  0.668966 0.938475 1 1 1.000000
skin_0dam
0  -29.881310 -89.120918 -0.908412  0.148978 -0.721605 -0.676085  0.668966 0.938475 1 1 1.000000
0  -29.840017 -89.189735 -0.688190  0.261383 -0.949312 -0.174600  0.667989 0.938475 1 1 1.000000
0  -29.950127 -89.134682 -0.688190  -0.545495 -0.835351 -0.067996  0.668966 0.938475 1 1 1.000000
skin_0dam
0  -29.950127 -89.134682 -0.688190  -0.545495 -0.835351 -0.067996  0.668966 0.938475 1 1 1.000000
0  -29.977655 -89.065857 -0.908412  -0.392688 -0.640726 -0.659747  0.668966 0.938475 1 1 1.000000
0  -29.881310 -89.120918 -0.908412  0.148978 -0.721605 -0.676085  0.668966 0.938475 1 1 1.000000
skin_0dam
0  -29.840017 -89.189735 -0.688190  0.261383 -0.949312 -0.174600  0.667989 0.938475 1 1 1.000000
0  -29.881310 -89.120918 -0.908412  0.148978 -0.721605 -0.676085  0.668966 0.938475 1 1 1.000000
0  -29.812492 -89.024567 -0.908412  0.677402 -0.233408 -0.697601  0.667989 0.938475 1 1 1.000000
skin_0dam
0  -29.812492 -89.024567 -0.908412  0.677402 -0.233408 -0.697601  0.667989 0.938475 1 1 1.000000
0  -29.784966 -89.107155 -0.688190  0.923582 -0.350174 -0.156125  0.667989 0.938475 1 1 1.000000
0  -29.840017 -89.189735 -0.688190  0.261383 -0.949312 -0.174600  0.667989 0.938475 1 1 1.000000
skin_0dam
0  -29.881310 -89.120918 -0.908412  0.148978 -0.721605 -0.676085  0.668966 0.938475 1 1 1.000000
0  -30.018948 -88.831879 -0.949703  -0.005909 -0.135437 -0.990768  0.668966 0.939451 1 1 1.000000
0  -29.812492 -89.024567 -0.908412  0.677402 -0.233408 -0.697601  0.667989 0.938475 1 1 1.000000
skin_0dam
0  -32.468910 -87.001289 -0.688190  -0.715473 -0.698628 -0.004067  0.683615 0.938475 1 1 1.000000
0  -30.349281 -88.776825 -0.688190  -0.648704 -0.761003 -0.007637  0.670919 0.938475 1 1 1.000000
0  -30.294224 -88.804352 1.376387  -0.643007 -0.765849 0.004107  0.670919 0.930662 1 1 1.000000
skin_0dam
0  -30.294224 -88.804352 1.376387  -0.643007 -0.765849 0.004107  0.670919 0.930662 1 1 1.000000
0  -32.496437 -86.987526 1.335096  -0.712032 -0.702117 0.006457  0.683615 0.930662 1 1 1.000000
0  -32.468910 -87.001289 -0.688190  -0.715473 -0.698628 -0.004067  0.683615 0.938475 1 1 1.000000
skin_0dam
0  -32.496437 -86.987526 1.335096  -0.712032 -0.702117 0.006457  0.683615 0.930662 1 1 1.000000
0  -34.588543 -84.427444 1.417679  -0.829215 -0.558313 -0.026247  0.695334 0.929685 1 1 1.000000
0  -34.574780 -84.372391 -0.701954  -0.837761 -0.544023 -0.046859  0.695334 0.938475 1 1 1.000000
skin_0dam
0  -34.574780 -84.372391 -0.701954  -0.837761 -0.544023 -0.046859  0.695334 0.938475 1 1 1.000000
0  -32.468910 -87.001289 -0.688190  -0.715473 -0.698628 -0.004067  0.683615 0.938475 1 1 1.000000
0  -32.496437 -86.987526 1.335096  -0.712032 -0.702117 0.006457  0.683615 0.930662 1 1 1.000000
skin_0dam
0  -29.881308 -89.162209 1.376387  -0.474679 -0.880156 0.002077  0.668966 0.930662 1 1 1.000000
0  -30.294224 -88.804352 1.376387  -0.643007 -0.765849 0.004107  0.670919 0.930662 1 1 1.000000
0  -30.349281 -88.776825 -0.688190  -0.648704 -0.761003 -0.007637  0.670919 0.938475 1 1 1.000000
skin_0dam
0  -30.349281 -88.776825 -0.688190  -0.648704 -0.761003 -0.007637  0.670919 0.938475 1 1 1.000000
0  -29.950127 -89.134682 -0.688190  -0.545495 -0.835351 -0.067996  0.668966 0.938475 1 1 1.000000
0  -29.881308 -89.162209 1.376387  -0.474679 -0.880156 0.002077  0.668966 0.930662 1 1 1.000000
skin_0dam
0  -29.950127 -89.134682 -0.688190  -0.545495 -0.835351 -0.067996  0.668966 0.938475 1 1 1.000000
0  -30.349281 -88.776825 -0.688190  -0.648704 -0.761003 -0.007637  0.670919 0.938475 1 1 1.000000
0  -30.335518 -88.790588 -0.894648  -0.521200 -0.603574 -0.603365  0.670919 0.938475 1 1 1.000000
skin_0dam
0  -30.335518 -88.790588 -0.894648  -0.521200 -0.603574 -0.603365  0.670919 0.938475 1 1 1.000000
0  -29.977655 -89.065857 -0.908412  -0.392688 -0.640726 -0.659747  0.668966 0.938475 1 1 1.000000
0  -29.950127 -89.134682 -0.688190  -0.545495 -0.835351 -0.067996  0.668966 0.938475 1 1 1.000000
skin_0dam
0  -30.018948 -88.831879 -0.949703  -0.005909 -0.135437 -0.990768  0.668966 0.939451 1 1 1.000000
0  -30.335518 -88.790588 -0.894648  -0.521200 -0.603574 -0.603365  0.670919 0.938475 1 1 1.000000
0  -32.468910 -87.001289 -0.867120  -0.602759 -0.587776 -0.539631  0.683615 0.938475 1 1 1.000000
skin_0dam
0  -32.468910 -87.001289 -0.867120  -0.602759 -0.587776 -0.539631  0.683615 0.938475 1 1 1.000000
0  -32.317513 -86.836113 -0.963467  -0.279472 -0.267298 -0.922197  0.682638 0.939451 1 1 1.000000
0  -30.018948 -88.831879 -0.949703  -0.005909 -0.135437 -0.990768  0.668966 0.939451 1 1 1.000000
skin_0dam
0  -36.198914 -81.220467 -0.701954  -0.918079 -0.389838 -0.071818  0.704123 0.938475 1 1 1.000000
0  -34.574780 -84.372391 -0.701954  -0.837761 -0.544023 -0.046859  0.695334 0.938475 1 1 1.000000
0  -34.588543 -84.427444 1.417679  -0.829215 -0.558313 -0.026247  0.695334 0.929685 1 1 1.000000
skin_0dam
0  -34.588543 -84.427444 1.417679  -0.829215 -0.558313 -0.026247  0.695334 0.929685 1 1 1.000000
0  -36.322788 -81.275520 1.569081  -0.913692 -0.402478 -0.056380  0.705100 0.929685 1 1 1.000000
0  -36.198914 -81.220467 -0.701954  -0.918079 -0.389838 -0.071818  0.704123 0.938475 1 1 1.000000
skin_0dam
0  -30.294224 -88.804352 1.376387  -0.643007 -0.765849 0.004107  0.670919 0.930662 1 1 1.000000
0  -29.881308 -89.162209 1.376387  -0.474679 -0.880156 0.002077  0.668966 0.930662 1 1 1.000000
0  -29.840017 -89.189735 2.133399  -0.438049 -0.898857 -0.012966  0.667989 0.927732 1 1 1.000000
skin_0dam
0  -29.840017 -89.189735 2.133399  -0.438049 -0.898857 -0.012966  0.667989 0.927732 1 1 1.000000
0  -30.252934 -88.831879 2.119635  -0.641775 -0.766891 0.001658  0.670919 0.927732 1 1 1.000000
0  -30.294224 -88.804352 1.376387  -0.643007 -0.765849 0.004107  0.670919 0.930662 1 1 1.000000
skin_0dam
0  -34.561016 -84.565086 3.275799  -0.817450 -0.574809 -0.037017  0.695334 0.922849 1 1 1.000000
0  -36.391609 -81.468216 4.129158  -0.906136 -0.419020 -0.057789  0.705100 0.919919 1 1 1.000000
0  -36.322788 -81.275520 1.569081  -0.913692 -0.402478 -0.056380  0.705100 0.929685 1 1 1.000000
skin_0dam
0  -36.322788 -81.275520 1.569081  -0.913692 -0.402478 -0.056380  0.705100 0.929685 1 1 1.000000
0  -34.588543 -84.427444 1.417679  -0.829215 -0.558313 -0.026247  0.695334 0.929685 1 1 1.000000
0  -34.561016 -84.565086 3.275799  -0.817450 -0.574809 -0.037017  0.695334 0.922849 1 1 1.000000
skin_0dam
0  -34.561016 -84.578850 3.427201  -0.812830 -0.581546 -0.033334  0.695334 0.922849 1 1 1.000000
0  -32.427620 -87.015053 2.766536  -0.697173 -0.716662 0.018603  0.682638 0.924802 1 1 1.000000
0  -32.413857 -87.028816 3.110632  -0.696035 -0.717792 0.017641  0.682638 0.923826 1 1 1.000000
skin_0dam
0  -32.413857 -87.028816 3.110632  -0.696035 -0.717792 0.017641  0.682638 0.923826 1 1 1.000000
0  -34.561016 -84.606377 3.853880  -0.811218 -0.583698 -0.034964  0.695334 0.920896 1 1 1.000000
0  -34.561016 -84.578850 3.427201  -0.812830 -0.581546 -0.033334  0.695334 0.922849 1 1 1.000000
skin_0dam
0  -32.427620 -87.015053 2.766536  -0.697173 -0.716662 0.018603  0.682638 0.924802 1 1 1.000000
0  -30.280460 -88.818115 2.271037  -0.642562 -0.766233 0.000639  0.670919 0.926756 1 1 1.000000
0  -30.266697 -88.818115 2.560078  -0.643771 -0.765217 0.001128  0.670919 0.925779 1 1 1.000000
skin_0dam
0  -30.266697 -88.818115 2.560078  -0.643771 -0.765217 0.001128  0.670919 0.925779 1 1 1.000000
0  -32.413857 -87.028816 3.110632  -0.696035 -0.717792 0.017641  0.682638 0.923826 1 1 1.000000
0  -32.427620 -87.015053 2.766536  -0.697173 -0.716662 0.018603  0.682638 0.924802 1 1 1.000000
skin_0dam
0  -29.688616 -89.093391 2.105871  0.971466 -0.229953 -0.058100  0.667013 0.927732 1 1 1.000000
0  -29.729906 -89.079628 1.335096  0.967318 -0.250443 -0.039676  0.667989 0.930662 1 1 1.000000
0  -29.275700 -85.459732 2.436203  0.993745 -0.109955 -0.019516  0.665059 0.925779 1 1 1.000000
skin_0dam
0  -29.275700 -85.459732 2.436203  0.000000 0.000000 1.000000  0.665059 0.925779 1 1 1.000000
0  -29.275700 -85.459732 2.436203  -0.112795 -0.992599 -0.045004  0.665059 0.925779 1 1 1.000000
0  -29.688616 -89.093391 2.105871  -0.112357 -0.989591 0.089917  0.667013 0.927732 1 1 1.000000
skin_0dam
0  -29.702379 -89.217262 2.505023  0.507209 -0.860214 -0.052639  0.667989 0.925779 1 1 1.000000
0  -29.661083 -89.107155 2.587606  0.973719 -0.220613 -0.056590  0.667013 0.925779 1 1 1.000000
0  -29.702379 -89.217262 2.587606  0.518514 -0.853384 -0.053648  0.667989 0.925779 1 1 1.000000
skin_0dam
0  -36.405373 -81.523270 4.844878  -0.904588 -0.422707 -0.055135  0.705100 0.916990 1 1 1.000000
0  -34.561016 -84.620140 3.950227  -0.817020 -0.551267 -0.169064  0.695334 0.920896 1 1 1.000000
0  -34.561016 -84.633904 3.991518  -0.822580 -0.543318 -0.167830  0.695334 0.919919 1 1 1.000000
skin_0dam
0  -34.561016 -84.633904 3.991518  -0.822580 -0.543318 -0.167830  0.695334 0.919919 1 1 1.000000
0  -36.405373 -81.537033 4.954988  -0.906899 -0.418075 -0.052420  0.705100 0.916990 1 1 1.000000
0  -36.405373 -81.523270 4.844878  -0.904588 -0.422707 -0.055135  0.705100 0.916990 1 1 1.000000
skin_0dam
0  -32.413857 -87.028816 3.262034  -0.711997 -0.698451 -0.072292  0.682638 0.922849 1 1 1.000000
0  -34.561016 -84.633904 3.991518  -0.822580 -0.543318 -0.167830  0.695334 0.919919 1 1 1.000000
0  -34.561016 -84.620140 3.950227  -0.817020 -0.551267 -0.169064  0.695334 0.920896 1 1 1.000000
skin_0dam
0  -34.561016 -84.620140 3.950227  -0.817020 -0.551267 -0.169064  0.695334 0.920896 1 1 1.000000
0  -32.413857 -87.028816 3.206979  -0.705572 -0.704978 -0.071928  0.682638 0.923826 1 1 1.000000
0  -32.413857 -87.028816 3.262034  -0.711997 -0.698451 -0.072292  0.682638 0.922849 1 1 1.000000
skin_0dam
0  -30.239170 -88.859406 2.697717  -0.647525 -0.761300 -0.033667  0.670919 0.925779 1 1 1.000000
0  -32.413857 -87.028816 3.262034  -0.711997 -0.698451 -0.072292  0.682638 0.922849 1 1 1.000000
0  -32.413857 -87.028816 3.206979  -0.705572 -0.704978 -0.071928  0.682638 0.923826 1 1 1.000000
skin_0dam
0  -32.413857 -87.028816 3.206979  -0.705572 -0.704978 -0.071928  0.682638 0.923826 1 1 1.000000
0  -30.239170 -88.845642 2.642661  -0.648154 -0.760669 -0.035770  0.670919 0.925779 1 1 1.000000
0  -30.239170 -88.859406 2.697717  -0.647525 -0.761300 -0.033667  0.670919 0.925779 1 1 1.000000
skin_0dam
0  -30.239170 -88.859406 2.697717  -0.647525 -0.761300 -0.033667  0.670919 0.925779 1 1 1.000000
0  -30.239170 -88.845642 2.642661  -0.648154 -0.760669 -0.035770  0.670919 0.925779 1 1 1.000000
0  -30.184111 -88.900696 2.587606  -0.644401 -0.764495 -0.017170  0.669942 0.925779 1 1 1.000000
skin_0dam
0  -30.184111 -88.900696 2.587606  -0.644401 -0.764495 -0.017170  0.669942 0.925779 1 1 1.000000
0  -30.129057 -88.941986 2.573842  -0.644287 -0.764594 -0.017018  0.669942 0.925779 1 1 1.000000
0  -30.239170 -88.859406 2.697717  -0.647525 -0.761300 -0.033667  0.670919 0.925779 1 1 1.000000
skin_0dam
0  -29.812490 -89.203499 2.587606  -0.420372 -0.907282 -0.011236  0.667989 0.925779 1 1 1.000000
0  -29.812490 -89.203499 2.491259  -0.419538 -0.907653 -0.012409  0.667989 0.925779 1 1 1.000000
0  -29.702379 -89.217262 2.505023  0.507209 -0.860214 -0.052639  0.667989 0.925779 1 1 1.000000
skin_0dam
0  -29.702379 -89.217262 2.505023  0.507209 -0.860214 -0.052639  0.667989 0.925779 1 1 1.000000
0  -29.702379 -89.217262 2.587606  0.518514 -0.853384 -0.053648  0.667989 0.925779 1 1 1.000000
0  -29.812490 -89.203499 2.587606  -0.420372 -0.907282 -0.011236  0.667989 0.925779 1 1 1.000000
skin_0dam
0  -38.979214 -71.214149 -0.784536  -0.899358 -0.276965 -0.338298  0.962920 0.813471 1 1 1.000000
0  -38.965450 -70.911346 -0.935939  -0.710133 -0.473253 -0.521290  0.962920 0.811518 1 1 1.000000
0  -38.194675 -73.196144 -0.935939  -0.615553 -0.208623 -0.759981  0.962920 0.820307 1 1 1.000000
skin_0dam
0  -38.194675 -73.196144 -0.935939  -0.615553 -0.208623 -0.759981  0.962920 0.820307 1 1 1.000000
0  -38.359840 -73.196144 -0.798300  -0.842543 -0.278747 -0.460891  0.962920 0.820307 1 1 1.000000
0  -38.979214 -71.214149 -0.784536  -0.899358 -0.276965 -0.338298  0.962920 0.813471 1 1 1.000000
skin_0dam
0  -38.869099 -73.443901 7.239787  -0.865052 -0.115118 -0.488297  0.917020 0.821284 1 1 1.000000
0  -39.763748 -70.925110 8.038091  -0.924042 -0.379273 0.047948  0.913114 0.811518 1 1 1.000000
0  -38.896626 -73.223679 7.143441  -0.932341 -0.233612 -0.275981  0.917997 0.820307 1 1 1.000000
skin_0dam
0  -38.992977 -71.214149 -0.564315  -0.955844 -0.282431 -0.081206  0.960967 0.813471 1 1 1.000000
0  -38.979214 -71.214149 -0.784536  -0.899358 -0.276965 -0.338298  0.962920 0.813471 1 1 1.000000
0  -38.359840 -73.196144 -0.798300  -0.842543 -0.278747 -0.460891  0.962920 0.820307 1 1 1.000000
skin_0dam
0  -38.359840 -73.196144 -0.798300  -0.842543 -0.278747 -0.460891  0.962920 0.820307 1 1 1.000000
0  -38.387371 -73.196144 -0.591843  -0.945004 -0.313087 -0.094577  0.961943 0.820307 1 1 1.000000
0  -38.992977 -71.214149 -0.564315  -0.955844 -0.282431 -0.081206  0.960967 0.813471 1 1 1.000000
skin_0dam
0  -37.148617 -77.421654 3.454729  -0.921446 -0.379553 -0.082929  0.938505 0.836909 1 1 1.000000
0  -37.960686 -75.522240 3.936464  -0.937250 -0.344512 -0.053603  0.935575 0.829096 1 1 1.000000
0  -37.781757 -75.563530 1.527790  -0.928352 -0.361474 -0.086598  0.949248 0.829096 1 1 1.000000
skin_0dam
0  -37.781757 -75.563530 1.527790  -0.928352 -0.361474 -0.086598  0.949248 0.829096 1 1 1.000000
0  -36.942162 -77.435417 1.280041  -0.916785 -0.389415 -0.088663  0.951201 0.836909 1 1 1.000000
0  -37.148617 -77.421654 3.454729  -0.921446 -0.379553 -0.082929  0.938505 0.836909 1 1 1.000000
skin_0dam
0  -38.607594 -73.264969 1.830595  -0.944488 -0.318794 -0.079456  0.948271 0.821284 1 1 1.000000
0  -39.282021 -71.324265 2.078344  -0.955233 -0.280030 -0.095468  0.946318 0.813471 1 1 1.000000
0  -38.992977 -71.214149 -0.564315  -0.955844 -0.282431 -0.081206  0.960967 0.813471 1 1 1.000000
skin_0dam
0  -38.992977 -71.214149 -0.564315  -0.955844 -0.282431 -0.081206  0.960967 0.813471 1 1 1.000000
0  -38.387371 -73.196144 -0.591843  -0.945004 -0.313087 -0.094577  0.961943 0.820307 1 1 1.000000
0  -38.607594 -73.264969 1.830595  -0.944488 -0.318794 -0.079456  0.948271 0.821284 1 1 1.000000
skin_0dam
0  -37.382610 -75.412125 -0.935939  -0.521267 -0.184965 -0.833108  0.963897 0.829096 1 1 1.000000
0  -36.598064 -77.352829 -0.949703  -0.383470 -0.152869 -0.910814  0.963897 0.835932 1 1 1.000000
0  -36.776997 -77.421654 -0.853356  -0.760372 -0.301400 -0.575320  0.962920 0.836909 1 1 1.000000
skin_0dam
0  -36.776997 -77.421654 -0.853356  -0.760372 -0.301400 -0.575320  0.962920 0.836909 1 1 1.000000
0  -37.534012 -75.508476 -0.825828  -0.811149 -0.299021 -0.502617  0.962920 0.829096 1 1 1.000000
0  -37.382610 -75.412125 -0.935939  -0.521267 -0.184965 -0.833108  0.963897 0.829096 1 1 1.000000
skin_0dam
0  -36.776997 -77.421654 -0.853356  -0.760372 -0.301400 -0.575320  0.962920 0.836909 1 1 1.000000
0  -36.790760 -77.435417 -0.660662  -0.926778 -0.367469 -0.077770  0.961943 0.836909 1 1 1.000000
0  -37.534012 -75.563530 -0.633134  -0.929611 -0.357761 -0.088488  0.961943 0.829096 1 1 1.000000
skin_0dam
0  -37.534012 -75.563530 -0.633134  -0.929611 -0.357761 -0.088488  0.961943 0.829096 1 1 1.000000
0  -37.534012 -75.508476 -0.825828  -0.811149 -0.299021 -0.502617  0.962920 0.829096 1 1 1.000000
0  -36.776997 -77.421654 -0.853356  -0.760372 -0.301400 -0.575320  0.962920 0.836909 1 1 1.000000
skin_0dam
0  -36.942162 -77.435417 1.280041  -0.916785 -0.389415 -0.088663  0.951201 0.836909 1 1 1.000000
0  -37.781757 -75.563530 1.527790  -0.928352 -0.361474 -0.086598  0.949248 0.829096 1 1 1.000000
0  -37.534012 -75.563530 -0.633134  -0.929611 -0.357761 -0.088488  0.961943 0.829096 1 1 1.000000
skin_0dam
0  -37.534012 -75.563530 -0.633134  -0.929611 -0.357761 -0.088488  0.961943 0.829096 1 1 1.000000
0  -36.790760 -77.435417 -0.660662  -0.926778 -0.367469 -0.077770  0.961943 0.836909 1 1 1.000000
0  -36.942162 -77.435417 1.280041  -0.916785 -0.389415 -0.088663  0.951201 0.836909 1 1 1.000000
skin_0dam
0  -42.296303 -68.475151 2.326093  -0.975679 -0.198727 -0.092508  0.945341 0.802728 1 1 1.000000
0  -41.993496 -68.571495 -0.550551  -0.975702 -0.194213 -0.101422  0.960967 0.802728 1 1 1.000000
0  -41.842094 -69.287216 -0.564315  -0.976400 -0.201472 -0.077801  0.960967 0.805658 1 1 1.000000
skin_0dam
0  -41.842094 -69.287216 -0.564315  -0.976400 -0.201472 -0.077801  0.960967 0.805658 1 1 1.000000
0  -42.131138 -69.232155 2.229747  -0.975754 -0.197854 -0.093578  0.945341 0.805658 1 1 1.000000
0  -42.296303 -68.475151 2.326093  -0.975679 -0.198727 -0.092508  0.945341 0.802728 1 1 1.000000
skin_0dam
0  -42.447704 -69.080757 5.257793  -0.977867 -0.191250 -0.084844  0.928739 0.804682 1 1 1.000000
0  -42.736740 -68.791710 8.299604  -0.978878 -0.190044 -0.075371  0.911161 0.803705 1 1 1.000000
0  -42.915672 -67.979645 8.506061  -0.978847 -0.190368 -0.074953  0.910184 0.800775 1 1 1.000000
skin_0dam
0  -42.915672 -67.979645 8.506061  -0.978847 -0.190368 -0.074953  0.910184 0.800775 1 1 1.000000
0  -42.612873 -68.282455 5.340376  -0.977868 -0.192297 -0.082440  0.927763 0.801752 1 1 1.000000
0  -42.447704 -69.080757 5.257793  -0.977867 -0.191250 -0.084844  0.928739 0.804682 1 1 1.000000
skin_0dam
0  -41.993496 -68.571495 -0.550551  -0.975702 -0.194213 -0.101422  0.960967 0.802728 1 1 1.000000
0  -41.965969 -68.543968 -0.784536  -0.884748 -0.168977 -0.434360  0.962920 0.802728 1 1 1.000000
0  -41.828331 -69.300980 -0.784536  -0.912384 -0.179931 -0.367669  0.962920 0.805658 1 1 1.000000
skin_0dam
0  -41.828331 -69.300980 -0.784536  -0.912384 -0.179931 -0.367669  0.962920 0.805658 1 1 1.000000
0  -41.842094 -69.287216 -0.564315  -0.976400 -0.201472 -0.077801  0.960967 0.805658 1 1 1.000000
0  -41.993496 -68.571495 -0.550551  -0.975702 -0.194213 -0.101422  0.960967 0.802728 1 1 1.000000
skin_0dam
0  -41.965969 -68.543968 -0.784536  -0.884463 -0.168934 -0.434956  0.962920 0.802728 1 1 1.000000
0  -41.842094 -68.475151 -0.935939  -0.734262 -0.143451 -0.663537  0.963897 0.802728 1 1 1.000000
0  -41.704460 -69.204628 -0.935939  -0.724954 -0.136993 -0.675037  0.963897 0.805658 1 1 1.000000
skin_0dam
0  -41.704460 -69.204628 -0.935939  -0.724997 -0.137078 -0.674973  0.963897 0.805658 1 1 1.000000
0  -41.828331 -69.300980 -0.784536  -0.912384 -0.179931 -0.367669  0.962920 0.805658 1 1 1.000000
0  -41.965969 -68.543968 -0.784536  -0.884748 -0.168977 -0.434360  0.962920 0.802728 1 1 1.000000
skin_0dam
0  -38.965450 -70.911346 -0.935939  -0.710133 -0.473253 -0.521290  0.962920 0.811518 1 1 1.000000
0  -39.103088 -70.870056 -0.784536  -0.679537 -0.697601 -0.227120  0.962920 0.811518 1 1 1.000000
0  -41.828331 -69.300980 -0.784536  -0.484127 -0.818067 -0.310465  0.962920 0.805658 1 1 1.000000
skin_0dam
0  -41.828331 -69.300980 -0.784536  -0.484127 -0.818067 -0.310465  0.962920 0.805658 1 1 1.000000
0  -41.704460 -69.204628 -0.935939  -0.379472 -0.614193 -0.691930  0.963897 0.805658 1 1 1.000000
0  -38.965450 -70.911346 -0.935939  -0.710133 -0.473253 -0.521290  0.962920 0.811518 1 1 1.000000
skin_0dam
0  -39.103088 -70.870056 -0.784536  -0.679537 -0.697601 -0.227120  0.962920 0.811518 1 1 1.000000
0  -39.116852 -70.883820 -0.550551  -0.745624 -0.662721 -0.069617  0.960967 0.811518 1 1 1.000000
0  -41.842094 -69.287216 -0.564315  -0.501966 -0.864776 -0.013833  0.960967 0.805658 1 1 1.000000
skin_0dam
0  -41.842094 -69.287216 -0.564315  -0.501966 -0.864776 -0.013833  0.960967 0.805658 1 1 1.000000
0  -41.828331 -69.300980 -0.784536  -0.484127 -0.818067 -0.310465  0.962920 0.805658 1 1 1.000000
0  -39.103088 -70.870056 -0.784536  -0.679537 -0.697601 -0.227120  0.962920 0.811518 1 1 1.000000
skin_0dam
0  -39.116852 -70.883820 -0.550551  -0.745624 -0.662721 -0.069617  0.960967 0.811518 1 1 1.000000
0  -39.419659 -70.993927 2.147163  -0.744553 -0.663136 -0.076753  0.946318 0.812494 1 1 1.000000
0  -42.131138 -69.232155 2.229747  -0.532300 -0.845799 -0.035797  0.945341 0.805658 1 1 1.000000
skin_0dam
0  -42.131138 -69.232155 2.229747  -0.532300 -0.845799 -0.035797  0.945341 0.805658 1 1 1.000000
0  -41.842094 -69.287216 -0.564315  -0.501966 -0.864776 -0.013833  0.960967 0.805658 1 1 1.000000
0  -39.116852 -70.883820 -0.550551  -0.745624 -0.662721 -0.069617  0.960967 0.811518 1 1 1.000000
skin_0dam
0  -42.736740 -68.791710 8.299604  -0.534136 -0.844752 0.033056  0.911161 0.803705 1 1 1.000000
0  -42.447704 -69.080757 5.257793  -0.547436 -0.836823 0.006405  0.928739 0.804682 1 1 1.000000
0  -39.708694 -70.883820 5.120154  -0.746950 -0.664624 -0.018463  0.928739 0.811518 1 1 1.000000
skin_0dam
0  -39.708694 -70.883820 5.120154  -0.746950 -0.664624 -0.018463  0.928739 0.811518 1 1 1.000000
0  -39.928917 -70.567245 7.983035  -0.757900 -0.652246 0.012771  0.913114 0.810541 1 1 1.000000
0  -42.736740 -68.791710 8.299604  -0.534136 -0.844752 0.033056  0.911161 0.803705 1 1 1.000000
skin_0dam
0  -38.965450 -70.911346 -0.935939  -0.710133 -0.473253 -0.521290  0.962920 0.811518 1 1 1.000000
0  -38.979214 -71.214149 -0.784536  -0.899358 -0.276965 -0.338298  0.962920 0.813471 1 1 1.000000
0  -39.034271 -71.035225 -0.784536  -0.894217 -0.310709 -0.322237  0.962920 0.812494 1 1 1.000000
skin_0dam
0  -38.979214 -71.214149 -0.784536  -0.899358 -0.276965 -0.338298  0.962920 0.813471 1 1 1.000000
0  -38.992977 -71.214149 -0.564315  -0.955844 -0.282431 -0.081206  0.960967 0.813471 1 1 1.000000
0  -39.048035 -71.035225 -0.550551  -0.937038 -0.339173 -0.083196  0.960967 0.812494 1 1 1.000000
skin_0dam
0  -39.048035 -71.035225 -0.550551  -0.937038 -0.339173 -0.083196  0.960967 0.812494 1 1 1.000000
0  -39.034271 -71.035225 -0.784536  -0.894217 -0.310709 -0.322237  0.962920 0.812494 1 1 1.000000
0  -38.979214 -71.214149 -0.784536  -0.899358 -0.276965 -0.338298  0.962920 0.813471 1 1 1.000000
skin_0dam
0  -38.992977 -71.214149 -0.564315  -0.955844 -0.282431 -0.081206  0.960967 0.813471 1 1 1.000000
0  -39.282021 -71.324265 2.078344  -0.955233 -0.280030 -0.095468  0.946318 0.813471 1 1 1.000000
0  -39.337074 -71.145332 2.119636  -0.935065 -0.340633 -0.098094  0.946318 0.812494 1 1 1.000000
skin_0dam
0  -39.337074 -71.145332 2.119636  -0.935065 -0.340633 -0.098094  0.946318 0.812494 1 1 1.000000
0  -39.048035 -71.035225 -0.550551  -0.937038 -0.339173 -0.083196  0.960967 0.812494 1 1 1.000000
0  -38.992977 -71.214149 -0.564315  -0.955844 -0.282431 -0.081206  0.960967 0.813471 1 1 1.000000
skin_0dam
0  -39.832569 -70.787468 7.914216  -0.932018 -0.362412 -0.000655  0.913114 0.811518 1 1 1.000000
0  -39.626114 -71.048988 5.065099  -0.936001 -0.347218 -0.057803  0.929716 0.812494 1 1 1.000000
0  -39.571056 -71.214149 5.023808  -0.950271 -0.305657 -0.059664  0.929716 0.813471 1 1 1.000000
skin_0dam
0  -39.571056 -71.214149 5.023808  -0.950271 -0.305657 -0.059664  0.929716 0.813471 1 1 1.000000
0  -39.777512 -70.938873 7.859161  -0.929997 -0.365521 0.038728  0.914090 0.812494 1 1 1.000000
0  -39.832569 -70.787468 7.914216  -0.932018 -0.362412 -0.000655  0.913114 0.811518 1 1 1.000000
skin_0dam
0  -39.626114 -71.048988 5.065099  -0.936001 -0.347218 -0.057803  0.929716 0.812494 1 1 1.000000
0  -39.832569 -70.787468 7.914216  -0.932018 -0.362412 -0.000655  0.913114 0.811518 1 1 1.000000
0  -39.928917 -70.567245 7.983035  -0.757900 -0.652246 0.012771  0.913114 0.810541 1 1 1.000000
skin_0dam
0  -39.928917 -70.567245 7.983035  -0.757900 -0.652246 0.012771  0.913114 0.810541 1 1 1.000000
0  -39.708694 -70.883820 5.120154  -0.746950 -0.664624 -0.018463  0.928739 0.811518 1 1 1.000000
0  -39.626114 -71.048988 5.065099  -0.936001 -0.347218 -0.057803  0.929716 0.812494 1 1 1.000000
skin_0dam
0  -39.419659 -70.993927 2.147163  -0.744553 -0.663136 -0.076753  0.946318 0.812494 1 1 1.000000
0  -39.116852 -70.883820 -0.550551  -0.745624 -0.662721 -0.069617  0.960967 0.811518 1 1 1.000000
0  -39.048035 -71.035225 -0.550551  -0.937038 -0.339173 -0.083196  0.960967 0.812494 1 1 1.000000
skin_0dam
0  -39.048035 -71.035225 -0.550551  -0.937038 -0.339173 -0.083196  0.960967 0.812494 1 1 1.000000
0  -39.337074 -71.145332 2.119636  -0.935065 -0.340633 -0.098094  0.946318 0.812494 1 1 1.000000
0  -39.419659 -70.993927 2.147163  -0.744553 -0.663136 -0.076753  0.946318 0.812494 1 1 1.000000
skin_0dam
0  -39.116852 -70.883820 -0.550551  -0.745624 -0.662721 -0.069617  0.960967 0.811518 1 1 1.000000
0  -39.103088 -70.870056 -0.784536  -0.679537 -0.697601 -0.227120  0.962920 0.811518 1 1 1.000000
0  -39.034271 -71.035225 -0.784536  -0.894217 -0.310709 -0.322237  0.962920 0.812494 1 1 1.000000
skin_0dam
0  -39.034271 -71.035225 -0.784536  -0.894217 -0.310709 -0.322237  0.962920 0.812494 1 1 1.000000
0  -39.048035 -71.035225 -0.550551  -0.937038 -0.339173 -0.083196  0.960967 0.812494 1 1 1.000000
0  -39.116852 -70.883820 -0.550551  -0.745624 -0.662721 -0.069617  0.960967 0.811518 1 1 1.000000
skin_0dam
0  -39.103088 -70.870056 -0.784536  -0.679537 -0.697601 -0.227120  0.962920 0.811518 1 1 1.000000
0  -38.965450 -70.911346 -0.935939  -0.710133 -0.473253 -0.521290  0.962920 0.811518 1 1 1.000000
0  -39.034271 -71.035225 -0.784536  -0.894217 -0.310709 -0.322237  0.962920 0.812494 1 1 1.000000
skin_0dam
0  -37.382610 -75.412125 -0.935939  -0.521267 -0.184965 -0.833108  0.963897 0.829096 1 1 1.000000
0  -37.534012 -75.508476 -0.825828  -0.811149 -0.299021 -0.502617  0.962920 0.829096 1 1 1.000000
0  -38.359840 -73.196144 -0.798300  -0.842543 -0.278747 -0.460891  0.962920 0.820307 1 1 1.000000
skin_0dam
0  -38.359840 -73.196144 -0.798300  -0.842543 -0.278747 -0.460891  0.962920 0.820307 1 1 1.000000
0  -38.194675 -73.196144 -0.935939  -0.615553 -0.208623 -0.759981  0.962920 0.820307 1 1 1.000000
0  -37.382610 -75.412125 -0.935939  -0.521267 -0.184965 -0.833108  0.963897 0.829096 1 1 1.000000
skin_0dam
0  -38.607594 -73.264969 1.830595  -0.944488 -0.318794 -0.079456  0.948271 0.821284 1 1 1.000000
0  -37.781757 -75.563530 1.527790  -0.928352 -0.361474 -0.086598  0.949248 0.829096 1 1 1.000000
0  -37.960686 -75.522240 3.936464  -0.937250 -0.344512 -0.053603  0.935575 0.829096 1 1 1.000000
skin_0dam
0  -37.960686 -75.522240 3.936464  -0.937250 -0.344512 -0.053603  0.935575 0.829096 1 1 1.000000
0  -38.772755 -73.237442 4.514545  -0.940359 -0.337183 -0.045093  0.932646 0.820307 1 1 1.000000
0  -38.607594 -73.264969 1.830595  -0.944488 -0.318794 -0.079456  0.948271 0.821284 1 1 1.000000
skin_0dam
0  -37.534012 -75.508476 -0.825828  -0.811149 -0.299021 -0.502617  0.962920 0.829096 1 1 1.000000
0  -37.534012 -75.563530 -0.633134  -0.929611 -0.357761 -0.088488  0.961943 0.829096 1 1 1.000000
0  -38.387371 -73.196144 -0.591843  -0.945004 -0.313087 -0.094577  0.961943 0.820307 1 1 1.000000
skin_0dam
0  -38.387371 -73.196144 -0.591843  -0.945004 -0.313087 -0.094577  0.961943 0.820307 1 1 1.000000
0  -38.359840 -73.196144 -0.798300  -0.842543 -0.278747 -0.460891  0.962920 0.820307 1 1 1.000000
0  -37.534012 -75.508476 -0.825828  -0.811149 -0.299021 -0.502617  0.962920 0.829096 1 1 1.000000
skin_0dam
0  -38.387371 -73.196144 -0.591843  -0.945004 -0.313087 -0.094577  0.961943 0.820307 1 1 1.000000
0  -37.534012 -75.563530 -0.633134  -0.929611 -0.357761 -0.088488  0.961943 0.829096 1 1 1.000000
0  -37.781757 -75.563530 1.527790  -0.928352 -0.361474 -0.086598  0.949248 0.829096 1 1 1.000000
skin_0dam
0  -37.781757 -75.563530 1.527790  -0.928352 -0.361474 -0.086598  0.949248 0.829096 1 1 1.000000
0  -38.607594 -73.264969 1.830595  -0.944488 -0.318794 -0.079456  0.948271 0.821284 1 1 1.000000
0  -38.387371 -73.196144 -0.591843  -0.945004 -0.313087 -0.094577  0.961943 0.820307 1 1 1.000000
skin_0dam
0  -42.612873 -68.282455 5.340376  -0.977868 -0.192297 -0.082440  0.927763 0.801752 1 1 1.000000
0  -42.296303 -68.475151 2.326093  -0.975679 -0.198727 -0.092508  0.945341 0.802728 1 1 1.000000
0  -42.131138 -69.232155 2.229747  -0.975754 -0.197854 -0.093578  0.945341 0.805658 1 1 1.000000
skin_0dam
0  -42.131138 -69.232155 2.229747  -0.975754 -0.197854 -0.093578  0.945341 0.805658 1 1 1.000000
0  -42.447704 -69.080757 5.257793  -0.977867 -0.191250 -0.084844  0.928739 0.804682 1 1 1.000000
0  -42.612873 -68.282455 5.340376  -0.977868 -0.192297 -0.082440  0.927763 0.801752 1 1 1.000000
skin_0dam
0  -39.708694 -70.883820 5.120154  -0.746950 -0.664624 -0.018463  0.928739 0.811518 1 1 1.000000
0  -39.419659 -70.993927 2.147163  -0.744553 -0.663136 -0.076753  0.946318 0.812494 1 1 1.000000
0  -39.337074 -71.145332 2.119636  -0.935065 -0.340633 -0.098094  0.946318 0.812494 1 1 1.000000
skin_0dam
0  -39.337074 -71.145332 2.119636  -0.935065 -0.340633 -0.098094  0.946318 0.812494 1 1 1.000000
0  -39.626114 -71.048988 5.065099  -0.936001 -0.347218 -0.057803  0.929716 0.812494 1 1 1.000000
0  -39.708694 -70.883820 5.120154  -0.746950 -0.664624 -0.018463  0.928739 0.811518 1 1 1.000000
skin_0dam
0  -39.282021 -71.324265 2.078344  -0.955233 -0.280030 -0.095468  0.946318 0.813471 1 1 1.000000
0  -39.571056 -71.214149 5.023808  -0.950271 -0.305657 -0.059664  0.929716 0.813471 1 1 1.000000
0  -39.626114 -71.048988 5.065099  -0.936001 -0.347218 -0.057803  0.929716 0.812494 1 1 1.000000
skin_0dam
0  -39.626114 -71.048988 5.065099  -0.936001 -0.347218 -0.057803  0.929716 0.812494 1 1 1.000000
0  -39.337074 -71.145332 2.119636  -0.935065 -0.340633 -0.098094  0.946318 0.812494 1 1 1.000000
0  -39.282021 -71.324265 2.078344  -0.955233 -0.280030 -0.095468  0.946318 0.813471 1 1 1.000000
skin_0dam
0  -42.447704 -69.080757 5.257793  -0.547436 -0.836823 0.006405  0.928739 0.804682 1 1 1.000000
0  -42.131138 -69.232155 2.229747  -0.532300 -0.845799 -0.035797  0.945341 0.805658 1 1 1.000000
0  -39.419659 -70.993927 2.147163  -0.744553 -0.663136 -0.076753  0.946318 0.812494 1 1 1.000000
skin_0dam
0  -39.419659 -70.993927 2.147163  -0.744553 -0.663136 -0.076753  0.946318 0.812494 1 1 1.000000
0  -39.708694 -70.883820 5.120154  -0.746950 -0.664624 -0.018463  0.928739 0.811518 1 1 1.000000
0  -42.447704 -69.080757 5.257793  -0.547436 -0.836823 0.006405  0.928739 0.804682 1 1 1.000000
skin_0dam
0  -42.929436 -67.965881 8.671227  -0.958584 -0.242132 0.149964  0.909207 0.800775 1 1 1.000000
0  -42.915672 -67.979645 8.506061  -0.978847 -0.190368 -0.074953  0.910184 0.800775 1 1 1.000000
0  -42.736740 -68.791710 8.299604  -0.978878 -0.190044 -0.075371  0.911161 0.803705 1 1 1.000000
skin_0dam
0  -42.736740 -68.791710 8.299604  -0.978878 -0.190044 -0.075371  0.911161 0.803705 1 1 1.000000
0  -42.750504 -68.777946 8.478534  -0.973413 -0.221771 0.057312  0.910184 0.803705 1 1 1.000000
0  -42.929436 -67.965881 8.671227  -0.958584 -0.242132 0.149964  0.909207 0.800775 1 1 1.000000
skin_0dam
0  -42.750504 -68.777946 8.478534  -0.503719 -0.837679 0.211095  0.910184 0.803705 1 1 1.000000
0  -42.736740 -68.791710 8.299604  -0.534136 -0.844752 0.033056  0.911161 0.803705 1 1 1.000000
0  -39.928917 -70.567245 7.983035  -0.757900 -0.652246 0.012771  0.913114 0.810541 1 1 1.000000
skin_0dam
0  -39.928917 -70.567245 7.983035  -0.757900 -0.652246 0.012771  0.913114 0.810541 1 1 1.000000
0  -39.942680 -70.553482 8.161965  -0.690472 -0.687353 0.225374  0.912137 0.810541 1 1 1.000000
0  -42.750504 -68.777946 8.478534  -0.503719 -0.837679 0.211095  0.910184 0.803705 1 1 1.000000
skin_0dam
0  -39.832569 -70.773705 8.093146  -0.904279 -0.418791 0.083030  0.912137 0.811518 1 1 1.000000
0  -39.832569 -70.787468 7.914216  -0.932018 -0.362412 -0.000655  0.913114 0.811518 1 1 1.000000
0  -39.777512 -70.938873 7.859161  -0.929997 -0.365521 0.038728  0.914090 0.812494 1 1 1.000000
skin_0dam
0  -39.777512 -70.938873 7.859161  -0.929997 -0.365521 0.038728  0.914090 0.812494 1 1 1.000000
0  -39.763748 -70.925110 8.038091  -0.924042 -0.379273 0.047948  0.913114 0.811518 1 1 1.000000
0  -39.832569 -70.773705 8.093146  -0.904279 -0.418791 0.083030  0.912137 0.811518 1 1 1.000000
skin_0dam
0  -39.942680 -70.553482 8.161965  -0.690472 -0.687353 0.225374  0.912137 0.810541 1 1 1.000000
0  -39.928917 -70.567245 7.983035  -0.757900 -0.652246 0.012771  0.913114 0.810541 1 1 1.000000
0  -39.832569 -70.787468 7.914216  -0.932018 -0.362412 -0.000655  0.913114 0.811518 1 1 1.000000
skin_0dam
0  -39.832569 -70.787468 7.914216  -0.932018 -0.362412 -0.000655  0.913114 0.811518 1 1 1.000000
0  -39.832569 -70.773705 8.093146  -0.904279 -0.418791 0.083030  0.912137 0.811518 1 1 1.000000
0  -39.942680 -70.553482 8.161965  -0.690472 -0.687353 0.225374  0.912137 0.810541 1 1 1.000000
skin_0dam
0  -42.750504 -68.777946 8.478534  -0.973369 -0.221861 0.057712  0.009766 0.831050 1 1 1.000000
0  -42.722977 -68.722893 8.657464  -0.920020 -0.267267 0.286586  0.990265 0.835932 1 1 1.000000
0  -42.874378 -67.938354 8.863921  -0.918721 -0.268486 0.289597  0.990265 0.972655 1 1 1.000000
skin_0dam
0  -42.874378 -67.938354 8.863921  -0.918722 -0.268472 0.289609  0.990265 0.972655 1 1 1.000000
0  -42.929436 -67.965881 8.671227  -0.958584 -0.242132 0.149964  0.009766 0.973632 1 1 1.000000
0  -42.750504 -68.777946 8.478534  -0.973413 -0.221771 0.057312  0.009766 0.831050 1 1 1.000000
skin_0dam
0  -39.942680 -70.553482 8.161965  -0.690472 -0.687353 0.225374  0.009766 0.517563 1 1 1.000000
0  -39.901386 -70.484665 8.340896  -0.647818 -0.683519 0.336353  0.990265 0.523423 1 1 1.000000
0  -42.722977 -68.722893 8.657464  -0.468702 -0.808308 0.356310  0.990265 0.835932 1 1 1.000000
skin_0dam
0  -42.722977 -68.722893 8.657464  -0.468726 -0.808344 0.356197  0.990265 0.835932 1 1 1.000000
0  -42.750504 -68.777946 8.478534  -0.503719 -0.837679 0.211095  0.009766 0.831050 1 1 1.000000
0  -39.942680 -70.553482 8.161965  -0.690472 -0.687353 0.225374  0.009766 0.517563 1 1 1.000000
skin_0dam
0  -39.763748 -70.925110 8.038091  -0.924042 -0.379273 0.047948  0.009766 0.454085 1 1 1.000000
0  -39.777512 -70.883820 8.230784  -0.950718 -0.306110 -0.049324  0.990265 0.455061 1 1 1.000000
0  -39.832569 -70.732414 8.272076  -0.951356 -0.307017 0.025720  0.990265 0.481429 1 1 1.000000
skin_0dam
0  -39.832569 -70.732414 8.272076  -0.951356 -0.307017 0.025720  0.990265 0.481429 1 1 1.000000
0  -39.832569 -70.773705 8.093146  -0.904279 -0.418791 0.083030  0.009766 0.479476 1 1 1.000000
0  -39.763748 -70.925110 8.038091  -0.924042 -0.379273 0.047948  0.009766 0.454085 1 1 1.000000
skin_0dam
0  -39.832569 -70.773705 8.093146  -0.904279 -0.418791 0.083030  0.009766 0.479476 1 1 1.000000
0  -39.832569 -70.732414 8.272076  -0.951356 -0.307017 0.025720  0.990265 0.481429 1 1 1.000000
0  -39.901386 -70.484665 8.340896  -0.647818 -0.683519 0.336353  0.990265 0.523423 1 1 1.000000
skin_0dam
0  -39.901386 -70.484665 8.340896  -0.647818 -0.683519 0.336353  0.990265 0.523423 1 1 1.000000
0  -39.942680 -70.553482 8.161965  -0.690472 -0.687353 0.225374  0.009766 0.517563 1 1 1.000000
0  -39.832569 -70.773705 8.093146  -0.904279 -0.418791 0.083030  0.009766 0.479476 1 1 1.000000
skin_0dam
0  -37.024742 -78.674156 -0.674426  -0.952056 -0.297626 -0.070776  0.961943 0.840815 1 1 1.000000
0  -36.198914 -81.220467 -0.701954  -0.918079 -0.389838 -0.071818  0.961943 0.850581 1 1 1.000000
0  -36.322788 -81.275520 1.569081  -0.913692 -0.402478 -0.056380  0.949248 0.850581 1 1 1.000000
skin_0dam
0  -36.322788 -81.275520 1.569081  -0.913692 -0.402478 -0.056380  0.949248 0.850581 1 1 1.000000
0  -37.231201 -78.687920 1.858122  -0.946827 -0.313520 -0.072276  0.947295 0.840815 1 1 1.000000
0  -37.024742 -78.674156 -0.674426  -0.952056 -0.297626 -0.070776  0.961943 0.840815 1 1 1.000000
skin_0dam
0  -37.010979 -78.687920 -0.894647  -0.718487 -0.219669 -0.659941  0.962920 0.840815 1 1 1.000000
0  -36.185150 -81.206703 -0.894647  -0.733009 -0.304776 -0.608119  0.962920 0.850581 1 1 1.000000
0  -36.198914 -81.220467 -0.701954  -0.918079 -0.389838 -0.071818  0.961943 0.850581 1 1 1.000000
skin_0dam
0  -36.198914 -81.220467 -0.701954  -0.918079 -0.389838 -0.071818  0.961943 0.850581 1 1 1.000000
0  -37.024742 -78.674156 -0.674426  -0.952056 -0.297626 -0.070776  0.961943 0.840815 1 1 1.000000
0  -37.010979 -78.687920 -0.894647  -0.718487 -0.219669 -0.659941  0.962920 0.840815 1 1 1.000000
skin_0dam
0  -36.019985 -81.137886 -0.949703  -0.286295 -0.121086 -0.950460  0.963897 0.850581 1 1 1.000000
0  -36.185150 -81.206703 -0.894647  -0.733009 -0.304776 -0.608119  0.962920 0.850581 1 1 1.000000
0  -37.010979 -78.687920 -0.894647  -0.718487 -0.219669 -0.659941  0.962920 0.840815 1 1 1.000000
skin_0dam
0  -37.010979 -78.687920 -0.894647  -0.718487 -0.219669 -0.659941  0.962920 0.840815 1 1 1.000000
0  -36.776997 -78.660393 -0.949703  -0.188180 -0.053224 -0.980691  0.963897 0.840815 1 1 1.000000
0  -36.019985 -81.137886 -0.949703  -0.286295 -0.121086 -0.950460  0.963897 0.850581 1 1 1.000000
skin_0dam
0  -36.405373 -81.509506 4.748530  -0.903713 -0.424717 -0.054022  0.931669 0.851558 1 1 1.000000
0  -37.616592 -78.371353 5.684472  -0.938261 -0.345781 -0.010139  0.925810 0.839839 1 1 1.000000
0  -37.478951 -78.687920 4.968752  -0.941157 -0.333496 -0.054808  0.929716 0.840815 1 1 1.000000
skin_0dam
0  -37.478951 -78.687920 4.968752  -0.941157 -0.333496 -0.054808  0.929716 0.840815 1 1 1.000000
0  -36.391609 -81.468216 4.280560  -0.903742 -0.424645 -0.054107  0.933622 0.851558 1 1 1.000000
0  -36.405373 -81.509506 4.748530  -0.903713 -0.424717 -0.054022  0.931669 0.851558 1 1 1.000000
skin_0dam
0  -37.231201 -78.687920 1.858122  -0.946827 -0.313520 -0.072276  0.947295 0.840815 1 1 1.000000
0  -37.286259 -78.522758 1.885650  -0.990428 -0.112943 -0.079351  0.947295 0.840815 1 1 1.000000
0  -37.079800 -78.508995 -0.674426  -0.992162 -0.098058 -0.077454  0.961943 0.840815 1 1 1.000000
skin_0dam
0  -37.079800 -78.508995 -0.674426  -0.992162 -0.098058 -0.077454  0.961943 0.840815 1 1 1.000000
0  -37.024742 -78.674156 -0.674426  -0.952056 -0.297626 -0.070776  0.961943 0.840815 1 1 1.000000
0  -37.231201 -78.687920 1.858122  -0.946827 -0.313520 -0.072276  0.947295 0.840815 1 1 1.000000
skin_0dam
0  -37.024742 -78.674156 -0.674426  -0.952056 -0.297626 -0.070776  0.961943 0.840815 1 1 1.000000
0  -37.079800 -78.508995 -0.674426  -0.992162 -0.098058 -0.077454  0.961943 0.840815 1 1 1.000000
0  -37.052273 -78.522758 -0.894647  -0.754938 -0.040158 -0.654565  0.962920 0.840815 1 1 1.000000
skin_0dam
0  -37.052273 -78.522758 -0.894647  -0.754938 -0.040158 -0.654565  0.962920 0.840815 1 1 1.000000
0  -37.010979 -78.687920 -0.894647  -0.718487 -0.219669 -0.659941  0.962920 0.840815 1 1 1.000000
0  -37.024742 -78.674156 -0.674426  -0.952056 -0.297626 -0.070776  0.961943 0.840815 1 1 1.000000
skin_0dam
0  -37.052273 -78.522758 -0.894647  -0.754938 -0.040158 -0.654565  0.962920 0.840815 1 1 1.000000
0  -36.832054 -78.495224 -0.949703  -0.256513 -0.014178 -0.966437  0.963897 0.840815 1 1 1.000000
0  -36.776997 -78.660393 -0.949703  -0.188180 -0.053224 -0.980691  0.963897 0.840815 1 1 1.000000
skin_0dam
0  -36.776997 -78.660393 -0.949703  -0.188180 -0.053224 -0.980691  0.963897 0.840815 1 1 1.000000
0  -37.010979 -78.687920 -0.894647  -0.718487 -0.219669 -0.659941  0.962920 0.840815 1 1 1.000000
0  -37.052273 -78.522758 -0.894647  -0.754938 -0.040158 -0.654565  0.962920 0.840815 1 1 1.000000
skin_0dam
0  -37.534008 -78.522758 5.037571  -0.982025 -0.164380 -0.092770  0.929716 0.840815 1 1 1.000000
0  -37.478951 -78.687920 4.968752  -0.941157 -0.333496 -0.054808  0.929716 0.840815 1 1 1.000000
0  -37.616592 -78.371353 5.684472  -0.938261 -0.345781 -0.010139  0.925810 0.839839 1 1 1.000000
skin_0dam
0  -37.616592 -78.371353 5.684472  -0.938261 -0.345781 -0.010139  0.925810 0.839839 1 1 1.000000
0  -37.644119 -78.275002 5.560597  -0.969028 -0.201897 -0.142208  0.926786 0.839839 1 1 1.000000
0  -37.534008 -78.522758 5.037571  -0.982025 -0.164380 -0.092770  0.929716 0.840815 1 1 1.000000
skin_0dam
0  -37.644119 -78.275002 5.560597  -0.969028 -0.201897 -0.142208  0.926786 0.839839 1 1 1.000000
0  -37.616592 -78.371353 5.684472  -0.938261 -0.345781 -0.010139  0.925810 0.839839 1 1 1.000000
0  -37.795521 -77.862091 6.111152  -0.938512 -0.345191 -0.006215  0.923856 0.837886 1 1 1.000000
skin_0dam
0  -37.795521 -77.862091 6.111152  -0.938512 -0.345191 -0.006215  0.923856 0.837886 1 1 1.000000
0  -37.823051 -77.793266 5.987277  -0.962276 -0.217231 -0.163813  0.923856 0.837886 1 1 1.000000
0  -37.644119 -78.275002 5.560597  -0.969028 -0.201897 -0.142208  0.926786 0.839839 1 1 1.000000
skin_0dam
0  -37.478951 -78.687920 4.968752  -0.941157 -0.333496 -0.054808  0.929716 0.840815 1 1 1.000000
0  -37.534008 -78.522758 5.037571  -0.982025 -0.164380 -0.092770  0.929716 0.840815 1 1 1.000000
0  -37.286259 -78.522758 1.885650  -0.990428 -0.112943 -0.079351  0.947295 0.840815 1 1 1.000000
skin_0dam
0  -37.286259 -78.522758 1.885650  -0.990428 -0.112943 -0.079351  0.947295 0.840815 1 1 1.000000
0  -37.231201 -78.687920 1.858122  -0.946827 -0.313520 -0.072276  0.947295 0.840815 1 1 1.000000
0  -37.478951 -78.687920 4.968752  -0.941157 -0.333496 -0.054808  0.929716 0.840815 1 1 1.000000
skin_0dam
0  -37.066036 -78.330063 -0.660662  -0.993360 0.090263 -0.071341  0.990265 0.133763 1 1 1.000000
0  -37.079800 -78.508995 -0.674426  -0.992162 -0.098058 -0.077454  0.009766 0.132786 1 1 1.000000
0  -37.286259 -78.522758 1.885650  -0.990428 -0.112943 -0.079351  0.009766 0.273415 1 1 1.000000
skin_0dam
0  -37.286259 -78.522758 1.885650  -0.990428 -0.112943 -0.079351  0.009766 0.273415 1 1 1.000000
0  -37.272495 -78.343826 1.899414  -0.993841 0.077675 -0.079035  0.990265 0.275369 1 1 1.000000
0  -37.066036 -78.330063 -0.660662  -0.993360 0.090263 -0.071341  0.990265 0.133763 1 1 1.000000
skin_0dam
0  -37.052273 -78.343826 -0.853356  -0.814358 0.086046 -0.573949  0.990265 0.126926 1 1 1.000000
0  -37.052273 -78.522758 -0.894647  -0.754938 -0.040158 -0.654565  0.009766 0.123997 1 1 1.000000
0  -37.079800 -78.508995 -0.674426  -0.992162 -0.098058 -0.077454  0.009766 0.132786 1 1 1.000000
skin_0dam
0  -37.079800 -78.508995 -0.674426  -0.992162 -0.098058 -0.077454  0.009766 0.132786 1 1 1.000000
0  -37.066036 -78.330063 -0.660662  -0.993360 0.090263 -0.071341  0.990265 0.133763 1 1 1.000000
0  -37.052273 -78.343826 -0.853356  -0.814358 0.086046 -0.573949  0.990265 0.126926 1 1 1.000000
skin_0dam
0  -36.832054 -78.495224 -0.949703  -0.256513 -0.014178 -0.966437  0.009766 0.120090 1 1 1.000000
0  -37.052273 -78.522758 -0.894647  -0.754938 -0.040158 -0.654565  0.009766 0.123997 1 1 1.000000
0  -37.052273 -78.343826 -0.853356  -0.814358 0.086046 -0.573949  0.990265 0.126926 1 1 1.000000
skin_0dam
0  -37.052273 -78.343826 -0.853356  -0.814358 0.086046 -0.573949  0.990265 0.126926 1 1 1.000000
0  -36.873344 -78.330063 -0.949703  -0.424103 -0.127633 -0.896575  0.990265 0.123020 1 1 1.000000
0  -36.832054 -78.495224 -0.949703  -0.256513 -0.014178 -0.966437  0.009766 0.120090 1 1 1.000000
skin_0dam
0  -37.644119 -78.275002 5.560597  -0.969028 -0.201897 -0.142208  0.009766 0.508774 1 1 1.000000
0  -37.616592 -78.137367 5.464251  -0.961127 -0.021581 -0.275263  0.990265 0.508774 1 1 1.000000
0  -37.520245 -78.330063 5.037571  -0.985896 0.045218 -0.161134  0.990265 0.433576 1 1 1.000000
skin_0dam
0  -37.520245 -78.330063 5.037571  -0.985896 0.045218 -0.161134  0.990265 0.433576 1 1 1.000000
0  -37.534008 -78.522758 5.037571  -0.982025 -0.164380 -0.092770  0.009766 0.433576 1 1 1.000000
0  -37.644119 -78.275002 5.560597  -0.969028 -0.201897 -0.142208  0.009766 0.508774 1 1 1.000000
skin_0dam
0  -37.823051 -77.793266 5.987277  -0.962276 -0.217231 -0.163813  0.009766 0.542955 1 1 1.000000
0  -37.781757 -77.696922 5.863402  -0.939800 -0.054099 -0.337417  0.990265 0.541002 1 1 1.000000
0  -37.616592 -78.137367 5.464251  -0.961127 -0.021581 -0.275263  0.990265 0.508774 1 1 1.000000
skin_0dam
0  -37.616592 -78.137367 5.464251  -0.961127 -0.021581 -0.275263  0.990265 0.508774 1 1 1.000000
0  -37.644119 -78.275002 5.560597  -0.969028 -0.201897 -0.142208  0.009766 0.508774 1 1 1.000000
0  -37.823051 -77.793266 5.987277  -0.962276 -0.217231 -0.163813  0.009766 0.542955 1 1 1.000000
skin_0dam
0  -37.272495 -78.343826 1.899414  -0.993841 0.077675 -0.079035  0.990265 0.275369 1 1 1.000000
0  -37.286259 -78.522758 1.885650  -0.990428 -0.112943 -0.079351  0.009766 0.273415 1 1 1.000000
0  -37.534008 -78.522758 5.037571  -0.982025 -0.164380 -0.092770  0.009766 0.433576 1 1 1.000000
skin_0dam
0  -37.534008 -78.522758 5.037571  -0.982025 -0.164380 -0.092770  0.009766 0.433576 1 1 1.000000
0  -37.520245 -78.330063 5.037571  -0.985896 0.045218 -0.161134  0.990265 0.433576 1 1 1.000000
0  -37.272495 -78.343826 1.899414  -0.993841 0.077675 -0.079035  0.990265 0.275369 1 1 1.000000
skin_0dam
0  -37.616592 -78.371353 5.684472  -0.938261 -0.345781 -0.010139  0.925810 0.839839 1 1 1.000000
0  -36.405373 -81.523270 4.844878  -0.904588 -0.422707 -0.055135  0.930692 0.851558 1 1 1.000000
0  -36.405373 -81.537033 4.954988  -0.906899 -0.418075 -0.052420  0.929716 0.851558 1 1 1.000000
skin_0dam
0  -36.405373 -81.537033 4.954988  -0.906899 -0.418075 -0.052420  0.929716 0.851558 1 1 1.000000
0  -37.795521 -77.862091 6.111152  -0.938512 -0.345191 -0.006215  0.923856 0.837886 1 1 1.000000
0  -37.616592 -78.371353 5.684472  -0.938261 -0.345781 -0.010139  0.925810 0.839839 1 1 1.000000
skin_0dam
0  -34.561016 -84.606377 3.853880  -0.811218 -0.583698 -0.034964  0.695334 0.920896 1 1 1.000000
0  -36.405373 -81.509506 4.748530  -0.903713 -0.424717 -0.054022  0.705100 0.917966 1 1 1.000000
0  -36.391609 -81.468216 4.280560  -0.903742 -0.424645 -0.054107  0.705100 0.918943 1 1 1.000000
skin_0dam
0  -36.391609 -81.468216 4.280560  -0.903742 -0.424645 -0.054107  0.705100 0.918943 1 1 1.000000
0  -34.561016 -84.578850 3.427201  -0.812830 -0.581546 -0.033334  0.695334 0.922849 1 1 1.000000
0  -34.561016 -84.606377 3.853880  -0.811218 -0.583698 -0.034964  0.695334 0.920896 1 1 1.000000
skin_0dam
0  -32.427620 -87.015053 2.601370  -0.703197 -0.710860 0.013881  0.682638 0.925779 1 1 1.000000
0  -34.561016 -84.565086 3.275799  -0.817450 -0.574809 -0.037017  0.695334 0.922849 1 1 1.000000
0  -34.588543 -84.427444 1.417679  -0.829215 -0.558313 -0.026247  0.695334 0.929685 1 1 1.000000
skin_0dam
0  -34.588543 -84.427444 1.417679  -0.829215 -0.558313 -0.026247  0.695334 0.929685 1 1 1.000000
0  -32.496437 -86.987526 1.335096  -0.712032 -0.702117 0.006457  0.683615 0.930662 1 1 1.000000
0  -32.427620 -87.015053 2.601370  -0.703197 -0.710860 0.013881  0.682638 0.925779 1 1 1.000000
skin_0dam
0  -30.252934 -88.831879 2.119635  -0.641775 -0.766891 0.001658  0.670919 0.927732 1 1 1.000000
0  -32.427620 -87.015053 2.601370  -0.703197 -0.710860 0.013881  0.682638 0.925779 1 1 1.000000
0  -32.496437 -86.987526 1.335096  -0.712032 -0.702117 0.006457  0.683615 0.930662 1 1 1.000000
skin_0dam
0  -32.496437 -86.987526 1.335096  -0.712032 -0.702117 0.006457  0.683615 0.930662 1 1 1.000000
0  -30.294224 -88.804352 1.376387  -0.643007 -0.765849 0.004107  0.670919 0.930662 1 1 1.000000
0  -30.252934 -88.831879 2.119635  -0.641775 -0.766891 0.001658  0.670919 0.927732 1 1 1.000000
skin_0dam
0  -36.391609 -81.468216 4.129158  -0.906136 -0.419020 -0.057789  0.934599 0.851558 1 1 1.000000
0  -37.478951 -78.687920 4.968752  -0.941157 -0.333496 -0.054808  0.929716 0.840815 1 1 1.000000
0  -37.231201 -78.687920 1.858122  -0.946827 -0.313520 -0.072276  0.947295 0.840815 1 1 1.000000
skin_0dam
0  -37.231201 -78.687920 1.858122  -0.946827 -0.313520 -0.072276  0.947295 0.840815 1 1 1.000000
0  -36.322788 -81.275520 1.569081  -0.913692 -0.402478 -0.056380  0.949248 0.850581 1 1 1.000000
0  -36.391609 -81.468216 4.129158  -0.906136 -0.419020 -0.057789  0.934599 0.851558 1 1 1.000000
skin_0dam
0  -30.239170 -88.845642 2.532551  -0.642878 -0.765968 0.000890  0.670919 0.925779 1 1 1.000000
0  -30.211637 -88.873169 2.560078  -0.641967 -0.766732 0.001113  0.670919 0.925779 1 1 1.000000
0  -30.252934 -88.831879 2.601370  -0.646020 -0.763124 -0.017315  0.670919 0.925779 1 1 1.000000
skin_0dam
0  -30.252934 -88.831879 2.601370  -0.646020 -0.763124 -0.017315  0.670919 0.925779 1 1 1.000000
0  -30.266697 -88.818115 2.560078  -0.643771 -0.765217 0.001128  0.670919 0.925779 1 1 1.000000
0  -30.239170 -88.845642 2.532551  -0.642878 -0.765968 0.000890  0.670919 0.925779 1 1 1.000000
skin_0dam
0  -34.561016 -84.578850 3.385910  -0.814156 -0.579642 -0.034122  0.695334 0.922849 1 1 1.000000
0  -36.391609 -81.468216 4.225504  -0.904202 -0.423613 -0.054512  0.705100 0.919919 1 1 1.000000
0  -36.391609 -81.468216 4.184213  -0.904329 -0.423346 -0.054474  0.705100 0.919919 1 1 1.000000
skin_0dam
0  -36.391609 -81.468216 4.184213  -0.904329 -0.423346 -0.054474  0.705100 0.919919 1 1 1.000000
0  -34.561016 -84.565086 3.330854  -0.814500 -0.579161 -0.034091  0.695334 0.922849 1 1 1.000000
0  -34.561016 -84.578850 3.385910  -0.814156 -0.579642 -0.034122  0.695334 0.922849 1 1 1.000000
skin_0dam
0  -32.400093 -87.028816 3.165688  -0.699946 -0.713725 -0.025921  0.682638 0.923826 1 1 1.000000
0  -34.561016 -84.606377 3.895172  -0.816005 -0.568952 -0.102126  0.695334 0.920896 1 1 1.000000
0  -34.561016 -84.606377 3.853880  -0.811218 -0.583698 -0.034964  0.695334 0.920896 1 1 1.000000
skin_0dam
0  -34.561016 -84.606377 3.853880  -0.811218 -0.583698 -0.034964  0.695334 0.920896 1 1 1.000000
0  -32.413857 -87.028816 3.110632  -0.696035 -0.717792 0.017641  0.682638 0.923826 1 1 1.000000
0  -32.400093 -87.028816 3.165688  -0.699946 -0.713725 -0.025921  0.682638 0.923826 1 1 1.000000
skin_0dam
0  -34.561016 -84.578850 3.385910  -0.814156 -0.579642 -0.034122  0.695334 0.922849 1 1 1.000000
0  -32.427620 -87.015053 2.711480  -0.697194 -0.716635 0.018847  0.682638 0.924802 1 1 1.000000
0  -32.427620 -87.015053 2.766536  -0.697173 -0.716662 0.018603  0.682638 0.924802 1 1 1.000000
skin_0dam
0  -32.427620 -87.015053 2.766536  -0.697173 -0.716662 0.018603  0.682638 0.924802 1 1 1.000000
0  -34.561016 -84.578850 3.427201  -0.812830 -0.581546 -0.033334  0.695334 0.922849 1 1 1.000000
0  -34.561016 -84.578850 3.385910  -0.814156 -0.579642 -0.034122  0.695334 0.922849 1 1 1.000000
skin_0dam
0  -30.252934 -88.831879 2.601370  -0.646020 -0.763124 -0.017315  0.670919 0.925779 1 1 1.000000
0  -32.400093 -87.028816 3.165688  -0.699946 -0.713725 -0.025921  0.682638 0.923826 1 1 1.000000
0  -32.413857 -87.028816 3.110632  -0.696035 -0.717792 0.017641  0.682638 0.923826 1 1 1.000000
skin_0dam
0  -32.413857 -87.028816 3.110632  -0.696035 -0.717792 0.017641  0.682638 0.923826 1 1 1.000000
0  -30.266697 -88.818115 2.560078  -0.643771 -0.765217 0.001128  0.670919 0.925779 1 1 1.000000
0  -30.252934 -88.831879 2.601370  -0.646020 -0.763124 -0.017315  0.670919 0.925779 1 1 1.000000
skin_0dam
0  -32.427620 -87.015053 2.711480  -0.697194 -0.716635 0.018847  0.682638 0.924802 1 1 1.000000
0  -30.266697 -88.818115 2.229746  -0.642914 -0.765938 0.000840  0.670919 0.926756 1 1 1.000000
0  -30.280460 -88.818115 2.271037  -0.642562 -0.766233 0.000639  0.670919 0.926756 1 1 1.000000
skin_0dam
0  -30.280460 -88.818115 2.271037  -0.642562 -0.766233 0.000639  0.670919 0.926756 1 1 1.000000
0  -32.427620 -87.015053 2.766536  -0.697173 -0.716662 0.018603  0.682638 0.924802 1 1 1.000000
0  -32.427620 -87.015053 2.711480  -0.697194 -0.716635 0.018847  0.682638 0.924802 1 1 1.000000
skin_0dam
0  -36.405373 -81.509506 4.803586  -0.905662 -0.420408 -0.055078  0.705100 0.916990 1 1 1.000000
0  -34.561016 -84.606377 3.895172  -0.816005 -0.568952 -0.102126  0.695334 0.920896 1 1 1.000000
0  -34.561016 -84.620140 3.950227  -0.817020 -0.551267 -0.169064  0.695334 0.920896 1 1 1.000000
skin_0dam
0  -34.561016 -84.620140 3.950227  -0.817020 -0.551267 -0.169064  0.695334 0.920896 1 1 1.000000
0  -36.405373 -81.523270 4.844878  -0.904588 -0.422707 -0.055135  0.705100 0.916990 1 1 1.000000
0  -36.405373 -81.509506 4.803586  -0.905662 -0.420408 -0.055078  0.705100 0.916990 1 1 1.000000
skin_0dam
0  -34.561016 -84.606377 3.895172  -0.816005 -0.568952 -0.102126  0.695334 0.920896 1 1 1.000000
0  -32.400093 -87.028816 3.165688  -0.699946 -0.713725 -0.025921  0.682638 0.923826 1 1 1.000000
0  -32.413857 -87.028816 3.206979  -0.705572 -0.704978 -0.071928  0.682638 0.923826 1 1 1.000000
skin_0dam
0  -32.413857 -87.028816 3.206979  -0.705572 -0.704978 -0.071928  0.682638 0.923826 1 1 1.000000
0  -34.561016 -84.620140 3.950227  -0.817020 -0.551267 -0.169064  0.695334 0.920896 1 1 1.000000
0  -34.561016 -84.606377 3.895172  -0.816005 -0.568952 -0.102126  0.695334 0.920896 1 1 1.000000
skin_0dam
0  -32.400093 -87.028816 3.165688  -0.699946 -0.713725 -0.025921  0.682638 0.923826 1 1 1.000000
0  -30.252934 -88.831879 2.601370  -0.646020 -0.763124 -0.017315  0.670919 0.925779 1 1 1.000000
0  -30.239170 -88.845642 2.642661  -0.648154 -0.760669 -0.035770  0.670919 0.925779 1 1 1.000000
skin_0dam
0  -30.239170 -88.845642 2.642661  -0.648154 -0.760669 -0.035770  0.670919 0.925779 1 1 1.000000
0  -32.413857 -87.028816 3.206979  -0.705572 -0.704978 -0.071928  0.682638 0.923826 1 1 1.000000
0  -32.400093 -87.028816 3.165688  -0.699946 -0.713725 -0.025921  0.682638 0.923826 1 1 1.000000
skin_0dam
0  -36.391609 -81.468216 4.280560  -0.903742 -0.424645 -0.054107  0.933622 0.851558 1 1 1.000000
0  -37.478951 -78.687920 4.968752  -0.941157 -0.333496 -0.054808  0.929716 0.840815 1 1 1.000000
0  -36.391609 -81.468216 4.225504  -0.904202 -0.423613 -0.054512  0.934599 0.851558 1 1 1.000000
skin_0dam
0  -37.616592 -78.371353 5.684472  -0.938261 -0.345781 -0.010139  0.925810 0.839839 1 1 1.000000
0  -36.405373 -81.509506 4.748530  -0.903713 -0.424717 -0.054022  0.931669 0.851558 1 1 1.000000
0  -36.405373 -81.509506 4.803586  -0.905662 -0.420408 -0.055078  0.930692 0.851558 1 1 1.000000
skin_0dam
0  -36.405373 -81.523270 4.844878  -0.904588 -0.422707 -0.055135  0.930692 0.851558 1 1 1.000000
0  -37.616592 -78.371353 5.684472  -0.938261 -0.345781 -0.010139  0.925810 0.839839 1 1 1.000000
0  -36.405373 -81.509506 4.803586  -0.905662 -0.420408 -0.055078  0.930692 0.851558 1 1 1.000000
skin_0dam
0  -34.561016 -84.606377 3.895172  -0.816005 -0.568952 -0.102126  0.695334 0.920896 1 1 1.000000
0  -36.405373 -81.509506 4.803586  -0.905662 -0.420408 -0.055078  0.705100 0.916990 1 1 1.000000
0  -36.405373 -81.509506 4.748530  -0.903713 -0.424717 -0.054022  0.705100 0.917966 1 1 1.000000
skin_0dam
0  -36.405373 -81.509506 4.748530  -0.903713 -0.424717 -0.054022  0.705100 0.917966 1 1 1.000000
0  -34.561016 -84.606377 3.853880  -0.811218 -0.583698 -0.034964  0.695334 0.920896 1 1 1.000000
0  -34.561016 -84.606377 3.895172  -0.816005 -0.568952 -0.102126  0.695334 0.920896 1 1 1.000000
skin_0dam
0  -34.561016 -84.578850 3.427201  -0.812830 -0.581546 -0.033334  0.695334 0.922849 1 1 1.000000
0  -36.391609 -81.468216 4.280560  -0.903742 -0.424645 -0.054107  0.705100 0.918943 1 1 1.000000
0  -36.391609 -81.468216 4.225504  -0.904202 -0.423613 -0.054512  0.705100 0.919919 1 1 1.000000
skin_0dam
0  -36.391609 -81.468216 4.225504  -0.904202 -0.423613 -0.054512  0.705100 0.919919 1 1 1.000000
0  -34.561016 -84.578850 3.385910  -0.814156 -0.579642 -0.034122  0.695334 0.922849 1 1 1.000000
0  -34.561016 -84.578850 3.427201  -0.812830 -0.581546 -0.033334  0.695334 0.922849 1 1 1.000000
skin_0dam
0  -32.427620 -87.015053 2.711480  -0.697194 -0.716635 0.018847  0.682638 0.924802 1 1 1.000000
0  -34.561016 -84.578850 3.385910  -0.814156 -0.579642 -0.034122  0.695334 0.922849 1 1 1.000000
0  -34.561016 -84.565086 3.330854  -0.814500 -0.579161 -0.034091  0.695334 0.922849 1 1 1.000000
skin_0dam
0  -34.561016 -84.565086 3.330854  -0.814500 -0.579161 -0.034091  0.695334 0.922849 1 1 1.000000
0  -32.427620 -87.015053 2.670189  -0.697460 -0.716376 0.018831  0.682638 0.925779 1 1 1.000000
0  -32.427620 -87.015053 2.711480  -0.697194 -0.716635 0.018847  0.682638 0.924802 1 1 1.000000
skin_0dam
0  -30.266697 -88.818115 2.229746  -0.642914 -0.765938 0.000840  0.670919 0.926756 1 1 1.000000
0  -32.427620 -87.015053 2.711480  -0.697194 -0.716635 0.018847  0.682638 0.924802 1 1 1.000000
0  -32.427620 -87.015053 2.670189  -0.697460 -0.716376 0.018831  0.682638 0.925779 1 1 1.000000
skin_0dam
0  -32.427620 -87.015053 2.670189  -0.697460 -0.716376 0.018831  0.682638 0.925779 1 1 1.000000
0  -30.252934 -88.831879 2.174690  -0.642982 -0.765881 0.000707  0.670919 0.927732 1 1 1.000000
0  -30.266697 -88.818115 2.229746  -0.642914 -0.765938 0.000840  0.670919 0.926756 1 1 1.000000
skin_0dam
0  -37.478951 -78.687920 4.968752  -0.941157 -0.333496 -0.054808  0.929716 0.840815 1 1 1.000000
0  -36.391609 -81.468216 4.184213  -0.904329 -0.423346 -0.054474  0.934599 0.851558 1 1 1.000000
0  -36.391609 -81.468216 4.225504  -0.904202 -0.423613 -0.054512  0.934599 0.851558 1 1 1.000000
skin_0dam
0  -30.252934 -88.831879 2.298565  -0.642968 -0.765892 0.000860  0.670919 0.926756 1 1 1.000000
0  -30.225407 -88.859406 2.243510  -0.643311 -0.765604 0.001039  0.670919 0.926756 1 1 1.000000
0  -30.211637 -88.873169 2.560078  -0.641967 -0.766732 0.001113  0.670919 0.925779 1 1 1.000000
skin_0dam
0  -30.211637 -88.873169 2.560078  -0.641967 -0.766732 0.001113  0.670919 0.925779 1 1 1.000000
0  -30.239170 -88.845642 2.532551  -0.642878 -0.765968 0.000890  0.670919 0.925779 1 1 1.000000
0  -30.252934 -88.831879 2.298565  -0.642968 -0.765892 0.000860  0.670919 0.926756 1 1 1.000000
skin_0dam
0  -37.478951 -78.687920 4.968752  -0.941157 -0.333496 -0.054808  0.929716 0.840815 1 1 1.000000
0  -36.391609 -81.468216 4.129158  -0.906136 -0.419020 -0.057789  0.934599 0.851558 1 1 1.000000
0  -36.391609 -81.468216 4.184213  -0.904329 -0.423346 -0.054474  0.934599 0.851558 1 1 1.000000
skin_0dam
0  -36.391609 -81.468216 4.184213  -0.904329 -0.423346 -0.054474  0.705100 0.919919 1 1 1.000000
0  -36.391609 -81.468216 4.129158  -0.906136 -0.419020 -0.057789  0.705100 0.919919 1 1 1.000000
0  -34.561016 -84.565086 3.275799  -0.817450 -0.574809 -0.037017  0.695334 0.922849 1 1 1.000000
skin_0dam
0  -34.561016 -84.565086 3.275799  -0.817450 -0.574809 -0.037017  0.695334 0.922849 1 1 1.000000
0  -34.561016 -84.565086 3.330854  -0.814500 -0.579161 -0.034091  0.695334 0.922849 1 1 1.000000
0  -36.391609 -81.468216 4.184213  -0.904329 -0.423346 -0.054474  0.705100 0.919919 1 1 1.000000
skin_0dam
0  -34.561016 -84.565086 3.275799  -0.817450 -0.574809 -0.037017  0.695334 0.922849 1 1 1.000000
0  -32.427620 -87.015053 2.601370  -0.703197 -0.710860 0.013881  0.682638 0.925779 1 1 1.000000
0  -32.427620 -87.015053 2.670189  -0.697460 -0.716376 0.018831  0.682638 0.925779 1 1 1.000000
skin_0dam
0  -32.427620 -87.015053 2.670189  -0.697460 -0.716376 0.018831  0.682638 0.925779 1 1 1.000000
0  -34.561016 -84.565086 3.330854  -0.814500 -0.579161 -0.034091  0.695334 0.922849 1 1 1.000000
0  -34.561016 -84.565086 3.275799  -0.817450 -0.574809 -0.037017  0.695334 0.922849 1 1 1.000000
skin_0dam
0  -32.427620 -87.015053 2.601370  -0.703197 -0.710860 0.013881  0.682638 0.925779 1 1 1.000000
0  -30.252934 -88.831879 2.119635  -0.641775 -0.766891 0.001658  0.670919 0.927732 1 1 1.000000
0  -30.252934 -88.831879 2.174690  -0.642982 -0.765881 0.000707  0.670919 0.927732 1 1 1.000000
skin_0dam
0  -30.252934 -88.831879 2.174690  -0.642982 -0.765881 0.000707  0.670919 0.927732 1 1 1.000000
0  -32.427620 -87.015053 2.670189  -0.697460 -0.716376 0.018831  0.682638 0.925779 1 1 1.000000
0  -32.427620 -87.015053 2.601370  -0.703197 -0.710860 0.013881  0.682638 0.925779 1 1 1.000000
skin_0dam
0  -29.812490 -89.203499 2.491259  -0.419538 -0.907653 -0.012409  0.667989 0.925779 1 1 1.000000
0  -29.840017 -89.189735 2.133399  -0.438049 -0.898857 -0.012966  0.667989 0.927732 1 1 1.000000
0  -29.729906 -89.203499 2.105871  0.479847 -0.875388 -0.058681  0.667989 0.927732 1 1 1.000000
skin_0dam
0  -29.729906 -89.203499 2.105871  0.479847 -0.875388 -0.058681  0.667989 0.927732 1 1 1.000000
0  -29.702379 -89.217262 2.505023  0.507209 -0.860214 -0.052639  0.667989 0.925779 1 1 1.000000
0  -29.812490 -89.203499 2.491259  -0.419538 -0.907653 -0.012409  0.667989 0.925779 1 1 1.000000
skin_0dam
0  -29.702379 -89.217262 2.505023  0.507209 -0.860214 -0.052639  0.667989 0.925779 1 1 1.000000
0  -29.729906 -89.203499 2.105871  0.479847 -0.875388 -0.058681  0.667989 0.927732 1 1 1.000000
0  -29.688616 -89.093391 2.105871  0.971307 -0.230552 -0.058376  0.667013 0.927732 1 1 1.000000
skin_0dam
0  -29.688616 -89.093391 2.105871  0.971405 -0.230146 -0.058361  0.667013 0.927732 1 1 1.000000
0  -29.661083 -89.107155 2.587606  0.973719 -0.220613 -0.056590  0.667013 0.925779 1 1 1.000000
0  -29.702379 -89.217262 2.505023  0.507209 -0.860214 -0.052639  0.667989 0.925779 1 1 1.000000
skin_0dam
0  -29.688616 -89.093391 2.105871  0.971405 -0.230146 -0.058361  0.667013 0.927732 1 1 1.000000
0  -29.275700 -85.459732 2.436203  0.993920 -0.110011 -0.004414  0.665059 0.925779 1 1 1.000000
0  -29.661083 -89.107155 2.587606  0.973719 -0.220613 -0.056590  0.667013 0.925779 1 1 1.000000
skin_0dam
0  -30.252934 -88.831879 2.119635  -0.641775 -0.766891 0.001658  0.670919 0.927732 1 1 1.000000
0  -30.156584 -88.928223 2.202218  -0.643220 -0.765680 0.001585  0.669942 0.926756 1 1 1.000000
0  -30.197874 -88.886932 2.215982  -0.643457 -0.765482 0.001098  0.669942 0.926756 1 1 1.000000
skin_0dam
0  -30.197874 -88.886932 2.215982  -0.643457 -0.765482 0.001098  0.669942 0.926756 1 1 1.000000
0  -30.252934 -88.831879 2.174690  -0.642982 -0.765881 0.000707  0.670919 0.927732 1 1 1.000000
0  -30.252934 -88.831879 2.119635  -0.641775 -0.766891 0.001658  0.670919 0.927732 1 1 1.000000
skin_0dam
0  -30.266697 -88.818115 2.229746  -0.642914 -0.765938 0.000840  0.670919 0.926756 1 1 1.000000
0  -30.252934 -88.831879 2.174690  -0.642982 -0.765881 0.000707  0.670919 0.927732 1 1 1.000000
0  -30.197874 -88.886932 2.215982  -0.643457 -0.765482 0.001098  0.669942 0.926756 1 1 1.000000
skin_0dam
0  -30.197874 -88.886932 2.215982  -0.643457 -0.765482 0.001098  0.669942 0.926756 1 1 1.000000
0  -30.225407 -88.859406 2.243510  -0.643311 -0.765604 0.001039  0.670919 0.926756 1 1 1.000000
0  -30.266697 -88.818115 2.229746  -0.642914 -0.765938 0.000840  0.670919 0.926756 1 1 1.000000
skin_0dam
0  -30.129057 -88.941986 2.573842  -0.644287 -0.764594 -0.017018  0.669942 0.925779 1 1 1.000000
0  -30.184111 -88.900696 2.587606  -0.644401 -0.764495 -0.017170  0.669942 0.925779 1 1 1.000000
0  -30.197874 -88.886932 2.215982  -0.643457 -0.765482 0.001098  0.669942 0.926756 1 1 1.000000
skin_0dam
0  -30.197874 -88.886932 2.215982  -0.643457 -0.765482 0.001098  0.669942 0.926756 1 1 1.000000
0  -30.156584 -88.928223 2.202218  -0.643220 -0.765680 0.001585  0.669942 0.926756 1 1 1.000000
0  -30.129057 -88.941986 2.573842  -0.644287 -0.764594 -0.017018  0.669942 0.925779 1 1 1.000000
skin_0dam
0  -30.184111 -88.900696 2.587606  -0.644401 -0.764495 -0.017170  0.669942 0.925779 1 1 1.000000
0  -30.211637 -88.873169 2.560078  -0.641967 -0.766732 0.001113  0.670919 0.925779 1 1 1.000000
0  -30.225407 -88.859406 2.243510  -0.643311 -0.765604 0.001039  0.670919 0.926756 1 1 1.000000
skin_0dam
0  -30.225407 -88.859406 2.243510  -0.643311 -0.765604 0.001039  0.670919 0.926756 1 1 1.000000
0  -30.197874 -88.886932 2.215982  -0.643457 -0.765482 0.001098  0.669942 0.926756 1 1 1.000000
0  -30.184111 -88.900696 2.587606  -0.644401 -0.764495 -0.017170  0.669942 0.925779 1 1 1.000000
skin_0dam
0  -30.252934 -88.831879 2.601370  -0.646020 -0.763124 -0.017315  0.670919 0.925779 1 1 1.000000
0  -30.211637 -88.873169 2.560078  -0.641967 -0.766732 0.001113  0.670919 0.925779 1 1 1.000000
0  -30.184111 -88.900696 2.587606  -0.644401 -0.764495 -0.017170  0.669942 0.925779 1 1 1.000000
skin_0dam
0  -30.184111 -88.900696 2.587606  -0.644401 -0.764495 -0.017170  0.669942 0.925779 1 1 1.000000
0  -30.239170 -88.845642 2.642661  -0.648154 -0.760669 -0.035770  0.670919 0.925779 1 1 1.000000
0  -30.252934 -88.831879 2.601370  -0.646020 -0.763124 -0.017315  0.670919 0.925779 1 1 1.000000
skin_0dam
0  -30.239170 -88.845642 2.532551  -0.642878 -0.765968 0.000890  0.670919 0.925779 1 1 1.000000
0  -30.266697 -88.818115 2.560078  -0.643771 -0.765217 0.001128  0.670919 0.925779 1 1 1.000000
0  -30.280460 -88.818115 2.271037  -0.642562 -0.766233 0.000639  0.670919 0.926756 1 1 1.000000
skin_0dam
0  -30.280460 -88.818115 2.271037  -0.642562 -0.766233 0.000639  0.670919 0.926756 1 1 1.000000
0  -30.252934 -88.831879 2.298565  -0.642968 -0.765892 0.000860  0.670919 0.926756 1 1 1.000000
0  -30.239170 -88.845642 2.532551  -0.642878 -0.765968 0.000890  0.670919 0.925779 1 1 1.000000
skin_0dam
0  -30.252934 -88.831879 2.298565  -0.642968 -0.765892 0.000860  0.670919 0.926756 1 1 1.000000
0  -30.280460 -88.818115 2.271037  -0.642562 -0.766233 0.000639  0.670919 0.926756 1 1 1.000000
0  -30.266697 -88.818115 2.229746  -0.642914 -0.765938 0.000840  0.670919 0.926756 1 1 1.000000
skin_0dam
0  -30.266697 -88.818115 2.229746  -0.642914 -0.765938 0.000840  0.670919 0.926756 1 1 1.000000
0  -30.225407 -88.859406 2.243510  -0.643311 -0.765604 0.001039  0.670919 0.926756 1 1 1.000000
0  -30.252934 -88.831879 2.298565  -0.642968 -0.765892 0.000860  0.670919 0.926756 1 1 1.000000
skin_0dam
0  -30.239170 -88.859406 2.697717  -0.647525 -0.761300 -0.033667  0.670919 0.925779 1 1 1.000000
0  -30.129057 -88.941986 2.573842  -0.644287 -0.764594 -0.017018  0.669942 0.925779 1 1 1.000000
0  -29.812490 -89.203499 2.491259  -0.419538 -0.907653 -0.012409  0.667989 0.925779 1 1 1.000000
skin_0dam
0  -29.812490 -89.203499 2.491259  -0.419538 -0.907653 -0.012409  0.667989 0.925779 1 1 1.000000
0  -29.812490 -89.203499 2.587606  -0.420372 -0.907282 -0.011236  0.667989 0.925779 1 1 1.000000
0  -30.239170 -88.859406 2.697717  -0.647525 -0.761300 -0.033667  0.670919 0.925779 1 1 1.000000
skin_0dam
0  -29.812490 -89.203499 2.491259  -0.419538 -0.907653 -0.012409  0.667989 0.925779 1 1 1.000000
0  -30.129057 -88.941986 2.573842  -0.644287 -0.764594 -0.017018  0.669942 0.925779 1 1 1.000000
0  -30.156584 -88.928223 2.202218  -0.643220 -0.765680 0.001585  0.669942 0.926756 1 1 1.000000
skin_0dam
0  -30.156584 -88.928223 2.202218  -0.643220 -0.765680 0.001585  0.669942 0.926756 1 1 1.000000
0  -29.840017 -89.189735 2.133399  -0.438049 -0.898857 -0.012966  0.667989 0.927732 1 1 1.000000
0  -29.812490 -89.203499 2.491259  -0.419538 -0.907653 -0.012409  0.667989 0.925779 1 1 1.000000
skin_0dam
0  -30.156584 -88.928223 2.202218  -0.643220 -0.765680 0.001585  0.669942 0.926756 1 1 1.000000
0  -30.252934 -88.831879 2.119635  -0.641775 -0.766891 0.001658  0.670919 0.927732 1 1 1.000000
0  -29.840017 -89.189735 2.133399  -0.438049 -0.898857 -0.012966  0.667989 0.927732 1 1 1.000000
skin_0dam
0  -39.763748 -70.925110 8.038091  -0.924042 -0.379273 0.047948  0.913114 0.811518 1 1 1.000000
0  -39.777512 -70.938873 7.859161  -0.929997 -0.365521 0.038728  0.914090 0.812494 1 1 1.000000
0  -38.896626 -73.086037 7.005802  -0.942603 -0.304444 -0.137164  0.918973 0.820307 1 1 1.000000
skin_0dam
0  -38.896626 -73.086037 7.005802  -0.942603 -0.304444 -0.137164  0.918973 0.820307 1 1 1.000000
0  -38.896626 -73.223679 7.143441  -0.932341 -0.233612 -0.275981  0.917997 0.820307 1 1 1.000000
0  -39.763748 -70.925110 8.038091  -0.924042 -0.379273 0.047948  0.913114 0.811518 1 1 1.000000
skin_0dam
0  -38.057034 -75.453423 6.097388  -0.949008 -0.246821 -0.196121  0.923856 0.829096 1 1 1.000000
0  -38.153381 -75.453423 6.358901  -0.880763 -0.102369 -0.462361  0.921903 0.829096 1 1 1.000000
0  -38.896626 -73.223679 7.143441  -0.932341 -0.233612 -0.275981  0.917997 0.820307 1 1 1.000000
skin_0dam
0  -38.896626 -73.223679 7.143441  -0.932341 -0.233612 -0.275981  0.917997 0.820307 1 1 1.000000
0  -38.896626 -73.086037 7.005802  -0.942603 -0.304444 -0.137164  0.918973 0.820307 1 1 1.000000
0  -38.057034 -75.453423 6.097388  -0.949008 -0.246821 -0.196121  0.923856 0.829096 1 1 1.000000
skin_0dam
0  -38.057034 -75.453423 6.097388  -0.949008 -0.246821 -0.196121  0.923856 0.829096 1 1 1.000000
0  -37.355076 -77.407890 5.326612  -0.931686 -0.228772 -0.282178  0.927763 0.836909 1 1 1.000000
0  -37.547771 -77.476707 5.629417  -0.786144 -0.028814 -0.617372  0.926786 0.836909 1 1 1.000000
skin_0dam
0  -37.547771 -77.476707 5.629417  -0.786144 -0.028814 -0.617372  0.926786 0.836909 1 1 1.000000
0  -38.153381 -75.453423 6.358901  -0.880763 -0.102369 -0.462361  0.921903 0.829096 1 1 1.000000
0  -38.057034 -75.453423 6.097388  -0.949008 -0.246821 -0.196121  0.923856 0.829096 1 1 1.000000
skin_0dam
0  -38.153381 -75.453423 6.358901  -0.880763 -0.102369 -0.462361  0.921903 0.829096 1 1 1.000000
0  -38.318546 -75.315781 6.592886  -0.801469 -0.016107 -0.597820  0.920927 0.828120 1 1 1.000000
0  -38.869099 -73.443901 7.239787  -0.865052 -0.115118 -0.488297  0.917020 0.821284 1 1 1.000000
skin_0dam
0  -38.869099 -73.443901 7.239787  -0.865052 -0.115118 -0.488297  0.917020 0.821284 1 1 1.000000
0  -38.896626 -73.223679 7.143441  -0.932341 -0.233612 -0.275981  0.917997 0.820307 1 1 1.000000
0  -38.153381 -75.453423 6.358901  -0.880763 -0.102369 -0.462361  0.921903 0.829096 1 1 1.000000
skin_0dam
0  -38.153381 -75.453423 6.358901  -0.880763 -0.102369 -0.462361  0.921903 0.829096 1 1 1.000000
0  -37.547771 -77.476707 5.629417  -0.786144 -0.028814 -0.617372  0.926786 0.836909 1 1 1.000000
0  -37.699173 -77.614342 5.780819  -0.723222 0.040787 -0.689410  0.925810 0.836909 1 1 1.000000
skin_0dam
0  -37.699173 -77.614342 5.780819  -0.723222 0.040787 -0.689410  0.925810 0.836909 1 1 1.000000
0  -38.318546 -75.315781 6.592886  -0.801469 -0.016107 -0.597820  0.920927 0.828120 1 1 1.000000
0  -38.153381 -75.453423 6.358901  -0.880763 -0.102369 -0.462361  0.921903 0.829096 1 1 1.000000
skin_0dam
0  -38.882862 -73.099800 6.881927  -0.937400 -0.347191 -0.027193  0.918973 0.820307 1 1 1.000000
0  -38.896626 -73.086037 7.005802  -0.942603 -0.304444 -0.137164  0.918973 0.820307 1 1 1.000000
0  -39.777512 -70.938873 7.859161  -0.929997 -0.365521 0.038728  0.914090 0.812494 1 1 1.000000
skin_0dam
0  -38.057034 -75.453423 6.097388  -0.949008 -0.246821 -0.196121  0.923856 0.829096 1 1 1.000000
0  -38.896626 -73.086037 7.005802  -0.942603 -0.304444 -0.137164  0.918973 0.820307 1 1 1.000000
0  -38.882862 -73.099800 6.881927  -0.937400 -0.347191 -0.027193  0.918973 0.820307 1 1 1.000000
skin_0dam
0  -38.882862 -73.099800 6.881927  -0.937400 -0.347191 -0.027193  0.918973 0.820307 1 1 1.000000
0  -38.043270 -75.467186 5.849639  -0.944120 -0.327968 -0.032786  0.924833 0.829096 1 1 1.000000
0  -38.057034 -75.453423 6.097388  -0.949008 -0.246821 -0.196121  0.923856 0.829096 1 1 1.000000
skin_0dam
0  -37.355076 -77.407890 5.326612  -0.931686 -0.228772 -0.282178  0.927763 0.836909 1 1 1.000000
0  -38.057034 -75.453423 6.097388  -0.949008 -0.246821 -0.196121  0.923856 0.829096 1 1 1.000000
0  -38.043270 -75.467186 5.849639  -0.944120 -0.327968 -0.032786  0.924833 0.829096 1 1 1.000000
skin_0dam
0  -38.043270 -75.467186 5.849639  -0.944120 -0.327968 -0.032786  0.924833 0.829096 1 1 1.000000
0  -37.313786 -77.421654 4.996280  -0.937408 -0.339019 -0.079572  0.929716 0.836909 1 1 1.000000
0  -37.355076 -77.407890 5.326612  -0.931686 -0.228772 -0.282178  0.927763 0.836909 1 1 1.000000
skin_0dam
0  -39.282021 -71.324265 2.078344  -0.955233 -0.280030 -0.095468  0.946318 0.813471 1 1 1.000000
0  -38.607594 -73.264969 1.830595  -0.944488 -0.318794 -0.079456  0.948271 0.821284 1 1 1.000000
0  -38.772755 -73.237442 4.514545  -0.940359 -0.337183 -0.045093  0.932646 0.820307 1 1 1.000000
skin_0dam
0  -38.772755 -73.237442 4.514545  -0.940359 -0.337183 -0.045093  0.932646 0.820307 1 1 1.000000
0  -39.571056 -71.214149 5.023808  -0.950271 -0.305657 -0.059664  0.929716 0.813471 1 1 1.000000
0  -39.282021 -71.324265 2.078344  -0.955233 -0.280030 -0.095468  0.946318 0.813471 1 1 1.000000
skin_0dam
0  -39.777512 -70.883820 8.230784  -0.950718 -0.306110 -0.049324  0.990265 0.859371 1 1 1.000000
0  -39.763748 -70.925110 8.038091  -0.924042 -0.379273 0.047948  0.009766 0.828120 1 1 1.000000
0  -38.869099 -73.443901 7.239787  -0.865052 -0.115118 -0.488297  0.009766 0.560533 1 1 1.000000
skin_0dam
0  -38.869099 -73.443901 7.239787  -0.865052 -0.115118 -0.488297  0.009766 0.560533 1 1 1.000000
0  -38.525005 -75.068031 6.854399  -0.790134 -0.018998 -0.612640  0.990265 0.420881 1 1 1.000000
0  -39.777512 -70.883820 8.230784  -0.950718 -0.306110 -0.049324  0.990265 0.859371 1 1 1.000000
skin_0dam
0  -38.869099 -73.443901 7.239787  -0.865052 -0.115118 -0.488297  0.009766 0.560533 1 1 1.000000
0  -38.318546 -75.315781 6.592886  -0.801469 -0.016107 -0.597820  0.009766 0.337870 1 1 1.000000
0  -38.525005 -75.068031 6.854399  -0.790134 -0.018998 -0.612640  0.990265 0.420881 1 1 1.000000
skin_0dam
0  -38.318546 -75.315781 6.592886  -0.801469 -0.016107 -0.597820  0.009766 0.337870 1 1 1.000000
0  -37.699173 -77.614342 5.780819  -0.723222 0.040787 -0.689410  0.009766 0.103488 1 1 1.000000
0  -37.781757 -77.696922 5.863402  -0.725337 0.046627 -0.686813  0.990265 0.123997 1 1 1.000000
skin_0dam
0  -37.781757 -77.696922 5.863402  -0.725337 0.046627 -0.686813  0.990265 0.123997 1 1 1.000000
0  -38.525005 -75.068031 6.854399  -0.790134 -0.018998 -0.612640  0.990265 0.420881 1 1 1.000000
0  -38.318546 -75.315781 6.592886  -0.801469 -0.016107 -0.597820  0.009766 0.337870 1 1 1.000000
skin_0dam
0  32.468925 -87.001289 -0.867125  0.601709 -0.588708 -0.539786  0.316416 0.938475 1 1 1.000000
0  34.561031 -84.372391 -0.867125  0.692717 -0.454528 -0.559953  0.304697 0.938475 1 1 1.000000
0  34.574795 -84.372391 -0.701959  0.836510 -0.545529 -0.051478  0.304697 0.938475 1 1 1.000000
skin_0dam
0  34.574795 -84.372391 -0.701959  0.836510 -0.545529 -0.051478  0.304697 0.938475 1 1 1.000000
0  32.468925 -87.001289 -0.688195  0.714218 -0.699895 -0.006265  0.316416 0.938475 1 1 1.000000
0  32.468925 -87.001289 -0.867125  0.601709 -0.588708 -0.539786  0.316416 0.938475 1 1 1.000000
skin_0dam
0  30.335529 -88.790588 -0.894652  0.517497 -0.611281 -0.598776  0.328135 0.938475 1 1 1.000000
0  32.468925 -87.001289 -0.867125  0.601709 -0.588708 -0.539786  0.316416 0.938475 1 1 1.000000
0  32.468925 -87.001289 -0.688195  0.714218 -0.699895 -0.006265  0.316416 0.938475 1 1 1.000000
skin_0dam
0  32.468925 -87.001289 -0.688195  0.714218 -0.699895 -0.006265  0.316416 0.938475 1 1 1.000000
0  30.349293 -88.776825 -0.688195  0.644305 -0.764646 -0.013670  0.328135 0.938475 1 1 1.000000
0  30.335529 -88.790588 -0.894652  0.517497 -0.611281 -0.598776  0.328135 0.938475 1 1 1.000000
skin_0dam
0  34.561031 -84.372391 -0.867125  0.692717 -0.454528 -0.559953  0.304697 0.938475 1 1 1.000000
0  36.185165 -81.206703 -0.894653  0.733349 -0.304175 -0.608011  0.294931 0.938475 1 1 1.000000
0  36.198929 -81.220467 -0.701959  0.918569 -0.387595 -0.077470  0.294931 0.938475 1 1 1.000000
skin_0dam
0  36.198929 -81.220467 -0.701959  0.918569 -0.387595 -0.077470  0.294931 0.938475 1 1 1.000000
0  34.574795 -84.372391 -0.701959  0.836510 -0.545529 -0.051478  0.304697 0.938475 1 1 1.000000
0  34.561031 -84.372391 -0.867125  0.692717 -0.454528 -0.559953  0.304697 0.938475 1 1 1.000000
skin_0dam
0  32.317528 -86.836113 -0.963472  0.279471 -0.267300 -0.922197  0.317392 0.939451 1 1 1.000000
0  34.409630 -84.248520 -0.963472  0.343231 -0.224368 -0.912059  0.305673 0.939451 1 1 1.000000
0  34.561031 -84.372391 -0.867125  0.692717 -0.454528 -0.559953  0.304697 0.938475 1 1 1.000000
skin_0dam
0  34.561031 -84.372391 -0.867125  0.692717 -0.454528 -0.559953  0.304697 0.938475 1 1 1.000000
0  32.468925 -87.001289 -0.867125  0.601709 -0.588708 -0.539786  0.316416 0.938475 1 1 1.000000
0  32.317528 -86.836113 -0.963472  0.279471 -0.267300 -0.922197  0.317392 0.939451 1 1 1.000000
skin_0dam
0  29.977667 -89.065857 -0.908416  0.402339 -0.639895 -0.654720  0.330088 0.938475 1 1 1.000000
0  30.018959 -88.831879 -0.949708  0.005908 -0.135436 -0.990768  0.330088 0.939451 1 1 1.000000
0  30.335529 -88.790588 -0.894652  0.517497 -0.611281 -0.598776  0.328135 0.938475 1 1 1.000000
skin_0dam
0  36.185165 -81.206703 -0.894653  0.733349 -0.304175 -0.608011  0.294931 0.938475 1 1 1.000000
0  34.561031 -84.372391 -0.867125  0.692717 -0.454528 -0.559953  0.304697 0.938475 1 1 1.000000
0  34.409630 -84.248520 -0.963472  0.343231 -0.224368 -0.912059  0.305673 0.939451 1 1 1.000000
skin_0dam
0  34.409630 -84.248520 -0.963472  0.343231 -0.224368 -0.912059  0.305673 0.939451 1 1 1.000000
0  36.020000 -81.137886 -0.949708  0.286287 -0.121089 -0.950462  0.295907 0.939451 1 1 1.000000
0  36.185165 -81.206703 -0.894653  0.733349 -0.304175 -0.608011  0.294931 0.938475 1 1 1.000000
skin_0dam
0  29.840033 -89.189735 -0.688195  -0.261382 -0.949314 -0.174592  0.331065 0.938475 1 1 1.000000
0  29.950142 -89.134682 -0.688195  0.548559 -0.833059 -0.071386  0.331065 0.938475 1 1 1.000000
0  29.881323 -89.162209 1.376383  0.473805 -0.880627 0.001987  0.331065 0.930662 1 1 1.000000
skin_0dam
0  29.881323 -89.162209 1.376383  0.473805 -0.880627 0.001987  0.331065 0.930662 1 1 1.000000
0  29.771212 -89.189735 1.362619  -0.428055 -0.903337 -0.027396  0.332041 0.930662 1 1 1.000000
0  29.840033 -89.189735 -0.688195  -0.261382 -0.949314 -0.174592  0.331065 0.938475 1 1 1.000000
skin_0dam
0  29.729921 -89.203499 2.105867  -0.479838 -0.875391 -0.058695  0.332041 0.927732 1 1 1.000000
0  29.771212 -89.189735 1.362619  -0.428055 -0.903337 -0.027396  0.332041 0.930662 1 1 1.000000
0  29.881323 -89.162209 1.376383  0.473805 -0.880627 0.001987  0.331065 0.930662 1 1 1.000000
skin_0dam
0  29.881323 -89.162209 1.376383  0.473805 -0.880627 0.001987  0.331065 0.930662 1 1 1.000000
0  29.840033 -89.189735 2.133394  0.437571 -0.899098 -0.012421  0.331065 0.927732 1 1 1.000000
0  29.729921 -89.203499 2.105867  -0.479838 -0.875391 -0.058695  0.332041 0.927732 1 1 1.000000
skin_0dam
0  29.771212 -89.189735 1.362619  -0.428055 -0.903337 -0.027396  0.332041 0.930662 1 1 1.000000
0  29.729921 -89.079628 1.335091  -0.967326 -0.250413 -0.039668  0.332041 0.930662 1 1 1.000000
0  29.784977 -89.107155 -0.688195  -0.923581 -0.350175 -0.156124  0.331065 0.938475 1 1 1.000000
skin_0dam
0  29.784977 -89.107155 -0.688195  -0.923581 -0.350175 -0.156124  0.331065 0.938475 1 1 1.000000
0  29.840033 -89.189735 -0.688195  -0.261382 -0.949314 -0.174592  0.331065 0.938475 1 1 1.000000
0  29.771212 -89.189735 1.362619  -0.428055 -0.903337 -0.027396  0.332041 0.930662 1 1 1.000000
skin_0dam
0  29.688631 -89.093391 2.105867  -0.971313 -0.230523 -0.058399  0.332041 0.927732 1 1 1.000000
0  29.729921 -89.079628 1.335091  -0.967326 -0.250413 -0.039668  0.332041 0.930662 1 1 1.000000
0  29.771212 -89.189735 1.362619  -0.428055 -0.903337 -0.027396  0.332041 0.930662 1 1 1.000000
skin_0dam
0  29.771212 -89.189735 1.362619  -0.428055 -0.903337 -0.027396  0.332041 0.930662 1 1 1.000000
0  29.729921 -89.203499 2.105867  -0.479838 -0.875391 -0.058695  0.332041 0.927732 1 1 1.000000
0  29.688631 -89.093391 2.105867  -0.971313 -0.230523 -0.058399  0.332041 0.927732 1 1 1.000000
skin_0dam
0  29.729921 -89.079628 1.335091  -0.967326 -0.250413 -0.039668  0.332041 0.930662 1 1 1.000000
0  29.275711 -85.459732 2.436199  -0.993842 -0.109073 -0.019530  0.333995 0.925779 1 1 1.000000
0  29.399588 -85.377151 -0.784542  -0.978242 -0.107551 -0.177410  0.333995 0.938475 1 1 1.000000
skin_0dam
0  29.399588 -85.377151 -0.784542  -0.978242 -0.107551 -0.177410  0.333995 0.938475 1 1 1.000000
0  29.784977 -89.107155 -0.688195  -0.923581 -0.350175 -0.156124  0.331065 0.938475 1 1 1.000000
0  29.729921 -89.079628 1.335091  -0.967326 -0.250413 -0.039668  0.332041 0.930662 1 1 1.000000
skin_0dam
0  29.468407 -85.322098 -1.004763  -0.595094 -0.081635 -0.799499  0.333018 0.939451 1 1 1.000000
0  29.812504 -89.024567 -0.908416  -0.677406 -0.233415 -0.697595  0.331065 0.938475 1 1 1.000000
0  29.784977 -89.107155 -0.688195  -0.923581 -0.350175 -0.156124  0.331065 0.938475 1 1 1.000000
skin_0dam
0  29.784977 -89.107155 -0.688195  -0.923581 -0.350175 -0.156124  0.331065 0.938475 1 1 1.000000
0  29.399588 -85.377151 -0.784542  -0.978242 -0.107551 -0.177410  0.333995 0.938475 1 1 1.000000
0  29.468407 -85.322098 -1.004763  -0.595094 -0.081635 -0.799499  0.333018 0.939451 1 1 1.000000
skin_0dam
0  29.716156 -85.211990 -1.059819  -0.196770 -0.045197 -0.979407  0.332041 0.939451 1 1 1.000000
0  30.018959 -88.831879 -0.949708  0.005908 -0.135436 -0.990768  0.330088 0.939451 1 1 1.000000
0  29.812504 -89.024567 -0.908416  -0.677406 -0.233415 -0.697595  0.331065 0.938475 1 1 1.000000
skin_0dam
0  29.812504 -89.024567 -0.908416  -0.677406 -0.233415 -0.697595  0.331065 0.938475 1 1 1.000000
0  29.468407 -85.322098 -1.004763  -0.595094 -0.081635 -0.799499  0.333018 0.939451 1 1 1.000000
0  29.716156 -85.211990 -1.059819  -0.196770 -0.045197 -0.979407  0.332041 0.939451 1 1 1.000000
skin_0dam
0  30.018959 -88.831879 -0.949708  0.005908 -0.135436 -0.990768  0.330088 0.939451 1 1 1.000000
0  29.977667 -89.065857 -0.908416  0.402339 -0.639895 -0.654720  0.330088 0.938475 1 1 1.000000
0  29.881321 -89.120918 -0.908416  -0.148986 -0.721607 -0.676082  0.331065 0.938475 1 1 1.000000
skin_0dam
0  29.881321 -89.120918 -0.908416  -0.148986 -0.721607 -0.676082  0.331065 0.938475 1 1 1.000000
0  29.977667 -89.065857 -0.908416  0.402339 -0.639895 -0.654720  0.330088 0.938475 1 1 1.000000
0  29.950142 -89.134682 -0.688195  0.548559 -0.833059 -0.071386  0.331065 0.938475 1 1 1.000000
skin_0dam
0  29.950142 -89.134682 -0.688195  0.548559 -0.833059 -0.071386  0.331065 0.938475 1 1 1.000000
0  29.840033 -89.189735 -0.688195  -0.261382 -0.949314 -0.174592  0.331065 0.938475 1 1 1.000000
0  29.881321 -89.120918 -0.908416  -0.148986 -0.721607 -0.676082  0.331065 0.938475 1 1 1.000000
skin_0dam
0  29.840033 -89.189735 -0.688195  -0.261382 -0.949314 -0.174592  0.331065 0.938475 1 1 1.000000
0  29.784977 -89.107155 -0.688195  -0.923581 -0.350175 -0.156124  0.331065 0.938475 1 1 1.000000
0  29.812504 -89.024567 -0.908416  -0.677406 -0.233415 -0.697595  0.331065 0.938475 1 1 1.000000
skin_0dam
0  29.812504 -89.024567 -0.908416  -0.677406 -0.233415 -0.697595  0.331065 0.938475 1 1 1.000000
0  29.881321 -89.120918 -0.908416  -0.148986 -0.721607 -0.676082  0.331065 0.938475 1 1 1.000000
0  29.840033 -89.189735 -0.688195  -0.261382 -0.949314 -0.174592  0.331065 0.938475 1 1 1.000000
skin_0dam
0  29.881321 -89.120918 -0.908416  -0.148986 -0.721607 -0.676082  0.331065 0.938475 1 1 1.000000
0  29.812504 -89.024567 -0.908416  -0.677406 -0.233415 -0.697595  0.331065 0.938475 1 1 1.000000
0  30.018959 -88.831879 -0.949708  0.005908 -0.135436 -0.990768  0.330088 0.939451 1 1 1.000000
skin_0dam
0  30.349293 -88.776825 -0.688195  0.644305 -0.764646 -0.013670  0.328135 0.938475 1 1 1.000000
0  32.468925 -87.001289 -0.688195  0.714218 -0.699895 -0.006265  0.316416 0.938475 1 1 1.000000
0  32.496452 -86.987526 1.335091  0.706933 -0.707271 0.003639  0.316416 0.930662 1 1 1.000000
skin_0dam
0  32.496452 -86.987526 1.335091  0.706933 -0.707271 0.003639  0.316416 0.930662 1 1 1.000000
0  30.294239 -88.804352 1.376383  0.643855 -0.765123 0.006143  0.329112 0.930662 1 1 1.000000
0  30.349293 -88.776825 -0.688195  0.644305 -0.764646 -0.013670  0.328135 0.938475 1 1 1.000000
skin_0dam
0  34.588558 -84.427444 1.417674  0.828330 -0.559540 -0.028011  0.304697 0.929685 1 1 1.000000
0  32.496452 -86.987526 1.335091  0.706933 -0.707271 0.003639  0.316416 0.930662 1 1 1.000000
0  32.468925 -87.001289 -0.688195  0.714218 -0.699895 -0.006265  0.316416 0.938475 1 1 1.000000
skin_0dam
0  32.468925 -87.001289 -0.688195  0.714218 -0.699895 -0.006265  0.316416 0.938475 1 1 1.000000
0  34.574795 -84.372391 -0.701959  0.836510 -0.545529 -0.051478  0.304697 0.938475 1 1 1.000000
0  34.588558 -84.427444 1.417674  0.828330 -0.559540 -0.028011  0.304697 0.929685 1 1 1.000000
skin_0dam
0  30.294239 -88.804352 1.376383  0.643855 -0.765123 0.006143  0.329112 0.930662 1 1 1.000000
0  29.881323 -89.162209 1.376383  0.473805 -0.880627 0.001987  0.331065 0.930662 1 1 1.000000
0  29.950142 -89.134682 -0.688195  0.548559 -0.833059 -0.071386  0.331065 0.938475 1 1 1.000000
skin_0dam
0  29.950142 -89.134682 -0.688195  0.548559 -0.833059 -0.071386  0.331065 0.938475 1 1 1.000000
0  30.349293 -88.776825 -0.688195  0.644305 -0.764646 -0.013670  0.328135 0.938475 1 1 1.000000
0  30.294239 -88.804352 1.376383  0.643855 -0.765123 0.006143  0.329112 0.930662 1 1 1.000000
skin_0dam
0  30.349293 -88.776825 -0.688195  0.644305 -0.764646 -0.013670  0.328135 0.938475 1 1 1.000000
0  29.950142 -89.134682 -0.688195  0.548559 -0.833059 -0.071386  0.331065 0.938475 1 1 1.000000
0  29.977667 -89.065857 -0.908416  0.402339 -0.639895 -0.654720  0.330088 0.938475 1 1 1.000000
skin_0dam
0  29.977667 -89.065857 -0.908416  0.402339 -0.639895 -0.654720  0.330088 0.938475 1 1 1.000000
0  30.335529 -88.790588 -0.894652  0.517497 -0.611281 -0.598776  0.328135 0.938475 1 1 1.000000
0  30.349293 -88.776825 -0.688195  0.644305 -0.764646 -0.013670  0.328135 0.938475 1 1 1.000000
skin_0dam
0  30.018959 -88.831879 -0.949708  0.005908 -0.135436 -0.990768  0.330088 0.939451 1 1 1.000000
0  32.317528 -86.836113 -0.963472  0.279471 -0.267300 -0.922197  0.317392 0.939451 1 1 1.000000
0  32.468925 -87.001289 -0.867125  0.601709 -0.588708 -0.539786  0.316416 0.938475 1 1 1.000000
skin_0dam
0  32.468925 -87.001289 -0.867125  0.601709 -0.588708 -0.539786  0.316416 0.938475 1 1 1.000000
0  30.335529 -88.790588 -0.894652  0.517497 -0.611281 -0.598776  0.328135 0.938475 1 1 1.000000
0  30.018959 -88.831879 -0.949708  0.005908 -0.135436 -0.990768  0.330088 0.939451 1 1 1.000000
skin_0dam
0  34.574795 -84.372391 -0.701959  0.836510 -0.545529 -0.051478  0.304697 0.938475 1 1 1.000000
0  36.198929 -81.220467 -0.701959  0.918569 -0.387595 -0.077470  0.294931 0.938475 1 1 1.000000
0  36.322803 -81.275520 1.569076  0.914211 -0.401303 -0.056336  0.294931 0.929685 1 1 1.000000
skin_0dam
0  36.322803 -81.275520 1.569076  0.914211 -0.401303 -0.056336  0.294931 0.929685 1 1 1.000000
0  34.588558 -84.427444 1.417674  0.828330 -0.559540 -0.028011  0.304697 0.929685 1 1 1.000000
0  34.574795 -84.372391 -0.701959  0.836510 -0.545529 -0.051478  0.304697 0.938475 1 1 1.000000
skin_0dam
0  29.881323 -89.162209 1.376383  0.473805 -0.880627 0.001987  0.331065 0.930662 1 1 1.000000
0  30.294239 -88.804352 1.376383  0.643855 -0.765123 0.006143  0.329112 0.930662 1 1 1.000000
0  30.252949 -88.831879 2.119630  0.643359 -0.765563 0.001374  0.329112 0.927732 1 1 1.000000
skin_0dam
0  30.252949 -88.831879 2.119630  0.643359 -0.765563 0.001374  0.329112 0.927732 1 1 1.000000
0  29.840033 -89.189735 2.133394  0.437571 -0.899098 -0.012421  0.331065 0.927732 1 1 1.000000
0  29.881323 -89.162209 1.376383  0.473805 -0.880627 0.001987  0.331065 0.930662 1 1 1.000000
skin_0dam
0  36.391624 -81.468216 4.129152  0.905398 -0.421334 -0.052275  0.293954 0.919919 1 1 1.000000
0  34.561031 -84.565086 3.275794  0.816970 -0.575886 -0.030250  0.304697 0.922849 1 1 1.000000
0  34.588558 -84.427444 1.417674  0.828330 -0.559540 -0.028011  0.304697 0.929685 1 1 1.000000
skin_0dam
0  34.588558 -84.427444 1.417674  0.828330 -0.559540 -0.028011  0.304697 0.929685 1 1 1.000000
0  36.322803 -81.275520 1.569076  0.914211 -0.401303 -0.056336  0.294931 0.929685 1 1 1.000000
0  36.391624 -81.468216 4.129152  0.905398 -0.421334 -0.052275  0.293954 0.919919 1 1 1.000000
skin_0dam
0  32.427635 -87.015053 2.766531  0.695877 -0.717946 0.017550  0.316416 0.924802 1 1 1.000000
0  34.561031 -84.578850 3.427196  0.813506 -0.580505 -0.034951  0.304697 0.922849 1 1 1.000000
0  34.561031 -84.606377 3.853875  0.811244 -0.583757 -0.033325  0.304697 0.920896 1 1 1.000000
skin_0dam
0  34.561031 -84.606377 3.853875  0.811244 -0.583757 -0.033325  0.304697 0.920896 1 1 1.000000
0  32.413872 -87.028816 3.110627  0.694145 -0.719595 0.018603  0.316416 0.923826 1 1 1.000000
0  32.427635 -87.015053 2.766531  0.695877 -0.717946 0.017550  0.316416 0.924802 1 1 1.000000
skin_0dam
0  30.280476 -88.818115 2.271033  0.642847 -0.765994 0.000997  0.329112 0.926756 1 1 1.000000
0  32.427635 -87.015053 2.766531  0.695877 -0.717946 0.017550  0.316416 0.924802 1 1 1.000000
0  32.413872 -87.028816 3.110627  0.694145 -0.719595 0.018603  0.316416 0.923826 1 1 1.000000
skin_0dam
0  32.413872 -87.028816 3.110627  0.694145 -0.719595 0.018603  0.316416 0.923826 1 1 1.000000
0  30.266712 -88.818115 2.560073  0.644216 -0.764843 0.000923  0.329112 0.925779 1 1 1.000000
0  30.280476 -88.818115 2.271033  0.642847 -0.765994 0.000997  0.329112 0.926756 1 1 1.000000
skin_0dam
0  29.688631 -89.093391 2.105867  0.112548 -0.989570 0.089917  0.332041 0.927732 1 1 1.000000
0  29.275711 -85.459732 2.436199  0.000000 0.000000 1.000000  0.333995 0.925779 1 1 1.000000
0  29.275711 -85.459732 2.436199  0.112796 -0.992598 -0.045004  0.333995 0.925779 1 1 1.000000
skin_0dam
0  29.275711 -85.459732 2.436199  -0.993841 -0.109071 -0.019576  0.333995 0.925779 1 1 1.000000
0  29.729921 -89.079628 1.335091  -0.967400 -0.250119 -0.039720  0.332041 0.930662 1 1 1.000000
0  29.688631 -89.093391 2.105867  -0.971437 -0.230002 -0.058393  0.332041 0.927732 1 1 1.000000
skin_0dam
0  29.702394 -89.217262 2.505018  -0.507208 -0.860216 -0.052622  0.332041 0.925779 1 1 1.000000
0  29.702394 -89.217262 2.587601  -0.518514 -0.853384 -0.053648  0.332041 0.925779 1 1 1.000000
0  29.661098 -89.107155 2.587601  -0.973713 -0.220623 -0.056639  0.332041 0.925779 1 1 1.000000
skin_0dam
0  36.405388 -81.523270 4.844872  0.904481 -0.422931 -0.055163  0.293954 0.916990 1 1 1.000000
0  36.405388 -81.537033 4.954983  0.906926 -0.418025 -0.052343  0.293954 0.916990 1 1 1.000000
0  34.561031 -84.633904 3.991513  0.822586 -0.543310 -0.167831  0.304697 0.919919 1 1 1.000000
skin_0dam
0  34.561031 -84.633904 3.991513  0.822586 -0.543310 -0.167831  0.304697 0.919919 1 1 1.000000
0  34.561031 -84.620140 3.950222  0.817008 -0.551270 -0.169112  0.304697 0.920896 1 1 1.000000
0  36.405388 -81.523270 4.844872  0.904481 -0.422931 -0.055163  0.293954 0.916990 1 1 1.000000
skin_0dam
0  32.413872 -87.028816 3.262030  0.712000 -0.698448 -0.072290  0.316416 0.922849 1 1 1.000000
0  32.413872 -87.028816 3.206974  0.705576 -0.704974 -0.071929  0.316416 0.923826 1 1 1.000000
0  34.561031 -84.620140 3.950222  0.817008 -0.551270 -0.169112  0.304697 0.920896 1 1 1.000000
skin_0dam
0  34.561031 -84.620140 3.950222  0.817008 -0.551270 -0.169112  0.304697 0.920896 1 1 1.000000
0  34.561031 -84.633904 3.991513  0.822586 -0.543310 -0.167831  0.304697 0.919919 1 1 1.000000
0  32.413872 -87.028816 3.262030  0.712000 -0.698448 -0.072290  0.316416 0.922849 1 1 1.000000
skin_0dam
0  30.239185 -88.859406 2.697712  0.647530 -0.761295 -0.033671  0.329112 0.925779 1 1 1.000000
0  30.239185 -88.845642 2.642657  0.648159 -0.760665 -0.035746  0.329112 0.925779 1 1 1.000000
0  32.413872 -87.028816 3.206974  0.705576 -0.704974 -0.071929  0.316416 0.923826 1 1 1.000000
skin_0dam
0  32.413872 -87.028816 3.206974  0.705576 -0.704974 -0.071929  0.316416 0.923826 1 1 1.000000
0  32.413872 -87.028816 3.262030  0.712000 -0.698448 -0.072290  0.316416 0.922849 1 1 1.000000
0  30.239185 -88.859406 2.697712  0.647530 -0.761295 -0.033671  0.329112 0.925779 1 1 1.000000
skin_0dam
0  30.239185 -88.859406 2.697712  0.647530 -0.761295 -0.033671  0.329112 0.925779 1 1 1.000000
0  30.129072 -88.941986 2.573837  0.644297 -0.764586 -0.017030  0.329112 0.925779 1 1 1.000000
0  30.184126 -88.900696 2.587601  0.644432 -0.764468 -0.017201  0.329112 0.925779 1 1 1.000000
skin_0dam
0  30.184126 -88.900696 2.587601  0.644432 -0.764468 -0.017201  0.329112 0.925779 1 1 1.000000
0  30.239185 -88.845642 2.642657  0.648159 -0.760665 -0.035746  0.329112 0.925779 1 1 1.000000
0  30.239185 -88.859406 2.697712  0.647530 -0.761295 -0.033671  0.329112 0.925779 1 1 1.000000
skin_0dam
0  29.812506 -89.203499 2.587601  0.420371 -0.907283 -0.011233  0.331065 0.925779 1 1 1.000000
0  29.702394 -89.217262 2.587601  -0.518514 -0.853384 -0.053648  0.332041 0.925779 1 1 1.000000
0  29.702394 -89.217262 2.505018  -0.507208 -0.860216 -0.052622  0.332041 0.925779 1 1 1.000000
skin_0dam
0  29.702394 -89.217262 2.505018  -0.507208 -0.860216 -0.052622  0.332041 0.925779 1 1 1.000000
0  29.812506 -89.203499 2.491254  0.419538 -0.907653 -0.012402  0.331065 0.925779 1 1 1.000000
0  29.812506 -89.203499 2.587601  0.420371 -0.907283 -0.011233  0.331065 0.925779 1 1 1.000000
skin_0dam
0  38.979221 -71.214149 -0.784542  0.899346 -0.277019 -0.338286  0.037111 0.813471 1 1 1.000000
0  38.359848 -73.196144 -0.798306  0.842541 -0.278749 -0.460894  0.037111 0.820307 1 1 1.000000
0  38.194683 -73.196144 -0.935945  0.615583 -0.208636 -0.759953  0.036134 0.820307 1 1 1.000000
skin_0dam
0  38.194683 -73.196144 -0.935945  0.615583 -0.208636 -0.759953  0.036134 0.820307 1 1 1.000000
0  38.965458 -70.911346 -0.935945  0.710163 -0.473241 -0.521259  0.036134 0.811518 1 1 1.000000
0  38.979221 -71.214149 -0.784542  0.899346 -0.277019 -0.338286  0.037111 0.813471 1 1 1.000000
skin_0dam
0  38.869114 -73.443901 7.239781  0.865052 -0.115122 -0.488294  0.082034 0.821284 1 1 1.000000
0  38.896641 -73.223679 7.143435  0.932339 -0.233617 -0.275984  0.082034 0.820307 1 1 1.000000
0  39.763763 -70.925110 8.038085  0.924026 -0.379292 0.048107  0.086917 0.811518 1 1 1.000000
skin_0dam
0  38.992985 -71.214149 -0.564321  0.956374 -0.279832 -0.083927  0.038087 0.813471 1 1 1.000000
0  38.387379 -73.196144 -0.591848  0.943558 -0.317033 -0.095852  0.038087 0.820307 1 1 1.000000
0  38.359848 -73.196144 -0.798306  0.842541 -0.278749 -0.460894  0.037111 0.820307 1 1 1.000000
skin_0dam
0  38.359848 -73.196144 -0.798306  0.842541 -0.278749 -0.460894  0.037111 0.820307 1 1 1.000000
0  38.979221 -71.214149 -0.784542  0.899346 -0.277019 -0.338286  0.037111 0.813471 1 1 1.000000
0  38.992985 -71.214149 -0.564321  0.956374 -0.279832 -0.083927  0.038087 0.813471 1 1 1.000000
skin_0dam
0  37.960701 -75.522240 3.936458  0.933774 -0.354536 -0.048688  0.063478 0.829096 1 1 1.000000
0  37.148632 -77.421654 3.454723  0.929388 -0.360607 -0.078745  0.060549 0.836909 1 1 1.000000
0  36.942177 -77.435417 1.280035  0.915917 -0.394665 -0.073049  0.048830 0.836909 1 1 1.000000
skin_0dam
0  36.942177 -77.435417 1.280035  0.915917 -0.394665 -0.073049  0.048830 0.836909 1 1 1.000000
0  37.781773 -75.563530 1.527784  0.929827 -0.359220 -0.079894  0.049806 0.829096 1 1 1.000000
0  37.960701 -75.522240 3.936458  0.933774 -0.354536 -0.048688  0.063478 0.829096 1 1 1.000000
skin_0dam
0  39.282028 -71.324265 2.078338  0.956937 -0.273362 -0.097694  0.052736 0.813471 1 1 1.000000
0  38.607601 -73.264969 1.830589  0.941266 -0.328125 -0.079697  0.051759 0.821284 1 1 1.000000
0  38.387379 -73.196144 -0.591848  0.943558 -0.317033 -0.095852  0.038087 0.820307 1 1 1.000000
skin_0dam
0  38.387379 -73.196144 -0.591848  0.943558 -0.317033 -0.095852  0.038087 0.820307 1 1 1.000000
0  38.992985 -71.214149 -0.564321  0.956374 -0.279832 -0.083927  0.038087 0.813471 1 1 1.000000
0  39.282028 -71.324265 2.078338  0.956937 -0.273362 -0.097694  0.052736 0.813471 1 1 1.000000
skin_0dam
0  37.382618 -75.412125 -0.935944  0.521266 -0.184963 -0.833109  0.036134 0.829096 1 1 1.000000
0  37.534019 -75.508476 -0.825834  0.811150 -0.299016 -0.502618  0.037111 0.829096 1 1 1.000000
0  36.777012 -77.421654 -0.853361  0.760370 -0.301400 -0.575321  0.036134 0.836909 1 1 1.000000
skin_0dam
0  36.777012 -77.421654 -0.853361  0.760370 -0.301400 -0.575321  0.036134 0.836909 1 1 1.000000
0  36.598080 -77.352829 -0.949708  0.383469 -0.152866 -0.910815  0.036134 0.835932 1 1 1.000000
0  37.382618 -75.412125 -0.935944  0.521266 -0.184963 -0.833109  0.036134 0.829096 1 1 1.000000
skin_0dam
0  36.777012 -77.421654 -0.853361  0.760370 -0.301400 -0.575321  0.036134 0.836909 1 1 1.000000
0  37.534019 -75.508476 -0.825834  0.811150 -0.299016 -0.502618  0.037111 0.829096 1 1 1.000000
0  37.534019 -75.563530 -0.633140  0.931462 -0.352184 -0.091344  0.038087 0.829096 1 1 1.000000
skin_0dam
0  37.534019 -75.563530 -0.633140  0.931462 -0.352184 -0.091344  0.038087 0.829096 1 1 1.000000
0  36.790775 -77.435417 -0.660668  0.923038 -0.374947 -0.086116  0.038087 0.836909 1 1 1.000000
0  36.777012 -77.421654 -0.853361  0.760370 -0.301400 -0.575321  0.036134 0.836909 1 1 1.000000
skin_0dam
0  37.781773 -75.563530 1.527784  0.929827 -0.359220 -0.079894  0.049806 0.829096 1 1 1.000000
0  36.942177 -77.435417 1.280035  0.915917 -0.394665 -0.073049  0.048830 0.836909 1 1 1.000000
0  36.790775 -77.435417 -0.660668  0.923038 -0.374947 -0.086116  0.038087 0.836909 1 1 1.000000
skin_0dam
0  36.790775 -77.435417 -0.660668  0.923038 -0.374947 -0.086116  0.038087 0.836909 1 1 1.000000
0  37.534019 -75.563530 -0.633140  0.931462 -0.352184 -0.091344  0.038087 0.829096 1 1 1.000000
0  37.781773 -75.563530 1.527784  0.929827 -0.359220 -0.079894  0.049806 0.829096 1 1 1.000000
skin_0dam
0  42.296310 -68.475151 2.326087  0.975678 -0.198727 -0.092521  0.054689 0.802728 1 1 1.000000
0  42.131145 -69.232155 2.229740  0.975786 -0.197716 -0.093537  0.053713 0.805658 1 1 1.000000
0  41.842102 -69.287216 -0.564321  0.976398 -0.201476 -0.077806  0.038087 0.805658 1 1 1.000000
skin_0dam
0  41.842102 -69.287216 -0.564321  0.976398 -0.201476 -0.077806  0.038087 0.805658 1 1 1.000000
0  41.993504 -68.571495 -0.550557  0.975699 -0.194207 -0.101467  0.038087 0.802728 1 1 1.000000
0  42.296310 -68.475151 2.326087  0.975678 -0.198727 -0.092521  0.054689 0.802728 1 1 1.000000
skin_0dam
0  42.447712 -69.080757 5.257787  0.977824 -0.191475 -0.084836  0.071291 0.804682 1 1 1.000000
0  42.612881 -68.282455 5.340370  0.977870 -0.192287 -0.082432  0.071291 0.801752 1 1 1.000000
0  42.915688 -67.979645 8.506055  0.978851 -0.190341 -0.074974  0.089846 0.800775 1 1 1.000000
skin_0dam
0  42.915688 -67.979645 8.506055  0.978851 -0.190341 -0.074974  0.089846 0.800775 1 1 1.000000
0  42.736755 -68.791710 8.299599  0.978877 -0.190050 -0.075375  0.087893 0.803705 1 1 1.000000
0  42.447712 -69.080757 5.257787  0.977824 -0.191475 -0.084836  0.071291 0.804682 1 1 1.000000
skin_0dam
0  41.993504 -68.571495 -0.550557  0.975699 -0.194207 -0.101467  0.038087 0.802728 1 1 1.000000
0  41.842102 -69.287216 -0.564321  0.976398 -0.201476 -0.077806  0.038087 0.805658 1 1 1.000000
0  41.828339 -69.300980 -0.784543  0.912380 -0.179954 -0.367668  0.037111 0.805658 1 1 1.000000
skin_0dam
0  41.828339 -69.300980 -0.784543  0.912380 -0.179954 -0.367668  0.037111 0.805658 1 1 1.000000
0  41.965977 -68.543968 -0.784543  0.884605 -0.168965 -0.434654  0.037111 0.802728 1 1 1.000000
0  41.993504 -68.571495 -0.550557  0.975699 -0.194207 -0.101467  0.038087 0.802728 1 1 1.000000
skin_0dam
0  41.965977 -68.543968 -0.784543  0.884605 -0.168965 -0.434654  0.037111 0.802728 1 1 1.000000
0  41.828339 -69.300980 -0.784543  0.912380 -0.179954 -0.367668  0.037111 0.805658 1 1 1.000000
0  41.704468 -69.204628 -0.935945  0.724976 -0.136966 -0.675019  0.036134 0.805658 1 1 1.000000
skin_0dam
0  41.704468 -69.204628 -0.935945  0.724976 -0.136966 -0.675019  0.036134 0.805658 1 1 1.000000
0  41.842102 -68.475151 -0.935945  0.734267 -0.143410 -0.663540  0.036134 0.802728 1 1 1.000000
0  41.965977 -68.543968 -0.784543  0.884605 -0.168965 -0.434654  0.037111 0.802728 1 1 1.000000
skin_0dam
0  38.965458 -70.911346 -0.935945  0.710163 -0.473241 -0.521259  0.036134 0.811518 1 1 1.000000
0  41.704468 -69.204628 -0.935945  0.379475 -0.614197 -0.691926  0.036134 0.805658 1 1 1.000000
0  41.828339 -69.300980 -0.784543  0.484075 -0.818024 -0.310659  0.037111 0.805658 1 1 1.000000
skin_0dam
0  41.828339 -69.300980 -0.784543  0.484075 -0.818024 -0.310659  0.037111 0.805658 1 1 1.000000
0  39.103096 -70.870056 -0.784542  0.679505 -0.697637 -0.227103  0.037111 0.811518 1 1 1.000000
0  38.965458 -70.911346 -0.935945  0.710163 -0.473241 -0.521259  0.036134 0.811518 1 1 1.000000
skin_0dam
0  39.103096 -70.870056 -0.784542  0.679505 -0.697637 -0.227103  0.037111 0.811518 1 1 1.000000
0  41.828339 -69.300980 -0.784543  0.484075 -0.818024 -0.310659  0.037111 0.805658 1 1 1.000000
0  41.842102 -69.287216 -0.564321  0.501968 -0.864776 -0.013828  0.038087 0.805658 1 1 1.000000
skin_0dam
0  41.842102 -69.287216 -0.564321  0.501968 -0.864776 -0.013828  0.038087 0.805658 1 1 1.000000
0  39.116859 -70.883820 -0.550557  0.745625 -0.662719 -0.069621  0.038087 0.811518 1 1 1.000000
0  39.103096 -70.870056 -0.784542  0.679505 -0.697637 -0.227103  0.037111 0.811518 1 1 1.000000
skin_0dam
0  39.116859 -70.883820 -0.550557  0.745625 -0.662719 -0.069621  0.038087 0.811518 1 1 1.000000
0  41.842102 -69.287216 -0.564321  0.501968 -0.864776 -0.013828  0.038087 0.805658 1 1 1.000000
0  42.131145 -69.232155 2.229740  0.532222 -0.845849 -0.035769  0.053713 0.805658 1 1 1.000000
skin_0dam
0  42.131145 -69.232155 2.229740  0.532222 -0.845849 -0.035769  0.053713 0.805658 1 1 1.000000
0  39.419666 -70.993927 2.147157  0.744559 -0.663129 -0.076754  0.053713 0.812494 1 1 1.000000
0  39.116859 -70.883820 -0.550557  0.745625 -0.662719 -0.069621  0.038087 0.811518 1 1 1.000000
skin_0dam
0  42.736755 -68.791710 8.299599  0.534138 -0.844751 0.033053  0.087893 0.803705 1 1 1.000000
0  39.928932 -70.567245 7.983029  0.757910 -0.652236 0.012726  0.086917 0.810541 1 1 1.000000
0  39.708710 -70.883820 5.120149  0.746856 -0.664730 -0.018467  0.070315 0.811518 1 1 1.000000
skin_0dam
0  39.708710 -70.883820 5.120149  0.746856 -0.664730 -0.018467  0.070315 0.811518 1 1 1.000000
0  42.447712 -69.080757 5.257787  0.547202 -0.836977 0.006335  0.071291 0.804682 1 1 1.000000
0  42.736755 -68.791710 8.299599  0.534138 -0.844751 0.033053  0.087893 0.803705 1 1 1.000000
skin_0dam
0  38.965458 -70.911346 -0.935945  0.710163 -0.473241 -0.521259  0.036134 0.811518 1 1 1.000000
0  39.034279 -71.035225 -0.784542  0.894212 -0.310710 -0.322249  0.037111 0.812494 1 1 1.000000
0  38.979221 -71.214149 -0.784542  0.899346 -0.277019 -0.338286  0.037111 0.813471 1 1 1.000000
skin_0dam
0  38.979221 -71.214149 -0.784542  0.899346 -0.277019 -0.338286  0.037111 0.813471 1 1 1.000000
0  39.034279 -71.035225 -0.784542  0.894212 -0.310710 -0.322249  0.037111 0.812494 1 1 1.000000
0  39.048042 -71.035225 -0.550557  0.937044 -0.339159 -0.083190  0.038087 0.812494 1 1 1.000000
skin_0dam
0  39.048042 -71.035225 -0.550557  0.937044 -0.339159 -0.083190  0.038087 0.812494 1 1 1.000000
0  38.992985 -71.214149 -0.564321  0.956374 -0.279832 -0.083927  0.038087 0.813471 1 1 1.000000
0  38.979221 -71.214149 -0.784542  0.899346 -0.277019 -0.338286  0.037111 0.813471 1 1 1.000000
skin_0dam
0  38.992985 -71.214149 -0.564321  0.956374 -0.279832 -0.083927  0.038087 0.813471 1 1 1.000000
0  39.048042 -71.035225 -0.550557  0.937044 -0.339159 -0.083190  0.038087 0.812494 1 1 1.000000
0  39.337082 -71.145332 2.119630  0.935067 -0.340626 -0.098096  0.053713 0.812494 1 1 1.000000
skin_0dam
0  39.337082 -71.145332 2.119630  0.935067 -0.340626 -0.098096  0.053713 0.812494 1 1 1.000000
0  39.282028 -71.324265 2.078338  0.956937 -0.273362 -0.097694  0.052736 0.813471 1 1 1.000000
0  38.992985 -71.214149 -0.564321  0.956374 -0.279832 -0.083927  0.038087 0.813471 1 1 1.000000
skin_0dam
0  39.832584 -70.787468 7.914210  0.932019 -0.362410 -0.000654  0.085940 0.811518 1 1 1.000000
0  39.777527 -70.938873 7.859155  0.930122 -0.365148 0.039234  0.085940 0.812494 1 1 1.000000
0  39.571072 -71.214149 5.023802  0.951479 -0.302208 -0.057956  0.069338 0.813471 1 1 1.000000
skin_0dam
0  39.571072 -71.214149 5.023802  0.951479 -0.302208 -0.057956  0.069338 0.813471 1 1 1.000000
0  39.626129 -71.048988 5.065094  0.936005 -0.347208 -0.057805  0.070315 0.812494 1 1 1.000000
0  39.832584 -70.787468 7.914210  0.932019 -0.362410 -0.000654  0.085940 0.811518 1 1 1.000000
skin_0dam
0  39.626129 -71.048988 5.065094  0.936005 -0.347208 -0.057805  0.070315 0.812494 1 1 1.000000
0  39.708710 -70.883820 5.120149  0.746856 -0.664730 -0.018467  0.070315 0.811518 1 1 1.000000
0  39.928932 -70.567245 7.983029  0.757910 -0.652236 0.012726  0.086917 0.810541 1 1 1.000000
skin_0dam
0  39.928932 -70.567245 7.983029  0.757910 -0.652236 0.012726  0.086917 0.810541 1 1 1.000000
0  39.832584 -70.787468 7.914210  0.932019 -0.362410 -0.000654  0.085940 0.811518 1 1 1.000000
0  39.626129 -71.048988 5.065094  0.936005 -0.347208 -0.057805  0.070315 0.812494 1 1 1.000000
skin_0dam
0  39.419666 -70.993927 2.147157  0.744559 -0.663129 -0.076754  0.053713 0.812494 1 1 1.000000
0  39.337082 -71.145332 2.119630  0.935067 -0.340626 -0.098096  0.053713 0.812494 1 1 1.000000
0  39.048042 -71.035225 -0.550557  0.937044 -0.339159 -0.083190  0.038087 0.812494 1 1 1.000000
skin_0dam
0  39.048042 -71.035225 -0.550557  0.937044 -0.339159 -0.083190  0.038087 0.812494 1 1 1.000000
0  39.116859 -70.883820 -0.550557  0.745625 -0.662719 -0.069621  0.038087 0.811518 1 1 1.000000
0  39.419666 -70.993927 2.147157  0.744559 -0.663129 -0.076754  0.053713 0.812494 1 1 1.000000
skin_0dam
0  39.116859 -70.883820 -0.550557  0.745625 -0.662719 -0.069621  0.038087 0.811518 1 1 1.000000
0  39.048042 -71.035225 -0.550557  0.937044 -0.339159 -0.083190  0.038087 0.812494 1 1 1.000000
0  39.034279 -71.035225 -0.784542  0.894212 -0.310710 -0.322249  0.037111 0.812494 1 1 1.000000
skin_0dam
0  39.034279 -71.035225 -0.784542  0.894212 -0.310710 -0.322249  0.037111 0.812494 1 1 1.000000
0  39.103096 -70.870056 -0.784542  0.679505 -0.697637 -0.227103  0.037111 0.811518 1 1 1.000000
0  39.116859 -70.883820 -0.550557  0.745625 -0.662719 -0.069621  0.038087 0.811518 1 1 1.000000
skin_0dam
0  39.103096 -70.870056 -0.784542  0.679505 -0.697637 -0.227103  0.037111 0.811518 1 1 1.000000
0  39.034279 -71.035225 -0.784542  0.894212 -0.310710 -0.322249  0.037111 0.812494 1 1 1.000000
0  38.965458 -70.911346 -0.935945  0.710163 -0.473241 -0.521259  0.036134 0.811518 1 1 1.000000
skin_0dam
0  37.382618 -75.412125 -0.935944  0.521266 -0.184963 -0.833109  0.036134 0.829096 1 1 1.000000
0  38.194683 -73.196144 -0.935945  0.615583 -0.208636 -0.759953  0.036134 0.820307 1 1 1.000000
0  38.359848 -73.196144 -0.798306  0.842541 -0.278749 -0.460894  0.037111 0.820307 1 1 1.000000
skin_0dam
0  38.359848 -73.196144 -0.798306  0.842541 -0.278749 -0.460894  0.037111 0.820307 1 1 1.000000
0  37.534019 -75.508476 -0.825834  0.811150 -0.299016 -0.502618  0.037111 0.829096 1 1 1.000000
0  37.382618 -75.412125 -0.935944  0.521266 -0.184963 -0.833109  0.036134 0.829096 1 1 1.000000
skin_0dam
0  37.781773 -75.563530 1.527784  0.929827 -0.359220 -0.079894  0.049806 0.829096 1 1 1.000000
0  38.607601 -73.264969 1.830589  0.941266 -0.328125 -0.079697  0.051759 0.821284 1 1 1.000000
0  38.772770 -73.237442 4.514539  0.937944 -0.344319 -0.041302  0.067385 0.820307 1 1 1.000000
skin_0dam
0  38.772770 -73.237442 4.514539  0.937944 -0.344319 -0.041302  0.067385 0.820307 1 1 1.000000
0  37.960701 -75.522240 3.936458  0.933774 -0.354536 -0.048688  0.063478 0.829096 1 1 1.000000
0  37.781773 -75.563530 1.527784  0.929827 -0.359220 -0.079894  0.049806 0.829096 1 1 1.000000
skin_0dam
0  37.534019 -75.508476 -0.825834  0.811150 -0.299016 -0.502618  0.037111 0.829096 1 1 1.000000
0  38.359848 -73.196144 -0.798306  0.842541 -0.278749 -0.460894  0.037111 0.820307 1 1 1.000000
0  38.387379 -73.196144 -0.591848  0.943558 -0.317033 -0.095852  0.038087 0.820307 1 1 1.000000
skin_0dam
0  38.387379 -73.196144 -0.591848  0.943558 -0.317033 -0.095852  0.038087 0.820307 1 1 1.000000
0  37.534019 -75.563530 -0.633140  0.931462 -0.352184 -0.091344  0.038087 0.829096 1 1 1.000000
0  37.534019 -75.508476 -0.825834  0.811150 -0.299016 -0.502618  0.037111 0.829096 1 1 1.000000
skin_0dam
0  37.534019 -75.563530 -0.633140  0.931462 -0.352184 -0.091344  0.038087 0.829096 1 1 1.000000
0  38.387379 -73.196144 -0.591848  0.943558 -0.317033 -0.095852  0.038087 0.820307 1 1 1.000000
0  38.607601 -73.264969 1.830589  0.941266 -0.328125 -0.079697  0.051759 0.821284 1 1 1.000000
skin_0dam
0  38.607601 -73.264969 1.830589  0.941266 -0.328125 -0.079697  0.051759 0.821284 1 1 1.000000
0  37.781773 -75.563530 1.527784  0.929827 -0.359220 -0.079894  0.049806 0.829096 1 1 1.000000
0  37.534019 -75.563530 -0.633140  0.931462 -0.352184 -0.091344  0.038087 0.829096 1 1 1.000000
skin_0dam
0  42.612881 -68.282455 5.340370  0.977870 -0.192287 -0.082432  0.071291 0.801752 1 1 1.000000
0  42.447712 -69.080757 5.257787  0.977824 -0.191475 -0.084836  0.071291 0.804682 1 1 1.000000
0  42.131145 -69.232155 2.229740  0.975786 -0.197716 -0.093537  0.053713 0.805658 1 1 1.000000
skin_0dam
0  42.131145 -69.232155 2.229740  0.975786 -0.197716 -0.093537  0.053713 0.805658 1 1 1.000000
0  42.296310 -68.475151 2.326087  0.975678 -0.198727 -0.092521  0.054689 0.802728 1 1 1.000000
0  42.612881 -68.282455 5.340370  0.977870 -0.192287 -0.082432  0.071291 0.801752 1 1 1.000000
skin_0dam
0  39.708710 -70.883820 5.120149  0.746856 -0.664730 -0.018467  0.070315 0.811518 1 1 1.000000
0  39.626129 -71.048988 5.065094  0.936005 -0.347208 -0.057805  0.070315 0.812494 1 1 1.000000
0  39.337082 -71.145332 2.119630  0.935067 -0.340626 -0.098096  0.053713 0.812494 1 1 1.000000
skin_0dam
0  39.337082 -71.145332 2.119630  0.935067 -0.340626 -0.098096  0.053713 0.812494 1 1 1.000000
0  39.419666 -70.993927 2.147157  0.744559 -0.663129 -0.076754  0.053713 0.812494 1 1 1.000000
0  39.708710 -70.883820 5.120149  0.746856 -0.664730 -0.018467  0.070315 0.811518 1 1 1.000000
skin_0dam
0  39.282028 -71.324265 2.078338  0.956937 -0.273362 -0.097694  0.052736 0.813471 1 1 1.000000
0  39.337082 -71.145332 2.119630  0.935067 -0.340626 -0.098096  0.053713 0.812494 1 1 1.000000
0  39.626129 -71.048988 5.065094  0.936005 -0.347208 -0.057805  0.070315 0.812494 1 1 1.000000
skin_0dam
0  39.626129 -71.048988 5.065094  0.936005 -0.347208 -0.057805  0.070315 0.812494 1 1 1.000000
0  39.571072 -71.214149 5.023802  0.951479 -0.302208 -0.057956  0.069338 0.813471 1 1 1.000000
0  39.282028 -71.324265 2.078338  0.956937 -0.273362 -0.097694  0.052736 0.813471 1 1 1.000000
skin_0dam
0  42.447712 -69.080757 5.257787  0.547202 -0.836977 0.006335  0.071291 0.804682 1 1 1.000000
0  39.708710 -70.883820 5.120149  0.746856 -0.664730 -0.018467  0.070315 0.811518 1 1 1.000000
0  39.419666 -70.993927 2.147157  0.744559 -0.663129 -0.076754  0.053713 0.812494 1 1 1.000000
skin_0dam
0  39.419666 -70.993927 2.147157  0.744559 -0.663129 -0.076754  0.053713 0.812494 1 1 1.000000
0  42.131145 -69.232155 2.229740  0.532222 -0.845849 -0.035769  0.053713 0.805658 1 1 1.000000
0  42.447712 -69.080757 5.257787  0.547202 -0.836977 0.006335  0.071291 0.804682 1 1 1.000000
skin_0dam
0  42.929451 -67.965881 8.671222  0.958582 -0.242134 0.149972  0.090823 0.800775 1 1 1.000000
0  42.750519 -68.777946 8.478528  0.973406 -0.221790 0.057369  0.088870 0.803705 1 1 1.000000
0  42.736755 -68.791710 8.299599  0.978877 -0.190050 -0.075375  0.087893 0.803705 1 1 1.000000
skin_0dam
0  42.736755 -68.791710 8.299599  0.978877 -0.190050 -0.075375  0.087893 0.803705 1 1 1.000000
0  42.915688 -67.979645 8.506055  0.978851 -0.190341 -0.074974  0.089846 0.800775 1 1 1.000000
0  42.929451 -67.965881 8.671222  0.958582 -0.242134 0.149972  0.090823 0.800775 1 1 1.000000
skin_0dam
0  42.750519 -68.777946 8.478528  0.503718 -0.837679 0.211097  0.088870 0.803705 1 1 1.000000
0  39.942696 -70.553482 8.161960  0.690348 -0.687487 0.225347  0.087893 0.810541 1 1 1.000000
0  39.928932 -70.567245 7.983029  0.757910 -0.652236 0.012726  0.086917 0.810541 1 1 1.000000
skin_0dam
0  39.928932 -70.567245 7.983029  0.757910 -0.652236 0.012726  0.086917 0.810541 1 1 1.000000
0  42.736755 -68.791710 8.299599  0.534138 -0.844751 0.033053  0.087893 0.803705 1 1 1.000000
0  42.750519 -68.777946 8.478528  0.503718 -0.837679 0.211097  0.088870 0.803705 1 1 1.000000
skin_0dam
0  39.832584 -70.773705 8.093141  0.904249 -0.418833 0.083150  0.086917 0.811518 1 1 1.000000
0  39.763763 -70.925110 8.038085  0.924026 -0.379292 0.048107  0.086917 0.811518 1 1 1.000000
0  39.777527 -70.938873 7.859155  0.930122 -0.365148 0.039234  0.085940 0.812494 1 1 1.000000
skin_0dam
0  39.777527 -70.938873 7.859155  0.930122 -0.365148 0.039234  0.085940 0.812494 1 1 1.000000
0  39.832584 -70.787468 7.914210  0.932019 -0.362410 -0.000654  0.085940 0.811518 1 1 1.000000
0  39.832584 -70.773705 8.093141  0.904249 -0.418833 0.083150  0.086917 0.811518 1 1 1.000000
skin_0dam
0  39.942696 -70.553482 8.161960  0.690348 -0.687487 0.225347  0.087893 0.810541 1 1 1.000000
0  39.832584 -70.773705 8.093141  0.904249 -0.418833 0.083150  0.086917 0.811518 1 1 1.000000
0  39.832584 -70.787468 7.914210  0.932019 -0.362410 -0.000654  0.085940 0.811518 1 1 1.000000
skin_0dam
0  39.832584 -70.787468 7.914210  0.932019 -0.362410 -0.000654  0.085940 0.811518 1 1 1.000000
0  39.928932 -70.567245 7.983029  0.757910 -0.652236 0.012726  0.086917 0.810541 1 1 1.000000
0  39.942696 -70.553482 8.161960  0.690348 -0.687487 0.225347  0.087893 0.810541 1 1 1.000000
skin_0dam
0  42.750519 -68.777946 8.478528  0.973406 -0.221790 0.057369  0.009766 0.831050 1 1 1.000000
0  42.929451 -67.965881 8.671222  0.958582 -0.242134 0.149972  0.009766 0.973632 1 1 1.000000
0  42.874393 -67.938354 8.863915  0.918839 -0.268368 0.289333  0.990265 0.972655 1 1 1.000000
skin_0dam
0  42.874393 -67.938354 8.863915  0.918839 -0.268368 0.289333  0.990265 0.972655 1 1 1.000000
0  42.722992 -68.722893 8.657458  0.920021 -0.267262 0.286586  0.990265 0.835932 1 1 1.000000
0  42.750519 -68.777946 8.478528  0.973406 -0.221790 0.057369  0.009766 0.831050 1 1 1.000000
skin_0dam
0  39.942696 -70.553482 8.161960  0.690348 -0.687487 0.225347  0.009766 0.517563 1 1 1.000000
0  42.750519 -68.777946 8.478528  0.503718 -0.837679 0.211097  0.009766 0.831050 1 1 1.000000
0  42.722992 -68.722893 8.657458  0.468715 -0.808327 0.356249  0.990265 0.835932 1 1 1.000000
skin_0dam
0  42.722992 -68.722893 8.657458  0.468715 -0.808327 0.356249  0.990265 0.835932 1 1 1.000000
0  39.901402 -70.484665 8.340890  0.647774 -0.683542 0.336392  0.990265 0.523423 1 1 1.000000
0  39.942696 -70.553482 8.161960  0.690348 -0.687487 0.225347  0.009766 0.517563 1 1 1.000000
skin_0dam
0  39.763763 -70.925110 8.038085  0.924026 -0.379292 0.048107  0.009766 0.454085 1 1 1.000000
0  39.832584 -70.773705 8.093141  0.904249 -0.418833 0.083150  0.009766 0.479476 1 1 1.000000
0  39.832584 -70.732414 8.272070  0.951288 -0.307206 0.026001  0.990265 0.481429 1 1 1.000000
skin_0dam
0  39.832584 -70.732414 8.272070  0.951288 -0.307206 0.026001  0.990265 0.481429 1 1 1.000000
0  39.777527 -70.883820 8.230779  0.950708 -0.306183 -0.049049  0.990265 0.455061 1 1 1.000000
0  39.763763 -70.925110 8.038085  0.924026 -0.379292 0.048107  0.009766 0.454085 1 1 1.000000
skin_0dam
0  39.832584 -70.773705 8.093141  0.904249 -0.418833 0.083150  0.009766 0.479476 1 1 1.000000
0  39.942696 -70.553482 8.161960  0.690348 -0.687487 0.225347  0.009766 0.517563 1 1 1.000000
0  39.901402 -70.484665 8.340890  0.647774 -0.683542 0.336392  0.990265 0.523423 1 1 1.000000
skin_0dam
0  39.901402 -70.484665 8.340890  0.647774 -0.683542 0.336392  0.990265 0.523423 1 1 1.000000
0  39.832584 -70.732414 8.272070  0.951288 -0.307206 0.026001  0.990265 0.481429 1 1 1.000000
0  39.832584 -70.773705 8.093141  0.904249 -0.418833 0.083150  0.009766 0.479476 1 1 1.000000
skin_0dam
0  36.198929 -81.220467 -0.701959  0.918569 -0.387595 -0.077470  0.037111 0.850581 1 1 1.000000
0  37.024757 -78.674156 -0.674431  0.952487 -0.295510 -0.073776  0.038087 0.840815 1 1 1.000000
0  37.231216 -78.687920 1.858117  0.948285 -0.308775 -0.073575  0.051759 0.840815 1 1 1.000000
skin_0dam
0  37.231216 -78.687920 1.858117  0.948285 -0.308775 -0.073575  0.051759 0.840815 1 1 1.000000
0  36.322803 -81.275520 1.569076  0.914211 -0.401303 -0.056336  0.049806 0.850581 1 1 1.000000
0  36.198929 -81.220467 -0.701959  0.918569 -0.387595 -0.077470  0.037111 0.850581 1 1 1.000000
skin_0dam
0  36.185165 -81.206703 -0.894653  0.733349 -0.304175 -0.608011  0.036134 0.850581 1 1 1.000000
0  37.010994 -78.687920 -0.894653  0.718907 -0.219709 -0.659470  0.036134 0.840815 1 1 1.000000
0  37.024757 -78.674156 -0.674431  0.952487 -0.295510 -0.073776  0.038087 0.840815 1 1 1.000000
skin_0dam
0  37.024757 -78.674156 -0.674431  0.952487 -0.295510 -0.073776  0.038087 0.840815 1 1 1.000000
0  36.198929 -81.220467 -0.701959  0.918569 -0.387595 -0.077470  0.037111 0.850581 1 1 1.000000
0  36.185165 -81.206703 -0.894653  0.733349 -0.304175 -0.608011  0.036134 0.850581 1 1 1.000000
skin_0dam
0  36.020000 -81.137886 -0.949708  0.286287 -0.121089 -0.950462  0.036134 0.850581 1 1 1.000000
0  36.777012 -78.660393 -0.949708  0.188176 -0.053224 -0.980692  0.036134 0.840815 1 1 1.000000
0  37.010994 -78.687920 -0.894653  0.718907 -0.219709 -0.659470  0.036134 0.840815 1 1 1.000000
skin_0dam
0  37.010994 -78.687920 -0.894653  0.718907 -0.219709 -0.659470  0.036134 0.840815 1 1 1.000000
0  36.185165 -81.206703 -0.894653  0.733349 -0.304175 -0.608011  0.036134 0.850581 1 1 1.000000
0  36.020000 -81.137886 -0.949708  0.286287 -0.121089 -0.950462  0.036134 0.850581 1 1 1.000000
skin_0dam
0  36.405388 -81.509506 4.748525  0.903990 -0.424205 -0.053398  0.068361 0.851558 1 1 1.000000
0  36.391624 -81.468216 4.280554  0.904169 -0.423666 -0.054642  0.065432 0.851558 1 1 1.000000
0  37.478966 -78.687920 4.968746  0.941763 -0.332151 -0.052516  0.069338 0.840815 1 1 1.000000
skin_0dam
0  37.478966 -78.687920 4.968746  0.941763 -0.332151 -0.052516  0.069338 0.840815 1 1 1.000000
0  37.616608 -78.371353 5.684466  0.938262 -0.345777 -0.010092  0.073244 0.839839 1 1 1.000000
0  36.405388 -81.509506 4.748525  0.903990 -0.424205 -0.053398  0.068361 0.851558 1 1 1.000000
skin_0dam
0  37.286274 -78.522758 1.885644  0.990374 -0.113361 -0.079424  0.051759 0.840815 1 1 1.000000
0  37.231216 -78.687920 1.858117  0.948285 -0.308775 -0.073575  0.051759 0.840815 1 1 1.000000
0  37.024757 -78.674156 -0.674431  0.952487 -0.295510 -0.073776  0.038087 0.840815 1 1 1.000000
skin_0dam
0  37.024757 -78.674156 -0.674431  0.952487 -0.295510 -0.073776  0.038087 0.840815 1 1 1.000000
0  37.079815 -78.508995 -0.674431  0.992085 -0.093035 -0.084328  0.038087 0.840815 1 1 1.000000
0  37.286274 -78.522758 1.885644  0.990374 -0.113361 -0.079424  0.051759 0.840815 1 1 1.000000
skin_0dam
0  37.079815 -78.508995 -0.674431  0.992085 -0.093035 -0.084328  0.038087 0.840815 1 1 1.000000
0  37.024757 -78.674156 -0.674431  0.952487 -0.295510 -0.073776  0.038087 0.840815 1 1 1.000000
0  37.010994 -78.687920 -0.894653  0.718907 -0.219709 -0.659470  0.036134 0.840815 1 1 1.000000
skin_0dam
0  37.010994 -78.687920 -0.894653  0.718907 -0.219709 -0.659470  0.036134 0.840815 1 1 1.000000
0  37.052288 -78.522758 -0.894653  0.758025 -0.036412 -0.651208  0.036134 0.840815 1 1 1.000000
0  37.079815 -78.508995 -0.674431  0.992085 -0.093035 -0.084328  0.038087 0.840815 1 1 1.000000
skin_0dam
0  37.052288 -78.522758 -0.894653  0.758025 -0.036412 -0.651208  0.036134 0.840815 1 1 1.000000
0  37.010994 -78.687920 -0.894653  0.718907 -0.219709 -0.659470  0.036134 0.840815 1 1 1.000000
0  36.777012 -78.660393 -0.949708  0.188176 -0.053224 -0.980692  0.036134 0.840815 1 1 1.000000
skin_0dam
0  36.777012 -78.660393 -0.949708  0.188176 -0.053224 -0.980692  0.036134 0.840815 1 1 1.000000
0  36.832069 -78.495224 -0.949708  0.256511 -0.014186 -0.966437  0.036134 0.840815 1 1 1.000000
0  37.052288 -78.522758 -0.894653  0.758025 -0.036412 -0.651208  0.036134 0.840815 1 1 1.000000
skin_0dam
0  37.534023 -78.522758 5.037566  0.982032 -0.164665 -0.092183  0.070315 0.840815 1 1 1.000000
0  37.644135 -78.275002 5.560592  0.969025 -0.201900 -0.142223  0.073244 0.839839 1 1 1.000000
0  37.616608 -78.371353 5.684466  0.938262 -0.345777 -0.010092  0.073244 0.839839 1 1 1.000000
skin_0dam
0  37.616608 -78.371353 5.684466  0.938262 -0.345777 -0.010092  0.073244 0.839839 1 1 1.000000
0  37.478966 -78.687920 4.968746  0.941763 -0.332151 -0.052516  0.069338 0.840815 1 1 1.000000
0  37.534023 -78.522758 5.037566  0.982032 -0.164665 -0.092183  0.070315 0.840815 1 1 1.000000
skin_0dam
0  37.644135 -78.275002 5.560592  0.969025 -0.201900 -0.142223  0.073244 0.839839 1 1 1.000000
0  37.823067 -77.793266 5.987271  0.962279 -0.217225 -0.163803  0.075198 0.837886 1 1 1.000000
0  37.795536 -77.862091 6.111146  0.938504 -0.345211 -0.006210  0.076174 0.837886 1 1 1.000000
skin_0dam
0  37.795536 -77.862091 6.111146  0.938504 -0.345211 -0.006210  0.076174 0.837886 1 1 1.000000
0  37.616608 -78.371353 5.684466  0.938262 -0.345777 -0.010092  0.073244 0.839839 1 1 1.000000
0  37.644135 -78.275002 5.560592  0.969025 -0.201900 -0.142223  0.073244 0.839839 1 1 1.000000
skin_0dam
0  37.534023 -78.522758 5.037566  0.982032 -0.164665 -0.092183  0.070315 0.840815 1 1 1.000000
0  37.478966 -78.687920 4.968746  0.941763 -0.332151 -0.052516  0.069338 0.840815 1 1 1.000000
0  37.231216 -78.687920 1.858117  0.948285 -0.308775 -0.073575  0.051759 0.840815 1 1 1.000000
skin_0dam
0  37.231216 -78.687920 1.858117  0.948285 -0.308775 -0.073575  0.051759 0.840815 1 1 1.000000
0  37.286274 -78.522758 1.885644  0.990374 -0.113361 -0.079424  0.051759 0.840815 1 1 1.000000
0  37.534023 -78.522758 5.037566  0.982032 -0.164665 -0.092183  0.070315 0.840815 1 1 1.000000
skin_0dam
0  37.079815 -78.508995 -0.674431  0.992085 -0.093035 -0.084328  0.009766 0.132786 1 1 1.000000
0  37.066051 -78.330063 -0.660668  0.993396 0.080849 -0.081413  0.990265 0.133763 1 1 1.000000
0  37.272511 -78.343826 1.899408  0.993713 0.078710 -0.079614  0.990265 0.275369 1 1 1.000000
skin_0dam
0  37.272511 -78.343826 1.899408  0.993713 0.078710 -0.079614  0.990265 0.275369 1 1 1.000000
0  37.286274 -78.522758 1.885644  0.990374 -0.113361 -0.079424  0.009766 0.273415 1 1 1.000000
0  37.079815 -78.508995 -0.674431  0.992085 -0.093035 -0.084328  0.009766 0.132786 1 1 1.000000
skin_0dam
0  37.052288 -78.522758 -0.894653  0.758025 -0.036412 -0.651208  0.009766 0.123997 1 1 1.000000
0  37.052288 -78.343826 -0.853361  0.823820 0.069556 -0.562568  0.990265 0.126926 1 1 1.000000
0  37.066051 -78.330063 -0.660668  0.993396 0.080849 -0.081413  0.990265 0.133763 1 1 1.000000
skin_0dam
0  37.066051 -78.330063 -0.660668  0.993396 0.080849 -0.081413  0.990265 0.133763 1 1 1.000000
0  37.079815 -78.508995 -0.674431  0.992085 -0.093035 -0.084328  0.009766 0.132786 1 1 1.000000
0  37.052288 -78.522758 -0.894653  0.758025 -0.036412 -0.651208  0.009766 0.123997 1 1 1.000000
skin_0dam
0  36.832069 -78.495224 -0.949708  0.256511 -0.014186 -0.966437  0.009766 0.120090 1 1 1.000000
0  36.873360 -78.330063 -0.949708  0.424108 -0.127629 -0.896573  0.990265 0.123020 1 1 1.000000
0  37.052288 -78.343826 -0.853361  0.823820 0.069556 -0.562568  0.990265 0.126926 1 1 1.000000
skin_0dam
0  37.052288 -78.343826 -0.853361  0.823820 0.069556 -0.562568  0.990265 0.126926 1 1 1.000000
0  37.052288 -78.522758 -0.894653  0.758025 -0.036412 -0.651208  0.009766 0.123997 1 1 1.000000
0  36.832069 -78.495224 -0.949708  0.256511 -0.014186 -0.966437  0.009766 0.120090 1 1 1.000000
skin_0dam
0  37.644135 -78.275002 5.560592  0.969025 -0.201900 -0.142223  0.009766 0.508774 1 1 1.000000
0  37.534023 -78.522758 5.037566  0.982032 -0.164665 -0.092183  0.009766 0.433576 1 1 1.000000
0  37.520260 -78.330063 5.037566  0.985987 0.045763 -0.160422  0.990265 0.433576 1 1 1.000000
skin_0dam
0  37.520260 -78.330063 5.037566  0.985987 0.045763 -0.160422  0.990265 0.433576 1 1 1.000000
0  37.616608 -78.137367 5.464245  0.961122 -0.021541 -0.275282  0.990265 0.508774 1 1 1.000000
0  37.644135 -78.275002 5.560592  0.969025 -0.201900 -0.142223  0.009766 0.508774 1 1 1.000000
skin_0dam
0  37.823067 -77.793266 5.987271  0.962279 -0.217225 -0.163803  0.009766 0.542955 1 1 1.000000
0  37.644135 -78.275002 5.560592  0.969025 -0.201900 -0.142223  0.009766 0.508774 1 1 1.000000
0  37.616608 -78.137367 5.464245  0.961122 -0.021541 -0.275282  0.990265 0.508774 1 1 1.000000
skin_0dam
0  37.616608 -78.137367 5.464245  0.961122 -0.021541 -0.275282  0.990265 0.508774 1 1 1.000000
0  37.781773 -77.696922 5.863397  0.939805 -0.054103 -0.337402  0.990265 0.541002 1 1 1.000000
0  37.823067 -77.793266 5.987271  0.962279 -0.217225 -0.163803  0.009766 0.542955 1 1 1.000000
skin_0dam
0  37.286274 -78.522758 1.885644  0.990374 -0.113361 -0.079424  0.009766 0.273415 1 1 1.000000
0  37.272511 -78.343826 1.899408  0.993713 0.078710 -0.079614  0.990265 0.275369 1 1 1.000000
0  37.520260 -78.330063 5.037566  0.985987 0.045763 -0.160422  0.990265 0.433576 1 1 1.000000
skin_0dam
0  37.520260 -78.330063 5.037566  0.985987 0.045763 -0.160422  0.990265 0.433576 1 1 1.000000
0  37.534023 -78.522758 5.037566  0.982032 -0.164665 -0.092183  0.009766 0.433576 1 1 1.000000
0  37.286274 -78.522758 1.885644  0.990374 -0.113361 -0.079424  0.009766 0.273415 1 1 1.000000
skin_0dam
0  37.616608 -78.371353 5.684466  0.938262 -0.345777 -0.010092  0.073244 0.839839 1 1 1.000000
0  37.795536 -77.862091 6.111146  0.938504 -0.345211 -0.006210  0.076174 0.837886 1 1 1.000000
0  36.405388 -81.537033 4.954983  0.906926 -0.418025 -0.052343  0.069338 0.851558 1 1 1.000000
skin_0dam
0  36.405388 -81.537033 4.954983  0.906926 -0.418025 -0.052343  0.069338 0.851558 1 1 1.000000
0  36.405388 -81.523270 4.844872  0.904481 -0.422931 -0.055163  0.068361 0.851558 1 1 1.000000
0  37.616608 -78.371353 5.684466  0.938262 -0.345777 -0.010092  0.073244 0.839839 1 1 1.000000
skin_0dam
0  36.405388 -81.509506 4.748525  0.903990 -0.424205 -0.053398  0.293954 0.917966 1 1 1.000000
0  34.561031 -84.606377 3.853875  0.811244 -0.583757 -0.033325  0.304697 0.920896 1 1 1.000000
0  34.561031 -84.578850 3.427196  0.813506 -0.580505 -0.034951  0.304697 0.922849 1 1 1.000000
skin_0dam
0  34.561031 -84.578850 3.427196  0.813506 -0.580505 -0.034951  0.304697 0.922849 1 1 1.000000
0  36.391624 -81.468216 4.280554  0.904169 -0.423666 -0.054642  0.293954 0.918943 1 1 1.000000
0  36.405388 -81.509506 4.748525  0.903990 -0.424205 -0.053398  0.293954 0.917966 1 1 1.000000
skin_0dam
0  34.561031 -84.565086 3.275794  0.816970 -0.575886 -0.030250  0.304697 0.922849 1 1 1.000000
0  32.427635 -87.015053 2.601365  0.697045 -0.716792 0.018339  0.316416 0.925779 1 1 1.000000
0  32.496452 -86.987526 1.335091  0.706933 -0.707271 0.003639  0.316416 0.930662 1 1 1.000000
skin_0dam
0  32.496452 -86.987526 1.335091  0.706933 -0.707271 0.003639  0.316416 0.930662 1 1 1.000000
0  34.588558 -84.427444 1.417674  0.828330 -0.559540 -0.028011  0.304697 0.929685 1 1 1.000000
0  34.561031 -84.565086 3.275794  0.816970 -0.575886 -0.030250  0.304697 0.922849 1 1 1.000000
skin_0dam
0  32.427635 -87.015053 2.601365  0.697045 -0.716792 0.018339  0.316416 0.925779 1 1 1.000000
0  30.252949 -88.831879 2.119630  0.643359 -0.765563 0.001374  0.329112 0.927732 1 1 1.000000
0  30.294239 -88.804352 1.376383  0.643855 -0.765123 0.006143  0.329112 0.930662 1 1 1.000000
skin_0dam
0  30.294239 -88.804352 1.376383  0.643855 -0.765123 0.006143  0.329112 0.930662 1 1 1.000000
0  32.496452 -86.987526 1.335091  0.706933 -0.707271 0.003639  0.316416 0.930662 1 1 1.000000
0  32.427635 -87.015053 2.601365  0.697045 -0.716792 0.018339  0.316416 0.925779 1 1 1.000000
skin_0dam
0  37.478966 -78.687920 4.968746  0.941763 -0.332151 -0.052516  0.069338 0.840815 1 1 1.000000
0  36.391624 -81.468216 4.129152  0.905398 -0.421334 -0.052275  0.064455 0.851558 1 1 1.000000
0  36.322803 -81.275520 1.569076  0.914211 -0.401303 -0.056336  0.049806 0.850581 1 1 1.000000
skin_0dam
0  36.322803 -81.275520 1.569076  0.914211 -0.401303 -0.056336  0.049806 0.850581 1 1 1.000000
0  37.231216 -78.687920 1.858117  0.948285 -0.308775 -0.073575  0.051759 0.840815 1 1 1.000000
0  37.478966 -78.687920 4.968746  0.941763 -0.332151 -0.052516  0.069338 0.840815 1 1 1.000000
skin_0dam
0  30.239185 -88.845642 2.532546  0.642905 -0.765945 0.000889  0.329112 0.925779 1 1 1.000000
0  30.266712 -88.818115 2.560073  0.644216 -0.764843 0.000923  0.329112 0.925779 1 1 1.000000
0  30.252949 -88.831879 2.601365  0.646022 -0.763123 -0.017296  0.329112 0.925779 1 1 1.000000
skin_0dam
0  30.252949 -88.831879 2.601365  0.646022 -0.763123 -0.017296  0.329112 0.925779 1 1 1.000000
0  30.211653 -88.873169 2.560073  0.641978 -0.766723 0.001082  0.329112 0.925779 1 1 1.000000
0  30.239185 -88.845642 2.532546  0.642905 -0.765945 0.000889  0.329112 0.925779 1 1 1.000000
skin_0dam
0  34.561031 -84.578850 3.385904  0.814160 -0.579637 -0.034122  0.304697 0.922849 1 1 1.000000
0  34.561031 -84.565086 3.330848  0.814501 -0.579160 -0.034088  0.304697 0.922849 1 1 1.000000
0  36.391624 -81.468216 4.184207  0.904329 -0.423345 -0.054477  0.293954 0.919919 1 1 1.000000
skin_0dam
0  36.391624 -81.468216 4.184207  0.904329 -0.423345 -0.054477  0.293954 0.919919 1 1 1.000000
0  36.391624 -81.468216 4.225499  0.904202 -0.423613 -0.054513  0.293954 0.919919 1 1 1.000000
0  34.561031 -84.578850 3.385904  0.814160 -0.579637 -0.034122  0.304697 0.922849 1 1 1.000000
skin_0dam
0  32.400108 -87.028816 3.165683  0.699952 -0.713720 -0.025917  0.316416 0.923826 1 1 1.000000
0  32.413872 -87.028816 3.110627  0.694145 -0.719595 0.018603  0.316416 0.923826 1 1 1.000000
0  34.561031 -84.606377 3.853875  0.811244 -0.583757 -0.033325  0.304697 0.920896 1 1 1.000000
skin_0dam
0  34.561031 -84.606377 3.853875  0.811244 -0.583757 -0.033325  0.304697 0.920896 1 1 1.000000
0  34.561031 -84.606377 3.895167  0.816001 -0.568957 -0.102126  0.304697 0.920896 1 1 1.000000
0  32.400108 -87.028816 3.165683  0.699952 -0.713720 -0.025917  0.316416 0.923826 1 1 1.000000
skin_0dam
0  34.561031 -84.578850 3.385904  0.814160 -0.579637 -0.034122  0.304697 0.922849 1 1 1.000000
0  34.561031 -84.578850 3.427196  0.813506 -0.580505 -0.034951  0.304697 0.922849 1 1 1.000000
0  32.427635 -87.015053 2.766531  0.695877 -0.717946 0.017550  0.316416 0.924802 1 1 1.000000
skin_0dam
0  32.427635 -87.015053 2.766531  0.695877 -0.717946 0.017550  0.316416 0.924802 1 1 1.000000
0  32.427635 -87.015053 2.711476  0.697193 -0.716636 0.018846  0.316416 0.924802 1 1 1.000000
0  34.561031 -84.578850 3.385904  0.814160 -0.579637 -0.034122  0.304697 0.922849 1 1 1.000000
skin_0dam
0  30.252949 -88.831879 2.601365  0.646022 -0.763123 -0.017296  0.329112 0.925779 1 1 1.000000
0  30.266712 -88.818115 2.560073  0.644216 -0.764843 0.000923  0.329112 0.925779 1 1 1.000000
0  32.413872 -87.028816 3.110627  0.694145 -0.719595 0.018603  0.316416 0.923826 1 1 1.000000
skin_0dam
0  32.413872 -87.028816 3.110627  0.694145 -0.719595 0.018603  0.316416 0.923826 1 1 1.000000
0  32.400108 -87.028816 3.165683  0.699952 -0.713720 -0.025917  0.316416 0.923826 1 1 1.000000
0  30.252949 -88.831879 2.601365  0.646022 -0.763123 -0.017296  0.329112 0.925779 1 1 1.000000
skin_0dam
0  32.427635 -87.015053 2.711476  0.697193 -0.716636 0.018846  0.316416 0.924802 1 1 1.000000
0  32.427635 -87.015053 2.766531  0.695877 -0.717946 0.017550  0.316416 0.924802 1 1 1.000000
0  30.280476 -88.818115 2.271033  0.642847 -0.765994 0.000997  0.329112 0.926756 1 1 1.000000
skin_0dam
0  30.280476 -88.818115 2.271033  0.642847 -0.765994 0.000997  0.329112 0.926756 1 1 1.000000
0  30.266712 -88.818115 2.229741  0.642912 -0.765940 0.000849  0.329112 0.926756 1 1 1.000000
0  32.427635 -87.015053 2.711476  0.697193 -0.716636 0.018846  0.316416 0.924802 1 1 1.000000
skin_0dam
0  36.405388 -81.509506 4.803580  0.905662 -0.420408 -0.055081  0.293954 0.916990 1 1 1.000000
0  36.405388 -81.523270 4.844872  0.904481 -0.422931 -0.055163  0.293954 0.916990 1 1 1.000000
0  34.561031 -84.620140 3.950222  0.817008 -0.551270 -0.169112  0.304697 0.920896 1 1 1.000000
skin_0dam
0  34.561031 -84.620140 3.950222  0.817008 -0.551270 -0.169112  0.304697 0.920896 1 1 1.000000
0  34.561031 -84.606377 3.895167  0.816001 -0.568957 -0.102126  0.304697 0.920896 1 1 1.000000
0  36.405388 -81.509506 4.803580  0.905662 -0.420408 -0.055081  0.293954 0.916990 1 1 1.000000
skin_0dam
0  34.561031 -84.606377 3.895167  0.816001 -0.568957 -0.102126  0.304697 0.920896 1 1 1.000000
0  34.561031 -84.620140 3.950222  0.817008 -0.551270 -0.169112  0.304697 0.920896 1 1 1.000000
0  32.413872 -87.028816 3.206974  0.705576 -0.704974 -0.071929  0.316416 0.923826 1 1 1.000000
skin_0dam
0  32.413872 -87.028816 3.206974  0.705576 -0.704974 -0.071929  0.316416 0.923826 1 1 1.000000
0  32.400108 -87.028816 3.165683  0.699952 -0.713720 -0.025917  0.316416 0.923826 1 1 1.000000
0  34.561031 -84.606377 3.895167  0.816001 -0.568957 -0.102126  0.304697 0.920896 1 1 1.000000
skin_0dam
0  32.400108 -87.028816 3.165683  0.699952 -0.713720 -0.025917  0.316416 0.923826 1 1 1.000000
0  32.413872 -87.028816 3.206974  0.705576 -0.704974 -0.071929  0.316416 0.923826 1 1 1.000000
0  30.239185 -88.845642 2.642657  0.648159 -0.760665 -0.035746  0.329112 0.925779 1 1 1.000000
skin_0dam
0  30.239185 -88.845642 2.642657  0.648159 -0.760665 -0.035746  0.329112 0.925779 1 1 1.000000
0  30.252949 -88.831879 2.601365  0.646022 -0.763123 -0.017296  0.329112 0.925779 1 1 1.000000
0  32.400108 -87.028816 3.165683  0.699952 -0.713720 -0.025917  0.316416 0.923826 1 1 1.000000
skin_0dam
0  36.391624 -81.468216 4.280554  0.904169 -0.423666 -0.054642  0.065432 0.851558 1 1 1.000000
0  36.391624 -81.468216 4.225499  0.904202 -0.423613 -0.054513  0.065432 0.851558 1 1 1.000000
0  37.478966 -78.687920 4.968746  0.941763 -0.332151 -0.052516  0.069338 0.840815 1 1 1.000000
skin_0dam
0  37.616608 -78.371353 5.684466  0.938262 -0.345777 -0.010092  0.073244 0.839839 1 1 1.000000
0  36.405388 -81.509506 4.803580  0.905662 -0.420408 -0.055081  0.068361 0.851558 1 1 1.000000
0  36.405388 -81.509506 4.748525  0.903990 -0.424205 -0.053398  0.068361 0.851558 1 1 1.000000
skin_0dam
0  36.405388 -81.523270 4.844872  0.904481 -0.422931 -0.055163  0.068361 0.851558 1 1 1.000000
0  36.405388 -81.509506 4.803580  0.905662 -0.420408 -0.055081  0.068361 0.851558 1 1 1.000000
0  37.616608 -78.371353 5.684466  0.938262 -0.345777 -0.010092  0.073244 0.839839 1 1 1.000000
skin_0dam
0  34.561031 -84.606377 3.895167  0.816001 -0.568957 -0.102126  0.304697 0.920896 1 1 1.000000
0  34.561031 -84.606377 3.853875  0.811244 -0.583757 -0.033325  0.304697 0.920896 1 1 1.000000
0  36.405388 -81.509506 4.748525  0.903990 -0.424205 -0.053398  0.293954 0.917966 1 1 1.000000
skin_0dam
0  36.405388 -81.509506 4.748525  0.903990 -0.424205 -0.053398  0.293954 0.917966 1 1 1.000000
0  36.405388 -81.509506 4.803580  0.905662 -0.420408 -0.055081  0.293954 0.916990 1 1 1.000000
0  34.561031 -84.606377 3.895167  0.816001 -0.568957 -0.102126  0.304697 0.920896 1 1 1.000000
skin_0dam
0  34.561031 -84.578850 3.427196  0.813506 -0.580505 -0.034951  0.304697 0.922849 1 1 1.000000
0  34.561031 -84.578850 3.385904  0.814160 -0.579637 -0.034122  0.304697 0.922849 1 1 1.000000
0  36.391624 -81.468216 4.225499  0.904202 -0.423613 -0.054513  0.293954 0.919919 1 1 1.000000
skin_0dam
0  36.391624 -81.468216 4.225499  0.904202 -0.423613 -0.054513  0.293954 0.919919 1 1 1.000000
0  36.391624 -81.468216 4.280554  0.904169 -0.423666 -0.054642  0.293954 0.918943 1 1 1.000000
0  34.561031 -84.578850 3.427196  0.813506 -0.580505 -0.034951  0.304697 0.922849 1 1 1.000000
skin_0dam
0  32.427635 -87.015053 2.711476  0.697193 -0.716636 0.018846  0.316416 0.924802 1 1 1.000000
0  32.427635 -87.015053 2.670184  0.697461 -0.716375 0.018831  0.316416 0.925779 1 1 1.000000
0  34.561031 -84.565086 3.330848  0.814501 -0.579160 -0.034088  0.304697 0.922849 1 1 1.000000
skin_0dam
0  34.561031 -84.565086 3.330848  0.814501 -0.579160 -0.034088  0.304697 0.922849 1 1 1.000000
0  34.561031 -84.578850 3.385904  0.814160 -0.579637 -0.034122  0.304697 0.922849 1 1 1.000000
0  32.427635 -87.015053 2.711476  0.697193 -0.716636 0.018846  0.316416 0.924802 1 1 1.000000
skin_0dam
0  30.266712 -88.818115 2.229741  0.642912 -0.765940 0.000849  0.329112 0.926756 1 1 1.000000
0  30.252949 -88.831879 2.174686  0.642978 -0.765885 0.000708  0.329112 0.927732 1 1 1.000000
0  32.427635 -87.015053 2.670184  0.697461 -0.716375 0.018831  0.316416 0.925779 1 1 1.000000
skin_0dam
0  32.427635 -87.015053 2.670184  0.697461 -0.716375 0.018831  0.316416 0.925779 1 1 1.000000
0  32.427635 -87.015053 2.711476  0.697193 -0.716636 0.018846  0.316416 0.924802 1 1 1.000000
0  30.266712 -88.818115 2.229741  0.642912 -0.765940 0.000849  0.329112 0.926756 1 1 1.000000
skin_0dam
0  37.478966 -78.687920 4.968746  0.941763 -0.332151 -0.052516  0.069338 0.840815 1 1 1.000000
0  36.391624 -81.468216 4.225499  0.904202 -0.423613 -0.054513  0.065432 0.851558 1 1 1.000000
0  36.391624 -81.468216 4.184207  0.904329 -0.423345 -0.054477  0.065432 0.851558 1 1 1.000000
skin_0dam
0  30.252949 -88.831879 2.298560  0.642982 -0.765881 0.000841  0.329112 0.926756 1 1 1.000000
0  30.239185 -88.845642 2.532546  0.642905 -0.765945 0.000889  0.329112 0.925779 1 1 1.000000
0  30.211653 -88.873169 2.560073  0.641978 -0.766723 0.001082  0.329112 0.925779 1 1 1.000000
skin_0dam
0  30.211653 -88.873169 2.560073  0.641978 -0.766723 0.001082  0.329112 0.925779 1 1 1.000000
0  30.225422 -88.859406 2.243505  0.643350 -0.765571 0.001005  0.329112 0.926756 1 1 1.000000
0  30.252949 -88.831879 2.298560  0.642982 -0.765881 0.000841  0.329112 0.926756 1 1 1.000000
skin_0dam
0  37.478966 -78.687920 4.968746  0.941763 -0.332151 -0.052516  0.069338 0.840815 1 1 1.000000
0  36.391624 -81.468216 4.184207  0.904329 -0.423345 -0.054477  0.065432 0.851558 1 1 1.000000
0  36.391624 -81.468216 4.129152  0.905398 -0.421334 -0.052275  0.064455 0.851558 1 1 1.000000
skin_0dam
0  36.391624 -81.468216 4.184207  0.904329 -0.423345 -0.054477  0.293954 0.919919 1 1 1.000000
0  34.561031 -84.565086 3.330848  0.814501 -0.579160 -0.034088  0.304697 0.922849 1 1 1.000000
0  34.561031 -84.565086 3.275794  0.816970 -0.575886 -0.030250  0.304697 0.922849 1 1 1.000000
skin_0dam
0  34.561031 -84.565086 3.275794  0.816970 -0.575886 -0.030250  0.304697 0.922849 1 1 1.000000
0  36.391624 -81.468216 4.129152  0.905398 -0.421334 -0.052275  0.293954 0.919919 1 1 1.000000
0  36.391624 -81.468216 4.184207  0.904329 -0.423345 -0.054477  0.293954 0.919919 1 1 1.000000
skin_0dam
0  34.561031 -84.565086 3.275794  0.816970 -0.575886 -0.030250  0.304697 0.922849 1 1 1.000000
0  34.561031 -84.565086 3.330848  0.814501 -0.579160 -0.034088  0.304697 0.922849 1 1 1.000000
0  32.427635 -87.015053 2.670184  0.697461 -0.716375 0.018831  0.316416 0.925779 1 1 1.000000
skin_0dam
0  32.427635 -87.015053 2.670184  0.697461 -0.716375 0.018831  0.316416 0.925779 1 1 1.000000
0  32.427635 -87.015053 2.601365  0.697045 -0.716792 0.018339  0.316416 0.925779 1 1 1.000000
0  34.561031 -84.565086 3.275794  0.816970 -0.575886 -0.030250  0.304697 0.922849 1 1 1.000000
skin_0dam
0  32.427635 -87.015053 2.601365  0.697045 -0.716792 0.018339  0.316416 0.925779 1 1 1.000000
0  32.427635 -87.015053 2.670184  0.697461 -0.716375 0.018831  0.316416 0.925779 1 1 1.000000
0  30.252949 -88.831879 2.174686  0.642978 -0.765885 0.000708  0.329112 0.927732 1 1 1.000000
skin_0dam
0  30.252949 -88.831879 2.174686  0.642978 -0.765885 0.000708  0.329112 0.927732 1 1 1.000000
0  30.252949 -88.831879 2.119630  0.643359 -0.765563 0.001374  0.329112 0.927732 1 1 1.000000
0  32.427635 -87.015053 2.601365  0.697045 -0.716792 0.018339  0.316416 0.925779 1 1 1.000000
skin_0dam
0  29.812506 -89.203499 2.491254  0.419538 -0.907653 -0.012402  0.331065 0.925779 1 1 1.000000
0  29.702394 -89.217262 2.505018  -0.507208 -0.860216 -0.052622  0.332041 0.925779 1 1 1.000000
0  29.729921 -89.203499 2.105867  -0.479838 -0.875391 -0.058695  0.332041 0.927732 1 1 1.000000
skin_0dam
0  29.729921 -89.203499 2.105867  -0.479838 -0.875391 -0.058695  0.332041 0.927732 1 1 1.000000
0  29.840033 -89.189735 2.133394  0.437571 -0.899098 -0.012421  0.331065 0.927732 1 1 1.000000
0  29.812506 -89.203499 2.491254  0.419538 -0.907653 -0.012402  0.331065 0.925779 1 1 1.000000
skin_0dam
0  29.702394 -89.217262 2.505018  -0.507208 -0.860216 -0.052622  0.332041 0.925779 1 1 1.000000
0  29.661098 -89.107155 2.587601  -0.973713 -0.220623 -0.056639  0.332041 0.925779 1 1 1.000000
0  29.688631 -89.093391 2.105867  -0.971372 -0.230270 -0.058413  0.332041 0.927732 1 1 1.000000
skin_0dam
0  29.688631 -89.093391 2.105867  -0.971372 -0.230270 -0.058413  0.332041 0.927732 1 1 1.000000
0  29.729921 -89.203499 2.105867  -0.479838 -0.875391 -0.058695  0.332041 0.927732 1 1 1.000000
0  29.702394 -89.217262 2.505018  -0.507208 -0.860216 -0.052622  0.332041 0.925779 1 1 1.000000
skin_0dam
0  29.688631 -89.093391 2.105867  -0.971372 -0.230270 -0.058413  0.332041 0.927732 1 1 1.000000
0  29.661098 -89.107155 2.587601  -0.973713 -0.220623 -0.056639  0.332041 0.925779 1 1 1.000000
0  29.275711 -85.459732 2.436199  -0.994091 -0.108464 -0.004414  0.333995 0.925779 1 1 1.000000
skin_0dam
0  30.252949 -88.831879 2.119630  0.643359 -0.765563 0.001374  0.329112 0.927732 1 1 1.000000
0  30.252949 -88.831879 2.174686  0.642978 -0.765885 0.000708  0.329112 0.927732 1 1 1.000000
0  30.197889 -88.886932 2.215977  0.643489 -0.765454 0.001035  0.329112 0.926756 1 1 1.000000
skin_0dam
0  30.197889 -88.886932 2.215977  0.643489 -0.765454 0.001035  0.329112 0.926756 1 1 1.000000
0  30.156599 -88.928223 2.202213  0.643223 -0.765677 0.001573  0.329112 0.926756 1 1 1.000000
0  30.252949 -88.831879 2.119630  0.643359 -0.765563 0.001374  0.329112 0.927732 1 1 1.000000
skin_0dam
0  30.266712 -88.818115 2.229741  0.642912 -0.765940 0.000849  0.329112 0.926756 1 1 1.000000
0  30.225422 -88.859406 2.243505  0.643350 -0.765571 0.001005  0.329112 0.926756 1 1 1.000000
0  30.197889 -88.886932 2.215977  0.643489 -0.765454 0.001035  0.329112 0.926756 1 1 1.000000
skin_0dam
0  30.197889 -88.886932 2.215977  0.643489 -0.765454 0.001035  0.329112 0.926756 1 1 1.000000
0  30.252949 -88.831879 2.174686  0.642978 -0.765885 0.000708  0.329112 0.927732 1 1 1.000000
0  30.266712 -88.818115 2.229741  0.642912 -0.765940 0.000849  0.329112 0.926756 1 1 1.000000
skin_0dam
0  30.129072 -88.941986 2.573837  0.644297 -0.764586 -0.017030  0.329112 0.925779 1 1 1.000000
0  30.156599 -88.928223 2.202213  0.643223 -0.765677 0.001573  0.329112 0.926756 1 1 1.000000
0  30.197889 -88.886932 2.215977  0.643489 -0.765454 0.001035  0.329112 0.926756 1 1 1.000000
skin_0dam
0  30.197889 -88.886932 2.215977  0.643489 -0.765454 0.001035  0.329112 0.926756 1 1 1.000000
0  30.184126 -88.900696 2.587601  0.644432 -0.764468 -0.017201  0.329112 0.925779 1 1 1.000000
0  30.129072 -88.941986 2.573837  0.644297 -0.764586 -0.017030  0.329112 0.925779 1 1 1.000000
skin_0dam
0  30.184126 -88.900696 2.587601  0.644432 -0.764468 -0.017201  0.329112 0.925779 1 1 1.000000
0  30.197889 -88.886932 2.215977  0.643489 -0.765454 0.001035  0.329112 0.926756 1 1 1.000000
0  30.225422 -88.859406 2.243505  0.643350 -0.765571 0.001005  0.329112 0.926756 1 1 1.000000
skin_0dam
0  30.225422 -88.859406 2.243505  0.643350 -0.765571 0.001005  0.329112 0.926756 1 1 1.000000
0  30.211653 -88.873169 2.560073  0.641978 -0.766723 0.001082  0.329112 0.925779 1 1 1.000000
0  30.184126 -88.900696 2.587601  0.644432 -0.764468 -0.017201  0.329112 0.925779 1 1 1.000000
skin_0dam
0  30.252949 -88.831879 2.601365  0.646022 -0.763123 -0.017296  0.329112 0.925779 1 1 1.000000
0  30.239185 -88.845642 2.642657  0.648159 -0.760665 -0.035746  0.329112 0.925779 1 1 1.000000
0  30.184126 -88.900696 2.587601  0.644432 -0.764468 -0.017201  0.329112 0.925779 1 1 1.000000
skin_0dam
0  30.184126 -88.900696 2.587601  0.644432 -0.764468 -0.017201  0.329112 0.925779 1 1 1.000000
0  30.211653 -88.873169 2.560073  0.641978 -0.766723 0.001082  0.329112 0.925779 1 1 1.000000
0  30.252949 -88.831879 2.601365  0.646022 -0.763123 -0.017296  0.329112 0.925779 1 1 1.000000
skin_0dam
0  30.239185 -88.845642 2.532546  0.642905 -0.765945 0.000889  0.329112 0.925779 1 1 1.000000
0  30.252949 -88.831879 2.298560  0.642982 -0.765881 0.000841  0.329112 0.926756 1 1 1.000000
0  30.280476 -88.818115 2.271033  0.642847 -0.765994 0.000997  0.329112 0.926756 1 1 1.000000
skin_0dam
0  30.280476 -88.818115 2.271033  0.642847 -0.765994 0.000997  0.329112 0.926756 1 1 1.000000
0  30.266712 -88.818115 2.560073  0.644216 -0.764843 0.000923  0.329112 0.925779 1 1 1.000000
0  30.239185 -88.845642 2.532546  0.642905 -0.765945 0.000889  0.329112 0.925779 1 1 1.000000
skin_0dam
0  30.252949 -88.831879 2.298560  0.642982 -0.765881 0.000841  0.329112 0.926756 1 1 1.000000
0  30.225422 -88.859406 2.243505  0.643350 -0.765571 0.001005  0.329112 0.926756 1 1 1.000000
0  30.266712 -88.818115 2.229741  0.642912 -0.765940 0.000849  0.329112 0.926756 1 1 1.000000
skin_0dam
0  30.266712 -88.818115 2.229741  0.642912 -0.765940 0.000849  0.329112 0.926756 1 1 1.000000
0  30.280476 -88.818115 2.271033  0.642847 -0.765994 0.000997  0.329112 0.926756 1 1 1.000000
0  30.252949 -88.831879 2.298560  0.642982 -0.765881 0.000841  0.329112 0.926756 1 1 1.000000
skin_0dam
0  30.239185 -88.859406 2.697712  0.647530 -0.761295 -0.033671  0.329112 0.925779 1 1 1.000000
0  29.812506 -89.203499 2.587601  0.420371 -0.907283 -0.011233  0.331065 0.925779 1 1 1.000000
0  29.812506 -89.203499 2.491254  0.419538 -0.907653 -0.012402  0.331065 0.925779 1 1 1.000000
skin_0dam
0  29.812506 -89.203499 2.491254  0.419538 -0.907653 -0.012402  0.331065 0.925779 1 1 1.000000
0  30.129072 -88.941986 2.573837  0.644297 -0.764586 -0.017030  0.329112 0.925779 1 1 1.000000
0  30.239185 -88.859406 2.697712  0.647530 -0.761295 -0.033671  0.329112 0.925779 1 1 1.000000
skin_0dam
0  29.812506 -89.203499 2.491254  0.419538 -0.907653 -0.012402  0.331065 0.925779 1 1 1.000000
0  29.840033 -89.189735 2.133394  0.437571 -0.899098 -0.012421  0.331065 0.927732 1 1 1.000000
0  30.156599 -88.928223 2.202213  0.643223 -0.765677 0.001573  0.329112 0.926756 1 1 1.000000
skin_0dam
0  30.156599 -88.928223 2.202213  0.643223 -0.765677 0.001573  0.329112 0.926756 1 1 1.000000
0  30.129072 -88.941986 2.573837  0.644297 -0.764586 -0.017030  0.329112 0.925779 1 1 1.000000
0  29.812506 -89.203499 2.491254  0.419538 -0.907653 -0.012402  0.331065 0.925779 1 1 1.000000
skin_0dam
0  30.156599 -88.928223 2.202213  0.643223 -0.765677 0.001573  0.329112 0.926756 1 1 1.000000
0  29.840033 -89.189735 2.133394  0.437571 -0.899098 -0.012421  0.331065 0.927732 1 1 1.000000
0  30.252949 -88.831879 2.119630  0.643359 -0.765563 0.001374  0.329112 0.927732 1 1 1.000000
skin_0dam
0  39.763763 -70.925110 8.038085  0.924026 -0.379292 0.048107  0.086917 0.811518 1 1 1.000000
0  38.896641 -73.223679 7.143435  0.932339 -0.233617 -0.275984  0.082034 0.820307 1 1 1.000000
0  38.896641 -73.086037 7.005796  0.942597 -0.304455 -0.137177  0.081057 0.820307 1 1 1.000000
skin_0dam
0  38.896641 -73.086037 7.005796  0.942597 -0.304455 -0.137177  0.081057 0.820307 1 1 1.000000
0  39.777527 -70.938873 7.859155  0.930122 -0.365148 0.039234  0.085940 0.812494 1 1 1.000000
0  39.763763 -70.925110 8.038085  0.924026 -0.379292 0.048107  0.086917 0.811518 1 1 1.000000
skin_0dam
0  38.057049 -75.453423 6.097382  0.949033 -0.246677 -0.196181  0.076174 0.829096 1 1 1.000000
0  38.896641 -73.086037 7.005796  0.942597 -0.304455 -0.137177  0.081057 0.820307 1 1 1.000000
0  38.896641 -73.223679 7.143435  0.932339 -0.233617 -0.275984  0.082034 0.820307 1 1 1.000000
skin_0dam
0  38.896641 -73.223679 7.143435  0.932339 -0.233617 -0.275984  0.082034 0.820307 1 1 1.000000
0  38.153397 -75.453423 6.358895  0.880743 -0.102357 -0.462401  0.077151 0.829096 1 1 1.000000
0  38.057049 -75.453423 6.097382  0.949033 -0.246677 -0.196181  0.076174 0.829096 1 1 1.000000
skin_0dam
0  38.057049 -75.453423 6.097382  0.949033 -0.246677 -0.196181  0.076174 0.829096 1 1 1.000000
0  38.153397 -75.453423 6.358895  0.880743 -0.102357 -0.462401  0.077151 0.829096 1 1 1.000000
0  37.547787 -77.476707 5.629411  0.786293 -0.028426 -0.617200  0.073244 0.836909 1 1 1.000000
skin_0dam
0  37.547787 -77.476707 5.629411  0.786293 -0.028426 -0.617200  0.073244 0.836909 1 1 1.000000
0  37.355091 -77.407890 5.326607  0.931633 -0.228534 -0.282547  0.071291 0.836909 1 1 1.000000
0  38.057049 -75.453423 6.097382  0.949033 -0.246677 -0.196181  0.076174 0.829096 1 1 1.000000
skin_0dam
0  38.153397 -75.453423 6.358895  0.880743 -0.102357 -0.462401  0.077151 0.829096 1 1 1.000000
0  38.896641 -73.223679 7.143435  0.932339 -0.233617 -0.275984  0.082034 0.820307 1 1 1.000000
0  38.869114 -73.443901 7.239781  0.865052 -0.115122 -0.488294  0.082034 0.821284 1 1 1.000000
skin_0dam
0  38.869114 -73.443901 7.239781  0.865052 -0.115122 -0.488294  0.082034 0.821284 1 1 1.000000
0  38.318562 -75.315781 6.592880  0.801469 -0.016114 -0.597820  0.079104 0.828120 1 1 1.000000
0  38.153397 -75.453423 6.358895  0.880743 -0.102357 -0.462401  0.077151 0.829096 1 1 1.000000
skin_0dam
0  38.153397 -75.453423 6.358895  0.880743 -0.102357 -0.462401  0.077151 0.829096 1 1 1.000000
0  38.318562 -75.315781 6.592880  0.801469 -0.016114 -0.597820  0.079104 0.828120 1 1 1.000000
0  37.699188 -77.614342 5.780813  0.723251 0.040753 -0.689382  0.074221 0.836909 1 1 1.000000
skin_0dam
0  37.699188 -77.614342 5.780813  0.723251 0.040753 -0.689382  0.074221 0.836909 1 1 1.000000
0  37.547787 -77.476707 5.629411  0.786293 -0.028426 -0.617200  0.073244 0.836909 1 1 1.000000
0  38.153397 -75.453423 6.358895  0.880743 -0.102357 -0.462401  0.077151 0.829096 1 1 1.000000
skin_0dam
0  39.777527 -70.938873 7.859155  0.930122 -0.365148 0.039234  0.085940 0.812494 1 1 1.000000
0  38.896641 -73.086037 7.005796  0.942597 -0.304455 -0.137177  0.081057 0.820307 1 1 1.000000
0  38.882877 -73.099800 6.909449  0.936740 -0.349047 -0.026179  0.080081 0.820307 1 1 1.000000
skin_0dam
0  38.882877 -73.099800 6.909449  0.936740 -0.349047 -0.026179  0.080081 0.820307 1 1 1.000000
0  38.896641 -73.086037 7.005796  0.942597 -0.304455 -0.137177  0.081057 0.820307 1 1 1.000000
0  38.057049 -75.453423 6.097382  0.949033 -0.246677 -0.196181  0.076174 0.829096 1 1 1.000000
skin_0dam
0  38.057049 -75.453423 6.097382  0.949033 -0.246677 -0.196181  0.076174 0.829096 1 1 1.000000
0  38.043285 -75.467186 5.849633  0.943159 -0.330142 -0.038176  0.074221 0.829096 1 1 1.000000
0  38.882877 -73.099800 6.909449  0.936740 -0.349047 -0.026179  0.080081 0.820307 1 1 1.000000
skin_0dam
0  38.043285 -75.467186 5.849633  0.943159 -0.330142 -0.038176  0.074221 0.829096 1 1 1.000000
0  38.057049 -75.453423 6.097382  0.949033 -0.246677 -0.196181  0.076174 0.829096 1 1 1.000000
0  37.355091 -77.407890 5.326607  0.931633 -0.228534 -0.282547  0.071291 0.836909 1 1 1.000000
skin_0dam
0  37.355091 -77.407890 5.326607  0.931633 -0.228534 -0.282547  0.071291 0.836909 1 1 1.000000
0  37.313801 -77.421654 4.996274  0.945642 -0.309678 -0.099297  0.069338 0.836909 1 1 1.000000
0  38.043285 -75.467186 5.849633  0.943159 -0.330142 -0.038176  0.074221 0.829096 1 1 1.000000
skin_0dam
0  38.607601 -73.264969 1.830589  0.941266 -0.328125 -0.079697  0.051759 0.821284 1 1 1.000000
0  39.282028 -71.324265 2.078338  0.956937 -0.273362 -0.097694  0.052736 0.813471 1 1 1.000000
0  39.571072 -71.214149 5.023802  0.951479 -0.302208 -0.057956  0.069338 0.813471 1 1 1.000000
skin_0dam
0  39.571072 -71.214149 5.023802  0.951479 -0.302208 -0.057956  0.069338 0.813471 1 1 1.000000
0  38.772770 -73.237442 4.514539  0.937944 -0.344319 -0.041302  0.067385 0.820307 1 1 1.000000
0  38.607601 -73.264969 1.830589  0.941266 -0.328125 -0.079697  0.051759 0.821284 1 1 1.000000
skin_0dam
0  39.777527 -70.883820 8.230779  0.950708 -0.306183 -0.049049  0.990265 0.859371 1 1 1.000000
0  38.525021 -75.068031 6.854393  0.790120 -0.019040 -0.612656  0.990265 0.420881 1 1 1.000000
0  38.869114 -73.443901 7.239781  0.865052 -0.115122 -0.488294  0.009766 0.560533 1 1 1.000000
skin_0dam
0  38.869114 -73.443901 7.239781  0.865052 -0.115122 -0.488294  0.009766 0.560533 1 1 1.000000
0  39.763763 -70.925110 8.038085  0.924026 -0.379292 0.048107  0.009766 0.828120 1 1 1.000000
0  39.777527 -70.883820 8.230779  0.950708 -0.306183 -0.049049  0.990265 0.859371 1 1 1.000000
skin_0dam
0  38.869114 -73.443901 7.239781  0.865052 -0.115122 -0.488294  0.009766 0.560533 1 1 1.000000
0  38.525021 -75.068031 6.854393  0.790120 -0.019040 -0.612656  0.990265 0.420881 1 1 1.000000
0  38.318562 -75.315781 6.592880  0.801469 -0.016114 -0.597820  0.009766 0.337870 1 1 1.000000
skin_0dam
0  38.318562 -75.315781 6.592880  0.801469 -0.016114 -0.597820  0.009766 0.337870 1 1 1.000000
0  38.525021 -75.068031 6.854393  0.790120 -0.019040 -0.612656  0.990265 0.420881 1 1 1.000000
0  37.781773 -77.696922 5.863397  0.725303 0.046626 -0.686849  0.990265 0.123997 1 1 1.000000
skin_0dam
0  37.781773 -77.696922 5.863397  0.725303 0.046626 -0.686849  0.990265 0.123997 1 1 1.000000
0  37.699188 -77.614342 5.780813  0.723251 0.040753 -0.689382  0.009766 0.103488 1 1 1.000000
0  38.318562 -75.315781 6.592880  0.801469 -0.016114 -0.597820  0.009766 0.337870 1 1 1.000000
skin_0dam
0  38.043285 -75.467186 5.849633  0.943159 -0.330142 -0.038176  0.074221 0.829096 1 1 1.000000
0  37.313801 -77.421654 4.996274  0.945642 -0.309678 -0.099297  0.069338 0.836909 1 1 1.000000
0  37.148632 -77.421654 3.454723  0.929388 -0.360607 -0.078745  0.060549 0.836909 1 1 1.000000
skin_0dam
0  37.148632 -77.421654 3.454723  0.929388 -0.360607 -0.078745  0.060549 0.836909 1 1 1.000000
0  37.960701 -75.522240 3.936458  0.933774 -0.354536 -0.048688  0.063478 0.829096 1 1 1.000000
0  38.043285 -75.467186 5.849633  0.943159 -0.330142 -0.038176  0.074221 0.829096 1 1 1.000000
skin_0dam
0  38.882877 -73.099800 6.909449  0.936740 -0.349047 -0.026179  0.080081 0.820307 1 1 1.000000
0  38.043285 -75.467186 5.849633  0.943159 -0.330142 -0.038176  0.074221 0.829096 1 1 1.000000
0  37.960701 -75.522240 3.936458  0.933774 -0.354536 -0.048688  0.063478 0.829096 1 1 1.000000
skin_0dam
0  37.960701 -75.522240 3.936458  0.933774 -0.354536 -0.048688  0.063478 0.829096 1 1 1.000000
0  38.772770 -73.237442 4.514539  0.937944 -0.344319 -0.041302  0.067385 0.820307 1 1 1.000000
0  38.882877 -73.099800 6.909449  0.936740 -0.349047 -0.026179  0.080081 0.820307 1 1 1.000000
skin_0dam
0  39.777527 -70.938873 7.859155  0.930122 -0.365148 0.039234  0.085940 0.812494 1 1 1.000000
0  38.882877 -73.099800 6.909449  0.936740 -0.349047 -0.026179  0.080081 0.820307 1 1 1.000000
0  38.772770 -73.237442 4.514539  0.937944 -0.344319 -0.041302  0.067385 0.820307 1 1 1.000000
skin_0dam
0  38.772770 -73.237442 4.514539  0.937944 -0.344319 -0.041302  0.067385 0.820307 1 1 1.000000
0  39.571072 -71.214149 5.023802  0.951479 -0.302208 -0.057956  0.069338 0.813471 1 1 1.000000
0  39.777527 -70.938873 7.859155  0.930122 -0.365148 0.039234  0.085940 0.812494 1 1 1.000000
skin_0dam
0  -39.571056 -71.214149 5.023808  -0.950271 -0.305657 -0.059664  0.929716 0.813471 1 1 1.000000
0  -38.772755 -73.237442 4.514545  -0.940359 -0.337183 -0.045093  0.932646 0.820307 1 1 1.000000
0  -38.882862 -73.099800 6.881927  -0.937400 -0.347191 -0.027193  0.918973 0.820307 1 1 1.000000
skin_0dam
0  -38.882862 -73.099800 6.881927  -0.937400 -0.347191 -0.027193  0.918973 0.820307 1 1 1.000000
0  -39.777512 -70.938873 7.859161  -0.929997 -0.365521 0.038728  0.914090 0.812494 1 1 1.000000
0  -39.571056 -71.214149 5.023808  -0.950271 -0.305657 -0.059664  0.929716 0.813471 1 1 1.000000
skin_0dam
0  -38.772755 -73.237442 4.514545  -0.940359 -0.337183 -0.045093  0.932646 0.820307 1 1 1.000000
0  -37.960686 -75.522240 3.936464  -0.937250 -0.344512 -0.053603  0.935575 0.829096 1 1 1.000000
0  -38.043270 -75.467186 5.849639  -0.944120 -0.327968 -0.032786  0.924833 0.829096 1 1 1.000000
skin_0dam
0  -38.043270 -75.467186 5.849639  -0.944120 -0.327968 -0.032786  0.924833 0.829096 1 1 1.000000
0  -38.882862 -73.099800 6.881927  -0.937400 -0.347191 -0.027193  0.918973 0.820307 1 1 1.000000
0  -38.772755 -73.237442 4.514545  -0.940359 -0.337183 -0.045093  0.932646 0.820307 1 1 1.000000
skin_0dam
0  -37.960686 -75.522240 3.936464  -0.937250 -0.344512 -0.053603  0.935575 0.829096 1 1 1.000000
0  -37.148617 -77.421654 3.454729  -0.921446 -0.379553 -0.082929  0.938505 0.836909 1 1 1.000000
0  -37.313786 -77.421654 4.996280  -0.937408 -0.339019 -0.079572  0.929716 0.836909 1 1 1.000000
skin_0dam
0  -37.313786 -77.421654 4.996280  -0.937408 -0.339019 -0.079572  0.929716 0.836909 1 1 1.000000
0  -38.043270 -75.467186 5.849639  -0.944120 -0.327968 -0.032786  0.924833 0.829096 1 1 1.000000
0  -37.960686 -75.522240 3.936464  -0.937250 -0.344512 -0.053603  0.935575 0.829096 1 1 1.000000
black
0  24.086742 -79.128365 -1.307567  -0.008770 0.018688 -0.999787  0.121097 0.355449 1 1 1.000000
0  31.216417 -90.579887 -1.445206  -0.006220 0.008704 -0.999943  0.064455 0.390606 1 1 1.000000
0  26.564236 -93.442764 -1.445206  -0.004800 0.009307 -0.999945  0.050783 0.368145 1 1 1.000000
black
0  26.564236 -93.442764 -1.445206  -0.004800 0.009307 -0.999945  0.050783 0.368145 1 1 1.000000
0  21.925819 -95.452293 -1.445206  -0.003435 0.009238 -0.999951  0.040040 0.345683 1 1 1.000000
0  24.086742 -79.128365 -1.307567  -0.008770 0.018688 -0.999787  0.121097 0.355449 1 1 1.000000
black
0  24.086742 -79.128365 -1.307567  -0.008770 0.018688 -0.999787  0.121097 0.355449 1 1 1.000000
0  34.629852 -87.785828 -1.445207  -0.007325 0.006977 -0.999949  0.078127 0.408185 1 1 1.000000
0  31.216417 -90.579887 -1.445206  -0.006220 0.008704 -0.999943  0.064455 0.390606 1 1 1.000000
black
0  24.086742 -79.128365 -1.307567  -0.008770 0.018688 -0.999787  0.121097 0.355449 1 1 1.000000
0  37.203690 -84.386154 -1.445207  -0.008885 0.005519 -0.999945  0.094729 0.420881 1 1 1.000000
0  34.629852 -87.785828 -1.445207  -0.007325 0.006977 -0.999949  0.078127 0.408185 1 1 1.000000
black
0  24.086742 -79.128365 -1.307567  -0.008770 0.018688 -0.999787  0.121097 0.355449 1 1 1.000000
0  38.759007 -81.371872 -1.445207  -0.009248 0.003849 -0.999950  0.109378 0.427717 1 1 1.000000
0  37.203690 -84.386154 -1.445207  -0.008885 0.005519 -0.999945  0.094729 0.420881 1 1 1.000000
black
0  17.012123 -97.007614 -1.445205  -0.001721 0.008119 -0.999966  0.033204 0.321268 1 1 1.000000
0  10.708282 -98.342697 -1.445205  -0.001404 0.007633 -0.999970  0.026368 0.290017 1 1 1.000000
0  0.000006 -80.477219 -1.293802  0.000453 0.024917 -0.999689  0.114261 0.237281 1 1 1.000000
black
0  5.216506 -99.113472 -1.445204  -0.000826 0.007893 -0.999969  0.022462 0.262673 1 1 1.000000
0  0.000007 -99.430038 -1.445204  -0.000000 0.007988 -0.999968  0.020508 0.237281 1 1 1.000000
0  0.000006 -80.477219 -1.293802  0.000453 0.024917 -0.999689  0.114261 0.237281 1 1 1.000000
black
0  10.708282 -98.342697 -1.445205  -0.001404 0.007633 -0.999970  0.026368 0.290017 1 1 1.000000
0  5.216506 -99.113472 -1.445204  -0.000826 0.007893 -0.999969  0.022462 0.262673 1 1 1.000000
0  0.000006 -80.477219 -1.293802  0.000453 0.024917 -0.999689  0.114261 0.237281 1 1 1.000000
black
0  21.925819 -95.452293 -1.445206  -0.003435 0.009238 -0.999951  0.040040 0.345683 1 1 1.000000
0  17.012123 -97.007614 -1.445205  -0.001721 0.008119 -0.999966  0.033204 0.321268 1 1 1.000000
0  24.086742 -79.128365 -1.307567  -0.008770 0.018688 -0.999787  0.121097 0.355449 1 1 1.000000
black
0  17.012123 -97.007614 -1.445205  -0.001721 0.008119 -0.999966  0.033204 0.321268 1 1 1.000000
0  0.000006 -80.477219 -1.293802  0.000453 0.024917 -0.999689  0.114261 0.237281 1 1 1.000000
0  24.086742 -79.128365 -1.307567  -0.008770 0.018688 -0.999787  0.121097 0.355449 1 1 1.000000
black
0  24.086742 -79.128365 -1.307567  -0.008770 0.018688 -0.999787  0.121097 0.355449 1 1 1.000000
0  39.777527 -78.343826 -1.445207  -0.008909 0.002754 -0.999957  0.125004 0.433576 1 1 1.000000
0  38.759007 -81.371872 -1.445207  -0.009248 0.003849 -0.999950  0.109378 0.427717 1 1 1.000000
black
0  18.484854 -69.548729 -0.922179  -0.011143 0.031452 -0.999443  0.167974 0.328104 1 1 1.000000
0  41.401661 -72.218910 -1.445207  -0.017667 0.006987 -0.999820  0.155278 0.441389 1 1 1.000000
0  24.086742 -79.128365 -1.307567  -0.008770 0.018688 -0.999787  0.121097 0.355449 1 1 1.000000
black
0  24.086742 -79.128365 -1.307567  -0.008770 0.018688 -0.999787  0.121097 0.355449 1 1 1.000000
0  0.000006 -80.477219 -1.293802  0.000453 0.024917 -0.999689  0.114261 0.237281 1 1 1.000000
0  0.000005 -69.534966 -0.812067  0.001094 0.043109 -0.999070  0.167974 0.237281 1 1 1.000000
black
0  0.000005 -69.534966 -0.812067  0.001094 0.043109 -0.999070  0.167974 0.237281 1 1 1.000000
0  18.484854 -69.548729 -0.922179  -0.011149 0.031454 -0.999443  0.167974 0.328104 1 1 1.000000
0  24.086742 -79.128365 -1.307567  -0.008770 0.018688 -0.999787  0.121097 0.355449 1 1 1.000000
black
0  24.086742 -79.128365 -1.307567  -0.008770 0.018688 -0.999787  0.121097 0.355449 1 1 1.000000
0  40.685940 -75.233200 -1.445207  -0.009419 0.002567 -0.999952  0.139653 0.437483 1 1 1.000000
0  39.777527 -78.343826 -1.445207  -0.008909 0.002754 -0.999957  0.125004 0.433576 1 1 1.000000
black
0  41.401661 -72.218910 -1.445207  -0.017667 0.006987 -0.999820  0.155278 0.441389 1 1 1.000000
0  40.685940 -75.233200 -1.445207  -0.009419 0.002567 -0.999952  0.139653 0.437483 1 1 1.000000
0  24.086742 -79.128365 -1.307567  -0.008770 0.018688 -0.999787  0.121097 0.355449 1 1 1.000000
black
0  18.484854 -69.548729 -0.922179  -0.011143 0.031452 -0.999443  0.167974 0.328104 1 1 1.000000
0  41.842102 -68.475151 -1.445207  -0.022408 0.000448 -0.999749  0.173833 0.443342 1 1 1.000000
0  41.828339 -69.163338 -1.445207  -0.022428 0.001706 -0.999747  0.169927 0.443342 1 1 1.000000
black
0  18.484854 -69.548729 -0.922179  -0.011143 0.031452 -0.999443  0.167974 0.328104 1 1 1.000000
0  41.828339 -69.163338 -1.445207  -0.022428 0.001706 -0.999747  0.169927 0.443342 1 1 1.000000
0  41.401661 -72.218910 -1.445207  -0.017667 0.006987 -0.999820  0.155278 0.441389 1 1 1.000000
black
0  -24.086731 -79.128365 -1.307564  0.008412 0.018512 -0.999793  0.121097 0.118137 1 1 1.000000
0  -26.564220 -93.442764 -1.445202  0.004713 0.009250 -0.999946  0.050783 0.106418 1 1 1.000000
0  -31.216402 -90.579887 -1.445202  0.006459 0.009065 -0.999938  0.064455 0.082980 1 1 1.000000
black
0  -26.564220 -93.442764 -1.445202  0.004713 0.009250 -0.999946  0.050783 0.106418 1 1 1.000000
0  -24.086731 -79.128365 -1.307564  0.008412 0.018512 -0.999793  0.121097 0.118137 1 1 1.000000
0  -21.925804 -95.452293 -1.445202  0.003155 0.008849 -0.999956  0.040040 0.128880 1 1 1.000000
black
0  -24.086731 -79.128365 -1.307564  0.008412 0.018512 -0.999793  0.121097 0.118137 1 1 1.000000
0  -31.216402 -90.579887 -1.445202  0.006459 0.009065 -0.999938  0.064455 0.082980 1 1 1.000000
0  -34.629837 -87.785828 -1.445201  0.007325 0.006977 -0.999949  0.078127 0.066378 1 1 1.000000
black
0  -24.086731 -79.128365 -1.307564  0.008412 0.018512 -0.999793  0.121097 0.118137 1 1 1.000000
0  -34.629837 -87.785828 -1.445201  0.007325 0.006977 -0.999949  0.078127 0.066378 1 1 1.000000
0  -37.203674 -84.386154 -1.445201  0.008830 0.005587 -0.999945  0.094729 0.053682 1 1 1.000000
black
0  -24.086731 -79.128365 -1.307564  0.008412 0.018512 -0.999793  0.121097 0.118137 1 1 1.000000
0  -37.203674 -84.386154 -1.445201  0.008830 0.005587 -0.999945  0.094729 0.053682 1 1 1.000000
0  -38.758991 -81.371872 -1.445201  0.008827 0.003620 -0.999955  0.109378 0.045869 1 1 1.000000
black
0  -17.012108 -97.007614 -1.445203  0.001752 0.008453 -0.999963  0.033204 0.153294 1 1 1.000000
0  0.000006 -80.477219 -1.293802  0.000453 0.024917 -0.999689  0.114261 0.237281 1 1 1.000000
0  -10.708266 -98.342697 -1.445203  0.001404 0.007633 -0.999970  0.026368 0.184545 1 1 1.000000
black
0  -5.216492 -99.113472 -1.445204  0.000825 0.007893 -0.999969  0.022462 0.211890 1 1 1.000000
0  0.000006 -80.477219 -1.293802  0.000453 0.024917 -0.999689  0.114261 0.237281 1 1 1.000000
0  0.000007 -99.430038 -1.445204  -0.000000 0.007988 -0.999968  0.020508 0.237281 1 1 1.000000
black
0  -10.708266 -98.342697 -1.445203  0.001404 0.007633 -0.999970  0.026368 0.184545 1 1 1.000000
0  0.000006 -80.477219 -1.293802  0.000453 0.024917 -0.999689  0.114261 0.237281 1 1 1.000000
0  -5.216492 -99.113472 -1.445204  0.000825 0.007893 -0.999969  0.022462 0.211890 1 1 1.000000
black
0  -21.925804 -95.452293 -1.445202  0.003155 0.008849 -0.999956  0.040040 0.128880 1 1 1.000000
0  -24.086731 -79.128365 -1.307564  0.008412 0.018512 -0.999793  0.121097 0.118137 1 1 1.000000
0  -17.012108 -97.007614 -1.445203  0.001752 0.008453 -0.999963  0.033204 0.153294 1 1 1.000000
black
0  -17.012108 -97.007614 -1.445203  0.001752 0.008453 -0.999963  0.033204 0.153294 1 1 1.000000
0  -24.086731 -79.128365 -1.307564  0.008412 0.018512 -0.999793  0.121097 0.118137 1 1 1.000000
0  0.000006 -80.477219 -1.293802  0.000453 0.024917 -0.999689  0.114261 0.237281 1 1 1.000000
black
0  -24.086731 -79.128365 -1.307564  0.008412 0.018512 -0.999793  0.121097 0.118137 1 1 1.000000
0  -38.758991 -81.371872 -1.445201  0.008827 0.003620 -0.999955  0.109378 0.045869 1 1 1.000000
0  -39.777512 -78.343826 -1.445201  0.009569 0.003146 -0.999949  0.125004 0.040986 1 1 1.000000
black
0  -18.484842 -69.548729 -0.922176  0.009121 0.034846 -0.999351  0.167974 0.146458 1 1 1.000000
0  -24.086731 -79.128365 -1.307564  0.008412 0.018512 -0.999793  0.121097 0.118137 1 1 1.000000
0  -41.401653 -72.218910 -1.445201  0.017666 0.006987 -0.999820  0.155278 0.033174 1 1 1.000000
black
0  0.000006 -80.477219 -1.293802  0.000453 0.024917 -0.999689  0.114261 0.237281 1 1 1.000000
0  -24.086731 -79.128365 -1.307564  0.008412 0.018512 -0.999793  0.121097 0.118137 1 1 1.000000
0  -18.484842 -69.548729 -0.922176  0.009121 0.034846 -0.999351  0.167974 0.146458 1 1 1.000000
black
0  -18.484842 -69.548729 -0.922176  0.009121 0.034846 -0.999351  0.167974 0.146458 1 1 1.000000
0  0.000005 -69.534966 -0.812067  0.001094 0.043109 -0.999070  0.167974 0.237281 1 1 1.000000
0  0.000006 -80.477219 -1.293802  0.000453 0.024917 -0.999689  0.114261 0.237281 1 1 1.000000
black
0  -24.086731 -79.128365 -1.307564  0.008412 0.018512 -0.999793  0.121097 0.118137 1 1 1.000000
0  -39.777512 -78.343826 -1.445201  0.009569 0.003146 -0.999949  0.125004 0.040986 1 1 1.000000
0  -40.685932 -75.233200 -1.445201  0.009223 0.002524 -0.999954  0.139653 0.037080 1 1 1.000000
black
0  -41.401653 -72.218910 -1.445201  0.017666 0.006987 -0.999820  0.155278 0.033174 1 1 1.000000
0  -24.086731 -79.128365 -1.307564  0.008412 0.018512 -0.999793  0.121097 0.118137 1 1 1.000000
0  -40.685932 -75.233200 -1.445201  0.009223 0.002524 -0.999954  0.139653 0.037080 1 1 1.000000
black
0  -18.484842 -69.548729 -0.922176  0.009121 0.034846 -0.999351  0.167974 0.146458 1 1 1.000000
0  -41.828331 -69.163338 -1.445201  0.022428 0.001706 -0.999747  0.169927 0.031220 1 1 1.000000
0  -41.842094 -68.475151 -1.445201  0.022408 0.000448 -0.999749  0.173833 0.031220 1 1 1.000000
black
0  -18.484842 -69.548729 -0.922176  0.009121 0.034846 -0.999351  0.167974 0.146458 1 1 1.000000
0  -41.401653 -72.218910 -1.445201  0.017666 0.006987 -0.999820  0.155278 0.033174 1 1 1.000000
0  -41.828331 -69.163338 -1.445201  0.022428 0.001706 -0.999747  0.169927 0.031220 1 1 1.000000
black
0  -18.443552 -69.507439 -0.426678  0.001575 0.997950 -0.063980  0.358409 0.891598 1 1 1.000000
0  -41.993496 -68.571495 -0.550551  0.039857 0.998727 0.030909  0.371105 0.862301 1 1 1.000000
0  -42.296303 -68.475151 2.326093  0.037801 0.998190 -0.046779  0.371105 0.635731 1 1 1.000000
black
0  -18.443552 -69.507439 -0.426678  0.001575 0.997950 -0.063980  0.358409 0.891598 1 1 1.000000
0  -41.965969 -68.543968 -0.784536  0.036644 0.975582 0.216558  0.371105 0.875973 1 1 1.000000
0  -41.993496 -68.571495 -0.550551  0.039857 0.998727 0.030909  0.371105 0.862301 1 1 1.000000
black
0  -18.443552 -69.507439 -0.426678  0.001575 0.997950 -0.063980  0.358409 0.891598 1 1 1.000000
0  -41.842094 -68.475151 -0.935939  0.030791 0.908585 0.416564  0.371105 0.891598 1 1 1.000000
0  -41.965969 -68.543968 -0.784536  0.036644 0.975582 0.216558  0.371105 0.875973 1 1 1.000000
black
0  -18.443552 -69.507439 -0.426678  0.001575 0.997950 -0.063980  0.371105 0.891598 1 1 1.000000
0  -40.217957 -68.970642 8.836393  0.154110 0.987084 0.043765  0.368175 0.515610 1 1 1.000000
0  -18.484842 -68.571495 8.836391  -0.018304 0.994726 -0.100923  0.337901 0.891598 1 1 1.000000
black
0  42.915688 -67.979645 8.506055  -0.323346 0.940717 -0.102461  0.376965 0.312479 1 1 1.000000
0  42.612881 -68.282455 5.340370  -0.128500 0.991583 0.015847  0.383801 0.332987 1 1 1.000000
0  40.217972 -68.970642 8.836388  -0.154407 0.987024 0.044080  0.367199 0.529283 1 1 1.000000
black
0  42.915688 -67.979645 8.506055  -0.323346 0.940717 -0.102461  0.376965 0.312479 1 1 1.000000
0  40.217972 -68.970642 8.836388  -0.154407 0.987024 0.044080  0.367199 0.529283 1 1 1.000000
0  42.874393 -67.938354 8.863915  -0.306611 0.940120 -0.148878  0.376965 0.310526 1 1 1.000000
black
0  42.915688 -67.979645 8.506055  -0.323355 0.940715 -0.102452  0.376965 0.312479 1 1 1.000000
0  42.874393 -67.938354 8.863915  -0.306605 0.940121 -0.148880  0.376965 0.310526 1 1 1.000000
0  42.929451 -67.965881 8.671222  0.181527 0.977209 -0.110043  0.376965 0.311502 1 1 1.000000
black
0  18.443563 -69.507439 -0.426681  -0.001599 0.998004 -0.063131  0.358409 0.891598 1 1 1.000000
0  42.296310 -68.475151 2.326087  -0.037984 0.998210 -0.046189  0.371105 0.635731 1 1 1.000000
0  41.993504 -68.571495 -0.550557  -0.039918 0.998725 0.030911  0.371105 0.862301 1 1 1.000000
black
0  18.443563 -69.507439 -0.426681  -0.001599 0.998004 -0.063131  0.358409 0.891598 1 1 1.000000
0  41.993504 -68.571495 -0.550557  -0.039918 0.998725 0.030911  0.371105 0.862301 1 1 1.000000
0  41.965977 -68.543968 -0.784543  -0.036713 0.975579 0.216560  0.371105 0.875973 1 1 1.000000
black
0  18.443563 -69.507439 -0.426681  -0.001599 0.998004 -0.063131  0.358409 0.891598 1 1 1.000000
0  41.965977 -68.543968 -0.784543  -0.036713 0.975579 0.216560  0.371105 0.875973 1 1 1.000000
0  41.842102 -68.475151 -0.935945  -0.030854 0.908581 0.416567  0.371105 0.891598 1 1 1.000000
black
0  42.612881 -68.282455 5.340370  -0.128500 0.991583 0.015847  0.383801 0.332987 1 1 1.000000
0  42.296310 -68.475151 2.326087  -0.037984 0.998210 -0.046189  0.392590 0.341777 1 1 1.000000
0  18.443563 -69.507439 -0.426681  -0.001599 0.998004 -0.063131  0.371105 0.891598 1 1 1.000000
black
0  18.443563 -69.507439 -0.426681  -0.001599 0.998004 -0.063131  0.371105 0.891598 1 1 1.000000
0  40.217972 -68.970642 8.836388  -0.154407 0.987024 0.044080  0.367199 0.529283 1 1 1.000000
0  42.612881 -68.282455 5.340370  -0.128500 0.991583 0.015847  0.383801 0.332987 1 1 1.000000
black
0  -42.612873 -68.282455 5.340376  0.128238 0.991619 0.015732  0.383801 0.332987 1 1 1.000000
0  -40.217957 -68.970642 8.836393  0.154110 0.987084 0.043765  0.368175 0.515610 1 1 1.000000
0  -18.443552 -69.507439 -0.426678  0.001575 0.997950 -0.063980  0.371105 0.891598 1 1 1.000000
black
0  -18.443552 -69.507439 -0.426678  0.001575 0.997950 -0.063980  0.371105 0.891598 1 1 1.000000
0  -42.296303 -68.475151 2.326093  0.037801 0.998190 -0.046779  0.392590 0.341777 1 1 1.000000
0  -42.612873 -68.282455 5.340376  0.128238 0.991619 0.015732  0.383801 0.332987 1 1 1.000000
black
0  -42.915672 -67.979645 8.506061  0.323270 0.940742 -0.102473  0.376965 0.312479 1 1 1.000000
0  -42.929436 -67.965881 8.671227  -0.181612 0.977192 -0.110055  0.376965 0.311502 1 1 1.000000
0  -42.874378 -67.938354 8.863921  0.306546 0.940141 -0.148879  0.376965 0.310526 1 1 1.000000
black
0  -42.915672 -67.979645 8.506061  0.323270 0.940742 -0.102473  0.376965 0.312479 1 1 1.000000
0  -42.874378 -67.938354 8.863921  0.306546 0.940141 -0.148879  0.376965 0.310526 1 1 1.000000
0  -40.217957 -68.970642 8.836393  0.154110 0.987084 0.043765  0.368175 0.515610 1 1 1.000000
black
0  -42.915672 -67.979645 8.506061  0.323270 0.940742 -0.102473  0.376965 0.312479 1 1 1.000000
0  -40.217957 -68.970642 8.836393  0.154110 0.987084 0.043765  0.368175 0.515610 1 1 1.000000
0  -42.612873 -68.282455 5.340376  0.128238 0.991619 0.015732  0.383801 0.332987 1 1 1.000000
black
0  18.443563 -69.507439 -0.426681  -0.001599 0.998004 -0.063131  0.371105 0.891598 1 1 1.000000
0  18.484854 -68.571495 8.836390  0.018270 0.994760 -0.100592  0.337901 0.891598 1 1 1.000000
0  40.217972 -68.970642 8.836388  -0.154407 0.987024 0.044080  0.367199 0.529283 1 1 1.000000
end
