version 1
nodes
0 "root" -1
end
skeleton
time 0
0  0.000000 0.000000 0.000000  0.000000 -0.000000 0.000000
end
triangles
misc
0  8.285837 -10.130192 0.055055  -0.532707 -0.002553 -0.846296  0.355480 0.295877 1 0 1.000000
0  9.084144 -48.352398 0.385387  -0.513299 -0.075711 -0.854864  0.355480 0.295877 1 0 1.000000
0  9.607170 -48.324871 3.730002  -0.236484 0.074520 0.968773  0.355480 0.295877 1 0 1.000000
misc
0  9.607170 -48.324871 3.730002  -0.236484 0.074520 0.968773  0.355480 0.295877 1 0 1.000000
0  8.781337 -9.497054 3.041810  -0.260908 -0.013836 0.965264  0.355480 0.295877 1 0 1.000000
0  8.285837 -10.130192 0.055055  -0.532707 -0.002553 -0.846296  0.355480 0.295877 1 0 1.000000
misc
0  -8.244544 -19.255625 0.289041  -0.842152 0.526446 0.116765  0.355480 0.295877 1 0 1.000000
0  8.712518 -9.813623 2.394909  -0.487600 0.795243 0.360325  0.355480 0.295877 1 0 1.000000
0  8.423476 -11.520341 0.123874  0.035941 0.073664 -0.996635  0.355480 0.295877 1 0 1.000000
misc
0  8.423476 -11.520341 0.123874  0.035941 0.073664 -0.996635  0.355480 0.295877 1 0 1.000000
0  -7.322366 -19.751123 -1.046052  -0.087268 0.068775 -0.993808  0.355480 0.295877 1 0 1.000000
0  -8.244544 -19.255625 0.289041  -0.842152 0.526446 0.116765  0.355480 0.295877 1 0 1.000000
misc
0  -7.322366 -19.751123 -1.046052  -0.087268 0.068775 -0.993808  0.355480 0.295877 1 0 1.000000
0  8.423476 -11.520341 0.123874  0.035941 0.073664 -0.996635  0.355480 0.295877 1 0 1.000000
0  8.974030 -12.222297 3.289559  0.081291 -0.418329 0.904650  0.355480 0.295877 1 0 1.000000
misc
0  8.974030 -12.222297 3.289559  0.081291 -0.418329 0.904650  0.355480 0.295877 1 0 1.000000
0  -6.455244 -20.136511 1.431441  0.350091 -0.216766 0.911290  0.355480 0.295877 1 0 1.000000
0  -7.322366 -19.751123 -1.046052  -0.087268 0.068775 -0.993808  0.355480 0.295877 1 0 1.000000
misc
0  -8.244544 -19.255625 0.289041  -0.842152 0.526446 0.116765  0.355480 0.295877 1 0 1.000000
0  -6.455244 -20.136511 1.431441  0.350091 -0.216766 0.911290  0.355480 0.295877 1 0 1.000000
0  8.974030 -12.222297 3.289559  0.081291 -0.418329 0.904650  0.355480 0.295877 1 0 1.000000
misc
0  8.974030 -12.222297 3.289559  0.081291 -0.418329 0.904650  0.355480 0.295877 1 0 1.000000
0  8.712518 -9.813623 2.394909  -0.487600 0.795243 0.360325  0.355480 0.295877 1 0 1.000000
0  -8.244544 -19.255625 0.289041  -0.842152 0.526446 0.116765  0.355480 0.295877 1 0 1.000000
misc
0  -1.610365 -62.611744 7.859158  -0.720327 -0.039546 -0.692506  0.041993 0.989257 1 0 1.000000
0  -1.610365 -62.611744 10.212776  -0.999999 0.001588 0.000000  0.041993 0.999023 1 0 1.000000
0  -1.417681 58.730347 3.083102  -0.999999 0.001588 0.000000  0.281259 0.999023 1 0 1.000000
misc
0  -1.417681 58.730347 3.083102  -0.999999 0.001588 0.000000  0.281259 0.999023 1 0 1.000000
0  -1.417681 58.730347 0.729484  -0.693195 -0.041179 -0.719573  0.281259 0.988281 1 0 1.000000
0  -1.610365 -62.611744 7.859158  -0.720327 -0.039546 -0.692506  0.041993 0.989257 1 0 1.000000
misc
0  0.688198 -62.611744 7.859158  0.719558 -0.041871 -0.693169  0.041993 0.989257 1 0 1.000000
0  -1.610365 -62.611744 7.859158  -0.720327 -0.039546 -0.692506  0.041993 0.999023 1 0 1.000000
0  -1.417681 58.730347 0.729484  -0.693195 -0.041179 -0.719573  0.281259 0.999023 1 0 1.000000
misc
0  -1.417681 58.730347 0.729484  -0.693195 -0.041179 -0.719573  0.281259 0.999023 1 0 1.000000
0  0.880882 58.730347 0.729484  0.693860 -0.043336 -0.718805  0.281259 0.988281 1 0 1.000000
0  0.688198 -62.611744 7.859158  0.719558 -0.041871 -0.693169  0.041993 0.989257 1 0 1.000000
misc
0  -17.438805 111.432114 3.138159  0.000000 1.000000 0.000000  0.103519 0.930662 1 0 1.000000
0  -17.438805 111.432114 7.446244  0.000000 1.000000 0.000000  0.103519 0.946287 1 0 1.000000
0  16.489084 111.432114 7.446241  0.000000 1.000000 0.000000  0.006836 0.946287 1 0 1.000000
misc
0  16.489084 111.432114 7.446241  0.000000 1.000000 0.000000  0.006836 0.946287 1 0 1.000000
0  16.489084 111.432114 3.138156  0.000000 1.000000 0.000000  0.006836 0.930662 1 0 1.000000
0  -17.438805 111.432114 3.138159  0.000000 1.000000 0.000000  0.103519 0.930662 1 0 1.000000
misc
0  16.434029 107.275429 7.446241  0.000000 -1.000000 0.000000  0.006836 0.946287 1 0 1.000000
0  -17.369986 107.275429 7.446244  0.000000 -1.000000 0.000000  0.103519 0.946287 1 0 1.000000
0  -17.369986 107.275429 3.138159  0.000000 -1.000000 0.000000  0.103519 0.930662 1 0 1.000000
misc
0  -17.369986 107.275429 3.138159  0.000000 -1.000000 0.000000  0.103519 0.930662 1 0 1.000000
0  16.434029 107.275429 3.138156  0.000000 -1.000000 0.000000  0.006836 0.930662 1 0 1.000000
0  16.434029 107.275429 7.446241  0.000000 -1.000000 0.000000  0.006836 0.946287 1 0 1.000000
misc
0  -17.438805 111.432114 3.138159  -0.000000 0.000000 -1.000000  0.103519 0.946287 1 0 1.000000
0  16.489084 111.432114 3.138156  -0.000000 0.000000 -1.000000  0.006836 0.946287 1 0 1.000000
0  16.434029 107.275429 3.138156  -0.000000 0.000000 -1.000000  0.006836 0.930662 1 0 1.000000
misc
0  16.434029 107.275429 3.138156  -0.000000 -0.000000 -1.000000  0.006836 0.930662 1 0 1.000000
0  -17.369986 107.275429 3.138159  -0.000000 -0.000000 -1.000000  0.103519 0.930662 1 0 1.000000
0  -17.438805 111.432114 3.138159  -0.000000 -0.000000 -1.000000  0.103519 0.946287 1 0 1.000000
misc
0  -12.194773 53.059635 10.020082  0.000000 1.000000 0.000001  0.295907 0.904294 1 0 1.000000
0  11.258825 53.059635 10.020081  0.000000 1.000000 0.000001  0.364269 0.904294 1 0 1.000000
0  11.258824 53.059635 5.106387  0.000000 1.000000 0.000001  0.364269 0.936522 1 0 1.000000
misc
0  11.258824 53.059635 5.106387  0.000000 1.000000 -0.000001  0.364269 0.936522 1 0 1.000000
0  -12.194774 53.059635 5.106389  0.000000 1.000000 -0.000001  0.295907 0.936522 1 0 1.000000
0  -12.194773 53.059635 10.020082  0.000000 1.000000 -0.000001  0.295907 0.904294 1 0 1.000000
misc
0  -12.153481 48.889191 5.106389  0.000000 -1.000000 0.000000  0.295907 0.936522 1 0 1.000000
0  11.217534 48.889191 5.106387  0.000000 -1.000000 0.000000  0.364269 0.936522 1 0 1.000000
0  11.217534 48.889191 10.020081  0.000000 -1.000000 0.000000  0.364269 0.904294 1 0 1.000000
misc
0  11.217534 48.889191 10.020081  0.000000 -1.000000 0.000000  0.364269 0.904294 1 0 1.000000
0  -12.153481 48.889191 10.020082  0.000000 -1.000000 0.000000  0.295907 0.904294 1 0 1.000000
0  -12.153481 48.889191 5.106389  0.000000 -1.000000 0.000000  0.295907 0.936522 1 0 1.000000
misc
0  -12.194774 53.059635 5.106389  -0.000000 0.000000 -1.000000  0.294931 0.952147 1 0 1.000000
0  11.258824 53.059635 5.106387  -0.000083 -0.000472 -1.000000  0.365246 0.952147 1 0 1.000000
0  11.217534 48.889191 5.106387  -0.000094 -0.000470 -1.000000  0.365246 0.984375 1 0 1.000000
misc
0  11.217534 48.889191 5.106387  -0.000094 -0.000470 -1.000000  0.365246 0.984375 1 0 1.000000
0  -12.153481 48.889191 5.106389  -0.000000 -0.000000 -1.000000  0.294931 0.984375 1 0 1.000000
0  -12.194774 53.059635 5.106389  -0.000000 -0.000000 -1.000000  0.294931 0.952147 1 0 1.000000
misc
0  -0.467972 19.641012 6.895688  -0.000000 1.000000 -0.000000  0.346690 0.676748 1 0 1.000000
0  15.732079 19.641014 10.088901  -0.000000 1.000000 0.000000  0.427747 0.668935 1 0 1.000000
0  15.732079 19.641014 3.454725  -0.000000 1.000000 0.000000  0.427747 0.686514 1 0 1.000000
misc
0  15.677024 15.484330 10.088901  0.000000 -1.000000 0.000000  0.426771 0.668935 1 0 1.000000
0  -0.467972 15.484329 6.895688  0.000000 -1.000000 -0.000001  0.346690 0.676748 1 0 1.000000
0  15.677023 15.484330 3.454725  0.000000 -1.000000 0.000000  0.426771 0.686514 1 0 1.000000
misc
0  15.732079 19.641014 3.454725  -0.208339 0.002325 -0.978054  0.365246 0.952147 1 0 1.000000
0  15.677023 15.484330 3.454725  -0.208446 0.002761 -0.978030  0.365246 0.984375 1 0 1.000000
0  -0.467972 15.484329 6.895688  0.000210 0.000221 -1.000000  0.295907 0.984375 1 0 1.000000
misc
0  -0.467972 15.484329 6.895688  0.000210 0.000221 -1.000000  0.295907 0.984375 1 0 1.000000
0  -0.467972 19.641012 6.895688  0.000201 0.000221 -1.000000  0.295907 0.952147 1 0 1.000000
0  15.732079 19.641014 3.454725  -0.208339 0.002325 -0.978054  0.365246 0.952147 1 0 1.000000
misc
0  -0.467972 19.641012 6.895688  0.000201 0.000221 -1.000000  0.295907 0.984375 1 0 1.000000
0  -0.467972 15.484329 6.895688  0.000210 0.000221 -1.000000  0.295907 0.952147 1 0 1.000000
0  -16.626730 15.484328 3.454727  0.207705 0.002322 -0.978189  0.365246 0.952147 1 0 1.000000
misc
0  -16.626730 15.484328 3.454727  0.207705 0.002322 -0.978189  0.365246 0.952147 1 0 1.000000
0  -16.681787 19.641010 3.454727  0.207600 0.002750 -0.978210  0.365246 0.984375 1 0 1.000000
0  -0.467972 19.641012 6.895688  0.000201 0.000221 -1.000000  0.295907 0.984375 1 0 1.000000
misc
0  -0.454204 -30.211645 5.574358  -0.000000 1.000000 -0.000000  0.346690 0.680654 1 0 1.000000
0  -16.723074 -30.211647 3.248269  -0.000000 1.000000 -0.000000  0.266610 0.687490 1 0 1.000000
0  -16.723072 -30.211647 10.185248  -0.000000 1.000000 -0.000000  0.266610 0.668935 1 0 1.000000
misc
0  15.759609 -34.368328 3.248267  0.000000 -1.000000 0.000001  0.427747 0.687490 1 0 1.000000
0  -0.454204 -34.368328 5.574358  0.000000 -1.000000 -0.000001  0.346690 0.680654 1 0 1.000000
0  -16.668020 -34.368328 3.248269  0.000000 -1.000000 -0.000002  0.266610 0.687490 1 0 1.000000
misc
0  -16.723074 -30.211647 3.248269  -0.000000 0.000000 -1.000000  0.071291 0.905271 1 0 1.000000
0  15.814665 -30.211643 3.248267  -0.000000 0.000000 -1.000000  0.001953 0.905271 1 0 1.000000
0  15.759609 -34.368328 3.248267  -0.000000 0.000000 -1.000000  0.001953 0.923826 1 0 1.000000
misc
0  15.759609 -34.368328 3.248267  -0.000000 -0.000000 -1.000000  0.001953 0.923826 1 0 1.000000
0  -16.668020 -34.368328 3.248269  -0.000000 -0.000000 -1.000000  0.071291 0.923826 1 0 1.000000
0  -16.723074 -30.211647 3.248269  -0.000000 -0.000000 -1.000000  0.071291 0.905271 1 0 1.000000
misc
0  4.363136 62.047428 7.033326  0.270672 0.899861 0.342033  0.467788 0.643544 1 0 1.000000
0  -0.247754 65.474625 1.665426  0.002105 0.999908 0.013381  0.435560 0.605457 1 0 1.000000
0  -0.289045 62.047428 8.918974  -0.000400 0.904158 0.427199  0.435560 0.656240 1 0 1.000000
misc
0  -0.289046 62.047428 -5.863400  -0.000334 0.910139 -0.414302  0.435560 0.552721 1 0 1.000000
0  -0.247754 65.474625 1.665426  0.002105 0.999908 0.013381  0.435560 0.605457 1 0 1.000000
0  4.115386 62.047428 -4.363141  0.234145 0.908190 -0.346940  0.465835 0.563463 1 0 1.000000
misc
0  4.115386 62.047428 -4.363141  0.234145 0.908190 -0.346940  0.465835 0.563463 1 0 1.000000
0  -0.247754 65.474625 1.665426  0.002105 0.999908 0.013381  0.435560 0.605457 1 0 1.000000
0  7.170960 62.047428 -0.867123  0.375795 0.916213 -0.139040  0.486343 0.587878 1 0 1.000000
misc
0  7.170960 62.047428 -0.867123  0.375795 0.916213 -0.139040  0.486343 0.587878 1 0 1.000000
0  -0.247754 65.474625 1.665426  0.002105 0.999908 0.013381  0.435560 0.605457 1 0 1.000000
0  7.170961 62.047428 3.165685  0.395922 0.910214 0.121478  0.486343 0.616199 1 0 1.000000
misc
0  7.170961 62.047428 3.165685  0.395922 0.910214 0.121478  0.486343 0.616199 1 0 1.000000
0  -0.247754 65.474625 1.665426  0.002105 0.999908 0.013381  0.435560 0.605457 1 0 1.000000
0  4.363136 62.047428 7.033326  0.270918 0.899864 0.341831  0.467788 0.643544 1 0 1.000000
misc
0  4.363136 62.047428 7.033326  0.810794 0.002746 0.585325  0.462905 0.537095 1 0 1.000000
0  4.115387 57.409012 7.418715  0.812122 0.005101 0.583465  0.462905 0.505844 1 0 1.000000
0  7.170961 57.409012 3.165685  0.810656 0.002502 0.585518  0.493179 0.505844 1 0 1.000000
misc
0  7.170961 57.409012 3.165685  0.810656 0.002502 0.585518  0.493179 0.505844 1 0 1.000000
0  7.170961 62.047428 3.165685  0.809234 0.000000 0.587487  0.493179 0.537095 1 0 1.000000
0  4.363136 62.047428 7.033326  0.810794 0.002746 0.585325  0.462905 0.537095 1 0 1.000000
misc
0  4.115386 62.047428 -4.363141  0.555816 -0.000000 -0.831306  0.462905 0.537095 1 0 1.000000
0  4.115386 57.409012 -4.363141  0.555906 0.000000 -0.831245  0.462905 0.505844 1 0 1.000000
0  -0.289046 57.409012 -5.863400  -0.000000 -0.000000 -1.000000  0.418958 0.505844 1 0 1.000000
misc
0  -0.289046 57.409012 -5.863400  -0.000000 -0.000000 -1.000000  0.418958 0.505844 1 0 1.000000
0  -0.289046 62.047428 -5.863400  0.000000 0.000000 -1.000000  0.418958 0.537095 1 0 1.000000
0  4.115386 62.047428 -4.363141  0.555816 -0.000000 -0.831306  0.462905 0.537095 1 0 1.000000
misc
0  4.115386 62.047428 -4.363141  0.555816 -0.000000 -0.831306  0.462905 0.537095 1 0 1.000000
0  7.170960 62.047428 -0.867123  0.752249 -0.000000 -0.658878  0.493179 0.537095 1 0 1.000000
0  7.170961 57.409012 -0.867123  0.752313 0.000000 -0.658806  0.493179 0.505844 1 0 1.000000
misc
0  7.170961 57.409012 -0.867123  0.752313 0.000000 -0.658806  0.493179 0.505844 1 0 1.000000
0  4.115386 57.409012 -4.363141  0.555906 0.000000 -0.831245  0.462905 0.505844 1 0 1.000000
0  4.115386 62.047428 -4.363141  0.555816 -0.000000 -0.831306  0.462905 0.537095 1 0 1.000000
misc
0  -0.289044 57.409012 8.918974  0.000000 -0.637863 0.770150  0.435560 0.658193 1 0 1.000000
0  -0.289044 49.315868 2.215980  0.000000 -0.998673 0.051497  0.435560 0.603504 1 0 1.000000
0  4.115387 57.409012 7.418715  0.460058 -0.643588 0.611670  0.470717 0.643544 1 0 1.000000
misc
0  4.115387 57.409012 7.418715  0.460058 -0.643588 0.611670  0.470717 0.643544 1 0 1.000000
0  -0.289044 49.315868 2.215980  0.000000 -0.998673 0.051497  0.435560 0.603504 1 0 1.000000
0  7.170961 57.409012 3.165685  0.706165 -0.675734 0.211458  0.487320 0.610340 1 0 1.000000
misc
0  -0.289046 57.409012 -5.863400  -0.000000 -0.706505 -0.707708  0.435560 0.548814 1 0 1.000000
0  4.115386 57.409012 -4.363141  0.397345 -0.699329 -0.594185  0.465835 0.559557 1 0 1.000000
0  -0.289044 49.315868 2.215980  0.000000 -0.998673 0.051497  0.435560 0.603504 1 0 1.000000
misc
0  -0.289044 49.315868 2.215980  0.000000 -0.998673 0.051497  0.435560 0.603504 1 0 1.000000
0  7.170961 57.409012 -0.867123  0.661940 -0.706037 -0.251689  0.486343 0.582995 1 0 1.000000
0  7.170961 57.409012 3.165685  0.706165 -0.675734 0.211458  0.487320 0.610340 1 0 1.000000
misc
0  4.115386 57.409012 -4.363141  0.397345 -0.699329 -0.594185  0.465835 0.559557 1 0 1.000000
0  7.170961 57.409012 -0.867123  0.661940 -0.706037 -0.251689  0.486343 0.582995 1 0 1.000000
0  -0.289044 49.315868 2.215980  0.000000 -0.998673 0.051497  0.435560 0.603504 1 0 1.000000
misc
0  -17.782896 60.973846 1.926940  -0.052984 0.998593 0.002052  0.468764 0.705069 1 0 1.000000
0  -7.749051 62.047428 3.165686  -0.106055 0.994360 -0.000002  0.468764 0.790033 1 0 1.000000
0  -7.749052 62.047428 -0.867122  -0.106154 0.994349 0.000851  0.487320 0.790033 1 0 1.000000
misc
0  -7.749052 62.047428 -0.867122  -0.106154 0.994349 0.000851  0.487320 0.790033 1 0 1.000000
0  -17.782896 60.987610 -0.674427  -0.060732 0.998152 0.002262  0.487320 0.705069 1 0 1.000000
0  -17.782896 60.973846 1.926940  -0.052984 0.998593 0.002052  0.468764 0.705069 1 0 1.000000
misc
0  -17.782896 58.441296 1.926940  -0.054905 -0.998472 -0.006248  0.494156 0.705069 1 0 1.000000
0  -17.782896 58.441296 -0.674427  -0.061900 -0.998076 -0.003495  0.474624 0.705069 1 0 1.000000
0  -7.749051 57.409012 -0.867122  -0.102763 -0.994706 -0.000638  0.474624 0.790033 1 0 1.000000
misc
0  -7.749051 57.409012 -0.867122  -0.102763 -0.994706 -0.000638  0.474624 0.790033 1 0 1.000000
0  -7.749051 57.409012 3.165686  -0.102340 -0.994749 0.000000  0.494156 0.790033 1 0 1.000000
0  -17.782896 58.441296 1.926940  -0.054905 -0.998472 -0.006248  0.494156 0.705069 1 0 1.000000
misc
0  -7.749051 57.409012 3.165686  -0.810705 0.002589 0.585449  0.343760 0.505844 1 0 1.000000
0  -4.693476 57.409012 7.418715  -0.812122 0.005100 0.583466  0.374035 0.505844 1 0 1.000000
0  -4.941226 62.047428 7.033327  -0.810803 0.002761 0.585313  0.374035 0.537095 1 0 1.000000
misc
0  -4.941226 62.047428 7.033327  -0.810797 0.002752 0.585321  0.374035 0.537095 1 0 1.000000
0  -7.749051 62.047428 3.165686  -0.809234 0.000000 0.587487  0.343760 0.537095 1 0 1.000000
0  -7.749051 57.409012 3.165686  -0.810661 0.002511 0.585511  0.343760 0.505844 1 0 1.000000
misc
0  -0.289046 57.409012 -5.863400  -0.000000 -0.000000 -1.000000  0.418958 0.505844 1 0 1.000000
0  -4.693477 57.409012 -4.363140  -0.555508 -0.000001 -0.831511  0.374035 0.505844 1 0 1.000000
0  -4.693478 62.047428 -4.363140  -0.555638 -0.000000 -0.831424  0.374035 0.537095 1 0 1.000000
misc
0  -4.693478 62.047428 -4.363140  -0.555638 -0.000000 -0.831424  0.374035 0.537095 1 0 1.000000
0  -0.289046 62.047428 -5.863400  0.000000 0.000000 -1.000000  0.418958 0.537095 1 0 1.000000
0  -0.289046 57.409012 -5.863400  -0.000000 -0.000000 -1.000000  0.418958 0.505844 1 0 1.000000
misc
0  -7.749051 57.409012 -0.867122  -0.752376 -0.000000 -0.658734  0.343760 0.505844 1 0 1.000000
0  -7.749052 62.047428 -0.867122  -0.752313 0.000000 -0.658806  0.343760 0.537095 1 0 1.000000
0  -4.693478 62.047428 -4.363140  -0.555638 -0.000000 -0.831424  0.374035 0.537095 1 0 1.000000
misc
0  -4.693478 62.047428 -4.363140  -0.555638 -0.000000 -0.831424  0.374035 0.537095 1 0 1.000000
0  -4.693477 57.409012 -4.363140  -0.555508 -0.000001 -0.831511  0.374035 0.505844 1 0 1.000000
0  -7.749051 57.409012 -0.867122  -0.752376 -0.000000 -0.658734  0.343760 0.505844 1 0 1.000000
misc
0  -0.289044 49.315868 2.215980  0.000000 -0.998673 0.051497  0.435560 0.603504 1 0 1.000000
0  -7.749051 57.409012 3.165686  -0.706165 -0.675734 0.211458  0.384777 0.611316 1 0 1.000000
0  -7.749051 57.409012 -0.867122  -0.661940 -0.706037 -0.251689  0.385754 0.582995 1 0 1.000000
misc
0  -4.693476 57.409012 7.418715  -0.460221 -0.643591 0.611545  0.401379 0.643544 1 0 1.000000
0  -7.749051 57.409012 3.165686  -0.706165 -0.675734 0.211458  0.384777 0.611316 1 0 1.000000
0  -0.289044 49.315868 2.215980  0.000000 -0.998673 0.051497  0.435560 0.603504 1 0 1.000000
misc
0  -0.289044 57.409012 8.918974  0.000000 -0.637863 0.770150  0.435560 0.658193 1 0 1.000000
0  -4.693476 57.409012 7.418715  -0.459922 -0.643578 0.611784  0.401379 0.643544 1 0 1.000000
0  -0.289044 49.315868 2.215980  0.000000 -0.998673 0.051497  0.435560 0.603504 1 0 1.000000
misc
0  -4.941226 62.047428 7.033327  -0.269589 0.901106 0.339602  0.403333 0.643544 1 0 1.000000
0  -0.247754 65.474625 1.665426  0.002105 0.999908 0.013381  0.435560 0.605457 1 0 1.000000
0  -7.749051 62.047428 3.165686  -0.392539 0.911834 0.120299  0.384777 0.616199 1 0 1.000000
misc
0  -7.749051 62.047428 3.165686  -0.392539 0.911834 0.120299  0.384777 0.616199 1 0 1.000000
0  -0.247754 65.474625 1.665426  0.002105 0.999908 0.013381  0.435560 0.605457 1 0 1.000000
0  -7.749052 62.047428 -0.867122  -0.372770 0.917651 -0.137692  0.384777 0.587878 1 0 1.000000
misc
0  -7.749052 62.047428 -0.867122  -0.372770 0.917651 -0.137692  0.384777 0.587878 1 0 1.000000
0  -0.247754 65.474625 1.665426  0.002105 0.999908 0.013381  0.435560 0.605457 1 0 1.000000
0  -4.693478 62.047428 -4.363140  -0.233208 0.909283 -0.344701  0.405286 0.563463 1 0 1.000000
misc
0  -4.693478 62.047428 -4.363140  -0.233208 0.909283 -0.344701  0.405286 0.563463 1 0 1.000000
0  -0.247754 65.474625 1.665426  0.002105 0.999908 0.013381  0.435560 0.605457 1 0 1.000000
0  -0.289046 62.047428 -5.863400  -0.000334 0.910139 -0.414302  0.435560 0.552721 1 0 1.000000
misc
0  -0.289045 62.047428 8.918974  -0.000400 0.904158 0.427199  0.435560 0.656240 1 0 1.000000
0  -0.247754 65.474625 1.665426  0.002105 0.999908 0.013381  0.435560 0.605457 1 0 1.000000
0  -4.941226 62.047428 7.033327  -0.269589 0.901106 0.339602  0.403333 0.643544 1 0 1.000000
misc
0  -0.289046 57.409012 -5.863400  -0.000000 -0.706505 -0.707708  0.435560 0.548814 1 0 1.000000
0  -0.289044 49.315868 2.215980  0.000000 -0.998673 0.051497  0.435560 0.603504 1 0 1.000000
0  -4.693477 57.409012 -4.363140  -0.397345 -0.699329 -0.594185  0.406262 0.559557 1 0 1.000000
misc
0  -4.693477 57.409012 -4.363140  -0.397345 -0.699329 -0.594185  0.406262 0.559557 1 0 1.000000
0  -0.289044 49.315868 2.215980  0.000000 -0.998673 0.051497  0.435560 0.603504 1 0 1.000000
0  -7.749051 57.409012 -0.867122  -0.661940 -0.706037 -0.251689  0.385754 0.582995 1 0 1.000000
misc
0  -7.749051 57.409012 3.165686  -0.122527 0.000000 0.992465  0.468764 0.790033 1 0 1.000000
0  -7.749051 62.047428 3.165686  -0.122527 0.000000 0.992465  0.487320 0.790033 1 0 1.000000
0  -17.782896 60.973846 1.926940  -0.122527 0.000000 0.992465  0.487320 0.705069 1 0 1.000000
misc
0  -17.782896 60.973846 1.926940  -0.122527 0.000000 0.992465  0.487320 0.705069 1 0 1.000000
0  -17.782896 58.441296 1.926940  -0.122527 0.000000 0.992465  0.468764 0.705069 1 0 1.000000
0  -7.749051 57.409012 3.165686  -0.122527 0.000000 0.992465  0.468764 0.790033 1 0 1.000000
misc
0  -17.782896 60.987610 -0.674427  -0.151094 0.000003 -0.988519  0.487320 0.705069 1 0 1.000000
0  -7.749052 62.047428 -0.867122  -0.019201 0.000000 -0.999816  0.487320 0.790033 1 0 1.000000
0  -7.749051 57.409012 -0.867122  -0.019201 0.000000 -0.999816  0.468764 0.790033 1 0 1.000000
misc
0  -7.749051 57.409012 -0.867122  -0.019201 0.000000 -0.999816  0.468764 0.790033 1 0 1.000000
0  -17.782896 58.441296 -0.674427  -0.150289 0.000000 -0.988642  0.468764 0.705069 1 0 1.000000
0  -17.782896 60.987610 -0.674427  -0.151094 0.000003 -0.988519  0.487320 0.705069 1 0 1.000000
misc
0  16.929531 58.441296 1.926937  0.049230 -0.998787 0.001330  0.468764 0.705069 1 0 1.000000
0  7.170961 57.409012 3.165685  0.105672 -0.994401 -0.000000  0.468764 0.790033 1 0 1.000000
0  7.170961 57.409012 -0.867123  0.105195 -0.994452 0.000000  0.487320 0.790033 1 0 1.000000
misc
0  7.170961 57.409012 -0.867123  0.105195 -0.994452 0.000000  0.487320 0.790033 1 0 1.000000
0  16.929531 58.441296 -0.674430  0.057510 -0.998344 0.001078  0.487320 0.705069 1 0 1.000000
0  16.929531 58.441296 1.926937  0.049230 -0.998787 0.001330  0.468764 0.705069 1 0 1.000000
misc
0  16.929531 60.987610 1.926937  0.057756 0.998284 -0.009624  0.494156 0.705069 1 0 1.000000
0  16.929531 60.960083 -0.674430  0.065814 0.997776 -0.010560  0.474624 0.705069 1 0 1.000000
0  7.170960 62.047428 -0.867123  0.108463 0.994099 -0.001745  0.474624 0.790033 1 0 1.000000
misc
0  7.170960 62.047428 -0.867123  0.108463 0.994099 -0.001745  0.474624 0.790033 1 0 1.000000
0  7.170961 62.047428 3.165685  0.107969 0.994154 0.000003  0.494156 0.790033 1 0 1.000000
0  16.929531 60.987610 1.926937  0.057756 0.998284 -0.009624  0.494156 0.705069 1 0 1.000000
misc
0  7.170961 62.047428 3.165685  0.125929 0.000000 0.992039  0.468764 0.790033 1 0 1.000000
0  7.170961 57.409012 3.165685  0.125929 0.000000 0.992039  0.487320 0.790033 1 0 1.000000
0  16.929531 58.441296 1.926937  0.125929 0.000000 0.992039  0.487320 0.705069 1 0 1.000000
misc
0  16.929531 58.441296 1.926937  0.125929 0.000000 0.992039  0.487320 0.705069 1 0 1.000000
0  16.929531 60.987610 1.926937  0.125929 0.000000 0.992039  0.468764 0.705069 1 0 1.000000
0  7.170961 62.047428 3.165685  0.125929 0.000000 0.992039  0.468764 0.790033 1 0 1.000000
misc
0  16.929531 58.441296 -0.674430  0.020317 0.000000 -0.999794  0.487320 0.705069 1 0 1.000000
0  7.170961 57.409012 -0.867123  0.020413 0.000000 -0.999792  0.487320 0.790033 1 0 1.000000
0  7.170960 62.047428 -0.867123  0.019742 0.000000 -0.999805  0.468764 0.790033 1 0 1.000000
misc
0  7.170960 62.047428 -0.867123  0.019742 0.000000 -0.999805  0.468764 0.790033 1 0 1.000000
0  16.929531 60.960083 -0.674430  0.020605 0.000000 -0.999788  0.468764 0.705069 1 0 1.000000
0  16.929531 58.441296 -0.674430  0.020317 0.000000 -0.999794  0.487320 0.705069 1 0 1.000000
misc
0  9.607170 -48.324871 3.730002  -0.236484 0.074520 0.968773  0.355480 0.295877 1 0 1.000000
0  11.011083 -48.338634 1.720480  0.978236 0.002541 -0.207481  0.355480 0.295877 1 0 1.000000
0  10.171485 -9.799859 1.362620  0.988474 0.026311 -0.149087  0.355480 0.295877 1 0 1.000000
misc
0  10.171485 -9.799859 1.362620  0.988474 0.026311 -0.149087  0.355480 0.295877 1 0 1.000000
0  8.781337 -9.497054 3.041810  -0.260908 -0.013836 0.965264  0.355480 0.295877 1 0 1.000000
0  9.607170 -48.324871 3.730002  -0.236484 0.074520 0.968773  0.355480 0.295877 1 0 1.000000
misc
0  11.011083 -48.338634 1.720480  0.978236 0.002541 -0.207481  0.355480 0.295877 1 0 1.000000
0  9.084144 -48.352398 0.385387  -0.513299 -0.075711 -0.854864  0.355480 0.295877 1 0 1.000000
0  8.285837 -10.130192 0.055055  -0.532707 -0.002553 -0.846296  0.355480 0.295877 1 0 1.000000
misc
0  8.285837 -10.130192 0.055055  -0.532707 -0.002553 -0.846296  0.355480 0.295877 1 0 1.000000
0  10.171485 -9.799859 1.362620  0.988474 0.026311 -0.149087  0.355480 0.295877 1 0 1.000000
0  11.011083 -48.338634 1.720480  0.978236 0.002541 -0.207481  0.355480 0.295877 1 0 1.000000
misc
0  0.688198 -62.611744 7.859158  0.719558 -0.041871 -0.693169  0.041993 0.989257 1 0 1.000000
0  0.880882 58.730347 0.729484  0.693860 -0.043336 -0.718805  0.281259 0.988281 1 0 1.000000
0  0.880882 58.730347 3.083102  0.999999 -0.001588 0.000000  0.281259 0.999023 1 0 1.000000
misc
0  0.880882 58.730347 3.083102  0.999999 -0.001588 0.000000  0.281259 0.999023 1 0 1.000000
0  0.688198 -62.611744 10.212776  0.999999 -0.001588 0.000000  0.041993 0.999023 1 0 1.000000
0  0.688198 -62.611744 7.859158  0.719558 -0.041871 -0.693169  0.041993 0.989257 1 0 1.000000
misc
0  -0.454204 -30.211645 5.574358  -0.000000 1.000000 -0.000000  0.346690 0.680654 1 0 1.000000
0  15.814665 -30.211643 3.248267  -0.000000 1.000000 0.000000  0.427747 0.687490 1 0 1.000000
0  -16.723074 -30.211647 3.248269  -0.000000 1.000000 -0.000000  0.266610 0.687490 1 0 1.000000
misc
0  -0.454204 -34.368328 5.574358  0.000000 -1.000000 -0.000000  0.346690 0.680654 1 0 1.000000
0  -16.668018 -34.368328 10.185248  0.000000 -1.000000 -0.000000  0.266610 0.668935 1 0 1.000000
0  -16.668020 -34.368328 3.248269  0.000000 -1.000000 -0.000000  0.266610 0.687490 1 0 1.000000
misc
0  15.759609 -34.368328 3.248267  0.000000 -1.000000 0.000001  0.427747 0.687490 1 0 1.000000
0  15.759610 -34.368328 10.185246  0.000000 -1.000000 0.000001  0.427747 0.668935 1 0 1.000000
0  -0.454204 -34.368328 5.574358  0.000000 -1.000000 -0.000001  0.346690 0.680654 1 0 1.000000
misc
0  -0.454204 -30.211645 5.574358  -0.000000 1.000000 0.000000  0.346690 0.680654 1 0 1.000000
0  15.814665 -30.211643 10.185246  -0.000000 1.000000 0.000000  0.427747 0.668935 1 0 1.000000
0  15.814665 -30.211643 3.248267  -0.000000 1.000000 0.000000  0.427747 0.687490 1 0 1.000000
misc
0  -0.467972 19.641012 6.895688  -0.000000 1.000000 -0.000000  0.346690 0.676748 1 0 1.000000
0  -16.681787 19.641010 3.454727  -0.000000 1.000000 -0.000000  0.266610 0.686514 1 0 1.000000
0  -16.681786 19.641010 10.088902  -0.000000 1.000000 -0.000000  0.266610 0.668935 1 0 1.000000
misc
0  -16.626730 15.484328 10.088902  0.000000 -1.000000 -0.000000  0.266610 0.668935 1 0 1.000000
0  -16.626730 15.484328 3.454727  0.000000 -1.000000 0.000000  0.266610 0.686514 1 0 1.000000
0  -0.467972 15.484329 6.895688  0.000000 -1.000000 -0.000001  0.346690 0.676748 1 0 1.000000
misc
0  -0.467972 19.641012 6.895688  -0.000000 1.000000 -0.000000  0.346690 0.676748 1 0 1.000000
0  -16.681786 19.641010 10.088902  -0.000000 1.000000 -0.000000  0.266610 0.668935 1 0 1.000000
0  15.732079 19.641014 10.088901  -0.000000 1.000000 0.000000  0.427747 0.668935 1 0 1.000000
misc
0  15.677024 15.484330 10.088901  0.000000 -1.000000 0.000000  0.426771 0.668935 1 0 1.000000
0  -16.626730 15.484328 10.088902  0.000000 -1.000000 -0.000000  0.266610 0.668935 1 0 1.000000
0  -0.467972 15.484329 6.895688  0.000000 -1.000000 -0.000001  0.346690 0.676748 1 0 1.000000
misc
0  16.929531 58.441296 1.926937  0.049230 -0.998787 0.001330  0.174810 0.538072 1 0 1.000000
0  16.929531 58.441296 -0.674430  0.057510 -0.998344 0.001078  0.174810 0.505844 1 0 1.000000
0  31.753193 58.413773 3.743764  -0.002019 -0.999896 0.014284  0.086917 0.505844 1 0 1.000000
misc
0  31.753193 58.413773 3.743764  -0.001974 -0.999894 0.014420  0.086917 0.505844 1 0 1.000000
0  31.753193 58.455063 6.331368  -0.001713 -0.999871 0.015954  0.086917 0.538072 1 0 1.000000
0  16.929531 58.441296 1.926937  0.049181 -0.998789 0.001351  0.174810 0.538072 1 0 1.000000
misc
0  31.753193 58.455063 6.331368  -0.001713 -0.999871 0.015954  0.217780 0.793939 1 0 1.000000
0  31.753193 58.413773 3.743764  -0.001974 -0.999894 0.014420  0.217780 0.768548 1 0 1.000000
0  34.533493 58.413773 3.743764  -0.000000 -0.999883 0.015283  0.193365 0.768548 1 0 1.000000
misc
0  34.533493 58.413773 3.743764  -0.000000 -0.999883 0.015283  0.193365 0.768548 1 0 1.000000
0  34.533493 58.455063 6.331368  -0.000000 -0.999885 0.015185  0.193365 0.793939 1 0 1.000000
0  31.753193 58.455063 6.331368  -0.001713 -0.999871 0.015954  0.217780 0.793939 1 0 1.000000
misc
0  31.753193 60.863739 3.743764  0.005223 0.999894 -0.013565  0.086917 0.505844 1 0 1.000000
0  16.929531 60.960083 -0.674430  0.065814 0.997776 -0.010560  0.174810 0.505844 1 0 1.000000
0  16.929531 60.987610 1.926937  0.057756 0.998284 -0.009624  0.174810 0.538072 1 0 1.000000
misc
0  16.929531 60.987610 1.926937  0.057756 0.998284 -0.009624  0.174810 0.538072 1 0 1.000000
0  31.753193 60.905033 6.331368  0.004359 0.999896 -0.013772  0.086917 0.538072 1 0 1.000000
0  31.753193 60.863739 3.743764  0.005223 0.999894 -0.013565  0.086917 0.505844 1 0 1.000000
misc
0  34.533493 60.863739 3.743764  -0.000030 0.999907 -0.013656  0.193365 0.768548 1 0 1.000000
0  31.753193 60.863739 3.743764  0.005223 0.999894 -0.013565  0.217780 0.768548 1 0 1.000000
0  31.753193 60.905033 6.331368  0.004359 0.999896 -0.013772  0.217780 0.793939 1 0 1.000000
misc
0  31.753193 60.905033 6.331368  0.004359 0.999896 -0.013772  0.217780 0.793939 1 0 1.000000
0  34.533493 60.905033 6.331368  -0.000029 0.999905 -0.013755  0.193365 0.793939 1 0 1.000000
0  34.533493 60.863739 3.743764  -0.000030 0.999907 -0.013656  0.193365 0.768548 1 0 1.000000
misc
0  31.753193 58.413773 3.743764  0.144245 0.000000 -0.989542  0.086917 0.505844 1 0 1.000000
0  16.929531 58.441296 -0.674430  0.285634 0.000000 -0.958339  0.174810 0.505844 1 0 1.000000
0  16.929531 60.960083 -0.674430  0.285634 0.000000 -0.958339  0.174810 0.538072 1 0 1.000000
misc
0  16.929531 60.960083 -0.674430  0.285634 0.000000 -0.958339  0.174810 0.538072 1 0 1.000000
0  31.753193 60.863739 3.743764  0.144609 0.000000 -0.989489  0.086917 0.538072 1 0 1.000000
0  31.753193 58.413773 3.743764  0.144245 0.000000 -0.989542  0.086917 0.505844 1 0 1.000000
misc
0  34.533493 58.413773 3.743764  0.000000 0.000000 -1.000000  0.193365 0.768548 1 0 1.000000
0  31.753193 58.413773 3.743764  0.144245 0.000000 -0.989542  0.217780 0.768548 1 0 1.000000
0  31.753193 60.863739 3.743764  0.144609 0.000000 -0.989489  0.217780 0.793939 1 0 1.000000
misc
0  31.753193 60.863739 3.743764  0.144609 0.000000 -0.989489  0.217780 0.793939 1 0 1.000000
0  34.533493 60.863739 3.743764  0.000000 0.000000 -1.000000  0.193365 0.793939 1 0 1.000000
0  34.533493 58.413773 3.743764  0.000000 0.000000 -1.000000  0.193365 0.768548 1 0 1.000000
misc
0  34.533493 60.863739 3.743764  1.000000 0.000000 0.000000  0.193365 0.793939 1 0 1.000000
0  34.533493 60.905033 6.331368  1.000000 0.000000 0.000000  0.217780 0.793939 1 0 1.000000
0  34.533493 58.455063 6.331368  1.000000 0.000000 0.000000  0.217780 0.768548 1 0 1.000000
misc
0  34.533493 58.455063 6.331368  1.000000 0.000000 0.000000  0.217780 0.768548 1 0 1.000000
0  34.533493 58.413773 3.743764  1.000000 0.000000 0.000000  0.193365 0.768548 1 0 1.000000
0  34.533493 60.863739 3.743764  1.000000 0.000000 0.000000  0.193365 0.793939 1 0 1.000000
misc
0  17.039642 59.129494 1.968229  0.982559 -0.185946 0.001214  0.498062 0.793939 1 0 1.000000
0  17.025875 59.129494 7.501296  0.982659 -0.185416 0.001547  0.498062 0.876949 1 0 1.000000
0  14.713551 56.046391 7.501297  0.330967 -0.943641 0.001392  0.446303 0.876949 1 0 1.000000
misc
0  14.713551 56.046391 7.501297  0.330967 -0.943641 0.001392  0.446303 0.876949 1 0 1.000000
0  14.713551 56.046391 1.968229  0.330357 -0.943856 0.001123  0.446303 0.793939 1 0 1.000000
0  17.039642 59.129494 1.968229  0.982559 -0.185946 0.001214  0.498062 0.793939 1 0 1.000000
misc
0  15.993588 62.887028 1.968229  0.743111 0.669167 0.001268  0.498062 0.793939 1 0 1.000000
0  15.979823 62.873264 7.501296  0.742807 0.669504 0.001574  0.498062 0.876949 1 0 1.000000
0  17.025875 59.129494 7.501296  0.982659 -0.185416 0.001547  0.446303 0.876949 1 0 1.000000
misc
0  17.025875 59.129494 7.501296  0.982659 -0.185416 0.001547  0.446303 0.876949 1 0 1.000000
0  17.039642 59.129494 1.968229  0.982559 -0.185946 0.001214  0.446303 0.793939 1 0 1.000000
0  15.993588 62.887028 1.968229  0.743111 0.669167 0.001268  0.498062 0.793939 1 0 1.000000
misc
0  13.502331 63.864254 1.968229  -0.099818 0.995005 0.001277  0.498062 0.793939 1 0 1.000000
0  13.502332 63.850491 7.501297  -0.100325 0.994953 0.001812  0.498062 0.876949 1 0 1.000000
0  15.979823 62.873264 7.501296  0.742807 0.669504 0.001574  0.446303 0.876949 1 0 1.000000
misc
0  15.979823 62.873264 7.501296  0.742807 0.669504 0.001574  0.446303 0.876949 1 0 1.000000
0  15.993588 62.887028 1.968229  0.743111 0.669167 0.001268  0.446303 0.793939 1 0 1.000000
0  13.502331 63.864254 1.968229  -0.099818 0.995005 0.001277  0.498062 0.793939 1 0 1.000000
misc
0  10.295354 61.785919 1.968230  -0.912771 0.408469 0.001190  0.498062 0.793939 1 0 1.000000
0  10.309119 61.772156 7.501297  -0.913023 0.407907 0.001381  0.498062 0.876949 1 0 1.000000
0  13.502332 63.850491 7.501297  -0.100325 0.994953 0.001812  0.446303 0.876949 1 0 1.000000
misc
0  13.502332 63.850491 7.501297  -0.100325 0.994953 0.001812  0.446303 0.876949 1 0 1.000000
0  13.502331 63.864254 1.968229  -0.099818 0.995005 0.001277  0.446303 0.793939 1 0 1.000000
0  10.295354 61.785919 1.968230  -0.912771 0.408469 0.001190  0.498062 0.793939 1 0 1.000000
misc
0  11.038603 56.982334 1.968230  -0.740813 -0.671710 0.001405  0.498062 0.793939 1 0 1.000000
0  11.052366 56.996098 7.501297  -0.740721 -0.671811 0.001703  0.498062 0.876949 1 0 1.000000
0  10.309119 61.772156 7.501297  -0.913023 0.407907 0.001381  0.446303 0.876949 1 0 1.000000
misc
0  10.309119 61.772156 7.501297  -0.913023 0.407907 0.001381  0.446303 0.876949 1 0 1.000000
0  10.295354 61.785919 1.968230  -0.912771 0.408469 0.001190  0.446303 0.793939 1 0 1.000000
0  11.038603 56.982334 1.968230  -0.740813 -0.671710 0.001405  0.498062 0.793939 1 0 1.000000
misc
0  14.713551 56.046391 1.968229  0.330357 -0.943856 0.001123  0.498062 0.793939 1 0 1.000000
0  14.713551 56.046391 7.501297  0.330967 -0.943641 0.001392  0.498062 0.876949 1 0 1.000000
0  11.052366 56.996098 7.501297  -0.740721 -0.671811 0.001703  0.446303 0.876949 1 0 1.000000
misc
0  11.052366 56.996098 7.501297  -0.740721 -0.671811 0.001703  0.446303 0.876949 1 0 1.000000
0  11.038603 56.982334 1.968230  -0.740813 -0.671710 0.001405  0.446303 0.793939 1 0 1.000000
0  14.713551 56.046391 1.968229  0.330357 -0.943856 0.001123  0.498062 0.793939 1 0 1.000000
misc
0  -32.482685 58.578934 3.743769  -0.009414 -0.997795 -0.065696  0.087893 0.505844 1 0 1.000000
0  -17.782896 58.441296 -0.674427  -0.061900 -0.998076 -0.003495  0.175787 0.505844 1 0 1.000000
0  -17.782896 58.441296 1.926940  -0.054905 -0.998472 -0.006248  0.175787 0.539048 1 0 1.000000
misc
0  -17.782896 58.441296 1.926940  -0.054905 -0.998472 -0.006248  0.175787 0.539048 1 0 1.000000
0  -32.482685 58.400002 6.345137  -0.007999 -0.997611 -0.068621  0.087893 0.538072 1 0 1.000000
0  -32.482685 58.578934 3.743769  -0.009414 -0.997795 -0.065696  0.087893 0.505844 1 0 1.000000
misc
0  -35.469440 58.578934 3.743769  0.000000 -0.997643 -0.068621  0.193365 0.768548 1 0 1.000000
0  -32.482685 58.578934 3.743769  -0.009414 -0.997795 -0.065696  0.217780 0.768548 1 0 1.000000
0  -32.482685 58.400002 6.345137  -0.007999 -0.997611 -0.068621  0.217780 0.793939 1 0 1.000000
misc
0  -32.482685 58.400002 6.345137  -0.007999 -0.997611 -0.068621  0.217780 0.793939 1 0 1.000000
0  -35.469440 58.400002 6.345137  0.000000 -0.997643 -0.068621  0.193365 0.793939 1 0 1.000000
0  -35.469440 58.578934 3.743769  0.000000 -0.997643 -0.068621  0.193365 0.768548 1 0 1.000000
misc
0  -17.782896 60.973846 1.926940  -0.052984 0.998593 0.002052  0.175787 0.539048 1 0 1.000000
0  -17.782896 60.987610 -0.674427  -0.060732 0.998152 0.002262  0.175787 0.505844 1 0 1.000000
0  -32.482685 60.905025 3.743769  -0.002795 0.999992 0.002962  0.087893 0.505844 1 0 1.000000
misc
0  -32.482685 60.905025 3.743769  -0.002757 0.999992 0.002990  0.087893 0.505844 1 0 1.000000
0  -32.482685 60.891262 6.345137  -0.002300 0.999993 0.003094  0.087893 0.538072 1 0 1.000000
0  -17.782896 60.973846 1.926940  -0.052936 0.998596 0.002029  0.175787 0.539048 1 0 1.000000
misc
0  -32.482685 60.891262 6.345137  -0.002300 0.999993 0.003094  0.217780 0.793939 1 0 1.000000
0  -32.482685 60.905025 3.743769  -0.002757 0.999992 0.002990  0.217780 0.768548 1 0 1.000000
0  -35.469440 60.905025 3.743769  -0.000032 0.999996 0.002894  0.193365 0.768548 1 0 1.000000
misc
0  -35.469440 60.905025 3.743769  -0.000032 0.999996 0.002894  0.193365 0.768548 1 0 1.000000
0  -35.469440 60.891262 6.345137  -0.000030 0.999996 0.002990  0.193365 0.793939 1 0 1.000000
0  -32.482685 60.891262 6.345137  -0.002300 0.999993 0.003094  0.217780 0.793939 1 0 1.000000
misc
0  -17.782896 60.987610 -0.674427  -0.151094 0.000003 -0.988519  0.175787 0.539048 1 0 1.000000
0  -17.782896 58.441296 -0.674427  -0.150289 0.000000 -0.988642  0.175787 0.505844 1 0 1.000000
0  -32.482685 58.578934 3.743769  -0.145881 0.000000 -0.989302  0.087893 0.505844 1 0 1.000000
misc
0  -32.482685 58.578934 3.743769  -0.145881 0.000000 -0.989302  0.087893 0.505844 1 0 1.000000
0  -32.482685 60.905025 3.743769  -0.145713 0.000000 -0.989327  0.087893 0.538072 1 0 1.000000
0  -17.782896 60.987610 -0.674427  -0.151094 0.000003 -0.988519  0.175787 0.539048 1 0 1.000000
misc
0  -32.482685 60.905025 3.743769  -0.145713 0.000000 -0.989327  0.217780 0.793939 1 0 1.000000
0  -32.482685 58.578934 3.743769  -0.145881 0.000000 -0.989302  0.217780 0.768548 1 0 1.000000
0  -35.469440 58.578934 3.743769  0.000000 0.000000 -1.000000  0.193365 0.768548 1 0 1.000000
misc
0  -35.469440 58.578934 3.743769  0.000000 0.000000 -1.000000  0.193365 0.768548 1 0 1.000000
0  -35.469440 60.905025 3.743769  0.000000 0.000000 -1.000000  0.193365 0.793939 1 0 1.000000
0  -32.482685 60.905025 3.743769  -0.145713 0.000000 -0.989327  0.217780 0.793939 1 0 1.000000
misc
0  -35.469440 58.578934 3.743769  -1.000000 0.000000 0.000000  0.193365 0.768548 1 0 1.000000
0  -35.469440 58.400002 6.345137  -1.000000 0.000000 0.000000  0.217780 0.768548 1 0 1.000000
0  -35.469440 60.891262 6.345137  -1.000000 0.000000 0.000000  0.217780 0.793939 1 0 1.000000
misc
0  -35.469440 60.891262 6.345137  -1.000000 0.000000 0.000000  0.217780 0.793939 1 0 1.000000
0  -35.469440 60.905025 3.743769  -1.000000 0.000000 0.000000  0.193365 0.793939 1 0 1.000000
0  -35.469440 58.578934 3.743769  -1.000000 0.000000 0.000000  0.193365 0.768548 1 0 1.000000
misc
0  -15.553154 56.032627 7.501298  -0.332831 -0.942986 0.001406  0.447279 0.876949 1 0 1.000000
0  -17.837952 59.115726 7.501299  -0.982977 -0.183723 0.001317  0.499039 0.876949 1 0 1.000000
0  -17.837952 59.115726 1.968232  -0.982898 -0.184147 0.001060  0.499039 0.793939 1 0 1.000000
misc
0  -17.837952 59.115726 1.968232  -0.982898 -0.184147 0.001060  0.499039 0.793939 1 0 1.000000
0  -15.553154 56.032627 1.968232  -0.332419 -0.943131 0.000904  0.447279 0.793939 1 0 1.000000
0  -15.553154 56.032627 7.501298  -0.332831 -0.942986 0.001406  0.447279 0.876949 1 0 1.000000
misc
0  -17.837952 59.115726 7.501299  -0.982977 -0.183723 0.001317  0.447279 0.876949 1 0 1.000000
0  -16.805662 62.859493 7.501299  -0.746219 0.665699 0.001483  0.499039 0.876949 1 0 1.000000
0  -16.819427 62.873264 1.968232  -0.746440 0.665451 0.001280  0.499039 0.793939 1 0 1.000000
misc
0  -16.819427 62.873264 1.968232  -0.746440 0.665451 0.001280  0.499039 0.793939 1 0 1.000000
0  -17.837952 59.115726 1.968232  -0.982898 -0.184147 0.001060  0.447279 0.793939 1 0 1.000000
0  -17.837952 59.115726 7.501299  -0.982977 -0.183723 0.001317  0.447279 0.876949 1 0 1.000000
misc
0  -16.805662 62.859493 7.501299  -0.746219 0.665699 0.001483  0.447279 0.876949 1 0 1.000000
0  -14.369461 63.836727 7.501298  0.101268 0.994858 0.001442  0.499039 0.876949 1 0 1.000000
0  -14.369462 63.850491 1.968231  0.100709 0.994915 0.001274  0.499039 0.793939 1 0 1.000000
misc
0  -14.369462 63.850491 1.968231  0.100709 0.994915 0.001274  0.499039 0.793939 1 0 1.000000
0  -16.819427 62.873264 1.968232  -0.746440 0.665451 0.001280  0.447279 0.793939 1 0 1.000000
0  -16.805662 62.859493 7.501299  -0.746219 0.665699 0.001483  0.447279 0.876949 1 0 1.000000
misc
0  -14.369461 63.836727 7.501298  0.101268 0.994858 0.001442  0.447279 0.876949 1 0 1.000000
0  -11.217541 61.772156 7.501298  0.914054 0.405591 0.001294  0.499039 0.876949 1 0 1.000000
0  -11.217542 61.772156 1.968231  0.913773 0.406224 0.001049  0.499039 0.793939 1 0 1.000000
misc
0  -11.217542 61.772156 1.968231  0.913773 0.406224 0.001049  0.499039 0.793939 1 0 1.000000
0  -14.369462 63.850491 1.968231  0.100709 0.994915 0.001274  0.447279 0.793939 1 0 1.000000
0  -14.369461 63.836727 7.501298  0.101268 0.994858 0.001442  0.447279 0.876949 1 0 1.000000
misc
0  -11.217541 61.772156 7.501298  0.914054 0.405591 0.001294  0.447279 0.876949 1 0 1.000000
0  -11.947024 56.982334 7.501298  0.742977 -0.669316 0.001324  0.499039 0.876949 1 0 1.000000
0  -11.947024 56.968571 1.968231  0.742853 -0.669454 0.001266  0.499039 0.793939 1 0 1.000000
misc
0  -11.947024 56.968571 1.968231  0.742853 -0.669454 0.001266  0.499039 0.793939 1 0 1.000000
0  -11.217542 61.772156 1.968231  0.913773 0.406224 0.001049  0.447279 0.793939 1 0 1.000000
0  -11.217541 61.772156 7.501298  0.914054 0.405591 0.001294  0.447279 0.876949 1 0 1.000000
misc
0  -11.947024 56.982334 7.501298  0.742977 -0.669316 0.001324  0.447279 0.876949 1 0 1.000000
0  -15.553154 56.032627 7.501298  -0.332831 -0.942986 0.001406  0.499039 0.876949 1 0 1.000000
0  -15.553154 56.032627 1.968232  -0.332419 -0.943131 0.000904  0.499039 0.793939 1 0 1.000000
misc
0  -15.553154 56.032627 1.968232  -0.332419 -0.943131 0.000904  0.499039 0.793939 1 0 1.000000
0  -11.947024 56.968571 1.968231  0.742853 -0.669454 0.001266  0.447279 0.793939 1 0 1.000000
0  -11.947024 56.982334 7.501298  0.742977 -0.669316 0.001324  0.447279 0.876949 1 0 1.000000
misc
0  49.563614 83.147408 16.530378  0.000000 0.000000 1.000000  0.454115 0.291971 1 0 1.000000
0  49.563614 83.876892 16.530378  0.000000 0.000000 1.000000  0.454115 0.291971 1 0 1.000000
0  26.123779 83.519035 16.530380  0.000000 0.000000 1.000000  0.454115 0.291971 1 0 1.000000
misc
0  49.563614 83.876892 16.530378  -0.007673 0.999942 0.007610  0.454115 0.291971 1 0 1.000000
0  49.563610 83.876892 -7.102149  0.000000 1.000000 0.000000  0.454115 0.291971 1 0 1.000000
0  26.123777 83.876892 -7.102148  -0.005112 0.999974 0.005070  0.454115 0.291971 1 0 1.000000
misc
0  26.123777 83.876892 -7.102148  -0.005112 0.999974 0.005070  0.454115 0.291971 1 0 1.000000
0  26.123779 83.519035 16.530380  -0.015264 0.999769 0.015139  0.454115 0.291971 1 0 1.000000
0  49.563614 83.876892 16.530378  -0.007673 0.999942 0.007610  0.454115 0.291971 1 0 1.000000
misc
0  28.270937 83.876892 -9.152962  -0.371571 0.000000 -0.928404  0.454115 0.291971 1 0 1.000000
0  47.416451 83.876892 -9.152964  0.372055 0.000000 -0.928211  0.454115 0.291971 1 0 1.000000
0  47.416451 83.147408 -9.152964  0.372046 0.000000 -0.928214  0.454115 0.291971 1 0 1.000000
misc
0  47.416451 83.147408 -9.152964  0.372046 0.000000 -0.928214  0.454115 0.291971 1 0 1.000000
0  28.270937 83.147408 -9.152962  -0.372059 0.000000 -0.928209  0.454115 0.291971 1 0 1.000000
0  28.270937 83.876892 -9.152962  -0.371571 0.000000 -0.928404  0.454115 0.291971 1 0 1.000000
misc
0  49.563610 83.876892 -7.102149  0.919433 0.000000 -0.393248  0.454115 0.291971 1 0 1.000000
0  49.563614 83.876892 16.530378  1.000000 0.000000 -0.000000  0.454115 0.291971 1 0 1.000000
0  49.563614 83.147408 16.530378  1.000000 0.000000 -0.000000  0.454115 0.291971 1 0 1.000000
misc
0  49.563614 83.147408 16.530378  1.000000 0.000000 -0.000000  0.454115 0.291971 1 0 1.000000
0  49.563610 83.147408 -7.102149  0.919428 0.000000 -0.393257  0.454115 0.291971 1 0 1.000000
0  49.563610 83.876892 -7.102149  0.919433 0.000000 -0.393248  0.454115 0.291971 1 0 1.000000
misc
0  26.123777 83.147408 -7.102148  -0.918583 0.000000 -0.395229  0.454115 0.291971 1 0 1.000000
0  26.123779 83.519035 16.530380  -1.000000 0.000000 0.000000  0.454115 0.291971 1 0 1.000000
0  26.123777 83.876892 -7.102148  -0.918611 0.000000 -0.395163  0.454115 0.291971 1 0 1.000000
misc
0  49.563610 83.147408 -7.102149  -0.005309 -0.999972 0.005321  0.454115 0.291971 1 0 1.000000
0  49.563614 83.147408 16.530378  -0.015853 -0.999874 -0.000000  0.454115 0.291971 1 0 1.000000
0  26.123779 83.519035 16.530380  -0.007968 -0.999938 0.007821  0.454115 0.291971 1 0 1.000000
misc
0  26.123779 83.519035 16.530380  -0.007968 -0.999938 0.007821  0.454115 0.291971 1 0 1.000000
0  26.123777 83.147408 -7.102148  0.000000 -0.999944 0.010586  0.454115 0.291971 1 0 1.000000
0  49.563610 83.147408 -7.102149  -0.005309 -0.999972 0.005321  0.454115 0.291971 1 0 1.000000
misc
0  28.270937 83.876892 -9.152962  -0.371571 0.000000 -0.928404  0.454115 0.291971 1 0 1.000000
0  28.270937 83.147408 -9.152962  -0.372059 0.000000 -0.928209  0.454115 0.291971 1 0 1.000000
0  26.123777 83.147408 -7.102148  -0.918583 0.000000 -0.395229  0.454115 0.291971 1 0 1.000000
misc
0  26.123777 83.147408 -7.102148  -0.918583 0.000000 -0.395229  0.454115 0.291971 1 0 1.000000
0  26.123777 83.876892 -7.102148  -0.918611 0.000000 -0.395163  0.454115 0.291971 1 0 1.000000
0  28.270937 83.876892 -9.152962  -0.371571 0.000000 -0.928404  0.454115 0.291971 1 0 1.000000
misc
0  47.416451 83.147408 -9.152964  0.372046 0.000000 -0.928214  0.454115 0.291971 1 0 1.000000
0  47.416451 83.876892 -9.152964  0.372055 0.000000 -0.928211  0.454115 0.291971 1 0 1.000000
0  49.563610 83.876892 -7.102149  0.919433 0.000000 -0.393248  0.454115 0.291971 1 0 1.000000
misc
0  49.563610 83.876892 -7.102149  0.919433 0.000000 -0.393248  0.454115 0.291971 1 0 1.000000
0  49.563610 83.147408 -7.102149  0.919428 0.000000 -0.393257  0.454115 0.291971 1 0 1.000000
0  47.416451 83.147408 -9.152964  0.372046 0.000000 -0.928214  0.454115 0.291971 1 0 1.000000
misc
0  28.270937 83.876892 -9.152962  0.000000 1.000000 0.000000  0.454115 0.291971 1 0 1.000000
0  26.123777 83.876892 -7.102148  -0.005112 0.999974 0.005070  0.454115 0.291971 1 0 1.000000
0  49.563610 83.876892 -7.102149  0.000000 1.000000 0.000000  0.454115 0.291971 1 0 1.000000
misc
0  49.563610 83.876892 -7.102149  0.000000 1.000000 0.000000  0.454115 0.291971 1 0 1.000000
0  47.416451 83.876892 -9.152964  0.000000 1.000000 0.000000  0.454115 0.291971 1 0 1.000000
0  28.270937 83.876892 -9.152962  0.000000 1.000000 0.000000  0.454115 0.291971 1 0 1.000000
misc
0  28.270937 83.147408 -9.152962  0.000000 -1.000000 0.000001  0.454115 0.291971 1 0 1.000000
0  47.416451 83.147408 -9.152964  0.000000 -1.000000 0.000001  0.454115 0.291971 1 0 1.000000
0  49.563610 83.147408 -7.102149  -0.005309 -0.999972 0.005321  0.454115 0.291971 1 0 1.000000
misc
0  49.563610 83.147408 -7.102149  -0.005309 -0.999972 0.005321  0.454115 0.291971 1 0 1.000000
0  26.123777 83.147408 -7.102148  0.000000 -0.999944 0.010586  0.454115 0.291971 1 0 1.000000
0  28.270937 83.147408 -9.152962  0.000000 -1.000000 0.000001  0.454115 0.291971 1 0 1.000000
misc
0  25.972376 84.138405 16.392742  -1.000000 0.000000 0.000000  0.475600 0.064425 1 0 1.000000
0  25.972376 82.762024 16.392742  -1.000000 0.000000 0.000000  0.475600 0.064425 1 0 1.000000
0  25.972378 82.500511 25.463118  -0.999999 -0.001093 0.000148  0.475600 0.064425 1 0 1.000000
misc
0  25.972378 82.500511 25.463118  -0.999999 -0.001093 0.000148  0.475600 0.064425 1 0 1.000000
0  25.972378 84.399918 25.463118  -0.999999 -0.001193 0.000117  0.475600 0.064425 1 0 1.000000
0  25.972376 84.138405 16.392742  -1.000000 0.000000 0.000000  0.475600 0.064425 1 0 1.000000
misc
0  49.838894 84.248520 16.392740  1.000000 0.000000 0.000000  0.475600 0.064425 1 0 1.000000
0  49.838894 84.523796 25.463116  0.999998 0.001965 0.000060  0.475600 0.064425 1 0 1.000000
0  49.838894 82.638145 25.463116  0.999998 0.001773 0.000030  0.475600 0.064425 1 0 1.000000
misc
0  49.838894 82.638145 25.463116  0.999998 0.001773 0.000030  0.475600 0.064425 1 0 1.000000
0  49.838894 82.872131 16.392740  1.000000 0.000000 0.000000  0.475600 0.064425 1 0 1.000000
0  49.838894 84.248520 16.392740  1.000000 0.000000 0.000000  0.475600 0.064425 1 0 1.000000
misc
0  25.972376 82.762024 16.392742  -0.000031 0.001965 -0.999998  0.475600 0.064425 1 0 1.000000
0  25.972376 84.138405 16.392742  -0.000031 0.001965 -0.999998  0.475600 0.064425 1 0 1.000000
0  49.838894 84.248520 16.392740  -0.000029 0.002013 -0.999998  0.475600 0.064425 1 0 1.000000
misc
0  49.838894 84.248520 16.392740  -0.000029 0.002013 -0.999998  0.475600 0.064425 1 0 1.000000
0  49.838894 82.872131 16.392740  -0.000029 0.002013 -0.999998  0.475600 0.064425 1 0 1.000000
0  25.972376 82.762024 16.392742  -0.000031 0.001965 -0.999998  0.475600 0.064425 1 0 1.000000
misc
0  25.972376 84.138405 16.392742  -0.004943 0.999551 -0.029545  0.100589 0.564440 1 0 1.000000
0  25.972378 84.399918 25.463118  -0.005188 0.999571 -0.028818  0.100589 0.598621 1 0 1.000000
0  49.838894 84.523796 25.463116  -0.004745 0.999539 -0.029983  0.199225 0.598621 1 0 1.000000
misc
0  49.838894 84.523796 25.463116  -0.004612 0.999529 -0.030333  0.199225 0.598621 1 0 1.000000
0  49.838894 84.248520 16.392740  -0.004612 0.999529 -0.030333  0.199225 0.564440 1 0 1.000000
0  25.972376 84.138405 16.392742  -0.004612 0.999529 -0.030333  0.100589 0.564440 1 0 1.000000
misc
0  25.972378 82.500511 25.463118  0.004884 -0.999597 -0.027950  0.100589 0.597644 1 0 1.000000
0  25.972376 82.762024 16.392742  0.004810 -0.999594 -0.028078  0.100589 0.564440 1 0 1.000000
0  49.838894 82.872131 16.392740  0.005098 -0.999617 -0.027213  0.199225 0.564440 1 0 1.000000
misc
0  49.838894 82.872131 16.392740  0.005240 -0.999625 -0.026866  0.199225 0.564440 1 0 1.000000
0  49.838894 82.638145 25.463116  0.005274 -0.999628 -0.026776  0.199225 0.597644 1 0 1.000000
0  25.972378 82.500511 25.463118  0.004956 -0.999603 -0.027737  0.100589 0.597644 1 0 1.000000
misc
0  48.531330 84.083351 15.470562  0.000000 1.000000 0.000000  0.180670 0.296854 1 0 1.000000
0  48.531330 84.083351 13.791372  0.000000 1.000000 0.000000  0.188482 0.296854 1 0 1.000000
0  40.328072 84.083351 13.791373  0.000000 1.000000 0.000000  0.188482 0.239235 1 0 1.000000
misc
0  40.328072 84.083351 13.791373  0.000000 1.000000 0.000000  0.188482 0.239235 1 0 1.000000
0  40.328072 84.083351 15.456800  0.000000 1.000000 0.000000  0.180670 0.239235 1 0 1.000000
0  48.531330 84.083351 15.470562  0.000000 1.000000 0.000000  0.180670 0.296854 1 0 1.000000
misc
0  35.152866 84.083351 15.470563  0.000000 1.000000 0.000000  0.180670 0.296854 1 0 1.000000
0  35.152866 84.083351 13.791373  0.000000 1.000000 0.000000  0.188482 0.296854 1 0 1.000000
0  26.949610 84.083351 13.791374  0.000000 1.000000 0.000000  0.188482 0.239235 1 0 1.000000
misc
0  26.949610 84.083351 13.791374  0.000000 1.000000 0.000000  0.188482 0.239235 1 0 1.000000
0  26.949610 84.083351 15.456800  0.000000 1.000000 0.000000  0.180670 0.239235 1 0 1.000000
0  35.152866 84.083351 15.470563  0.000000 1.000000 0.000000  0.180670 0.296854 1 0 1.000000
misc
0  -49.797604 82.500511 25.463123  -0.999999 -0.001093 0.000148  0.475600 0.064425 1 0 1.000000
0  -49.797604 84.399918 25.463123  -0.999999 -0.001193 0.000116  0.475600 0.064425 1 0 1.000000
0  -49.797604 84.138405 16.392748  -1.000000 0.000000 0.000000  0.475600 0.064425 1 0 1.000000
misc
0  -49.797604 84.138405 16.392748  -1.000000 0.000000 0.000000  0.475600 0.064425 1 0 1.000000
0  -49.797604 82.762024 16.392748  -1.000000 0.000000 0.000000  0.475600 0.064425 1 0 1.000000
0  -49.797604 82.500511 25.463123  -0.999999 -0.001093 0.000148  0.475600 0.064425 1 0 1.000000
misc
0  -25.944857 82.638145 25.463121  0.999998 0.001773 0.000030  0.475600 0.064425 1 0 1.000000
0  -25.944859 82.872131 16.392746  1.000000 0.000000 -0.000000  0.475600 0.064425 1 0 1.000000
0  -25.944859 84.248520 16.392746  1.000000 0.000000 -0.000000  0.475600 0.064425 1 0 1.000000
misc
0  -25.944859 84.248520 16.392746  1.000000 0.000000 -0.000000  0.475600 0.064425 1 0 1.000000
0  -25.944857 84.523796 25.463121  0.999998 0.001965 0.000060  0.475600 0.064425 1 0 1.000000
0  -25.944857 82.638145 25.463121  0.999998 0.001773 0.000030  0.475600 0.064425 1 0 1.000000
misc
0  -25.944859 84.248520 16.392746  -0.000029 0.002061 -0.999998  0.475600 0.064425 1 0 1.000000
0  -25.944859 82.872131 16.392746  -0.000029 0.002013 -0.999998  0.475600 0.064425 1 0 1.000000
0  -49.797604 82.762024 16.392748  -0.000031 0.001965 -0.999998  0.475600 0.064425 1 0 1.000000
misc
0  -49.797604 82.762024 16.392748  -0.000031 0.001965 -0.999998  0.475600 0.064425 1 0 1.000000
0  -49.797604 84.138405 16.392748  -0.000031 0.001965 -0.999998  0.475600 0.064425 1 0 1.000000
0  -25.944859 84.248520 16.392746  -0.000029 0.002061 -0.999998  0.475600 0.064425 1 0 1.000000
misc
0  -25.944857 84.523796 25.463121  -0.004614 0.999529 -0.030335  0.100589 0.598621 1 0 1.000000
0  -25.944859 84.248520 16.392746  -0.004614 0.999529 -0.030335  0.100589 0.564440 1 0 1.000000
0  -49.797604 84.138405 16.392748  -0.004614 0.999529 -0.030335  0.198248 0.564440 1 0 1.000000
misc
0  -49.797604 84.138405 16.392748  -0.004915 0.999549 -0.029635  0.198248 0.564440 1 0 1.000000
0  -49.797604 84.399918 25.463123  -0.004962 0.999554 -0.029449  0.198248 0.598621 1 0 1.000000
0  -25.944857 84.523796 25.463121  -0.004766 0.999540 -0.029938  0.100589 0.598621 1 0 1.000000
misc
0  -25.944859 82.872131 16.392746  0.005270 -0.999626 -0.026825  0.100589 0.564440 1 0 1.000000
0  -25.944857 82.638145 25.463121  0.005468 -0.999637 -0.026388  0.099612 0.597644 1 0 1.000000
0  -49.797604 82.500511 25.463123  0.004932 -0.999596 -0.027983  0.199225 0.597644 1 0 1.000000
misc
0  -49.797604 82.500511 25.463123  0.004819 -0.999588 -0.028282  0.199225 0.597644 1 0 1.000000
0  -49.797604 82.762024 16.392748  0.004859 -0.999599 -0.027893  0.199225 0.564440 1 0 1.000000
0  -25.944859 82.872131 16.392746  0.005134 -0.999618 -0.027174  0.100589 0.564440 1 0 1.000000
misc
0  -49.646206 83.876892 16.530386  0.000000 0.000000 1.000000  0.454115 0.291971 1 0 1.000000
0  -49.646206 83.147408 16.530386  0.000000 0.000000 1.000000  0.454115 0.291971 1 0 1.000000
0  -26.206375 83.519035 16.530384  0.000000 0.000000 1.000000  0.454115 0.291971 1 0 1.000000
misc
0  -49.646210 83.876892 -7.102142  0.005112 0.999974 0.005123  0.454115 0.291971 1 0 1.000000
0  -49.646206 83.876892 16.530386  0.015265 0.999883 -0.000000  0.454115 0.291971 1 0 1.000000
0  -26.206375 83.519035 16.530384  0.007673 0.999942 0.007531  0.454115 0.291971 1 0 1.000000
misc
0  -26.206375 83.519035 16.530384  0.007673 0.999942 0.007531  0.454115 0.291971 1 0 1.000000
0  -26.206377 83.876892 -7.102144  0.000000 0.999948 0.010193  0.454115 0.291971 1 0 1.000000
0  -49.646210 83.876892 -7.102142  0.005112 0.999974 0.005123  0.454115 0.291971 1 0 1.000000
misc
0  -28.353537 83.147408 -9.152958  0.372046 0.000000 -0.928214  0.454115 0.291971 1 0 1.000000
0  -47.499046 83.147408 -9.152956  -0.372059 0.000000 -0.928209  0.454115 0.291971 1 0 1.000000
0  -47.499046 83.876892 -9.152956  -0.372049 0.000000 -0.928213  0.454115 0.291971 1 0 1.000000
misc
0  -47.499046 83.876892 -9.152956  -0.372049 0.000000 -0.928213  0.454115 0.291971 1 0 1.000000
0  -28.353537 83.876892 -9.152958  0.372055 0.000000 -0.928211  0.454115 0.291971 1 0 1.000000
0  -28.353537 83.147408 -9.152958  0.372046 0.000000 -0.928214  0.454115 0.291971 1 0 1.000000
misc
0  -26.206375 83.519035 16.530384  1.000000 0.000000 -0.000000  0.454115 0.291971 1 0 1.000000
0  -26.206377 83.147408 -7.102144  0.918581 0.000000 -0.395232  0.454115 0.291971 1 0 1.000000
0  -26.206377 83.876892 -7.102144  0.918616 0.000000 -0.395152  0.454115 0.291971 1 0 1.000000
misc
0  -49.646206 83.876892 16.530386  -1.000000 0.000000 0.000000  0.454115 0.291971 1 0 1.000000
0  -49.646210 83.876892 -7.102142  -0.919294 0.000000 -0.393571  0.454115 0.291971 1 0 1.000000
0  -49.646210 83.147408 -7.102142  -0.919431 0.000000 -0.393250  0.454115 0.291971 1 0 1.000000
misc
0  -49.646210 83.147408 -7.102142  -0.919431 0.000000 -0.393250  0.454115 0.291971 1 0 1.000000
0  -49.646206 83.147408 16.530386  -1.000000 0.000000 0.000000  0.454115 0.291971 1 0 1.000000
0  -49.646206 83.876892 16.530386  -1.000000 0.000000 0.000000  0.454115 0.291971 1 0 1.000000
misc
0  -49.646206 83.147408 16.530386  0.007968 -0.999937 0.007903  0.454115 0.291971 1 0 1.000000
0  -49.646210 83.147408 -7.102142  0.000000 -1.000000 -0.000001  0.454115 0.291971 1 0 1.000000
0  -26.206377 83.147408 -7.102144  0.005309 -0.999972 0.005266  0.454115 0.291971 1 0 1.000000
misc
0  -26.206377 83.147408 -7.102144  0.005309 -0.999972 0.005266  0.454115 0.291971 1 0 1.000000
0  -26.206375 83.519035 16.530384  0.015851 -0.999751 0.015721  0.454115 0.291971 1 0 1.000000
0  -49.646206 83.147408 16.530386  0.007968 -0.999937 0.007903  0.454115 0.291971 1 0 1.000000
misc
0  -49.646210 83.147408 -7.102142  -0.919431 0.000000 -0.393250  0.454115 0.291971 1 0 1.000000
0  -49.646210 83.876892 -7.102142  -0.919294 0.000000 -0.393571  0.454115 0.291971 1 0 1.000000
0  -47.499046 83.876892 -9.152956  -0.372049 0.000000 -0.928213  0.454115 0.291971 1 0 1.000000
misc
0  -47.499046 83.876892 -9.152956  -0.372049 0.000000 -0.928213  0.454115 0.291971 1 0 1.000000
0  -47.499046 83.147408 -9.152956  -0.372059 0.000000 -0.928209  0.454115 0.291971 1 0 1.000000
0  -49.646210 83.147408 -7.102142  -0.919431 0.000000 -0.393250  0.454115 0.291971 1 0 1.000000
misc
0  -26.206377 83.876892 -7.102144  0.918616 0.000000 -0.395152  0.454115 0.291971 1 0 1.000000
0  -26.206377 83.147408 -7.102144  0.918581 0.000000 -0.395232  0.454115 0.291971 1 0 1.000000
0  -28.353537 83.147408 -9.152958  0.372046 0.000000 -0.928214  0.454115 0.291971 1 0 1.000000
misc
0  -28.353537 83.147408 -9.152958  0.372046 0.000000 -0.928214  0.454115 0.291971 1 0 1.000000
0  -28.353537 83.876892 -9.152958  0.372055 0.000000 -0.928211  0.454115 0.291971 1 0 1.000000
0  -26.206377 83.876892 -7.102144  0.918616 0.000000 -0.395152  0.454115 0.291971 1 0 1.000000
misc
0  -26.206377 83.876892 -7.102144  0.000000 0.999948 0.010193  0.454115 0.291971 1 0 1.000000
0  -28.353537 83.876892 -9.152958  0.000000 1.000000 0.000000  0.454115 0.291971 1 0 1.000000
0  -47.499046 83.876892 -9.152956  0.000000 1.000000 0.000000  0.454115 0.291971 1 0 1.000000
misc
0  -47.499046 83.876892 -9.152956  0.000000 1.000000 0.000000  0.454115 0.291971 1 0 1.000000
0  -49.646210 83.876892 -7.102142  0.005112 0.999974 0.005123  0.454115 0.291971 1 0 1.000000
0  -26.206377 83.876892 -7.102144  0.000000 0.999948 0.010193  0.454115 0.291971 1 0 1.000000
misc
0  -26.206377 83.147408 -7.102144  0.005309 -0.999972 0.005266  0.454115 0.291971 1 0 1.000000
0  -49.646210 83.147408 -7.102142  0.000000 -1.000000 -0.000001  0.454115 0.291971 1 0 1.000000
0  -47.499046 83.147408 -9.152956  0.000000 -1.000000 -0.000002  0.454115 0.291971 1 0 1.000000
misc
0  -47.499046 83.147408 -9.152956  0.000000 -1.000000 -0.000002  0.454115 0.291971 1 0 1.000000
0  -28.353537 83.147408 -9.152958  0.000000 -1.000000 0.000001  0.454115 0.291971 1 0 1.000000
0  -26.206377 83.147408 -7.102144  0.005309 -0.999972 0.005266  0.454115 0.291971 1 0 1.000000
misc
0  -40.355610 84.083351 13.791379  0.000000 1.000000 0.000000  0.188482 0.239235 1 0 1.000000
0  -48.558865 84.083351 13.791380  0.000000 1.000000 0.000000  0.188482 0.296854 1 0 1.000000
0  -48.558865 84.083351 15.470570  0.000000 1.000000 0.000000  0.180670 0.296854 1 0 1.000000
misc
0  -48.558865 84.083351 15.470570  0.000000 1.000000 0.000000  0.180670 0.296854 1 0 1.000000
0  -40.355610 84.083351 15.456805  0.000000 1.000000 0.000000  0.180670 0.239235 1 0 1.000000
0  -40.355610 84.083351 13.791379  0.000000 1.000000 0.000000  0.188482 0.239235 1 0 1.000000
misc
0  -26.977148 84.083351 13.791378  0.000000 1.000000 0.000000  0.188482 0.239235 1 0 1.000000
0  -35.180401 84.083351 13.791379  0.000000 1.000000 0.000000  0.188482 0.296854 1 0 1.000000
0  -35.180401 84.083351 15.470569  0.000000 1.000000 0.000000  0.180670 0.296854 1 0 1.000000
misc
0  -35.180401 84.083351 15.470569  0.000000 1.000000 0.000000  0.180670 0.296854 1 0 1.000000
0  -26.977148 84.083351 15.456804  0.000000 1.000000 0.000000  0.180670 0.239235 1 0 1.000000
0  -26.977148 84.083351 13.791378  0.000000 1.000000 0.000000  0.188482 0.239235 1 0 1.000000
misc
0  9.923725 128.554352 4.886165  0.467872 0.189315 -0.863282  0.475600 0.064425 1 0 1.000000
0  8.533577 130.481277 5.505539  0.080155 0.829671 -0.552468  0.475600 0.064425 1 0 1.000000
0  8.561106 127.907433 10.116428  0.160295 0.683028 0.712586  0.475600 0.064425 1 0 1.000000
misc
0  8.561106 127.907433 10.116428  0.160295 0.683028 0.712586  0.475600 0.064425 1 0 1.000000
0  10.020073 126.186974 8.877682  0.999196 -0.038867 -0.009870  0.475600 0.064425 1 0 1.000000
0  9.923725 128.554352 4.886165  0.467872 0.189315 -0.863282  0.475600 0.064425 1 0 1.000000
misc
0  8.781337 -9.497054 3.041810  -0.260908 -0.013836 0.965264  0.355480 0.295877 1 0 1.000000
0  10.171485 -9.799859 1.362620  0.988474 0.026311 -0.149087  0.355480 0.295877 1 0 1.000000
0  9.235539 40.066563 2.739005  0.995949 0.011530 -0.089174  0.355480 0.295877 1 0 1.000000
misc
0  9.235539 40.066563 2.739005  0.995949 0.011530 -0.089174  0.355480 0.295877 1 0 1.000000
0  7.762807 39.736229 3.881405  -0.350300 -0.054205 0.935068  0.355480 0.295877 1 0 1.000000
0  8.781337 -9.497054 3.041810  -0.260908 -0.013836 0.965264  0.355480 0.295877 1 0 1.000000
misc
0  8.781337 -9.497054 3.041810  -0.260908 -0.013836 0.965264  0.355480 0.295877 1 0 1.000000
0  7.762807 39.736229 3.881405  -0.350300 -0.054205 0.935068  0.355480 0.295877 1 0 1.000000
0  7.239781 39.653648 1.541550  -0.585160 0.044367 -0.809703  0.355480 0.295877 1 0 1.000000
misc
0  7.239781 39.653648 1.541550  -0.585160 0.044367 -0.809703  0.355480 0.295877 1 0 1.000000
0  8.285837 -10.130192 0.055055  -0.532707 -0.002553 -0.846296  0.355480 0.295877 1 0 1.000000
0  8.781337 -9.497054 3.041810  -0.260908 -0.013836 0.965264  0.355480 0.295877 1 0 1.000000
misc
0  7.239781 39.653648 1.541550  -0.585160 0.044367 -0.809703  0.355480 0.295877 1 0 1.000000
0  9.235539 40.066563 2.739005  0.995949 0.011530 -0.089174  0.355480 0.295877 1 0 1.000000
0  10.171485 -9.799859 1.362620  0.988474 0.026311 -0.149087  0.355480 0.295877 1 0 1.000000
misc
0  10.171485 -9.799859 1.362620  0.988474 0.026311 -0.149087  0.355480 0.295877 1 0 1.000000
0  8.285837 -10.130192 0.055055  -0.532707 -0.002553 -0.846296  0.355480 0.295877 1 0 1.000000
0  7.239781 39.653648 1.541550  -0.585160 0.044367 -0.809703  0.355480 0.295877 1 0 1.000000
misc
0  9.235539 40.066563 2.739005  0.995949 0.011530 -0.089174  0.355480 0.295877 1 0 1.000000
0  9.937490 121.589836 10.666982  0.996214 -0.046114 -0.073694  0.355480 0.295877 1 0 1.000000
0  8.533578 122.401909 12.525101  0.158503 0.160652 0.974201  0.355480 0.295877 1 0 1.000000
misc
0  6.675458 121.727470 11.341411  -0.960411 -0.000033 0.278587  0.355480 0.295877 1 0 1.000000
0  7.762807 39.736229 3.881405  -0.350300 -0.054205 0.935068  0.355480 0.295877 1 0 1.000000
0  8.533578 122.401909 12.525101  0.158503 0.160652 0.974201  0.355480 0.295877 1 0 1.000000
misc
0  7.762807 39.736229 3.881405  -0.350300 -0.054205 0.935068  0.355480 0.295877 1 0 1.000000
0  6.675458 121.727470 11.341411  -0.960411 -0.000033 0.278587  0.355480 0.295877 1 0 1.000000
0  8.038079 120.929184 9.497054  -0.211231 -0.081116 -0.974065  0.355480 0.295877 1 0 1.000000
misc
0  8.038079 120.929184 9.497054  -0.211231 -0.081116 -0.974065  0.355480 0.295877 1 0 1.000000
0  7.239781 39.653648 1.541550  -0.585160 0.044367 -0.809703  0.355480 0.295877 1 0 1.000000
0  7.762807 39.736229 3.881405  -0.350300 -0.054205 0.935068  0.355480 0.295877 1 0 1.000000
misc
0  9.235539 40.066563 2.739005  0.995949 0.011530 -0.089174  0.355480 0.295877 1 0 1.000000
0  7.239781 39.653648 1.541550  -0.585160 0.044367 -0.809703  0.355480 0.295877 1 0 1.000000
0  8.038079 120.929184 9.497054  -0.211231 -0.081116 -0.974065  0.355480 0.295877 1 0 1.000000
misc
0  8.038079 120.929184 9.497054  -0.211231 -0.081116 -0.974065  0.355480 0.295877 1 0 1.000000
0  9.937490 121.589836 10.666982  0.996214 -0.046114 -0.073694  0.355480 0.295877 1 0 1.000000
0  9.235539 40.066563 2.739005  0.995949 0.011530 -0.089174  0.355480 0.295877 1 0 1.000000
misc
0  8.038078 127.233017 4.624652  -0.117440 0.006672 -0.993058  0.475600 0.064425 1 0 1.000000
0  8.038079 124.961983 8.161962  -0.213802 -0.579807 -0.786201  0.475600 0.064425 1 0 1.000000
0  6.579111 126.682465 9.414472  -0.950633 0.180047 0.252746  0.475600 0.064425 1 0 1.000000
misc
0  6.579111 126.682465 9.414472  -0.950633 0.180047 0.252746  0.475600 0.064425 1 0 1.000000
0  6.647929 129.159943 5.230262  -0.543352 0.329180 -0.772275  0.475600 0.064425 1 0 1.000000
0  8.038078 127.233017 4.624652  -0.117440 0.006672 -0.993058  0.475600 0.064425 1 0 1.000000
misc
0  6.675458 121.727470 11.341411  -0.960411 -0.000033 0.278587  0.475600 0.064425 1 0 1.000000
0  6.579111 126.682465 9.414472  -0.950633 0.180047 0.252746  0.475600 0.064425 1 0 1.000000
0  8.038079 124.961983 8.161962  -0.213802 -0.579807 -0.786201  0.475600 0.064425 1 0 1.000000
misc
0  8.038079 124.961983 8.161962  -0.213802 -0.579807 -0.786201  0.475600 0.064425 1 0 1.000000
0  8.038079 120.929184 9.497054  -0.211231 -0.081116 -0.974065  0.475600 0.064425 1 0 1.000000
0  6.675458 121.727470 11.341411  -0.960411 -0.000033 0.278587  0.475600 0.064425 1 0 1.000000
misc
0  9.937490 121.589836 10.666982  0.996214 -0.046114 -0.073694  0.475600 0.064425 1 0 1.000000
0  8.038079 120.929184 9.497054  -0.211231 -0.081116 -0.974065  0.475600 0.064425 1 0 1.000000
0  8.038079 124.961983 8.161962  -0.213802 -0.579807 -0.786201  0.475600 0.064425 1 0 1.000000
misc
0  8.038079 124.961983 8.161962  -0.213802 -0.579807 -0.786201  0.475600 0.064425 1 0 1.000000
0  10.020073 126.186974 8.877682  0.999196 -0.038867 -0.009870  0.475600 0.064425 1 0 1.000000
0  9.937490 121.589836 10.666982  0.996214 -0.046114 -0.073694  0.475600 0.064425 1 0 1.000000
misc
0  8.038078 127.233017 4.624652  -0.117440 0.006672 -0.993058  0.475600 0.064425 1 0 1.000000
0  9.923725 128.554352 4.886165  0.467872 0.189315 -0.863282  0.475600 0.064425 1 0 1.000000
0  10.020073 126.186974 8.877682  0.999196 -0.038867 -0.009870  0.475600 0.064425 1 0 1.000000
misc
0  10.020073 126.186974 8.877682  0.999196 -0.038867 -0.009870  0.475600 0.064425 1 0 1.000000
0  8.038079 124.961983 8.161962  -0.213802 -0.579807 -0.786201  0.475600 0.064425 1 0 1.000000
0  8.038078 127.233017 4.624652  -0.117440 0.006672 -0.993058  0.475600 0.064425 1 0 1.000000
misc
0  10.020073 126.186974 8.877682  0.999196 -0.038867 -0.009870  0.475600 0.064425 1 0 1.000000
0  8.561106 127.907433 10.116428  0.160295 0.683028 0.712586  0.475600 0.064425 1 0 1.000000
0  8.533578 122.401909 12.525101  0.158503 0.160652 0.974201  0.475600 0.064425 1 0 1.000000
misc
0  8.533578 122.401909 12.525101  0.158503 0.160652 0.974201  0.475600 0.064425 1 0 1.000000
0  9.937490 121.589836 10.666982  0.996214 -0.046114 -0.073694  0.475600 0.064425 1 0 1.000000
0  10.020073 126.186974 8.877682  0.999196 -0.038867 -0.009870  0.475600 0.064425 1 0 1.000000
misc
0  6.579111 126.682465 9.414472  -0.950633 0.180047 0.252746  0.475600 0.064425 1 0 1.000000
0  6.675458 121.727470 11.341411  -0.960411 -0.000033 0.278587  0.475600 0.064425 1 0 1.000000
0  8.533578 122.401909 12.525101  0.158503 0.160652 0.974201  0.475600 0.064425 1 0 1.000000
misc
0  8.533578 122.401909 12.525101  0.158503 0.160652 0.974201  0.475600 0.064425 1 0 1.000000
0  8.561106 127.907433 10.116428  0.160295 0.683028 0.712586  0.475600 0.064425 1 0 1.000000
0  6.579111 126.682465 9.414472  -0.950633 0.180047 0.252746  0.475600 0.064425 1 0 1.000000
misc
0  6.647929 129.159943 5.230262  -0.543352 0.329180 -0.772275  0.475600 0.064425 1 0 1.000000
0  6.579111 126.682465 9.414472  -0.950633 0.180047 0.252746  0.475600 0.064425 1 0 1.000000
0  8.561106 127.907433 10.116428  0.160295 0.683028 0.712586  0.475600 0.064425 1 0 1.000000
misc
0  8.561106 127.907433 10.116428  0.160295 0.683028 0.712586  0.475600 0.064425 1 0 1.000000
0  8.533577 130.481277 5.505539  0.080155 0.829671 -0.552468  0.475600 0.064425 1 0 1.000000
0  6.647929 129.159943 5.230262  -0.543352 0.329180 -0.772275  0.475600 0.064425 1 0 1.000000
misc
0  9.235539 40.066563 2.739005  0.995949 0.011530 -0.089174  0.355480 0.295877 1 0 1.000000
0  8.533578 122.401909 12.525101  0.158503 0.160652 0.974201  0.355480 0.295877 1 0 1.000000
0  7.762807 39.736229 3.881405  -0.350300 -0.054205 0.935068  0.355480 0.295877 1 0 1.000000
misc
0  5.698225 123.558075 14.025362  -0.013626 0.998552 0.052041  0.408216 0.386700 1 0 1.000000
0  10.130184 123.558075 14.025361  0.013520 0.998560 0.051922  0.387707 0.386700 1 0 1.000000
0  7.914205 123.792053 10.350413  -0.000017 1.000000 0.000112  0.397473 0.396466 1 0 1.000000
misc
0  7.914205 123.792053 10.350413  -0.000017 1.000000 0.000112  0.397473 0.396466 1 0 1.000000
0  10.130184 123.558075 14.025361  0.013528 0.998560 0.051919  0.387707 0.386700 1 0 1.000000
0  12.002067 123.558075 13.144475  0.028294 0.998897 0.037483  0.378918 0.388653 1 0 1.000000
misc
0  3.826342 123.558075 13.144476  -0.028455 0.998887 0.037606  0.416028 0.388653 1 0 1.000000
0  5.698225 123.558075 14.025362  -0.013626 0.998552 0.052041  0.408216 0.386700 1 0 1.000000
0  7.914205 123.792053 10.350413  -0.000017 1.000000 0.000112  0.397473 0.396466 1 0 1.000000
misc
0  2.133388 123.558075 10.350414  -0.038325 0.999265 0.000002  0.423841 0.396466 1 0 1.000000
0  2.560067 123.558075 11.864437  -0.035829 0.999172 0.019281  0.421888 0.392560 1 0 1.000000
0  7.914205 123.792053 10.350413  -0.000017 1.000000 0.000112  0.397473 0.396466 1 0 1.000000
misc
0  7.914205 123.792053 10.350413  -0.000017 1.000000 0.000112  0.397473 0.396466 1 0 1.000000
0  2.560067 123.558075 11.864437  -0.035829 0.999172 0.019281  0.421888 0.392560 1 0 1.000000
0  3.826342 123.558075 13.144476  -0.028455 0.998887 0.037606  0.416028 0.388653 1 0 1.000000
misc
0  3.826341 123.558075 7.542588  -0.028406 0.998893 -0.037506  0.416028 0.404279 1 0 1.000000
0  2.560067 123.558075 8.822627  -0.035917 0.999169 -0.019296  0.421888 0.401349 1 0 1.000000
0  7.914205 123.792053 10.350413  -0.000017 1.000000 0.000112  0.397473 0.396466 1 0 1.000000
misc
0  7.914205 123.792053 10.350413  -0.000017 1.000000 0.000112  0.397473 0.396466 1 0 1.000000
0  2.560067 123.558075 8.822627  -0.035917 0.999169 -0.019296  0.421888 0.401349 1 0 1.000000
0  2.133388 123.558075 10.350414  -0.038325 0.999265 0.000002  0.423841 0.396466 1 0 1.000000
misc
0  10.130184 123.558075 6.661701  0.013589 0.998549 -0.052111  0.387707 0.407208 1 0 1.000000
0  5.698225 123.558075 6.661702  -0.013641 0.998549 -0.052098  0.408216 0.407208 1 0 1.000000
0  7.914205 123.792053 10.350413  -0.000017 1.000000 0.000112  0.397473 0.396466 1 0 1.000000
misc
0  7.914205 123.792053 10.350413  -0.000017 1.000000 0.000112  0.397473 0.396466 1 0 1.000000
0  5.698225 123.558075 6.661702  -0.013641 0.998549 -0.052098  0.408216 0.407208 1 0 1.000000
0  3.826341 123.558075 7.542588  -0.028406 0.998893 -0.037506  0.416028 0.404279 1 0 1.000000
misc
0  12.002067 123.558075 7.542588  0.028362 0.998893 -0.037533  0.378918 0.404279 1 0 1.000000
0  10.130184 123.558075 6.661701  0.013589 0.998549 -0.052111  0.387707 0.407208 1 0 1.000000
0  7.914205 123.792053 10.350413  -0.000017 1.000000 0.000112  0.397473 0.396466 1 0 1.000000
misc
0  12.002067 123.558075 7.542588  0.028362 0.998893 -0.037533  0.378918 0.404279 1 0 1.000000
0  7.914205 123.792053 10.350413  -0.000017 1.000000 0.000112  0.397473 0.396466 1 0 1.000000
0  13.282105 123.558075 8.822626  0.035891 0.999169 -0.019305  0.373058 0.401349 1 0 1.000000
misc
0  7.914205 123.792053 10.350413  -0.000017 1.000000 0.000112  0.397473 0.396466 1 0 1.000000
0  13.695021 123.558075 10.350413  0.038469 0.999260 0.000007  0.371105 0.396466 1 0 1.000000
0  13.282105 123.558075 8.822626  0.035891 0.999169 -0.019305  0.373058 0.401349 1 0 1.000000
misc
0  13.695021 123.558075 10.350413  0.038469 0.999260 0.000007  0.371105 0.396466 1 0 1.000000
0  7.914205 123.792053 10.350413  -0.000017 1.000000 0.000112  0.397473 0.396466 1 0 1.000000
0  13.282105 123.558075 11.864436  0.035853 0.999171 0.019290  0.373058 0.392560 1 0 1.000000
misc
0  7.914205 123.792053 10.350413  -0.000017 1.000000 0.000112  0.397473 0.396466 1 0 1.000000
0  12.002067 123.558075 13.144475  0.028294 0.998897 0.037483  0.378918 0.388653 1 0 1.000000
0  13.282105 123.558075 11.864436  0.035853 0.999171 0.019290  0.373058 0.392560 1 0 1.000000
misc
0  12.002067 123.558075 13.144475  0.575385 0.024668 0.817511  0.375011 0.404279 1 0 1.000000
0  10.130184 123.558075 14.025361  0.422327 0.025390 0.906088  0.375011 0.401349 1 0 1.000000
0  12.125945 107.440605 13.543627  0.823926 -0.002999 0.566690  0.419935 0.404279 1 0 1.000000
misc
0  5.698225 123.558075 14.025362  -0.422500 0.025400 0.906007  0.375011 0.392560 1 0 1.000000
0  3.826342 123.558075 13.144476  -0.575687 0.024384 0.817307  0.375011 0.388653 1 0 1.000000
0  3.702468 107.440605 13.543628  -0.824161 -0.002359 0.566350  0.419935 0.388653 1 0 1.000000
misc
0  3.826342 123.558075 13.144476  -0.575687 0.024384 0.817307  0.375011 0.388653 1 0 1.000000
0  2.560067 123.558075 11.864437  -0.865539 0.017903 0.500521  0.375011 0.385723 1 0 1.000000
0  3.702468 107.440605 13.543628  -0.824161 -0.002359 0.566350  0.419935 0.388653 1 0 1.000000
misc
0  3.702468 107.440605 13.543628  -0.824161 -0.002359 0.566350  0.419935 0.388653 1 0 1.000000
0  2.560067 123.558075 11.864437  -0.865539 0.017903 0.500521  0.375011 0.385723 1 0 1.000000
0  1.954459 107.440605 10.653219  -0.999822 -0.017710 0.006520  0.419935 0.384747 1 0 1.000000
misc
0  2.560067 123.558075 11.864437  -0.865539 0.017903 0.500521  0.375011 0.385723 1 0 1.000000
0  2.133388 123.558075 10.350414  -0.999938 0.010759 -0.002971  0.375011 0.384747 1 0 1.000000
0  1.954459 107.440605 10.653219  -0.999822 -0.017710 0.006520  0.419935 0.384747 1 0 1.000000
misc
0  2.133388 123.558075 10.350414  -0.999938 0.010759 -0.002971  0.375011 0.384747 1 0 1.000000
0  2.560067 123.558075 8.822627  -0.863183 -0.001144 -0.504889  0.375011 0.385723 1 0 1.000000
0  1.954459 107.440605 10.653219  -0.999822 -0.017710 0.006520  0.419935 0.384747 1 0 1.000000
misc
0  1.954459 107.440605 10.653219  -0.999822 -0.017710 0.006520  0.419935 0.384747 1 0 1.000000
0  2.560067 123.558075 8.822627  -0.863183 -0.001144 -0.504889  0.375011 0.385723 1 0 1.000000
0  3.702467 107.440605 7.762810  -0.502219 -0.050173 -0.863284  0.419935 0.388653 1 0 1.000000
misc
0  2.560067 123.558075 8.822627  -0.863183 -0.001144 -0.504889  0.375011 0.385723 1 0 1.000000
0  3.826341 123.558075 7.542588  -0.574353 -0.007113 -0.818577  0.375011 0.388653 1 0 1.000000
0  3.702467 107.440605 7.762810  -0.502219 -0.050173 -0.863284  0.419935 0.388653 1 0 1.000000
misc
0  3.826341 123.558075 7.542588  -0.574353 -0.007113 -0.818577  0.375011 0.388653 1 0 1.000000
0  5.698225 123.558075 6.661702  -0.198807 -0.042232 -0.979128  0.375011 0.392560 1 0 1.000000
0  3.702467 107.440605 7.762810  -0.502219 -0.050173 -0.863284  0.419935 0.388653 1 0 1.000000
misc
0  5.698225 123.558075 6.661702  -0.198807 -0.042232 -0.979128  0.375011 0.392560 1 0 1.000000
0  10.130184 123.558075 6.661701  0.198491 -0.042263 -0.979191  0.375011 0.401349 1 0 1.000000
0  12.125944 107.440605 7.762809  0.502026 -0.050552 -0.863374  0.419935 0.404279 1 0 1.000000
misc
0  12.125944 107.440605 7.762809  0.502026 -0.050552 -0.863374  0.419935 0.404279 1 0 1.000000
0  3.702467 107.440605 7.762810  -0.502219 -0.050173 -0.863284  0.419935 0.388653 1 0 1.000000
0  5.698225 123.558075 6.661702  -0.198807 -0.042232 -0.979128  0.375011 0.392560 1 0 1.000000
misc
0  10.130184 123.558075 6.661701  0.198491 -0.042263 -0.979191  0.375011 0.401349 1 0 1.000000
0  12.002067 123.558075 7.542588  0.574062 -0.007016 -0.818782  0.375011 0.404279 1 0 1.000000
0  12.125944 107.440605 7.762809  0.502026 -0.050552 -0.863374  0.419935 0.404279 1 0 1.000000
misc
0  12.002067 123.558075 7.542588  0.574062 -0.007016 -0.818782  0.375011 0.404279 1 0 1.000000
0  13.282105 123.558075 8.822626  0.863425 -0.001516 -0.504476  0.375011 0.407208 1 0 1.000000
0  12.125944 107.440605 7.762809  0.502026 -0.050552 -0.863374  0.419935 0.404279 1 0 1.000000
misc
0  12.125944 107.440605 7.762809  0.502026 -0.050552 -0.863374  0.419935 0.404279 1 0 1.000000
0  13.282105 123.558075 8.822626  0.863425 -0.001516 -0.504476  0.375011 0.407208 1 0 1.000000
0  13.873952 107.440605 10.653218  0.999817 -0.018037 0.006349  0.419935 0.408185 1 0 1.000000
misc
0  13.282105 123.558075 8.822626  0.863425 -0.001516 -0.504476  0.375011 0.407208 1 0 1.000000
0  13.695021 123.558075 10.350413  0.999938 0.010791 -0.002857  0.375011 0.408185 1 0 1.000000
0  13.873952 107.440605 10.653218  0.999817 -0.018037 0.006349  0.419935 0.408185 1 0 1.000000
misc
0  13.695021 123.558075 10.350413  0.999938 0.010791 -0.002857  0.375011 0.408185 1 0 1.000000
0  13.282105 123.558075 11.864436  0.865920 0.018036 0.499857  0.375011 0.407208 1 0 1.000000
0  13.873952 107.440605 10.653218  0.999817 -0.018037 0.006349  0.419935 0.408185 1 0 1.000000
misc
0  13.873952 107.440605 10.653218  0.999817 -0.018037 0.006349  0.419935 0.408185 1 0 1.000000
0  13.282105 123.558075 11.864436  0.865920 0.018036 0.499857  0.375011 0.407208 1 0 1.000000
0  12.125945 107.440605 13.543627  0.823931 -0.002983 0.566682  0.419935 0.404279 1 0 1.000000
misc
0  13.282105 123.558075 11.864436  0.865920 0.018036 0.499857  0.375011 0.407208 1 0 1.000000
0  12.002067 123.558075 13.144475  0.575714 0.024656 0.817279  0.375011 0.404279 1 0 1.000000
0  12.125945 107.440605 13.543627  0.823931 -0.002983 0.566682  0.419935 0.404279 1 0 1.000000
misc
0  7.914206 106.256912 10.653218  -0.000000 -1.000000 0.000000  0.395520 0.396466 1 0 1.000000
0  12.125945 107.440605 13.543627  0.138485 -0.970381 0.197946  0.410169 0.384747 1 0 1.000000
0  3.702468 107.440605 13.543628  -0.138359 -0.970367 0.198103  0.379894 0.384747 1 0 1.000000
misc
0  7.914206 106.256912 10.653218  -0.000000 -1.000000 0.000000  0.395520 0.396466 1 0 1.000000
0  3.702468 107.440605 13.543628  -0.138559 -0.970390 0.197852  0.379894 0.384747 1 0 1.000000
0  1.954459 107.440605 10.653219  -0.195986 -0.980607 0.000029  0.373058 0.396466 1 0 1.000000
misc
0  7.914206 106.256912 10.653218  -0.000000 -1.000000 0.000000  0.395520 0.396466 1 0 1.000000
0  1.954459 107.440605 10.653219  -0.195986 -0.980607 0.000029  0.373058 0.396466 1 0 1.000000
0  3.702467 107.440605 7.762810  -0.138614 -0.970345 -0.198031  0.379894 0.409162 1 0 1.000000
misc
0  7.914206 106.256912 10.653218  -0.000000 -1.000000 0.000000  0.395520 0.396466 1 0 1.000000
0  3.702467 107.440605 7.762810  -0.138614 -0.970345 -0.198031  0.379894 0.409162 1 0 1.000000
0  12.125944 107.440605 7.762809  0.138521 -0.970382 -0.197917  0.410169 0.409162 1 0 1.000000
misc
0  7.914206 106.256912 10.653218  -0.000000 -1.000000 0.000000  0.395520 0.396466 1 0 1.000000
0  12.125944 107.440605 7.762809  0.138521 -0.970382 -0.197917  0.410169 0.409162 1 0 1.000000
0  13.873952 107.440605 10.653218  0.195887 -0.980627 0.000052  0.417005 0.396466 1 0 1.000000
misc
0  12.125945 107.440605 13.543627  0.138485 -0.970381 0.197946  0.410169 0.384747 1 0 1.000000
0  7.914206 106.256912 10.653218  -0.000000 -1.000000 0.000000  0.395520 0.396466 1 0 1.000000
0  13.873952 107.440605 10.653218  0.195887 -0.980627 0.000052  0.417005 0.396466 1 0 1.000000
misc
0  8.175717 125.085854 10.377940  0.015632 0.566947 -0.823606  0.367199 0.106418 1 0 1.000000
0  8.533577 130.481277 5.505539  0.080155 0.829671 -0.552468  0.376965 0.054659 1 0 1.000000
0  9.923725 128.554352 4.886165  0.467872 0.189315 -0.863282  0.386731 0.054659 1 0 1.000000
misc
0  6.647929 129.159943 5.230262  -0.543352 0.329180 -0.772275  0.367199 0.054659 1 0 1.000000
0  8.175717 125.085854 10.377940  0.015632 0.566947 -0.823606  0.367199 0.106418 1 0 1.000000
0  8.038078 127.233017 4.624652  -0.117440 0.006672 -0.993058  0.358409 0.054659 1 0 1.000000
misc
0  8.038078 127.233017 4.624652  -0.117440 0.006672 -0.993058  0.358409 0.054659 1 0 1.000000
0  8.175717 125.085854 10.377940  0.015632 0.566947 -0.823606  0.367199 0.106418 1 0 1.000000
0  9.923725 128.554352 4.886165  0.467872 0.189315 -0.863282  0.348643 0.054659 1 0 1.000000
misc
0  8.533577 130.481277 5.505539  0.080155 0.829671 -0.552468  0.376965 0.054659 1 0 1.000000
0  8.175717 125.085854 10.377940  0.015632 0.566947 -0.823606  0.367199 0.106418 1 0 1.000000
0  6.647929 129.159943 5.230262  -0.543352 0.329180 -0.772275  0.367199 0.054659 1 0 1.000000
misc
0  -16.420265 -81.454453 5.670707  0.000000 1.000000 0.000000  0.243171 0.947264 1 0 1.000000
0  15.621975 -81.454453 5.670705  0.000000 1.000000 0.000000  0.137700 0.947264 1 0 1.000000
0  15.621975 -81.454453 2.986754  0.000000 1.000000 0.000000  0.137700 0.929685 1 0 1.000000
misc
0  15.621975 -81.454453 2.986754  0.000000 1.000000 0.000000  0.137700 0.929685 1 0 1.000000
0  -16.420265 -81.454453 2.986756  0.000000 1.000000 0.000000  0.243171 0.929685 1 0 1.000000
0  -16.420265 -81.454453 5.670707  0.000000 1.000000 0.000000  0.243171 0.947264 1 0 1.000000
misc
0  15.621975 -85.624901 5.670705  0.000000 -1.000000 0.000000  0.137700 0.947264 1 0 1.000000
0  -16.378973 -85.624901 5.670707  0.000000 -1.000000 0.000000  0.243171 0.947264 1 0 1.000000
0  -16.378973 -85.624901 2.986756  0.000000 -1.000000 0.000000  0.243171 0.929685 1 0 1.000000
misc
0  -16.378973 -85.624901 2.986756  0.000000 -1.000000 0.000000  0.243171 0.929685 1 0 1.000000
0  15.621975 -85.624901 2.986754  0.000000 -1.000000 0.000000  0.137700 0.929685 1 0 1.000000
0  15.621975 -85.624901 5.670705  0.000000 -1.000000 0.000000  0.137700 0.947264 1 0 1.000000
misc
0  15.621975 -81.454453 2.986754  -0.000000 -0.000000 -1.000000  0.137700 0.947264 1 0 1.000000
0  15.621975 -85.624901 2.986754  -0.000000 0.000000 -1.000000  0.137700 0.929685 1 0 1.000000
0  -16.378973 -85.624901 2.986756  -0.000000 -0.000000 -1.000000  0.243171 0.929685 1 0 1.000000
misc
0  -16.378973 -85.624901 2.986756  -0.000000 -0.000000 -1.000000  0.243171 0.929685 1 0 1.000000
0  -16.420265 -81.454453 2.986756  -0.000000 -0.000000 -1.000000  0.243171 0.947264 1 0 1.000000
0  15.621975 -81.454453 2.986754  -0.000000 -0.000000 -1.000000  0.137700 0.947264 1 0 1.000000
misc
0  -12.772839 -135.752838 23.233379  -0.852984 -0.518595 -0.058972  0.355480 0.295877 1 0 1.000000
0  -13.736308 -134.225052 24.568472  -0.975084 -0.112166 0.191388  0.355480 0.295877 1 0 1.000000
0  -14.878709 -131.830139 19.310682  -0.993190 -0.113680 -0.025516  0.355480 0.295877 1 0 1.000000
misc
0  -14.878709 -131.830139 19.310682  -0.993190 -0.113680 -0.025516  0.355480 0.295877 1 0 1.000000
0  -13.818892 -133.055130 17.714075  -0.881265 -0.330021 -0.338317  0.355480 0.295877 1 0 1.000000
0  -12.772839 -135.752838 23.233379  -0.852984 -0.518595 -0.058972  0.355480 0.295877 1 0 1.000000
misc
0  -13.736308 -134.225052 24.568472  -0.975084 -0.112166 0.191388  0.355480 0.295877 1 0 1.000000
0  -12.772840 -132.697250 23.233379  -0.438063 0.729639 0.525098  0.355480 0.295877 1 0 1.000000
0  -13.750072 -131.664978 20.989870  -0.746083 0.443767 0.496418  0.355480 0.295877 1 0 1.000000
misc
0  -13.750072 -131.664978 20.989870  -0.746083 0.443767 0.496418  0.355480 0.295877 1 0 1.000000
0  -14.878709 -131.830139 19.310682  -0.993190 -0.113680 -0.025516  0.355480 0.295877 1 0 1.000000
0  -13.736308 -134.225052 24.568472  -0.975084 -0.112166 0.191388  0.355480 0.295877 1 0 1.000000
misc
0  -14.878709 -131.830139 19.310682  -0.993190 -0.113680 -0.025516  0.355480 0.295877 1 0 1.000000
0  -14.066643 -109.560234 15.401748  -0.984983 0.029220 0.170158  0.355480 0.295877 1 0 1.000000
0  -12.635203 -110.468651 14.052890  -0.732909 -0.256596 -0.630082  0.355480 0.295877 1 0 1.000000
misc
0  -12.635203 -110.468651 14.052890  -0.732909 -0.256596 -0.630082  0.355480 0.295877 1 0 1.000000
0  -13.818892 -133.055130 17.714075  -0.881265 -0.330021 -0.338317  0.355480 0.295877 1 0 1.000000
0  -14.878709 -131.830139 19.310682  -0.993190 -0.113680 -0.025516  0.355480 0.295877 1 0 1.000000
misc
0  -13.750072 -131.664978 20.989870  -0.746083 0.443767 0.496418  0.355480 0.295877 1 0 1.000000
0  -12.387454 -109.257431 16.791895  -0.641250 0.261556 0.721378  0.355480 0.295877 1 0 1.000000
0  -14.066643 -109.560234 15.401748  -0.984983 0.029220 0.170158  0.355480 0.295877 1 0 1.000000
misc
0  -14.066643 -109.560234 15.401748  -0.984983 0.029220 0.170158  0.355480 0.295877 1 0 1.000000
0  -14.878709 -131.830139 19.310682  -0.993190 -0.113680 -0.025516  0.355480 0.295877 1 0 1.000000
0  -13.750072 -131.664978 20.989870  -0.746083 0.443767 0.496418  0.355480 0.295877 1 0 1.000000
misc
0  -12.635203 -110.468651 14.052890  -0.732909 -0.256596 -0.630082  0.355480 0.295877 1 0 1.000000
0  -14.066643 -109.560234 15.401748  -0.984983 0.029220 0.170158  0.355480 0.295877 1 0 1.000000
0  -14.961295 -101.329460 9.593404  -0.888180 -0.282009 -0.362776  0.355480 0.295877 1 0 1.000000
misc
0  -14.961295 -101.329460 9.593404  -0.888180 -0.282009 -0.362776  0.355480 0.295877 1 0 1.000000
0  -12.993064 -101.343224 8.258310  -0.494896 -0.479551 -0.724644  0.355480 0.295877 1 0 1.000000
0  -12.635203 -110.468651 14.052890  -0.732909 -0.256596 -0.630082  0.355480 0.295877 1 0 1.000000
misc
0  -14.066643 -109.560234 15.401748  -0.984983 0.029220 0.170158  0.355480 0.295877 1 0 1.000000
0  -12.387454 -109.257431 16.791895  -0.641250 0.261556 0.721378  0.355480 0.295877 1 0 1.000000
0  -13.516090 -101.343224 11.616690  -0.761793 0.312568 0.567426  0.355480 0.295877 1 0 1.000000
misc
0  -13.516090 -101.343224 11.616690  -0.761793 0.312568 0.567426  0.355480 0.295877 1 0 1.000000
0  -14.961295 -101.329460 9.593404  -0.888180 -0.282009 -0.362776  0.355480 0.295877 1 0 1.000000
0  -14.066643 -109.560234 15.401748  -0.984983 0.029220 0.170158  0.355480 0.295877 1 0 1.000000
misc
0  -13.516090 -101.343224 11.616690  -0.812077 0.090426 0.576502  0.355480 0.295877 1 0 1.000000
0  -14.961295 -101.329460 9.593404  -0.812077 0.090426 0.576502  0.355480 0.295877 1 0 1.000000
0  -15.374209 -119.786774 11.905731  -0.812077 0.090426 0.576502  0.355480 0.295877 1 0 1.000000
misc
0  -15.374209 -119.786774 11.905731  -0.972507 -0.073896 -0.220838  0.355480 0.295877 1 0 1.000000
0  -13.970297 -119.704193 13.516100  -0.680352 0.465064 0.566425  0.355480 0.295877 1 0 1.000000
0  -13.516090 -101.343224 11.616690  -0.753156 0.086099 0.652183  0.355480 0.295877 1 0 1.000000
misc
0  -11.836899 -126.118141 24.568470  -0.686175 -0.029327 0.726845  0.355480 0.295877 1 0 1.000000
0  -11.011067 -124.576599 23.233377  -0.438632 0.708770 0.552492  0.355480 0.295877 1 0 1.000000
0  -14.727308 -124.631653 20.356733  -0.559749 0.651803 0.511697  0.355480 0.295877 1 0 1.000000
misc
0  -14.727308 -124.631653 20.356733  -0.559749 0.651803 0.511697  0.355480 0.295877 1 0 1.000000
0  -16.282621 -125.884163 20.191568  -0.950981 -0.112786 0.287947  0.355480 0.295877 1 0 1.000000
0  -11.836899 -126.118141 24.568470  -0.686175 -0.029327 0.726845  0.355480 0.295877 1 0 1.000000
misc
0  -11.836899 -126.118141 24.568470  -0.686175 -0.029327 0.726845  0.355480 0.295877 1 0 1.000000
0  -16.282621 -125.884163 20.191568  -0.950981 -0.112786 0.287947  0.355480 0.295877 1 0 1.000000
0  -14.823652 -127.398178 19.503374  -0.700303 -0.709563 0.078073  0.355480 0.295877 1 0 1.000000
misc
0  -14.823652 -127.398178 19.503374  -0.700303 -0.709563 0.078073  0.355480 0.295877 1 0 1.000000
0  -11.011067 -127.673454 23.233377  -0.525100 -0.698387 0.486339  0.355480 0.295877 1 0 1.000000
0  -11.836899 -126.118141 24.568470  -0.686175 -0.029327 0.726845  0.355480 0.295877 1 0 1.000000
misc
0  -14.823652 -127.398178 19.503374  -0.700303 -0.709563 0.078073  0.355480 0.295877 1 0 1.000000
0  -16.282621 -125.884163 20.191568  -0.950981 -0.112786 0.287947  0.355480 0.295877 1 0 1.000000
0  -15.374209 -119.786774 11.905731  -0.972507 -0.073896 -0.220838  0.355480 0.295877 1 0 1.000000
misc
0  -15.374209 -119.786774 11.905731  -0.972507 -0.073896 -0.220838  0.355480 0.295877 1 0 1.000000
0  -13.722548 -120.695183 10.749567  -0.657625 -0.337105 -0.673713  0.355480 0.295877 1 0 1.000000
0  -14.823652 -127.398178 19.503374  -0.700303 -0.709563 0.078073  0.355480 0.295877 1 0 1.000000
misc
0  -16.282621 -125.884163 20.191568  -0.950981 -0.112786 0.287947  0.355480 0.295877 1 0 1.000000
0  -14.727308 -124.631653 20.356733  -0.559749 0.651803 0.511697  0.355480 0.295877 1 0 1.000000
0  -13.970297 -119.704193 13.516100  -0.680352 0.465064 0.566425  0.355480 0.295877 1 0 1.000000
misc
0  -13.970297 -119.704193 13.516100  -0.680352 0.465064 0.566425  0.355480 0.295877 1 0 1.000000
0  -15.374209 -119.786774 11.905731  -0.972507 -0.073896 -0.220838  0.355480 0.295877 1 0 1.000000
0  -16.282621 -125.884163 20.191568  -0.950981 -0.112786 0.287947  0.355480 0.295877 1 0 1.000000
misc
0  -12.993064 -101.343224 8.258310  -0.601088 -0.079772 -0.795191  0.355480 0.295877 1 0 1.000000
0  -13.722548 -120.695183 10.749567  -0.657625 -0.337105 -0.673713  0.355480 0.295877 1 0 1.000000
0  -15.374209 -119.786774 11.905731  -0.972507 -0.073896 -0.220838  0.355480 0.295877 1 0 1.000000
misc
0  -15.374209 -119.786774 11.905731  -0.559480 -0.090697 -0.823867  0.355480 0.295877 1 0 1.000000
0  -14.961295 -101.329460 9.593404  -0.559480 -0.090697 -0.823867  0.355480 0.295877 1 0 1.000000
0  -12.993064 -101.343224 8.258310  -0.559480 -0.090697 -0.823867  0.355480 0.295877 1 0 1.000000
misc
0  -14.961295 -101.329460 9.593404  -0.966758 0.083370 -0.241720  0.355480 0.295877 1 0 1.000000
0  -17.796646 -121.190689 11.644217  -0.910544 -0.219364 -0.350413  0.355480 0.295877 1 0 1.000000
0  -16.489082 -119.993225 12.772852  -0.784943 0.516269 0.342535  0.355480 0.295877 1 0 1.000000
misc
0  -16.489082 -119.993225 12.772852  -0.784943 0.516269 0.342535  0.355480 0.295877 1 0 1.000000
0  -13.516090 -101.343224 11.616690  -0.804427 0.163501 0.571108  0.355480 0.295877 1 0 1.000000
0  -14.961295 -101.329460 9.593404  -0.966758 0.083370 -0.241720  0.355480 0.295877 1 0 1.000000
misc
0  -13.171992 -119.139885 24.568472  -0.523387 0.001665 0.852093  0.355480 0.295877 1 0 1.000000
0  -15.732069 -119.153648 22.971865  -0.816069 0.025120 0.577409  0.355480 0.295877 1 0 1.000000
0  -14.575905 -120.695183 21.815701  -0.549193 -0.727103 0.411957  0.355480 0.295877 1 0 1.000000
misc
0  -14.575905 -120.695183 21.815701  -0.549193 -0.727103 0.411957  0.355480 0.295877 1 0 1.000000
0  -12.249814 -120.681419 23.233377  -0.358777 -0.722117 0.591462  0.355480 0.295877 1 0 1.000000
0  -13.171992 -119.139885 24.568472  -0.523387 0.001665 0.852093  0.355480 0.295877 1 0 1.000000
misc
0  -13.171992 -119.139885 24.568472  -0.523387 0.001665 0.852093  0.355480 0.295877 1 0 1.000000
0  -12.249814 -117.598328 23.233377  -0.361439 0.722129 0.589823  0.355480 0.295877 1 0 1.000000
0  -14.589668 -117.598328 21.801937  -0.631122 0.707616 0.317749  0.355480 0.295877 1 0 1.000000
misc
0  -14.589668 -117.598328 21.801937  -0.631122 0.707616 0.317749  0.355480 0.295877 1 0 1.000000
0  -15.732069 -119.153648 22.971865  -0.816069 0.025120 0.577409  0.355480 0.295877 1 0 1.000000
0  -13.171992 -119.139885 24.568472  -0.523387 0.001665 0.852093  0.355480 0.295877 1 0 1.000000
misc
0  -14.575905 -120.695183 21.815701  -0.549193 -0.727103 0.411957  0.355480 0.295877 1 0 1.000000
0  -15.732069 -119.153648 22.971865  -0.816069 0.025120 0.577409  0.355480 0.295877 1 0 1.000000
0  -17.796646 -121.190689 11.644217  -0.910544 -0.219364 -0.350413  0.355480 0.295877 1 0 1.000000
misc
0  -17.796646 -121.190689 11.644217  -0.910544 -0.219364 -0.350413  0.355480 0.295877 1 0 1.000000
0  -16.117456 -122.704720 11.327649  -0.670931 -0.642715 -0.369822  0.355480 0.295877 1 0 1.000000
0  -14.575905 -120.695183 21.815701  -0.549193 -0.727103 0.411957  0.355480 0.295877 1 0 1.000000
misc
0  -15.732069 -119.153648 22.971865  -0.816069 0.025120 0.577409  0.355480 0.295877 1 0 1.000000
0  -14.589668 -117.598328 21.801937  -0.631122 0.707616 0.317749  0.355480 0.295877 1 0 1.000000
0  -16.489082 -119.993225 12.772852  -0.784943 0.516269 0.342535  0.355480 0.295877 1 0 1.000000
misc
0  -16.489082 -119.993225 12.772852  -0.784943 0.516269 0.342535  0.355480 0.295877 1 0 1.000000
0  -17.796646 -121.190689 11.644217  -0.910544 -0.219364 -0.350413  0.355480 0.295877 1 0 1.000000
0  -15.732069 -119.153648 22.971865  -0.816069 0.025120 0.577409  0.355480 0.295877 1 0 1.000000
misc
0  -14.961295 -101.329460 9.593404  -0.966758 0.083370 -0.241720  0.355480 0.295877 1 0 1.000000
0  -12.993064 -101.343224 8.258310  -0.561157 -0.036737 -0.826894  0.355480 0.295877 1 0 1.000000
0  -16.117456 -122.704720 11.327649  -0.670931 -0.642715 -0.369822  0.355480 0.295877 1 0 1.000000
misc
0  -16.117456 -122.704720 11.327649  -0.670931 -0.642715 -0.369822  0.355480 0.295877 1 0 1.000000
0  -17.796646 -121.190689 11.644217  -0.910544 -0.219364 -0.350413  0.355480 0.295877 1 0 1.000000
0  -14.961295 -101.329460 9.593404  -0.966758 0.083370 -0.241720  0.355480 0.295877 1 0 1.000000
misc
0  -14.961295 -101.329460 9.593404  -0.933250 0.117952 -0.339310  0.355480 0.295877 1 0 1.000000
0  -12.993064 -101.343224 8.258310  -0.557327 -0.128410 -0.820303  0.355480 0.295877 1 0 1.000000
0  -16.007347 -114.198647 12.318645  -0.649788 -0.639630 -0.410670  0.355480 0.295877 1 0 1.000000
misc
0  -16.007347 -114.198647 12.318645  -0.649788 -0.639630 -0.410670  0.355480 0.295877 1 0 1.000000
0  -17.824175 -112.904846 13.144477  -0.949114 -0.264695 -0.170644  0.355480 0.295877 1 0 1.000000
0  -14.961295 -101.329460 9.593404  -0.933250 0.117952 -0.339310  0.355480 0.295877 1 0 1.000000
misc
0  -14.961295 -101.329460 9.593404  -0.933250 0.117952 -0.339310  0.355480 0.295877 1 0 1.000000
0  -17.824175 -112.904846 13.144477  -0.949114 -0.264695 -0.170644  0.355480 0.295877 1 0 1.000000
0  -16.447790 -111.500931 14.218056  -0.792772 0.506917 0.338449  0.355480 0.295877 1 0 1.000000
misc
0  -16.447790 -111.500931 14.218056  -0.792772 0.506917 0.338449  0.355480 0.295877 1 0 1.000000
0  -13.516090 -101.343224 11.616690  -0.761230 0.358099 0.540641  0.355480 0.295877 1 0 1.000000
0  -14.961295 -101.329460 9.593404  -0.933250 0.117952 -0.339310  0.355480 0.295877 1 0 1.000000
misc
0  -11.836900 -111.624817 24.568470  -0.562289 0.021971 0.826649  0.355480 0.295877 1 0 1.000000
0  -15.250333 -111.858803 22.214853  -0.806098 -0.038896 0.590503  0.355480 0.295877 1 0 1.000000
0  -13.763837 -113.262703 21.471605  -0.481820 -0.755484 0.443952  0.355480 0.295877 1 0 1.000000
misc
0  -13.763837 -113.262703 21.471605  -0.481820 -0.755484 0.443952  0.355480 0.295877 1 0 1.000000
0  -11.011068 -113.166359 23.233377  -0.362794 -0.710911 0.602483  0.355480 0.295877 1 0 1.000000
0  -11.836900 -111.624817 24.568470  -0.562289 0.021971 0.826649  0.355480 0.295877 1 0 1.000000
misc
0  -11.836900 -111.624817 24.568470  -0.562289 0.021971 0.826649  0.355480 0.295877 1 0 1.000000
0  -11.011068 -110.083252 23.233377  -0.422013 0.709759 0.564046  0.355480 0.295877 1 0 1.000000
0  -14.314393 -110.275955 21.017399  -0.653492 0.665308 0.360991  0.355480 0.295877 1 0 1.000000
misc
0  -14.314393 -110.275955 21.017399  -0.653492 0.665308 0.360991  0.355480 0.295877 1 0 1.000000
0  -15.250333 -111.858803 22.214853  -0.806098 -0.038896 0.590503  0.355480 0.295877 1 0 1.000000
0  -11.836900 -111.624817 24.568470  -0.562289 0.021971 0.826649  0.355480 0.295877 1 0 1.000000
misc
0  -13.763837 -113.262703 21.471605  -0.481820 -0.755484 0.443952  0.355480 0.295877 1 0 1.000000
0  -15.250333 -111.858803 22.214853  -0.806098 -0.038896 0.590503  0.355480 0.295877 1 0 1.000000
0  -17.824175 -112.904846 13.144477  -0.949114 -0.264695 -0.170644  0.355480 0.295877 1 0 1.000000
misc
0  -17.824175 -112.904846 13.144477  -0.949114 -0.264695 -0.170644  0.355480 0.295877 1 0 1.000000
0  -16.007347 -114.198647 12.318645  -0.649788 -0.639630 -0.410670  0.355480 0.295877 1 0 1.000000
0  -13.763837 -113.262703 21.471605  -0.481820 -0.755484 0.443952  0.355480 0.295877 1 0 1.000000
misc
0  -15.250333 -111.858803 22.214853  -0.806098 -0.038896 0.590503  0.355480 0.295877 1 0 1.000000
0  -14.314393 -110.275955 21.017399  -0.653492 0.665308 0.360991  0.355480 0.295877 1 0 1.000000
0  -16.447790 -111.500931 14.218056  -0.792772 0.506917 0.338449  0.355480 0.295877 1 0 1.000000
misc
0  -16.447790 -111.500931 14.218056  -0.792772 0.506917 0.338449  0.355480 0.295877 1 0 1.000000
0  -17.824175 -112.904846 13.144477  -0.949114 -0.264695 -0.170644  0.355480 0.295877 1 0 1.000000
0  -15.250333 -111.858803 22.214853  -0.806098 -0.038896 0.590503  0.355480 0.295877 1 0 1.000000
misc
0  11.726811 -135.752838 23.233377  0.839399 -0.543009 -0.023467  0.355480 0.295877 1 0 1.000000
0  13.075667 -133.055130 17.714071  0.880119 -0.344838 -0.326310  0.355480 0.295877 1 0 1.000000
0  14.149247 -131.830139 19.310678  0.994632 -0.101310 0.021078  0.355480 0.295877 1 0 1.000000
misc
0  14.149247 -131.830139 19.310678  0.994632 -0.101310 0.021078  0.355480 0.295877 1 0 1.000000
0  12.690281 -134.225052 24.568468  0.964561 -0.113378 0.238260  0.355480 0.295877 1 0 1.000000
0  11.726811 -135.752838 23.233377  0.839399 -0.543009 -0.023467  0.355480 0.295877 1 0 1.000000
misc
0  12.690281 -134.225052 24.568468  0.964561 -0.113378 0.238260  0.355480 0.295877 1 0 1.000000
0  14.149247 -131.830139 19.310678  0.994632 -0.101310 0.021078  0.355480 0.295877 1 0 1.000000
0  12.704044 -131.664978 20.989866  0.672373 0.486849 0.557577  0.355480 0.295877 1 0 1.000000
misc
0  12.704044 -131.664978 20.989866  0.672373 0.486849 0.557577  0.355480 0.295877 1 0 1.000000
0  11.726810 -132.697250 23.233377  0.438060 0.729633 0.525109  0.355480 0.295877 1 0 1.000000
0  12.690281 -134.225052 24.568468  0.964561 -0.113378 0.238260  0.355480 0.295877 1 0 1.000000
misc
0  11.589170 -110.468651 14.052888  0.727334 -0.206244 -0.654560  0.355480 0.295877 1 0 1.000000
0  13.034374 -109.560234 15.401746  0.985141 0.116975 0.125753  0.355480 0.295877 1 0 1.000000
0  14.149247 -131.830139 19.310678  0.994632 -0.101310 0.021078  0.355480 0.295877 1 0 1.000000
misc
0  14.149247 -131.830139 19.310678  0.994632 -0.101310 0.021078  0.355480 0.295877 1 0 1.000000
0  13.075667 -133.055130 17.714071  0.880119 -0.344838 -0.326310  0.355480 0.295877 1 0 1.000000
0  11.589170 -110.468651 14.052888  0.727334 -0.206244 -0.654560  0.355480 0.295877 1 0 1.000000
misc
0  13.034374 -109.560234 15.401746  0.985141 0.116975 0.125753  0.355480 0.295877 1 0 1.000000
0  11.341421 -109.257431 16.791895  0.635828 0.320088 0.702330  0.355480 0.295877 1 0 1.000000
0  12.704044 -131.664978 20.989866  0.672373 0.486849 0.557577  0.355480 0.295877 1 0 1.000000
misc
0  12.704044 -131.664978 20.989866  0.672373 0.486849 0.557577  0.355480 0.295877 1 0 1.000000
0  14.149247 -131.830139 19.310678  0.994632 -0.101310 0.021078  0.355480 0.295877 1 0 1.000000
0  13.034374 -109.560234 15.401746  0.985141 0.116975 0.125753  0.355480 0.295877 1 0 1.000000
misc
0  12.167251 -101.329460 9.593402  0.901642 -0.131293 -0.412071  0.355480 0.295877 1 0 1.000000
0  13.034374 -109.560234 15.401746  0.985141 0.116975 0.125753  0.355480 0.295877 1 0 1.000000
0  11.589170 -110.468651 14.052888  0.727334 -0.206244 -0.654560  0.355480 0.295877 1 0 1.000000
misc
0  11.589170 -110.468651 14.052888  0.727334 -0.206244 -0.654560  0.355480 0.295877 1 0 1.000000
0  10.199021 -101.343224 8.258308  0.515979 -0.401786 -0.756528  0.355480 0.295877 1 0 1.000000
0  12.167251 -101.329460 9.593402  0.901642 -0.131293 -0.412071  0.355480 0.295877 1 0 1.000000
misc
0  13.034374 -109.560234 15.401746  0.985141 0.116975 0.125753  0.355480 0.295877 1 0 1.000000
0  12.167251 -101.329460 9.593402  0.901642 -0.131293 -0.412071  0.355480 0.295877 1 0 1.000000
0  10.735810 -101.343224 11.616688  0.717834 0.446490 0.534192  0.355480 0.295877 1 0 1.000000
misc
0  10.735810 -101.343224 11.616688  0.717834 0.446490 0.534192  0.355480 0.295877 1 0 1.000000
0  11.341421 -109.257431 16.791895  0.635828 0.320088 0.702330  0.355480 0.295877 1 0 1.000000
0  13.034374 -109.560234 15.401746  0.985141 0.116975 0.125753  0.355480 0.295877 1 0 1.000000
misc
0  12.924265 -119.704193 13.516098  0.672926 0.489607 0.554487  0.355480 0.295877 1 0 1.000000
0  14.328176 -119.786774 11.905729  0.973444 -0.019441 -0.228097  0.355480 0.295877 1 0 1.000000
0  12.167251 -101.329460 9.593402  0.801846 0.156164 0.576763  0.355480 0.295877 1 0 1.000000
misc
0  12.167251 -101.329460 9.593402  0.801846 0.156164 0.576763  0.355480 0.295877 1 0 1.000000
0  10.735810 -101.343224 11.616688  0.805967 0.155160 0.571264  0.355480 0.295877 1 0 1.000000
0  12.924265 -119.704193 13.516098  0.672926 0.489607 0.554487  0.355480 0.295877 1 0 1.000000
misc
0  10.790869 -126.118141 24.568470  0.686151 -0.029203 0.726873  0.355480 0.295877 1 0 1.000000
0  15.236591 -125.884163 20.191565  0.951021 -0.113066 0.287707  0.355480 0.295877 1 0 1.000000
0  13.681276 -124.631653 20.356730  0.559750 0.651805 0.511694  0.355480 0.295877 1 0 1.000000
misc
0  13.681276 -124.631653 20.356730  0.559750 0.651805 0.511694  0.355480 0.295877 1 0 1.000000
0  9.965037 -124.576599 23.233377  0.438549 0.708834 0.552476  0.355480 0.295877 1 0 1.000000
0  10.790869 -126.118141 24.568470  0.686151 -0.029203 0.726873  0.355480 0.295877 1 0 1.000000
misc
0  13.791388 -127.398178 19.503370  0.700236 -0.709614 0.078209  0.355480 0.295877 1 0 1.000000
0  15.236591 -125.884163 20.191565  0.951021 -0.113066 0.287707  0.355480 0.295877 1 0 1.000000
0  10.790869 -126.118141 24.568470  0.686151 -0.029203 0.726873  0.355480 0.295877 1 0 1.000000
misc
0  10.790869 -126.118141 24.568470  0.686151 -0.029203 0.726873  0.355480 0.295877 1 0 1.000000
0  9.965037 -127.673454 23.233377  0.525078 -0.698375 0.486380  0.355480 0.295877 1 0 1.000000
0  13.791388 -127.398178 19.503370  0.700236 -0.709614 0.078209  0.355480 0.295877 1 0 1.000000
misc
0  14.328176 -119.786774 11.905729  0.973444 -0.019441 -0.228097  0.355480 0.295877 1 0 1.000000
0  15.236591 -125.884163 20.191565  0.951021 -0.113066 0.287707  0.355480 0.295877 1 0 1.000000
0  13.791388 -127.398178 19.503370  0.700236 -0.709614 0.078209  0.355480 0.295877 1 0 1.000000
misc
0  13.791388 -127.398178 19.503370  0.700236 -0.709614 0.078209  0.355480 0.295877 1 0 1.000000
0  12.676515 -120.695183 10.749565  0.653684 -0.306606 -0.691875  0.355480 0.295877 1 0 1.000000
0  14.328176 -119.786774 11.905729  0.973444 -0.019441 -0.228097  0.355480 0.295877 1 0 1.000000
misc
0  15.236591 -125.884163 20.191565  0.951021 -0.113066 0.287707  0.355480 0.295877 1 0 1.000000
0  14.328176 -119.786774 11.905729  0.973444 -0.019441 -0.228097  0.355480 0.295877 1 0 1.000000
0  12.924265 -119.704193 13.516098  0.672926 0.489607 0.554487  0.355480 0.295877 1 0 1.000000
misc
0  12.924265 -119.704193 13.516098  0.672926 0.489607 0.554487  0.355480 0.295877 1 0 1.000000
0  13.681276 -124.631653 20.356730  0.559750 0.651805 0.511694  0.355480 0.295877 1 0 1.000000
0  15.236591 -125.884163 20.191565  0.951021 -0.113066 0.287707  0.355480 0.295877 1 0 1.000000
misc
0  14.328176 -119.786774 11.905729  0.973444 -0.019441 -0.228097  0.355480 0.295877 1 0 1.000000
0  12.676515 -120.695183 10.749565  0.653684 -0.306606 -0.691875  0.355480 0.295877 1 0 1.000000
0  10.199021 -101.343224 8.258308  0.562731 -0.037609 -0.825784  0.355480 0.295877 1 0 1.000000
misc
0  10.199021 -101.343224 8.258308  0.562731 -0.037609 -0.825784  0.355480 0.295877 1 0 1.000000
0  12.167251 -101.329460 9.593402  0.561138 -0.037892 -0.826855  0.355480 0.295877 1 0 1.000000
0  14.328176 -119.786774 11.905729  0.973444 -0.019441 -0.228097  0.355480 0.295877 1 0 1.000000
misc
0  15.539394 -119.993225 12.772850  0.780644 0.536753 0.320141  0.355480 0.295877 1 0 1.000000
0  16.846960 -121.190689 11.644215  0.916952 -0.208018 -0.340482  0.355480 0.295877 1 0 1.000000
0  12.167251 -101.329460 9.593402  0.950477 0.195271 -0.241791  0.355480 0.295877 1 0 1.000000
misc
0  12.167251 -101.329460 9.593402  0.950477 0.195271 -0.241791  0.355480 0.295877 1 0 1.000000
0  10.735810 -101.343224 11.616688  0.791964 0.238817 0.561925  0.355480 0.295877 1 0 1.000000
0  15.539394 -119.993225 12.772850  0.780644 0.536753 0.320141  0.355480 0.295877 1 0 1.000000
misc
0  13.529875 -120.695183 21.815697  0.546640 -0.727366 0.414877  0.355480 0.295877 1 0 1.000000
0  14.686038 -119.153648 22.971861  0.813978 0.025343 0.580343  0.355480 0.295877 1 0 1.000000
0  12.125962 -119.139885 24.568470  0.523388 0.001666 0.852093  0.355480 0.295877 1 0 1.000000
misc
0  12.125962 -119.139885 24.568470  0.523388 0.001666 0.852093  0.355480 0.295877 1 0 1.000000
0  11.203783 -120.681419 23.233377  0.358854 -0.722061 0.591482  0.355480 0.295877 1 0 1.000000
0  13.529875 -120.695183 21.815697  0.546640 -0.727366 0.414877  0.355480 0.295877 1 0 1.000000
misc
0  12.125962 -119.139885 24.568470  0.523388 0.001666 0.852093  0.355480 0.295877 1 0 1.000000
0  14.686038 -119.153648 22.971861  0.813978 0.025343 0.580343  0.355480 0.295877 1 0 1.000000
0  13.543638 -117.598328 21.801933  0.628151 0.708526 0.321587  0.355480 0.295877 1 0 1.000000
misc
0  13.543638 -117.598328 21.801933  0.628151 0.708526 0.321587  0.355480 0.295877 1 0 1.000000
0  11.203783 -117.598328 23.233377  0.361336 0.722225 0.589769  0.355480 0.295877 1 0 1.000000
0  12.125962 -119.139885 24.568470  0.523388 0.001666 0.852093  0.355480 0.295877 1 0 1.000000
misc
0  13.529875 -120.695183 21.815697  0.546640 -0.727366 0.414877  0.355480 0.295877 1 0 1.000000
0  15.167772 -122.704720 11.327647  0.652955 -0.642515 -0.401028  0.355480 0.295877 1 0 1.000000
0  16.846960 -121.190689 11.644215  0.916952 -0.208018 -0.340482  0.355480 0.295877 1 0 1.000000
misc
0  16.846960 -121.190689 11.644215  0.916952 -0.208018 -0.340482  0.355480 0.295877 1 0 1.000000
0  14.686038 -119.153648 22.971861  0.813978 0.025343 0.580343  0.355480 0.295877 1 0 1.000000
0  13.529875 -120.695183 21.815697  0.546640 -0.727366 0.414877  0.355480 0.295877 1 0 1.000000
misc
0  14.686038 -119.153648 22.971861  0.813978 0.025343 0.580343  0.355480 0.295877 1 0 1.000000
0  16.846960 -121.190689 11.644215  0.916952 -0.208018 -0.340482  0.355480 0.295877 1 0 1.000000
0  15.539394 -119.993225 12.772850  0.780644 0.536753 0.320141  0.355480 0.295877 1 0 1.000000
misc
0  15.539394 -119.993225 12.772850  0.780644 0.536753 0.320141  0.355480 0.295877 1 0 1.000000
0  13.543638 -117.598328 21.801933  0.628151 0.708526 0.321587  0.355480 0.295877 1 0 1.000000
0  14.686038 -119.153648 22.971861  0.813978 0.025343 0.580343  0.355480 0.295877 1 0 1.000000
misc
0  10.199021 -101.343224 8.258308  0.540493 0.037652 -0.840505  0.355480 0.295877 1 0 1.000000
0  12.167251 -101.329460 9.593402  0.950477 0.195271 -0.241791  0.355480 0.295877 1 0 1.000000
0  16.846960 -121.190689 11.644215  0.916952 -0.208018 -0.340482  0.355480 0.295877 1 0 1.000000
misc
0  16.846960 -121.190689 11.644215  0.916952 -0.208018 -0.340482  0.355480 0.295877 1 0 1.000000
0  15.167772 -122.704720 11.327647  0.652955 -0.642515 -0.401028  0.355480 0.295877 1 0 1.000000
0  10.199021 -101.343224 8.258308  0.540493 0.037652 -0.840505  0.355480 0.295877 1 0 1.000000
misc
0  12.167251 -101.329460 9.593402  0.789783 0.456895 0.409256  0.355480 0.295877 1 0 1.000000
0  16.778141 -112.904846 13.144475  0.952567 -0.227497 -0.202141  0.355480 0.295877 1 0 1.000000
0  14.961313 -114.198647 12.318644  0.645527 -0.634300 -0.425392  0.355480 0.295877 1 0 1.000000
misc
0  14.961313 -114.198647 12.318644  0.560568 -0.053585 -0.826373  0.355480 0.295877 1 0 1.000000
0  10.199021 -101.343224 8.258308  0.560568 -0.053585 -0.826373  0.355480 0.295877 1 0 1.000000
0  12.167251 -101.329460 9.593402  0.560568 -0.053585 -0.826373  0.355480 0.295877 1 0 1.000000
misc
0  15.401756 -111.500931 14.218054  0.787241 0.544295 0.289818  0.355480 0.295877 1 0 1.000000
0  16.778141 -112.904846 13.144475  0.952567 -0.227497 -0.202141  0.355480 0.295877 1 0 1.000000
0  12.167251 -101.329460 9.593402  0.789783 0.456895 0.409256  0.355480 0.295877 1 0 1.000000
misc
0  12.167251 -101.329460 9.593402  0.789783 0.456895 0.409256  0.355480 0.295877 1 0 1.000000
0  10.735810 -101.343224 11.616688  0.722292 0.463788 0.513025  0.355480 0.295877 1 0 1.000000
0  15.401756 -111.500931 14.218054  0.787241 0.544295 0.289818  0.355480 0.295877 1 0 1.000000
misc
0  12.717807 -113.262703 21.471601  0.481821 -0.755484 0.443951  0.355480 0.295877 1 0 1.000000
0  14.204302 -111.858803 22.214849  0.806099 -0.038895 0.590502  0.355480 0.295877 1 0 1.000000
0  10.790868 -111.624817 24.568470  0.562032 0.021970 0.826824  0.355480 0.295877 1 0 1.000000
misc
0  10.790868 -111.624817 24.568470  0.562032 0.021970 0.826824  0.355480 0.295877 1 0 1.000000
0  9.965036 -113.166359 23.233377  0.362727 -0.710969 0.602456  0.355480 0.295877 1 0 1.000000
0  12.717807 -113.262703 21.471601  0.481821 -0.755484 0.443951  0.355480 0.295877 1 0 1.000000
misc
0  10.790868 -111.624817 24.568470  0.562032 0.021970 0.826824  0.355480 0.295877 1 0 1.000000
0  14.204302 -111.858803 22.214849  0.806099 -0.038895 0.590502  0.355480 0.295877 1 0 1.000000
0  13.268359 -110.275955 21.017395  0.653491 0.665309 0.360990  0.355480 0.295877 1 0 1.000000
misc
0  13.268359 -110.275955 21.017395  0.653491 0.665309 0.360990  0.355480 0.295877 1 0 1.000000
0  9.965036 -110.083252 23.233377  0.421927 0.709812 0.564043  0.355480 0.295877 1 0 1.000000
0  10.790868 -111.624817 24.568470  0.562032 0.021970 0.826824  0.355480 0.295877 1 0 1.000000
misc
0  12.717807 -113.262703 21.471601  0.481821 -0.755484 0.443951  0.355480 0.295877 1 0 1.000000
0  14.961313 -114.198647 12.318644  0.645582 -0.634065 -0.425658  0.355480 0.295877 1 0 1.000000
0  16.778141 -112.904846 13.144475  0.952567 -0.227497 -0.202141  0.355480 0.295877 1 0 1.000000
misc
0  16.778141 -112.904846 13.144475  0.952567 -0.227497 -0.202141  0.355480 0.295877 1 0 1.000000
0  14.204302 -111.858803 22.214849  0.806099 -0.038895 0.590502  0.355480 0.295877 1 0 1.000000
0  12.717807 -113.262703 21.471601  0.481821 -0.755484 0.443951  0.355480 0.295877 1 0 1.000000
misc
0  14.204302 -111.858803 22.214849  0.806099 -0.038895 0.590502  0.355480 0.295877 1 0 1.000000
0  16.778141 -112.904846 13.144475  0.952567 -0.227497 -0.202141  0.355480 0.295877 1 0 1.000000
0  15.401756 -111.500931 14.218054  0.787241 0.544295 0.289818  0.355480 0.295877 1 0 1.000000
misc
0  15.401756 -111.500931 14.218054  0.787241 0.544295 0.289818  0.355480 0.295877 1 0 1.000000
0  13.268359 -110.275955 21.017395  0.653491 0.665309 0.360990  0.355480 0.295877 1 0 1.000000
0  14.204302 -111.858803 22.214849  0.806099 -0.038895 0.590502  0.355480 0.295877 1 0 1.000000
misc
0  12.167251 -101.329460 9.593402  0.993665 0.004674 -0.112288  0.355480 0.295877 1 0 1.000000
0  11.011083 -48.338634 1.720480  0.978236 0.002541 -0.207481  0.355480 0.295877 1 0 1.000000
0  9.607170 -48.324871 3.730002  -0.236484 0.074520 0.968773  0.355480 0.295877 1 0 1.000000
misc
0  9.607170 -48.324871 3.730002  -0.236484 0.074520 0.968773  0.355480 0.295877 1 0 1.000000
0  10.735810 -101.343224 11.616688  -0.201767 0.139905 0.969390  0.355480 0.295877 1 0 1.000000
0  12.167251 -101.329460 9.593402  0.993665 0.004674 -0.112288  0.355480 0.295877 1 0 1.000000
misc
0  10.199021 -101.343224 8.258308  -0.566161 -0.132479 -0.813579  0.355480 0.295877 1 0 1.000000
0  9.084144 -48.352398 0.385387  -0.513299 -0.075711 -0.854864  0.355480 0.295877 1 0 1.000000
0  11.011083 -48.338634 1.720480  0.978236 0.002541 -0.207481  0.355480 0.295877 1 0 1.000000
misc
0  11.011083 -48.338634 1.720480  0.978236 0.002541 -0.207481  0.355480 0.295877 1 0 1.000000
0  12.167251 -101.329460 9.593402  0.993665 0.004674 -0.112288  0.355480 0.295877 1 0 1.000000
0  10.199021 -101.343224 8.258308  -0.566161 -0.132479 -0.813579  0.355480 0.295877 1 0 1.000000
misc
0  -12.993064 -101.343224 8.258310  0.526792 -0.141910 -0.838064  0.355480 0.295877 1 0 1.000000
0  -7.322366 -19.751123 -1.046052  -0.087268 0.068775 -0.993808  0.355480 0.295877 1 0 1.000000
0  -6.455244 -20.136511 1.431441  0.350091 -0.216766 0.911290  0.355480 0.295877 1 0 1.000000
misc
0  -6.455244 -20.136511 1.431441  0.350091 -0.216766 0.911290  0.355480 0.295877 1 0 1.000000
0  -13.516090 -101.343224 11.616690  0.170843 0.108001 0.979361  0.355480 0.295877 1 0 1.000000
0  -12.993064 -101.343224 8.258310  0.526792 -0.141910 -0.838064  0.355480 0.295877 1 0 1.000000
misc
0  9.607170 -48.324871 3.730002  -0.236484 0.074520 0.968773  0.355480 0.295877 1 0 1.000000
0  9.084144 -48.352398 0.385387  -0.513299 -0.075711 -0.854864  0.355480 0.295877 1 0 1.000000
0  10.199021 -101.343224 8.258308  -0.566161 -0.132479 -0.813579  0.355480 0.295877 1 0 1.000000
misc
0  10.199021 -101.343224 8.258308  -0.566161 -0.132479 -0.813579  0.355480 0.295877 1 0 1.000000
0  10.735810 -101.343224 11.616688  -0.201767 0.139905 0.969390  0.355480 0.295877 1 0 1.000000
0  9.607170 -48.324871 3.730002  -0.236484 0.074520 0.968773  0.355480 0.295877 1 0 1.000000
misc
0  -8.244544 -19.255625 0.289041  -0.842152 0.526446 0.116765  0.355480 0.295877 1 0 1.000000
0  -7.322366 -19.751123 -1.046052  -0.087268 0.068775 -0.993808  0.355480 0.295877 1 0 1.000000
0  -12.993064 -101.343224 8.258310  0.526792 -0.141910 -0.838064  0.355480 0.295877 1 0 1.000000
misc
0  -12.993064 -101.343224 8.258310  0.526792 -0.141910 -0.838064  0.355480 0.295877 1 0 1.000000
0  -14.961295 -101.329460 9.593404  -0.989671 0.075411 -0.121917  0.355480 0.295877 1 0 1.000000
0  -8.244544 -19.255625 0.289041  -0.842152 0.526446 0.116765  0.355480 0.295877 1 0 1.000000
misc
0  -6.455244 -20.136511 1.431441  0.350091 -0.216766 0.911290  0.355480 0.295877 1 0 1.000000
0  -8.244544 -19.255625 0.289041  -0.842152 0.526446 0.116765  0.355480 0.295877 1 0 1.000000
0  -14.961295 -101.329460 9.593404  -0.989671 0.075411 -0.121917  0.355480 0.295877 1 0 1.000000
misc
0  -14.961295 -101.329460 9.593404  -0.989671 0.075411 -0.121917  0.355480 0.295877 1 0 1.000000
0  -13.516090 -101.343224 11.616690  0.170843 0.108001 0.979361  0.355480 0.295877 1 0 1.000000
0  -6.455244 -20.136511 1.431441  0.350091 -0.216766 0.911290  0.355480 0.295877 1 0 1.000000
misc
0  -35.262970 -113.854561 3.440964  -0.042108 -0.999113 0.000000  0.088870 0.505844 1 0 1.000000
0  -25.697098 -114.528984 -5.849634  -0.023767 -0.999718 0.000000  0.174810 0.505844 1 0 1.000000
0  -25.697098 -114.528984 -1.692952  -0.041813 -0.999125 0.000000  0.174810 0.537095 1 0 1.000000
misc
0  -25.697098 -114.528984 -1.692952  -0.041813 -0.999125 0.000000  0.174810 0.537095 1 0 1.000000
0  -35.262970 -113.854561 6.868163  -0.024556 -0.999698 0.000000  0.088870 0.537095 1 0 1.000000
0  -35.262970 -113.854561 3.440964  -0.042108 -0.999113 0.000000  0.088870 0.505844 1 0 1.000000
misc
0  -38.827808 -113.854561 3.440965  0.000000 -1.000000 0.000000  0.193365 0.769524 1 0 1.000000
0  -35.262970 -113.854561 3.440964  -0.042108 -0.999113 0.000000  0.218757 0.769524 1 0 1.000000
0  -35.262970 -113.854561 6.868163  -0.024556 -0.999698 0.000000  0.218757 0.793939 1 0 1.000000
misc
0  -35.262970 -113.854561 6.868163  -0.024556 -0.999698 0.000000  0.218757 0.793939 1 0 1.000000
0  -38.827808 -113.854561 6.868163  0.000000 -1.000000 0.000000  0.193365 0.793939 1 0 1.000000
0  -38.827808 -113.854561 3.440965  0.000000 -1.000000 0.000000  0.193365 0.769524 1 0 1.000000
misc
0  -25.697098 -110.083252 -1.692952  -0.041387 0.999143 0.000014  0.174810 0.537095 1 0 1.000000
0  -25.697098 -110.083252 -5.849634  -0.023651 0.999720 0.000000  0.174810 0.505844 1 0 1.000000
0  -35.262970 -110.757683 3.551075  -0.041708 0.999130 -0.000001  0.088870 0.505844 1 0 1.000000
misc
0  -35.262970 -110.757683 3.551075  -0.041665 0.999132 0.000000  0.088870 0.505844 1 0 1.000000
0  -35.262970 -110.757683 6.868163  -0.024558 0.999698 0.000000  0.088870 0.537095 1 0 1.000000
0  -25.697098 -110.083252 -1.692952  -0.041612 0.999134 -0.000002  0.174810 0.537095 1 0 1.000000
misc
0  -38.827808 -110.757683 6.868163  0.000000 1.000000 0.000000  0.193365 0.793939 1 0 1.000000
0  -35.262970 -110.757683 6.868163  -0.024558 0.999698 0.000000  0.218757 0.793939 1 0 1.000000
0  -35.262970 -110.757683 3.551075  -0.041665 0.999132 0.000000  0.218757 0.769524 1 0 1.000000
misc
0  -35.262970 -110.757683 3.551075  -0.041665 0.999132 0.000000  0.218757 0.769524 1 0 1.000000
0  -38.827808 -110.757683 3.440965  0.000000 1.000000 0.000000  0.193365 0.769524 1 0 1.000000
0  -38.827808 -110.757683 6.868163  0.000000 1.000000 0.000000  0.193365 0.793939 1 0 1.000000
misc
0  -25.697098 -110.083252 -5.849634  -0.697466 0.003753 -0.716608  0.174810 0.537095 1 0 1.000000
0  -25.697098 -114.528984 -5.849634  -0.696710 0.000000 -0.717353  0.174810 0.505844 1 0 1.000000
0  -35.262970 -113.854561 3.440964  -0.700272 0.019147 -0.713619  0.088870 0.505844 1 0 1.000000
misc
0  -35.262970 -113.854561 3.440964  -0.700272 0.019147 -0.713619  0.088870 0.505844 1 0 1.000000
0  -35.262970 -110.757683 3.551075  -0.701205 0.024062 -0.712553  0.088870 0.537095 1 0 1.000000
0  -25.697098 -110.083252 -5.849634  -0.697466 0.003753 -0.716608  0.174810 0.537095 1 0 1.000000
misc
0  -35.262970 -110.757683 3.551075  0.013776 0.018500 -0.999734  0.218757 0.793939 1 0 1.000000
0  -35.262970 -113.854561 3.440964  0.000328 0.033791 -0.999429  0.218757 0.769524 1 0 1.000000
0  -38.827808 -113.854561 3.440965  0.016347 0.015414 -0.999748  0.193365 0.769524 1 0 1.000000
misc
0  -38.827808 -113.854561 3.440965  0.016347 0.015414 -0.999748  0.193365 0.769524 1 0 1.000000
0  -38.827808 -110.757683 3.440965  0.030394 -0.000000 -0.999538  0.193365 0.793939 1 0 1.000000
0  -35.262970 -110.757683 3.551075  0.013776 0.018500 -0.999734  0.218757 0.793939 1 0 1.000000
misc
0  -38.827808 -113.854561 3.440965  -1.000000 0.000000 0.000000  0.193365 0.769524 1 0 1.000000
0  -38.827808 -113.854561 6.868163  -1.000000 0.000000 0.000000  0.218757 0.769524 1 0 1.000000
0  -38.827808 -110.757683 6.868163  -1.000000 0.000000 0.000000  0.218757 0.793939 1 0 1.000000
misc
0  -38.827808 -110.757683 6.868163  -1.000000 0.000000 0.000000  0.218757 0.793939 1 0 1.000000
0  -38.827808 -110.757683 3.440965  -1.000000 0.000000 0.000000  0.193365 0.793939 1 0 1.000000
0  -38.827808 -113.854561 3.440965  -1.000000 0.000000 0.000000  0.193365 0.769524 1 0 1.000000
misc
0  -19.971334 -115.946655 2.876646  -0.327458 -0.944864 0.002058  0.447279 0.877926 1 0 1.000000
0  -22.366245 -112.863556 2.876646  -0.981987 -0.188940 0.002009  0.499039 0.877926 1 0 1.000000
0  -22.366247 -112.863556 -0.839593  -0.981896 -0.189412 0.001788  0.499039 0.793939 1 0 1.000000
misc
0  -22.366247 -112.863556 -0.839593  -0.981896 -0.189412 0.001788  0.499039 0.793939 1 0 1.000000
0  -19.971334 -115.946655 -0.839593  -0.326917 -0.945051 0.001880  0.447279 0.793939 1 0 1.000000
0  -19.971334 -115.946655 2.876646  -0.327458 -0.944864 0.002058  0.447279 0.877926 1 0 1.000000
misc
0  -22.366245 -112.863556 2.876646  -0.981987 -0.188940 0.002009  0.447279 0.877926 1 0 1.000000
0  -21.278904 -109.119797 2.876646  -0.736417 0.676524 0.002299  0.499039 0.877926 1 0 1.000000
0  -21.292667 -109.119797 -0.839593  -0.736902 0.675997 0.001955  0.499039 0.793939 1 0 1.000000
misc
0  -21.292667 -109.119797 -0.839593  -0.736902 0.675997 0.001955  0.499039 0.793939 1 0 1.000000
0  -22.366247 -112.863556 -0.839593  -0.981896 -0.189412 0.001788  0.447279 0.793939 1 0 1.000000
0  -22.366245 -112.863556 2.876646  -0.981987 -0.188940 0.002009  0.447279 0.877926 1 0 1.000000
misc
0  -21.278904 -109.119797 2.876646  -0.736417 0.676524 0.002299  0.447279 0.877926 1 0 1.000000
0  -18.718826 -108.142555 2.876646  0.098523 0.995132 0.002137  0.499039 0.877926 1 0 1.000000
0  -18.718826 -108.128792 -0.839593  0.097749 0.995209 0.002096  0.499039 0.793939 1 0 1.000000
misc
0  -18.718826 -108.128792 -0.839593  0.097749 0.995209 0.002096  0.499039 0.793939 1 0 1.000000
0  -21.292667 -109.119797 -0.839593  -0.736902 0.675997 0.001955  0.447279 0.793939 1 0 1.000000
0  -21.278904 -109.119797 2.876646  -0.736417 0.676524 0.002299  0.447279 0.877926 1 0 1.000000
misc
0  -18.718826 -108.142555 2.876646  0.098523 0.995132 0.002137  0.447279 0.877926 1 0 1.000000
0  -15.415502 -110.220901 2.876645  0.911191 0.411980 0.001932  0.499039 0.877926 1 0 1.000000
0  -15.415502 -110.207123 -0.839594  0.910705 0.413053 0.001701  0.499039 0.793939 1 0 1.000000
misc
0  -15.415502 -110.207123 -0.839594  0.910705 0.413053 0.001701  0.499039 0.793939 1 0 1.000000
0  -18.718826 -108.128792 -0.839593  0.097749 0.995209 0.002096  0.447279 0.793939 1 0 1.000000
0  -18.718826 -108.142555 2.876646  0.098523 0.995132 0.002137  0.447279 0.877926 1 0 1.000000
misc
0  -15.415502 -110.220901 2.876645  0.911191 0.411980 0.001932  0.447279 0.877926 1 0 1.000000
0  -16.186277 -115.010712 2.876645  0.736411 -0.676532 0.001876  0.499039 0.877926 1 0 1.000000
0  -16.186277 -115.010712 -0.839594  0.736661 -0.676260 0.001599  0.499039 0.793939 1 0 1.000000
misc
0  -16.186277 -115.010712 -0.839594  0.736661 -0.676260 0.001599  0.499039 0.793939 1 0 1.000000
0  -15.415502 -110.207123 -0.839594  0.910705 0.413053 0.001701  0.447279 0.793939 1 0 1.000000
0  -15.415502 -110.220901 2.876645  0.911191 0.411980 0.001932  0.447279 0.877926 1 0 1.000000
misc
0  -16.186277 -115.010712 2.876645  0.736411 -0.676532 0.001876  0.447279 0.877926 1 0 1.000000
0  -19.971334 -115.946655 2.876646  -0.327458 -0.944864 0.002058  0.499039 0.877926 1 0 1.000000
0  -19.971334 -115.946655 -0.839593  -0.326917 -0.945051 0.001880  0.499039 0.793939 1 0 1.000000
misc
0  -19.971334 -115.946655 -0.839593  -0.326917 -0.945051 0.001880  0.499039 0.793939 1 0 1.000000
0  -16.186277 -115.010712 -0.839594  0.736661 -0.676260 0.001599  0.447279 0.793939 1 0 1.000000
0  -16.186277 -115.010712 2.876645  0.736411 -0.676532 0.001876  0.447279 0.877926 1 0 1.000000
misc
0  -20.948568 -120.433662 3.317089  0.825964 -0.563706 0.004309  0.251961 0.613269 1 0 1.000000
0  -23.054438 -121.245743 3.372144  -0.162405 -0.986708 0.005708  0.259774 0.613269 1 0 1.000000
0  -23.040674 -121.273270 -2.160923  -0.145933 -0.989289 0.003416  0.259774 0.564440 1 0 1.000000
misc
0  -23.040674 -121.273270 -2.160923  -0.145933 -0.989289 0.003416  0.259774 0.564440 1 0 1.000000
0  -20.934803 -120.433662 -2.160923  0.830471 -0.557059 0.001862  0.251961 0.564440 1 0 1.000000
0  -20.948568 -120.433662 3.317089  0.825964 -0.563706 0.004309  0.251961 0.613269 1 0 1.000000
misc
0  -23.054438 -121.245743 3.372144  -0.162405 -0.986708 0.005708  0.259774 0.613269 1 0 1.000000
0  -24.582224 -120.020760 3.427200  -0.904785 -0.425868 0.001102  0.266610 0.613269 1 0 1.000000
0  -24.582224 -120.048286 -2.160922  -0.900531 -0.434789 0.001203  0.266610 0.564440 1 0 1.000000
misc
0  -24.582224 -120.048286 -2.160922  -0.900531 -0.434789 0.001203  0.266610 0.564440 1 0 1.000000
0  -23.040674 -121.273270 -2.160923  -0.145933 -0.989289 0.003416  0.259774 0.564440 1 0 1.000000
0  -23.054438 -121.245743 3.372144  -0.162405 -0.986708 0.005708  0.259774 0.613269 1 0 1.000000
misc
0  -24.582224 -120.020760 3.427200  -0.904785 -0.425868 0.001102  0.266610 0.613269 1 0 1.000000
0  -24.582224 -118.052528 3.454728  -0.900427 0.434983 -0.004587  0.274422 0.613269 1 0 1.000000
0  -24.568460 -118.093819 -2.160922  -0.900989 0.433820 -0.004321  0.274422 0.564440 1 0 1.000000
misc
0  -24.568460 -118.093819 -2.160922  -0.900989 0.433820 -0.004321  0.274422 0.564440 1 0 1.000000
0  -24.582224 -120.048286 -2.160922  -0.900531 -0.434789 0.001203  0.266610 0.564440 1 0 1.000000
0  -24.582224 -120.020760 3.427200  -0.904785 -0.425868 0.001102  0.266610 0.613269 1 0 1.000000
misc
0  -24.582224 -118.052528 3.454728  -0.900427 0.434983 -0.004587  0.274422 0.613269 1 0 1.000000
0  -23.054438 -116.841301 3.413436  -0.150033 0.988661 -0.006354  0.281259 0.613269 1 0 1.000000
0  -23.040674 -116.868828 -2.160923  -0.145713 0.989318 -0.004066  0.281259 0.564440 1 0 1.000000
misc
0  -23.040674 -116.868828 -2.160923  -0.145713 0.989318 -0.004066  0.281259 0.564440 1 0 1.000000
0  -24.568460 -118.093819 -2.160922  -0.900989 0.433820 -0.004321  0.274422 0.564440 1 0 1.000000
0  -24.582224 -118.052528 3.454728  -0.900427 0.434983 -0.004587  0.274422 0.613269 1 0 1.000000
misc
0  -23.040674 -116.868828 -2.160923  -0.145713 0.989318 -0.004066  0.281259 0.564440 1 0 1.000000
0  -23.054438 -116.841301 3.413436  -0.150033 0.988661 -0.006354  0.281259 0.613269 1 0 1.000000
0  -20.962332 -117.694672 3.344617  0.822748 0.568405 -0.000868  0.277352 0.614246 1 0 1.000000
misc
0  -20.962332 -117.694672 3.344617  0.822748 0.568405 -0.000868  0.277352 0.614246 1 0 1.000000
0  -20.948568 -117.694672 -2.160923  0.825654 0.564173 0.002070  0.288095 0.564440 1 0 1.000000
0  -23.040674 -116.868828 -2.160923  -0.145713 0.989318 -0.004066  0.281259 0.564440 1 0 1.000000
misc
0  -20.948568 -120.433662 3.317089  0.825964 -0.563706 0.004309  0.302744 0.613269 1 0 1.000000
0  -20.934803 -120.433662 -2.160923  0.830471 -0.557059 0.001862  0.302744 0.564440 1 0 1.000000
0  -20.948568 -117.694672 -2.160923  0.825654 0.564173 0.002070  0.288095 0.564440 1 0 1.000000
misc
0  -20.948568 -117.694672 -2.160923  0.825654 0.564173 0.002070  0.288095 0.564440 1 0 1.000000
0  -20.962332 -117.694672 3.344617  0.822748 0.568405 -0.000868  0.277352 0.614246 1 0 1.000000
0  -20.948568 -120.433662 3.317089  0.825964 -0.563706 0.004309  0.302744 0.613269 1 0 1.000000
misc
0  -20.948568 -120.433662 3.317089  0.029082 -0.010580 0.999521  0.251961 0.613269 1 0 1.000000
0  -20.962332 -117.694672 3.344617  0.029070 -0.010581 0.999521  0.277352 0.614246 1 0 1.000000
0  -23.054438 -121.245743 3.372144  0.029005 -0.010488 0.999524  0.259774 0.613269 1 0 1.000000
misc
0  -23.054438 -121.245743 3.372144  0.029005 -0.010488 0.999524  0.259774 0.613269 1 0 1.000000
0  -20.962332 -117.694672 3.344617  0.029070 -0.010581 0.999521  0.277352 0.614246 1 0 1.000000
0  -24.582224 -120.020760 3.427200  0.029080 -0.010704 0.999520  0.266610 0.613269 1 0 1.000000
misc
0  -24.582224 -120.020760 3.427200  0.029080 -0.010704 0.999520  0.266610 0.613269 1 0 1.000000
0  -20.962332 -117.694672 3.344617  0.029070 -0.010581 0.999521  0.277352 0.614246 1 0 1.000000
0  -24.582224 -118.052528 3.454728  0.029187 -0.010726 0.999516  0.274422 0.613269 1 0 1.000000
misc
0  -24.582224 -118.052528 3.454728  0.029187 -0.010726 0.999516  0.274422 0.613269 1 0 1.000000
0  -20.962332 -117.694672 3.344617  0.029070 -0.010581 0.999521  0.277352 0.614246 1 0 1.000000
0  -23.054438 -116.841301 3.413436  0.029003 -0.010623 0.999523  0.281259 0.613269 1 0 1.000000
misc
0  -20.673292 -117.240456 5.629416  -0.021811 -0.000000 -0.999762  0.002930 0.609363 1 0 1.000000
0  -20.673292 -121.025528 5.629416  -0.021571 0.000000 -0.999767  0.002930 0.572253 1 0 1.000000
0  -24.306948 -121.025528 5.711999  -0.022146 0.000000 -0.999755  0.041017 0.572253 1 0 1.000000
misc
0  -24.306948 -121.025528 5.711999  -0.022146 0.000000 -0.999755  0.041017 0.572253 1 0 1.000000
0  -24.306948 -117.240456 5.711999  -0.021811 0.000000 -0.999762  0.041993 0.610340 1 0 1.000000
0  -20.673292 -117.240456 5.629416  -0.021811 -0.000000 -0.999762  0.002930 0.609363 1 0 1.000000
misc
0  -24.306948 -121.025528 6.744287  -0.598119 -0.428368 0.677314  0.002930 0.572253 1 0 1.000000
0  -20.673292 -121.025528 9.951264  -0.582326 -0.474932 0.659800  0.002930 0.609363 1 0 1.000000
0  -20.673292 -117.240456 9.951264  -0.661717 0.000000 0.749754  0.041993 0.610340 1 0 1.000000
misc
0  -20.673292 -117.240456 9.951264  -0.661715 0.000000 0.749755  0.041993 0.610340 1 0 1.000000
0  -24.306948 -117.240456 6.744287  -0.661715 0.000000 0.749755  0.041017 0.572253 1 0 1.000000
0  -24.306948 -121.025528 6.744287  -0.598220 -0.428130 0.677375  0.002930 0.572253 1 0 1.000000
misc
0  -20.673292 -121.025528 6.675468  -0.000863 -1.000000 0.000000  0.049806 0.572253 1 0 1.000000
0  -20.673292 -121.025528 9.951264  -0.582326 -0.474932 0.659800  0.049806 0.613269 1 0 1.000000
0  -24.306948 -121.025528 6.744287  -0.598119 -0.428368 0.677314  0.095706 0.572253 1 0 1.000000
misc
0  -24.306948 -117.240456 5.711999  -1.000000 0.000000 0.000000  0.495132 0.979492 1 0 1.000000
0  -24.306948 -121.025528 5.711999  -1.000000 0.000000 0.000000  0.440443 0.979492 1 0 1.000000
0  -24.306948 -121.025528 6.744287  -1.000000 0.000000 0.000000  0.440443 0.996094 1 0 1.000000
misc
0  -24.306948 -121.025528 6.744287  -1.000000 0.000000 0.000000  0.440443 0.996094 1 0 1.000000
0  -24.306948 -117.240456 6.744287  -1.000000 0.000000 0.000000  0.495132 0.996094 1 0 1.000000
0  -24.306948 -117.240456 5.711999  -1.000000 0.000000 0.000000  0.495132 0.979492 1 0 1.000000
misc
0  -20.673292 -117.240456 6.675468  -0.000703 0.999999 0.001417  0.049806 0.572253 1 0 1.000000
0  -24.306948 -117.240456 6.744287  0.000000 1.000000 0.000000  0.095706 0.572253 1 0 1.000000
0  -20.673292 -117.240456 9.951264  -0.000339 1.000000 0.000339  0.049806 0.613269 1 0 1.000000
misc
0  -20.673292 -117.240456 6.675468  -0.000703 0.999999 0.001417  0.495132 0.996094 1 0 1.000000
0  -20.673292 -117.240456 5.629416  -0.000914 0.999997 0.002164  0.495132 0.979492 1 0 1.000000
0  -24.306948 -117.240456 5.711999  -0.000351 1.000000 0.000326  0.440443 0.979492 1 0 1.000000
misc
0  -24.306948 -117.240456 5.711999  -0.000351 1.000000 0.000326  0.440443 0.979492 1 0 1.000000
0  -24.306948 -117.240456 6.744287  0.000000 1.000000 0.000000  0.440443 0.996094 1 0 1.000000
0  -20.673292 -117.240456 6.675468  -0.000703 0.999999 0.001417  0.495132 0.996094 1 0 1.000000
misc
0  -24.306948 -121.025528 5.711999  -0.000863 -1.000000 0.000000  0.440443 0.979492 1 0 1.000000
0  -20.673292 -121.025528 5.629416  -0.000911 -1.000000 0.000000  0.495132 0.979492 1 0 1.000000
0  -20.673292 -121.025528 6.675468  -0.000863 -1.000000 0.000000  0.495132 0.996094 1 0 1.000000
misc
0  -20.673292 -121.025528 6.675468  -0.000863 -1.000000 0.000000  0.495132 0.996094 1 0 1.000000
0  -24.306948 -121.025528 6.744287  -0.000863 -1.000000 0.000000  0.440443 0.996094 1 0 1.000000
0  -24.306948 -121.025528 5.711999  -0.000863 -1.000000 0.000000  0.440443 0.979492 1 0 1.000000
misc
0  -14.410742 -121.410912 -1.995757  0.441741 -0.897142 0.000000  0.227546 0.748039 1 0 1.000000
0  -14.410742 -121.410912 -3.496017  0.441741 -0.897142 0.000000  0.227546 0.737297 1 0 1.000000
0  -11.699264 -120.075813 -1.926938  0.441741 -0.897142 0.000000  0.247078 0.737297 1 0 1.000000
misc
0  -11.699264 -120.075813 -1.926938  0.441742 -0.897142 0.000000  0.247078 0.737297 1 0 1.000000
0  -11.699264 -120.075813 -0.467970  0.441742 -0.897142 0.000000  0.247078 0.748039 1 0 1.000000
0  -14.410742 -121.410912 -1.995757  0.441742 -0.897142 0.000000  0.227546 0.748039 1 0 1.000000
misc
0  -24.802446 -121.410912 -3.496016  0.000000 -1.000000 0.000000  0.186529 0.751946 1 0 1.000000
0  -14.410742 -121.410912 -3.496017  0.000000 -1.000000 0.000000  0.186529 0.706046 1 0 1.000000
0  -14.410742 -121.410912 -1.995757  0.000000 -1.000000 0.000000  0.193365 0.706046 1 0 1.000000
misc
0  -14.410742 -121.410912 -1.995757  0.000000 -1.000000 0.000000  0.193365 0.706046 1 0 1.000000
0  -24.802446 -121.410912 -1.995756  0.000000 -1.000000 0.000000  0.193365 0.751946 1 0 1.000000
0  -24.802446 -121.410912 -3.496016  0.000000 -1.000000 0.000000  0.186529 0.751946 1 0 1.000000
misc
0  -14.410742 -116.648613 -1.995757  0.443332 0.896357 -0.000000  0.227546 0.748039 1 0 1.000000
0  -11.699264 -117.983711 -0.467970  0.443375 0.896336 -0.000000  0.247078 0.748039 1 0 1.000000
0  -11.699264 -117.983711 -1.926938  0.443461 0.896294 -0.000000  0.247078 0.737297 1 0 1.000000
misc
0  -11.699264 -117.983711 -1.926938  0.443461 0.896294 -0.000000  0.247078 0.737297 1 0 1.000000
0  -14.410742 -116.648613 -3.399669  0.443375 0.896336 0.000000  0.227546 0.737297 1 0 1.000000
0  -14.410742 -116.648613 -1.995757  0.443332 0.896357 -0.000000  0.227546 0.748039 1 0 1.000000
misc
0  -14.892477 -116.648613 -1.500258  0.000000 1.000000 0.000000  0.193365 0.706046 1 0 1.000000
0  -14.892477 -116.648613 -2.904171  0.000000 1.000000 0.000000  0.187506 0.706046 1 0 1.000000
0  -25.284182 -116.648613 -3.014281  0.000000 1.000000 0.000000  0.186529 0.751946 1 0 1.000000
misc
0  -25.284182 -116.648613 -3.014281  0.000000 1.000000 0.000000  0.186529 0.751946 1 0 1.000000
0  -25.284180 -116.648613 -1.500257  0.000000 1.000000 0.000000  0.193365 0.751946 1 0 1.000000
0  -14.892477 -116.648613 -1.500258  0.000000 1.000000 0.000000  0.193365 0.706046 1 0 1.000000
misc
0  -24.802446 -121.410912 -1.995756  0.000000 0.000000 1.000000  0.210944 0.730461 1 0 1.000000
0  -14.410742 -121.410912 -1.995757  0.000000 0.000000 1.000000  0.260750 0.730461 1 0 1.000000
0  -14.410742 -116.648613 -1.995757  0.000000 0.000000 1.000000  0.260750 0.755852 1 0 1.000000
misc
0  -14.410742 -116.648613 -1.995757  0.000000 0.000000 1.000000  0.260750 0.755852 1 0 1.000000
0  -24.802446 -116.648613 -1.995756  0.000000 0.000000 1.000000  0.210944 0.755852 1 0 1.000000
0  -24.802446 -121.410912 -1.995756  0.000000 0.000000 1.000000  0.210944 0.730461 1 0 1.000000
misc
0  -14.410742 -116.648613 -3.399669  0.486722 0.012056 -0.873474  0.434584 0.940428 1 0 1.000000
0  -11.699264 -117.983711 -1.926938  0.474971 0.000000 -0.880001  0.416028 0.904294 1 0 1.000000
0  -11.699264 -120.075813 -1.926938  0.486638 0.011966 -0.873522  0.388684 0.904294 1 0 1.000000
misc
0  -11.699264 -120.075813 -1.926938  0.486638 0.011966 -0.873522  0.388684 0.904294 1 0 1.000000
0  -14.410742 -121.410912 -3.496017  0.493587 0.018727 -0.869495  0.371105 0.940428 1 0 1.000000
0  -14.410742 -116.648613 -3.399669  0.486722 0.012056 -0.873474  0.434584 0.940428 1 0 1.000000
misc
0  -14.410742 -116.648613 -3.399669  0.002803 0.015761 -0.999872  0.260750 0.755852 1 0 1.000000
0  -14.410742 -121.410912 -3.496017  0.000080 0.021711 -0.999764  0.260750 0.730461 1 0 1.000000
0  -24.802446 -121.410912 -3.496016  0.007427 0.006044 -0.999954  0.210944 0.730461 1 0 1.000000
misc
0  -24.802446 -121.410912 -3.496016  0.007425 0.006053 -0.999954  0.210944 0.730461 1 0 1.000000
0  -24.802448 -116.648613 -3.496016  0.010326 0.000000 -0.999947  0.210944 0.755852 1 0 1.000000
0  -14.410742 -116.648613 -3.399669  0.002809 0.015743 -0.999872  0.260750 0.755852 1 0 1.000000
misc
0  -24.802446 -121.410912 -3.496016  -1.000000 -0.000000 0.000000  0.257820 0.991211 1 0 1.000000
0  -24.802446 -121.410912 -1.995756  -1.000000 0.000000 0.000000  0.257820 0.978515 1 0 1.000000
0  -24.802446 -116.648613 -1.995756  -1.000000 -0.000001 0.000001  0.234382 0.978515 1 0 1.000000
misc
0  -24.802446 -116.648613 -1.995756  -1.000000 -0.000001 0.000001  0.234382 0.978515 1 0 1.000000
0  -24.802448 -116.648613 -3.496016  -1.000000 -0.000001 0.000001  0.234382 0.991211 1 0 1.000000
0  -24.802446 -121.410912 -3.496016  -1.000000 -0.000000 0.000000  0.257820 0.991211 1 0 1.000000
misc
0  25.765930 -114.528984 -1.706719  0.047053 -0.998892 -0.000006  0.174810 0.537095 1 0 1.000000
0  25.765930 -114.528984 -5.863401  0.025355 -0.999679 0.000000  0.174810 0.505844 1 0 1.000000
0  34.299519 -113.854561 3.427196  0.047450 -0.998874 0.000002  0.088870 0.505844 1 0 1.000000
misc
0  34.299519 -113.854561 3.427196  0.047423 -0.998875 -0.000000  0.088870 0.505844 1 0 1.000000
0  34.299519 -113.854561 6.854394  0.026279 -0.999655 0.000000  0.088870 0.537095 1 0 1.000000
0  25.765930 -114.528984 -1.706719  0.047115 -0.998889 0.000003  0.174810 0.537095 1 0 1.000000
misc
0  34.299519 -113.854561 6.854394  0.026279 -0.999655 0.000000  0.217780 0.792962 1 0 1.000000
0  34.299519 -113.854561 3.427196  0.047423 -0.998875 -0.000000  0.217780 0.767571 1 0 1.000000
0  37.919411 -113.854561 3.427195  0.000000 -1.000000 0.000000  0.192389 0.767571 1 0 1.000000
misc
0  37.919411 -113.854561 3.427195  0.000000 -1.000000 0.000000  0.192389 0.767571 1 0 1.000000
0  37.919411 -113.854561 6.854393  0.000000 -1.000000 0.000000  0.192389 0.792962 1 0 1.000000
0  34.299519 -113.854561 6.854394  0.026279 -0.999655 0.000000  0.217780 0.792962 1 0 1.000000
misc
0  34.299519 -110.757683 3.537306  0.047163 0.998887 0.000002  0.088870 0.505844 1 0 1.000000
0  25.765930 -110.083252 -5.863401  0.025219 0.999682 0.000000  0.174810 0.505844 1 0 1.000000
0  25.765930 -110.083252 -1.706719  0.047304 0.998881 0.000000  0.174810 0.537095 1 0 1.000000
misc
0  25.765930 -110.083252 -1.706719  0.047304 0.998881 0.000000  0.174810 0.537095 1 0 1.000000
0  34.299519 -110.757683 6.854394  0.026280 0.999655 0.000000  0.088870 0.537095 1 0 1.000000
0  34.299519 -110.757683 3.537306  0.047163 0.998887 0.000002  0.088870 0.505844 1 0 1.000000
misc
0  37.919411 -110.757683 6.854393  0.000000 1.000000 0.000000  0.192389 0.792962 1 0 1.000000
0  37.919411 -110.757683 3.427195  0.000000 1.000000 0.000000  0.192389 0.767571 1 0 1.000000
0  34.299519 -110.757683 3.537306  0.047154 0.998888 -0.000008  0.217780 0.767571 1 0 1.000000
misc
0  34.299519 -110.757683 3.537306  0.047163 0.998887 0.000002  0.217780 0.767571 1 0 1.000000
0  34.299519 -110.757683 6.854394  0.026280 0.999655 0.000000  0.217780 0.792962 1 0 1.000000
0  37.919411 -110.757683 6.854393  0.000000 1.000000 0.000000  0.192389 0.792962 1 0 1.000000
misc
0  34.299519 -113.854561 3.427196  0.740041 0.018042 -0.672319  0.088870 0.505844 1 0 1.000000
0  25.765930 -114.528984 -5.863401  0.736474 0.000000 -0.676466  0.174810 0.505844 1 0 1.000000
0  25.765930 -110.083252 -5.863401  0.737223 0.003733 -0.675639  0.174810 0.537095 1 0 1.000000
misc
0  25.765930 -110.083252 -5.863401  0.737223 0.003733 -0.675639  0.174810 0.537095 1 0 1.000000
0  34.299519 -110.757683 3.537306  0.740901 0.022742 -0.671229  0.088870 0.537095 1 0 1.000000
0  34.299519 -113.854561 3.427196  0.740041 0.018042 -0.672319  0.088870 0.505844 1 0 1.000000
misc
0  37.919411 -113.854561 3.427195  -0.016346 0.015345 -0.999749  0.192389 0.767571 1 0 1.000000
0  34.299519 -113.854561 3.427196  -0.000366 0.033896 -0.999425  0.217780 0.767571 1 0 1.000000
0  34.299519 -110.757683 3.537306  -0.013404 0.018575 -0.999738  0.217780 0.792962 1 0 1.000000
misc
0  34.299519 -110.757683 3.537306  -0.013404 0.018575 -0.999738  0.217780 0.792962 1 0 1.000000
0  37.919411 -110.757683 3.427195  -0.029350 -0.000000 -0.999569  0.192389 0.792962 1 0 1.000000
0  37.919411 -113.854561 3.427195  -0.016346 0.015345 -0.999749  0.192389 0.767571 1 0 1.000000
misc
0  37.919411 -110.757683 6.854393  1.000000 0.000000 0.000000  0.217780 0.792962 1 0 1.000000
0  37.919411 -113.854561 6.854393  1.000000 0.000000 0.000000  0.217780 0.767571 1 0 1.000000
0  37.919411 -113.854561 3.427195  1.000000 0.000000 0.000000  0.192389 0.767571 1 0 1.000000
misc
0  37.919411 -113.854561 3.427195  1.000000 0.000000 0.000000  0.192389 0.767571 1 0 1.000000
0  37.919411 -110.757683 3.427195  1.000000 0.000000 0.000000  0.192389 0.792962 1 0 1.000000
0  37.919411 -110.757683 6.854393  1.000000 0.000000 0.000000  0.217780 0.792962 1 0 1.000000
misc
0  -25.697098 -114.528984 -1.692952  -0.041813 -0.999125 0.000000  0.460952 0.760735 1 0 1.000000
0  -25.697098 -114.528984 -5.849634  -0.023767 -0.999718 0.000000  0.460952 0.785150 1 0 1.000000
0  25.765930 -114.528984 -5.863401  0.025355 -0.999679 0.000000  0.254891 0.785150 1 0 1.000000
misc
0  25.765930 -114.528984 -5.863401  0.025355 -0.999679 0.000000  0.254891 0.785150 1 0 1.000000
0  25.765930 -114.528984 -1.706719  0.047053 -0.998892 -0.000006  0.254891 0.760735 1 0 1.000000
0  -25.697098 -114.528984 -1.692952  -0.041813 -0.999125 0.000000  0.460952 0.760735 1 0 1.000000
misc
0  -25.697098 -110.083252 -1.692952  0.279706 -0.000067 0.960086  0.460952 0.760735 1 0 1.000000
0  -25.697098 -114.528984 -1.692952  0.279844 0.000000 0.960046  0.460952 0.785150 1 0 1.000000
0  25.765930 -114.528984 -1.706719  -0.296301 0.000000 0.955095  0.254891 0.785150 1 0 1.000000
misc
0  25.765930 -114.528984 -1.706719  -0.296301 0.000000 0.955095  0.254891 0.785150 1 0 1.000000
0  25.765930 -110.083252 -1.706719  -0.296255 0.000000 0.955109  0.254891 0.760735 1 0 1.000000
0  -25.697098 -110.083252 -1.692952  0.279706 -0.000067 0.960086  0.460952 0.760735 1 0 1.000000
misc
0  25.765930 -110.083252 -5.863401  0.025219 0.999682 0.000000  0.254891 0.785150 1 0 1.000000
0  -25.697098 -110.083252 -5.849634  -0.023651 0.999720 0.000000  0.460952 0.785150 1 0 1.000000
0  -25.697098 -110.083252 -1.692952  -0.041387 0.999143 0.000014  0.460952 0.760735 1 0 1.000000
misc
0  -25.697098 -110.083252 -1.692952  -0.041387 0.999143 0.000014  0.460952 0.760735 1 0 1.000000
0  25.765930 -110.083252 -1.706719  0.047304 0.998881 0.000000  0.254891 0.760735 1 0 1.000000
0  25.765930 -110.083252 -5.863401  0.025219 0.999682 0.000000  0.254891 0.785150 1 0 1.000000
misc
0  25.765930 -114.528984 -5.863401  -0.000268 0.000000 -1.000000  0.254891 0.785150 1 0 1.000000
0  -25.697098 -114.528984 -5.849634  -0.000268 0.000000 -1.000000  0.460952 0.785150 1 0 1.000000
0  -25.697098 -110.083252 -5.849634  -0.000268 0.000000 -1.000000  0.460952 0.760735 1 0 1.000000
misc
0  -25.697098 -110.083252 -5.849634  -0.000268 0.000000 -1.000000  0.460952 0.760735 1 0 1.000000
0  25.765930 -110.083252 -5.863401  -0.000268 0.000000 -1.000000  0.254891 0.760735 1 0 1.000000
0  25.765930 -114.528984 -5.863401  -0.000268 0.000000 -1.000000  0.254891 0.785150 1 0 1.000000
misc
0  21.265152 -112.877319 -0.853360  0.981879 -0.189504 0.001678  0.498062 0.792962 1 0 1.000000
0  21.265154 -112.877319 2.876642  0.981978 -0.188985 0.001993  0.498062 0.875973 1 0 1.000000
0  18.870247 -115.946655 2.876643  0.327320 -0.944909 0.002830  0.446303 0.875973 1 0 1.000000
misc
0  18.870247 -115.946655 2.876643  0.327320 -0.944909 0.002830  0.446303 0.875973 1 0 1.000000
0  18.870247 -115.960419 -0.853360  0.326581 -0.945166 0.002405  0.446303 0.792962 1 0 1.000000
0  21.265152 -112.877319 -0.853360  0.981879 -0.189504 0.001678  0.498062 0.792962 1 0 1.000000
misc
0  20.191574 -109.119797 -0.853360  0.736769 0.676142 0.001757  0.498062 0.792962 1 0 1.000000
0  20.191574 -109.119797 2.876643  0.736477 0.676459 0.002026  0.498062 0.875973 1 0 1.000000
0  21.265154 -112.877319 2.876642  0.981978 -0.188985 0.001993  0.446303 0.875973 1 0 1.000000
misc
0  21.265154 -112.877319 2.876642  0.981978 -0.188985 0.001993  0.446303 0.875973 1 0 1.000000
0  21.265152 -112.877319 -0.853360  0.981879 -0.189504 0.001678  0.446303 0.792962 1 0 1.000000
0  20.191574 -109.119797 -0.853360  0.736769 0.676142 0.001757  0.498062 0.792962 1 0 1.000000
misc
0  17.631496 -108.142555 -0.853360  -0.097840 0.995201 0.001691  0.498062 0.792962 1 0 1.000000
0  17.617733 -108.142555 2.876643  -0.098638 0.995121 0.002027  0.498062 0.875973 1 0 1.000000
0  20.191574 -109.119797 2.876643  0.736477 0.676459 0.002026  0.446303 0.875973 1 0 1.000000
misc
0  20.191574 -109.119797 2.876643  0.736477 0.676459 0.002026  0.446303 0.875973 1 0 1.000000
0  20.191574 -109.119797 -0.853360  0.736769 0.676142 0.001757  0.446303 0.792962 1 0 1.000000
0  17.631496 -108.142555 -0.853360  -0.097840 0.995201 0.001691  0.498062 0.792962 1 0 1.000000
misc
0  14.314411 -110.220901 -0.853360  -0.910831 0.412776 0.001711  0.498062 0.792962 1 0 1.000000
0  14.328175 -110.220901 2.876643  -0.911099 0.412183 0.001987  0.498062 0.875973 1 0 1.000000
0  17.617733 -108.142555 2.876643  -0.098638 0.995121 0.002027  0.446303 0.875973 1 0 1.000000
misc
0  17.617733 -108.142555 2.876643  -0.098638 0.995121 0.002027  0.446303 0.875973 1 0 1.000000
0  17.631496 -108.142555 -0.853360  -0.097840 0.995201 0.001691  0.446303 0.792962 1 0 1.000000
0  14.314411 -110.220901 -0.853360  -0.910831 0.412776 0.001711  0.498062 0.792962 1 0 1.000000
misc
0  15.085186 -115.010712 -0.853360  -0.736768 -0.676143 0.001835  0.498062 0.792962 1 0 1.000000
0  15.098949 -115.010712 2.876643  -0.736405 -0.676537 0.002326  0.498062 0.875973 1 0 1.000000
0  14.328175 -110.220901 2.876643  -0.911099 0.412183 0.001987  0.446303 0.875973 1 0 1.000000
misc
0  14.328175 -110.220901 2.876643  -0.911099 0.412183 0.001987  0.446303 0.875973 1 0 1.000000
0  14.314411 -110.220901 -0.853360  -0.910831 0.412776 0.001711  0.446303 0.792962 1 0 1.000000
0  15.085186 -115.010712 -0.853360  -0.736768 -0.676143 0.001835  0.498062 0.792962 1 0 1.000000
misc
0  18.870247 -115.960419 -0.853360  0.326581 -0.945166 0.002405  0.498062 0.792962 1 0 1.000000
0  18.870247 -115.946655 2.876643  0.327320 -0.944909 0.002830  0.498062 0.875973 1 0 1.000000
0  15.098949 -115.010712 2.876643  -0.736405 -0.676537 0.002326  0.446303 0.875973 1 0 1.000000
misc
0  15.098949 -115.010712 2.876643  -0.736405 -0.676537 0.002326  0.446303 0.875973 1 0 1.000000
0  15.085186 -115.010712 -0.853360  -0.736768 -0.676143 0.001835  0.446303 0.792962 1 0 1.000000
0  18.870247 -115.960419 -0.853360  0.326581 -0.945166 0.002405  0.498062 0.792962 1 0 1.000000
misc
0  23.054457 -121.287033 -2.174690  0.145757 -0.989311 0.004391  0.233406 0.562487 1 0 1.000000
0  23.068220 -121.245743 2.628893  0.162197 -0.986735 0.006840  0.233406 0.611316 1 0 1.000000
0  20.962351 -120.433662 2.573838  -0.826368 -0.563111 0.004726  0.225593 0.611316 1 0 1.000000
misc
0  20.962351 -120.433662 2.573838  -0.826368 -0.563111 0.004726  0.225593 0.611316 1 0 1.000000
0  20.948587 -120.433662 -2.174690  -0.830527 -0.556974 0.002098  0.225593 0.562487 1 0 1.000000
0  23.054457 -121.287033 -2.174690  0.145757 -0.989311 0.004391  0.233406 0.562487 1 0 1.000000
misc
0  24.596006 -120.062050 -2.174690  0.900349 -0.435166 0.001383  0.240242 0.562487 1 0 1.000000
0  24.596006 -120.020760 2.683949  0.904819 -0.425794 0.001357  0.240242 0.611316 1 0 1.000000
0  23.068220 -121.245743 2.628893  0.162197 -0.986735 0.006840  0.233406 0.611316 1 0 1.000000
misc
0  23.068220 -121.245743 2.628893  0.162197 -0.986735 0.006840  0.233406 0.611316 1 0 1.000000
0  23.054457 -121.287033 -2.174690  0.145757 -0.989311 0.004391  0.233406 0.562487 1 0 1.000000
0  24.596006 -120.062050 -2.174690  0.900349 -0.435166 0.001383  0.240242 0.562487 1 0 1.000000
misc
0  24.596006 -118.093819 -2.174690  0.901382 0.432997 -0.004837  0.247078 0.562487 1 0 1.000000
0  24.596006 -118.066292 2.711476  0.900422 0.434998 -0.004135  0.247078 0.611316 1 0 1.000000
0  24.596006 -120.020760 2.683949  0.904819 -0.425794 0.001357  0.240242 0.611316 1 0 1.000000
misc
0  24.596006 -120.020760 2.683949  0.904819 -0.425794 0.001357  0.240242 0.611316 1 0 1.000000
0  24.596006 -120.062050 -2.174690  0.900349 -0.435166 0.001383  0.240242 0.562487 1 0 1.000000
0  24.596006 -118.093819 -2.174690  0.901382 0.432997 -0.004837  0.247078 0.562487 1 0 1.000000
misc
0  23.054457 -116.882591 -2.174690  0.144805 0.989448 -0.004845  0.254891 0.562487 1 0 1.000000
0  23.068220 -116.841301 2.683949  0.149990 0.988660 -0.007411  0.254891 0.611316 1 0 1.000000
0  24.596006 -118.066292 2.711476  0.900422 0.434998 -0.004135  0.247078 0.611316 1 0 1.000000
misc
0  24.596006 -118.066292 2.711476  0.900422 0.434998 -0.004135  0.247078 0.611316 1 0 1.000000
0  24.596006 -118.093819 -2.174690  0.901382 0.432997 -0.004837  0.247078 0.562487 1 0 1.000000
0  23.054457 -116.882591 -2.174690  0.144805 0.989448 -0.004845  0.254891 0.562487 1 0 1.000000
misc
0  23.054457 -116.882591 -2.174690  0.144805 0.989448 -0.004845  0.254891 0.562487 1 0 1.000000
0  20.976114 -117.708435 -2.174690  -0.825730 0.564064 0.001474  0.261727 0.562487 1 0 1.000000
0  20.976114 -117.694672 2.615129  -0.822557 0.568680 -0.001505  0.261727 0.611316 1 0 1.000000
misc
0  20.976114 -117.694672 2.615129  -0.822557 0.568680 -0.001505  0.261727 0.611316 1 0 1.000000
0  23.068220 -116.841301 2.683949  0.149990 0.988660 -0.007411  0.254891 0.611316 1 0 1.000000
0  23.054457 -116.882591 -2.174690  0.144805 0.989448 -0.004845  0.254891 0.562487 1 0 1.000000
misc
0  20.976114 -117.708435 -2.174690  -0.825730 0.564064 0.001474  0.261727 0.562487 1 0 1.000000
0  20.948587 -120.433662 -2.174690  -0.830527 -0.556974 0.002098  0.276376 0.562487 1 0 1.000000
0  20.962351 -120.433662 2.573838  -0.826368 -0.563111 0.004726  0.276376 0.611316 1 0 1.000000
misc
0  20.962351 -120.433662 2.573838  -0.826368 -0.563111 0.004726  0.276376 0.611316 1 0 1.000000
0  20.976114 -117.694672 2.615129  -0.822557 0.568680 -0.001505  0.261727 0.611316 1 0 1.000000
0  20.976114 -117.708435 -2.174690  -0.825730 0.564064 0.001474  0.261727 0.562487 1 0 1.000000
misc
0  20.962351 -120.433662 2.573838  -0.029000 -0.010661 0.999523  0.225593 0.611316 1 0 1.000000
0  23.068220 -121.245743 2.628893  -0.028979 -0.010690 0.999523  0.233406 0.611316 1 0 1.000000
0  20.976114 -117.694672 2.615129  -0.028989 -0.010691 0.999523  0.261727 0.611316 1 0 1.000000
misc
0  23.068220 -121.245743 2.628893  -0.028979 -0.010690 0.999523  0.233406 0.611316 1 0 1.000000
0  24.596006 -120.020760 2.683949  -0.028961 -0.010691 0.999523  0.240242 0.611316 1 0 1.000000
0  20.976114 -117.694672 2.615129  -0.028989 -0.010691 0.999523  0.261727 0.611316 1 0 1.000000
misc
0  24.596006 -120.020760 2.683949  -0.028961 -0.010691 0.999523  0.240242 0.611316 1 0 1.000000
0  24.596006 -118.066292 2.711476  -0.028988 -0.010665 0.999523  0.247078 0.611316 1 0 1.000000
0  20.976114 -117.694672 2.615129  -0.028989 -0.010691 0.999523  0.261727 0.611316 1 0 1.000000
misc
0  24.596006 -118.066292 2.711476  -0.028988 -0.010665 0.999523  0.247078 0.611316 1 0 1.000000
0  23.068220 -116.841301 2.683949  -0.028924 -0.010751 0.999524  0.254891 0.611316 1 0 1.000000
0  20.976114 -117.694672 2.615129  -0.028989 -0.010691 0.999523  0.261727 0.611316 1 0 1.000000
misc
0  24.059216 -121.025528 5.354135  0.021811 0.000000 -0.999762  0.041017 0.572253 1 0 1.000000
0  20.425562 -121.025528 5.271553  0.021619 0.000000 -0.999766  0.002930 0.572253 1 0 1.000000
0  20.425562 -117.240456 5.271553  0.022146 -0.000000 -0.999755  0.002930 0.609363 1 0 1.000000
misc
0  20.425562 -117.240456 5.271553  0.021811 0.000000 -0.999762  0.002930 0.609363 1 0 1.000000
0  24.059216 -117.240456 5.354135  0.021667 -0.000000 -0.999765  0.041993 0.610340 1 0 1.000000
0  24.059216 -121.025528 5.354135  0.022146 -0.000000 -0.999755  0.041017 0.572253 1 0 1.000000
misc
0  20.425562 -117.240456 9.510818  0.574646 0.478936 0.663628  0.041993 0.610340 1 0 1.000000
0  20.425562 -121.025528 9.510818  0.654424 0.000000 0.756128  0.002930 0.609363 1 0 1.000000
0  24.059216 -121.025528 6.358896  0.654750 0.000000 0.755845  0.002930 0.572253 1 0 1.000000
misc
0  24.059216 -121.025528 6.358896  0.654750 0.000000 0.755845  0.002930 0.572253 1 0 1.000000
0  24.059216 -117.240456 6.358896  0.592923 0.423752 0.684746  0.041017 0.572253 1 0 1.000000
0  20.425562 -117.240456 9.510818  0.574646 0.478936 0.663628  0.041993 0.610340 1 0 1.000000
misc
0  20.425562 -121.025528 6.290078  0.000671 -1.000000 0.000000  0.049806 0.572253 1 0 1.000000
0  24.059216 -121.025528 6.358896  0.000863 -1.000000 0.000000  0.095706 0.572253 1 0 1.000000
0  20.425562 -121.025528 9.510818  0.000863 -1.000000 -0.000000  0.049806 0.613269 1 0 1.000000
misc
0  24.059216 -121.025528 6.358896  1.000000 0.000000 0.000000  0.440443 0.996094 1 0 1.000000
0  24.059216 -121.025528 5.354135  1.000000 0.000000 0.000000  0.440443 0.979492 1 0 1.000000
0  24.059216 -117.240456 5.354135  1.000000 0.000000 0.000000  0.495132 0.979492 1 0 1.000000
misc
0  24.059216 -117.240456 5.354135  1.000000 0.000000 0.000000  0.495132 0.979492 1 0 1.000000
0  24.059216 -117.240456 6.358896  1.000000 0.000000 0.000000  0.495132 0.996094 1 0 1.000000
0  24.059216 -121.025528 6.358896  1.000000 0.000000 0.000000  0.440443 0.996094 1 0 1.000000
misc
0  20.425562 -117.240456 6.290078  0.000000 1.000000 0.000000  0.049806 0.572253 1 0 1.000000
0  20.425562 -117.240456 9.510818  0.574646 0.478936 0.663628  0.049806 0.613269 1 0 1.000000
0  24.059216 -117.240456 6.358896  0.592923 0.423752 0.684746  0.095706 0.572253 1 0 1.000000
misc
0  20.425562 -117.240456 6.290078  0.000730 0.999998 0.001825  0.495132 0.996094 1 0 1.000000
0  24.059216 -117.240456 6.358896  0.000000 1.000000 0.000000  0.440443 0.996094 1 0 1.000000
0  24.059216 -117.240456 5.354135  0.000325 1.000000 0.000352  0.440443 0.979492 1 0 1.000000
misc
0  24.059216 -117.240456 5.354135  0.000325 1.000000 0.000352  0.440443 0.979492 1 0 1.000000
0  20.425562 -117.240456 5.271553  0.000851 0.999997 0.002189  0.495132 0.979492 1 0 1.000000
0  20.425562 -117.240456 6.290078  0.000730 0.999998 0.001825  0.495132 0.996094 1 0 1.000000
misc
0  20.425562 -121.025528 6.290078  0.000671 -1.000000 0.000000  0.495132 0.996094 1 0 1.000000
0  20.425562 -121.025528 5.271553  0.000863 -1.000000 0.000000  0.495132 0.979492 1 0 1.000000
0  24.059216 -121.025528 5.354135  0.000863 -1.000000 0.000000  0.440443 0.979492 1 0 1.000000
misc
0  24.059216 -121.025528 5.354135  0.000863 -1.000000 0.000000  0.440443 0.979492 1 0 1.000000
0  24.059216 -121.025528 6.358896  0.000863 -1.000000 0.000000  0.440443 0.996094 1 0 1.000000
0  20.425562 -121.025528 6.290078  0.000671 -1.000000 0.000000  0.495132 0.996094 1 0 1.000000
misc
0  14.273119 -121.424675 -2.009523  -0.439493 -0.898246 -0.000000  0.214850 0.760735 1 0 1.000000
0  11.534114 -120.089577 -0.467972  -0.439364 -0.898309 0.000000  0.246101 0.752922 1 0 1.000000
0  11.534114 -120.089577 -1.940703  -0.439407 -0.898288 0.000000  0.246101 0.727531 1 0 1.000000
misc
0  11.534114 -120.089577 -1.940703  -0.439407 -0.898288 0.000000  0.246101 0.727531 1 0 1.000000
0  14.273119 -121.424675 -3.509783  -0.439493 -0.898246 -0.000000  0.214850 0.735343 1 0 1.000000
0  14.273119 -121.424675 -2.009523  -0.439493 -0.898246 -0.000000  0.214850 0.760735 1 0 1.000000
misc
0  14.273119 -121.424675 -2.009523  0.000000 -1.000000 0.000000  0.197272 0.773431 1 0 1.000000
0  14.273119 -121.424675 -3.509783  0.000000 -1.000000 0.000000  0.190435 0.773431 1 0 1.000000
0  24.664825 -121.424675 -3.509783  0.000000 -1.000000 0.000000  0.190435 0.729484 1 0 1.000000
misc
0  24.664825 -121.424675 -3.509783  0.000000 -1.000000 0.000000  0.190435 0.729484 1 0 1.000000
0  24.664825 -121.424675 -2.009524  0.000000 -1.000000 0.000000  0.197272 0.729484 1 0 1.000000
0  14.273119 -121.424675 -2.009523  0.000000 -1.000000 0.000000  0.197272 0.773431 1 0 1.000000
misc
0  11.534114 -117.983711 -1.940703  0.000000 1.000000 0.000000  0.253914 0.785150 1 0 1.000000
0  -11.699264 -117.983711 -1.926938  0.000000 1.000000 0.000000  0.460952 0.785150 1 0 1.000000
0  -11.699264 -117.983711 -0.467970  0.000000 1.000000 0.000000  0.460952 0.761711 1 0 1.000000
misc
0  -11.699264 -117.983711 -0.467970  0.000000 1.000000 0.000000  0.460952 0.761711 1 0 1.000000
0  11.534114 -117.983711 -0.467972  0.000000 1.000000 0.000000  0.253914 0.761711 1 0 1.000000
0  11.534114 -117.983711 -1.940703  0.000000 1.000000 0.000000  0.253914 0.785150 1 0 1.000000
misc
0  14.273119 -116.648613 -2.009523  -0.439450 0.898267 -0.000000  0.214850 0.760735 1 0 1.000000
0  14.273119 -116.648613 -3.413436  -0.439493 0.898246 0.000000  0.214850 0.735343 1 0 1.000000
0  11.534114 -117.983711 -1.940703  -0.439493 0.898246 0.000000  0.246101 0.727531 1 0 1.000000
misc
0  11.534114 -117.983711 -1.940703  -0.439364 0.898309 -0.000000  0.246101 0.727531 1 0 1.000000
0  11.534114 -117.983711 -0.467972  -0.439364 0.898309 -0.000000  0.246101 0.752922 1 0 1.000000
0  14.273119 -116.648613 -2.009523  -0.439364 0.898309 -0.000000  0.214850 0.760735 1 0 1.000000
misc
0  24.664824 -116.648613 -3.509783  0.000000 1.000000 -0.000012  0.190435 0.729484 1 0 1.000000
0  14.273119 -116.648613 -3.413436  0.000000 1.000000 0.000000  0.191412 0.773431 1 0 1.000000
0  14.273119 -116.648613 -2.009523  0.000000 1.000000 -0.000001  0.197272 0.773431 1 0 1.000000
misc
0  14.273119 -116.648613 -2.009523  0.000000 1.000000 -0.000001  0.197272 0.773431 1 0 1.000000
0  24.664825 -116.648613 -2.009524  0.000000 1.000000 -0.000013  0.197272 0.729484 1 0 1.000000
0  24.664824 -116.648613 -3.509783  0.000000 1.000000 -0.000012  0.190435 0.729484 1 0 1.000000
misc
0  14.273119 -116.648613 -2.009523  0.000000 0.000000 1.000000  0.259774 0.754875 1 0 1.000000
0  14.273119 -121.424675 -2.009523  0.000000 0.000000 1.000000  0.259774 0.729484 1 0 1.000000
0  24.664825 -121.424675 -2.009524  0.000000 0.000000 1.000000  0.209967 0.729484 1 0 1.000000
misc
0  24.664825 -121.424675 -2.009524  0.000000 0.000000 1.000000  0.209967 0.729484 1 0 1.000000
0  24.664825 -116.648613 -2.009524  0.000000 0.000000 1.000000  0.209967 0.754875 1 0 1.000000
0  14.273119 -116.648613 -2.009523  0.000000 0.000000 1.000000  0.259774 0.754875 1 0 1.000000
misc
0  11.534114 -120.089577 -1.940703  -0.000592 0.000000 -1.000000  0.253914 0.785150 1 0 1.000000
0  -11.699264 -120.075813 -1.926938  -0.000592 0.000000 -1.000000  0.460952 0.785150 1 0 1.000000
0  -11.699264 -117.983711 -1.926938  -0.000592 0.000000 -1.000000  0.460952 0.761711 1 0 1.000000
misc
0  -11.699264 -117.983711 -1.926938  -0.000592 0.000000 -1.000000  0.460952 0.761711 1 0 1.000000
0  11.534114 -117.983711 -1.940703  -0.000592 0.000000 -1.000000  0.253914 0.761711 1 0 1.000000
0  11.534114 -120.089577 -1.940703  -0.000592 0.000000 -1.000000  0.253914 0.785150 1 0 1.000000
misc
0  14.273119 -116.648613 -3.413436  -0.484854 0.012080 -0.874512  0.370128 0.938475 1 0 1.000000
0  14.273119 -121.424675 -3.509783  -0.491516 0.019058 -0.870660  0.433607 0.938475 1 0 1.000000
0  11.534114 -120.089577 -1.940703  -0.484725 0.011975 -0.874585  0.415052 0.902341 1 0 1.000000
misc
0  11.534114 -120.089577 -1.940703  -0.484725 0.011975 -0.874585  0.415052 0.902341 1 0 1.000000
0  11.534114 -117.983711 -1.940703  -0.473570 0.000000 -0.880756  0.387707 0.902341 1 0 1.000000
0  14.273119 -116.648613 -3.413436  -0.484854 0.012080 -0.874512  0.370128 0.938475 1 0 1.000000
misc
0  24.664825 -121.424675 -3.509783  -0.007444 0.006011 -0.999954  0.209967 0.729484 1 0 1.000000
0  14.273119 -121.424675 -3.509783  -0.000146 0.021840 -0.999761  0.259774 0.729484 1 0 1.000000
0  14.273119 -116.648613 -3.413436  -0.002881 0.015834 -0.999870  0.259774 0.754875 1 0 1.000000
misc
0  14.273119 -116.648613 -3.413436  -0.002881 0.015834 -0.999870  0.259774 0.754875 1 0 1.000000
0  24.664824 -116.648613 -3.509783  -0.009271 0.000000 -0.999957  0.209967 0.754875 1 0 1.000000
0  24.664825 -121.424675 -3.509783  -0.007444 0.006011 -0.999954  0.209967 0.729484 1 0 1.000000
misc
0  24.664825 -116.648613 -2.009524  1.000000 0.000000 -0.000001  0.233406 0.977538 1 0 1.000000
0  24.664825 -121.424675 -2.009524  1.000000 0.000000 0.000000  0.256844 0.977538 1 0 1.000000
0  24.664825 -121.424675 -3.509783  1.000000 0.000000 -0.000000  0.256844 0.990234 1 0 1.000000
misc
0  24.664825 -121.424675 -3.509783  1.000000 0.000000 -0.000000  0.256844 0.990234 1 0 1.000000
0  24.664824 -116.648613 -3.509783  1.000000 0.000000 -0.000001  0.233406 0.990234 1 0 1.000000
0  24.664825 -116.648613 -2.009524  1.000000 0.000000 -0.000001  0.233406 0.977538 1 0 1.000000
misc
0  -11.699264 -120.075813 -0.467970  -0.000592 -1.000000 0.000000  0.460952 0.761711 1 0 1.000000
0  -11.699264 -120.075813 -1.926938  -0.000592 -1.000000 0.000000  0.460952 0.785150 1 0 1.000000
0  11.534114 -120.089577 -1.940703  -0.000592 -1.000000 0.000000  0.253914 0.785150 1 0 1.000000
misc
0  11.534114 -120.089577 -1.940703  -0.000113 -1.000000 -0.000000  0.253914 0.785150 1 0 1.000000
0  11.534114 -120.089577 -0.467972  -0.000592 -1.000000 0.000000  0.253914 0.761711 1 0 1.000000
0  -11.699264 -120.075813 -0.467970  0.000079 -1.000000 -0.000000  0.460952 0.761711 1 0 1.000000
misc
0  -23.453588 -120.089577 2.821590  -0.618616 -0.785501 0.017403  0.017579 0.978515 1 0 1.000000
0  -22.324955 -120.351082 2.780299  0.362400 -0.932014 0.004100  0.017579 0.978515 1 0 1.000000
0  -22.283661 -120.323555 5.643179  0.359445 -0.933159 0.003801  0.017579 0.978515 1 0 1.000000
misc
0  -22.283661 -120.323555 5.643179  0.359445 -0.933159 0.003801  0.017579 0.978515 1 0 1.000000
0  -23.412298 -120.062050 5.684471  -0.628819 -0.777354 0.017524  0.017579 0.978515 1 0 1.000000
0  -23.453588 -120.089577 2.821590  -0.618616 -0.785501 0.017403  0.017579 0.978515 1 0 1.000000
misc
0  -21.430302 -119.057289 2.766535  0.999861 -0.007723 -0.014762  0.017579 0.978515 1 0 1.000000
0  -21.389011 -119.029762 5.643179  0.999860 0.007123 -0.015164  0.017579 0.978515 1 0 1.000000
0  -22.283661 -120.323555 5.643179  0.359445 -0.933159 0.003801  0.017579 0.978515 1 0 1.000000
misc
0  -22.283661 -120.323555 5.643179  0.359445 -0.933159 0.003801  0.017579 0.978515 1 0 1.000000
0  -22.324955 -120.351082 2.780299  0.362400 -0.932014 0.004100  0.017579 0.978515 1 0 1.000000
0  -21.430302 -119.057289 2.766535  0.999861 -0.007723 -0.014762  0.017579 0.978515 1 0 1.000000
misc
0  -22.324955 -117.763489 2.807827  0.367890 0.929746 -0.015127  0.017579 0.978515 1 0 1.000000
0  -22.283661 -117.735962 5.670708  0.354341 0.934996 -0.014999  0.017579 0.978515 1 0 1.000000
0  -21.389011 -119.029762 5.643179  0.999860 0.007123 -0.015164  0.017579 0.978515 1 0 1.000000
misc
0  -21.389011 -119.029762 5.643179  0.999860 0.007123 -0.015164  0.017579 0.978515 1 0 1.000000
0  -21.430302 -119.057289 2.766535  0.999861 -0.007723 -0.014762  0.017579 0.978515 1 0 1.000000
0  -22.324955 -117.763489 2.807827  0.367890 0.929746 -0.015127  0.017579 0.978515 1 0 1.000000
misc
0  -23.453588 -118.011238 2.835355  -0.623666 0.781689 0.001462  0.017579 0.978515 1 0 1.000000
0  -23.412298 -117.983711 5.711999  -0.623165 0.782089 0.001443  0.017579 0.978515 1 0 1.000000
0  -22.283661 -117.735962 5.670708  0.354341 0.934996 -0.014999  0.017579 0.978515 1 0 1.000000
misc
0  -22.283661 -117.735962 5.670708  0.354341 0.934996 -0.014999  0.017579 0.978515 1 0 1.000000
0  -22.324955 -117.763489 2.807827  0.367890 0.929746 -0.015127  0.017579 0.978515 1 0 1.000000
0  -23.453588 -118.011238 2.835355  -0.623666 0.781689 0.001462  0.017579 0.978515 1 0 1.000000
misc
0  -23.453588 -118.011238 2.835355  -0.623666 0.781689 0.001462  0.017579 0.978515 1 0 1.000000
0  -23.949087 -119.057289 2.835355  -0.999871 -0.005494 0.015115  0.017579 0.978515 1 0 1.000000
0  -23.907795 -119.029762 5.711999  -0.999866 0.006311 0.015125  0.017579 0.978515 1 0 1.000000
misc
0  -23.907795 -119.029762 5.711999  -0.999866 0.006311 0.015125  0.017579 0.978515 1 0 1.000000
0  -23.412298 -117.983711 5.711999  -0.623165 0.782089 0.001443  0.017579 0.978515 1 0 1.000000
0  -23.453588 -118.011238 2.835355  -0.623666 0.781689 0.001462  0.017579 0.978515 1 0 1.000000
misc
0  -23.949087 -119.057289 2.835355  -0.999871 -0.005494 0.015115  0.017579 0.978515 1 0 1.000000
0  -23.453588 -120.089577 2.821590  -0.618616 -0.785501 0.017403  0.017579 0.978515 1 0 1.000000
0  -23.412298 -120.062050 5.684471  -0.628819 -0.777354 0.017524  0.017579 0.978515 1 0 1.000000
misc
0  -23.412298 -120.062050 5.684471  -0.628819 -0.777354 0.017524  0.017579 0.978515 1 0 1.000000
0  -23.907795 -119.029762 5.711999  -0.999866 0.006311 0.015125  0.017579 0.978515 1 0 1.000000
0  -23.949087 -119.057289 2.835355  -0.999871 -0.005494 0.015115  0.017579 0.978515 1 0 1.000000
misc
0  46.824623 -88.129921 -7.446246  0.000000 0.000000 -1.000000  0.259774 0.062471 1 0 1.000000
0  34.492210 -86.533318 -7.446245  0.000000 0.000000 -1.000000  0.259774 0.062471 1 0 1.000000
0  46.865913 -87.840881 -7.446246  0.000000 0.000000 -1.000000  0.259774 0.062471 1 0 1.000000
misc
0  47.168716 -88.171211 -6.510304  0.975104 -0.132893 -0.177517  0.259774 0.062471 1 0 1.000000
0  47.210007 -87.882172 -6.510304  0.975126 -0.133498 -0.176941  0.259774 0.062471 1 0 1.000000
0  47.210007 -87.882172 8.602402  0.990747 -0.135724 -0.000000  0.259774 0.062471 1 0 1.000000
misc
0  47.210007 -87.882172 8.602402  0.990747 -0.135724 -0.000000  0.259774 0.062471 1 0 1.000000
0  47.168716 -88.171211 8.602402  0.990747 -0.135724 -0.000000  0.259774 0.062471 1 0 1.000000
0  47.168716 -88.171211 -6.510304  0.975104 -0.132893 -0.177517  0.259774 0.062471 1 0 1.000000
misc
0  46.865913 -87.840881 -7.446246  0.104830 0.994482 0.003960  0.259774 0.062471 1 0 1.000000
0  34.492210 -86.533318 -7.446245  0.104252 0.994542 -0.004184  0.259774 0.062471 1 0 1.000000
0  34.148117 -86.505791 -6.510303  0.104619 0.994511 -0.001601  0.259774 0.062471 1 0 1.000000
misc
0  34.148117 -86.505791 -6.510303  0.104619 0.994511 -0.001601  0.259774 0.062471 1 0 1.000000
0  47.210007 -87.882172 -6.510304  0.104793 0.994491 0.002330  0.259774 0.062471 1 0 1.000000
0  46.865913 -87.840881 -7.446246  0.104830 0.994482 0.003960  0.259774 0.062471 1 0 1.000000
misc
0  46.824623 -88.129921 -7.446246  -0.127317 -0.991857 0.003239  0.259774 0.062471 1 0 1.000000
0  47.168716 -88.171211 -6.510304  -0.127435 -0.991846 0.001607  0.259774 0.062471 1 0 1.000000
0  34.148117 -86.505791 -6.510303  -0.127627 -0.991821 -0.001858  0.259774 0.062471 1 0 1.000000
misc
0  34.148117 -86.505791 -6.510303  -0.127627 -0.991821 -0.001858  0.259774 0.062471 1 0 1.000000
0  34.492210 -86.533318 -7.446245  -0.127969 -0.991767 -0.004691  0.259774 0.062471 1 0 1.000000
0  46.824623 -88.129921 -7.446246  -0.127317 -0.991857 0.003239  0.259774 0.062471 1 0 1.000000
misc
0  47.168716 -88.171211 -6.510304  0.975104 -0.132893 -0.177517  0.259774 0.062471 1 0 1.000000
0  46.824623 -88.129921 -7.446246  0.930050 -0.120385 -0.347151  0.259774 0.062471 1 0 1.000000
0  46.865913 -87.840881 -7.446246  0.929753 -0.121604 -0.347522  0.259774 0.062471 1 0 1.000000
misc
0  46.865913 -87.840881 -7.446246  0.929753 -0.121604 -0.347522  0.259774 0.062471 1 0 1.000000
0  47.210007 -87.882172 -6.510304  0.975126 -0.133498 -0.176941  0.259774 0.062471 1 0 1.000000
0  47.168716 -88.171211 -6.510304  0.975104 -0.132893 -0.177517  0.259774 0.062471 1 0 1.000000
misc
0  34.148117 -86.505791 -6.510303  0.104631 0.994510 -0.001477  0.259774 0.062471 1 0 1.000000
0  34.148117 -86.505791 8.602403  0.104794 0.994494 0.000000  0.259774 0.062471 1 0 1.000000
0  47.210007 -87.882172 8.602402  0.104794 0.994494 0.000000  0.259774 0.062471 1 0 1.000000
misc
0  47.210007 -87.882172 8.602402  0.104794 0.994494 0.000000  0.259774 0.062471 1 0 1.000000
0  47.210007 -87.882172 -6.510304  0.104793 0.994491 0.002330  0.259774 0.062471 1 0 1.000000
0  34.148117 -86.505791 -6.510303  0.104619 0.994511 -0.001601  0.259774 0.062471 1 0 1.000000
misc
0  34.148117 -86.505791 8.602403  -0.126873 -0.991919 0.000000  0.259774 0.062471 1 0 1.000000
0  34.148117 -86.505791 -6.510303  -0.127627 -0.991821 -0.001858  0.259774 0.062471 1 0 1.000000
0  47.168716 -88.171211 -6.510304  -0.127435 -0.991846 0.001607  0.259774 0.062471 1 0 1.000000
misc
0  47.168716 -88.171211 -6.510304  -0.127314 -0.991861 0.001618  0.259774 0.062471 1 0 1.000000
0  47.168716 -88.171211 8.602402  -0.127206 -0.991876 0.000000  0.259774 0.062471 1 0 1.000000
0  34.148117 -86.505791 8.602403  -0.126873 -0.991919 0.000000  0.259774 0.062471 1 0 1.000000
misc
0  -34.492195 -86.533318 -7.446240  0.000000 -0.000000 -1.000000  0.259774 0.062471 1 0 1.000000
0  -46.824608 -88.129921 -7.446239  0.000000 -0.000000 -1.000000  0.259774 0.062471 1 0 1.000000
0  -46.865898 -87.840881 -7.446239  0.000000 -0.000000 -1.000000  0.259774 0.062471 1 0 1.000000
misc
0  -47.209991 -87.882172 8.602409  -0.990744 -0.135744 -0.000000  0.259774 0.062471 1 0 1.000000
0  -47.209991 -87.882172 -6.510297  -0.975120 -0.133548 -0.176933  0.259774 0.062471 1 0 1.000000
0  -47.168701 -88.171211 -6.510297  -0.975082 -0.133044 -0.177525  0.259774 0.062471 1 0 1.000000
misc
0  -47.168701 -88.171211 -6.510297  -0.975134 -0.132933 -0.177322  0.259774 0.062471 1 0 1.000000
0  -47.168701 -88.171211 8.602409  -0.990747 -0.135724 0.000000  0.259774 0.062471 1 0 1.000000
0  -47.209991 -87.882172 8.602409  -0.990747 -0.135724 -0.000000  0.259774 0.062471 1 0 1.000000
misc
0  -34.148102 -86.505791 -6.510298  -0.104679 0.994505 -0.001592  0.259774 0.062471 1 0 1.000000
0  -34.492195 -86.533318 -7.446240  -0.104315 0.994536 -0.004180  0.259774 0.062471 1 0 1.000000
0  -46.865898 -87.840881 -7.446239  -0.104891 0.994476 0.003917  0.259774 0.062471 1 0 1.000000
misc
0  -46.865898 -87.840881 -7.446239  -0.104891 0.994476 0.003917  0.259774 0.062471 1 0 1.000000
0  -47.209991 -87.882172 -6.510297  -0.104793 0.994491 0.002331  0.259774 0.062471 1 0 1.000000
0  -34.148102 -86.505791 -6.510298  -0.104679 0.994505 -0.001592  0.259774 0.062471 1 0 1.000000
misc
0  -34.148102 -86.505791 -6.510298  0.127628 -0.991820 -0.001807  0.259774 0.062471 1 0 1.000000
0  -47.168701 -88.171211 -6.510297  0.126873 -0.991918 0.001265  0.259774 0.062471 1 0 1.000000
0  -46.824608 -88.129921 -7.446239  0.127411 -0.991844 0.003510  0.259774 0.062471 1 0 1.000000
misc
0  -46.824608 -88.129921 -7.446239  0.127411 -0.991844 0.003510  0.259774 0.062471 1 0 1.000000
0  -34.492195 -86.533318 -7.446240  0.127968 -0.991767 -0.004682  0.259774 0.062471 1 0 1.000000
0  -34.148102 -86.505791 -6.510298  0.127628 -0.991820 -0.001807  0.259774 0.062471 1 0 1.000000
misc
0  -46.865898 -87.840881 -7.446239  -0.929754 -0.121583 -0.347526  0.259774 0.062471 1 0 1.000000
0  -46.824608 -88.129921 -7.446239  -0.930039 -0.120358 -0.347191  0.259774 0.062471 1 0 1.000000
0  -47.168701 -88.171211 -6.510297  -0.975082 -0.133044 -0.177525  0.259774 0.062471 1 0 1.000000
misc
0  -47.168701 -88.171211 -6.510297  -0.975082 -0.133044 -0.177525  0.259774 0.062471 1 0 1.000000
0  -47.209991 -87.882172 -6.510297  -0.975120 -0.133548 -0.176933  0.259774 0.062471 1 0 1.000000
0  -46.865898 -87.840881 -7.446239  -0.929754 -0.121583 -0.347526  0.259774 0.062471 1 0 1.000000
misc
0  -47.209991 -87.882172 8.602409  -0.104794 0.994494 0.000000  0.259774 0.062471 1 0 1.000000
0  -34.148102 -86.505791 8.602408  -0.104794 0.994494 0.000000  0.259774 0.062471 1 0 1.000000
0  -34.148102 -86.505791 -6.510298  -0.104679 0.994505 -0.001592  0.259774 0.062471 1 0 1.000000
misc
0  -34.148102 -86.505791 -6.510298  -0.104679 0.994505 -0.001592  0.259774 0.062471 1 0 1.000000
0  -47.209991 -87.882172 -6.510297  -0.104793 0.994491 0.002331  0.259774 0.062471 1 0 1.000000
0  -47.209991 -87.882172 8.602409  -0.104794 0.994494 0.000000  0.259774 0.062471 1 0 1.000000
misc
0  -47.168701 -88.171211 -6.510297  0.126873 -0.991918 0.001265  0.259774 0.062471 1 0 1.000000
0  -34.148102 -86.505791 -6.510298  0.127628 -0.991820 -0.001807  0.259774 0.062471 1 0 1.000000
0  -34.148102 -86.505791 8.602408  0.126873 -0.991919 0.000000  0.259774 0.062471 1 0 1.000000
misc
0  -34.148102 -86.505791 8.602408  0.126873 -0.991919 0.000000  0.259774 0.062471 1 0 1.000000
0  -47.168701 -88.171211 8.602409  0.127206 -0.991876 -0.000000  0.259774 0.062471 1 0 1.000000
0  -47.168701 -88.171211 -6.510297  0.126873 -0.991918 0.001265  0.259774 0.062471 1 0 1.000000
misc
0  30.872305 84.372391 7.528823  -0.004892 0.999887 -0.014212  0.116214 0.368145 1 0 1.000000
0  44.938957 84.441208 7.528822  -0.004892 0.999887 -0.014212  0.116214 0.277322 1 0 1.000000
0  37.905632 84.248520 -3.606131  -0.004892 0.999887 -0.014212  0.194342 0.323222 1 0 1.000000
misc
0  -44.966499 84.441208 7.528829  0.004446 0.999887 -0.014389  0.116214 0.369121 1 0 1.000000
0  -30.899847 84.372391 7.528828  0.004892 0.999887 -0.014212  0.116214 0.277322 1 0 1.000000
0  -37.933174 84.248520 -3.606126  0.004892 0.999887 -0.014212  0.194342 0.323222 1 0 1.000000
misc
0  23.384790 -120.103340 1.238745  0.618255 -0.785882 0.012240  0.017579 0.978515 1 0 1.000000
0  23.343496 -120.075813 5.326608  0.629215 -0.777134 0.012336  0.017579 0.978515 1 0 1.000000
0  22.228624 -120.323555 5.299080  -0.357089 -0.934066 0.002924  0.017579 0.978515 1 0 1.000000
misc
0  22.228624 -120.323555 5.299080  -0.357089 -0.934066 0.002924  0.017579 0.978515 1 0 1.000000
0  22.269917 -120.351082 1.197453  -0.364329 -0.931266 0.002826  0.017579 0.978515 1 0 1.000000
0  23.384790 -120.103340 1.238745  0.618255 -0.785882 0.012240  0.017579 0.978515 1 0 1.000000
misc
0  22.228624 -120.323555 5.299080  -0.357089 -0.934066 0.002924  0.017579 0.978515 1 0 1.000000
0  21.320211 -119.029762 5.285316  -0.999926 0.005587 -0.010789  0.017579 0.978515 1 0 1.000000
0  21.361502 -119.057289 1.183689  -0.999930 -0.006256 -0.010024  0.017579 0.978515 1 0 1.000000
misc
0  21.361502 -119.057289 1.183689  -0.999930 -0.006256 -0.010024  0.017579 0.978515 1 0 1.000000
0  22.269917 -120.351082 1.197453  -0.364329 -0.931266 0.002826  0.017579 0.978515 1 0 1.000000
0  22.228624 -120.323555 5.299080  -0.357089 -0.934066 0.002924  0.017579 0.978515 1 0 1.000000
misc
0  21.320211 -119.029762 5.285316  -0.999926 0.005587 -0.010789  0.017579 0.978515 1 0 1.000000
0  22.214861 -117.735962 5.326608  -0.353439 0.935397 -0.010652  0.017579 0.978515 1 0 1.000000
0  22.269917 -117.763489 1.224981  -0.369045 0.929351 -0.010614  0.017579 0.978515 1 0 1.000000
misc
0  22.269917 -117.763489 1.224981  -0.369045 0.929351 -0.010614  0.017579 0.978515 1 0 1.000000
0  21.361502 -119.057289 1.183689  -0.999930 -0.006256 -0.010024  0.017579 0.978515 1 0 1.000000
0  21.320211 -119.029762 5.285316  -0.999926 0.005587 -0.010789  0.017579 0.978515 1 0 1.000000
misc
0  22.214861 -117.735962 5.326608  -0.353439 0.935397 -0.010652  0.017579 0.978515 1 0 1.000000
0  23.343496 -117.997475 5.354135  0.623870 0.781527 0.001040  0.017579 0.978515 1 0 1.000000
0  23.384790 -118.025002 1.252508  0.622440 0.782667 0.000977  0.017579 0.978515 1 0 1.000000
misc
0  23.384790 -118.025002 1.252508  0.622440 0.782667 0.000977  0.017579 0.978515 1 0 1.000000
0  22.269917 -117.763489 1.224981  -0.369045 0.929351 -0.010614  0.017579 0.978515 1 0 1.000000
0  22.214861 -117.735962 5.326608  -0.353439 0.935397 -0.010652  0.017579 0.978515 1 0 1.000000
misc
0  23.343496 -117.997475 5.354135  0.623870 0.781527 0.001040  0.017579 0.978515 1 0 1.000000
0  23.838997 -119.029762 5.354135  0.999927 0.005598 0.010674  0.017579 0.978515 1 0 1.000000
0  23.894051 -119.057289 1.252508  0.999934 -0.004207 0.010653  0.017579 0.978515 1 0 1.000000
misc
0  23.894051 -119.057289 1.252508  0.999934 -0.004207 0.010653  0.017579 0.978515 1 0 1.000000
0  23.384790 -118.025002 1.252508  0.622440 0.782667 0.000977  0.017579 0.978515 1 0 1.000000
0  23.343496 -117.997475 5.354135  0.623870 0.781527 0.001040  0.017579 0.978515 1 0 1.000000
misc
0  23.894051 -119.057289 1.252508  0.999934 -0.004207 0.010653  0.017579 0.978515 1 0 1.000000
0  23.838997 -119.029762 5.354135  0.999927 0.005598 0.010674  0.017579 0.978515 1 0 1.000000
0  23.343496 -120.075813 5.326608  0.629215 -0.777134 0.012336  0.017579 0.978515 1 0 1.000000
misc
0  23.343496 -120.075813 5.326608  0.629215 -0.777134 0.012336  0.017579 0.978515 1 0 1.000000
0  23.384790 -120.103340 1.238745  0.618255 -0.785882 0.012240  0.017579 0.978515 1 0 1.000000
0  23.894051 -119.057289 1.252508  0.999934 -0.004207 0.010653  0.017579 0.978515 1 0 1.000000
misc
0  26.743170 -140.611481 10.818383  0.192541 -0.958171 -0.211748  0.353526 0.046846 1 0 1.000000
0  26.536711 -139.537903 11.396465  -0.401673 0.686012 0.606668  0.353526 0.046846 1 0 1.000000
0  -26.522924 -139.537903 11.396469  0.401144 0.685556 0.607533  0.353526 0.046846 1 0 1.000000
misc
0  -26.522924 -139.537903 11.396469  0.401144 0.685556 0.607533  0.353526 0.046846 1 0 1.000000
0  -26.729383 -140.611481 10.818387  -0.192000 -0.958282 -0.211737  0.353526 0.046846 1 0 1.000000
0  26.743170 -140.611481 10.818383  0.192541 -0.958171 -0.211748  0.353526 0.046846 1 0 1.000000
misc
0  26.536711 -139.537903 11.396465  -0.401673 0.686012 0.606668  0.353526 0.046846 1 0 1.000000
0  26.963390 -139.537903 10.240301  0.450529 0.409576 -0.793266  0.353526 0.046846 1 0 1.000000
0  -26.935841 -139.537903 10.240305  -0.449806 0.409647 -0.793640  0.353526 0.046846 1 0 1.000000
misc
0  -26.935841 -139.537903 10.240305  -0.449806 0.409647 -0.793640  0.353526 0.046846 1 0 1.000000
0  -26.522924 -139.537903 11.396469  0.401144 0.685556 0.607533  0.353526 0.046846 1 0 1.000000
0  26.536711 -139.537903 11.396465  -0.401673 0.686012 0.606668  0.353526 0.046846 1 0 1.000000
misc
0  26.963390 -139.537903 10.240301  0.450529 0.409576 -0.793266  0.353526 0.046846 1 0 1.000000
0  26.743170 -140.611481 10.818383  0.192541 -0.958171 -0.211748  0.353526 0.046846 1 0 1.000000
0  -26.729383 -140.611481 10.818387  -0.192000 -0.958282 -0.211737  0.353526 0.046846 1 0 1.000000
misc
0  -26.729383 -140.611481 10.818387  -0.192000 -0.958282 -0.211737  0.353526 0.046846 1 0 1.000000
0  -26.935841 -139.537903 10.240305  -0.449806 0.409647 -0.793640  0.353526 0.046846 1 0 1.000000
0  26.963390 -139.537903 10.240301  0.450529 0.409576 -0.793266  0.353526 0.046846 1 0 1.000000
misc
0  -26.729383 -140.611481 10.818387  -0.192000 -0.958282 -0.211737  0.353526 0.046846 1 0 1.000000
0  -26.522924 -139.537903 11.396469  0.401144 0.685556 0.607533  0.353526 0.046846 1 0 1.000000
0  -31.477911 -139.565430 20.879761  0.690938 0.621351 0.369497  0.353526 0.046846 1 0 1.000000
misc
0  -31.477911 -139.565430 20.879761  0.690938 0.621351 0.369497  0.353526 0.046846 1 0 1.000000
0  -32.083519 -140.639008 20.865997  -0.253693 -0.956447 -0.144393  0.353526 0.046846 1 0 1.000000
0  -26.729383 -140.611481 10.818387  -0.192000 -0.958282 -0.211737  0.353526 0.046846 1 0 1.000000
misc
0  -26.522924 -139.537903 11.396469  0.401144 0.685556 0.607533  0.353526 0.046846 1 0 1.000000
0  -26.935841 -139.537903 10.240305  -0.449806 0.409647 -0.793640  0.353526 0.046846 1 0 1.000000
0  -32.675365 -139.579193 20.879761  -0.815704 0.376306 -0.439341  0.353526 0.046846 1 0 1.000000
misc
0  -32.675365 -139.579193 20.879761  -0.815704 0.376306 -0.439341  0.353526 0.046846 1 0 1.000000
0  -31.477911 -139.565430 20.879761  0.690938 0.621351 0.369497  0.353526 0.046846 1 0 1.000000
0  -26.522924 -139.537903 11.396469  0.401144 0.685556 0.607533  0.353526 0.046846 1 0 1.000000
misc
0  -26.935841 -139.537903 10.240305  -0.449806 0.409647 -0.793640  0.353526 0.046846 1 0 1.000000
0  -26.729383 -140.611481 10.818387  -0.192000 -0.958282 -0.211737  0.353526 0.046846 1 0 1.000000
0  -32.083519 -140.639008 20.865997  -0.253693 -0.956447 -0.144393  0.353526 0.046846 1 0 1.000000
misc
0  -32.083519 -140.639008 20.865997  -0.253693 -0.956447 -0.144393  0.353526 0.046846 1 0 1.000000
0  -32.675365 -139.579193 20.879761  -0.815704 0.376306 -0.439341  0.353526 0.046846 1 0 1.000000
0  -26.935841 -139.537903 10.240305  -0.449806 0.409647 -0.793640  0.353526 0.046846 1 0 1.000000
misc
0  -41.043785 -141.919037 25.820984  -0.833888 -0.466940 0.294274  0.353526 0.046846 1 0 1.000000
0  -41.897144 -139.551666 27.156076  -0.687423 -0.331249 0.646315  0.353526 0.046846 1 0 1.000000
0  -41.690689 -141.919037 21.912052  -0.970928 -0.222710 -0.087749  0.353526 0.046846 1 0 1.000000
misc
0  -41.690689 -141.919037 21.912052  -0.970928 -0.222710 -0.087749  0.353526 0.046846 1 0 1.000000
0  -42.007256 -139.551666 20.852236  -0.735838 -0.117481 -0.666889  0.353526 0.046846 1 0 1.000000
0  -41.319061 -141.919037 20.824705  -0.498222 -0.133847 -0.856656  0.353526 0.046846 1 0 1.000000
misc
0  -31.656841 -141.919037 21.333967  0.908662 -0.151665 -0.389013  0.353526 0.046846 1 0 1.000000
0  -32.276211 -141.919037 20.824703  0.272584 -0.072380 -0.959406  0.353526 0.046846 1 0 1.000000
0  -31.477911 -139.565430 20.879761  0.722255 -0.070042 -0.688071  0.353526 0.046846 1 0 1.000000
misc
0  -31.656841 -141.919037 21.333967  0.908662 -0.151665 -0.389013  0.353526 0.046846 1 0 1.000000
0  -31.477911 -139.565430 20.879761  0.722255 -0.070042 -0.688071  0.353526 0.046846 1 0 1.000000
0  -31.395325 -139.565430 27.211130  0.717945 -0.109876 0.687373  0.353526 0.046846 1 0 1.000000
misc
0  -31.395325 -139.565430 27.211130  0.717945 -0.109876 0.687373  0.353526 0.046846 1 0 1.000000
0  -31.656839 -141.919037 26.701868  0.912448 -0.176804 0.369023  0.353526 0.046846 1 0 1.000000
0  -31.656841 -141.919037 21.333967  0.908662 -0.151665 -0.389013  0.353526 0.046846 1 0 1.000000
misc
0  -32.152340 -141.919037 27.142311  0.283088 -0.125096 0.950901  0.353526 0.046846 1 0 1.000000
0  -31.656839 -141.919037 26.701868  0.912448 -0.176804 0.369023  0.353526 0.046846 1 0 1.000000
0  -31.395325 -139.565430 27.211130  0.717945 -0.109876 0.687373  0.353526 0.046846 1 0 1.000000
misc
0  -41.897144 -139.551666 27.156076  -0.687423 -0.331249 0.646315  0.353526 0.046846 1 0 1.000000
0  -40.231716 -141.919037 26.949619  -0.304556 -0.292695 0.906408  0.353526 0.046846 1 0 1.000000
0  -32.152340 -141.919037 27.142311  0.283088 -0.125096 0.950901  0.353526 0.046846 1 0 1.000000
misc
0  -32.152340 -141.919037 27.142311  0.283088 -0.125096 0.950901  0.353526 0.046846 1 0 1.000000
0  -31.395325 -139.565430 27.211130  0.717945 -0.109876 0.687373  0.353526 0.046846 1 0 1.000000
0  -41.897144 -139.551666 27.156076  -0.687423 -0.331249 0.646315  0.353526 0.046846 1 0 1.000000
misc
0  -40.231716 -141.919037 26.949619  -0.304556 -0.292695 0.906408  0.353526 0.046846 1 0 1.000000
0  -41.897144 -139.551666 27.156076  -0.687423 -0.331249 0.646315  0.353526 0.046846 1 0 1.000000
0  -41.043785 -141.919037 25.820984  -0.833888 -0.466940 0.294274  0.353526 0.046846 1 0 1.000000
misc
0  -41.897144 -139.551666 27.156076  0.000973 1.000000 -0.000028  0.353526 0.046846 1 0 1.000000
0  -31.395325 -139.565430 27.211130  0.000352 1.000000 -0.000037  0.353526 0.046846 1 0 1.000000
0  -31.477911 -139.565430 20.879761  0.000974 1.000000 -0.000026  0.353526 0.046846 1 0 1.000000
misc
0  -31.477911 -139.565430 20.879761  0.000974 1.000000 -0.000026  0.353526 0.046846 1 0 1.000000
0  -42.007256 -139.551666 20.852236  0.001307 0.999999 -0.000026  0.353526 0.046846 1 0 1.000000
0  -41.897144 -139.551666 27.156076  0.000973 1.000000 -0.000028  0.353526 0.046846 1 0 1.000000
misc
0  -31.477911 -139.565430 20.879761  0.722255 -0.070042 -0.688071  0.353526 0.046846 1 0 1.000000
0  -32.276211 -141.919037 20.824703  0.272584 -0.072380 -0.959406  0.353526 0.046846 1 0 1.000000
0  -41.319061 -141.919037 20.824705  -0.498222 -0.133847 -0.856656  0.353526 0.046846 1 0 1.000000
misc
0  -41.319061 -141.919037 20.824705  -0.498222 -0.133847 -0.856656  0.353526 0.046846 1 0 1.000000
0  -42.007256 -139.551666 20.852236  -0.735838 -0.117481 -0.666889  0.353526 0.046846 1 0 1.000000
0  -31.477911 -139.565430 20.879761  0.722255 -0.070042 -0.688071  0.353526 0.046846 1 0 1.000000
misc
0  -41.897144 -139.551666 27.156076  -0.687423 -0.331249 0.646315  0.353526 0.046846 1 0 1.000000
0  -42.007256 -139.551666 20.852236  -0.735838 -0.117481 -0.666889  0.353526 0.046846 1 0 1.000000
0  -41.690689 -141.919037 21.912052  -0.970928 -0.222710 -0.087749  0.353526 0.046846 1 0 1.000000
misc
0  26.743170 -140.611481 10.818383  0.192541 -0.958171 -0.211748  0.353526 0.046846 1 0 1.000000
0  32.083542 -140.639008 20.865993  0.252984 -0.956758 -0.143574  0.353526 0.046846 1 0 1.000000
0  31.477934 -139.565430 20.879757  -0.691689 0.621244 0.368268  0.353526 0.046846 1 0 1.000000
misc
0  31.477934 -139.565430 20.879757  -0.691689 0.621244 0.368268  0.353526 0.046846 1 0 1.000000
0  26.536711 -139.537903 11.396465  -0.401673 0.686012 0.606668  0.353526 0.046846 1 0 1.000000
0  26.743170 -140.611481 10.818383  0.192541 -0.958171 -0.211748  0.353526 0.046846 1 0 1.000000
misc
0  26.536711 -139.537903 11.396465  -0.401673 0.686012 0.606668  0.353526 0.046846 1 0 1.000000
0  31.477934 -139.565430 20.879757  -0.691689 0.621244 0.368268  0.353526 0.046846 1 0 1.000000
0  32.675388 -139.579193 20.879757  0.816272 0.376618 -0.438016  0.353526 0.046846 1 0 1.000000
misc
0  32.675388 -139.579193 20.879757  0.816272 0.376618 -0.438016  0.353526 0.046846 1 0 1.000000
0  26.963390 -139.537903 10.240301  0.450529 0.409576 -0.793266  0.353526 0.046846 1 0 1.000000
0  26.536711 -139.537903 11.396465  -0.401673 0.686012 0.606668  0.353526 0.046846 1 0 1.000000
misc
0  26.963390 -139.537903 10.240301  0.450529 0.409576 -0.793266  0.353526 0.046846 1 0 1.000000
0  32.675388 -139.579193 20.879757  0.816272 0.376618 -0.438016  0.353526 0.046846 1 0 1.000000
0  32.083542 -140.639008 20.865993  0.252984 -0.956758 -0.143574  0.353526 0.046846 1 0 1.000000
misc
0  32.083542 -140.639008 20.865993  0.252984 -0.956758 -0.143574  0.353526 0.046846 1 0 1.000000
0  26.743170 -140.611481 10.818383  0.192541 -0.958171 -0.211748  0.353526 0.046846 1 0 1.000000
0  26.963390 -139.537903 10.240301  0.450529 0.409576 -0.793266  0.353526 0.046846 1 0 1.000000
misc
0  41.897167 -139.551666 27.156069  0.687423 -0.331250 0.646315  0.353526 0.046846 1 0 1.000000
0  41.043808 -141.919037 25.820976  0.833845 -0.466959 0.294368  0.353526 0.046846 1 0 1.000000
0  41.690712 -141.919037 21.912045  0.970925 -0.222796 -0.087556  0.353526 0.046846 1 0 1.000000
misc
0  42.007278 -139.551666 20.852228  0.735979 -0.117834 -0.666671  0.353526 0.046846 1 0 1.000000
0  41.690712 -141.919037 21.912045  0.970925 -0.222796 -0.087556  0.353526 0.046846 1 0 1.000000
0  41.319084 -141.919037 20.824697  0.498221 -0.133847 -0.856657  0.353526 0.046846 1 0 1.000000
misc
0  32.276234 -141.919037 20.824699  -0.272585 -0.072381 -0.959405  0.353526 0.046846 1 0 1.000000
0  31.656864 -141.919037 21.333963  -0.908662 -0.151668 -0.389012  0.353526 0.046846 1 0 1.000000
0  31.477934 -139.565430 20.879757  -0.722255 -0.070045 -0.688071  0.353526 0.046846 1 0 1.000000
misc
0  31.656864 -141.919037 21.333963  -0.908662 -0.151668 -0.389012  0.353526 0.046846 1 0 1.000000
0  31.656866 -141.919037 26.701864  -0.912450 -0.176802 0.369019  0.353526 0.046846 1 0 1.000000
0  31.395351 -139.565430 27.211126  -0.717867 -0.109665 0.687488  0.353526 0.046846 1 0 1.000000
misc
0  31.395351 -139.565430 27.211126  -0.717867 -0.109665 0.687488  0.353526 0.046846 1 0 1.000000
0  31.477934 -139.565430 20.879757  -0.722255 -0.070045 -0.688071  0.353526 0.046846 1 0 1.000000
0  31.656864 -141.919037 21.333963  -0.908662 -0.151668 -0.389012  0.353526 0.046846 1 0 1.000000
misc
0  31.656866 -141.919037 26.701864  -0.912450 -0.176802 0.369019  0.353526 0.046846 1 0 1.000000
0  32.152363 -141.919037 27.142307  -0.282945 -0.125037 0.950951  0.353526 0.046846 1 0 1.000000
0  31.395351 -139.565430 27.211126  -0.717867 -0.109665 0.687488  0.353526 0.046846 1 0 1.000000
misc
0  41.897167 -139.551666 27.156069  0.687423 -0.331250 0.646315  0.353526 0.046846 1 0 1.000000
0  31.395351 -139.565430 27.211126  -0.717867 -0.109665 0.687488  0.353526 0.046846 1 0 1.000000
0  32.152363 -141.919037 27.142307  -0.282945 -0.125037 0.950951  0.353526 0.046846 1 0 1.000000
misc
0  32.152363 -141.919037 27.142307  -0.282945 -0.125037 0.950951  0.353526 0.046846 1 0 1.000000
0  40.231739 -141.919037 26.949612  0.305097 -0.292630 0.906247  0.353526 0.046846 1 0 1.000000
0  41.897167 -139.551666 27.156069  0.687423 -0.331250 0.646315  0.353526 0.046846 1 0 1.000000
misc
0  41.897167 -139.551666 27.156069  0.687423 -0.331250 0.646315  0.353526 0.046846 1 0 1.000000
0  40.231739 -141.919037 26.949612  0.305097 -0.292630 0.906247  0.353526 0.046846 1 0 1.000000
0  41.043808 -141.919037 25.820976  0.833845 -0.466959 0.294368  0.353526 0.046846 1 0 1.000000
misc
0  41.897167 -139.551666 27.156069  -0.000829 1.000000 -0.000030  0.353526 0.046846 1 0 1.000000
0  42.007278 -139.551666 20.852228  -0.001307 0.999999 -0.000026  0.353526 0.046846 1 0 1.000000
0  31.477934 -139.565430 20.879757  -0.000974 1.000000 -0.000025  0.353526 0.046846 1 0 1.000000
misc
0  31.477934 -139.565430 20.879757  -0.000974 1.000000 -0.000025  0.353526 0.046846 1 0 1.000000
0  31.395351 -139.565430 27.211126  -0.000831 1.000000 -0.000025  0.353526 0.046846 1 0 1.000000
0  41.897167 -139.551666 27.156069  -0.000829 1.000000 -0.000030  0.353526 0.046846 1 0 1.000000
misc
0  31.477934 -139.565430 20.879757  -0.722255 -0.070045 -0.688071  0.353526 0.046846 1 0 1.000000
0  42.007278 -139.551666 20.852228  0.735979 -0.117834 -0.666671  0.353526 0.046846 1 0 1.000000
0  41.319084 -141.919037 20.824697  0.498221 -0.133847 -0.856657  0.353526 0.046846 1 0 1.000000
misc
0  41.319084 -141.919037 20.824697  0.498221 -0.133847 -0.856657  0.353526 0.046846 1 0 1.000000
0  32.276234 -141.919037 20.824699  -0.272585 -0.072381 -0.959405  0.353526 0.046846 1 0 1.000000
0  31.477934 -139.565430 20.879757  -0.722255 -0.070045 -0.688071  0.353526 0.046846 1 0 1.000000
misc
0  42.007278 -139.551666 20.852228  0.735979 -0.117834 -0.666671  0.353526 0.046846 1 0 1.000000
0  41.897167 -139.551666 27.156069  0.687423 -0.331250 0.646315  0.353526 0.046846 1 0 1.000000
0  41.690712 -141.919037 21.912045  0.970925 -0.222796 -0.087556  0.353526 0.046846 1 0 1.000000
misc
0  20.287920 -96.016602 2.670185  0.999963 -0.008441 0.001697  0.419935 0.919919 1 0 1.000000
0  20.287920 -92.961037 2.670185  0.999997 0.000000 0.002526  0.383801 0.919919 1 0 1.000000
0  20.274157 -91.502068 9.400707  0.999995 -0.000000 0.003004  0.366222 0.996094 1 0 1.000000
misc
0  20.274157 -91.502068 9.400707  0.999996 -0.000000 0.002812  0.366222 0.996094 1 0 1.000000
0  20.274157 -97.489342 9.400707  0.999996 -0.000000 0.002812  0.435560 0.996094 1 0 1.000000
0  20.287920 -96.016602 2.670185  0.999998 0.000000 0.002045  0.419935 0.919919 1 0 1.000000
misc
0  15.732089 -124.755524 -2.518785  -0.999853 0.017155 0.000000  0.250008 0.759758 1 0 1.000000
0  15.732089 -124.755524 -0.812068  -0.999756 0.022090 0.000000  0.250008 0.785150 1 0 1.000000
0  15.732087 -103.077454 -0.812068  -0.999632 -0.027109 0.000000  0.461928 0.785150 1 0 1.000000
misc
0  15.732087 -103.077454 -0.812068  -0.999632 -0.027109 0.000000  0.461928 0.785150 1 0 1.000000
0  15.732087 -103.077454 -2.518785  -0.999794 -0.020276 0.000000  0.461928 0.759758 1 0 1.000000
0  15.732089 -124.755524 -2.518785  -0.999853 0.017155 0.000000  0.250008 0.759758 1 0 1.000000
misc
0  15.387994 -133.385468 0.963468  -0.999756 0.022090 0.000000  0.143559 0.930662 1 0 1.000000
0  15.387994 -133.385468 2.670185  -0.999852 0.017184 0.000000  0.143559 0.945311 1 0 1.000000
0  15.732089 -124.755524 -0.812068  -0.999756 0.022090 0.000000  0.239265 0.945311 1 0 1.000000
misc
0  15.732089 -124.755524 -0.812068  -0.999756 0.022090 0.000000  0.239265 0.945311 1 0 1.000000
0  15.732089 -124.755524 -2.518785  -0.999853 0.017155 0.000000  0.239265 0.930662 1 0 1.000000
0  15.387994 -133.385468 0.963468  -0.999756 0.022090 0.000000  0.143559 0.930662 1 0 1.000000
misc
0  15.387994 -136.399750 0.963468  -1.000000 0.000000 0.000000  0.129887 0.945311 1 0 1.000000
0  15.387994 -136.399750 2.670185  -1.000000 0.000000 0.000000  0.129887 0.930662 1 0 1.000000
0  15.387994 -133.385468 2.670185  -0.999855 0.017017 -0.000000  0.143559 0.930662 1 0 1.000000
misc
0  15.387994 -133.385468 2.670185  -0.999852 0.017184 0.000000  0.143559 0.930662 1 0 1.000000
0  15.387994 -133.385468 0.963468  -0.999756 0.022090 0.000000  0.143559 0.945311 1 0 1.000000
0  15.387994 -136.399750 0.963468  -1.000000 0.000000 0.000000  0.129887 0.945311 1 0 1.000000
misc
0  15.732087 -103.077454 -0.812068  -0.999632 -0.027109 0.000000  0.239265 0.945311 1 0 1.000000
0  15.387991 -96.016602 2.670185  -0.999796 -0.020193 0.000000  0.143559 0.945311 1 0 1.000000
0  15.387991 -96.016602 0.894649  -0.999625 -0.027394 0.000000  0.143559 0.930662 1 0 1.000000
misc
0  15.387991 -96.016602 0.894649  -0.999625 -0.027394 0.000000  0.143559 0.930662 1 0 1.000000
0  15.732087 -103.077454 -2.518785  -0.999794 -0.020276 0.000000  0.239265 0.930662 1 0 1.000000
0  15.732087 -103.077454 -0.812068  -0.999632 -0.027109 0.000000  0.239265 0.945311 1 0 1.000000
misc
0  15.387991 -96.016602 2.670185  -0.999796 -0.020193 0.000000  0.143559 0.930662 1 0 1.000000
0  15.387991 -92.961037 2.670185  -1.000000 0.000000 0.000001  0.129887 0.930662 1 0 1.000000
0  15.387990 -92.961037 0.894649  -1.000000 0.000000 0.000000  0.129887 0.945311 1 0 1.000000
misc
0  15.387990 -92.961037 0.894649  -1.000000 0.000000 0.000000  0.129887 0.945311 1 0 1.000000
0  15.387991 -96.016602 0.894649  -0.999625 -0.027394 0.000000  0.143559 0.945311 1 0 1.000000
0  15.387991 -96.016602 2.670185  -0.999796 -0.020193 0.000000  0.143559 0.930662 1 0 1.000000
misc
0  20.164045 -103.077454 -0.812069  0.999948 -0.010221 0.000000  0.461928 0.785150 1 0 1.000000
0  20.164047 -124.755524 -0.812069  0.999975 0.007073 0.000000  0.250008 0.785150 1 0 1.000000
0  20.164047 -124.755524 -2.518786  0.999985 0.005467 0.000000  0.250008 0.759758 1 0 1.000000
misc
0  20.164047 -124.755524 -2.518786  0.999985 0.005467 0.000000  0.250008 0.759758 1 0 1.000000
0  20.164045 -103.077454 -2.518786  0.999973 -0.007304 0.000000  0.461928 0.759758 1 0 1.000000
0  20.164045 -103.077454 -0.812069  0.999948 -0.010221 0.000000  0.461928 0.785150 1 0 1.000000
misc
0  20.164047 -124.755524 -0.812069  0.999975 0.007073 0.000000  0.239265 0.945311 1 0 1.000000
0  20.274158 -133.385468 2.670185  0.999985 0.005492 0.000000  0.143559 0.945311 1 0 1.000000
0  20.274158 -133.385468 1.059815  0.999973 0.007362 -0.000001  0.143559 0.930662 1 0 1.000000
misc
0  20.274158 -133.385468 1.059815  0.999973 0.007362 -0.000001  0.143559 0.930662 1 0 1.000000
0  20.164047 -124.755524 -2.518786  0.999985 0.005467 0.000000  0.239265 0.930662 1 0 1.000000
0  20.164047 -124.755524 -0.812069  0.999975 0.007073 0.000000  0.239265 0.945311 1 0 1.000000
misc
0  20.274158 -133.385468 1.059815  0.999973 0.007362 -0.000001  0.143559 0.945311 1 0 1.000000
0  20.274158 -133.385468 2.670185  0.999985 0.005492 0.000000  0.143559 0.930662 1 0 1.000000
0  20.274160 -136.399750 2.670185  1.000000 -0.000000 -0.000001  0.129887 0.930662 1 0 1.000000
misc
0  20.274160 -136.399750 2.670185  1.000000 -0.000000 -0.000001  0.129887 0.930662 1 0 1.000000
0  20.274158 -136.399750 0.963468  1.000000 -0.000000 -0.000001  0.129887 0.945311 1 0 1.000000
0  20.274158 -133.385468 1.059815  0.999973 0.007362 -0.000001  0.143559 0.945311 1 0 1.000000
misc
0  20.287920 -96.016602 0.894649  0.999948 -0.010207 -0.000000  0.143559 0.930662 1 0 1.000000
0  20.287920 -96.016602 2.670185  0.999963 -0.008441 0.001697  0.143559 0.945311 1 0 1.000000
0  20.164045 -103.077454 -0.812069  0.999948 -0.010221 0.000000  0.239265 0.945311 1 0 1.000000
misc
0  20.164045 -103.077454 -0.812069  0.999948 -0.010221 0.000000  0.239265 0.945311 1 0 1.000000
0  20.164045 -103.077454 -2.518786  0.999973 -0.007304 0.000000  0.239265 0.930662 1 0 1.000000
0  20.287920 -96.016602 0.894649  0.999948 -0.010207 -0.000000  0.143559 0.930662 1 0 1.000000
misc
0  20.287920 -92.961037 0.894649  1.000000 0.000000 0.000000  0.129887 0.945311 1 0 1.000000
0  20.287920 -92.961037 2.670185  0.999997 0.000000 0.002526  0.129887 0.930662 1 0 1.000000
0  20.287920 -96.016602 2.670185  0.999963 -0.008441 0.001697  0.143559 0.930662 1 0 1.000000
misc
0  20.287920 -96.016602 2.670185  0.999963 -0.008441 0.001697  0.143559 0.930662 1 0 1.000000
0  20.287920 -96.016602 0.894649  0.999948 -0.010207 -0.000000  0.143559 0.945311 1 0 1.000000
0  20.287920 -92.961037 0.894649  1.000000 0.000000 0.000000  0.129887 0.945311 1 0 1.000000
misc
0  15.732089 -124.755524 -0.812068  -0.000031 0.192696 0.981259  0.250008 0.759758 1 0 1.000000
0  20.164047 -124.755524 -0.812069  0.000000 0.191305 0.981531  0.250008 0.785150 1 0 1.000000
0  20.164045 -103.077454 -0.812069  0.000000 -0.227764 0.973716  0.461928 0.785150 1 0 1.000000
misc
0  20.164045 -103.077454 -0.812069  0.000000 -0.227764 0.973716  0.461928 0.785150 1 0 1.000000
0  15.732087 -103.077454 -0.812068  0.000000 -0.230201 0.973143  0.461928 0.759758 1 0 1.000000
0  15.732089 -124.755524 -0.812068  -0.000031 0.192696 0.981259  0.250008 0.759758 1 0 1.000000
misc
0  15.732089 -124.755524 -0.812068  -0.000041 0.193047 0.981190  0.239265 0.930662 1 0 1.000000
0  15.387994 -133.385468 2.670185  0.000000 0.374193 0.927351  0.143559 0.930662 1 0 1.000000
0  20.274158 -133.385468 2.670185  0.000000 0.374193 0.927351  0.143559 0.945311 1 0 1.000000
misc
0  20.274158 -133.385468 2.670185  0.000000 0.374193 0.927351  0.143559 0.945311 1 0 1.000000
0  20.164047 -124.755524 -0.812069  0.000000 0.191305 0.981531  0.239265 0.945311 1 0 1.000000
0  15.732089 -124.755524 -0.812068  -0.000031 0.192696 0.981259  0.239265 0.930662 1 0 1.000000
misc
0  15.732087 -103.077454 -0.812068  0.000000 -0.230201 0.973143  0.239265 0.930662 1 0 1.000000
0  20.164045 -103.077454 -0.812069  0.000000 -0.227764 0.973716  0.239265 0.945311 1 0 1.000000
0  20.287920 -96.016602 2.670185  0.000000 -0.441108 0.897454  0.143559 0.945311 1 0 1.000000
misc
0  20.287920 -96.016602 2.670185  0.000000 -0.441108 0.897454  0.143559 0.945311 1 0 1.000000
0  15.387991 -96.016602 2.670185  -0.000000 -0.440979 0.897518  0.143559 0.930662 1 0 1.000000
0  15.732087 -103.077454 -0.812068  0.000000 -0.230201 0.973143  0.239265 0.930662 1 0 1.000000
misc
0  20.164045 -103.077454 -2.518786  -0.000000 -0.000000 -1.000000  0.461928 0.785150 1 0 1.000000
0  20.164047 -124.755524 -2.518786  -0.000000 -0.000000 -1.000000  0.250008 0.785150 1 0 1.000000
0  15.732089 -124.755524 -2.518785  -0.000000 -0.000000 -1.000000  0.250008 0.759758 1 0 1.000000
misc
0  15.732089 -124.755524 -2.518785  -0.000000 -0.000000 -1.000000  0.250008 0.759758 1 0 1.000000
0  15.732087 -103.077454 -2.518785  -0.000000 0.000000 -1.000000  0.461928 0.759758 1 0 1.000000
0  20.164045 -103.077454 -2.518786  -0.000000 -0.000000 -1.000000  0.461928 0.785150 1 0 1.000000
misc
0  15.732089 -124.755524 -2.518785  0.005934 -0.381054 -0.924533  0.208991 0.903317 1 0 1.000000
0  20.164047 -124.755524 -2.518786  0.000007 -0.383577 -0.923509  0.208991 0.925779 1 0 1.000000
0  20.274158 -133.385468 1.059815  0.013891 -0.377407 -0.925943  0.159185 0.926756 1 0 1.000000
misc
0  20.274158 -133.385468 1.059815  0.013891 -0.377407 -0.925943  0.159185 0.926756 1 0 1.000000
0  15.387994 -133.385468 0.963468  0.019753 -0.374910 -0.926851  0.159185 0.902341 1 0 1.000000
0  15.732089 -124.755524 -2.518785  0.005934 -0.381054 -0.924533  0.208991 0.903317 1 0 1.000000
misc
0  20.274158 -133.385468 1.059815  0.007521 0.022971 -0.999708  0.159185 0.902341 1 0 1.000000
0  20.274158 -136.399750 0.963468  -0.000030 0.035109 -0.999384  0.144536 0.902341 1 0 1.000000
0  15.387994 -136.399750 0.963468  0.013812 0.012617 -0.999825  0.144536 0.926756 1 0 1.000000
misc
0  15.387994 -136.399750 0.963468  0.013812 0.012617 -0.999825  0.144536 0.926756 1 0 1.000000
0  15.387994 -133.385468 0.963468  0.021331 0.000449 -0.999772  0.159185 0.926756 1 0 1.000000
0  20.274158 -133.385468 1.059815  0.007521 0.022971 -0.999708  0.159185 0.902341 1 0 1.000000
misc
0  15.732087 -103.077454 -2.518785  -0.000000 0.435240 -0.900314  0.208991 0.903317 1 0 1.000000
0  15.387991 -96.016602 0.894649  0.000000 0.435240 -0.900314  0.159185 0.902341 1 0 1.000000
0  20.287920 -96.016602 0.894649  -0.000000 0.435240 -0.900314  0.159185 0.926756 1 0 1.000000
misc
0  20.287920 -96.016602 0.894649  -0.000000 0.435240 -0.900314  0.159185 0.926756 1 0 1.000000
0  20.164045 -103.077454 -2.518786  -0.000000 0.435240 -0.900315  0.208991 0.925779 1 0 1.000000
0  15.732087 -103.077454 -2.518785  -0.000000 0.435240 -0.900314  0.208991 0.903317 1 0 1.000000
misc
0  15.387990 -92.961037 0.894649  0.000000 0.000000 -1.000000  0.144536 0.926756 1 0 1.000000
0  20.287920 -92.961037 0.894649  0.000000 0.000000 -1.000000  0.144536 0.902341 1 0 1.000000
0  20.287920 -96.016602 0.894649  0.000000 0.000000 -1.000000  0.159185 0.902341 1 0 1.000000
misc
0  20.287920 -96.016602 0.894649  0.000000 0.000000 -1.000000  0.159185 0.902341 1 0 1.000000
0  15.387991 -96.016602 0.894649  0.000000 0.000000 -1.000000  0.159185 0.926756 1 0 1.000000
0  15.387990 -92.961037 0.894649  0.000000 0.000000 -1.000000  0.144536 0.926756 1 0 1.000000
misc
0  15.387994 -136.399750 0.963468  0.000000 -1.000000 -0.000002  0.061525 0.512680 1 0 1.000000
0  20.274158 -136.399750 0.963468  0.000000 -1.000000 -0.000011  0.024415 0.512680 1 0 1.000000
0  20.274160 -136.399750 2.670185  0.000000 -1.000000 -0.000008  0.024415 0.531236 1 0 1.000000
misc
0  20.274160 -136.399750 2.670185  0.000000 -1.000000 -0.000008  0.024415 0.531236 1 0 1.000000
0  15.387994 -136.399750 2.670185  0.000000 -1.000000 0.000000  0.061525 0.531236 1 0 1.000000
0  15.387994 -136.399750 0.963468  0.000000 -1.000000 -0.000002  0.061525 0.512680 1 0 1.000000
misc
0  20.287920 -92.961037 0.894649  -0.000030 0.999998 0.001965  0.061525 0.512680 1 0 1.000000
0  15.387990 -92.961037 0.894649  -0.000030 0.999998 0.001965  0.024415 0.512680 1 0 1.000000
0  15.387991 -92.961037 2.670185  -0.000030 0.999998 0.001965  0.024415 0.531236 1 0 1.000000
misc
0  15.387991 -92.961037 2.670185  -0.000030 0.999998 0.001965  0.024415 0.531236 1 0 1.000000
0  20.287920 -92.961037 2.670185  -0.000030 0.999998 0.001965  0.061525 0.531236 1 0 1.000000
0  20.287920 -92.961037 0.894649  -0.000030 0.999998 0.001965  0.061525 0.512680 1 0 1.000000
misc
0  20.329214 -137.693542 9.400707  0.999967 0.000000 -0.008180  0.435560 0.996094 1 0 1.000000
0  20.274160 -136.399750 2.670185  0.999963 0.000002 -0.008659  0.419935 0.919919 1 0 1.000000
0  20.274158 -133.385468 2.670185  0.999962 0.000001 -0.008755  0.383801 0.919919 1 0 1.000000
misc
0  20.274158 -133.385468 2.670185  0.999962 0.000001 -0.008755  0.383801 0.919919 1 0 1.000000
0  20.329214 -131.706268 9.400707  0.999967 0.000000 -0.008180  0.366222 0.996094 1 0 1.000000
0  20.329214 -137.693542 9.400707  0.999967 0.000000 -0.008180  0.435560 0.996094 1 0 1.000000
misc
0  15.429271 35.854828 2.821588  0.000000 0.001269 -0.999999  0.293954 0.928709 1 0 1.000000
0  11.148714 35.854828 2.821588  0.000000 0.001333 -0.999999  0.293954 0.947264 1 0 1.000000
0  11.148713 52.660484 2.849116  0.000000 0.001638 -0.999999  0.168950 0.947264 1 0 1.000000
misc
0  11.148713 52.660484 2.849116  0.000000 0.001638 -0.999999  0.168950 0.947264 1 0 1.000000
0  15.539380 52.660484 2.849116  0.000000 0.001638 -0.999999  0.169927 0.928709 1 0 1.000000
0  15.429271 35.854828 2.821588  0.000000 0.001269 -0.999999  0.293954 0.928709 1 0 1.000000
misc
0  11.162477 83.574089 2.849116  -1.000000 0.000862 0.000000  0.291025 0.952147 1 0 1.000000
0  11.148712 67.608025 2.849116  -1.000000 0.000479 0.000061  0.195318 0.952147 1 0 1.000000
0  11.162477 83.574089 10.199012  -1.000000 0.000771 0.000401  0.291025 0.996094 1 0 1.000000
misc
0  11.148712 67.608025 2.849116  -1.000000 0.000479 0.000061  0.195318 0.952147 1 0 1.000000
0  11.148712 65.254402 7.487533  -1.000000 0.000460 0.000119  0.181646 0.980468 1 0 1.000000
0  11.162477 83.574089 10.199012  -1.000000 0.000771 0.000401  0.291025 0.996094 1 0 1.000000
misc
0  11.162477 83.574089 10.199012  -1.000000 0.000772 0.000396  0.291025 0.996094 1 0 1.000000
0  11.148712 65.254402 7.487533  -1.000000 0.000333 0.000114  0.181646 0.980468 1 0 1.000000
0  11.148715 35.854828 10.185246  -1.000000 0.000017 0.000183  0.005860 0.996094 1 0 1.000000
misc
0  11.148712 65.254402 7.487533  -1.000000 0.000333 0.000114  0.181646 0.980468 1 0 1.000000
0  11.148713 55.729820 7.487533  -0.999999 0.000409 0.001228  0.124027 0.980468 1 0 1.000000
0  11.148715 35.854828 10.185246  -1.000000 0.000017 0.000183  0.005860 0.996094 1 0 1.000000
misc
0  11.148713 55.729820 7.487533  -0.999999 0.000409 0.001228  0.124027 0.980468 1 0 1.000000
0  11.148713 52.660484 2.849116  -1.000000 0.000000 0.000000  0.105472 0.952147 1 0 1.000000
0  11.148715 35.854828 10.185246  -1.000000 0.000017 0.000183  0.005860 0.996094 1 0 1.000000
misc
0  11.148713 52.660484 2.849116  -1.000000 0.000000 0.000000  0.105472 0.952147 1 0 1.000000
0  11.148714 35.854828 2.821588  -1.000000 -0.000000 0.000000  0.005860 0.952147 1 0 1.000000
0  11.148715 35.854828 10.185246  -1.000000 0.000017 0.000183  0.005860 0.996094 1 0 1.000000
misc
0  15.704545 83.587852 2.849116  0.999994 -0.003445 -0.000007  0.291025 0.952147 1 0 1.000000
0  15.704545 83.574089 10.116428  0.999992 -0.003738 0.001445  0.291025 0.992187 1 0 1.000000
0  15.649490 67.608025 2.849116  0.999993 -0.003803 0.000781  0.195318 0.952147 1 0 1.000000
misc
0  15.649490 67.608025 2.849116  0.999993 -0.003803 0.000781  0.195318 0.952147 1 0 1.000000
0  15.704545 83.574089 10.116428  0.999992 -0.003738 0.001445  0.291025 0.992187 1 0 1.000000
0  15.635727 65.254402 7.487533  0.999922 -0.005244 0.011319  0.181646 0.980468 1 0 1.000000
misc
0  15.704545 83.574089 10.116428  0.999992 -0.003738 0.001445  0.291025 0.992187 1 0 1.000000
0  15.429272 35.854828 10.116428  0.999978 -0.006619 0.000528  0.005860 0.992187 1 0 1.000000
0  15.635727 65.254402 7.487533  0.999922 -0.005244 0.011319  0.181646 0.980468 1 0 1.000000
misc
0  15.635727 65.254402 7.487533  0.999920 -0.005249 0.011493  0.181646 0.980468 1 0 1.000000
0  15.429272 35.854828 10.116428  0.999978 -0.006629 0.000373  0.005860 0.992187 1 0 1.000000
0  15.566910 55.729820 7.487533  0.999960 -0.007598 -0.004789  0.124027 0.980468 1 0 1.000000
misc
0  15.566910 55.729820 7.487533  0.999960 -0.007598 -0.004789  0.124027 0.980468 1 0 1.000000
0  15.429272 35.854828 10.116428  0.999978 -0.006629 0.000373  0.005860 0.992187 1 0 1.000000
0  15.539380 52.660484 2.849116  0.999975 -0.006987 -0.001007  0.105472 0.952147 1 0 1.000000
misc
0  15.429272 35.854828 10.116428  0.999978 -0.006629 0.000373  0.005860 0.992187 1 0 1.000000
0  15.429271 35.854828 2.821588  0.999976 -0.006887 -0.000000  0.005860 0.952147 1 0 1.000000
0  15.539380 52.660484 2.849116  0.999975 -0.006987 -0.001007  0.105472 0.952147 1 0 1.000000
misc
0  20.659527 125.608879 10.185246  0.000000 1.000000 0.000000  0.474624 0.957030 1 0 1.000000
0  20.659527 125.608879 2.849115  0.000000 1.000000 0.000000  0.474624 0.903317 1 0 1.000000
0  16.131220 125.608879 2.849116  0.000000 1.000000 0.000000  0.438490 0.903317 1 0 1.000000
misc
0  16.131220 125.608879 2.849116  0.000000 1.000000 0.000000  0.438490 0.903317 1 0 1.000000
0  16.131220 125.608879 10.199012  0.000000 1.000000 0.000000  0.438490 0.957030 1 0 1.000000
0  20.659527 125.608879 10.185246  0.000000 1.000000 0.000000  0.474624 0.957030 1 0 1.000000
misc
0  15.566910 55.729820 7.487533  0.000000 0.833949 -0.551842  0.140629 0.928709 1 0 1.000000
0  15.539380 52.660484 2.849116  0.000000 0.833949 -0.551841  0.169927 0.928709 1 0 1.000000
0  11.148713 52.660484 2.849116  0.000000 0.833949 -0.551842  0.168950 0.947264 1 0 1.000000
misc
0  11.148713 52.660484 2.849116  0.000000 0.833949 -0.551842  0.168950 0.947264 1 0 1.000000
0  11.148713 55.729820 7.487533  0.000000 0.833949 -0.551842  0.140629 0.947264 1 0 1.000000
0  15.566910 55.729820 7.487533  0.000000 0.833949 -0.551842  0.140629 0.928709 1 0 1.000000
misc
0  15.704545 83.587852 2.849116  -0.000000 0.000000 -1.000000  0.004883 0.928709 1 0 1.000000
0  15.649490 67.608025 2.849116  0.000000 0.000000 -1.000000  0.066408 0.928709 1 0 1.000000
0  11.148712 67.608025 2.849116  0.000000 0.000000 -1.000000  0.066408 0.947264 1 0 1.000000
misc
0  11.148712 67.608025 2.849116  0.000000 0.000000 -1.000000  0.066408 0.947264 1 0 1.000000
0  11.162477 83.574089 2.849116  0.000000 0.000000 -1.000000  0.004883 0.947264 1 0 1.000000
0  15.704545 83.587852 2.849116  -0.000000 0.000000 -1.000000  0.004883 0.928709 1 0 1.000000
misc
0  15.635727 65.254402 7.487533  0.000000 0.000000 -1.000000  0.001953 0.905271 1 0 1.000000
0  15.566910 55.729820 7.487533  0.000000 0.000000 -1.000000  0.071291 0.905271 1 0 1.000000
0  11.148713 55.729820 7.487533  0.000000 0.000000 -1.000000  0.071291 0.923826 1 0 1.000000
misc
0  11.148713 55.729820 7.487533  0.000000 0.000000 -1.000000  0.071291 0.923826 1 0 1.000000
0  11.148712 65.254402 7.487533  0.000000 0.000000 -1.000000  0.001953 0.923826 1 0 1.000000
0  15.635727 65.254402 7.487533  0.000000 0.000000 -1.000000  0.001953 0.905271 1 0 1.000000
misc
0  15.649490 67.608025 2.849116  0.000028 -0.892349 -0.451345  0.066408 0.928709 1 0 1.000000
0  15.635727 65.254402 7.487533  -0.000000 -0.892306 -0.451432  0.104495 0.928709 1 0 1.000000
0  11.148712 65.254402 7.487533  0.000027 -0.892349 -0.451346  0.104495 0.947264 1 0 1.000000
misc
0  11.148712 65.254402 7.487533  0.000027 -0.892349 -0.451346  0.104495 0.947264 1 0 1.000000
0  11.148712 67.608025 2.849116  0.000029 -0.892393 -0.451259  0.066408 0.947264 1 0 1.000000
0  15.649490 67.608025 2.849116  0.000028 -0.892349 -0.451345  0.066408 0.928709 1 0 1.000000
misc
0  16.117458 91.281845 2.849116  -0.389667 0.000156 -0.920956  0.107425 0.923826 1 0 1.000000
0  20.659529 91.281845 2.849115  -0.000000 0.000000 -1.000000  0.107425 0.905271 1 0 1.000000
0  15.704545 83.587852 2.849116  -0.000000 0.000000 -1.000000  0.147465 0.905271 1 0 1.000000
misc
0  15.704545 83.587852 2.849116  -0.000000 0.000000 -1.000000  0.147465 0.905271 1 0 1.000000
0  11.162477 83.574089 2.849116  0.000000 0.000000 -1.000000  0.147465 0.923826 1 0 1.000000
0  16.117458 91.281845 2.849116  -0.389667 0.000156 -0.920956  0.107425 0.923826 1 0 1.000000
misc
0  16.117458 91.281845 2.849116  -0.841179 0.540757 0.000000  0.117191 0.952147 1 0 1.000000
0  11.162477 83.574089 2.849116  -0.841179 0.540757 0.000000  0.065432 0.952147 1 0 1.000000
0  11.162477 83.574089 10.199012  -0.841179 0.540757 0.000000  0.065432 0.997070 1 0 1.000000
misc
0  11.162477 83.574089 10.199012  -0.841179 0.540757 0.000000  0.065432 0.997070 1 0 1.000000
0  16.117460 91.281845 10.199012  -0.841179 0.540757 0.000001  0.117191 0.997070 1 0 1.000000
0  16.117458 91.281845 2.849116  -0.841179 0.540757 0.000000  0.117191 0.952147 1 0 1.000000
misc
0  20.659531 91.281845 10.185246  0.840928 -0.541147 -0.000437  0.117191 0.993164 1 0 1.000000
0  15.704545 83.574089 10.116428  0.841020 -0.541004 -0.000215  0.065432 0.993164 1 0 1.000000
0  15.704545 83.587852 2.849116  0.840992 -0.541048 -0.000584  0.065432 0.952147 1 0 1.000000
misc
0  15.704545 83.587852 2.849116  0.840992 -0.541048 -0.000584  0.065432 0.952147 1 0 1.000000
0  20.659529 91.281845 2.849115  0.840738 -0.541442 0.000000  0.117191 0.952147 1 0 1.000000
0  20.659531 91.281845 10.185246  0.840928 -0.541147 -0.000437  0.117191 0.993164 1 0 1.000000
misc
0  20.659527 125.608879 2.849115  -0.000000 0.000000 -1.000000  0.001953 0.928709 1 0 1.000000
0  20.659529 91.281845 2.849115  -0.000000 0.000000 -1.000000  0.108402 0.928709 1 0 1.000000
0  16.117458 91.281845 2.849116  -0.389667 0.000156 -0.920956  0.108402 0.947264 1 0 1.000000
misc
0  16.117458 91.281845 2.849116  -0.389667 0.000156 -0.920956  0.108402 0.947264 1 0 1.000000
0  16.131220 125.608879 2.849116  -0.707007 0.000283 -0.707207  0.001953 0.947264 1 0 1.000000
0  20.659527 125.608879 2.849115  -0.000000 0.000000 -1.000000  0.001953 0.928709 1 0 1.000000
misc
0  16.131220 125.608879 2.849116  -0.707007 0.000283 -0.707207  0.222663 0.952147 1 0 1.000000
0  16.117458 91.281845 2.849116  -0.389667 0.000156 -0.920956  0.028321 0.952147 1 0 1.000000
0  16.117460 91.281845 10.199012  -1.000000 0.000401 0.000000  0.028321 0.997070 1 0 1.000000
misc
0  16.117460 91.281845 10.199012  -1.000000 0.000401 0.000000  0.028321 0.997070 1 0 1.000000
0  16.131220 125.608879 10.199012  -1.000000 0.000401 0.000000  0.222663 0.997070 1 0 1.000000
0  16.131220 125.608879 2.849116  -0.707007 0.000283 -0.707207  0.222663 0.952147 1 0 1.000000
misc
0  20.659527 125.608879 10.185246  1.000000 0.000000 -0.000000  0.222663 0.993164 1 0 1.000000
0  20.659531 91.281845 10.185246  1.000000 0.000000 -0.000000  0.028321 0.993164 1 0 1.000000
0  20.659529 91.281845 2.849115  1.000000 0.000000 -0.000000  0.028321 0.952147 1 0 1.000000
misc
0  20.659529 91.281845 2.849115  1.000000 0.000000 -0.000000  0.028321 0.952147 1 0 1.000000
0  20.659527 125.608879 2.849115  1.000000 0.000000 0.000000  0.222663 0.952147 1 0 1.000000
0  20.659527 125.608879 10.185246  1.000000 0.000000 -0.000000  0.222663 0.993164 1 0 1.000000
misc
0  15.429271 35.854828 2.821588  0.000000 0.001269 -0.999999  0.005860 0.928709 1 0 1.000000
0  20.026398 21.499134 2.807824  0.000098 0.000088 -1.000000  0.102542 0.928709 1 0 1.000000
0  15.415509 21.499134 2.807824  0.000000 0.000520 -1.000000  0.102542 0.947264 1 0 1.000000
misc
0  15.415509 21.499134 2.807824  0.000000 0.000520 -1.000000  0.102542 0.947264 1 0 1.000000
0  11.148714 35.854828 2.821588  0.000000 0.001333 -0.999999  0.005860 0.947264 1 0 1.000000
0  15.429271 35.854828 2.821588  0.000000 0.001269 -0.999999  0.005860 0.928709 1 0 1.000000
misc
0  11.148714 35.854828 2.821588  -0.958557 -0.284902 0.000000  0.205084 0.952147 1 0 1.000000
0  15.415509 21.499134 2.807824  -0.989577 -0.144006 0.000000  0.131840 0.952147 1 0 1.000000
0  15.415509 21.499134 10.185246  -0.989571 -0.144047 0.000000  0.131840 0.997070 1 0 1.000000
misc
0  15.415509 21.499134 10.185246  -0.989571 -0.144047 0.000000  0.131840 0.997070 1 0 1.000000
0  11.148715 35.854828 10.185246  -0.958557 -0.284902 0.000000  0.205084 0.997070 1 0 1.000000
0  11.148714 35.854828 2.821588  -0.958557 -0.284902 0.000000  0.205084 0.952147 1 0 1.000000
misc
0  15.429272 35.854828 10.116428  0.952361 0.304975 -0.000000  0.205084 0.993164 1 0 1.000000
0  20.026400 21.499134 10.130191  0.952361 0.304974 -0.000000  0.131840 0.993164 1 0 1.000000
0  20.026398 21.499134 2.807824  0.952361 0.304974 -0.000000  0.131840 0.952147 1 0 1.000000
misc
0  20.026398 21.499134 2.807824  0.952361 0.304974 -0.000000  0.131840 0.952147 1 0 1.000000
0  15.429271 35.854828 2.821588  0.952361 0.304975 -0.000000  0.205084 0.952147 1 0 1.000000
0  15.429272 35.854828 10.116428  0.952361 0.304975 -0.000000  0.205084 0.993164 1 0 1.000000
misc
0  20.026398 21.499134 2.807824  0.000098 0.000088 -1.000000  0.004883 0.928709 1 0 1.000000
0  20.040167 -47.430222 2.821587  0.002985 -0.000029 -0.999996  0.247078 0.928709 1 0 1.000000
0  15.429277 -47.430222 2.807824  0.002877 -0.000027 -0.999996  0.248054 0.947264 1 0 1.000000
misc
0  15.429277 -47.430222 2.807824  0.002877 -0.000027 -0.999996  0.248054 0.947264 1 0 1.000000
0  15.415509 21.499134 2.807824  0.000000 0.000520 -1.000000  0.004883 0.947264 1 0 1.000000
0  20.026398 21.499134 2.807824  0.000098 0.000088 -1.000000  0.004883 0.928709 1 0 1.000000
misc
0  15.415509 21.499134 2.807824  -0.989577 -0.144006 0.000000  0.411145 0.948241 1 0 1.000000
0  15.429277 -47.430222 2.807824  -1.000000 -0.000100 0.000000  0.001953 0.948241 1 0 1.000000
0  15.429278 -47.430222 10.185246  -1.000000 -0.000100 0.000000  0.001953 0.997070 1 0 1.000000
misc
0  15.429278 -47.430222 10.185246  -1.000000 -0.000100 0.000000  0.001953 0.997070 1 0 1.000000
0  15.415509 21.499134 10.185246  -0.989571 -0.144047 0.000000  0.411145 0.997070 1 0 1.000000
0  15.415509 21.499134 2.807824  -0.989577 -0.144006 0.000000  0.411145 0.948241 1 0 1.000000
misc
0  20.026400 21.499134 10.130191  1.000000 0.000200 -0.000000  0.411145 0.993164 1 0 1.000000
0  20.040167 -47.430222 10.116427  1.000000 0.000100 0.000000  0.002930 0.993164 1 0 1.000000
0  20.040167 -47.430222 2.821587  1.000000 0.000100 -0.000000  0.002930 0.948241 1 0 1.000000
misc
0  20.040167 -47.430222 2.821587  1.000000 0.000100 -0.000000  0.002930 0.948241 1 0 1.000000
0  20.026398 21.499134 2.807824  1.000000 0.000200 -0.000000  0.411145 0.948241 1 0 1.000000
0  20.026400 21.499134 10.130191  1.000000 0.000200 -0.000000  0.411145 0.993164 1 0 1.000000
misc
0  15.429277 -47.430222 2.807824  0.002877 -0.000027 -0.999996  0.000977 0.947264 1 0 1.000000
0  20.040167 -47.430222 2.821587  0.002985 -0.000029 -0.999996  0.000977 0.928709 1 0 1.000000
0  20.040174 -145.029663 2.807824  0.000090 0.000004 -1.000000  0.499039 0.928709 1 0 1.000000
misc
0  20.040174 -145.029663 2.807824  0.000090 0.000004 -1.000000  0.499039 0.928709 1 0 1.000000
0  15.429285 -145.029663 2.807824  0.000000 0.000000 -1.000000  0.499039 0.945311 1 0 1.000000
0  15.429277 -47.430222 2.807824  0.002877 -0.000027 -0.999996  0.000977 0.947264 1 0 1.000000
misc
0  15.429277 -47.430222 2.807824  -1.000000 -0.000100 0.000000  0.000977 0.954100 1 0 1.000000
0  15.429285 -145.029663 2.807824  -1.000000 -0.000000 0.000000  0.499039 0.957030 1 0 1.000000
0  15.429285 -145.029663 10.199012  -1.000000 -0.000000 0.000000  0.499039 0.998047 1 0 1.000000
misc
0  15.429285 -145.029663 10.199012  -1.000000 -0.000000 0.000000  0.499039 0.998047 1 0 1.000000
0  15.429278 -47.430222 10.185246  -1.000000 -0.000100 0.000000  0.000977 0.994140 1 0 1.000000
0  15.429277 -47.430222 2.807824  -1.000000 -0.000100 0.000000  0.000977 0.954100 1 0 1.000000
misc
0  20.040167 -47.430222 10.116427  1.000000 0.000100 0.000000  0.000977 0.994140 1 0 1.000000
0  20.040174 -145.029663 10.130191  1.000000 0.000000 0.000000  0.499039 0.998047 1 0 1.000000
0  20.040174 -145.029663 2.807824  1.000000 0.000000 0.000000  0.499039 0.957030 1 0 1.000000
misc
0  20.040174 -145.029663 2.807824  1.000000 0.000000 0.000000  0.499039 0.957030 1 0 1.000000
0  20.040167 -47.430222 2.821587  1.000000 0.000100 -0.000000  0.000977 0.954100 1 0 1.000000
0  20.040167 -47.430222 10.116427  1.000000 0.000100 0.000000  0.000977 0.994140 1 0 1.000000
misc
0  15.429285 -145.029663 2.807824  0.000000 -1.000000 0.000000  0.438490 0.903317 1 0 1.000000
0  20.040174 -145.029663 2.807824  0.000000 -1.000000 0.000000  0.474624 0.903317 1 0 1.000000
0  20.040174 -145.029663 10.130191  -0.000178 -1.000000 0.000445  0.474624 0.957030 1 0 1.000000
misc
0  20.040174 -145.029663 10.130191  -0.000178 -1.000000 0.000445  0.474624 0.957030 1 0 1.000000
0  15.429285 -145.029663 10.199012  -0.000224 -1.000000 0.000424  0.438490 0.957030 1 0 1.000000
0  15.429285 -145.029663 2.807824  0.000000 -1.000000 0.000000  0.438490 0.903317 1 0 1.000000
misc
0  -15.456805 35.854828 2.821590  -0.000000 0.001269 -0.999999  0.293954 0.928709 1 0 1.000000
0  -15.566917 52.660484 2.849118  0.000000 0.001638 -0.999999  0.169927 0.928709 1 0 1.000000
0  -11.176250 52.660484 2.849118  0.000000 0.001638 -0.999999  0.168950 0.947264 1 0 1.000000
misc
0  -11.176250 52.660484 2.849118  0.000000 0.001638 -0.999999  0.168950 0.947264 1 0 1.000000
0  -11.176249 35.854828 2.821590  0.000000 0.001333 -0.999999  0.293954 0.947264 1 0 1.000000
0  -15.456805 35.854828 2.821590  -0.000000 0.001269 -0.999999  0.293954 0.928709 1 0 1.000000
misc
0  -11.176250 67.608025 2.849118  1.000000 0.000369 -0.000032  0.195318 0.952147 1 0 1.000000
0  -11.190015 83.574089 2.849118  1.000000 0.000862 0.000000  0.291025 0.952147 1 0 1.000000
0  -11.190015 83.574089 10.199014  1.000000 0.000779 0.000357  0.291025 0.996094 1 0 1.000000
misc
0  -11.176250 65.254402 7.487535  1.000000 0.000335 -0.000003  0.181646 0.980468 1 0 1.000000
0  -11.176250 67.608025 2.849118  1.000000 0.000369 -0.000032  0.195318 0.952147 1 0 1.000000
0  -11.190015 83.574089 10.199014  1.000000 0.000779 0.000357  0.291025 0.996094 1 0 1.000000
misc
0  -11.176250 65.254402 7.487535  1.000000 0.000335 -0.000003  0.181646 0.980468 1 0 1.000000
0  -11.190015 83.574089 10.199014  1.000000 0.000779 0.000357  0.291025 0.996094 1 0 1.000000
0  -11.176248 35.854828 10.185248  1.000000 0.000016 0.000173  0.005860 0.996094 1 0 1.000000
misc
0  -11.176250 55.729820 7.487535  0.999999 0.000409 0.001227  0.124027 0.980468 1 0 1.000000
0  -11.176250 65.254402 7.487535  1.000000 0.000000 -0.000001  0.181646 0.980468 1 0 1.000000
0  -11.176248 35.854828 10.185248  1.000000 0.000000 -0.000000  0.005860 0.996094 1 0 1.000000
misc
0  -11.176250 52.660484 2.849118  1.000000 0.000000 -0.000000  0.105472 0.952147 1 0 1.000000
0  -11.176250 55.729820 7.487535  0.999999 0.000409 0.001227  0.124027 0.980468 1 0 1.000000
0  -11.176248 35.854828 10.185248  1.000000 0.000000 -0.000000  0.005860 0.996094 1 0 1.000000
misc
0  -11.176249 35.854828 2.821590  1.000000 0.000000 -0.000000  0.005860 0.952147 1 0 1.000000
0  -11.176250 52.660484 2.849118  1.000000 0.000000 -0.000000  0.105472 0.952147 1 0 1.000000
0  -11.176248 35.854828 10.185248  1.000000 0.000000 -0.000000  0.005860 0.996094 1 0 1.000000
misc
0  -15.732085 83.574089 10.116430  -0.999993 -0.003688 0.001138  0.291025 0.992187 1 0 1.000000
0  -15.732085 83.587852 2.849118  -0.999994 -0.003445 -0.000007  0.291025 0.952147 1 0 1.000000
0  -15.677029 67.608025 2.849118  -0.999993 -0.003804 0.000781  0.195318 0.952147 1 0 1.000000
misc
0  -15.732085 83.574089 10.116430  -0.999993 -0.003688 0.001138  0.291025 0.992187 1 0 1.000000
0  -15.677029 67.608025 2.849118  -0.999993 -0.003804 0.000781  0.195318 0.952147 1 0 1.000000
0  -15.663265 65.254402 7.487535  -0.999921 -0.005249 0.011448  0.181646 0.980468 1 0 1.000000
misc
0  -15.456804 35.854828 10.116430  -0.999975 -0.007018 0.000784  0.005860 0.992187 1 0 1.000000
0  -15.732085 83.574089 10.116430  -0.999992 -0.003745 0.001479  0.291025 0.992187 1 0 1.000000
0  -15.663265 65.254402 7.487535  -0.999920 -0.005264 0.011499  0.181646 0.980468 1 0 1.000000
misc
0  -15.456804 35.854828 10.116430  -0.999975 -0.007018 0.000784  0.005860 0.992187 1 0 1.000000
0  -15.663265 65.254402 7.487535  -0.999920 -0.005264 0.011499  0.181646 0.980468 1 0 1.000000
0  -15.594444 55.729820 7.487535  -0.999960 -0.007599 -0.004790  0.124027 0.980468 1 0 1.000000
misc
0  -15.456804 35.854828 10.116430  -0.999975 -0.007018 0.000784  0.005860 0.992187 1 0 1.000000
0  -15.594444 55.729820 7.487535  -0.999960 -0.007599 -0.004790  0.124027 0.980468 1 0 1.000000
0  -15.566917 52.660484 2.849118  -0.999975 -0.006988 -0.001007  0.105472 0.952147 1 0 1.000000
misc
0  -15.456805 35.854828 2.821590  -0.999976 -0.006887 0.000000  0.005860 0.952147 1 0 1.000000
0  -15.456804 35.854828 10.116430  -0.999975 -0.007018 0.000784  0.005860 0.992187 1 0 1.000000
0  -15.566917 52.660484 2.849118  -0.999975 -0.006988 -0.001007  0.105472 0.952147 1 0 1.000000
misc
0  -20.687075 125.608879 10.185249  0.000000 1.000000 0.000000  0.474624 0.957030 1 0 1.000000
0  -16.158770 125.608879 10.199014  0.000000 1.000000 0.000000  0.438490 0.957030 1 0 1.000000
0  -16.158770 125.608879 2.849118  0.000000 1.000000 0.000000  0.438490 0.903317 1 0 1.000000
misc
0  -16.158770 125.608879 2.849118  0.000000 1.000000 0.000000  0.438490 0.903317 1 0 1.000000
0  -20.687075 125.608879 2.849118  0.000000 1.000000 0.000000  0.474624 0.903317 1 0 1.000000
0  -20.687075 125.608879 10.185249  0.000000 1.000000 0.000000  0.474624 0.957030 1 0 1.000000
misc
0  -15.594444 55.729820 7.487535  0.000000 0.833949 -0.551841  0.140629 0.928709 1 0 1.000000
0  -11.176250 55.729820 7.487535  0.000000 0.833949 -0.551841  0.140629 0.947264 1 0 1.000000
0  -11.176250 52.660484 2.849118  0.000000 0.833949 -0.551841  0.168950 0.947264 1 0 1.000000
misc
0  -11.176250 52.660484 2.849118  0.000000 0.833949 -0.551841  0.168950 0.947264 1 0 1.000000
0  -15.566917 52.660484 2.849118  0.000000 0.833949 -0.551841  0.169927 0.928709 1 0 1.000000
0  -15.594444 55.729820 7.487535  0.000000 0.833949 -0.551841  0.140629 0.928709 1 0 1.000000
misc
0  -15.732085 83.587852 2.849118  -0.000000 0.000000 -1.000000  0.004883 0.928709 1 0 1.000000
0  -11.190015 83.574089 2.849118  -0.000000 0.000000 -1.000000  0.004883 0.947264 1 0 1.000000
0  -11.176250 67.608025 2.849118  -0.000478 0.000032 -1.000000  0.066408 0.947264 1 0 1.000000
misc
0  -11.176250 67.608025 2.849118  -0.000478 0.000032 -1.000000  0.066408 0.947264 1 0 1.000000
0  -15.677029 67.608025 2.849118  -0.000478 0.000032 -1.000000  0.066408 0.928709 1 0 1.000000
0  -15.732085 83.587852 2.849118  -0.000000 0.000000 -1.000000  0.004883 0.928709 1 0 1.000000
misc
0  -15.663265 65.254402 7.487535  0.000000 0.000000 -1.000000  0.001953 0.905271 1 0 1.000000
0  -11.176250 65.254402 7.487535  0.000000 0.000000 -1.000000  0.001953 0.923826 1 0 1.000000
0  -11.176250 55.729820 7.487535  0.000000 0.000000 -1.000000  0.071291 0.923826 1 0 1.000000
misc
0  -11.176250 55.729820 7.487535  0.000000 0.000000 -1.000000  0.071291 0.923826 1 0 1.000000
0  -15.594444 55.729820 7.487535  0.000000 0.000000 -1.000000  0.071291 0.905271 1 0 1.000000
0  -15.663265 65.254402 7.487535  0.000000 0.000000 -1.000000  0.001953 0.905271 1 0 1.000000
misc
0  -15.677029 67.608025 2.849118  -0.000030 -0.892414 -0.451217  0.066408 0.928709 1 0 1.000000
0  -11.176250 67.608025 2.849118  -0.000031 -0.892436 -0.451174  0.066408 0.947264 1 0 1.000000
0  -11.176250 65.254402 7.487535  -0.000030 -0.892393 -0.451260  0.104495 0.947264 1 0 1.000000
misc
0  -11.176250 65.254402 7.487535  -0.000030 -0.892393 -0.451260  0.104495 0.947264 1 0 1.000000
0  -15.663265 65.254402 7.487535  -0.000000 -0.892436 -0.451174  0.104495 0.928709 1 0 1.000000
0  -15.677029 67.608025 2.849118  -0.000030 -0.892414 -0.451217  0.066408 0.928709 1 0 1.000000
misc
0  -16.145000 91.281845 2.849118  0.389667 0.000156 -0.920956  0.107425 0.923826 1 0 1.000000
0  -11.190015 83.574089 2.849118  -0.000000 0.000000 -1.000000  0.147465 0.923826 1 0 1.000000
0  -15.732085 83.587852 2.849118  -0.000000 0.000000 -1.000000  0.147465 0.905271 1 0 1.000000
misc
0  -15.732085 83.587852 2.849118  -0.000000 0.000000 -1.000000  0.147465 0.905271 1 0 1.000000
0  -20.687073 91.281845 2.849118  0.000000 0.000000 -1.000000  0.107425 0.905271 1 0 1.000000
0  -16.145000 91.281845 2.849118  0.389667 0.000156 -0.920956  0.107425 0.923826 1 0 1.000000
misc
0  -16.145000 91.281845 2.849118  0.841179 0.540758 0.000000  0.117191 0.952147 1 0 1.000000
0  -16.144999 91.281845 10.199014  0.841179 0.540758 0.000000  0.117191 0.997070 1 0 1.000000
0  -11.190015 83.574089 10.199014  0.840997 0.541040 0.000000  0.065432 0.997070 1 0 1.000000
misc
0  -11.190015 83.574089 10.199014  0.840997 0.541040 0.000000  0.065432 0.997070 1 0 1.000000
0  -11.190015 83.574089 2.849118  0.841178 0.540758 0.000000  0.065432 0.952147 1 0 1.000000
0  -16.145000 91.281845 2.849118  0.841178 0.540758 0.000000  0.117191 0.952147 1 0 1.000000
misc
0  -20.687071 91.281845 10.185249  -0.840965 -0.541089 -0.000523  0.117191 0.993164 1 0 1.000000
0  -20.687073 91.281845 2.849118  -0.840920 -0.541160 0.000001  0.117191 0.952147 1 0 1.000000
0  -15.732085 83.587852 2.849118  -0.840965 -0.541089 -0.000231  0.065432 0.952147 1 0 1.000000
misc
0  -15.732085 83.587852 2.849118  -0.840915 -0.541167 0.000015  0.065432 0.952147 1 0 1.000000
0  -15.732085 83.574089 10.116430  -0.840929 -0.541145 0.000234  0.065432 0.993164 1 0 1.000000
0  -20.687071 91.281845 10.185249  -0.840793 -0.541357 -0.000127  0.117191 0.993164 1 0 1.000000
misc
0  -20.687075 125.608879 2.849118  0.000000 0.000000 -1.000000  0.001953 0.928709 1 0 1.000000
0  -16.158770 125.608879 2.849118  0.707180 0.000249 -0.707034  0.001953 0.947264 1 0 1.000000
0  -16.145000 91.281845 2.849118  0.389667 0.000156 -0.920956  0.108402 0.947264 1 0 1.000000
misc
0  -16.145000 91.281845 2.849118  0.389667 0.000156 -0.920956  0.108402 0.947264 1 0 1.000000
0  -20.687073 91.281845 2.849118  0.000000 0.000000 -1.000000  0.108402 0.928709 1 0 1.000000
0  -20.687075 125.608879 2.849118  0.000000 0.000000 -1.000000  0.001953 0.928709 1 0 1.000000
misc
0  -16.158770 125.608879 2.849118  0.706852 0.000259 -0.707361  0.222663 0.952147 1 0 1.000000
0  -16.158770 125.608879 10.199014  1.000000 0.000401 0.000000  0.222663 0.997070 1 0 1.000000
0  -16.144999 91.281845 10.199014  1.000000 0.000401 0.000000  0.028321 0.997070 1 0 1.000000
misc
0  -16.144999 91.281845 10.199014  1.000000 0.000401 -0.000000  0.028321 0.997070 1 0 1.000000
0  -16.145000 91.281845 2.849118  0.389667 0.000156 -0.920956  0.028321 0.952147 1 0 1.000000
0  -16.158770 125.608879 2.849118  0.707180 0.000249 -0.707034  0.222663 0.952147 1 0 1.000000
misc
0  -20.687075 125.608879 10.185249  -1.000000 -0.000000 0.000000  0.222663 0.993164 1 0 1.000000
0  -20.687075 125.608879 2.849118  -1.000000 -0.000000 0.000000  0.222663 0.952147 1 0 1.000000
0  -20.687073 91.281845 2.849118  -1.000000 -0.000000 0.000000  0.028321 0.952147 1 0 1.000000
misc
0  -20.687073 91.281845 2.849118  -1.000000 0.000000 0.000000  0.028321 0.952147 1 0 1.000000
0  -20.687071 91.281845 10.185249  -1.000000 0.000000 0.000000  0.028321 0.993164 1 0 1.000000
0  -20.687075 125.608879 10.185249  -1.000000 0.000000 0.000000  0.222663 0.993164 1 0 1.000000
misc
0  -15.456805 35.854828 2.821590  -0.000000 0.001269 -0.999999  0.005860 0.928709 1 0 1.000000
0  -11.176249 35.854828 2.821590  0.000000 0.001333 -0.999999  0.005860 0.947264 1 0 1.000000
0  -15.443040 21.499130 2.807826  -0.000000 0.000520 -1.000000  0.102542 0.947264 1 0 1.000000
misc
0  -15.443040 21.499130 2.807826  -0.000000 0.000520 -1.000000  0.102542 0.947264 1 0 1.000000
0  -20.053928 21.499130 2.807827  -0.000071 0.000422 -1.000000  0.102542 0.928709 1 0 1.000000
0  -15.456805 35.854828 2.821590  -0.000000 0.001269 -0.999999  0.005860 0.928709 1 0 1.000000
misc
0  -11.176249 35.854828 2.821590  0.958557 -0.284902 -0.000000  0.205084 0.952147 1 0 1.000000
0  -11.176248 35.854828 10.185248  0.958557 -0.284902 -0.000000  0.205084 0.997070 1 0 1.000000
0  -15.443040 21.499130 10.185248  0.989600 -0.143849 -0.000000  0.131840 0.997070 1 0 1.000000
misc
0  -15.443040 21.499130 10.185248  0.989600 -0.143849 -0.000000  0.131840 0.997070 1 0 1.000000
0  -15.443040 21.499130 2.807826  0.989606 -0.143808 -0.000000  0.131840 0.952147 1 0 1.000000
0  -11.176249 35.854828 2.821590  0.958557 -0.284902 -0.000000  0.205084 0.952147 1 0 1.000000
misc
0  -15.456804 35.854828 10.116430  -0.952361 0.304974 0.000000  0.205084 0.993164 1 0 1.000000
0  -15.456805 35.854828 2.821590  -0.952361 0.304974 0.000000  0.205084 0.952147 1 0 1.000000
0  -20.053928 21.499130 2.807827  -0.952361 0.304974 0.000000  0.131840 0.952147 1 0 1.000000
misc
0  -20.053928 21.499130 2.807827  -0.952361 0.304974 0.000000  0.131840 0.952147 1 0 1.000000
0  -20.053926 21.499130 10.130195  -0.952361 0.304974 0.000000  0.131840 0.993164 1 0 1.000000
0  -15.456804 35.854828 10.116430  -0.952361 0.304974 0.000000  0.205084 0.993164 1 0 1.000000
misc
0  -20.053928 21.499130 2.807827  -0.000071 0.000422 -1.000000  0.004883 0.928709 1 0 1.000000
0  -15.443040 21.499130 2.807826  -0.000000 0.000520 -1.000000  0.004883 0.947264 1 0 1.000000
0  -15.429270 -47.430222 2.807826  -0.002922 -0.000096 -0.999996  0.248054 0.947264 1 0 1.000000
misc
0  -15.429270 -47.430222 2.807826  -0.002922 -0.000096 -0.999996  0.248054 0.947264 1 0 1.000000
0  -20.040159 -47.430222 2.821590  -0.002940 -0.000098 -0.999996  0.247078 0.928709 1 0 1.000000
0  -20.053928 21.499130 2.807827  -0.000071 0.000422 -1.000000  0.004883 0.928709 1 0 1.000000
misc
0  -15.443040 21.499130 2.807826  0.989606 -0.143808 -0.000000  0.411145 0.948241 1 0 1.000000
0  -15.443040 21.499130 10.185248  0.989600 -0.143849 -0.000000  0.411145 0.997070 1 0 1.000000
0  -15.429269 -47.430222 10.185248  1.000000 0.000100 -0.000000  0.001953 0.997070 1 0 1.000000
misc
0  -15.429269 -47.430222 10.185248  1.000000 0.000100 -0.000000  0.001953 0.997070 1 0 1.000000
0  -15.429270 -47.430222 2.807826  1.000000 0.000102 -0.000000  0.001953 0.948241 1 0 1.000000
0  -15.443040 21.499130 2.807826  0.989606 -0.143808 -0.000000  0.411145 0.948241 1 0 1.000000
misc
0  -20.053926 21.499130 10.130195  -1.000000 -0.000200 0.000000  0.411145 0.993164 1 0 1.000000
0  -20.053928 21.499130 2.807827  -1.000000 -0.000200 0.000000  0.411145 0.948241 1 0 1.000000
0  -20.040159 -47.430222 2.821590  -1.000000 -0.000200 0.000000  0.002930 0.948241 1 0 1.000000
misc
0  -20.040159 -47.430222 2.821590  -1.000000 -0.000096 0.000000  0.002930 0.948241 1 0 1.000000
0  -20.040159 -47.430222 10.116431  -1.000000 -0.000100 0.000000  0.002930 0.993164 1 0 1.000000
0  -20.053926 21.499130 10.130195  -1.000000 -0.000200 0.000000  0.411145 0.993164 1 0 1.000000
misc
0  -15.429262 -145.029663 2.807826  -0.000090 0.000137 -1.000000  0.499039 0.945311 1 0 1.000000
0  -20.040152 -145.029663 2.807827  -0.000000 0.000141 -1.000000  0.499039 0.928709 1 0 1.000000
0  -20.040159 -47.430222 2.821590  -0.002940 -0.000098 -0.999996  0.000977 0.928709 1 0 1.000000
misc
0  -20.040159 -47.430222 2.821590  -0.002940 -0.000098 -0.999996  0.000977 0.928709 1 0 1.000000
0  -15.429270 -47.430222 2.807826  -0.002922 -0.000096 -0.999996  0.000977 0.947264 1 0 1.000000
0  -15.429262 -145.029663 2.807826  -0.000090 0.000137 -1.000000  0.499039 0.945311 1 0 1.000000
misc
0  -15.429270 -47.430222 2.807826  1.000000 0.000102 -0.000000  0.000977 0.954100 1 0 1.000000
0  -15.429269 -47.430222 10.185248  1.000000 0.000100 -0.000000  0.000977 0.994140 1 0 1.000000
0  -15.429262 -145.029663 10.199014  1.000000 0.000000 -0.000000  0.499039 0.998047 1 0 1.000000
misc
0  -15.429262 -145.029663 10.199014  1.000000 0.000000 0.000000  0.499039 0.998047 1 0 1.000000
0  -15.429262 -145.029663 2.807826  1.000000 0.000000 0.000000  0.499039 0.957030 1 0 1.000000
0  -15.429270 -47.430222 2.807826  1.000000 0.000000 0.000000  0.000977 0.954100 1 0 1.000000
misc
0  -20.040159 -47.430222 10.116431  -1.000000 -0.000100 0.000000  0.000977 0.994140 1 0 1.000000
0  -20.040159 -47.430222 2.821590  -1.000000 -0.000096 0.000000  0.000977 0.954100 1 0 1.000000
0  -20.040152 -145.029663 2.807827  -1.000000 -0.000000 0.000000  0.499039 0.957030 1 0 1.000000
misc
0  -20.040152 -145.029663 2.807827  -1.000000 -0.000000 0.000000  0.499039 0.957030 1 0 1.000000
0  -20.040152 -145.029663 10.130195  -1.000000 -0.000000 0.000000  0.499039 0.998047 1 0 1.000000
0  -20.040159 -47.430222 10.116431  -1.000000 -0.000100 0.000000  0.000977 0.994140 1 0 1.000000
misc
0  -15.429262 -145.029663 2.807826  0.000000 -1.000000 0.000000  0.438490 0.903317 1 0 1.000000
0  -15.429262 -145.029663 10.199014  0.000224 -1.000000 0.000424  0.438490 0.957030 1 0 1.000000
0  -20.040152 -145.029663 10.130195  0.000178 -1.000000 0.000445  0.474624 0.957030 1 0 1.000000
misc
0  -20.040152 -145.029663 10.130195  0.000178 -1.000000 0.000445  0.474624 0.957030 1 0 1.000000
0  -20.040152 -145.029663 2.807827  0.000000 -1.000000 0.000000  0.474624 0.903317 1 0 1.000000
0  -15.429262 -145.029663 2.807826  0.000000 -1.000000 0.000000  0.438490 0.903317 1 0 1.000000
misc
0  -20.287905 -96.016602 2.670188  -0.999998 0.000000 0.002045  0.419935 0.919919 1 0 1.000000
0  -20.274141 -97.489342 9.400711  -0.999996 -0.000000 0.002812  0.435560 0.996094 1 0 1.000000
0  -20.274141 -91.502068 9.400711  -0.999996 -0.000000 0.002812  0.366222 0.996094 1 0 1.000000
misc
0  -20.274141 -91.502068 9.400711  -0.999996 -0.000000 0.002812  0.366222 0.996094 1 0 1.000000
0  -20.287905 -92.961037 2.670188  -0.999996 0.000000 0.002908  0.383801 0.919919 1 0 1.000000
0  -20.287905 -96.016602 2.670188  -0.999998 0.000000 0.002045  0.419935 0.919919 1 0 1.000000
misc
0  -15.732070 -124.755524 -2.518783  0.999853 0.017155 0.000000  0.250008 0.759758 1 0 1.000000
0  -15.732072 -103.077454 -2.518783  0.999794 -0.020276 0.000000  0.461928 0.759758 1 0 1.000000
0  -15.732072 -103.077454 -0.812066  0.999623 -0.027440 0.000000  0.461928 0.785150 1 0 1.000000
misc
0  -15.732072 -103.077454 -0.812066  0.999623 -0.027440 0.000000  0.461928 0.785150 1 0 1.000000
0  -15.732070 -124.755524 -0.812066  0.999756 0.022090 0.000000  0.250008 0.785150 1 0 1.000000
0  -15.732070 -124.755524 -2.518783  0.999853 0.017155 0.000000  0.250008 0.759758 1 0 1.000000
misc
0  -15.387973 -133.385468 0.963471  0.999756 0.022091 0.000000  0.143559 0.930662 1 0 1.000000
0  -15.732070 -124.755524 -2.518783  0.999853 0.017155 0.000000  0.239265 0.930662 1 0 1.000000
0  -15.732070 -124.755524 -0.812066  0.999756 0.022090 0.000000  0.239265 0.945311 1 0 1.000000
misc
0  -15.732070 -124.755524 -0.812066  0.999756 0.022090 0.000000  0.239265 0.945311 1 0 1.000000
0  -15.387973 -133.385468 2.670188  0.999853 0.017156 0.000000  0.143559 0.945311 1 0 1.000000
0  -15.387973 -133.385468 0.963471  0.999756 0.022091 0.000000  0.143559 0.930662 1 0 1.000000
misc
0  -15.387973 -136.399750 0.963471  1.000000 0.000000 0.000000  0.129887 0.945311 1 0 1.000000
0  -15.387973 -133.385468 0.963471  0.999756 0.022091 0.000000  0.143559 0.945311 1 0 1.000000
0  -15.387973 -133.385468 2.670188  0.999853 0.017156 0.000000  0.143559 0.930662 1 0 1.000000
misc
0  -15.387973 -133.385468 2.670188  0.999853 0.017156 0.000000  0.143559 0.930662 1 0 1.000000
0  -15.387973 -136.399750 2.670188  1.000000 0.000000 0.000000  0.129887 0.930662 1 0 1.000000
0  -15.387973 -136.399750 0.963471  1.000000 0.000000 0.000000  0.129887 0.945311 1 0 1.000000
misc
0  -15.732072 -103.077454 -0.812066  0.999623 -0.027440 0.000000  0.239265 0.945311 1 0 1.000000
0  -15.732072 -103.077454 -2.518783  0.999794 -0.020276 0.000000  0.239265 0.930662 1 0 1.000000
0  -15.387976 -96.016602 0.894651  0.999625 -0.027394 0.000000  0.143559 0.930662 1 0 1.000000
misc
0  -15.387976 -96.016602 0.894651  0.999625 -0.027394 0.000000  0.143559 0.930662 1 0 1.000000
0  -15.387976 -96.016602 2.670188  0.999799 -0.020042 0.000000  0.143559 0.945311 1 0 1.000000
0  -15.732072 -103.077454 -0.812066  0.999623 -0.027440 0.000000  0.239265 0.945311 1 0 1.000000
misc
0  -15.387976 -96.016602 2.670188  0.999799 -0.020042 0.000000  0.143559 0.930662 1 0 1.000000
0  -15.387976 -96.016602 0.894651  0.999625 -0.027394 0.000000  0.143559 0.945311 1 0 1.000000
0  -15.387977 -92.961037 0.894651  1.000000 0.000000 0.000000  0.129887 0.945311 1 0 1.000000
misc
0  -15.387977 -92.961037 0.894651  1.000000 0.000000 -0.000001  0.129887 0.945311 1 0 1.000000
0  -15.387976 -92.961037 2.670188  1.000000 0.000000 -0.000001  0.129887 0.930662 1 0 1.000000
0  -15.387976 -96.016602 2.670188  0.999799 -0.020037 -0.000002  0.143559 0.930662 1 0 1.000000
misc
0  -20.164030 -103.077454 -0.812065  -0.999946 -0.010364 -0.000000  0.461928 0.785150 1 0 1.000000
0  -20.164030 -103.077454 -2.518783  -0.999973 -0.007303 0.000000  0.461928 0.759758 1 0 1.000000
0  -20.164028 -124.755524 -2.518783  -0.999985 0.005467 0.000000  0.250008 0.759758 1 0 1.000000
misc
0  -20.164028 -124.755524 -2.518783  -0.999985 0.005467 0.000000  0.250008 0.759758 1 0 1.000000
0  -20.164028 -124.755524 -0.812065  -0.999975 0.007073 0.000000  0.250008 0.785150 1 0 1.000000
0  -20.164030 -103.077454 -0.812065  -0.999946 -0.010364 -0.000000  0.461928 0.785150 1 0 1.000000
misc
0  -20.164028 -124.755524 -0.812065  -0.999975 0.007073 0.000000  0.239265 0.945311 1 0 1.000000
0  -20.164028 -124.755524 -2.518783  -0.999985 0.005467 0.000000  0.239265 0.930662 1 0 1.000000
0  -20.274139 -133.385468 1.059818  -0.999975 0.007025 0.000000  0.143559 0.930662 1 0 1.000000
misc
0  -20.274139 -133.385468 1.059818  -0.999975 0.007025 0.000000  0.143559 0.930662 1 0 1.000000
0  -20.274139 -133.385468 2.670188  -0.999974 0.002286 -0.006855  0.143559 0.945311 1 0 1.000000
0  -20.164028 -124.755524 -0.812065  -0.999975 0.007073 0.000000  0.239265 0.945311 1 0 1.000000
misc
0  -20.274139 -133.385468 1.059818  -0.999975 0.007025 0.000000  0.143559 0.945311 1 0 1.000000
0  -20.274139 -136.399750 0.963471  -1.000000 0.000000 0.000001  0.129887 0.945311 1 0 1.000000
0  -20.274137 -136.399750 2.670188  -1.000000 -0.000001 -0.000015  0.129887 0.930662 1 0 1.000000
misc
0  -20.274137 -136.399750 2.670188  -1.000000 -0.000001 -0.000015  0.129887 0.930662 1 0 1.000000
0  -20.274139 -133.385468 2.670188  -0.999974 0.002286 -0.006855  0.143559 0.930662 1 0 1.000000
0  -20.274139 -133.385468 1.059818  -0.999975 0.007025 0.000000  0.143559 0.945311 1 0 1.000000
misc
0  -20.287905 -96.016602 0.894652  -0.999948 -0.010207 -0.000000  0.143559 0.930662 1 0 1.000000
0  -20.164030 -103.077454 -2.518783  -0.999973 -0.007303 0.000000  0.239265 0.930662 1 0 1.000000
0  -20.164030 -103.077454 -0.812065  -0.999946 -0.010364 -0.000000  0.239265 0.945311 1 0 1.000000
misc
0  -20.164030 -103.077454 -0.812065  -0.999946 -0.010364 -0.000000  0.239265 0.945311 1 0 1.000000
0  -20.287905 -96.016602 2.670188  -0.999974 -0.007273 0.000000  0.143559 0.945311 1 0 1.000000
0  -20.287905 -96.016602 0.894652  -0.999948 -0.010207 -0.000000  0.143559 0.930662 1 0 1.000000
misc
0  -20.287905 -92.961037 0.894652  -1.000000 0.000000 0.000000  0.129887 0.945311 1 0 1.000000
0  -20.287905 -96.016602 0.894652  -0.999948 -0.010207 -0.000000  0.143559 0.945311 1 0 1.000000
0  -20.287905 -96.016602 2.670188  -0.999974 -0.007273 0.000000  0.143559 0.930662 1 0 1.000000
misc
0  -20.287905 -96.016602 2.670188  -0.999974 -0.007273 0.000000  0.143559 0.930662 1 0 1.000000
0  -20.287905 -92.961037 2.670188  -1.000000 0.000000 0.000000  0.129887 0.930662 1 0 1.000000
0  -20.287905 -92.961037 0.894652  -1.000000 0.000000 0.000000  0.129887 0.945311 1 0 1.000000
misc
0  -15.732070 -124.755524 -0.812066  0.000000 0.192806 0.981237  0.250008 0.759758 1 0 1.000000
0  -15.732072 -103.077454 -0.812066  -0.000000 -0.229520 0.973304  0.461928 0.759758 1 0 1.000000
0  -20.164030 -103.077454 -0.812065  0.000000 -0.228222 0.973609  0.461928 0.785150 1 0 1.000000
misc
0  -20.164030 -103.077454 -0.812065  0.000000 -0.228222 0.973609  0.461928 0.785150 1 0 1.000000
0  -20.164028 -124.755524 -0.812065  -0.001453 0.191272 0.981536  0.250008 0.785150 1 0 1.000000
0  -15.732070 -124.755524 -0.812066  0.000000 0.192806 0.981237  0.250008 0.759758 1 0 1.000000
misc
0  -15.732070 -124.755524 -0.812066  0.000000 0.192806 0.981237  0.239265 0.930662 1 0 1.000000
0  -20.164028 -124.755524 -0.812065  -0.001453 0.191272 0.981536  0.239265 0.945311 1 0 1.000000
0  -20.274139 -133.385468 2.670188  0.000000 0.374194 0.927351  0.143559 0.945311 1 0 1.000000
misc
0  -20.274139 -133.385468 2.670188  0.000000 0.374194 0.927351  0.143559 0.945311 1 0 1.000000
0  -15.387973 -133.385468 2.670188  0.000000 0.374194 0.927351  0.143559 0.930662 1 0 1.000000
0  -15.732070 -124.755524 -0.812066  0.000000 0.192806 0.981237  0.239265 0.930662 1 0 1.000000
misc
0  -15.732072 -103.077454 -0.812066  0.000021 -0.229786 0.973241  0.239265 0.930662 1 0 1.000000
0  -15.387976 -96.016602 2.670188  -0.000000 -0.441065 0.897475  0.143559 0.930662 1 0 1.000000
0  -20.287905 -96.016602 2.670188  0.000000 -0.441151 0.897433  0.143559 0.945311 1 0 1.000000
misc
0  -20.287905 -96.016602 2.670188  0.000000 -0.441022 0.897497  0.143559 0.945311 1 0 1.000000
0  -20.164030 -103.077454 -0.812065  0.000000 -0.228222 0.973609  0.239265 0.945311 1 0 1.000000
0  -15.732072 -103.077454 -0.812066  -0.000000 -0.229520 0.973304  0.239265 0.930662 1 0 1.000000
misc
0  -20.164030 -103.077454 -2.518783  0.000000 0.000000 -1.000000  0.461928 0.785150 1 0 1.000000
0  -15.732072 -103.077454 -2.518783  0.000000 0.000000 -1.000000  0.461928 0.759758 1 0 1.000000
0  -15.732070 -124.755524 -2.518783  0.000000 0.000000 -1.000000  0.250008 0.759758 1 0 1.000000
misc
0  -15.732070 -124.755524 -2.518783  0.000000 0.000000 -1.000000  0.250008 0.759758 1 0 1.000000
0  -20.164028 -124.755524 -2.518783  0.000000 0.000000 -1.000000  0.250008 0.785150 1 0 1.000000
0  -20.164030 -103.077454 -2.518783  0.000000 0.000000 -1.000000  0.461928 0.785150 1 0 1.000000
misc
0  -15.732070 -124.755524 -2.518783  -0.006144 -0.381349 -0.924411  0.208991 0.903317 1 0 1.000000
0  -15.387973 -133.385468 0.963471  -0.019896 -0.374925 -0.926842  0.159185 0.902341 1 0 1.000000
0  -20.274139 -133.385468 1.059818  -0.014114 -0.377486 -0.925908  0.159185 0.926756 1 0 1.000000
misc
0  -20.274139 -133.385468 1.059818  -0.014114 -0.377486 -0.925908  0.159185 0.926756 1 0 1.000000
0  -20.164028 -124.755524 -2.518783  0.000000 -0.383576 -0.923509  0.208991 0.925779 1 0 1.000000
0  -15.732070 -124.755524 -2.518783  -0.006144 -0.381349 -0.924411  0.208991 0.903317 1 0 1.000000
misc
0  -20.274139 -133.385468 1.059818  -0.007553 0.022863 -0.999710  0.159185 0.902341 1 0 1.000000
0  -15.387973 -133.385468 0.963471  -0.021381 0.000446 -0.999771  0.159185 0.926756 1 0 1.000000
0  -15.387973 -136.399750 0.963471  -0.013819 0.012551 -0.999826  0.144536 0.926756 1 0 1.000000
misc
0  -15.387973 -136.399750 0.963471  -0.013819 0.012551 -0.999826  0.144536 0.926756 1 0 1.000000
0  -20.274139 -136.399750 0.963471  0.000000 0.035109 -0.999383  0.144536 0.902341 1 0 1.000000
0  -20.274139 -133.385468 1.059818  -0.007553 0.022863 -0.999710  0.159185 0.902341 1 0 1.000000
misc
0  -15.732072 -103.077454 -2.518783  -0.000000 0.435240 -0.900314  0.208991 0.903317 1 0 1.000000
0  -20.164030 -103.077454 -2.518783  0.000000 0.435240 -0.900314  0.208991 0.925779 1 0 1.000000
0  -20.287905 -96.016602 0.894652  -0.000000 0.435240 -0.900315  0.159185 0.926756 1 0 1.000000
misc
0  -20.287905 -96.016602 0.894652  -0.000000 0.435240 -0.900315  0.159185 0.926756 1 0 1.000000
0  -15.387976 -96.016602 0.894651  -0.000000 0.435240 -0.900315  0.159185 0.902341 1 0 1.000000
0  -15.732072 -103.077454 -2.518783  -0.000000 0.435240 -0.900314  0.208991 0.903317 1 0 1.000000
misc
0  -15.387977 -92.961037 0.894651  -0.000000 0.000000 -1.000000  0.144536 0.926756 1 0 1.000000
0  -15.387976 -96.016602 0.894651  -0.000000 -0.000336 -1.000000  0.159185 0.926756 1 0 1.000000
0  -20.287905 -96.016602 0.894652  -0.000000 0.000000 -1.000000  0.159185 0.902341 1 0 1.000000
misc
0  -20.287905 -96.016602 0.894652  -0.000000 0.000000 -1.000000  0.159185 0.902341 1 0 1.000000
0  -20.287905 -92.961037 0.894652  -0.000000 0.000000 -1.000000  0.144536 0.902341 1 0 1.000000
0  -15.387977 -92.961037 0.894651  -0.000000 0.000000 -1.000000  0.144536 0.926756 1 0 1.000000
misc
0  -15.387973 -136.399750 0.963471  0.000000 -1.000000 0.000000  0.061525 0.512680 1 0 1.000000
0  -15.387973 -136.399750 2.670188  0.000000 -1.000000 0.000000  0.061525 0.531236 1 0 1.000000
0  -20.274137 -136.399750 2.670188  0.000000 -1.000000 0.000000  0.024415 0.531236 1 0 1.000000
misc
0  -20.274137 -136.399750 2.670188  0.000000 -1.000000 0.000015  0.024415 0.531236 1 0 1.000000
0  -20.274139 -136.399750 0.963471  0.000000 -1.000000 0.000015  0.024415 0.512680 1 0 1.000000
0  -15.387973 -136.399750 0.963471  0.000000 -1.000000 0.000015  0.061525 0.512680 1 0 1.000000
misc
0  -20.287905 -92.961037 0.894652  -0.000030 0.999998 0.001965  0.061525 0.512680 1 0 1.000000
0  -20.287905 -92.961037 2.670188  -0.000030 0.999998 0.001965  0.061525 0.531236 1 0 1.000000
0  -15.387976 -92.961037 2.670188  -0.000030 0.999998 0.001965  0.024415 0.531236 1 0 1.000000
misc
0  -15.387976 -92.961037 2.670188  -0.000030 0.999998 0.001965  0.024415 0.531236 1 0 1.000000
0  -15.387977 -92.961037 0.894651  -0.000030 0.999998 0.001965  0.024415 0.512680 1 0 1.000000
0  -20.287905 -92.961037 0.894652  -0.000030 0.999998 0.001965  0.061525 0.512680 1 0 1.000000
misc
0  -20.329191 -137.693542 9.400711  -0.999963 0.000000 -0.008659  0.435560 0.996094 1 0 1.000000
0  -20.329191 -131.706268 9.400711  -0.999963 -0.000000 -0.008659  0.366222 0.996094 1 0 1.000000
0  -20.274139 -133.385468 2.670188  -0.999963 -0.000001 -0.008659  0.383801 0.919919 1 0 1.000000
misc
0  -20.274139 -133.385468 2.670188  -0.999974 0.002286 -0.006855  0.383801 0.919919 1 0 1.000000
0  -20.274137 -136.399750 2.670188  -1.000000 -0.000001 -0.000015  0.419935 0.919919 1 0 1.000000
0  -20.329191 -137.693542 9.400711  -0.999963 -0.000000 -0.008659  0.435560 0.996094 1 0 1.000000
misc
0  -11.520346 49.756310 -2.628894  0.999815 0.019212 0.000000  0.250008 0.760735 1 0 1.000000
0  -11.520348 71.434372 -2.628894  0.999814 -0.019290 0.000000  0.461928 0.760735 1 0 1.000000
0  -11.520348 71.434372 -0.922177  0.999650 -0.026441 0.000000  0.461928 0.786126 1 0 1.000000
misc
0  -11.520348 71.434372 -0.922177  0.999650 -0.026441 0.000000  0.461928 0.786126 1 0 1.000000
0  -11.520346 49.756310 -0.922177  0.999694 0.024745 0.000000  0.250008 0.786126 1 0 1.000000
0  -11.520346 49.756310 -2.628894  0.999815 0.019212 0.000000  0.250008 0.760735 1 0 1.000000
misc
0  -11.134956 41.126381 0.853359  0.999694 0.024737 0.000000  0.001953 0.904294 1 0 1.000000
0  -11.520346 49.756310 -2.628894  0.999815 0.019212 0.000000  0.072268 0.904294 1 0 1.000000
0  -11.520346 49.756310 -0.922177  0.999694 0.024745 0.000000  0.072268 0.924802 1 0 1.000000
misc
0  -11.520346 49.756310 -0.922177  0.999694 0.024745 0.000000  0.072268 0.924802 1 0 1.000000
0  -11.134956 41.126381 2.573841  0.999816 0.019199 0.000000  0.001953 0.924802 1 0 1.000000
0  -11.134956 41.126381 0.853359  0.999694 0.024737 0.000000  0.001953 0.904294 1 0 1.000000
misc
0  -11.134956 38.112095 0.853359  1.000000 0.000000 0.000000  0.193365 0.767571 1 0 1.000000
0  -11.134956 41.126381 0.853359  0.999694 0.024737 0.000000  0.217780 0.767571 1 0 1.000000
0  -11.134956 41.126381 2.573841  0.999816 0.019199 0.000000  0.217780 0.793939 1 0 1.000000
misc
0  -11.134956 41.126381 2.573841  0.999816 0.019199 0.000000  0.217780 0.793939 1 0 1.000000
0  -11.134956 38.112095 2.573841  1.000000 0.000000 0.000000  0.193365 0.793939 1 0 1.000000
0  -11.134956 38.112095 0.853359  1.000000 0.000000 0.000000  0.193365 0.767571 1 0 1.000000
misc
0  -11.520348 71.434372 -0.922177  0.999650 -0.026441 0.000000  0.072268 0.924802 1 0 1.000000
0  -11.520348 71.434372 -2.628894  0.999814 -0.019290 0.000000  0.072268 0.904294 1 0 1.000000
0  -11.190015 78.495224 0.935943  0.999651 -0.026398 0.000000  0.001953 0.904294 1 0 1.000000
misc
0  -11.190015 78.495224 0.935943  0.999651 -0.026398 0.000000  0.001953 0.904294 1 0 1.000000
0  -11.190015 78.495224 2.711479  0.999819 -0.019053 0.000001  0.001953 0.924802 1 0 1.000000
0  -11.520348 71.434372 -0.922177  0.999650 -0.026441 0.000000  0.072268 0.924802 1 0 1.000000
misc
0  -11.190015 78.495224 2.711479  0.999819 -0.019053 0.000001  0.217780 0.793939 1 0 1.000000
0  -11.190015 78.495224 0.935943  0.999651 -0.026398 0.000000  0.217780 0.767571 1 0 1.000000
0  -11.190015 81.550797 0.935943  1.000000 0.000000 0.000000  0.193365 0.767571 1 0 1.000000
misc
0  -11.190015 81.550797 0.935943  1.000000 0.000000 0.000000  0.193365 0.767571 1 0 1.000000
0  -11.190015 81.550797 2.711479  1.000000 0.000000 0.000000  0.193365 0.793939 1 0 1.000000
0  -11.190015 78.495224 2.711479  0.999820 -0.018982 -0.000001  0.217780 0.793939 1 0 1.000000
misc
0  -15.814668 71.434372 -2.628894  -0.999971 -0.007572 0.000000  0.461928 0.760735 1 0 1.000000
0  -15.814666 49.756310 -2.628894  -0.999943 -0.010692 0.000000  0.250008 0.760735 1 0 1.000000
0  -15.814666 49.756310 -0.922177  -1.000000 -0.000375 0.000000  0.250008 0.786126 1 0 1.000000
misc
0  -15.814666 49.756310 -0.922177  -1.000000 -0.000375 0.000000  0.250008 0.786126 1 0 1.000000
0  -15.814668 71.434372 -0.922177  -0.999951 -0.009923 0.000000  0.461928 0.786126 1 0 1.000000
0  -15.814668 71.434372 -2.628894  -0.999971 -0.007572 0.000000  0.461928 0.760735 1 0 1.000000
misc
0  -15.814666 49.756310 -2.628894  -0.999943 -0.010692 0.000000  0.072268 0.904294 1 0 1.000000
0  -15.718319 41.126381 0.963471  -0.999981 -0.006141 0.000000  0.001953 0.904294 1 0 1.000000
0  -15.718319 41.126381 2.573841  -0.999981 -0.006081 0.001389  0.001953 0.924802 1 0 1.000000
misc
0  -15.718319 41.126381 2.573841  -0.999981 -0.006081 0.001389  0.001953 0.924802 1 0 1.000000
0  -15.814666 49.756310 -0.922177  -1.000000 -0.000375 0.000000  0.072268 0.924802 1 0 1.000000
0  -15.814666 49.756310 -2.628894  -0.999943 -0.010692 0.000000  0.072268 0.904294 1 0 1.000000
misc
0  -15.718319 41.126381 0.963471  -0.999981 -0.006141 0.000000  0.217780 0.767571 1 0 1.000000
0  -15.718319 38.112095 0.853360  -1.000000 0.000000 0.000000  0.193365 0.767571 1 0 1.000000
0  -15.718319 38.112095 2.573841  -1.000000 -0.000000 -0.000193  0.193365 0.793939 1 0 1.000000
misc
0  -15.718319 38.112095 2.573841  -1.000000 -0.000000 -0.000193  0.193365 0.793939 1 0 1.000000
0  -15.718319 41.126381 2.573841  -0.999981 -0.006081 0.001389  0.217780 0.793939 1 0 1.000000
0  -15.718319 41.126381 0.963471  -0.999981 -0.006141 0.000000  0.217780 0.767571 1 0 1.000000
misc
0  -15.938542 78.495224 0.935943  -0.999836 -0.018116 0.000000  0.001953 0.904294 1 0 1.000000
0  -15.814668 71.434372 -2.628894  -0.999971 -0.007572 0.000000  0.072268 0.904294 1 0 1.000000
0  -15.814668 71.434372 -0.922177  -0.999951 -0.009923 0.000000  0.072268 0.924802 1 0 1.000000
misc
0  -15.814668 71.434372 -0.922177  -0.999951 -0.009923 0.000000  0.072268 0.924802 1 0 1.000000
0  -15.938542 78.495224 2.711479  -0.999838 -0.018020 0.000000  0.001953 0.924802 1 0 1.000000
0  -15.938542 78.495224 0.935943  -0.999836 -0.018116 0.000000  0.001953 0.904294 1 0 1.000000
misc
0  -15.938542 81.550797 0.935943  -1.000000 0.000000 0.000000  0.193365 0.767571 1 0 1.000000
0  -15.938542 78.495224 0.935943  -1.000000 0.000000 0.000000  0.217780 0.767571 1 0 1.000000
0  -15.938542 78.495224 2.711479  -1.000000 0.000000 0.000000  0.217780 0.793939 1 0 1.000000
misc
0  -15.938542 78.495224 2.711479  -1.000000 0.000000 0.000000  0.217780 0.793939 1 0 1.000000
0  -15.938542 81.550797 2.711479  -1.000000 0.000000 0.000000  0.193365 0.793939 1 0 1.000000
0  -15.938542 81.550797 0.935943  -1.000000 0.000000 0.000000  0.193365 0.767571 1 0 1.000000
misc
0  -11.520346 49.756310 -0.922177  -0.000016 0.193280 0.981144  0.106449 0.927732 1 0 1.000000
0  -11.520348 71.434372 -0.922177  -0.000000 -0.237890 0.971292  0.002930 0.927732 1 0 1.000000
0  -15.814668 71.434372 -0.922177  0.000000 -0.236571 0.971614  0.002930 0.949217 1 0 1.000000
misc
0  -15.814668 71.434372 -0.922177  0.000000 -0.236571 0.971614  0.002930 0.949217 1 0 1.000000
0  -15.814666 49.756310 -0.922177  0.001451 0.190007 0.981782  0.106449 0.949217 1 0 1.000000
0  -11.520346 49.756310 -0.922177  -0.000016 0.193280 0.981144  0.106449 0.927732 1 0 1.000000
misc
0  -11.520346 49.756310 -0.922177  -0.000016 0.193280 0.981144  0.151372 0.904294 1 0 1.000000
0  -15.814666 49.756310 -0.922177  0.001451 0.190007 0.981782  0.151372 0.924802 1 0 1.000000
0  -15.718319 41.126381 2.573841  -0.000017 0.375021 0.927016  0.208014 0.924802 1 0 1.000000
misc
0  -15.718319 41.126381 2.573841  -0.000017 0.375021 0.927016  0.208014 0.924802 1 0 1.000000
0  -11.134956 41.126381 2.573841  0.000000 0.375465 0.926837  0.208014 0.904294 1 0 1.000000
0  -11.520346 49.756310 -0.922177  -0.000016 0.193280 0.981144  0.151372 0.904294 1 0 1.000000
misc
0  -11.520348 71.434372 -0.922177  0.000015 -0.238162 0.971225  0.160161 0.903317 1 0 1.000000
0  -11.190015 78.495224 2.711479  0.000000 -0.456773 0.889583  0.207038 0.903317 1 0 1.000000
0  -15.938542 78.495224 2.711479  0.000000 -0.456987 0.889474  0.207038 0.924802 1 0 1.000000
misc
0  -15.938542 78.495224 2.711479  -0.000000 -0.456730 0.889605  0.207038 0.924802 1 0 1.000000
0  -15.814668 71.434372 -0.922177  0.000000 -0.236571 0.971614  0.160161 0.924802 1 0 1.000000
0  -11.520348 71.434372 -0.922177  -0.000000 -0.237890 0.971292  0.160161 0.903317 1 0 1.000000
misc
0  -11.520348 71.434372 -2.628894  0.000000 0.000000 -1.000000  0.002930 0.927732 1 0 1.000000
0  -11.520346 49.756310 -2.628894  0.000000 0.000000 -1.000000  0.106449 0.927732 1 0 1.000000
0  -15.814666 49.756310 -2.628894  0.000000 0.000000 -1.000000  0.106449 0.949217 1 0 1.000000
misc
0  -15.814666 49.756310 -2.628894  0.000000 0.000000 -1.000000  0.106449 0.949217 1 0 1.000000
0  -15.814668 71.434372 -2.628894  0.000000 0.000000 -1.000000  0.002930 0.949217 1 0 1.000000
0  -11.520348 71.434372 -2.628894  0.000000 0.000000 -1.000000  0.002930 0.927732 1 0 1.000000
misc
0  -11.520346 49.756310 -2.628894  -0.006403 -0.381638 -0.924290  0.151372 0.904294 1 0 1.000000
0  -11.134956 41.126381 0.853359  -0.021081 -0.375641 -0.926525  0.208014 0.904294 1 0 1.000000
0  -15.718319 41.126381 0.963471  -0.015437 -0.378011 -0.925672  0.208014 0.924802 1 0 1.000000
misc
0  -15.718319 41.126381 0.963471  -0.015437 -0.378011 -0.925672  0.208014 0.924802 1 0 1.000000
0  -15.814666 49.756310 -2.628894  0.000000 -0.384302 -0.923208  0.151372 0.924802 1 0 1.000000
0  -11.520346 49.756310 -2.628894  -0.006403 -0.381638 -0.924290  0.151372 0.904294 1 0 1.000000
misc
0  -11.134956 41.126381 0.853359  -0.008476 0.013288 -0.999876  0.208014 0.904294 1 0 1.000000
0  -11.134956 38.112095 0.853359  -0.000032 0.000478 -1.000000  0.227546 0.904294 1 0 1.000000
0  -15.718319 38.112095 0.853360  -0.014700 0.022588 -0.999637  0.227546 0.924802 1 0 1.000000
misc
0  -15.718319 38.112095 0.853360  -0.014700 0.022588 -0.999637  0.227546 0.924802 1 0 1.000000
0  -15.718319 41.126381 0.963471  -0.022970 0.035297 -0.999113  0.208014 0.924802 1 0 1.000000
0  -11.134956 41.126381 0.853359  -0.008476 0.013288 -0.999876  0.208014 0.904294 1 0 1.000000
misc
0  -15.814668 71.434372 -2.628894  0.000000 0.450691 -0.892680  0.160161 0.924802 1 0 1.000000
0  -15.938542 78.495224 0.935943  0.000000 0.450691 -0.892680  0.207038 0.924802 1 0 1.000000
0  -11.190015 78.495224 0.935943  0.000000 0.450691 -0.892680  0.207038 0.903317 1 0 1.000000
misc
0  -11.190015 78.495224 0.935943  0.000000 0.450691 -0.892680  0.207038 0.903317 1 0 1.000000
0  -11.520348 71.434372 -2.628894  0.000000 0.450691 -0.892680  0.160161 0.903317 1 0 1.000000
0  -15.814668 71.434372 -2.628894  0.000000 0.450691 -0.892680  0.160161 0.924802 1 0 1.000000
misc
0  -11.190015 81.550797 0.935943  0.000000 0.000000 -1.000000  0.226569 0.903317 1 0 1.000000
0  -11.190015 78.495224 0.935943  0.000000 0.000000 -1.000000  0.207038 0.903317 1 0 1.000000
0  -15.938542 78.495224 0.935943  0.000000 0.000000 -1.000000  0.207038 0.924802 1 0 1.000000
misc
0  -15.938542 78.495224 0.935943  0.000000 0.000000 -1.000000  0.207038 0.924802 1 0 1.000000
0  -15.938542 81.550797 0.935943  0.000000 0.000000 -1.000000  0.226569 0.924802 1 0 1.000000
0  -11.190015 81.550797 0.935943  0.000000 0.000000 -1.000000  0.226569 0.903317 1 0 1.000000
misc
0  -11.134956 38.112095 0.853359  0.000000 -1.000000 0.000000  0.041017 0.572253 1 0 1.000000
0  -11.134956 38.112095 2.573841  0.000000 -1.000000 0.000000  0.041017 0.587878 1 0 1.000000
0  -15.718319 38.112095 2.573841  0.000000 -1.000000 0.000000  0.002930 0.587878 1 0 1.000000
misc
0  -15.718319 38.112095 2.573841  0.000000 -1.000000 0.000000  0.002930 0.587878 1 0 1.000000
0  -15.718319 38.112095 0.853360  0.000000 -1.000000 0.000000  0.002930 0.572253 1 0 1.000000
0  -11.134956 38.112095 0.853359  0.000000 -1.000000 0.000000  0.041017 0.572253 1 0 1.000000
misc
0  -15.938542 81.550797 0.935943  -0.000030 0.999998 0.001965  0.041017 0.572253 1 0 1.000000
0  -15.938542 81.550797 2.711479  -0.000030 0.999998 0.001965  0.041017 0.587878 1 0 1.000000
0  -11.190015 81.550797 2.711479  -0.000030 0.999998 0.001965  0.002930 0.587878 1 0 1.000000
misc
0  -11.190015 81.550797 2.711479  -0.000030 0.999998 0.001965  0.002930 0.587878 1 0 1.000000
0  -11.190015 81.550797 0.935943  -0.000030 0.999998 0.001965  0.002930 0.572253 1 0 1.000000
0  -15.938542 81.550797 0.935943  -0.000030 0.999998 0.001965  0.041017 0.572253 1 0 1.000000
misc
0  -15.787137 36.818295 9.414474  -0.999949 -0.000000 -0.010060  0.435560 0.996094 1 0 1.000000
0  -15.787138 42.805569 9.414474  -0.999949 -0.000000 -0.010060  0.366222 0.996094 1 0 1.000000
0  -15.718319 41.126381 2.573841  -0.999949 -0.000000 -0.010060  0.385754 0.918943 1 0 1.000000
misc
0  -15.718319 41.126381 2.573841  -0.999981 -0.006081 0.001389  0.385754 0.918943 1 0 1.000000
0  -15.718319 38.112095 2.573841  -1.000000 -0.000000 -0.000193  0.419935 0.918943 1 0 1.000000
0  -15.787137 36.818295 9.414474  -0.999949 0.000000 -0.010060  0.435560 0.996094 1 0 1.000000
misc
0  -15.938542 78.495224 2.711479  -0.999924 0.000000 -0.012319  0.419935 0.918943 1 0 1.000000
0  -16.021126 77.022499 9.414474  -0.999924 0.000000 -0.012319  0.435560 0.996094 1 0 1.000000
0  -16.021126 83.023529 9.414474  -0.999924 0.000000 -0.012319  0.366222 0.996094 1 0 1.000000
misc
0  -16.021126 83.023529 9.414474  -0.999924 0.000000 -0.012319  0.366222 0.996094 1 0 1.000000
0  -15.938542 81.550797 2.711479  -0.999924 0.000000 -0.012319  0.385754 0.918943 1 0 1.000000
0  -15.938542 78.495224 2.711479  -0.999924 0.000000 -0.012319  0.419935 0.918943 1 0 1.000000
misc
0  11.492809 49.756310 -2.628896  -0.999815 0.019212 0.000000  0.250008 0.760735 1 0 1.000000
0  11.492809 49.756310 -0.922179  -0.999694 0.024745 0.000000  0.250008 0.786126 1 0 1.000000
0  11.492807 71.434372 -0.922179  -0.999650 -0.026441 0.000000  0.461928 0.786126 1 0 1.000000
misc
0  11.492807 71.434372 -0.922179  -0.999650 -0.026441 0.000000  0.461928 0.786126 1 0 1.000000
0  11.492807 71.434372 -2.628896  -0.999814 -0.019290 0.000000  0.461928 0.760735 1 0 1.000000
0  11.492809 49.756310 -2.628896  -0.999815 0.019212 0.000000  0.250008 0.760735 1 0 1.000000
misc
0  11.107423 41.126381 0.853358  -0.999694 0.024737 0.000000  0.001953 0.904294 1 0 1.000000
0  11.107423 41.126381 2.573839  -0.999813 0.019347 0.000001  0.001953 0.924802 1 0 1.000000
0  11.492809 49.756310 -0.922179  -0.999694 0.024745 0.000000  0.072268 0.924802 1 0 1.000000
misc
0  11.492809 49.756310 -0.922179  -0.999694 0.024745 0.000000  0.072268 0.924802 1 0 1.000000
0  11.492809 49.756310 -2.628896  -0.999815 0.019212 0.000000  0.072268 0.904294 1 0 1.000000
0  11.107423 41.126381 0.853358  -0.999694 0.024737 0.000000  0.001953 0.904294 1 0 1.000000
misc
0  11.107423 38.112095 0.853358  -1.000000 0.000000 0.000000  0.193365 0.767571 1 0 1.000000
0  11.107423 38.112095 2.573839  -1.000000 0.000000 0.000000  0.193365 0.793939 1 0 1.000000
0  11.107423 41.126381 2.573839  -0.999813 0.019318 -0.000001  0.217780 0.793939 1 0 1.000000
misc
0  11.107423 41.126381 2.573839  -0.999813 0.019347 0.000001  0.217780 0.793939 1 0 1.000000
0  11.107423 41.126381 0.853358  -0.999694 0.024737 0.000000  0.217780 0.767571 1 0 1.000000
0  11.107423 38.112095 0.853358  -1.000000 0.000000 0.000000  0.193365 0.767571 1 0 1.000000
misc
0  11.492807 71.434372 -0.922179  -0.999650 -0.026441 0.000000  0.072268 0.924802 1 0 1.000000
0  11.162477 78.495224 2.711477  -0.999816 -0.019211 0.000000  0.001953 0.924802 1 0 1.000000
0  11.162477 78.495224 0.935941  -0.999652 -0.026398 0.000000  0.001953 0.904294 1 0 1.000000
misc
0  11.162477 78.495224 0.935941  -0.999652 -0.026398 0.000000  0.001953 0.904294 1 0 1.000000
0  11.492807 71.434372 -2.628896  -0.999814 -0.019290 0.000000  0.072268 0.904294 1 0 1.000000
0  11.492807 71.434372 -0.922179  -0.999650 -0.026441 0.000000  0.072268 0.924802 1 0 1.000000
misc
0  11.162477 78.495224 2.711477  -0.999816 -0.019211 0.000000  0.217780 0.793939 1 0 1.000000
0  11.162477 81.550797 2.711477  -1.000000 0.000000 0.000000  0.193365 0.793939 1 0 1.000000
0  11.162477 81.550797 0.935941  -1.000000 0.000000 0.000000  0.193365 0.767571 1 0 1.000000
misc
0  11.162477 81.550797 0.935941  -1.000000 0.000000 0.000000  0.193365 0.767571 1 0 1.000000
0  11.162477 78.495224 0.935941  -0.999652 -0.026398 0.000000  0.217780 0.767571 1 0 1.000000
0  11.162477 78.495224 2.711477  -0.999816 -0.019211 0.000000  0.217780 0.793939 1 0 1.000000
misc
0  15.787129 71.434372 -2.628896  0.999970 -0.007715 -0.000000  0.461928 0.760735 1 0 1.000000
0  15.787129 71.434372 -0.922179  0.999951 -0.009923 0.000000  0.461928 0.786126 1 0 1.000000
0  15.787131 49.756310 -0.922179  1.000000 -0.000375 -0.000000  0.250008 0.786126 1 0 1.000000
misc
0  15.787131 49.756310 -0.922179  1.000000 -0.000375 -0.000000  0.250008 0.786126 1 0 1.000000
0  15.787131 49.756310 -2.628896  0.999943 -0.010692 -0.000000  0.250008 0.760735 1 0 1.000000
0  15.787129 71.434372 -2.628896  0.999970 -0.007715 -0.000000  0.461928 0.760735 1 0 1.000000
misc
0  15.787131 49.756310 -2.628896  0.999943 -0.010692 -0.000000  0.072268 0.904294 1 0 1.000000
0  15.787131 49.756310 -0.922179  1.000000 -0.000375 -0.000000  0.072268 0.924802 1 0 1.000000
0  15.690784 41.126381 2.573838  0.999988 -0.004802 0.000000  0.001953 0.924802 1 0 1.000000
misc
0  15.690784 41.126381 2.573838  0.999988 -0.004802 0.000000  0.001953 0.924802 1 0 1.000000
0  15.690784 41.126381 0.963468  0.999981 -0.006141 0.000000  0.001953 0.904294 1 0 1.000000
0  15.787131 49.756310 -2.628896  0.999943 -0.010692 -0.000000  0.072268 0.904294 1 0 1.000000
misc
0  15.690784 41.126381 0.963468  0.999981 -0.006141 0.000000  0.217780 0.767571 1 0 1.000000
0  15.690784 41.126381 2.573838  0.999988 -0.004802 0.000000  0.217780 0.793939 1 0 1.000000
0  15.690784 38.112095 2.573838  1.000000 0.000000 0.000000  0.193365 0.793939 1 0 1.000000
misc
0  15.690784 38.112095 2.573838  1.000000 0.000000 0.000000  0.193365 0.793939 1 0 1.000000
0  15.690784 38.112095 0.853357  1.000000 0.000000 0.000000  0.193365 0.767571 1 0 1.000000
0  15.690784 41.126381 0.963468  0.999981 -0.006141 0.000000  0.217780 0.767571 1 0 1.000000
misc
0  15.911003 78.495224 0.935941  0.999838 -0.018020 0.000000  0.001953 0.904294 1 0 1.000000
0  15.911003 78.495224 2.711477  0.999836 -0.018116 0.000000  0.001953 0.924802 1 0 1.000000
0  15.787129 71.434372 -0.922179  0.999951 -0.009923 0.000000  0.072268 0.924802 1 0 1.000000
misc
0  15.787129 71.434372 -0.922179  0.999951 -0.009923 0.000000  0.072268 0.924802 1 0 1.000000
0  15.787129 71.434372 -2.628896  0.999970 -0.007715 -0.000000  0.072268 0.904294 1 0 1.000000
0  15.911003 78.495224 0.935941  0.999838 -0.018020 0.000000  0.001953 0.904294 1 0 1.000000
misc
0  15.911003 81.550797 0.935941  1.000000 0.000000 0.000000  0.193365 0.767571 1 0 1.000000
0  15.911003 81.550797 2.711477  1.000000 0.000000 -0.000389  0.193365 0.793939 1 0 1.000000
0  15.911003 78.495224 2.711477  0.999999 0.000000 0.001113  0.217780 0.793939 1 0 1.000000
misc
0  15.911003 78.495224 2.711477  0.999999 0.000000 0.001113  0.217780 0.793939 1 0 1.000000
0  15.911003 78.495224 0.935941  1.000000 0.000000 0.000000  0.217780 0.767571 1 0 1.000000
0  15.911003 81.550797 0.935941  1.000000 0.000000 0.000000  0.193365 0.767571 1 0 1.000000
misc
0  11.492809 49.756310 -0.922179  -0.000033 0.193296 0.981140  0.106449 0.927732 1 0 1.000000
0  15.787131 49.756310 -0.922179  0.000000 0.190632 0.981662  0.106449 0.949217 1 0 1.000000
0  15.787129 71.434372 -0.922179  0.000000 -0.236572 0.971614  0.002930 0.949217 1 0 1.000000
misc
0  15.787129 71.434372 -0.922179  0.000000 -0.236572 0.971614  0.002930 0.949217 1 0 1.000000
0  11.492807 71.434372 -0.922179  0.000000 -0.238480 0.971147  0.002930 0.927732 1 0 1.000000
0  11.492809 49.756310 -0.922179  -0.000033 0.193296 0.981140  0.106449 0.927732 1 0 1.000000
misc
0  11.492809 49.756310 -0.922179  -0.000044 0.193640 0.981073  0.151372 0.904294 1 0 1.000000
0  11.107423 41.126381 2.573839  0.000000 0.375465 0.926837  0.208014 0.904294 1 0 1.000000
0  15.690784 41.126381 2.573838  -0.000025 0.374843 0.927088  0.208014 0.924802 1 0 1.000000
misc
0  15.690784 41.126381 2.573838  -0.000017 0.375021 0.927016  0.208014 0.924802 1 0 1.000000
0  15.787131 49.756310 -0.922179  0.000000 0.190632 0.981662  0.151372 0.924802 1 0 1.000000
0  11.492809 49.756310 -0.922179  -0.000033 0.193296 0.981140  0.151372 0.904294 1 0 1.000000
misc
0  11.492807 71.434372 -0.922179  0.000000 -0.238480 0.971147  0.160161 0.903317 1 0 1.000000
0  15.787129 71.434372 -0.922179  0.000000 -0.236572 0.971614  0.160161 0.924802 1 0 1.000000
0  15.911003 78.495224 2.711477  -0.000000 -0.456602 0.889671  0.207038 0.924802 1 0 1.000000
misc
0  15.911003 78.495224 2.711477  -0.000000 -0.456602 0.889671  0.207038 0.924802 1 0 1.000000
0  11.162477 78.495224 2.711477  -0.000000 -0.456730 0.889605  0.207038 0.903317 1 0 1.000000
0  11.492807 71.434372 -0.922179  0.000000 -0.238480 0.971147  0.160161 0.903317 1 0 1.000000
misc
0  11.492807 71.434372 -2.628896  0.000000 0.000000 -1.000000  0.002930 0.927732 1 0 1.000000
0  15.787129 71.434372 -2.628896  0.000000 0.000000 -1.000000  0.002930 0.949217 1 0 1.000000
0  15.787131 49.756310 -2.628896  0.000000 0.000000 -1.000000  0.106449 0.949217 1 0 1.000000
misc
0  15.787131 49.756310 -2.628896  0.000000 0.000000 -1.000000  0.106449 0.949217 1 0 1.000000
0  11.492809 49.756310 -2.628896  0.000000 0.000000 -1.000000  0.106449 0.927732 1 0 1.000000
0  11.492807 71.434372 -2.628896  0.000000 0.000000 -1.000000  0.002930 0.927732 1 0 1.000000
misc
0  11.492809 49.756310 -2.628896  0.006078 -0.381963 -0.924158  0.151372 0.904294 1 0 1.000000
0  15.787131 49.756310 -2.628896  0.000000 -0.384302 -0.923207  0.151372 0.924802 1 0 1.000000
0  15.690784 41.126381 0.963468  0.015750 -0.377806 -0.925751  0.208014 0.924802 1 0 1.000000
misc
0  15.690784 41.126381 0.963468  0.015750 -0.377806 -0.925751  0.208014 0.924802 1 0 1.000000
0  11.107423 41.126381 0.853358  0.021367 -0.375476 -0.926586  0.208014 0.904294 1 0 1.000000
0  11.492809 49.756310 -2.628896  0.006078 -0.381963 -0.924158  0.151372 0.904294 1 0 1.000000
misc
0  11.107423 41.126381 0.853358  0.008463 0.013311 -0.999876  0.208014 0.904294 1 0 1.000000
0  15.690784 41.126381 0.963468  0.022972 0.035359 -0.999111  0.208014 0.924802 1 0 1.000000
0  15.690784 38.112095 0.853357  0.014431 0.022382 -0.999645  0.227546 0.924802 1 0 1.000000
misc
0  15.690784 38.112095 0.853357  0.014431 0.022382 -0.999645  0.227546 0.924802 1 0 1.000000
0  11.107423 38.112095 0.853358  -0.000032 0.000478 -1.000000  0.227546 0.904294 1 0 1.000000
0  11.107423 41.126381 0.853358  0.008463 0.013311 -0.999876  0.208014 0.904294 1 0 1.000000
misc
0  15.787129 71.434372 -2.628896  0.000000 0.450691 -0.892680  0.160161 0.924802 1 0 1.000000
0  11.492807 71.434372 -2.628896  0.000000 0.450691 -0.892680  0.160161 0.903317 1 0 1.000000
0  11.162477 78.495224 0.935941  0.000000 0.450690 -0.892680  0.207038 0.903317 1 0 1.000000
misc
0  11.162477 78.495224 0.935941  0.000000 0.450690 -0.892680  0.207038 0.903317 1 0 1.000000
0  15.911003 78.495224 0.935941  0.000000 0.450690 -0.892681  0.207038 0.924802 1 0 1.000000
0  15.787129 71.434372 -2.628896  0.000000 0.450691 -0.892680  0.160161 0.924802 1 0 1.000000
misc
0  11.162477 81.550797 0.935941  0.000000 0.000000 -1.000000  0.226569 0.903317 1 0 1.000000
0  15.911003 81.550797 0.935941  0.000000 0.000000 -1.000000  0.226569 0.924802 1 0 1.000000
0  15.911003 78.495224 0.935941  0.000000 0.000000 -1.000000  0.207038 0.924802 1 0 1.000000
misc
0  15.911003 78.495224 0.935941  0.000000 0.000000 -1.000000  0.207038 0.924802 1 0 1.000000
0  11.162477 78.495224 0.935941  0.000000 0.000000 -1.000000  0.207038 0.903317 1 0 1.000000
0  11.162477 81.550797 0.935941  0.000000 0.000000 -1.000000  0.226569 0.903317 1 0 1.000000
misc
0  11.107423 38.112095 0.853358  0.000000 -1.000000 0.000000  0.041017 0.572253 1 0 1.000000
0  15.690784 38.112095 0.853357  0.000000 -1.000000 0.000000  0.002930 0.572253 1 0 1.000000
0  15.690784 38.112095 2.573838  0.000000 -1.000000 0.000000  0.002930 0.587878 1 0 1.000000
misc
0  15.690784 38.112095 2.573838  0.000000 -1.000000 0.000000  0.002930 0.587878 1 0 1.000000
0  11.107423 38.112095 2.573839  0.000000 -1.000000 0.000000  0.041017 0.587878 1 0 1.000000
0  11.107423 38.112095 0.853358  0.000000 -1.000000 0.000000  0.041017 0.572253 1 0 1.000000
misc
0  15.911003 81.550797 0.935941  -0.000030 0.999998 0.001965  0.041017 0.572253 1 0 1.000000
0  11.162477 81.550797 0.935941  -0.000030 0.999998 0.001965  0.002930 0.572253 1 0 1.000000
0  11.162477 81.550797 2.711477  -0.000030 0.999998 0.001965  0.002930 0.587878 1 0 1.000000
misc
0  11.162477 81.550797 2.711477  -0.000030 0.999998 0.001965  0.002930 0.587878 1 0 1.000000
0  15.911003 81.550797 2.711477  -0.000030 0.999998 0.001965  0.041017 0.587878 1 0 1.000000
0  15.911003 81.550797 0.935941  -0.000030 0.999998 0.001965  0.041017 0.572253 1 0 1.000000
misc
0  15.759604 36.818295 9.414472  0.999949 0.000000 -0.010060  0.435560 0.996094 1 0 1.000000
0  15.690784 38.112095 2.573838  0.999949 0.000000 -0.010060  0.419935 0.918943 1 0 1.000000
0  15.690784 41.126381 2.573838  0.999949 0.000000 -0.010060  0.385754 0.918943 1 0 1.000000
misc
0  15.690784 41.126381 2.573838  0.999949 0.000000 -0.010060  0.385754 0.918943 1 0 1.000000
0  15.759604 42.805569 9.414472  0.999949 0.000000 -0.010060  0.366222 0.996094 1 0 1.000000
0  15.759604 36.818295 9.414472  0.999949 0.000000 -0.010060  0.435560 0.996094 1 0 1.000000
misc
0  15.911003 78.495224 2.711477  0.999999 0.000000 0.001113  0.419935 0.918943 1 0 1.000000
0  15.911003 81.550797 2.711477  1.000000 0.000000 -0.000389  0.385754 0.918943 1 0 1.000000
0  15.993587 83.023529 9.414472  0.999924 0.000000 -0.012319  0.366222 0.996094 1 0 1.000000
misc
0  15.993587 83.023529 9.414472  0.999924 0.000000 -0.012320  0.366222 0.996094 1 0 1.000000
0  15.993588 77.022499 9.414472  0.999924 0.000000 -0.012320  0.435560 0.996094 1 0 1.000000
0  15.911003 78.495224 2.711477  0.999924 0.000000 -0.012320  0.419935 0.918943 1 0 1.000000
misc
0  16.929531 60.987610 1.926937  -0.242713 0.000000 0.970098  0.174810 0.538072 1 0 1.000000
0  16.929531 58.441296 1.926937  -0.242713 0.000000 0.970098  0.174810 0.505844 1 0 1.000000
0  34.533493 58.565178 6.331368  -0.243038 0.000000 0.970017  0.086917 0.505844 1 0 1.000000
misc
0  34.533493 58.565178 6.331368  -0.243366 0.000000 0.969935  0.086917 0.505844 1 0 1.000000
0  34.533493 60.794922 6.331368  -0.242715 0.000000 0.970098  0.086917 0.538072 1 0 1.000000
0  16.929531 60.987610 1.926937  -0.242715 0.000000 0.970098  0.174810 0.538072 1 0 1.000000
misc
0  -35.469440 58.523880 6.345137  0.242359 0.000000 0.970187  0.087893 0.505844 1 0 1.000000
0  -17.782896 58.441296 1.926940  0.242358 0.000000 0.970187  0.175787 0.505844 1 0 1.000000
0  -17.782896 60.973846 1.926940  0.242359 0.000000 0.970187  0.175787 0.539048 1 0 1.000000
misc
0  -17.782896 60.973846 1.926940  0.242359 0.000000 0.970187  0.175787 0.539048 1 0 1.000000
0  -35.469440 60.781151 6.345137  0.242359 0.000000 0.970187  0.087893 0.538072 1 0 1.000000
0  -35.469440 58.523880 6.345137  0.242359 0.000000 0.970187  0.087893 0.505844 1 0 1.000000
misc
0  -38.827808 -113.675621 6.868163  0.546776 -0.001179 0.837278  0.218757 0.769524 1 0 1.000000
0  -25.697098 -114.528984 -1.692952  0.280390 -0.000018 0.959886  0.250008 0.760735 1 0 1.000000
0  -25.697098 -110.083252 -1.692952  0.280252 -0.000074 0.959927  0.250008 0.787103 1 0 1.000000
misc
0  -25.697098 -110.083252 -1.692952  0.280252 -0.000074 0.959927  0.250008 0.787103 1 0 1.000000
0  -38.827808 -110.964149 6.868163  0.546597 -0.000915 0.837395  0.218757 0.793939 1 0 1.000000
0  -38.827808 -113.675621 6.868163  0.546776 -0.001179 0.837278  0.218757 0.769524 1 0 1.000000
misc
0  25.765930 -110.083252 -1.706719  -0.296255 0.000000 0.955109  0.250008 0.785150 1 0 1.000000
0  25.765930 -114.528984 -1.706719  -0.296301 0.000000 0.955095  0.250008 0.759758 1 0 1.000000
0  37.919411 -113.675621 6.854393  -0.576278 -0.000829 0.817254  0.217780 0.767571 1 0 1.000000
misc
0  37.919411 -113.675621 6.854393  -0.576237 -0.000744 0.817282  0.217780 0.767571 1 0 1.000000
0  37.919411 -110.977913 6.854393  -0.576312 -0.000967 0.817229  0.217780 0.792962 1 0 1.000000
0  25.765930 -110.083252 -1.706719  -0.296500 -0.000101 0.955033  0.250008 0.785150 1 0 1.000000
end
