version 1
nodes
0 "blender_implicit" -1
1 "root" -1
2 "steering_wheel" 1
end
skeleton
time 0
0  0.000000 0.000000 0.000000  0.000000 -0.000000 0.000000
1  0.000000 0.000000 0.000000  1.570796 -0.000000 0.000000
2  14.039128 25.848495 17.617727  0.000000 -0.000000 0.000000
end
triangles
grill_1
0  42.516525 40.796055 22.930569  0.917981 -0.396313 -0.015707  1.932676 2.336955 1 1 1.000000
0  33.528736 19.957582 22.806696  0.917940 -0.396423 -0.015322  -1.070345 2.337932 1 1 1.000000
0  33.308517 20.232861 3.619889  0.918013 -0.396235 -0.015805  -1.070345 -1.334056 1 1 1.000000
grill_1
0  33.308517 20.232861 3.619889  0.918013 -0.396235 -0.015805  -1.070345 -1.334056 1 1 1.000000
0  42.310066 41.057564 3.757527  0.917846 -0.396641 -0.015294  1.932676 -1.335032 1 1 1.000000
0  42.516525 40.796055 22.930569  0.917981 -0.396313 -0.015707  1.932676 2.336955 1 1 1.000000
grill_1
0  43.590111 -39.681171 10.350411  0.237200 0.958212 0.159892  0.711936 1.290048 1 1 1.000000
0  43.424942 -39.612354 10.501814  0.522324 0.842629 0.130974  0.751000 1.327158 1 1 1.000000
0  43.480003 -40.039032 13.061890  0.080252 0.976045 0.202229  0.736351 1.977569 1 1 1.000000
grill_1
0  43.590111 -39.681171 10.350411  0.237200 0.958212 0.159892  0.711936 1.290048 1 1 1.000000
0  43.480003 -40.039032 13.061890  0.080252 0.976045 0.202229  0.736351 1.977569 1 1 1.000000
0  46.700741 -40.286781 13.020597  -0.102807 0.972538 0.208808  -0.077151 1.970733 1 1 1.000000
grill_1
0  43.590111 -39.681171 10.350411  0.237200 0.958212 0.159892  0.711936 1.290048 1 1 1.000000
0  46.700741 -40.286781 13.020597  -0.102807 0.972538 0.208808  -0.077151 1.970733 1 1 1.000000
0  46.452995 -39.901390 10.460521  -0.070657 0.884028 0.462063  -0.014649 1.318369 1 1 1.000000
grill_1
0  43.590111 -39.681171 10.350411  0.237200 0.958212 0.159892  0.711936 1.290048 1 1 1.000000
0  46.452995 -39.901390 10.460521  -0.070657 0.884028 0.462063  -0.014649 1.318369 1 1 1.000000
0  46.342880 -39.722462 10.281591  -0.031616 0.663637 0.747387  0.012696 1.273446 1 1 1.000000
grill_1
0  46.728268 -41.511761 17.080933  0.394328 0.854962 0.336963  -0.085940 3.000061 1 1 1.000000
0  46.797092 -41.608109 16.888239  0.492149 0.806912 0.326624  -0.102542 2.950255 1 1 1.000000
0  46.797092 -40.864864 15.140230  -0.081326 0.946238 0.313081  -0.100589 2.505905 1 1 1.000000
grill_1
0  46.728268 -41.511761 17.080933  0.394328 0.854962 0.336963  -0.085940 3.000061 1 1 1.000000
0  46.797092 -40.864864 15.140230  -0.081326 0.946238 0.313081  -0.100589 2.505905 1 1 1.000000
0  43.521294 -40.658401 15.181522  0.050479 0.947925 0.314467  0.726585 2.516648 1 1 1.000000
grill_1
0  46.728268 -41.511761 17.080933  0.394328 0.854962 0.336963  -0.085940 3.000061 1 1 1.000000
0  43.521294 -40.658401 15.181522  0.050479 0.947925 0.314467  0.726585 2.516648 1 1 1.000000
0  43.521294 -41.401653 17.039642  0.018038 0.826360 0.562853  0.726585 2.988342 1 1 1.000000
grill_1
0  46.728268 -41.511761 17.080933  0.394328 0.854962 0.336963  -0.085940 3.000061 1 1 1.000000
0  43.521294 -41.401653 17.039642  0.018038 0.826360 0.562853  0.726585 2.988342 1 1 1.000000
0  43.700222 -41.621872 17.177279  0.005859 0.556943 0.830530  0.680685 3.023499 1 1 1.000000
grill_1
0  42.654171 -40.176670 3.812582  0.088079 0.972063 -0.217569  0.948271 -0.368206 1 1 1.000000
0  42.888157 -39.791279 6.014798  0.075985 0.987368 -0.139035  0.886746 0.189428 1 1 1.000000
0  45.929966 -39.983974 6.427714  0.081894 0.987008 -0.138231  0.118168 0.293924 1 1 1.000000
grill_1
0  45.929966 -39.983974 6.427714  0.081894 0.987008 -0.138231  0.118168 0.293924 1 1 1.000000
0  45.544582 -40.383129 4.074096  0.084134 0.975017 -0.205582  0.213874 -0.303751 1 1 1.000000
0  42.654171 -40.176670 3.812582  0.088079 0.972063 -0.217569  0.948271 -0.368206 1 1 1.000000
grill_1
0  42.062325 -41.346600 -0.082586  0.071808 0.965010 -0.252187  1.096713 -1.359447 1 1 1.000000
0  42.103615 -41.208958 0.233982  0.828830 0.480402 -0.286800  1.087924 -1.278390 1 1 1.000000
0  42.337605 -40.699696 1.775533  0.053760 0.947443 -0.315375  1.027375 -0.887753 1 1 1.000000
grill_1
0  42.365131 -40.658401 1.899408  0.069370 0.956820 -0.282282  1.019562 -0.854549 1 1 1.000000
0  42.351368 -40.617111 2.037046  -0.025818 0.965345 -0.259697  1.025422 -0.818415 1 1 1.000000
0  42.420185 -40.589584 2.160921  0.101867 0.951072 -0.291694  1.005890 -0.789117 1 1 1.000000
grill_1
0  42.447712 -40.548294 2.298560  0.119858 0.946597 -0.299312  0.999054 -0.755913 1 1 1.000000
0  42.654171 -40.176670 3.812582  0.088079 0.972063 -0.217569  0.948271 -0.368206 1 1 1.000000
0  45.544582 -40.383129 4.074096  0.084134 0.975017 -0.205582  0.213874 -0.303751 1 1 1.000000
grill_1
0  42.420185 -40.589584 2.160921  0.101867 0.951072 -0.291694  1.005890 -0.789117 1 1 1.000000
0  42.447712 -40.548294 2.298560  0.119858 0.946597 -0.299312  0.999054 -0.755913 1 1 1.000000
0  45.544582 -40.383129 4.074096  0.084134 0.975017 -0.205582  0.213874 -0.303751 1 1 1.000000
grill_1
0  42.365131 -40.658401 1.899408  0.069370 0.956820 -0.282282  1.019562 -0.854549 1 1 1.000000
0  42.420185 -40.589584 2.160921  0.101867 0.951072 -0.291694  1.005890 -0.789117 1 1 1.000000
0  45.544582 -40.383129 4.074096  0.084134 0.975017 -0.205582  0.213874 -0.303751 1 1 1.000000
grill_1
0  42.365131 -40.658401 1.899408  0.069370 0.956820 -0.282282  1.019562 -0.854549 1 1 1.000000
0  45.544582 -40.383129 4.074096  0.084134 0.975017 -0.205582  0.213874 -0.303751 1 1 1.000000
0  45.186714 -40.782276 2.326087  0.060438 0.965970 -0.251495  0.304697 -0.745170 1 1 1.000000
grill_1
0  45.131660 -40.851101 2.050810  -0.167796 0.958211 -0.231680  0.319346 -0.818415 1 1 1.000000
0  45.117897 -40.892391 1.899408  -0.933420 0.357111 0.034633  0.324229 -0.854549 1 1 1.000000
0  45.090370 -40.947445 1.775533  0.778720 0.540456 -0.318594  0.331065 -0.886776 1 1 1.000000
grill_1
0  45.090370 -40.947445 1.775533  0.778720 0.540456 -0.318594  0.331065 -0.886776 1 1 1.000000
0  44.773804 -41.442944 0.165163  0.795113 0.518358 -0.314801  0.408216 -1.294015 1 1 1.000000
0  44.677460 -41.429180 -0.055059  0.159798 0.967634 0.195316  0.433607 -1.353587 1 1 1.000000
grill_1
0  45.131660 -40.851101 2.050810  -0.167796 0.958211 -0.231680  0.319346 -0.818415 1 1 1.000000
0  45.090370 -40.947445 1.775533  0.778720 0.540456 -0.318594  0.331065 -0.886776 1 1 1.000000
0  44.677460 -41.429180 -0.055059  0.159798 0.967634 0.195316  0.433607 -1.353587 1 1 1.000000
grill_1
0  45.159187 -40.809811 2.202212  -0.964089 0.223416 0.143590  0.311533 -0.778375 1 1 1.000000
0  45.131660 -40.851101 2.050810  -0.167796 0.958211 -0.231680  0.319346 -0.818415 1 1 1.000000
0  44.677460 -41.429180 -0.055059  0.159798 0.967634 0.195316  0.433607 -1.353587 1 1 1.000000
grill_1
0  45.186714 -40.782276 2.326087  0.060438 0.965970 -0.251495  0.304697 -0.745170 1 1 1.000000
0  45.159187 -40.809811 2.202212  -0.964089 0.223416 0.143590  0.311533 -0.778375 1 1 1.000000
0  44.677460 -41.429180 -0.055059  0.159798 0.967634 0.195316  0.433607 -1.353587 1 1 1.000000
grill_1
0  42.365131 -40.658401 1.899408  0.069370 0.956820 -0.282282  1.019562 -0.854549 1 1 1.000000
0  45.186714 -40.782276 2.326087  0.060438 0.965970 -0.251495  0.304697 -0.745170 1 1 1.000000
0  44.677460 -41.429180 -0.055059  0.159798 0.967634 0.195316  0.433607 -1.353587 1 1 1.000000
grill_1
0  42.337605 -40.699696 1.775533  0.053760 0.947443 -0.315375  1.027375 -0.887753 1 1 1.000000
0  42.365131 -40.658401 1.899408  0.069370 0.956820 -0.282282  1.019562 -0.854549 1 1 1.000000
0  44.677460 -41.429180 -0.055059  0.159798 0.967634 0.195316  0.433607 -1.353587 1 1 1.000000
grill_1
0  42.062325 -41.346600 -0.082586  0.071808 0.965010 -0.252187  1.096713 -1.359447 1 1 1.000000
0  42.337605 -40.699696 1.775533  0.053760 0.947443 -0.315375  1.027375 -0.887753 1 1 1.000000
0  44.677460 -41.429180 -0.055059  0.159798 0.967634 0.195316  0.433607 -1.353587 1 1 1.000000
grill_1
0  42.062325 -41.346600 -0.082586  0.071808 0.965010 -0.252187  1.096713 -1.359447 1 1 1.000000
0  44.677460 -41.429180 -0.055059  0.159798 0.967634 0.195316  0.433607 -1.353587 1 1 1.000000
0  44.608635 -41.140141 -0.220225  0.007884 0.468960 0.883184  0.453139 -1.392651 1 1 1.000000
grill_1
0  46.205242 -39.805046 8.340889  0.054418 0.986202 -0.156346  0.045900 0.780267 1 1 1.000000
0  45.929966 -39.983974 6.427714  0.081894 0.987008 -0.138231  0.118168 0.293924 1 1 1.000000
0  42.888157 -39.791279 6.014798  0.075985 0.987368 -0.139035  0.886746 0.189428 1 1 1.000000
grill_1
0  46.205242 -39.805046 8.340889  0.054418 0.986202 -0.156346  0.045900 0.780267 1 1 1.000000
0  42.888157 -39.791279 6.014798  0.075985 0.987368 -0.139035  0.886746 0.189428 1 1 1.000000
0  43.135906 -39.653645 8.299599  0.048898 0.996268 -0.071128  0.824244 0.768548 1 1 1.000000
grill_1
0  46.205242 -39.805046 8.340889  0.054418 0.986202 -0.156346  0.045900 0.780267 1 1 1.000000
0  43.135906 -39.653645 8.299599  0.048898 0.996268 -0.071128  0.824244 0.768548 1 1 1.000000
0  43.273544 -39.639881 8.506055  0.048735 0.995401 -0.082474  0.789087 0.821284 1 1 1.000000
grill_1
0  46.205242 -39.805046 8.340889  0.054418 0.986202 -0.156346  0.045900 0.780267 1 1 1.000000
0  43.273544 -39.639881 8.506055  0.048735 0.995401 -0.082474  0.789087 0.821284 1 1 1.000000
0  46.136425 -39.763752 8.478527  0.037902 0.967682 -0.249308  0.064455 0.815424 1 1 1.000000
grill_1
0  46.797092 -40.864864 15.140230  -0.081326 0.946238 0.313081  -0.100589 2.505905 1 1 1.000000
0  46.700741 -40.286781 13.020597  -0.102807 0.972538 0.208808  -0.077151 1.970733 1 1 1.000000
0  43.480003 -40.039032 13.061890  0.080252 0.976045 0.202229  0.736351 1.977569 1 1 1.000000
grill_1
0  43.480003 -40.039032 13.061890  0.080252 0.976045 0.202229  0.736351 1.977569 1 1 1.000000
0  43.521294 -40.658401 15.181522  0.050479 0.947925 0.314467  0.726585 2.516648 1 1 1.000000
0  46.797092 -40.864864 15.140230  -0.081326 0.946238 0.313081  -0.100589 2.505905 1 1 1.000000
grill_1
0  -42.544052 40.796047 22.930576  -0.917981 -0.396314 -0.015707  1.932676 2.336955 1 1 1.000000
0  -42.337605 41.057556 3.757534  -0.917998 -0.396279 -0.015567  1.932676 -1.335032 1 1 1.000000
0  -33.336044 20.232857 3.619895  -0.917981 -0.396328 -0.015336  -1.070345 -1.334056 1 1 1.000000
grill_1
0  -33.336044 20.232857 3.619895  -0.917981 -0.396328 -0.015336  -1.070345 -1.334056 1 1 1.000000
0  -33.556263 19.957579 22.806700  -0.917978 -0.396329 -0.015485  -1.070345 2.337932 1 1 1.000000
0  -42.544052 40.796047 22.930576  -0.917981 -0.396314 -0.015707  1.932676 2.336955 1 1 1.000000
grill_1
0  -43.590103 -39.681179 10.350417  -0.237276 0.958195 0.159883  0.711936 1.290048 1 1 1.000000
0  -46.342873 -39.722469 10.281599  0.031545 0.663641 0.747386  0.012696 1.273446 1 1 1.000000
0  -46.452988 -39.901398 10.460528  0.070581 0.884021 0.462087  -0.014649 1.318369 1 1 1.000000
grill_1
0  -43.590103 -39.681179 10.350417  -0.237276 0.958195 0.159883  0.711936 1.290048 1 1 1.000000
0  -46.452988 -39.901398 10.460528  0.070581 0.884021 0.462087  -0.014649 1.318369 1 1 1.000000
0  -46.700733 -40.286789 13.020605  0.102760 0.972541 0.208815  -0.077151 1.970733 1 1 1.000000
grill_1
0  -43.590103 -39.681179 10.350417  -0.237276 0.958195 0.159883  0.711936 1.290048 1 1 1.000000
0  -46.700733 -40.286789 13.020605  0.102760 0.972541 0.208815  -0.077151 1.970733 1 1 1.000000
0  -43.479996 -40.039040 13.061895  -0.080301 0.976041 0.202228  0.736351 1.977569 1 1 1.000000
grill_1
0  -43.590103 -39.681179 10.350417  -0.237276 0.958195 0.159883  0.711936 1.290048 1 1 1.000000
0  -43.479996 -40.039040 13.061895  -0.080301 0.976041 0.202228  0.736351 1.977569 1 1 1.000000
0  -43.424934 -39.612362 10.501820  -0.522341 0.842616 0.130988  0.751000 1.327158 1 1 1.000000
grill_1
0  -46.728260 -41.511768 17.080940  -0.394482 0.854934 0.336856  -0.085940 3.000061 1 1 1.000000
0  -43.700214 -41.621880 17.177286  -0.005921 0.556952 0.830524  0.680685 3.023499 1 1 1.000000
0  -43.521286 -41.401661 17.039650  -0.018104 0.826370 0.562836  0.726585 2.988342 1 1 1.000000
grill_1
0  -46.728260 -41.511768 17.080940  -0.394482 0.854934 0.336856  -0.085940 3.000061 1 1 1.000000
0  -43.521286 -41.401661 17.039650  -0.018104 0.826370 0.562836  0.726585 2.988342 1 1 1.000000
0  -43.521286 -40.658409 15.181528  -0.050409 0.947954 0.314390  0.726585 2.516648 1 1 1.000000
grill_1
0  -46.728260 -41.511768 17.080940  -0.394482 0.854934 0.336856  -0.085940 3.000061 1 1 1.000000
0  -43.521286 -40.658409 15.181528  -0.050409 0.947954 0.314390  0.726585 2.516648 1 1 1.000000
0  -46.797085 -40.864872 15.140238  0.081280 0.946243 0.313078  -0.100589 2.505905 1 1 1.000000
grill_1
0  -46.728260 -41.511768 17.080940  -0.394482 0.854934 0.336856  -0.085940 3.000061 1 1 1.000000
0  -46.797085 -40.864872 15.140238  0.081280 0.946243 0.313078  -0.100589 2.505905 1 1 1.000000
0  -46.797085 -41.608116 16.888247  -0.492233 0.806890 0.326551  -0.102542 2.950255 1 1 1.000000
grill_1
0  -42.654163 -40.176678 3.812589  -0.088148 0.972055 -0.217576  0.948271 -0.368206 1 1 1.000000
0  -45.544575 -40.383137 4.074102  -0.084161 0.975020 -0.205557  0.213874 -0.303751 1 1 1.000000
0  -45.929958 -39.983982 6.427721  -0.081963 0.987000 -0.138253  0.118168 0.293924 1 1 1.000000
grill_1
0  -45.929958 -39.983982 6.427721  -0.081963 0.987000 -0.138253  0.118168 0.293924 1 1 1.000000
0  -42.888149 -39.791286 6.014805  -0.076074 0.987353 -0.139095  0.886746 0.189428 1 1 1.000000
0  -42.654163 -40.176678 3.812589  -0.088148 0.972055 -0.217576  0.948271 -0.368206 1 1 1.000000
grill_1
0  -42.062317 -41.346607 -0.082580  -0.071852 0.965005 -0.252194  1.096713 -1.359447 1 1 1.000000
0  -44.608627 -41.140148 -0.220218  -0.007945 0.468957 0.883185  0.453139 -1.392651 1 1 1.000000
0  -44.677452 -41.429188 -0.055052  -0.159868 0.967614 0.195362  0.433607 -1.353587 1 1 1.000000
grill_1
0  -44.677452 -41.429188 -0.055052  -0.159868 0.967614 0.195362  0.433607 -1.353587 1 1 1.000000
0  -44.773796 -41.442951 0.165170  -0.795102 0.518419 -0.314729  0.408216 -1.294015 1 1 1.000000
0  -45.090363 -40.947453 1.775540  -0.778723 0.540451 -0.318596  0.331065 -0.886776 1 1 1.000000
grill_1
0  -45.090363 -40.947453 1.775540  -0.778723 0.540451 -0.318596  0.331065 -0.886776 1 1 1.000000
0  -45.117889 -40.892399 1.899415  0.933476 0.356962 0.034657  0.324229 -0.854549 1 1 1.000000
0  -45.131653 -40.851109 2.050817  0.167768 0.958181 -0.231824  0.319346 -0.818415 1 1 1.000000
grill_1
0  -44.677452 -41.429188 -0.055052  -0.159868 0.967614 0.195362  0.433607 -1.353587 1 1 1.000000
0  -45.090363 -40.947453 1.775540  -0.778723 0.540451 -0.318596  0.331065 -0.886776 1 1 1.000000
0  -45.131653 -40.851109 2.050817  0.167768 0.958181 -0.231824  0.319346 -0.818415 1 1 1.000000
grill_1
0  -44.677452 -41.429188 -0.055052  -0.159868 0.967614 0.195362  0.433607 -1.353587 1 1 1.000000
0  -45.131653 -40.851109 2.050817  0.167768 0.958181 -0.231824  0.319346 -0.818415 1 1 1.000000
0  -45.159180 -40.809818 2.202219  0.964059 0.223539 0.143595  0.311533 -0.778375 1 1 1.000000
grill_1
0  -44.677452 -41.429188 -0.055052  -0.159868 0.967614 0.195362  0.433607 -1.353587 1 1 1.000000
0  -45.159180 -40.809818 2.202219  0.964059 0.223539 0.143595  0.311533 -0.778375 1 1 1.000000
0  -45.186707 -40.782284 2.326094  -0.060485 0.965965 -0.251502  0.304697 -0.745170 1 1 1.000000
grill_1
0  -45.544575 -40.383137 4.074102  -0.084161 0.975020 -0.205557  0.213874 -0.303751 1 1 1.000000
0  -42.654163 -40.176678 3.812589  -0.088148 0.972055 -0.217576  0.948271 -0.368206 1 1 1.000000
0  -42.447704 -40.548302 2.298566  -0.119911 0.946594 -0.299302  0.999054 -0.755913 1 1 1.000000
grill_1
0  -45.544575 -40.383137 4.074102  -0.084161 0.975020 -0.205557  0.213874 -0.303751 1 1 1.000000
0  -42.447704 -40.548302 2.298566  -0.119911 0.946594 -0.299302  0.999054 -0.755913 1 1 1.000000
0  -42.420177 -40.589592 2.160927  -0.101950 0.951074 -0.291659  1.005890 -0.789117 1 1 1.000000
grill_1
0  -42.420177 -40.589592 2.160927  -0.101950 0.951074 -0.291659  1.005890 -0.789117 1 1 1.000000
0  -42.351360 -40.617119 2.037053  0.025773 0.965370 -0.259607  1.025422 -0.818415 1 1 1.000000
0  -42.365124 -40.658409 1.899414  -0.069426 0.956822 -0.282261  1.019562 -0.854549 1 1 1.000000
grill_1
0  -45.544575 -40.383137 4.074102  -0.084161 0.975020 -0.205557  0.213874 -0.303751 1 1 1.000000
0  -42.420177 -40.589592 2.160927  -0.101950 0.951074 -0.291659  1.005890 -0.789117 1 1 1.000000
0  -42.365124 -40.658409 1.899414  -0.069426 0.956822 -0.282261  1.019562 -0.854549 1 1 1.000000
grill_1
0  -45.186707 -40.782284 2.326094  -0.060485 0.965965 -0.251502  0.304697 -0.745170 1 1 1.000000
0  -45.544575 -40.383137 4.074102  -0.084161 0.975020 -0.205557  0.213874 -0.303751 1 1 1.000000
0  -42.365124 -40.658409 1.899414  -0.069426 0.956822 -0.282261  1.019562 -0.854549 1 1 1.000000
grill_1
0  -44.677452 -41.429188 -0.055052  -0.159868 0.967614 0.195362  0.433607 -1.353587 1 1 1.000000
0  -45.186707 -40.782284 2.326094  -0.060485 0.965965 -0.251502  0.304697 -0.745170 1 1 1.000000
0  -42.365124 -40.658409 1.899414  -0.069426 0.956822 -0.282261  1.019562 -0.854549 1 1 1.000000
grill_1
0  -44.677452 -41.429188 -0.055052  -0.159868 0.967614 0.195362  0.433607 -1.353587 1 1 1.000000
0  -42.365124 -40.658409 1.899414  -0.069426 0.956822 -0.282261  1.019562 -0.854549 1 1 1.000000
0  -42.337597 -40.699703 1.775540  -0.053843 0.947446 -0.315353  1.027375 -0.887753 1 1 1.000000
grill_1
0  -42.062317 -41.346607 -0.082580  -0.071852 0.965005 -0.252194  1.096713 -1.359447 1 1 1.000000
0  -44.677452 -41.429188 -0.055052  -0.159868 0.967614 0.195362  0.433607 -1.353587 1 1 1.000000
0  -42.337597 -40.699703 1.775540  -0.053843 0.947446 -0.315353  1.027375 -0.887753 1 1 1.000000
grill_1
0  -42.062317 -41.346607 -0.082580  -0.071852 0.965005 -0.252194  1.096713 -1.359447 1 1 1.000000
0  -42.337597 -40.699703 1.775540  -0.053843 0.947446 -0.315353  1.027375 -0.887753 1 1 1.000000
0  -42.103607 -41.208965 0.233989  -0.828854 0.480362 -0.286799  1.087924 -1.278390 1 1 1.000000
grill_1
0  -46.205235 -39.805054 8.340897  -0.054472 0.986197 -0.156360  0.045900 0.780267 1 1 1.000000
0  -46.136417 -39.763760 8.478535  -0.037965 0.967660 -0.249385  0.064455 0.815424 1 1 1.000000
0  -43.273537 -39.639889 8.506061  -0.048803 0.995394 -0.082515  0.789087 0.821284 1 1 1.000000
grill_1
0  -46.205235 -39.805054 8.340897  -0.054472 0.986197 -0.156360  0.045900 0.780267 1 1 1.000000
0  -43.273537 -39.639889 8.506061  -0.048803 0.995394 -0.082515  0.789087 0.821284 1 1 1.000000
0  -43.135899 -39.653652 8.299604  -0.048957 0.996266 -0.071117  0.824244 0.768548 1 1 1.000000
grill_1
0  -46.205235 -39.805054 8.340897  -0.054472 0.986197 -0.156360  0.045900 0.780267 1 1 1.000000
0  -43.135899 -39.653652 8.299604  -0.048957 0.996266 -0.071117  0.824244 0.768548 1 1 1.000000
0  -42.888149 -39.791286 6.014805  -0.076074 0.987353 -0.139095  0.886746 0.189428 1 1 1.000000
grill_1
0  -46.205235 -39.805054 8.340897  -0.054472 0.986197 -0.156360  0.045900 0.780267 1 1 1.000000
0  -42.888149 -39.791286 6.014805  -0.076074 0.987353 -0.139095  0.886746 0.189428 1 1 1.000000
0  -45.929958 -39.983982 6.427721  -0.081963 0.987000 -0.138253  0.118168 0.293924 1 1 1.000000
grill_1
0  -46.797085 -40.864872 15.140238  0.081280 0.946243 0.313078  -0.100589 2.505905 1 1 1.000000
0  -43.521286 -40.658409 15.181528  -0.050409 0.947954 0.314390  0.726585 2.516648 1 1 1.000000
0  -43.479996 -40.039040 13.061895  -0.080301 0.976041 0.202228  0.736351 1.977569 1 1 1.000000
grill_1
0  -43.479996 -40.039040 13.061895  -0.080301 0.976041 0.202228  0.736351 1.977569 1 1 1.000000
0  -46.700733 -40.286789 13.020605  0.102760 0.972541 0.208815  -0.077151 1.970733 1 1 1.000000
0  -46.797085 -40.864872 15.140238  0.081280 0.946243 0.313078  -0.100589 2.505905 1 1 1.000000
carbonfibre
0  45.640919 45.214249 5.230259  0.963842 -0.056610 -0.260392  0.774438 0.388653 1 1 1.000000
0  44.883907 37.478962 4.844872  0.995062 -0.086554 -0.048586  0.727561 0.385723 1 1 1.000000
0  44.938961 37.506493 3.991513  0.985750 -0.060335 -0.157026  0.727561 0.376934 1 1 1.000000
carbonfibre
0  45.338116 46.315353 5.202731  0.408661 0.884943 0.223319  0.595721 0.432600 1 1 1.000000
0  45.654682 46.150188 5.202731  0.417033 0.893990 0.163909  0.592792 0.432600 1 1 1.000000
0  45.695972 46.219006 4.982510  0.412447 0.871221 0.266197  0.592792 0.430647 1 1 1.000000
carbonfibre
0  44.429699 31.051245 3.096863  0.993644 -0.057665 -0.096679  0.688498 0.370098 1 1 1.000000
0  44.415936 31.051245 4.652177  0.997868 -0.064914 -0.006799  0.688498 0.384747 1 1 1.000000
0  44.264534 28.477407 4.624650  0.997626 -0.059651 -0.034414  0.672872 0.384747 1 1 1.000000
carbonfibre
0  44.264534 28.477407 4.624650  0.997626 -0.059651 -0.034414  0.672872 0.384747 1 1 1.000000
0  44.168190 27.692865 3.220737  0.997969 -0.063549 0.004404  0.667989 0.372051 1 1 1.000000
0  44.429699 31.051245 3.096863  0.993644 -0.057665 -0.096679  0.688498 0.370098 1 1 1.000000
carbonfibre
0  44.883907 37.478962 4.844872  0.995062 -0.086554 -0.048586  0.727561 0.385723 1 1 1.000000
0  44.415936 31.051245 4.652177  0.997868 -0.064914 -0.006799  0.688498 0.384747 1 1 1.000000
0  44.429699 31.051245 3.096863  0.993644 -0.057665 -0.096679  0.688498 0.370098 1 1 1.000000
carbonfibre
0  44.429699 31.051245 3.096863  0.993644 -0.057665 -0.096679  0.688498 0.370098 1 1 1.000000
0  44.938961 37.506493 3.991513  0.985750 -0.060335 -0.157026  0.727561 0.376934 1 1 1.000000
0  44.883907 37.478962 4.844872  0.995062 -0.086554 -0.048586  0.727561 0.385723 1 1 1.000000
carbonfibre
0  44.168190 27.692865 3.220737  0.997969 -0.063549 0.004404  0.667989 0.372051 1 1 1.000000
0  44.113136 26.481649 2.628892  0.997762 -0.040345 -0.053331  0.660176 0.366192 1 1 1.000000
0  44.429699 31.051245 3.096863  0.993644 -0.057665 -0.096679  0.688498 0.370098 1 1 1.000000
carbonfibre
0  38.277264 -20.053923 -0.536793  -0.072068 0.000687 -0.997399  0.650410 0.299783 1 1 1.000000
0  44.870148 -12.373696 -1.004764  -0.073407 0.001680 -0.997301  0.605487 0.264626 1 1 1.000000
0  44.787563 -18.264624 -1.004764  -0.071984 0.001053 -0.997405  0.642598 0.264626 1 1 1.000000
carbonfibre
0  38.277264 -20.053923 -0.536793  -0.072068 0.000687 -0.997399  0.650410 0.299783 1 1 1.000000
0  44.787563 -18.264624 -1.004764  -0.071984 0.001053 -0.997405  0.642598 0.264626 1 1 1.000000
0  44.581108 -31.588030 -1.004764  -0.075198 -0.000459 -0.997169  0.726585 0.264626 1 1 1.000000
carbonfibre
0  44.608635 -37.602833 -1.004764  -0.076190 -0.001122 -0.997093  0.764672 0.264626 1 1 1.000000
0  44.815094 -41.993496 -1.004764  -0.074284 -0.003873 -0.997230  0.792016 0.264626 1 1 1.000000
0  37.451435 -42.516521 -0.454210  -0.075230 -0.002028 -0.997164  0.795923 0.310526 1 1 1.000000
carbonfibre
0  44.581108 -31.588030 -1.004764  -0.075198 -0.000459 -0.997169  0.726585 0.264626 1 1 1.000000
0  44.608635 -37.602833 -1.004764  -0.076190 -0.001122 -0.997093  0.764672 0.264626 1 1 1.000000
0  37.451435 -42.516521 -0.454210  -0.075230 -0.002028 -0.997164  0.795923 0.310526 1 1 1.000000
carbonfibre
0  38.277264 -20.053923 -0.536793  -0.072068 0.000687 -0.997399  0.650410 0.299783 1 1 1.000000
0  44.581108 -31.588030 -1.004764  -0.075198 -0.000459 -0.997169  0.726585 0.264626 1 1 1.000000
0  37.451435 -42.516521 -0.454210  -0.075230 -0.002028 -0.997164  0.795923 0.310526 1 1 1.000000
carbonfibre
0  39.805050 22.104744 -0.674432  -0.053574 0.001028 -0.998563  0.388684 0.288064 1 1 1.000000
0  46.191471 31.051245 -1.004764  -0.048714 -0.000865 -0.998812  0.332041 0.264626 1 1 1.000000
0  46.053829 26.027443 -1.004764  -0.053770 0.001566 -0.998552  0.363292 0.264626 1 1 1.000000
carbonfibre
0  39.805050 22.104744 -0.674432  -0.053574 0.001028 -0.998563  0.388684 0.288064 1 1 1.000000
0  46.053829 26.027443 -1.004764  -0.053770 0.001566 -0.998552  0.363292 0.264626 1 1 1.000000
0  45.916199 21.843231 -1.004764  -0.053547 0.002190 -0.998563  0.389660 0.264626 1 1 1.000000
carbonfibre
0  39.805050 22.104744 -0.674432  -0.053574 0.001028 -0.998563  0.388684 0.288064 1 1 1.000000
0  45.916199 21.843231 -1.004764  -0.053547 0.002190 -0.998563  0.389660 0.264626 1 1 1.000000
0  45.517044 13.832671 -1.004764  -0.055284 0.001698 -0.998469  0.440443 0.264626 1 1 1.000000
carbonfibre
0  40.768513 48.256058 -0.770779  -0.042638 -0.000329 -0.999091  0.227546 0.290017 1 1 1.000000
0  46.466751 37.685421 -1.004764  -0.038613 0.001304 -0.999253  0.290048 0.264626 1 1 1.000000
0  46.191471 31.051245 -1.004764  -0.048714 -0.000865 -0.998812  0.332041 0.264626 1 1 1.000000
carbonfibre
0  46.191471 31.051245 -1.004764  -0.048714 -0.000865 -0.998812  0.332041 0.264626 1 1 1.000000
0  39.805050 22.104744 -0.674432  -0.053574 0.001028 -0.998563  0.388684 0.288064 1 1 1.000000
0  40.768513 48.256058 -0.770779  -0.042638 -0.000329 -0.999091  0.227546 0.290017 1 1 1.000000
carbonfibre
0  44.870152 -31.477919 -0.330336  0.764276 -0.004032 0.644876  0.308603 0.335917 1 1 1.000000
0  42.268784 -35.386848 -0.082586  0.744403 -0.010984 0.667641  0.290048 0.355449 1 1 1.000000
0  44.911442 -37.423901 -0.357863  0.785110 0.020295 0.619024  0.273446 0.335917 1 1 1.000000
carbonfibre
0  44.828857 -31.532972 -0.660668  0.934859 -0.003814 -0.355000  0.308603 0.332987 1 1 1.000000
0  44.870152 -31.477919 -0.330336  0.764276 -0.004032 0.644876  0.308603 0.335917 1 1 1.000000
0  44.911442 -37.423901 -0.357863  0.785110 0.020295 0.619024  0.273446 0.335917 1 1 1.000000
carbonfibre
0  44.911442 -37.423901 -0.357863  0.785110 0.020295 0.619024  0.273446 0.335917 1 1 1.000000
0  44.870152 -37.492722 -0.646904  0.923448 0.025691 -0.382863  0.272469 0.332987 1 1 1.000000
0  44.828857 -31.532972 -0.660668  0.934859 -0.003814 -0.355000  0.308603 0.332987 1 1 1.000000
carbonfibre
0  45.007786 -18.278387 -0.233989  0.706367 -0.012590 0.707734  0.389660 0.336894 1 1 1.000000
0  42.654167 -18.278387 -0.096350  0.678075 -0.029447 0.734402  0.388684 0.353496 1 1 1.000000
0  42.323837 -31.326517 -0.123878  0.735447 -0.012135 0.677474  0.314463 0.354472 1 1 1.000000
carbonfibre
0  42.323837 -31.326517 -0.123878  0.735447 -0.012135 0.677474  0.314463 0.354472 1 1 1.000000
0  44.870152 -31.477919 -0.330336  0.764276 -0.004032 0.644876  0.308603 0.335917 1 1 1.000000
0  45.007786 -18.278387 -0.233989  0.706367 -0.012590 0.707734  0.389660 0.336894 1 1 1.000000
carbonfibre
0  44.787563 -18.264624 -1.004764  0.818806 -0.011690 -0.573952  0.389660 0.329081 1 1 1.000000
0  45.035313 -18.264624 -0.646904  0.962480 -0.013225 -0.271032  0.389660 0.332987 1 1 1.000000
0  44.828857 -31.532972 -0.660668  0.934859 -0.003814 -0.355000  0.308603 0.332987 1 1 1.000000
carbonfibre
0  44.828857 -31.532972 -0.660668  0.934859 -0.003814 -0.355000  0.308603 0.332987 1 1 1.000000
0  44.581108 -31.588030 -1.004764  0.808018 -0.003669 -0.589146  0.308603 0.329081 1 1 1.000000
0  44.787563 -18.264624 -1.004764  0.818806 -0.011690 -0.573952  0.389660 0.329081 1 1 1.000000
carbonfibre
0  45.558342 5.340376 -0.137642  0.717525 -0.025234 0.696076  0.532243 0.337870 1 1 1.000000
0  44.016788 5.340376 0.110107  0.495438 -0.036744 0.867866  0.532243 0.350566 1 1 1.000000
0  42.956970 -12.387461 -0.027531  0.549483 -0.031403 0.834915  0.424818 0.352519 1 1 1.000000
carbonfibre
0  42.956970 -12.387461 -0.027531  0.549483 -0.031403 0.834915  0.424818 0.352519 1 1 1.000000
0  45.076603 -12.387460 -0.206461  0.690484 -0.018770 0.723104  0.424818 0.336894 1 1 1.000000
0  45.558342 5.340376 -0.137642  0.717525 -0.025234 0.696076  0.532243 0.337870 1 1 1.000000
carbonfibre
0  45.117893 -12.373696 -0.633140  0.970061 -0.019335 -0.242089  0.424818 0.332987 1 1 1.000000
0  44.870148 -12.373696 -1.004764  0.822838 -0.016082 -0.568048  0.424818 0.329081 1 1 1.000000
0  45.296825 5.326613 -1.004764  0.768705 -0.020478 -0.639275  0.532243 0.329081 1 1 1.000000
carbonfibre
0  45.296825 5.326613 -1.004764  0.768705 -0.020478 -0.639275  0.532243 0.329081 1 1 1.000000
0  45.613396 5.326613 -0.619377  0.959111 -0.026576 -0.281780  0.532243 0.332987 1 1 1.000000
0  45.117893 -12.373696 -0.633140  0.970061 -0.019335 -0.242089  0.424818 0.332987 1 1 1.000000
carbonfibre
0  45.971252 21.843231 -0.096350  0.812865 -0.028528 0.581753  0.632832 0.337870 1 1 1.000000
0  45.117893 21.843231 0.357857  0.648903 -0.051973 0.759094  0.632832 0.346660 1 1 1.000000
0  44.622395 13.818908 0.192691  0.493221 -0.037752 0.869084  0.584002 0.348613 1 1 1.000000
carbonfibre
0  44.622395 13.818908 0.192691  0.493221 -0.037752 0.869084  0.584002 0.348613 1 1 1.000000
0  45.792324 13.832671 -0.110114  0.748542 -0.025725 0.662588  0.584002 0.337870 1 1 1.000000
0  45.971252 21.843231 -0.096350  0.812865 -0.028528 0.581753  0.632832 0.337870 1 1 1.000000
carbonfibre
0  45.861145 13.832671 -0.619377  0.955098 -0.030369 -0.294730  0.584002 0.332987 1 1 1.000000
0  45.517044 13.832671 -1.004764  0.743752 -0.028999 -0.667826  0.584002 0.329081 1 1 1.000000
0  45.916199 21.843231 -1.004764  0.939407 -0.026504 -0.341777  0.632832 0.329081 1 1 1.000000
carbonfibre
0  45.916199 21.843231 -1.004764  0.939407 -0.026504 -0.341777  0.632832 0.329081 1 1 1.000000
0  46.053833 21.843231 -0.619377  0.995021 -0.025629 -0.096309  0.632832 0.332987 1 1 1.000000
0  45.861145 13.832671 -0.619377  0.955098 -0.030369 -0.294730  0.584002 0.332987 1 1 1.000000
carbonfibre
0  46.342873 31.051245 -0.605613  0.994556 -0.039533 -0.096409  0.688498 0.332987 1 1 1.000000
0  46.191471 31.051245 -1.004764  0.933648 -0.036733 -0.356302  0.688498 0.329081 1 1 1.000000
0  46.466751 37.685421 -1.004764  0.932291 -0.016909 -0.361315  0.728538 0.329081 1 1 1.000000
carbonfibre
0  46.466751 37.685421 -1.004764  0.932291 -0.016909 -0.361315  0.728538 0.329081 1 1 1.000000
0  46.631916 37.657894 -0.591849  0.997655 -0.027443 -0.062699  0.728538 0.332987 1 1 1.000000
0  46.342873 31.051245 -0.605613  0.994556 -0.039533 -0.096409  0.688498 0.332987 1 1 1.000000
carbonfibre
0  46.260288 31.051245 -0.082587  0.897153 -0.041512 0.439765  0.688498 0.337870 1 1 1.000000
0  46.342873 31.051245 -0.605613  0.994556 -0.039533 -0.096409  0.688498 0.332987 1 1 1.000000
0  46.631916 37.657894 -0.591849  0.997655 -0.027443 -0.062699  0.728538 0.332987 1 1 1.000000
carbonfibre
0  46.631916 37.657894 -0.591849  0.997655 -0.027443 -0.062699  0.728538 0.332987 1 1 1.000000
0  46.494278 37.644131 -0.082587  0.914102 -0.038368 0.403664  0.728538 0.337870 1 1 1.000000
0  46.260288 31.051245 -0.082587  0.897153 -0.041512 0.439765  0.688498 0.337870 1 1 1.000000
carbonfibre
0  45.792324 13.832671 -0.110114  0.748542 -0.025725 0.662588  0.584002 0.337870 1 1 1.000000
0  45.861145 13.832671 -0.619377  0.955098 -0.030369 -0.294730  0.584002 0.332987 1 1 1.000000
0  46.053833 21.843231 -0.619377  0.995021 -0.025629 -0.096309  0.632832 0.332987 1 1 1.000000
carbonfibre
0  46.053833 21.843231 -0.619377  0.995021 -0.025629 -0.096309  0.632832 0.332987 1 1 1.000000
0  45.971252 21.843231 -0.096350  0.812865 -0.028528 0.581753  0.632832 0.337870 1 1 1.000000
0  45.792324 13.832671 -0.110114  0.748542 -0.025725 0.662588  0.584002 0.337870 1 1 1.000000
carbonfibre
0  45.076603 -12.387460 -0.206461  0.690484 -0.018770 0.723104  0.424818 0.336894 1 1 1.000000
0  45.117893 -12.373696 -0.633140  0.970061 -0.019335 -0.242089  0.424818 0.332987 1 1 1.000000
0  45.613396 5.326613 -0.619377  0.959111 -0.026576 -0.281780  0.532243 0.332987 1 1 1.000000
carbonfibre
0  45.613396 5.326613 -0.619377  0.959111 -0.026576 -0.281780  0.532243 0.332987 1 1 1.000000
0  45.558342 5.340376 -0.137642  0.717525 -0.025234 0.696076  0.532243 0.337870 1 1 1.000000
0  45.076603 -12.387460 -0.206461  0.690484 -0.018770 0.723104  0.424818 0.336894 1 1 1.000000
carbonfibre
0  44.870152 -31.477919 -0.330336  0.764276 -0.004032 0.644876  0.308603 0.335917 1 1 1.000000
0  44.828857 -31.532972 -0.660668  0.934859 -0.003814 -0.355000  0.308603 0.332987 1 1 1.000000
0  45.035313 -18.264624 -0.646904  0.962480 -0.013225 -0.271032  0.389660 0.332987 1 1 1.000000
carbonfibre
0  45.035313 -18.264624 -0.646904  0.962480 -0.013225 -0.271032  0.389660 0.332987 1 1 1.000000
0  45.007786 -18.278387 -0.233989  0.706367 -0.012590 0.707734  0.389660 0.336894 1 1 1.000000
0  44.870152 -31.477919 -0.330336  0.764276 -0.004032 0.644876  0.308603 0.335917 1 1 1.000000
carbonfibre
0  45.090370 -41.855858 -0.633140  0.917472 0.043885 -0.395371  0.246101 0.332987 1 1 1.000000
0  44.815094 -41.993496 -1.004764  0.796758 0.041234 -0.602890  0.245125 0.329081 1 1 1.000000
0  44.608635 -37.602833 -1.004764  0.802077 0.022955 -0.596779  0.271493 0.329081 1 1 1.000000
carbonfibre
0  44.608635 -37.602833 -1.004764  0.802077 0.022955 -0.596779  0.271493 0.329081 1 1 1.000000
0  44.870152 -37.492722 -0.646904  0.923448 0.025691 -0.382863  0.272469 0.332987 1 1 1.000000
0  45.090370 -41.855858 -0.633140  0.917472 0.043885 -0.395371  0.246101 0.332987 1 1 1.000000
carbonfibre
0  43.865383 48.214767 0.935938  0.117499 0.980044 0.160336  0.598651 0.387677 1 1 1.000000
0  46.480515 47.567863 0.935938  0.215316 0.865789 0.451716  0.588885 0.392560 1 1 1.000000
0  46.920956 47.994541 -0.055059  0.040055 0.987825 0.150323  0.584979 0.382794 1 1 1.000000
carbonfibre
0  45.090370 -41.855858 -0.633140  0.917472 0.043885 -0.395371  0.246101 0.332987 1 1 1.000000
0  45.159187 -43.548813 -0.674432  0.890496 0.047622 -0.452492  0.236335 0.332011 1 1 1.000000
0  44.911442 -43.672688 -1.004764  0.788490 0.046480 -0.613289  0.235359 0.329081 1 1 1.000000
carbonfibre
0  44.911442 -43.672688 -1.004764  0.788490 0.046480 -0.613289  0.235359 0.329081 1 1 1.000000
0  44.815094 -41.993496 -1.004764  0.796758 0.041234 -0.602890  0.245125 0.329081 1 1 1.000000
0  45.090370 -41.855858 -0.633140  0.917472 0.043885 -0.395371  0.246101 0.332987 1 1 1.000000
carbonfibre
0  44.870152 -37.492722 -0.646904  0.923448 0.025691 -0.382863  0.272469 0.332987 1 1 1.000000
0  44.911442 -37.423901 -0.357863  0.785110 0.020295 0.619024  0.273446 0.335917 1 1 1.000000
0  45.090370 -41.126377 -0.399155  0.897533 0.192412 0.396752  0.250984 0.334941 1 1 1.000000
carbonfibre
0  45.090370 -41.126377 -0.399155  0.897533 0.192412 0.396752  0.250984 0.334941 1 1 1.000000
0  45.090370 -41.855858 -0.633140  0.917472 0.043885 -0.395371  0.246101 0.332987 1 1 1.000000
0  44.870152 -37.492722 -0.646904  0.923448 0.025691 -0.382863  0.272469 0.332987 1 1 1.000000
carbonfibre
0  44.870152 -37.492722 -0.646904  0.923448 0.025691 -0.382863  0.272469 0.332987 1 1 1.000000
0  44.608635 -37.602833 -1.004764  0.802077 0.022955 -0.596779  0.271493 0.329081 1 1 1.000000
0  44.581108 -31.588030 -1.004764  0.808018 -0.003669 -0.589146  0.308603 0.329081 1 1 1.000000
carbonfibre
0  44.581108 -31.588030 -1.004764  0.808018 -0.003669 -0.589146  0.308603 0.329081 1 1 1.000000
0  44.828857 -31.532972 -0.660668  0.934859 -0.003814 -0.355000  0.308603 0.332987 1 1 1.000000
0  44.870152 -37.492722 -0.646904  0.923448 0.025691 -0.382863  0.272469 0.332987 1 1 1.000000
carbonfibre
0  43.865383 48.214767 0.935938  0.117499 0.980044 0.160336  0.598651 0.387677 1 1 1.000000
0  46.425461 47.967014 -1.004764  -0.009553 0.999659 -0.024290  0.587909 0.374004 1 1 1.000000
0  40.768513 48.256058 -0.770779  0.022426 0.999477 -0.023316  0.616230 0.380840 1 1 1.000000
carbonfibre
0  45.613392 46.645687 3.509778  0.994223 -0.061750 0.087789  0.782250 0.372051 1 1 1.000000
0  45.007782 37.520256 3.055571  0.975482 -0.082042 0.204215  0.727561 0.367168 1 1 1.000000
0  45.448223 37.492729 1.624131  0.914620 -0.065596 0.398957  0.727561 0.355449 1 1 1.000000
carbonfibre
0  45.448223 37.492729 1.624131  0.914620 -0.065596 0.398957  0.727561 0.355449 1 1 1.000000
0  45.916195 47.113659 2.105865  0.944219 -0.063057 0.323225  0.785180 0.359355 1 1 1.000000
0  45.613392 46.645687 3.509778  0.994223 -0.061750 0.087789  0.782250 0.372051 1 1 1.000000
carbonfibre
0  46.494278 37.644131 -0.082587  0.914102 -0.038368 0.403664  0.728538 0.337870 1 1 1.000000
0  46.631916 37.657894 -0.591849  0.997655 -0.027443 -0.062699  0.728538 0.332987 1 1 1.000000
0  46.976013 48.077126 -0.605613  0.918067 -0.035181 -0.394861  0.792016 0.332987 1 1 1.000000
carbonfibre
0  46.976013 48.077126 -0.605613  0.918067 -0.035181 -0.394861  0.792016 0.332987 1 1 1.000000
0  46.920956 47.994541 -0.055059  0.973225 -0.045973 0.225212  0.791040 0.337870 1 1 1.000000
0  46.494278 37.644131 -0.082587  0.914102 -0.038368 0.403664  0.728538 0.337870 1 1 1.000000
carbonfibre
0  46.631916 37.657894 -0.591849  0.997655 -0.027443 -0.062699  0.728538 0.332987 1 1 1.000000
0  46.466751 37.685421 -1.004764  0.932291 -0.016909 -0.361315  0.728538 0.329081 1 1 1.000000
0  46.425461 47.967014 -1.004764  0.607312 -0.020029 -0.794211  0.791040 0.329081 1 1 1.000000
carbonfibre
0  46.425461 47.967014 -1.004764  0.607312 -0.020029 -0.794211  0.791040 0.329081 1 1 1.000000
0  46.976013 48.077126 -0.605613  0.918067 -0.035181 -0.394861  0.792016 0.332987 1 1 1.000000
0  46.631916 37.657894 -0.591849  0.997655 -0.027443 -0.062699  0.728538 0.332987 1 1 1.000000
carbonfibre
0  46.466751 37.685421 -1.004764  -0.038613 0.001304 -0.999253  0.290048 0.264626 1 1 1.000000
0  40.768513 48.256058 -0.770779  -0.042638 -0.000329 -0.999091  0.227546 0.290017 1 1 1.000000
0  46.425461 47.967014 -1.004764  -0.041336 -0.000166 -0.999145  0.225593 0.264626 1 1 1.000000
carbonfibre
0  42.736748 -11.891962 1.748006  0.998577 -0.048922 0.021222  0.427747 0.369121 1 1 1.000000
0  42.805569 -12.318642 0.233982  0.959139 -0.050263 0.278434  0.425794 0.355449 1 1 1.000000
0  43.645161 5.340376 0.564314  0.897831 -0.052277 0.437226  0.532243 0.354472 1 1 1.000000
carbonfibre
0  43.645161 5.340376 0.564314  0.897831 -0.052277 0.437226  0.532243 0.354472 1 1 1.000000
0  43.342358 5.340376 1.981991  0.996614 -0.040590 0.071508  0.532243 0.368145 1 1 1.000000
0  42.736748 -11.891962 1.748006  0.998577 -0.048922 0.021222  0.427747 0.369121 1 1 1.000000
carbonfibre
0  43.645161 13.915254 2.105865  0.992117 -0.050020 0.114898  0.584002 0.366192 1 1 1.000000
0  44.099373 13.832670 0.715717  0.847973 -0.056765 0.526992  0.584002 0.353496 1 1 1.000000
0  44.622395 21.843231 1.004758  0.861903 -0.060121 0.503496  0.632832 0.352519 1 1 1.000000
carbonfibre
0  44.622395 21.843231 1.004758  0.861903 -0.060121 0.503496  0.632832 0.352519 1 1 1.000000
0  44.058079 21.843231 2.312323  0.988684 -0.038119 0.145092  0.632832 0.365215 1 1 1.000000
0  43.645161 13.915254 2.105865  0.992117 -0.050020 0.114898  0.584002 0.366192 1 1 1.000000
carbonfibre
0  45.668446 31.037481 0.564314  0.777871 -0.054840 0.626027  0.688498 0.346660 1 1 1.000000
0  46.260288 31.051245 -0.082587  0.897153 -0.041512 0.439765  0.688498 0.337870 1 1 1.000000
0  46.494278 37.644131 -0.082587  0.914102 -0.038368 0.403664  0.728538 0.337870 1 1 1.000000
carbonfibre
0  46.494278 37.644131 -0.082587  0.914102 -0.038368 0.403664  0.728538 0.337870 1 1 1.000000
0  45.998775 37.492729 0.688189  0.851455 -0.052556 0.521788  0.727561 0.345683 1 1 1.000000
0  45.668446 31.037481 0.564314  0.777871 -0.054840 0.626027  0.688498 0.346660 1 1 1.000000
carbonfibre
0  45.998775 37.492729 0.688189  0.851455 -0.052556 0.521788  0.727561 0.345683 1 1 1.000000
0  46.494278 37.644131 -0.082587  0.914102 -0.038368 0.403664  0.728538 0.337870 1 1 1.000000
0  46.920956 47.994541 -0.055059  0.973225 -0.045973 0.225212  0.791040 0.337870 1 1 1.000000
carbonfibre
0  46.920956 47.994541 -0.055059  0.973225 -0.045973 0.225212  0.791040 0.337870 1 1 1.000000
0  46.480515 47.567863 0.935938  0.915763 -0.057977 0.397513  0.788110 0.347636 1 1 1.000000
0  45.998775 37.492729 0.688189  0.851455 -0.052556 0.521788  0.727561 0.345683 1 1 1.000000
carbonfibre
0  43.865383 48.214767 0.935938  0.117499 0.980044 0.160336  0.598651 0.387677 1 1 1.000000
0  43.548813 47.554100 2.394906  0.223630 0.899391 0.375614  0.604511 0.402326 1 1 1.000000
0  45.916195 47.113659 2.105865  0.208598 0.886803 0.412392  0.592792 0.404279 1 1 1.000000
carbonfibre
0  45.916195 47.113659 2.105865  0.208598 0.886803 0.412392  0.592792 0.404279 1 1 1.000000
0  46.480515 47.567863 0.935938  0.215316 0.865789 0.451716  0.588885 0.392560 1 1 1.000000
0  43.865383 48.214767 0.935938  0.117499 0.980044 0.160336  0.598651 0.387677 1 1 1.000000
carbonfibre
0  44.099373 13.832670 0.715717  0.847973 -0.056765 0.526992  0.584002 0.353496 1 1 1.000000
0  43.645161 13.915254 2.105865  0.992117 -0.050020 0.114898  0.584002 0.366192 1 1 1.000000
0  43.342358 5.340376 1.981991  0.996614 -0.040590 0.071508  0.532243 0.368145 1 1 1.000000
carbonfibre
0  43.342358 5.340376 1.981991  0.996614 -0.040590 0.071508  0.532243 0.368145 1 1 1.000000
0  43.645161 5.340376 0.564314  0.897831 -0.052277 0.437226  0.532243 0.354472 1 1 1.000000
0  44.099373 13.832670 0.715717  0.847973 -0.056765 0.526992  0.584002 0.353496 1 1 1.000000
carbonfibre
0  44.016788 5.340376 0.110107  0.495438 -0.036744 0.867866  0.532243 0.350566 1 1 1.000000
0  45.558342 5.340376 -0.137642  0.717525 -0.025234 0.696076  0.532243 0.337870 1 1 1.000000
0  45.792324 13.832671 -0.110114  0.748542 -0.025725 0.662588  0.584002 0.337870 1 1 1.000000
carbonfibre
0  45.792324 13.832671 -0.110114  0.748542 -0.025725 0.662588  0.584002 0.337870 1 1 1.000000
0  44.622395 13.818908 0.192691  0.493221 -0.037752 0.869084  0.584002 0.348613 1 1 1.000000
0  44.016788 5.340376 0.110107  0.495438 -0.036744 0.867866  0.532243 0.350566 1 1 1.000000
carbonfibre
0  45.558342 5.340376 -0.137642  0.717525 -0.025234 0.696076  0.532243 0.337870 1 1 1.000000
0  45.613396 5.326613 -0.619377  0.959111 -0.026576 -0.281780  0.532243 0.332987 1 1 1.000000
0  45.861145 13.832671 -0.619377  0.955098 -0.030369 -0.294730  0.584002 0.332987 1 1 1.000000
carbonfibre
0  45.861145 13.832671 -0.619377  0.955098 -0.030369 -0.294730  0.584002 0.332987 1 1 1.000000
0  45.792324 13.832671 -0.110114  0.748542 -0.025725 0.662588  0.584002 0.337870 1 1 1.000000
0  45.558342 5.340376 -0.137642  0.717525 -0.025234 0.696076  0.532243 0.337870 1 1 1.000000
carbonfibre
0  45.613396 5.326613 -0.619377  0.959111 -0.026576 -0.281780  0.532243 0.332987 1 1 1.000000
0  45.296825 5.326613 -1.004764  0.768705 -0.020478 -0.639275  0.532243 0.329081 1 1 1.000000
0  45.517044 13.832671 -1.004764  0.743752 -0.028999 -0.667826  0.584002 0.329081 1 1 1.000000
carbonfibre
0  45.517044 13.832671 -1.004764  0.743752 -0.028999 -0.667826  0.584002 0.329081 1 1 1.000000
0  45.861145 13.832671 -0.619377  0.955098 -0.030369 -0.294730  0.584002 0.332987 1 1 1.000000
0  45.613396 5.326613 -0.619377  0.959111 -0.026576 -0.281780  0.532243 0.332987 1 1 1.000000
carbonfibre
0  44.071842 26.041206 2.422434  0.953027 -0.041537 0.300024  0.658223 0.364238 1 1 1.000000
0  44.195717 26.041206 2.271032  0.831003 -0.058626 0.553170  0.658223 0.361309 1 1 1.000000
0  44.512280 31.051245 2.725239  0.868825 -0.104987 0.483861  0.688498 0.366192 1 1 1.000000
carbonfibre
0  44.512280 31.051245 2.725239  0.868825 -0.104987 0.483861  0.688498 0.366192 1 1 1.000000
0  44.388409 31.051245 2.890405  0.973752 -0.090670 0.208772  0.688498 0.368145 1 1 1.000000
0  44.071842 26.041206 2.422434  0.953027 -0.041537 0.300024  0.658223 0.364238 1 1 1.000000
carbonfibre
0  45.379406 26.027443 0.467967  0.681277 -0.047122 0.730507  0.658223 0.345683 1 1 1.000000
0  46.067593 26.027443 -0.096350  0.859739 -0.036502 0.509427  0.658223 0.337870 1 1 1.000000
0  46.260288 31.051245 -0.082587  0.897153 -0.041512 0.439765  0.688498 0.337870 1 1 1.000000
carbonfibre
0  46.260288 31.051245 -0.082587  0.897153 -0.041512 0.439765  0.688498 0.337870 1 1 1.000000
0  45.668446 31.037481 0.564314  0.777871 -0.054840 0.626027  0.688498 0.346660 1 1 1.000000
0  45.379406 26.027443 0.467967  0.681277 -0.047122 0.730507  0.658223 0.345683 1 1 1.000000
carbonfibre
0  46.067593 26.027443 -0.096350  0.859739 -0.036502 0.509427  0.658223 0.337870 1 1 1.000000
0  46.150181 26.027443 -0.619377  0.997777 -0.029116 -0.059946  0.658223 0.332987 1 1 1.000000
0  46.342873 31.051245 -0.605613  0.994556 -0.039533 -0.096409  0.688498 0.332987 1 1 1.000000
carbonfibre
0  46.342873 31.051245 -0.605613  0.994556 -0.039533 -0.096409  0.688498 0.332987 1 1 1.000000
0  46.260288 31.051245 -0.082587  0.897153 -0.041512 0.439765  0.688498 0.337870 1 1 1.000000
0  46.067593 26.027443 -0.096350  0.859739 -0.036502 0.509427  0.658223 0.337870 1 1 1.000000
carbonfibre
0  46.150181 26.027443 -0.619377  0.997777 -0.029116 -0.059946  0.658223 0.332987 1 1 1.000000
0  46.053829 26.027443 -1.004764  0.962065 -0.026270 -0.271552  0.658223 0.329081 1 1 1.000000
0  46.191471 31.051245 -1.004764  0.933648 -0.036733 -0.356302  0.688498 0.329081 1 1 1.000000
carbonfibre
0  46.191471 31.051245 -1.004764  0.933648 -0.036733 -0.356302  0.688498 0.329081 1 1 1.000000
0  46.342873 31.051245 -0.605613  0.994556 -0.039533 -0.096409  0.688498 0.332987 1 1 1.000000
0  46.150181 26.027443 -0.619377  0.997777 -0.029116 -0.059946  0.658223 0.332987 1 1 1.000000
carbonfibre
0  44.058079 21.843231 2.312323  0.988684 -0.038119 0.145092  0.632832 0.365215 1 1 1.000000
0  44.622395 21.843231 1.004758  0.861903 -0.060121 0.503496  0.632832 0.352519 1 1 1.000000
0  44.760036 26.027443 1.114868  0.824642 -0.053554 0.563115  0.658223 0.352519 1 1 1.000000
carbonfibre
0  44.760036 26.027443 1.114868  0.824642 -0.053554 0.563115  0.658223 0.352519 1 1 1.000000
0  44.195717 26.041206 2.271032  0.831003 -0.058626 0.553170  0.658223 0.361309 1 1 1.000000
0  44.058079 21.843231 2.312323  0.988684 -0.038119 0.145092  0.632832 0.365215 1 1 1.000000
carbonfibre
0  45.117893 21.843231 0.357857  0.648903 -0.051973 0.759094  0.632832 0.346660 1 1 1.000000
0  45.971252 21.843231 -0.096350  0.812865 -0.028528 0.581753  0.632832 0.337870 1 1 1.000000
0  46.067593 26.027443 -0.096350  0.859739 -0.036502 0.509427  0.658223 0.337870 1 1 1.000000
carbonfibre
0  46.067593 26.027443 -0.096350  0.859739 -0.036502 0.509427  0.658223 0.337870 1 1 1.000000
0  45.379406 26.027443 0.467967  0.681277 -0.047122 0.730507  0.658223 0.345683 1 1 1.000000
0  45.117893 21.843231 0.357857  0.648903 -0.051973 0.759094  0.632832 0.346660 1 1 1.000000
carbonfibre
0  45.971252 21.843231 -0.096350  0.812865 -0.028528 0.581753  0.632832 0.337870 1 1 1.000000
0  46.053833 21.843231 -0.619377  0.995021 -0.025629 -0.096309  0.632832 0.332987 1 1 1.000000
0  46.150181 26.027443 -0.619377  0.997777 -0.029116 -0.059946  0.658223 0.332987 1 1 1.000000
carbonfibre
0  46.150181 26.027443 -0.619377  0.997777 -0.029116 -0.059946  0.658223 0.332987 1 1 1.000000
0  46.067593 26.027443 -0.096350  0.859739 -0.036502 0.509427  0.658223 0.337870 1 1 1.000000
0  45.971252 21.843231 -0.096350  0.812865 -0.028528 0.581753  0.632832 0.337870 1 1 1.000000
carbonfibre
0  46.053833 21.843231 -0.619377  0.995021 -0.025629 -0.096309  0.632832 0.332987 1 1 1.000000
0  45.916199 21.843231 -1.004764  0.939407 -0.026504 -0.341777  0.632832 0.329081 1 1 1.000000
0  46.053829 26.027443 -1.004764  0.962065 -0.026270 -0.271552  0.658223 0.329081 1 1 1.000000
carbonfibre
0  46.053829 26.027443 -1.004764  0.962065 -0.026270 -0.271552  0.658223 0.329081 1 1 1.000000
0  46.150181 26.027443 -0.619377  0.997777 -0.029116 -0.059946  0.658223 0.332987 1 1 1.000000
0  46.053833 21.843231 -0.619377  0.995021 -0.025629 -0.096309  0.632832 0.332987 1 1 1.000000
carbonfibre
0  42.805569 -12.318642 0.233982  0.959139 -0.050263 0.278434  0.425794 0.355449 1 1 1.000000
0  42.736748 -11.891962 1.748006  0.998577 -0.048922 0.021222  0.427747 0.369121 1 1 1.000000
0  42.420181 -17.700306 1.692950  0.999442 -0.001222 0.033381  0.392590 0.370098 1 1 1.000000
carbonfibre
0  42.420181 -17.700306 1.692950  0.999442 -0.001222 0.033381  0.392590 0.370098 1 1 1.000000
0  42.612877 -18.347206 0.178927  0.991284 -0.019256 0.130328  0.388684 0.355449 1 1 1.000000
0  42.805569 -12.318642 0.233982  0.959139 -0.050263 0.278434  0.425794 0.355449 1 1 1.000000
carbonfibre
0  42.654167 -18.278387 -0.096350  0.678075 -0.029447 0.734402  0.388684 0.353496 1 1 1.000000
0  45.007786 -18.278387 -0.233989  0.706367 -0.012590 0.707734  0.389660 0.336894 1 1 1.000000
0  45.076603 -12.387460 -0.206461  0.690484 -0.018770 0.723104  0.424818 0.336894 1 1 1.000000
carbonfibre
0  45.076603 -12.387460 -0.206461  0.690484 -0.018770 0.723104  0.424818 0.336894 1 1 1.000000
0  42.956970 -12.387461 -0.027531  0.549483 -0.031403 0.834915  0.424818 0.352519 1 1 1.000000
0  42.654167 -18.278387 -0.096350  0.678075 -0.029447 0.734402  0.388684 0.353496 1 1 1.000000
carbonfibre
0  45.007786 -18.278387 -0.233989  0.706367 -0.012590 0.707734  0.389660 0.336894 1 1 1.000000
0  45.035313 -18.264624 -0.646904  0.962480 -0.013225 -0.271032  0.389660 0.332987 1 1 1.000000
0  45.117893 -12.373696 -0.633140  0.970061 -0.019335 -0.242089  0.424818 0.332987 1 1 1.000000
carbonfibre
0  45.117893 -12.373696 -0.633140  0.970061 -0.019335 -0.242089  0.424818 0.332987 1 1 1.000000
0  45.076603 -12.387460 -0.206461  0.690484 -0.018770 0.723104  0.424818 0.336894 1 1 1.000000
0  45.007786 -18.278387 -0.233989  0.706367 -0.012590 0.707734  0.389660 0.336894 1 1 1.000000
carbonfibre
0  45.035313 -18.264624 -0.646904  0.962480 -0.013225 -0.271032  0.389660 0.332987 1 1 1.000000
0  44.787563 -18.264624 -1.004764  0.818806 -0.011690 -0.573952  0.389660 0.329081 1 1 1.000000
0  44.870148 -12.373696 -1.004764  0.822838 -0.016082 -0.568048  0.424818 0.329081 1 1 1.000000
carbonfibre
0  44.870148 -12.373696 -1.004764  0.822838 -0.016082 -0.568048  0.424818 0.329081 1 1 1.000000
0  45.117893 -12.373696 -0.633140  0.970061 -0.019335 -0.242089  0.424818 0.332987 1 1 1.000000
0  45.035313 -18.264624 -0.646904  0.962480 -0.013225 -0.271032  0.389660 0.332987 1 1 1.000000
carbonfibre
0  44.911442 -43.672688 -1.004764  -0.074256 -0.004261 -0.997230  0.802759 0.264626 1 1 1.000000
0  37.451435 -42.516521 -0.454210  -0.075230 -0.002028 -0.997164  0.795923 0.310526 1 1 1.000000
0  44.815094 -41.993496 -1.004764  -0.074284 -0.003873 -0.997230  0.792016 0.264626 1 1 1.000000
carbonfibre
0  42.420181 -17.700306 1.692950  0.999442 -0.001222 0.033381  0.392590 0.370098 1 1 1.000000
0  42.475235 -18.787649 1.692950  0.999656 0.022863 0.012853  0.385754 0.370098 1 1 1.000000
0  42.612877 -18.347206 0.178927  0.991284 -0.019256 0.130328  0.388684 0.355449 1 1 1.000000
carbonfibre
0  42.612877 -18.347206 0.178927  0.991284 -0.019256 0.130328  0.388684 0.355449 1 1 1.000000
0  42.475235 -18.787649 1.692950  0.999656 0.022863 0.012853  0.385754 0.370098 1 1 1.000000
0  42.461475 -27.624041 1.706714  0.988402 -0.018488 -0.150730  0.335948 0.371075 1 1 1.000000
carbonfibre
0  42.461475 -27.624041 1.706714  0.988402 -0.018488 -0.150730  0.335948 0.371075 1 1 1.000000
0  42.323837 -31.312750 0.137635  0.999436 -0.015929 -0.029563  0.314463 0.357402 1 1 1.000000
0  42.612877 -18.347206 0.178927  0.991284 -0.019256 0.130328  0.388684 0.355449 1 1 1.000000
carbonfibre
0  42.461475 -27.624041 1.706714  0.988402 -0.018488 -0.150730  0.335948 0.371075 1 1 1.000000
0  42.406422 -31.298986 1.720478  0.993685 -0.010537 -0.111708  0.315439 0.372051 1 1 1.000000
0  42.323837 -31.312750 0.137635  0.999436 -0.015929 -0.029563  0.314463 0.357402 1 1 1.000000
carbonfibre
0  42.323837 -31.312750 0.137635  0.999436 -0.015929 -0.029563  0.314463 0.357402 1 1 1.000000
0  42.406422 -31.298986 1.720478  0.993685 -0.010537 -0.111708  0.315439 0.372051 1 1 1.000000
0  42.392658 -35.042755 1.748006  0.989489 -0.011841 -0.144121  0.292001 0.373028 1 1 1.000000
carbonfibre
0  42.392658 -35.042755 1.748006  0.989489 -0.011841 -0.144121  0.292001 0.373028 1 1 1.000000
0  42.268784 -35.318031 0.192691  0.998891 -0.017605 -0.043667  0.291025 0.358379 1 1 1.000000
0  42.323837 -31.312750 0.137635  0.999436 -0.015929 -0.029563  0.314463 0.357402 1 1 1.000000
carbonfibre
0  42.227493 -37.203678 0.220218  0.998211 -0.024692 -0.054450  0.279305 0.358379 1 1 1.000000
0  42.365131 -36.942165 1.761769  0.986633 -0.012147 -0.162501  0.280282 0.373028 1 1 1.000000
0  42.337605 -40.699696 1.775533  0.985604 -0.017711 -0.168142  0.257820 0.373028 1 1 1.000000
carbonfibre
0  42.337605 -40.699696 1.775533  0.985604 -0.017711 -0.168142  0.257820 0.373028 1 1 1.000000
0  42.103615 -41.208958 0.233982  0.992835 -0.031099 -0.115380  0.254891 0.358379 1 1 1.000000
0  42.227493 -37.203678 0.220218  0.998211 -0.024692 -0.054450  0.279305 0.358379 1 1 1.000000
carbonfibre
0  45.214249 -41.456707 0.096344  0.974403 0.054059 -0.218213  0.249031 0.339824 1 1 1.000000
0  45.530819 -40.933681 1.734241  0.975832 0.066296 -0.208224  0.251961 0.355449 1 1 1.000000
0  45.682217 -42.736744 1.885644  0.976651 0.062131 -0.205650  0.241218 0.356426 1 1 1.000000
carbonfibre
0  45.682217 -42.736744 1.885644  0.976651 0.062131 -0.205650  0.241218 0.356426 1 1 1.000000
0  45.186714 -43.466232 -0.467974  0.981782 0.046175 -0.184313  0.236335 0.334941 1 1 1.000000
0  45.214249 -41.456707 0.096344  0.974403 0.054059 -0.218213  0.249031 0.339824 1 1 1.000000
carbonfibre
0  44.883907 37.478962 4.844872  0.995062 -0.086554 -0.048586  0.727561 0.385723 1 1 1.000000
0  45.640919 45.214249 5.230259  0.963842 -0.056610 -0.260392  0.774438 0.388653 1 1 1.000000
0  45.751030 46.122662 5.422953  0.986077 -0.062735 -0.153999  0.779321 0.389630 1 1 1.000000
carbonfibre
0  45.751030 46.122662 5.422953  0.986077 -0.062735 -0.153999  0.779321 0.389630 1 1 1.000000
0  44.911434 37.478962 5.023801  0.995166 -0.088756 0.042037  0.727561 0.386700 1 1 1.000000
0  44.883907 37.478962 4.844872  0.995062 -0.086554 -0.048586  0.727561 0.385723 1 1 1.000000
carbonfibre
0  45.654682 46.150188 5.202731  0.417033 0.893990 0.163909  0.592792 0.432600 1 1 1.000000
0  45.338116 46.315353 5.202731  0.408661 0.884943 0.223319  0.595721 0.432600 1 1 1.000000
0  45.365643 46.260296 5.381661  0.364155 0.886357 0.285940  0.595721 0.434553 1 1 1.000000
carbonfibre
0  45.365643 46.260296 5.381661  0.364155 0.886357 0.285940  0.595721 0.434553 1 1 1.000000
0  45.751030 46.122662 5.422953  0.290023 0.905738 0.309072  0.592792 0.435530 1 1 1.000000
0  45.654682 46.150188 5.202731  0.417033 0.893990 0.163909  0.592792 0.432600 1 1 1.000000
carbonfibre
0  44.168190 27.692865 3.220737  0.997969 -0.063549 0.004404  0.667989 0.372051 1 1 1.000000
0  44.264534 28.477407 4.624650  0.997626 -0.059651 -0.034414  0.672872 0.384747 1 1 1.000000
0  44.264534 28.394823 4.803580  0.975820 -0.160425 0.148456  0.671896 0.386700 1 1 1.000000
carbonfibre
0  44.264534 28.394823 4.803580  0.975820 -0.160425 0.148456  0.671896 0.386700 1 1 1.000000
0  44.154427 27.445118 3.248265  0.988326 -0.138551 0.063372  0.666036 0.372051 1 1 1.000000
0  44.168190 27.692865 3.220737  0.997969 -0.063549 0.004404  0.667989 0.372051 1 1 1.000000
carbonfibre
0  44.264534 28.477407 4.624650  0.997626 -0.059651 -0.034414  0.672872 0.384747 1 1 1.000000
0  44.415936 31.051245 4.652177  0.997868 -0.064914 -0.006799  0.688498 0.384747 1 1 1.000000
0  44.415936 31.051245 4.817344  0.984518 -0.068607 0.161301  0.688498 0.386700 1 1 1.000000
carbonfibre
0  44.415936 31.051245 4.817344  0.984518 -0.068607 0.161301  0.688498 0.386700 1 1 1.000000
0  44.264534 28.394823 4.803580  0.975820 -0.160425 0.148456  0.671896 0.386700 1 1 1.000000
0  44.264534 28.477407 4.624650  0.997626 -0.059651 -0.034414  0.672872 0.384747 1 1 1.000000
carbonfibre
0  44.415936 31.051245 4.817344  0.984518 -0.068607 0.161301  0.688498 0.386700 1 1 1.000000
0  44.415936 31.051245 4.652177  0.997868 -0.064914 -0.006799  0.688498 0.384747 1 1 1.000000
0  44.883907 37.478962 4.844872  0.995062 -0.086554 -0.048586  0.727561 0.385723 1 1 1.000000
carbonfibre
0  44.883907 37.478962 4.844872  0.995062 -0.086554 -0.048586  0.727561 0.385723 1 1 1.000000
0  44.911434 37.478962 5.023801  0.995166 -0.088756 0.042037  0.727561 0.386700 1 1 1.000000
0  44.415936 31.051245 4.817344  0.984518 -0.068607 0.161301  0.688498 0.386700 1 1 1.000000
carbonfibre
0  44.154427 27.445118 3.248265  0.988326 -0.138551 0.063372  0.666036 0.372051 1 1 1.000000
0  44.099373 26.027443 2.615128  0.996441 -0.042396 0.072860  0.658223 0.366192 1 1 1.000000
0  44.113136 26.481649 2.628892  0.997762 -0.040345 -0.053331  0.660176 0.366192 1 1 1.000000
carbonfibre
0  44.113136 26.481649 2.628892  0.997762 -0.040345 -0.053331  0.660176 0.366192 1 1 1.000000
0  44.168190 27.692865 3.220737  0.997969 -0.063549 0.004404  0.667989 0.372051 1 1 1.000000
0  44.154427 27.445118 3.248265  0.988326 -0.138551 0.063372  0.666036 0.372051 1 1 1.000000
carbonfibre
0  42.750511 -11.836907 1.913172  0.985762 -0.046170 0.161685  0.427747 0.371075 1 1 1.000000
0  42.736748 -11.891962 1.748006  0.998577 -0.048922 0.021222  0.427747 0.369121 1 1 1.000000
0  43.342358 5.340376 1.981991  0.996614 -0.040590 0.071508  0.532243 0.368145 1 1 1.000000
carbonfibre
0  43.342358 5.340376 1.981991  0.996614 -0.040590 0.071508  0.532243 0.368145 1 1 1.000000
0  43.342358 5.340376 2.147157  0.992814 -0.037173 0.113747  0.532243 0.369121 1 1 1.000000
0  42.750511 -11.836907 1.913172  0.985762 -0.046170 0.161685  0.427747 0.371075 1 1 1.000000
carbonfibre
0  43.658928 13.915254 2.271032  0.994689 -0.046356 0.091899  0.584002 0.368145 1 1 1.000000
0  43.645161 13.915254 2.105865  0.992117 -0.050020 0.114898  0.584002 0.366192 1 1 1.000000
0  44.058079 21.843231 2.312323  0.988684 -0.038119 0.145092  0.632832 0.365215 1 1 1.000000
carbonfibre
0  44.058079 21.843231 2.312323  0.988684 -0.038119 0.145092  0.632832 0.365215 1 1 1.000000
0  44.085606 21.843231 2.477489  0.997358 -0.029781 0.066260  0.632832 0.367168 1 1 1.000000
0  43.658928 13.915254 2.271032  0.994689 -0.046356 0.091899  0.584002 0.368145 1 1 1.000000
carbonfibre
0  43.342358 5.340376 2.147157  0.992814 -0.037173 0.113747  0.532243 0.369121 1 1 1.000000
0  43.342358 5.340376 1.981991  0.996614 -0.040590 0.071508  0.532243 0.368145 1 1 1.000000
0  43.645161 13.915254 2.105865  0.992117 -0.050020 0.114898  0.584002 0.366192 1 1 1.000000
carbonfibre
0  43.645161 13.915254 2.105865  0.992117 -0.050020 0.114898  0.584002 0.366192 1 1 1.000000
0  43.658928 13.915254 2.271032  0.994689 -0.046356 0.091899  0.584002 0.368145 1 1 1.000000
0  43.342358 5.340376 2.147157  0.992814 -0.037173 0.113747  0.532243 0.369121 1 1 1.000000
carbonfibre
0  44.058079 21.843231 2.312323  0.988684 -0.038119 0.145092  0.632832 0.365215 1 1 1.000000
0  44.071842 26.041206 2.422434  0.953027 -0.041537 0.300024  0.658223 0.364238 1 1 1.000000
0  44.099373 26.027443 2.615128  0.996441 -0.042396 0.072860  0.658223 0.366192 1 1 1.000000
carbonfibre
0  44.099373 26.027443 2.615128  0.996441 -0.042396 0.072860  0.658223 0.366192 1 1 1.000000
0  44.085606 21.843231 2.477489  0.997358 -0.029781 0.066260  0.632832 0.367168 1 1 1.000000
0  44.058079 21.843231 2.312323  0.988684 -0.038119 0.145092  0.632832 0.365215 1 1 1.000000
carbonfibre
0  42.433945 -17.645250 1.858116  0.990300 -0.006421 0.138799  0.392590 0.372051 1 1 1.000000
0  42.420181 -17.700306 1.692950  0.999442 -0.001222 0.033381  0.392590 0.370098 1 1 1.000000
0  42.736748 -11.891962 1.748006  0.998577 -0.048922 0.021222  0.427747 0.369121 1 1 1.000000
carbonfibre
0  42.736748 -11.891962 1.748006  0.998577 -0.048922 0.021222  0.427747 0.369121 1 1 1.000000
0  42.750511 -11.836907 1.913172  0.985762 -0.046170 0.161685  0.427747 0.371075 1 1 1.000000
0  42.433945 -17.645250 1.858116  0.990300 -0.006421 0.138799  0.392590 0.372051 1 1 1.000000
carbonfibre
0  42.475235 -18.842705 1.871880  0.992777 0.023993 0.117552  0.385754 0.372051 1 1 1.000000
0  42.475235 -18.787649 1.692950  0.999656 0.022863 0.012853  0.385754 0.370098 1 1 1.000000
0  42.420181 -17.700306 1.692950  0.999442 -0.001222 0.033381  0.392590 0.370098 1 1 1.000000
carbonfibre
0  42.420181 -17.700306 1.692950  0.999442 -0.001222 0.033381  0.392590 0.370098 1 1 1.000000
0  42.433945 -17.645250 1.858116  0.990300 -0.006421 0.138799  0.392590 0.372051 1 1 1.000000
0  42.475235 -18.842705 1.871880  0.992777 0.023993 0.117552  0.385754 0.372051 1 1 1.000000
carbonfibre
0  42.516529 -27.087252 1.871880  0.995234 -0.009632 -0.097039  0.339854 0.373028 1 1 1.000000
0  42.461475 -27.624041 1.706714  0.988402 -0.018488 -0.150730  0.335948 0.371075 1 1 1.000000
0  42.475235 -18.787649 1.692950  0.999656 0.022863 0.012853  0.385754 0.370098 1 1 1.000000
carbonfibre
0  42.475235 -18.787649 1.692950  0.999656 0.022863 0.012853  0.385754 0.370098 1 1 1.000000
0  42.475235 -18.842705 1.871880  0.992777 0.023993 0.117552  0.385754 0.372051 1 1 1.000000
0  42.516529 -27.087252 1.871880  0.995234 -0.009632 -0.097039  0.339854 0.373028 1 1 1.000000
carbonfibre
0  42.433949 -31.271460 1.885644  0.999745 -0.012203 0.018983  0.315439 0.374004 1 1 1.000000
0  42.406422 -31.298986 1.720478  0.993685 -0.010537 -0.111708  0.315439 0.372051 1 1 1.000000
0  42.461475 -27.624041 1.706714  0.988402 -0.018488 -0.150730  0.335948 0.371075 1 1 1.000000
carbonfibre
0  42.461475 -27.624041 1.706714  0.988402 -0.018488 -0.150730  0.335948 0.371075 1 1 1.000000
0  42.516529 -27.087252 1.871880  0.995234 -0.009632 -0.097039  0.339854 0.373028 1 1 1.000000
0  42.433949 -31.271460 1.885644  0.999745 -0.012203 0.018983  0.315439 0.374004 1 1 1.000000
carbonfibre
0  42.420185 -35.028992 1.899408  0.999134 -0.008940 -0.040643  0.292001 0.374004 1 1 1.000000
0  42.392658 -35.042755 1.748006  0.989489 -0.011841 -0.144121  0.292001 0.373028 1 1 1.000000
0  42.406422 -31.298986 1.720478  0.993685 -0.010537 -0.111708  0.315439 0.372051 1 1 1.000000
carbonfibre
0  42.406422 -31.298986 1.720478  0.993685 -0.010537 -0.111708  0.315439 0.372051 1 1 1.000000
0  42.433949 -31.271460 1.885644  0.999745 -0.012203 0.018983  0.315439 0.374004 1 1 1.000000
0  42.420185 -35.028992 1.899408  0.999134 -0.008940 -0.040643  0.292001 0.374004 1 1 1.000000
carbonfibre
0  45.709743 -42.681690 2.050810  0.995915 0.081194 -0.039496  0.241218 0.358379 1 1 1.000000
0  45.682217 -42.736744 1.885644  0.976651 0.062131 -0.205650  0.241218 0.356426 1 1 1.000000
0  45.530819 -40.933681 1.734241  0.975832 0.066296 -0.208224  0.251961 0.355449 1 1 1.000000
carbonfibre
0  45.530819 -40.933681 1.734241  0.975832 0.066296 -0.208224  0.251961 0.355449 1 1 1.000000
0  45.558346 -40.864864 1.899408  0.996395 0.084811 -0.001847  0.251961 0.356426 1 1 1.000000
0  45.709743 -42.681690 2.050810  0.995915 0.081194 -0.039496  0.241218 0.358379 1 1 1.000000
carbonfibre
0  45.709736 46.026310 5.588120  0.992040 -0.092902 -0.085011  0.779321 0.391583 1 1 1.000000
0  44.870144 37.478962 5.188967  0.988385 -0.082223 -0.127807  0.727561 0.388653 1 1 1.000000
0  44.911434 37.478962 5.023801  0.995166 -0.088756 0.042037  0.727561 0.386700 1 1 1.000000
carbonfibre
0  44.911434 37.478962 5.023801  0.995166 -0.088756 0.042037  0.727561 0.386700 1 1 1.000000
0  45.751030 46.122662 5.422953  0.986077 -0.062735 -0.153999  0.779321 0.389630 1 1 1.000000
0  45.709736 46.026310 5.588120  0.992040 -0.092902 -0.085011  0.779321 0.391583 1 1 1.000000
carbonfibre
0  45.379406 46.150188 5.533063  0.236087 0.815911 0.527781  0.595721 0.436506 1 1 1.000000
0  45.709736 46.026310 5.588120  0.224504 0.848564 0.479100  0.592792 0.436506 1 1 1.000000
0  45.751030 46.122662 5.422953  0.290023 0.905738 0.309072  0.592792 0.435530 1 1 1.000000
carbonfibre
0  45.751030 46.122662 5.422953  0.290023 0.905738 0.309072  0.592792 0.435530 1 1 1.000000
0  45.365643 46.260296 5.381661  0.364155 0.886357 0.285940  0.595721 0.434553 1 1 1.000000
0  45.379406 46.150188 5.533063  0.236087 0.815911 0.527781  0.595721 0.436506 1 1 1.000000
carbonfibre
0  44.209480 28.298475 4.968746  0.979298 0.068183 -0.190594  0.671896 0.388653 1 1 1.000000
0  44.071842 27.197369 3.289557  0.996864 -0.056191 0.055721  0.665059 0.373028 1 1 1.000000
0  44.154427 27.445118 3.248265  0.988326 -0.138551 0.063372  0.666036 0.372051 1 1 1.000000
carbonfibre
0  44.154427 27.445118 3.248265  0.988326 -0.138551 0.063372  0.666036 0.372051 1 1 1.000000
0  44.264534 28.394823 4.803580  0.975820 -0.160425 0.148456  0.671896 0.386700 1 1 1.000000
0  44.209480 28.298475 4.968746  0.979298 0.068183 -0.190594  0.671896 0.388653 1 1 1.000000
carbonfibre
0  44.347118 31.051245 4.996274  0.995532 -0.065940 -0.067581  0.688498 0.387677 1 1 1.000000
0  44.209480 28.298475 4.968746  0.979298 0.068183 -0.190594  0.671896 0.388653 1 1 1.000000
0  44.264534 28.394823 4.803580  0.975820 -0.160425 0.148456  0.671896 0.386700 1 1 1.000000
carbonfibre
0  44.264534 28.394823 4.803580  0.975820 -0.160425 0.148456  0.671896 0.386700 1 1 1.000000
0  44.415936 31.051245 4.817344  0.984518 -0.068607 0.161301  0.688498 0.386700 1 1 1.000000
0  44.347118 31.051245 4.996274  0.995532 -0.065940 -0.067581  0.688498 0.387677 1 1 1.000000
carbonfibre
0  44.870144 37.478962 5.188967  0.988385 -0.082223 -0.127807  0.727561 0.388653 1 1 1.000000
0  44.347118 31.051245 4.996274  0.995532 -0.065940 -0.067581  0.688498 0.387677 1 1 1.000000
0  44.415936 31.051245 4.817344  0.984518 -0.068607 0.161301  0.688498 0.386700 1 1 1.000000
carbonfibre
0  44.415936 31.051245 4.817344  0.984518 -0.068607 0.161301  0.688498 0.386700 1 1 1.000000
0  44.911434 37.478962 5.023801  0.995166 -0.088756 0.042037  0.727561 0.386700 1 1 1.000000
0  44.870144 37.478962 5.188967  0.988385 -0.082223 -0.127807  0.727561 0.388653 1 1 1.000000
carbonfibre
0  44.071842 27.197369 3.289557  0.996864 -0.056191 0.055721  0.665059 0.373028 1 1 1.000000
0  44.044315 26.027443 2.794058  0.999780 -0.016812 -0.012539  0.658223 0.368145 1 1 1.000000
0  44.099373 26.027443 2.615128  0.996441 -0.042396 0.072860  0.658223 0.366192 1 1 1.000000
carbonfibre
0  44.099373 26.027443 2.615128  0.996441 -0.042396 0.072860  0.658223 0.366192 1 1 1.000000
0  44.154427 27.445118 3.248265  0.988326 -0.138551 0.063372  0.666036 0.372051 1 1 1.000000
0  44.071842 27.197369 3.289557  0.996864 -0.056191 0.055721  0.665059 0.373028 1 1 1.000000
carbonfibre
0  43.287304 5.354140 2.326087  0.993242 -0.034431 -0.110839  0.532243 0.371075 1 1 1.000000
0  42.681694 -11.795615 2.092102  0.994357 -0.043857 -0.096597  0.428724 0.372051 1 1 1.000000
0  42.750511 -11.836907 1.913172  0.985762 -0.046170 0.161685  0.427747 0.371075 1 1 1.000000
carbonfibre
0  42.750511 -11.836907 1.913172  0.985762 -0.046170 0.161685  0.427747 0.371075 1 1 1.000000
0  43.342358 5.340376 2.147157  0.992814 -0.037173 0.113747  0.532243 0.369121 1 1 1.000000
0  43.287304 5.354140 2.326087  0.993242 -0.034431 -0.110839  0.532243 0.371075 1 1 1.000000
carbonfibre
0  44.030552 21.843231 2.656419  0.992104 -0.021860 -0.123502  0.632832 0.368145 1 1 1.000000
0  43.603870 13.929017 2.449962  0.992419 -0.042861 -0.115179  0.584002 0.370098 1 1 1.000000
0  43.658928 13.915254 2.271032  0.994689 -0.046356 0.091899  0.584002 0.368145 1 1 1.000000
carbonfibre
0  43.658928 13.915254 2.271032  0.994689 -0.046356 0.091899  0.584002 0.368145 1 1 1.000000
0  44.085606 21.843231 2.477489  0.997358 -0.029781 0.066260  0.632832 0.367168 1 1 1.000000
0  44.030552 21.843231 2.656419  0.992104 -0.021860 -0.123502  0.632832 0.368145 1 1 1.000000
carbonfibre
0  43.603870 13.929017 2.449962  0.992419 -0.042861 -0.115179  0.584002 0.370098 1 1 1.000000
0  43.287304 5.354140 2.326087  0.993242 -0.034431 -0.110839  0.532243 0.371075 1 1 1.000000
0  43.342358 5.340376 2.147157  0.992814 -0.037173 0.113747  0.532243 0.369121 1 1 1.000000
carbonfibre
0  43.342358 5.340376 2.147157  0.992814 -0.037173 0.113747  0.532243 0.369121 1 1 1.000000
0  43.658928 13.915254 2.271032  0.994689 -0.046356 0.091899  0.584002 0.368145 1 1 1.000000
0  43.603870 13.929017 2.449962  0.992419 -0.042861 -0.115179  0.584002 0.370098 1 1 1.000000
carbonfibre
0  44.044315 26.027443 2.794058  0.999780 -0.016812 -0.012539  0.658223 0.368145 1 1 1.000000
0  44.030552 21.843231 2.656419  0.992104 -0.021860 -0.123502  0.632832 0.368145 1 1 1.000000
0  44.085606 21.843231 2.477489  0.997358 -0.029781 0.066260  0.632832 0.367168 1 1 1.000000
carbonfibre
0  44.085606 21.843231 2.477489  0.997358 -0.029781 0.066260  0.632832 0.367168 1 1 1.000000
0  44.099373 26.027443 2.615128  0.996441 -0.042396 0.072860  0.658223 0.366192 1 1 1.000000
0  44.044315 26.027443 2.794058  0.999780 -0.016812 -0.012539  0.658223 0.368145 1 1 1.000000
carbonfibre
0  42.681694 -11.795615 2.092102  0.994357 -0.043857 -0.096597  0.428724 0.372051 1 1 1.000000
0  42.365128 -17.590195 2.037046  0.993793 -0.008094 -0.110950  0.393567 0.373028 1 1 1.000000
0  42.433945 -17.645250 1.858116  0.990300 -0.006421 0.138799  0.392590 0.372051 1 1 1.000000
carbonfibre
0  42.433945 -17.645250 1.858116  0.990300 -0.006421 0.138799  0.392590 0.372051 1 1 1.000000
0  42.750511 -11.836907 1.913172  0.985762 -0.046170 0.161685  0.427747 0.371075 1 1 1.000000
0  42.681694 -11.795615 2.092102  0.994357 -0.043857 -0.096597  0.428724 0.372051 1 1 1.000000
carbonfibre
0  42.365128 -17.590195 2.037046  0.993793 -0.008094 -0.110950  0.393567 0.373028 1 1 1.000000
0  42.433945 -18.883997 2.037046  0.996771 0.020869 -0.077539  0.385754 0.373028 1 1 1.000000
0  42.475235 -18.842705 1.871880  0.992777 0.023993 0.117552  0.385754 0.372051 1 1 1.000000
carbonfibre
0  42.475235 -18.842705 1.871880  0.992777 0.023993 0.117552  0.385754 0.372051 1 1 1.000000
0  42.433945 -17.645250 1.858116  0.990300 -0.006421 0.138799  0.392590 0.372051 1 1 1.000000
0  42.365128 -17.590195 2.037046  0.993793 -0.008094 -0.110950  0.393567 0.373028 1 1 1.000000
carbonfibre
0  42.433945 -18.883997 2.037046  0.996771 0.020869 -0.077539  0.385754 0.373028 1 1 1.000000
0  42.502766 -26.536695 2.050810  0.980527 0.000809 -0.196385  0.342784 0.374004 1 1 1.000000
0  42.516529 -27.087252 1.871880  0.995234 -0.009632 -0.097039  0.339854 0.373028 1 1 1.000000
carbonfibre
0  42.516529 -27.087252 1.871880  0.995234 -0.009632 -0.097039  0.339854 0.373028 1 1 1.000000
0  42.475235 -18.842705 1.871880  0.992777 0.023993 0.117552  0.385754 0.372051 1 1 1.000000
0  42.433945 -18.883997 2.037046  0.996771 0.020869 -0.077539  0.385754 0.373028 1 1 1.000000
carbonfibre
0  42.502766 -26.536695 2.050810  0.980527 0.000809 -0.196385  0.342784 0.374004 1 1 1.000000
0  42.406422 -31.271460 2.064574  0.989763 -0.011564 -0.142251  0.315439 0.375957 1 1 1.000000
0  42.433949 -31.271460 1.885644  0.999745 -0.012203 0.018983  0.315439 0.374004 1 1 1.000000
carbonfibre
0  42.433949 -31.271460 1.885644  0.999745 -0.012203 0.018983  0.315439 0.374004 1 1 1.000000
0  42.516529 -27.087252 1.871880  0.995234 -0.009632 -0.097039  0.339854 0.373028 1 1 1.000000
0  42.502766 -26.536695 2.050810  0.980527 0.000809 -0.196385  0.342784 0.374004 1 1 1.000000
carbonfibre
0  42.406422 -31.271460 2.064574  0.989763 -0.011564 -0.142251  0.315439 0.375957 1 1 1.000000
0  42.392658 -35.001465 2.050810  0.979167 -0.005173 -0.202989  0.292978 0.374981 1 1 1.000000
0  42.420185 -35.028992 1.899408  0.999134 -0.008940 -0.040643  0.292001 0.374004 1 1 1.000000
carbonfibre
0  42.420185 -35.028992 1.899408  0.999134 -0.008940 -0.040643  0.292001 0.374004 1 1 1.000000
0  42.433949 -31.271460 1.885644  0.999745 -0.012203 0.018983  0.315439 0.374004 1 1 1.000000
0  42.406422 -31.271460 2.064574  0.989763 -0.011564 -0.142251  0.315439 0.375957 1 1 1.000000
carbonfibre
0  45.517048 -40.823574 2.078338  0.983280 0.096662 0.154326  0.251961 0.358379 1 1 1.000000
0  45.668453 -42.626637 2.215976  0.978542 0.095762 0.182441  0.241218 0.359355 1 1 1.000000
0  45.709743 -42.681690 2.050810  0.995915 0.081194 -0.039496  0.241218 0.358379 1 1 1.000000
carbonfibre
0  45.709743 -42.681690 2.050810  0.995915 0.081194 -0.039496  0.241218 0.358379 1 1 1.000000
0  45.558346 -40.864864 1.899408  0.996395 0.084811 -0.001847  0.251961 0.356426 1 1 1.000000
0  45.517048 -40.823574 2.078338  0.983280 0.096662 0.154326  0.251961 0.358379 1 1 1.000000
carbonfibre
0  45.090370 -41.855858 -0.633140  0.917472 0.043885 -0.395371  0.246101 0.332987 1 1 1.000000
0  45.090370 -41.126377 -0.399155  0.897533 0.192412 0.396752  0.250984 0.334941 1 1 1.000000
0  45.186714 -43.466232 -0.467974  0.981782 0.046175 -0.184313  0.236335 0.334941 1 1 1.000000
carbonfibre
0  45.186714 -43.466232 -0.467974  0.981782 0.046175 -0.184313  0.236335 0.334941 1 1 1.000000
0  45.159187 -43.548813 -0.674432  0.890496 0.047622 -0.452492  0.236335 0.332011 1 1 1.000000
0  45.090370 -41.855858 -0.633140  0.917472 0.043885 -0.395371  0.246101 0.332987 1 1 1.000000
carbonfibre
0  45.186714 -43.466232 -0.467974  0.981782 0.046175 -0.184313  0.236335 0.334941 1 1 1.000000
0  45.090370 -41.126377 -0.399155  0.897533 0.192412 0.396752  0.250984 0.334941 1 1 1.000000
0  45.145424 -41.442944 -0.192697  0.978824 0.046912 -0.199256  0.249031 0.336894 1 1 1.000000
carbonfibre
0  45.214249 -41.456707 0.096344  0.974403 0.054059 -0.218213  0.249031 0.339824 1 1 1.000000
0  45.186714 -43.466232 -0.467974  0.981782 0.046175 -0.184313  0.236335 0.334941 1 1 1.000000
0  45.145424 -41.442944 -0.192697  0.978824 0.046912 -0.199256  0.249031 0.336894 1 1 1.000000
carbonfibre
0  44.911442 -37.423901 -0.357863  0.785110 0.020295 0.619024  0.273446 0.335917 1 1 1.000000
0  42.227493 -37.258732 -0.055059  0.752118 -0.021181 0.658689  0.279305 0.355449 1 1 1.000000
0  42.062325 -41.346600 -0.082586  0.689105 -0.008382 0.724613  0.253914 0.355449 1 1 1.000000
carbonfibre
0  45.090370 -41.126377 -0.399155  0.897533 0.192412 0.396752  0.250984 0.334941 1 1 1.000000
0  44.608635 -41.140141 -0.220225  0.218766 0.186456 0.957797  0.250008 0.336894 1 1 1.000000
0  44.677460 -41.429180 -0.055059  0.172343 0.839397 0.515472  0.250984 0.337870 1 1 1.000000
carbonfibre
0  44.677460 -41.429180 -0.055059  0.172343 0.839397 0.515472  0.250984 0.337870 1 1 1.000000
0  45.145424 -41.442944 -0.192697  0.151544 0.862393 0.483025  0.249031 0.336894 1 1 1.000000
0  45.090370 -41.126377 -0.399155  0.897533 0.192412 0.396752  0.250984 0.334941 1 1 1.000000
carbonfibre
0  45.145424 -41.442944 -0.192697  0.151544 0.862393 0.483025  0.249031 0.336894 1 1 1.000000
0  44.677460 -41.429180 -0.055059  0.172343 0.839397 0.515472  0.250984 0.337870 1 1 1.000000
0  44.773804 -41.442944 0.165163  0.000569 0.993188 -0.116524  0.250984 0.340800 1 1 1.000000
carbonfibre
0  44.773804 -41.442944 0.165163  0.000569 0.993188 -0.116524  0.250984 0.340800 1 1 1.000000
0  45.214249 -41.456707 0.096344  -0.003262 0.991159 -0.132639  0.249031 0.339824 1 1 1.000000
0  45.145424 -41.442944 -0.192697  0.151544 0.862393 0.483025  0.249031 0.336894 1 1 1.000000
carbonfibre
0  45.214249 -41.456707 0.096344  -0.003262 0.991159 -0.132639  0.249031 0.339824 1 1 1.000000
0  44.773804 -41.442944 0.165163  0.000569 0.993188 -0.116524  0.250984 0.340800 1 1 1.000000
0  45.090370 -40.947445 1.775533  -0.047552 0.940920 -0.335274  0.253914 0.355449 1 1 1.000000
carbonfibre
0  45.090370 -40.947445 1.775533  -0.047552 0.940920 -0.335274  0.253914 0.355449 1 1 1.000000
0  45.530819 -40.933681 1.734241  -0.046286 0.941384 -0.334146  0.251961 0.355449 1 1 1.000000
0  45.214249 -41.456707 0.096344  -0.003262 0.991159 -0.132639  0.249031 0.339824 1 1 1.000000
carbonfibre
0  45.530819 -40.933681 1.734241  -0.046286 0.941384 -0.334146  0.251961 0.355449 1 1 1.000000
0  45.090370 -40.947445 1.775533  -0.047552 0.940920 -0.335274  0.253914 0.355449 1 1 1.000000
0  45.117897 -40.892391 1.899408  -0.048614 0.944661 -0.324426  0.253914 0.356426 1 1 1.000000
carbonfibre
0  45.117897 -40.892391 1.899408  -0.048614 0.944661 -0.324426  0.253914 0.356426 1 1 1.000000
0  45.558346 -40.864864 1.899408  -0.045809 0.948635 -0.313037  0.251961 0.356426 1 1 1.000000
0  45.530819 -40.933681 1.734241  -0.046286 0.941384 -0.334146  0.251961 0.355449 1 1 1.000000
carbonfibre
0  45.558346 -40.864864 1.899408  -0.045809 0.948635 -0.313037  0.251961 0.356426 1 1 1.000000
0  45.117897 -40.892391 1.899408  -0.048614 0.944661 -0.324426  0.253914 0.356426 1 1 1.000000
0  45.131660 -40.851101 2.050810  -0.045878 0.965006 -0.258184  0.253914 0.358379 1 1 1.000000
carbonfibre
0  45.131660 -40.851101 2.050810  -0.045878 0.965006 -0.258184  0.253914 0.358379 1 1 1.000000
0  45.517048 -40.823574 2.078338  -0.052327 0.959960 -0.275206  0.251961 0.358379 1 1 1.000000
0  45.558346 -40.864864 1.899408  -0.045809 0.948635 -0.313037  0.251961 0.356426 1 1 1.000000
carbonfibre
0  42.365131 -40.658401 1.899408  0.997314 -0.006437 -0.072965  0.257820 0.374004 1 1 1.000000
0  42.337605 -40.699696 1.775533  0.985604 -0.017711 -0.168142  0.257820 0.373028 1 1 1.000000
0  42.365131 -36.942165 1.761769  0.986633 -0.012147 -0.162501  0.280282 0.373028 1 1 1.000000
carbonfibre
0  42.365131 -36.942165 1.761769  0.986633 -0.012147 -0.162501  0.280282 0.373028 1 1 1.000000
0  42.392658 -36.914639 1.899408  0.998436 -0.010616 -0.054897  0.281259 0.374004 1 1 1.000000
0  42.365131 -40.658401 1.899408  0.997314 -0.006437 -0.072965  0.257820 0.374004 1 1 1.000000
carbonfibre
0  42.351368 -40.617111 2.037046  0.987414 -0.006802 -0.158009  0.258797 0.374981 1 1 1.000000
0  42.365131 -40.658401 1.899408  0.997314 -0.006437 -0.072965  0.257820 0.374004 1 1 1.000000
0  42.392658 -36.914639 1.899408  0.998436 -0.010616 -0.054897  0.281259 0.374004 1 1 1.000000
carbonfibre
0  42.392658 -36.914639 1.899408  0.998436 -0.010616 -0.054897  0.281259 0.374004 1 1 1.000000
0  42.378895 -36.928402 2.037046  0.976938 -0.008518 -0.213352  0.281259 0.374981 1 1 1.000000
0  42.351368 -40.617111 2.037046  0.987414 -0.006802 -0.158009  0.258797 0.374981 1 1 1.000000
carbonfibre
0  44.608635 -41.140141 -0.220225  0.218766 0.186456 0.957797  0.250008 0.336894 1 1 1.000000
0  45.090370 -41.126377 -0.399155  0.897533 0.192412 0.396752  0.250984 0.334941 1 1 1.000000
0  44.911442 -37.423901 -0.357863  0.785110 0.020295 0.619024  0.273446 0.335917 1 1 1.000000
carbonfibre
0  44.911442 -37.423901 -0.357863  0.785110 0.020295 0.619024  0.273446 0.335917 1 1 1.000000
0  42.062325 -41.346600 -0.082586  0.689105 -0.008382 0.724613  0.253914 0.355449 1 1 1.000000
0  44.608635 -41.140141 -0.220225  0.218766 0.186456 0.957797  0.250008 0.336894 1 1 1.000000
carbonfibre
0  42.268784 -35.318031 0.192691  0.998891 -0.017605 -0.043667  0.291025 0.358379 1 1 1.000000
0  42.392658 -35.042755 1.748006  0.989489 -0.011841 -0.144121  0.292001 0.373028 1 1 1.000000
0  42.365131 -36.942165 1.761769  0.986633 -0.012147 -0.162501  0.280282 0.373028 1 1 1.000000
carbonfibre
0  42.365131 -36.942165 1.761769  0.986633 -0.012147 -0.162501  0.280282 0.373028 1 1 1.000000
0  42.227493 -37.203678 0.220218  0.998211 -0.024692 -0.054450  0.279305 0.358379 1 1 1.000000
0  42.268784 -35.318031 0.192691  0.998891 -0.017605 -0.043667  0.291025 0.358379 1 1 1.000000
carbonfibre
0  42.392658 -35.042755 1.748006  0.989489 -0.011841 -0.144121  0.292001 0.373028 1 1 1.000000
0  42.420185 -35.028992 1.899408  0.999134 -0.008940 -0.040643  0.292001 0.374004 1 1 1.000000
0  42.392658 -36.914639 1.899408  0.998436 -0.010616 -0.054897  0.281259 0.374004 1 1 1.000000
carbonfibre
0  42.392658 -36.914639 1.899408  0.998436 -0.010616 -0.054897  0.281259 0.374004 1 1 1.000000
0  42.365131 -36.942165 1.761769  0.986633 -0.012147 -0.162501  0.280282 0.373028 1 1 1.000000
0  42.392658 -35.042755 1.748006  0.989489 -0.011841 -0.144121  0.292001 0.373028 1 1 1.000000
carbonfibre
0  42.420185 -35.028992 1.899408  0.999134 -0.008940 -0.040643  0.292001 0.374004 1 1 1.000000
0  42.392658 -35.001465 2.050810  0.979167 -0.005173 -0.202989  0.292978 0.374981 1 1 1.000000
0  42.378895 -36.928402 2.037046  0.976938 -0.008518 -0.213352  0.281259 0.374981 1 1 1.000000
carbonfibre
0  42.378895 -36.928402 2.037046  0.976938 -0.008518 -0.213352  0.281259 0.374981 1 1 1.000000
0  42.392658 -36.914639 1.899408  0.998436 -0.010616 -0.054897  0.281259 0.374004 1 1 1.000000
0  42.420185 -35.028992 1.899408  0.999134 -0.008940 -0.040643  0.292001 0.374004 1 1 1.000000
carbonfibre
0  44.911442 -37.423901 -0.357863  0.785110 0.020295 0.619024  0.273446 0.335917 1 1 1.000000
0  42.268784 -35.386848 -0.082586  0.744403 -0.010984 0.667641  0.290048 0.355449 1 1 1.000000
0  42.227493 -37.258732 -0.055059  0.752118 -0.021181 0.658689  0.279305 0.355449 1 1 1.000000
carbonfibre
0  45.296825 5.326613 -1.004764  -0.062978 -0.000498 -0.998015  0.494156 0.264626 1 1 1.000000
0  44.870148 -12.373696 -1.004764  -0.073407 0.001680 -0.997301  0.605487 0.264626 1 1 1.000000
0  38.277264 -20.053923 -0.536793  -0.072068 0.000687 -0.997399  0.650410 0.299783 1 1 1.000000
carbonfibre
0  45.296825 5.326613 -1.004764  -0.062978 -0.000498 -0.998015  0.494156 0.264626 1 1 1.000000
0  38.277264 -20.053923 -0.536793  -0.072068 0.000687 -0.997399  0.650410 0.299783 1 1 1.000000
0  39.805050 22.104744 -0.674432  -0.053574 0.001028 -0.998563  0.388684 0.288064 1 1 1.000000
carbonfibre
0  45.296825 5.326613 -1.004764  -0.062978 -0.000498 -0.998015  0.494156 0.264626 1 1 1.000000
0  39.805050 22.104744 -0.674432  -0.053574 0.001028 -0.998563  0.388684 0.288064 1 1 1.000000
0  45.517044 13.832671 -1.004764  -0.055284 0.001698 -0.998469  0.440443 0.264626 1 1 1.000000
carbonfibre
0  44.388409 31.051245 2.890405  0.973752 -0.090670 0.208772  0.688498 0.368145 1 1 1.000000
0  44.512280 31.051245 2.725239  0.868825 -0.104987 0.483861  0.688498 0.366192 1 1 1.000000
0  44.938961 37.506493 3.606125  0.962971 -0.113441 0.244578  0.727561 0.373028 1 1 1.000000
carbonfibre
0  44.938961 37.506493 3.606125  0.962971 -0.113441 0.244578  0.727561 0.373028 1 1 1.000000
0  44.856377 37.506493 3.798819  0.996261 -0.085693 0.011025  0.727561 0.374981 1 1 1.000000
0  44.388409 31.051245 2.890405  0.973752 -0.090670 0.208772  0.688498 0.368145 1 1 1.000000
carbonfibre
0  44.938961 37.506493 3.606125  0.962971 -0.113441 0.244578  0.727561 0.373028 1 1 1.000000
0  45.695972 46.219006 4.982510  0.995740 -0.085480 0.034556  0.780297 0.385723 1 1 1.000000
0  45.654682 46.150188 5.202731  0.990187 -0.070483 -0.120670  0.780297 0.387677 1 1 1.000000
carbonfibre
0  45.654682 46.150188 5.202731  0.990187 -0.070483 -0.120670  0.780297 0.387677 1 1 1.000000
0  44.856377 37.506493 3.798819  0.996261 -0.085693 0.011025  0.727561 0.374981 1 1 1.000000
0  44.938961 37.506493 3.606125  0.962971 -0.113441 0.244578  0.727561 0.373028 1 1 1.000000
carbonfibre
0  45.654682 46.150188 5.202731  0.990187 -0.070483 -0.120670  0.780297 0.387677 1 1 1.000000
0  45.751030 46.122662 5.422953  0.986077 -0.062735 -0.153999  0.779321 0.389630 1 1 1.000000
0  45.640919 45.214249 5.230259  0.963842 -0.056610 -0.260392  0.774438 0.388653 1 1 1.000000
carbonfibre
0  44.113136 26.481649 2.628892  0.997762 -0.040345 -0.053331  0.660176 0.366192 1 1 1.000000
0  44.099373 26.027443 2.615128  0.996441 -0.042396 0.072860  0.658223 0.366192 1 1 1.000000
0  44.071842 26.041206 2.422434  0.953027 -0.041537 0.300024  0.658223 0.364238 1 1 1.000000
carbonfibre
0  44.113136 26.481649 2.628892  0.997762 -0.040345 -0.053331  0.660176 0.366192 1 1 1.000000
0  44.071842 26.041206 2.422434  0.953027 -0.041537 0.300024  0.658223 0.364238 1 1 1.000000
0  44.388409 31.051245 2.890405  0.973752 -0.090670 0.208772  0.688498 0.368145 1 1 1.000000
carbonfibre
0  44.388409 31.051245 2.890405  0.973752 -0.090670 0.208772  0.688498 0.368145 1 1 1.000000
0  44.429699 31.051245 3.096863  0.993644 -0.057665 -0.096679  0.688498 0.370098 1 1 1.000000
0  44.113136 26.481649 2.628892  0.997762 -0.040345 -0.053331  0.660176 0.366192 1 1 1.000000
carbonfibre
0  44.429699 31.051245 3.096863  0.993644 -0.057665 -0.096679  0.688498 0.370098 1 1 1.000000
0  44.388409 31.051245 2.890405  0.973752 -0.090670 0.208772  0.688498 0.368145 1 1 1.000000
0  44.856377 37.506493 3.798819  0.996261 -0.085693 0.011025  0.727561 0.374981 1 1 1.000000
carbonfibre
0  44.856377 37.506493 3.798819  0.996261 -0.085693 0.011025  0.727561 0.374981 1 1 1.000000
0  44.938961 37.506493 3.991513  0.985750 -0.060335 -0.157026  0.727561 0.376934 1 1 1.000000
0  44.429699 31.051245 3.096863  0.993644 -0.057665 -0.096679  0.688498 0.370098 1 1 1.000000
carbonfibre
0  44.938961 37.506493 3.991513  0.985750 -0.060335 -0.157026  0.727561 0.376934 1 1 1.000000
0  44.856377 37.506493 3.798819  0.996261 -0.085693 0.011025  0.727561 0.374981 1 1 1.000000
0  45.654682 46.150188 5.202731  0.990187 -0.070483 -0.120670  0.780297 0.387677 1 1 1.000000
carbonfibre
0  45.654682 46.150188 5.202731  0.990187 -0.070483 -0.120670  0.780297 0.387677 1 1 1.000000
0  45.640919 45.214249 5.230259  0.963842 -0.056610 -0.260392  0.774438 0.388653 1 1 1.000000
0  44.938961 37.506493 3.991513  0.985750 -0.060335 -0.157026  0.727561 0.376934 1 1 1.000000
carbonfibre
0  42.227493 -37.203678 0.220218  0.998211 -0.024692 -0.054450  0.279305 0.358379 1 1 1.000000
0  42.103615 -41.208958 0.233982  0.992835 -0.031099 -0.115380  0.254891 0.358379 1 1 1.000000
0  42.062325 -41.346600 -0.082586  0.689105 -0.008382 0.724613  0.253914 0.355449 1 1 1.000000
carbonfibre
0  42.062325 -41.346600 -0.082586  0.689105 -0.008382 0.724613  0.253914 0.355449 1 1 1.000000
0  42.227493 -37.258732 -0.055059  0.752118 -0.021181 0.658689  0.279305 0.355449 1 1 1.000000
0  42.227493 -37.203678 0.220218  0.998211 -0.024692 -0.054450  0.279305 0.358379 1 1 1.000000
carbonfibre
0  42.654167 -18.278387 -0.096350  0.678075 -0.029447 0.734402  0.388684 0.353496 1 1 1.000000
0  42.612877 -18.347206 0.178927  0.991284 -0.019256 0.130328  0.388684 0.355449 1 1 1.000000
0  42.323837 -31.312750 0.137635  0.999436 -0.015929 -0.029563  0.314463 0.357402 1 1 1.000000
carbonfibre
0  42.323837 -31.312750 0.137635  0.999436 -0.015929 -0.029563  0.314463 0.357402 1 1 1.000000
0  42.323837 -31.326517 -0.123878  0.735447 -0.012135 0.677474  0.314463 0.354472 1 1 1.000000
0  42.654167 -18.278387 -0.096350  0.678075 -0.029447 0.734402  0.388684 0.353496 1 1 1.000000
carbonfibre
0  44.016788 5.340376 0.110107  0.495438 -0.036744 0.867866  0.532243 0.350566 1 1 1.000000
0  43.645161 5.340376 0.564314  0.897831 -0.052277 0.437226  0.532243 0.354472 1 1 1.000000
0  42.805569 -12.318642 0.233982  0.959139 -0.050263 0.278434  0.425794 0.355449 1 1 1.000000
carbonfibre
0  42.805569 -12.318642 0.233982  0.959139 -0.050263 0.278434  0.425794 0.355449 1 1 1.000000
0  42.956970 -12.387461 -0.027531  0.549483 -0.031403 0.834915  0.424818 0.352519 1 1 1.000000
0  44.016788 5.340376 0.110107  0.495438 -0.036744 0.867866  0.532243 0.350566 1 1 1.000000
carbonfibre
0  45.117893 21.843231 0.357857  0.648903 -0.051973 0.759094  0.632832 0.346660 1 1 1.000000
0  44.622395 21.843231 1.004758  0.861903 -0.060121 0.503496  0.632832 0.352519 1 1 1.000000
0  44.099373 13.832670 0.715717  0.847973 -0.056765 0.526992  0.584002 0.353496 1 1 1.000000
carbonfibre
0  44.099373 13.832670 0.715717  0.847973 -0.056765 0.526992  0.584002 0.353496 1 1 1.000000
0  44.622395 13.818908 0.192691  0.493221 -0.037752 0.869084  0.584002 0.348613 1 1 1.000000
0  45.117893 21.843231 0.357857  0.648903 -0.051973 0.759094  0.632832 0.346660 1 1 1.000000
carbonfibre
0  45.104126 31.037481 1.348854  0.866667 -0.078471 0.492677  0.688498 0.353496 1 1 1.000000
0  45.668446 31.037481 0.564314  0.777871 -0.054840 0.626027  0.688498 0.346660 1 1 1.000000
0  45.998775 37.492729 0.688189  0.851455 -0.052556 0.521788  0.727561 0.345683 1 1 1.000000
carbonfibre
0  45.998775 37.492729 0.688189  0.851455 -0.052556 0.521788  0.727561 0.345683 1 1 1.000000
0  45.448223 37.492729 1.624131  0.914620 -0.065596 0.398957  0.727561 0.355449 1 1 1.000000
0  45.104126 31.037481 1.348854  0.866667 -0.078471 0.492677  0.688498 0.353496 1 1 1.000000
carbonfibre
0  45.448223 37.492729 1.624131  0.914620 -0.065596 0.398957  0.727561 0.355449 1 1 1.000000
0  45.998775 37.492729 0.688189  0.851455 -0.052556 0.521788  0.727561 0.345683 1 1 1.000000
0  46.480515 47.567863 0.935938  0.915763 -0.057977 0.397513  0.788110 0.347636 1 1 1.000000
carbonfibre
0  46.480515 47.567863 0.935938  0.915763 -0.057977 0.397513  0.788110 0.347636 1 1 1.000000
0  45.916195 47.113659 2.105865  0.944219 -0.063057 0.323225  0.785180 0.359355 1 1 1.000000
0  45.448223 37.492729 1.624131  0.914620 -0.065596 0.398957  0.727561 0.355449 1 1 1.000000
carbonfibre
0  43.645161 5.340376 0.564314  0.897831 -0.052277 0.437226  0.532243 0.354472 1 1 1.000000
0  44.016788 5.340376 0.110107  0.495438 -0.036744 0.867866  0.532243 0.350566 1 1 1.000000
0  44.622395 13.818908 0.192691  0.493221 -0.037752 0.869084  0.584002 0.348613 1 1 1.000000
carbonfibre
0  44.622395 13.818908 0.192691  0.493221 -0.037752 0.869084  0.584002 0.348613 1 1 1.000000
0  44.099373 13.832670 0.715717  0.847973 -0.056765 0.526992  0.584002 0.353496 1 1 1.000000
0  43.645161 5.340376 0.564314  0.897831 -0.052277 0.437226  0.532243 0.354472 1 1 1.000000
carbonfibre
0  44.760036 26.027443 1.114868  0.824642 -0.053554 0.563115  0.658223 0.352519 1 1 1.000000
0  45.379406 26.027443 0.467967  0.681277 -0.047122 0.730507  0.658223 0.345683 1 1 1.000000
0  45.668446 31.037481 0.564314  0.777871 -0.054840 0.626027  0.688498 0.346660 1 1 1.000000
carbonfibre
0  45.668446 31.037481 0.564314  0.777871 -0.054840 0.626027  0.688498 0.346660 1 1 1.000000
0  45.104126 31.037481 1.348854  0.866667 -0.078471 0.492677  0.688498 0.353496 1 1 1.000000
0  44.760036 26.027443 1.114868  0.824642 -0.053554 0.563115  0.658223 0.352519 1 1 1.000000
carbonfibre
0  44.622395 21.843231 1.004758  0.861903 -0.060121 0.503496  0.632832 0.352519 1 1 1.000000
0  45.117893 21.843231 0.357857  0.648903 -0.051973 0.759094  0.632832 0.346660 1 1 1.000000
0  45.379406 26.027443 0.467967  0.681277 -0.047122 0.730507  0.658223 0.345683 1 1 1.000000
carbonfibre
0  45.379406 26.027443 0.467967  0.681277 -0.047122 0.730507  0.658223 0.345683 1 1 1.000000
0  44.760036 26.027443 1.114868  0.824642 -0.053554 0.563115  0.658223 0.352519 1 1 1.000000
0  44.622395 21.843231 1.004758  0.861903 -0.060121 0.503496  0.632832 0.352519 1 1 1.000000
carbonfibre
0  42.612877 -18.347206 0.178927  0.991284 -0.019256 0.130328  0.388684 0.355449 1 1 1.000000
0  42.654167 -18.278387 -0.096350  0.678075 -0.029447 0.734402  0.388684 0.353496 1 1 1.000000
0  42.956970 -12.387461 -0.027531  0.549483 -0.031403 0.834915  0.424818 0.352519 1 1 1.000000
carbonfibre
0  42.956970 -12.387461 -0.027531  0.549483 -0.031403 0.834915  0.424818 0.352519 1 1 1.000000
0  42.805569 -12.318642 0.233982  0.959139 -0.050263 0.278434  0.425794 0.355449 1 1 1.000000
0  42.612877 -18.347206 0.178927  0.991284 -0.019256 0.130328  0.388684 0.355449 1 1 1.000000
carbonfibre
0  42.268784 -35.318031 0.192691  0.998891 -0.017605 -0.043667  0.291025 0.358379 1 1 1.000000
0  42.268784 -35.386848 -0.082586  0.744403 -0.010984 0.667641  0.290048 0.355449 1 1 1.000000
0  42.323837 -31.326517 -0.123878  0.735447 -0.012135 0.677474  0.314463 0.354472 1 1 1.000000
carbonfibre
0  42.323837 -31.326517 -0.123878  0.735447 -0.012135 0.677474  0.314463 0.354472 1 1 1.000000
0  42.323837 -31.312750 0.137635  0.999436 -0.015929 -0.029563  0.314463 0.357402 1 1 1.000000
0  42.268784 -35.318031 0.192691  0.998891 -0.017605 -0.043667  0.291025 0.358379 1 1 1.000000
carbonfibre
0  42.268784 -35.386848 -0.082586  0.744403 -0.010984 0.667641  0.290048 0.355449 1 1 1.000000
0  42.268784 -35.318031 0.192691  0.998891 -0.017605 -0.043667  0.291025 0.358379 1 1 1.000000
0  42.227493 -37.203678 0.220218  0.998211 -0.024692 -0.054450  0.279305 0.358379 1 1 1.000000
carbonfibre
0  42.227493 -37.203678 0.220218  0.998211 -0.024692 -0.054450  0.279305 0.358379 1 1 1.000000
0  42.227493 -37.258732 -0.055059  0.752118 -0.021181 0.658689  0.279305 0.355449 1 1 1.000000
0  42.268784 -35.386848 -0.082586  0.744403 -0.010984 0.667641  0.290048 0.355449 1 1 1.000000
carbonfibre
0  44.870152 -31.477919 -0.330336  0.764276 -0.004032 0.644876  0.308603 0.335917 1 1 1.000000
0  42.323837 -31.326517 -0.123878  0.735447 -0.012135 0.677474  0.314463 0.354472 1 1 1.000000
0  42.268784 -35.386848 -0.082586  0.744403 -0.010984 0.667641  0.290048 0.355449 1 1 1.000000
carbonfibre
0  44.195717 26.041206 2.271032  0.831003 -0.058626 0.553170  0.658223 0.361309 1 1 1.000000
0  44.760036 26.027443 1.114868  0.824642 -0.053554 0.563115  0.658223 0.352519 1 1 1.000000
0  45.104126 31.037481 1.348854  0.866667 -0.078471 0.492677  0.688498 0.353496 1 1 1.000000
carbonfibre
0  45.104126 31.037481 1.348854  0.866667 -0.078471 0.492677  0.688498 0.353496 1 1 1.000000
0  44.512280 31.051245 2.725239  0.868825 -0.104987 0.483861  0.688498 0.366192 1 1 1.000000
0  44.195717 26.041206 2.271032  0.831003 -0.058626 0.553170  0.658223 0.361309 1 1 1.000000
carbonfibre
0  45.007782 37.520256 3.055571  0.975482 -0.082042 0.204215  0.727561 0.367168 1 1 1.000000
0  44.512280 31.051245 2.725239  0.868825 -0.104987 0.483861  0.688498 0.366192 1 1 1.000000
0  45.104126 31.037481 1.348854  0.866667 -0.078471 0.492677  0.688498 0.353496 1 1 1.000000
carbonfibre
0  45.104126 31.037481 1.348854  0.866667 -0.078471 0.492677  0.688498 0.353496 1 1 1.000000
0  45.448223 37.492729 1.624131  0.914620 -0.065596 0.398957  0.727561 0.355449 1 1 1.000000
0  45.007782 37.520256 3.055571  0.975482 -0.082042 0.204215  0.727561 0.367168 1 1 1.000000
carbonfibre
0  44.512280 31.051245 2.725239  0.868825 -0.104987 0.483861  0.688498 0.366192 1 1 1.000000
0  45.007782 37.520256 3.055571  0.975482 -0.082042 0.204215  0.727561 0.367168 1 1 1.000000
0  44.938961 37.506493 3.606125  0.962971 -0.113441 0.244578  0.727561 0.373028 1 1 1.000000
carbonfibre
0  45.007782 37.520256 3.055571  0.975482 -0.082042 0.204215  0.727561 0.367168 1 1 1.000000
0  45.613392 46.645687 3.509778  0.994223 -0.061750 0.087789  0.782250 0.372051 1 1 1.000000
0  45.695972 46.219006 4.982510  0.995740 -0.085480 0.034556  0.780297 0.385723 1 1 1.000000
carbonfibre
0  45.695972 46.219006 4.982510  0.995740 -0.085480 0.034556  0.780297 0.385723 1 1 1.000000
0  44.938961 37.506493 3.606125  0.962971 -0.113441 0.244578  0.727561 0.373028 1 1 1.000000
0  45.007782 37.520256 3.055571  0.975482 -0.082042 0.204215  0.727561 0.367168 1 1 1.000000
carbonfibre
0  45.338116 46.315353 5.202731  0.408661 0.884943 0.223319  0.595721 0.432600 1 1 1.000000
0  45.695972 46.219006 4.982510  0.412447 0.871221 0.266197  0.592792 0.430647 1 1 1.000000
0  45.613392 46.645687 3.509778  0.189930 0.939264 0.285849  0.594745 0.413068 1 1 1.000000
carbonfibre
0  45.613392 46.645687 3.509778  0.189930 0.939264 0.285849  0.594745 0.413068 1 1 1.000000
0  45.007782 46.755802 3.509778  0.260977 0.930877 0.255654  0.597674 0.413068 1 1 1.000000
0  45.338116 46.315353 5.202731  0.408661 0.884943 0.223319  0.595721 0.432600 1 1 1.000000
carbonfibre
0  44.195717 26.041206 2.271032  0.831003 -0.058626 0.553170  0.658223 0.361309 1 1 1.000000
0  44.071842 26.041206 2.422434  0.953027 -0.041537 0.300024  0.658223 0.364238 1 1 1.000000
0  44.058079 21.843231 2.312323  0.988684 -0.038119 0.145092  0.632832 0.365215 1 1 1.000000
carbonfibre
0  45.916195 47.113659 2.105865  0.208598 0.886803 0.412392  0.592792 0.404279 1 1 1.000000
0  43.548813 47.554100 2.394906  0.223630 0.899391 0.375614  0.604511 0.402326 1 1 1.000000
0  45.007782 46.755802 3.509778  0.260977 0.930877 0.255654  0.597674 0.413068 1 1 1.000000
carbonfibre
0  45.007782 46.755802 3.509778  0.260977 0.930877 0.255654  0.597674 0.413068 1 1 1.000000
0  45.613392 46.645687 3.509778  0.189930 0.939264 0.285849  0.594745 0.413068 1 1 1.000000
0  45.916195 47.113659 2.105865  0.208598 0.886803 0.412392  0.592792 0.404279 1 1 1.000000
carbonfibre
0  46.425461 47.967014 -1.004764  -0.009553 0.999659 -0.024290  0.587909 0.374004 1 1 1.000000
0  43.865383 48.214767 0.935938  0.117499 0.980044 0.160336  0.598651 0.387677 1 1 1.000000
0  46.920956 47.994541 -0.055059  0.040055 0.987825 0.150323  0.584979 0.382794 1 1 1.000000
carbonfibre
0  46.920956 47.994541 -0.055059  0.040055 0.987825 0.150323  0.584979 0.382794 1 1 1.000000
0  46.976013 48.077126 -0.605613  -0.279164 0.952734 0.119855  0.584979 0.377911 1 1 1.000000
0  46.425461 47.967014 -1.004764  -0.009553 0.999659 -0.024290  0.587909 0.374004 1 1 1.000000
carbonfibre
0  40.768513 48.256058 -0.770779  0.022426 0.999477 -0.023316  0.616230 0.380840 1 1 1.000000
0  40.768513 48.256058 0.935939  0.009641 0.999954 -0.000000  0.616230 0.380840 1 1 1.000000
0  43.865383 48.214767 0.935938  0.117499 0.980044 0.160336  0.598651 0.387677 1 1 1.000000
carbonfibre
0  -45.668453 45.214241 5.230266  -0.963822 -0.056573 -0.260475  0.774438 0.388653 1 1 1.000000
0  -44.966496 37.506485 3.991519  -0.985751 -0.060336 -0.157020  0.727561 0.376934 1 1 1.000000
0  -44.911442 37.478954 4.844878  -0.995061 -0.086555 -0.048589  0.727561 0.385723 1 1 1.000000
carbonfibre
0  -45.365650 46.315346 5.202738  -0.408705 0.884919 0.223335  0.595721 0.432600 1 1 1.000000
0  -45.723507 46.218998 4.982516  -0.412497 0.871200 0.266190  0.592792 0.430647 1 1 1.000000
0  -45.682217 46.150181 5.202738  -0.416820 0.894066 0.164035  0.592792 0.432600 1 1 1.000000
carbonfibre
0  -44.457233 31.051237 3.096869  -0.993668 -0.057934 -0.096267  0.688498 0.370098 1 1 1.000000
0  -44.195717 27.692858 3.220744  -0.997967 -0.063582 0.004442  0.667989 0.372051 1 1 1.000000
0  -44.292061 28.477400 4.624656  -0.997626 -0.059647 -0.034414  0.672872 0.384747 1 1 1.000000
carbonfibre
0  -44.292061 28.477400 4.624656  -0.997626 -0.059647 -0.034414  0.672872 0.384747 1 1 1.000000
0  -44.443470 31.051237 4.652184  -0.997868 -0.064915 -0.006799  0.688498 0.384747 1 1 1.000000
0  -44.457233 31.051237 3.096869  -0.993668 -0.057934 -0.096267  0.688498 0.370098 1 1 1.000000
carbonfibre
0  -44.911442 37.478954 4.844878  -0.995061 -0.086555 -0.048589  0.727561 0.385723 1 1 1.000000
0  -44.966496 37.506485 3.991519  -0.985751 -0.060336 -0.157020  0.727561 0.376934 1 1 1.000000
0  -44.457233 31.051237 3.096869  -0.993668 -0.057934 -0.096267  0.688498 0.370098 1 1 1.000000
carbonfibre
0  -44.457233 31.051237 3.096869  -0.993668 -0.057934 -0.096267  0.688498 0.370098 1 1 1.000000
0  -44.443470 31.051237 4.652184  -0.997868 -0.064915 -0.006799  0.688498 0.384747 1 1 1.000000
0  -44.911442 37.478954 4.844878  -0.995061 -0.086555 -0.048589  0.727561 0.385723 1 1 1.000000
carbonfibre
0  -44.195717 27.692858 3.220744  -0.997967 -0.063582 0.004442  0.667989 0.372051 1 1 1.000000
0  -44.457233 31.051237 3.096869  -0.993668 -0.057934 -0.096267  0.688498 0.370098 1 1 1.000000
0  -44.140663 26.481642 2.628898  -0.997762 -0.040343 -0.053321  0.660176 0.366192 1 1 1.000000
carbonfibre
0  -44.787563 -18.264631 -1.004758  0.071984 0.001053 -0.997405  0.642598 0.264626 1 1 1.000000
0  -44.870148 -12.373704 -1.004758  0.072752 0.001682 -0.997349  0.605487 0.264626 1 1 1.000000
0  -38.277264 -20.053930 -0.536787  0.072077 0.000705 -0.997399  0.650410 0.299783 1 1 1.000000
carbonfibre
0  -37.451427 -42.516529 -0.454204  0.075230 -0.002028 -0.997164  0.795923 0.310526 1 1 1.000000
0  -44.815086 -41.993504 -1.004758  0.074284 -0.003873 -0.997230  0.792016 0.264626 1 1 1.000000
0  -44.608627 -37.602840 -1.004758  0.076188 -0.001117 -0.997093  0.764672 0.264626 1 1 1.000000
carbonfibre
0  -37.451427 -42.516529 -0.454204  0.075230 -0.002028 -0.997164  0.795923 0.310526 1 1 1.000000
0  -44.608627 -37.602840 -1.004758  0.076188 -0.001117 -0.997093  0.764672 0.264626 1 1 1.000000
0  -44.581100 -31.588037 -1.004758  0.075198 -0.000459 -0.997169  0.726585 0.264626 1 1 1.000000
carbonfibre
0  -38.277264 -20.053930 -0.536787  0.072077 0.000705 -0.997399  0.650410 0.299783 1 1 1.000000
0  -37.451427 -42.516529 -0.454204  0.075230 -0.002028 -0.997164  0.795923 0.310526 1 1 1.000000
0  -44.581100 -31.588037 -1.004758  0.075198 -0.000459 -0.997169  0.726585 0.264626 1 1 1.000000
carbonfibre
0  -44.787563 -18.264631 -1.004758  0.071984 0.001053 -0.997405  0.642598 0.264626 1 1 1.000000
0  -38.277264 -20.053930 -0.536787  0.072077 0.000705 -0.997399  0.650410 0.299783 1 1 1.000000
0  -44.581100 -31.588037 -1.004758  0.075198 -0.000459 -0.997169  0.726585 0.264626 1 1 1.000000
carbonfibre
0  -39.832577 22.104736 -0.674426  0.053372 0.001044 -0.998574  0.388684 0.288064 1 1 1.000000
0  -45.544579 13.832664 -1.004758  0.054615 0.001648 -0.998506  0.440443 0.264626 1 1 1.000000
0  -45.943726 21.843224 -1.004758  0.053880 0.002229 -0.998545  0.389660 0.264626 1 1 1.000000
carbonfibre
0  -39.832577 22.104736 -0.674426  0.053372 0.001044 -0.998574  0.388684 0.288064 1 1 1.000000
0  -45.943726 21.843224 -1.004758  0.053880 0.002229 -0.998545  0.389660 0.264626 1 1 1.000000
0  -46.081371 26.027435 -1.004758  0.053770 0.001566 -0.998552  0.363292 0.264626 1 1 1.000000
carbonfibre
0  -39.832577 22.104736 -0.674426  0.053372 0.001044 -0.998574  0.388684 0.288064 1 1 1.000000
0  -46.081371 26.027435 -1.004758  0.053770 0.001566 -0.998552  0.363292 0.264626 1 1 1.000000
0  -46.219006 31.051237 -1.004758  0.048714 -0.000864 -0.998812  0.332041 0.264626 1 1 1.000000
carbonfibre
0  -40.796055 48.256050 -0.770772  0.042638 -0.000329 -0.999091  0.227546 0.290017 1 1 1.000000
0  -39.832577 22.104736 -0.674426  0.053372 0.001044 -0.998574  0.388684 0.288064 1 1 1.000000
0  -46.219006 31.051237 -1.004758  0.048714 -0.000864 -0.998812  0.332041 0.264626 1 1 1.000000
carbonfibre
0  -46.219006 31.051237 -1.004758  0.048714 -0.000864 -0.998812  0.332041 0.264626 1 1 1.000000
0  -46.494286 37.685413 -1.004758  0.038613 0.001304 -0.999253  0.290048 0.264626 1 1 1.000000
0  -40.796055 48.256050 -0.770772  0.042638 -0.000329 -0.999091  0.227546 0.290017 1 1 1.000000
carbonfibre
0  -44.870144 -31.477926 -0.330329  -0.764276 -0.004030 0.644876  0.308603 0.335917 1 1 1.000000
0  -44.911434 -37.423908 -0.357857  -0.785255 0.020283 0.618841  0.273446 0.335917 1 1 1.000000
0  -42.268776 -35.386856 -0.082580  -0.744403 -0.010984 0.667641  0.290048 0.355449 1 1 1.000000
carbonfibre
0  -44.828850 -31.532980 -0.660661  -0.934859 -0.003811 -0.354999  0.308603 0.332987 1 1 1.000000
0  -44.870144 -37.492729 -0.646897  -0.923449 0.025684 -0.382861  0.272469 0.332987 1 1 1.000000
0  -44.911434 -37.423908 -0.357857  -0.785255 0.020283 0.618841  0.273446 0.335917 1 1 1.000000
carbonfibre
0  -44.911434 -37.423908 -0.357857  -0.785255 0.020283 0.618841  0.273446 0.335917 1 1 1.000000
0  -44.870144 -31.477926 -0.330329  -0.764276 -0.004030 0.644876  0.308603 0.335917 1 1 1.000000
0  -44.828850 -31.532980 -0.660661  -0.934859 -0.003811 -0.354999  0.308603 0.332987 1 1 1.000000
carbonfibre
0  -45.007786 -18.278395 -0.233982  -0.706329 -0.012572 0.707772  0.389660 0.336894 1 1 1.000000
0  -44.870144 -31.477926 -0.330329  -0.764276 -0.004030 0.644876  0.308603 0.335917 1 1 1.000000
0  -42.323830 -31.326525 -0.123871  -0.735549 -0.012087 0.677364  0.314463 0.354472 1 1 1.000000
carbonfibre
0  -42.323830 -31.326525 -0.123871  -0.735549 -0.012087 0.677364  0.314463 0.354472 1 1 1.000000
0  -42.654167 -18.278395 -0.096344  -0.678075 -0.029447 0.734403  0.388684 0.353496 1 1 1.000000
0  -45.007786 -18.278395 -0.233982  -0.706329 -0.012572 0.707772  0.389660 0.336894 1 1 1.000000
carbonfibre
0  -44.787563 -18.264631 -1.004758  -0.818751 -0.011688 -0.574029  0.389660 0.329081 1 1 1.000000
0  -44.581100 -31.588037 -1.004758  -0.807991 -0.003671 -0.589183  0.308603 0.329081 1 1 1.000000
0  -44.828850 -31.532980 -0.660661  -0.934859 -0.003811 -0.354999  0.308603 0.332987 1 1 1.000000
carbonfibre
0  -44.828850 -31.532980 -0.660661  -0.934859 -0.003811 -0.354999  0.308603 0.332987 1 1 1.000000
0  -45.035313 -18.264631 -0.646897  -0.962473 -0.013618 -0.271035  0.389660 0.332987 1 1 1.000000
0  -44.787563 -18.264631 -1.004758  -0.818751 -0.011688 -0.574029  0.389660 0.329081 1 1 1.000000
carbonfibre
0  -45.585869 5.340370 -0.137635  -0.717470 -0.025300 0.696130  0.532243 0.337870 1 1 1.000000
0  -45.076603 -12.387467 -0.206454  -0.690471 -0.018771 0.723116  0.424818 0.336894 1 1 1.000000
0  -42.956970 -12.387466 -0.027524  -0.549484 -0.031402 0.834914  0.424818 0.352519 1 1 1.000000
carbonfibre
0  -42.956970 -12.387466 -0.027524  -0.549484 -0.031402 0.834914  0.424818 0.352519 1 1 1.000000
0  -44.044315 5.340370 0.110114  -0.495501 -0.036748 0.867830  0.532243 0.350566 1 1 1.000000
0  -45.585869 5.340370 -0.137635  -0.717470 -0.025300 0.696130  0.532243 0.337870 1 1 1.000000
carbonfibre
0  -45.117893 -12.373704 -0.633134  -0.970057 -0.019367 -0.242102  0.424818 0.332987 1 1 1.000000
0  -45.640923 5.326606 -0.619370  -0.959096 -0.026720 -0.281817  0.532243 0.332987 1 1 1.000000
0  -45.324356 5.326606 -1.004758  -0.768699 -0.020481 -0.639282  0.532243 0.329081 1 1 1.000000
carbonfibre
0  -45.324356 5.326606 -1.004758  -0.768699 -0.020481 -0.639282  0.532243 0.329081 1 1 1.000000
0  -44.870148 -12.373704 -1.004758  -0.822828 -0.016084 -0.568063  0.424818 0.329081 1 1 1.000000
0  -45.117893 -12.373704 -0.633134  -0.970057 -0.019367 -0.242102  0.424818 0.332987 1 1 1.000000
carbonfibre
0  -45.998779 21.843224 -0.096343  -0.812921 -0.028553 0.581674  0.632832 0.337870 1 1 1.000000
0  -45.819851 13.832664 -0.110107  -0.748435 -0.025701 0.662710  0.584002 0.337870 1 1 1.000000
0  -44.649929 13.818900 0.192697  -0.493219 -0.037752 0.869086  0.584002 0.348613 1 1 1.000000
carbonfibre
0  -44.649929 13.818900 0.192697  -0.493219 -0.037752 0.869086  0.584002 0.348613 1 1 1.000000
0  -45.145420 21.843224 0.357863  -0.649273 -0.052086 0.758770  0.632832 0.346660 1 1 1.000000
0  -45.998779 21.843224 -0.096343  -0.812921 -0.028553 0.581674  0.632832 0.337870 1 1 1.000000
carbonfibre
0  -45.888672 13.832664 -0.619370  -0.955123 -0.029166 -0.294769  0.584002 0.332987 1 1 1.000000
0  -46.081367 21.843224 -0.619370  -0.995012 -0.025632 -0.096411  0.632832 0.332987 1 1 1.000000
0  -45.943726 21.843224 -1.004758  -0.939420 -0.026515 -0.341742  0.632832 0.329081 1 1 1.000000
carbonfibre
0  -45.943726 21.843224 -1.004758  -0.939420 -0.026515 -0.341742  0.632832 0.329081 1 1 1.000000
0  -45.544579 13.832664 -1.004758  -0.743729 -0.028996 -0.667852  0.584002 0.329081 1 1 1.000000
0  -45.888672 13.832664 -0.619370  -0.955123 -0.029166 -0.294769  0.584002 0.332987 1 1 1.000000
carbonfibre
0  -46.370407 31.051237 -0.605606  -0.994562 -0.039520 -0.096360  0.688498 0.332987 1 1 1.000000
0  -46.659451 37.657887 -0.591842  -0.997649 -0.027444 -0.062802  0.728538 0.332987 1 1 1.000000
0  -46.494286 37.685413 -1.004758  -0.932274 -0.016912 -0.361359  0.728538 0.329081 1 1 1.000000
carbonfibre
0  -46.494286 37.685413 -1.004758  -0.932274 -0.016912 -0.361359  0.728538 0.329081 1 1 1.000000
0  -46.219006 31.051237 -1.004758  -0.933666 -0.036740 -0.356256  0.688498 0.329081 1 1 1.000000
0  -46.370407 31.051237 -0.605606  -0.994562 -0.039520 -0.096360  0.688498 0.332987 1 1 1.000000
carbonfibre
0  -46.287823 31.051237 -0.082580  -0.897153 -0.041509 0.439765  0.688498 0.337870 1 1 1.000000
0  -46.521812 37.644123 -0.082580  -0.914102 -0.038368 0.403664  0.728538 0.337870 1 1 1.000000
0  -46.659451 37.657887 -0.591842  -0.997649 -0.027444 -0.062802  0.728538 0.332987 1 1 1.000000
carbonfibre
0  -46.659451 37.657887 -0.591842  -0.997649 -0.027444 -0.062802  0.728538 0.332987 1 1 1.000000
0  -46.370407 31.051237 -0.605606  -0.994562 -0.039520 -0.096360  0.688498 0.332987 1 1 1.000000
0  -46.287823 31.051237 -0.082580  -0.897153 -0.041509 0.439765  0.688498 0.337870 1 1 1.000000
carbonfibre
0  -45.819851 13.832664 -0.110107  -0.748435 -0.025701 0.662710  0.584002 0.337870 1 1 1.000000
0  -45.998779 21.843224 -0.096343  -0.812921 -0.028553 0.581674  0.632832 0.337870 1 1 1.000000
0  -46.081367 21.843224 -0.619370  -0.995012 -0.025632 -0.096411  0.632832 0.332987 1 1 1.000000
carbonfibre
0  -46.081367 21.843224 -0.619370  -0.995012 -0.025632 -0.096411  0.632832 0.332987 1 1 1.000000
0  -45.888672 13.832664 -0.619370  -0.955123 -0.029166 -0.294769  0.584002 0.332987 1 1 1.000000
0  -45.819851 13.832664 -0.110107  -0.748435 -0.025701 0.662710  0.584002 0.337870 1 1 1.000000
carbonfibre
0  -45.076603 -12.387467 -0.206454  -0.690471 -0.018771 0.723116  0.424818 0.336894 1 1 1.000000
0  -45.585869 5.340370 -0.137635  -0.717470 -0.025300 0.696130  0.532243 0.337870 1 1 1.000000
0  -45.640923 5.326606 -0.619370  -0.959096 -0.026720 -0.281817  0.532243 0.332987 1 1 1.000000
carbonfibre
0  -45.640923 5.326606 -0.619370  -0.959096 -0.026720 -0.281817  0.532243 0.332987 1 1 1.000000
0  -45.117893 -12.373704 -0.633134  -0.970057 -0.019367 -0.242102  0.424818 0.332987 1 1 1.000000
0  -45.076603 -12.387467 -0.206454  -0.690471 -0.018771 0.723116  0.424818 0.336894 1 1 1.000000
carbonfibre
0  -44.870144 -31.477926 -0.330329  -0.764276 -0.004030 0.644876  0.308603 0.335917 1 1 1.000000
0  -45.007786 -18.278395 -0.233982  -0.706329 -0.012572 0.707772  0.389660 0.336894 1 1 1.000000
0  -45.035313 -18.264631 -0.646897  -0.962473 -0.013618 -0.271035  0.389660 0.332987 1 1 1.000000
carbonfibre
0  -45.035313 -18.264631 -0.646897  -0.962473 -0.013618 -0.271035  0.389660 0.332987 1 1 1.000000
0  -44.828850 -31.532980 -0.660661  -0.934859 -0.003811 -0.354999  0.308603 0.332987 1 1 1.000000
0  -44.870144 -31.477926 -0.330329  -0.764276 -0.004030 0.644876  0.308603 0.335917 1 1 1.000000
carbonfibre
0  -45.090363 -41.855865 -0.633134  -0.917492 0.043885 -0.395325  0.246101 0.332987 1 1 1.000000
0  -44.870144 -37.492729 -0.646897  -0.923449 0.025684 -0.382861  0.272469 0.332987 1 1 1.000000
0  -44.608627 -37.602840 -1.004758  -0.802110 0.022941 -0.596736  0.271493 0.329081 1 1 1.000000
carbonfibre
0  -44.608627 -37.602840 -1.004758  -0.802110 0.022941 -0.596736  0.271493 0.329081 1 1 1.000000
0  -44.815086 -41.993504 -1.004758  -0.796769 0.041291 -0.602872  0.245125 0.329081 1 1 1.000000
0  -45.090363 -41.855865 -0.633134  -0.917492 0.043885 -0.395325  0.246101 0.332987 1 1 1.000000
carbonfibre
0  -43.892918 48.214760 0.935945  -0.117646 0.980016 0.160400  0.598651 0.387677 1 1 1.000000
0  -46.948490 47.994534 -0.055052  -0.039955 0.987827 0.150339  0.584979 0.382794 1 1 1.000000
0  -46.508049 47.567856 0.935945  -0.215352 0.865754 0.451767  0.588885 0.392560 1 1 1.000000
carbonfibre
0  -45.090363 -41.855865 -0.633134  -0.917492 0.043885 -0.395325  0.246101 0.332987 1 1 1.000000
0  -44.815086 -41.993504 -1.004758  -0.796769 0.041291 -0.602872  0.245125 0.329081 1 1 1.000000
0  -44.911434 -43.672695 -1.004758  -0.788548 0.046484 -0.613213  0.235359 0.329081 1 1 1.000000
carbonfibre
0  -44.911434 -43.672695 -1.004758  -0.788548 0.046484 -0.613213  0.235359 0.329081 1 1 1.000000
0  -45.159180 -43.548820 -0.674425  -0.890496 0.047596 -0.452494  0.236335 0.332011 1 1 1.000000
0  -45.090363 -41.855865 -0.633134  -0.917492 0.043885 -0.395325  0.246101 0.332987 1 1 1.000000
carbonfibre
0  -44.870144 -37.492729 -0.646897  -0.923449 0.025684 -0.382861  0.272469 0.332987 1 1 1.000000
0  -45.090363 -41.855865 -0.633134  -0.917492 0.043885 -0.395325  0.246101 0.332987 1 1 1.000000
0  -45.090363 -41.126385 -0.399148  -0.897497 0.192507 0.396788  0.250984 0.334941 1 1 1.000000
carbonfibre
0  -45.090363 -41.126385 -0.399148  -0.897497 0.192507 0.396788  0.250984 0.334941 1 1 1.000000
0  -44.911434 -37.423908 -0.357857  -0.785255 0.020283 0.618841  0.273446 0.335917 1 1 1.000000
0  -44.870144 -37.492729 -0.646897  -0.923449 0.025684 -0.382861  0.272469 0.332987 1 1 1.000000
carbonfibre
0  -44.870144 -37.492729 -0.646897  -0.923449 0.025684 -0.382861  0.272469 0.332987 1 1 1.000000
0  -44.828850 -31.532980 -0.660661  -0.934859 -0.003811 -0.354999  0.308603 0.332987 1 1 1.000000
0  -44.581100 -31.588037 -1.004758  -0.807991 -0.003671 -0.589183  0.308603 0.329081 1 1 1.000000
carbonfibre
0  -44.581100 -31.588037 -1.004758  -0.807991 -0.003671 -0.589183  0.308603 0.329081 1 1 1.000000
0  -44.608627 -37.602840 -1.004758  -0.802110 0.022941 -0.596736  0.271493 0.329081 1 1 1.000000
0  -44.870144 -37.492729 -0.646897  -0.923449 0.025684 -0.382861  0.272469 0.332987 1 1 1.000000
carbonfibre
0  -43.892918 48.214760 0.935945  -0.117646 0.980016 0.160400  0.598651 0.387677 1 1 1.000000
0  -40.796055 48.256050 -0.770772  -0.022551 0.999476 -0.023242  0.616230 0.380840 1 1 1.000000
0  -46.452995 47.967007 -1.004758  0.009688 0.999655 -0.024415  0.587909 0.374004 1 1 1.000000
carbonfibre
0  -45.640926 46.645679 3.509785  -0.994199 -0.061842 0.087998  0.782250 0.372051 1 1 1.000000
0  -45.943729 47.113651 2.105872  -0.944207 -0.063038 0.323264  0.785180 0.359355 1 1 1.000000
0  -45.475758 37.492722 1.624138  -0.914620 -0.065596 0.398957  0.727561 0.355449 1 1 1.000000
carbonfibre
0  -45.475758 37.492722 1.624138  -0.914620 -0.065596 0.398957  0.727561 0.355449 1 1 1.000000
0  -45.035316 37.520248 3.055578  -0.975472 -0.082048 0.204261  0.727561 0.367168 1 1 1.000000
0  -45.640926 46.645679 3.509785  -0.994199 -0.061842 0.087998  0.782250 0.372051 1 1 1.000000
carbonfibre
0  -46.521812 37.644123 -0.082580  -0.914102 -0.038368 0.403664  0.728538 0.337870 1 1 1.000000
0  -46.948490 47.994534 -0.055052  -0.973225 -0.045958 0.225212  0.791040 0.337870 1 1 1.000000
0  -47.003548 48.077118 -0.605606  -0.918068 -0.035137 -0.394863  0.792016 0.332987 1 1 1.000000
carbonfibre
0  -47.003548 48.077118 -0.605606  -0.918068 -0.035137 -0.394863  0.792016 0.332987 1 1 1.000000
0  -46.659451 37.657887 -0.591842  -0.997649 -0.027444 -0.062802  0.728538 0.332987 1 1 1.000000
0  -46.521812 37.644123 -0.082580  -0.914102 -0.038368 0.403664  0.728538 0.337870 1 1 1.000000
carbonfibre
0  -46.659451 37.657887 -0.591842  -0.997649 -0.027444 -0.062802  0.728538 0.332987 1 1 1.000000
0  -47.003548 48.077118 -0.605606  -0.918068 -0.035137 -0.394863  0.792016 0.332987 1 1 1.000000
0  -46.452995 47.967007 -1.004758  -0.607314 -0.020028 -0.794210  0.791040 0.329081 1 1 1.000000
carbonfibre
0  -46.452995 47.967007 -1.004758  -0.607314 -0.020028 -0.794210  0.791040 0.329081 1 1 1.000000
0  -46.494286 37.685413 -1.004758  -0.932274 -0.016912 -0.361359  0.728538 0.329081 1 1 1.000000
0  -46.659451 37.657887 -0.591842  -0.997649 -0.027444 -0.062802  0.728538 0.332987 1 1 1.000000
carbonfibre
0  -46.494286 37.685413 -1.004758  0.038613 0.001304 -0.999253  0.290048 0.264626 1 1 1.000000
0  -46.452995 47.967007 -1.004758  0.041336 -0.000166 -0.999145  0.225593 0.264626 1 1 1.000000
0  -40.796055 48.256050 -0.770772  0.042638 -0.000329 -0.999091  0.227546 0.290017 1 1 1.000000
carbonfibre
0  -42.736748 -11.891968 1.748012  -0.998577 -0.048920 0.021254  0.427747 0.369121 1 1 1.000000
0  -43.369884 5.340370 1.981997  -0.996614 -0.040589 0.071508  0.532243 0.368145 1 1 1.000000
0  -43.672691 5.340370 0.564321  -0.897821 -0.052281 0.437247  0.532243 0.354472 1 1 1.000000
carbonfibre
0  -43.672691 5.340370 0.564321  -0.897821 -0.052281 0.437247  0.532243 0.354472 1 1 1.000000
0  -42.805569 -12.318647 0.233989  -0.959144 -0.050265 0.278416  0.425794 0.355449 1 1 1.000000
0  -42.736748 -11.891968 1.748012  -0.998577 -0.048920 0.021254  0.427747 0.369121 1 1 1.000000
carbonfibre
0  -43.672691 13.915248 2.105872  -0.992116 -0.050019 0.114908  0.584002 0.366192 1 1 1.000000
0  -44.085606 21.843224 2.312330  -0.988685 -0.038117 0.145084  0.632832 0.365215 1 1 1.000000
0  -44.649929 21.843224 1.004764  -0.861858 -0.060108 0.503575  0.632832 0.352519 1 1 1.000000
carbonfibre
0  -44.649929 21.843224 1.004764  -0.861858 -0.060108 0.503575  0.632832 0.352519 1 1 1.000000
0  -44.126900 13.832664 0.715723  -0.847971 -0.056765 0.526993  0.584002 0.353496 1 1 1.000000
0  -43.672691 13.915248 2.105872  -0.992116 -0.050019 0.114908  0.584002 0.366192 1 1 1.000000
carbonfibre
0  -45.695980 31.037474 0.564321  -0.777783 -0.054822 0.626138  0.688498 0.346660 1 1 1.000000
0  -46.026310 37.492722 0.688196  -0.851476 -0.052426 0.521766  0.727561 0.345683 1 1 1.000000
0  -46.521812 37.644123 -0.082580  -0.914102 -0.038368 0.403664  0.728538 0.337870 1 1 1.000000
carbonfibre
0  -46.521812 37.644123 -0.082580  -0.914102 -0.038368 0.403664  0.728538 0.337870 1 1 1.000000
0  -46.287823 31.051237 -0.082580  -0.897153 -0.041509 0.439765  0.688498 0.337870 1 1 1.000000
0  -45.695980 31.037474 0.564321  -0.777783 -0.054822 0.626138  0.688498 0.346660 1 1 1.000000
carbonfibre
0  -46.026310 37.492722 0.688196  -0.851476 -0.052426 0.521766  0.727561 0.345683 1 1 1.000000
0  -46.508049 47.567856 0.935945  -0.915782 -0.057975 0.397468  0.788110 0.347636 1 1 1.000000
0  -46.948490 47.994534 -0.055052  -0.973225 -0.045958 0.225212  0.791040 0.337870 1 1 1.000000
carbonfibre
0  -46.948490 47.994534 -0.055052  -0.973225 -0.045958 0.225212  0.791040 0.337870 1 1 1.000000
0  -46.521812 37.644123 -0.082580  -0.914102 -0.038368 0.403664  0.728538 0.337870 1 1 1.000000
0  -46.026310 37.492722 0.688196  -0.851476 -0.052426 0.521766  0.727561 0.345683 1 1 1.000000
carbonfibre
0  -43.892918 48.214760 0.935945  -0.117646 0.980016 0.160400  0.598651 0.387677 1 1 1.000000
0  -46.508049 47.567856 0.935945  -0.215352 0.865754 0.451767  0.588885 0.392560 1 1 1.000000
0  -45.943729 47.113651 2.105872  -0.208691 0.886803 0.412345  0.592792 0.404279 1 1 1.000000
carbonfibre
0  -45.943729 47.113651 2.105872  -0.208691 0.886803 0.412345  0.592792 0.404279 1 1 1.000000
0  -43.576347 47.554092 2.394913  -0.223653 0.899376 0.375636  0.604511 0.402326 1 1 1.000000
0  -43.892918 48.214760 0.935945  -0.117646 0.980016 0.160400  0.598651 0.387677 1 1 1.000000
carbonfibre
0  -44.126900 13.832664 0.715723  -0.847971 -0.056765 0.526993  0.584002 0.353496 1 1 1.000000
0  -43.672691 5.340370 0.564321  -0.897821 -0.052281 0.437247  0.532243 0.354472 1 1 1.000000
0  -43.369884 5.340370 1.981997  -0.996614 -0.040589 0.071508  0.532243 0.368145 1 1 1.000000
carbonfibre
0  -43.369884 5.340370 1.981997  -0.996614 -0.040589 0.071508  0.532243 0.368145 1 1 1.000000
0  -43.672691 13.915248 2.105872  -0.992116 -0.050019 0.114908  0.584002 0.366192 1 1 1.000000
0  -44.126900 13.832664 0.715723  -0.847971 -0.056765 0.526993  0.584002 0.353496 1 1 1.000000
carbonfibre
0  -44.044315 5.340370 0.110114  -0.495501 -0.036748 0.867830  0.532243 0.350566 1 1 1.000000
0  -44.649929 13.818900 0.192697  -0.493219 -0.037752 0.869086  0.584002 0.348613 1 1 1.000000
0  -45.819851 13.832664 -0.110107  -0.748435 -0.025701 0.662710  0.584002 0.337870 1 1 1.000000
carbonfibre
0  -45.819851 13.832664 -0.110107  -0.748435 -0.025701 0.662710  0.584002 0.337870 1 1 1.000000
0  -45.585869 5.340370 -0.137635  -0.717470 -0.025300 0.696130  0.532243 0.337870 1 1 1.000000
0  -44.044315 5.340370 0.110114  -0.495501 -0.036748 0.867830  0.532243 0.350566 1 1 1.000000
carbonfibre
0  -45.585869 5.340370 -0.137635  -0.717470 -0.025300 0.696130  0.532243 0.337870 1 1 1.000000
0  -45.819851 13.832664 -0.110107  -0.748435 -0.025701 0.662710  0.584002 0.337870 1 1 1.000000
0  -45.888672 13.832664 -0.619370  -0.955123 -0.029166 -0.294769  0.584002 0.332987 1 1 1.000000
carbonfibre
0  -45.888672 13.832664 -0.619370  -0.955123 -0.029166 -0.294769  0.584002 0.332987 1 1 1.000000
0  -45.640923 5.326606 -0.619370  -0.959096 -0.026720 -0.281817  0.532243 0.332987 1 1 1.000000
0  -45.585869 5.340370 -0.137635  -0.717470 -0.025300 0.696130  0.532243 0.337870 1 1 1.000000
carbonfibre
0  -45.640923 5.326606 -0.619370  -0.959096 -0.026720 -0.281817  0.532243 0.332987 1 1 1.000000
0  -45.888672 13.832664 -0.619370  -0.955123 -0.029166 -0.294769  0.584002 0.332987 1 1 1.000000
0  -45.544579 13.832664 -1.004758  -0.743729 -0.028996 -0.667852  0.584002 0.329081 1 1 1.000000
carbonfibre
0  -45.544579 13.832664 -1.004758  -0.743729 -0.028996 -0.667852  0.584002 0.329081 1 1 1.000000
0  -45.324356 5.326606 -1.004758  -0.768699 -0.020481 -0.639282  0.532243 0.329081 1 1 1.000000
0  -45.640923 5.326606 -0.619370  -0.959096 -0.026720 -0.281817  0.532243 0.332987 1 1 1.000000
carbonfibre
0  -44.099373 26.041199 2.422441  -0.953027 -0.041532 0.300025  0.658223 0.364238 1 1 1.000000
0  -44.415943 31.051237 2.890411  -0.973754 -0.090741 0.208733  0.688498 0.368145 1 1 1.000000
0  -44.539818 31.051237 2.725245  -0.868822 -0.104988 0.483866  0.688498 0.366192 1 1 1.000000
carbonfibre
0  -44.539818 31.051237 2.725245  -0.868822 -0.104988 0.483866  0.688498 0.366192 1 1 1.000000
0  -44.223244 26.041199 2.271038  -0.831007 -0.058624 0.553164  0.658223 0.361309 1 1 1.000000
0  -44.099373 26.041199 2.422441  -0.953027 -0.041532 0.300025  0.658223 0.364238 1 1 1.000000
carbonfibre
0  -45.406940 26.027435 0.467974  -0.681273 -0.047123 0.730511  0.658223 0.345683 1 1 1.000000
0  -45.695980 31.037474 0.564321  -0.777783 -0.054822 0.626138  0.688498 0.346660 1 1 1.000000
0  -46.287823 31.051237 -0.082580  -0.897153 -0.041509 0.439765  0.688498 0.337870 1 1 1.000000
carbonfibre
0  -46.287823 31.051237 -0.082580  -0.897153 -0.041509 0.439765  0.688498 0.337870 1 1 1.000000
0  -46.095135 26.027435 -0.096343  -0.859794 -0.036520 0.509334  0.658223 0.337870 1 1 1.000000
0  -45.406940 26.027435 0.467974  -0.681273 -0.047123 0.730511  0.658223 0.345683 1 1 1.000000
carbonfibre
0  -46.095135 26.027435 -0.096343  -0.859794 -0.036520 0.509334  0.658223 0.337870 1 1 1.000000
0  -46.287823 31.051237 -0.082580  -0.897153 -0.041509 0.439765  0.688498 0.337870 1 1 1.000000
0  -46.370407 31.051237 -0.605606  -0.994562 -0.039520 -0.096360  0.688498 0.332987 1 1 1.000000
carbonfibre
0  -46.370407 31.051237 -0.605606  -0.994562 -0.039520 -0.096360  0.688498 0.332987 1 1 1.000000
0  -46.177715 26.027435 -0.619370  -0.997780 -0.028990 -0.059951  0.658223 0.332987 1 1 1.000000
0  -46.095135 26.027435 -0.096343  -0.859794 -0.036520 0.509334  0.658223 0.337870 1 1 1.000000
carbonfibre
0  -46.177715 26.027435 -0.619370  -0.997780 -0.028990 -0.059951  0.658223 0.332987 1 1 1.000000
0  -46.370407 31.051237 -0.605606  -0.994562 -0.039520 -0.096360  0.688498 0.332987 1 1 1.000000
0  -46.219006 31.051237 -1.004758  -0.933666 -0.036740 -0.356256  0.688498 0.329081 1 1 1.000000
carbonfibre
0  -46.219006 31.051237 -1.004758  -0.933666 -0.036740 -0.356256  0.688498 0.329081 1 1 1.000000
0  -46.081371 26.027435 -1.004758  -0.962070 -0.026275 -0.271534  0.658223 0.329081 1 1 1.000000
0  -46.177715 26.027435 -0.619370  -0.997780 -0.028990 -0.059951  0.658223 0.332987 1 1 1.000000
carbonfibre
0  -44.085606 21.843224 2.312330  -0.988685 -0.038117 0.145084  0.632832 0.365215 1 1 1.000000
0  -44.223244 26.041199 2.271038  -0.831007 -0.058624 0.553164  0.658223 0.361309 1 1 1.000000
0  -44.787563 26.027435 1.114875  -0.824640 -0.053554 0.563118  0.658223 0.352519 1 1 1.000000
carbonfibre
0  -44.787563 26.027435 1.114875  -0.824640 -0.053554 0.563118  0.658223 0.352519 1 1 1.000000
0  -44.649929 21.843224 1.004764  -0.861858 -0.060108 0.503575  0.632832 0.352519 1 1 1.000000
0  -44.085606 21.843224 2.312330  -0.988685 -0.038117 0.145084  0.632832 0.365215 1 1 1.000000
carbonfibre
0  -45.145420 21.843224 0.357863  -0.649273 -0.052086 0.758770  0.632832 0.346660 1 1 1.000000
0  -45.406940 26.027435 0.467974  -0.681273 -0.047123 0.730511  0.658223 0.345683 1 1 1.000000
0  -46.095135 26.027435 -0.096343  -0.859794 -0.036520 0.509334  0.658223 0.337870 1 1 1.000000
carbonfibre
0  -46.095135 26.027435 -0.096343  -0.859794 -0.036520 0.509334  0.658223 0.337870 1 1 1.000000
0  -45.998779 21.843224 -0.096343  -0.812921 -0.028553 0.581674  0.632832 0.337870 1 1 1.000000
0  -45.145420 21.843224 0.357863  -0.649273 -0.052086 0.758770  0.632832 0.346660 1 1 1.000000
carbonfibre
0  -45.998779 21.843224 -0.096343  -0.812921 -0.028553 0.581674  0.632832 0.337870 1 1 1.000000
0  -46.095135 26.027435 -0.096343  -0.859794 -0.036520 0.509334  0.658223 0.337870 1 1 1.000000
0  -46.177715 26.027435 -0.619370  -0.997780 -0.028990 -0.059951  0.658223 0.332987 1 1 1.000000
carbonfibre
0  -46.177715 26.027435 -0.619370  -0.997780 -0.028990 -0.059951  0.658223 0.332987 1 1 1.000000
0  -46.081367 21.843224 -0.619370  -0.995012 -0.025632 -0.096411  0.632832 0.332987 1 1 1.000000
0  -45.998779 21.843224 -0.096343  -0.812921 -0.028553 0.581674  0.632832 0.337870 1 1 1.000000
carbonfibre
0  -46.081367 21.843224 -0.619370  -0.995012 -0.025632 -0.096411  0.632832 0.332987 1 1 1.000000
0  -46.177715 26.027435 -0.619370  -0.997780 -0.028990 -0.059951  0.658223 0.332987 1 1 1.000000
0  -46.081371 26.027435 -1.004758  -0.962070 -0.026275 -0.271534  0.658223 0.329081 1 1 1.000000
carbonfibre
0  -46.081371 26.027435 -1.004758  -0.962070 -0.026275 -0.271534  0.658223 0.329081 1 1 1.000000
0  -45.943726 21.843224 -1.004758  -0.939420 -0.026515 -0.341742  0.632832 0.329081 1 1 1.000000
0  -46.081367 21.843224 -0.619370  -0.995012 -0.025632 -0.096411  0.632832 0.332987 1 1 1.000000
carbonfibre
0  -42.805569 -12.318647 0.233989  -0.959144 -0.050265 0.278416  0.425794 0.355449 1 1 1.000000
0  -42.612877 -18.347214 0.178933  -0.991284 -0.019258 0.130328  0.388684 0.355449 1 1 1.000000
0  -42.420181 -17.700314 1.692957  -0.999442 -0.001221 0.033381  0.392590 0.370098 1 1 1.000000
carbonfibre
0  -42.420181 -17.700314 1.692957  -0.999442 -0.001221 0.033381  0.392590 0.370098 1 1 1.000000
0  -42.736748 -11.891968 1.748012  -0.998577 -0.048920 0.021254  0.427747 0.369121 1 1 1.000000
0  -42.805569 -12.318647 0.233989  -0.959144 -0.050265 0.278416  0.425794 0.355449 1 1 1.000000
carbonfibre
0  -42.654167 -18.278395 -0.096344  -0.678075 -0.029447 0.734403  0.388684 0.353496 1 1 1.000000
0  -42.956970 -12.387466 -0.027524  -0.549484 -0.031402 0.834914  0.424818 0.352519 1 1 1.000000
0  -45.076603 -12.387467 -0.206454  -0.690471 -0.018771 0.723116  0.424818 0.336894 1 1 1.000000
carbonfibre
0  -45.076603 -12.387467 -0.206454  -0.690471 -0.018771 0.723116  0.424818 0.336894 1 1 1.000000
0  -45.007786 -18.278395 -0.233982  -0.706329 -0.012572 0.707772  0.389660 0.336894 1 1 1.000000
0  -42.654167 -18.278395 -0.096344  -0.678075 -0.029447 0.734403  0.388684 0.353496 1 1 1.000000
carbonfibre
0  -45.007786 -18.278395 -0.233982  -0.706329 -0.012572 0.707772  0.389660 0.336894 1 1 1.000000
0  -45.076603 -12.387467 -0.206454  -0.690471 -0.018771 0.723116  0.424818 0.336894 1 1 1.000000
0  -45.117893 -12.373704 -0.633134  -0.970057 -0.019367 -0.242102  0.424818 0.332987 1 1 1.000000
carbonfibre
0  -45.117893 -12.373704 -0.633134  -0.970057 -0.019367 -0.242102  0.424818 0.332987 1 1 1.000000
0  -45.035313 -18.264631 -0.646897  -0.962473 -0.013618 -0.271035  0.389660 0.332987 1 1 1.000000
0  -45.007786 -18.278395 -0.233982  -0.706329 -0.012572 0.707772  0.389660 0.336894 1 1 1.000000
carbonfibre
0  -45.035313 -18.264631 -0.646897  -0.962473 -0.013618 -0.271035  0.389660 0.332987 1 1 1.000000
0  -45.117893 -12.373704 -0.633134  -0.970057 -0.019367 -0.242102  0.424818 0.332987 1 1 1.000000
0  -44.870148 -12.373704 -1.004758  -0.822828 -0.016084 -0.568063  0.424818 0.329081 1 1 1.000000
carbonfibre
0  -44.870148 -12.373704 -1.004758  -0.822828 -0.016084 -0.568063  0.424818 0.329081 1 1 1.000000
0  -44.787563 -18.264631 -1.004758  -0.818751 -0.011688 -0.574029  0.389660 0.329081 1 1 1.000000
0  -45.035313 -18.264631 -0.646897  -0.962473 -0.013618 -0.271035  0.389660 0.332987 1 1 1.000000
carbonfibre
0  -44.911434 -43.672695 -1.004758  0.074257 -0.004261 -0.997230  0.802759 0.264626 1 1 1.000000
0  -44.815086 -41.993504 -1.004758  0.074284 -0.003873 -0.997230  0.792016 0.264626 1 1 1.000000
0  -37.451427 -42.516529 -0.454204  0.075230 -0.002028 -0.997164  0.795923 0.310526 1 1 1.000000
carbonfibre
0  -42.420181 -17.700314 1.692957  -0.999442 -0.001221 0.033381  0.392590 0.370098 1 1 1.000000
0  -42.612877 -18.347214 0.178933  -0.991284 -0.019258 0.130328  0.388684 0.355449 1 1 1.000000
0  -42.475235 -18.787657 1.692957  -0.999656 0.022855 0.012853  0.385754 0.370098 1 1 1.000000
carbonfibre
0  -42.612877 -18.347214 0.178933  -0.991284 -0.019258 0.130328  0.388684 0.355449 1 1 1.000000
0  -42.323830 -31.312757 0.137642  -0.999436 -0.015930 -0.029563  0.314463 0.357402 1 1 1.000000
0  -42.461468 -27.624048 1.706720  -0.988402 -0.018487 -0.150729  0.335948 0.371075 1 1 1.000000
carbonfibre
0  -42.461468 -27.624048 1.706720  -0.988402 -0.018487 -0.150729  0.335948 0.371075 1 1 1.000000
0  -42.475235 -18.787657 1.692957  -0.999656 0.022855 0.012853  0.385754 0.370098 1 1 1.000000
0  -42.612877 -18.347214 0.178933  -0.991284 -0.019258 0.130328  0.388684 0.355449 1 1 1.000000
carbonfibre
0  -42.461468 -27.624048 1.706720  -0.988402 -0.018487 -0.150729  0.335948 0.371075 1 1 1.000000
0  -42.323830 -31.312757 0.137642  -0.999436 -0.015930 -0.029563  0.314463 0.357402 1 1 1.000000
0  -42.406414 -31.298994 1.720484  -0.993685 -0.010536 -0.111708  0.315439 0.372051 1 1 1.000000
carbonfibre
0  -42.323830 -31.312757 0.137642  -0.999436 -0.015930 -0.029563  0.314463 0.357402 1 1 1.000000
0  -42.268776 -35.318039 0.192697  -0.998889 -0.017611 -0.043714  0.291025 0.358379 1 1 1.000000
0  -42.392651 -35.042763 1.748012  -0.989489 -0.011838 -0.144121  0.292001 0.373028 1 1 1.000000
carbonfibre
0  -42.392651 -35.042763 1.748012  -0.989489 -0.011838 -0.144121  0.292001 0.373028 1 1 1.000000
0  -42.406414 -31.298994 1.720484  -0.993685 -0.010536 -0.111708  0.315439 0.372051 1 1 1.000000
0  -42.323830 -31.312757 0.137642  -0.999436 -0.015930 -0.029563  0.314463 0.357402 1 1 1.000000
carbonfibre
0  -42.227486 -37.203686 0.220225  -0.998211 -0.024689 -0.054450  0.279305 0.358379 1 1 1.000000
0  -42.103607 -41.208965 0.233989  -0.992829 -0.031100 -0.115427  0.254891 0.358379 1 1 1.000000
0  -42.337597 -40.699703 1.775540  -0.985596 -0.017705 -0.168189  0.257820 0.373028 1 1 1.000000
carbonfibre
0  -42.337597 -40.699703 1.775540  -0.985596 -0.017705 -0.168189  0.257820 0.373028 1 1 1.000000
0  -42.365124 -36.942173 1.761776  -0.986633 -0.012150 -0.162502  0.280282 0.373028 1 1 1.000000
0  -42.227486 -37.203686 0.220225  -0.998211 -0.024689 -0.054450  0.279305 0.358379 1 1 1.000000
carbonfibre
0  -45.214241 -41.456715 0.096350  -0.974422 0.054083 -0.218121  0.249031 0.339824 1 1 1.000000
0  -45.186707 -43.466240 -0.467967  -0.981782 0.046174 -0.184314  0.236335 0.334941 1 1 1.000000
0  -45.682209 -42.736752 1.885651  -0.976641 0.062146 -0.205696  0.241218 0.356426 1 1 1.000000
carbonfibre
0  -45.682209 -42.736752 1.885651  -0.976641 0.062146 -0.205696  0.241218 0.356426 1 1 1.000000
0  -45.530811 -40.933689 1.734248  -0.975833 0.066278 -0.208225  0.251961 0.355449 1 1 1.000000
0  -45.214241 -41.456715 0.096350  -0.974422 0.054083 -0.218121  0.249031 0.339824 1 1 1.000000
carbonfibre
0  -44.911442 37.478954 4.844878  -0.995061 -0.086555 -0.048589  0.727561 0.385723 1 1 1.000000
0  -44.938969 37.478954 5.023808  -0.995171 -0.088751 0.041934  0.727561 0.386700 1 1 1.000000
0  -45.778564 46.122654 5.422959  -0.986094 -0.062722 -0.153898  0.779321 0.389630 1 1 1.000000
carbonfibre
0  -45.778564 46.122654 5.422959  -0.986094 -0.062722 -0.153898  0.779321 0.389630 1 1 1.000000
0  -45.668453 45.214241 5.230266  -0.963822 -0.056573 -0.260475  0.774438 0.388653 1 1 1.000000
0  -44.911442 37.478954 4.844878  -0.995061 -0.086555 -0.048589  0.727561 0.385723 1 1 1.000000
carbonfibre
0  -45.682217 46.150181 5.202738  -0.416820 0.894066 0.164035  0.592792 0.432600 1 1 1.000000
0  -45.778564 46.122654 5.422959  -0.290063 0.905727 0.309065  0.592792 0.435530 1 1 1.000000
0  -45.393177 46.260288 5.381668  -0.364209 0.886340 0.285923  0.595721 0.434553 1 1 1.000000
carbonfibre
0  -45.393177 46.260288 5.381668  -0.364209 0.886340 0.285923  0.595721 0.434553 1 1 1.000000
0  -45.365650 46.315346 5.202738  -0.408705 0.884919 0.223335  0.595721 0.432600 1 1 1.000000
0  -45.682217 46.150181 5.202738  -0.416820 0.894066 0.164035  0.592792 0.432600 1 1 1.000000
carbonfibre
0  -44.195717 27.692858 3.220744  -0.997967 -0.063582 0.004442  0.667989 0.372051 1 1 1.000000
0  -44.181953 27.445110 3.248271  -0.988327 -0.138539 0.063373  0.666036 0.372051 1 1 1.000000
0  -44.292061 28.394815 4.803586  -0.975832 -0.160375 0.148434  0.671896 0.386700 1 1 1.000000
carbonfibre
0  -44.292061 28.394815 4.803586  -0.975832 -0.160375 0.148434  0.671896 0.386700 1 1 1.000000
0  -44.292061 28.477400 4.624656  -0.997626 -0.059647 -0.034414  0.672872 0.384747 1 1 1.000000
0  -44.195717 27.692858 3.220744  -0.997967 -0.063582 0.004442  0.667989 0.372051 1 1 1.000000
carbonfibre
0  -44.292061 28.477400 4.624656  -0.997626 -0.059647 -0.034414  0.672872 0.384747 1 1 1.000000
0  -44.292061 28.394815 4.803586  -0.975832 -0.160375 0.148434  0.671896 0.386700 1 1 1.000000
0  -44.443470 31.051237 4.817350  -0.984518 -0.068611 0.161301  0.688498 0.386700 1 1 1.000000
carbonfibre
0  -44.443470 31.051237 4.817350  -0.984518 -0.068611 0.161301  0.688498 0.386700 1 1 1.000000
0  -44.443470 31.051237 4.652184  -0.997868 -0.064915 -0.006799  0.688498 0.384747 1 1 1.000000
0  -44.292061 28.477400 4.624656  -0.997626 -0.059647 -0.034414  0.672872 0.384747 1 1 1.000000
carbonfibre
0  -44.443470 31.051237 4.817350  -0.984518 -0.068611 0.161301  0.688498 0.386700 1 1 1.000000
0  -44.938969 37.478954 5.023808  -0.995171 -0.088751 0.041934  0.727561 0.386700 1 1 1.000000
0  -44.911442 37.478954 4.844878  -0.995061 -0.086555 -0.048589  0.727561 0.385723 1 1 1.000000
carbonfibre
0  -44.911442 37.478954 4.844878  -0.995061 -0.086555 -0.048589  0.727561 0.385723 1 1 1.000000
0  -44.443470 31.051237 4.652184  -0.997868 -0.064915 -0.006799  0.688498 0.384747 1 1 1.000000
0  -44.443470 31.051237 4.817350  -0.984518 -0.068611 0.161301  0.688498 0.386700 1 1 1.000000
carbonfibre
0  -44.181953 27.445110 3.248271  -0.988327 -0.138539 0.063373  0.666036 0.372051 1 1 1.000000
0  -44.195717 27.692858 3.220744  -0.997967 -0.063582 0.004442  0.667989 0.372051 1 1 1.000000
0  -44.140663 26.481642 2.628898  -0.997762 -0.040343 -0.053321  0.660176 0.366192 1 1 1.000000
carbonfibre
0  -44.140663 26.481642 2.628898  -0.997762 -0.040343 -0.053321  0.660176 0.366192 1 1 1.000000
0  -44.126900 26.027435 2.615134  -0.996440 -0.042393 0.072868  0.658223 0.366192 1 1 1.000000
0  -44.181953 27.445110 3.248271  -0.988327 -0.138539 0.063373  0.666036 0.372051 1 1 1.000000
carbonfibre
0  -42.750511 -11.836913 1.913178  -0.985759 -0.046178 0.161700  0.427747 0.371075 1 1 1.000000
0  -43.369884 5.340370 2.147164  -0.992813 -0.037175 0.113756  0.532243 0.369121 1 1 1.000000
0  -43.369884 5.340370 1.981997  -0.996614 -0.040589 0.071508  0.532243 0.368145 1 1 1.000000
carbonfibre
0  -43.369884 5.340370 1.981997  -0.996614 -0.040589 0.071508  0.532243 0.368145 1 1 1.000000
0  -42.736748 -11.891968 1.748012  -0.998577 -0.048920 0.021254  0.427747 0.369121 1 1 1.000000
0  -42.750511 -11.836913 1.913178  -0.985759 -0.046178 0.161700  0.427747 0.371075 1 1 1.000000
carbonfibre
0  -43.686455 13.915248 2.271038  -0.994688 -0.046358 0.091911  0.584002 0.368145 1 1 1.000000
0  -44.113136 21.843224 2.477496  -0.997360 -0.029813 0.066217  0.632832 0.367168 1 1 1.000000
0  -44.085606 21.843224 2.312330  -0.988685 -0.038117 0.145084  0.632832 0.365215 1 1 1.000000
carbonfibre
0  -44.085606 21.843224 2.312330  -0.988685 -0.038117 0.145084  0.632832 0.365215 1 1 1.000000
0  -43.672691 13.915248 2.105872  -0.992116 -0.050019 0.114908  0.584002 0.366192 1 1 1.000000
0  -43.686455 13.915248 2.271038  -0.994688 -0.046358 0.091911  0.584002 0.368145 1 1 1.000000
carbonfibre
0  -43.369884 5.340370 2.147164  -0.992813 -0.037175 0.113756  0.532243 0.369121 1 1 1.000000
0  -43.686455 13.915248 2.271038  -0.994688 -0.046358 0.091911  0.584002 0.368145 1 1 1.000000
0  -43.672691 13.915248 2.105872  -0.992116 -0.050019 0.114908  0.584002 0.366192 1 1 1.000000
carbonfibre
0  -43.672691 13.915248 2.105872  -0.992116 -0.050019 0.114908  0.584002 0.366192 1 1 1.000000
0  -43.369884 5.340370 1.981997  -0.996614 -0.040589 0.071508  0.532243 0.368145 1 1 1.000000
0  -43.369884 5.340370 2.147164  -0.992813 -0.037175 0.113756  0.532243 0.369121 1 1 1.000000
carbonfibre
0  -44.085606 21.843224 2.312330  -0.988685 -0.038117 0.145084  0.632832 0.365215 1 1 1.000000
0  -44.113136 21.843224 2.477496  -0.997360 -0.029813 0.066217  0.632832 0.367168 1 1 1.000000
0  -44.126900 26.027435 2.615134  -0.996440 -0.042393 0.072868  0.658223 0.366192 1 1 1.000000
carbonfibre
0  -44.126900 26.027435 2.615134  -0.996440 -0.042393 0.072868  0.658223 0.366192 1 1 1.000000
0  -44.099373 26.041199 2.422441  -0.953027 -0.041532 0.300025  0.658223 0.364238 1 1 1.000000
0  -44.085606 21.843224 2.312330  -0.988685 -0.038117 0.145084  0.632832 0.365215 1 1 1.000000
carbonfibre
0  -42.433945 -17.645258 1.858123  -0.990311 -0.006362 0.138719  0.392590 0.372051 1 1 1.000000
0  -42.750511 -11.836913 1.913178  -0.985759 -0.046178 0.161700  0.427747 0.371075 1 1 1.000000
0  -42.736748 -11.891968 1.748012  -0.998577 -0.048920 0.021254  0.427747 0.369121 1 1 1.000000
carbonfibre
0  -42.736748 -11.891968 1.748012  -0.998577 -0.048920 0.021254  0.427747 0.369121 1 1 1.000000
0  -42.420181 -17.700314 1.692957  -0.999442 -0.001221 0.033381  0.392590 0.370098 1 1 1.000000
0  -42.433945 -17.645258 1.858123  -0.990311 -0.006362 0.138719  0.392590 0.372051 1 1 1.000000
carbonfibre
0  -42.475235 -18.842712 1.871887  -0.992777 0.023998 0.117551  0.385754 0.372051 1 1 1.000000
0  -42.433945 -17.645258 1.858123  -0.990311 -0.006362 0.138719  0.392590 0.372051 1 1 1.000000
0  -42.420181 -17.700314 1.692957  -0.999442 -0.001221 0.033381  0.392590 0.370098 1 1 1.000000
carbonfibre
0  -42.420181 -17.700314 1.692957  -0.999442 -0.001221 0.033381  0.392590 0.370098 1 1 1.000000
0  -42.475235 -18.787657 1.692957  -0.999656 0.022855 0.012853  0.385754 0.370098 1 1 1.000000
0  -42.475235 -18.842712 1.871887  -0.992777 0.023998 0.117551  0.385754 0.372051 1 1 1.000000
carbonfibre
0  -42.516521 -27.087259 1.871887  -0.995234 -0.009639 -0.097037  0.339854 0.373028 1 1 1.000000
0  -42.475235 -18.842712 1.871887  -0.992777 0.023998 0.117551  0.385754 0.372051 1 1 1.000000
0  -42.475235 -18.787657 1.692957  -0.999656 0.022855 0.012853  0.385754 0.370098 1 1 1.000000
carbonfibre
0  -42.475235 -18.787657 1.692957  -0.999656 0.022855 0.012853  0.385754 0.370098 1 1 1.000000
0  -42.461468 -27.624048 1.706720  -0.988402 -0.018487 -0.150729  0.335948 0.371075 1 1 1.000000
0  -42.516521 -27.087259 1.871887  -0.995234 -0.009639 -0.097037  0.339854 0.373028 1 1 1.000000
carbonfibre
0  -42.433941 -31.271467 1.885650  -0.999745 -0.012206 0.018983  0.315439 0.374004 1 1 1.000000
0  -42.516521 -27.087259 1.871887  -0.995234 -0.009639 -0.097037  0.339854 0.373028 1 1 1.000000
0  -42.461468 -27.624048 1.706720  -0.988402 -0.018487 -0.150729  0.335948 0.371075 1 1 1.000000
carbonfibre
0  -42.461468 -27.624048 1.706720  -0.988402 -0.018487 -0.150729  0.335948 0.371075 1 1 1.000000
0  -42.406414 -31.298994 1.720484  -0.993685 -0.010536 -0.111708  0.315439 0.372051 1 1 1.000000
0  -42.433941 -31.271467 1.885650  -0.999745 -0.012206 0.018983  0.315439 0.374004 1 1 1.000000
carbonfibre
0  -42.420177 -35.028999 1.899414  -0.999134 -0.008947 -0.040644  0.292001 0.374004 1 1 1.000000
0  -42.433941 -31.271467 1.885650  -0.999745 -0.012206 0.018983  0.315439 0.374004 1 1 1.000000
0  -42.406414 -31.298994 1.720484  -0.993685 -0.010536 -0.111708  0.315439 0.372051 1 1 1.000000
carbonfibre
0  -42.406414 -31.298994 1.720484  -0.993685 -0.010536 -0.111708  0.315439 0.372051 1 1 1.000000
0  -42.392651 -35.042763 1.748012  -0.989489 -0.011838 -0.144121  0.292001 0.373028 1 1 1.000000
0  -42.420177 -35.028999 1.899414  -0.999134 -0.008947 -0.040644  0.292001 0.374004 1 1 1.000000
carbonfibre
0  -45.709736 -42.681698 2.050817  -0.995916 0.081183 -0.039495  0.241218 0.358379 1 1 1.000000
0  -45.558338 -40.864872 1.899415  -0.996395 0.084811 -0.001847  0.251961 0.356426 1 1 1.000000
0  -45.530811 -40.933689 1.734248  -0.975833 0.066278 -0.208225  0.251961 0.355449 1 1 1.000000
carbonfibre
0  -45.530811 -40.933689 1.734248  -0.975833 0.066278 -0.208225  0.251961 0.355449 1 1 1.000000
0  -45.682209 -42.736752 1.885651  -0.976641 0.062146 -0.205696  0.241218 0.356426 1 1 1.000000
0  -45.709736 -42.681698 2.050817  -0.995916 0.081183 -0.039495  0.241218 0.358379 1 1 1.000000
carbonfibre
0  -45.737270 46.026302 5.588126  -0.992039 -0.092909 -0.085010  0.779321 0.391583 1 1 1.000000
0  -45.778564 46.122654 5.422959  -0.986094 -0.062722 -0.153898  0.779321 0.389630 1 1 1.000000
0  -44.938969 37.478954 5.023808  -0.995171 -0.088751 0.041934  0.727561 0.386700 1 1 1.000000
carbonfibre
0  -44.938969 37.478954 5.023808  -0.995171 -0.088751 0.041934  0.727561 0.386700 1 1 1.000000
0  -44.897678 37.478954 5.188974  -0.988383 -0.082225 -0.127820  0.727561 0.388653 1 1 1.000000
0  -45.737270 46.026302 5.588126  -0.992039 -0.092909 -0.085010  0.779321 0.391583 1 1 1.000000
carbonfibre
0  -45.406940 46.150181 5.533070  -0.236180 0.815912 0.527737  0.595721 0.436506 1 1 1.000000
0  -45.393177 46.260288 5.381668  -0.364209 0.886340 0.285923  0.595721 0.434553 1 1 1.000000
0  -45.778564 46.122654 5.422959  -0.290063 0.905727 0.309065  0.592792 0.435530 1 1 1.000000
carbonfibre
0  -45.778564 46.122654 5.422959  -0.290063 0.905727 0.309065  0.592792 0.435530 1 1 1.000000
0  -45.737270 46.026302 5.588126  -0.224552 0.848572 0.479064  0.592792 0.436506 1 1 1.000000
0  -45.406940 46.150181 5.533070  -0.236180 0.815912 0.527737  0.595721 0.436506 1 1 1.000000
carbonfibre
0  -44.237007 28.298468 4.968752  -0.979301 0.068176 -0.190584  0.671896 0.388653 1 1 1.000000
0  -44.292061 28.394815 4.803586  -0.975832 -0.160375 0.148434  0.671896 0.386700 1 1 1.000000
0  -44.181953 27.445110 3.248271  -0.988327 -0.138539 0.063373  0.666036 0.372051 1 1 1.000000
carbonfibre
0  -44.181953 27.445110 3.248271  -0.988327 -0.138539 0.063373  0.666036 0.372051 1 1 1.000000
0  -44.099373 27.197361 3.289563  -0.996864 -0.056186 0.055727  0.665059 0.373028 1 1 1.000000
0  -44.237007 28.298468 4.968752  -0.979301 0.068176 -0.190584  0.671896 0.388653 1 1 1.000000
carbonfibre
0  -44.374653 31.051237 4.996280  -0.995532 -0.065945 -0.067580  0.688498 0.387677 1 1 1.000000
0  -44.443470 31.051237 4.817350  -0.984518 -0.068611 0.161301  0.688498 0.386700 1 1 1.000000
0  -44.292061 28.394815 4.803586  -0.975832 -0.160375 0.148434  0.671896 0.386700 1 1 1.000000
carbonfibre
0  -44.292061 28.394815 4.803586  -0.975832 -0.160375 0.148434  0.671896 0.386700 1 1 1.000000
0  -44.237007 28.298468 4.968752  -0.979301 0.068176 -0.190584  0.671896 0.388653 1 1 1.000000
0  -44.374653 31.051237 4.996280  -0.995532 -0.065945 -0.067580  0.688498 0.387677 1 1 1.000000
carbonfibre
0  -44.897678 37.478954 5.188974  -0.988383 -0.082225 -0.127820  0.727561 0.388653 1 1 1.000000
0  -44.938969 37.478954 5.023808  -0.995171 -0.088751 0.041934  0.727561 0.386700 1 1 1.000000
0  -44.443470 31.051237 4.817350  -0.984518 -0.068611 0.161301  0.688498 0.386700 1 1 1.000000
carbonfibre
0  -44.443470 31.051237 4.817350  -0.984518 -0.068611 0.161301  0.688498 0.386700 1 1 1.000000
0  -44.374653 31.051237 4.996280  -0.995532 -0.065945 -0.067580  0.688498 0.387677 1 1 1.000000
0  -44.897678 37.478954 5.188974  -0.988383 -0.082225 -0.127820  0.727561 0.388653 1 1 1.000000
carbonfibre
0  -44.099373 27.197361 3.289563  -0.996864 -0.056186 0.055727  0.665059 0.373028 1 1 1.000000
0  -44.181953 27.445110 3.248271  -0.988327 -0.138539 0.063373  0.666036 0.372051 1 1 1.000000
0  -44.126900 26.027435 2.615134  -0.996440 -0.042393 0.072868  0.658223 0.366192 1 1 1.000000
carbonfibre
0  -44.126900 26.027435 2.615134  -0.996440 -0.042393 0.072868  0.658223 0.366192 1 1 1.000000
0  -44.071842 26.027435 2.794065  -0.999780 -0.016815 -0.012537  0.658223 0.368145 1 1 1.000000
0  -44.099373 27.197361 3.289563  -0.996864 -0.056186 0.055727  0.665059 0.373028 1 1 1.000000
carbonfibre
0  -43.314831 5.354134 2.326094  -0.993241 -0.034480 -0.110830  0.532243 0.371075 1 1 1.000000
0  -43.369884 5.340370 2.147164  -0.992813 -0.037175 0.113756  0.532243 0.369121 1 1 1.000000
0  -42.750511 -11.836913 1.913178  -0.985759 -0.046178 0.161700  0.427747 0.371075 1 1 1.000000
carbonfibre
0  -42.750511 -11.836913 1.913178  -0.985759 -0.046178 0.161700  0.427747 0.371075 1 1 1.000000
0  -42.681694 -11.795621 2.092108  -0.994357 -0.043859 -0.096598  0.428724 0.372051 1 1 1.000000
0  -43.314831 5.354134 2.326094  -0.993241 -0.034480 -0.110830  0.532243 0.371075 1 1 1.000000
carbonfibre
0  -44.058079 21.843224 2.656426  -0.992094 -0.021855 -0.123579  0.632832 0.368145 1 1 1.000000
0  -44.113136 21.843224 2.477496  -0.997360 -0.029813 0.066217  0.632832 0.367168 1 1 1.000000
0  -43.686455 13.915248 2.271038  -0.994688 -0.046358 0.091911  0.584002 0.368145 1 1 1.000000
carbonfibre
0  -43.686455 13.915248 2.271038  -0.994688 -0.046358 0.091911  0.584002 0.368145 1 1 1.000000
0  -43.631397 13.929011 2.449968  -0.992420 -0.042860 -0.115178  0.584002 0.370098 1 1 1.000000
0  -44.058079 21.843224 2.656426  -0.992094 -0.021855 -0.123579  0.632832 0.368145 1 1 1.000000
carbonfibre
0  -43.631397 13.929011 2.449968  -0.992420 -0.042860 -0.115178  0.584002 0.370098 1 1 1.000000
0  -43.686455 13.915248 2.271038  -0.994688 -0.046358 0.091911  0.584002 0.368145 1 1 1.000000
0  -43.369884 5.340370 2.147164  -0.992813 -0.037175 0.113756  0.532243 0.369121 1 1 1.000000
carbonfibre
0  -43.369884 5.340370 2.147164  -0.992813 -0.037175 0.113756  0.532243 0.369121 1 1 1.000000
0  -43.314831 5.354134 2.326094  -0.993241 -0.034480 -0.110830  0.532243 0.371075 1 1 1.000000
0  -43.631397 13.929011 2.449968  -0.992420 -0.042860 -0.115178  0.584002 0.370098 1 1 1.000000
carbonfibre
0  -44.071842 26.027435 2.794065  -0.999780 -0.016815 -0.012537  0.658223 0.368145 1 1 1.000000
0  -44.126900 26.027435 2.615134  -0.996440 -0.042393 0.072868  0.658223 0.366192 1 1 1.000000
0  -44.113136 21.843224 2.477496  -0.997360 -0.029813 0.066217  0.632832 0.367168 1 1 1.000000
carbonfibre
0  -44.113136 21.843224 2.477496  -0.997360 -0.029813 0.066217  0.632832 0.367168 1 1 1.000000
0  -44.058079 21.843224 2.656426  -0.992094 -0.021855 -0.123579  0.632832 0.368145 1 1 1.000000
0  -44.071842 26.027435 2.794065  -0.999780 -0.016815 -0.012537  0.658223 0.368145 1 1 1.000000
carbonfibre
0  -42.681694 -11.795621 2.092108  -0.994357 -0.043859 -0.096598  0.428724 0.372051 1 1 1.000000
0  -42.750511 -11.836913 1.913178  -0.985759 -0.046178 0.161700  0.427747 0.371075 1 1 1.000000
0  -42.433945 -17.645258 1.858123  -0.990311 -0.006362 0.138719  0.392590 0.372051 1 1 1.000000
carbonfibre
0  -42.433945 -17.645258 1.858123  -0.990311 -0.006362 0.138719  0.392590 0.372051 1 1 1.000000
0  -42.365128 -17.590202 2.037053  -0.993805 -0.008029 -0.110846  0.393567 0.373028 1 1 1.000000
0  -42.681694 -11.795621 2.092108  -0.994357 -0.043859 -0.096598  0.428724 0.372051 1 1 1.000000
carbonfibre
0  -42.365128 -17.590202 2.037053  -0.993805 -0.008029 -0.110846  0.393567 0.373028 1 1 1.000000
0  -42.433945 -17.645258 1.858123  -0.990311 -0.006362 0.138719  0.392590 0.372051 1 1 1.000000
0  -42.475235 -18.842712 1.871887  -0.992777 0.023998 0.117551  0.385754 0.372051 1 1 1.000000
carbonfibre
0  -42.475235 -18.842712 1.871887  -0.992777 0.023998 0.117551  0.385754 0.372051 1 1 1.000000
0  -42.433945 -18.884005 2.037053  -0.996761 0.020854 -0.077673  0.385754 0.373028 1 1 1.000000
0  -42.365128 -17.590202 2.037053  -0.993805 -0.008029 -0.110846  0.393567 0.373028 1 1 1.000000
carbonfibre
0  -42.433945 -18.884005 2.037053  -0.996761 0.020854 -0.077673  0.385754 0.373028 1 1 1.000000
0  -42.475235 -18.842712 1.871887  -0.992777 0.023998 0.117551  0.385754 0.372051 1 1 1.000000
0  -42.516521 -27.087259 1.871887  -0.995234 -0.009639 -0.097037  0.339854 0.373028 1 1 1.000000
carbonfibre
0  -42.516521 -27.087259 1.871887  -0.995234 -0.009639 -0.097037  0.339854 0.373028 1 1 1.000000
0  -42.502758 -26.536703 2.050817  -0.980509 0.000811 -0.196475  0.342784 0.374004 1 1 1.000000
0  -42.433945 -18.884005 2.037053  -0.996761 0.020854 -0.077673  0.385754 0.373028 1 1 1.000000
carbonfibre
0  -42.502758 -26.536703 2.050817  -0.980509 0.000811 -0.196475  0.342784 0.374004 1 1 1.000000
0  -42.516521 -27.087259 1.871887  -0.995234 -0.009639 -0.097037  0.339854 0.373028 1 1 1.000000
0  -42.433941 -31.271467 1.885650  -0.999745 -0.012206 0.018983  0.315439 0.374004 1 1 1.000000
carbonfibre
0  -42.433941 -31.271467 1.885650  -0.999745 -0.012206 0.018983  0.315439 0.374004 1 1 1.000000
0  -42.406414 -31.271467 2.064580  -0.989763 -0.011565 -0.142250  0.315439 0.375957 1 1 1.000000
0  -42.502758 -26.536703 2.050817  -0.980509 0.000811 -0.196475  0.342784 0.374004 1 1 1.000000
carbonfibre
0  -42.406414 -31.271467 2.064580  -0.989763 -0.011565 -0.142250  0.315439 0.375957 1 1 1.000000
0  -42.433941 -31.271467 1.885650  -0.999745 -0.012206 0.018983  0.315439 0.374004 1 1 1.000000
0  -42.420177 -35.028999 1.899414  -0.999134 -0.008947 -0.040644  0.292001 0.374004 1 1 1.000000
carbonfibre
0  -42.420177 -35.028999 1.899414  -0.999134 -0.008947 -0.040644  0.292001 0.374004 1 1 1.000000
0  -42.392651 -35.001472 2.050817  -0.979185 -0.005179 -0.202905  0.292978 0.374981 1 1 1.000000
0  -42.406414 -31.271467 2.064580  -0.989763 -0.011565 -0.142250  0.315439 0.375957 1 1 1.000000
carbonfibre
0  -45.517040 -40.823582 2.078345  -0.983282 0.096646 0.154325  0.251961 0.358379 1 1 1.000000
0  -45.558338 -40.864872 1.899415  -0.996395 0.084811 -0.001847  0.251961 0.356426 1 1 1.000000
0  -45.709736 -42.681698 2.050817  -0.995916 0.081183 -0.039495  0.241218 0.358379 1 1 1.000000
carbonfibre
0  -45.709736 -42.681698 2.050817  -0.995916 0.081183 -0.039495  0.241218 0.358379 1 1 1.000000
0  -45.668446 -42.626644 2.215983  -0.978550 0.095763 0.182398  0.241218 0.359355 1 1 1.000000
0  -45.517040 -40.823582 2.078345  -0.983282 0.096646 0.154325  0.251961 0.358379 1 1 1.000000
carbonfibre
0  -45.090363 -41.855865 -0.633134  -0.917492 0.043885 -0.395325  0.246101 0.332987 1 1 1.000000
0  -45.159180 -43.548820 -0.674425  -0.890496 0.047596 -0.452494  0.236335 0.332011 1 1 1.000000
0  -45.186707 -43.466240 -0.467967  -0.981782 0.046174 -0.184314  0.236335 0.334941 1 1 1.000000
carbonfibre
0  -45.186707 -43.466240 -0.467967  -0.981782 0.046174 -0.184314  0.236335 0.334941 1 1 1.000000
0  -45.090363 -41.126385 -0.399148  -0.897497 0.192507 0.396788  0.250984 0.334941 1 1 1.000000
0  -45.090363 -41.855865 -0.633134  -0.917492 0.043885 -0.395325  0.246101 0.332987 1 1 1.000000
carbonfibre
0  -45.186707 -43.466240 -0.467967  -0.981782 0.046174 -0.184314  0.236335 0.334941 1 1 1.000000
0  -45.145416 -41.442951 -0.192690  -0.978824 0.046909 -0.199258  0.249031 0.336894 1 1 1.000000
0  -45.090363 -41.126385 -0.399148  -0.897497 0.192507 0.396788  0.250984 0.334941 1 1 1.000000
carbonfibre
0  -45.214241 -41.456715 0.096350  -0.974422 0.054083 -0.218121  0.249031 0.339824 1 1 1.000000
0  -45.145416 -41.442951 -0.192690  -0.978824 0.046909 -0.199258  0.249031 0.336894 1 1 1.000000
0  -45.186707 -43.466240 -0.467967  -0.981782 0.046174 -0.184314  0.236335 0.334941 1 1 1.000000
carbonfibre
0  -44.911434 -37.423908 -0.357857  -0.785255 0.020283 0.618841  0.273446 0.335917 1 1 1.000000
0  -42.062317 -41.346607 -0.082580  -0.689378 -0.008586 0.724351  0.253914 0.355449 1 1 1.000000
0  -42.227486 -37.258739 -0.055052  -0.752118 -0.021183 0.658688  0.279305 0.355449 1 1 1.000000
carbonfibre
0  -45.090363 -41.126385 -0.399148  -0.897497 0.192507 0.396788  0.250984 0.334941 1 1 1.000000
0  -45.145416 -41.442951 -0.192690  -0.151635 0.862400 0.482983  0.249031 0.336894 1 1 1.000000
0  -44.677452 -41.429188 -0.055052  -0.171159 0.839341 0.515957  0.250984 0.337870 1 1 1.000000
carbonfibre
0  -44.677452 -41.429188 -0.055052  -0.171159 0.839341 0.515957  0.250984 0.337870 1 1 1.000000
0  -44.608627 -41.140148 -0.220218  -0.218820 0.186464 0.957783  0.250008 0.336894 1 1 1.000000
0  -45.090363 -41.126385 -0.399148  -0.897497 0.192507 0.396788  0.250984 0.334941 1 1 1.000000
carbonfibre
0  -45.145416 -41.442951 -0.192690  -0.151635 0.862400 0.482983  0.249031 0.336894 1 1 1.000000
0  -45.214241 -41.456715 0.096350  0.002829 0.991148 -0.132731  0.249031 0.339824 1 1 1.000000
0  -44.773796 -41.442951 0.165170  -0.000620 0.993186 -0.116541  0.250984 0.340800 1 1 1.000000
carbonfibre
0  -44.773796 -41.442951 0.165170  -0.000620 0.993186 -0.116541  0.250984 0.340800 1 1 1.000000
0  -44.677452 -41.429188 -0.055052  -0.171159 0.839341 0.515957  0.250984 0.337870 1 1 1.000000
0  -45.145416 -41.442951 -0.192690  -0.151635 0.862400 0.482983  0.249031 0.336894 1 1 1.000000
carbonfibre
0  -45.214241 -41.456715 0.096350  0.002829 0.991148 -0.132731  0.249031 0.339824 1 1 1.000000
0  -45.530811 -40.933689 1.734248  0.046193 0.941397 -0.334123  0.251961 0.355449 1 1 1.000000
0  -45.090363 -40.947453 1.775540  0.047497 0.940925 -0.335268  0.253914 0.355449 1 1 1.000000
carbonfibre
0  -45.090363 -40.947453 1.775540  0.047497 0.940925 -0.335268  0.253914 0.355449 1 1 1.000000
0  -44.773796 -41.442951 0.165170  -0.000620 0.993186 -0.116541  0.250984 0.340800 1 1 1.000000
0  -45.214241 -41.456715 0.096350  0.002829 0.991148 -0.132731  0.249031 0.339824 1 1 1.000000
carbonfibre
0  -45.530811 -40.933689 1.734248  0.046193 0.941397 -0.334123  0.251961 0.355449 1 1 1.000000
0  -45.558338 -40.864872 1.899415  0.045760 0.948635 -0.313045  0.251961 0.356426 1 1 1.000000
0  -45.117889 -40.892399 1.899415  0.048518 0.944684 -0.324372  0.253914 0.356426 1 1 1.000000
carbonfibre
0  -45.117889 -40.892399 1.899415  0.048518 0.944684 -0.324372  0.253914 0.356426 1 1 1.000000
0  -45.090363 -40.947453 1.775540  0.047497 0.940925 -0.335268  0.253914 0.355449 1 1 1.000000
0  -45.530811 -40.933689 1.734248  0.046193 0.941397 -0.334123  0.251961 0.355449 1 1 1.000000
carbonfibre
0  -45.558338 -40.864872 1.899415  0.045760 0.948635 -0.313045  0.251961 0.356426 1 1 1.000000
0  -45.517040 -40.823582 2.078345  0.052282 0.959965 -0.275198  0.251961 0.358379 1 1 1.000000
0  -45.131653 -40.851109 2.050817  0.045822 0.965010 -0.258180  0.253914 0.358379 1 1 1.000000
carbonfibre
0  -45.131653 -40.851109 2.050817  0.045822 0.965010 -0.258180  0.253914 0.358379 1 1 1.000000
0  -45.117889 -40.892399 1.899415  0.048518 0.944684 -0.324372  0.253914 0.356426 1 1 1.000000
0  -45.558338 -40.864872 1.899415  0.045760 0.948635 -0.313045  0.251961 0.356426 1 1 1.000000
carbonfibre
0  -42.365124 -40.658409 1.899414  -0.997314 -0.006440 -0.072967  0.257820 0.374004 1 1 1.000000
0  -42.392651 -36.914646 1.899414  -0.998435 -0.010618 -0.054898  0.281259 0.374004 1 1 1.000000
0  -42.365124 -36.942173 1.761776  -0.986633 -0.012150 -0.162502  0.280282 0.373028 1 1 1.000000
carbonfibre
0  -42.365124 -36.942173 1.761776  -0.986633 -0.012150 -0.162502  0.280282 0.373028 1 1 1.000000
0  -42.337597 -40.699703 1.775540  -0.985596 -0.017705 -0.168189  0.257820 0.373028 1 1 1.000000
0  -42.365124 -40.658409 1.899414  -0.997314 -0.006440 -0.072967  0.257820 0.374004 1 1 1.000000
carbonfibre
0  -42.351360 -40.617119 2.037053  -0.987400 -0.006786 -0.158096  0.258797 0.374981 1 1 1.000000
0  -42.378887 -36.928410 2.037053  -0.976938 -0.008513 -0.213354  0.281259 0.374981 1 1 1.000000
0  -42.392651 -36.914646 1.899414  -0.998435 -0.010618 -0.054898  0.281259 0.374004 1 1 1.000000
carbonfibre
0  -42.392651 -36.914646 1.899414  -0.998435 -0.010618 -0.054898  0.281259 0.374004 1 1 1.000000
0  -42.365124 -40.658409 1.899414  -0.997314 -0.006440 -0.072967  0.257820 0.374004 1 1 1.000000
0  -42.351360 -40.617119 2.037053  -0.987400 -0.006786 -0.158096  0.258797 0.374981 1 1 1.000000
carbonfibre
0  -44.608627 -41.140148 -0.220218  -0.218820 0.186464 0.957783  0.250008 0.336894 1 1 1.000000
0  -42.062317 -41.346607 -0.082580  -0.689378 -0.008586 0.724351  0.253914 0.355449 1 1 1.000000
0  -44.911434 -37.423908 -0.357857  -0.785255 0.020283 0.618841  0.273446 0.335917 1 1 1.000000
carbonfibre
0  -44.911434 -37.423908 -0.357857  -0.785255 0.020283 0.618841  0.273446 0.335917 1 1 1.000000
0  -45.090363 -41.126385 -0.399148  -0.897497 0.192507 0.396788  0.250984 0.334941 1 1 1.000000
0  -44.608627 -41.140148 -0.220218  -0.218820 0.186464 0.957783  0.250008 0.336894 1 1 1.000000
carbonfibre
0  -42.268776 -35.318039 0.192697  -0.998889 -0.017611 -0.043714  0.291025 0.358379 1 1 1.000000
0  -42.227486 -37.203686 0.220225  -0.998211 -0.024689 -0.054450  0.279305 0.358379 1 1 1.000000
0  -42.365124 -36.942173 1.761776  -0.986633 -0.012150 -0.162502  0.280282 0.373028 1 1 1.000000
carbonfibre
0  -42.365124 -36.942173 1.761776  -0.986633 -0.012150 -0.162502  0.280282 0.373028 1 1 1.000000
0  -42.392651 -35.042763 1.748012  -0.989489 -0.011838 -0.144121  0.292001 0.373028 1 1 1.000000
0  -42.268776 -35.318039 0.192697  -0.998889 -0.017611 -0.043714  0.291025 0.358379 1 1 1.000000
carbonfibre
0  -42.392651 -35.042763 1.748012  -0.989489 -0.011838 -0.144121  0.292001 0.373028 1 1 1.000000
0  -42.365124 -36.942173 1.761776  -0.986633 -0.012150 -0.162502  0.280282 0.373028 1 1 1.000000
0  -42.392651 -36.914646 1.899414  -0.998435 -0.010618 -0.054898  0.281259 0.374004 1 1 1.000000
carbonfibre
0  -42.392651 -36.914646 1.899414  -0.998435 -0.010618 -0.054898  0.281259 0.374004 1 1 1.000000
0  -42.420177 -35.028999 1.899414  -0.999134 -0.008947 -0.040644  0.292001 0.374004 1 1 1.000000
0  -42.392651 -35.042763 1.748012  -0.989489 -0.011838 -0.144121  0.292001 0.373028 1 1 1.000000
carbonfibre
0  -42.420177 -35.028999 1.899414  -0.999134 -0.008947 -0.040644  0.292001 0.374004 1 1 1.000000
0  -42.392651 -36.914646 1.899414  -0.998435 -0.010618 -0.054898  0.281259 0.374004 1 1 1.000000
0  -42.378887 -36.928410 2.037053  -0.976938 -0.008513 -0.213354  0.281259 0.374981 1 1 1.000000
carbonfibre
0  -42.378887 -36.928410 2.037053  -0.976938 -0.008513 -0.213354  0.281259 0.374981 1 1 1.000000
0  -42.392651 -35.001472 2.050817  -0.979185 -0.005179 -0.202905  0.292978 0.374981 1 1 1.000000
0  -42.420177 -35.028999 1.899414  -0.999134 -0.008947 -0.040644  0.292001 0.374004 1 1 1.000000
carbonfibre
0  -44.911434 -37.423908 -0.357857  -0.785255 0.020283 0.618841  0.273446 0.335917 1 1 1.000000
0  -42.227486 -37.258739 -0.055052  -0.752118 -0.021183 0.658688  0.279305 0.355449 1 1 1.000000
0  -42.268776 -35.386856 -0.082580  -0.744403 -0.010984 0.667641  0.290048 0.355449 1 1 1.000000
carbonfibre
0  -45.324356 5.326606 -1.004758  0.062896 -0.000459 -0.998020  0.494156 0.264626 1 1 1.000000
0  -45.544579 13.832664 -1.004758  0.054615 0.001648 -0.998506  0.440443 0.264626 1 1 1.000000
0  -39.832577 22.104736 -0.674426  0.053372 0.001044 -0.998574  0.388684 0.288064 1 1 1.000000
carbonfibre
0  -45.324356 5.326606 -1.004758  0.062896 -0.000459 -0.998020  0.494156 0.264626 1 1 1.000000
0  -39.832577 22.104736 -0.674426  0.053372 0.001044 -0.998574  0.388684 0.288064 1 1 1.000000
0  -38.277264 -20.053930 -0.536787  0.072077 0.000705 -0.997399  0.650410 0.299783 1 1 1.000000
carbonfibre
0  -45.324356 5.326606 -1.004758  0.062896 -0.000459 -0.998020  0.494156 0.264626 1 1 1.000000
0  -38.277264 -20.053930 -0.536787  0.072077 0.000705 -0.997399  0.650410 0.299783 1 1 1.000000
0  -44.870148 -12.373704 -1.004758  0.072752 0.001682 -0.997349  0.605487 0.264626 1 1 1.000000
carbonfibre
0  -44.415943 31.051237 2.890411  -0.973754 -0.090741 0.208733  0.688498 0.368145 1 1 1.000000
0  -44.883915 37.506485 3.798826  -0.996261 -0.085693 0.011025  0.727561 0.374981 1 1 1.000000
0  -44.966496 37.506485 3.606132  -0.962973 -0.113437 0.244572  0.727561 0.373028 1 1 1.000000
carbonfibre
0  -44.966496 37.506485 3.606132  -0.962973 -0.113437 0.244572  0.727561 0.373028 1 1 1.000000
0  -44.539818 31.051237 2.725245  -0.868822 -0.104988 0.483866  0.688498 0.366192 1 1 1.000000
0  -44.415943 31.051237 2.890411  -0.973754 -0.090741 0.208733  0.688498 0.368145 1 1 1.000000
carbonfibre
0  -44.966496 37.506485 3.606132  -0.962973 -0.113437 0.244572  0.727561 0.373028 1 1 1.000000
0  -44.883915 37.506485 3.798826  -0.996261 -0.085693 0.011025  0.727561 0.374981 1 1 1.000000
0  -45.682217 46.150181 5.202738  -0.990212 -0.070281 -0.120583  0.780297 0.387677 1 1 1.000000
carbonfibre
0  -45.682217 46.150181 5.202738  -0.990212 -0.070281 -0.120583  0.780297 0.387677 1 1 1.000000
0  -45.723507 46.218998 4.982516  -0.995738 -0.085489 0.034604  0.780297 0.385723 1 1 1.000000
0  -44.966496 37.506485 3.606132  -0.962973 -0.113437 0.244572  0.727561 0.373028 1 1 1.000000
carbonfibre
0  -45.682217 46.150181 5.202738  -0.990212 -0.070281 -0.120583  0.780297 0.387677 1 1 1.000000
0  -45.668453 45.214241 5.230266  -0.963822 -0.056573 -0.260475  0.774438 0.388653 1 1 1.000000
0  -45.778564 46.122654 5.422959  -0.986094 -0.062722 -0.153898  0.779321 0.389630 1 1 1.000000
carbonfibre
0  -44.140663 26.481642 2.628898  -0.997762 -0.040343 -0.053321  0.660176 0.366192 1 1 1.000000
0  -44.099373 26.041199 2.422441  -0.953027 -0.041532 0.300025  0.658223 0.364238 1 1 1.000000
0  -44.126900 26.027435 2.615134  -0.996440 -0.042393 0.072868  0.658223 0.366192 1 1 1.000000
carbonfibre
0  -44.140663 26.481642 2.628898  -0.997762 -0.040343 -0.053321  0.660176 0.366192 1 1 1.000000
0  -44.457233 31.051237 3.096869  -0.993668 -0.057934 -0.096267  0.688498 0.370098 1 1 1.000000
0  -44.415943 31.051237 2.890411  -0.973754 -0.090741 0.208733  0.688498 0.368145 1 1 1.000000
carbonfibre
0  -44.415943 31.051237 2.890411  -0.973754 -0.090741 0.208733  0.688498 0.368145 1 1 1.000000
0  -44.099373 26.041199 2.422441  -0.953027 -0.041532 0.300025  0.658223 0.364238 1 1 1.000000
0  -44.140663 26.481642 2.628898  -0.997762 -0.040343 -0.053321  0.660176 0.366192 1 1 1.000000
carbonfibre
0  -44.457233 31.051237 3.096869  -0.993668 -0.057934 -0.096267  0.688498 0.370098 1 1 1.000000
0  -44.966496 37.506485 3.991519  -0.985751 -0.060336 -0.157020  0.727561 0.376934 1 1 1.000000
0  -44.883915 37.506485 3.798826  -0.996261 -0.085693 0.011025  0.727561 0.374981 1 1 1.000000
carbonfibre
0  -44.883915 37.506485 3.798826  -0.996261 -0.085693 0.011025  0.727561 0.374981 1 1 1.000000
0  -44.415943 31.051237 2.890411  -0.973754 -0.090741 0.208733  0.688498 0.368145 1 1 1.000000
0  -44.457233 31.051237 3.096869  -0.993668 -0.057934 -0.096267  0.688498 0.370098 1 1 1.000000
carbonfibre
0  -44.966496 37.506485 3.991519  -0.985751 -0.060336 -0.157020  0.727561 0.376934 1 1 1.000000
0  -45.668453 45.214241 5.230266  -0.963822 -0.056573 -0.260475  0.774438 0.388653 1 1 1.000000
0  -45.682217 46.150181 5.202738  -0.990212 -0.070281 -0.120583  0.780297 0.387677 1 1 1.000000
carbonfibre
0  -45.682217 46.150181 5.202738  -0.990212 -0.070281 -0.120583  0.780297 0.387677 1 1 1.000000
0  -44.883915 37.506485 3.798826  -0.996261 -0.085693 0.011025  0.727561 0.374981 1 1 1.000000
0  -44.966496 37.506485 3.991519  -0.985751 -0.060336 -0.157020  0.727561 0.376934 1 1 1.000000
carbonfibre
0  -42.227486 -37.203686 0.220225  -0.998211 -0.024689 -0.054450  0.279305 0.358379 1 1 1.000000
0  -42.227486 -37.258739 -0.055052  -0.752118 -0.021183 0.658688  0.279305 0.355449 1 1 1.000000
0  -42.062317 -41.346607 -0.082580  -0.689378 -0.008586 0.724351  0.253914 0.355449 1 1 1.000000
carbonfibre
0  -42.062317 -41.346607 -0.082580  -0.689378 -0.008586 0.724351  0.253914 0.355449 1 1 1.000000
0  -42.103607 -41.208965 0.233989  -0.992829 -0.031100 -0.115427  0.254891 0.358379 1 1 1.000000
0  -42.227486 -37.203686 0.220225  -0.998211 -0.024689 -0.054450  0.279305 0.358379 1 1 1.000000
carbonfibre
0  -42.654167 -18.278395 -0.096344  -0.678075 -0.029447 0.734403  0.388684 0.353496 1 1 1.000000
0  -42.323830 -31.326525 -0.123871  -0.735549 -0.012087 0.677364  0.314463 0.354472 1 1 1.000000
0  -42.323830 -31.312757 0.137642  -0.999436 -0.015930 -0.029563  0.314463 0.357402 1 1 1.000000
carbonfibre
0  -42.323830 -31.312757 0.137642  -0.999436 -0.015930 -0.029563  0.314463 0.357402 1 1 1.000000
0  -42.612877 -18.347214 0.178933  -0.991284 -0.019258 0.130328  0.388684 0.355449 1 1 1.000000
0  -42.654167 -18.278395 -0.096344  -0.678075 -0.029447 0.734403  0.388684 0.353496 1 1 1.000000
carbonfibre
0  -44.044315 5.340370 0.110114  -0.495501 -0.036748 0.867830  0.532243 0.350566 1 1 1.000000
0  -42.956970 -12.387466 -0.027524  -0.549484 -0.031402 0.834914  0.424818 0.352519 1 1 1.000000
0  -42.805569 -12.318647 0.233989  -0.959144 -0.050265 0.278416  0.425794 0.355449 1 1 1.000000
carbonfibre
0  -42.805569 -12.318647 0.233989  -0.959144 -0.050265 0.278416  0.425794 0.355449 1 1 1.000000
0  -43.672691 5.340370 0.564321  -0.897821 -0.052281 0.437247  0.532243 0.354472 1 1 1.000000
0  -44.044315 5.340370 0.110114  -0.495501 -0.036748 0.867830  0.532243 0.350566 1 1 1.000000
carbonfibre
0  -45.145420 21.843224 0.357863  -0.649273 -0.052086 0.758770  0.632832 0.346660 1 1 1.000000
0  -44.649929 13.818900 0.192697  -0.493219 -0.037752 0.869086  0.584002 0.348613 1 1 1.000000
0  -44.126900 13.832664 0.715723  -0.847971 -0.056765 0.526993  0.584002 0.353496 1 1 1.000000
carbonfibre
0  -44.126900 13.832664 0.715723  -0.847971 -0.056765 0.526993  0.584002 0.353496 1 1 1.000000
0  -44.649929 21.843224 1.004764  -0.861858 -0.060108 0.503575  0.632832 0.352519 1 1 1.000000
0  -45.145420 21.843224 0.357863  -0.649273 -0.052086 0.758770  0.632832 0.346660 1 1 1.000000
carbonfibre
0  -45.131660 31.037474 1.348861  -0.866667 -0.078473 0.492676  0.688498 0.353496 1 1 1.000000
0  -45.475758 37.492722 1.624138  -0.914620 -0.065596 0.398957  0.727561 0.355449 1 1 1.000000
0  -46.026310 37.492722 0.688196  -0.851476 -0.052426 0.521766  0.727561 0.345683 1 1 1.000000
carbonfibre
0  -46.026310 37.492722 0.688196  -0.851476 -0.052426 0.521766  0.727561 0.345683 1 1 1.000000
0  -45.695980 31.037474 0.564321  -0.777783 -0.054822 0.626138  0.688498 0.346660 1 1 1.000000
0  -45.131660 31.037474 1.348861  -0.866667 -0.078473 0.492676  0.688498 0.353496 1 1 1.000000
carbonfibre
0  -45.475758 37.492722 1.624138  -0.914620 -0.065596 0.398957  0.727561 0.355449 1 1 1.000000
0  -45.943729 47.113651 2.105872  -0.944207 -0.063038 0.323264  0.785180 0.359355 1 1 1.000000
0  -46.508049 47.567856 0.935945  -0.915782 -0.057975 0.397468  0.788110 0.347636 1 1 1.000000
carbonfibre
0  -46.508049 47.567856 0.935945  -0.915782 -0.057975 0.397468  0.788110 0.347636 1 1 1.000000
0  -46.026310 37.492722 0.688196  -0.851476 -0.052426 0.521766  0.727561 0.345683 1 1 1.000000
0  -45.475758 37.492722 1.624138  -0.914620 -0.065596 0.398957  0.727561 0.355449 1 1 1.000000
carbonfibre
0  -43.672691 5.340370 0.564321  -0.897821 -0.052281 0.437247  0.532243 0.354472 1 1 1.000000
0  -44.126900 13.832664 0.715723  -0.847971 -0.056765 0.526993  0.584002 0.353496 1 1 1.000000
0  -44.649929 13.818900 0.192697  -0.493219 -0.037752 0.869086  0.584002 0.348613 1 1 1.000000
carbonfibre
0  -44.649929 13.818900 0.192697  -0.493219 -0.037752 0.869086  0.584002 0.348613 1 1 1.000000
0  -44.044315 5.340370 0.110114  -0.495501 -0.036748 0.867830  0.532243 0.350566 1 1 1.000000
0  -43.672691 5.340370 0.564321  -0.897821 -0.052281 0.437247  0.532243 0.354472 1 1 1.000000
carbonfibre
0  -44.787563 26.027435 1.114875  -0.824640 -0.053554 0.563118  0.658223 0.352519 1 1 1.000000
0  -45.131660 31.037474 1.348861  -0.866667 -0.078473 0.492676  0.688498 0.353496 1 1 1.000000
0  -45.695980 31.037474 0.564321  -0.777783 -0.054822 0.626138  0.688498 0.346660 1 1 1.000000
carbonfibre
0  -45.695980 31.037474 0.564321  -0.777783 -0.054822 0.626138  0.688498 0.346660 1 1 1.000000
0  -45.406940 26.027435 0.467974  -0.681273 -0.047123 0.730511  0.658223 0.345683 1 1 1.000000
0  -44.787563 26.027435 1.114875  -0.824640 -0.053554 0.563118  0.658223 0.352519 1 1 1.000000
carbonfibre
0  -44.649929 21.843224 1.004764  -0.861858 -0.060108 0.503575  0.632832 0.352519 1 1 1.000000
0  -44.787563 26.027435 1.114875  -0.824640 -0.053554 0.563118  0.658223 0.352519 1 1 1.000000
0  -45.406940 26.027435 0.467974  -0.681273 -0.047123 0.730511  0.658223 0.345683 1 1 1.000000
carbonfibre
0  -45.406940 26.027435 0.467974  -0.681273 -0.047123 0.730511  0.658223 0.345683 1 1 1.000000
0  -45.145420 21.843224 0.357863  -0.649273 -0.052086 0.758770  0.632832 0.346660 1 1 1.000000
0  -44.649929 21.843224 1.004764  -0.861858 -0.060108 0.503575  0.632832 0.352519 1 1 1.000000
carbonfibre
0  -42.612877 -18.347214 0.178933  -0.991284 -0.019258 0.130328  0.388684 0.355449 1 1 1.000000
0  -42.805569 -12.318647 0.233989  -0.959144 -0.050265 0.278416  0.425794 0.355449 1 1 1.000000
0  -42.956970 -12.387466 -0.027524  -0.549484 -0.031402 0.834914  0.424818 0.352519 1 1 1.000000
carbonfibre
0  -42.956970 -12.387466 -0.027524  -0.549484 -0.031402 0.834914  0.424818 0.352519 1 1 1.000000
0  -42.654167 -18.278395 -0.096344  -0.678075 -0.029447 0.734403  0.388684 0.353496 1 1 1.000000
0  -42.612877 -18.347214 0.178933  -0.991284 -0.019258 0.130328  0.388684 0.355449 1 1 1.000000
carbonfibre
0  -42.268776 -35.318039 0.192697  -0.998889 -0.017611 -0.043714  0.291025 0.358379 1 1 1.000000
0  -42.323830 -31.312757 0.137642  -0.999436 -0.015930 -0.029563  0.314463 0.357402 1 1 1.000000
0  -42.323830 -31.326525 -0.123871  -0.735549 -0.012087 0.677364  0.314463 0.354472 1 1 1.000000
carbonfibre
0  -42.323830 -31.326525 -0.123871  -0.735549 -0.012087 0.677364  0.314463 0.354472 1 1 1.000000
0  -42.268776 -35.386856 -0.082580  -0.744403 -0.010984 0.667641  0.290048 0.355449 1 1 1.000000
0  -42.268776 -35.318039 0.192697  -0.998889 -0.017611 -0.043714  0.291025 0.358379 1 1 1.000000
carbonfibre
0  -42.268776 -35.386856 -0.082580  -0.744403 -0.010984 0.667641  0.290048 0.355449 1 1 1.000000
0  -42.227486 -37.258739 -0.055052  -0.752118 -0.021183 0.658688  0.279305 0.355449 1 1 1.000000
0  -42.227486 -37.203686 0.220225  -0.998211 -0.024689 -0.054450  0.279305 0.358379 1 1 1.000000
carbonfibre
0  -42.227486 -37.203686 0.220225  -0.998211 -0.024689 -0.054450  0.279305 0.358379 1 1 1.000000
0  -42.268776 -35.318039 0.192697  -0.998889 -0.017611 -0.043714  0.291025 0.358379 1 1 1.000000
0  -42.268776 -35.386856 -0.082580  -0.744403 -0.010984 0.667641  0.290048 0.355449 1 1 1.000000
carbonfibre
0  -44.870144 -31.477926 -0.330329  -0.764276 -0.004030 0.644876  0.308603 0.335917 1 1 1.000000
0  -42.268776 -35.386856 -0.082580  -0.744403 -0.010984 0.667641  0.290048 0.355449 1 1 1.000000
0  -42.323830 -31.326525 -0.123871  -0.735549 -0.012087 0.677364  0.314463 0.354472 1 1 1.000000
carbonfibre
0  -44.223244 26.041199 2.271038  -0.831007 -0.058624 0.553164  0.658223 0.361309 1 1 1.000000
0  -44.539818 31.051237 2.725245  -0.868822 -0.104988 0.483866  0.688498 0.366192 1 1 1.000000
0  -45.131660 31.037474 1.348861  -0.866667 -0.078473 0.492676  0.688498 0.353496 1 1 1.000000
carbonfibre
0  -45.131660 31.037474 1.348861  -0.866667 -0.078473 0.492676  0.688498 0.353496 1 1 1.000000
0  -44.787563 26.027435 1.114875  -0.824640 -0.053554 0.563118  0.658223 0.352519 1 1 1.000000
0  -44.223244 26.041199 2.271038  -0.831007 -0.058624 0.553164  0.658223 0.361309 1 1 1.000000
carbonfibre
0  -45.035316 37.520248 3.055578  -0.975472 -0.082048 0.204261  0.727561 0.367168 1 1 1.000000
0  -45.475758 37.492722 1.624138  -0.914620 -0.065596 0.398957  0.727561 0.355449 1 1 1.000000
0  -45.131660 31.037474 1.348861  -0.866667 -0.078473 0.492676  0.688498 0.353496 1 1 1.000000
carbonfibre
0  -45.131660 31.037474 1.348861  -0.866667 -0.078473 0.492676  0.688498 0.353496 1 1 1.000000
0  -44.539818 31.051237 2.725245  -0.868822 -0.104988 0.483866  0.688498 0.366192 1 1 1.000000
0  -45.035316 37.520248 3.055578  -0.975472 -0.082048 0.204261  0.727561 0.367168 1 1 1.000000
carbonfibre
0  -44.539818 31.051237 2.725245  -0.868822 -0.104988 0.483866  0.688498 0.366192 1 1 1.000000
0  -44.966496 37.506485 3.606132  -0.962973 -0.113437 0.244572  0.727561 0.373028 1 1 1.000000
0  -45.035316 37.520248 3.055578  -0.975472 -0.082048 0.204261  0.727561 0.367168 1 1 1.000000
carbonfibre
0  -45.035316 37.520248 3.055578  -0.975472 -0.082048 0.204261  0.727561 0.367168 1 1 1.000000
0  -44.966496 37.506485 3.606132  -0.962973 -0.113437 0.244572  0.727561 0.373028 1 1 1.000000
0  -45.723507 46.218998 4.982516  -0.995738 -0.085489 0.034604  0.780297 0.385723 1 1 1.000000
carbonfibre
0  -45.723507 46.218998 4.982516  -0.995738 -0.085489 0.034604  0.780297 0.385723 1 1 1.000000
0  -45.640926 46.645679 3.509785  -0.994199 -0.061842 0.087998  0.782250 0.372051 1 1 1.000000
0  -45.035316 37.520248 3.055578  -0.975472 -0.082048 0.204261  0.727561 0.367168 1 1 1.000000
carbonfibre
0  -45.365650 46.315346 5.202738  -0.408705 0.884919 0.223335  0.595721 0.432600 1 1 1.000000
0  -45.035316 46.755795 3.509785  -0.261093 0.930867 0.255572  0.597674 0.413068 1 1 1.000000
0  -45.640926 46.645679 3.509785  -0.189998 0.939255 0.285834  0.594745 0.413068 1 1 1.000000
carbonfibre
0  -45.640926 46.645679 3.509785  -0.189998 0.939255 0.285834  0.594745 0.413068 1 1 1.000000
0  -45.723507 46.218998 4.982516  -0.412497 0.871200 0.266190  0.592792 0.430647 1 1 1.000000
0  -45.365650 46.315346 5.202738  -0.408705 0.884919 0.223335  0.595721 0.432600 1 1 1.000000
carbonfibre
0  -44.223244 26.041199 2.271038  -0.831007 -0.058624 0.553164  0.658223 0.361309 1 1 1.000000
0  -44.085606 21.843224 2.312330  -0.988685 -0.038117 0.145084  0.632832 0.365215 1 1 1.000000
0  -44.099373 26.041199 2.422441  -0.953027 -0.041532 0.300025  0.658223 0.364238 1 1 1.000000
carbonfibre
0  -45.943729 47.113651 2.105872  -0.208691 0.886803 0.412345  0.592792 0.404279 1 1 1.000000
0  -45.640926 46.645679 3.509785  -0.189998 0.939255 0.285834  0.594745 0.413068 1 1 1.000000
0  -45.035316 46.755795 3.509785  -0.261093 0.930867 0.255572  0.597674 0.413068 1 1 1.000000
carbonfibre
0  -45.035316 46.755795 3.509785  -0.261093 0.930867 0.255572  0.597674 0.413068 1 1 1.000000
0  -43.576347 47.554092 2.394913  -0.223653 0.899376 0.375636  0.604511 0.402326 1 1 1.000000
0  -45.943729 47.113651 2.105872  -0.208691 0.886803 0.412345  0.592792 0.404279 1 1 1.000000
carbonfibre
0  -46.452995 47.967007 -1.004758  0.009688 0.999655 -0.024415  0.587909 0.374004 1 1 1.000000
0  -47.003548 48.077118 -0.605606  0.279039 0.952780 0.119782  0.584979 0.377911 1 1 1.000000
0  -46.948490 47.994534 -0.055052  -0.039955 0.987827 0.150339  0.584979 0.382794 1 1 1.000000
carbonfibre
0  -46.948490 47.994534 -0.055052  -0.039955 0.987827 0.150339  0.584979 0.382794 1 1 1.000000
0  -43.892918 48.214760 0.935945  -0.117646 0.980016 0.160400  0.598651 0.387677 1 1 1.000000
0  -46.452995 47.967007 -1.004758  0.009688 0.999655 -0.024415  0.587909 0.374004 1 1 1.000000
carbonfibre
0  -40.796055 48.256050 -0.770772  -0.022551 0.999476 -0.023242  0.616230 0.380840 1 1 1.000000
0  -43.892918 48.214760 0.935945  -0.117646 0.980016 0.160400  0.598651 0.387677 1 1 1.000000
0  -40.796055 48.256050 0.935945  -0.009641 0.999954 -0.000000  0.616230 0.380840 1 1 1.000000
misc
0  -2.904165 -62.749386 28.023195  0.408350 0.912569 -0.021619  0.392590 0.733390 1 1 1.000000
0  0.000007 -63.189831 27.995668  -0.005277 0.996895 -0.078562  0.388684 0.713858 1 1 1.000000
0  0.000007 -60.794918 26.674339  0.000302 0.107812 0.994171  0.413099 0.713858 1 1 1.000000
misc
0  0.000007 -60.794918 26.674339  0.000302 0.107812 0.994171  0.413099 0.713858 1 1 1.000000
0  -3.165679 -60.037907 26.963379  0.256379 0.067857 0.964192  0.420911 0.735343 1 1 1.000000
0  -2.904165 -62.749386 28.023195  0.408350 0.912569 -0.021619  0.392590 0.733390 1 1 1.000000
misc
0  2.904179 -62.749386 28.023195  -0.403346 0.914586 -0.029067  0.392590 0.693350 1 1 1.000000
0  3.165692 -60.037907 26.963379  -0.257612 0.069895 0.963717  0.420911 0.691397 1 1 1.000000
0  0.000007 -60.794918 26.674339  0.000302 0.107812 0.994171  0.413099 0.713858 1 1 1.000000
misc
0  0.000007 -60.794918 26.674339  0.000302 0.107812 0.994171  0.413099 0.713858 1 1 1.000000
0  0.000007 -63.189831 27.995668  -0.005277 0.996895 -0.078562  0.388684 0.713858 1 1 1.000000
0  2.904179 -62.749386 28.023195  -0.403346 0.914586 -0.029067  0.392590 0.693350 1 1 1.000000
misc
0  3.165692 -60.037907 26.963379  -0.257612 0.069895 0.963717  0.420911 0.691397 1 1 1.000000
0  2.904179 -62.749386 28.023195  -0.403290 0.914601 -0.029377  0.392590 0.693350 1 1 1.000000
0  5.670712 -59.597469 28.573751  -0.607315 0.453678 0.652185  0.415052 0.679678 1 1 1.000000
misc
0  5.670712 -59.597469 28.573751  -0.607315 0.453678 0.652185  0.415052 0.679678 1 1 1.000000
0  6.111156 -57.615475 27.816738  -0.373675 0.128103 0.918671  0.436537 0.677725 1 1 1.000000
0  3.165692 -60.037907 26.963379  -0.257612 0.069895 0.963717  0.420911 0.691397 1 1 1.000000
misc
0  4.597132 -60.464592 28.780205  -0.479604 0.574728 -0.663075  0.406262 0.687490 1 1 1.000000
0  5.670712 -59.597469 28.573751  -0.607315 0.453678 0.652185  0.415052 0.679678 1 1 1.000000
0  2.904179 -62.749386 28.023195  -0.403290 0.914601 -0.029377  0.392590 0.693350 1 1 1.000000
misc
0  -3.165679 -60.037907 26.963379  0.256379 0.067857 0.964192  0.420911 0.735343 1 1 1.000000
0  -6.111142 -57.615475 27.816738  0.373289 0.128480 0.918775  0.436537 0.749016 1 1 1.000000
0  -5.670699 -59.597469 28.573751  0.606998 0.453642 0.652505  0.415052 0.747063 1 1 1.000000
misc
0  -5.670699 -59.597469 28.573751  0.606998 0.453642 0.652505  0.415052 0.747063 1 1 1.000000
0  -2.904165 -62.749386 28.023195  0.408350 0.912569 -0.021619  0.392590 0.733390 1 1 1.000000
0  -3.165679 -60.037907 26.963379  0.256379 0.067857 0.964192  0.420911 0.735343 1 1 1.000000
misc
0  -3.165679 -60.037907 26.963379  0.256379 0.067857 0.964192  0.420911 0.735343 1 1 1.000000
0  0.000007 -60.794918 26.674339  0.000302 0.107812 0.994171  0.413099 0.713858 1 1 1.000000
0  0.000006 -58.496357 27.500168  0.000676 -0.334584 0.942366  0.431654 0.713858 1 1 1.000000
misc
0  0.000006 -58.496357 27.500168  0.000676 -0.334584 0.942366  0.431654 0.713858 1 1 1.000000
0  -6.111142 -57.615475 27.816738  0.373289 0.128480 0.918775  0.436537 0.749016 1 1 1.000000
0  -3.165679 -60.037907 26.963379  0.256379 0.067857 0.964192  0.420911 0.735343 1 1 1.000000
misc
0  0.000007 -63.189831 27.995668  -0.005277 0.996895 -0.078562  0.388684 0.713858 1 1 1.000000
0  -2.904165 -62.749386 28.023195  0.408350 0.912569 -0.021619  0.392590 0.733390 1 1 1.000000
0  -4.597119 -60.464592 28.780205  0.481016 0.573459 -0.663150  0.406262 0.740226 1 1 1.000000
misc
0  -4.597119 -60.464592 28.780205  0.481016 0.573459 -0.663150  0.406262 0.740226 1 1 1.000000
0  0.000007 -60.891266 28.766441  -0.003961 0.321117 -0.947031  0.402356 0.713858 1 1 1.000000
0  0.000007 -63.189831 27.995668  -0.005277 0.996895 -0.078562  0.388684 0.713858 1 1 1.000000
misc
0  -5.670699 -59.597469 28.573751  0.606998 0.453642 0.652505  0.415052 0.747063 1 1 1.000000
0  -4.597119 -60.464592 28.780205  0.481016 0.573459 -0.663150  0.406262 0.740226 1 1 1.000000
0  -2.904165 -62.749386 28.023195  0.408350 0.912569 -0.021619  0.392590 0.733390 1 1 1.000000
misc
0  2.904179 -62.749386 28.023195  -0.403347 0.914574 -0.029409  0.392590 0.693350 1 1 1.000000
0  0.000007 -63.189831 27.995668  -0.005277 0.996895 -0.078562  0.388684 0.713858 1 1 1.000000
0  0.000007 -60.891266 28.766441  -0.003961 0.321117 -0.947031  0.402356 0.713858 1 1 1.000000
misc
0  0.000007 -60.891266 28.766441  -0.003961 0.321117 -0.947031  0.402356 0.713858 1 1 1.000000
0  4.597132 -60.464592 28.780205  -0.479473 0.574699 -0.663194  0.406262 0.687490 1 1 1.000000
0  2.904179 -62.749386 28.023195  -0.403347 0.914574 -0.029409  0.392590 0.693350 1 1 1.000000
misc
0  0.000007 -60.794918 26.674339  0.000302 0.107812 0.994171  0.413099 0.713858 1 1 1.000000
0  3.165692 -60.037907 26.963379  -0.257612 0.069895 0.963717  0.420911 0.691397 1 1 1.000000
0  6.111156 -57.615475 27.816738  -0.373675 0.128103 0.918671  0.436537 0.677725 1 1 1.000000
misc
0  6.111156 -57.615475 27.816738  -0.373675 0.128103 0.918671  0.436537 0.677725 1 1 1.000000
0  0.000006 -58.496357 27.500168  0.000676 -0.334584 0.942366  0.431654 0.713858 1 1 1.000000
0  0.000007 -60.794918 26.674339  0.000302 0.107812 0.994171  0.413099 0.713858 1 1 1.000000
misc
0  -0.633131 -51.173992 31.808254  -0.000027 0.413272 -0.910608  0.505875 0.659169 1 1 1.000000
0  0.633143 -51.173992 31.808254  -0.000146 0.414057 -0.910251  0.505875 0.659169 1 1 1.000000
0  0.660671 -52.302624 31.436632  -0.000029 0.439380 -0.898301  0.512711 0.659169 1 1 1.000000
misc
0  0.660671 -52.302624 31.436632  -0.000029 0.439380 -0.898301  0.512711 0.659169 1 1 1.000000
0  -0.660658 -52.302624 31.436632  -0.000031 0.439280 -0.898350  0.512711 0.659169 1 1 1.000000
0  -0.633131 -51.173992 31.808254  -0.000027 0.413272 -0.910608  0.505875 0.659169 1 1 1.000000
misc
0  -0.660658 -52.302624 31.436632  -0.000031 0.439280 -0.898350  0.512711 0.659169 1 1 1.000000
0  0.660671 -52.302624 31.436632  -0.000029 0.439380 -0.898301  0.512711 0.659169 1 1 1.000000
0  0.743254 -56.225319 28.780205  0.007842 0.195119 -0.980748  0.535173 0.658193 1 1 1.000000
misc
0  0.743254 -56.225319 28.780205  0.007842 0.195119 -0.980748  0.535173 0.658193 1 1 1.000000
0  -0.743241 -56.225319 28.780205  -0.008010 0.195545 -0.980662  0.535173 0.658193 1 1 1.000000
0  -0.660658 -52.302624 31.436632  -0.000031 0.439280 -0.898350  0.512711 0.659169 1 1 1.000000
misc
0  0.261519 -37.754238 38.772762  0.000000 -0.383433 0.923569  0.598651 0.316385 1 1 1.000000
0  0.206463 -30.363050 41.718227  0.000000 -0.198634 0.980074  0.587909 0.744133 1 1 1.000000
0  -0.192688 -30.363050 41.718227  -0.000006 -0.196848 0.980434  0.587909 0.744133 1 1 1.000000
misc
0  -0.192688 -30.363050 41.718227  -0.000006 -0.196848 0.980434  0.587909 0.744133 1 1 1.000000
0  -0.247743 -37.754238 38.772762  0.000000 -0.383440 0.923566  0.598651 0.316385 1 1 1.000000
0  0.261519 -37.754238 38.772762  0.000000 -0.383433 0.923569  0.598651 0.316385 1 1 1.000000
misc
0  0.302811 -44.828854 35.786007  0.199490 -0.375215 0.905217  0.499039 0.692373 1 1 1.000000
0  0.357866 -52.811890 32.455154  0.501638 -0.368526 0.782654  0.512711 0.694327 1 1 1.000000
0  0.495505 -52.701775 32.262459  0.939558 -0.140243 0.312351  0.511734 0.690420 1 1 1.000000
misc
0  0.495505 -52.701775 32.262459  0.939558 -0.140243 0.312351  0.511734 0.690420 1 1 1.000000
0  0.371630 -45.214245 35.441910  0.937762 -0.122968 0.324778  0.500015 0.688467 1 1 1.000000
0  0.302811 -44.828854 35.786007  0.199490 -0.375215 0.905217  0.499039 0.692373 1 1 1.000000
misc
0  0.330339 -58.675282 29.372055  0.309314 -0.445932 0.839922  0.546892 0.691397 1 1 1.000000
0  0.454214 -58.248608 29.316996  0.932785 -0.174660 0.315286  0.544939 0.686514 1 1 1.000000
0  0.495505 -52.701775 32.262459  0.939558 -0.140243 0.312351  0.511734 0.690420 1 1 1.000000
misc
0  0.495505 -52.701775 32.262459  0.939558 -0.140243 0.312351  0.511734 0.690420 1 1 1.000000
0  0.357866 -52.811890 32.455154  0.501638 -0.368526 0.782654  0.512711 0.694327 1 1 1.000000
0  0.330339 -58.675282 29.372055  0.309314 -0.445932 0.839922  0.546892 0.691397 1 1 1.000000
misc
0  -0.247743 -37.754238 38.772762  -0.931205 0.146294 -0.333850  0.598651 0.316385 1 1 1.000000
0  -0.192688 -30.363050 41.718227  -0.861346 0.193403 -0.469764  0.587909 0.744133 1 1 1.000000
0  0.000005 -29.523455 41.704464  -0.874191 0.186182 -0.448471  0.563494 0.780267 1 1 1.000000
misc
0  0.000005 -29.523455 41.704464  -0.874191 0.186182 -0.448471  0.563494 0.780267 1 1 1.000000
0  0.000006 -37.423904 38.222206  -0.932976 0.144916 -0.329478  0.563494 0.318339 1 1 1.000000
0  -0.247743 -37.754238 38.772762  -0.931205 0.146294 -0.333850  0.598651 0.316385 1 1 1.000000
misc
0  -0.481728 -52.701775 32.262459  -0.941657 -0.136920 0.307467  0.511734 0.690420 1 1 1.000000
0  -0.357854 -45.214245 35.441910  -0.941326 -0.123199 0.314209  0.500015 0.688467 1 1 1.000000
0  -0.633131 -51.173992 31.808254  -0.983880 -0.050869 0.171441  0.505875 0.659169 1 1 1.000000
misc
0  -0.633131 -51.173992 31.808254  -0.983874 -0.050862 0.171477  0.505875 0.659169 1 1 1.000000
0  -0.660658 -52.302624 31.436632  -0.979309 -0.070495 0.189694  0.512711 0.659169 1 1 1.000000
0  -0.481728 -52.701775 32.262459  -0.941643 -0.136963 0.307489  0.511734 0.690420 1 1 1.000000
misc
0  -0.261507 -45.338120 35.496964  -0.960003 0.118078 -0.253874  0.590838 0.576159 1 1 1.000000
0  -0.247743 -37.754238 38.772762  -0.931205 0.146294 -0.333850  0.598651 0.316385 1 1 1.000000
0  0.000006 -37.423904 38.222206  -0.932976 0.144916 -0.329478  0.563494 0.318339 1 1 1.000000
misc
0  0.000006 -37.423904 38.222206  -0.932992 0.144904 -0.329437  0.563494 0.318339 1 1 1.000000
0  0.000006 -51.173992 31.808254  -0.960688 0.117351 -0.251611  0.563494 0.796869 1 1 1.000000
0  -0.261507 -45.338120 35.496964  -0.960017 0.118063 -0.253826  0.590838 0.576159 1 1 1.000000
misc
0  -0.440437 -58.248608 29.316996  -0.943620 -0.160810 0.289346  0.544939 0.686514 1 1 1.000000
0  -0.481728 -52.701775 32.262459  -0.941643 -0.136963 0.307489  0.511734 0.690420 1 1 1.000000
0  -0.660658 -52.302624 31.436632  -0.979309 -0.070495 0.189694  0.512711 0.659169 1 1 1.000000
misc
0  -0.660658 -52.302624 31.436632  -0.979309 -0.070495 0.189694  0.512711 0.659169 1 1 1.000000
0  -0.743241 -56.225319 28.780205  -0.979392 -0.100393 0.175248  0.535173 0.658193 1 1 1.000000
0  -0.440437 -58.248608 29.316996  -0.943620 -0.160810 0.289346  0.544939 0.686514 1 1 1.000000
misc
0  -0.330326 -58.675282 29.372055  -0.056961 -0.244365 -0.968009  0.546892 0.691397 1 1 1.000000
0  -0.440437 -58.248608 29.316996  -0.806426 -0.262366 -0.529944  0.544939 0.686514 1 1 1.000000
0  -0.743241 -56.225319 28.780205  -0.008012 0.195352 -0.980700  0.535173 0.658193 1 1 1.000000
misc
0  -0.330326 -58.675282 29.372055  -0.056961 -0.244365 -0.968009  0.546892 0.691397 1 1 1.000000
0  -0.743241 -56.225319 28.780205  -0.008012 0.195352 -0.980700  0.535173 0.658193 1 1 1.000000
0  0.743254 -56.225319 28.780205  0.007845 0.194952 -0.980781  0.535173 0.658193 1 1 1.000000
misc
0  0.743254 -56.225319 28.780205  0.007717 0.195056 -0.980762  0.535173 0.658193 1 1 1.000000
0  0.454214 -58.248608 29.316996  0.707720 -0.275828 -0.650423  0.544939 0.686514 1 1 1.000000
0  0.330339 -58.675282 29.372055  0.055558 -0.244564 -0.968040  0.546892 0.691397 1 1 1.000000
misc
0  -0.330326 -58.675282 29.372055  -0.056961 -0.244365 -0.968009  0.546892 0.691397 1 1 1.000000
0  0.743254 -56.225319 28.780205  0.007845 0.194952 -0.980781  0.535173 0.658193 1 1 1.000000
0  0.330339 -58.675282 29.372055  0.055709 -0.244600 -0.968022  0.546892 0.691397 1 1 1.000000
misc
0  0.495505 -52.701775 32.262459  0.939558 -0.140243 0.312351  0.511734 0.690420 1 1 1.000000
0  0.454214 -58.248608 29.316996  0.932785 -0.174660 0.315286  0.544939 0.686514 1 1 1.000000
0  0.743254 -56.225319 28.780205  0.980988 -0.096818 0.168191  0.535173 0.658193 1 1 1.000000
misc
0  0.743254 -56.225319 28.780205  0.980988 -0.096818 0.168191  0.535173 0.658193 1 1 1.000000
0  0.660671 -52.302624 31.436632  0.981689 -0.065303 0.178947  0.512711 0.659169 1 1 1.000000
0  0.495505 -52.701775 32.262459  0.939558 -0.140243 0.312351  0.511734 0.690420 1 1 1.000000
misc
0  0.261519 -45.338120 35.496964  0.957413 0.121780 -0.261781  0.590838 0.576159 1 1 1.000000
0  0.000006 -51.173992 31.808254  0.958202 0.120942 -0.259273  0.563494 0.796869 1 1 1.000000
0  0.000006 -37.423904 38.222206  0.925853 0.147888 -0.347744  0.563494 0.318339 1 1 1.000000
misc
0  0.000006 -37.423904 38.222206  0.925853 0.147888 -0.347744  0.563494 0.318339 1 1 1.000000
0  0.261519 -37.754238 38.772762  0.925654 0.148042 -0.348208  0.598651 0.316385 1 1 1.000000
0  0.261519 -45.338120 35.496964  0.957413 0.121780 -0.261781  0.590838 0.576159 1 1 1.000000
misc
0  0.495505 -52.701775 32.262459  0.939558 -0.140243 0.312351  0.511734 0.690420 1 1 1.000000
0  0.660671 -52.302624 31.436632  0.981689 -0.065303 0.178947  0.512711 0.659169 1 1 1.000000
0  0.633143 -51.173992 31.808254  0.985762 -0.046693 0.161534  0.505875 0.659169 1 1 1.000000
misc
0  0.633143 -51.173992 31.808254  0.985762 -0.046693 0.161534  0.505875 0.659169 1 1 1.000000
0  0.371630 -45.214245 35.441910  0.937762 -0.122968 0.324778  0.500015 0.688467 1 1 1.000000
0  0.495505 -52.701775 32.262459  0.939558 -0.140243 0.312351  0.511734 0.690420 1 1 1.000000
misc
0  0.206463 -30.363050 41.718227  0.856504 0.208284 -0.472249  0.587909 0.744133 1 1 1.000000
0  0.261519 -37.754238 38.772762  0.925654 0.148042 -0.348208  0.598651 0.316385 1 1 1.000000
0  0.000006 -37.423904 38.222206  0.925853 0.147888 -0.347744  0.563494 0.318339 1 1 1.000000
misc
0  0.000006 -37.423904 38.222206  0.925853 0.147888 -0.347744  0.563494 0.318339 1 1 1.000000
0  0.000005 -29.523455 41.704464  0.853844 0.210280 -0.476165  0.563494 0.780267 1 1 1.000000
0  0.206463 -30.363050 41.718227  0.856504 0.208284 -0.472249  0.587909 0.744133 1 1 1.000000
misc
0  -0.192688 -30.363050 41.718227  -0.000006 -0.196848 0.980434  0.587909 0.744133 1 1 1.000000
0  0.206463 -30.363050 41.718227  0.000000 -0.198634 0.980074  0.587909 0.744133 1 1 1.000000
0  0.000005 -29.523455 41.704464  -0.000028 0.015480 0.999880  0.563494 0.780267 1 1 1.000000
misc
0  0.261519 -37.754238 38.772762  0.000000 -0.383433 0.923569  0.598651 0.316385 1 1 1.000000
0  -0.247743 -37.754238 38.772762  0.000000 -0.383440 0.923566  0.598651 0.316385 1 1 1.000000
0  -0.261507 -45.338120 35.496964  -0.000000 -0.395520 0.918457  0.590838 0.576159 1 1 1.000000
misc
0  -0.261507 -45.338120 35.496964  -0.000000 -0.395520 0.918457  0.590838 0.576159 1 1 1.000000
0  0.261519 -45.338120 35.496964  0.000000 -0.395476 0.918476  0.590838 0.576159 1 1 1.000000
0  0.261519 -37.754238 38.772762  0.000000 -0.383433 0.923569  0.598651 0.316385 1 1 1.000000
misc
0  0.633143 -51.173992 31.808254  -0.000160 0.414364 -0.910111  0.505875 0.659169 1 1 1.000000
0  -0.633131 -51.173992 31.808254  -0.000025 0.413579 -0.910468  0.505875 0.659169 1 1 1.000000
0  -0.357854 -45.214245 35.441910  0.552774 0.499657 -0.666922  0.500015 0.688467 1 1 1.000000
misc
0  0.633143 -51.173992 31.808254  -0.000159 0.414370 -0.910108  0.505875 0.659169 1 1 1.000000
0  -0.357854 -45.214245 35.441910  0.552757 0.499639 -0.666949  0.500015 0.688467 1 1 1.000000
0  -0.289035 -44.828854 35.786007  0.107129 0.540545 -0.834467  0.499039 0.692373 1 1 1.000000
misc
0  0.633143 -51.173992 31.808254  -0.000159 0.414370 -0.910108  0.505875 0.659169 1 1 1.000000
0  -0.289035 -44.828854 35.786007  0.107129 0.540545 -0.834467  0.499039 0.692373 1 1 1.000000
0  0.302811 -44.828854 35.786007  -0.106971 0.525216 -0.844219  0.499039 0.692373 1 1 1.000000
misc
0  0.633143 -51.173992 31.808254  -0.000159 0.414370 -0.910108  0.505875 0.659169 1 1 1.000000
0  0.302811 -44.828854 35.786007  -0.106971 0.525216 -0.844219  0.499039 0.692373 1 1 1.000000
0  0.371630 -45.214245 35.441910  -0.881858 0.216267 -0.418992  0.500015 0.688467 1 1 1.000000
misc
0  -0.357854 -52.811890 32.455154  -0.511478 -0.365078 0.777887  0.512711 0.694327 1 1 1.000000
0  -0.289035 -44.828854 35.786007  -0.199952 -0.376030 0.904777  0.499039 0.692373 1 1 1.000000
0  -0.357854 -45.214245 35.441910  -0.941224 -0.123325 0.314464  0.500015 0.688467 1 1 1.000000
misc
0  -0.357854 -45.214245 35.441910  -0.941224 -0.123325 0.314464  0.500015 0.688467 1 1 1.000000
0  -0.481728 -52.701775 32.262459  -0.941479 -0.137136 0.307915  0.511734 0.690420 1 1 1.000000
0  -0.357854 -52.811890 32.455154  -0.511478 -0.365078 0.777887  0.512711 0.694327 1 1 1.000000
misc
0  -0.330326 -58.675282 29.372055  -0.315484 -0.444907 0.838169  0.546892 0.691397 1 1 1.000000
0  -0.357854 -52.811890 32.455154  -0.511474 -0.365098 0.777880  0.512711 0.694327 1 1 1.000000
0  -0.481728 -52.701775 32.262459  -0.941483 -0.137197 0.307874  0.511734 0.690420 1 1 1.000000
misc
0  -0.481728 -52.701775 32.262459  -0.941483 -0.137197 0.307874  0.511734 0.690420 1 1 1.000000
0  -0.440437 -58.248608 29.316996  -0.943522 -0.160940 0.289593  0.544939 0.686514 1 1 1.000000
0  -0.330326 -58.675282 29.372055  -0.315484 -0.444907 0.838169  0.546892 0.691397 1 1 1.000000
misc
0  0.357866 -52.811890 32.455154  0.501638 -0.368526 0.782654  0.512711 0.694327 1 1 1.000000
0  0.302811 -44.828854 35.786007  0.199490 -0.375215 0.905217  0.499039 0.692373 1 1 1.000000
0  -0.289035 -44.828854 35.786007  -0.199952 -0.376030 0.904777  0.499039 0.692373 1 1 1.000000
misc
0  -0.289035 -44.828854 35.786007  -0.199952 -0.376030 0.904777  0.499039 0.692373 1 1 1.000000
0  -0.357854 -52.811890 32.455154  -0.511478 -0.365078 0.777887  0.512711 0.694327 1 1 1.000000
0  0.357866 -52.811890 32.455154  0.501638 -0.368526 0.782654  0.512711 0.694327 1 1 1.000000
misc
0  0.330339 -58.675282 29.372055  0.309295 -0.445922 0.839935  0.546892 0.691397 1 1 1.000000
0  0.357866 -52.811890 32.455154  0.501493 -0.368626 0.782700  0.512711 0.694327 1 1 1.000000
0  -0.357854 -52.811890 32.455154  -0.511474 -0.365098 0.777880  0.512711 0.694327 1 1 1.000000
misc
0  -0.357854 -52.811890 32.455154  -0.511474 -0.365098 0.777880  0.512711 0.694327 1 1 1.000000
0  -0.330326 -58.675282 29.372055  -0.315484 -0.444907 0.838169  0.546892 0.691397 1 1 1.000000
0  0.330339 -58.675282 29.372055  0.309295 -0.445922 0.839935  0.546892 0.691397 1 1 1.000000
misc
0  -0.357854 -45.214245 35.441910  0.001254 0.520980 -0.853568  0.464858 0.413068 1 1 1.000000
0  0.371630 -45.214245 35.441910  0.001040 0.520992 -0.853561  0.464858 0.413068 1 1 1.000000
0  -0.633131 -51.173992 31.808254  0.000000 0.520572 -0.853818  0.501968 0.400372 1 1 1.000000
misc
0  0.633143 -51.173992 31.808254  0.000000 0.520572 -0.853818  0.501968 0.400372 1 1 1.000000
0  -0.633131 -51.173992 31.808254  0.000000 0.520572 -0.853818  0.501968 0.400372 1 1 1.000000
0  0.371630 -45.214245 35.441910  0.001040 0.520992 -0.853561  0.464858 0.413068 1 1 1.000000
misc
0  0.770782 -56.115211 28.986664  0.223060 0.186187 0.956859  0.364269 0.734367 1 1 1.000000
0  0.798310 -58.647755 29.495928  0.226520 -0.114451 0.967259  0.384777 0.735343 1 1 1.000000
0  1.472739 -59.033146 29.110538  0.592538 -0.228092 0.772575  0.394543 0.749992 1 1 1.000000
misc
0  1.472739 -59.033146 29.110538  0.592538 -0.228092 0.772575  0.394543 0.749992 1 1 1.000000
0  1.720487 -56.734585 28.532457  0.602645 0.131578 0.787087  0.375988 0.756829 1 1 1.000000
0  0.770782 -56.115211 28.986664  0.223060 0.186187 0.956859  0.364269 0.734367 1 1 1.000000
misc
0  -2.422431 -58.179787 27.830502  -0.823894 -0.104368 0.557051  0.398450 0.653310 1 1 1.000000
0  -2.147154 -61.028900 26.591755  -0.830863 -0.289461 0.475267  0.436537 0.660146 1 1 1.000000
0  -1.266267 -63.052189 26.894562  -0.303215 -0.487631 0.818704  0.465835 0.681631 1 1 1.000000
misc
0  -1.266267 -63.052189 26.894562  -0.303215 -0.487631 0.818704  0.465835 0.681631 1 1 1.000000
0  -1.445197 -59.033146 29.124304  -0.590469 -0.230068 0.773573  0.394543 0.677725 1 1 1.000000
0  -2.422431 -58.179787 27.830502  -0.823894 -0.104368 0.557051  0.398450 0.653310 1 1 1.000000
misc
0  -2.422431 -58.179787 27.830502  -0.823894 -0.104368 0.557051  0.398450 0.653310 1 1 1.000000
0  -1.445197 -59.033146 29.124304  -0.590469 -0.230068 0.773573  0.394543 0.677725 1 1 1.000000
0  -1.706711 -56.734585 28.532457  -0.604114 0.132675 0.785776  0.375988 0.670888 1 1 1.000000
misc
0  1.472739 -59.033146 29.110538  0.592538 -0.228092 0.772575  0.394543 0.749992 1 1 1.000000
0  2.394916 -58.179787 27.830502  0.835600 -0.099505 0.540251  0.398450 0.773431 1 1 1.000000
0  1.720487 -56.734585 28.532457  0.602645 0.131578 0.787087  0.375988 0.756829 1 1 1.000000
misc
0  2.119639 -61.028900 26.591755  0.850287 -0.283273 0.443585  0.436537 0.766594 1 1 1.000000
0  2.394916 -58.179787 27.830502  0.835600 -0.099505 0.540251  0.398450 0.773431 1 1 1.000000
0  1.472739 -59.033146 29.110538  0.592538 -0.228092 0.772575  0.394543 0.749992 1 1 1.000000
misc
0  1.472739 -59.033146 29.110538  0.592538 -0.228092 0.772575  0.394543 0.749992 1 1 1.000000
0  1.280045 -63.052189 26.894562  0.306000 -0.489244 0.816703  0.465835 0.746086 1 1 1.000000
0  2.119639 -61.028900 26.591755  0.850287 -0.283273 0.443585  0.436537 0.766594 1 1 1.000000
misc
0  -1.445197 -59.033146 29.124304  -0.590469 -0.230068 0.773573  0.394543 0.677725 1 1 1.000000
0  -0.812060 -58.647755 29.495928  -0.232965 -0.113876 0.965795  0.384777 0.691397 1 1 1.000000
0  -0.784533 -56.115211 28.986664  -0.226629 0.186312 0.955995  0.364269 0.692373 1 1 1.000000
misc
0  -0.784533 -56.115211 28.986664  -0.226629 0.186312 0.955995  0.364269 0.692373 1 1 1.000000
0  -1.706711 -56.734585 28.532457  -0.604114 0.132675 0.785776  0.375988 0.670888 1 1 1.000000
0  -1.445197 -59.033146 29.124304  -0.590469 -0.230068 0.773573  0.394543 0.677725 1 1 1.000000
misc
0  -0.812060 -58.647755 29.495928  -0.232763 -0.113572 0.965879  0.384777 0.691397 1 1 1.000000
0  0.798310 -58.647755 29.495928  0.226520 -0.114451 0.967259  0.384777 0.735343 1 1 1.000000
0  0.770782 -56.115211 28.986664  0.223060 0.186187 0.956859  0.364269 0.734367 1 1 1.000000
misc
0  0.770782 -56.115211 28.986664  0.223060 0.186187 0.956859  0.364269 0.734367 1 1 1.000000
0  -0.784533 -56.115211 28.986664  -0.226277 0.186332 0.956075  0.364269 0.692373 1 1 1.000000
0  -0.812060 -58.647755 29.495928  -0.232763 -0.113572 0.965879  0.384777 0.691397 1 1 1.000000
misc
0  -1.266267 -63.052189 26.894562  -0.303215 -0.487631 0.818704  0.465835 0.681631 1 1 1.000000
0  -0.812060 -58.647755 29.495928  -0.232965 -0.113876 0.965795  0.384777 0.691397 1 1 1.000000
0  -1.445197 -59.033146 29.124304  -0.590469 -0.230068 0.773573  0.394543 0.677725 1 1 1.000000
misc
0  -1.266267 -63.052189 26.894562  -0.303215 -0.487631 0.818704  0.465835 0.681631 1 1 1.000000
0  1.280045 -63.052189 26.894562  0.305840 -0.489261 0.816753  0.465835 0.746086 1 1 1.000000
0  0.798310 -58.647755 29.495928  0.226474 -0.114657 0.967245  0.384777 0.735343 1 1 1.000000
misc
0  0.798310 -58.647755 29.495928  0.226474 -0.114657 0.967245  0.384777 0.735343 1 1 1.000000
0  -0.812060 -58.647755 29.495928  -0.232965 -0.113876 0.965795  0.384777 0.691397 1 1 1.000000
0  -1.266267 -63.052189 26.894562  -0.303215 -0.487631 0.818704  0.465835 0.681631 1 1 1.000000
misc
0  0.798310 -58.647755 29.495928  0.226520 -0.114451 0.967259  0.384777 0.735343 1 1 1.000000
0  1.280045 -63.052189 26.894562  0.306000 -0.489244 0.816703  0.465835 0.746086 1 1 1.000000
0  1.472739 -59.033146 29.110538  0.592538 -0.228092 0.772575  0.394543 0.749992 1 1 1.000000
misc
0  0.000007 -60.794918 26.674339  0.000370 0.107683 0.994185  0.413099 0.713858 1 1 1.000000
0  -3.165679 -60.037907 26.963379  0.256379 0.067857 0.964192  0.420911 0.735343 1 1 1.000000
0  -2.904165 -62.749386 28.023195  0.408350 0.912569 -0.021621  0.392590 0.733390 1 1 1.000000
misc
0  -2.904165 -62.749386 28.023195  0.408350 0.912569 -0.021621  0.392590 0.733390 1 1 1.000000
0  0.000007 -63.189831 27.995668  -0.005356 0.996894 -0.078573  0.388684 0.713858 1 1 1.000000
0  0.000007 -60.794918 26.674339  0.000370 0.107683 0.994185  0.413099 0.713858 1 1 1.000000
misc
0  0.000007 -60.794918 26.674339  0.000370 0.107683 0.994185  0.413099 0.713858 1 1 1.000000
0  0.000007 -63.189831 27.995668  -0.005356 0.996894 -0.078573  0.388684 0.713858 1 1 1.000000
0  2.904179 -62.749386 28.023195  -0.403346 0.914586 -0.029067  0.392590 0.693350 1 1 1.000000
misc
0  2.904179 -62.749386 28.023195  -0.403346 0.914586 -0.029067  0.392590 0.693350 1 1 1.000000
0  3.165692 -60.037907 26.963379  -0.257614 0.070085 0.963703  0.420911 0.691397 1 1 1.000000
0  0.000007 -60.794918 26.674339  0.000370 0.107683 0.994185  0.413099 0.713858 1 1 1.000000
misc
0  5.670712 -59.597469 28.573751  -0.607315 0.453678 0.652185  0.415052 0.679678 1 1 1.000000
0  6.111156 -57.615475 27.816738  -0.373675 0.128103 0.918671  0.436537 0.677725 1 1 1.000000
0  3.165692 -60.037907 26.963379  -0.257658 0.069747 0.963715  0.420911 0.691397 1 1 1.000000
misc
0  3.165692 -60.037907 26.963379  -0.257658 0.069747 0.963715  0.420911 0.691397 1 1 1.000000
0  2.904179 -62.749386 28.023195  -0.403267 0.914609 -0.029415  0.392590 0.693350 1 1 1.000000
0  5.670712 -59.597469 28.573751  -0.607315 0.453678 0.652185  0.415052 0.679678 1 1 1.000000
misc
0  4.597132 -60.464592 28.780205  -0.479604 0.574728 -0.663075  0.406262 0.687490 1 1 1.000000
0  5.670712 -59.597469 28.573751  -0.607315 0.453678 0.652185  0.415052 0.679678 1 1 1.000000
0  2.904179 -62.749386 28.023195  -0.403267 0.914609 -0.029415  0.392590 0.693350 1 1 1.000000
misc
0  -5.670699 -59.597469 28.573751  0.606998 0.453642 0.652505  0.415052 0.747063 1 1 1.000000
0  -2.904165 -62.749386 28.023195  0.408350 0.912569 -0.021621  0.392590 0.733390 1 1 1.000000
0  -3.165679 -60.037907 26.963379  0.256379 0.067857 0.964192  0.420911 0.735343 1 1 1.000000
misc
0  -3.165679 -60.037907 26.963379  0.256379 0.067857 0.964192  0.420911 0.735343 1 1 1.000000
0  -6.111142 -57.615475 27.816738  0.373289 0.128480 0.918775  0.436537 0.749016 1 1 1.000000
0  -5.670699 -59.597469 28.573751  0.606998 0.453642 0.652505  0.415052 0.747063 1 1 1.000000
misc
0  0.000006 -58.496357 27.500168  0.000676 -0.334584 0.942366  0.431654 0.713858 1 1 1.000000
0  -6.111142 -57.615475 27.816738  0.373289 0.128480 0.918775  0.436537 0.749016 1 1 1.000000
0  -3.165679 -60.037907 26.963379  0.256379 0.067857 0.964192  0.420911 0.735343 1 1 1.000000
misc
0  -3.165679 -60.037907 26.963379  0.256379 0.067857 0.964192  0.420911 0.735343 1 1 1.000000
0  0.000007 -60.794918 26.674339  0.000370 0.107683 0.994185  0.413099 0.713858 1 1 1.000000
0  0.000006 -58.496357 27.500168  0.000676 -0.334584 0.942366  0.431654 0.713858 1 1 1.000000
misc
0  -4.597119 -60.464592 28.780205  0.481016 0.573459 -0.663150  0.406262 0.740226 1 1 1.000000
0  0.000007 -60.891266 28.766441  -0.003961 0.321117 -0.947031  0.402356 0.713858 1 1 1.000000
0  0.000007 -63.189831 27.995668  -0.005306 0.996865 -0.078947  0.388684 0.713858 1 1 1.000000
misc
0  0.000007 -63.189831 27.995668  -0.005306 0.996865 -0.078947  0.388684 0.713858 1 1 1.000000
0  -2.904165 -62.749386 28.023195  0.408350 0.912569 -0.021621  0.392590 0.733390 1 1 1.000000
0  -4.597119 -60.464592 28.780205  0.481016 0.573459 -0.663150  0.406262 0.740226 1 1 1.000000
misc
0  -5.670699 -59.597469 28.573751  0.606998 0.453642 0.652505  0.415052 0.747063 1 1 1.000000
0  -4.597119 -60.464592 28.780205  0.481016 0.573459 -0.663150  0.406262 0.740226 1 1 1.000000
0  -2.904165 -62.749386 28.023195  0.408350 0.912569 -0.021621  0.392590 0.733390 1 1 1.000000
misc
0  0.000007 -60.891266 28.766441  -0.003961 0.321117 -0.947031  0.402356 0.713858 1 1 1.000000
0  4.597132 -60.464592 28.780205  -0.479473 0.574699 -0.663194  0.406262 0.687490 1 1 1.000000
0  2.904179 -62.749386 28.023195  -0.403342 0.914575 -0.029457  0.392590 0.693350 1 1 1.000000
misc
0  2.904179 -62.749386 28.023195  -0.403342 0.914575 -0.029457  0.392590 0.693350 1 1 1.000000
0  0.000007 -63.189831 27.995668  -0.005306 0.996865 -0.078947  0.388684 0.713858 1 1 1.000000
0  0.000007 -60.891266 28.766441  -0.003961 0.321117 -0.947031  0.402356 0.713858 1 1 1.000000
misc
0  6.111156 -57.615475 27.816738  -0.373675 0.128103 0.918671  0.436537 0.677725 1 1 1.000000
0  0.000006 -58.496357 27.500168  0.000676 -0.334584 0.942366  0.431654 0.713858 1 1 1.000000
0  0.000007 -60.794918 26.674339  0.000370 0.107683 0.994185  0.413099 0.713858 1 1 1.000000
misc
0  0.000007 -60.794918 26.674339  0.000370 0.107683 0.994185  0.413099 0.713858 1 1 1.000000
0  3.165692 -60.037907 26.963379  -0.257658 0.069747 0.963715  0.420911 0.691397 1 1 1.000000
0  6.111156 -57.615475 27.816738  -0.373675 0.128103 0.918671  0.436537 0.677725 1 1 1.000000
misc
0  0.660671 -52.302624 31.436632  -0.000029 0.439380 -0.898301  0.512711 0.659169 1 1 1.000000
0  -0.660658 -52.302624 31.436632  -0.000031 0.439280 -0.898350  0.512711 0.659169 1 1 1.000000
0  -0.633131 -51.173992 31.808254  -0.000027 0.413272 -0.910608  0.505875 0.659169 1 1 1.000000
misc
0  -0.633131 -51.173992 31.808254  -0.000027 0.413272 -0.910608  0.505875 0.659169 1 1 1.000000
0  0.633143 -51.173992 31.808254  -0.000146 0.414057 -0.910251  0.505875 0.659169 1 1 1.000000
0  0.660671 -52.302624 31.436632  -0.000029 0.439380 -0.898301  0.512711 0.659169 1 1 1.000000
misc
0  0.743254 -56.225319 28.780205  0.007902 0.194932 -0.980785  0.535173 0.658193 1 1 1.000000
0  -0.743241 -56.225319 28.780205  -0.008010 0.195545 -0.980662  0.535173 0.658193 1 1 1.000000
0  -0.660658 -52.302624 31.436632  -0.000031 0.439280 -0.898350  0.512711 0.659169 1 1 1.000000
misc
0  -0.660658 -52.302624 31.436632  -0.000031 0.439280 -0.898350  0.512711 0.659169 1 1 1.000000
0  0.660671 -52.302624 31.436632  -0.000029 0.439380 -0.898301  0.512711 0.659169 1 1 1.000000
0  0.743254 -56.225319 28.780205  0.007902 0.194932 -0.980785  0.535173 0.658193 1 1 1.000000
misc
0  -0.192688 -30.363050 41.718227  -0.000006 -0.196848 0.980434  0.587909 0.744133 1 1 1.000000
0  -0.247743 -37.754238 38.772762  0.000000 -0.383440 0.923566  0.598651 0.316385 1 1 1.000000
0  0.261519 -37.754238 38.772762  0.000000 -0.383433 0.923569  0.598651 0.316385 1 1 1.000000
misc
0  0.261519 -37.754238 38.772762  0.000000 -0.383433 0.923569  0.598651 0.316385 1 1 1.000000
0  0.206463 -30.363050 41.718227  0.000000 -0.198634 0.980074  0.587909 0.744133 1 1 1.000000
0  -0.192688 -30.363050 41.718227  -0.000006 -0.196848 0.980434  0.587909 0.744133 1 1 1.000000
misc
0  0.495505 -52.701775 32.262459  0.939472 -0.140347 0.312561  0.511734 0.690420 1 1 1.000000
0  0.371630 -45.214245 35.441910  0.937921 -0.122306 0.324570  0.500015 0.688467 1 1 1.000000
0  0.302811 -44.828854 35.786007  0.199490 -0.375215 0.905217  0.499039 0.692373 1 1 1.000000
misc
0  0.302811 -44.828854 35.786007  0.199490 -0.375215 0.905217  0.499039 0.692373 1 1 1.000000
0  0.357866 -52.811890 32.455154  0.501638 -0.368526 0.782654  0.512711 0.694327 1 1 1.000000
0  0.495505 -52.701775 32.262459  0.939472 -0.140347 0.312561  0.511734 0.690420 1 1 1.000000
misc
0  0.495505 -52.701775 32.262459  0.939472 -0.140347 0.312561  0.511734 0.690420 1 1 1.000000
0  0.357866 -52.811890 32.455154  0.501638 -0.368526 0.782654  0.512711 0.694327 1 1 1.000000
0  0.330339 -58.675282 29.372055  0.309314 -0.445932 0.839922  0.546892 0.691397 1 1 1.000000
misc
0  0.330339 -58.675282 29.372055  0.309314 -0.445932 0.839922  0.546892 0.691397 1 1 1.000000
0  0.454214 -58.248608 29.316996  0.932764 -0.174693 0.315332  0.544939 0.686514 1 1 1.000000
0  0.495505 -52.701775 32.262459  0.939472 -0.140347 0.312561  0.511734 0.690420 1 1 1.000000
misc
0  0.000005 -29.523455 41.704464  -0.874191 0.186182 -0.448471  0.563494 0.780267 1 1 1.000000
0  0.000006 -37.423904 38.222206  -0.932978 0.144916 -0.329470  0.563494 0.318339 1 1 1.000000
0  -0.247743 -37.754238 38.772762  -0.931097 0.146181 -0.334200  0.598651 0.316385 1 1 1.000000
misc
0  -0.247743 -37.754238 38.772762  -0.931097 0.146181 -0.334200  0.598651 0.316385 1 1 1.000000
0  -0.192688 -30.363050 41.718227  -0.861346 0.193403 -0.469764  0.587909 0.744133 1 1 1.000000
0  0.000005 -29.523455 41.704464  -0.874191 0.186182 -0.448471  0.563494 0.780267 1 1 1.000000
misc
0  -0.633131 -51.173992 31.808254  -0.983876 -0.050867 0.171466  0.505875 0.659169 1 1 1.000000
0  -0.660658 -52.302624 31.436632  -0.979309 -0.070495 0.189694  0.512711 0.659169 1 1 1.000000
0  -0.481728 -52.701775 32.262459  -0.941654 -0.136946 0.307464  0.511734 0.690420 1 1 1.000000
misc
0  -0.481728 -52.701775 32.262459  -0.941654 -0.136946 0.307464  0.511734 0.690420 1 1 1.000000
0  -0.357854 -45.214245 35.441910  -0.941326 -0.123199 0.314209  0.500015 0.688467 1 1 1.000000
0  -0.633131 -51.173992 31.808254  -0.983876 -0.050867 0.171466  0.505875 0.659169 1 1 1.000000
misc
0  0.000006 -37.423904 38.222206  -0.932992 0.144904 -0.329437  0.563494 0.318339 1 1 1.000000
0  0.000006 -51.173992 31.808254  -0.960688 0.117351 -0.251611  0.563494 0.796869 1 1 1.000000
0  -0.261507 -45.338120 35.496964  -0.960017 0.118063 -0.253826  0.590838 0.576159 1 1 1.000000
misc
0  -0.261507 -45.338120 35.496964  -0.960003 0.118078 -0.253874  0.590838 0.576159 1 1 1.000000
0  -0.247743 -37.754238 38.772762  -0.931111 0.146139 -0.334180  0.598651 0.316385 1 1 1.000000
0  0.000006 -37.423904 38.222206  -0.932976 0.144911 -0.329478  0.563494 0.318339 1 1 1.000000
misc
0  -0.660658 -52.302624 31.436632  -0.979309 -0.070495 0.189694  0.512711 0.659169 1 1 1.000000
0  -0.743241 -56.225319 28.780205  -0.979392 -0.100393 0.175248  0.535173 0.658193 1 1 1.000000
0  -0.440437 -58.248608 29.316996  -0.943620 -0.160810 0.289346  0.544939 0.686514 1 1 1.000000
misc
0  -0.440437 -58.248608 29.316996  -0.943620 -0.160810 0.289346  0.544939 0.686514 1 1 1.000000
0  -0.481728 -52.701775 32.262459  -0.941654 -0.136946 0.307464  0.511734 0.690420 1 1 1.000000
0  -0.660658 -52.302624 31.436632  -0.979309 -0.070495 0.189694  0.512711 0.659169 1 1 1.000000
misc
0  0.743254 -56.225319 28.780205  0.007760 0.194859 -0.980801  0.535173 0.658193 1 1 1.000000
0  0.454214 -58.248608 29.316996  0.707720 -0.275828 -0.650423  0.544939 0.686514 1 1 1.000000
0  0.330339 -58.675282 29.372055  0.055558 -0.244564 -0.968040  0.546892 0.691397 1 1 1.000000
misc
0  0.743254 -56.225319 28.780205  0.007921 0.194714 -0.980828  0.535173 0.658193 1 1 1.000000
0  0.330339 -58.675282 29.372055  0.055709 -0.244600 -0.968022  0.546892 0.691397 1 1 1.000000
0  -0.330326 -58.675282 29.372055  -0.056953 -0.244698 -0.967925  0.546892 0.691397 1 1 1.000000
misc
0  -0.330326 -58.675282 29.372055  -0.056779 -0.244667 -0.967943  0.546892 0.691397 1 1 1.000000
0  -0.440437 -58.248608 29.316996  -0.806426 -0.262366 -0.529944  0.544939 0.686514 1 1 1.000000
0  -0.743241 -56.225319 28.780205  -0.008009 0.195352 -0.980701  0.535173 0.658193 1 1 1.000000
misc
0  0.743254 -56.225319 28.780205  0.007947 0.194715 -0.980828  0.535173 0.658193 1 1 1.000000
0  -0.330326 -58.675282 29.372055  -0.056953 -0.244697 -0.967925  0.546892 0.691397 1 1 1.000000
0  -0.743241 -56.225319 28.780205  -0.007969 0.195373 -0.980697  0.535173 0.658193 1 1 1.000000
misc
0  0.743254 -56.225319 28.780205  0.980988 -0.096818 0.168191  0.535173 0.658193 1 1 1.000000
0  0.660671 -52.302624 31.436632  0.981689 -0.065303 0.178947  0.512711 0.659169 1 1 1.000000
0  0.495505 -52.701775 32.262459  0.939653 -0.140159 0.312103  0.511734 0.690420 1 1 1.000000
misc
0  0.495505 -52.701775 32.262459  0.939653 -0.140159 0.312103  0.511734 0.690420 1 1 1.000000
0  0.454214 -58.248608 29.316996  0.932866 -0.174554 0.315106  0.544939 0.686514 1 1 1.000000
0  0.743254 -56.225319 28.780205  0.980988 -0.096818 0.168191  0.535173 0.658193 1 1 1.000000
misc
0  0.000006 -37.423904 38.222206  0.925853 0.147888 -0.347744  0.563494 0.318339 1 1 1.000000
0  0.261519 -37.754238 38.772762  0.925654 0.148042 -0.348208  0.598651 0.316385 1 1 1.000000
0  0.261519 -45.338120 35.496964  0.957413 0.121780 -0.261781  0.590838 0.576159 1 1 1.000000
misc
0  0.261519 -45.338120 35.496964  0.957413 0.121780 -0.261781  0.590838 0.576159 1 1 1.000000
0  0.000006 -51.173992 31.808254  0.958202 0.120942 -0.259273  0.563494 0.796869 1 1 1.000000
0  0.000006 -37.423904 38.222206  0.925853 0.147888 -0.347744  0.563494 0.318339 1 1 1.000000
misc
0  0.633143 -51.173992 31.808254  0.985762 -0.046693 0.161534  0.505875 0.659169 1 1 1.000000
0  0.371630 -45.214245 35.441910  0.937816 -0.122971 0.324622  0.500015 0.688467 1 1 1.000000
0  0.495505 -52.701775 32.262459  0.939654 -0.140109 0.312123  0.511734 0.690420 1 1 1.000000
misc
0  0.495505 -52.701775 32.262459  0.939654 -0.140109 0.312123  0.511734 0.690420 1 1 1.000000
0  0.660671 -52.302624 31.436632  0.981691 -0.065278 0.178944  0.512711 0.659169 1 1 1.000000
0  0.633143 -51.173992 31.808254  0.985762 -0.046693 0.161534  0.505875 0.659169 1 1 1.000000
misc
0  0.000006 -37.423904 38.222206  0.925853 0.147888 -0.347744  0.563494 0.318339 1 1 1.000000
0  0.000005 -29.523455 41.704464  0.853844 0.210280 -0.476165  0.563494 0.780267 1 1 1.000000
0  0.206463 -30.363050 41.718227  0.856504 0.208284 -0.472249  0.587909 0.744133 1 1 1.000000
misc
0  0.206463 -30.363050 41.718227  0.856504 0.208284 -0.472249  0.587909 0.744133 1 1 1.000000
0  0.261519 -37.754238 38.772762  0.925654 0.148042 -0.348208  0.598651 0.316385 1 1 1.000000
0  0.000006 -37.423904 38.222206  0.925853 0.147888 -0.347744  0.563494 0.318339 1 1 1.000000
misc
0  -0.192688 -30.363050 41.718227  -0.000006 -0.196848 0.980434  0.587909 0.744133 1 1 1.000000
0  0.206463 -30.363050 41.718227  0.000000 -0.198634 0.980074  0.587909 0.744133 1 1 1.000000
0  0.000005 -29.523455 41.704464  -0.000028 0.015480 0.999880  0.563494 0.780267 1 1 1.000000
misc
0  -0.261507 -45.338120 35.496964  -0.000000 -0.395520 0.918457  0.590838 0.576159 1 1 1.000000
0  0.261519 -45.338120 35.496964  0.000000 -0.395476 0.918476  0.590838 0.576159 1 1 1.000000
0  0.261519 -37.754238 38.772762  0.000000 -0.383433 0.923569  0.598651 0.316385 1 1 1.000000
misc
0  0.261519 -37.754238 38.772762  0.000000 -0.383433 0.923569  0.598651 0.316385 1 1 1.000000
0  -0.247743 -37.754238 38.772762  0.000000 -0.383440 0.923566  0.598651 0.316385 1 1 1.000000
0  -0.261507 -45.338120 35.496964  -0.000000 -0.395520 0.918457  0.590838 0.576159 1 1 1.000000
misc
0  0.633143 -51.173992 31.808254  -0.000160 0.414364 -0.910111  0.505875 0.659169 1 1 1.000000
0  -0.633131 -51.173992 31.808254  -0.000025 0.413579 -0.910468  0.505875 0.659169 1 1 1.000000
0  -0.357854 -45.214245 35.441910  0.552774 0.499657 -0.666922  0.500015 0.688467 1 1 1.000000
misc
0  0.633143 -51.173992 31.808254  -0.000159 0.414370 -0.910108  0.505875 0.659169 1 1 1.000000
0  -0.357854 -45.214245 35.441910  0.552757 0.499639 -0.666949  0.500015 0.688467 1 1 1.000000
0  -0.289035 -44.828854 35.786007  0.107129 0.540545 -0.834467  0.499039 0.692373 1 1 1.000000
misc
0  0.633143 -51.173992 31.808254  -0.000159 0.414370 -0.910108  0.505875 0.659169 1 1 1.000000
0  -0.289035 -44.828854 35.786007  0.107129 0.540545 -0.834467  0.499039 0.692373 1 1 1.000000
0  0.302811 -44.828854 35.786007  -0.106971 0.525216 -0.844219  0.499039 0.692373 1 1 1.000000
misc
0  0.633143 -51.173992 31.808254  -0.000159 0.414370 -0.910108  0.505875 0.659169 1 1 1.000000
0  0.302811 -44.828854 35.786007  -0.106971 0.525216 -0.844219  0.499039 0.692373 1 1 1.000000
0  0.371630 -45.214245 35.441910  -0.881858 0.216267 -0.418992  0.500015 0.688467 1 1 1.000000
misc
0  -0.357854 -45.214245 35.441910  -0.941224 -0.123325 0.314464  0.500015 0.688467 1 1 1.000000
0  -0.481728 -52.701775 32.262459  -0.941479 -0.137136 0.307915  0.511734 0.690420 1 1 1.000000
0  -0.357854 -52.811890 32.455154  -0.511478 -0.365078 0.777887  0.512711 0.694327 1 1 1.000000
misc
0  -0.357854 -52.811890 32.455154  -0.511478 -0.365078 0.777887  0.512711 0.694327 1 1 1.000000
0  -0.289035 -44.828854 35.786007  -0.199952 -0.376030 0.904777  0.499039 0.692373 1 1 1.000000
0  -0.357854 -45.214245 35.441910  -0.941224 -0.123325 0.314464  0.500015 0.688467 1 1 1.000000
misc
0  -0.481728 -52.701775 32.262459  -0.941483 -0.137197 0.307874  0.511734 0.690420 1 1 1.000000
0  -0.440437 -58.248608 29.316996  -0.943522 -0.160940 0.289593  0.544939 0.686514 1 1 1.000000
0  -0.330326 -58.675282 29.372055  -0.315484 -0.444907 0.838169  0.546892 0.691397 1 1 1.000000
misc
0  -0.330326 -58.675282 29.372055  -0.315484 -0.444907 0.838169  0.546892 0.691397 1 1 1.000000
0  -0.357854 -52.811890 32.455154  -0.511474 -0.365098 0.777880  0.512711 0.694327 1 1 1.000000
0  -0.481728 -52.701775 32.262459  -0.941483 -0.137197 0.307874  0.511734 0.690420 1 1 1.000000
misc
0  -0.289035 -44.828854 35.786007  -0.199952 -0.376030 0.904777  0.499039 0.692373 1 1 1.000000
0  -0.357854 -52.811890 32.455154  -0.511478 -0.365078 0.777887  0.512711 0.694327 1 1 1.000000
0  0.357866 -52.811890 32.455154  0.501638 -0.368526 0.782654  0.512711 0.694327 1 1 1.000000
misc
0  0.357866 -52.811890 32.455154  0.501638 -0.368526 0.782654  0.512711 0.694327 1 1 1.000000
0  0.302811 -44.828854 35.786007  0.199490 -0.375215 0.905217  0.499039 0.692373 1 1 1.000000
0  -0.289035 -44.828854 35.786007  -0.199952 -0.376030 0.904777  0.499039 0.692373 1 1 1.000000
misc
0  -0.357854 -52.811890 32.455154  -0.511474 -0.365098 0.777880  0.512711 0.694327 1 1 1.000000
0  -0.330326 -58.675282 29.372055  -0.315484 -0.444907 0.838169  0.546892 0.691397 1 1 1.000000
0  0.330339 -58.675282 29.372055  0.309295 -0.445922 0.839935  0.546892 0.691397 1 1 1.000000
misc
0  0.330339 -58.675282 29.372055  0.309295 -0.445922 0.839935  0.546892 0.691397 1 1 1.000000
0  0.357866 -52.811890 32.455154  0.501493 -0.368626 0.782700  0.512711 0.694327 1 1 1.000000
0  -0.357854 -52.811890 32.455154  -0.511474 -0.365098 0.777880  0.512711 0.694327 1 1 1.000000
misc
0  -0.357854 -45.214245 35.441910  0.001254 0.520980 -0.853568  0.464858 0.413068 1 1 1.000000
0  0.371630 -45.214245 35.441910  0.001040 0.520992 -0.853561  0.464858 0.413068 1 1 1.000000
0  -0.633131 -51.173992 31.808254  0.000000 0.520572 -0.853818  0.501968 0.400372 1 1 1.000000
misc
0  0.633143 -51.173992 31.808254  0.000000 0.520572 -0.853818  0.501968 0.400372 1 1 1.000000
0  -0.633131 -51.173992 31.808254  0.000000 0.520572 -0.853818  0.501968 0.400372 1 1 1.000000
0  0.371630 -45.214245 35.441910  0.001040 0.520992 -0.853561  0.464858 0.413068 1 1 1.000000
misc
0  1.472739 -59.033146 29.110538  0.592538 -0.228092 0.772575  0.394543 0.749992 1 1 1.000000
0  1.720487 -56.734585 28.532457  0.602645 0.131578 0.787087  0.375988 0.756829 1 1 1.000000
0  0.770782 -56.115211 28.986664  0.223060 0.186187 0.956859  0.364269 0.734367 1 1 1.000000
misc
0  0.770782 -56.115211 28.986664  0.223060 0.186187 0.956859  0.364269 0.734367 1 1 1.000000
0  0.798310 -58.647755 29.495928  0.226520 -0.114451 0.967259  0.384777 0.735343 1 1 1.000000
0  1.472739 -59.033146 29.110538  0.592538 -0.228092 0.772575  0.394543 0.749992 1 1 1.000000
misc
0  -1.266267 -63.052189 26.894562  -0.303215 -0.487631 0.818704  0.465835 0.681631 1 1 1.000000
0  -1.445197 -59.033146 29.124304  -0.590469 -0.230068 0.773573  0.394543 0.677725 1 1 1.000000
0  -2.422431 -58.179787 27.830502  -0.823894 -0.104368 0.557051  0.398450 0.653310 1 1 1.000000
misc
0  -2.422431 -58.179787 27.830502  -0.823894 -0.104368 0.557051  0.398450 0.653310 1 1 1.000000
0  -2.147154 -61.028900 26.591755  -0.830863 -0.289461 0.475267  0.436537 0.660146 1 1 1.000000
0  -1.266267 -63.052189 26.894562  -0.303215 -0.487631 0.818704  0.465835 0.681631 1 1 1.000000
misc
0  -2.422431 -58.179787 27.830502  -0.823894 -0.104368 0.557051  0.398450 0.653310 1 1 1.000000
0  -1.445197 -59.033146 29.124304  -0.590469 -0.230068 0.773573  0.394543 0.677725 1 1 1.000000
0  -1.706711 -56.734585 28.532457  -0.604114 0.132675 0.785776  0.375988 0.670888 1 1 1.000000
misc
0  1.472739 -59.033146 29.110538  0.592538 -0.228092 0.772575  0.394543 0.749992 1 1 1.000000
0  2.394916 -58.179787 27.830502  0.835600 -0.099505 0.540251  0.398450 0.773431 1 1 1.000000
0  1.720487 -56.734585 28.532457  0.602645 0.131578 0.787087  0.375988 0.756829 1 1 1.000000
misc
0  1.472739 -59.033146 29.110538  0.592538 -0.228092 0.772575  0.394543 0.749992 1 1 1.000000
0  1.280045 -63.052189 26.894562  0.306000 -0.489244 0.816703  0.465835 0.746086 1 1 1.000000
0  2.119639 -61.028900 26.591755  0.850287 -0.283273 0.443585  0.436537 0.766594 1 1 1.000000
misc
0  2.119639 -61.028900 26.591755  0.850287 -0.283273 0.443585  0.436537 0.766594 1 1 1.000000
0  2.394916 -58.179787 27.830502  0.835600 -0.099505 0.540251  0.398450 0.773431 1 1 1.000000
0  1.472739 -59.033146 29.110538  0.592538 -0.228092 0.772575  0.394543 0.749992 1 1 1.000000
misc
0  -0.784533 -56.115211 28.986664  -0.226629 0.186312 0.955995  0.364269 0.692373 1 1 1.000000
0  -1.706711 -56.734585 28.532457  -0.604114 0.132675 0.785776  0.375988 0.670888 1 1 1.000000
0  -1.445197 -59.033146 29.124304  -0.590469 -0.230068 0.773573  0.394543 0.677725 1 1 1.000000
misc
0  -1.445197 -59.033146 29.124304  -0.590469 -0.230068 0.773573  0.394543 0.677725 1 1 1.000000
0  -0.812060 -58.647755 29.495928  -0.232965 -0.113876 0.965795  0.384777 0.691397 1 1 1.000000
0  -0.784533 -56.115211 28.986664  -0.226629 0.186312 0.955995  0.364269 0.692373 1 1 1.000000
misc
0  0.770782 -56.115211 28.986664  0.223060 0.186187 0.956859  0.364269 0.734367 1 1 1.000000
0  -0.784533 -56.115211 28.986664  -0.226277 0.186332 0.956075  0.364269 0.692373 1 1 1.000000
0  -0.812060 -58.647755 29.495928  -0.232763 -0.113572 0.965879  0.384777 0.691397 1 1 1.000000
misc
0  -0.812060 -58.647755 29.495928  -0.232763 -0.113572 0.965879  0.384777 0.691397 1 1 1.000000
0  0.798310 -58.647755 29.495928  0.226520 -0.114451 0.967259  0.384777 0.735343 1 1 1.000000
0  0.770782 -56.115211 28.986664  0.223060 0.186187 0.956859  0.364269 0.734367 1 1 1.000000
misc
0  -1.266267 -63.052189 26.894562  -0.303215 -0.487631 0.818704  0.465835 0.681631 1 1 1.000000
0  -0.812060 -58.647755 29.495928  -0.232965 -0.113876 0.965795  0.384777 0.691397 1 1 1.000000
0  -1.445197 -59.033146 29.124304  -0.590469 -0.230068 0.773573  0.394543 0.677725 1 1 1.000000
misc
0  0.798310 -58.647755 29.495928  0.226474 -0.114657 0.967245  0.384777 0.735343 1 1 1.000000
0  -0.812060 -58.647755 29.495928  -0.232965 -0.113876 0.965795  0.384777 0.691397 1 1 1.000000
0  -1.266267 -63.052189 26.894562  -0.303215 -0.487631 0.818704  0.465835 0.681631 1 1 1.000000
misc
0  -1.266267 -63.052189 26.894562  -0.303215 -0.487631 0.818704  0.465835 0.681631 1 1 1.000000
0  1.280045 -63.052189 26.894562  0.305840 -0.489261 0.816753  0.465835 0.746086 1 1 1.000000
0  0.798310 -58.647755 29.495928  0.226474 -0.114657 0.967245  0.384777 0.735343 1 1 1.000000
misc
0  0.798310 -58.647755 29.495928  0.226520 -0.114451 0.967259  0.384777 0.735343 1 1 1.000000
0  1.280045 -63.052189 26.894562  0.306000 -0.489244 0.816703  0.465835 0.746086 1 1 1.000000
0  1.472739 -59.033146 29.110538  0.592538 -0.228092 0.772575  0.394543 0.749992 1 1 1.000000
misc
0  6.799344 9.070377 43.934204  0.068092 0.126938 0.989571  0.782250 0.225562 1 1 1.000000
0  6.551594 18.594959 42.433945  0.052783 0.156287 0.986300  0.782250 0.225562 1 1 1.000000
0  6.358900 18.594959 42.447708  0.053053 0.156287 0.986286  0.782250 0.225562 1 1 1.000000
misc
0  6.358900 18.594959 42.447708  0.053053 0.156287 0.986286  0.782250 0.225562 1 1 1.000000
0  6.592886 9.070377 43.947968  0.068336 0.127838 0.989438  0.782250 0.225562 1 1 1.000000
0  6.799344 9.070377 43.934204  0.068092 0.126938 0.989571  0.782250 0.225562 1 1 1.000000
misc
0  6.730525 0.123875 44.828854  0.066988 0.074986 0.994932  0.782250 0.225562 1 1 1.000000
0  6.813108 -5.367900 45.104130  0.058844 0.020563 0.998055  0.782250 0.225562 1 1 1.000000
0  7.005803 -5.381664 45.090366  0.059309 0.020777 0.998023  0.783227 0.225562 1 1 1.000000
misc
0  7.005803 -5.381664 45.090366  0.059309 0.020777 0.998023  0.783227 0.225562 1 1 1.000000
0  6.936983 0.110111 44.815090  0.067018 0.074038 0.995001  0.783227 0.225562 1 1 1.000000
0  6.730525 0.123875 44.828854  0.066988 0.074986 0.994932  0.782250 0.225562 1 1 1.000000
misc
0  6.455249 -10.116428 45.076603  0.032195 -0.014275 0.999380  0.782250 0.225562 1 1 1.000000
0  7.005803 -5.381664 45.090366  0.059309 0.020777 0.998023  0.783227 0.225562 1 1 1.000000
0  6.813108 -5.367900 45.104130  0.058844 0.020563 0.998055  0.782250 0.225562 1 1 1.000000
misc
0  6.813108 -5.367900 45.104130  0.058844 0.020563 0.998055  0.782250 0.225562 1 1 1.000000
0  6.235028 -10.047609 45.076603  0.031481 -0.014953 0.999393  0.782250 0.225562 1 1 1.000000
0  6.455249 -10.116428 45.076603  0.032195 -0.014275 0.999380  0.782250 0.225562 1 1 1.000000
misc
0  5.120156 -12.181006 45.062840  0.024584 -0.018139 0.999533  0.782250 0.225562 1 1 1.000000
0  6.455249 -10.116428 45.076603  0.032195 -0.014275 0.999380  0.782250 0.225562 1 1 1.000000
0  6.235028 -10.047609 45.076603  0.031481 -0.014953 0.999393  0.782250 0.225562 1 1 1.000000
misc
0  6.235028 -10.047609 45.076603  0.031481 -0.014953 0.999393  0.782250 0.225562 1 1 1.000000
0  4.982517 -12.029603 45.076603  0.024437 -0.018061 0.999538  0.781274 0.225562 1 1 1.000000
0  5.120156 -12.181006 45.062840  0.024584 -0.018139 0.999533  0.782250 0.225562 1 1 1.000000
misc
0  4.982517 -12.029603 45.076603  0.024437 -0.018061 0.999538  0.781274 0.225562 1 1 1.000000
0  2.917940 -12.951781 45.117893  0.018991 -0.021876 0.999580  0.780297 0.225562 1 1 1.000000
0  2.972996 -13.158239 45.104130  0.018287 -0.021600 0.999599  0.780297 0.225562 1 1 1.000000
misc
0  2.972996 -13.158239 45.104130  0.018287 -0.021600 0.999599  0.780297 0.225562 1 1 1.000000
0  5.120156 -12.181006 45.062840  0.024584 -0.018139 0.999533  0.782250 0.225562 1 1 1.000000
0  4.982517 -12.029603 45.076603  0.024437 -0.018061 0.999538  0.781274 0.225562 1 1 1.000000
misc
0  2.917940 -12.951781 45.117893  0.018991 -0.021876 0.999580  0.780297 0.225562 1 1 1.000000
0  0.000004 -13.337170 45.131657  0.000671 -0.041033 0.999158  0.779321 0.225562 1 1 1.000000
0  0.000004 -13.516099 45.131657  0.000584 -0.040959 0.999161  0.779321 0.225562 1 1 1.000000
misc
0  0.000004 -13.516099 45.131657  0.000584 -0.040959 0.999161  0.779321 0.225562 1 1 1.000000
0  2.972996 -13.158239 45.104130  0.018287 -0.021600 0.999599  0.780297 0.225562 1 1 1.000000
0  2.917940 -12.951781 45.117893  0.018991 -0.021876 0.999580  0.780297 0.225562 1 1 1.000000
misc
0  24.293196 17.906769 39.763756  0.979034 0.003885 0.203662  0.792016 0.225562 1 1 1.000000
0  24.403305 17.576437 39.240730  0.971706 -0.029756 0.234311  0.792016 0.225562 1 1 1.000000
0  24.293196 18.071934 39.749992  0.898484 -0.204128 0.388661  0.792016 0.225562 1 1 1.000000
misc
0  23.838991 -1.293800 40.837341  0.904679 -0.028878 0.425114  0.791040 0.225562 1 1 1.000000
0  23.178324 -9.882442 41.098850  0.836569 -0.102850 0.538121  0.791040 0.225562 1 1 1.000000
0  23.453602 -9.992552 40.658405  0.835356 -0.111226 0.538339  0.791040 0.225562 1 1 1.000000
misc
0  23.453602 -9.992552 40.658405  0.835356 -0.111226 0.538339  0.791040 0.225562 1 1 1.000000
0  24.059210 -1.472730 40.341839  0.905649 -0.034360 0.422633  0.792016 0.225562 1 1 1.000000
0  23.838991 -1.293800 40.837341  0.904679 -0.028878 0.425114  0.791040 0.225562 1 1 1.000000
misc
0  23.205854 -11.121187 40.685936  0.828285 -0.163397 0.535952  0.791040 0.225562 1 1 1.000000
0  23.453602 -9.992552 40.658405  0.835356 -0.111226 0.538339  0.791040 0.225562 1 1 1.000000
0  23.178324 -9.882442 41.098850  0.836569 -0.102850 0.538121  0.791040 0.225562 1 1 1.000000
misc
0  23.205854 -11.121187 40.685936  0.828285 -0.163397 0.535952  0.791040 0.225562 1 1 1.000000
0  23.178324 -9.882442 41.098850  0.836569 -0.102850 0.538121  0.791040 0.225562 1 1 1.000000
0  21.843231 -16.021118 41.291546  0.830001 -0.244916 0.501114  0.790063 0.225562 1 1 1.000000
misc
0  23.205854 -11.121187 40.685936  0.828288 -0.163408 0.535944  0.791040 0.225562 1 1 1.000000
0  21.843231 -16.021118 41.291546  0.829977 -0.245067 0.501080  0.790063 0.225562 1 1 1.000000
0  22.104744 -16.089937 40.823578  0.835782 -0.240797 0.493443  0.791040 0.225562 1 1 1.000000
misc
0  17.631495 -23.536180 41.222725  0.503864 -0.512444 0.695358  0.788110 0.225562 1 1 1.000000
0  20.425556 -20.177801 41.030033  0.669748 -0.374957 0.640972  0.790063 0.225562 1 1 1.000000
0  20.108986 -20.012634 41.442947  0.658221 -0.381840 0.648802  0.789087 0.225562 1 1 1.000000
misc
0  20.108986 -20.012634 41.442947  0.658221 -0.381840 0.648802  0.789087 0.225562 1 1 1.000000
0  17.356218 -23.260902 41.621876  0.497410 -0.518443 0.695558  0.788110 0.225562 1 1 1.000000
0  17.631495 -23.536180 41.222725  0.503864 -0.512444 0.695358  0.788110 0.225562 1 1 1.000000
misc
0  20.425556 -20.177801 41.030033  0.669748 -0.374957 0.640972  0.790063 0.225562 1 1 1.000000
0  22.104744 -16.089937 40.823578  0.835782 -0.240797 0.493443  0.791040 0.225562 1 1 1.000000
0  21.843231 -16.021118 41.291546  0.829977 -0.245067 0.501080  0.790063 0.225562 1 1 1.000000
misc
0  21.843231 -16.021118 41.291546  0.829977 -0.245067 0.501080  0.790063 0.225562 1 1 1.000000
0  20.108986 -20.012634 41.442947  0.658221 -0.381840 0.648802  0.789087 0.225562 1 1 1.000000
0  20.425556 -20.177801 41.030033  0.669748 -0.374957 0.640972  0.790063 0.225562 1 1 1.000000
misc
0  13.061897 -26.591753 41.470474  0.369862 -0.691549 0.620453  0.786157 0.225562 1 1 1.000000
0  17.631495 -23.536180 41.222725  0.503864 -0.512444 0.695358  0.788110 0.225562 1 1 1.000000
0  17.356218 -23.260902 41.621876  0.497410 -0.518443 0.695558  0.788110 0.225562 1 1 1.000000
misc
0  17.356218 -23.260902 41.621876  0.497410 -0.518443 0.695558  0.788110 0.225562 1 1 1.000000
0  12.910495 -26.330240 41.842098  0.358831 -0.697745 0.619993  0.786157 0.225562 1 1 1.000000
0  13.061897 -26.591753 41.470474  0.369862 -0.691549 0.620453  0.786157 0.225562 1 1 1.000000
misc
0  6.702999 -28.642569 41.621876  0.154653 -0.690166 0.706932  0.782250 0.225562 1 1 1.000000
0  13.061897 -26.591753 41.470474  0.369862 -0.691549 0.620453  0.786157 0.225562 1 1 1.000000
0  12.910495 -26.330240 41.842098  0.358831 -0.697745 0.619993  0.786157 0.225562 1 1 1.000000
misc
0  12.910495 -26.330240 41.842098  0.358831 -0.697745 0.619993  0.786157 0.225562 1 1 1.000000
0  6.634180 -28.243418 42.034794  0.154110 -0.685098 0.711962  0.782250 0.225562 1 1 1.000000
0  6.702999 -28.642569 41.621876  0.154653 -0.690166 0.706932  0.782250 0.225562 1 1 1.000000
misc
0  0.000005 -29.316996 41.731991  -0.005614 -0.595587 0.803271  0.779321 0.225562 1 1 1.000000
0  6.702999 -28.642569 41.621876  0.154653 -0.690166 0.706932  0.782250 0.225562 1 1 1.000000
0  6.634180 -28.243418 42.034794  0.154110 -0.685098 0.711962  0.782250 0.225562 1 1 1.000000
misc
0  6.634180 -28.243418 42.034794  0.154110 -0.685098 0.711962  0.782250 0.225562 1 1 1.000000
0  0.000005 -28.835264 42.103611  -0.006200 -0.595333 0.803455  0.779321 0.225562 1 1 1.000000
0  0.000005 -29.316996 41.731991  -0.005614 -0.595587 0.803271  0.779321 0.225562 1 1 1.000000
misc
0  24.169319 8.409714 40.438187  0.950377 -0.001335 0.311098  0.792016 0.225562 1 1 1.000000
0  23.838991 -1.293800 40.837341  0.904679 -0.028878 0.425114  0.791040 0.225562 1 1 1.000000
0  24.059210 -1.472730 40.341839  0.905649 -0.034360 0.422633  0.792016 0.225562 1 1 1.000000
misc
0  24.059210 -1.472730 40.341839  0.905649 -0.034360 0.422633  0.792016 0.225562 1 1 1.000000
0  24.348249 8.313367 39.887630  0.951507 -0.002877 0.307613  0.792016 0.225562 1 1 1.000000
0  24.169319 8.409714 40.438187  0.950377 -0.001335 0.311098  0.792016 0.225562 1 1 1.000000
misc
0  6.592886 9.070377 43.947968  0.068336 0.127838 0.989438  0.782250 0.225562 1 1 1.000000
0  6.730525 0.123875 44.828854  0.066988 0.074986 0.994932  0.782250 0.225562 1 1 1.000000
0  6.936983 0.110111 44.815090  0.067018 0.074038 0.995001  0.783227 0.225562 1 1 1.000000
misc
0  6.936983 0.110111 44.815090  0.067018 0.074038 0.995001  0.783227 0.225562 1 1 1.000000
0  6.799344 9.070377 43.934204  0.068092 0.126938 0.989571  0.782250 0.225562 1 1 1.000000
0  6.592886 9.070377 43.947968  0.068336 0.127838 0.989438  0.782250 0.225562 1 1 1.000000
misc
0  26.880800 -12.882959 37.809288  0.624849 -0.069813 0.777618  0.792993 0.225562 1 1 1.000000
0  23.453602 -9.992552 40.658405  0.581669 -0.106028 0.806486  0.791040 0.225562 1 1 1.000000
0  23.205854 -11.121187 40.685936  0.583407 -0.101406 0.805824  0.791040 0.225562 1 1 1.000000
misc
0  23.205854 -11.121187 40.685936  0.583407 -0.101406 0.805824  0.791040 0.225562 1 1 1.000000
0  26.729399 -13.984069 37.836819  0.649611 -0.070649 0.756977  0.792993 0.225562 1 1 1.000000
0  26.880800 -12.882959 37.809288  0.624849 -0.069813 0.777618  0.792993 0.225562 1 1 1.000000
misc
0  30.445637 -16.351450 34.148106  0.696169 -0.080153 0.713389  0.794946 0.225562 1 1 1.000000
0  26.880800 -12.882959 37.809288  0.624849 -0.069813 0.777618  0.792993 0.225562 1 1 1.000000
0  26.729399 -13.984069 37.836819  0.649611 -0.070649 0.756977  0.792993 0.225562 1 1 1.000000
misc
0  26.729399 -13.984069 37.836819  0.649611 -0.070649 0.756977  0.792993 0.225562 1 1 1.000000
0  30.280472 -17.438795 34.189400  0.712797 -0.083670 0.696362  0.794946 0.225562 1 1 1.000000
0  30.445637 -16.351450 34.148106  0.696169 -0.080153 0.713389  0.794946 0.225562 1 1 1.000000
misc
0  32.840546 -19.049164 31.216408  0.730858 -0.088912 0.676714  0.795923 0.225562 1 1 1.000000
0  30.445637 -16.351450 34.148106  0.696169 -0.080153 0.713389  0.794946 0.225562 1 1 1.000000
0  30.280472 -17.438795 34.189400  0.712797 -0.083670 0.696362  0.794946 0.225562 1 1 1.000000
misc
0  30.280472 -17.438795 34.189400  0.712797 -0.083670 0.696362  0.794946 0.225562 1 1 1.000000
0  32.730434 -20.260384 31.175116  0.730679 -0.089175 0.676872  0.795923 0.225562 1 1 1.000000
0  32.840546 -19.049164 31.216408  0.730858 -0.088912 0.676714  0.795923 0.225562 1 1 1.000000
misc
0  24.293196 17.906769 39.763756  0.979034 0.003885 0.203662  0.792016 0.225562 1 1 1.000000
0  24.169319 8.409714 40.438187  0.950377 -0.001335 0.311098  0.792016 0.225562 1 1 1.000000
0  24.348249 8.313367 39.887630  0.951507 -0.002877 0.307613  0.792016 0.225562 1 1 1.000000
misc
0  24.348249 8.313367 39.887630  0.951507 -0.002877 0.307613  0.792016 0.225562 1 1 1.000000
0  24.403305 17.576437 39.240730  0.971706 -0.029756 0.234311  0.792016 0.225562 1 1 1.000000
0  24.293196 17.906769 39.763756  0.979034 0.003885 0.203662  0.792016 0.225562 1 1 1.000000
misc
0  24.403305 17.576437 39.240730  0.971706 -0.029756 0.234311  0.792016 0.225562 1 1 1.000000
0  24.417070 18.195810 39.626122  0.814497 -0.319230 0.484444  0.792016 0.225562 1 1 1.000000
0  24.293196 18.071934 39.749992  0.898484 -0.204128 0.388661  0.792016 0.225562 1 1 1.000000
misc
0  -6.579118 18.594959 42.433945  -0.052947 0.156430 0.986269  0.782250 0.225562 1 1 1.000000
0  -6.826866 9.070375 43.934204  -0.068230 0.126805 0.989578  0.782250 0.225562 1 1 1.000000
0  -6.620409 9.070375 43.947968  -0.068327 0.127647 0.989463  0.782250 0.225562 1 1 1.000000
misc
0  -6.620409 9.070375 43.947968  -0.068327 0.127647 0.989463  0.782250 0.225562 1 1 1.000000
0  -6.386424 18.594959 42.447708  -0.052775 0.156506 0.986266  0.782250 0.225562 1 1 1.000000
0  -6.579118 18.594959 42.433945  -0.052947 0.156430 0.986269  0.782250 0.225562 1 1 1.000000
misc
0  -6.813101 -5.367901 45.104130  -0.059316 0.020052 0.998038  0.782250 0.225562 1 1 1.000000
0  -6.758046 0.123874 44.828854  -0.067056 0.074898 0.994934  0.782250 0.225562 1 1 1.000000
0  -6.964504 0.110110 44.815090  -0.067031 0.073926 0.995008  0.783227 0.225562 1 1 1.000000
misc
0  -6.964504 0.110110 44.815090  -0.067031 0.073926 0.995008  0.783227 0.225562 1 1 1.000000
0  -7.005795 -5.381665 45.090366  -0.058874 0.020340 0.998058  0.783227 0.225562 1 1 1.000000
0  -6.813101 -5.367901 45.104130  -0.059316 0.020052 0.998038  0.782250 0.225562 1 1 1.000000
misc
0  -7.005795 -5.381665 45.090366  -0.058874 0.020340 0.998058  0.783227 0.225562 1 1 1.000000
0  -6.455241 -10.116430 45.076603  -0.031710 -0.013883 0.999401  0.782250 0.225562 1 1 1.000000
0  -6.235019 -10.047609 45.076603  -0.031940 -0.014921 0.999378  0.782250 0.225562 1 1 1.000000
misc
0  -6.235019 -10.047609 45.076603  -0.031940 -0.014921 0.999378  0.782250 0.225562 1 1 1.000000
0  -6.813101 -5.367901 45.104130  -0.059316 0.020052 0.998038  0.782250 0.225562 1 1 1.000000
0  -7.005795 -5.381665 45.090366  -0.058874 0.020340 0.998058  0.783227 0.225562 1 1 1.000000
misc
0  -6.455241 -10.116430 45.076603  -0.031710 -0.013883 0.999401  0.782250 0.225562 1 1 1.000000
0  -5.120147 -12.181006 45.062840  -0.024564 -0.017791 0.999540  0.782250 0.225562 1 1 1.000000
0  -4.982509 -12.029603 45.076603  -0.024785 -0.017902 0.999533  0.781274 0.225562 1 1 1.000000
misc
0  -4.982509 -12.029603 45.076603  -0.024785 -0.017902 0.999533  0.781274 0.225562 1 1 1.000000
0  -6.235019 -10.047609 45.076603  -0.031940 -0.014921 0.999378  0.782250 0.225562 1 1 1.000000
0  -6.455241 -10.116430 45.076603  -0.031710 -0.013883 0.999401  0.782250 0.225562 1 1 1.000000
misc
0  -4.982509 -12.029603 45.076603  -0.024785 -0.017902 0.999533  0.781274 0.225562 1 1 1.000000
0  -5.120147 -12.181006 45.062840  -0.024564 -0.017791 0.999540  0.782250 0.225562 1 1 1.000000
0  -2.972987 -13.158239 45.104130  -0.018901 -0.021847 0.999583  0.780297 0.225562 1 1 1.000000
misc
0  -2.972987 -13.158239 45.104130  -0.018901 -0.021847 0.999583  0.780297 0.225562 1 1 1.000000
0  -2.917932 -12.951781 45.117893  -0.019478 -0.021413 0.999581  0.780297 0.225562 1 1 1.000000
0  -4.982509 -12.029603 45.076603  -0.024785 -0.017902 0.999533  0.781274 0.225562 1 1 1.000000
misc
0  0.000004 -13.337170 45.131657  0.000671 -0.041033 0.999158  0.779321 0.225562 1 1 1.000000
0  -2.917932 -12.951781 45.117893  -0.019478 -0.021413 0.999581  0.780297 0.225562 1 1 1.000000
0  -2.972987 -13.158239 45.104130  -0.018901 -0.021847 0.999583  0.780297 0.225562 1 1 1.000000
misc
0  -2.972987 -13.158239 45.104130  -0.018901 -0.021847 0.999583  0.780297 0.225562 1 1 1.000000
0  0.000004 -13.516099 45.131657  0.000584 -0.040959 0.999161  0.779321 0.225562 1 1 1.000000
0  0.000004 -13.337170 45.131657  0.000671 -0.041033 0.999158  0.779321 0.225562 1 1 1.000000
misc
0  -24.320719 17.906765 39.763756  -0.979194 0.001559 0.202918  0.792016 0.225562 1 1 1.000000
0  -24.320719 18.071930 39.749992  -0.898497 -0.204100 0.388648  0.792016 0.225562 1 1 1.000000
0  -24.430830 17.576433 39.240730  -0.970197 -0.034679 0.239823  0.792016 0.225562 1 1 1.000000
misc
0  -23.178316 -9.882445 41.098850  -0.838617 -0.099172 0.535618  0.791040 0.225562 1 1 1.000000
0  -23.838984 -1.293804 40.837341  -0.906733 -0.028141 0.420766  0.791040 0.225562 1 1 1.000000
0  -24.059202 -1.472734 40.341839  -0.903551 -0.035387 0.427018  0.792016 0.225562 1 1 1.000000
misc
0  -24.059202 -1.472734 40.341839  -0.903551 -0.035387 0.427018  0.792016 0.225562 1 1 1.000000
0  -23.453594 -9.992556 40.658405  -0.834721 -0.107752 0.540027  0.791040 0.225562 1 1 1.000000
0  -23.178316 -9.882445 41.098850  -0.838617 -0.099172 0.535618  0.791040 0.225562 1 1 1.000000
misc
0  -23.205847 -11.121191 40.685936  -0.828281 -0.163401 0.535958  0.791040 0.225562 1 1 1.000000
0  -22.104736 -16.089941 40.823578  -0.829543 -0.249061 0.499827  0.791040 0.225562 1 1 1.000000
0  -21.843224 -16.021122 41.291546  -0.830128 -0.257637 0.494480  0.790063 0.225562 1 1 1.000000
misc
0  -23.205847 -11.121191 40.685936  -0.828281 -0.163401 0.535958  0.791040 0.225562 1 1 1.000000
0  -21.843224 -16.021122 41.291546  -0.830128 -0.257637 0.494480  0.790063 0.225562 1 1 1.000000
0  -23.178316 -9.882445 41.098850  -0.838571 -0.099258 0.535674  0.791040 0.225562 1 1 1.000000
misc
0  -23.205847 -11.121191 40.685936  -0.828281 -0.163401 0.535958  0.791040 0.225562 1 1 1.000000
0  -23.178316 -9.882445 41.098850  -0.838571 -0.099258 0.535674  0.791040 0.225562 1 1 1.000000
0  -23.453594 -9.992556 40.658405  -0.834709 -0.107826 0.540032  0.791040 0.225562 1 1 1.000000
misc
0  -20.425549 -20.177805 41.030033  -0.667085 -0.365196 0.649330  0.790063 0.225562 1 1 1.000000
0  -17.631483 -23.536184 41.222725  -0.509327 -0.506942 0.695411  0.788110 0.225562 1 1 1.000000
0  -17.356207 -23.260906 41.621876  -0.503827 -0.512159 0.695594  0.788110 0.225562 1 1 1.000000
misc
0  -17.356207 -23.260906 41.621876  -0.503827 -0.512159 0.695594  0.788110 0.225562 1 1 1.000000
0  -20.108978 -20.012638 41.442947  -0.666316 -0.380110 0.641513  0.789087 0.225562 1 1 1.000000
0  -20.425549 -20.177805 41.030033  -0.667085 -0.365196 0.649330  0.790063 0.225562 1 1 1.000000
misc
0  -22.104736 -16.089941 40.823578  -0.829543 -0.249061 0.499827  0.791040 0.225562 1 1 1.000000
0  -20.425549 -20.177805 41.030033  -0.667085 -0.365196 0.649330  0.790063 0.225562 1 1 1.000000
0  -20.108978 -20.012638 41.442947  -0.666316 -0.380110 0.641513  0.789087 0.225562 1 1 1.000000
misc
0  -20.108978 -20.012638 41.442947  -0.666316 -0.380110 0.641513  0.789087 0.225562 1 1 1.000000
0  -21.843224 -16.021122 41.291546  -0.830128 -0.257637 0.494480  0.790063 0.225562 1 1 1.000000
0  -22.104736 -16.089941 40.823578  -0.829543 -0.249061 0.499827  0.791040 0.225562 1 1 1.000000
misc
0  -17.631483 -23.536184 41.222725  -0.509327 -0.506942 0.695411  0.788110 0.225562 1 1 1.000000
0  -13.061888 -26.591757 41.470474  -0.361528 -0.696044 0.620339  0.786157 0.225562 1 1 1.000000
0  -12.910485 -26.330244 41.842098  -0.349532 -0.703010 0.619357  0.786157 0.225562 1 1 1.000000
misc
0  -12.910485 -26.330244 41.842098  -0.349532 -0.703010 0.619357  0.786157 0.225562 1 1 1.000000
0  -17.356207 -23.260906 41.621876  -0.503827 -0.512159 0.695594  0.788110 0.225562 1 1 1.000000
0  -17.631483 -23.536184 41.222725  -0.509327 -0.506942 0.695411  0.788110 0.225562 1 1 1.000000
misc
0  -13.061888 -26.591757 41.470474  -0.361528 -0.696044 0.620339  0.786157 0.225562 1 1 1.000000
0  -6.702989 -28.642569 41.621876  -0.151846 -0.685300 0.712254  0.782250 0.225562 1 1 1.000000
0  -6.634170 -28.243418 42.034794  -0.153130 -0.690276 0.707157  0.782250 0.225562 1 1 1.000000
misc
0  -6.634170 -28.243418 42.034794  -0.153130 -0.690276 0.707157  0.782250 0.225562 1 1 1.000000
0  -12.910485 -26.330244 41.842098  -0.349532 -0.703010 0.619357  0.786157 0.225562 1 1 1.000000
0  -13.061888 -26.591757 41.470474  -0.361528 -0.696044 0.620339  0.786157 0.225562 1 1 1.000000
misc
0  -6.702989 -28.642569 41.621876  -0.151846 -0.685300 0.712254  0.782250 0.225562 1 1 1.000000
0  0.000005 -29.316996 41.731991  -0.005614 -0.595587 0.803271  0.779321 0.225562 1 1 1.000000
0  0.000005 -28.835264 42.103611  -0.006200 -0.595333 0.803455  0.779321 0.225562 1 1 1.000000
misc
0  0.000005 -28.835264 42.103611  -0.006200 -0.595333 0.803455  0.779321 0.225562 1 1 1.000000
0  -6.634170 -28.243418 42.034794  -0.153130 -0.690276 0.707157  0.782250 0.225562 1 1 1.000000
0  -6.702989 -28.642569 41.621876  -0.151846 -0.685300 0.712254  0.782250 0.225562 1 1 1.000000
misc
0  -23.838984 -1.293804 40.837341  -0.906733 -0.028141 0.420766  0.791040 0.225562 1 1 1.000000
0  -24.196844 8.409710 40.438187  -0.951615 -0.001931 0.307287  0.792016 0.225562 1 1 1.000000
0  -24.375774 8.313363 39.887630  -0.950242 -0.003771 0.311491  0.792016 0.225562 1 1 1.000000
misc
0  -24.375774 8.313363 39.887630  -0.950242 -0.003771 0.311491  0.792016 0.225562 1 1 1.000000
0  -24.059202 -1.472734 40.341839  -0.903551 -0.035387 0.427018  0.792016 0.225562 1 1 1.000000
0  -23.838984 -1.293804 40.837341  -0.906733 -0.028141 0.420766  0.791040 0.225562 1 1 1.000000
misc
0  -6.758046 0.123874 44.828854  -0.067056 0.074898 0.994934  0.782250 0.225562 1 1 1.000000
0  -6.620409 9.070375 43.947968  -0.068327 0.127647 0.989463  0.782250 0.225562 1 1 1.000000
0  -6.826866 9.070375 43.934204  -0.068230 0.126805 0.989578  0.782250 0.225562 1 1 1.000000
misc
0  -6.826866 9.070375 43.934204  -0.068230 0.126805 0.989578  0.782250 0.225562 1 1 1.000000
0  -6.964504 0.110110 44.815090  -0.067031 0.073926 0.995008  0.783227 0.225562 1 1 1.000000
0  -6.758046 0.123874 44.828854  -0.067056 0.074898 0.994934  0.782250 0.225562 1 1 1.000000
misc
0  -23.453594 -9.992556 40.658405  -0.578539 -0.098125 0.809731  0.791040 0.225562 1 1 1.000000
0  -26.880793 -12.882963 37.809296  -0.631738 -0.067569 0.772231  0.792993 0.225562 1 1 1.000000
0  -26.729391 -13.984073 37.836826  -0.650756 -0.073593 0.755712  0.792993 0.225562 1 1 1.000000
misc
0  -26.729391 -13.984073 37.836826  -0.650756 -0.073593 0.755712  0.792993 0.225562 1 1 1.000000
0  -23.205847 -11.121191 40.685936  -0.573763 -0.103935 0.812400  0.791040 0.225562 1 1 1.000000
0  -23.453594 -9.992556 40.658405  -0.578539 -0.098125 0.809731  0.791040 0.225562 1 1 1.000000
misc
0  -26.880793 -12.882963 37.809296  -0.631738 -0.067569 0.772231  0.792993 0.225562 1 1 1.000000
0  -30.445629 -16.351454 34.148113  -0.695908 -0.080567 0.713597  0.794946 0.225562 1 1 1.000000
0  -30.280464 -17.438799 34.189407  -0.713073 -0.083571 0.696091  0.794946 0.225562 1 1 1.000000
misc
0  -30.280464 -17.438799 34.189407  -0.713073 -0.083571 0.696091  0.794946 0.225562 1 1 1.000000
0  -26.729391 -13.984073 37.836826  -0.650756 -0.073593 0.755712  0.792993 0.225562 1 1 1.000000
0  -26.880793 -12.882963 37.809296  -0.631738 -0.067569 0.772231  0.792993 0.225562 1 1 1.000000
misc
0  -30.445629 -16.351454 34.148113  -0.695908 -0.080567 0.713597  0.794946 0.225562 1 1 1.000000
0  -32.840538 -19.049168 31.216412  -0.730313 -0.089101 0.677277  0.795923 0.225562 1 1 1.000000
0  -32.730427 -20.260387 31.175119  -0.730316 -0.088739 0.677321  0.795923 0.225562 1 1 1.000000
misc
0  -32.730427 -20.260387 31.175119  -0.730316 -0.088739 0.677321  0.795923 0.225562 1 1 1.000000
0  -30.280464 -17.438799 34.189407  -0.713073 -0.083571 0.696091  0.794946 0.225562 1 1 1.000000
0  -30.445629 -16.351454 34.148113  -0.695908 -0.080567 0.713597  0.794946 0.225562 1 1 1.000000
misc
0  -6.579118 18.760126 42.420181  -0.051157 0.329656 0.942714  0.790063 0.222633 1 1 1.000000
0  -6.579118 18.594959 42.433945  -0.052947 0.156430 0.986269  0.790063 0.225562 1 1 1.000000
0  -6.386424 18.594959 42.447708  -0.052775 0.156506 0.986266  0.790063 0.225562 1 1 1.000000
misc
0  -6.386424 18.594959 42.447708  -0.052775 0.156506 0.986266  0.790063 0.225562 1 1 1.000000
0  -6.386424 18.773890 42.420181  -0.040203 0.337649 0.940413  0.790063 0.222633 1 1 1.000000
0  -6.579118 18.760126 42.420181  -0.051157 0.329656 0.942714  0.790063 0.222633 1 1 1.000000
misc
0  -24.196844 8.409710 40.438187  -0.951615 -0.001931 0.307287  0.792016 0.225562 1 1 1.000000
0  -24.320719 17.906765 39.763756  -0.979194 0.001559 0.202918  0.792016 0.225562 1 1 1.000000
0  -24.430830 17.576433 39.240730  -0.970197 -0.034679 0.239823  0.792016 0.225562 1 1 1.000000
misc
0  -24.430830 17.576433 39.240730  -0.970197 -0.034679 0.239823  0.792016 0.225562 1 1 1.000000
0  -24.375774 8.313363 39.887630  -0.950242 -0.003771 0.311491  0.792016 0.225562 1 1 1.000000
0  -24.196844 8.409710 40.438187  -0.951615 -0.001931 0.307287  0.792016 0.225562 1 1 1.000000
misc
0  -24.430830 17.576433 39.240730  -0.970197 -0.034679 0.239823  0.792016 0.225562 1 1 1.000000
0  -24.320719 18.071930 39.749992  -0.898497 -0.204100 0.388648  0.792016 0.225562 1 1 1.000000
0  -24.444593 18.195807 39.626122  -0.814465 -0.319264 0.484476  0.792016 0.225562 1 1 1.000000
black
0  41.002506 -42.502758 1.252507  -0.097634 -0.966319 0.238109  0.645528 0.404279 1 1 1.000000
0  45.682217 -42.736744 1.885644  -0.094813 -0.931756 0.350488  0.593768 0.401349 1 1 1.000000
0  45.709743 -42.681690 2.050810  -0.090574 -0.939862 0.329327  0.592792 0.403302 1 1 1.000000
black
0  45.709743 -42.681690 2.050810  -0.090574 -0.939862 0.329327  0.592792 0.403302 1 1 1.000000
0  45.668453 -42.626637 2.215976  0.582473 -0.791454 -0.185274  0.593768 0.404279 1 1 1.000000
0  41.002506 -42.502758 1.252507  -0.097634 -0.966319 0.238109  0.645528 0.404279 1 1 1.000000
black
0  47.361408 -44.195713 18.195805  -0.151148 -0.807376 -0.570349  0.730491 0.694327 1 1 1.000000
0  47.292591 -44.305820 18.347206  -0.146458 -0.792356 -0.592217  0.729514 0.694327 1 1 1.000000
0  42.915684 -43.177189 17.934292  -0.004444 -0.999830 -0.017873  0.729514 0.694327 1 1 1.000000
black
0  42.915684 -43.177189 17.934292  0.000000 0.000000 1.000000  0.729514 0.694327 1 1 1.000000
0  42.915684 -43.177189 17.934292  0.974347 -0.223225 0.028613  0.729514 0.694327 1 1 1.000000
0  47.361408 -44.195713 18.195805  0.973171 -0.222857 -0.057202  0.730491 0.694327 1 1 1.000000
black
0  42.516529 -40.933681 10.336648  -0.141926 -0.988910 -0.043756  0.760765 0.685537 1 1 1.000000
0  46.783329 -41.608109 8.533583  -0.144994 -0.988482 0.043360  0.768578 0.685537 1 1 1.000000
0  46.989784 -41.635635 10.226536  -0.155475 -0.985629 -0.066050  0.761742 0.684561 1 1 1.000000
black
0  44.333355 45.957493 11.148713  0.149451 0.986628 -0.065032  0.757836 0.330058 1 1 1.000000
0  44.470989 46.356644 14.011594  0.149056 0.963213 -0.223612  0.746117 0.327128 1 1 1.000000
0  46.026302 46.108898 13.956539  0.146736 0.964475 -0.219672  0.746117 0.328104 1 1 1.000000
black
0  46.026302 46.108898 13.956539  0.146736 0.964475 -0.219672  0.746117 0.328104 1 1 1.000000
0  45.874905 45.709743 10.969784  0.149787 0.987104 -0.056481  0.757836 0.330058 1 1 1.000000
0  44.333355 45.957493 11.148713  0.149451 0.986628 -0.065032  0.757836 0.330058 1 1 1.000000
black
0  43.851620 46.604393 5.133912  0.178642 0.953009 0.244666  0.783227 0.327128 1 1 1.000000
0  44.126896 46.026310 8.217015  0.154695 0.983841 0.090149  0.769555 0.329081 1 1 1.000000
0  45.654682 45.806091 8.038084  0.162803 0.982665 0.088685  0.769555 0.330058 1 1 1.000000
black
0  45.654682 45.806091 8.038084  0.162803 0.982665 0.088685  0.769555 0.330058 1 1 1.000000
0  45.434460 46.163952 5.890924  0.203876 0.968806 0.140886  0.781274 0.328104 1 1 1.000000
0  43.851620 46.604393 5.133912  0.178642 0.953009 0.244666  0.783227 0.327128 1 1 1.000000
black
0  47.196239 -42.007263 12.869194  -0.157205 -0.970111 -0.184854  0.745140 0.687490 1 1 1.000000
0  42.805573 -41.539288 14.039123  -0.146205 -0.953395 -0.263937  0.750023 0.688467 1 1 1.000000
0  42.516529 -40.933681 10.336648  -0.141926 -0.988910 -0.043756  0.760765 0.685537 1 1 1.000000
black
0  42.516529 -40.933681 10.336648  -0.141926 -0.988910 -0.043756  0.760765 0.685537 1 1 1.000000
0  46.989784 -41.635635 10.226536  -0.155475 -0.985629 -0.066050  0.761742 0.684561 1 1 1.000000
0  47.196239 -42.007263 12.869194  -0.157205 -0.970111 -0.184854  0.745140 0.687490 1 1 1.000000
black
0  47.278820 -42.516521 14.782370  -0.143781 -0.928572 -0.342172  0.739280 0.690420 1 1 1.000000
0  42.805573 -41.539288 14.039123  -0.146205 -0.953395 -0.263937  0.750023 0.688467 1 1 1.000000
0  47.196239 -42.007263 12.869194  -0.157205 -0.970111 -0.184854  0.745140 0.687490 1 1 1.000000
black
0  42.984501 -43.135899 17.769125  -0.167090 -0.918497 -0.358390  0.729514 0.694327 1 1 1.000000
0  42.970737 -43.067078 17.603958  -0.146909 -0.912367 -0.382105  0.730491 0.694327 1 1 1.000000
0  47.333881 -43.397408 16.723072  -0.148272 -0.893364 -0.424165  0.734397 0.692373 1 1 1.000000
black
0  47.333881 -43.397408 16.723072  -0.148272 -0.893364 -0.424165  0.734397 0.692373 1 1 1.000000
0  47.361408 -44.099369 18.058165  -0.159432 -0.847899 -0.505617  0.730491 0.693350 1 1 1.000000
0  42.984501 -43.135899 17.769125  -0.167090 -0.918497 -0.358390  0.729514 0.694327 1 1 1.000000
black
0  46.783329 -41.608109 8.533583  -0.144994 -0.988482 0.043360  0.768578 0.685537 1 1 1.000000
0  42.516529 -40.933681 10.336648  -0.141926 -0.988910 -0.043756  0.760765 0.685537 1 1 1.000000
0  42.062325 -41.085083 6.661699  -0.123101 -0.981380 0.147444  0.773461 0.687490 1 1 1.000000
black
0  42.062325 -41.085083 6.661699  -0.123101 -0.981380 0.147444  0.773461 0.687490 1 1 1.000000
0  46.521812 -41.745750 6.427714  -0.139062 -0.981324 0.132909  0.777367 0.685537 1 1 1.000000
0  46.783329 -41.608109 8.533583  -0.144994 -0.988482 0.043360  0.768578 0.685537 1 1 1.000000
black
0  46.521812 -41.745750 6.427714  -0.139062 -0.981324 0.132909  0.777367 0.685537 1 1 1.000000
0  42.062325 -41.085083 6.661699  -0.123101 -0.981380 0.147444  0.773461 0.687490 1 1 1.000000
0  46.136425 -42.131138 4.142915  -0.116337 -0.966126 0.230360  0.790063 0.688467 1 1 1.000000
black
0  46.136425 -42.131138 4.142915  -0.116337 -0.966126 0.230360  0.790063 0.688467 1 1 1.000000
0  42.062325 -41.085083 6.661699  -0.123101 -0.981380 0.147444  0.773461 0.687490 1 1 1.000000
0  41.415424 -41.869621 3.179446  -0.098356 -0.952970 0.286660  0.788110 0.689444 1 1 1.000000
black
0  41.415424 -41.869621 3.179446  -0.098356 -0.952970 0.286660  0.788110 0.689444 1 1 1.000000
0  45.792328 -42.544048 2.532545  -0.113584 -0.962152 0.247713  0.797876 0.690420 1 1 1.000000
0  46.136425 -42.131138 4.142915  -0.116337 -0.966126 0.230360  0.790063 0.688467 1 1 1.000000
black
0  41.415424 -41.869621 3.179446  -0.098356 -0.952970 0.286660  0.788110 0.689444 1 1 1.000000
0  41.002506 -42.502758 1.252507  -0.092657 -0.938940 0.331369  0.798853 0.691397 1 1 1.000000
0  45.668453 -42.626637 2.215976  -0.095700 -0.942496 0.320222  0.798853 0.691397 1 1 1.000000
black
0  41.415424 -41.869621 3.179446  -0.098356 -0.952970 0.286660  0.788110 0.689444 1 1 1.000000
0  45.668453 -42.626637 2.215976  -0.095700 -0.942496 0.320222  0.798853 0.691397 1 1 1.000000
0  45.764801 -42.585346 2.367379  -0.108858 -0.958308 0.264189  0.798853 0.691397 1 1 1.000000
black
0  41.415424 -41.869621 3.179446  -0.098356 -0.952970 0.286660  0.788110 0.689444 1 1 1.000000
0  45.764801 -42.585346 2.367379  -0.108858 -0.958308 0.264189  0.798853 0.691397 1 1 1.000000
0  45.792328 -42.544048 2.532545  -0.113584 -0.962152 0.247713  0.797876 0.690420 1 1 1.000000
black
0  45.186714 -43.466232 -0.467974  -0.074558 -0.936082 0.343791  0.596698 0.378887 1 1 1.000000
0  41.002506 -42.502758 1.252507  -0.097634 -0.966319 0.238109  0.645528 0.404279 1 1 1.000000
0  45.159187 -43.548813 -0.674432  -0.089236 -0.922842 0.374700  0.596698 0.376934 1 1 1.000000
black
0  41.002506 -42.502758 1.252507  -0.097634 -0.966319 0.238109  0.645528 0.404279 1 1 1.000000
0  45.186714 -43.466232 -0.467974  -0.074558 -0.936082 0.343791  0.596698 0.378887 1 1 1.000000
0  45.682217 -42.736744 1.885644  -0.094813 -0.931756 0.350488  0.593768 0.401349 1 1 1.000000
black
0  45.159187 -43.548813 -0.674432  -0.089236 -0.922842 0.374700  0.596698 0.376934 1 1 1.000000
0  41.002506 -42.502758 1.252507  -0.097634 -0.966319 0.238109  0.645528 0.404279 1 1 1.000000
0  37.451435 -42.516521 -0.454210  -0.716424 -0.694576 0.065581  0.646504 0.390606 1 1 1.000000
black
0  37.451435 -42.516521 -0.454210  -0.716424 -0.694576 0.065581  0.646504 0.390606 1 1 1.000000
0  44.911442 -43.672688 -1.004764  -0.107299 -0.897719 0.427303  0.598651 0.374004 1 1 1.000000
0  45.159187 -43.548813 -0.674432  -0.089236 -0.922842 0.374700  0.596698 0.376934 1 1 1.000000
black
0  45.338116 46.315353 5.202731  0.196955 0.948270 0.248983  0.282235 0.482406 1 1 1.000000
0  45.007782 46.755802 3.509778  0.260977 0.930877 0.255654  0.279305 0.484359 1 1 1.000000
0  43.548813 47.554100 2.394906  0.223630 0.899391 0.375614  0.279305 0.484359 1 1 1.000000
black
0  43.548813 47.554100 2.394906  0.223630 0.899391 0.375614  0.279305 0.484359 1 1 1.000000
0  43.851620 46.604393 5.133912  0.178642 0.953009 0.244666  0.283212 0.482406 1 1 1.000000
0  45.338116 46.315353 5.202731  0.196955 0.948270 0.248983  0.282235 0.482406 1 1 1.000000
black
0  45.654682 45.806091 8.038084  0.162803 0.982665 0.088685  0.769555 0.330058 1 1 1.000000
0  44.126896 46.026310 8.217015  0.154695 0.983841 0.090149  0.769555 0.329081 1 1 1.000000
0  44.333355 45.957493 11.148713  0.149451 0.986628 -0.065032  0.757836 0.330058 1 1 1.000000
black
0  44.333355 45.957493 11.148713  0.149451 0.986628 -0.065032  0.757836 0.330058 1 1 1.000000
0  45.874905 45.709743 10.969784  0.149787 0.987104 -0.056481  0.757836 0.330058 1 1 1.000000
0  45.654682 45.806091 8.038084  0.162803 0.982665 0.088685  0.769555 0.330058 1 1 1.000000
black
0  46.108891 46.852146 16.378977  0.144692 0.942283 -0.301938  0.736351 0.325175 1 1 1.000000
0  46.026302 46.108898 13.956539  0.146736 0.964475 -0.219672  0.746117 0.328104 1 1 1.000000
0  44.470989 46.356644 14.011594  0.149056 0.963213 -0.223612  0.746117 0.327128 1 1 1.000000
black
0  44.470989 46.356644 14.011594  0.149056 0.963213 -0.223612  0.746117 0.327128 1 1 1.000000
0  44.567337 47.086132 16.365211  0.140727 0.977670 -0.156069  0.739280 0.326151 1 1 1.000000
0  46.108891 46.852146 16.378977  0.144692 0.942283 -0.301938  0.736351 0.325175 1 1 1.000000
black
0  44.567337 47.086132 16.365211  0.140727 0.977670 -0.156069  0.739280 0.326151 1 1 1.000000
0  44.526043 47.099895 16.557905  0.133125 0.990738 -0.026742  0.735374 0.325175 1 1 1.000000
0  46.108891 46.879673 16.475323  0.137891 0.967434 -0.212266  0.735374 0.325175 1 1 1.000000
black
0  46.108891 46.879673 16.475323  0.137891 0.967434 -0.212266  0.735374 0.325175 1 1 1.000000
0  46.108891 46.852146 16.378977  0.144692 0.942283 -0.301938  0.736351 0.325175 1 1 1.000000
0  44.567337 47.086132 16.365211  0.140727 0.977670 -0.156069  0.739280 0.326151 1 1 1.000000
black
0  46.108891 46.879673 16.475323  0.137891 0.967434 -0.212266  0.735374 0.325175 1 1 1.000000
0  44.526043 47.099895 16.557905  0.133125 0.990738 -0.026742  0.735374 0.325175 1 1 1.000000
0  46.053829 46.907200 16.654255  0.127434 0.985647 -0.110727  0.735374 0.325175 1 1 1.000000
black
0  47.333881 -43.397408 16.723072  -0.148272 -0.893364 -0.424165  0.734397 0.692373 1 1 1.000000
0  42.970737 -43.067078 17.603958  -0.146909 -0.912367 -0.382105  0.730491 0.694327 1 1 1.000000
0  42.805573 -41.539288 14.039123  -0.146205 -0.953395 -0.263937  0.750023 0.688467 1 1 1.000000
black
0  42.805573 -41.539288 14.039123  -0.146205 -0.953395 -0.263937  0.750023 0.688467 1 1 1.000000
0  47.278820 -42.516521 14.782370  -0.143781 -0.928572 -0.342172  0.739280 0.690420 1 1 1.000000
0  47.333881 -43.397408 16.723072  -0.148272 -0.893364 -0.424165  0.734397 0.692373 1 1 1.000000
black
0  47.361408 -44.099369 18.058165  -0.159432 -0.847899 -0.505617  0.730491 0.693350 1 1 1.000000
0  47.361408 -44.195713 18.195805  -0.151173 -0.807417 -0.570284  0.730491 0.694327 1 1 1.000000
0  42.915684 -43.177189 17.934292  -0.095298 -0.980992 -0.169038  0.729514 0.694327 1 1 1.000000
black
0  42.915684 -43.177189 17.934292  -0.095298 -0.980992 -0.169038  0.729514 0.694327 1 1 1.000000
0  42.984501 -43.135899 17.769125  -0.167090 -0.918497 -0.358390  0.729514 0.694327 1 1 1.000000
0  47.361408 -44.099369 18.058165  -0.159432 -0.847899 -0.505617  0.730491 0.693350 1 1 1.000000
black
0  45.338116 46.315353 5.202731  0.196955 0.948270 0.248983  0.282235 0.482406 1 1 1.000000
0  43.851620 46.604393 5.133912  0.178642 0.953009 0.244666  0.283212 0.482406 1 1 1.000000
0  45.365643 46.260296 5.381661  0.128396 0.889123 0.439290  0.282235 0.482406 1 1 1.000000
black
0  43.851620 46.604393 5.133912  0.178642 0.953009 0.244666  0.783227 0.327128 1 1 1.000000
0  45.420696 46.191479 5.725758  0.252631 0.967518 0.009266  0.782250 0.327128 1 1 1.000000
0  45.379406 46.150188 5.533063  0.265373 0.961882 0.066025  0.783227 0.327128 1 1 1.000000
black
0  45.365643 46.260296 5.381661  0.128396 0.889123 0.439290  0.282235 0.482406 1 1 1.000000
0  43.851620 46.604393 5.133912  0.178642 0.953009 0.244666  0.283212 0.482406 1 1 1.000000
0  45.379406 46.150188 5.533063  0.265373 0.961882 0.066025  0.283212 0.482406 1 1 1.000000
black
0  45.420696 46.191479 5.725758  0.252631 0.967518 0.009266  0.782250 0.327128 1 1 1.000000
0  43.851620 46.604393 5.133912  0.178642 0.953009 0.244666  0.783227 0.327128 1 1 1.000000
0  45.434460 46.163952 5.890924  0.203876 0.968806 0.140886  0.781274 0.328104 1 1 1.000000
black
0  38.277264 -20.053923 -0.536793  -0.999326 0.036694 -0.000018  0.650410 0.299783 1 1 1.000000
0  37.451435 -42.516521 -0.454210  -0.716424 -0.694576 0.065581  0.795923 0.310526 1 1 1.000000
0  37.451435 -42.516521 1.252507  -0.717826 -0.696222 -0.000101  0.795923 0.310526 1 1 1.000000
black
0  40.768513 48.256058 -0.770779  -0.999322 0.036817 0.000000  0.227546 0.290017 1 1 1.000000
0  39.805050 22.104744 -0.674432  -0.999322 0.036817 0.000000  0.388684 0.288064 1 1 1.000000
0  40.768513 48.256058 0.935939  -0.999322 0.036817 0.000000  0.388684 0.288064 1 1 1.000000
black
0  39.805050 22.104744 -0.674432  -0.999328 0.036649 -0.000010  0.388684 0.288064 1 1 1.000000
0  38.277264 -20.053923 -0.536793  -0.999326 0.036694 -0.000018  0.650410 0.299783 1 1 1.000000
0  37.451435 -42.516521 1.252507  -0.717826 -0.696222 -0.000101  0.795923 0.310526 1 1 1.000000
black
0  37.451435 -42.516521 1.252507  -0.717826 -0.696222 -0.000101  0.795923 0.310526 1 1 1.000000
0  40.768513 48.256058 0.935939  -0.999328 0.036652 -0.000006  0.388684 0.288064 1 1 1.000000
0  39.805050 22.104744 -0.674432  -0.999328 0.036649 -0.000010  0.388684 0.288064 1 1 1.000000
black
0  37.451435 -42.516521 -0.454210  -0.716424 -0.694576 0.065581  0.646504 0.390606 1 1 1.000000
0  41.002506 -42.502758 1.252507  -0.097634 -0.966319 0.238109  0.645528 0.404279 1 1 1.000000
0  37.451435 -42.516521 1.252507  -0.717826 -0.696222 -0.000101  0.646504 0.390606 1 1 1.000000
black
0  -41.002499 -42.502766 1.252513  0.097593 -0.966297 0.238213  0.645528 0.404279 1 1 1.000000
0  -45.668446 -42.626644 2.215983  -0.582487 -0.791448 -0.185251  0.593768 0.404279 1 1 1.000000
0  -45.709736 -42.681698 2.050817  0.090598 -0.939869 0.329299  0.592792 0.403302 1 1 1.000000
black
0  -45.709736 -42.681698 2.050817  0.090598 -0.939869 0.329299  0.592792 0.403302 1 1 1.000000
0  -45.682209 -42.736752 1.885651  0.094820 -0.931749 0.350503  0.593768 0.401349 1 1 1.000000
0  -41.002499 -42.502766 1.252513  0.097593 -0.966297 0.238213  0.645528 0.404279 1 1 1.000000
black
0  -47.361401 -44.195721 18.195812  -0.973129 -0.223044 -0.057202  0.730491 0.694327 1 1 1.000000
0  -42.915676 -43.177197 17.934299  0.000000 0.000000 1.000000  0.729514 0.694327 1 1 1.000000
0  -42.915676 -43.177197 17.934299  -0.974347 -0.223225 0.028613  0.729514 0.694327 1 1 1.000000
black
0  -42.915676 -43.177197 17.934299  0.004456 -0.999830 -0.017870  0.729514 0.694327 1 1 1.000000
0  -47.292583 -44.305828 18.347214  0.146465 -0.792354 -0.592218  0.729514 0.694327 1 1 1.000000
0  -47.361401 -44.195721 18.195812  0.151152 -0.807375 -0.570350  0.730491 0.694327 1 1 1.000000
black
0  -42.516521 -40.933689 10.336654  0.141844 -0.988920 -0.043796  0.760765 0.685537 1 1 1.000000
0  -46.989777 -41.635643 10.226543  0.155393 -0.985635 -0.066162  0.761742 0.684561 1 1 1.000000
0  -46.783321 -41.608116 8.533590  0.144559 -0.988553 0.043195  0.768578 0.685537 1 1 1.000000
black
0  -44.360889 45.957485 11.148721  -0.149417 0.986627 -0.065129  0.757836 0.330058 1 1 1.000000
0  -45.902439 45.709736 10.969791  -0.149921 0.987085 -0.056450  0.757836 0.330058 1 1 1.000000
0  -46.053837 46.108891 13.956547  -0.146860 0.964442 -0.219734  0.746117 0.328104 1 1 1.000000
black
0  -46.053837 46.108891 13.956547  -0.146860 0.964442 -0.219734  0.746117 0.328104 1 1 1.000000
0  -44.498524 46.356636 14.011601  -0.149264 0.963208 -0.223499  0.746117 0.327128 1 1 1.000000
0  -44.360889 45.957485 11.148721  -0.149417 0.986627 -0.065129  0.757836 0.330058 1 1 1.000000
black
0  -43.879154 46.604385 5.133919  -0.179010 0.953064 0.244180  0.783227 0.327128 1 1 1.000000
0  -45.461994 46.163944 5.890931  -0.203918 0.968804 0.140843  0.781274 0.328104 1 1 1.000000
0  -45.682217 45.806084 8.038092  -0.162895 0.982650 0.088683  0.769555 0.330058 1 1 1.000000
black
0  -45.682217 45.806084 8.038092  -0.162895 0.982650 0.088683  0.769555 0.330058 1 1 1.000000
0  -44.154430 46.026302 8.217021  -0.154562 0.983865 0.090115  0.769555 0.329081 1 1 1.000000
0  -43.879154 46.604385 5.133919  -0.179010 0.953064 0.244180  0.783227 0.327128 1 1 1.000000
black
0  -47.196232 -42.007271 12.869202  0.157292 -0.970091 -0.184883  0.745140 0.687490 1 1 1.000000
0  -46.989777 -41.635643 10.226543  0.155393 -0.985635 -0.066162  0.761742 0.684561 1 1 1.000000
0  -42.516521 -40.933689 10.336654  0.141844 -0.988920 -0.043796  0.760765 0.685537 1 1 1.000000
black
0  -42.516521 -40.933689 10.336654  0.141844 -0.988920 -0.043796  0.760765 0.685537 1 1 1.000000
0  -42.805565 -41.539295 14.039128  0.146160 -0.953403 -0.263933  0.750023 0.688467 1 1 1.000000
0  -47.196232 -42.007271 12.869202  0.157292 -0.970091 -0.184883  0.745140 0.687490 1 1 1.000000
black
0  -47.278812 -42.516529 14.782377  0.143741 -0.928568 -0.342198  0.739280 0.690420 1 1 1.000000
0  -47.196232 -42.007271 12.869202  0.157292 -0.970091 -0.184883  0.745140 0.687490 1 1 1.000000
0  -42.805565 -41.539295 14.039128  0.146160 -0.953403 -0.263933  0.750023 0.688467 1 1 1.000000
black
0  -42.984493 -43.135906 17.769133  0.167091 -0.918500 -0.358383  0.729514 0.694327 1 1 1.000000
0  -47.361401 -44.099377 18.058172  0.159429 -0.847876 -0.505657  0.730491 0.693350 1 1 1.000000
0  -47.333874 -43.397415 16.723080  0.148218 -0.893338 -0.424239  0.734397 0.692373 1 1 1.000000
black
0  -47.333874 -43.397415 16.723080  0.148218 -0.893338 -0.424239  0.734397 0.692373 1 1 1.000000
0  -42.970730 -43.067085 17.603966  0.146896 -0.912390 -0.382056  0.730491 0.694327 1 1 1.000000
0  -42.984493 -43.135906 17.769133  0.167091 -0.918500 -0.358383  0.729514 0.694327 1 1 1.000000
black
0  -46.783321 -41.608116 8.533590  0.144559 -0.988553 0.043195  0.768578 0.685537 1 1 1.000000
0  -46.521805 -41.745758 6.427721  0.139062 -0.981324 0.132910  0.777367 0.685537 1 1 1.000000
0  -42.062317 -41.085091 6.661705  0.122558 -0.981557 0.146716  0.773461 0.687490 1 1 1.000000
black
0  -42.062317 -41.085091 6.661705  0.122558 -0.981557 0.146716  0.773461 0.687490 1 1 1.000000
0  -42.516521 -40.933689 10.336654  0.141844 -0.988920 -0.043796  0.760765 0.685537 1 1 1.000000
0  -46.783321 -41.608116 8.533590  0.144559 -0.988553 0.043195  0.768578 0.685537 1 1 1.000000
black
0  -46.521805 -41.745758 6.427721  0.139062 -0.981324 0.132910  0.777367 0.685537 1 1 1.000000
0  -46.136417 -42.131145 4.142921  0.116337 -0.966126 0.230360  0.790063 0.688467 1 1 1.000000
0  -42.062317 -41.085091 6.661705  0.122558 -0.981557 0.146716  0.773461 0.687490 1 1 1.000000
black
0  -46.136417 -42.131145 4.142921  0.116337 -0.966126 0.230360  0.790063 0.688467 1 1 1.000000
0  -45.792320 -42.544056 2.532552  0.113583 -0.962156 0.247698  0.797876 0.690420 1 1 1.000000
0  -41.415417 -41.869629 3.179452  0.098357 -0.952970 0.286660  0.788110 0.689444 1 1 1.000000
black
0  -41.415417 -41.869629 3.179452  0.098357 -0.952970 0.286660  0.788110 0.689444 1 1 1.000000
0  -42.062317 -41.085091 6.661705  0.122558 -0.981557 0.146716  0.773461 0.687490 1 1 1.000000
0  -46.136417 -42.131145 4.142921  0.116337 -0.966126 0.230360  0.790063 0.688467 1 1 1.000000
black
0  -41.415417 -41.869629 3.179452  0.098357 -0.952970 0.286660  0.788110 0.689444 1 1 1.000000
0  -45.792320 -42.544056 2.532552  0.113583 -0.962156 0.247698  0.797876 0.690420 1 1 1.000000
0  -45.764793 -42.585354 2.367385  0.108861 -0.958313 0.264171  0.798853 0.691397 1 1 1.000000
black
0  -41.415417 -41.869629 3.179452  0.098357 -0.952970 0.286660  0.788110 0.689444 1 1 1.000000
0  -45.764793 -42.585354 2.367385  0.108861 -0.958313 0.264171  0.798853 0.691397 1 1 1.000000
0  -45.668446 -42.626644 2.215983  0.096078 -0.942475 0.320172  0.798853 0.691397 1 1 1.000000
black
0  -41.415417 -41.869629 3.179452  0.098357 -0.952970 0.286660  0.788110 0.689444 1 1 1.000000
0  -45.668446 -42.626644 2.215983  0.096078 -0.942475 0.320172  0.798853 0.691397 1 1 1.000000
0  -41.002499 -42.502766 1.252513  0.092663 -0.938972 0.331279  0.798853 0.691397 1 1 1.000000
black
0  -45.186707 -43.466240 -0.467967  0.074562 -0.936082 0.343790  0.596698 0.378887 1 1 1.000000
0  -45.159180 -43.548820 -0.674425  0.089241 -0.922842 0.374699  0.596698 0.376934 1 1 1.000000
0  -41.002499 -42.502766 1.252513  0.097593 -0.966297 0.238213  0.645528 0.404279 1 1 1.000000
black
0  -41.002499 -42.502766 1.252513  0.097593 -0.966297 0.238213  0.645528 0.404279 1 1 1.000000
0  -45.682209 -42.736752 1.885651  0.094820 -0.931749 0.350503  0.593768 0.401349 1 1 1.000000
0  -45.186707 -43.466240 -0.467967  0.074562 -0.936082 0.343790  0.596698 0.378887 1 1 1.000000
black
0  -45.159180 -43.548820 -0.674425  0.089241 -0.922842 0.374699  0.596698 0.376934 1 1 1.000000
0  -44.911434 -43.672695 -1.004758  0.107310 -0.897742 0.427252  0.598651 0.374004 1 1 1.000000
0  -37.451427 -42.516529 -0.454204  0.716426 -0.694566 0.065666  0.646504 0.390606 1 1 1.000000
black
0  -37.451427 -42.516529 -0.454204  0.716426 -0.694566 0.065666  0.646504 0.390606 1 1 1.000000
0  -41.002499 -42.502766 1.252513  0.097593 -0.966297 0.238213  0.645528 0.404279 1 1 1.000000
0  -45.159180 -43.548820 -0.674425  0.089241 -0.922842 0.374699  0.596698 0.376934 1 1 1.000000
black
0  -45.365650 46.315346 5.202738  -0.197016 0.948257 0.248985  0.282235 0.482406 1 1 1.000000
0  -43.879154 46.604385 5.133919  -0.179010 0.953064 0.244180  0.283212 0.482406 1 1 1.000000
0  -43.576347 47.554092 2.394913  -0.223653 0.899376 0.375636  0.279305 0.484359 1 1 1.000000
black
0  -43.576347 47.554092 2.394913  -0.223653 0.899376 0.375636  0.279305 0.484359 1 1 1.000000
0  -45.035316 46.755795 3.509785  -0.261093 0.930867 0.255572  0.279305 0.484359 1 1 1.000000
0  -45.365650 46.315346 5.202738  -0.197016 0.948257 0.248985  0.282235 0.482406 1 1 1.000000
black
0  -45.682217 45.806084 8.038092  -0.162895 0.982650 0.088683  0.769555 0.330058 1 1 1.000000
0  -45.902439 45.709736 10.969791  -0.149921 0.987085 -0.056450  0.757836 0.330058 1 1 1.000000
0  -44.360889 45.957485 11.148721  -0.149417 0.986627 -0.065129  0.757836 0.330058 1 1 1.000000
black
0  -44.360889 45.957485 11.148721  -0.149417 0.986627 -0.065129  0.757836 0.330058 1 1 1.000000
0  -44.154430 46.026302 8.217021  -0.154562 0.983865 0.090115  0.769555 0.329081 1 1 1.000000
0  -45.682217 45.806084 8.038092  -0.162895 0.982650 0.088683  0.769555 0.330058 1 1 1.000000
black
0  -46.136425 46.852139 16.378984  -0.144929 0.942248 -0.301935  0.736351 0.325175 1 1 1.000000
0  -44.594872 47.086124 16.365219  -0.140787 0.977664 -0.156055  0.739280 0.326151 1 1 1.000000
0  -44.498524 46.356636 14.011601  -0.149264 0.963208 -0.223499  0.746117 0.327128 1 1 1.000000
black
0  -44.498524 46.356636 14.011601  -0.149264 0.963208 -0.223499  0.746117 0.327128 1 1 1.000000
0  -46.053837 46.108891 13.956547  -0.146860 0.964442 -0.219734  0.746117 0.328104 1 1 1.000000
0  -46.136425 46.852139 16.378984  -0.144929 0.942248 -0.301935  0.736351 0.325175 1 1 1.000000
black
0  -44.594872 47.086124 16.365219  -0.140787 0.977664 -0.156055  0.739280 0.326151 1 1 1.000000
0  -46.136425 46.852139 16.378984  -0.144929 0.942248 -0.301935  0.736351 0.325175 1 1 1.000000
0  -46.136425 46.879665 16.475330  -0.137940 0.967422 -0.212292  0.735374 0.325175 1 1 1.000000
black
0  -46.136425 46.879665 16.475330  -0.137940 0.967422 -0.212292  0.735374 0.325175 1 1 1.000000
0  -44.553581 47.099888 16.557913  -0.133183 0.990731 -0.026725  0.735374 0.325175 1 1 1.000000
0  -44.594872 47.086124 16.365219  -0.140787 0.977664 -0.156055  0.739280 0.326151 1 1 1.000000
black
0  -46.136425 46.879665 16.475330  -0.137940 0.967422 -0.212292  0.735374 0.325175 1 1 1.000000
0  -46.081371 46.907192 16.654263  -0.127575 0.985622 -0.110787  0.735374 0.325175 1 1 1.000000
0  -44.553581 47.099888 16.557913  -0.133183 0.990731 -0.026725  0.735374 0.325175 1 1 1.000000
black
0  -47.333874 -43.397415 16.723080  0.148218 -0.893338 -0.424239  0.734397 0.692373 1 1 1.000000
0  -47.278812 -42.516529 14.782377  0.143741 -0.928568 -0.342198  0.739280 0.690420 1 1 1.000000
0  -42.805565 -41.539295 14.039128  0.146160 -0.953403 -0.263933  0.750023 0.688467 1 1 1.000000
black
0  -42.805565 -41.539295 14.039128  0.146160 -0.953403 -0.263933  0.750023 0.688467 1 1 1.000000
0  -42.970730 -43.067085 17.603966  0.146896 -0.912390 -0.382056  0.730491 0.694327 1 1 1.000000
0  -47.333874 -43.397415 16.723080  0.148218 -0.893338 -0.424239  0.734397 0.692373 1 1 1.000000
black
0  -47.361401 -44.099377 18.058172  0.159429 -0.847876 -0.505657  0.730491 0.693350 1 1 1.000000
0  -42.984493 -43.135906 17.769133  0.167091 -0.918500 -0.358383  0.729514 0.694327 1 1 1.000000
0  -42.915676 -43.177197 17.934299  0.095231 -0.981001 -0.169021  0.729514 0.694327 1 1 1.000000
black
0  -42.915676 -43.177197 17.934299  0.095231 -0.981001 -0.169021  0.729514 0.694327 1 1 1.000000
0  -47.361401 -44.195721 18.195812  0.151149 -0.807367 -0.570362  0.730491 0.694327 1 1 1.000000
0  -47.361401 -44.099377 18.058172  0.159429 -0.847876 -0.505657  0.730491 0.693350 1 1 1.000000
black
0  -45.365650 46.315346 5.202738  -0.197016 0.948257 0.248985  0.282235 0.482406 1 1 1.000000
0  -45.393177 46.260288 5.381668  -0.128455 0.889123 0.439272  0.282235 0.482406 1 1 1.000000
0  -43.879154 46.604385 5.133919  -0.179010 0.953064 0.244180  0.283212 0.482406 1 1 1.000000
black
0  -43.879154 46.604385 5.133919  -0.179010 0.953064 0.244180  0.783227 0.327128 1 1 1.000000
0  -45.406940 46.150181 5.533070  -0.265470 0.961857 0.065998  0.783227 0.327128 1 1 1.000000
0  -45.448231 46.191471 5.725764  -0.252689 0.967503 0.009251  0.782250 0.327128 1 1 1.000000
black
0  -45.393177 46.260288 5.381668  -0.128455 0.889123 0.439272  0.282235 0.482406 1 1 1.000000
0  -45.406940 46.150181 5.533070  -0.265470 0.961857 0.065998  0.283212 0.482406 1 1 1.000000
0  -43.879154 46.604385 5.133919  -0.179010 0.953064 0.244180  0.283212 0.482406 1 1 1.000000
black
0  -45.448231 46.191471 5.725764  -0.252689 0.967503 0.009251  0.782250 0.327128 1 1 1.000000
0  -45.461994 46.163944 5.890931  -0.203918 0.968804 0.140843  0.781274 0.328104 1 1 1.000000
0  -43.879154 46.604385 5.133919  -0.179010 0.953064 0.244180  0.783227 0.327128 1 1 1.000000
black
0  -38.277264 -20.053930 -0.536787  0.999326 0.036702 0.000048  0.650410 0.299783 1 1 1.000000
0  -37.451427 -42.516529 1.252513  0.717366 -0.696696 -0.000026  0.795923 0.310526 1 1 1.000000
0  -37.451427 -42.516529 -0.454204  0.716395 -0.694600 0.065646  0.795923 0.310526 1 1 1.000000
black
0  -40.796055 48.256050 -0.770772  0.999322 0.036817 0.000000  0.227546 0.290017 1 1 1.000000
0  -40.796055 48.256050 0.935945  0.999322 0.036817 -0.000002  0.388684 0.288064 1 1 1.000000
0  -39.832577 22.104736 -0.674426  0.999322 0.036821 -0.000043  0.388684 0.288064 1 1 1.000000
black
0  -39.832577 22.104736 -0.674426  0.999322 0.036821 -0.000043  0.388684 0.288064 1 1 1.000000
0  -40.796055 48.256050 0.935945  0.999322 0.036817 -0.000002  0.388684 0.288064 1 1 1.000000
0  -37.451427 -42.516529 1.252513  0.717366 -0.696696 -0.000026  0.795923 0.310526 1 1 1.000000
black
0  -37.451427 -42.516529 1.252513  0.717366 -0.696696 -0.000026  0.795923 0.310526 1 1 1.000000
0  -38.277264 -20.053930 -0.536787  0.999326 0.036702 0.000048  0.650410 0.299783 1 1 1.000000
0  -39.832577 22.104736 -0.674426  0.999322 0.036821 -0.000043  0.388684 0.288064 1 1 1.000000
black
0  -37.451427 -42.516529 -0.454204  0.716395 -0.694600 0.065646  0.646504 0.390606 1 1 1.000000
0  -37.451427 -42.516529 1.252513  0.717366 -0.696696 -0.000026  0.646504 0.390606 1 1 1.000000
0  -41.002499 -42.502766 1.252513  0.097510 -0.966387 0.237880  0.645528 0.404279 1 1 1.000000
skin_0
0  42.199959 40.396900 18.278387  -0.821011 -0.570603 -0.018762  0.159185 0.353496 1 1 1.000000
0  44.457230 36.694424 19.351969  -0.899545 -0.396538 0.183240  0.166021 0.368145 1 1 1.000000
0  44.636158 36.955936 21.017393  -0.646520 -0.436914 -0.625394  0.176763 0.367168 1 1 1.000000
skin_0
0  44.636158 36.955936 21.017393  -0.646520 -0.436914 -0.625394  0.176763 0.367168 1 1 1.000000
0  41.897156 39.749996 20.274145  -0.544536 -0.617321 -0.567799  0.171880 0.355449 1 1 1.000000
0  42.199959 40.396900 18.278387  -0.821011 -0.570603 -0.018762  0.159185 0.353496 1 1 1.000000
skin_0
0  43.369884 36.501732 21.196323  -0.220298 -0.075335 -0.972519  0.177740 0.369121 1 1 1.000000
0  40.548298 37.176159 22.352488  -0.392686 -0.070986 -0.916929  0.184576 0.366192 1 1 1.000000
0  41.897156 39.749996 20.274145  -0.544536 -0.617321 -0.567799  0.171880 0.355449 1 1 1.000000
skin_0
0  41.897156 39.749996 20.274145  -0.544536 -0.617321 -0.567799  0.171880 0.355449 1 1 1.000000
0  44.636158 36.955936 21.017393  -0.646520 -0.436914 -0.625394  0.176763 0.367168 1 1 1.000000
0  43.369884 36.501732 21.196323  -0.220298 -0.075335 -0.972519  0.177740 0.369121 1 1 1.000000
skin_0
0  44.870148 36.611843 20.976101  -0.712369 -0.346309 -0.610409  0.175787 0.369121 1 1 1.000000
0  43.975494 26.151316 19.517134  -0.344638 0.168129 -0.923557  0.166997 0.412091 1 1 1.000000
0  40.823578 24.031683 20.301672  -0.200091 0.263708 -0.943621  0.171880 0.420881 1 1 1.000000
skin_0
0  40.823578 24.031683 20.301672  -0.200091 0.263708 -0.943621  0.171880 0.420881 1 1 1.000000
0  43.369884 36.501732 21.196323  -0.220298 -0.075335 -0.972519  0.177740 0.369121 1 1 1.000000
0  44.870148 36.611843 20.976101  -0.712369 -0.346309 -0.610409  0.175787 0.369121 1 1 1.000000
skin_0
0  36.515491 26.894564 21.870752  -0.211053 0.219873 -0.952425  0.181646 0.409162 1 1 1.000000
0  40.548298 37.176159 22.352488  -0.392686 -0.070986 -0.916929  0.184576 0.366192 1 1 1.000000
0  43.369884 36.501732 21.196323  -0.220298 -0.075335 -0.972519  0.177740 0.369121 1 1 1.000000
skin_0
0  43.369884 36.501732 21.196323  -0.220298 -0.075335 -0.972519  0.177740 0.369121 1 1 1.000000
0  40.823578 24.031683 20.301672  -0.200091 0.263708 -0.943621  0.171880 0.420881 1 1 1.000000
0  36.515491 26.894564 21.870752  -0.211053 0.219873 -0.952425  0.181646 0.409162 1 1 1.000000
skin_0
0  44.636158 36.955936 21.017393  -0.646520 -0.436914 -0.625394  0.176763 0.367168 1 1 1.000000
0  44.870148 36.611843 20.976101  -0.712369 -0.346309 -0.610409  0.175787 0.369121 1 1 1.000000
0  43.369884 36.501732 21.196323  -0.220298 -0.075335 -0.972519  0.177740 0.369121 1 1 1.000000
skin_0
0  41.965973 -19.737356 3.785055  0.595654 0.667800 0.446363  0.070315 0.600574 1 1 1.000000
0  41.800812 -20.205326 7.239781  0.716489 0.693932 0.071431  0.091800 0.602527 1 1 1.000000
0  42.420185 -20.480602 7.226017  0.417615 0.895810 0.152062  0.091800 0.603504 1 1 1.000000
skin_0
0  42.420185 -20.480602 7.226017  0.417615 0.895810 0.152062  0.091800 0.603504 1 1 1.000000
0  42.585350 -20.012632 3.757527  0.412681 0.801163 0.433395  0.070315 0.601550 1 1 1.000000
0  41.965973 -19.737356 3.785055  0.595654 0.667800 0.446363  0.070315 0.600574 1 1 1.000000
skin_0
0  42.282543 -11.768088 2.505017  0.551310 -0.022673 0.833993  0.062502 0.568346 1 1 1.000000
0  42.103611 -17.080933 2.518781  0.677219 0.086764 0.730648  0.062502 0.589831 1 1 1.000000
0  42.475235 -17.562668 2.243504  0.716658 0.187666 0.671701  0.061525 0.591784 1 1 1.000000
skin_0
0  42.475235 -17.562668 2.243504  0.716658 0.187666 0.671701  0.061525 0.591784 1 1 1.000000
0  42.791805 -11.754324 2.271032  0.428586 -0.026886 0.903101  0.061525 0.568346 1 1 1.000000
0  42.282543 -11.768088 2.505017  0.551310 -0.022673 0.833993  0.062502 0.568346 1 1 1.000000
skin_0
0  42.103611 -17.080933 2.518781  0.677219 0.086764 0.730648  0.062502 0.589831 1 1 1.000000
0  42.076084 -18.718830 3.000516  0.638327 0.345752 0.687745  0.065432 0.596667 1 1 1.000000
0  42.571587 -18.939053 2.725239  0.596880 0.422410 0.682132  0.064455 0.597644 1 1 1.000000
skin_0
0  42.571587 -18.939053 2.725239  0.596880 0.422410 0.682132  0.064455 0.597644 1 1 1.000000
0  42.475235 -17.562668 2.243504  0.716658 0.187666 0.671701  0.061525 0.591784 1 1 1.000000
0  42.103611 -17.080933 2.518781  0.677219 0.086764 0.730648  0.062502 0.589831 1 1 1.000000
skin_0
0  42.076084 -18.718830 3.000516  0.638327 0.345752 0.687745  0.065432 0.596667 1 1 1.000000
0  41.965973 -19.737356 3.785055  0.595654 0.667800 0.446363  0.070315 0.600574 1 1 1.000000
0  42.585350 -20.012632 3.757527  0.412681 0.801163 0.433395  0.070315 0.601550 1 1 1.000000
skin_0
0  42.585350 -20.012632 3.757527  0.412681 0.801163 0.433395  0.070315 0.601550 1 1 1.000000
0  42.571587 -18.939053 2.725239  0.596880 0.422410 0.682132  0.064455 0.597644 1 1 1.000000
0  42.076084 -18.718830 3.000516  0.638327 0.345752 0.687745  0.065432 0.596667 1 1 1.000000
skin_0
0  42.929443 5.354140 2.697711  0.254975 -0.020843 0.966723  0.063478 0.497055 1 1 1.000000
0  42.282543 -11.768088 2.505017  0.551310 -0.022673 0.833993  0.062502 0.568346 1 1 1.000000
0  42.791805 -11.754324 2.271032  0.428586 -0.026886 0.903101  0.061525 0.568346 1 1 1.000000
skin_0
0  42.791805 -11.754324 2.271032  0.428586 -0.026886 0.903101  0.061525 0.568346 1 1 1.000000
0  43.383648 5.354140 2.505017  0.366147 -0.025298 0.930213  0.062502 0.497055 1 1 1.000000
0  42.929443 5.354140 2.697711  0.254975 -0.020843 0.966723  0.063478 0.497055 1 1 1.000000
skin_0
0  42.282543 -11.768088 2.505017  0.551310 -0.022673 0.833993  0.062502 0.568346 1 1 1.000000
0  42.929443 5.354140 2.697711  0.254975 -0.020843 0.966723  0.063478 0.497055 1 1 1.000000
0  41.401657 5.354140 2.904169  0.533976 0.007440 0.845467  0.065432 0.497055 1 1 1.000000
skin_0
0  44.402176 29.399586 7.281073  -0.000824 -0.877382 0.479791  0.091800 0.398419 1 1 1.000000
0  44.649929 30.954899 10.185244  -0.001227 -0.886317 0.463078  0.110355 0.391583 1 1 1.000000
0  44.154427 30.954899 10.185245  -0.469010 -0.758647 0.452199  0.110355 0.391583 1 1 1.000000
skin_0
0  44.154427 30.954899 10.185245  -0.469010 -0.758647 0.452199  0.110355 0.391583 1 1 1.000000
0  43.906677 29.261946 7.033323  -0.362881 -0.796292 0.483980  0.090823 0.399396 1 1 1.000000
0  44.402176 29.399586 7.281073  -0.000824 -0.877382 0.479791  0.091800 0.398419 1 1 1.000000
skin_0
0  43.658928 27.045965 3.427195  -0.100767 -0.623516 0.775290  0.068361 0.408185 1 1 1.000000
0  43.631397 25.917330 2.986752  0.029475 -0.175730 0.983997  0.065432 0.413068 1 1 1.000000
0  44.126900 25.917330 2.972988  0.012968 -0.202705 0.979154  0.065432 0.413068 1 1 1.000000
skin_0
0  44.126900 25.917330 2.972988  0.012968 -0.202705 0.979154  0.065432 0.413068 1 1 1.000000
0  44.154427 27.045965 3.427195  -0.000643 -0.638386 0.769716  0.068361 0.408185 1 1 1.000000
0  43.658928 27.045965 3.427195  -0.100767 -0.623516 0.775290  0.068361 0.408185 1 1 1.000000
skin_0
0  43.631397 25.917330 2.986752  0.029475 -0.175730 0.983997  0.065432 0.413068 1 1 1.000000
0  43.645161 21.788176 2.945460  0.237200 -0.010408 0.971405  0.065432 0.429670 1 1 1.000000
0  44.126900 21.801939 2.862877  0.165374 -0.023965 0.985940  0.065432 0.429670 1 1 1.000000
skin_0
0  44.126900 21.801939 2.862877  0.165374 -0.023965 0.985940  0.065432 0.429670 1 1 1.000000
0  44.126900 25.917330 2.972988  0.012968 -0.202705 0.979154  0.065432 0.413068 1 1 1.000000
0  43.631397 25.917330 2.986752  0.029475 -0.175730 0.983997  0.065432 0.413068 1 1 1.000000
skin_0
0  40.796051 20.769650 3.881402  0.585671 -0.041796 0.809471  0.071291 0.433576 1 1 1.000000
0  43.645161 21.788176 2.945460  0.237200 -0.010408 0.971405  0.065432 0.429670 1 1 1.000000
0  42.984497 25.752163 3.014280  0.295045 -0.091724 0.951070  0.066408 0.413068 1 1 1.000000
skin_0
0  42.984497 25.752163 3.014280  0.295045 -0.091724 0.951070  0.066408 0.413068 1 1 1.000000
0  40.438187 22.724117 4.445720  0.648819 -0.033558 0.760202  0.075198 0.425764 1 1 1.000000
0  40.796051 20.769650 3.881402  0.585671 -0.041796 0.809471  0.071291 0.433576 1 1 1.000000
skin_0
0  43.645161 21.788176 2.945460  0.237200 -0.010408 0.971405  0.065432 0.429670 1 1 1.000000
0  43.246014 13.681269 2.780294  0.253635 -0.043402 0.966326  0.064455 0.462874 1 1 1.000000
0  43.700218 13.901490 2.628892  0.329409 -0.031481 0.943662  0.063478 0.461898 1 1 1.000000
skin_0
0  43.700218 13.901490 2.628892  0.329409 -0.031481 0.943662  0.063478 0.461898 1 1 1.000000
0  44.126900 21.801939 2.862877  0.165374 -0.023965 0.985940  0.065432 0.429670 1 1 1.000000
0  43.645161 21.788176 2.945460  0.237200 -0.010408 0.971405  0.065432 0.429670 1 1 1.000000
skin_0
0  44.649929 33.900364 15.869713  -0.619005 -0.615836 0.487421  0.144536 0.379864 1 1 1.000000
0  44.429703 32.331287 12.882957  -0.495182 -0.752598 0.434039  0.125980 0.386700 1 1 1.000000
0  44.925201 32.427631 13.048124  0.013378 -0.887923 0.459797  0.126957 0.385723 1 1 1.000000
skin_0
0  44.925201 32.427631 13.048124  0.013378 -0.887923 0.459797  0.126957 0.385723 1 1 1.000000
0  45.131657 33.790253 15.704547  -0.014211 -0.879550 0.475593  0.143559 0.379864 1 1 1.000000
0  44.649929 33.900364 15.869713  -0.619005 -0.615836 0.487421  0.144536 0.379864 1 1 1.000000
skin_0
0  42.103611 -17.080933 2.518781  0.677219 0.086764 0.730648  0.062502 0.589831 1 1 1.000000
0  42.282543 -11.768088 2.505017  0.551310 -0.022673 0.833993  0.062502 0.568346 1 1 1.000000
0  41.057560 -11.781852 3.592361  0.889687 0.005020 0.456544  0.069338 0.568346 1 1 1.000000
skin_0
0  41.057560 -11.781852 3.592361  0.889687 0.005020 0.456544  0.069338 0.568346 1 1 1.000000
0  41.140144 -15.952297 3.399668  0.896793 0.031392 0.441336  0.068361 0.584948 1 1 1.000000
0  42.103611 -17.080933 2.518781  0.677219 0.086764 0.730648  0.062502 0.589831 1 1 1.000000
skin_0
0  41.140144 -15.952297 3.399668  0.896793 0.031392 0.441336  0.068361 0.584948 1 1 1.000000
0  41.112614 -17.837944 3.743764  0.909992 0.137797 0.391059  0.070315 0.592761 1 1 1.000000
0  42.076084 -18.718830 3.000516  0.638327 0.345752 0.687745  0.065432 0.596667 1 1 1.000000
skin_0
0  42.076084 -18.718830 3.000516  0.638327 0.345752 0.687745  0.065432 0.596667 1 1 1.000000
0  42.103611 -17.080933 2.518781  0.677219 0.086764 0.730648  0.062502 0.589831 1 1 1.000000
0  41.140144 -15.952297 3.399668  0.896793 0.031392 0.441336  0.068361 0.584948 1 1 1.000000
skin_0
0  41.965973 -19.737356 3.785055  0.595654 0.667800 0.446363  0.070315 0.600574 1 1 1.000000
0  42.076084 -18.718830 3.000516  0.638327 0.345752 0.687745  0.065432 0.596667 1 1 1.000000
0  41.112614 -17.837944 3.743764  0.909992 0.137797 0.391059  0.070315 0.592761 1 1 1.000000
skin_0
0  41.112614 -17.837944 3.743764  0.909992 0.137797 0.391059  0.070315 0.592761 1 1 1.000000
0  41.126381 -18.498608 4.308081  0.941253 0.290780 0.171725  0.074221 0.595691 1 1 1.000000
0  41.965973 -19.737356 3.785055  0.595654 0.667800 0.446363  0.070315 0.600574 1 1 1.000000
skin_0
0  41.800812 -20.205326 7.239781  0.716489 0.693932 0.071431  0.091800 0.602527 1 1 1.000000
0  41.965973 -19.737356 3.785055  0.595654 0.667800 0.446363  0.070315 0.600574 1 1 1.000000
0  41.126381 -18.498608 4.308081  0.941253 0.290780 0.171725  0.074221 0.595691 1 1 1.000000
skin_0
0  41.126381 -18.498608 4.308081  0.941253 0.290780 0.171725  0.074221 0.595691 1 1 1.000000
0  41.167675 -18.856470 7.239781  0.966972 0.253998 -0.021222  0.091800 0.597644 1 1 1.000000
0  41.800812 -20.205326 7.239781  0.716489 0.693932 0.071431  0.091800 0.602527 1 1 1.000000
skin_0
0  39.543537 7.804105 8.588638  0.988528 0.124432 0.085606  0.100589 0.487289 1 1 1.000000
0  39.928925 5.409195 7.900446  0.983345 0.072086 0.166840  0.095706 0.497055 1 1 1.000000
0  40.176674 5.354140 4.776052  0.940747 0.049178 0.335523  0.077151 0.497055 1 1 1.000000
skin_0
0  39.543537 7.804105 8.588638  0.988528 0.124432 0.085606  0.100589 0.487289 1 1 1.000000
0  40.176674 5.354140 4.776052  0.940747 0.049178 0.335523  0.077151 0.497055 1 1 1.000000
0  39.639885 12.194773 5.230259  0.923588 0.068923 0.377139  0.079104 0.469710 1 1 1.000000
skin_0
0  39.543537 7.804105 8.588638  0.988528 0.124432 0.085606  0.100589 0.487289 1 1 1.000000
0  39.639885 12.194773 5.230259  0.923588 0.068923 0.377139  0.079104 0.469710 1 1 1.000000
0  39.048038 11.726802 9.125429  0.982076 0.145279 0.120089  0.103519 0.471664 1 1 1.000000
skin_0
0  41.057560 -11.781852 3.592361  0.889687 0.005020 0.456544  0.069338 0.568346 1 1 1.000000
0  40.176674 5.354140 4.776052  0.940747 0.049178 0.335523  0.077151 0.497055 1 1 1.000000
0  39.928925 5.409195 7.900446  0.983345 0.072086 0.166840  0.095706 0.497055 1 1 1.000000
skin_0
0  39.928925 5.409195 7.900446  0.983345 0.072086 0.166840  0.095706 0.497055 1 1 1.000000
0  40.699699 -12.222295 7.432476  0.987375 0.045749 0.151650  0.092776 0.570299 1 1 1.000000
0  41.057560 -11.781852 3.592361  0.889687 0.005020 0.456544  0.069338 0.568346 1 1 1.000000
skin_0
0  42.282543 -11.768088 2.505017  0.551310 -0.022673 0.833993  0.062502 0.568346 1 1 1.000000
0  41.401657 5.354140 2.904169  0.533976 0.007440 0.845467  0.065432 0.497055 1 1 1.000000
0  40.176674 5.354140 4.776052  0.940747 0.049178 0.335523  0.077151 0.497055 1 1 1.000000
skin_0
0  40.176674 5.354140 4.776052  0.940747 0.049178 0.335523  0.077151 0.497055 1 1 1.000000
0  41.057560 -11.781852 3.592361  0.889687 0.005020 0.456544  0.069338 0.568346 1 1 1.000000
0  42.282543 -11.768088 2.505017  0.551310 -0.022673 0.833993  0.062502 0.568346 1 1 1.000000
skin_0
0  43.906677 29.261946 7.033323  -0.362881 -0.796292 0.483980  0.090823 0.399396 1 1 1.000000
0  44.154427 30.954899 10.185245  -0.469010 -0.758647 0.452199  0.110355 0.391583 1 1 1.000000
0  43.700218 31.491690 9.854913  -0.837575 -0.433750 0.332158  0.108402 0.389630 1 1 1.000000
skin_0
0  43.700218 31.491690 9.854913  -0.837575 -0.433750 0.332158  0.108402 0.389630 1 1 1.000000
0  43.562580 29.495932 6.840630  -0.766848 -0.525376 0.368679  0.088870 0.398419 1 1 1.000000
0  43.906677 29.261946 7.033323  -0.362881 -0.796292 0.483980  0.090823 0.399396 1 1 1.000000
skin_0
0  43.438709 31.904604 9.620928  -0.895943 -0.336204 0.290264  0.106449 0.387677 1 1 1.000000
0  40.961208 38.511253 7.817863  -0.865816 -0.231481 0.443598  0.095706 0.361309 1 1 1.000000
0  42.860622 30.624567 6.358895  -0.835962 -0.360527 0.413749  0.086917 0.393536 1 1 1.000000
skin_0
0  43.631397 25.917330 2.986752  0.029475 -0.175730 0.983997  0.065432 0.413068 1 1 1.000000
0  43.658928 27.045965 3.427195  -0.100767 -0.623516 0.775290  0.068361 0.408185 1 1 1.000000
0  43.094608 27.032202 3.289557  -0.032486 -0.437419 0.898671  0.067385 0.408185 1 1 1.000000
skin_0
0  39.653648 24.279434 5.051330  0.595332 0.027073 0.803023  0.078127 0.419904 1 1 1.000000
0  40.438187 22.724117 4.445720  0.648819 -0.033558 0.760202  0.075198 0.425764 1 1 1.000000
0  42.984497 25.752163 3.014280  0.295045 -0.091724 0.951070  0.066408 0.413068 1 1 1.000000
skin_0
0  42.984497 25.752163 3.014280  0.295045 -0.091724 0.951070  0.066408 0.413068 1 1 1.000000
0  42.076084 28.367296 3.895166  0.042148 -0.353342 0.934544  0.071291 0.402326 1 1 1.000000
0  39.653648 24.279434 5.051330  0.595332 0.027073 0.803023  0.078127 0.419904 1 1 1.000000
skin_0
0  42.076084 28.367296 3.895166  0.042148 -0.353342 0.934544  0.071291 0.402326 1 1 1.000000
0  42.984497 25.752163 3.014280  0.295045 -0.091724 0.951070  0.066408 0.413068 1 1 1.000000
0  43.094608 27.032202 3.289557  -0.032486 -0.437419 0.898671  0.067385 0.408185 1 1 1.000000
skin_0
0  41.030033 12.951784 3.083099  0.532604 -0.020507 0.846116  0.066408 0.465804 1 1 1.000000
0  40.796051 20.769650 3.881402  0.585671 -0.041796 0.809471  0.071291 0.433576 1 1 1.000000
0  38.607597 19.090462 6.620409  0.866215 0.090132 0.491475  0.087893 0.440413 1 1 1.000000
skin_0
0  38.607597 19.090462 6.620409  0.866215 0.090132 0.491475  0.087893 0.440413 1 1 1.000000
0  39.639885 12.194773 5.230259  0.923588 0.068923 0.377139  0.079104 0.469710 1 1 1.000000
0  41.030033 12.951784 3.083099  0.532604 -0.020507 0.846116  0.066408 0.465804 1 1 1.000000
skin_0
0  37.836823 17.837950 9.731038  0.954938 0.222242 0.196728  0.107425 0.446272 1 1 1.000000
0  39.048038 11.726802 9.125429  0.982076 0.145279 0.120089  0.103519 0.471664 1 1 1.000000
0  39.639885 12.194773 5.230259  0.923588 0.068923 0.377139  0.079104 0.469710 1 1 1.000000
skin_0
0  39.639885 12.194773 5.230259  0.923588 0.068923 0.377139  0.079104 0.469710 1 1 1.000000
0  38.607597 19.090462 6.620409  0.866215 0.090132 0.491475  0.087893 0.440413 1 1 1.000000
0  37.836823 17.837950 9.731038  0.954938 0.222242 0.196728  0.107425 0.446272 1 1 1.000000
skin_0
0  43.755272 33.336048 12.208531  -0.905856 -0.323826 0.273060  0.122074 0.381817 1 1 1.000000
0  43.700218 31.491690 9.854913  -0.837575 -0.433750 0.332158  0.108402 0.389630 1 1 1.000000
0  44.154427 30.954899 10.185245  -0.469010 -0.758647 0.452199  0.110355 0.391583 1 1 1.000000
skin_0
0  44.154427 30.954899 10.185245  -0.469010 -0.758647 0.452199  0.110355 0.391583 1 1 1.000000
0  44.429703 32.331287 12.882957  -0.495182 -0.752598 0.434039  0.125980 0.386700 1 1 1.000000
0  43.755272 33.336048 12.208531  -0.905856 -0.323826 0.273060  0.122074 0.381817 1 1 1.000000
skin_0
0  40.796051 20.769650 3.881402  0.585671 -0.041796 0.809471  0.071291 0.433576 1 1 1.000000
0  40.438187 22.724117 4.445720  0.648819 -0.033558 0.760202  0.075198 0.425764 1 1 1.000000
0  38.607597 19.090462 6.620409  0.866215 0.090132 0.491475  0.087893 0.440413 1 1 1.000000
skin_0
0  36.928406 20.480608 9.992551  0.913882 0.321362 0.248084  0.108402 0.435530 1 1 1.000000
0  37.836823 17.837950 9.731038  0.954938 0.222242 0.196728  0.107425 0.446272 1 1 1.000000
0  38.607597 19.090462 6.620409  0.866215 0.090132 0.491475  0.087893 0.440413 1 1 1.000000
skin_0
0  38.607597 19.090462 6.620409  0.866215 0.090132 0.491475  0.087893 0.440413 1 1 1.000000
0  37.768002 21.540424 7.170962  0.801480 0.189565 0.567181  0.091800 0.430647 1 1 1.000000
0  36.928406 20.480608 9.992551  0.913882 0.321362 0.248084  0.108402 0.435530 1 1 1.000000
skin_0
0  37.768002 21.540424 7.170962  0.801480 0.189565 0.567181  0.091800 0.430647 1 1 1.000000
0  38.607597 19.090462 6.620409  0.866215 0.090132 0.491475  0.087893 0.440413 1 1 1.000000
0  40.438187 22.724117 4.445720  0.648819 -0.033558 0.760202  0.075198 0.425764 1 1 1.000000
skin_0
0  40.438187 22.724117 4.445720  0.648819 -0.033558 0.760202  0.075198 0.425764 1 1 1.000000
0  39.653648 24.279434 5.051330  0.595332 0.027073 0.803023  0.078127 0.419904 1 1 1.000000
0  37.768002 21.540424 7.170962  0.801480 0.189565 0.567181  0.091800 0.430647 1 1 1.000000
skin_0
0  35.703423 23.384783 10.240300  0.893871 0.340685 0.291426  0.110355 0.422834 1 1 1.000000
0  36.928406 20.480608 9.992551  0.913882 0.321362 0.248084  0.108402 0.435530 1 1 1.000000
0  37.768002 21.540424 7.170962  0.801480 0.189565 0.567181  0.091800 0.430647 1 1 1.000000
skin_0
0  37.768002 21.540424 7.170962  0.801480 0.189565 0.567181  0.091800 0.430647 1 1 1.000000
0  36.322796 24.871275 7.845391  0.754372 0.199314 0.625457  0.095706 0.416974 1 1 1.000000
0  35.703423 23.384783 10.240300  0.893871 0.340685 0.291426  0.110355 0.422834 1 1 1.000000
skin_0
0  36.322796 24.871275 7.845391  0.754372 0.199314 0.625457  0.095706 0.416974 1 1 1.000000
0  37.768002 21.540424 7.170962  0.801480 0.189565 0.567181  0.091800 0.430647 1 1 1.000000
0  39.653648 24.279434 5.051330  0.595332 0.027073 0.803023  0.078127 0.419904 1 1 1.000000
skin_0
0  39.653648 24.279434 5.051330  0.595332 0.027073 0.803023  0.078127 0.419904 1 1 1.000000
0  37.864349 27.541460 6.056090  0.524977 0.026704 0.850698  0.084964 0.406232 1 1 1.000000
0  36.322796 24.871275 7.845391  0.754372 0.199314 0.625457  0.095706 0.416974 1 1 1.000000
skin_0
0  39.915157 31.684383 5.202732  0.163602 -0.265007 0.950266  0.079104 0.388653 1 1 1.000000
0  37.864349 27.541460 6.056090  0.524977 0.026704 0.850698  0.084964 0.406232 1 1 1.000000
0  39.653648 24.279434 5.051330  0.595332 0.027073 0.803023  0.078127 0.419904 1 1 1.000000
skin_0
0  39.653648 24.279434 5.051330  0.595332 0.027073 0.803023  0.078127 0.419904 1 1 1.000000
0  42.076084 28.367296 3.895166  0.042148 -0.353342 0.934544  0.071291 0.402326 1 1 1.000000
0  39.915157 31.684383 5.202732  0.163602 -0.265007 0.950266  0.079104 0.388653 1 1 1.000000
skin_0
0  40.961208 38.511253 7.817863  -0.865816 -0.231481 0.443598  0.095706 0.361309 1 1 1.000000
0  39.915157 31.684383 5.202732  0.163602 -0.265007 0.950266  0.079104 0.388653 1 1 1.000000
0  42.076084 28.367296 3.895166  0.042148 -0.353342 0.934544  0.071291 0.402326 1 1 1.000000
skin_0
0  42.076084 28.367296 3.895166  0.042148 -0.353342 0.934544  0.071291 0.402326 1 1 1.000000
0  42.860622 30.624567 6.358895  -0.835962 -0.360527 0.413749  0.086917 0.393536 1 1 1.000000
0  40.961208 38.511253 7.817863  -0.865816 -0.231481 0.443598  0.095706 0.361309 1 1 1.000000
skin_0
0  43.631397 25.917330 2.986752  0.029475 -0.175730 0.983997  0.065432 0.413068 1 1 1.000000
0  43.094608 27.032202 3.289557  -0.032486 -0.437419 0.898671  0.067385 0.408185 1 1 1.000000
0  42.984497 25.752163 3.014280  0.295045 -0.091724 0.951070  0.066408 0.413068 1 1 1.000000
skin_0
0  42.860622 30.624567 6.358895  -0.835962 -0.360527 0.413749  0.086917 0.393536 1 1 1.000000
0  42.076084 28.367296 3.895166  0.042148 -0.353342 0.934544  0.071291 0.402326 1 1 1.000000
0  43.094608 27.032202 3.289557  -0.032486 -0.437419 0.898671  0.067385 0.408185 1 1 1.000000
skin_0
0  43.094608 27.032202 3.289557  -0.032486 -0.437419 0.898671  0.067385 0.408185 1 1 1.000000
0  43.507526 28.202129 4.886163  -0.582189 -0.625328 0.519636  0.077151 0.403302 1 1 1.000000
0  42.860622 30.624567 6.358895  -0.835962 -0.360527 0.413749  0.086917 0.393536 1 1 1.000000
skin_0
0  40.961208 38.511253 7.817863  -0.865816 -0.231481 0.443598  0.095706 0.361309 1 1 1.000000
0  43.438709 31.904604 9.620928  -0.895943 -0.336204 0.290264  0.106449 0.387677 1 1 1.000000
0  43.755272 33.336048 12.208531  -0.905856 -0.323826 0.273060  0.122074 0.381817 1 1 1.000000
skin_0
0  43.755272 33.336048 12.208531  -0.905856 -0.323826 0.273060  0.122074 0.381817 1 1 1.000000
0  41.676933 39.749996 9.841149  -0.926563 -0.230985 0.296861  0.107425 0.355449 1 1 1.000000
0  40.961208 38.511253 7.817863  -0.865816 -0.231481 0.443598  0.095706 0.361309 1 1 1.000000
skin_0
0  44.457230 36.694424 19.351969  -0.899545 -0.396538 0.183240  0.166021 0.368145 1 1 1.000000
0  42.199959 40.396900 18.278387  -0.821011 -0.570603 -0.018762  0.159185 0.353496 1 1 1.000000
0  41.676933 39.749996 9.841149  -0.926563 -0.230985 0.296861  0.107425 0.355449 1 1 1.000000
skin_0
0  41.676933 39.749996 9.841149  -0.926563 -0.230985 0.296861  0.107425 0.355449 1 1 1.000000
0  43.755272 33.336048 12.208531  -0.905856 -0.323826 0.273060  0.122074 0.381817 1 1 1.000000
0  44.457230 36.694424 19.351969  -0.899545 -0.396538 0.183240  0.166021 0.368145 1 1 1.000000
skin_0
0  39.130619 21.361496 19.173037  0.232964 0.512666 -0.826379  0.165044 0.431623 1 1 1.000000
0  40.823578 24.031683 20.301672  -0.200091 0.263708 -0.943621  0.171880 0.420881 1 1 1.000000
0  43.301067 18.264631 18.140749  0.093048 0.314620 -0.944646  0.159185 0.444319 1 1 1.000000
skin_0
0  41.167671 13.254589 16.434032  0.545071 0.211581 -0.811253  0.148442 0.464827 1 1 1.000000
0  40.864868 17.301161 17.369974  0.353735 0.375251 -0.856772  0.154302 0.448225 1 1 1.000000
0  43.301067 18.264631 18.140749  0.093048 0.314620 -0.944646  0.159185 0.444319 1 1 1.000000
skin_0
0  43.301067 18.264631 18.140749  0.093048 0.314620 -0.944646  0.159185 0.444319 1 1 1.000000
0  43.163429 14.039128 17.535141  0.446942 0.116357 -0.886963  0.155278 0.461898 1 1 1.000000
0  41.167671 13.254589 16.434032  0.545071 0.211581 -0.811253  0.148442 0.464827 1 1 1.000000
skin_0
0  40.864868 17.301161 17.369974  0.353735 0.375251 -0.856772  0.154302 0.448225 1 1 1.000000
0  39.130619 21.361496 19.173037  0.232964 0.512666 -0.826379  0.165044 0.431623 1 1 1.000000
0  43.301067 18.264631 18.140749  0.093048 0.314620 -0.944646  0.159185 0.444319 1 1 1.000000
skin_0
0  39.419662 11.740566 14.273108  0.854395 0.223078 -0.469303  0.134770 0.470687 1 1 1.000000
0  38.703945 16.654263 15.415507  0.786243 0.362756 -0.500231  0.141606 0.451155 1 1 1.000000
0  40.864868 17.301161 17.369974  0.353735 0.375251 -0.856772  0.154302 0.448225 1 1 1.000000
skin_0
0  40.864868 17.301161 17.369974  0.353735 0.375251 -0.856772  0.154302 0.448225 1 1 1.000000
0  41.167671 13.254589 16.434032  0.545071 0.211581 -0.811253  0.148442 0.464827 1 1 1.000000
0  39.419662 11.740566 14.273108  0.854395 0.223078 -0.469303  0.134770 0.470687 1 1 1.000000
skin_0
0  36.859589 24.141792 20.618244  0.105407 0.496353 -0.861698  0.173833 0.419904 1 1 1.000000
0  36.515491 26.894564 21.870752  -0.211053 0.219873 -0.952425  0.181646 0.409162 1 1 1.000000
0  40.823578 24.031683 20.301672  -0.200091 0.263708 -0.943621  0.171880 0.420881 1 1 1.000000
skin_0
0  40.823578 24.031683 20.301672  -0.200091 0.263708 -0.943621  0.171880 0.420881 1 1 1.000000
0  39.130619 21.361496 19.173037  0.232964 0.512666 -0.826379  0.165044 0.431623 1 1 1.000000
0  36.859589 24.141792 20.618244  0.105407 0.496353 -0.861698  0.173833 0.419904 1 1 1.000000
skin_0
0  37.506489 19.998873 16.709311  0.732527 0.524133 -0.434384  0.150395 0.437483 1 1 1.000000
0  36.116337 22.490131 17.782890  0.733554 0.556816 -0.389686  0.156255 0.426740 1 1 1.000000
0  36.859589 24.141792 20.618244  0.105407 0.496353 -0.861698  0.173833 0.419904 1 1 1.000000
skin_0
0  36.859589 24.141792 20.618244  0.105407 0.496353 -0.861698  0.173833 0.419904 1 1 1.000000
0  39.130619 21.361496 19.173037  0.232964 0.512666 -0.826379  0.165044 0.431623 1 1 1.000000
0  37.506489 19.998873 16.709311  0.732527 0.524133 -0.434384  0.150395 0.437483 1 1 1.000000
skin_0
0  39.130619 21.361496 19.173037  0.232964 0.512666 -0.826379  0.165044 0.431623 1 1 1.000000
0  40.864868 17.301161 17.369974  0.353735 0.375251 -0.856772  0.154302 0.448225 1 1 1.000000
0  38.703945 16.654263 15.415507  0.786243 0.362756 -0.500231  0.141606 0.451155 1 1 1.000000
skin_0
0  38.703945 16.654263 15.415507  0.786243 0.362756 -0.500231  0.141606 0.451155 1 1 1.000000
0  37.506489 19.998873 16.709311  0.732527 0.524133 -0.434384  0.150395 0.437483 1 1 1.000000
0  39.130619 21.361496 19.173037  0.232964 0.512666 -0.826379  0.165044 0.431623 1 1 1.000000
skin_0
0  38.937927 11.437761 11.203770  0.986724 0.154348 -0.050515  0.116214 0.472640 1 1 1.000000
0  37.768002 17.025881 12.263587  0.956430 0.285430 -0.061414  0.123051 0.449202 1 1 1.000000
0  38.703945 16.654263 15.415507  0.786243 0.362756 -0.500231  0.141606 0.451155 1 1 1.000000
skin_0
0  38.703945 16.654263 15.415507  0.786243 0.362756 -0.500231  0.141606 0.451155 1 1 1.000000
0  39.419662 11.740566 14.273108  0.854395 0.223078 -0.469303  0.134770 0.470687 1 1 1.000000
0  38.937927 11.437761 11.203770  0.986724 0.154348 -0.050515  0.116214 0.472640 1 1 1.000000
skin_0
0  37.506489 19.998873 16.709311  0.732527 0.524133 -0.434384  0.150395 0.437483 1 1 1.000000
0  38.703945 16.654263 15.415507  0.786243 0.362756 -0.500231  0.141606 0.451155 1 1 1.000000
0  37.768002 17.025881 12.263587  0.956430 0.285430 -0.061414  0.123051 0.449202 1 1 1.000000
skin_0
0  37.768002 17.025881 12.263587  0.956430 0.285430 -0.061414  0.123051 0.449202 1 1 1.000000
0  36.749477 19.833708 13.006835  0.919589 0.392029 -0.025856  0.126957 0.437483 1 1 1.000000
0  37.506489 19.998873 16.709311  0.732527 0.524133 -0.434384  0.150395 0.437483 1 1 1.000000
skin_0
0  36.116337 22.490131 17.782890  0.733554 0.556816 -0.389686  0.156255 0.426740 1 1 1.000000
0  37.506489 19.998873 16.709311  0.732527 0.524133 -0.434384  0.150395 0.437483 1 1 1.000000
0  36.749477 19.833708 13.006835  0.919589 0.392029 -0.025856  0.126957 0.437483 1 1 1.000000
skin_0
0  36.749477 19.833708 13.006835  0.919589 0.392029 -0.025856  0.126957 0.437483 1 1 1.000000
0  35.620842 22.297436 13.681263  0.909310 0.416108 -0.003220  0.131840 0.427717 1 1 1.000000
0  36.116337 22.490131 17.782890  0.733554 0.556816 -0.389686  0.156255 0.426740 1 1 1.000000
skin_0
0  39.048038 11.726802 9.125429  0.982076 0.145279 0.120089  0.103519 0.471664 1 1 1.000000
0  37.836823 17.837950 9.731038  0.954938 0.222242 0.196728  0.107425 0.446272 1 1 1.000000
0  37.768002 17.025881 12.263587  0.956430 0.285430 -0.061414  0.123051 0.449202 1 1 1.000000
skin_0
0  37.768002 17.025881 12.263587  0.956430 0.285430 -0.061414  0.123051 0.449202 1 1 1.000000
0  38.937927 11.437761 11.203770  0.986724 0.154348 -0.050515  0.116214 0.472640 1 1 1.000000
0  39.048038 11.726802 9.125429  0.982076 0.145279 0.120089  0.103519 0.471664 1 1 1.000000
skin_0
0  37.836823 17.837950 9.731038  0.954938 0.222242 0.196728  0.107425 0.446272 1 1 1.000000
0  36.928406 20.480608 9.992551  0.913882 0.321362 0.248084  0.108402 0.435530 1 1 1.000000
0  36.749477 19.833708 13.006835  0.919589 0.392029 -0.025856  0.126957 0.437483 1 1 1.000000
skin_0
0  36.749477 19.833708 13.006835  0.919589 0.392029 -0.025856  0.126957 0.437483 1 1 1.000000
0  37.768002 17.025881 12.263587  0.956430 0.285430 -0.061414  0.123051 0.449202 1 1 1.000000
0  37.836823 17.837950 9.731038  0.954938 0.222242 0.196728  0.107425 0.446272 1 1 1.000000
skin_0
0  35.620842 22.297436 13.681263  0.909310 0.416108 -0.003220  0.131840 0.427717 1 1 1.000000
0  36.749477 19.833708 13.006835  0.919589 0.392029 -0.025856  0.126957 0.437483 1 1 1.000000
0  36.928406 20.480608 9.992551  0.913882 0.321362 0.248084  0.108402 0.435530 1 1 1.000000
skin_0
0  36.928406 20.480608 9.992551  0.913882 0.321362 0.248084  0.108402 0.435530 1 1 1.000000
0  35.703423 23.384783 10.240300  0.893871 0.340685 0.291426  0.110355 0.422834 1 1 1.000000
0  35.620842 22.297436 13.681263  0.909310 0.416108 -0.003220  0.131840 0.427717 1 1 1.000000
skin_0
0  39.130619 9.442003 10.845909  0.995167 0.097227 -0.013795  0.114261 0.480453 1 1 1.000000
0  38.937927 11.437761 11.203770  0.986724 0.154348 -0.050515  0.116214 0.472640 1 1 1.000000
0  39.419662 11.740566 14.273108  0.854395 0.223078 -0.469303  0.134770 0.470687 1 1 1.000000
skin_0
0  39.048038 11.726802 9.125429  0.982076 0.145279 0.120089  0.103519 0.471664 1 1 1.000000
0  39.350842 8.698755 9.675983  0.989765 0.095025 0.106465  0.106449 0.483383 1 1 1.000000
0  39.543537 7.804105 8.588638  0.988528 0.124432 0.085606  0.100589 0.487289 1 1 1.000000
skin_0
0  41.085087 -17.686541 7.281073  0.998010 0.062895 0.004526  0.091800 0.592761 1 1 1.000000
0  41.167675 -18.856470 7.239781  0.966972 0.253998 -0.021222  0.091800 0.597644 1 1 1.000000
0  41.126381 -18.498608 4.308081  0.941253 0.290780 0.171725  0.074221 0.595691 1 1 1.000000
skin_0
0  41.126381 -18.498608 4.308081  0.941253 0.290780 0.171725  0.074221 0.595691 1 1 1.000000
0  41.112614 -17.837944 3.743764  0.909992 0.137797 0.391059  0.070315 0.592761 1 1 1.000000
0  41.085087 -17.686541 7.281073  0.998010 0.062895 0.004526  0.091800 0.592761 1 1 1.000000
skin_0
0  40.699699 -12.222295 7.432476  0.987375 0.045749 0.151650  0.092776 0.570299 1 1 1.000000
0  41.085087 -17.686541 7.281073  0.998010 0.062895 0.004526  0.091800 0.592761 1 1 1.000000
0  41.140144 -15.952297 3.399668  0.896793 0.031392 0.441336  0.068361 0.584948 1 1 1.000000
skin_0
0  41.140144 -15.952297 3.399668  0.896793 0.031392 0.441336  0.068361 0.584948 1 1 1.000000
0  41.057560 -11.781852 3.592361  0.889687 0.005020 0.456544  0.069338 0.568346 1 1 1.000000
0  40.699699 -12.222295 7.432476  0.987375 0.045749 0.151650  0.092776 0.570299 1 1 1.000000
skin_0
0  40.796051 20.769650 3.881402  0.585671 -0.041796 0.809471  0.071291 0.433576 1 1 1.000000
0  41.030033 12.951784 3.083099  0.532604 -0.020507 0.846116  0.066408 0.465804 1 1 1.000000
0  43.246014 13.681269 2.780294  0.253635 -0.043402 0.966326  0.064455 0.462874 1 1 1.000000
skin_0
0  43.246014 13.681269 2.780294  0.253635 -0.043402 0.966326  0.064455 0.462874 1 1 1.000000
0  43.645161 21.788176 2.945460  0.237200 -0.010408 0.971405  0.065432 0.429670 1 1 1.000000
0  40.796051 20.769650 3.881402  0.585671 -0.041796 0.809471  0.071291 0.433576 1 1 1.000000
skin_0
0  42.984497 25.752163 3.014280  0.295045 -0.091724 0.951070  0.066408 0.413068 1 1 1.000000
0  43.645161 21.788176 2.945460  0.237200 -0.010408 0.971405  0.065432 0.429670 1 1 1.000000
0  43.631397 25.917330 2.986752  0.029475 -0.175730 0.983997  0.065432 0.413068 1 1 1.000000
skin_0
0  41.828339 -20.246618 7.404947  0.685352 0.690697 0.230718  0.092776 0.602527 1 1 1.000000
0  42.447712 -20.521894 7.404947  0.406020 0.865262 0.294058  0.092776 0.604480 1 1 1.000000
0  42.420185 -20.480602 7.226017  0.417615 0.895810 0.152062  0.091800 0.603504 1 1 1.000000
skin_0
0  42.420185 -20.480602 7.226017  0.417615 0.895810 0.152062  0.091800 0.603504 1 1 1.000000
0  41.800812 -20.205326 7.239781  0.716489 0.693932 0.071431  0.091800 0.602527 1 1 1.000000
0  41.828339 -20.246618 7.404947  0.685352 0.690697 0.230718  0.092776 0.602527 1 1 1.000000
skin_0
0  41.181438 -18.870234 7.404947  0.959760 0.254898 0.117844  0.092776 0.597644 1 1 1.000000
0  41.828339 -20.246618 7.404947  0.685352 0.690697 0.230718  0.092776 0.602527 1 1 1.000000
0  41.800812 -20.205326 7.239781  0.716489 0.693932 0.071431  0.091800 0.602527 1 1 1.000000
skin_0
0  41.800812 -20.205326 7.239781  0.716489 0.693932 0.071431  0.091800 0.602527 1 1 1.000000
0  41.167675 -18.856470 7.239781  0.966972 0.253998 -0.021222  0.091800 0.597644 1 1 1.000000
0  41.181438 -18.870234 7.404947  0.959760 0.254898 0.117844  0.092776 0.597644 1 1 1.000000
skin_0
0  39.598595 7.501300 8.616166  0.988842 0.119292 0.089220  0.100589 0.488266 1 1 1.000000
0  39.873867 5.409195 8.065612  0.906396 0.014681 0.422173  0.096683 0.497055 1 1 1.000000
0  39.928925 5.409195 7.900446  0.983345 0.072086 0.166840  0.095706 0.497055 1 1 1.000000
skin_0
0  39.928925 5.409195 7.900446  0.983345 0.072086 0.166840  0.095706 0.497055 1 1 1.000000
0  39.543537 7.804105 8.588638  0.988528 0.124432 0.085606  0.100589 0.487289 1 1 1.000000
0  39.598595 7.501300 8.616166  0.988842 0.119292 0.089220  0.100589 0.488266 1 1 1.000000
skin_0
0  39.873867 5.409195 8.065612  0.906396 0.014681 0.422173  0.096683 0.497055 1 1 1.000000
0  40.658405 -12.236058 7.597641  0.920005 0.044235 0.389402  0.093753 0.570299 1 1 1.000000
0  40.699699 -12.222295 7.432476  0.987375 0.045749 0.151650  0.092776 0.570299 1 1 1.000000
skin_0
0  40.699699 -12.222295 7.432476  0.987375 0.045749 0.151650  0.092776 0.570299 1 1 1.000000
0  39.928925 5.409195 7.900446  0.983345 0.072086 0.166840  0.095706 0.497055 1 1 1.000000
0  39.873867 5.409195 8.065612  0.906396 0.014681 0.422173  0.096683 0.497055 1 1 1.000000
skin_0
0  43.149666 13.860199 17.507612  0.492750 -0.010146 -0.870112  0.155278 0.462874 1 1 1.000000
0  41.181435 13.061895 16.378977  0.624989 0.064308 -0.777980  0.147465 0.465804 1 1 1.000000
0  41.167671 13.254589 16.434032  0.545071 0.211581 -0.811253  0.148442 0.464827 1 1 1.000000
skin_0
0  41.167671 13.254589 16.434032  0.545071 0.211581 -0.811253  0.148442 0.464827 1 1 1.000000
0  43.163429 14.039128 17.535141  0.446943 0.116373 -0.886961  0.155278 0.461898 1 1 1.000000
0  43.149666 13.860199 17.507612  0.492750 -0.010146 -0.870112  0.155278 0.462874 1 1 1.000000
skin_0
0  41.181435 13.061895 16.378977  0.624989 0.064308 -0.777980  0.147465 0.465804 1 1 1.000000
0  39.447189 11.547872 14.231817  0.912972 0.062502 -0.403206  0.134770 0.471664 1 1 1.000000
0  39.419662 11.740566 14.273108  0.854395 0.223078 -0.469303  0.134770 0.470687 1 1 1.000000
skin_0
0  39.419662 11.740566 14.273108  0.854395 0.223078 -0.469303  0.134770 0.470687 1 1 1.000000
0  41.167671 13.254589 16.434032  0.545071 0.211581 -0.811253  0.148442 0.464827 1 1 1.000000
0  41.181435 13.061895 16.378977  0.624989 0.064308 -0.777980  0.147465 0.465804 1 1 1.000000
skin_0
0  39.130619 9.442003 10.845909  0.995167 0.097227 -0.013795  0.114261 0.480453 1 1 1.000000
0  39.419662 11.740566 14.273108  0.854395 0.223078 -0.469303  0.134770 0.470687 1 1 1.000000
0  39.447189 11.547872 14.231817  0.912972 0.062502 -0.403206  0.134770 0.471664 1 1 1.000000
skin_0
0  39.447189 11.547872 14.231817  0.912972 0.062502 -0.403206  0.134770 0.471664 1 1 1.000000
0  39.158150 9.221782 10.804619  0.995320 -0.053901 0.080204  0.113285 0.481429 1 1 1.000000
0  39.130619 9.442003 10.845909  0.995167 0.097227 -0.013795  0.114261 0.480453 1 1 1.000000
skin_0
0  39.158150 9.221782 10.804619  0.995320 -0.053901 0.080204  0.113285 0.481429 1 1 1.000000
0  39.364609 8.492297 9.689747  0.973715 -0.050993 0.221986  0.106449 0.484359 1 1 1.000000
0  39.350842 8.698755 9.675983  0.989765 0.095025 0.106465  0.106449 0.483383 1 1 1.000000
skin_0
0  39.350842 8.698755 9.675983  0.989765 0.095025 0.106465  0.106449 0.483383 1 1 1.000000
0  39.130619 9.442003 10.845909  0.995167 0.097227 -0.013795  0.114261 0.480453 1 1 1.000000
0  39.158150 9.221782 10.804619  0.995320 -0.053901 0.080204  0.113285 0.481429 1 1 1.000000
skin_0
0  39.364609 8.492297 9.689747  0.973715 -0.050993 0.221986  0.106449 0.484359 1 1 1.000000
0  39.598595 7.501300 8.616166  0.988842 0.119292 0.089220  0.100589 0.488266 1 1 1.000000
0  39.543537 7.804105 8.588638  0.988528 0.124432 0.085606  0.100589 0.487289 1 1 1.000000
skin_0
0  39.543537 7.804105 8.588638  0.988528 0.124432 0.085606  0.100589 0.487289 1 1 1.000000
0  39.350842 8.698755 9.675983  0.989765 0.095025 0.106465  0.106449 0.483383 1 1 1.000000
0  39.364609 8.492297 9.689747  0.973715 -0.050993 0.221986  0.106449 0.484359 1 1 1.000000
skin_0
0  41.167675 -18.856470 7.239781  0.966972 0.253998 -0.021222  0.091800 0.597644 1 1 1.000000
0  41.085087 -17.686541 7.281073  0.998010 0.062895 0.004526  0.091800 0.592761 1 1 1.000000
0  41.085087 -17.617722 7.446239  0.982729 0.072187 0.170392  0.092776 0.591784 1 1 1.000000
skin_0
0  41.085087 -17.617722 7.446239  0.982729 0.072187 0.170392  0.092776 0.591784 1 1 1.000000
0  41.181438 -18.870234 7.404947  0.959760 0.254898 0.117844  0.092776 0.597644 1 1 1.000000
0  41.167675 -18.856470 7.239781  0.966972 0.253998 -0.021222  0.091800 0.597644 1 1 1.000000
skin_0
0  41.085087 -17.686541 7.281073  0.998010 0.062895 0.004526  0.091800 0.592761 1 1 1.000000
0  40.699699 -12.222295 7.432476  0.987375 0.045749 0.151650  0.092776 0.570299 1 1 1.000000
0  40.658405 -12.236058 7.597641  0.920005 0.044235 0.389402  0.093753 0.570299 1 1 1.000000
skin_0
0  40.658405 -12.236058 7.597641  0.920005 0.044235 0.389402  0.093753 0.570299 1 1 1.000000
0  41.085087 -17.617722 7.446239  0.982729 0.072187 0.170392  0.092776 0.591784 1 1 1.000000
0  41.085087 -17.686541 7.281073  0.998010 0.062895 0.004526  0.091800 0.592761 1 1 1.000000
skin_0
0  41.814575 -20.329199 7.597641  0.629138 0.678800 0.378703  0.990265 0.207984 1 1 1.000000
0  42.406422 -20.604477 7.583878  0.388124 0.831169 0.398144  0.990265 0.192358 1 1 1.000000
0  42.447712 -20.521894 7.404947  0.406020 0.865262 0.294058  0.009766 0.009735 1 1 1.000000
skin_0
0  42.447712 -20.521894 7.404947  0.406020 0.865262 0.294058  0.009766 0.009735 1 1 1.000000
0  41.828339 -20.246618 7.404947  0.685352 0.690697 0.230718  0.009766 0.020478 1 1 1.000000
0  41.814575 -20.329199 7.597641  0.629138 0.678800 0.378703  0.990265 0.207984 1 1 1.000000
skin_0
0  41.140148 -18.897760 7.597641  0.922081 0.256049 0.290183  0.990265 0.207007 1 1 1.000000
0  41.814575 -20.329199 7.597641  0.629138 0.678800 0.378703  0.990265 0.207984 1 1 1.000000
0  41.828339 -20.246618 7.404947  0.685352 0.690697 0.230718  0.009766 0.020478 1 1 1.000000
skin_0
0  41.828339 -20.246618 7.404947  0.685352 0.690697 0.230718  0.009766 0.020478 1 1 1.000000
0  41.181438 -18.870234 7.404947  0.959760 0.254898 0.117844  0.009766 0.021455 1 1 1.000000
0  41.140148 -18.897760 7.597641  0.922081 0.256049 0.290183  0.990265 0.207007 1 1 1.000000
skin_0
0  39.598595 7.198496 8.726277  0.972376 0.066739 0.223675  0.990265 0.078097 1 1 1.000000
0  39.763756 5.422959 8.217015  0.803026 -0.043246 0.594372  0.990265 0.025361 1 1 1.000000
0  39.873867 5.409195 8.065612  0.906396 0.014681 0.422173  0.009766 0.009735 1 1 1.000000
skin_0
0  39.873867 5.409195 8.065612  0.906396 0.014681 0.422173  0.009766 0.009735 1 1 1.000000
0  39.598595 7.501300 8.616166  0.988842 0.119292 0.089220  0.009766 0.067354 1 1 1.000000
0  39.598595 7.198496 8.726277  0.972376 0.066739 0.223675  0.990265 0.078097 1 1 1.000000
skin_0
0  39.763756 5.422959 8.217015  0.803026 -0.043246 0.594372  0.990265 0.838862 1 1 1.000000
0  40.562061 -12.263587 7.762807  0.837565 0.037211 0.545068  0.990265 0.377911 1 1 1.000000
0  40.658405 -12.236058 7.597641  0.920005 0.044235 0.389402  0.009766 0.215796 1 1 1.000000
skin_0
0  40.658405 -12.236058 7.597641  0.920005 0.044235 0.389402  0.009766 0.215796 1 1 1.000000
0  39.873867 5.409195 8.065612  0.906396 0.014681 0.422173  0.009766 0.682608 1 1 1.000000
0  39.763756 5.422959 8.217015  0.803026 -0.043246 0.594372  0.990265 0.838862 1 1 1.000000
skin_0
0  43.135902 13.681269 17.548904  0.549945 -0.228861 -0.803233  0.990265 0.993164 1 1 1.000000
0  41.153908 12.855437 16.392740  0.729093 -0.120239 -0.673770  0.990265 0.874020 1 1 1.000000
0  41.181435 13.061895 16.378977  0.624989 0.064308 -0.777980  0.009766 0.872066 1 1 1.000000
skin_0
0  41.181435 13.061895 16.378977  0.624989 0.064308 -0.777980  0.009766 0.872066 1 1 1.000000
0  43.149666 13.860199 17.507612  0.492750 -0.010146 -0.870112  0.009766 0.989257 1 1 1.000000
0  43.135902 13.681269 17.548904  0.549945 -0.228861 -0.803233  0.990265 0.993164 1 1 1.000000
skin_0
0  41.153908 12.855437 16.392740  0.729093 -0.120239 -0.673770  0.990265 0.874020 1 1 1.000000
0  39.419662 11.341414 14.218052  0.976545 -0.135182 -0.167590  0.990265 0.647450 1 1 1.000000
0  39.447189 11.547872 14.231817  0.912972 0.062502 -0.403206  0.009766 0.649403 1 1 1.000000
skin_0
0  39.447189 11.547872 14.231817  0.912972 0.062502 -0.403206  0.009766 0.649403 1 1 1.000000
0  41.181435 13.061895 16.378977  0.624989 0.064308 -0.777980  0.009766 0.872066 1 1 1.000000
0  41.153908 12.855437 16.392740  0.729093 -0.120239 -0.673770  0.990265 0.874020 1 1 1.000000
skin_0
0  39.419662 11.341414 14.218052  0.976545 -0.135182 -0.167590  0.990265 0.647450 1 1 1.000000
0  39.116856 9.015324 10.722035  0.930293 -0.239887 0.277506  0.990265 0.286111 1 1 1.000000
0  39.158150 9.221782 10.804619  0.995320 -0.053901 0.080204  0.009766 0.292947 1 1 1.000000
skin_0
0  39.158150 9.221782 10.804619  0.995320 -0.053901 0.080204  0.009766 0.292947 1 1 1.000000
0  39.447189 11.547872 14.231817  0.912972 0.062502 -0.403206  0.009766 0.649403 1 1 1.000000
0  39.419662 11.341414 14.218052  0.976545 -0.135182 -0.167590  0.990265 0.647450 1 1 1.000000
skin_0
0  39.116856 9.015324 10.722035  0.930293 -0.239887 0.277506  0.990265 0.286111 1 1 1.000000
0  39.323315 8.272076 9.662219  0.916084 -0.187431 0.354485  0.990265 0.174779 1 1 1.000000
0  39.364609 8.492297 9.689747  0.973715 -0.050993 0.221986  0.009766 0.177709 1 1 1.000000
skin_0
0  39.364609 8.492297 9.689747  0.973715 -0.050993 0.221986  0.009766 0.177709 1 1 1.000000
0  39.158150 9.221782 10.804619  0.995320 -0.053901 0.080204  0.009766 0.292947 1 1 1.000000
0  39.116856 9.015324 10.722035  0.930293 -0.239887 0.277506  0.990265 0.286111 1 1 1.000000
skin_0
0  39.323315 8.272076 9.662219  0.916084 -0.187431 0.354485  0.990265 0.174779 1 1 1.000000
0  39.598595 7.198496 8.726277  0.972376 0.066739 0.223675  0.990265 0.078097 1 1 1.000000
0  39.598595 7.501300 8.616166  0.988842 0.119292 0.089220  0.009766 0.067354 1 1 1.000000
skin_0
0  39.598595 7.501300 8.616166  0.988842 0.119292 0.089220  0.009766 0.067354 1 1 1.000000
0  39.364609 8.492297 9.689747  0.973715 -0.050993 0.221986  0.009766 0.177709 1 1 1.000000
0  39.323315 8.272076 9.662219  0.916084 -0.187431 0.354485  0.990265 0.174779 1 1 1.000000
skin_0
0  41.016270 -17.548904 7.625169  0.937296 0.069524 0.341531  0.990265 0.238258 1 1 1.000000
0  41.140148 -18.897760 7.597641  0.922081 0.256049 0.290183  0.990265 0.207007 1 1 1.000000
0  41.181438 -18.870234 7.404947  0.959760 0.254898 0.117844  0.009766 0.021455 1 1 1.000000
skin_0
0  41.181438 -18.870234 7.404947  0.959760 0.254898 0.117844  0.009766 0.021455 1 1 1.000000
0  41.085087 -17.617722 7.446239  0.982729 0.072187 0.170392  0.009766 0.057588 1 1 1.000000
0  41.016270 -17.548904 7.625169  0.937296 0.069524 0.341531  0.990265 0.238258 1 1 1.000000
skin_0
0  41.085087 -17.617722 7.446239  0.982729 0.072187 0.170392  0.009766 0.057588 1 1 1.000000
0  40.658405 -12.236058 7.597641  0.920005 0.044235 0.389402  0.009766 0.215796 1 1 1.000000
0  40.562061 -12.263587 7.762807  0.837565 0.037211 0.545068  0.990265 0.377911 1 1 1.000000
skin_0
0  40.562061 -12.263587 7.762807  0.837565 0.037211 0.545068  0.990265 0.377911 1 1 1.000000
0  41.016270 -17.548904 7.625169  0.937296 0.069524 0.341531  0.990265 0.238258 1 1 1.000000
0  41.085087 -17.617722 7.446239  0.982729 0.072187 0.170392  0.009766 0.057588 1 1 1.000000
skin_0
0  45.131657 33.790253 15.704547  -0.014211 -0.879550 0.475593  0.143559 0.379864 1 1 1.000000
0  45.131657 33.886600 15.869713  -0.005526 -0.804844 0.593461  0.144536 0.379864 1 1 1.000000
0  44.649929 33.900364 15.869713  -0.619005 -0.615836 0.487421  0.144536 0.379864 1 1 1.000000
skin_0
0  45.131657 33.886600 15.869713  -0.005526 -0.804844 0.593461  0.009766 0.111301 1 1 1.000000
0  45.090366 34.037998 16.034880  -0.015062 -0.732120 0.681009  0.990265 0.109348 1 1 1.000000
0  44.649929 34.051762 16.021116  -0.485287 -0.756080 0.439135  0.990265 0.112278 1 1 1.000000
skin_0
0  44.649929 34.051762 16.021116  -0.485287 -0.756080 0.439135  0.990265 0.112278 1 1 1.000000
0  44.649929 33.900364 15.869713  -0.619005 -0.615836 0.487421  0.009766 0.129856 1 1 1.000000
0  45.131657 33.886600 15.869713  -0.005526 -0.804844 0.593461  0.009766 0.111301 1 1 1.000000
skin_0
0  39.048038 11.726802 9.125429  0.982076 0.145279 0.120089  0.103519 0.471664 1 1 1.000000
0  38.937927 11.437761 11.203770  0.986724 0.154348 -0.050515  0.116214 0.472640 1 1 1.000000
0  39.350842 8.698755 9.675983  0.989765 0.095025 0.106465  0.106449 0.483383 1 1 1.000000
skin_0
0  38.937927 11.437761 11.203770  0.986724 0.154348 -0.050515  0.116214 0.472640 1 1 1.000000
0  39.130619 9.442003 10.845909  0.995167 0.097227 -0.013795  0.114261 0.480453 1 1 1.000000
0  39.350842 8.698755 9.675983  0.989765 0.095025 0.106465  0.106449 0.483383 1 1 1.000000
skin_0
0  44.457230 36.694424 19.351969  -0.899545 -0.396538 0.183240  0.166021 0.368145 1 1 1.000000
0  44.649929 34.148113 16.323921  -0.853681 -0.445621 0.269538  0.147465 0.378887 1 1 1.000000
0  44.856380 36.432911 20.659533  -0.861721 -0.460159 0.213753  0.173833 0.369121 1 1 1.000000
skin_0
0  43.755272 33.336048 12.208531  -0.905856 -0.323826 0.273060  0.122074 0.381817 1 1 1.000000
0  44.649929 34.051762 16.021116  -0.485287 -0.756080 0.439135  0.145512 0.378887 1 1 1.000000
0  44.663692 34.093060 16.172520  -0.367537 -0.894284 0.255290  0.146489 0.378887 1 1 1.000000
skin_0
0  43.755272 33.336048 12.208531  -0.905856 -0.323826 0.273060  0.122074 0.381817 1 1 1.000000
0  44.663692 34.093060 16.172520  -0.367537 -0.894284 0.255290  0.146489 0.378887 1 1 1.000000
0  44.649929 34.148113 16.323921  -0.853681 -0.445621 0.269538  0.147465 0.378887 1 1 1.000000
skin_0
0  43.755272 33.336048 12.208531  -0.905856 -0.323826 0.273060  0.122074 0.381817 1 1 1.000000
0  44.649929 34.148113 16.323921  -0.853681 -0.445621 0.269538  0.147465 0.378887 1 1 1.000000
0  44.457230 36.694424 19.351969  -0.899545 -0.396538 0.183240  0.166021 0.368145 1 1 1.000000
skin_0
0  43.163429 14.039128 17.535141  -0.020260 0.155606 -0.987611  0.155278 0.461898 1 1 1.000000
0  43.645161 14.121712 17.548904  -0.020217 0.155693 -0.987599  0.155278 0.460921 1 1 1.000000
0  43.645161 13.887727 17.507612  -0.030229 0.042770 -0.998627  0.155278 0.461898 1 1 1.000000
skin_0
0  43.645161 13.887727 17.507612  -0.030229 0.042770 -0.998627  0.155278 0.461898 1 1 1.000000
0  43.149666 13.860199 17.507612  -0.009853 -0.041137 -0.999105  0.155278 0.462874 1 1 1.000000
0  43.163429 14.039128 17.535141  -0.020260 0.155606 -0.987611  0.155278 0.461898 1 1 1.000000
skin_0
0  43.645161 13.887727 17.507612  -0.030370 0.042461 -0.998636  0.009766 0.969726 1 1 1.000000
0  43.590107 13.681269 17.521376  -0.057353 -0.069100 -0.995960  0.990265 0.971679 1 1 1.000000
0  43.135902 13.681269 17.548904  -0.015840 -0.171638 -0.985033  0.990265 0.974609 1 1 1.000000
skin_0
0  43.135902 13.681269 17.548904  -0.015741 -0.171928 -0.984984  0.990265 0.974609 1 1 1.000000
0  43.149666 13.860199 17.507612  -0.009853 -0.041137 -0.999105  0.009766 0.970702 1 1 1.000000
0  43.645161 13.887727 17.507612  -0.030229 0.042770 -0.998627  0.009766 0.969726 1 1 1.000000
skin_0
0  44.429703 32.331287 12.882957  -0.495182 -0.752598 0.434039  0.125980 0.386700 1 1 1.000000
0  44.154427 30.954899 10.185245  -0.469010 -0.758647 0.452199  0.110355 0.391583 1 1 1.000000
0  44.649929 30.954899 10.185244  -0.001227 -0.886317 0.463078  0.110355 0.391583 1 1 1.000000
skin_0
0  44.649929 30.954899 10.185244  -0.001227 -0.886317 0.463078  0.110355 0.391583 1 1 1.000000
0  44.925201 32.427631 13.048124  0.013378 -0.887923 0.459797  0.126957 0.385723 1 1 1.000000
0  44.429703 32.331287 12.882957  -0.495182 -0.752598 0.434039  0.125980 0.386700 1 1 1.000000
skin_0
0  43.507526 28.202129 4.886163  -0.582189 -0.625328 0.519636  0.077151 0.403302 1 1 1.000000
0  43.094608 27.032202 3.289557  -0.032486 -0.437419 0.898671  0.067385 0.408185 1 1 1.000000
0  43.658928 27.045965 3.427195  -0.100767 -0.623516 0.775290  0.068361 0.408185 1 1 1.000000
skin_0
0  43.658928 27.045965 3.427195  -0.100767 -0.623516 0.775290  0.068361 0.408185 1 1 1.000000
0  43.782806 28.119545 5.037565  -0.258919 -0.806147 0.532060  0.078127 0.403302 1 1 1.000000
0  43.507526 28.202129 4.886163  -0.582189 -0.625328 0.519636  0.077151 0.403302 1 1 1.000000
skin_0
0  43.658928 27.045965 3.427195  -0.100767 -0.623516 0.775290  0.068361 0.408185 1 1 1.000000
0  44.154427 27.045965 3.427195  -0.000643 -0.638386 0.769716  0.068361 0.408185 1 1 1.000000
0  44.278297 28.174603 5.133912  -0.008755 -0.853182 0.521541  0.079104 0.403302 1 1 1.000000
skin_0
0  44.278297 28.174603 5.133912  -0.008755 -0.853182 0.521541  0.079104 0.403302 1 1 1.000000
0  43.782806 28.119545 5.037565  -0.258919 -0.806147 0.532060  0.078127 0.403302 1 1 1.000000
0  43.658928 27.045965 3.427195  -0.100767 -0.623516 0.775290  0.068361 0.408185 1 1 1.000000
skin_0
0  43.562580 29.495932 6.840630  -0.766848 -0.525376 0.368679  0.088870 0.398419 1 1 1.000000
0  43.700218 31.491690 9.854913  -0.837575 -0.433750 0.332158  0.108402 0.389630 1 1 1.000000
0  43.438709 31.904604 9.620928  -0.895943 -0.336204 0.290264  0.106449 0.387677 1 1 1.000000
skin_0
0  43.438709 31.904604 9.620928  -0.895943 -0.336204 0.290264  0.106449 0.387677 1 1 1.000000
0  42.860622 30.624567 6.358895  -0.835962 -0.360527 0.413749  0.086917 0.393536 1 1 1.000000
0  43.562580 29.495932 6.840630  -0.766848 -0.525376 0.368679  0.088870 0.398419 1 1 1.000000
skin_0
0  43.700218 31.491690 9.854913  -0.837575 -0.433750 0.332158  0.108402 0.389630 1 1 1.000000
0  43.755272 33.336048 12.208531  -0.905856 -0.323826 0.273060  0.122074 0.381817 1 1 1.000000
0  43.438709 31.904604 9.620928  -0.895943 -0.336204 0.290264  0.106449 0.387677 1 1 1.000000
skin_0
0  44.636158 36.955936 21.017393  -0.646520 -0.436914 -0.625394  0.176763 0.367168 1 1 1.000000
0  44.856380 36.515495 20.810934  -0.754287 -0.556788 0.347904  0.174810 0.369121 1 1 1.000000
0  44.870148 36.611843 20.976101  -0.712369 -0.346309 -0.610409  0.175787 0.369121 1 1 1.000000
skin_0
0  44.636158 36.955936 21.017393  -0.646520 -0.436914 -0.625394  0.176763 0.367168 1 1 1.000000
0  44.856380 36.432911 20.659533  -0.861721 -0.460159 0.213753  0.173833 0.369121 1 1 1.000000
0  44.856380 36.515495 20.810934  -0.754287 -0.556788 0.347904  0.174810 0.369121 1 1 1.000000
skin_0
0  44.457230 36.694424 19.351969  -0.899545 -0.396538 0.183240  0.166021 0.368145 1 1 1.000000
0  44.856380 36.432911 20.659533  -0.861721 -0.460159 0.213753  0.173833 0.369121 1 1 1.000000
0  44.636158 36.955936 21.017393  -0.646520 -0.436914 -0.625394  0.176763 0.367168 1 1 1.000000
skin_0
0  43.906677 29.261946 7.033323  -0.362881 -0.796292 0.483980  0.090823 0.399396 1 1 1.000000
0  43.782806 28.119545 5.037565  -0.258919 -0.806147 0.532060  0.078127 0.403302 1 1 1.000000
0  44.278297 28.174603 5.133912  -0.008755 -0.853182 0.521541  0.079104 0.403302 1 1 1.000000
skin_0
0  44.278297 28.174603 5.133912  -0.008755 -0.853182 0.521541  0.079104 0.403302 1 1 1.000000
0  44.402176 29.399586 7.281073  -0.000824 -0.877382 0.479791  0.091800 0.398419 1 1 1.000000
0  43.906677 29.261946 7.033323  -0.362881 -0.796292 0.483980  0.090823 0.399396 1 1 1.000000
skin_0
0  43.562580 29.495932 6.840630  -0.766848 -0.525376 0.368679  0.088870 0.398419 1 1 1.000000
0  43.507526 28.202129 4.886163  -0.582189 -0.625328 0.519636  0.077151 0.403302 1 1 1.000000
0  43.782806 28.119545 5.037565  -0.258919 -0.806147 0.532060  0.078127 0.403302 1 1 1.000000
skin_0
0  43.782806 28.119545 5.037565  -0.258919 -0.806147 0.532060  0.078127 0.403302 1 1 1.000000
0  43.906677 29.261946 7.033323  -0.362881 -0.796292 0.483980  0.090823 0.399396 1 1 1.000000
0  43.562580 29.495932 6.840630  -0.766848 -0.525376 0.368679  0.088870 0.398419 1 1 1.000000
skin_0
0  43.562580 29.495932 6.840630  -0.766848 -0.525376 0.368679  0.088870 0.398419 1 1 1.000000
0  42.860622 30.624567 6.358895  -0.835962 -0.360527 0.413749  0.086917 0.393536 1 1 1.000000
0  43.507526 28.202129 4.886163  -0.582189 -0.625328 0.519636  0.077151 0.403302 1 1 1.000000
skin_0
0  40.823578 24.031683 20.301672  -0.200091 0.263708 -0.943621  0.171880 0.420881 1 1 1.000000
0  43.975494 26.151316 19.517134  -0.344638 0.168129 -0.923557  0.166997 0.412091 1 1 1.000000
0  43.301067 18.264631 18.140749  0.093048 0.314620 -0.944646  0.159185 0.444319 1 1 1.000000
skin_0
0  41.030033 12.951784 3.083099  0.532604 -0.020507 0.846116  0.066408 0.465804 1 1 1.000000
0  39.639885 12.194773 5.230259  0.923588 0.068923 0.377139  0.079104 0.469710 1 1 1.000000
0  40.176674 5.354140 4.776052  0.940747 0.049178 0.335523  0.077151 0.497055 1 1 1.000000
skin_0
0  40.176674 5.354140 4.776052  0.940747 0.049178 0.335523  0.077151 0.497055 1 1 1.000000
0  41.401657 5.354140 2.904169  0.533976 0.007440 0.845467  0.065432 0.497055 1 1 1.000000
0  41.030033 12.951784 3.083099  0.532604 -0.020507 0.846116  0.066408 0.465804 1 1 1.000000
skin_0
0  41.401657 5.354140 2.904169  0.533976 0.007440 0.845467  0.065432 0.497055 1 1 1.000000
0  42.929443 5.354140 2.697711  0.254975 -0.020843 0.966723  0.063478 0.497055 1 1 1.000000
0  43.246014 13.681269 2.780294  0.253635 -0.043402 0.966326  0.064455 0.462874 1 1 1.000000
skin_0
0  43.246014 13.681269 2.780294  0.253635 -0.043402 0.966326  0.064455 0.462874 1 1 1.000000
0  41.030033 12.951784 3.083099  0.532604 -0.020507 0.846116  0.066408 0.465804 1 1 1.000000
0  41.401657 5.354140 2.904169  0.533976 0.007440 0.845467  0.065432 0.497055 1 1 1.000000
skin_0
0  43.383648 5.354140 2.505017  0.366147 -0.025298 0.930213  0.062502 0.497055 1 1 1.000000
0  43.700218 13.901490 2.628892  0.329409 -0.031481 0.943662  0.063478 0.461898 1 1 1.000000
0  43.246014 13.681269 2.780294  0.253635 -0.043402 0.966326  0.064455 0.462874 1 1 1.000000
skin_0
0  43.246014 13.681269 2.780294  0.253635 -0.043402 0.966326  0.064455 0.462874 1 1 1.000000
0  42.929443 5.354140 2.697711  0.254975 -0.020843 0.966723  0.063478 0.497055 1 1 1.000000
0  43.383648 5.354140 2.505017  0.366147 -0.025298 0.930213  0.062502 0.497055 1 1 1.000000
skin_0
0  41.140144 -15.952297 3.399668  0.896793 0.031392 0.441336  0.068361 0.584948 1 1 1.000000
0  41.085087 -17.686541 7.281073  0.998010 0.062895 0.004526  0.091800 0.592761 1 1 1.000000
0  41.112614 -17.837944 3.743764  0.909992 0.137797 0.391059  0.070315 0.592761 1 1 1.000000
skin_0
0  44.649929 34.051762 16.021116  -0.485287 -0.756080 0.439135  0.145512 0.378887 1 1 1.000000
0  43.755272 33.336048 12.208531  -0.905856 -0.323826 0.273060  0.122074 0.381817 1 1 1.000000
0  44.429703 32.331287 12.882957  -0.495182 -0.752598 0.434039  0.125980 0.386700 1 1 1.000000
skin_0
0  44.429703 32.331287 12.882957  -0.495182 -0.752598 0.434039  0.125980 0.386700 1 1 1.000000
0  44.649929 33.900364 15.869713  -0.619005 -0.615836 0.487421  0.144536 0.379864 1 1 1.000000
0  44.649929 34.051762 16.021116  -0.485287 -0.756080 0.439135  0.145512 0.378887 1 1 1.000000
skin_0
0  24.169319 8.409714 40.438187  0.600752 0.033740 0.798723  0.350597 0.485336 1 1 1.000000
0  24.293196 17.906769 39.763756  0.586812 0.049709 0.808196  0.349620 0.445296 1 1 1.000000
0  19.874998 18.484850 42.929443  0.467322 0.065039 0.881692  0.376965 0.443342 1 1 1.000000
skin_0
0  19.874998 18.484850 42.929443  0.467322 0.065039 0.881692  0.376965 0.443342 1 1 1.000000
0  19.916290 8.974031 43.631397  0.484291 0.044486 0.873775  0.376965 0.482406 1 1 1.000000
0  24.169319 8.409714 40.438187  0.600752 0.033740 0.798723  0.350597 0.485336 1 1 1.000000
skin_0
0  19.916290 8.974031 43.631397  0.484291 0.044486 0.873775  0.376965 0.482406 1 1 1.000000
0  19.874998 18.484850 42.929443  0.467322 0.065039 0.881692  0.376965 0.443342 1 1 1.000000
0  15.566916 18.760128 44.457230  0.190174 0.085882 0.977987  0.403333 0.442366 1 1 1.000000
skin_0
0  15.566916 18.760128 44.457230  0.190174 0.085882 0.977987  0.403333 0.442366 1 1 1.000000
0  15.484332 9.276834 45.310593  0.209046 0.057946 0.976188  0.404309 0.481429 1 1 1.000000
0  19.916290 8.974031 43.631397  0.484291 0.044486 0.873775  0.376965 0.482406 1 1 1.000000
skin_0
0  15.484332 9.276834 45.310593  0.209046 0.057946 0.976188  0.404309 0.481429 1 1 1.000000
0  15.566916 18.760128 44.457230  0.190174 0.085882 0.977987  0.403333 0.442366 1 1 1.000000
0  11.685511 18.787653 44.594868  -0.087663 0.098934 0.991225  0.427747 0.442366 1 1 1.000000
skin_0
0  11.685511 18.787653 44.594868  -0.087663 0.098934 0.991225  0.427747 0.442366 1 1 1.000000
0  11.589163 9.331890 45.544579  -0.063549 0.070338 0.995497  0.427747 0.481429 1 1 1.000000
0  15.484332 9.276834 45.310593  0.209046 0.057946 0.976188  0.404309 0.481429 1 1 1.000000
skin_0
0  7.680230 18.746363 43.713982  -0.537447 0.088863 0.838603  0.452162 0.442366 1 1 1.000000
0  7.859161 9.208016 44.842617  -0.416368 0.078856 0.905770  0.451186 0.481429 1 1 1.000000
0  8.093146 9.221780 44.883911  -0.186828 0.083040 0.978877  0.450209 0.481429 1 1 1.000000
skin_0
0  8.093146 9.221780 44.883911  -0.186828 0.083040 0.978877  0.450209 0.481429 1 1 1.000000
0  7.900451 18.773890 43.769043  -0.222897 0.107583 0.968887  0.451186 0.442366 1 1 1.000000
0  7.680230 18.746363 43.713982  -0.537447 0.088863 0.838603  0.452162 0.442366 1 1 1.000000
skin_0
0  19.696072 -0.220220 43.947968  0.478060 -0.004809 0.878314  0.377941 0.520493 1 1 1.000000
0  19.407030 -8.134433 43.810333  0.450805 -0.072914 0.889639  0.379894 0.552721 1 1 1.000000
0  23.178324 -9.882442 41.098850  0.565320 -0.066669 0.822173  0.356456 0.560533 1 1 1.000000
skin_0
0  23.178324 -9.882442 41.098850  0.565320 -0.066669 0.822173  0.356456 0.560533 1 1 1.000000
0  23.838991 -1.293800 40.837341  0.600403 -0.005768 0.799677  0.352550 0.524400 1 1 1.000000
0  19.696072 -0.220220 43.947968  0.478060 -0.004809 0.878314  0.377941 0.520493 1 1 1.000000
skin_0
0  15.387987 0.385389 45.558342  0.220009 0.002620 0.975494  0.404309 0.517563 1 1 1.000000
0  15.291640 -6.923214 45.393173  0.222919 -0.067785 0.972477  0.405286 0.547838 1 1 1.000000
0  19.407030 -8.134433 43.810333  0.450805 -0.072914 0.889639  0.379894 0.552721 1 1 1.000000
skin_0
0  19.407030 -8.134433 43.810333  0.450805 -0.072914 0.889639  0.379894 0.552721 1 1 1.000000
0  19.696072 -0.220220 43.947968  0.478060 -0.004809 0.878314  0.377941 0.520493 1 1 1.000000
0  15.387987 0.385389 45.558342  0.220009 0.002620 0.975494  0.404309 0.517563 1 1 1.000000
skin_0
0  11.561636 0.509263 45.902435  -0.020292 0.018733 0.999619  0.428724 0.517563 1 1 1.000000
0  11.575400 -6.111148 45.847378  0.019360 -0.041106 0.998967  0.428724 0.544908 1 1 1.000000
0  15.291640 -6.923214 45.393173  0.222919 -0.067785 0.972477  0.405286 0.547838 1 1 1.000000
skin_0
0  15.291640 -6.923214 45.393173  0.222919 -0.067785 0.972477  0.405286 0.547838 1 1 1.000000
0  15.387987 0.385389 45.558342  0.220009 0.002620 0.975494  0.404309 0.517563 1 1 1.000000
0  11.561636 0.509263 45.902435  -0.020292 0.018733 0.999619  0.428724 0.517563 1 1 1.000000
skin_0
0  8.258313 -5.464247 45.613396  -0.065441 -0.004308 0.997847  0.449232 0.541978 1 1 1.000000
0  8.203258 0.357861 45.475754  -0.121439 0.038568 0.991849  0.449232 0.517563 1 1 1.000000
0  7.969272 0.344097 45.448227  -0.331422 0.041831 0.942555  0.450209 0.518540 1 1 1.000000
skin_0
0  7.969272 0.344097 45.448227  -0.331422 0.041831 0.942555  0.450209 0.518540 1 1 1.000000
0  8.038092 -5.422956 45.599632  -0.277204 0.019838 0.960606  0.450209 0.541978 1 1 1.000000
0  8.258313 -5.464247 45.613396  -0.065441 -0.004308 0.997847  0.449232 0.541978 1 1 1.000000
skin_0
0  21.843231 -16.021118 41.291546  0.466095 -0.141199 0.873394  0.365246 0.585925 1 1 1.000000
0  23.178324 -9.882442 41.098850  0.565320 -0.066669 0.822173  0.356456 0.560533 1 1 1.000000
0  19.407030 -8.134433 43.810333  0.450805 -0.072914 0.889639  0.379894 0.552721 1 1 1.000000
skin_0
0  19.407030 -8.134433 43.810333  0.450805 -0.072914 0.889639  0.379894 0.552721 1 1 1.000000
0  17.714077 -14.796136 43.576344  0.367494 -0.166401 0.915019  0.390637 0.580065 1 1 1.000000
0  21.843231 -16.021118 41.291546  0.466095 -0.141199 0.873394  0.365246 0.585925 1 1 1.000000
skin_0
0  15.291640 -6.923214 45.393173  0.222919 -0.067785 0.972477  0.405286 0.547838 1 1 1.000000
0  15.250348 -13.832666 44.581104  0.237754 -0.150275 0.959630  0.405286 0.576159 1 1 1.000000
0  17.714077 -14.796136 43.576344  0.367494 -0.166401 0.915019  0.390637 0.580065 1 1 1.000000
skin_0
0  17.714077 -14.796136 43.576344  0.367494 -0.166401 0.915019  0.390637 0.580065 1 1 1.000000
0  19.407030 -8.134433 43.810333  0.450805 -0.072914 0.889639  0.379894 0.552721 1 1 1.000000
0  15.291640 -6.923214 45.393173  0.222919 -0.067785 0.972477  0.405286 0.547838 1 1 1.000000
skin_0
0  11.575400 -6.111148 45.847378  0.019360 -0.041106 0.998967  0.428724 0.544908 1 1 1.000000
0  11.520347 -12.387463 45.406937  0.096022 -0.097208 0.990621  0.428724 0.570299 1 1 1.000000
0  15.250348 -13.832666 44.581104  0.237754 -0.150275 0.959630  0.405286 0.576159 1 1 1.000000
skin_0
0  15.250348 -13.832666 44.581104  0.237754 -0.150275 0.959630  0.405286 0.576159 1 1 1.000000
0  15.291640 -6.923214 45.393173  0.222919 -0.067785 0.972477  0.405286 0.547838 1 1 1.000000
0  11.575400 -6.111148 45.847378  0.019360 -0.041106 0.998967  0.428724 0.544908 1 1 1.000000
skin_0
0  7.528830 -10.598163 45.489517  -0.003175 -0.038244 0.999263  0.453139 0.563463 1 1 1.000000
0  8.258313 -5.464247 45.613396  -0.065441 -0.004308 0.997847  0.449232 0.541978 1 1 1.000000
0  8.038092 -5.422956 45.599632  -0.277204 0.019838 0.960606  0.450209 0.541978 1 1 1.000000
skin_0
0  8.038092 -5.422956 45.599632  -0.277204 0.019838 0.960606  0.450209 0.541978 1 1 1.000000
0  7.377427 -10.515579 45.489517  -0.185564 0.036624 0.981949  0.454115 0.562487 1 1 1.000000
0  7.528830 -10.598163 45.489517  -0.003175 -0.038244 0.999263  0.453139 0.563463 1 1 1.000000
skin_0
0  20.108986 -20.012634 41.442947  0.364807 -0.205516 0.908118  0.375988 0.601550 1 1 1.000000
0  21.843231 -16.021118 41.291546  0.466095 -0.141199 0.873394  0.365246 0.585925 1 1 1.000000
0  17.714077 -14.796136 43.576344  0.367494 -0.166401 0.915019  0.390637 0.580065 1 1 1.000000
skin_0
0  20.108986 -20.012634 41.442947  0.364807 -0.205516 0.908118  0.375988 0.601550 1 1 1.000000
0  17.714077 -14.796136 43.576344  0.367494 -0.166401 0.915019  0.390637 0.580065 1 1 1.000000
0  14.231825 -20.356730 43.466236  0.230786 -0.237870 0.943481  0.412122 0.603504 1 1 1.000000
skin_0
0  20.108986 -20.012634 41.442947  0.364807 -0.205516 0.908118  0.375988 0.601550 1 1 1.000000
0  14.231825 -20.356730 43.466236  0.230786 -0.237870 0.943481  0.412122 0.603504 1 1 1.000000
0  17.356218 -23.260902 41.621876  0.295133 -0.264132 0.918222  0.392590 0.615223 1 1 1.000000
skin_0
0  14.231825 -20.356730 43.466236  0.230786 -0.237870 0.943481  0.412122 0.603504 1 1 1.000000
0  17.714077 -14.796136 43.576344  0.367494 -0.166401 0.915019  0.390637 0.580065 1 1 1.000000
0  15.250348 -13.832666 44.581104  0.237754 -0.150275 0.959630  0.405286 0.576159 1 1 1.000000
skin_0
0  11.520347 -12.387463 45.406937  0.096022 -0.097208 0.990621  0.428724 0.570299 1 1 1.000000
0  9.359422 -15.800898 45.159184  0.076402 -0.146087 0.986317  0.442396 0.584948 1 1 1.000000
0  14.231825 -20.356730 43.466236  0.230786 -0.237870 0.943481  0.412122 0.603504 1 1 1.000000
skin_0
0  14.231825 -20.356730 43.466236  0.230786 -0.237870 0.943481  0.412122 0.603504 1 1 1.000000
0  15.250348 -13.832666 44.581104  0.237754 -0.150275 0.959630  0.405286 0.576159 1 1 1.000000
0  11.520347 -12.387463 45.406937  0.096022 -0.097208 0.990621  0.428724 0.570299 1 1 1.000000
skin_0
0  6.042334 -12.938018 45.365646  0.000152 -0.062778 0.998027  0.462905 0.573229 1 1 1.000000
0  7.528830 -10.598163 45.489517  -0.003175 -0.038244 0.999263  0.453139 0.563463 1 1 1.000000
0  7.377427 -10.515579 45.489517  -0.185564 0.036624 0.981949  0.454115 0.562487 1 1 1.000000
skin_0
0  7.377427 -10.515579 45.489517  -0.185564 0.036624 0.981949  0.454115 0.562487 1 1 1.000000
0  5.904695 -12.814143 45.379410  -0.103665 0.054060 0.993142  0.462905 0.572253 1 1 1.000000
0  6.042334 -12.938018 45.365646  0.000152 -0.062778 0.998027  0.462905 0.573229 1 1 1.000000
skin_0
0  14.231825 -20.356730 43.466236  0.230786 -0.237870 0.943481  0.412122 0.603504 1 1 1.000000
0  9.868685 -23.095737 43.480000  0.124465 -0.273714 0.953724  0.438490 0.614246 1 1 1.000000
0  12.910495 -26.330240 41.842098  0.185647 -0.317731 0.929829  0.419935 0.627918 1 1 1.000000
skin_0
0  12.910495 -26.330240 41.842098  0.185647 -0.317731 0.929829  0.419935 0.627918 1 1 1.000000
0  17.356218 -23.260902 41.621876  0.295133 -0.264132 0.918222  0.392590 0.615223 1 1 1.000000
0  14.231825 -20.356730 43.466236  0.230786 -0.237870 0.943481  0.412122 0.603504 1 1 1.000000
skin_0
0  9.359422 -15.800898 45.159184  0.076402 -0.146087 0.986317  0.442396 0.584948 1 1 1.000000
0  4.941226 -17.975588 44.980259  0.025361 -0.156126 0.987411  0.469741 0.593738 1 1 1.000000
0  9.868685 -23.095737 43.480000  0.124465 -0.273714 0.953724  0.438490 0.614246 1 1 1.000000
skin_0
0  9.868685 -23.095737 43.480000  0.124465 -0.273714 0.953724  0.438490 0.614246 1 1 1.000000
0  14.231825 -20.356730 43.466236  0.230786 -0.237870 0.943481  0.412122 0.603504 1 1 1.000000
0  9.359422 -15.800898 45.159184  0.076402 -0.146087 0.986317  0.442396 0.584948 1 1 1.000000
skin_0
0  5.904695 -12.814143 45.379410  -0.103665 0.054060 0.993142  0.462905 0.572253 1 1 1.000000
0  3.165690 -14.149236 45.269299  -0.032352 0.039764 0.998685  0.480483 0.578112 1 1 1.000000
0  3.220745 -14.300639 45.255535  -0.002592 -0.071293 0.997452  0.479507 0.578112 1 1 1.000000
skin_0
0  3.220745 -14.300639 45.255535  -0.002592 -0.071293 0.997452  0.479507 0.578112 1 1 1.000000
0  6.042334 -12.938018 45.365646  0.000152 -0.062778 0.998027  0.462905 0.573229 1 1 1.000000
0  5.904695 -12.814143 45.379410  -0.103665 0.054060 0.993142  0.462905 0.572253 1 1 1.000000
skin_0
0  9.868685 -23.095737 43.480000  0.124465 -0.273714 0.953724  0.438490 0.614246 1 1 1.000000
0  6.152445 -24.196846 43.493763  0.062165 -0.280596 0.957811  0.461928 0.619129 1 1 1.000000
0  6.634180 -28.243418 42.034794  0.077690 -0.337393 0.938153  0.458998 0.635731 1 1 1.000000
skin_0
0  6.634180 -28.243418 42.034794  0.077690 -0.337393 0.938153  0.458998 0.635731 1 1 1.000000
0  12.910495 -26.330240 41.842098  0.185647 -0.317731 0.929829  0.419935 0.627918 1 1 1.000000
0  9.868685 -23.095737 43.480000  0.124465 -0.273714 0.953724  0.438490 0.614246 1 1 1.000000
skin_0
0  6.152445 -24.196846 43.493763  0.062165 -0.280596 0.957811  0.461928 0.619129 1 1 1.000000
0  9.868685 -23.095737 43.480000  0.124465 -0.273714 0.953724  0.438490 0.614246 1 1 1.000000
0  4.941226 -17.975588 44.980259  0.025361 -0.156126 0.987411  0.469741 0.593738 1 1 1.000000
skin_0
0  6.152445 -24.196846 43.493763  0.062165 -0.280596 0.957811  0.461928 0.619129 1 1 1.000000
0  0.000005 -24.898800 43.521290  -0.000431 -0.284047 0.958810  0.500015 0.622059 1 1 1.000000
0  0.000005 -28.835264 42.103611  0.000533 -0.339527 0.940596  0.500015 0.638661 1 1 1.000000
skin_0
0  0.000005 -28.835264 42.103611  0.000533 -0.339527 0.940596  0.500015 0.638661 1 1 1.000000
0  6.634180 -28.243418 42.034794  0.077690 -0.337393 0.938153  0.458998 0.635731 1 1 1.000000
0  6.152445 -24.196846 43.493763  0.062165 -0.280596 0.957811  0.461928 0.619129 1 1 1.000000
skin_0
0  4.941226 -17.975588 44.980259  0.025361 -0.156126 0.987411  0.469741 0.593738 1 1 1.000000
0  0.000005 -18.691307 44.911438  -0.001433 -0.156483 0.987680  0.500015 0.596667 1 1 1.000000
0  0.000005 -24.898800 43.521290  -0.000431 -0.284047 0.958810  0.500015 0.622059 1 1 1.000000
skin_0
0  0.000005 -24.898800 43.521290  -0.000431 -0.284047 0.958810  0.500015 0.622059 1 1 1.000000
0  6.152445 -24.196846 43.493763  0.062165 -0.280596 0.957811  0.461928 0.619129 1 1 1.000000
0  4.941226 -17.975588 44.980259  0.025361 -0.156126 0.987411  0.469741 0.593738 1 1 1.000000
skin_0
0  3.165690 -14.149236 45.269299  -0.032352 0.039764 0.998685  0.480483 0.578112 1 1 1.000000
0  0.000005 -14.520861 45.241772  0.000643 0.016838 0.999858  0.500015 0.579089 1 1 1.000000
0  0.000005 -14.672264 45.228008  -0.000183 -0.071358 0.997451  0.500015 0.580065 1 1 1.000000
skin_0
0  0.000005 -14.672264 45.228008  -0.000183 -0.071358 0.997451  0.500015 0.580065 1 1 1.000000
0  3.220745 -14.300639 45.255535  -0.002592 -0.071293 0.997452  0.479507 0.578112 1 1 1.000000
0  3.165690 -14.149236 45.269299  -0.032352 0.039764 0.998685  0.480483 0.578112 1 1 1.000000
skin_0
0  7.859161 9.208016 44.842617  -0.416368 0.078856 0.905770  0.451186 0.481429 1 1 1.000000
0  7.680230 18.746363 43.713982  -0.537447 0.088863 0.838603  0.452162 0.442366 1 1 1.000000
0  7.542591 18.746363 43.548817  -0.764374 0.064665 0.641522  0.453139 0.442366 1 1 1.000000
skin_0
0  7.542591 18.746363 43.548817  -0.764374 0.064665 0.641522  0.453139 0.442366 1 1 1.000000
0  7.721522 9.194252 44.718746  -0.638087 0.068911 0.766874  0.452162 0.481429 1 1 1.000000
0  7.859161 9.208016 44.842617  -0.416368 0.078856 0.905770  0.451186 0.481429 1 1 1.000000
skin_0
0  8.038092 -5.422956 45.599632  -0.277204 0.019838 0.960606  0.450209 0.541978 1 1 1.000000
0  7.969272 0.344097 45.448227  -0.331422 0.041831 0.942555  0.450209 0.518540 1 1 1.000000
0  7.817869 0.316569 45.351883  -0.531262 0.040799 0.846225  0.451186 0.518540 1 1 1.000000
skin_0
0  7.817869 0.316569 45.351883  -0.531262 0.040799 0.846225  0.451186 0.518540 1 1 1.000000
0  7.886690 -5.422956 45.517044  -0.465373 0.035520 0.884402  0.451186 0.541978 1 1 1.000000
0  8.038092 -5.422956 45.599632  -0.277204 0.019838 0.960606  0.450209 0.541978 1 1 1.000000
skin_0
0  7.886690 -5.422956 45.517044  -0.465373 0.035520 0.884402  0.451186 0.541978 1 1 1.000000
0  7.226025 -10.419233 45.420700  -0.391149 0.107764 0.913996  0.455092 0.562487 1 1 1.000000
0  7.377427 -10.515579 45.489517  -0.185564 0.036624 0.981949  0.454115 0.562487 1 1 1.000000
skin_0
0  7.377427 -10.515579 45.489517  -0.185564 0.036624 0.981949  0.454115 0.562487 1 1 1.000000
0  8.038092 -5.422956 45.599632  -0.277204 0.019838 0.960606  0.450209 0.541978 1 1 1.000000
0  7.886690 -5.422956 45.517044  -0.465373 0.035520 0.884402  0.451186 0.541978 1 1 1.000000
skin_0
0  7.226025 -10.419233 45.420700  -0.391149 0.107764 0.913996  0.455092 0.562487 1 1 1.000000
0  5.780820 -12.704033 45.310593  -0.221004 0.207681 0.952904  0.463881 0.572253 1 1 1.000000
0  5.904695 -12.814143 45.379410  -0.103665 0.054060 0.993142  0.462905 0.572253 1 1 1.000000
skin_0
0  5.904695 -12.814143 45.379410  -0.103665 0.054060 0.993142  0.462905 0.572253 1 1 1.000000
0  7.377427 -10.515579 45.489517  -0.185564 0.036624 0.981949  0.454115 0.562487 1 1 1.000000
0  7.226025 -10.419233 45.420700  -0.391149 0.107764 0.913996  0.455092 0.562487 1 1 1.000000
skin_0
0  5.780820 -12.704033 45.310593  -0.221004 0.207681 0.952904  0.463881 0.572253 1 1 1.000000
0  3.138162 -13.984071 45.241772  -0.060745 0.164592 0.984489  0.480483 0.577136 1 1 1.000000
0  3.165690 -14.149236 45.269299  -0.032352 0.039764 0.998685  0.480483 0.578112 1 1 1.000000
skin_0
0  3.165690 -14.149236 45.269299  -0.032352 0.039764 0.998685  0.480483 0.578112 1 1 1.000000
0  5.904695 -12.814143 45.379410  -0.103665 0.054060 0.993142  0.462905 0.572253 1 1 1.000000
0  5.780820 -12.704033 45.310593  -0.221004 0.207681 0.952904  0.463881 0.572253 1 1 1.000000
skin_0
0  0.000005 -14.520861 45.241772  0.000643 0.016838 0.999858  0.500015 0.579089 1 1 1.000000
0  3.165690 -14.149236 45.269299  -0.032352 0.039764 0.998685  0.480483 0.578112 1 1 1.000000
0  3.138162 -13.984071 45.241772  -0.060745 0.164592 0.984489  0.480483 0.577136 1 1 1.000000
skin_0
0  3.138162 -13.984071 45.241772  -0.060745 0.164592 0.984489  0.480483 0.577136 1 1 1.000000
0  0.000004 -14.341930 45.214245  0.003632 0.109915 0.993934  0.500015 0.578112 1 1 1.000000
0  0.000005 -14.520861 45.241772  0.000643 0.016838 0.999858  0.500015 0.579089 1 1 1.000000
skin_0
0  3.220745 -14.300639 45.255535  -0.002592 -0.071293 0.997452  0.479507 0.578112 1 1 1.000000
0  0.000005 -14.672264 45.228008  -0.000183 -0.071358 0.997451  0.500015 0.580065 1 1 1.000000
0  0.000005 -18.691307 44.911438  -0.001433 -0.156483 0.987680  0.500015 0.596667 1 1 1.000000
skin_0
0  0.000005 -18.691307 44.911438  -0.001433 -0.156483 0.987680  0.500015 0.596667 1 1 1.000000
0  4.941226 -17.975588 44.980259  0.025361 -0.156126 0.987411  0.469741 0.593738 1 1 1.000000
0  3.220745 -14.300639 45.255535  -0.002592 -0.071293 0.997452  0.479507 0.578112 1 1 1.000000
skin_0
0  4.941226 -17.975588 44.980259  0.025361 -0.156126 0.987411  0.469741 0.593738 1 1 1.000000
0  9.359422 -15.800898 45.159184  0.076402 -0.146087 0.986317  0.442396 0.584948 1 1 1.000000
0  6.042334 -12.938018 45.365646  0.000152 -0.062778 0.998027  0.462905 0.573229 1 1 1.000000
skin_0
0  6.042334 -12.938018 45.365646  0.000152 -0.062778 0.998027  0.462905 0.573229 1 1 1.000000
0  3.220745 -14.300639 45.255535  -0.002592 -0.071293 0.997452  0.479507 0.578112 1 1 1.000000
0  4.941226 -17.975588 44.980259  0.025361 -0.156126 0.987411  0.469741 0.593738 1 1 1.000000
skin_0
0  9.359422 -15.800898 45.159184  0.076402 -0.146087 0.986317  0.442396 0.584948 1 1 1.000000
0  11.520347 -12.387463 45.406937  0.096022 -0.097208 0.990621  0.428724 0.570299 1 1 1.000000
0  7.528830 -10.598163 45.489517  -0.003175 -0.038244 0.999263  0.453139 0.563463 1 1 1.000000
skin_0
0  7.528830 -10.598163 45.489517  -0.003175 -0.038244 0.999263  0.453139 0.563463 1 1 1.000000
0  6.042334 -12.938018 45.365646  0.000152 -0.062778 0.998027  0.462905 0.573229 1 1 1.000000
0  9.359422 -15.800898 45.159184  0.076402 -0.146087 0.986317  0.442396 0.584948 1 1 1.000000
skin_0
0  8.258313 -5.464247 45.613396  -0.065441 -0.004308 0.997847  0.449232 0.541978 1 1 1.000000
0  7.528830 -10.598163 45.489517  -0.003175 -0.038244 0.999263  0.453139 0.563463 1 1 1.000000
0  11.520347 -12.387463 45.406937  0.096022 -0.097208 0.990621  0.428724 0.570299 1 1 1.000000
skin_0
0  11.520347 -12.387463 45.406937  0.096022 -0.097208 0.990621  0.428724 0.570299 1 1 1.000000
0  11.575400 -6.111148 45.847378  0.019360 -0.041106 0.998967  0.428724 0.544908 1 1 1.000000
0  8.258313 -5.464247 45.613396  -0.065441 -0.004308 0.997847  0.449232 0.541978 1 1 1.000000
skin_0
0  8.203258 0.357861 45.475754  -0.121439 0.038568 0.991849  0.449232 0.517563 1 1 1.000000
0  8.258313 -5.464247 45.613396  -0.065441 -0.004308 0.997847  0.449232 0.541978 1 1 1.000000
0  11.575400 -6.111148 45.847378  0.019360 -0.041106 0.998967  0.428724 0.544908 1 1 1.000000
skin_0
0  11.575400 -6.111148 45.847378  0.019360 -0.041106 0.998967  0.428724 0.544908 1 1 1.000000
0  11.561636 0.509263 45.902435  -0.020292 0.018733 0.999619  0.428724 0.517563 1 1 1.000000
0  8.203258 0.357861 45.475754  -0.121439 0.038568 0.991849  0.449232 0.517563 1 1 1.000000
skin_0
0  11.589163 9.331890 45.544579  -0.063549 0.070338 0.995497  0.427747 0.481429 1 1 1.000000
0  11.685511 18.787653 44.594868  -0.087663 0.098934 0.991225  0.427747 0.442366 1 1 1.000000
0  7.900451 18.773890 43.769043  -0.222897 0.107583 0.968887  0.451186 0.442366 1 1 1.000000
skin_0
0  7.900451 18.773890 43.769043  -0.222897 0.107583 0.968887  0.451186 0.442366 1 1 1.000000
0  8.093146 9.221780 44.883911  -0.186828 0.083040 0.978877  0.450209 0.481429 1 1 1.000000
0  11.589163 9.331890 45.544579  -0.063549 0.070338 0.995497  0.427747 0.481429 1 1 1.000000
skin_0
0  7.721522 9.194252 44.718746  -0.638087 0.068911 0.766874  0.452162 0.481429 1 1 1.000000
0  7.542591 18.746363 43.548817  -0.764374 0.064665 0.641522  0.453139 0.442366 1 1 1.000000
0  6.551594 18.594959 42.433945  -0.743530 0.077961 0.664142  0.458998 0.443342 1 1 1.000000
skin_0
0  6.551594 18.594959 42.433945  -0.743530 0.077961 0.664142  0.458998 0.443342 1 1 1.000000
0  6.799344 9.070377 43.934204  -0.647824 0.075148 0.758075  0.458022 0.482406 1 1 1.000000
0  7.721522 9.194252 44.718746  -0.638087 0.068911 0.766874  0.452162 0.481429 1 1 1.000000
skin_0
0  7.886690 -5.422956 45.517044  -0.465373 0.035520 0.884402  0.451186 0.541978 1 1 1.000000
0  7.817869 0.316569 45.351883  -0.531262 0.040799 0.846225  0.451186 0.518540 1 1 1.000000
0  6.936983 0.110111 44.815090  -0.526146 0.044917 0.849207  0.457045 0.519517 1 1 1.000000
skin_0
0  6.936983 0.110111 44.815090  -0.526146 0.044917 0.849207  0.457045 0.519517 1 1 1.000000
0  7.005803 -5.381664 45.090366  -0.432074 0.040464 0.900930  0.456069 0.541978 1 1 1.000000
0  7.886690 -5.422956 45.517044  -0.465373 0.035520 0.884402  0.451186 0.541978 1 1 1.000000
skin_0
0  7.005803 -5.381664 45.090366  -0.432074 0.040464 0.900930  0.456069 0.541978 1 1 1.000000
0  6.455249 -10.116428 45.076603  -0.359932 0.106455 0.926885  0.459975 0.561510 1 1 1.000000
0  7.226025 -10.419233 45.420700  -0.391149 0.107764 0.913996  0.455092 0.562487 1 1 1.000000
skin_0
0  7.226025 -10.419233 45.420700  -0.391149 0.107764 0.913996  0.455092 0.562487 1 1 1.000000
0  7.886690 -5.422956 45.517044  -0.465373 0.035520 0.884402  0.451186 0.541978 1 1 1.000000
0  7.005803 -5.381664 45.090366  -0.432074 0.040464 0.900930  0.456069 0.541978 1 1 1.000000
skin_0
0  6.455249 -10.116428 45.076603  -0.359932 0.106455 0.926885  0.459975 0.561510 1 1 1.000000
0  5.120156 -12.181006 45.062840  -0.183812 0.202187 0.961943  0.467788 0.569323 1 1 1.000000
0  5.780820 -12.704033 45.310593  -0.221004 0.207681 0.952904  0.463881 0.572253 1 1 1.000000
skin_0
0  5.780820 -12.704033 45.310593  -0.221004 0.207681 0.952904  0.463881 0.572253 1 1 1.000000
0  7.226025 -10.419233 45.420700  -0.391149 0.107764 0.913996  0.455092 0.562487 1 1 1.000000
0  6.455249 -10.116428 45.076603  -0.359932 0.106455 0.926885  0.459975 0.561510 1 1 1.000000
skin_0
0  5.120156 -12.181006 45.062840  -0.183812 0.202187 0.961943  0.467788 0.569323 1 1 1.000000
0  2.972996 -13.158239 45.104130  -0.038831 0.152438 0.987550  0.481460 0.574206 1 1 1.000000
0  3.138162 -13.984071 45.241772  -0.060745 0.164592 0.984489  0.480483 0.577136 1 1 1.000000
skin_0
0  3.138162 -13.984071 45.241772  -0.060745 0.164592 0.984489  0.480483 0.577136 1 1 1.000000
0  5.780820 -12.704033 45.310593  -0.221004 0.207681 0.952904  0.463881 0.572253 1 1 1.000000
0  5.120156 -12.181006 45.062840  -0.183812 0.202187 0.961943  0.467788 0.569323 1 1 1.000000
skin_0
0  2.972996 -13.158239 45.104130  -0.038831 0.152438 0.987550  0.481460 0.574206 1 1 1.000000
0  0.000004 -13.516099 45.131657  0.007274 0.108660 0.994052  0.500015 0.575182 1 1 1.000000
0  0.000004 -14.341930 45.214245  0.003632 0.109915 0.993934  0.500015 0.578112 1 1 1.000000
skin_0
0  0.000004 -14.341930 45.214245  0.003632 0.109915 0.993934  0.500015 0.578112 1 1 1.000000
0  3.138162 -13.984071 45.241772  -0.060745 0.164592 0.984489  0.480483 0.577136 1 1 1.000000
0  2.972996 -13.158239 45.104130  -0.038831 0.152438 0.987550  0.481460 0.574206 1 1 1.000000
skin_0
0  23.838991 -1.293800 40.837341  0.600403 -0.005768 0.799677  0.352550 0.524400 1 1 1.000000
0  24.169319 8.409714 40.438187  0.600752 0.033740 0.798723  0.350597 0.485336 1 1 1.000000
0  19.916290 8.974031 43.631397  0.484291 0.044486 0.873775  0.376965 0.482406 1 1 1.000000
skin_0
0  19.916290 8.974031 43.631397  0.484291 0.044486 0.873775  0.376965 0.482406 1 1 1.000000
0  19.696072 -0.220220 43.947968  0.478060 -0.004809 0.878314  0.377941 0.520493 1 1 1.000000
0  23.838991 -1.293800 40.837341  0.600403 -0.005768 0.799677  0.352550 0.524400 1 1 1.000000
skin_0
0  19.696072 -0.220220 43.947968  0.478060 -0.004809 0.878314  0.377941 0.520493 1 1 1.000000
0  19.916290 8.974031 43.631397  0.484291 0.044486 0.873775  0.376965 0.482406 1 1 1.000000
0  15.484332 9.276834 45.310593  0.209046 0.057946 0.976188  0.404309 0.481429 1 1 1.000000
skin_0
0  15.484332 9.276834 45.310593  0.209046 0.057946 0.976188  0.404309 0.481429 1 1 1.000000
0  15.387987 0.385389 45.558342  0.220009 0.002620 0.975494  0.404309 0.517563 1 1 1.000000
0  19.696072 -0.220220 43.947968  0.478060 -0.004809 0.878314  0.377941 0.520493 1 1 1.000000
skin_0
0  15.387987 0.385389 45.558342  0.220009 0.002620 0.975494  0.404309 0.517563 1 1 1.000000
0  15.484332 9.276834 45.310593  0.209046 0.057946 0.976188  0.404309 0.481429 1 1 1.000000
0  11.589163 9.331890 45.544579  -0.063549 0.070338 0.995497  0.427747 0.481429 1 1 1.000000
skin_0
0  11.589163 9.331890 45.544579  -0.063549 0.070338 0.995497  0.427747 0.481429 1 1 1.000000
0  11.561636 0.509263 45.902435  -0.020292 0.018733 0.999619  0.428724 0.517563 1 1 1.000000
0  15.387987 0.385389 45.558342  0.220009 0.002620 0.975494  0.404309 0.517563 1 1 1.000000
skin_0
0  11.561636 0.509263 45.902435  -0.020292 0.018733 0.999619  0.428724 0.517563 1 1 1.000000
0  11.589163 9.331890 45.544579  -0.063549 0.070338 0.995497  0.427747 0.481429 1 1 1.000000
0  8.093146 9.221780 44.883911  -0.186828 0.083040 0.978877  0.450209 0.481429 1 1 1.000000
skin_0
0  8.093146 9.221780 44.883911  -0.186828 0.083040 0.978877  0.450209 0.481429 1 1 1.000000
0  8.203258 0.357861 45.475754  -0.121439 0.038568 0.991849  0.449232 0.517563 1 1 1.000000
0  11.561636 0.509263 45.902435  -0.020292 0.018733 0.999619  0.428724 0.517563 1 1 1.000000
skin_0
0  7.859161 9.208016 44.842617  -0.416368 0.078856 0.905770  0.451186 0.481429 1 1 1.000000
0  7.969272 0.344097 45.448227  -0.331422 0.041831 0.942555  0.450209 0.518540 1 1 1.000000
0  8.203258 0.357861 45.475754  -0.121439 0.038568 0.991849  0.449232 0.517563 1 1 1.000000
skin_0
0  8.203258 0.357861 45.475754  -0.121439 0.038568 0.991849  0.449232 0.517563 1 1 1.000000
0  8.093146 9.221780 44.883911  -0.186828 0.083040 0.978877  0.450209 0.481429 1 1 1.000000
0  7.859161 9.208016 44.842617  -0.416368 0.078856 0.905770  0.451186 0.481429 1 1 1.000000
skin_0
0  7.721522 9.194252 44.718746  -0.638087 0.068911 0.766874  0.452162 0.481429 1 1 1.000000
0  7.817869 0.316569 45.351883  -0.531262 0.040799 0.846225  0.451186 0.518540 1 1 1.000000
0  7.969272 0.344097 45.448227  -0.331422 0.041831 0.942555  0.450209 0.518540 1 1 1.000000
skin_0
0  7.969272 0.344097 45.448227  -0.331422 0.041831 0.942555  0.450209 0.518540 1 1 1.000000
0  7.859161 9.208016 44.842617  -0.416368 0.078856 0.905770  0.451186 0.481429 1 1 1.000000
0  7.721522 9.194252 44.718746  -0.638087 0.068911 0.766874  0.452162 0.481429 1 1 1.000000
skin_0
0  6.799344 9.070377 43.934204  -0.647824 0.075148 0.758075  0.458022 0.482406 1 1 1.000000
0  6.936983 0.110111 44.815090  -0.526146 0.044917 0.849207  0.457045 0.519517 1 1 1.000000
0  7.817869 0.316569 45.351883  -0.531262 0.040799 0.846225  0.451186 0.518540 1 1 1.000000
skin_0
0  7.817869 0.316569 45.351883  -0.531262 0.040799 0.846225  0.451186 0.518540 1 1 1.000000
0  7.721522 9.194252 44.718746  -0.638087 0.068911 0.766874  0.452162 0.481429 1 1 1.000000
0  6.799344 9.070377 43.934204  -0.647824 0.075148 0.758075  0.458022 0.482406 1 1 1.000000
skin_0
0  24.293196 17.906769 39.763756  0.586812 0.049709 0.808196  0.349620 0.445296 1 1 1.000000
0  24.293196 18.071934 39.749992  0.550518 0.277552 0.787334  0.349620 0.445296 1 1 1.000000
0  19.874998 18.650017 42.915680  0.464886 0.253933 0.848174  0.376965 0.442366 1 1 1.000000
skin_0
0  19.874998 18.650017 42.915680  0.464886 0.253933 0.848174  0.376965 0.442366 1 1 1.000000
0  19.874998 18.484850 42.929443  0.467322 0.065039 0.881692  0.376965 0.443342 1 1 1.000000
0  24.293196 17.906769 39.763756  0.586812 0.049709 0.808196  0.349620 0.445296 1 1 1.000000
skin_0
0  19.874998 18.484850 42.929443  0.467322 0.065039 0.881692  0.376965 0.443342 1 1 1.000000
0  19.874998 18.650017 42.915680  0.464886 0.253933 0.848174  0.376965 0.442366 1 1 1.000000
0  15.566916 18.925295 44.429703  0.187853 0.274421 0.943082  0.403333 0.441389 1 1 1.000000
skin_0
0  15.566916 18.925295 44.429703  0.187853 0.274421 0.943082  0.403333 0.441389 1 1 1.000000
0  15.566916 18.760128 44.457230  0.190174 0.085882 0.977987  0.403333 0.442366 1 1 1.000000
0  19.874998 18.484850 42.929443  0.467322 0.065039 0.881692  0.376965 0.443342 1 1 1.000000
skin_0
0  15.566916 18.760128 44.457230  0.190174 0.085882 0.977987  0.403333 0.442366 1 1 1.000000
0  15.566916 18.925295 44.429703  0.187853 0.274421 0.943082  0.403333 0.441389 1 1 1.000000
0  11.685511 18.966583 44.581104  -0.085753 0.285352 0.954579  0.427747 0.441389 1 1 1.000000
skin_0
0  11.685511 18.966583 44.581104  -0.085753 0.285352 0.954579  0.427747 0.441389 1 1 1.000000
0  11.685511 18.787653 44.594868  -0.087663 0.098934 0.991225  0.427747 0.442366 1 1 1.000000
0  15.566916 18.760128 44.457230  0.190174 0.085882 0.977987  0.403333 0.442366 1 1 1.000000
skin_0
0  7.900451 18.773890 43.769043  -0.222897 0.107583 0.968887  0.451186 0.442366 1 1 1.000000
0  7.900451 18.939056 43.741508  -0.223153 0.299375 0.927673  0.451186 0.441389 1 1 1.000000
0  7.666466 18.911530 43.686455  -0.532669 0.263284 0.804329  0.452162 0.441389 1 1 1.000000
skin_0
0  7.666466 18.911530 43.686455  -0.532669 0.263284 0.804329  0.452162 0.441389 1 1 1.000000
0  7.680230 18.746363 43.713982  -0.537447 0.088863 0.838603  0.452162 0.442366 1 1 1.000000
0  7.900451 18.773890 43.769043  -0.222897 0.107583 0.968887  0.451186 0.442366 1 1 1.000000
skin_0
0  7.680230 18.746363 43.713982  -0.537447 0.088863 0.838603  0.452162 0.442366 1 1 1.000000
0  7.666466 18.911530 43.686455  -0.532669 0.263284 0.804329  0.452162 0.441389 1 1 1.000000
0  7.542591 18.911530 43.521290  -0.748080 0.258464 0.611206  0.453139 0.441389 1 1 1.000000
skin_0
0  7.542591 18.911530 43.521290  -0.748080 0.258464 0.611206  0.453139 0.441389 1 1 1.000000
0  7.542591 18.746363 43.548817  -0.764374 0.064665 0.641522  0.453139 0.442366 1 1 1.000000
0  7.680230 18.746363 43.713982  -0.537447 0.088863 0.838603  0.452162 0.442366 1 1 1.000000
skin_0
0  11.685511 18.787653 44.594868  -0.087663 0.098934 0.991225  0.427747 0.442366 1 1 1.000000
0  11.685511 18.966583 44.581104  -0.085753 0.285352 0.954579  0.427747 0.441389 1 1 1.000000
0  7.900451 18.939056 43.741508  -0.223153 0.299375 0.927673  0.451186 0.441389 1 1 1.000000
skin_0
0  7.900451 18.939056 43.741508  -0.223153 0.299375 0.927673  0.451186 0.441389 1 1 1.000000
0  7.900451 18.773890 43.769043  -0.222897 0.107583 0.968887  0.451186 0.442366 1 1 1.000000
0  11.685511 18.787653 44.594868  -0.087663 0.098934 0.991225  0.427747 0.442366 1 1 1.000000
skin_0
0  6.551594 18.760126 42.420181  -0.734470 0.271215 0.622090  0.458998 0.442366 1 1 1.000000
0  6.551594 18.594959 42.433945  -0.743567 0.077956 0.664101  0.458998 0.443342 1 1 1.000000
0  7.542591 18.746363 43.548817  -0.764374 0.064665 0.641522  0.453139 0.442366 1 1 1.000000
skin_0
0  7.542591 18.746363 43.548817  -0.764374 0.064665 0.641522  0.453139 0.442366 1 1 1.000000
0  7.542591 18.911530 43.521290  -0.748080 0.258464 0.611206  0.453139 0.441389 1 1 1.000000
0  6.551594 18.760126 42.420181  -0.734470 0.271215 0.622090  0.458998 0.442366 1 1 1.000000
skin_0
0  19.847471 18.815184 42.846859  0.443470 0.434747 0.783792  0.990265 0.739250 1 1 1.000000
0  19.874998 18.650017 42.915680  0.464886 0.253933 0.848174  0.000000 0.741203 1 1 1.000000
0  24.293196 18.071934 39.749992  0.550518 0.277552 0.787334  0.000000 0.980468 1 1 1.000000
skin_0
0  24.293196 18.071934 39.749992  0.550518 0.277552 0.787334  0.000000 0.980468 1 1 1.000000
0  24.251905 18.237101 39.681175  0.501725 0.422067 0.755071  0.990265 0.978515 1 1 1.000000
0  19.847471 18.815184 42.846859  0.443470 0.434747 0.783792  0.990265 0.739250 1 1 1.000000
skin_0
0  15.553152 19.090460 44.347122  0.179747 0.454519 0.872413  0.990265 0.507797 1 1 1.000000
0  15.566916 18.925295 44.429703  0.187853 0.274421 0.943082  0.000000 0.507797 1 1 1.000000
0  19.874998 18.650017 42.915680  0.464886 0.253933 0.848174  0.000000 0.741203 1 1 1.000000
skin_0
0  19.874998 18.650017 42.915680  0.464886 0.253933 0.848174  0.000000 0.741203 1 1 1.000000
0  19.847471 18.815184 42.846859  0.443470 0.434747 0.783792  0.990265 0.739250 1 1 1.000000
0  15.553152 19.090460 44.347122  0.179747 0.454519 0.872413  0.990265 0.507797 1 1 1.000000
skin_0
0  11.699274 19.117985 44.498520  -0.079045 0.466001 0.881246  0.990265 0.298807 1 1 1.000000
0  11.685511 18.966583 44.581104  -0.085753 0.285352 0.954579  0.000000 0.298807 1 1 1.000000
0  15.566916 18.925295 44.429703  0.187853 0.274421 0.943082  0.000000 0.507797 1 1 1.000000
skin_0
0  15.566916 18.925295 44.429703  0.187853 0.274421 0.943082  0.000000 0.507797 1 1 1.000000
0  15.553152 19.090460 44.347122  0.179747 0.454519 0.872413  0.990265 0.507797 1 1 1.000000
0  11.699274 19.117985 44.498520  -0.079045 0.466001 0.881246  0.990265 0.298807 1 1 1.000000
skin_0
0  7.707757 19.076694 43.617634  -0.508768 0.456393 0.729973  0.990265 0.082980 1 1 1.000000
0  7.666466 18.911530 43.686455  -0.532669 0.263284 0.804329  0.000000 0.082003 1 1 1.000000
0  7.900451 18.939056 43.741508  -0.223153 0.299375 0.927673  0.000000 0.093722 1 1 1.000000
skin_0
0  7.900451 18.939056 43.741508  -0.223153 0.299375 0.927673  0.000000 0.093722 1 1 1.000000
0  7.914215 19.090458 43.658928  -0.210688 0.473017 0.855492  0.990265 0.094699 1 1 1.000000
0  7.707757 19.076694 43.617634  -0.508768 0.456393 0.729973  0.990265 0.082980 1 1 1.000000
skin_0
0  7.583883 19.076694 43.466236  -0.708968 0.427805 0.560666  0.990265 0.077120 1 1 1.000000
0  7.542591 18.911530 43.521290  -0.748080 0.258464 0.611206  0.000000 0.074190 1 1 1.000000
0  7.666466 18.911530 43.686455  -0.532669 0.263284 0.804329  0.000000 0.082003 1 1 1.000000
skin_0
0  7.666466 18.911530 43.686455  -0.532669 0.263284 0.804329  0.000000 0.082003 1 1 1.000000
0  7.707757 19.076694 43.617634  -0.508768 0.456393 0.729973  0.990265 0.082980 1 1 1.000000
0  7.583883 19.076694 43.466236  -0.708968 0.427805 0.560666  0.990265 0.077120 1 1 1.000000
skin_0
0  7.914215 19.090458 43.658928  -0.210688 0.473017 0.855492  0.990265 0.094699 1 1 1.000000
0  7.900451 18.939056 43.741508  -0.223153 0.299375 0.927673  0.000000 0.093722 1 1 1.000000
0  11.685511 18.966583 44.581104  -0.085753 0.285352 0.954579  0.000000 0.298807 1 1 1.000000
skin_0
0  11.685511 18.966583 44.581104  -0.085753 0.285352 0.954579  0.000000 0.298807 1 1 1.000000
0  11.699274 19.117985 44.498520  -0.079045 0.466001 0.881246  0.990265 0.298807 1 1 1.000000
0  7.914215 19.090458 43.658928  -0.210688 0.473017 0.855492  0.990265 0.094699 1 1 1.000000
skin_0
0  6.579122 18.925293 42.323833  -0.701026 0.427761 0.570599  0.990265 0.022431 1 1 1.000000
0  6.551594 18.760126 42.420181  -0.734470 0.271215 0.622090  0.000000 0.020478 1 1 1.000000
0  7.542591 18.911530 43.521290  -0.748080 0.258464 0.611206  0.000000 0.074190 1 1 1.000000
skin_0
0  7.542591 18.911530 43.521290  -0.748080 0.258464 0.611206  0.000000 0.074190 1 1 1.000000
0  7.583883 19.076694 43.466236  -0.708968 0.427805 0.560666  0.990265 0.077120 1 1 1.000000
0  6.579122 18.925293 42.323833  -0.701026 0.427761 0.570599  0.990265 0.022431 1 1 1.000000
skin_0
0  24.417070 18.195810 39.626122  0.415334 0.421524 0.806111  0.009766 0.009735 1 1 1.000000
0  24.251905 18.237101 39.681175  0.501725 0.422067 0.755071  0.990265 0.489242 1 1 1.000000
0  24.293196 18.071934 39.749992  0.550518 0.277552 0.787334  0.009766 0.980468 1 1 1.000000
skin_0
0  -19.943813 8.974028 43.631397  -0.483651 0.039870 0.874353  0.623066 0.482406 1 1 1.000000
0  -19.902523 18.484846 42.929443  -0.467790 0.069103 0.881134  0.622089 0.443342 1 1 1.000000
0  -24.320719 17.906765 39.763756  -0.590215 0.053661 0.805461  0.649434 0.445296 1 1 1.000000
skin_0
0  -24.320719 17.906765 39.763756  -0.590215 0.053661 0.805461  0.649434 0.445296 1 1 1.000000
0  -24.196844 8.409710 40.438187  -0.603743 0.029927 0.796617  0.648457 0.485336 1 1 1.000000
0  -19.943813 8.974028 43.631397  -0.483651 0.039870 0.874353  0.623066 0.482406 1 1 1.000000
skin_0
0  -15.511854 9.276833 45.310593  -0.211087 0.056260 0.975847  0.595721 0.481429 1 1 1.000000
0  -15.594439 18.760124 44.457230  -0.189734 0.089732 0.977727  0.595721 0.442366 1 1 1.000000
0  -19.902523 18.484846 42.929443  -0.467790 0.069103 0.881134  0.622089 0.443342 1 1 1.000000
skin_0
0  -19.902523 18.484846 42.929443  -0.467790 0.069103 0.881134  0.622089 0.443342 1 1 1.000000
0  -19.943813 8.974028 43.631397  -0.483651 0.039870 0.874353  0.623066 0.482406 1 1 1.000000
0  -15.511854 9.276833 45.310593  -0.211087 0.056260 0.975847  0.595721 0.481429 1 1 1.000000
skin_0
0  -15.594439 18.760124 44.457230  -0.189734 0.089732 0.977727  0.595721 0.442366 1 1 1.000000
0  -15.511854 9.276833 45.310593  -0.211087 0.056260 0.975847  0.595721 0.481429 1 1 1.000000
0  -11.616686 9.331888 45.544579  0.062125 0.073181 0.995382  0.571307 0.481429 1 1 1.000000
skin_0
0  -11.616686 9.331888 45.544579  0.062125 0.073181 0.995382  0.571307 0.481429 1 1 1.000000
0  -11.713034 18.787653 44.594868  0.087439 0.102451 0.990888  0.572283 0.442366 1 1 1.000000
0  -15.594439 18.760124 44.457230  -0.189734 0.089732 0.977727  0.595721 0.442366 1 1 1.000000
skin_0
0  -7.886683 9.208014 44.842617  0.415698 0.078586 0.906101  0.548845 0.481429 1 1 1.000000
0  -7.707753 18.746363 43.713982  0.536599 0.089863 0.839039  0.546892 0.442366 1 1 1.000000
0  -7.927975 18.773890 43.769043  0.224078 0.109382 0.968413  0.548845 0.442366 1 1 1.000000
skin_0
0  -7.927975 18.773890 43.769043  0.224078 0.109382 0.968413  0.548845 0.442366 1 1 1.000000
0  -8.120667 9.221778 44.883911  0.191263 0.085393 0.977817  0.549821 0.481429 1 1 1.000000
0  -7.886683 9.208014 44.842617  0.415698 0.078586 0.906101  0.548845 0.481429 1 1 1.000000
skin_0
0  -23.838984 -1.293804 40.837341  -0.595454 -0.011290 0.803310  0.646504 0.524400 1 1 1.000000
0  -23.178316 -9.882445 41.098850  -0.535988 -0.082136 0.840221  0.642598 0.560533 1 1 1.000000
0  -19.407022 -8.134437 43.810333  -0.459783 -0.080340 0.884390  0.619160 0.552721 1 1 1.000000
skin_0
0  -19.407022 -8.134437 43.810333  -0.459783 -0.080340 0.884390  0.619160 0.552721 1 1 1.000000
0  -19.696064 -0.220223 43.947968  -0.479493 -0.007050 0.877518  0.621113 0.520493 1 1 1.000000
0  -23.838984 -1.293804 40.837341  -0.595454 -0.011290 0.803310  0.646504 0.524400 1 1 1.000000
skin_0
0  -19.696064 -0.220223 43.947968  -0.479493 -0.007050 0.877518  0.621113 0.520493 1 1 1.000000
0  -19.407022 -8.134437 43.810333  -0.459783 -0.080340 0.884390  0.619160 0.552721 1 1 1.000000
0  -15.291633 -6.923216 45.393173  -0.233047 -0.061949 0.970490  0.593768 0.547838 1 1 1.000000
skin_0
0  -15.291633 -6.923216 45.393173  -0.233047 -0.061949 0.970490  0.593768 0.547838 1 1 1.000000
0  -15.415506 0.385387 45.558342  -0.224995 0.002967 0.974355  0.594745 0.517563 1 1 1.000000
0  -19.696064 -0.220223 43.947968  -0.479493 -0.007050 0.877518  0.621113 0.520493 1 1 1.000000
skin_0
0  -15.415506 0.385387 45.558342  -0.224995 0.002967 0.974355  0.594745 0.517563 1 1 1.000000
0  -15.291633 -6.923216 45.393173  -0.233047 -0.061949 0.970490  0.593768 0.547838 1 1 1.000000
0  -11.575393 -6.111150 45.847378  -0.024691 -0.033576 0.999131  0.571307 0.544908 1 1 1.000000
skin_0
0  -11.575393 -6.111150 45.847378  -0.024691 -0.033576 0.999131  0.571307 0.544908 1 1 1.000000
0  -11.589156 0.509261 45.902435  0.016408 0.019218 0.999681  0.571307 0.517563 1 1 1.000000
0  -15.415506 0.385387 45.558342  -0.224995 0.002967 0.974355  0.594745 0.517563 1 1 1.000000
skin_0
0  -8.230778 0.357859 45.475754  0.128788 0.039575 0.990882  0.550798 0.517563 1 1 1.000000
0  -8.258306 -5.464248 45.613396  0.077313 -0.000648 0.997007  0.550798 0.541978 1 1 1.000000
0  -8.038084 -5.422956 45.599632  0.277324 0.019898 0.960571  0.549821 0.541978 1 1 1.000000
skin_0
0  -8.038084 -5.422956 45.599632  0.277324 0.019898 0.960571  0.549821 0.541978 1 1 1.000000
0  -7.996793 0.344096 45.448227  0.331342 0.041535 0.942596  0.548845 0.518540 1 1 1.000000
0  -8.230778 0.357859 45.475754  0.128788 0.039575 0.990882  0.550798 0.517563 1 1 1.000000
skin_0
0  -17.714069 -14.796138 43.576344  -0.380199 -0.158689 0.911190  0.609394 0.580065 1 1 1.000000
0  -19.407022 -8.134437 43.810333  -0.459783 -0.080340 0.884390  0.619160 0.552721 1 1 1.000000
0  -23.178316 -9.882445 41.098850  -0.535988 -0.082136 0.840221  0.642598 0.560533 1 1 1.000000
skin_0
0  -23.178316 -9.882445 41.098850  -0.535988 -0.082136 0.840221  0.642598 0.560533 1 1 1.000000
0  -21.843224 -16.021122 41.291546  -0.454574 -0.115113 0.883239  0.634785 0.585925 1 1 1.000000
0  -17.714069 -14.796138 43.576344  -0.380199 -0.158689 0.911190  0.609394 0.580065 1 1 1.000000
skin_0
0  -19.407022 -8.134437 43.810333  -0.459783 -0.080340 0.884390  0.619160 0.552721 1 1 1.000000
0  -17.714069 -14.796138 43.576344  -0.380199 -0.158689 0.911190  0.609394 0.580065 1 1 1.000000
0  -15.250339 -13.832668 44.581104  -0.243654 -0.154190 0.957527  0.593768 0.576159 1 1 1.000000
skin_0
0  -15.250339 -13.832668 44.581104  -0.243654 -0.154190 0.957527  0.593768 0.576159 1 1 1.000000
0  -15.291633 -6.923216 45.393173  -0.233047 -0.061949 0.970490  0.593768 0.547838 1 1 1.000000
0  -19.407022 -8.134437 43.810333  -0.459783 -0.080340 0.884390  0.619160 0.552721 1 1 1.000000
skin_0
0  -15.291633 -6.923216 45.393173  -0.233047 -0.061949 0.970490  0.593768 0.547838 1 1 1.000000
0  -15.250339 -13.832668 44.581104  -0.243654 -0.154190 0.957527  0.593768 0.576159 1 1 1.000000
0  -11.520337 -12.387465 45.406937  -0.087418 -0.106534 0.990459  0.571307 0.570299 1 1 1.000000
skin_0
0  -11.520337 -12.387465 45.406937  -0.087418 -0.106534 0.990459  0.571307 0.570299 1 1 1.000000
0  -11.575393 -6.111150 45.847378  -0.024691 -0.033576 0.999131  0.571307 0.544908 1 1 1.000000
0  -15.291633 -6.923216 45.393173  -0.233047 -0.061949 0.970490  0.593768 0.547838 1 1 1.000000
skin_0
0  -7.377419 -10.515581 45.489517  0.184741 0.036626 0.982105  0.544939 0.562487 1 1 1.000000
0  -8.038084 -5.422956 45.599632  0.277324 0.019898 0.960571  0.549821 0.541978 1 1 1.000000
0  -8.258306 -5.464248 45.613396  0.077313 -0.000648 0.997007  0.550798 0.541978 1 1 1.000000
skin_0
0  -8.258306 -5.464248 45.613396  0.077313 -0.000648 0.997007  0.550798 0.541978 1 1 1.000000
0  -7.528821 -10.598165 45.489517  0.015911 -0.043687 0.998919  0.545915 0.563463 1 1 1.000000
0  -7.377419 -10.515581 45.489517  0.184741 0.036626 0.982105  0.544939 0.562487 1 1 1.000000
skin_0
0  -20.108978 -20.012638 41.442947  -0.365138 -0.205156 0.908067  0.624043 0.601550 1 1 1.000000
0  -17.356207 -23.260906 41.621876  -0.279485 -0.263722 0.923222  0.606464 0.615223 1 1 1.000000
0  -14.231815 -20.356733 43.466236  -0.223294 -0.251179 0.941833  0.587909 0.603504 1 1 1.000000
skin_0
0  -20.108978 -20.012638 41.442947  -0.365138 -0.205156 0.908067  0.624043 0.601550 1 1 1.000000
0  -14.231815 -20.356733 43.466236  -0.223294 -0.251179 0.941833  0.587909 0.603504 1 1 1.000000
0  -17.714069 -14.796138 43.576344  -0.380199 -0.158689 0.911190  0.609394 0.580065 1 1 1.000000
skin_0
0  -20.108978 -20.012638 41.442947  -0.365138 -0.205156 0.908067  0.624043 0.601550 1 1 1.000000
0  -17.714069 -14.796138 43.576344  -0.380199 -0.158689 0.911190  0.609394 0.580065 1 1 1.000000
0  -21.843224 -16.021122 41.291546  -0.454574 -0.115113 0.883239  0.634785 0.585925 1 1 1.000000
skin_0
0  -14.231815 -20.356733 43.466236  -0.223294 -0.251179 0.941833  0.587909 0.603504 1 1 1.000000
0  -15.250339 -13.832668 44.581104  -0.243654 -0.154190 0.957527  0.593768 0.576159 1 1 1.000000
0  -17.714069 -14.796138 43.576344  -0.380199 -0.158689 0.911190  0.609394 0.580065 1 1 1.000000
skin_0
0  -15.250339 -13.832668 44.581104  -0.243654 -0.154190 0.957527  0.593768 0.576159 1 1 1.000000
0  -14.231815 -20.356733 43.466236  -0.223294 -0.251179 0.941833  0.587909 0.603504 1 1 1.000000
0  -9.359412 -15.800900 45.159184  -0.071576 -0.162662 0.984082  0.557634 0.584948 1 1 1.000000
skin_0
0  -9.359412 -15.800900 45.159184  -0.071576 -0.162662 0.984082  0.557634 0.584948 1 1 1.000000
0  -11.520337 -12.387465 45.406937  -0.087418 -0.106534 0.990459  0.571307 0.570299 1 1 1.000000
0  -15.250339 -13.832668 44.581104  -0.243654 -0.154190 0.957527  0.593768 0.576159 1 1 1.000000
skin_0
0  -5.904686 -12.814143 45.379410  0.102457 0.052552 0.993348  0.536149 0.572253 1 1 1.000000
0  -7.377419 -10.515581 45.489517  0.184741 0.036626 0.982105  0.544939 0.562487 1 1 1.000000
0  -7.528821 -10.598165 45.489517  0.015911 -0.043687 0.998919  0.545915 0.563463 1 1 1.000000
skin_0
0  -7.528821 -10.598165 45.489517  0.015911 -0.043687 0.998919  0.545915 0.563463 1 1 1.000000
0  -6.042325 -12.938018 45.365646  0.002959 -0.062934 0.998013  0.537126 0.573229 1 1 1.000000
0  -5.904686 -12.814143 45.379410  0.102457 0.052552 0.993348  0.536149 0.572253 1 1 1.000000
skin_0
0  -17.356207 -23.260906 41.621876  -0.279485 -0.263722 0.923222  0.606464 0.615223 1 1 1.000000
0  -12.910485 -26.330244 41.842098  -0.185144 -0.292955 0.938029  0.579119 0.627918 1 1 1.000000
0  -9.868675 -23.095737 43.480000  -0.131001 -0.270397 0.953795  0.560564 0.614246 1 1 1.000000
skin_0
0  -9.868675 -23.095737 43.480000  -0.131001 -0.270397 0.953795  0.560564 0.614246 1 1 1.000000
0  -14.231815 -20.356733 43.466236  -0.223294 -0.251179 0.941833  0.587909 0.603504 1 1 1.000000
0  -17.356207 -23.260906 41.621876  -0.279485 -0.263722 0.923222  0.606464 0.615223 1 1 1.000000
skin_0
0  -14.231815 -20.356733 43.466236  -0.223294 -0.251179 0.941833  0.587909 0.603504 1 1 1.000000
0  -9.868675 -23.095737 43.480000  -0.131001 -0.270397 0.953795  0.560564 0.614246 1 1 1.000000
0  -4.941217 -17.975588 44.980259  -0.030626 -0.159204 0.986771  0.530290 0.593738 1 1 1.000000
skin_0
0  -4.941217 -17.975588 44.980259  -0.030626 -0.159204 0.986771  0.530290 0.593738 1 1 1.000000
0  -9.359412 -15.800900 45.159184  -0.071576 -0.162662 0.984082  0.557634 0.584948 1 1 1.000000
0  -14.231815 -20.356733 43.466236  -0.223294 -0.251179 0.941833  0.587909 0.603504 1 1 1.000000
skin_0
0  -3.165681 -14.149236 45.269299  0.032623 0.037918 0.998748  0.519547 0.578112 1 1 1.000000
0  -5.904686 -12.814143 45.379410  0.102457 0.052552 0.993348  0.536149 0.572253 1 1 1.000000
0  -6.042325 -12.938018 45.365646  0.002959 -0.062934 0.998013  0.537126 0.573229 1 1 1.000000
skin_0
0  -6.042325 -12.938018 45.365646  0.002959 -0.062934 0.998013  0.537126 0.573229 1 1 1.000000
0  -3.220736 -14.300639 45.255535  0.003139 -0.071518 0.997434  0.519547 0.578112 1 1 1.000000
0  -3.165681 -14.149236 45.269299  0.032623 0.037918 0.998748  0.519547 0.578112 1 1 1.000000
skin_0
0  -12.910485 -26.330244 41.842098  -0.185144 -0.292955 0.938029  0.579119 0.627918 1 1 1.000000
0  -6.634170 -28.243418 42.034794  -0.082033 -0.332368 0.939576  0.541032 0.635731 1 1 1.000000
0  -6.152435 -24.196846 43.493763  -0.066382 -0.282417 0.956992  0.538102 0.619129 1 1 1.000000
skin_0
0  -6.152435 -24.196846 43.493763  -0.066382 -0.282417 0.956992  0.538102 0.619129 1 1 1.000000
0  -9.868675 -23.095737 43.480000  -0.131001 -0.270397 0.953795  0.560564 0.614246 1 1 1.000000
0  -12.910485 -26.330244 41.842098  -0.185144 -0.292955 0.938029  0.579119 0.627918 1 1 1.000000
skin_0
0  -6.152435 -24.196846 43.493763  -0.066382 -0.282417 0.956992  0.538102 0.619129 1 1 1.000000
0  -4.941217 -17.975588 44.980259  -0.030626 -0.159204 0.986771  0.530290 0.593738 1 1 1.000000
0  -9.868675 -23.095737 43.480000  -0.131001 -0.270397 0.953795  0.560564 0.614246 1 1 1.000000
skin_0
0  -6.634170 -28.243418 42.034794  -0.082033 -0.332368 0.939576  0.541032 0.635731 1 1 1.000000
0  0.000005 -28.835264 42.103611  0.000533 -0.339527 0.940596  0.500015 0.638661 1 1 1.000000
0  0.000005 -24.898800 43.521290  -0.000431 -0.284047 0.958810  0.500015 0.622059 1 1 1.000000
skin_0
0  0.000005 -24.898800 43.521290  -0.000431 -0.284047 0.958810  0.500015 0.622059 1 1 1.000000
0  -6.152435 -24.196846 43.493763  -0.066382 -0.282417 0.956992  0.538102 0.619129 1 1 1.000000
0  -6.634170 -28.243418 42.034794  -0.082033 -0.332368 0.939576  0.541032 0.635731 1 1 1.000000
skin_0
0  -6.152435 -24.196846 43.493763  -0.066382 -0.282417 0.956992  0.538102 0.619129 1 1 1.000000
0  0.000005 -24.898800 43.521290  -0.000431 -0.284047 0.958810  0.500015 0.622059 1 1 1.000000
0  0.000005 -18.691307 44.911438  -0.001433 -0.156483 0.987680  0.500015 0.596667 1 1 1.000000
skin_0
0  0.000005 -18.691307 44.911438  -0.001433 -0.156483 0.987680  0.500015 0.596667 1 1 1.000000
0  -4.941217 -17.975588 44.980259  -0.030626 -0.159204 0.986771  0.530290 0.593738 1 1 1.000000
0  -6.152435 -24.196846 43.493763  -0.066382 -0.282417 0.956992  0.538102 0.619129 1 1 1.000000
skin_0
0  0.000005 -14.520861 45.241772  0.000643 0.016838 0.999858  0.500015 0.579089 1 1 1.000000
0  -3.165681 -14.149236 45.269299  0.032623 0.037918 0.998748  0.519547 0.578112 1 1 1.000000
0  -3.220736 -14.300639 45.255535  0.003139 -0.071518 0.997434  0.519547 0.578112 1 1 1.000000
skin_0
0  -3.220736 -14.300639 45.255535  0.003139 -0.071518 0.997434  0.519547 0.578112 1 1 1.000000
0  0.000005 -14.672264 45.228008  -0.000183 -0.071358 0.997451  0.500015 0.580065 1 1 1.000000
0  0.000005 -14.520861 45.241772  0.000643 0.016838 0.999858  0.500015 0.579089 1 1 1.000000
skin_0
0  -7.707753 18.746363 43.713982  0.536599 0.089863 0.839039  0.546892 0.442366 1 1 1.000000
0  -7.886683 9.208014 44.842617  0.415698 0.078586 0.906101  0.548845 0.481429 1 1 1.000000
0  -7.749044 9.194250 44.718746  0.634327 0.068089 0.770060  0.547868 0.481429 1 1 1.000000
skin_0
0  -7.749044 9.194250 44.718746  0.634327 0.068089 0.770060  0.547868 0.481429 1 1 1.000000
0  -7.570115 18.746363 43.548817  0.763202 0.068913 0.642474  0.545915 0.442366 1 1 1.000000
0  -7.707753 18.746363 43.713982  0.536599 0.089863 0.839039  0.546892 0.442366 1 1 1.000000
skin_0
0  -7.996793 0.344096 45.448227  0.331342 0.041535 0.942596  0.548845 0.518540 1 1 1.000000
0  -8.038084 -5.422956 45.599632  0.277324 0.019898 0.960571  0.549821 0.541978 1 1 1.000000
0  -7.886682 -5.422956 45.517044  0.461953 0.033100 0.886286  0.548845 0.541978 1 1 1.000000
skin_0
0  -7.886682 -5.422956 45.517044  0.461953 0.033100 0.886286  0.548845 0.541978 1 1 1.000000
0  -7.845390 0.316568 45.351883  0.526325 0.039483 0.849366  0.547868 0.518540 1 1 1.000000
0  -7.996793 0.344096 45.448227  0.331342 0.041535 0.942596  0.548845 0.518540 1 1 1.000000
skin_0
0  -7.226017 -10.419235 45.420700  0.384865 0.110654 0.916316  0.543962 0.562487 1 1 1.000000
0  -7.886682 -5.422956 45.517044  0.461953 0.033100 0.886286  0.548845 0.541978 1 1 1.000000
0  -8.038084 -5.422956 45.599632  0.277324 0.019898 0.960571  0.549821 0.541978 1 1 1.000000
skin_0
0  -8.038084 -5.422956 45.599632  0.277324 0.019898 0.960571  0.549821 0.541978 1 1 1.000000
0  -7.377419 -10.515581 45.489517  0.184741 0.036626 0.982105  0.544939 0.562487 1 1 1.000000
0  -7.226017 -10.419235 45.420700  0.384865 0.110654 0.916316  0.543962 0.562487 1 1 1.000000
skin_0
0  -5.780812 -12.704033 45.310593  0.214846 0.201763 0.955580  0.535173 0.572253 1 1 1.000000
0  -7.226017 -10.419235 45.420700  0.384865 0.110654 0.916316  0.543962 0.562487 1 1 1.000000
0  -7.377419 -10.515581 45.489517  0.184741 0.036626 0.982105  0.544939 0.562487 1 1 1.000000
skin_0
0  -7.377419 -10.515581 45.489517  0.184741 0.036626 0.982105  0.544939 0.562487 1 1 1.000000
0  -5.904686 -12.814143 45.379410  0.102457 0.052552 0.993348  0.536149 0.572253 1 1 1.000000
0  -5.780812 -12.704033 45.310593  0.214846 0.201763 0.955580  0.535173 0.572253 1 1 1.000000
skin_0
0  -3.138153 -13.984071 45.241772  0.064259 0.157391 0.985443  0.519547 0.577136 1 1 1.000000
0  -5.780812 -12.704033 45.310593  0.214846 0.201763 0.955580  0.535173 0.572253 1 1 1.000000
0  -5.904686 -12.814143 45.379410  0.102457 0.052552 0.993348  0.536149 0.572253 1 1 1.000000
skin_0
0  -5.904686 -12.814143 45.379410  0.102457 0.052552 0.993348  0.536149 0.572253 1 1 1.000000
0  -3.165681 -14.149236 45.269299  0.032623 0.037918 0.998748  0.519547 0.578112 1 1 1.000000
0  -3.138153 -13.984071 45.241772  0.064259 0.157391 0.985443  0.519547 0.577136 1 1 1.000000
skin_0
0  0.000004 -14.341930 45.214245  0.003632 0.109915 0.993934  0.500015 0.578112 1 1 1.000000
0  -3.138153 -13.984071 45.241772  0.064259 0.157391 0.985443  0.519547 0.577136 1 1 1.000000
0  -3.165681 -14.149236 45.269299  0.032623 0.037918 0.998748  0.519547 0.578112 1 1 1.000000
skin_0
0  -3.165681 -14.149236 45.269299  0.032623 0.037918 0.998748  0.519547 0.578112 1 1 1.000000
0  0.000005 -14.520861 45.241772  0.000643 0.016838 0.999858  0.500015 0.579089 1 1 1.000000
0  0.000004 -14.341930 45.214245  0.003632 0.109915 0.993934  0.500015 0.578112 1 1 1.000000
skin_0
0  -4.941217 -17.975588 44.980259  -0.030626 -0.159204 0.986771  0.530290 0.593738 1 1 1.000000
0  0.000005 -18.691307 44.911438  -0.001433 -0.156483 0.987680  0.500015 0.596667 1 1 1.000000
0  0.000005 -14.672264 45.228008  -0.000183 -0.071358 0.997451  0.500015 0.580065 1 1 1.000000
skin_0
0  0.000005 -14.672264 45.228008  -0.000183 -0.071358 0.997451  0.500015 0.580065 1 1 1.000000
0  -3.220736 -14.300639 45.255535  0.003139 -0.071518 0.997434  0.519547 0.578112 1 1 1.000000
0  -4.941217 -17.975588 44.980259  -0.030626 -0.159204 0.986771  0.530290 0.593738 1 1 1.000000
skin_0
0  -3.220736 -14.300639 45.255535  0.003139 -0.071518 0.997434  0.519547 0.578112 1 1 1.000000
0  -6.042325 -12.938018 45.365646  0.002959 -0.062934 0.998013  0.537126 0.573229 1 1 1.000000
0  -9.359412 -15.800900 45.159184  -0.071576 -0.162662 0.984082  0.557634 0.584948 1 1 1.000000
skin_0
0  -9.359412 -15.800900 45.159184  -0.071576 -0.162662 0.984082  0.557634 0.584948 1 1 1.000000
0  -4.941217 -17.975588 44.980259  -0.030626 -0.159204 0.986771  0.530290 0.593738 1 1 1.000000
0  -3.220736 -14.300639 45.255535  0.003139 -0.071518 0.997434  0.519547 0.578112 1 1 1.000000
skin_0
0  -11.520337 -12.387465 45.406937  -0.087418 -0.106534 0.990459  0.571307 0.570299 1 1 1.000000
0  -9.359412 -15.800900 45.159184  -0.071576 -0.162662 0.984082  0.557634 0.584948 1 1 1.000000
0  -6.042325 -12.938018 45.365646  0.002959 -0.062934 0.998013  0.537126 0.573229 1 1 1.000000
skin_0
0  -6.042325 -12.938018 45.365646  0.002959 -0.062934 0.998013  0.537126 0.573229 1 1 1.000000
0  -7.528821 -10.598165 45.489517  0.015911 -0.043687 0.998919  0.545915 0.563463 1 1 1.000000
0  -11.520337 -12.387465 45.406937  -0.087418 -0.106534 0.990459  0.571307 0.570299 1 1 1.000000
skin_0
0  -11.575393 -6.111150 45.847378  -0.024691 -0.033576 0.999131  0.571307 0.544908 1 1 1.000000
0  -11.520337 -12.387465 45.406937  -0.087418 -0.106534 0.990459  0.571307 0.570299 1 1 1.000000
0  -7.528821 -10.598165 45.489517  0.015911 -0.043687 0.998919  0.545915 0.563463 1 1 1.000000
skin_0
0  -7.528821 -10.598165 45.489517  0.015911 -0.043687 0.998919  0.545915 0.563463 1 1 1.000000
0  -8.258306 -5.464248 45.613396  0.077313 -0.000648 0.997007  0.550798 0.541978 1 1 1.000000
0  -11.575393 -6.111150 45.847378  -0.024691 -0.033576 0.999131  0.571307 0.544908 1 1 1.000000
skin_0
0  -11.589156 0.509261 45.902435  0.016408 0.019218 0.999681  0.571307 0.517563 1 1 1.000000
0  -11.575393 -6.111150 45.847378  -0.024691 -0.033576 0.999131  0.571307 0.544908 1 1 1.000000
0  -8.258306 -5.464248 45.613396  0.077313 -0.000648 0.997007  0.550798 0.541978 1 1 1.000000
skin_0
0  -8.258306 -5.464248 45.613396  0.077313 -0.000648 0.997007  0.550798 0.541978 1 1 1.000000
0  -8.230778 0.357859 45.475754  0.128788 0.039575 0.990882  0.550798 0.517563 1 1 1.000000
0  -11.589156 0.509261 45.902435  0.016408 0.019218 0.999681  0.571307 0.517563 1 1 1.000000
skin_0
0  -8.120667 9.221778 44.883911  0.191263 0.085393 0.977817  0.549821 0.481429 1 1 1.000000
0  -7.927975 18.773890 43.769043  0.224078 0.109382 0.968413  0.548845 0.442366 1 1 1.000000
0  -11.713034 18.787653 44.594868  0.087439 0.102451 0.990888  0.572283 0.442366 1 1 1.000000
skin_0
0  -11.713034 18.787653 44.594868  0.087439 0.102451 0.990888  0.572283 0.442366 1 1 1.000000
0  -11.616686 9.331888 45.544579  0.062125 0.073181 0.995382  0.571307 0.481429 1 1 1.000000
0  -8.120667 9.221778 44.883911  0.191263 0.085393 0.977817  0.549821 0.481429 1 1 1.000000
skin_0
0  -6.826866 9.070375 43.934204  0.656970 0.072403 0.750432  0.542009 0.482406 1 1 1.000000
0  -6.579118 18.594959 42.433945  0.747652 0.084015 0.658755  0.540056 0.443342 1 1 1.000000
0  -7.570115 18.746363 43.548817  0.763202 0.068913 0.642474  0.545915 0.442366 1 1 1.000000
skin_0
0  -7.570115 18.746363 43.548817  0.763202 0.068913 0.642474  0.545915 0.442366 1 1 1.000000
0  -7.749044 9.194250 44.718746  0.634327 0.068089 0.770060  0.547868 0.481429 1 1 1.000000
0  -6.826866 9.070375 43.934204  0.656970 0.072403 0.750432  0.542009 0.482406 1 1 1.000000
skin_0
0  -7.005795 -5.381665 45.090366  0.439870 0.035117 0.897375  0.542985 0.541978 1 1 1.000000
0  -6.964504 0.110110 44.815090  0.536475 0.045143 0.842708  0.542985 0.519517 1 1 1.000000
0  -7.845390 0.316568 45.351883  0.526325 0.039483 0.849366  0.547868 0.518540 1 1 1.000000
skin_0
0  -7.845390 0.316568 45.351883  0.526325 0.039483 0.849366  0.547868 0.518540 1 1 1.000000
0  -7.886682 -5.422956 45.517044  0.461953 0.033100 0.886286  0.548845 0.541978 1 1 1.000000
0  -7.005795 -5.381665 45.090366  0.439870 0.035117 0.897375  0.542985 0.541978 1 1 1.000000
skin_0
0  -7.886682 -5.422956 45.517044  0.461953 0.033100 0.886286  0.548845 0.541978 1 1 1.000000
0  -7.226017 -10.419235 45.420700  0.384865 0.110654 0.916316  0.543962 0.562487 1 1 1.000000
0  -6.455241 -10.116430 45.076603  0.366436 0.121629 0.922459  0.540056 0.561510 1 1 1.000000
skin_0
0  -6.455241 -10.116430 45.076603  0.366436 0.121629 0.922459  0.540056 0.561510 1 1 1.000000
0  -7.005795 -5.381665 45.090366  0.439870 0.035117 0.897375  0.542985 0.541978 1 1 1.000000
0  -7.886682 -5.422956 45.517044  0.461953 0.033100 0.886286  0.548845 0.541978 1 1 1.000000
skin_0
0  -7.226017 -10.419235 45.420700  0.384865 0.110654 0.916316  0.543962 0.562487 1 1 1.000000
0  -5.780812 -12.704033 45.310593  0.214846 0.201763 0.955580  0.535173 0.572253 1 1 1.000000
0  -5.120147 -12.181006 45.062840  0.190792 0.227437 0.954919  0.531266 0.569323 1 1 1.000000
skin_0
0  -5.120147 -12.181006 45.062840  0.190792 0.227437 0.954919  0.531266 0.569323 1 1 1.000000
0  -6.455241 -10.116430 45.076603  0.366436 0.121629 0.922459  0.540056 0.561510 1 1 1.000000
0  -7.226017 -10.419235 45.420700  0.384865 0.110654 0.916316  0.543962 0.562487 1 1 1.000000
skin_0
0  -5.780812 -12.704033 45.310593  0.214846 0.201763 0.955580  0.535173 0.572253 1 1 1.000000
0  -3.138153 -13.984071 45.241772  0.064259 0.157391 0.985443  0.519547 0.577136 1 1 1.000000
0  -2.972987 -13.158239 45.104130  0.057010 0.166170 0.984448  0.518571 0.574206 1 1 1.000000
skin_0
0  -2.972987 -13.158239 45.104130  0.057010 0.166170 0.984448  0.518571 0.574206 1 1 1.000000
0  -5.120147 -12.181006 45.062840  0.190792 0.227437 0.954919  0.531266 0.569323 1 1 1.000000
0  -5.780812 -12.704033 45.310593  0.214846 0.201763 0.955580  0.535173 0.572253 1 1 1.000000
skin_0
0  -3.138153 -13.984071 45.241772  0.064259 0.157391 0.985443  0.519547 0.577136 1 1 1.000000
0  0.000004 -14.341930 45.214245  0.003632 0.109915 0.993934  0.500015 0.578112 1 1 1.000000
0  0.000004 -13.516099 45.131657  0.007274 0.108660 0.994052  0.500015 0.575182 1 1 1.000000
skin_0
0  0.000004 -13.516099 45.131657  0.007274 0.108660 0.994052  0.500015 0.575182 1 1 1.000000
0  -2.972987 -13.158239 45.104130  0.057010 0.166170 0.984448  0.518571 0.574206 1 1 1.000000
0  -3.138153 -13.984071 45.241772  0.064259 0.157391 0.985443  0.519547 0.577136 1 1 1.000000
skin_0
0  -19.696064 -0.220223 43.947968  -0.479493 -0.007050 0.877518  0.621113 0.520493 1 1 1.000000
0  -19.943813 8.974028 43.631397  -0.483651 0.039870 0.874353  0.623066 0.482406 1 1 1.000000
0  -24.196844 8.409710 40.438187  -0.603743 0.029927 0.796617  0.648457 0.485336 1 1 1.000000
skin_0
0  -24.196844 8.409710 40.438187  -0.603743 0.029927 0.796617  0.648457 0.485336 1 1 1.000000
0  -23.838984 -1.293804 40.837341  -0.595454 -0.011290 0.803310  0.646504 0.524400 1 1 1.000000
0  -19.696064 -0.220223 43.947968  -0.479493 -0.007050 0.877518  0.621113 0.520493 1 1 1.000000
skin_0
0  -15.415506 0.385387 45.558342  -0.224995 0.002967 0.974355  0.594745 0.517563 1 1 1.000000
0  -15.511854 9.276833 45.310593  -0.211087 0.056260 0.975847  0.595721 0.481429 1 1 1.000000
0  -19.943813 8.974028 43.631397  -0.483651 0.039870 0.874353  0.623066 0.482406 1 1 1.000000
skin_0
0  -19.943813 8.974028 43.631397  -0.483651 0.039870 0.874353  0.623066 0.482406 1 1 1.000000
0  -19.696064 -0.220223 43.947968  -0.479493 -0.007050 0.877518  0.621113 0.520493 1 1 1.000000
0  -15.415506 0.385387 45.558342  -0.224995 0.002967 0.974355  0.594745 0.517563 1 1 1.000000
skin_0
0  -11.589156 0.509261 45.902435  0.016408 0.019218 0.999681  0.571307 0.517563 1 1 1.000000
0  -11.616686 9.331888 45.544579  0.062125 0.073181 0.995382  0.571307 0.481429 1 1 1.000000
0  -15.511854 9.276833 45.310593  -0.211087 0.056260 0.975847  0.595721 0.481429 1 1 1.000000
skin_0
0  -15.511854 9.276833 45.310593  -0.211087 0.056260 0.975847  0.595721 0.481429 1 1 1.000000
0  -15.415506 0.385387 45.558342  -0.224995 0.002967 0.974355  0.594745 0.517563 1 1 1.000000
0  -11.589156 0.509261 45.902435  0.016408 0.019218 0.999681  0.571307 0.517563 1 1 1.000000
skin_0
0  -8.230778 0.357859 45.475754  0.128788 0.039575 0.990882  0.550798 0.517563 1 1 1.000000
0  -8.120667 9.221778 44.883911  0.191263 0.085393 0.977817  0.549821 0.481429 1 1 1.000000
0  -11.616686 9.331888 45.544579  0.062125 0.073181 0.995382  0.571307 0.481429 1 1 1.000000
skin_0
0  -11.616686 9.331888 45.544579  0.062125 0.073181 0.995382  0.571307 0.481429 1 1 1.000000
0  -11.589156 0.509261 45.902435  0.016408 0.019218 0.999681  0.571307 0.517563 1 1 1.000000
0  -8.230778 0.357859 45.475754  0.128788 0.039575 0.990882  0.550798 0.517563 1 1 1.000000
skin_0
0  -7.996793 0.344096 45.448227  0.331342 0.041535 0.942596  0.548845 0.518540 1 1 1.000000
0  -7.886683 9.208014 44.842617  0.415698 0.078586 0.906101  0.548845 0.481429 1 1 1.000000
0  -8.120667 9.221778 44.883911  0.191263 0.085393 0.977817  0.549821 0.481429 1 1 1.000000
skin_0
0  -8.120667 9.221778 44.883911  0.191263 0.085393 0.977817  0.549821 0.481429 1 1 1.000000
0  -8.230778 0.357859 45.475754  0.128788 0.039575 0.990882  0.550798 0.517563 1 1 1.000000
0  -7.996793 0.344096 45.448227  0.331342 0.041535 0.942596  0.548845 0.518540 1 1 1.000000
skin_0
0  -7.845390 0.316568 45.351883  0.526325 0.039483 0.849366  0.547868 0.518540 1 1 1.000000
0  -7.749044 9.194250 44.718746  0.634327 0.068089 0.770060  0.547868 0.481429 1 1 1.000000
0  -7.886683 9.208014 44.842617  0.415698 0.078586 0.906101  0.548845 0.481429 1 1 1.000000
skin_0
0  -7.886683 9.208014 44.842617  0.415698 0.078586 0.906101  0.548845 0.481429 1 1 1.000000
0  -7.996793 0.344096 45.448227  0.331342 0.041535 0.942596  0.548845 0.518540 1 1 1.000000
0  -7.845390 0.316568 45.351883  0.526325 0.039483 0.849366  0.547868 0.518540 1 1 1.000000
skin_0
0  -6.964504 0.110110 44.815090  0.536475 0.045143 0.842708  0.542985 0.519517 1 1 1.000000
0  -6.826866 9.070375 43.934204  0.656970 0.072403 0.750432  0.542009 0.482406 1 1 1.000000
0  -7.749044 9.194250 44.718746  0.634327 0.068089 0.770060  0.547868 0.481429 1 1 1.000000
skin_0
0  -7.749044 9.194250 44.718746  0.634327 0.068089 0.770060  0.547868 0.481429 1 1 1.000000
0  -7.845390 0.316568 45.351883  0.526325 0.039483 0.849366  0.547868 0.518540 1 1 1.000000
0  -6.964504 0.110110 44.815090  0.536475 0.045143 0.842708  0.542985 0.519517 1 1 1.000000
skin_0
0  -24.320719 18.071930 39.749992  -0.550741 0.277555 0.787177  0.649434 0.445296 1 1 1.000000
0  -24.320719 17.906765 39.763756  -0.590215 0.053661 0.805461  0.649434 0.445296 1 1 1.000000
0  -19.902523 18.484846 42.929443  -0.467790 0.069103 0.881134  0.622089 0.443342 1 1 1.000000
skin_0
0  -19.902523 18.484846 42.929443  -0.467790 0.069103 0.881134  0.622089 0.443342 1 1 1.000000
0  -19.902523 18.650013 42.915680  -0.465008 0.253914 0.848113  0.622089 0.442366 1 1 1.000000
0  -24.320719 18.071930 39.749992  -0.550741 0.277555 0.787177  0.649434 0.445296 1 1 1.000000
skin_0
0  -19.902523 18.650013 42.915680  -0.465008 0.253914 0.848113  0.622089 0.442366 1 1 1.000000
0  -19.902523 18.484846 42.929443  -0.467790 0.069103 0.881134  0.622089 0.443342 1 1 1.000000
0  -15.594439 18.760124 44.457230  -0.189734 0.089732 0.977727  0.595721 0.442366 1 1 1.000000
skin_0
0  -15.594439 18.760124 44.457230  -0.189734 0.089732 0.977727  0.595721 0.442366 1 1 1.000000
0  -15.594439 18.925291 44.429703  -0.187899 0.274441 0.943068  0.595721 0.441389 1 1 1.000000
0  -19.902523 18.650013 42.915680  -0.465008 0.253914 0.848113  0.622089 0.442366 1 1 1.000000
skin_0
0  -15.594439 18.925291 44.429703  -0.187899 0.274441 0.943068  0.595721 0.441389 1 1 1.000000
0  -15.594439 18.760124 44.457230  -0.189734 0.089732 0.977727  0.595721 0.442366 1 1 1.000000
0  -11.713034 18.787653 44.594868  0.087439 0.102451 0.990888  0.572283 0.442366 1 1 1.000000
skin_0
0  -11.713034 18.787653 44.594868  0.087439 0.102451 0.990888  0.572283 0.442366 1 1 1.000000
0  -11.713034 18.966583 44.581104  0.085659 0.285261 0.954614  0.572283 0.441389 1 1 1.000000
0  -15.594439 18.925291 44.429703  -0.187899 0.274441 0.943068  0.595721 0.441389 1 1 1.000000
skin_0
0  -7.927975 18.939056 43.741508  0.225289 0.301234 0.926554  0.548845 0.441389 1 1 1.000000
0  -7.927975 18.773890 43.769043  0.224078 0.109382 0.968413  0.548845 0.442366 1 1 1.000000
0  -7.707753 18.746363 43.713982  0.536599 0.089863 0.839039  0.546892 0.442366 1 1 1.000000
skin_0
0  -7.707753 18.746363 43.713982  0.536599 0.089863 0.839039  0.546892 0.442366 1 1 1.000000
0  -7.693990 18.911530 43.686455  0.529441 0.263929 0.806246  0.546892 0.441389 1 1 1.000000
0  -7.927975 18.939056 43.741508  0.225289 0.301234 0.926554  0.548845 0.441389 1 1 1.000000
skin_0
0  -7.693990 18.911530 43.686455  0.529441 0.263929 0.806246  0.546892 0.441389 1 1 1.000000
0  -7.707753 18.746363 43.713982  0.536599 0.089863 0.839039  0.546892 0.442366 1 1 1.000000
0  -7.570115 18.746363 43.548817  0.763202 0.068913 0.642474  0.545915 0.442366 1 1 1.000000
skin_0
0  -7.570115 18.746363 43.548817  0.763202 0.068913 0.642474  0.545915 0.442366 1 1 1.000000
0  -7.570115 18.911530 43.521290  0.750067 0.256789 0.609474  0.545915 0.441389 1 1 1.000000
0  -7.693990 18.911530 43.686455  0.529441 0.263929 0.806246  0.546892 0.441389 1 1 1.000000
skin_0
0  -11.713034 18.966583 44.581104  0.085659 0.285261 0.954614  0.572283 0.441389 1 1 1.000000
0  -11.713034 18.787653 44.594868  0.087439 0.102451 0.990888  0.572283 0.442366 1 1 1.000000
0  -7.927975 18.773890 43.769043  0.224078 0.109382 0.968413  0.548845 0.442366 1 1 1.000000
skin_0
0  -7.927975 18.773890 43.769043  0.224078 0.109382 0.968413  0.548845 0.442366 1 1 1.000000
0  -7.927975 18.939056 43.741508  0.225289 0.301234 0.926554  0.548845 0.441389 1 1 1.000000
0  -11.713034 18.966583 44.581104  0.085659 0.285261 0.954614  0.572283 0.441389 1 1 1.000000
skin_0
0  -6.579118 18.594959 42.433945  0.747652 0.084015 0.658755  0.540056 0.443342 1 1 1.000000
0  -6.579118 18.760126 42.420181  0.734626 0.272043 0.621544  0.540056 0.442366 1 1 1.000000
0  -7.570115 18.911530 43.521290  0.750067 0.256789 0.609474  0.545915 0.441389 1 1 1.000000
skin_0
0  -7.570115 18.911530 43.521290  0.750067 0.256789 0.609474  0.545915 0.441389 1 1 1.000000
0  -7.570115 18.746363 43.548817  0.763202 0.068913 0.642474  0.545915 0.442366 1 1 1.000000
0  -6.579118 18.594959 42.433945  0.747652 0.084015 0.658755  0.540056 0.443342 1 1 1.000000
skin_0
0  -19.902523 18.650013 42.915680  -0.465008 0.253914 0.848113  0.000000 0.741203 1 1 1.000000
0  -19.874994 18.815180 42.846859  -0.443554 0.434882 0.783669  0.990265 0.739250 1 1 1.000000
0  -24.279428 18.237097 39.681175  -0.501864 0.422139 0.754938  0.990265 0.978515 1 1 1.000000
skin_0
0  -24.279428 18.237097 39.681175  -0.501864 0.422139 0.754938  0.990265 0.978515 1 1 1.000000
0  -24.320719 18.071930 39.749992  -0.550741 0.277555 0.787177  0.000000 0.980468 1 1 1.000000
0  -19.902523 18.650013 42.915680  -0.465008 0.253914 0.848113  0.000000 0.741203 1 1 1.000000
skin_0
0  -15.594439 18.925291 44.429703  -0.187899 0.274441 0.943068  0.000000 0.507797 1 1 1.000000
0  -15.580675 19.090456 44.347122  -0.179779 0.454687 0.872318  0.990265 0.507797 1 1 1.000000
0  -19.874994 18.815180 42.846859  -0.443554 0.434882 0.783669  0.990265 0.739250 1 1 1.000000
skin_0
0  -19.874994 18.815180 42.846859  -0.443554 0.434882 0.783669  0.990265 0.739250 1 1 1.000000
0  -19.902523 18.650013 42.915680  -0.465008 0.253914 0.848113  0.000000 0.741203 1 1 1.000000
0  -15.594439 18.925291 44.429703  -0.187899 0.274441 0.943068  0.000000 0.507797 1 1 1.000000
skin_0
0  -11.713034 18.966583 44.581104  0.085659 0.285261 0.954614  0.000000 0.298807 1 1 1.000000
0  -11.726797 19.117985 44.498520  0.078959 0.466328 0.881081  0.990265 0.298807 1 1 1.000000
0  -15.580675 19.090456 44.347122  -0.179779 0.454687 0.872318  0.990265 0.507797 1 1 1.000000
skin_0
0  -15.580675 19.090456 44.347122  -0.179779 0.454687 0.872318  0.990265 0.507797 1 1 1.000000
0  -15.594439 18.925291 44.429703  -0.187899 0.274441 0.943068  0.000000 0.507797 1 1 1.000000
0  -11.713034 18.966583 44.581104  0.085659 0.285261 0.954614  0.000000 0.298807 1 1 1.000000
skin_0
0  -7.693990 18.911530 43.686455  0.529441 0.263929 0.806246  0.000000 0.082003 1 1 1.000000
0  -7.735281 19.076694 43.617634  0.499468 0.457920 0.735419  0.990265 0.082980 1 1 1.000000
0  -7.941739 19.090458 43.658928  0.214710 0.469699 0.856319  0.990265 0.094699 1 1 1.000000
skin_0
0  -7.941739 19.090458 43.658928  0.214710 0.469699 0.856319  0.990265 0.094699 1 1 1.000000
0  -7.927975 18.939056 43.741508  0.225289 0.301234 0.926554  0.000000 0.093722 1 1 1.000000
0  -7.693990 18.911530 43.686455  0.529441 0.263929 0.806246  0.000000 0.082003 1 1 1.000000
skin_0
0  -7.570115 18.911530 43.521290  0.750067 0.256789 0.609474  0.000000 0.074190 1 1 1.000000
0  -7.611406 19.076694 43.466236  0.710702 0.431048 0.555968  0.990265 0.077120 1 1 1.000000
0  -7.735281 19.076694 43.617634  0.499468 0.457920 0.735419  0.990265 0.082980 1 1 1.000000
skin_0
0  -7.735281 19.076694 43.617634  0.499468 0.457920 0.735419  0.990265 0.082980 1 1 1.000000
0  -7.693990 18.911530 43.686455  0.529441 0.263929 0.806246  0.000000 0.082003 1 1 1.000000
0  -7.570115 18.911530 43.521290  0.750067 0.256789 0.609474  0.000000 0.074190 1 1 1.000000
skin_0
0  -7.927975 18.939056 43.741508  0.225289 0.301234 0.926554  0.000000 0.093722 1 1 1.000000
0  -7.941739 19.090458 43.658928  0.214710 0.469699 0.856319  0.990265 0.094699 1 1 1.000000
0  -11.726797 19.117985 44.498520  0.078959 0.466328 0.881081  0.990265 0.298807 1 1 1.000000
skin_0
0  -11.726797 19.117985 44.498520  0.078959 0.466328 0.881081  0.990265 0.298807 1 1 1.000000
0  -11.713034 18.966583 44.581104  0.085659 0.285261 0.954614  0.000000 0.298807 1 1 1.000000
0  -7.927975 18.939056 43.741508  0.225289 0.301234 0.926554  0.000000 0.093722 1 1 1.000000
skin_0
0  -6.579118 18.760126 42.420181  0.734626 0.272043 0.621544  0.000000 0.020478 1 1 1.000000
0  -6.606646 18.925293 42.323833  0.700644 0.427485 0.571275  0.990265 0.022431 1 1 1.000000
0  -7.611406 19.076694 43.466236  0.710702 0.431048 0.555968  0.990265 0.077120 1 1 1.000000
skin_0
0  -7.611406 19.076694 43.466236  0.710702 0.431048 0.555968  0.990265 0.077120 1 1 1.000000
0  -7.570115 18.911530 43.521290  0.750067 0.256789 0.609474  0.000000 0.074190 1 1 1.000000
0  -6.579118 18.760126 42.420181  0.734626 0.272043 0.621544  0.000000 0.020478 1 1 1.000000
skin_0
0  -6.386424 18.773890 42.420181  -0.040244 0.337955 0.940302  0.000000 0.010712 1 1 1.000000
0  -6.372660 18.925293 42.337601  -0.010994 0.519354 0.854488  0.990265 0.009735 1 1 1.000000
0  -6.606646 18.925293 42.323833  -0.030498 0.499060 0.866030  0.990265 0.022431 1 1 1.000000
skin_0
0  -6.606646 18.925293 42.323833  -0.030468 0.499081 0.866019  0.990265 0.022431 1 1 1.000000
0  -6.579118 18.760126 42.420181  -0.051157 0.329656 0.942714  0.000000 0.020478 1 1 1.000000
0  -6.386424 18.773890 42.420181  -0.040203 0.337649 0.940413  0.000000 0.010712 1 1 1.000000
skin_0
0  -24.444593 18.195807 39.626122  -0.415381 0.421531 0.806083  0.009766 0.009735 1 1 1.000000
0  -24.320719 18.071930 39.749992  -0.550741 0.277555 0.787177  0.009766 0.980468 1 1 1.000000
0  -24.279428 18.237097 39.681175  -0.501864 0.422139 0.754938  0.990265 0.489242 1 1 1.000000
skin_0
0  43.342361 -33.005707 18.581192  0.956085 0.265851 0.123386  0.161138 0.655263 1 1 1.000000
0  43.273544 -32.854301 17.755362  0.985309 0.168795 -0.025961  0.156255 0.655263 1 1 1.000000
0  43.190960 -32.138584 17.851707  0.996062 0.087005 -0.017070  0.157231 0.652333 1 1 1.000000
skin_0
0  43.190960 -32.138584 17.851707  0.996062 0.087005 -0.017070  0.157231 0.652333 1 1 1.000000
0  43.204723 -32.179874 18.622482  0.993765 0.109137 -0.022818  0.162114 0.652333 1 1 1.000000
0  43.342361 -33.005707 18.581192  0.956085 0.265851 0.123386  0.161138 0.655263 1 1 1.000000
skin_0
0  43.025795 -34.533493 9.166720  0.995504 0.066609 -0.067348  0.103519 0.662099 1 1 1.000000
0  42.833099 -34.657368 6.455242  0.996240 0.040129 -0.076787  0.086917 0.662099 1 1 1.000000
0  42.681698 -31.381571 6.758046  0.997944 0.045148 -0.045481  0.088870 0.648427 1 1 1.000000
skin_0
0  42.681698 -31.381571 6.758046  0.997944 0.045148 -0.045481  0.088870 0.648427 1 1 1.000000
0  42.819336 -31.601793 9.689747  0.987329 0.136671 -0.080641  0.106449 0.649403 1 1 1.000000
0  43.025795 -34.533493 9.166720  0.995504 0.066609 -0.067348  0.103519 0.662099 1 1 1.000000
skin_0
0  44.539814 31.051245 7.336129  0.994809 -0.092210 -0.043046  0.092776 0.391583 1 1 1.000000
0  44.649929 31.106304 10.102661  0.992734 -0.113099 -0.041073  0.109378 0.391583 1 1 1.000000
0  44.402176 29.592278 7.267309  0.996223 -0.080410 -0.032763  0.091800 0.397443 1 1 1.000000
skin_0
0  42.475235 -17.562668 2.243504  0.981582 -0.026204 -0.189237  0.061525 0.591784 1 1 1.000000
0  42.475235 -17.562668 2.202213  0.981528 -0.026840 -0.189428  0.060549 0.591784 1 1 1.000000
0  42.778042 -11.768088 2.257268  0.984540 -0.043476 -0.169679  0.061525 0.568346 1 1 1.000000
skin_0
0  42.778042 -11.768088 2.257268  0.984540 -0.043476 -0.169679  0.061525 0.568346 1 1 1.000000
0  42.791805 -11.754324 2.271032  0.984575 -0.041033 -0.170086  0.061525 0.568346 1 1 1.000000
0  42.475235 -17.562668 2.243504  0.981582 -0.026204 -0.189237  0.061525 0.591784 1 1 1.000000
skin_0
0  42.530289 -19.035398 2.560073  0.986518 -0.055183 -0.154069  0.063478 0.597644 1 1 1.000000
0  42.475235 -17.562668 2.202213  0.981528 -0.026840 -0.189428  0.060549 0.591784 1 1 1.000000
0  42.475235 -17.562668 2.243504  0.981582 -0.026204 -0.189237  0.061525 0.591784 1 1 1.000000
skin_0
0  42.475235 -17.562668 2.243504  0.981582 -0.026204 -0.189237  0.061525 0.591784 1 1 1.000000
0  42.571587 -18.939053 2.725239  0.986329 -0.055736 -0.155077  0.064455 0.597644 1 1 1.000000
0  42.530289 -19.035398 2.560073  0.986518 -0.055183 -0.154069  0.063478 0.597644 1 1 1.000000
skin_0
0  42.571587 -18.939053 2.725239  0.986329 -0.055736 -0.155077  0.064455 0.597644 1 1 1.000000
0  42.585350 -20.012632 3.757527  0.984372 -0.146258 -0.098085  0.070315 0.601550 1 1 1.000000
0  42.557823 -20.177799 3.757527  0.988407 -0.146739 -0.038984  0.070315 0.602527 1 1 1.000000
skin_0
0  42.557823 -20.177799 3.757527  0.988407 -0.146739 -0.038984  0.070315 0.602527 1 1 1.000000
0  42.530289 -19.035398 2.560073  0.986518 -0.055183 -0.154069  0.063478 0.597644 1 1 1.000000
0  42.571587 -18.939053 2.725239  0.986329 -0.055736 -0.155077  0.064455 0.597644 1 1 1.000000
skin_0
0  42.420185 -20.659533 7.239781  0.997725 0.002821 -0.067355  0.091800 0.604480 1 1 1.000000
0  42.557823 -20.177799 3.757527  0.988407 -0.146739 -0.038984  0.070315 0.602527 1 1 1.000000
0  42.585350 -20.012632 3.757527  0.984372 -0.146258 -0.098085  0.070315 0.601550 1 1 1.000000
skin_0
0  42.585350 -20.012632 3.757527  0.984372 -0.146258 -0.098085  0.070315 0.601550 1 1 1.000000
0  42.420185 -20.480602 7.226017  0.999266 0.006551 -0.037743  0.091800 0.603504 1 1 1.000000
0  42.420185 -20.659533 7.239781  0.997725 0.002821 -0.067355  0.091800 0.604480 1 1 1.000000
skin_0
0  42.791805 -11.754324 2.271032  0.984575 -0.041033 -0.170086  0.061525 0.568346 1 1 1.000000
0  42.778042 -11.768088 2.257268  0.984540 -0.043476 -0.169679  0.061525 0.568346 1 1 1.000000
0  43.383648 5.354140 2.491253  0.988387 -0.033636 -0.148185  0.062502 0.497055 1 1 1.000000
skin_0
0  43.383648 5.354140 2.491253  0.988387 -0.033636 -0.148185  0.062502 0.497055 1 1 1.000000
0  43.383648 5.354140 2.505017  0.988390 -0.033646 -0.148166  0.062502 0.497055 1 1 1.000000
0  42.791805 -11.754324 2.271032  0.984575 -0.041033 -0.170086  0.061525 0.568346 1 1 1.000000
skin_0
0  44.649929 30.954899 10.185244  0.996574 -0.052944 -0.063535  0.110355 0.391583 1 1 1.000000
0  44.402176 29.399586 7.281073  0.998157 -0.017773 -0.058031  0.091800 0.398419 1 1 1.000000
0  44.402176 29.592278 7.267309  0.997776 -0.018683 -0.063984  0.091800 0.397443 1 1 1.000000
skin_0
0  44.402176 29.592278 7.267309  0.997776 -0.018683 -0.063984  0.091800 0.397443 1 1 1.000000
0  44.649929 31.106304 10.102661  0.996555 -0.053168 -0.063654  0.109378 0.391583 1 1 1.000000
0  44.649929 30.954899 10.185244  0.996574 -0.052944 -0.063535  0.110355 0.391583 1 1 1.000000
skin_0
0  44.113136 25.944857 2.945460  0.996349 0.006485 -0.085130  0.065432 0.413068 1 1 1.000000
0  44.154427 27.073496 3.413431  0.998414 -0.015096 -0.054238  0.068361 0.408185 1 1 1.000000
0  44.154427 27.045965 3.427195  0.998469 -0.013790 -0.053576  0.068361 0.408185 1 1 1.000000
skin_0
0  44.154427 27.045965 3.427195  0.998469 -0.013790 -0.053576  0.068361 0.408185 1 1 1.000000
0  44.126900 25.917330 2.972988  0.996264 0.005667 -0.086171  0.065432 0.413068 1 1 1.000000
0  44.113136 25.944857 2.945460  0.996349 0.006485 -0.085130  0.065432 0.413068 1 1 1.000000
skin_0
0  44.126900 21.815702 2.821585  0.991770 -0.020020 -0.126455  0.064455 0.429670 1 1 1.000000
0  44.113136 25.944857 2.945460  0.996349 0.006485 -0.085130  0.065432 0.413068 1 1 1.000000
0  44.126900 25.917330 2.972988  0.996264 0.005667 -0.086171  0.065432 0.413068 1 1 1.000000
skin_0
0  44.126900 25.917330 2.972988  0.996264 0.005667 -0.086171  0.065432 0.413068 1 1 1.000000
0  44.126900 21.801939 2.862877  0.991534 -0.024976 -0.127419  0.065432 0.429670 1 1 1.000000
0  44.126900 21.815702 2.821585  0.991770 -0.020020 -0.126455  0.064455 0.429670 1 1 1.000000
skin_0
0  43.700218 13.901490 2.601364  0.989520 -0.042274 -0.138070  0.063478 0.461898 1 1 1.000000
0  44.126900 21.815702 2.821585  0.991770 -0.020020 -0.126455  0.064455 0.429670 1 1 1.000000
0  44.126900 21.801939 2.862877  0.991534 -0.024976 -0.127419  0.065432 0.429670 1 1 1.000000
skin_0
0  44.126900 21.801939 2.862877  0.991534 -0.024976 -0.127419  0.065432 0.429670 1 1 1.000000
0  43.700218 13.901490 2.628892  0.989573 -0.041378 -0.137964  0.063478 0.461898 1 1 1.000000
0  43.700218 13.901490 2.601364  0.989520 -0.042274 -0.138070  0.063478 0.461898 1 1 1.000000
skin_0
0  45.131657 33.790253 15.704547  0.998264 -0.046046 -0.036716  0.143559 0.379864 1 1 1.000000
0  44.925201 32.427631 13.048124  0.996756 -0.030464 -0.074497  0.126957 0.385723 1 1 1.000000
0  44.938965 32.620323 13.061889  0.997339 -0.031406 -0.065796  0.127934 0.384747 1 1 1.000000
skin_0
0  44.938965 32.620323 13.061889  0.997339 -0.031406 -0.065796  0.127934 0.384747 1 1 1.000000
0  45.131657 33.955418 15.677020  0.998586 -0.045189 -0.028011  0.143559 0.379864 1 1 1.000000
0  45.131657 33.790253 15.704547  0.998264 -0.046046 -0.036716  0.143559 0.379864 1 1 1.000000
skin_0
0  45.131657 33.955418 15.677020  0.993320 -0.115360 0.002728  0.143559 0.379864 1 1 1.000000
0  44.938965 32.620323 13.061889  0.992069 -0.123495 -0.023403  0.127934 0.384747 1 1 1.000000
0  45.668449 38.635128 13.474804  0.994550 -0.103869 -0.009024  0.129887 0.360332 1 1 1.000000
skin_0
0  45.668449 38.635128 13.474804  0.994550 -0.103869 -0.009024  0.129887 0.360332 1 1 1.000000
0  45.737267 39.419666 15.924768  0.994687 -0.102576 0.008732  0.145512 0.357402 1 1 1.000000
0  45.131657 33.955418 15.677020  0.993320 -0.115360 0.002728  0.143559 0.379864 1 1 1.000000
skin_0
0  46.012539 45.654690 8.217014  0.991956 -0.085838 -0.093033  0.097659 0.331034 1 1 1.000000
0  46.232761 45.585873 11.148713  0.994707 -0.088513 -0.052194  0.116214 0.332011 1 1 1.000000
0  45.530811 37.919407 10.556869  0.993020 -0.105451 -0.052842  0.112308 0.363262 1 1 1.000000
skin_0
0  45.530811 37.919407 10.556869  0.993020 -0.105451 -0.052842  0.112308 0.363262 1 1 1.000000
0  45.255531 37.547783 7.749043  0.990187 -0.100170 -0.097445  0.094729 0.365215 1 1 1.000000
0  46.012539 45.654690 8.217014  0.991956 -0.085838 -0.093033  0.097659 0.331034 1 1 1.000000
skin_0
0  46.439224 46.755802 16.392740  0.264920 0.917152 -0.297741  0.148442 0.327128 1 1 1.000000
0  46.370399 46.012547 14.066648  0.312772 0.920442 -0.234435  0.133793 0.330058 1 1 1.000000
0  46.026302 46.108898 13.956539  0.300259 0.931254 -0.206425  0.132817 0.330058 1 1 1.000000
skin_0
0  46.026302 46.108898 13.956539  0.300259 0.931254 -0.206425  0.132817 0.330058 1 1 1.000000
0  46.108891 46.852146 16.378977  0.262000 0.917997 -0.297719  0.147465 0.326151 1 1 1.000000
0  46.439224 46.755802 16.392740  0.264920 0.917152 -0.297741  0.148442 0.327128 1 1 1.000000
skin_0
0  43.135906 -31.780724 13.722554  0.981967 0.188409 -0.015573  0.131840 0.650380 1 1 1.000000
0  43.135906 -31.945887 13.722554  0.993825 0.109011 -0.020695  0.131840 0.651357 1 1 1.000000
0  42.956974 -31.326517 10.997313  0.995991 0.058881 -0.067341  0.115238 0.648427 1 1 1.000000
skin_0
0  42.956974 -31.326517 10.997313  0.995991 0.058881 -0.067341  0.115238 0.648427 1 1 1.000000
0  42.956974 -31.147587 11.011076  0.987262 0.156908 -0.026348  0.115238 0.647450 1 1 1.000000
0  43.135906 -31.780724 13.722554  0.981967 0.188409 -0.015573  0.131840 0.650380 1 1 1.000000
skin_0
0  42.764278 -30.197878 9.386942  0.996600 0.017970 -0.080414  0.105472 0.643544 1 1 1.000000
0  42.764278 -30.018950 9.441998  0.992145 0.125004 0.004738  0.105472 0.643544 1 1 1.000000
0  42.833099 -30.404337 9.992551  0.985204 0.171236 0.007189  0.108402 0.644520 1 1 1.000000
skin_0
0  42.833099 -30.404337 9.992551  0.985204 0.171236 0.007189  0.108402 0.644520 1 1 1.000000
0  42.833099 -30.610796 9.978787  0.993877 0.018548 -0.108925  0.108402 0.645497 1 1 1.000000
0  42.764278 -30.197878 9.386942  0.996600 0.017970 -0.080414  0.105472 0.643544 1 1 1.000000
skin_0
0  42.406422 -26.495405 7.212254  0.997086 0.017177 -0.074333  0.091800 0.628895 1 1 1.000000
0  42.447712 -26.495405 7.377419  0.999043 0.030566 -0.031293  0.092776 0.628895 1 1 1.000000
0  42.640408 -28.628801 8.382181  0.975840 0.181171 0.122121  0.098636 0.637684 1 1 1.000000
skin_0
0  42.640408 -28.628801 8.382181  0.975840 0.181171 0.122121  0.098636 0.637684 1 1 1.000000
0  42.667934 -28.849024 8.340890  0.996580 0.074082 -0.036620  0.098636 0.638661 1 1 1.000000
0  42.406422 -26.495405 7.212254  0.997086 0.017177 -0.074333  0.091800 0.628895 1 1 1.000000
skin_0
0  42.667934 -28.849024 8.340890  0.996580 0.074082 -0.036620  0.098636 0.638661 1 1 1.000000
0  42.640408 -28.628801 8.382181  0.975840 0.181171 0.122121  0.098636 0.637684 1 1 1.000000
0  42.764278 -30.018950 9.441998  0.992145 0.125004 0.004738  0.105472 0.643544 1 1 1.000000
skin_0
0  42.764278 -30.018950 9.441998  0.992145 0.125004 0.004738  0.105472 0.643544 1 1 1.000000
0  42.764278 -30.197878 9.386942  0.996600 0.017970 -0.080414  0.105472 0.643544 1 1 1.000000
0  42.667934 -28.849024 8.340890  0.996580 0.074082 -0.036620  0.098636 0.638661 1 1 1.000000
skin_0
0  42.447712 -26.495405 7.377419  0.999043 0.030566 -0.031293  0.092776 0.628895 1 1 1.000000
0  42.406422 -26.495405 7.212254  0.997086 0.017177 -0.074333  0.091800 0.628895 1 1 1.000000
0  42.420185 -20.659533 7.239781  0.998928 -0.000041 -0.046298  0.091800 0.604480 1 1 1.000000
skin_0
0  42.420185 -20.659533 7.239781  0.998928 -0.000041 -0.046298  0.091800 0.604480 1 1 1.000000
0  42.447712 -20.700825 7.404947  0.999992 0.000746 0.003972  0.092776 0.604480 1 1 1.000000
0  42.447712 -26.495405 7.377419  0.999043 0.030566 -0.031293  0.092776 0.628895 1 1 1.000000
skin_0
0  42.447712 -20.700825 7.404947  0.997746 0.010642 0.066255  0.092776 0.604480 1 1 1.000000
0  42.420185 -20.659533 7.239781  0.997725 0.002821 -0.067355  0.091800 0.604480 1 1 1.000000
0  42.420185 -20.480602 7.226017  0.999266 0.006551 -0.037743  0.091800 0.603504 1 1 1.000000
skin_0
0  42.420185 -20.480602 7.226017  0.999266 0.006551 -0.037743  0.091800 0.603504 1 1 1.000000
0  42.447712 -20.521894 7.404947  0.999919 0.003133 -0.012365  0.092776 0.604480 1 1 1.000000
0  42.447712 -20.700825 7.404947  0.997746 0.010642 0.066255  0.092776 0.604480 1 1 1.000000
skin_0
0  43.135906 -31.945887 13.722554  0.993825 0.109011 -0.020695  0.131840 0.651357 1 1 1.000000
0  43.135906 -31.780724 13.722554  0.981967 0.188409 -0.015573  0.131840 0.650380 1 1 1.000000
0  43.190960 -32.000946 17.865473  0.976161 0.217045 -0.000863  0.157231 0.651357 1 1 1.000000
skin_0
0  43.190960 -32.000946 17.865473  0.976161 0.217045 -0.000863  0.157231 0.651357 1 1 1.000000
0  43.190960 -32.138584 17.851707  0.996062 0.087005 -0.017070  0.157231 0.652333 1 1 1.000000
0  43.135906 -31.945887 13.722554  0.993825 0.109011 -0.020695  0.131840 0.651357 1 1 1.000000
skin_0
0  42.956974 -31.147587 11.011076  0.987262 0.156908 -0.026348  0.002930 0.322245 1 1 1.000000
0  42.888157 -30.954891 11.038604  0.938646 0.335117 0.081494  0.994171 0.324198 1 1 1.000000
0  43.067085 -31.601793 13.708790  0.925883 0.377411 0.017358  0.994171 0.549791 1 1 1.000000
skin_0
0  43.067085 -31.601793 13.708790  0.925883 0.377411 0.017358  0.994171 0.549791 1 1 1.000000
0  43.135906 -31.780724 13.722554  0.981967 0.188409 -0.015573  0.002930 0.550768 1 1 1.000000
0  42.956974 -31.147587 11.011076  0.987262 0.156908 -0.026348  0.002930 0.322245 1 1 1.000000
skin_0
0  42.888157 -30.954891 11.038604  0.938646 0.335117 0.081494  0.994171 0.324198 1 1 1.000000
0  42.956974 -31.147587 11.011076  0.987262 0.156908 -0.026348  0.002930 0.322245 1 1 1.000000
0  42.833099 -30.404337 9.992551  0.985204 0.171236 0.007189  0.002930 0.246071 1 1 1.000000
skin_0
0  42.888157 -30.954891 11.038604  0.938646 0.335117 0.081494  0.994171 0.324198 1 1 1.000000
0  42.833099 -30.404337 9.992551  0.985204 0.171236 0.007189  0.002930 0.246071 1 1 1.000000
0  42.764278 -30.018950 9.441998  0.992145 0.125004 0.004738  0.002930 0.189428 1 1 1.000000
skin_0
0  42.888157 -30.954891 11.038604  0.938646 0.335117 0.081494  0.994171 0.324198 1 1 1.000000
0  42.764278 -30.018950 9.441998  0.992145 0.125004 0.004738  0.002930 0.189428 1 1 1.000000
0  42.722988 -29.853785 9.469525  0.949576 0.258268 0.177774  0.994171 0.191382 1 1 1.000000
skin_0
0  42.447712 -26.495405 7.377419  0.999043 0.030566 -0.031293  0.002930 0.014618 1 1 1.000000
0  42.406422 -26.495405 7.556350  0.978328 0.091108 0.185940  0.994171 0.029267 1 1 1.000000
0  42.571590 -28.408579 8.395945  0.911482 0.253101 0.324254  0.994171 0.101535 1 1 1.000000
skin_0
0  42.571590 -28.408579 8.395945  0.911482 0.253101 0.324254  0.994171 0.101535 1 1 1.000000
0  42.640408 -28.628801 8.382181  0.975840 0.181171 0.122121  0.002930 0.099582 1 1 1.000000
0  42.447712 -26.495405 7.377419  0.999043 0.030566 -0.031293  0.002930 0.014618 1 1 1.000000
skin_0
0  42.640408 -28.628801 8.382181  0.975840 0.181171 0.122121  0.002930 0.099582 1 1 1.000000
0  42.571590 -28.408579 8.395945  0.911482 0.253101 0.324254  0.994171 0.101535 1 1 1.000000
0  42.722988 -29.853785 9.469525  0.949576 0.258268 0.177774  0.994171 0.191382 1 1 1.000000
skin_0
0  42.722988 -29.853785 9.469525  0.949576 0.258268 0.177774  0.994171 0.191382 1 1 1.000000
0  42.764278 -30.018950 9.441998  0.992145 0.125004 0.004738  0.002930 0.189428 1 1 1.000000
0  42.640408 -28.628801 8.382181  0.975840 0.181171 0.122121  0.002930 0.099582 1 1 1.000000
skin_0
0  42.447712 -20.700825 7.404947  0.999992 0.000746 0.003972  0.002930 0.953124 1 1 1.000000
0  42.406422 -20.742115 7.583878  0.975475 0.000370 0.220111  0.994171 0.946287 1 1 1.000000
0  42.406422 -26.495405 7.556350  0.978328 0.091108 0.185940  0.994171 0.014618 1 1 1.000000
skin_0
0  42.406422 -26.495405 7.556350  0.978328 0.091108 0.185940  0.994171 0.014618 1 1 1.000000
0  42.447712 -26.495405 7.377419  0.999043 0.030566 -0.031293  0.002930 0.014618 1 1 1.000000
0  42.447712 -20.700825 7.404947  0.999992 0.000746 0.003972  0.002930 0.953124 1 1 1.000000
skin_0
0  42.406422 -20.742115 7.583878  0.980278 -0.008904 0.197422  0.994171 0.946287 1 1 1.000000
0  42.447712 -20.700825 7.404947  0.997746 0.010642 0.066255  0.002930 0.953124 1 1 1.000000
0  42.447712 -20.521894 7.404947  0.999919 0.003133 -0.012365  0.002930 0.980468 1 1 1.000000
skin_0
0  42.447712 -20.521894 7.404947  0.999922 0.003160 -0.012072  0.002930 0.980468 1 1 1.000000
0  42.406422 -20.604477 7.583878  0.984170 -0.029138 0.174816  0.994171 0.969726 1 1 1.000000
0  42.406422 -20.742115 7.583878  0.980279 -0.008907 0.197417  0.994171 0.946287 1 1 1.000000
skin_0
0  43.067085 -31.601793 13.708790  0.925883 0.377411 0.017358  0.994171 0.549791 1 1 1.000000
0  43.122143 -31.863304 18.842705  0.934687 0.280241 0.218690  0.994171 0.984375 1 1 1.000000
0  43.204723 -32.056000 18.746359  0.934248 0.146751 0.325031  0.002930 0.966796 1 1 1.000000
skin_0
0  43.067085 -31.601793 13.708790  0.925883 0.377411 0.017358  0.994171 0.549791 1 1 1.000000
0  43.204723 -32.056000 18.746359  0.934248 0.146751 0.325031  0.002930 0.966796 1 1 1.000000
0  43.190960 -32.000946 17.865473  0.976161 0.217045 -0.000863  0.002930 0.893551 1 1 1.000000
skin_0
0  43.067085 -31.601793 13.708790  0.925883 0.377411 0.017358  0.994171 0.549791 1 1 1.000000
0  43.190960 -32.000946 17.865473  0.976161 0.217045 -0.000863  0.002930 0.893551 1 1 1.000000
0  43.135906 -31.780724 13.722554  0.981967 0.188409 -0.015573  0.002930 0.550768 1 1 1.000000
skin_0
0  45.131657 33.886600 15.869713  0.996622 -0.040135 0.071653  0.144536 0.379864 1 1 1.000000
0  45.131657 33.790253 15.704547  0.998264 -0.046046 -0.036716  0.143559 0.379864 1 1 1.000000
0  45.131657 33.955418 15.677020  0.998586 -0.045189 -0.028011  0.143559 0.379864 1 1 1.000000
skin_0
0  45.131657 33.955418 15.677020  0.998586 -0.045189 -0.028011  0.143559 0.379864 1 1 1.000000
0  45.145420 34.051762 15.855949  0.987991 -0.037183 0.149973  0.144536 0.378887 1 1 1.000000
0  45.131657 33.886600 15.869713  0.996622 -0.040135 0.071653  0.144536 0.379864 1 1 1.000000
skin_0
0  45.145420 34.051762 15.855949  0.985334 -0.112460 0.128331  0.144536 0.378887 1 1 1.000000
0  45.131657 33.955418 15.677020  0.993320 -0.115360 0.002728  0.143559 0.379864 1 1 1.000000
0  45.737267 39.419666 15.924768  0.994687 -0.102576 0.008732  0.145512 0.357402 1 1 1.000000
skin_0
0  45.737267 39.419666 15.924768  0.994687 -0.102576 0.008732  0.145512 0.357402 1 1 1.000000
0  45.737267 39.502251 16.089935  0.982138 -0.108370 0.153820  0.146489 0.356426 1 1 1.000000
0  45.145420 34.051762 15.855949  0.985334 -0.112460 0.128331  0.144536 0.378887 1 1 1.000000
skin_0
0  45.145420 34.051762 15.855949  0.987991 -0.037183 0.149973  0.002930 0.099582 1 1 1.000000
0  45.090366 34.037998 16.034880  0.962761 -0.031897 0.268467  0.994171 0.112278 1 1 1.000000
0  45.131657 33.886600 15.869713  0.996622 -0.040135 0.071653  0.002930 0.113254 1 1 1.000000
skin_0
0  45.682213 39.529778 16.268866  0.947181 -0.113132 0.300083  0.994171 0.512680 1 1 1.000000
0  45.090366 34.037998 16.034880  0.958361 -0.114781 0.261478  0.994171 0.112278 1 1 1.000000
0  45.145420 34.051762 15.855949  0.985334 -0.112460 0.128331  0.002930 0.099582 1 1 1.000000
skin_0
0  45.145420 34.051762 15.855949  0.985334 -0.112460 0.128331  0.002930 0.099582 1 1 1.000000
0  45.737267 39.502251 16.089935  0.982138 -0.108370 0.153820  0.002930 0.501938 1 1 1.000000
0  45.682213 39.529778 16.268866  0.947181 -0.113132 0.300083  0.994171 0.512680 1 1 1.000000
skin_0
0  46.384163 46.852146 16.723072  0.217191 0.965906 -0.140902  0.150395 0.326151 1 1 1.000000
0  46.439224 46.810856 16.557905  0.248591 0.940797 -0.230441  0.149419 0.327128 1 1 1.000000
0  46.108891 46.879673 16.475323  0.230955 0.949125 -0.214058  0.148442 0.326151 1 1 1.000000
skin_0
0  46.108891 46.879673 16.475323  0.230815 0.949234 -0.213728  0.148442 0.326151 1 1 1.000000
0  46.053829 46.907200 16.654255  0.176630 0.979604 -0.095797  0.149419 0.326151 1 1 1.000000
0  46.384163 46.852146 16.723072  0.217151 0.965929 -0.140810  0.150395 0.326151 1 1 1.000000
skin_0
0  43.314835 -33.033234 18.705067  0.746386 0.184267 0.639495  0.162114 0.655263 1 1 1.000000
0  43.342361 -33.005707 18.581192  0.956085 0.265851 0.123386  0.161138 0.655263 1 1 1.000000
0  43.204723 -32.179874 18.622482  0.993765 0.109137 -0.022818  0.162114 0.652333 1 1 1.000000
skin_0
0  43.204723 -32.179874 18.622482  0.993765 0.109137 -0.022818  0.162114 0.652333 1 1 1.000000
0  43.204723 -32.056000 18.746359  0.934248 0.146751 0.325031  0.162114 0.651357 1 1 1.000000
0  43.314835 -33.033234 18.705067  0.746386 0.184267 0.639495  0.162114 0.655263 1 1 1.000000
skin_0
0  42.406422 -26.495405 7.212254  0.997086 0.017177 -0.074333  0.091800 0.628895 1 1 1.000000
0  42.557823 -20.177799 3.757527  0.999963 -0.004881 -0.007153  0.070315 0.602527 1 1 1.000000
0  42.420185 -20.659533 7.239781  0.998928 -0.000041 -0.046298  0.091800 0.604480 1 1 1.000000
skin_0
0  43.204723 -32.056000 18.746359  0.934248 0.146751 0.325031  0.162114 0.651357 1 1 1.000000
0  43.122143 -32.069763 18.828941  0.734804 -0.010448 0.678199  0.163091 0.651357 1 1 1.000000
0  43.149670 -33.060760 18.787649  0.428261 0.065534 0.901276  0.163091 0.655263 1 1 1.000000
skin_0
0  43.149670 -33.060760 18.787649  0.428261 0.065534 0.901276  0.163091 0.655263 1 1 1.000000
0  43.314835 -33.033234 18.705067  0.746386 0.184267 0.639495  0.162114 0.655263 1 1 1.000000
0  43.204723 -32.056000 18.746359  0.934248 0.146751 0.325031  0.162114 0.651357 1 1 1.000000
skin_0
0  42.764278 -30.197878 9.386942  0.996600 0.017970 -0.080414  0.105472 0.643544 1 1 1.000000
0  42.681698 -31.381571 6.758046  0.997944 0.045148 -0.045481  0.088870 0.648427 1 1 1.000000
0  42.667934 -28.849024 8.340890  0.996580 0.074082 -0.036620  0.098636 0.638661 1 1 1.000000
skin_0
0  42.681698 -31.381571 6.758046  0.997944 0.045148 -0.045481  0.088870 0.648427 1 1 1.000000
0  42.530293 -31.285223 3.798819  0.999336 0.014318 -0.033491  0.070315 0.648427 1 1 1.000000
0  42.530293 -26.522932 3.785055  0.999473 0.009622 0.031012  0.070315 0.628895 1 1 1.000000
skin_0
0  42.530293 -26.522932 3.785055  0.999473 0.009622 0.031012  0.070315 0.628895 1 1 1.000000
0  42.406422 -26.495405 7.212254  0.997086 0.017177 -0.074333  0.091800 0.628895 1 1 1.000000
0  42.681698 -31.381571 6.758046  0.997944 0.045148 -0.045481  0.088870 0.648427 1 1 1.000000
skin_0
0  43.204723 -32.289982 13.695026  0.991560 0.127440 -0.023821  0.131840 0.652333 1 1 1.000000
0  43.273544 -32.854301 17.755362  0.985309 0.168795 -0.025961  0.156255 0.655263 1 1 1.000000
0  43.480003 -35.813530 17.438793  0.998499 0.052779 -0.014650  0.154302 0.666982 1 1 1.000000
skin_0
0  43.480003 -35.813530 17.438793  0.998499 0.052779 -0.014650  0.154302 0.666982 1 1 1.000000
0  43.369888 -35.028992 13.488568  0.998002 0.039850 -0.049036  0.129887 0.664052 1 1 1.000000
0  43.204723 -32.289982 13.695026  0.991560 0.127440 -0.023821  0.131840 0.652333 1 1 1.000000
skin_0
0  44.526051 -35.786003 18.429790  0.912797 0.384818 0.136806  0.160161 0.666982 1 1 1.000000
0  43.342361 -33.005707 18.581192  0.956085 0.265851 0.123386  0.161138 0.655263 1 1 1.000000
0  43.314835 -33.033234 18.705067  0.746386 0.184267 0.639495  0.162114 0.655263 1 1 1.000000
skin_0
0  43.314835 -33.033234 18.705067  0.746386 0.184267 0.639495  0.162114 0.655263 1 1 1.000000
0  44.512287 -35.841061 18.567427  0.811098 0.331591 0.481838  0.161138 0.666982 1 1 1.000000
0  44.526051 -35.786003 18.429790  0.912797 0.384818 0.136806  0.160161 0.666982 1 1 1.000000
skin_0
0  44.512287 -35.841061 18.567427  0.811098 0.331591 0.481838  0.161138 0.666982 1 1 1.000000
0  43.314835 -33.033234 18.705067  0.746386 0.184267 0.639495  0.162114 0.655263 1 1 1.000000
0  43.149670 -33.060760 18.787649  0.428261 0.065534 0.901276  0.163091 0.655263 1 1 1.000000
skin_0
0  43.149670 -33.060760 18.787649  0.428261 0.065534 0.901276  0.163091 0.655263 1 1 1.000000
0  44.429707 -35.923641 18.677538  0.365978 0.125216 0.922161  0.162114 0.667959 1 1 1.000000
0  44.512287 -35.841061 18.567427  0.811098 0.331591 0.481838  0.161138 0.666982 1 1 1.000000
skin_0
0  43.204723 -32.289982 13.695026  0.991560 0.127440 -0.023821  0.131840 0.652333 1 1 1.000000
0  42.998268 -31.794487 10.969785  0.983908 0.166324 -0.065276  0.114261 0.650380 1 1 1.000000
0  42.956974 -31.326517 10.997313  0.995991 0.058881 -0.067341  0.115238 0.648427 1 1 1.000000
skin_0
0  42.956974 -31.326517 10.997313  0.995991 0.058881 -0.067341  0.115238 0.648427 1 1 1.000000
0  43.135906 -31.945887 13.722554  0.993825 0.109011 -0.020695  0.131840 0.651357 1 1 1.000000
0  43.204723 -32.289982 13.695026  0.991560 0.127440 -0.023821  0.131840 0.652333 1 1 1.000000
skin_0
0  42.681698 -31.381571 6.758046  0.997944 0.045148 -0.045481  0.088870 0.648427 1 1 1.000000
0  42.764278 -30.197878 9.386942  0.996600 0.017970 -0.080414  0.105472 0.643544 1 1 1.000000
0  42.819336 -31.601793 9.689747  0.987329 0.136671 -0.080641  0.106449 0.649403 1 1 1.000000
skin_0
0  42.681698 -31.381571 6.758046  0.997944 0.045148 -0.045481  0.088870 0.648427 1 1 1.000000
0  42.406422 -26.495405 7.212254  0.997086 0.017177 -0.074333  0.091800 0.628895 1 1 1.000000
0  42.667934 -28.849024 8.340890  0.996580 0.074082 -0.036620  0.098636 0.638661 1 1 1.000000
skin_0
0  47.333881 -43.397408 16.723072  0.999175 0.040068 -0.006644  0.150395 0.698233 1 1 1.000000
0  47.265057 -41.580582 17.094698  0.999027 0.042434 -0.012024  0.152348 0.690420 1 1 1.000000
0  47.265057 -41.704460 17.342445  0.999069 0.042000 -0.009884  0.154302 0.691397 1 1 1.000000
skin_0
0  47.333881 -43.397408 16.723072  0.999175 0.040068 -0.006644  0.150395 0.698233 1 1 1.000000
0  47.265057 -41.704460 17.342445  0.999069 0.042000 -0.009884  0.154302 0.691397 1 1 1.000000
0  47.292591 -42.089844 18.085693  0.999173 0.037094 -0.016662  0.158208 0.693350 1 1 1.000000
skin_0
0  47.333881 -43.397408 16.723072  0.999175 0.040068 -0.006644  0.150395 0.698233 1 1 1.000000
0  47.292591 -42.089844 18.085693  0.999173 0.037094 -0.016662  0.158208 0.693350 1 1 1.000000
0  47.361408 -44.099369 18.058165  0.999513 0.030505 0.006553  0.158208 0.701163 1 1 1.000000
skin_0
0  47.196239 -42.007263 12.869194  0.997821 0.039529 -0.052827  0.125980 0.692373 1 1 1.000000
0  46.989784 -41.635635 10.226536  0.994809 0.041955 -0.092711  0.110355 0.691397 1 1 1.000000
0  46.934727 -39.763752 10.446757  0.993873 0.045387 -0.100780  0.111332 0.683584 1 1 1.000000
skin_0
0  46.934727 -39.763752 10.446757  0.993873 0.045387 -0.100780  0.111332 0.683584 1 1 1.000000
0  47.141186 -40.190434 13.061889  0.997781 0.042544 -0.051220  0.127934 0.685537 1 1 1.000000
0  47.196239 -42.007263 12.869194  0.997821 0.039529 -0.052827  0.125980 0.692373 1 1 1.000000
skin_0
0  46.989784 -41.635635 10.226536  0.994809 0.041955 -0.092711  0.110355 0.691397 1 1 1.000000
0  46.783329 -41.608109 8.533583  0.990398 0.042563 -0.131530  0.099612 0.690420 1 1 1.000000
0  46.769566 -39.736225 8.891442  0.992142 0.040824 -0.118273  0.101566 0.683584 1 1 1.000000
skin_0
0  46.769566 -39.736225 8.891442  0.992142 0.040824 -0.118273  0.101566 0.683584 1 1 1.000000
0  46.907200 -39.777515 10.226536  0.992121 0.048908 -0.115346  0.110355 0.683584 1 1 1.000000
0  46.989784 -41.635635 10.226536  0.994809 0.041955 -0.092711  0.110355 0.691397 1 1 1.000000
skin_0
0  45.998783 -40.286781 4.074096  0.978488 0.063736 -0.196211  0.072268 0.685537 1 1 1.000000
0  46.397934 -39.901390 6.427714  0.985909 0.057548 -0.157071  0.086917 0.683584 1 1 1.000000
0  46.521812 -41.745750 6.427714  0.985900 0.064427 -0.154433  0.086917 0.691397 1 1 1.000000
skin_0
0  46.521812 -41.745750 6.427714  0.985900 0.064427 -0.154433  0.086917 0.691397 1 1 1.000000
0  46.136425 -42.131138 4.142915  0.977509 0.063927 -0.200973  0.073244 0.693350 1 1 1.000000
0  45.998783 -40.286781 4.074096  0.978488 0.063736 -0.196211  0.072268 0.685537 1 1 1.000000
skin_0
0  47.306355 -42.186192 18.250860  0.994319 0.028621 0.102523  0.159185 0.693350 1 1 1.000000
0  47.361408 -44.195713 18.195805  0.960587 0.018036 0.277394  0.159185 0.701163 1 1 1.000000
0  47.361408 -44.099369 18.058165  0.999513 0.030505 0.006553  0.158208 0.701163 1 1 1.000000
skin_0
0  47.361408 -44.099369 18.058165  0.999513 0.030505 0.006553  0.158208 0.701163 1 1 1.000000
0  47.292591 -42.089844 18.085693  0.999173 0.037094 -0.016662  0.158208 0.693350 1 1 1.000000
0  47.306355 -42.186192 18.250860  0.994319 0.028621 0.102523  0.159185 0.693350 1 1 1.000000
skin_0
0  47.237530 -42.296303 18.416027  0.930402 0.016848 0.366154  0.994171 0.725578 1 1 1.000000
0  47.292591 -44.305820 18.347206  0.916314 0.012119 0.400276  0.994171 0.851558 1 1 1.000000
0  47.361408 -44.195713 18.195805  0.960452 0.018003 0.277863  0.002930 0.985351 1 1 1.000000
skin_0
0  47.361408 -44.195713 18.195805  0.960587 0.018036 0.277394  0.002930 0.985351 1 1 1.000000
0  47.306355 -42.186192 18.250860  0.994319 0.028621 0.102523  0.002930 0.857418 1 1 1.000000
0  47.237530 -42.296303 18.416027  0.930400 0.016850 0.366159  0.994171 0.725578 1 1 1.000000
skin_0
0  43.369888 -35.028992 13.488568  0.998002 0.039850 -0.049036  0.129887 0.664052 1 1 1.000000
0  43.149670 -34.684895 10.749563  0.996753 0.054112 -0.059620  0.113285 0.662099 1 1 1.000000
0  42.998268 -31.794487 10.969785  0.983908 0.166324 -0.065276  0.114261 0.650380 1 1 1.000000
skin_0
0  42.998268 -31.794487 10.969785  0.983908 0.166324 -0.065276  0.114261 0.650380 1 1 1.000000
0  43.204723 -32.289982 13.695026  0.991560 0.127440 -0.023821  0.131840 0.652333 1 1 1.000000
0  43.369888 -35.028992 13.488568  0.998002 0.039850 -0.049036  0.129887 0.664052 1 1 1.000000
skin_0
0  43.135906 -39.653645 8.299599  0.949337 0.052668 -0.309814  0.098636 0.682608 1 1 1.000000
0  42.888157 -39.791279 6.014798  0.994318 0.012032 -0.105773  0.083987 0.683584 1 1 1.000000
0  42.860626 -36.529251 6.276311  0.995159 0.019157 -0.096395  0.085940 0.669912 1 1 1.000000
skin_0
0  42.860626 -36.529251 6.276311  0.995159 0.019157 -0.096395  0.085940 0.669912 1 1 1.000000
0  43.135906 -36.405376 8.850152  0.993536 0.039947 -0.106252  0.101566 0.669912 1 1 1.000000
0  43.135906 -39.653645 8.299599  0.949337 0.052668 -0.309814  0.098636 0.682608 1 1 1.000000
skin_0
0  47.292591 -42.089844 18.085693  0.899746 0.398377 0.178194  0.158208 0.693350 1 1 1.000000
0  45.393177 -37.809288 18.305916  0.908153 0.391188 0.149094  0.160161 0.674795 1 1 1.000000
0  45.379414 -37.878109 18.471081  0.860050 0.358014 0.363511  0.161138 0.675771 1 1 1.000000
skin_0
0  45.379414 -37.878109 18.471081  0.860050 0.358014 0.363511  0.161138 0.675771 1 1 1.000000
0  47.306355 -42.186192 18.250860  0.845066 0.357333 0.397713  0.159185 0.693350 1 1 1.000000
0  47.292591 -42.089844 18.085693  0.899746 0.398377 0.178194  0.158208 0.693350 1 1 1.000000
skin_0
0  47.306355 -42.186192 18.250860  0.845066 0.357333 0.397713  0.159185 0.693350 1 1 1.000000
0  45.379414 -37.878109 18.471081  0.860050 0.358014 0.363511  0.161138 0.675771 1 1 1.000000
0  45.324360 -37.919399 18.594955  0.461137 0.165018 0.871850  0.161138 0.675771 1 1 1.000000
skin_0
0  45.324360 -37.919399 18.594955  0.461137 0.165018 0.871850  0.161138 0.675771 1 1 1.000000
0  47.237530 -42.296303 18.416027  0.485255 0.179195 0.855813  0.160161 0.693350 1 1 1.000000
0  47.306355 -42.186192 18.250860  0.845066 0.357333 0.397713  0.159185 0.693350 1 1 1.000000
skin_0
0  47.278820 -42.516521 14.782370  0.998811 0.046793 -0.013654  0.137700 0.694327 1 1 1.000000
0  47.196239 -42.007263 12.869194  0.997821 0.039529 -0.052827  0.125980 0.692373 1 1 1.000000
0  47.141186 -40.190434 13.061889  0.997781 0.042544 -0.051220  0.127934 0.685537 1 1 1.000000
skin_0
0  47.141186 -40.190434 13.061889  0.997781 0.042544 -0.051220  0.127934 0.685537 1 1 1.000000
0  47.196239 -40.768513 15.153994  0.998739 0.048534 -0.012860  0.140629 0.687490 1 1 1.000000
0  47.278820 -42.516521 14.782370  0.998811 0.046793 -0.013654  0.137700 0.694327 1 1 1.000000
skin_0
0  46.232761 45.585873 11.148713  0.994707 -0.088513 -0.052194  0.116214 0.332011 1 1 1.000000
0  46.370399 46.012547 14.066648  0.995488 -0.094243 -0.011007  0.133793 0.330058 1 1 1.000000
0  45.668449 38.635128 13.474804  0.994550 -0.103869 -0.009024  0.129887 0.360332 1 1 1.000000
skin_0
0  45.668449 38.635128 13.474804  0.994550 -0.103869 -0.009024  0.129887 0.360332 1 1 1.000000
0  45.530811 37.919407 10.556869  0.993020 -0.105451 -0.052842  0.112308 0.363262 1 1 1.000000
0  46.232761 45.585873 11.148713  0.994707 -0.088513 -0.052194  0.116214 0.332011 1 1 1.000000
skin_0
0  44.649929 31.106304 10.102661  0.996555 -0.053168 -0.063654  0.109378 0.391583 1 1 1.000000
0  44.938965 32.620323 13.061889  0.997339 -0.031406 -0.065796  0.127934 0.384747 1 1 1.000000
0  44.925201 32.427631 13.048124  0.996756 -0.030464 -0.074497  0.126957 0.385723 1 1 1.000000
skin_0
0  44.925201 32.427631 13.048124  0.996756 -0.030464 -0.074497  0.126957 0.385723 1 1 1.000000
0  44.649929 30.954899 10.185244  0.996574 -0.052944 -0.063535  0.110355 0.391583 1 1 1.000000
0  44.649929 31.106304 10.102661  0.996555 -0.053168 -0.063654  0.109378 0.391583 1 1 1.000000
skin_0
0  45.737267 39.419666 15.924768  0.994687 -0.102576 0.008732  0.145512 0.357402 1 1 1.000000
0  45.668449 38.635128 13.474804  0.994550 -0.103869 -0.009024  0.129887 0.360332 1 1 1.000000
0  46.370399 46.012547 14.066648  0.995488 -0.094243 -0.011007  0.133793 0.330058 1 1 1.000000
skin_0
0  46.370399 46.012547 14.066648  0.995488 -0.094243 -0.011007  0.133793 0.330058 1 1 1.000000
0  46.439224 46.755802 16.392740  0.995351 -0.096270 0.002724  0.148442 0.327128 1 1 1.000000
0  45.737267 39.419666 15.924768  0.994687 -0.102576 0.008732  0.145512 0.357402 1 1 1.000000
skin_0
0  45.255531 37.547783 7.749043  0.990187 -0.100170 -0.097445  0.094729 0.365215 1 1 1.000000
0  44.980255 37.478962 5.519300  0.989171 -0.088350 -0.117200  0.081057 0.365215 1 1 1.000000
0  45.806084 46.012547 5.932215  0.990278 -0.088508 -0.107310  0.083987 0.330058 1 1 1.000000
skin_0
0  45.806084 46.012547 5.932215  0.990278 -0.088508 -0.107310  0.083987 0.330058 1 1 1.000000
0  46.012539 45.654690 8.217014  0.991956 -0.085838 -0.093033  0.097659 0.331034 1 1 1.000000
0  45.255531 37.547783 7.749043  0.990187 -0.100170 -0.097445  0.094729 0.365215 1 1 1.000000
skin_0
0  45.737267 39.502251 16.089935  0.982138 -0.108370 0.153820  0.146489 0.356426 1 1 1.000000
0  45.737267 39.419666 15.924768  0.994687 -0.102576 0.008732  0.145512 0.357402 1 1 1.000000
0  46.439224 46.755802 16.392740  0.995351 -0.096270 0.002724  0.148442 0.327128 1 1 1.000000
skin_0
0  46.439224 46.755802 16.392740  0.995351 -0.096270 0.002724  0.148442 0.327128 1 1 1.000000
0  46.439224 46.810856 16.557905  0.969617 -0.106571 0.220193  0.149419 0.327128 1 1 1.000000
0  45.737267 39.502251 16.089935  0.982138 -0.108370 0.153820  0.146489 0.356426 1 1 1.000000
skin_0
0  45.682213 39.529778 16.268866  0.947181 -0.113132 0.300083  0.994171 0.512680 1 1 1.000000
0  45.737267 39.502251 16.089935  0.982138 -0.108370 0.153820  0.002930 0.501938 1 1 1.000000
0  46.439224 46.810856 16.557905  0.969617 -0.106571 0.220193  0.002930 0.903317 1 1 1.000000
skin_0
0  46.439224 46.810856 16.557905  0.969617 -0.106571 0.220193  0.002930 0.903317 1 1 1.000000
0  46.384163 46.852146 16.723072  0.927585 -0.110417 0.356922  0.994171 0.914060 1 1 1.000000
0  45.682213 39.529778 16.268866  0.947181 -0.113132 0.300083  0.994171 0.512680 1 1 1.000000
skin_0
0  45.530811 37.919407 10.556869  0.993020 -0.105451 -0.052842  0.112308 0.363262 1 1 1.000000
0  45.668449 38.635128 13.474804  0.994550 -0.103869 -0.009024  0.129887 0.360332 1 1 1.000000
0  44.938965 32.620323 13.061889  0.992069 -0.123495 -0.023403  0.127934 0.384747 1 1 1.000000
skin_0
0  44.938965 32.620323 13.061889  0.992069 -0.123495 -0.023403  0.127934 0.384747 1 1 1.000000
0  44.649929 31.106304 10.102661  0.992734 -0.113099 -0.041073  0.109378 0.391583 1 1 1.000000
0  45.530811 37.919407 10.556869  0.993020 -0.105451 -0.052842  0.112308 0.363262 1 1 1.000000
skin_0
0  45.874905 45.709743 10.969784  0.329839 0.942418 -0.055271  0.114261 0.331034 1 1 1.000000
0  46.026302 46.108898 13.956539  0.300259 0.931254 -0.206425  0.132817 0.330058 1 1 1.000000
0  46.370399 46.012547 14.066648  0.312772 0.920442 -0.234435  0.133793 0.330058 1 1 1.000000
skin_0
0  46.370399 46.012547 14.066648  0.312772 0.920442 -0.234435  0.133793 0.330058 1 1 1.000000
0  46.232761 45.585873 11.148713  0.348426 0.931892 -0.100876  0.116214 0.332011 1 1 1.000000
0  45.874905 45.709743 10.969784  0.329839 0.942418 -0.055271  0.114261 0.331034 1 1 1.000000
skin_0
0  46.012539 45.654690 8.217014  0.360795 0.931824 0.039131  0.097659 0.331034 1 1 1.000000
0  45.654682 45.806091 8.038084  0.347294 0.934355 0.079797  0.096683 0.331034 1 1 1.000000
0  45.874905 45.709743 10.969784  0.329839 0.942418 -0.055271  0.114261 0.331034 1 1 1.000000
skin_0
0  45.874905 45.709743 10.969784  0.329839 0.942418 -0.055271  0.114261 0.331034 1 1 1.000000
0  46.232761 45.585873 11.148713  0.348426 0.931892 -0.100876  0.116214 0.332011 1 1 1.000000
0  46.012539 45.654690 8.217014  0.360795 0.931824 0.039131  0.097659 0.331034 1 1 1.000000
skin_0
0  45.806084 46.012547 5.932215  0.348108 0.929997 0.118011  0.083987 0.330058 1 1 1.000000
0  45.434460 46.163952 5.890924  0.349806 0.929227 0.119049  0.083987 0.329081 1 1 1.000000
0  45.654682 45.806091 8.038084  0.347294 0.934355 0.079797  0.096683 0.331034 1 1 1.000000
skin_0
0  45.654682 45.806091 8.038084  0.347294 0.934355 0.079797  0.096683 0.331034 1 1 1.000000
0  46.012539 45.654690 8.217014  0.360795 0.931824 0.039131  0.097659 0.331034 1 1 1.000000
0  45.806084 46.012547 5.932215  0.348108 0.929997 0.118011  0.083987 0.330058 1 1 1.000000
skin_0
0  46.439224 46.810856 16.557905  0.248591 0.940797 -0.230441  0.149419 0.327128 1 1 1.000000
0  46.439224 46.755802 16.392740  0.264920 0.917152 -0.297741  0.148442 0.327128 1 1 1.000000
0  46.108891 46.852146 16.378977  0.262000 0.917997 -0.297719  0.147465 0.326151 1 1 1.000000
skin_0
0  46.108891 46.852146 16.378977  0.262000 0.917997 -0.297719  0.147465 0.326151 1 1 1.000000
0  46.108891 46.879673 16.475323  0.230955 0.949125 -0.214058  0.148442 0.326151 1 1 1.000000
0  46.439224 46.810856 16.557905  0.248591 0.940797 -0.230441  0.149419 0.327128 1 1 1.000000
skin_0
0  44.278297 28.174603 5.133912  0.998359 -0.020281 -0.053559  0.079104 0.403302 1 1 1.000000
0  44.278297 28.202129 5.037565  0.998158 -0.023334 -0.056003  0.078127 0.403302 1 1 1.000000
0  44.278297 28.394823 5.133912  0.998555 -0.018456 -0.050463  0.079104 0.402326 1 1 1.000000
skin_0
0  44.278297 28.394823 5.133912  0.998555 -0.018456 -0.050463  0.079104 0.402326 1 1 1.000000
0  44.292061 28.491171 5.299078  0.998605 -0.018438 -0.049471  0.080081 0.402326 1 1 1.000000
0  44.278297 28.174603 5.133912  0.998359 -0.020281 -0.053559  0.079104 0.403302 1 1 1.000000
skin_0
0  44.402176 29.592278 7.267309  0.996223 -0.080410 -0.032763  0.091800 0.397443 1 1 1.000000
0  44.292061 28.491171 5.299078  0.997751 -0.061228 -0.027271  0.080081 0.402326 1 1 1.000000
0  44.457226 31.051245 5.326606  0.994216 -0.073735 -0.078085  0.080081 0.391583 1 1 1.000000
skin_0
0  44.457226 31.051245 5.326606  0.994216 -0.073735 -0.078085  0.080081 0.391583 1 1 1.000000
0  44.539814 31.051245 7.336129  0.994809 -0.092210 -0.043046  0.092776 0.391583 1 1 1.000000
0  44.402176 29.592278 7.267309  0.996223 -0.080410 -0.032763  0.091800 0.397443 1 1 1.000000
skin_0
0  44.649929 31.106304 10.102661  0.992734 -0.113099 -0.041073  0.109378 0.391583 1 1 1.000000
0  44.539814 31.051245 7.336129  0.994809 -0.092210 -0.043046  0.092776 0.391583 1 1 1.000000
0  45.255531 37.547783 7.749043  0.990187 -0.100170 -0.097445  0.094729 0.365215 1 1 1.000000
skin_0
0  45.255531 37.547783 7.749043  0.990187 -0.100170 -0.097445  0.094729 0.365215 1 1 1.000000
0  45.530811 37.919407 10.556869  0.993020 -0.105451 -0.052842  0.112308 0.363262 1 1 1.000000
0  44.649929 31.106304 10.102661  0.992734 -0.113099 -0.041073  0.109378 0.391583 1 1 1.000000
skin_0
0  44.539814 31.051245 7.336129  0.994809 -0.092210 -0.043046  0.092776 0.391583 1 1 1.000000
0  44.457226 31.051245 5.326606  0.994216 -0.073735 -0.078085  0.080081 0.391583 1 1 1.000000
0  44.980255 37.478962 5.519300  0.989171 -0.088350 -0.117200  0.081057 0.365215 1 1 1.000000
skin_0
0  44.980255 37.478962 5.519300  0.989171 -0.088350 -0.117200  0.081057 0.365215 1 1 1.000000
0  45.255531 37.547783 7.749043  0.990187 -0.100170 -0.097445  0.094729 0.365215 1 1 1.000000
0  44.539814 31.051245 7.336129  0.994809 -0.092210 -0.043046  0.092776 0.391583 1 1 1.000000
skin_0
0  43.700218 13.901490 2.628892  0.989573 -0.041378 -0.137964  0.063478 0.461898 1 1 1.000000
0  43.383648 5.354140 2.505017  0.988390 -0.033646 -0.148166  0.062502 0.497055 1 1 1.000000
0  43.383648 5.354140 2.491253  0.988387 -0.033636 -0.148185  0.062502 0.497055 1 1 1.000000
skin_0
0  43.383648 5.354140 2.491253  0.988387 -0.033636 -0.148185  0.062502 0.497055 1 1 1.000000
0  43.700218 13.901490 2.601364  0.989520 -0.042274 -0.138070  0.063478 0.461898 1 1 1.000000
0  43.700218 13.901490 2.628892  0.989573 -0.041378 -0.137964  0.063478 0.461898 1 1 1.000000
skin_0
0  42.516525 -18.980343 2.367379  0.997741 0.010000 -0.066436  0.061525 0.597644 1 1 1.000000
0  42.530289 -19.035398 2.560073  0.994150 -0.054307 -0.093368  0.063478 0.597644 1 1 1.000000
0  42.557823 -20.177799 3.757527  0.999963 -0.004881 -0.007153  0.070315 0.602527 1 1 1.000000
skin_0
0  42.516525 -18.980343 2.367379  0.997741 0.010000 -0.066436  0.061525 0.597644 1 1 1.000000
0  42.557823 -20.177799 3.757527  0.999963 -0.004881 -0.007153  0.070315 0.602527 1 1 1.000000
0  42.530293 -26.522932 3.785055  0.999473 0.009622 0.031012  0.070315 0.628895 1 1 1.000000
skin_0
0  42.516525 -18.980343 2.367379  0.997741 0.010000 -0.066436  0.061525 0.597644 1 1 1.000000
0  42.530293 -26.522932 3.785055  0.999473 0.009622 0.031012  0.070315 0.628895 1 1 1.000000
0  42.599117 -26.536695 2.381143  0.999992 -0.000199 -0.003948  0.062502 0.628895 1 1 1.000000
skin_0
0  42.516525 -18.980343 2.367379  0.997741 0.010000 -0.066436  0.061525 0.597644 1 1 1.000000
0  42.475235 -17.562668 2.202213  0.867685 -0.003232 -0.497103  0.060549 0.591784 1 1 1.000000
0  42.530289 -19.035398 2.560073  0.994150 -0.054307 -0.093368  0.063478 0.597644 1 1 1.000000
skin_0
0  42.530293 -26.522932 3.785055  0.999473 0.009622 0.031012  0.070315 0.628895 1 1 1.000000
0  42.557823 -20.177799 3.757527  0.999963 -0.004881 -0.007153  0.070315 0.602527 1 1 1.000000
0  42.406422 -26.495405 7.212254  0.997086 0.017177 -0.074333  0.091800 0.628895 1 1 1.000000
skin_0
0  42.489002 -31.243933 2.215976  0.954141 -0.010038 -0.299190  0.060549 0.648427 1 1 1.000000
0  42.502766 -31.230169 2.381143  0.997559 -0.004520 -0.069687  0.062502 0.648427 1 1 1.000000
0  42.502766 -34.960175 2.326087  0.991572 -0.003204 -0.129516  0.061525 0.663076 1 1 1.000000
skin_0
0  42.502766 -34.960175 2.326087  0.991572 -0.003204 -0.129516  0.061525 0.663076 1 1 1.000000
0  42.475239 -34.960175 2.174685  0.936680 -0.002930 -0.350175  0.060549 0.663076 1 1 1.000000
0  42.489002 -31.243933 2.215976  0.954141 -0.010038 -0.299190  0.060549 0.648427 1 1 1.000000
skin_0
0  42.585354 -26.536695 2.215976  0.970420 -0.005191 -0.241368  0.060549 0.628895 1 1 1.000000
0  42.599117 -26.536695 2.381143  0.999992 -0.000199 -0.003948  0.062502 0.628895 1 1 1.000000
0  42.502766 -31.230169 2.381143  0.997559 -0.004520 -0.069687  0.062502 0.648427 1 1 1.000000
skin_0
0  42.502766 -31.230169 2.381143  0.997559 -0.004520 -0.069687  0.062502 0.648427 1 1 1.000000
0  42.489002 -31.243933 2.215976  0.954141 -0.010038 -0.299190  0.060549 0.648427 1 1 1.000000
0  42.585354 -26.536695 2.215976  0.970420 -0.005191 -0.241368  0.060549 0.628895 1 1 1.000000
skin_0
0  45.613400 -40.768513 2.215976  0.931495 0.047700 -0.360614  0.061525 0.687490 1 1 1.000000
0  45.640926 -40.740986 2.381142  0.975410 0.063911 -0.210929  0.062502 0.687490 1 1 1.000000
0  45.792328 -42.544048 2.532545  0.975902 0.064210 -0.208549  0.062502 0.694327 1 1 1.000000
skin_0
0  45.792328 -42.544048 2.532545  0.975902 0.064210 -0.208549  0.062502 0.694327 1 1 1.000000
0  45.764801 -42.585346 2.367379  0.918561 0.044462 -0.392770  0.061525 0.695303 1 1 1.000000
0  45.613400 -40.768513 2.215976  0.931495 0.047700 -0.360614  0.061525 0.687490 1 1 1.000000
skin_0
0  42.447712 -36.900875 2.160921  0.924184 -0.008082 -0.381863  0.060549 0.671865 1 1 1.000000
0  42.489002 -36.845821 2.298560  0.986908 -0.006562 -0.161153  0.061525 0.670888 1 1 1.000000
0  42.447712 -40.548294 2.298560  0.985277 -0.007076 -0.170821  0.061525 0.686514 1 1 1.000000
skin_0
0  42.447712 -40.548294 2.298560  0.985277 -0.007076 -0.170821  0.061525 0.686514 1 1 1.000000
0  42.420185 -40.589584 2.160921  0.910862 -0.006317 -0.412662  0.060549 0.686514 1 1 1.000000
0  42.447712 -36.900875 2.160921  0.924184 -0.008082 -0.381863  0.060549 0.671865 1 1 1.000000
skin_0
0  45.778557 46.040073 5.767049  0.965001 -0.082065 -0.249073  0.083010 0.330058 1 1 1.000000
0  45.806084 46.012547 5.932215  0.990278 -0.088508 -0.107310  0.083987 0.330058 1 1 1.000000
0  44.980255 37.478962 5.519300  0.989171 -0.088350 -0.117200  0.081057 0.365215 1 1 1.000000
skin_0
0  44.980255 37.478962 5.519300  0.989171 -0.088350 -0.117200  0.081057 0.365215 1 1 1.000000
0  44.952724 37.478962 5.354134  0.949170 -0.071996 -0.306420  0.080081 0.365215 1 1 1.000000
0  45.778557 46.040073 5.767049  0.965001 -0.082065 -0.249073  0.083010 0.330058 1 1 1.000000
skin_0
0  45.434460 46.163952 5.890924  0.349806 0.929227 0.119049  0.083987 0.329081 1 1 1.000000
0  45.806084 46.012547 5.932215  0.348108 0.929997 0.118011  0.083987 0.330058 1 1 1.000000
0  45.778557 46.040073 5.767049  0.365124 0.930935 -0.006749  0.083010 0.330058 1 1 1.000000
skin_0
0  45.778557 46.040073 5.767049  0.365124 0.930935 -0.006749  0.083010 0.330058 1 1 1.000000
0  45.420696 46.191479 5.725758  0.364774 0.926948 -0.087786  0.082034 0.329081 1 1 1.000000
0  45.434460 46.163952 5.890924  0.349806 0.929227 0.119049  0.083987 0.329081 1 1 1.000000
skin_0
0  44.443462 31.051245 5.161440  0.951525 -0.060942 -0.301474  0.079104 0.391583 1 1 1.000000
0  44.457226 31.051245 5.326606  0.994216 -0.073735 -0.078085  0.080081 0.391583 1 1 1.000000
0  44.292061 28.491171 5.299078  0.997751 -0.061228 -0.027271  0.080081 0.402326 1 1 1.000000
skin_0
0  44.292061 28.491171 5.299078  0.997751 -0.061228 -0.027271  0.080081 0.402326 1 1 1.000000
0  44.278297 28.394823 5.133912  0.946034 -0.005513 -0.324020  0.079104 0.402326 1 1 1.000000
0  44.443462 31.051245 5.161440  0.951525 -0.060942 -0.301474  0.079104 0.391583 1 1 1.000000
skin_0
0  44.952724 37.478962 5.354134  0.949170 -0.071996 -0.306420  0.080081 0.365215 1 1 1.000000
0  44.980255 37.478962 5.519300  0.989171 -0.088350 -0.117200  0.081057 0.365215 1 1 1.000000
0  44.457226 31.051245 5.326606  0.994216 -0.073735 -0.078085  0.080081 0.391583 1 1 1.000000
skin_0
0  44.457226 31.051245 5.326606  0.994216 -0.073735 -0.078085  0.080081 0.391583 1 1 1.000000
0  44.443462 31.051245 5.161440  0.951525 -0.060942 -0.301474  0.079104 0.391583 1 1 1.000000
0  44.952724 37.478962 5.354134  0.949170 -0.071996 -0.306420  0.080081 0.365215 1 1 1.000000
skin_0
0  42.502762 -18.939053 2.202213  0.965364 0.017788 -0.260300  0.060549 0.597644 1 1 1.000000
0  42.516525 -18.980343 2.367379  0.997741 0.010000 -0.066436  0.061525 0.597644 1 1 1.000000
0  42.599117 -26.536695 2.381143  0.999992 -0.000199 -0.003948  0.062502 0.628895 1 1 1.000000
skin_0
0  42.599117 -26.536695 2.381143  0.999992 -0.000199 -0.003948  0.062502 0.628895 1 1 1.000000
0  42.585354 -26.536695 2.215976  0.970420 -0.005191 -0.241368  0.060549 0.628895 1 1 1.000000
0  42.502762 -18.939053 2.202213  0.965364 0.017788 -0.260300  0.060549 0.597644 1 1 1.000000
skin_0
0  42.475235 -17.562668 2.202213  0.867685 -0.003232 -0.497103  0.060549 0.591784 1 1 1.000000
0  42.516525 -18.980343 2.367379  0.997741 0.010000 -0.066436  0.061525 0.597644 1 1 1.000000
0  42.502762 -18.939053 2.202213  0.965364 0.017788 -0.260300  0.060549 0.597644 1 1 1.000000
skin_0
0  42.365128 -17.590195 2.037046  0.993793 -0.008094 -0.110950  0.994171 0.832026 1 1 1.000000
0  42.681694 -11.795615 2.092102  0.994357 -0.043857 -0.096597  0.994171 0.964843 1 1 1.000000
0  42.778042 -11.768088 2.257268  0.856263 -0.031706 -0.515566  0.002930 0.960936 1 1 1.000000
skin_0
0  42.778042 -11.768088 2.257268  0.856263 -0.031706 -0.515566  0.002930 0.960936 1 1 1.000000
0  42.475235 -17.562668 2.202213  0.867685 -0.003232 -0.497103  0.002930 0.829096 1 1 1.000000
0  42.365128 -17.590195 2.037046  0.993793 -0.008094 -0.110950  0.994171 0.832026 1 1 1.000000
skin_0
0  42.681694 -11.795615 2.092102  0.994357 -0.043857 -0.096597  0.994171 0.175756 1 1 1.000000
0  43.287304 5.354140 2.326087  0.993242 -0.034431 -0.110839  0.994171 0.360332 1 1 1.000000
0  43.383648 5.354140 2.491253  0.865529 -0.024512 -0.500259  0.002930 0.360332 1 1 1.000000
skin_0
0  43.383648 5.354140 2.491253  0.865529 -0.024512 -0.500259  0.002930 0.360332 1 1 1.000000
0  42.778042 -11.768088 2.257268  0.856263 -0.031706 -0.515566  0.002930 0.175756 1 1 1.000000
0  42.681694 -11.795615 2.092102  0.994357 -0.043857 -0.096597  0.994171 0.175756 1 1 1.000000
skin_0
0  44.044315 26.027443 2.794058  0.999780 -0.016812 -0.012539  0.994171 0.097629 1 1 1.000000
0  44.071842 27.197369 3.289557  0.996864 -0.056191 0.055721  0.994171 0.150365 1 1 1.000000
0  44.154427 27.073496 3.413431  0.920265 0.203257 -0.334363  0.002930 0.143529 1 1 1.000000
skin_0
0  44.154427 27.073496 3.413431  0.920265 0.203257 -0.334363  0.002930 0.143529 1 1 1.000000
0  44.113136 25.944857 2.945460  0.895052 0.066891 -0.440917  0.002930 0.091769 1 1 1.000000
0  44.044315 26.027443 2.794058  0.999780 -0.016812 -0.012539  0.994171 0.097629 1 1 1.000000
skin_0
0  44.030552 21.843231 2.656419  0.992104 -0.021860 -0.123502  0.994171 0.537095 1 1 1.000000
0  44.044315 26.027443 2.794058  0.999780 -0.016812 -0.012539  0.994171 0.582018 1 1 1.000000
0  44.113136 25.944857 2.945460  0.895052 0.066891 -0.440917  0.002930 0.581042 1 1 1.000000
skin_0
0  44.113136 25.944857 2.945460  0.895052 0.066891 -0.440917  0.002930 0.581042 1 1 1.000000
0  44.126900 21.815702 2.821585  0.874703 -0.011600 -0.484521  0.002930 0.537095 1 1 1.000000
0  44.030552 21.843231 2.656419  0.992104 -0.021860 -0.123502  0.994171 0.537095 1 1 1.000000
skin_0
0  43.603870 13.929017 2.449962  0.992419 -0.042861 -0.115179  0.994171 0.452132 1 1 1.000000
0  44.030552 21.843231 2.656419  0.992104 -0.021860 -0.123502  0.994171 0.537095 1 1 1.000000
0  44.126900 21.815702 2.821585  0.874703 -0.011600 -0.484521  0.002930 0.537095 1 1 1.000000
skin_0
0  44.126900 21.815702 2.821585  0.874703 -0.011600 -0.484521  0.002930 0.537095 1 1 1.000000
0  43.700218 13.901490 2.601364  0.869139 -0.029055 -0.493715  0.002930 0.452132 1 1 1.000000
0  43.603870 13.929017 2.449962  0.992419 -0.042861 -0.115179  0.994171 0.452132 1 1 1.000000
skin_0
0  42.392658 -35.001465 2.050810  0.979167 -0.005173 -0.202989  0.994171 0.273415 1 1 1.000000
0  42.406422 -31.271460 2.064574  0.989763 -0.011564 -0.142251  0.994171 0.418928 1 1 1.000000
0  42.489002 -31.243933 2.215976  0.954141 -0.010038 -0.299190  0.002930 0.411115 1 1 1.000000
skin_0
0  42.489002 -31.243933 2.215976  0.954141 -0.010038 -0.299190  0.002930 0.411115 1 1 1.000000
0  42.475239 -34.960175 2.174685  0.936680 -0.002930 -0.350175  0.002930 0.263649 1 1 1.000000
0  42.392658 -35.001465 2.050810  0.979167 -0.005173 -0.202989  0.994171 0.273415 1 1 1.000000
skin_0
0  42.406422 -31.271460 2.064574  0.989763 -0.011564 -0.142251  0.994171 0.418928 1 1 1.000000
0  42.502766 -26.536695 2.050810  0.980527 0.000809 -0.196385  0.994171 0.564440 1 1 1.000000
0  42.585354 -26.536695 2.215976  0.970420 -0.005191 -0.241368  0.002930 0.552721 1 1 1.000000
skin_0
0  42.585354 -26.536695 2.215976  0.970420 -0.005191 -0.241368  0.002930 0.552721 1 1 1.000000
0  42.489002 -31.243933 2.215976  0.954141 -0.010038 -0.299190  0.002930 0.411115 1 1 1.000000
0  42.406422 -31.271460 2.064574  0.989763 -0.011564 -0.142251  0.994171 0.418928 1 1 1.000000
skin_0
0  45.668453 -42.626637 2.215976  0.582258 -0.791640 -0.185156  0.994171 0.007782 1 1 1.000000
0  45.517048 -40.823574 2.078338  0.840270 0.024860 -0.541598  0.994171 0.040986 1 1 1.000000
0  45.613400 -40.768513 2.215976  0.931495 0.047700 -0.360614  0.002930 0.025361 1 1 1.000000
skin_0
0  45.613400 -40.768513 2.215976  0.931495 0.047700 -0.360614  0.002930 0.025361 1 1 1.000000
0  45.764801 -42.585346 2.367379  0.918561 0.044462 -0.392770  0.002930 0.009735 1 1 1.000000
0  45.668453 -42.626637 2.215976  0.582258 -0.791640 -0.185156  0.994171 0.007782 1 1 1.000000
skin_0
0  42.378895 -36.928402 2.037046  0.976938 -0.008518 -0.213352  0.994171 0.195288 1 1 1.000000
0  42.447712 -36.900875 2.160921  0.924184 -0.008082 -0.381863  0.002930 0.185522 1 1 1.000000
0  42.420185 -40.589584 2.160921  0.910862 -0.006317 -0.412662  0.002930 0.112278 1 1 1.000000
skin_0
0  42.420185 -40.589584 2.160921  0.910862 -0.006317 -0.412662  0.002930 0.112278 1 1 1.000000
0  42.351368 -40.617111 2.037046  0.987414 -0.006802 -0.158009  0.994171 0.122043 1 1 1.000000
0  42.378895 -36.928402 2.037046  0.976938 -0.008518 -0.213352  0.994171 0.195288 1 1 1.000000
skin_0
0  44.870144 37.478962 5.188967  0.988385 -0.082223 -0.127807  0.994171 0.606433 1 1 1.000000
0  45.709736 46.026310 5.588120  0.992040 -0.092902 -0.085011  0.994171 0.983398 1 1 1.000000
0  45.778557 46.040073 5.767049  0.965001 -0.082065 -0.249073  0.002930 0.983398 1 1 1.000000
skin_0
0  45.778557 46.040073 5.767049  0.965001 -0.082065 -0.249073  0.002930 0.983398 1 1 1.000000
0  44.952724 37.478962 5.354134  0.949170 -0.071996 -0.306420  0.002930 0.605457 1 1 1.000000
0  44.870144 37.478962 5.188967  0.988385 -0.082223 -0.127807  0.994171 0.606433 1 1 1.000000
skin_0
0  45.709736 46.026310 5.588120  0.373485 0.901575 -0.218337  0.994171 0.983398 1 1 1.000000
0  45.379406 46.150188 5.533063  0.360448 0.899741 -0.246056  0.994171 0.993164 1 1 1.000000
0  45.420696 46.191479 5.725758  0.364774 0.926948 -0.087786  0.002930 0.994140 1 1 1.000000
skin_0
0  45.420696 46.191479 5.725758  0.364774 0.926948 -0.087786  0.002930 0.994140 1 1 1.000000
0  45.778557 46.040073 5.767049  0.365124 0.930935 -0.006749  0.002930 0.983398 1 1 1.000000
0  45.709736 46.026310 5.588120  0.373485 0.901575 -0.218337  0.994171 0.983398 1 1 1.000000
skin_0
0  44.209480 28.298475 4.968746  0.979298 0.068183 -0.190594  0.994171 0.198218 1 1 1.000000
0  44.347118 31.051245 4.996274  0.995532 -0.065940 -0.067581  0.994171 0.322245 1 1 1.000000
0  44.443462 31.051245 5.161440  0.951525 -0.060942 -0.301474  0.002930 0.321268 1 1 1.000000
skin_0
0  44.443462 31.051245 5.161440  0.951525 -0.060942 -0.301474  0.002930 0.321268 1 1 1.000000
0  44.278297 28.394823 5.133912  0.946034 -0.005513 -0.324020  0.002930 0.201147 1 1 1.000000
0  44.209480 28.298475 4.968746  0.979298 0.068183 -0.190594  0.994171 0.198218 1 1 1.000000
skin_0
0  44.347118 31.051245 4.996274  0.995532 -0.065940 -0.067581  0.994171 0.322245 1 1 1.000000
0  44.870144 37.478962 5.188967  0.988385 -0.082223 -0.127807  0.994171 0.606433 1 1 1.000000
0  44.952724 37.478962 5.354134  0.949170 -0.071996 -0.306420  0.002930 0.605457 1 1 1.000000
skin_0
0  44.952724 37.478962 5.354134  0.949170 -0.071996 -0.306420  0.002930 0.605457 1 1 1.000000
0  44.443462 31.051245 5.161440  0.951525 -0.060942 -0.301474  0.002930 0.321268 1 1 1.000000
0  44.347118 31.051245 4.996274  0.995532 -0.065940 -0.067581  0.994171 0.322245 1 1 1.000000
skin_0
0  43.287304 5.354140 2.326087  0.993242 -0.034431 -0.110839  0.994171 0.360332 1 1 1.000000
0  43.603870 13.929017 2.449962  0.992419 -0.042861 -0.115179  0.994171 0.452132 1 1 1.000000
0  43.700218 13.901490 2.601364  0.869139 -0.029055 -0.493715  0.002930 0.452132 1 1 1.000000
skin_0
0  43.700218 13.901490 2.601364  0.869139 -0.029055 -0.493715  0.002930 0.452132 1 1 1.000000
0  43.383648 5.354140 2.491253  0.865529 -0.024512 -0.500259  0.002930 0.360332 1 1 1.000000
0  43.287304 5.354140 2.326087  0.993242 -0.034431 -0.110839  0.994171 0.360332 1 1 1.000000
skin_0
0  42.502766 -26.536695 2.050810  0.980527 0.000809 -0.196385  0.994171 0.564440 1 1 1.000000
0  42.433945 -18.883997 2.037046  0.996771 0.020869 -0.077539  0.994171 0.782220 1 1 1.000000
0  42.502762 -18.939053 2.202213  0.965364 0.017788 -0.260300  0.002930 0.771477 1 1 1.000000
skin_0
0  42.502762 -18.939053 2.202213  0.965364 0.017788 -0.260300  0.002930 0.771477 1 1 1.000000
0  42.585354 -26.536695 2.215976  0.970420 -0.005191 -0.241368  0.002930 0.552721 1 1 1.000000
0  42.502766 -26.536695 2.050810  0.980527 0.000809 -0.196385  0.994171 0.564440 1 1 1.000000
skin_0
0  42.433945 -18.883997 2.037046  0.996771 0.020869 -0.077539  0.994171 0.782220 1 1 1.000000
0  42.365128 -17.590195 2.037046  0.993793 -0.008094 -0.110950  0.994171 0.832026 1 1 1.000000
0  42.475235 -17.562668 2.202213  0.867685 -0.003232 -0.497103  0.002930 0.829096 1 1 1.000000
skin_0
0  42.475235 -17.562668 2.202213  0.867685 -0.003232 -0.497103  0.002930 0.829096 1 1 1.000000
0  42.502762 -18.939053 2.202213  0.965364 0.017788 -0.260300  0.002930 0.771477 1 1 1.000000
0  42.433945 -18.883997 2.037046  0.996771 0.020869 -0.077539  0.994171 0.782220 1 1 1.000000
skin_0
0  44.429707 -35.923641 18.677538  0.365978 0.125216 0.922161  0.162114 0.667959 1 1 1.000000
0  43.149670 -33.060760 18.787649  0.428261 0.065534 0.901276  0.163091 0.655263 1 1 1.000000
0  44.347126 -35.978699 18.677538  0.003728 -0.038601 0.999248  0.162114 0.667959 1 1 1.000000
skin_0
0  45.324360 -37.919399 18.594955  0.461137 0.165018 0.871850  0.161138 0.675771 1 1 1.000000
0  45.172951 -37.974453 18.594955  0.004319 -0.035636 0.999356  0.161138 0.675771 1 1 1.000000
0  47.086132 -42.323830 18.429790  0.055201 0.014015 0.998377  0.160161 0.694327 1 1 1.000000
skin_0
0  47.086132 -42.323830 18.429790  0.055201 0.014015 0.998377  0.160161 0.694327 1 1 1.000000
0  47.237530 -42.296303 18.416027  0.485239 0.179195 0.855823  0.160161 0.693350 1 1 1.000000
0  45.324360 -37.919399 18.594955  0.461137 0.165018 0.871850  0.161138 0.675771 1 1 1.000000
skin_0
0  43.631401 -42.213718 18.457317  0.003078 -0.031327 0.999504  0.160161 0.693350 1 1 1.000000
0  47.086132 -42.323830 18.429790  0.055201 0.014015 0.998377  0.160161 0.694327 1 1 1.000000
0  45.172951 -37.974453 18.594955  0.004319 -0.035636 0.999356  0.161138 0.675771 1 1 1.000000
skin_0
0  45.172951 -37.974453 18.594955  0.004319 -0.035636 0.999356  0.161138 0.675771 1 1 1.000000
0  43.590111 -38.401134 18.567427  -0.004265 -0.035463 0.999362  0.161138 0.677725 1 1 1.000000
0  43.631401 -42.213718 18.457317  0.003078 -0.031327 0.999504  0.160161 0.693350 1 1 1.000000
skin_0
0  44.347126 -35.978699 18.677538  0.003728 -0.038601 0.999248  0.162114 0.667959 1 1 1.000000
0  43.149670 -33.060760 18.787649  0.428261 0.065534 0.901276  0.163091 0.655263 1 1 1.000000
0  43.480003 -36.432903 18.650011  -0.007729 -0.041047 0.999127  0.162114 0.669912 1 1 1.000000
skin_0
0  47.086132 -42.323830 18.429790  0.055201 0.014015 0.998377  0.160161 0.694327 1 1 1.000000
0  43.631401 -42.213718 18.457317  0.003078 -0.031327 0.999504  0.160161 0.693350 1 1 1.000000
0  46.934727 -42.351360 18.443554  0.018282 0.387099 0.921857  0.160161 0.694327 1 1 1.000000
skin_0
0  44.526051 -35.786003 18.429790  0.912797 0.384818 0.136806  0.160161 0.666982 1 1 1.000000
0  44.484760 -35.607071 17.700306  0.913278 0.399035 0.081820  0.156255 0.666005 1 1 1.000000
0  43.273544 -32.854301 17.755362  0.985309 0.168795 -0.025961  0.156255 0.655263 1 1 1.000000
skin_0
0  43.273544 -32.854301 17.755362  0.985309 0.168795 -0.025961  0.156255 0.655263 1 1 1.000000
0  43.342361 -33.005707 18.581192  0.956085 0.265851 0.123386  0.161138 0.655263 1 1 1.000000
0  44.526051 -35.786003 18.429790  0.912797 0.384818 0.136806  0.160161 0.666982 1 1 1.000000
skin_0
0  47.265057 -41.704460 17.342445  0.871239 0.446720 0.203432  0.154302 0.691397 1 1 1.000000
0  47.210003 -41.649399 17.480085  0.886215 0.424581 0.185345  0.154302 0.691397 1 1 1.000000
0  47.292591 -42.089844 18.085693  0.899746 0.398377 0.178194  0.158208 0.693350 1 1 1.000000
skin_0
0  44.058083 -34.409618 10.722035  0.049147 -0.069418 0.996376  0.113285 0.661122 1 1 1.000000
0  43.149670 -34.684895 10.749563  0.050080 -0.068241 0.996411  0.113285 0.662099 1 1 1.000000
0  44.938969 -36.336555 10.556869  0.044628 -0.071345 0.996453  0.112308 0.668935 1 1 1.000000
skin_0
0  43.590111 -39.681171 10.350411  0.312354 -0.045538 0.948874  0.111332 0.682608 1 1 1.000000
0  44.938969 -36.336555 10.556869  0.044628 -0.071345 0.996453  0.112308 0.668935 1 1 1.000000
0  43.301071 -36.804527 10.611924  0.069829 -0.072906 0.994891  0.112308 0.670888 1 1 1.000000
skin_0
0  46.934727 -39.763752 10.446757  0.021740 0.903090 0.428901  0.111332 0.683584 1 1 1.000000
0  46.700741 -39.846336 10.446757  -0.224694 0.832275 0.506785  0.111332 0.683584 1 1 1.000000
0  46.962257 -40.217960 13.061889  -0.206371 0.954125 0.216927  0.127934 0.685537 1 1 1.000000
skin_0
0  46.962257 -40.217960 13.061889  -0.206371 0.954125 0.216927  0.127934 0.685537 1 1 1.000000
0  47.141186 -40.190434 13.061889  -0.140121 0.965270 0.220499  0.127934 0.685537 1 1 1.000000
0  46.934727 -39.763752 10.446757  0.021740 0.903090 0.428901  0.111332 0.683584 1 1 1.000000
skin_0
0  47.196239 -40.768513 15.153994  -0.179130 0.931601 0.316278  0.140629 0.687490 1 1 1.000000
0  47.141186 -40.190434 13.061889  -0.140121 0.965270 0.220499  0.127934 0.685537 1 1 1.000000
0  46.962257 -40.217960 13.061889  -0.206371 0.954125 0.216927  0.127934 0.685537 1 1 1.000000
skin_0
0  46.962257 -40.217960 13.061889  -0.206371 0.954125 0.216927  0.127934 0.685537 1 1 1.000000
0  47.031075 -40.796047 15.153994  -0.219907 0.921182 0.321037  0.140629 0.687490 1 1 1.000000
0  47.196239 -40.768513 15.153994  -0.179130 0.931601 0.316278  0.140629 0.687490 1 1 1.000000
skin_0
0  47.196239 -40.768513 15.153994  -0.179130 0.931601 0.316278  0.140629 0.687490 1 1 1.000000
0  47.031075 -40.796047 15.153994  -0.219907 0.921182 0.321037  0.140629 0.687490 1 1 1.000000
0  47.058601 -41.525524 16.998348  -0.028329 0.976971 0.211482  0.151372 0.690420 1 1 1.000000
skin_0
0  47.058601 -41.525524 16.998348  -0.028329 0.976971 0.211482  0.151372 0.690420 1 1 1.000000
0  47.265057 -41.580582 17.094698  0.450829 0.888820 0.082170  0.152348 0.690420 1 1 1.000000
0  47.196239 -40.768513 15.153994  -0.179130 0.931601 0.316278  0.140629 0.687490 1 1 1.000000
skin_0
0  46.728268 -41.511761 17.080933  0.140682 0.492281 -0.858992  0.152348 0.690420 1 1 1.000000
0  46.976021 -41.511761 17.177279  0.204660 0.823331 -0.529378  0.152348 0.690420 1 1 1.000000
0  47.058601 -41.525524 16.998348  -0.015856 0.966317 -0.256867  0.151372 0.690420 1 1 1.000000
skin_0
0  47.058601 -41.525524 16.998348  -0.015856 0.966317 -0.256867  0.151372 0.690420 1 1 1.000000
0  46.797092 -41.608109 16.888239  -0.072508 0.886612 -0.456796  0.151372 0.690420 1 1 1.000000
0  46.728268 -41.511761 17.080933  0.140682 0.492281 -0.858992  0.152348 0.690420 1 1 1.000000
skin_0
0  43.273544 -32.854301 17.755362  0.049626 0.106736 -0.993048  0.156255 0.655263 1 1 1.000000
0  44.360889 -35.593307 17.507612  0.050601 0.103149 -0.993378  0.155278 0.666005 1 1 1.000000
0  43.480003 -35.813530 17.438793  0.051372 0.103507 -0.993301  0.154302 0.666982 1 1 1.000000
skin_0
0  43.480003 -40.039032 13.061890  0.999199 0.037395 -0.014241  0.127934 0.684561 1 1 1.000000
0  43.424942 -39.612354 10.501814  0.998846 0.046024 -0.013748  0.111332 0.682608 1 1 1.000000
0  43.301071 -36.804527 10.611924  0.998145 0.056897 -0.021662  0.112308 0.670888 1 1 1.000000
skin_0
0  43.301071 -36.804527 10.611924  0.998145 0.056897 -0.021662  0.112308 0.670888 1 1 1.000000
0  43.383652 -37.148621 13.268347  0.998908 0.027328 -0.037889  0.128910 0.672842 1 1 1.000000
0  43.480003 -40.039032 13.061890  0.999199 0.037395 -0.014241  0.127934 0.684561 1 1 1.000000
skin_0
0  43.521294 -40.658401 15.181522  0.999783 0.011093 -0.017647  0.140629 0.687490 1 1 1.000000
0  43.480003 -40.039032 13.061890  0.999199 0.037395 -0.014241  0.127934 0.684561 1 1 1.000000
0  43.383652 -37.148621 13.268347  0.998908 0.027328 -0.037889  0.128910 0.672842 1 1 1.000000
skin_0
0  43.521294 -40.658401 15.181522  0.999783 0.011093 -0.017647  0.140629 0.687490 1 1 1.000000
0  43.383652 -37.148621 13.268347  0.998908 0.027328 -0.037889  0.128910 0.672842 1 1 1.000000
0  43.562584 -37.891872 17.232334  0.999463 0.019146 -0.026607  0.153325 0.675771 1 1 1.000000
skin_0
0  43.521294 -40.658401 15.181522  0.999783 0.011093 -0.017647  0.140629 0.687490 1 1 1.000000
0  43.562584 -37.891872 17.232334  0.999463 0.019146 -0.026607  0.153325 0.675771 1 1 1.000000
0  43.521294 -41.401653 17.039642  0.999954 -0.008949 -0.003524  0.152348 0.690420 1 1 1.000000
skin_0
0  46.342880 -39.722462 10.281591  0.001760 -0.077132 0.997019  0.110355 0.683584 1 1 1.000000
0  46.604393 -39.681171 10.295355  -0.011757 -0.082678 0.996507  0.110355 0.682608 1 1 1.000000
0  44.938969 -36.336555 10.556869  0.044628 -0.071345 0.996453  0.112308 0.668935 1 1 1.000000
skin_0
0  44.938969 -36.336555 10.556869  0.044628 -0.071345 0.996453  0.112308 0.668935 1 1 1.000000
0  43.590111 -39.681171 10.350411  0.312354 -0.045538 0.948874  0.111332 0.682608 1 1 1.000000
0  46.342880 -39.722462 10.281591  0.001760 -0.077132 0.997019  0.110355 0.683584 1 1 1.000000
skin_0
0  43.562584 -37.891872 17.232334  0.073513 0.056757 -0.995678  0.153325 0.675771 1 1 1.000000
0  45.186714 -37.616596 17.356209  0.043700 0.066059 -0.996858  0.154302 0.674795 1 1 1.000000
0  43.700222 -41.621872 17.177279  0.223237 0.046256 -0.973666  0.152348 0.691397 1 1 1.000000
skin_0
0  43.700222 -41.621872 17.177279  0.223237 0.046256 -0.973666  0.152348 0.691397 1 1 1.000000
0  43.521294 -41.401653 17.039642  0.640167 0.037606 -0.767315  0.152348 0.690420 1 1 1.000000
0  43.562584 -37.891872 17.232334  0.073513 0.056757 -0.995678  0.153325 0.675771 1 1 1.000000
skin_0
0  47.292591 -42.089844 18.085693  0.899746 0.398377 0.178194  0.158208 0.693350 1 1 1.000000
0  47.210003 -41.649399 17.480085  0.886215 0.424581 0.185345  0.154302 0.691397 1 1 1.000000
0  45.379414 -37.616596 17.659014  0.908379 0.403281 0.110510  0.156255 0.674795 1 1 1.000000
skin_0
0  45.379414 -37.616596 17.659014  0.908379 0.403281 0.110510  0.156255 0.674795 1 1 1.000000
0  45.393177 -37.809288 18.305916  0.908153 0.391188 0.149094  0.160161 0.674795 1 1 1.000000
0  47.292591 -42.089844 18.085693  0.899746 0.398377 0.178194  0.158208 0.693350 1 1 1.000000
skin_0
0  46.728268 -41.511761 17.080933  0.140682 0.492281 -0.858992  0.152348 0.690420 1 1 1.000000
0  43.700222 -41.621872 17.177279  0.223237 0.046256 -0.973666  0.152348 0.691397 1 1 1.000000
0  45.186714 -37.616596 17.356209  0.043700 0.066059 -0.996858  0.154302 0.674795 1 1 1.000000
skin_0
0  45.186714 -37.616596 17.356209  0.043700 0.066059 -0.996858  0.154302 0.674795 1 1 1.000000
0  46.976021 -41.511761 17.177279  0.204660 0.823331 -0.529378  0.152348 0.690420 1 1 1.000000
0  46.728268 -41.511761 17.080933  0.140682 0.492281 -0.858992  0.152348 0.690420 1 1 1.000000
skin_0
0  46.452995 -39.901390 10.460521  -0.070657 0.884028 0.462063  0.111332 0.683584 1 1 1.000000
0  46.700741 -39.846336 10.446757  -0.224694 0.832275 0.506785  0.111332 0.683584 1 1 1.000000
0  46.604393 -39.681171 10.295355  -0.094548 0.400777 0.911284  0.110355 0.682608 1 1 1.000000
skin_0
0  46.604393 -39.681171 10.295355  -0.094548 0.400777 0.911284  0.110355 0.682608 1 1 1.000000
0  46.342880 -39.722462 10.281591  -0.031616 0.663637 0.747387  0.110355 0.683584 1 1 1.000000
0  46.452995 -39.901390 10.460521  -0.070657 0.884028 0.462063  0.111332 0.683584 1 1 1.000000
skin_0
0  45.076607 -36.267735 10.350410  0.884412 0.456079 -0.099033  0.111332 0.668935 1 1 1.000000
0  44.126904 -34.354561 10.611924  0.897652 0.431331 -0.090410  0.112308 0.661122 1 1 1.000000
0  44.154430 -34.368324 10.708271  0.744924 0.294473 0.598643  0.113285 0.661122 1 1 1.000000
skin_0
0  44.154430 -34.368324 10.708271  0.744924 0.294473 0.598643  0.113285 0.661122 1 1 1.000000
0  45.090370 -36.267735 10.515576  0.733354 0.325095 0.597080  0.112308 0.668935 1 1 1.000000
0  45.076607 -36.267735 10.350410  0.884412 0.456079 -0.099033  0.111332 0.668935 1 1 1.000000
skin_0
0  45.076607 -36.267735 10.350410  0.884412 0.456079 -0.099033  0.111332 0.668935 1 1 1.000000
0  45.090370 -36.267735 10.515576  0.733354 0.325095 0.597080  0.112308 0.668935 1 1 1.000000
0  46.838383 -39.598591 10.295355  0.691201 0.559092 0.457884  0.110355 0.682608 1 1 1.000000
skin_0
0  46.838383 -39.598591 10.295355  0.691201 0.559092 0.457884  0.110355 0.682608 1 1 1.000000
0  46.810856 -39.612354 10.116426  0.883622 0.453250 -0.117372  0.109378 0.682608 1 1 1.000000
0  45.076607 -36.267735 10.350410  0.884412 0.456079 -0.099033  0.111332 0.668935 1 1 1.000000
skin_0
0  43.273544 -32.854301 17.755362  0.985309 0.168795 -0.025961  0.156255 0.655263 1 1 1.000000
0  44.484760 -35.607071 17.700306  0.913278 0.399035 0.081820  0.156255 0.666005 1 1 1.000000
0  44.484760 -35.552017 17.576431  0.791680 0.384187 -0.475019  0.155278 0.666005 1 1 1.000000
skin_0
0  47.265057 -41.704460 17.342445  0.871239 0.446720 0.203432  0.154302 0.691397 1 1 1.000000
0  47.265057 -41.580582 17.094698  0.450829 0.888820 0.082170  0.152348 0.690420 1 1 1.000000
0  47.182476 -41.497997 17.273626  0.783487 0.613855 -0.096589  0.153325 0.690420 1 1 1.000000
skin_0
0  47.182476 -41.497997 17.273626  0.783487 0.613855 -0.096589  0.153325 0.690420 1 1 1.000000
0  47.210003 -41.649399 17.480085  0.886215 0.424581 0.185345  0.154302 0.691397 1 1 1.000000
0  47.265057 -41.704460 17.342445  0.871239 0.446720 0.203432  0.154302 0.691397 1 1 1.000000
skin_0
0  44.058083 -34.409618 10.722035  0.195361 -0.004772 0.980720  0.113285 0.661122 1 1 1.000000
0  44.938969 -36.336555 10.556869  0.176021 0.006727 0.984363  0.112308 0.668935 1 1 1.000000
0  45.090370 -36.267735 10.515576  0.733354 0.325095 0.597080  0.112308 0.668935 1 1 1.000000
skin_0
0  45.090370 -36.267735 10.515576  0.733354 0.325095 0.597080  0.112308 0.668935 1 1 1.000000
0  44.154430 -34.368324 10.708271  0.744924 0.294473 0.598643  0.113285 0.661122 1 1 1.000000
0  44.058083 -34.409618 10.722035  0.195361 -0.004772 0.980720  0.113285 0.661122 1 1 1.000000
skin_0
0  47.182476 -41.497997 17.273626  0.783487 0.613855 -0.096589  0.153325 0.690420 1 1 1.000000
0  47.265057 -41.580582 17.094698  0.450829 0.888820 0.082170  0.152348 0.690420 1 1 1.000000
0  47.058601 -41.525524 16.998348  -0.028329 0.976971 0.211482  0.151372 0.690420 1 1 1.000000
skin_0
0  47.058601 -41.525524 16.998348  -0.028329 0.976971 0.211482  0.151372 0.690420 1 1 1.000000
0  46.976021 -41.511761 17.177279  0.294292 0.706931 -0.643149  0.152348 0.690420 1 1 1.000000
0  47.182476 -41.497997 17.273626  0.783487 0.613855 -0.096589  0.153325 0.690420 1 1 1.000000
skin_0
0  44.360889 -35.593307 17.507612  0.395670 0.234027 -0.888075  0.155278 0.666005 1 1 1.000000
0  43.273544 -32.854301 17.755362  0.985309 0.168795 -0.025961  0.156255 0.655263 1 1 1.000000
0  44.484760 -35.552017 17.576431  0.791680 0.384187 -0.475019  0.155278 0.666005 1 1 1.000000
skin_0
0  46.838383 -39.598591 10.295355  0.691201 0.559092 0.457884  0.110355 0.682608 1 1 1.000000
0  45.090370 -36.267735 10.515576  0.733354 0.325095 0.597080  0.112308 0.668935 1 1 1.000000
0  44.938969 -36.336555 10.556869  0.176021 0.006727 0.984363  0.112308 0.668935 1 1 1.000000
skin_0
0  44.938969 -36.336555 10.556869  0.176021 0.006727 0.984363  0.112308 0.668935 1 1 1.000000
0  46.604393 -39.681171 10.295355  -0.094548 0.400777 0.911284  0.110355 0.682608 1 1 1.000000
0  46.838383 -39.598591 10.295355  0.691201 0.559092 0.457884  0.110355 0.682608 1 1 1.000000
skin_0
0  47.182476 -41.497997 17.273626  0.783487 0.613855 -0.096589  0.153325 0.690420 1 1 1.000000
0  45.379414 -37.547775 17.452557  0.792575 0.384196 -0.473516  0.154302 0.673818 1 1 1.000000
0  45.379414 -37.616596 17.659014  0.908379 0.403281 0.110510  0.156255 0.674795 1 1 1.000000
skin_0
0  45.379414 -37.616596 17.659014  0.908379 0.403281 0.110510  0.156255 0.674795 1 1 1.000000
0  47.210003 -41.649399 17.480085  0.886215 0.424581 0.185345  0.154302 0.691397 1 1 1.000000
0  47.182476 -41.497997 17.273626  0.783487 0.613855 -0.096589  0.153325 0.690420 1 1 1.000000
skin_0
0  45.379414 -37.547775 17.452557  0.792575 0.384196 -0.473516  0.154302 0.673818 1 1 1.000000
0  47.182476 -41.497997 17.273626  0.783487 0.613855 -0.096589  0.153325 0.690420 1 1 1.000000
0  46.976021 -41.511761 17.177279  0.294292 0.706931 -0.643149  0.152348 0.690420 1 1 1.000000
skin_0
0  46.976021 -41.511761 17.177279  0.294292 0.706931 -0.643149  0.152348 0.690420 1 1 1.000000
0  45.186714 -37.616596 17.356209  0.399625 0.229234 -0.887554  0.154302 0.674795 1 1 1.000000
0  45.379414 -37.547775 17.452557  0.792575 0.384196 -0.473516  0.154302 0.673818 1 1 1.000000
skin_0
0  46.934727 -39.763752 10.446757  0.021740 0.903090 0.428901  0.111332 0.683584 1 1 1.000000
0  46.838383 -39.598591 10.295355  0.691201 0.559092 0.457884  0.110355 0.682608 1 1 1.000000
0  46.604393 -39.681171 10.295355  -0.094548 0.400777 0.911284  0.110355 0.682608 1 1 1.000000
skin_0
0  46.604393 -39.681171 10.295355  -0.094548 0.400777 0.911284  0.110355 0.682608 1 1 1.000000
0  46.700741 -39.846336 10.446757  -0.224694 0.832275 0.506785  0.111332 0.683584 1 1 1.000000
0  46.934727 -39.763752 10.446757  0.021740 0.903090 0.428901  0.111332 0.683584 1 1 1.000000
skin_0
0  46.838383 -39.598591 10.295355  0.691201 0.559092 0.457884  0.110355 0.682608 1 1 1.000000
0  46.934727 -39.763752 10.446757  0.021740 0.903090 0.428901  0.111332 0.683584 1 1 1.000000
0  46.907200 -39.777515 10.226536  0.903826 0.408108 -0.128633  0.110355 0.683584 1 1 1.000000
skin_0
0  46.907200 -39.777515 10.226536  0.903826 0.408108 -0.128633  0.110355 0.683584 1 1 1.000000
0  46.810856 -39.612354 10.116426  0.883622 0.453250 -0.117372  0.109378 0.682608 1 1 1.000000
0  46.838383 -39.598591 10.295355  0.691201 0.559092 0.457884  0.110355 0.682608 1 1 1.000000
skin_0
0  46.797092 -41.608109 16.888239  0.492149 0.806912 0.326624  0.151372 0.690420 1 1 1.000000
0  47.058601 -41.525524 16.998348  -0.028329 0.976971 0.211482  0.151372 0.690420 1 1 1.000000
0  47.031075 -40.796047 15.153994  -0.219907 0.921182 0.321037  0.140629 0.687490 1 1 1.000000
skin_0
0  47.031075 -40.796047 15.153994  -0.219907 0.921182 0.321037  0.140629 0.687490 1 1 1.000000
0  46.797092 -40.864864 15.140230  -0.081326 0.946238 0.313081  0.140629 0.687490 1 1 1.000000
0  46.797092 -41.608109 16.888239  0.492149 0.806912 0.326624  0.151372 0.690420 1 1 1.000000
skin_0
0  46.797092 -40.864864 15.140230  -0.081326 0.946238 0.313081  0.140629 0.687490 1 1 1.000000
0  47.031075 -40.796047 15.153994  -0.219907 0.921182 0.321037  0.140629 0.687490 1 1 1.000000
0  46.962257 -40.217960 13.061889  -0.206371 0.954125 0.216927  0.127934 0.685537 1 1 1.000000
skin_0
0  46.962257 -40.217960 13.061889  -0.206371 0.954125 0.216927  0.127934 0.685537 1 1 1.000000
0  46.700741 -40.286781 13.020597  -0.102807 0.972538 0.208808  0.126957 0.685537 1 1 1.000000
0  46.797092 -40.864864 15.140230  -0.081326 0.946238 0.313081  0.140629 0.687490 1 1 1.000000
skin_0
0  46.700741 -40.286781 13.020597  -0.102807 0.972538 0.208808  0.126957 0.685537 1 1 1.000000
0  46.962257 -40.217960 13.061889  -0.206371 0.954125 0.216927  0.127934 0.685537 1 1 1.000000
0  46.700741 -39.846336 10.446757  -0.224694 0.832275 0.506785  0.111332 0.683584 1 1 1.000000
skin_0
0  46.700741 -39.846336 10.446757  -0.224694 0.832275 0.506785  0.111332 0.683584 1 1 1.000000
0  46.452995 -39.901390 10.460521  -0.070657 0.884028 0.462063  0.111332 0.683584 1 1 1.000000
0  46.700741 -40.286781 13.020597  -0.102807 0.972538 0.208808  0.126957 0.685537 1 1 1.000000
skin_0
0  43.273544 -32.854301 17.755362  0.985309 0.168795 -0.025961  0.156255 0.655263 1 1 1.000000
0  43.204723 -32.289982 13.695026  0.991560 0.127440 -0.023821  0.131840 0.652333 1 1 1.000000
0  43.135906 -31.945887 13.722554  0.993825 0.109011 -0.020695  0.131840 0.651357 1 1 1.000000
skin_0
0  43.135906 -31.945887 13.722554  0.993825 0.109011 -0.020695  0.131840 0.651357 1 1 1.000000
0  43.190960 -32.138584 17.851707  0.996062 0.087005 -0.017070  0.157231 0.652333 1 1 1.000000
0  43.273544 -32.854301 17.755362  0.985309 0.168795 -0.025961  0.156255 0.655263 1 1 1.000000
skin_0
0  43.204723 -32.179874 18.622482  0.993765 0.109137 -0.022818  0.162114 0.652333 1 1 1.000000
0  43.190960 -32.138584 17.851707  0.996062 0.087005 -0.017070  0.157231 0.652333 1 1 1.000000
0  43.190960 -32.000946 17.865473  0.976161 0.217045 -0.000863  0.157231 0.651357 1 1 1.000000
skin_0
0  43.190960 -32.000946 17.865473  0.976161 0.217045 -0.000863  0.157231 0.651357 1 1 1.000000
0  43.204723 -32.056000 18.746359  0.934248 0.146751 0.325031  0.162114 0.651357 1 1 1.000000
0  43.204723 -32.179874 18.622482  0.993765 0.109137 -0.022818  0.162114 0.652333 1 1 1.000000
skin_0
0  46.907200 -39.777515 10.226536  0.903826 0.408108 -0.128633  0.110355 0.683584 1 1 1.000000
0  46.769566 -39.736225 8.891442  0.883631 0.454126 -0.113869  0.101566 0.683584 1 1 1.000000
0  46.700741 -39.557297 9.042845  0.884475 0.456036 -0.098663  0.102542 0.682608 1 1 1.000000
skin_0
0  46.700741 -39.557297 9.042845  0.884475 0.456036 -0.098663  0.102542 0.682608 1 1 1.000000
0  46.810856 -39.612354 10.116426  0.883622 0.453250 -0.117372  0.109378 0.682608 1 1 1.000000
0  46.907200 -39.777515 10.226536  0.903826 0.408108 -0.128633  0.110355 0.683584 1 1 1.000000
skin_0
0  43.975498 -34.216927 9.483289  0.900103 0.425960 -0.091503  0.105472 0.660146 1 1 1.000000
0  44.126904 -34.354561 10.611924  0.897652 0.431331 -0.090410  0.112308 0.661122 1 1 1.000000
0  45.076607 -36.267735 10.350410  0.884412 0.456079 -0.099033  0.111332 0.668935 1 1 1.000000
skin_0
0  45.076607 -36.267735 10.350410  0.884412 0.456079 -0.099033  0.111332 0.668935 1 1 1.000000
0  44.980263 -36.267735 9.331885  0.885901 0.453493 -0.097586  0.104495 0.668935 1 1 1.000000
0  43.975498 -34.216927 9.483289  0.900103 0.425960 -0.091503  0.105472 0.660146 1 1 1.000000
skin_0
0  42.998268 -31.794487 10.969785  0.983908 0.166324 -0.065276  0.114261 0.650380 1 1 1.000000
0  42.819336 -31.601793 9.689747  0.987329 0.136671 -0.080641  0.106449 0.649403 1 1 1.000000
0  42.833099 -30.610796 9.978787  0.993877 0.018548 -0.108925  0.108402 0.645497 1 1 1.000000
skin_0
0  42.833099 -30.610796 9.978787  0.993877 0.018548 -0.108925  0.108402 0.645497 1 1 1.000000
0  42.956974 -31.326517 10.997313  0.995991 0.058881 -0.067341  0.115238 0.648427 1 1 1.000000
0  42.998268 -31.794487 10.969785  0.983908 0.166324 -0.065276  0.114261 0.650380 1 1 1.000000
skin_0
0  42.833099 -30.610796 9.978787  0.993877 0.018548 -0.108925  0.108402 0.645497 1 1 1.000000
0  42.833099 -30.404337 9.992551  0.985204 0.171236 0.007189  0.108402 0.644520 1 1 1.000000
0  42.956974 -31.147587 11.011076  0.987262 0.156908 -0.026348  0.115238 0.647450 1 1 1.000000
skin_0
0  42.956974 -31.147587 11.011076  0.987262 0.156908 -0.026348  0.115238 0.647450 1 1 1.000000
0  42.956974 -31.326517 10.997313  0.995991 0.058881 -0.067341  0.115238 0.648427 1 1 1.000000
0  42.833099 -30.610796 9.978787  0.993877 0.018548 -0.108925  0.108402 0.645497 1 1 1.000000
skin_0
0  45.517048 -40.823574 2.078338  -0.052327 0.959960 -0.275206  0.994171 0.040986 1 1 1.000000
0  45.131660 -40.851101 2.050810  -0.045878 0.965006 -0.258184  0.994171 0.119114 1 1 1.000000
0  45.159187 -40.809811 2.202212  -0.056499 0.970367 -0.234938  0.002930 0.120090 1 1 1.000000
skin_0
0  45.159187 -40.809811 2.202212  -0.056499 0.970367 -0.234938  0.002930 0.120090 1 1 1.000000
0  45.613400 -40.768513 2.215976  -0.062965 0.972727 -0.223244  0.002930 0.025361 1 1 1.000000
0  45.517048 -40.823574 2.078338  -0.052327 0.959960 -0.275206  0.994171 0.040986 1 1 1.000000
skin_0
0  45.613400 -40.768513 2.215976  -0.062965 0.972727 -0.223244  0.061525 0.687490 1 1 1.000000
0  45.159187 -40.809811 2.202212  -0.056499 0.970367 -0.234938  0.060549 0.687490 1 1 1.000000
0  45.186714 -40.782276 2.326087  -0.063763 0.977856 -0.199329  0.061525 0.687490 1 1 1.000000
skin_0
0  45.186714 -40.782276 2.326087  -0.063763 0.977856 -0.199329  0.061525 0.687490 1 1 1.000000
0  45.640926 -40.740986 2.381142  -0.073599 0.976754 -0.201331  0.062502 0.687490 1 1 1.000000
0  45.613400 -40.768513 2.215976  -0.062965 0.972727 -0.223244  0.061525 0.687490 1 1 1.000000
skin_0
0  45.998783 -40.286781 4.074096  -0.200799 0.965498 -0.165813  0.072268 0.685537 1 1 1.000000
0  45.544582 -40.383129 4.074096  -0.191176 0.965225 -0.178302  0.072268 0.685537 1 1 1.000000
0  45.929966 -39.983974 6.427714  -0.175097 0.979153 -0.102958  0.086917 0.684561 1 1 1.000000
skin_0
0  45.929966 -39.983974 6.427714  -0.175097 0.979153 -0.102958  0.086917 0.684561 1 1 1.000000
0  46.397934 -39.901390 6.427714  -0.167163 0.981267 -0.095768  0.086917 0.683584 1 1 1.000000
0  45.998783 -40.286781 4.074096  -0.200799 0.965498 -0.165813  0.072268 0.685537 1 1 1.000000
skin_0
0  46.205242 -39.805046 8.340889  -0.048972 0.989954 -0.132635  0.098636 0.683584 1 1 1.000000
0  46.521812 -39.763752 8.561110  0.000900 0.952732 -0.303810  0.099612 0.683584 1 1 1.000000
0  46.700741 -39.749989 8.409708  -0.097900 0.993571 -0.056854  0.098636 0.683584 1 1 1.000000
skin_0
0  46.205242 -39.805046 8.340889  -0.048972 0.989954 -0.132635  0.098636 0.683584 1 1 1.000000
0  46.700741 -39.749989 8.409708  -0.097900 0.993571 -0.056854  0.098636 0.683584 1 1 1.000000
0  46.397934 -39.901390 6.427714  -0.167163 0.981267 -0.095768  0.086917 0.683584 1 1 1.000000
skin_0
0  46.205242 -39.805046 8.340889  -0.048972 0.989954 -0.132635  0.098636 0.683584 1 1 1.000000
0  46.397934 -39.901390 6.427714  -0.167163 0.981267 -0.095768  0.086917 0.683584 1 1 1.000000
0  45.929966 -39.983974 6.427714  -0.175097 0.979153 -0.102958  0.086917 0.684561 1 1 1.000000
skin_0
0  46.136425 -39.763752 8.478527  0.212164 0.624618 -0.751557  0.099612 0.683584 1 1 1.000000
0  46.452995 -39.584827 8.753804  0.371763 0.540151 -0.755003  0.101566 0.682608 1 1 1.000000
0  46.521812 -39.763752 8.561110  0.000900 0.952732 -0.303810  0.099612 0.683584 1 1 1.000000
skin_0
0  46.521812 -39.763752 8.561110  0.000900 0.952732 -0.303810  0.099612 0.683584 1 1 1.000000
0  46.205242 -39.805046 8.340889  -0.048972 0.989954 -0.132635  0.098636 0.683584 1 1 1.000000
0  46.136425 -39.763752 8.478527  0.212164 0.624618 -0.751557  0.099612 0.683584 1 1 1.000000
skin_0
0  43.025795 -34.533493 9.166720  0.167090 0.184336 -0.968556  0.103519 0.662099 1 1 1.000000
0  43.837864 -34.230690 9.359414  0.171269 0.187386 -0.967240  0.104495 0.660146 1 1 1.000000
0  44.773804 -36.377846 9.097900  0.131605 0.163511 -0.977724  0.103519 0.668935 1 1 1.000000
skin_0
0  44.773804 -36.377846 9.097900  0.131605 0.163511 -0.977724  0.103519 0.668935 1 1 1.000000
0  43.135906 -36.405376 8.850152  0.153664 0.142463 -0.977799  0.101566 0.669912 1 1 1.000000
0  43.025795 -34.533493 9.166720  0.167090 0.184336 -0.968556  0.103519 0.662099 1 1 1.000000
skin_0
0  43.135906 -36.405376 8.850152  0.153664 0.142463 -0.977799  0.101566 0.669912 1 1 1.000000
0  44.773804 -36.377846 9.097900  0.131605 0.163511 -0.977724  0.103519 0.668935 1 1 1.000000
0  43.273544 -39.639881 8.506055  0.043726 0.161560 -0.985894  0.099612 0.682608 1 1 1.000000
skin_0
0  43.135906 -36.405376 8.850152  0.993536 0.039947 -0.106252  0.101566 0.669912 1 1 1.000000
0  43.273544 -39.639881 8.506055  0.829508 0.094278 -0.550479  0.099612 0.682608 1 1 1.000000
0  43.135906 -39.653645 8.299599  0.949337 0.052668 -0.309814  0.098636 0.682608 1 1 1.000000
skin_0
0  46.810856 -39.612354 10.116426  0.883622 0.453250 -0.117372  0.109378 0.682608 1 1 1.000000
0  46.700741 -39.557297 9.042845  0.884475 0.456036 -0.098663  0.102542 0.682608 1 1 1.000000
0  44.980263 -36.267735 9.331885  0.885901 0.453493 -0.097586  0.104495 0.668935 1 1 1.000000
skin_0
0  44.980263 -36.267735 9.331885  0.885901 0.453493 -0.097586  0.104495 0.668935 1 1 1.000000
0  45.076607 -36.267735 10.350410  0.884412 0.456079 -0.099033  0.111332 0.668935 1 1 1.000000
0  46.810856 -39.612354 10.116426  0.883622 0.453250 -0.117372  0.109378 0.682608 1 1 1.000000
skin_0
0  44.773804 -36.377846 9.097900  0.131605 0.163511 -0.977724  0.103519 0.668935 1 1 1.000000
0  46.452995 -39.584827 8.753804  0.371763 0.540151 -0.755003  0.101566 0.682608 1 1 1.000000
0  46.136425 -39.763752 8.478527  0.212164 0.624618 -0.751557  0.099612 0.683584 1 1 1.000000
skin_0
0  46.136425 -39.763752 8.478527  0.212164 0.624618 -0.751557  0.099612 0.683584 1 1 1.000000
0  43.273544 -39.639881 8.506055  0.043726 0.161560 -0.985894  0.099612 0.682608 1 1 1.000000
0  44.773804 -36.377846 9.097900  0.131605 0.163511 -0.977724  0.103519 0.668935 1 1 1.000000
skin_0
0  46.728268 -39.736225 8.629930  0.268036 0.890410 -0.367867  0.100589 0.683584 1 1 1.000000
0  46.673214 -39.571060 8.836387  0.690373 0.574872 -0.439212  0.101566 0.682608 1 1 1.000000
0  46.700741 -39.557297 9.042845  0.884475 0.456036 -0.098663  0.102542 0.682608 1 1 1.000000
skin_0
0  46.700741 -39.557297 9.042845  0.884475 0.456036 -0.098663  0.102542 0.682608 1 1 1.000000
0  46.769566 -39.736225 8.891442  0.883631 0.454126 -0.113869  0.101566 0.683584 1 1 1.000000
0  46.728268 -39.736225 8.629930  0.268036 0.890410 -0.367867  0.100589 0.683584 1 1 1.000000
skin_0
0  43.975498 -34.216927 9.483289  0.900103 0.425960 -0.091503  0.105472 0.660146 1 1 1.000000
0  44.980263 -36.267735 9.331885  0.885901 0.453493 -0.097586  0.104495 0.668935 1 1 1.000000
0  44.966496 -36.267735 9.180484  0.668321 0.402097 -0.625832  0.103519 0.668935 1 1 1.000000
skin_0
0  44.966496 -36.267735 9.180484  0.668321 0.402097 -0.625832  0.103519 0.668935 1 1 1.000000
0  43.961735 -34.203163 9.400706  0.679708 0.379774 -0.627509  0.105472 0.660146 1 1 1.000000
0  43.975498 -34.216927 9.483289  0.900103 0.425960 -0.091503  0.105472 0.660146 1 1 1.000000
skin_0
0  46.700741 -39.749989 8.409708  -0.082335 0.996351 -0.022497  0.098636 0.683584 1 1 1.000000
0  46.521812 -39.763752 8.561110  0.063680 0.920734 -0.384959  0.099612 0.683584 1 1 1.000000
0  46.728268 -39.736225 8.629930  0.268036 0.890410 -0.367867  0.100589 0.683584 1 1 1.000000
skin_0
0  46.673214 -39.571060 8.836387  0.690373 0.574872 -0.439212  0.101566 0.682608 1 1 1.000000
0  46.728268 -39.736225 8.629930  0.268036 0.890410 -0.367867  0.100589 0.683584 1 1 1.000000
0  46.521812 -39.763752 8.561110  0.063680 0.920734 -0.384959  0.099612 0.683584 1 1 1.000000
skin_0
0  46.521812 -39.763752 8.561110  0.063680 0.920734 -0.384959  0.099612 0.683584 1 1 1.000000
0  46.452995 -39.584827 8.753804  0.255048 0.525999 -0.811342  0.101566 0.682608 1 1 1.000000
0  46.673214 -39.571060 8.836387  0.690373 0.574872 -0.439212  0.101566 0.682608 1 1 1.000000
skin_0
0  43.961735 -34.203163 9.400706  0.679708 0.379774 -0.627509  0.105472 0.660146 1 1 1.000000
0  44.966496 -36.267735 9.180484  0.668321 0.402097 -0.625832  0.103519 0.668935 1 1 1.000000
0  44.773804 -36.377846 9.097900  0.249638 0.227304 -0.941283  0.103519 0.668935 1 1 1.000000
skin_0
0  44.773804 -36.377846 9.097900  0.249638 0.227304 -0.941283  0.103519 0.668935 1 1 1.000000
0  43.837864 -34.230690 9.359414  0.253397 0.217626 -0.942565  0.104495 0.660146 1 1 1.000000
0  43.961735 -34.203163 9.400706  0.679708 0.379774 -0.627509  0.105472 0.660146 1 1 1.000000
skin_0
0  46.673214 -39.571060 8.836387  0.690373 0.574872 -0.439212  0.101566 0.682608 1 1 1.000000
0  44.966496 -36.267735 9.180484  0.668321 0.402097 -0.625832  0.103519 0.668935 1 1 1.000000
0  44.980263 -36.267735 9.331885  0.885901 0.453493 -0.097586  0.104495 0.668935 1 1 1.000000
skin_0
0  44.980263 -36.267735 9.331885  0.885901 0.453493 -0.097586  0.104495 0.668935 1 1 1.000000
0  46.700741 -39.557297 9.042845  0.884475 0.456036 -0.098663  0.102542 0.682608 1 1 1.000000
0  46.673214 -39.571060 8.836387  0.690373 0.574872 -0.439212  0.101566 0.682608 1 1 1.000000
skin_0
0  44.966496 -36.267735 9.180484  0.668321 0.402097 -0.625832  0.103519 0.668935 1 1 1.000000
0  46.673214 -39.571060 8.836387  0.690373 0.574872 -0.439212  0.101566 0.682608 1 1 1.000000
0  46.452995 -39.584827 8.753804  0.255048 0.525999 -0.811342  0.101566 0.682608 1 1 1.000000
skin_0
0  46.452995 -39.584827 8.753804  0.255048 0.525999 -0.811342  0.101566 0.682608 1 1 1.000000
0  44.773804 -36.377846 9.097900  0.249638 0.227304 -0.941283  0.103519 0.668935 1 1 1.000000
0  44.966496 -36.267735 9.180484  0.668321 0.402097 -0.625832  0.103519 0.668935 1 1 1.000000
skin_0
0  43.590111 -38.401134 18.567427  -0.004265 -0.035463 0.999362  0.161138 0.677725 1 1 1.000000
0  45.172951 -37.974453 18.594955  0.004319 -0.035636 0.999356  0.161138 0.675771 1 1 1.000000
0  44.347126 -35.978699 18.677538  0.003728 -0.038601 0.999248  0.162114 0.667959 1 1 1.000000
skin_0
0  44.347126 -35.978699 18.677538  0.003728 -0.038601 0.999248  0.162114 0.667959 1 1 1.000000
0  43.480003 -36.432903 18.650011  -0.007729 -0.041047 0.999127  0.162114 0.669912 1 1 1.000000
0  43.590111 -38.401134 18.567427  -0.004265 -0.035463 0.999362  0.161138 0.677725 1 1 1.000000
skin_0
0  43.369888 -35.028992 13.488568  0.998002 0.039850 -0.049036  0.129887 0.664052 1 1 1.000000
0  43.480003 -35.813530 17.438793  0.998499 0.052779 -0.014650  0.154302 0.666982 1 1 1.000000
0  43.562584 -37.891872 17.232334  0.999463 0.019146 -0.026607  0.153325 0.675771 1 1 1.000000
skin_0
0  43.562584 -37.891872 17.232334  0.999463 0.019146 -0.026607  0.153325 0.675771 1 1 1.000000
0  43.383652 -37.148621 13.268347  0.998908 0.027328 -0.037889  0.128910 0.672842 1 1 1.000000
0  43.369888 -35.028992 13.488568  0.998002 0.039850 -0.049036  0.129887 0.664052 1 1 1.000000
skin_0
0  43.149670 -34.684895 10.749563  0.996753 0.054112 -0.059620  0.113285 0.662099 1 1 1.000000
0  43.369888 -35.028992 13.488568  0.998002 0.039850 -0.049036  0.129887 0.664052 1 1 1.000000
0  43.383652 -37.148621 13.268347  0.998908 0.027328 -0.037889  0.128910 0.672842 1 1 1.000000
skin_0
0  43.383652 -37.148621 13.268347  0.998908 0.027328 -0.037889  0.128910 0.672842 1 1 1.000000
0  43.301071 -36.804527 10.611924  0.998145 0.056897 -0.021662  0.112308 0.670888 1 1 1.000000
0  43.149670 -34.684895 10.749563  0.996753 0.054112 -0.059620  0.113285 0.662099 1 1 1.000000
skin_0
0  44.938969 -36.336555 10.556869  0.044628 -0.071345 0.996453  0.112308 0.668935 1 1 1.000000
0  43.149670 -34.684895 10.749563  0.050080 -0.068241 0.996411  0.113285 0.662099 1 1 1.000000
0  43.301071 -36.804527 10.611924  0.069829 -0.072906 0.994891  0.112308 0.670888 1 1 1.000000
skin_0
0  43.590111 -39.681171 10.350411  0.312354 -0.045538 0.948874  0.111332 0.682608 1 1 1.000000
0  43.301071 -36.804527 10.611924  0.069829 -0.072906 0.994891  0.112308 0.670888 1 1 1.000000
0  43.424942 -39.612354 10.501814  0.687395 0.002683 0.726279  0.111332 0.682608 1 1 1.000000
skin_0
0  42.833099 -34.657368 6.455242  0.996240 0.040129 -0.076787  0.086917 0.662099 1 1 1.000000
0  43.025795 -34.533493 9.166720  0.995504 0.066609 -0.067348  0.103519 0.662099 1 1 1.000000
0  43.135906 -36.405376 8.850152  0.993536 0.039947 -0.106252  0.101566 0.669912 1 1 1.000000
skin_0
0  43.135906 -36.405376 8.850152  0.993536 0.039947 -0.106252  0.101566 0.669912 1 1 1.000000
0  42.860626 -36.529251 6.276311  0.995159 0.019157 -0.096395  0.085940 0.669912 1 1 1.000000
0  42.833099 -34.657368 6.455242  0.996240 0.040129 -0.076787  0.086917 0.662099 1 1 1.000000
skin_0
0  42.475239 -34.960175 2.174685  0.936680 -0.002930 -0.350175  0.060549 0.663076 1 1 1.000000
0  42.502766 -34.960175 2.326087  0.991572 -0.003204 -0.129516  0.061525 0.663076 1 1 1.000000
0  42.489002 -36.845821 2.298560  0.986908 -0.006562 -0.161153  0.061525 0.670888 1 1 1.000000
skin_0
0  42.489002 -36.845821 2.298560  0.986908 -0.006562 -0.161153  0.061525 0.670888 1 1 1.000000
0  42.447712 -36.900875 2.160921  0.924184 -0.008082 -0.381863  0.060549 0.671865 1 1 1.000000
0  42.475239 -34.960175 2.174685  0.936680 -0.002930 -0.350175  0.060549 0.663076 1 1 1.000000
skin_0
0  42.392658 -35.001465 2.050810  0.979167 -0.005173 -0.202989  0.994171 0.273415 1 1 1.000000
0  42.475239 -34.960175 2.174685  0.936680 -0.002930 -0.350175  0.002930 0.273415 1 1 1.000000
0  42.447712 -36.900875 2.160921  0.924184 -0.008082 -0.381863  0.002930 0.198218 1 1 1.000000
skin_0
0  42.447712 -36.900875 2.160921  0.924184 -0.008082 -0.381863  0.002930 0.198218 1 1 1.000000
0  42.378895 -36.928402 2.037046  0.976938 -0.008518 -0.213352  0.994171 0.195288 1 1 1.000000
0  42.392658 -35.001465 2.050810  0.979167 -0.005173 -0.202989  0.994171 0.273415 1 1 1.000000
skin_0
0  43.480003 -35.813530 17.438793  0.051372 0.103507 -0.993301  0.154302 0.666982 1 1 1.000000
0  44.360889 -35.593307 17.507612  0.050601 0.103149 -0.993378  0.155278 0.666005 1 1 1.000000
0  45.186714 -37.616596 17.356209  0.043700 0.066059 -0.996858  0.154302 0.674795 1 1 1.000000
skin_0
0  45.186714 -37.616596 17.356209  0.043700 0.066059 -0.996858  0.154302 0.674795 1 1 1.000000
0  43.562584 -37.891872 17.232334  0.073513 0.056757 -0.995678  0.153325 0.675771 1 1 1.000000
0  43.480003 -35.813530 17.438793  0.051372 0.103507 -0.993301  0.154302 0.666982 1 1 1.000000
skin_0
0  44.526051 -35.786003 18.429790  0.912797 0.384818 0.136806  0.160161 0.666982 1 1 1.000000
0  44.512287 -35.841061 18.567427  0.811098 0.331591 0.481838  0.161138 0.666982 1 1 1.000000
0  45.379414 -37.878109 18.471081  0.860050 0.358014 0.363511  0.161138 0.675771 1 1 1.000000
skin_0
0  45.379414 -37.878109 18.471081  0.860050 0.358014 0.363511  0.161138 0.675771 1 1 1.000000
0  45.393177 -37.809288 18.305916  0.908153 0.391188 0.149094  0.160161 0.674795 1 1 1.000000
0  44.526051 -35.786003 18.429790  0.912797 0.384818 0.136806  0.160161 0.666982 1 1 1.000000
skin_0
0  44.512287 -35.841061 18.567427  0.811098 0.331591 0.481838  0.161138 0.666982 1 1 1.000000
0  44.429707 -35.923641 18.677538  0.365978 0.125216 0.922161  0.162114 0.667959 1 1 1.000000
0  45.324360 -37.919399 18.594955  0.461137 0.165018 0.871850  0.161138 0.675771 1 1 1.000000
skin_0
0  45.324360 -37.919399 18.594955  0.461137 0.165018 0.871850  0.161138 0.675771 1 1 1.000000
0  45.379414 -37.878109 18.471081  0.860050 0.358014 0.363511  0.161138 0.675771 1 1 1.000000
0  44.512287 -35.841061 18.567427  0.811098 0.331591 0.481838  0.161138 0.666982 1 1 1.000000
skin_0
0  44.429707 -35.923641 18.677538  0.365978 0.125216 0.922161  0.162114 0.667959 1 1 1.000000
0  44.347126 -35.978699 18.677538  0.003728 -0.038601 0.999248  0.162114 0.667959 1 1 1.000000
0  45.172951 -37.974453 18.594955  0.004319 -0.035636 0.999356  0.161138 0.675771 1 1 1.000000
skin_0
0  45.172951 -37.974453 18.594955  0.004319 -0.035636 0.999356  0.161138 0.675771 1 1 1.000000
0  45.324360 -37.919399 18.594955  0.461137 0.165018 0.871850  0.161138 0.675771 1 1 1.000000
0  44.429707 -35.923641 18.677538  0.365978 0.125216 0.922161  0.162114 0.667959 1 1 1.000000
skin_0
0  44.484760 -35.607071 17.700306  0.913278 0.399035 0.081820  0.156255 0.666005 1 1 1.000000
0  44.526051 -35.786003 18.429790  0.912797 0.384818 0.136806  0.160161 0.666982 1 1 1.000000
0  45.393177 -37.809288 18.305916  0.908153 0.391188 0.149094  0.160161 0.674795 1 1 1.000000
skin_0
0  45.393177 -37.809288 18.305916  0.908153 0.391188 0.149094  0.160161 0.674795 1 1 1.000000
0  45.379414 -37.616596 17.659014  0.908379 0.403281 0.110510  0.156255 0.674795 1 1 1.000000
0  44.484760 -35.607071 17.700306  0.913278 0.399035 0.081820  0.156255 0.666005 1 1 1.000000
skin_0
0  44.484760 -35.552017 17.576431  0.791680 0.384187 -0.475019  0.155278 0.666005 1 1 1.000000
0  44.484760 -35.607071 17.700306  0.913278 0.399035 0.081820  0.156255 0.666005 1 1 1.000000
0  45.379414 -37.616596 17.659014  0.908379 0.403281 0.110510  0.156255 0.674795 1 1 1.000000
skin_0
0  45.379414 -37.616596 17.659014  0.908379 0.403281 0.110510  0.156255 0.674795 1 1 1.000000
0  45.379414 -37.547775 17.452557  0.792575 0.384196 -0.473516  0.154302 0.673818 1 1 1.000000
0  44.484760 -35.552017 17.576431  0.791680 0.384187 -0.475019  0.155278 0.666005 1 1 1.000000
skin_0
0  44.360889 -35.593307 17.507612  0.395670 0.234027 -0.888075  0.155278 0.666005 1 1 1.000000
0  44.484760 -35.552017 17.576431  0.791680 0.384187 -0.475019  0.155278 0.666005 1 1 1.000000
0  45.379414 -37.547775 17.452557  0.792575 0.384196 -0.473516  0.154302 0.673818 1 1 1.000000
skin_0
0  45.379414 -37.547775 17.452557  0.792575 0.384196 -0.473516  0.154302 0.673818 1 1 1.000000
0  45.186714 -37.616596 17.356209  0.399625 0.229234 -0.887554  0.154302 0.674795 1 1 1.000000
0  44.360889 -35.593307 17.507612  0.395670 0.234027 -0.888075  0.155278 0.666005 1 1 1.000000
skin_0
0  43.149670 -34.684895 10.749563  0.050080 -0.068241 0.996411  0.113285 0.662099 1 1 1.000000
0  44.058083 -34.409618 10.722035  0.049147 -0.069418 0.996376  0.113285 0.661122 1 1 1.000000
0  42.998268 -31.794487 10.969785  0.049671 -0.071055 0.996235  0.114261 0.650380 1 1 1.000000
skin_0
0  44.058083 -34.409618 10.722035  0.195361 -0.004772 0.980720  0.113285 0.661122 1 1 1.000000
0  44.154430 -34.368324 10.708271  0.744924 0.294473 0.598643  0.113285 0.661122 1 1 1.000000
0  42.998268 -31.794487 10.969785  0.983908 0.166324 -0.065276  0.114261 0.650380 1 1 1.000000
skin_0
0  44.154430 -34.368324 10.708271  0.744924 0.294473 0.598643  0.113285 0.661122 1 1 1.000000
0  44.126904 -34.354561 10.611924  0.897652 0.431331 -0.090410  0.112308 0.661122 1 1 1.000000
0  42.998268 -31.794487 10.969785  0.983908 0.166324 -0.065276  0.114261 0.650380 1 1 1.000000
skin_0
0  44.126904 -34.354561 10.611924  0.897652 0.431331 -0.090410  0.112308 0.661122 1 1 1.000000
0  43.975498 -34.216927 9.483289  0.900103 0.425960 -0.091503  0.105472 0.660146 1 1 1.000000
0  42.819336 -31.601793 9.689747  0.987329 0.136671 -0.080641  0.106449 0.649403 1 1 1.000000
skin_0
0  42.819336 -31.601793 9.689747  0.987329 0.136671 -0.080641  0.106449 0.649403 1 1 1.000000
0  42.998268 -31.794487 10.969785  0.983908 0.166324 -0.065276  0.114261 0.650380 1 1 1.000000
0  44.126904 -34.354561 10.611924  0.897652 0.431331 -0.090410  0.112308 0.661122 1 1 1.000000
skin_0
0  43.975498 -34.216927 9.483289  0.900103 0.425960 -0.091503  0.105472 0.660146 1 1 1.000000
0  43.961735 -34.203163 9.400706  0.679708 0.379774 -0.627509  0.105472 0.660146 1 1 1.000000
0  42.819336 -31.601793 9.689747  0.987329 0.136671 -0.080641  0.106449 0.649403 1 1 1.000000
skin_0
0  43.961735 -34.203163 9.400706  0.679708 0.379774 -0.627509  0.105472 0.660146 1 1 1.000000
0  43.837864 -34.230690 9.359414  0.253397 0.217626 -0.942565  0.104495 0.660146 1 1 1.000000
0  42.819336 -31.601793 9.689747  0.987329 0.136671 -0.080641  0.106449 0.649403 1 1 1.000000
skin_0
0  43.837864 -34.230690 9.359414  0.171269 0.187386 -0.967240  0.104495 0.660146 1 1 1.000000
0  43.025795 -34.533493 9.166720  0.167090 0.184336 -0.968556  0.103519 0.662099 1 1 1.000000
0  42.819336 -31.601793 9.689747  0.172471 0.184364 -0.967607  0.106449 0.649403 1 1 1.000000
skin_0
0  42.530293 -31.285223 3.798819  0.999336 0.014318 -0.033491  0.070315 0.648427 1 1 1.000000
0  42.502766 -31.230169 2.381143  0.997559 -0.004520 -0.069687  0.062502 0.648427 1 1 1.000000
0  42.599117 -26.536695 2.381143  0.999992 -0.000199 -0.003948  0.062502 0.628895 1 1 1.000000
skin_0
0  42.599117 -26.536695 2.381143  0.999992 -0.000199 -0.003948  0.062502 0.628895 1 1 1.000000
0  42.530293 -26.522932 3.785055  0.999473 0.009622 0.031012  0.070315 0.628895 1 1 1.000000
0  42.530293 -31.285223 3.798819  0.999336 0.014318 -0.033491  0.070315 0.648427 1 1 1.000000
skin_0
0  42.640408 -34.822533 3.812582  0.996586 0.011366 -0.081774  0.070315 0.663076 1 1 1.000000
0  42.502766 -34.960175 2.326087  0.991572 -0.003204 -0.129516  0.061525 0.663076 1 1 1.000000
0  42.502766 -31.230169 2.381143  0.997559 -0.004520 -0.069687  0.062502 0.648427 1 1 1.000000
skin_0
0  42.502766 -31.230169 2.381143  0.997559 -0.004520 -0.069687  0.062502 0.648427 1 1 1.000000
0  42.530293 -31.285223 3.798819  0.999336 0.014318 -0.033491  0.070315 0.648427 1 1 1.000000
0  42.640408 -34.822533 3.812582  0.996586 0.011366 -0.081774  0.070315 0.663076 1 1 1.000000
skin_0
0  42.640408 -36.694416 3.812582  0.995189 0.002725 -0.097938  0.070315 0.670888 1 1 1.000000
0  42.489002 -36.845821 2.298560  0.986908 -0.006562 -0.161153  0.061525 0.670888 1 1 1.000000
0  42.502766 -34.960175 2.326087  0.991572 -0.003204 -0.129516  0.061525 0.663076 1 1 1.000000
skin_0
0  42.502766 -34.960175 2.326087  0.991572 -0.003204 -0.129516  0.061525 0.663076 1 1 1.000000
0  42.640408 -34.822533 3.812582  0.996586 0.011366 -0.081774  0.070315 0.663076 1 1 1.000000
0  42.640408 -36.694416 3.812582  0.995189 0.002725 -0.097938  0.070315 0.670888 1 1 1.000000
skin_0
0  42.654171 -40.176670 3.812582  0.993189 -0.001138 -0.116506  0.071291 0.684561 1 1 1.000000
0  42.447712 -40.548294 2.298560  0.985277 -0.007076 -0.170821  0.061525 0.686514 1 1 1.000000
0  42.489002 -36.845821 2.298560  0.986908 -0.006562 -0.161153  0.061525 0.670888 1 1 1.000000
skin_0
0  42.489002 -36.845821 2.298560  0.986908 -0.006562 -0.161153  0.061525 0.670888 1 1 1.000000
0  42.640408 -36.694416 3.812582  0.995189 0.002725 -0.097938  0.070315 0.670888 1 1 1.000000
0  42.654171 -40.176670 3.812582  0.993189 -0.001138 -0.116506  0.071291 0.684561 1 1 1.000000
skin_0
0  45.544582 -40.383129 4.074096  -0.191176 0.965225 -0.178302  0.072268 0.685537 1 1 1.000000
0  45.998783 -40.286781 4.074096  -0.200799 0.965498 -0.165813  0.072268 0.685537 1 1 1.000000
0  45.640926 -40.740986 2.381142  -0.073599 0.976754 -0.201331  0.062502 0.687490 1 1 1.000000
skin_0
0  45.640926 -40.740986 2.381142  -0.073599 0.976754 -0.201331  0.062502 0.687490 1 1 1.000000
0  45.186714 -40.782276 2.326087  -0.063763 0.977856 -0.199329  0.061525 0.687490 1 1 1.000000
0  45.544582 -40.383129 4.074096  -0.191176 0.965225 -0.178302  0.072268 0.685537 1 1 1.000000
skin_0
0  45.640926 -40.740986 2.381142  0.975410 0.063911 -0.210929  0.062502 0.687490 1 1 1.000000
0  45.998783 -40.286781 4.074096  0.978488 0.063736 -0.196211  0.072268 0.685537 1 1 1.000000
0  46.136425 -42.131138 4.142915  0.977509 0.063927 -0.200973  0.073244 0.693350 1 1 1.000000
skin_0
0  46.136425 -42.131138 4.142915  0.977509 0.063927 -0.200973  0.073244 0.693350 1 1 1.000000
0  45.792328 -42.544048 2.532545  0.975902 0.064210 -0.208549  0.062502 0.694327 1 1 1.000000
0  45.640926 -40.740986 2.381142  0.975410 0.063911 -0.210929  0.062502 0.687490 1 1 1.000000
skin_0
0  46.783329 -41.608109 8.533583  0.990398 0.042563 -0.131530  0.099612 0.690420 1 1 1.000000
0  46.521812 -41.745750 6.427714  0.985900 0.064427 -0.154433  0.086917 0.691397 1 1 1.000000
0  46.397934 -39.901390 6.427714  0.985909 0.057548 -0.157071  0.086917 0.683584 1 1 1.000000
skin_0
0  46.783329 -41.608109 8.533583  0.990398 0.042563 -0.131530  0.099612 0.690420 1 1 1.000000
0  46.397934 -39.901390 6.427714  0.985909 0.057548 -0.157071  0.086917 0.683584 1 1 1.000000
0  46.700741 -39.749989 8.409708  0.989135 0.037212 -0.142223  0.098636 0.683584 1 1 1.000000
skin_0
0  46.783329 -41.608109 8.533583  0.990398 0.042563 -0.131530  0.099612 0.690420 1 1 1.000000
0  46.700741 -39.749989 8.409708  0.989135 0.037212 -0.142223  0.098636 0.683584 1 1 1.000000
0  46.728268 -39.736225 8.629930  0.990687 0.038114 -0.130716  0.100589 0.683584 1 1 1.000000
skin_0
0  47.333881 -43.397408 16.723072  0.999175 0.040068 -0.006644  0.150395 0.698233 1 1 1.000000
0  47.278820 -42.516521 14.782370  0.998811 0.046793 -0.013654  0.137700 0.694327 1 1 1.000000
0  47.196239 -40.768513 15.153994  0.998739 0.048534 -0.012860  0.140629 0.687490 1 1 1.000000
skin_0
0  47.196239 -40.768513 15.153994  0.998739 0.048534 -0.012860  0.140629 0.687490 1 1 1.000000
0  47.265057 -41.580582 17.094698  0.999027 0.042434 -0.012024  0.152348 0.690420 1 1 1.000000
0  47.333881 -43.397408 16.723072  0.999175 0.040068 -0.006644  0.150395 0.698233 1 1 1.000000
skin_0
0  43.204723 -32.056000 18.746359  0.934248 0.146751 0.325031  0.002930 0.966796 1 1 1.000000
0  43.122143 -31.863304 18.842705  0.934687 0.280241 0.218690  0.994171 0.984375 1 1 1.000000
0  43.122143 -32.069763 18.828941  0.734804 -0.010448 0.678199  0.006836 0.971679 1 1 1.000000
skin_0
0  42.833099 -34.657368 6.455242  0.996240 0.040129 -0.076787  0.086917 0.662099 1 1 1.000000
0  42.640408 -34.822533 3.812582  0.996586 0.011366 -0.081774  0.070315 0.663076 1 1 1.000000
0  42.530293 -31.285223 3.798819  0.999336 0.014318 -0.033491  0.070315 0.648427 1 1 1.000000
skin_0
0  42.530293 -31.285223 3.798819  0.999336 0.014318 -0.033491  0.070315 0.648427 1 1 1.000000
0  42.681698 -31.381571 6.758046  0.997944 0.045148 -0.045481  0.088870 0.648427 1 1 1.000000
0  42.833099 -34.657368 6.455242  0.996240 0.040129 -0.076787  0.086917 0.662099 1 1 1.000000
skin_0
0  42.860626 -36.529251 6.276311  0.995159 0.019157 -0.096395  0.085940 0.669912 1 1 1.000000
0  42.640408 -36.694416 3.812582  0.995189 0.002725 -0.097938  0.070315 0.670888 1 1 1.000000
0  42.640408 -34.822533 3.812582  0.996586 0.011366 -0.081774  0.070315 0.663076 1 1 1.000000
skin_0
0  42.640408 -34.822533 3.812582  0.996586 0.011366 -0.081774  0.070315 0.663076 1 1 1.000000
0  42.833099 -34.657368 6.455242  0.996240 0.040129 -0.076787  0.086917 0.662099 1 1 1.000000
0  42.860626 -36.529251 6.276311  0.995159 0.019157 -0.096395  0.085940 0.669912 1 1 1.000000
skin_0
0  42.640408 -36.694416 3.812582  0.995189 0.002725 -0.097938  0.070315 0.670888 1 1 1.000000
0  42.860626 -36.529251 6.276311  0.995159 0.019157 -0.096395  0.085940 0.669912 1 1 1.000000
0  42.888157 -39.791279 6.014798  0.994318 0.012032 -0.105773  0.083987 0.683584 1 1 1.000000
skin_0
0  42.888157 -39.791279 6.014798  0.994318 0.012032 -0.105773  0.083987 0.683584 1 1 1.000000
0  42.654171 -40.176670 3.812582  0.993189 -0.001138 -0.116506  0.071291 0.684561 1 1 1.000000
0  42.640408 -36.694416 3.812582  0.995189 0.002725 -0.097938  0.070315 0.670888 1 1 1.000000
skin_0
0  42.819336 -31.601793 9.689747  0.987329 0.136671 -0.080641  0.106449 0.649403 1 1 1.000000
0  42.764278 -30.197878 9.386942  0.996600 0.017970 -0.080414  0.105472 0.643544 1 1 1.000000
0  42.833099 -30.610796 9.978787  0.993877 0.018548 -0.108925  0.108402 0.645497 1 1 1.000000
skin_0
0  44.071842 27.197369 3.289557  0.996864 -0.056191 0.055721  0.994171 0.150365 1 1 1.000000
0  44.209480 28.298475 4.968746  0.979298 0.068183 -0.190594  0.994171 0.198218 1 1 1.000000
0  44.278297 28.202129 5.037565  0.863453 0.310281 -0.397712  0.002930 0.191382 1 1 1.000000
skin_0
0  44.278297 28.202129 5.037565  0.863453 0.310281 -0.397712  0.002930 0.191382 1 1 1.000000
0  44.154427 27.073496 3.413431  0.920265 0.203257 -0.334363  0.002930 0.143529 1 1 1.000000
0  44.071842 27.197369 3.289557  0.996864 -0.056191 0.055721  0.994171 0.150365 1 1 1.000000
skin_0
0  44.154427 27.073496 3.413431  0.998414 -0.015096 -0.054238  0.068361 0.408185 1 1 1.000000
0  44.278297 28.202129 5.037565  0.998158 -0.023334 -0.056003  0.078127 0.403302 1 1 1.000000
0  44.278297 28.174603 5.133912  0.998359 -0.020281 -0.053559  0.079104 0.403302 1 1 1.000000
skin_0
0  44.278297 28.174603 5.133912  0.998359 -0.020281 -0.053559  0.079104 0.403302 1 1 1.000000
0  44.154427 27.045965 3.427195  0.998469 -0.013790 -0.053576  0.068361 0.408185 1 1 1.000000
0  44.154427 27.073496 3.413431  0.998414 -0.015096 -0.054238  0.068361 0.408185 1 1 1.000000
skin_0
0  44.278297 28.174603 5.133912  0.998359 -0.020281 -0.053559  0.079104 0.403302 1 1 1.000000
0  44.292061 28.491171 5.299078  0.998605 -0.018438 -0.049471  0.080081 0.402326 1 1 1.000000
0  44.402176 29.592278 7.267309  0.997776 -0.018683 -0.063984  0.091800 0.397443 1 1 1.000000
skin_0
0  44.402176 29.592278 7.267309  0.997776 -0.018683 -0.063984  0.091800 0.397443 1 1 1.000000
0  44.402176 29.399586 7.281073  0.998157 -0.017773 -0.058031  0.091800 0.398419 1 1 1.000000
0  44.278297 28.174603 5.133912  0.998359 -0.020281 -0.053559  0.079104 0.403302 1 1 1.000000
skin_0
0  44.209480 28.298475 4.968746  0.979298 0.068183 -0.190594  0.994171 0.173803 1 1 1.000000
0  44.278297 28.394823 5.133912  0.946034 -0.005513 -0.324020  0.002930 0.191382 1 1 1.000000
0  44.278297 28.202129 5.037565  0.863453 0.310281 -0.397712  0.002930 0.143529 1 1 1.000000
skin_0
0  46.907200 -39.777515 10.226536  0.992121 0.048908 -0.115346  0.110355 0.683584 1 1 1.000000
0  46.934727 -39.763752 10.446757  0.993873 0.045387 -0.100780  0.111332 0.683584 1 1 1.000000
0  46.989784 -41.635635 10.226536  0.994809 0.041955 -0.092711  0.110355 0.691397 1 1 1.000000
skin_0
0  46.783329 -41.608109 8.533583  0.990398 0.042563 -0.131530  0.099612 0.690420 1 1 1.000000
0  46.728268 -39.736225 8.629930  0.990687 0.038114 -0.130716  0.100589 0.683584 1 1 1.000000
0  46.769566 -39.736225 8.891442  0.992142 0.040824 -0.118273  0.101566 0.683584 1 1 1.000000
skin_0
0  -42.227489 40.396893 18.278395  0.821034 -0.570571 -0.018738  0.839869 0.353496 1 1 1.000000
0  -41.924683 39.749989 20.274153  0.544675 -0.617278 -0.567712  0.828150 0.355449 1 1 1.000000
0  -44.663692 36.955929 21.017401  0.646516 -0.436968 -0.625360  0.823267 0.367168 1 1 1.000000
skin_0
0  -44.663692 36.955929 21.017401  0.646516 -0.436968 -0.625360  0.823267 0.367168 1 1 1.000000
0  -44.484756 36.694416 19.351976  0.899543 -0.396542 0.183241  0.833033 0.368145 1 1 1.000000
0  -42.227489 40.396893 18.278395  0.821034 -0.570571 -0.018738  0.839869 0.353496 1 1 1.000000
skin_0
0  -43.397411 36.501724 21.196331  0.220199 -0.075434 -0.972534  0.822291 0.369121 1 1 1.000000
0  -44.663692 36.955929 21.017401  0.646516 -0.436968 -0.625360  0.823267 0.367168 1 1 1.000000
0  -41.924683 39.749989 20.274153  0.544675 -0.617278 -0.567712  0.828150 0.355449 1 1 1.000000
skin_0
0  -41.924683 39.749989 20.274153  0.544675 -0.617278 -0.567712  0.828150 0.355449 1 1 1.000000
0  -40.575825 37.176151 22.352495  0.392339 -0.070346 -0.917127  0.815455 0.366192 1 1 1.000000
0  -43.397411 36.501724 21.196331  0.220199 -0.075434 -0.972534  0.822291 0.369121 1 1 1.000000
skin_0
0  -44.897675 36.611835 20.976109  0.712404 -0.346293 -0.610378  0.823267 0.369121 1 1 1.000000
0  -43.397411 36.501724 21.196331  0.220199 -0.075434 -0.972534  0.822291 0.369121 1 1 1.000000
0  -40.851105 24.031675 20.301680  0.200091 0.263708 -0.943622  0.827174 0.420881 1 1 1.000000
skin_0
0  -40.851105 24.031675 20.301680  0.200091 0.263708 -0.943622  0.827174 0.420881 1 1 1.000000
0  -44.003025 26.151308 19.517141  0.344505 0.168127 -0.923607  0.832057 0.412091 1 1 1.000000
0  -44.897675 36.611835 20.976109  0.712404 -0.346293 -0.610378  0.823267 0.369121 1 1 1.000000
skin_0
0  -36.543018 26.894560 21.870756  0.211007 0.219875 -0.952434  0.818384 0.409162 1 1 1.000000
0  -40.851105 24.031675 20.301680  0.200091 0.263708 -0.943622  0.827174 0.420881 1 1 1.000000
0  -43.397411 36.501724 21.196331  0.220199 -0.075434 -0.972534  0.822291 0.369121 1 1 1.000000
skin_0
0  -43.397411 36.501724 21.196331  0.220199 -0.075434 -0.972534  0.822291 0.369121 1 1 1.000000
0  -40.575825 37.176151 22.352495  0.392339 -0.070346 -0.917127  0.815455 0.366192 1 1 1.000000
0  -36.543018 26.894560 21.870756  0.211007 0.219875 -0.952434  0.818384 0.409162 1 1 1.000000
skin_0
0  -44.663692 36.955929 21.017401  0.646516 -0.436968 -0.625360  0.823267 0.367168 1 1 1.000000
0  -43.397411 36.501724 21.196331  0.220199 -0.075434 -0.972534  0.822291 0.369121 1 1 1.000000
0  -44.897675 36.611835 20.976109  0.712404 -0.346293 -0.610378  0.823267 0.369121 1 1 1.000000
skin_0
0  -41.965973 -19.737364 3.785062  -0.595781 0.667783 0.446219  0.928739 0.600574 1 1 1.000000
0  -42.585350 -20.012640 3.757534  -0.412689 0.801164 0.433387  0.928739 0.601550 1 1 1.000000
0  -42.420177 -20.480610 7.226024  -0.417663 0.895788 0.152058  0.908231 0.603504 1 1 1.000000
skin_0
0  -42.420177 -20.480610 7.226024  -0.417663 0.895788 0.152058  0.908231 0.603504 1 1 1.000000
0  -41.800804 -20.205334 7.239788  -0.716523 0.693895 0.071441  0.907254 0.602527 1 1 1.000000
0  -41.965973 -19.737364 3.785062  -0.595781 0.667783 0.446219  0.928739 0.600574 1 1 1.000000
skin_0
0  -42.282543 -11.768094 2.505023  -0.551284 -0.022672 0.834009  0.936552 0.568346 1 1 1.000000
0  -42.791805 -11.754330 2.271038  -0.428596 -0.026887 0.903096  0.938505 0.568346 1 1 1.000000
0  -42.475235 -17.562675 2.243510  -0.716689 0.187659 0.671671  0.938505 0.591784 1 1 1.000000
skin_0
0  -42.475235 -17.562675 2.243510  -0.716689 0.187659 0.671671  0.938505 0.591784 1 1 1.000000
0  -42.103611 -17.080940 2.518787  -0.677252 0.086761 0.730618  0.936552 0.589831 1 1 1.000000
0  -42.282543 -11.768094 2.505023  -0.551284 -0.022672 0.834009  0.936552 0.568346 1 1 1.000000
skin_0
0  -42.103611 -17.080940 2.518787  -0.677252 0.086761 0.730618  0.936552 0.589831 1 1 1.000000
0  -42.475235 -17.562675 2.243510  -0.716689 0.187659 0.671671  0.938505 0.591784 1 1 1.000000
0  -42.571587 -18.939060 2.725245  -0.597020 0.422386 0.682025  0.935575 0.597644 1 1 1.000000
skin_0
0  -42.571587 -18.939060 2.725245  -0.597020 0.422386 0.682025  0.935575 0.597644 1 1 1.000000
0  -42.076084 -18.718838 3.000522  -0.638357 0.345700 0.687745  0.933622 0.596667 1 1 1.000000
0  -42.103611 -17.080940 2.518787  -0.677252 0.086761 0.730618  0.936552 0.589831 1 1 1.000000
skin_0
0  -42.076084 -18.718838 3.000522  -0.638357 0.345700 0.687745  0.933622 0.596667 1 1 1.000000
0  -42.571587 -18.939060 2.725245  -0.597020 0.422386 0.682025  0.935575 0.597644 1 1 1.000000
0  -42.585350 -20.012640 3.757534  -0.412689 0.801164 0.433387  0.928739 0.601550 1 1 1.000000
skin_0
0  -42.585350 -20.012640 3.757534  -0.412689 0.801164 0.433387  0.928739 0.601550 1 1 1.000000
0  -41.965973 -19.737364 3.785062  -0.595781 0.667783 0.446219  0.928739 0.600574 1 1 1.000000
0  -42.076084 -18.718838 3.000522  -0.638357 0.345700 0.687745  0.933622 0.596667 1 1 1.000000
skin_0
0  -42.956970 5.354134 2.697718  -0.254936 -0.020844 0.966733  0.935575 0.497055 1 1 1.000000
0  -43.411175 5.354134 2.505024  -0.366141 -0.025298 0.930216  0.936552 0.497055 1 1 1.000000
0  -42.791805 -11.754330 2.271038  -0.428596 -0.026887 0.903096  0.938505 0.568346 1 1 1.000000
skin_0
0  -42.791805 -11.754330 2.271038  -0.428596 -0.026887 0.903096  0.938505 0.568346 1 1 1.000000
0  -42.282543 -11.768094 2.505023  -0.551284 -0.022672 0.834009  0.936552 0.568346 1 1 1.000000
0  -42.956970 5.354134 2.697718  -0.254936 -0.020844 0.966733  0.935575 0.497055 1 1 1.000000
skin_0
0  -42.282543 -11.768094 2.505023  -0.551284 -0.022672 0.834009  0.936552 0.568346 1 1 1.000000
0  -41.429184 5.354134 2.904175  -0.533831 0.006992 0.845562  0.934599 0.497055 1 1 1.000000
0  -42.956970 5.354134 2.697718  -0.254936 -0.020844 0.966733  0.935575 0.497055 1 1 1.000000
skin_0
0  -44.429703 29.399578 7.281079  0.000728 -0.877380 0.479796  0.907254 0.398419 1 1 1.000000
0  -43.934204 29.261938 7.033329  0.362880 -0.796292 0.483980  0.909207 0.399396 1 1 1.000000
0  -44.181953 30.954891 10.185250  0.469057 -0.758634 0.452172  0.889676 0.391583 1 1 1.000000
skin_0
0  -44.181953 30.954891 10.185250  0.469057 -0.758634 0.452172  0.889676 0.391583 1 1 1.000000
0  -44.677456 30.954891 10.185251  0.001230 -0.886318 0.463075  0.889676 0.391583 1 1 1.000000
0  -44.429703 29.399578 7.281079  0.000728 -0.877380 0.479796  0.907254 0.398419 1 1 1.000000
skin_0
0  -43.686455 27.045958 3.427202  0.100765 -0.623516 0.775290  0.930692 0.408185 1 1 1.000000
0  -44.181953 27.045958 3.427202  0.000646 -0.638390 0.769713  0.930692 0.408185 1 1 1.000000
0  -44.154427 25.917322 2.972995  -0.012966 -0.202709 0.979153  0.933622 0.413068 1 1 1.000000
skin_0
0  -44.154427 25.917322 2.972995  -0.012966 -0.202709 0.979153  0.933622 0.413068 1 1 1.000000
0  -43.658928 25.917322 2.986758  -0.029619 -0.175628 0.984011  0.933622 0.413068 1 1 1.000000
0  -43.686455 27.045958 3.427202  0.100765 -0.623516 0.775290  0.930692 0.408185 1 1 1.000000
skin_0
0  -43.658928 25.917322 2.986758  -0.029619 -0.175628 0.984011  0.933622 0.413068 1 1 1.000000
0  -44.154427 25.917322 2.972995  -0.012966 -0.202709 0.979153  0.933622 0.413068 1 1 1.000000
0  -44.154427 21.801931 2.862884  -0.165422 -0.023963 0.985932  0.934599 0.429670 1 1 1.000000
skin_0
0  -44.154427 21.801931 2.862884  -0.165422 -0.023963 0.985932  0.934599 0.429670 1 1 1.000000
0  -43.672691 21.788168 2.945467  -0.237200 -0.010408 0.971405  0.933622 0.429670 1 1 1.000000
0  -43.658928 25.917322 2.986758  -0.029619 -0.175628 0.984011  0.933622 0.413068 1 1 1.000000
skin_0
0  -40.823578 20.769642 3.881408  -0.585554 -0.041530 0.809569  0.928739 0.433576 1 1 1.000000
0  -40.465717 22.724110 4.445726  -0.648728 -0.033491 0.760283  0.924833 0.425764 1 1 1.000000
0  -43.012028 25.752155 3.014286  -0.295045 -0.091726 0.951070  0.933622 0.413068 1 1 1.000000
skin_0
0  -43.012028 25.752155 3.014286  -0.295045 -0.091726 0.951070  0.933622 0.413068 1 1 1.000000
0  -43.672691 21.788168 2.945467  -0.237200 -0.010408 0.971405  0.933622 0.429670 1 1 1.000000
0  -40.823578 20.769642 3.881408  -0.585554 -0.041530 0.809569  0.928739 0.433576 1 1 1.000000
skin_0
0  -43.672691 21.788168 2.945467  -0.237200 -0.010408 0.971405  0.933622 0.429670 1 1 1.000000
0  -44.154427 21.801931 2.862884  -0.165422 -0.023963 0.985932  0.934599 0.429670 1 1 1.000000
0  -43.727745 13.901484 2.628898  -0.329412 -0.031480 0.943662  0.935575 0.461898 1 1 1.000000
skin_0
0  -43.727745 13.901484 2.628898  -0.329412 -0.031480 0.943662  0.935575 0.461898 1 1 1.000000
0  -43.273540 13.681263 2.780301  -0.253637 -0.043402 0.966325  0.934599 0.462874 1 1 1.000000
0  -43.672691 21.788168 2.945467  -0.237200 -0.010408 0.971405  0.933622 0.429670 1 1 1.000000
skin_0
0  -44.677456 33.900356 15.869720  0.618979 -0.615864 0.487419  0.854518 0.379864 1 1 1.000000
0  -45.159184 33.790245 15.704555  0.014259 -0.879530 0.475631  0.855495 0.379864 1 1 1.000000
0  -44.952728 32.427624 13.048132  -0.013421 -0.887910 0.459822  0.872097 0.385723 1 1 1.000000
skin_0
0  -44.952728 32.427624 13.048132  -0.013421 -0.887910 0.459822  0.872097 0.385723 1 1 1.000000
0  -44.457230 32.331280 12.882965  0.495077 -0.752697 0.433988  0.873074 0.386700 1 1 1.000000
0  -44.677456 33.900356 15.869720  0.618979 -0.615864 0.487419  0.854518 0.379864 1 1 1.000000
skin_0
0  -42.103611 -17.080940 2.518787  -0.677252 0.086761 0.730618  0.936552 0.589831 1 1 1.000000
0  -41.140144 -15.952303 3.399674  -0.896796 0.031381 0.441330  0.931669 0.584948 1 1 1.000000
0  -41.057560 -11.781857 3.592367  -0.889751 0.004299 0.456427  0.929716 0.568346 1 1 1.000000
skin_0
0  -41.057560 -11.781857 3.592367  -0.889751 0.004299 0.456427  0.929716 0.568346 1 1 1.000000
0  -42.282543 -11.768094 2.505023  -0.551284 -0.022672 0.834009  0.936552 0.568346 1 1 1.000000
0  -42.103611 -17.080940 2.518787  -0.677252 0.086761 0.730618  0.936552 0.589831 1 1 1.000000
skin_0
0  -41.140144 -15.952303 3.399674  -0.896796 0.031381 0.441330  0.931669 0.584948 1 1 1.000000
0  -42.103611 -17.080940 2.518787  -0.677252 0.086761 0.730618  0.936552 0.589831 1 1 1.000000
0  -42.076084 -18.718838 3.000522  -0.638357 0.345700 0.687745  0.933622 0.596667 1 1 1.000000
skin_0
0  -42.076084 -18.718838 3.000522  -0.638357 0.345700 0.687745  0.933622 0.596667 1 1 1.000000
0  -41.112614 -17.837952 3.743770  -0.910009 0.137786 0.391024  0.928739 0.592761 1 1 1.000000
0  -41.140144 -15.952303 3.399674  -0.896796 0.031381 0.441330  0.931669 0.584948 1 1 1.000000
skin_0
0  -41.965973 -19.737364 3.785062  -0.595781 0.667783 0.446219  0.928739 0.600574 1 1 1.000000
0  -41.126381 -18.498615 4.308088  -0.941246 0.290815 0.171706  0.925810 0.595691 1 1 1.000000
0  -41.112614 -17.837952 3.743770  -0.910009 0.137786 0.391024  0.928739 0.592761 1 1 1.000000
skin_0
0  -41.112614 -17.837952 3.743770  -0.910009 0.137786 0.391024  0.928739 0.592761 1 1 1.000000
0  -42.076084 -18.718838 3.000522  -0.638357 0.345700 0.687745  0.933622 0.596667 1 1 1.000000
0  -41.965973 -19.737364 3.785062  -0.595781 0.667783 0.446219  0.928739 0.600574 1 1 1.000000
skin_0
0  -41.800804 -20.205334 7.239788  -0.716523 0.693895 0.071441  0.907254 0.602527 1 1 1.000000
0  -41.167667 -18.856478 7.239788  -0.966986 0.253939 -0.021290  0.907254 0.597644 1 1 1.000000
0  -41.126381 -18.498615 4.308088  -0.941246 0.290815 0.171706  0.925810 0.595691 1 1 1.000000
skin_0
0  -41.126381 -18.498615 4.308088  -0.941246 0.290815 0.171706  0.925810 0.595691 1 1 1.000000
0  -41.965973 -19.737364 3.785062  -0.595781 0.667783 0.446219  0.928739 0.600574 1 1 1.000000
0  -41.800804 -20.205334 7.239788  -0.716523 0.693895 0.071441  0.907254 0.602527 1 1 1.000000
skin_0
0  -39.571064 7.804100 8.588644  -0.988530 0.124423 0.085601  0.899442 0.487289 1 1 1.000000
0  -39.075565 11.726796 9.125435  -0.982076 0.145278 0.120089  0.896512 0.471664 1 1 1.000000
0  -39.667412 12.194767 5.230265  -0.923588 0.068923 0.377139  0.919950 0.469710 1 1 1.000000
skin_0
0  -39.571064 7.804100 8.588644  -0.988530 0.124423 0.085601  0.899442 0.487289 1 1 1.000000
0  -39.667412 12.194767 5.230265  -0.923588 0.068923 0.377139  0.919950 0.469710 1 1 1.000000
0  -40.204201 5.354134 4.776058  -0.940809 0.049133 0.335358  0.922880 0.497055 1 1 1.000000
skin_0
0  -39.571064 7.804100 8.588644  -0.988530 0.124423 0.085601  0.899442 0.487289 1 1 1.000000
0  -40.204201 5.354134 4.776058  -0.940809 0.049133 0.335358  0.922880 0.497055 1 1 1.000000
0  -39.956451 5.409190 7.900452  -0.983352 0.072083 0.166802  0.903348 0.497055 1 1 1.000000
skin_0
0  -41.057560 -11.781857 3.592367  -0.889751 0.004299 0.456427  0.929716 0.568346 1 1 1.000000
0  -40.699699 -12.222301 7.432481  -0.987375 0.045746 0.151648  0.906278 0.570299 1 1 1.000000
0  -39.956451 5.409190 7.900452  -0.983352 0.072083 0.166802  0.903348 0.497055 1 1 1.000000
skin_0
0  -39.956451 5.409190 7.900452  -0.983352 0.072083 0.166802  0.903348 0.497055 1 1 1.000000
0  -40.204201 5.354134 4.776058  -0.940809 0.049133 0.335358  0.922880 0.497055 1 1 1.000000
0  -41.057560 -11.781857 3.592367  -0.889751 0.004299 0.456427  0.929716 0.568346 1 1 1.000000
skin_0
0  -42.282543 -11.768094 2.505023  -0.551284 -0.022672 0.834009  0.936552 0.568346 1 1 1.000000
0  -41.057560 -11.781857 3.592367  -0.889751 0.004299 0.456427  0.929716 0.568346 1 1 1.000000
0  -40.204201 5.354134 4.776058  -0.940809 0.049133 0.335358  0.922880 0.497055 1 1 1.000000
skin_0
0  -40.204201 5.354134 4.776058  -0.940809 0.049133 0.335358  0.922880 0.497055 1 1 1.000000
0  -41.429184 5.354134 2.904175  -0.533831 0.006992 0.845562  0.934599 0.497055 1 1 1.000000
0  -42.282543 -11.768094 2.505023  -0.551284 -0.022672 0.834009  0.936552 0.568346 1 1 1.000000
skin_0
0  -43.934204 29.261938 7.033329  0.362880 -0.796292 0.483980  0.909207 0.399396 1 1 1.000000
0  -43.590107 29.495924 6.840636  0.766817 -0.525403 0.368707  0.910184 0.398419 1 1 1.000000
0  -43.727745 31.491682 9.854918  0.837599 -0.433711 0.332148  0.891629 0.389630 1 1 1.000000
skin_0
0  -43.727745 31.491682 9.854918  0.837599 -0.433711 0.332148  0.891629 0.389630 1 1 1.000000
0  -44.181953 30.954891 10.185250  0.469057 -0.758634 0.452172  0.889676 0.391583 1 1 1.000000
0  -43.934204 29.261938 7.033329  0.362880 -0.796292 0.483980  0.909207 0.399396 1 1 1.000000
skin_0
0  -43.466236 31.904596 9.620934  0.895963 -0.336164 0.290248  0.892605 0.387677 1 1 1.000000
0  -42.888153 30.624559 6.358902  0.835962 -0.360526 0.413749  0.913114 0.393536 1 1 1.000000
0  -40.988743 38.511246 7.817869  0.865828 -0.231508 0.443561  0.904324 0.361309 1 1 1.000000
skin_0
0  -43.658928 25.917322 2.986758  -0.029619 -0.175628 0.984011  0.933622 0.413068 1 1 1.000000
0  -43.122139 27.032194 3.289563  0.032462 -0.437388 0.898687  0.931669 0.408185 1 1 1.000000
0  -43.686455 27.045958 3.427202  0.100765 -0.623516 0.775290  0.930692 0.408185 1 1 1.000000
skin_0
0  -39.681175 24.279427 5.051335  -0.595319 0.027125 0.803031  0.920927 0.419904 1 1 1.000000
0  -42.103611 28.367289 3.895172  -0.042148 -0.353341 0.934545  0.927763 0.402326 1 1 1.000000
0  -43.012028 25.752155 3.014286  -0.295045 -0.091726 0.951070  0.933622 0.413068 1 1 1.000000
skin_0
0  -43.012028 25.752155 3.014286  -0.295045 -0.091726 0.951070  0.933622 0.413068 1 1 1.000000
0  -40.465717 22.724110 4.445726  -0.648728 -0.033491 0.760283  0.924833 0.425764 1 1 1.000000
0  -39.681175 24.279427 5.051335  -0.595319 0.027125 0.803031  0.920927 0.419904 1 1 1.000000
skin_0
0  -42.103611 28.367289 3.895172  -0.042148 -0.353341 0.934545  0.927763 0.402326 1 1 1.000000
0  -43.122139 27.032194 3.289563  0.032462 -0.437388 0.898687  0.931669 0.408185 1 1 1.000000
0  -43.012028 25.752155 3.014286  -0.295045 -0.091726 0.951070  0.933622 0.413068 1 1 1.000000
skin_0
0  -41.057560 12.951778 3.083105  -0.532604 -0.020507 0.846116  0.933622 0.465804 1 1 1.000000
0  -39.667412 12.194767 5.230265  -0.923588 0.068923 0.377139  0.919950 0.469710 1 1 1.000000
0  -38.635124 19.090454 6.620414  -0.866215 0.090133 0.491475  0.911161 0.440413 1 1 1.000000
skin_0
0  -38.635124 19.090454 6.620414  -0.866215 0.090133 0.491475  0.911161 0.440413 1 1 1.000000
0  -40.823578 20.769642 3.881408  -0.585554 -0.041530 0.809569  0.928739 0.433576 1 1 1.000000
0  -41.057560 12.951778 3.083105  -0.532604 -0.020507 0.846116  0.933622 0.465804 1 1 1.000000
skin_0
0  -37.864349 17.837946 9.731044  -0.954938 0.222242 0.196728  0.892605 0.446272 1 1 1.000000
0  -38.635124 19.090454 6.620414  -0.866215 0.090133 0.491475  0.911161 0.440413 1 1 1.000000
0  -39.667412 12.194767 5.230265  -0.923588 0.068923 0.377139  0.919950 0.469710 1 1 1.000000
skin_0
0  -39.667412 12.194767 5.230265  -0.923588 0.068923 0.377139  0.919950 0.469710 1 1 1.000000
0  -39.075565 11.726796 9.125435  -0.982076 0.145278 0.120089  0.896512 0.471664 1 1 1.000000
0  -37.864349 17.837946 9.731044  -0.954938 0.222242 0.196728  0.892605 0.446272 1 1 1.000000
skin_0
0  -43.782806 33.336040 12.208537  0.905788 -0.324002 0.273077  0.876980 0.381817 1 1 1.000000
0  -44.457230 32.331280 12.882965  0.495077 -0.752697 0.433988  0.873074 0.386700 1 1 1.000000
0  -44.181953 30.954891 10.185250  0.469057 -0.758634 0.452172  0.889676 0.391583 1 1 1.000000
skin_0
0  -44.181953 30.954891 10.185250  0.469057 -0.758634 0.452172  0.889676 0.391583 1 1 1.000000
0  -43.727745 31.491682 9.854918  0.837599 -0.433711 0.332148  0.891629 0.389630 1 1 1.000000
0  -43.782806 33.336040 12.208537  0.905788 -0.324002 0.273077  0.876980 0.381817 1 1 1.000000
skin_0
0  -40.823578 20.769642 3.881408  -0.585554 -0.041530 0.809569  0.928739 0.433576 1 1 1.000000
0  -38.635124 19.090454 6.620414  -0.866215 0.090133 0.491475  0.911161 0.440413 1 1 1.000000
0  -40.465717 22.724110 4.445726  -0.648728 -0.033491 0.760283  0.924833 0.425764 1 1 1.000000
skin_0
0  -36.955933 20.480604 9.992557  -0.913882 0.321362 0.248084  0.890652 0.435530 1 1 1.000000
0  -37.795528 21.540421 7.170968  -0.801481 0.189566 0.567180  0.908231 0.430647 1 1 1.000000
0  -38.635124 19.090454 6.620414  -0.866215 0.090133 0.491475  0.911161 0.440413 1 1 1.000000
skin_0
0  -38.635124 19.090454 6.620414  -0.866215 0.090133 0.491475  0.911161 0.440413 1 1 1.000000
0  -37.864349 17.837946 9.731044  -0.954938 0.222242 0.196728  0.892605 0.446272 1 1 1.000000
0  -36.955933 20.480604 9.992557  -0.913882 0.321362 0.248084  0.890652 0.435530 1 1 1.000000
skin_0
0  -37.795528 21.540421 7.170968  -0.801481 0.189566 0.567180  0.908231 0.430647 1 1 1.000000
0  -39.681175 24.279427 5.051335  -0.595319 0.027125 0.803031  0.920927 0.419904 1 1 1.000000
0  -40.465717 22.724110 4.445726  -0.648728 -0.033491 0.760283  0.924833 0.425764 1 1 1.000000
skin_0
0  -40.465717 22.724110 4.445726  -0.648728 -0.033491 0.760283  0.924833 0.425764 1 1 1.000000
0  -38.635124 19.090454 6.620414  -0.866215 0.090133 0.491475  0.911161 0.440413 1 1 1.000000
0  -37.795528 21.540421 7.170968  -0.801481 0.189566 0.567180  0.908231 0.430647 1 1 1.000000
skin_0
0  -35.730953 23.384779 10.240306  -0.893964 0.340598 0.291240  0.889676 0.422834 1 1 1.000000
0  -36.350323 24.871271 7.845397  -0.754373 0.199315 0.625456  0.904324 0.416974 1 1 1.000000
0  -37.795528 21.540421 7.170968  -0.801481 0.189566 0.567180  0.908231 0.430647 1 1 1.000000
skin_0
0  -37.795528 21.540421 7.170968  -0.801481 0.189566 0.567180  0.908231 0.430647 1 1 1.000000
0  -36.955933 20.480604 9.992557  -0.913882 0.321362 0.248084  0.890652 0.435530 1 1 1.000000
0  -35.730953 23.384779 10.240306  -0.893964 0.340598 0.291240  0.889676 0.422834 1 1 1.000000
skin_0
0  -36.350323 24.871271 7.845397  -0.754373 0.199315 0.625456  0.904324 0.416974 1 1 1.000000
0  -37.891876 27.541456 6.056096  -0.525169 0.026701 0.850579  0.915067 0.406232 1 1 1.000000
0  -39.681175 24.279427 5.051335  -0.595319 0.027125 0.803031  0.920927 0.419904 1 1 1.000000
skin_0
0  -39.681175 24.279427 5.051335  -0.595319 0.027125 0.803031  0.920927 0.419904 1 1 1.000000
0  -37.795528 21.540421 7.170968  -0.801481 0.189566 0.567180  0.908231 0.430647 1 1 1.000000
0  -36.350323 24.871271 7.845397  -0.754373 0.199315 0.625456  0.904324 0.416974 1 1 1.000000
skin_0
0  -39.942692 31.684376 5.202737  -0.163517 -0.265020 0.950277  0.919950 0.388653 1 1 1.000000
0  -42.103611 28.367289 3.895172  -0.042148 -0.353341 0.934545  0.927763 0.402326 1 1 1.000000
0  -39.681175 24.279427 5.051335  -0.595319 0.027125 0.803031  0.920927 0.419904 1 1 1.000000
skin_0
0  -39.681175 24.279427 5.051335  -0.595319 0.027125 0.803031  0.920927 0.419904 1 1 1.000000
0  -37.891876 27.541456 6.056096  -0.525169 0.026701 0.850579  0.915067 0.406232 1 1 1.000000
0  -39.942692 31.684376 5.202737  -0.163517 -0.265020 0.950277  0.919950 0.388653 1 1 1.000000
skin_0
0  -40.988743 38.511246 7.817869  0.865828 -0.231508 0.443561  0.904324 0.361309 1 1 1.000000
0  -42.888153 30.624559 6.358902  0.835962 -0.360526 0.413749  0.913114 0.393536 1 1 1.000000
0  -42.103611 28.367289 3.895172  -0.042148 -0.353341 0.934545  0.927763 0.402326 1 1 1.000000
skin_0
0  -42.103611 28.367289 3.895172  -0.042148 -0.353341 0.934545  0.927763 0.402326 1 1 1.000000
0  -39.942692 31.684376 5.202737  -0.163517 -0.265020 0.950277  0.919950 0.388653 1 1 1.000000
0  -40.988743 38.511246 7.817869  0.865828 -0.231508 0.443561  0.904324 0.361309 1 1 1.000000
skin_0
0  -43.658928 25.917322 2.986758  -0.029619 -0.175628 0.984011  0.933622 0.413068 1 1 1.000000
0  -43.012028 25.752155 3.014286  -0.295045 -0.091726 0.951070  0.933622 0.413068 1 1 1.000000
0  -43.122139 27.032194 3.289563  0.032462 -0.437388 0.898687  0.931669 0.408185 1 1 1.000000
skin_0
0  -42.888153 30.624559 6.358902  0.835962 -0.360526 0.413749  0.913114 0.393536 1 1 1.000000
0  -43.535053 28.202122 4.886169  0.582149 -0.625349 0.519655  0.921903 0.403302 1 1 1.000000
0  -43.122139 27.032194 3.289563  0.032462 -0.437388 0.898687  0.931669 0.408185 1 1 1.000000
skin_0
0  -43.122139 27.032194 3.289563  0.032462 -0.437388 0.898687  0.931669 0.408185 1 1 1.000000
0  -42.103611 28.367289 3.895172  -0.042148 -0.353341 0.934545  0.927763 0.402326 1 1 1.000000
0  -42.888153 30.624559 6.358902  0.835962 -0.360526 0.413749  0.913114 0.393536 1 1 1.000000
skin_0
0  -40.988743 38.511246 7.817869  0.865828 -0.231508 0.443561  0.904324 0.361309 1 1 1.000000
0  -41.704468 39.749989 9.841155  0.926547 -0.230950 0.296940  0.891629 0.355449 1 1 1.000000
0  -43.782806 33.336040 12.208537  0.905788 -0.324002 0.273077  0.876980 0.381817 1 1 1.000000
skin_0
0  -43.782806 33.336040 12.208537  0.905788 -0.324002 0.273077  0.876980 0.381817 1 1 1.000000
0  -43.466236 31.904596 9.620934  0.895963 -0.336164 0.290248  0.892605 0.387677 1 1 1.000000
0  -40.988743 38.511246 7.817869  0.865828 -0.231508 0.443561  0.904324 0.361309 1 1 1.000000
skin_0
0  -44.484756 36.694416 19.351976  0.899543 -0.396542 0.183241  0.833033 0.368145 1 1 1.000000
0  -43.782806 33.336040 12.208537  0.905788 -0.324002 0.273077  0.876980 0.381817 1 1 1.000000
0  -41.704468 39.749989 9.841155  0.926547 -0.230950 0.296940  0.891629 0.355449 1 1 1.000000
skin_0
0  -41.704468 39.749989 9.841155  0.926547 -0.230950 0.296940  0.891629 0.355449 1 1 1.000000
0  -42.227489 40.396893 18.278395  0.821034 -0.570571 -0.018738  0.839869 0.353496 1 1 1.000000
0  -44.484756 36.694416 19.351976  0.899543 -0.396542 0.183241  0.833033 0.368145 1 1 1.000000
skin_0
0  -39.158150 21.361488 19.173044  -0.232934 0.512636 -0.826405  0.834010 0.431623 1 1 1.000000
0  -43.328594 18.264624 18.140757  -0.093048 0.314619 -0.944646  0.840846 0.444319 1 1 1.000000
0  -40.851105 24.031675 20.301680  0.200091 0.263708 -0.943622  0.827174 0.420881 1 1 1.000000
skin_0
0  -41.195198 13.254583 16.434040  -0.545137 0.211564 -0.811213  0.851588 0.464827 1 1 1.000000
0  -43.190956 14.039123 17.535149  -0.446993 0.116358 -0.886938  0.844752 0.461898 1 1 1.000000
0  -43.328594 18.264624 18.140757  -0.093048 0.314619 -0.944646  0.840846 0.444319 1 1 1.000000
skin_0
0  -43.328594 18.264624 18.140757  -0.093048 0.314619 -0.944646  0.840846 0.444319 1 1 1.000000
0  -40.892395 17.301153 17.369982  -0.353735 0.375251 -0.856772  0.845729 0.448225 1 1 1.000000
0  -41.195198 13.254583 16.434040  -0.545137 0.211564 -0.811213  0.851588 0.464827 1 1 1.000000
skin_0
0  -40.892395 17.301153 17.369982  -0.353735 0.375251 -0.856772  0.845729 0.448225 1 1 1.000000
0  -43.328594 18.264624 18.140757  -0.093048 0.314619 -0.944646  0.840846 0.444319 1 1 1.000000
0  -39.158150 21.361488 19.173044  -0.232934 0.512636 -0.826405  0.834010 0.431623 1 1 1.000000
skin_0
0  -39.447189 11.740561 14.273113  -0.854390 0.223091 -0.469305  0.864284 0.470687 1 1 1.000000
0  -41.195198 13.254583 16.434040  -0.545137 0.211564 -0.811213  0.851588 0.464827 1 1 1.000000
0  -40.892395 17.301153 17.369982  -0.353735 0.375251 -0.856772  0.845729 0.448225 1 1 1.000000
skin_0
0  -40.892395 17.301153 17.369982  -0.353735 0.375251 -0.856772  0.845729 0.448225 1 1 1.000000
0  -38.731472 16.654255 15.415513  -0.786223 0.362916 -0.500145  0.857448 0.451155 1 1 1.000000
0  -39.447189 11.740561 14.273113  -0.854390 0.223091 -0.469305  0.864284 0.470687 1 1 1.000000
skin_0
0  -36.887115 24.141788 20.618248  -0.105286 0.496380 -0.861697  0.825221 0.419904 1 1 1.000000
0  -39.158150 21.361488 19.173044  -0.232934 0.512636 -0.826405  0.834010 0.431623 1 1 1.000000
0  -40.851105 24.031675 20.301680  0.200091 0.263708 -0.943622  0.827174 0.420881 1 1 1.000000
skin_0
0  -40.851105 24.031675 20.301680  0.200091 0.263708 -0.943622  0.827174 0.420881 1 1 1.000000
0  -36.543018 26.894560 21.870756  0.211007 0.219875 -0.952434  0.818384 0.409162 1 1 1.000000
0  -36.887115 24.141788 20.618248  -0.105286 0.496380 -0.861697  0.825221 0.419904 1 1 1.000000
skin_0
0  -37.534016 19.998869 16.709314  -0.732529 0.524126 -0.434389  0.849635 0.437483 1 1 1.000000
0  -39.158150 21.361488 19.173044  -0.232934 0.512636 -0.826405  0.834010 0.431623 1 1 1.000000
0  -36.887115 24.141788 20.618248  -0.105286 0.496380 -0.861697  0.825221 0.419904 1 1 1.000000
skin_0
0  -36.887115 24.141788 20.618248  -0.105286 0.496380 -0.861697  0.825221 0.419904 1 1 1.000000
0  -36.143864 22.490128 17.782894  -0.733556 0.556820 -0.389676  0.842799 0.426740 1 1 1.000000
0  -37.534016 19.998869 16.709314  -0.732529 0.524126 -0.434389  0.849635 0.437483 1 1 1.000000
skin_0
0  -39.158150 21.361488 19.173044  -0.232934 0.512636 -0.826405  0.834010 0.431623 1 1 1.000000
0  -37.534016 19.998869 16.709314  -0.732529 0.524126 -0.434389  0.849635 0.437483 1 1 1.000000
0  -38.731472 16.654255 15.415513  -0.786223 0.362916 -0.500145  0.857448 0.451155 1 1 1.000000
skin_0
0  -38.731472 16.654255 15.415513  -0.786223 0.362916 -0.500145  0.857448 0.451155 1 1 1.000000
0  -40.892395 17.301153 17.369982  -0.353735 0.375251 -0.856772  0.845729 0.448225 1 1 1.000000
0  -39.158150 21.361488 19.173044  -0.232934 0.512636 -0.826405  0.834010 0.431623 1 1 1.000000
skin_0
0  -38.965454 11.437756 11.203775  -0.986713 0.154514 -0.050232  0.883816 0.472640 1 1 1.000000
0  -39.447189 11.740561 14.273113  -0.854390 0.223091 -0.469305  0.864284 0.470687 1 1 1.000000
0  -38.731472 16.654255 15.415513  -0.786223 0.362916 -0.500145  0.857448 0.451155 1 1 1.000000
skin_0
0  -38.731472 16.654255 15.415513  -0.786223 0.362916 -0.500145  0.857448 0.451155 1 1 1.000000
0  -37.795528 17.025877 12.263593  -0.956430 0.285429 -0.061412  0.876980 0.449202 1 1 1.000000
0  -38.965454 11.437756 11.203775  -0.986713 0.154514 -0.050232  0.883816 0.472640 1 1 1.000000
skin_0
0  -37.534016 19.998869 16.709314  -0.732529 0.524126 -0.434389  0.849635 0.437483 1 1 1.000000
0  -36.777004 19.833704 13.006841  -0.919589 0.392030 -0.025856  0.872097 0.437483 1 1 1.000000
0  -37.795528 17.025877 12.263593  -0.956430 0.285429 -0.061412  0.876980 0.449202 1 1 1.000000
skin_0
0  -37.795528 17.025877 12.263593  -0.956430 0.285429 -0.061412  0.876980 0.449202 1 1 1.000000
0  -38.731472 16.654255 15.415513  -0.786223 0.362916 -0.500145  0.857448 0.451155 1 1 1.000000
0  -37.534016 19.998869 16.709314  -0.732529 0.524126 -0.434389  0.849635 0.437483 1 1 1.000000
skin_0
0  -36.143864 22.490128 17.782894  -0.733556 0.556820 -0.389676  0.842799 0.426740 1 1 1.000000
0  -35.648369 22.297432 13.681269  -0.909440 0.415823 -0.003040  0.868191 0.427717 1 1 1.000000
0  -36.777004 19.833704 13.006841  -0.919589 0.392030 -0.025856  0.872097 0.437483 1 1 1.000000
skin_0
0  -36.777004 19.833704 13.006841  -0.919589 0.392030 -0.025856  0.872097 0.437483 1 1 1.000000
0  -37.534016 19.998869 16.709314  -0.732529 0.524126 -0.434389  0.849635 0.437483 1 1 1.000000
0  -36.143864 22.490128 17.782894  -0.733556 0.556820 -0.389676  0.842799 0.426740 1 1 1.000000
skin_0
0  -39.075565 11.726796 9.125435  -0.982076 0.145278 0.120089  0.896512 0.471664 1 1 1.000000
0  -38.965454 11.437756 11.203775  -0.986713 0.154514 -0.050232  0.883816 0.472640 1 1 1.000000
0  -37.795528 17.025877 12.263593  -0.956430 0.285429 -0.061412  0.876980 0.449202 1 1 1.000000
skin_0
0  -37.795528 17.025877 12.263593  -0.956430 0.285429 -0.061412  0.876980 0.449202 1 1 1.000000
0  -37.864349 17.837946 9.731044  -0.954938 0.222242 0.196728  0.892605 0.446272 1 1 1.000000
0  -39.075565 11.726796 9.125435  -0.982076 0.145278 0.120089  0.896512 0.471664 1 1 1.000000
skin_0
0  -37.864349 17.837946 9.731044  -0.954938 0.222242 0.196728  0.892605 0.446272 1 1 1.000000
0  -37.795528 17.025877 12.263593  -0.956430 0.285429 -0.061412  0.876980 0.449202 1 1 1.000000
0  -36.777004 19.833704 13.006841  -0.919589 0.392030 -0.025856  0.872097 0.437483 1 1 1.000000
skin_0
0  -36.777004 19.833704 13.006841  -0.919589 0.392030 -0.025856  0.872097 0.437483 1 1 1.000000
0  -36.955933 20.480604 9.992557  -0.913882 0.321362 0.248084  0.890652 0.435530 1 1 1.000000
0  -37.864349 17.837946 9.731044  -0.954938 0.222242 0.196728  0.892605 0.446272 1 1 1.000000
skin_0
0  -35.648369 22.297432 13.681269  -0.909440 0.415823 -0.003040  0.868191 0.427717 1 1 1.000000
0  -35.730953 23.384779 10.240306  -0.893964 0.340598 0.291240  0.889676 0.422834 1 1 1.000000
0  -36.955933 20.480604 9.992557  -0.913882 0.321362 0.248084  0.890652 0.435530 1 1 1.000000
skin_0
0  -36.955933 20.480604 9.992557  -0.913882 0.321362 0.248084  0.890652 0.435530 1 1 1.000000
0  -36.777004 19.833704 13.006841  -0.919589 0.392030 -0.025856  0.872097 0.437483 1 1 1.000000
0  -35.648369 22.297432 13.681269  -0.909440 0.415823 -0.003040  0.868191 0.427717 1 1 1.000000
skin_0
0  -39.158150 9.441998 10.845915  -0.995167 0.097227 -0.013783  0.885769 0.480453 1 1 1.000000
0  -39.447189 11.740561 14.273113  -0.854390 0.223091 -0.469305  0.864284 0.470687 1 1 1.000000
0  -38.965454 11.437756 11.203775  -0.986713 0.154514 -0.050232  0.883816 0.472640 1 1 1.000000
skin_0
0  -39.075565 11.726796 9.125435  -0.982076 0.145278 0.120089  0.896512 0.471664 1 1 1.000000
0  -39.571064 7.804100 8.588644  -0.988530 0.124423 0.085601  0.899442 0.487289 1 1 1.000000
0  -39.378372 8.698750 9.675989  -0.989775 0.094962 0.106430  0.892605 0.483383 1 1 1.000000
skin_0
0  -41.085087 -17.686548 7.281079  -0.998010 0.062895 0.004528  0.907254 0.592761 1 1 1.000000
0  -41.112614 -17.837952 3.743770  -0.910009 0.137786 0.391024  0.928739 0.592761 1 1 1.000000
0  -41.126381 -18.498615 4.308088  -0.941246 0.290815 0.171706  0.925810 0.595691 1 1 1.000000
skin_0
0  -41.126381 -18.498615 4.308088  -0.941246 0.290815 0.171706  0.925810 0.595691 1 1 1.000000
0  -41.167667 -18.856478 7.239788  -0.966986 0.253939 -0.021290  0.907254 0.597644 1 1 1.000000
0  -41.085087 -17.686548 7.281079  -0.998010 0.062895 0.004528  0.907254 0.592761 1 1 1.000000
skin_0
0  -40.699699 -12.222301 7.432481  -0.987375 0.045746 0.151648  0.906278 0.570299 1 1 1.000000
0  -41.057560 -11.781857 3.592367  -0.889751 0.004299 0.456427  0.929716 0.568346 1 1 1.000000
0  -41.140144 -15.952303 3.399674  -0.896796 0.031381 0.441330  0.931669 0.584948 1 1 1.000000
skin_0
0  -41.140144 -15.952303 3.399674  -0.896796 0.031381 0.441330  0.931669 0.584948 1 1 1.000000
0  -41.085087 -17.686548 7.281079  -0.998010 0.062895 0.004528  0.907254 0.592761 1 1 1.000000
0  -40.699699 -12.222301 7.432481  -0.987375 0.045746 0.151648  0.906278 0.570299 1 1 1.000000
skin_0
0  -40.823578 20.769642 3.881408  -0.585554 -0.041530 0.809569  0.928739 0.433576 1 1 1.000000
0  -43.672691 21.788168 2.945467  -0.237200 -0.010408 0.971405  0.933622 0.429670 1 1 1.000000
0  -43.273540 13.681263 2.780301  -0.253637 -0.043402 0.966325  0.934599 0.462874 1 1 1.000000
skin_0
0  -43.273540 13.681263 2.780301  -0.253637 -0.043402 0.966325  0.934599 0.462874 1 1 1.000000
0  -41.057560 12.951778 3.083105  -0.532604 -0.020507 0.846116  0.933622 0.465804 1 1 1.000000
0  -40.823578 20.769642 3.881408  -0.585554 -0.041530 0.809569  0.928739 0.433576 1 1 1.000000
skin_0
0  -43.012028 25.752155 3.014286  -0.295045 -0.091726 0.951070  0.933622 0.413068 1 1 1.000000
0  -43.658928 25.917322 2.986758  -0.029619 -0.175628 0.984011  0.933622 0.413068 1 1 1.000000
0  -43.672691 21.788168 2.945467  -0.237200 -0.010408 0.971405  0.933622 0.429670 1 1 1.000000
skin_0
0  -41.828331 -20.246626 7.404953  -0.685471 0.690714 0.230311  0.906278 0.602527 1 1 1.000000
0  -41.800804 -20.205334 7.239788  -0.716523 0.693895 0.071441  0.907254 0.602527 1 1 1.000000
0  -42.420177 -20.480610 7.226024  -0.417663 0.895788 0.152058  0.908231 0.603504 1 1 1.000000
skin_0
0  -42.420177 -20.480610 7.226024  -0.417663 0.895788 0.152058  0.908231 0.603504 1 1 1.000000
0  -42.447704 -20.521902 7.404953  -0.406051 0.865241 0.294078  0.906278 0.604480 1 1 1.000000
0  -41.828331 -20.246626 7.404953  -0.685471 0.690714 0.230311  0.906278 0.602527 1 1 1.000000
skin_0
0  -41.181431 -18.870241 7.404953  -0.959772 0.254876 0.117797  0.906278 0.597644 1 1 1.000000
0  -41.167667 -18.856478 7.239788  -0.966986 0.253939 -0.021290  0.907254 0.597644 1 1 1.000000
0  -41.800804 -20.205334 7.239788  -0.716523 0.693895 0.071441  0.907254 0.602527 1 1 1.000000
skin_0
0  -41.800804 -20.205334 7.239788  -0.716523 0.693895 0.071441  0.907254 0.602527 1 1 1.000000
0  -41.828331 -20.246626 7.404953  -0.685471 0.690714 0.230311  0.906278 0.602527 1 1 1.000000
0  -41.181431 -18.870241 7.404953  -0.959772 0.254876 0.117797  0.906278 0.597644 1 1 1.000000
skin_0
0  -39.626122 7.501295 8.616172  -0.988843 0.119287 0.089218  0.899442 0.488266 1 1 1.000000
0  -39.571064 7.804100 8.588644  -0.988530 0.124423 0.085601  0.899442 0.487289 1 1 1.000000
0  -39.956451 5.409190 7.900452  -0.983352 0.072083 0.166802  0.903348 0.497055 1 1 1.000000
skin_0
0  -39.956451 5.409190 7.900452  -0.983352 0.072083 0.166802  0.903348 0.497055 1 1 1.000000
0  -39.901394 5.409190 8.065618  -0.906397 0.014691 0.422171  0.902371 0.497055 1 1 1.000000
0  -39.626122 7.501295 8.616172  -0.988843 0.119287 0.089218  0.899442 0.488266 1 1 1.000000
skin_0
0  -39.901394 5.409190 8.065618  -0.906397 0.014691 0.422171  0.902371 0.497055 1 1 1.000000
0  -39.956451 5.409190 7.900452  -0.983352 0.072083 0.166802  0.903348 0.497055 1 1 1.000000
0  -40.699699 -12.222301 7.432481  -0.987375 0.045746 0.151648  0.906278 0.570299 1 1 1.000000
skin_0
0  -40.699699 -12.222301 7.432481  -0.987375 0.045746 0.151648  0.906278 0.570299 1 1 1.000000
0  -40.658405 -12.236064 7.597647  -0.920007 0.044207 0.389401  0.905301 0.570299 1 1 1.000000
0  -39.901394 5.409190 8.065618  -0.906397 0.014691 0.422171  0.902371 0.497055 1 1 1.000000
skin_0
0  -43.177193 13.860193 17.507620  -0.492747 -0.010149 -0.870114  0.844752 0.462874 1 1 1.000000
0  -43.190956 14.039123 17.535149  -0.446993 0.116358 -0.886938  0.844752 0.461898 1 1 1.000000
0  -41.195198 13.254583 16.434040  -0.545137 0.211564 -0.811213  0.851588 0.464827 1 1 1.000000
skin_0
0  -41.195198 13.254583 16.434040  -0.545137 0.211564 -0.811213  0.851588 0.464827 1 1 1.000000
0  -41.208961 13.061890 16.378984  -0.625032 0.064272 -0.777949  0.851588 0.465804 1 1 1.000000
0  -43.177193 13.860193 17.507620  -0.492747 -0.010149 -0.870114  0.844752 0.462874 1 1 1.000000
skin_0
0  -41.208961 13.061890 16.378984  -0.625032 0.064272 -0.777949  0.851588 0.465804 1 1 1.000000
0  -41.195198 13.254583 16.434040  -0.545137 0.211564 -0.811213  0.851588 0.464827 1 1 1.000000
0  -39.447189 11.740561 14.273113  -0.854390 0.223091 -0.469305  0.864284 0.470687 1 1 1.000000
skin_0
0  -39.447189 11.740561 14.273113  -0.854390 0.223091 -0.469305  0.864284 0.470687 1 1 1.000000
0  -39.474720 11.547866 14.231823  -0.912983 0.062481 -0.403185  0.865261 0.471664 1 1 1.000000
0  -41.208961 13.061890 16.378984  -0.625032 0.064272 -0.777949  0.851588 0.465804 1 1 1.000000
skin_0
0  -39.158150 9.441998 10.845915  -0.995167 0.097227 -0.013783  0.885769 0.480453 1 1 1.000000
0  -39.185677 9.221776 10.804625  -0.995322 -0.053881 0.080195  0.885769 0.481429 1 1 1.000000
0  -39.474720 11.547866 14.231823  -0.912983 0.062481 -0.403185  0.865261 0.471664 1 1 1.000000
skin_0
0  -39.474720 11.547866 14.231823  -0.912983 0.062481 -0.403185  0.865261 0.471664 1 1 1.000000
0  -39.447189 11.740561 14.273113  -0.854390 0.223091 -0.469305  0.864284 0.470687 1 1 1.000000
0  -39.158150 9.441998 10.845915  -0.995167 0.097227 -0.013783  0.885769 0.480453 1 1 1.000000
skin_0
0  -39.185677 9.221776 10.804625  -0.995322 -0.053881 0.080195  0.885769 0.481429 1 1 1.000000
0  -39.158150 9.441998 10.845915  -0.995167 0.097227 -0.013783  0.885769 0.480453 1 1 1.000000
0  -39.378372 8.698750 9.675989  -0.989775 0.094962 0.106430  0.892605 0.483383 1 1 1.000000
skin_0
0  -39.378372 8.698750 9.675989  -0.989775 0.094962 0.106430  0.892605 0.483383 1 1 1.000000
0  -39.392136 8.492291 9.689753  -0.973721 -0.050976 0.221966  0.892605 0.484359 1 1 1.000000
0  -39.185677 9.221776 10.804625  -0.995322 -0.053881 0.080195  0.885769 0.481429 1 1 1.000000
skin_0
0  -39.392136 8.492291 9.689753  -0.973721 -0.050976 0.221966  0.892605 0.484359 1 1 1.000000
0  -39.378372 8.698750 9.675989  -0.989775 0.094962 0.106430  0.892605 0.483383 1 1 1.000000
0  -39.571064 7.804100 8.588644  -0.988530 0.124423 0.085601  0.899442 0.487289 1 1 1.000000
skin_0
0  -39.571064 7.804100 8.588644  -0.988530 0.124423 0.085601  0.899442 0.487289 1 1 1.000000
0  -39.626122 7.501295 8.616172  -0.988843 0.119287 0.089218  0.899442 0.488266 1 1 1.000000
0  -39.392136 8.492291 9.689753  -0.973721 -0.050976 0.221966  0.892605 0.484359 1 1 1.000000
skin_0
0  -41.167667 -18.856478 7.239788  -0.966986 0.253939 -0.021290  0.907254 0.597644 1 1 1.000000
0  -41.181431 -18.870241 7.404953  -0.959772 0.254876 0.117797  0.906278 0.597644 1 1 1.000000
0  -41.085087 -17.617729 7.446246  -0.982729 0.072173 0.170395  0.906278 0.591784 1 1 1.000000
skin_0
0  -41.085087 -17.617729 7.446246  -0.982729 0.072173 0.170395  0.906278 0.591784 1 1 1.000000
0  -41.085087 -17.686548 7.281079  -0.998010 0.062895 0.004528  0.907254 0.592761 1 1 1.000000
0  -41.167667 -18.856478 7.239788  -0.966986 0.253939 -0.021290  0.907254 0.597644 1 1 1.000000
skin_0
0  -41.085087 -17.686548 7.281079  -0.998010 0.062895 0.004528  0.907254 0.592761 1 1 1.000000
0  -41.085087 -17.617729 7.446246  -0.982729 0.072173 0.170395  0.906278 0.591784 1 1 1.000000
0  -40.658405 -12.236064 7.597647  -0.920007 0.044207 0.389401  0.905301 0.570299 1 1 1.000000
skin_0
0  -40.658405 -12.236064 7.597647  -0.920007 0.044207 0.389401  0.905301 0.570299 1 1 1.000000
0  -40.699699 -12.222301 7.432481  -0.987375 0.045746 0.151648  0.906278 0.570299 1 1 1.000000
0  -41.085087 -17.686548 7.281079  -0.998010 0.062895 0.004528  0.907254 0.592761 1 1 1.000000
skin_0
0  -41.814568 -20.329206 7.597648  -0.629175 0.678775 0.378685  0.990265 0.207984 1 1 1.000000
0  -41.828331 -20.246626 7.404953  -0.685471 0.690714 0.230311  0.009766 0.020478 1 1 1.000000
0  -42.447704 -20.521902 7.404953  -0.406051 0.865241 0.294078  0.009766 0.009735 1 1 1.000000
skin_0
0  -42.447704 -20.521902 7.404953  -0.406051 0.865241 0.294078  0.009766 0.009735 1 1 1.000000
0  -42.406414 -20.604485 7.583884  -0.388174 0.831148 0.398137  0.990265 0.192358 1 1 1.000000
0  -41.814568 -20.329206 7.597648  -0.629175 0.678775 0.378685  0.990265 0.207984 1 1 1.000000
skin_0
0  -41.140141 -18.897768 7.597648  -0.922084 0.256037 0.290183  0.990265 0.207007 1 1 1.000000
0  -41.181431 -18.870241 7.404953  -0.959772 0.254876 0.117797  0.009766 0.021455 1 1 1.000000
0  -41.828331 -20.246626 7.404953  -0.685471 0.690714 0.230311  0.009766 0.020478 1 1 1.000000
skin_0
0  -41.828331 -20.246626 7.404953  -0.685471 0.690714 0.230311  0.009766 0.020478 1 1 1.000000
0  -41.814568 -20.329206 7.597648  -0.629175 0.678775 0.378685  0.990265 0.207984 1 1 1.000000
0  -41.140141 -18.897768 7.597648  -0.922084 0.256037 0.290183  0.990265 0.207007 1 1 1.000000
skin_0
0  -39.626122 7.198491 8.726283  -0.972368 0.066717 0.223718  0.990265 0.078097 1 1 1.000000
0  -39.626122 7.501295 8.616172  -0.988843 0.119287 0.089218  0.009766 0.067354 1 1 1.000000
0  -39.901394 5.409190 8.065618  -0.906397 0.014691 0.422171  0.009766 0.009735 1 1 1.000000
skin_0
0  -39.901394 5.409190 8.065618  -0.906397 0.014691 0.422171  0.009766 0.009735 1 1 1.000000
0  -39.791283 5.422953 8.217021  -0.802978 -0.043207 0.594441  0.990265 0.025361 1 1 1.000000
0  -39.626122 7.198491 8.726283  -0.972368 0.066717 0.223718  0.990265 0.078097 1 1 1.000000
skin_0
0  -39.791283 5.422953 8.217021  -0.802978 -0.043207 0.594441  0.990265 0.838862 1 1 1.000000
0  -39.901394 5.409190 8.065618  -0.906397 0.014691 0.422171  0.009766 0.682608 1 1 1.000000
0  -40.658405 -12.236064 7.597647  -0.920007 0.044207 0.389401  0.009766 0.215796 1 1 1.000000
skin_0
0  -40.658405 -12.236064 7.597647  -0.920007 0.044207 0.389401  0.009766 0.215796 1 1 1.000000
0  -40.562061 -12.263593 7.762813  -0.837598 0.037216 0.545019  0.990265 0.377911 1 1 1.000000
0  -39.791283 5.422953 8.217021  -0.802978 -0.043207 0.594441  0.990265 0.838862 1 1 1.000000
skin_0
0  -43.163429 13.681263 17.548912  -0.550064 -0.228836 -0.803158  0.990265 0.993164 1 1 1.000000
0  -43.177193 13.860193 17.507620  -0.492747 -0.010149 -0.870114  0.009766 0.989257 1 1 1.000000
0  -41.208961 13.061890 16.378984  -0.625032 0.064272 -0.777949  0.009766 0.872066 1 1 1.000000
skin_0
0  -41.208961 13.061890 16.378984  -0.625032 0.064272 -0.777949  0.009766 0.872066 1 1 1.000000
0  -41.181435 12.855432 16.392748  -0.728988 -0.119791 -0.673963  0.990265 0.874020 1 1 1.000000
0  -43.163429 13.681263 17.548912  -0.549888 -0.228680 -0.803323  0.990265 0.993164 1 1 1.000000
skin_0
0  -41.181435 12.855432 16.392748  -0.728988 -0.119791 -0.673963  0.990265 0.874020 1 1 1.000000
0  -41.208961 13.061890 16.378984  -0.625032 0.064272 -0.777949  0.009766 0.872066 1 1 1.000000
0  -39.474720 11.547866 14.231823  -0.912983 0.062481 -0.403185  0.009766 0.649403 1 1 1.000000
skin_0
0  -39.474720 11.547866 14.231823  -0.912983 0.062481 -0.403185  0.009766 0.649403 1 1 1.000000
0  -39.447189 11.341409 14.218058  -0.976550 -0.135161 -0.167577  0.990265 0.647450 1 1 1.000000
0  -41.181435 12.855432 16.392748  -0.728988 -0.119791 -0.673963  0.990265 0.874020 1 1 1.000000
skin_0
0  -39.447189 11.341409 14.218058  -0.976550 -0.135161 -0.167577  0.990265 0.647450 1 1 1.000000
0  -39.474720 11.547866 14.231823  -0.912983 0.062481 -0.403185  0.009766 0.649403 1 1 1.000000
0  -39.185677 9.221776 10.804625  -0.995322 -0.053881 0.080195  0.009766 0.292947 1 1 1.000000
skin_0
0  -39.185677 9.221776 10.804625  -0.995322 -0.053881 0.080195  0.009766 0.292947 1 1 1.000000
0  -39.144386 9.015318 10.722041  -0.930384 -0.239657 0.277398  0.990265 0.286111 1 1 1.000000
0  -39.447189 11.341409 14.218058  -0.976550 -0.135161 -0.167577  0.990265 0.647450 1 1 1.000000
skin_0
0  -39.144386 9.015318 10.722041  -0.930384 -0.239657 0.277398  0.990265 0.286111 1 1 1.000000
0  -39.185677 9.221776 10.804625  -0.995322 -0.053881 0.080195  0.009766 0.292947 1 1 1.000000
0  -39.392136 8.492291 9.689753  -0.973721 -0.050976 0.221966  0.009766 0.177709 1 1 1.000000
skin_0
0  -39.392136 8.492291 9.689753  -0.973721 -0.050976 0.221966  0.009766 0.177709 1 1 1.000000
0  -39.350842 8.272070 9.662225  -0.916088 -0.187457 0.354460  0.990265 0.174779 1 1 1.000000
0  -39.144386 9.015318 10.722041  -0.930384 -0.239657 0.277398  0.990265 0.286111 1 1 1.000000
skin_0
0  -39.350842 8.272070 9.662225  -0.916088 -0.187457 0.354460  0.990265 0.174779 1 1 1.000000
0  -39.392136 8.492291 9.689753  -0.973721 -0.050976 0.221966  0.009766 0.177709 1 1 1.000000
0  -39.626122 7.501295 8.616172  -0.988843 0.119287 0.089218  0.009766 0.067354 1 1 1.000000
skin_0
0  -39.626122 7.501295 8.616172  -0.988843 0.119287 0.089218  0.009766 0.067354 1 1 1.000000
0  -39.626122 7.198491 8.726283  -0.972368 0.066717 0.223718  0.990265 0.078097 1 1 1.000000
0  -39.350842 8.272070 9.662225  -0.916088 -0.187457 0.354460  0.990265 0.174779 1 1 1.000000
skin_0
0  -41.016270 -17.548912 7.625175  -0.937295 0.069513 0.341534  0.990265 0.238258 1 1 1.000000
0  -41.085087 -17.617729 7.446246  -0.982729 0.072173 0.170395  0.009766 0.057588 1 1 1.000000
0  -41.181431 -18.870241 7.404953  -0.959772 0.254876 0.117797  0.009766 0.021455 1 1 1.000000
skin_0
0  -41.181431 -18.870241 7.404953  -0.959772 0.254876 0.117797  0.009766 0.021455 1 1 1.000000
0  -41.140141 -18.897768 7.597648  -0.922084 0.256037 0.290183  0.990265 0.207007 1 1 1.000000
0  -41.016270 -17.548912 7.625175  -0.937295 0.069513 0.341534  0.990265 0.238258 1 1 1.000000
skin_0
0  -41.085087 -17.617729 7.446246  -0.982729 0.072173 0.170395  0.009766 0.057588 1 1 1.000000
0  -41.016270 -17.548912 7.625175  -0.937295 0.069513 0.341534  0.990265 0.238258 1 1 1.000000
0  -40.562061 -12.263593 7.762813  -0.837598 0.037216 0.545019  0.990265 0.377911 1 1 1.000000
skin_0
0  -40.562061 -12.263593 7.762813  -0.837598 0.037216 0.545019  0.990265 0.377911 1 1 1.000000
0  -40.658405 -12.236064 7.597647  -0.920007 0.044207 0.389401  0.009766 0.215796 1 1 1.000000
0  -41.085087 -17.617729 7.446246  -0.982729 0.072173 0.170395  0.009766 0.057588 1 1 1.000000
skin_0
0  -45.159184 33.790245 15.704555  0.014259 -0.879530 0.475631  0.855495 0.379864 1 1 1.000000
0  -44.677456 33.900356 15.869720  0.618979 -0.615864 0.487419  0.854518 0.379864 1 1 1.000000
0  -45.159184 33.886593 15.869720  0.005573 -0.804848 0.593455  0.854518 0.379864 1 1 1.000000
skin_0
0  -45.159184 33.886593 15.869720  0.005573 -0.804848 0.593455  0.009766 0.111301 1 1 1.000000
0  -44.677456 33.900356 15.869720  0.618979 -0.615864 0.487419  0.009766 0.129856 1 1 1.000000
0  -44.677456 34.051754 16.021124  0.485240 -0.756128 0.439103  0.990265 0.112278 1 1 1.000000
skin_0
0  -44.677456 34.051754 16.021124  0.485240 -0.756128 0.439103  0.990265 0.112278 1 1 1.000000
0  -45.117893 34.037991 16.034887  0.015067 -0.732126 0.681002  0.990265 0.109348 1 1 1.000000
0  -45.159184 33.886593 15.869720  0.005573 -0.804848 0.593455  0.009766 0.111301 1 1 1.000000
skin_0
0  -39.075565 11.726796 9.125435  -0.982076 0.145278 0.120089  0.896512 0.471664 1 1 1.000000
0  -39.378372 8.698750 9.675989  -0.989775 0.094962 0.106430  0.892605 0.483383 1 1 1.000000
0  -38.965454 11.437756 11.203775  -0.986713 0.154514 -0.050232  0.883816 0.472640 1 1 1.000000
skin_0
0  -38.965454 11.437756 11.203775  -0.986713 0.154514 -0.050232  0.883816 0.472640 1 1 1.000000
0  -39.378372 8.698750 9.675989  -0.989775 0.094962 0.106430  0.892605 0.483383 1 1 1.000000
0  -39.158150 9.441998 10.845915  -0.995167 0.097227 -0.013783  0.885769 0.480453 1 1 1.000000
skin_0
0  -44.484756 36.694416 19.351976  0.899543 -0.396542 0.183241  0.833033 0.368145 1 1 1.000000
0  -44.883911 36.432903 20.659540  0.861726 -0.460151 0.213753  0.825221 0.369121 1 1 1.000000
0  -44.677456 34.148106 16.323929  0.853706 -0.445573 0.269537  0.851588 0.378887 1 1 1.000000
skin_0
0  -43.782806 33.336040 12.208537  0.905788 -0.324002 0.273077  0.876980 0.381817 1 1 1.000000
0  -44.484756 36.694416 19.351976  0.899543 -0.396542 0.183241  0.833033 0.368145 1 1 1.000000
0  -44.677456 34.148106 16.323929  0.853706 -0.445573 0.269537  0.851588 0.378887 1 1 1.000000
skin_0
0  -43.782806 33.336040 12.208537  0.905788 -0.324002 0.273077  0.876980 0.381817 1 1 1.000000
0  -44.677456 34.148106 16.323929  0.853706 -0.445573 0.269537  0.851588 0.378887 1 1 1.000000
0  -44.691219 34.093052 16.172527  0.367571 -0.894266 0.255305  0.852565 0.378887 1 1 1.000000
skin_0
0  -43.782806 33.336040 12.208537  0.905788 -0.324002 0.273077  0.876980 0.381817 1 1 1.000000
0  -44.691219 34.093052 16.172527  0.367571 -0.894266 0.255305  0.852565 0.378887 1 1 1.000000
0  -44.677456 34.051754 16.021124  0.485240 -0.756128 0.439103  0.853542 0.378887 1 1 1.000000
skin_0
0  -43.190956 14.039123 17.535149  0.020189 0.155611 -0.987612  0.844752 0.461898 1 1 1.000000
0  -43.177193 13.860193 17.507620  0.009892 -0.041101 -0.999106  0.844752 0.462874 1 1 1.000000
0  -43.672691 13.887721 17.507620  0.030215 0.042659 -0.998633  0.844752 0.461898 1 1 1.000000
skin_0
0  -43.672691 13.887721 17.507620  0.030150 0.043015 -0.998619  0.844752 0.461898 1 1 1.000000
0  -43.672691 14.121706 17.548912  0.020146 0.155691 -0.987600  0.844752 0.460921 1 1 1.000000
0  -43.190956 14.039123 17.535149  0.020203 0.155613 -0.987611  0.844752 0.461898 1 1 1.000000
skin_0
0  -43.672691 13.887721 17.507620  0.030215 0.042659 -0.998633  0.009766 0.969726 1 1 1.000000
0  -43.177193 13.860193 17.507620  0.009892 -0.041101 -0.999106  0.009766 0.970702 1 1 1.000000
0  -43.163429 13.681263 17.548912  0.015764 -0.171866 -0.984994  0.990265 0.974609 1 1 1.000000
skin_0
0  -43.163429 13.681263 17.548912  0.015764 -0.171866 -0.984994  0.990265 0.974609 1 1 1.000000
0  -43.617634 13.681263 17.521383  0.057353 -0.069105 -0.995959  0.990265 0.971679 1 1 1.000000
0  -43.672691 13.887721 17.507620  0.030215 0.042659 -0.998633  0.009766 0.969726 1 1 1.000000
skin_0
0  -44.457230 32.331280 12.882965  0.495077 -0.752697 0.433988  0.873074 0.386700 1 1 1.000000
0  -44.952728 32.427624 13.048132  -0.013421 -0.887910 0.459822  0.872097 0.385723 1 1 1.000000
0  -44.677456 30.954891 10.185251  0.001230 -0.886318 0.463075  0.889676 0.391583 1 1 1.000000
skin_0
0  -44.677456 30.954891 10.185251  0.001230 -0.886318 0.463075  0.889676 0.391583 1 1 1.000000
0  -44.181953 30.954891 10.185250  0.469057 -0.758634 0.452172  0.889676 0.391583 1 1 1.000000
0  -44.457230 32.331280 12.882965  0.495077 -0.752697 0.433988  0.873074 0.386700 1 1 1.000000
skin_0
0  -43.535053 28.202122 4.886169  0.582149 -0.625349 0.519655  0.921903 0.403302 1 1 1.000000
0  -43.810333 28.119537 5.037572  0.258921 -0.806142 0.532067  0.920927 0.403302 1 1 1.000000
0  -43.686455 27.045958 3.427202  0.100765 -0.623516 0.775290  0.930692 0.408185 1 1 1.000000
skin_0
0  -43.686455 27.045958 3.427202  0.100765 -0.623516 0.775290  0.930692 0.408185 1 1 1.000000
0  -43.122139 27.032194 3.289563  0.032462 -0.437388 0.898687  0.931669 0.408185 1 1 1.000000
0  -43.535053 28.202122 4.886169  0.582149 -0.625349 0.519655  0.921903 0.403302 1 1 1.000000
skin_0
0  -43.686455 27.045958 3.427202  0.100765 -0.623516 0.775290  0.930692 0.408185 1 1 1.000000
0  -43.810333 28.119537 5.037572  0.258921 -0.806142 0.532067  0.920927 0.403302 1 1 1.000000
0  -44.305824 28.174595 5.133919  0.008846 -0.853169 0.521560  0.920927 0.403302 1 1 1.000000
skin_0
0  -44.305824 28.174595 5.133919  0.008846 -0.853169 0.521560  0.920927 0.403302 1 1 1.000000
0  -44.181953 27.045958 3.427202  0.000646 -0.638390 0.769713  0.930692 0.408185 1 1 1.000000
0  -43.686455 27.045958 3.427202  0.100765 -0.623516 0.775290  0.930692 0.408185 1 1 1.000000
skin_0
0  -43.590107 29.495924 6.840636  0.766817 -0.525403 0.368707  0.910184 0.398419 1 1 1.000000
0  -42.888153 30.624559 6.358902  0.835962 -0.360526 0.413749  0.913114 0.393536 1 1 1.000000
0  -43.466236 31.904596 9.620934  0.895963 -0.336164 0.290248  0.892605 0.387677 1 1 1.000000
skin_0
0  -43.466236 31.904596 9.620934  0.895963 -0.336164 0.290248  0.892605 0.387677 1 1 1.000000
0  -43.727745 31.491682 9.854918  0.837599 -0.433711 0.332148  0.891629 0.389630 1 1 1.000000
0  -43.590107 29.495924 6.840636  0.766817 -0.525403 0.368707  0.910184 0.398419 1 1 1.000000
skin_0
0  -43.727745 31.491682 9.854918  0.837599 -0.433711 0.332148  0.891629 0.389630 1 1 1.000000
0  -43.466236 31.904596 9.620934  0.895963 -0.336164 0.290248  0.892605 0.387677 1 1 1.000000
0  -43.782806 33.336040 12.208537  0.905788 -0.324002 0.273077  0.876980 0.381817 1 1 1.000000
skin_0
0  -44.663692 36.955929 21.017401  0.646516 -0.436968 -0.625360  0.823267 0.367168 1 1 1.000000
0  -44.897675 36.611835 20.976109  0.712404 -0.346293 -0.610378  0.823267 0.369121 1 1 1.000000
0  -44.883911 36.515488 20.810942  0.754306 -0.556767 0.347896  0.824244 0.369121 1 1 1.000000
skin_0
0  -44.663692 36.955929 21.017401  0.646516 -0.436968 -0.625360  0.823267 0.367168 1 1 1.000000
0  -44.883911 36.515488 20.810942  0.754306 -0.556767 0.347896  0.824244 0.369121 1 1 1.000000
0  -44.883911 36.432903 20.659540  0.861726 -0.460151 0.213753  0.825221 0.369121 1 1 1.000000
skin_0
0  -44.484756 36.694416 19.351976  0.899543 -0.396542 0.183241  0.833033 0.368145 1 1 1.000000
0  -44.663692 36.955929 21.017401  0.646516 -0.436968 -0.625360  0.823267 0.367168 1 1 1.000000
0  -44.883911 36.432903 20.659540  0.861726 -0.460151 0.213753  0.825221 0.369121 1 1 1.000000
skin_0
0  -43.934204 29.261938 7.033329  0.362880 -0.796292 0.483980  0.909207 0.399396 1 1 1.000000
0  -44.429703 29.399578 7.281079  0.000728 -0.877380 0.479796  0.907254 0.398419 1 1 1.000000
0  -44.305824 28.174595 5.133919  0.008846 -0.853169 0.521560  0.920927 0.403302 1 1 1.000000
skin_0
0  -44.305824 28.174595 5.133919  0.008846 -0.853169 0.521560  0.920927 0.403302 1 1 1.000000
0  -43.810333 28.119537 5.037572  0.258921 -0.806142 0.532067  0.920927 0.403302 1 1 1.000000
0  -43.934204 29.261938 7.033329  0.362880 -0.796292 0.483980  0.909207 0.399396 1 1 1.000000
skin_0
0  -43.590107 29.495924 6.840636  0.766817 -0.525403 0.368707  0.910184 0.398419 1 1 1.000000
0  -43.934204 29.261938 7.033329  0.362880 -0.796292 0.483980  0.909207 0.399396 1 1 1.000000
0  -43.810333 28.119537 5.037572  0.258921 -0.806142 0.532067  0.920927 0.403302 1 1 1.000000
skin_0
0  -43.810333 28.119537 5.037572  0.258921 -0.806142 0.532067  0.920927 0.403302 1 1 1.000000
0  -43.535053 28.202122 4.886169  0.582149 -0.625349 0.519655  0.921903 0.403302 1 1 1.000000
0  -43.590107 29.495924 6.840636  0.766817 -0.525403 0.368707  0.910184 0.398419 1 1 1.000000
skin_0
0  -43.590107 29.495924 6.840636  0.766817 -0.525403 0.368707  0.910184 0.398419 1 1 1.000000
0  -43.535053 28.202122 4.886169  0.582149 -0.625349 0.519655  0.921903 0.403302 1 1 1.000000
0  -42.888153 30.624559 6.358902  0.835962 -0.360526 0.413749  0.913114 0.393536 1 1 1.000000
skin_0
0  -40.851105 24.031675 20.301680  0.200091 0.263708 -0.943622  0.827174 0.420881 1 1 1.000000
0  -43.328594 18.264624 18.140757  -0.093048 0.314619 -0.944646  0.840846 0.444319 1 1 1.000000
0  -44.003025 26.151308 19.517141  0.344505 0.168127 -0.923607  0.832057 0.412091 1 1 1.000000
skin_0
0  -41.057560 12.951778 3.083105  -0.532604 -0.020507 0.846116  0.933622 0.465804 1 1 1.000000
0  -41.429184 5.354134 2.904175  -0.533831 0.006992 0.845562  0.934599 0.497055 1 1 1.000000
0  -40.204201 5.354134 4.776058  -0.940809 0.049133 0.335358  0.922880 0.497055 1 1 1.000000
skin_0
0  -40.204201 5.354134 4.776058  -0.940809 0.049133 0.335358  0.922880 0.497055 1 1 1.000000
0  -39.667412 12.194767 5.230265  -0.923588 0.068923 0.377139  0.919950 0.469710 1 1 1.000000
0  -41.057560 12.951778 3.083105  -0.532604 -0.020507 0.846116  0.933622 0.465804 1 1 1.000000
skin_0
0  -41.429184 5.354134 2.904175  -0.533831 0.006992 0.845562  0.934599 0.497055 1 1 1.000000
0  -41.057560 12.951778 3.083105  -0.532604 -0.020507 0.846116  0.933622 0.465804 1 1 1.000000
0  -43.273540 13.681263 2.780301  -0.253637 -0.043402 0.966325  0.934599 0.462874 1 1 1.000000
skin_0
0  -43.273540 13.681263 2.780301  -0.253637 -0.043402 0.966325  0.934599 0.462874 1 1 1.000000
0  -42.956970 5.354134 2.697718  -0.254936 -0.020844 0.966733  0.935575 0.497055 1 1 1.000000
0  -41.429184 5.354134 2.904175  -0.533831 0.006992 0.845562  0.934599 0.497055 1 1 1.000000
skin_0
0  -43.411175 5.354134 2.505024  -0.366141 -0.025298 0.930216  0.936552 0.497055 1 1 1.000000
0  -42.956970 5.354134 2.697718  -0.254936 -0.020844 0.966733  0.935575 0.497055 1 1 1.000000
0  -43.273540 13.681263 2.780301  -0.253637 -0.043402 0.966325  0.934599 0.462874 1 1 1.000000
skin_0
0  -43.273540 13.681263 2.780301  -0.253637 -0.043402 0.966325  0.934599 0.462874 1 1 1.000000
0  -43.727745 13.901484 2.628898  -0.329412 -0.031480 0.943662  0.935575 0.461898 1 1 1.000000
0  -43.411175 5.354134 2.505024  -0.366141 -0.025298 0.930216  0.936552 0.497055 1 1 1.000000
skin_0
0  -41.140144 -15.952303 3.399674  -0.896796 0.031381 0.441330  0.931669 0.584948 1 1 1.000000
0  -41.112614 -17.837952 3.743770  -0.910009 0.137786 0.391024  0.928739 0.592761 1 1 1.000000
0  -41.085087 -17.686548 7.281079  -0.998010 0.062895 0.004528  0.907254 0.592761 1 1 1.000000
skin_0
0  -44.677456 34.051754 16.021124  0.485240 -0.756128 0.439103  0.853542 0.378887 1 1 1.000000
0  -44.677456 33.900356 15.869720  0.618979 -0.615864 0.487419  0.854518 0.379864 1 1 1.000000
0  -44.457230 32.331280 12.882965  0.495077 -0.752697 0.433988  0.873074 0.386700 1 1 1.000000
skin_0
0  -44.457230 32.331280 12.882965  0.495077 -0.752697 0.433988  0.873074 0.386700 1 1 1.000000
0  -43.782806 33.336040 12.208537  0.905788 -0.324002 0.273077  0.876980 0.381817 1 1 1.000000
0  -44.677456 34.051754 16.021124  0.485240 -0.756128 0.439103  0.853542 0.378887 1 1 1.000000
skin_0
0  -43.342354 -33.005714 18.581200  -0.956099 0.265806 0.123379  0.837916 0.655263 1 1 1.000000
0  -43.204716 -32.179882 18.622490  -0.993767 0.109115 -0.022814  0.837916 0.652333 1 1 1.000000
0  -43.190952 -32.138592 17.851715  -0.996063 0.086977 -0.017139  0.842799 0.652333 1 1 1.000000
skin_0
0  -43.190952 -32.138592 17.851715  -0.996063 0.086977 -0.017139  0.842799 0.652333 1 1 1.000000
0  -43.273537 -32.854309 17.755369  -0.985297 0.168872 -0.025923  0.842799 0.655263 1 1 1.000000
0  -43.342354 -33.005714 18.581200  -0.956099 0.265806 0.123379  0.837916 0.655263 1 1 1.000000
skin_0
0  -43.025787 -34.533501 9.166726  -0.995509 0.066629 -0.067255  0.895535 0.662099 1 1 1.000000
0  -42.819328 -31.601801 9.689753  -0.987334 0.136603 -0.080696  0.892605 0.649403 1 1 1.000000
0  -42.681690 -31.381578 6.758053  -0.997928 0.045529 -0.045460  0.910184 0.648427 1 1 1.000000
skin_0
0  -42.681690 -31.381578 6.758053  -0.997928 0.045529 -0.045460  0.910184 0.648427 1 1 1.000000
0  -42.833092 -34.657375 6.455248  -0.996223 0.040345 -0.076892  0.912137 0.662099 1 1 1.000000
0  -43.025787 -34.533501 9.166726  -0.995509 0.066629 -0.067255  0.895535 0.662099 1 1 1.000000
skin_0
0  -44.567341 31.051237 7.336135  -0.994833 -0.091985 -0.042970  0.907254 0.391583 1 1 1.000000
0  -44.429703 29.592270 7.267315  -0.996232 -0.080279 -0.032813  0.907254 0.397443 1 1 1.000000
0  -44.677456 31.106297 10.102669  -0.992743 -0.113126 -0.040787  0.889676 0.391583 1 1 1.000000
skin_0
0  -42.475235 -17.562675 2.243510  -0.981582 -0.026183 -0.189241  0.938505 0.591784 1 1 1.000000
0  -42.791805 -11.754330 2.271038  -0.984574 -0.041038 -0.170088  0.938505 0.568346 1 1 1.000000
0  -42.778042 -11.768094 2.257274  -0.984546 -0.043429 -0.169654  0.938505 0.568346 1 1 1.000000
skin_0
0  -42.778042 -11.768094 2.257274  -0.984546 -0.043429 -0.169654  0.938505 0.568346 1 1 1.000000
0  -42.475235 -17.562675 2.202219  -0.981527 -0.026872 -0.189425  0.938505 0.591784 1 1 1.000000
0  -42.475235 -17.562675 2.243510  -0.981582 -0.026183 -0.189241  0.938505 0.591784 1 1 1.000000
skin_0
0  -42.530289 -19.035406 2.560079  -0.986517 -0.055189 -0.154072  0.936552 0.597644 1 1 1.000000
0  -42.571587 -18.939060 2.725245  -0.986328 -0.055739 -0.155081  0.935575 0.597644 1 1 1.000000
0  -42.475235 -17.562675 2.243510  -0.981582 -0.026183 -0.189241  0.938505 0.591784 1 1 1.000000
skin_0
0  -42.475235 -17.562675 2.243510  -0.981582 -0.026183 -0.189241  0.938505 0.591784 1 1 1.000000
0  -42.475235 -17.562675 2.202219  -0.981527 -0.026872 -0.189425  0.938505 0.591784 1 1 1.000000
0  -42.530289 -19.035406 2.560079  -0.986517 -0.055189 -0.154072  0.936552 0.597644 1 1 1.000000
skin_0
0  -42.571587 -18.939060 2.725245  -0.986328 -0.055739 -0.155081  0.935575 0.597644 1 1 1.000000
0  -42.530289 -19.035406 2.560079  -0.986517 -0.055189 -0.154072  0.936552 0.597644 1 1 1.000000
0  -42.557823 -20.177807 3.757534  -0.988407 -0.146742 -0.038979  0.928739 0.602527 1 1 1.000000
skin_0
0  -42.557823 -20.177807 3.757534  -0.988407 -0.146742 -0.038979  0.928739 0.602527 1 1 1.000000
0  -42.585350 -20.012640 3.757534  -0.984372 -0.146252 -0.098093  0.928739 0.601550 1 1 1.000000
0  -42.571587 -18.939060 2.725245  -0.986328 -0.055739 -0.155081  0.935575 0.597644 1 1 1.000000
skin_0
0  -42.420177 -20.659540 7.239788  -0.997725 0.002837 -0.067360  0.907254 0.604480 1 1 1.000000
0  -42.420177 -20.480610 7.226024  -0.999267 0.006559 -0.037714  0.908231 0.603504 1 1 1.000000
0  -42.585350 -20.012640 3.757534  -0.984372 -0.146252 -0.098093  0.928739 0.601550 1 1 1.000000
skin_0
0  -42.585350 -20.012640 3.757534  -0.984372 -0.146252 -0.098093  0.928739 0.601550 1 1 1.000000
0  -42.557823 -20.177807 3.757534  -0.988407 -0.146742 -0.038979  0.928739 0.602527 1 1 1.000000
0  -42.420177 -20.659540 7.239788  -0.997725 0.002837 -0.067360  0.907254 0.604480 1 1 1.000000
skin_0
0  -42.791805 -11.754330 2.271038  -0.984574 -0.041038 -0.170088  0.938505 0.568346 1 1 1.000000
0  -43.411175 5.354134 2.505024  -0.988385 -0.033633 -0.148204  0.936552 0.497055 1 1 1.000000
0  -43.411175 5.354134 2.491260  -0.988384 -0.033635 -0.148208  0.936552 0.497055 1 1 1.000000
skin_0
0  -43.411175 5.354134 2.491260  -0.988384 -0.033635 -0.148208  0.936552 0.497055 1 1 1.000000
0  -42.778042 -11.768094 2.257274  -0.984546 -0.043429 -0.169654  0.938505 0.568346 1 1 1.000000
0  -42.791805 -11.754330 2.271038  -0.984574 -0.041038 -0.170088  0.938505 0.568346 1 1 1.000000
skin_0
0  -44.677456 30.954891 10.185251  -0.996574 -0.052935 -0.063542  0.889676 0.391583 1 1 1.000000
0  -44.677456 31.106297 10.102669  -0.996556 -0.053115 -0.063680  0.889676 0.391583 1 1 1.000000
0  -44.429703 29.592270 7.267315  -0.997777 -0.018645 -0.063986  0.907254 0.397443 1 1 1.000000
skin_0
0  -44.429703 29.592270 7.267315  -0.997777 -0.018645 -0.063986  0.907254 0.397443 1 1 1.000000
0  -44.429703 29.399578 7.281079  -0.998158 -0.017785 -0.058008  0.907254 0.398419 1 1 1.000000
0  -44.677456 30.954891 10.185251  -0.996574 -0.052935 -0.063542  0.889676 0.391583 1 1 1.000000
skin_0
0  -44.140663 25.944849 2.945467  -0.996345 0.006523 -0.085168  0.933622 0.413068 1 1 1.000000
0  -44.154427 25.917322 2.972995  -0.996264 0.005676 -0.086169  0.933622 0.413068 1 1 1.000000
0  -44.181953 27.045958 3.427202  -0.998471 -0.013630 -0.053570  0.930692 0.408185 1 1 1.000000
skin_0
0  -44.181953 27.045958 3.427202  -0.998471 -0.013630 -0.053570  0.930692 0.408185 1 1 1.000000
0  -44.181953 27.073488 3.413438  -0.998417 -0.014943 -0.054227  0.931669 0.408185 1 1 1.000000
0  -44.140663 25.944849 2.945467  -0.996345 0.006523 -0.085168  0.933622 0.413068 1 1 1.000000
skin_0
0  -44.154427 21.815695 2.821592  -0.991770 -0.020017 -0.126455  0.934599 0.429670 1 1 1.000000
0  -44.154427 21.801931 2.862884  -0.991534 -0.024984 -0.127420  0.934599 0.429670 1 1 1.000000
0  -44.154427 25.917322 2.972995  -0.996264 0.005676 -0.086169  0.933622 0.413068 1 1 1.000000
skin_0
0  -44.154427 25.917322 2.972995  -0.996264 0.005676 -0.086169  0.933622 0.413068 1 1 1.000000
0  -44.140663 25.944849 2.945467  -0.996345 0.006523 -0.085168  0.933622 0.413068 1 1 1.000000
0  -44.154427 21.815695 2.821592  -0.991770 -0.020017 -0.126455  0.934599 0.429670 1 1 1.000000
skin_0
0  -43.727745 13.901484 2.601371  -0.989520 -0.042276 -0.138070  0.936552 0.461898 1 1 1.000000
0  -43.727745 13.901484 2.628898  -0.989572 -0.041393 -0.137964  0.935575 0.461898 1 1 1.000000
0  -44.154427 21.801931 2.862884  -0.991534 -0.024984 -0.127420  0.934599 0.429670 1 1 1.000000
skin_0
0  -44.154427 21.801931 2.862884  -0.991534 -0.024984 -0.127420  0.934599 0.429670 1 1 1.000000
0  -44.154427 21.815695 2.821592  -0.991770 -0.020017 -0.126455  0.934599 0.429670 1 1 1.000000
0  -43.727745 13.901484 2.601371  -0.989520 -0.042276 -0.138070  0.936552 0.461898 1 1 1.000000
skin_0
0  -45.159184 33.790245 15.704555  -0.998263 -0.046068 -0.036716  0.855495 0.379864 1 1 1.000000
0  -45.159184 33.955410 15.677028  -0.998585 -0.045202 -0.028018  0.855495 0.379864 1 1 1.000000
0  -44.966492 32.620316 13.061896  -0.997338 -0.031430 -0.065790  0.872097 0.384747 1 1 1.000000
skin_0
0  -44.966492 32.620316 13.061896  -0.997338 -0.031430 -0.065790  0.872097 0.384747 1 1 1.000000
0  -44.952728 32.427624 13.048132  -0.996755 -0.030515 -0.074489  0.872097 0.385723 1 1 1.000000
0  -45.159184 33.790245 15.704555  -0.998263 -0.046068 -0.036716  0.855495 0.379864 1 1 1.000000
skin_0
0  -45.159184 33.955410 15.677028  -0.993320 -0.115359 0.002728  0.855495 0.379864 1 1 1.000000
0  -45.764797 39.419659 15.924776  -0.994687 -0.102575 0.008683  0.854518 0.357402 1 1 1.000000
0  -45.695976 38.635120 13.474812  -0.994550 -0.103870 -0.008975  0.869167 0.360332 1 1 1.000000
skin_0
0  -45.695976 38.635120 13.474812  -0.994550 -0.103870 -0.008975  0.869167 0.360332 1 1 1.000000
0  -44.966492 32.620316 13.061896  -0.992015 -0.123924 -0.023428  0.872097 0.384747 1 1 1.000000
0  -45.159184 33.955410 15.677028  -0.993320 -0.115359 0.002728  0.855495 0.379864 1 1 1.000000
skin_0
0  -46.040073 45.654682 8.217022  -0.991948 -0.085825 -0.093128  0.901395 0.331034 1 1 1.000000
0  -45.283066 37.547775 7.749050  -0.990110 -0.100184 -0.098215  0.904324 0.365215 1 1 1.000000
0  -45.558346 37.919399 10.556876  -0.993020 -0.105451 -0.052841  0.887722 0.363262 1 1 1.000000
skin_0
0  -45.558346 37.919399 10.556876  -0.993020 -0.105451 -0.052841  0.887722 0.363262 1 1 1.000000
0  -46.260296 45.585865 11.148721  -0.994707 -0.088514 -0.052193  0.883816 0.332011 1 1 1.000000
0  -46.040073 45.654682 8.217022  -0.991948 -0.085825 -0.093128  0.901395 0.331034 1 1 1.000000
skin_0
0  -46.466759 46.755795 16.392748  -0.264970 0.917138 -0.297740  0.851588 0.327128 1 1 1.000000
0  -46.136425 46.852139 16.378984  -0.262087 0.917978 -0.297701  0.851588 0.326151 1 1 1.000000
0  -46.053837 46.108891 13.956547  -0.300348 0.931224 -0.206431  0.866237 0.330058 1 1 1.000000
skin_0
0  -46.053837 46.108891 13.956547  -0.300348 0.931224 -0.206431  0.866237 0.330058 1 1 1.000000
0  -46.397934 46.012539 14.066656  -0.312818 0.920426 -0.234438  0.866237 0.330058 1 1 1.000000
0  -46.466759 46.755795 16.392748  -0.264970 0.917138 -0.297740  0.851588 0.327128 1 1 1.000000
skin_0
0  -43.135899 -31.780731 13.722560  -0.981965 0.188420 -0.015564  0.868191 0.650380 1 1 1.000000
0  -42.956966 -31.147594 11.011082  -0.987257 0.156939 -0.026327  0.884793 0.647450 1 1 1.000000
0  -42.956966 -31.326525 10.997318  -0.995993 0.058821 -0.067357  0.884793 0.648427 1 1 1.000000
skin_0
0  -42.956966 -31.326525 10.997318  -0.995993 0.058821 -0.067357  0.884793 0.648427 1 1 1.000000
0  -43.135899 -31.945894 13.722560  -0.993820 0.109057 -0.020710  0.868191 0.651357 1 1 1.000000
0  -43.135899 -31.780731 13.722560  -0.981965 0.188420 -0.015564  0.868191 0.650380 1 1 1.000000
skin_0
0  -42.764271 -30.197886 9.386948  -0.996599 0.017969 -0.080415  0.894559 0.643544 1 1 1.000000
0  -42.833092 -30.610804 9.978793  -0.993877 0.018541 -0.108923  0.890652 0.645497 1 1 1.000000
0  -42.833092 -30.404345 9.992557  -0.985205 0.171230 0.007184  0.890652 0.644520 1 1 1.000000
skin_0
0  -42.833092 -30.404345 9.992557  -0.985205 0.171230 0.007184  0.890652 0.644520 1 1 1.000000
0  -42.764271 -30.018957 9.442003  -0.992146 0.124995 0.004727  0.894559 0.643544 1 1 1.000000
0  -42.764271 -30.197886 9.386948  -0.996599 0.017969 -0.080415  0.894559 0.643544 1 1 1.000000
skin_0
0  -42.406414 -26.495413 7.212260  -0.997086 0.017176 -0.074331  0.908231 0.628895 1 1 1.000000
0  -42.667927 -28.849031 8.340896  -0.996580 0.074081 -0.036621  0.901395 0.638661 1 1 1.000000
0  -42.640400 -28.628809 8.382187  -0.975841 0.181161 0.122129  0.900418 0.637684 1 1 1.000000
skin_0
0  -42.640400 -28.628809 8.382187  -0.975841 0.181161 0.122129  0.900418 0.637684 1 1 1.000000
0  -42.447704 -26.495413 7.377426  -0.999043 0.030564 -0.031287  0.907254 0.628895 1 1 1.000000
0  -42.406414 -26.495413 7.212260  -0.997086 0.017176 -0.074331  0.908231 0.628895 1 1 1.000000
skin_0
0  -42.667927 -28.849031 8.340896  -0.996580 0.074081 -0.036621  0.901395 0.638661 1 1 1.000000
0  -42.764271 -30.197886 9.386948  -0.996599 0.017969 -0.080415  0.894559 0.643544 1 1 1.000000
0  -42.764271 -30.018957 9.442003  -0.992146 0.124995 0.004727  0.894559 0.643544 1 1 1.000000
skin_0
0  -42.764271 -30.018957 9.442003  -0.992146 0.124995 0.004727  0.894559 0.643544 1 1 1.000000
0  -42.640400 -28.628809 8.382187  -0.975841 0.181161 0.122129  0.900418 0.637684 1 1 1.000000
0  -42.667927 -28.849031 8.340896  -0.996580 0.074081 -0.036621  0.901395 0.638661 1 1 1.000000
skin_0
0  -42.447704 -26.495413 7.377426  -0.999043 0.030564 -0.031287  0.907254 0.628895 1 1 1.000000
0  -42.447704 -20.700832 7.404953  -0.999991 0.000776 0.004069  0.906278 0.604480 1 1 1.000000
0  -42.420177 -20.659540 7.239788  -0.998923 -0.000051 -0.046390  0.907254 0.604480 1 1 1.000000
skin_0
0  -42.420177 -20.659540 7.239788  -0.998923 -0.000051 -0.046390  0.907254 0.604480 1 1 1.000000
0  -42.406414 -26.495413 7.212260  -0.997086 0.017176 -0.074331  0.908231 0.628895 1 1 1.000000
0  -42.447704 -26.495413 7.377426  -0.999043 0.030564 -0.031287  0.907254 0.628895 1 1 1.000000
skin_0
0  -42.447704 -20.700832 7.404953  -0.997746 0.010645 0.066253  0.906278 0.604480 1 1 1.000000
0  -42.447704 -20.521902 7.404953  -0.999920 0.003108 -0.012279  0.906278 0.604480 1 1 1.000000
0  -42.420177 -20.480610 7.226024  -0.999267 0.006559 -0.037714  0.908231 0.603504 1 1 1.000000
skin_0
0  -42.420177 -20.480610 7.226024  -0.999267 0.006559 -0.037714  0.908231 0.603504 1 1 1.000000
0  -42.420177 -20.659540 7.239788  -0.997725 0.002837 -0.067360  0.907254 0.604480 1 1 1.000000
0  -42.447704 -20.700832 7.404953  -0.997746 0.010645 0.066253  0.906278 0.604480 1 1 1.000000
skin_0
0  -43.135899 -31.945894 13.722560  -0.993820 0.109057 -0.020710  0.868191 0.651357 1 1 1.000000
0  -43.190952 -32.138592 17.851715  -0.996063 0.086977 -0.017139  0.842799 0.652333 1 1 1.000000
0  -43.190952 -32.000954 17.865480  -0.976173 0.216991 -0.000861  0.842799 0.651357 1 1 1.000000
skin_0
0  -43.190952 -32.000954 17.865480  -0.976173 0.216991 -0.000861  0.842799 0.651357 1 1 1.000000
0  -43.135899 -31.780731 13.722560  -0.981965 0.188420 -0.015564  0.868191 0.650380 1 1 1.000000
0  -43.135899 -31.945894 13.722560  -0.993820 0.109057 -0.020710  0.868191 0.651357 1 1 1.000000
skin_0
0  -42.956966 -31.147594 11.011082  -0.987257 0.156939 -0.026327  0.002930 0.322245 1 1 1.000000
0  -43.135899 -31.780731 13.722560  -0.981965 0.188420 -0.015564  0.002930 0.550768 1 1 1.000000
0  -43.067078 -31.601801 13.708796  -0.925893 0.377387 0.017366  0.994171 0.549791 1 1 1.000000
skin_0
0  -43.067078 -31.601801 13.708796  -0.925893 0.377387 0.017366  0.994171 0.549791 1 1 1.000000
0  -42.888149 -30.954899 11.038610  -0.938647 0.335110 0.081504  0.994171 0.324198 1 1 1.000000
0  -42.956966 -31.147594 11.011082  -0.987257 0.156939 -0.026327  0.002930 0.322245 1 1 1.000000
skin_0
0  -42.888149 -30.954899 11.038610  -0.938647 0.335110 0.081504  0.994171 0.324198 1 1 1.000000
0  -42.722980 -29.853792 9.469531  -0.949583 0.258236 0.177783  0.994171 0.191382 1 1 1.000000
0  -42.764271 -30.018957 9.442003  -0.992146 0.124995 0.004727  0.002930 0.189428 1 1 1.000000
skin_0
0  -42.888149 -30.954899 11.038610  -0.938647 0.335110 0.081504  0.994171 0.324198 1 1 1.000000
0  -42.764271 -30.018957 9.442003  -0.992146 0.124995 0.004727  0.002930 0.189428 1 1 1.000000
0  -42.833092 -30.404345 9.992557  -0.985205 0.171230 0.007184  0.002930 0.246071 1 1 1.000000
skin_0
0  -42.888149 -30.954899 11.038610  -0.938647 0.335110 0.081504  0.994171 0.324198 1 1 1.000000
0  -42.833092 -30.404345 9.992557  -0.985205 0.171230 0.007184  0.002930 0.246071 1 1 1.000000
0  -42.956966 -31.147594 11.011082  -0.987257 0.156939 -0.026327  0.002930 0.322245 1 1 1.000000
skin_0
0  -42.447704 -26.495413 7.377426  -0.999043 0.030564 -0.031287  0.002930 0.014618 1 1 1.000000
0  -42.640400 -28.628809 8.382187  -0.975841 0.181161 0.122129  0.002930 0.099582 1 1 1.000000
0  -42.571583 -28.408587 8.395950  -0.911500 0.253072 0.324227  0.994171 0.101535 1 1 1.000000
skin_0
0  -42.571583 -28.408587 8.395950  -0.911500 0.253072 0.324227  0.994171 0.101535 1 1 1.000000
0  -42.406414 -26.495413 7.556357  -0.978337 0.091101 0.185895  0.994171 0.029267 1 1 1.000000
0  -42.447704 -26.495413 7.377426  -0.999043 0.030564 -0.031287  0.002930 0.014618 1 1 1.000000
skin_0
0  -42.640400 -28.628809 8.382187  -0.975841 0.181161 0.122129  0.002930 0.099582 1 1 1.000000
0  -42.764271 -30.018957 9.442003  -0.992146 0.124995 0.004727  0.002930 0.189428 1 1 1.000000
0  -42.722980 -29.853792 9.469531  -0.949583 0.258236 0.177783  0.994171 0.191382 1 1 1.000000
skin_0
0  -42.722980 -29.853792 9.469531  -0.949583 0.258236 0.177783  0.994171 0.191382 1 1 1.000000
0  -42.571583 -28.408587 8.395950  -0.911500 0.253072 0.324227  0.994171 0.101535 1 1 1.000000
0  -42.640400 -28.628809 8.382187  -0.975841 0.181161 0.122129  0.002930 0.099582 1 1 1.000000
skin_0
0  -42.447704 -20.700832 7.404953  -0.999991 0.000776 0.004069  0.002930 0.953124 1 1 1.000000
0  -42.447704 -26.495413 7.377426  -0.999043 0.030564 -0.031287  0.002930 0.014618 1 1 1.000000
0  -42.406414 -26.495413 7.556357  -0.978337 0.091101 0.185895  0.994171 0.014618 1 1 1.000000
skin_0
0  -42.406414 -26.495413 7.556357  -0.978337 0.091101 0.185895  0.994171 0.014618 1 1 1.000000
0  -42.406414 -20.742123 7.583884  -0.975475 0.000366 0.220109  0.994171 0.946287 1 1 1.000000
0  -42.447704 -20.700832 7.404953  -0.999991 0.000776 0.004069  0.002930 0.953124 1 1 1.000000
skin_0
0  -42.406414 -20.742123 7.583884  -0.980279 -0.008906 0.197420  0.994171 0.946287 1 1 1.000000
0  -42.406414 -20.604485 7.583884  -0.984170 -0.029137 0.174813  0.994171 0.969726 1 1 1.000000
0  -42.447704 -20.521902 7.404953  -0.999920 0.003108 -0.012279  0.002930 0.980468 1 1 1.000000
skin_0
0  -42.447704 -20.521902 7.404953  -0.999920 0.003108 -0.012279  0.002930 0.980468 1 1 1.000000
0  -42.447704 -20.700832 7.404953  -0.997746 0.010645 0.066253  0.002930 0.953124 1 1 1.000000
0  -42.406414 -20.742123 7.583884  -0.980279 -0.008906 0.197420  0.994171 0.946287 1 1 1.000000
skin_0
0  -43.067078 -31.601801 13.708796  -0.925893 0.377387 0.017366  0.994171 0.549791 1 1 1.000000
0  -43.135899 -31.780731 13.722560  -0.981965 0.188420 -0.015564  0.002930 0.550768 1 1 1.000000
0  -43.190952 -32.000954 17.865480  -0.976173 0.216991 -0.000861  0.002930 0.893551 1 1 1.000000
skin_0
0  -43.067078 -31.601801 13.708796  -0.925893 0.377387 0.017366  0.994171 0.549791 1 1 1.000000
0  -43.190952 -32.000954 17.865480  -0.976173 0.216991 -0.000861  0.002930 0.893551 1 1 1.000000
0  -43.204716 -32.056007 18.746367  -0.934245 0.146704 0.325060  0.002930 0.966796 1 1 1.000000
skin_0
0  -43.067078 -31.601801 13.708796  -0.925893 0.377387 0.017366  0.994171 0.549791 1 1 1.000000
0  -43.204716 -32.056007 18.746367  -0.934245 0.146704 0.325060  0.002930 0.966796 1 1 1.000000
0  -43.122135 -31.863312 18.842712  -0.934704 0.280222 0.218641  0.994171 0.984375 1 1 1.000000
skin_0
0  -45.159184 33.886593 15.869720  -0.996622 -0.040146 0.071646  0.854518 0.379864 1 1 1.000000
0  -45.172947 34.051754 15.855957  -0.987992 -0.037139 0.149975  0.854518 0.378887 1 1 1.000000
0  -45.159184 33.955410 15.677028  -0.998585 -0.045202 -0.028018  0.855495 0.379864 1 1 1.000000
skin_0
0  -45.159184 33.955410 15.677028  -0.998585 -0.045202 -0.028018  0.855495 0.379864 1 1 1.000000
0  -45.159184 33.790245 15.704555  -0.998263 -0.046068 -0.036716  0.855495 0.379864 1 1 1.000000
0  -45.159184 33.886593 15.869720  -0.996622 -0.040146 0.071646  0.854518 0.379864 1 1 1.000000
skin_0
0  -45.172947 34.051754 15.855957  -0.985334 -0.112457 0.128334  0.854518 0.378887 1 1 1.000000
0  -45.764797 39.502243 16.089943  -0.982137 -0.108364 0.153829  0.853542 0.356426 1 1 1.000000
0  -45.764797 39.419659 15.924776  -0.994687 -0.102575 0.008683  0.854518 0.357402 1 1 1.000000
skin_0
0  -45.764797 39.419659 15.924776  -0.994687 -0.102575 0.008683  0.854518 0.357402 1 1 1.000000
0  -45.159184 33.955410 15.677028  -0.993320 -0.115359 0.002728  0.855495 0.379864 1 1 1.000000
0  -45.172947 34.051754 15.855957  -0.985334 -0.112457 0.128334  0.854518 0.378887 1 1 1.000000
skin_0
0  -45.172947 34.051754 15.855957  -0.987992 -0.037139 0.149975  0.002930 0.099582 1 1 1.000000
0  -45.159184 33.886593 15.869720  -0.996622 -0.040146 0.071646  0.002930 0.113254 1 1 1.000000
0  -45.117893 34.037991 16.034887  -0.962760 -0.031929 0.268466  0.994171 0.112278 1 1 1.000000
skin_0
0  -45.709740 39.529770 16.268873  -0.947175 -0.113136 0.300099  0.994171 0.512680 1 1 1.000000
0  -45.764797 39.502243 16.089943  -0.982137 -0.108364 0.153829  0.002930 0.501938 1 1 1.000000
0  -45.172947 34.051754 15.855957  -0.985334 -0.112457 0.128334  0.002930 0.099582 1 1 1.000000
skin_0
0  -45.172947 34.051754 15.855957  -0.985334 -0.112457 0.128334  0.002930 0.099582 1 1 1.000000
0  -45.117893 34.037991 16.034887  -0.958358 -0.114786 0.261485  0.994171 0.112278 1 1 1.000000
0  -45.709740 39.529770 16.268873  -0.947175 -0.113136 0.300099  0.994171 0.512680 1 1 1.000000
skin_0
0  -46.411705 46.852139 16.723080  -0.217240 0.965900 -0.140869  0.849635 0.326151 1 1 1.000000
0  -46.081371 46.907192 16.654263  -0.176733 0.979582 -0.095836  0.849635 0.326151 1 1 1.000000
0  -46.136425 46.879665 16.475330  -0.230992 0.949137 -0.213968  0.850612 0.326151 1 1 1.000000
skin_0
0  -46.136425 46.879665 16.475330  -0.230992 0.949137 -0.213968  0.850612 0.326151 1 1 1.000000
0  -46.466759 46.810848 16.557913  -0.248637 0.940788 -0.230428  0.850612 0.327128 1 1 1.000000
0  -46.411705 46.852139 16.723080  -0.217240 0.965900 -0.140869  0.849635 0.326151 1 1 1.000000
skin_0
0  -43.314827 -33.033241 18.705074  -0.746422 0.184248 0.639458  0.836940 0.655263 1 1 1.000000
0  -43.204716 -32.056007 18.746367  -0.934245 0.146704 0.325060  0.836940 0.651357 1 1 1.000000
0  -43.204716 -32.179882 18.622490  -0.993767 0.109115 -0.022814  0.837916 0.652333 1 1 1.000000
skin_0
0  -43.204716 -32.179882 18.622490  -0.993767 0.109115 -0.022814  0.837916 0.652333 1 1 1.000000
0  -43.342354 -33.005714 18.581200  -0.956099 0.265806 0.123379  0.837916 0.655263 1 1 1.000000
0  -43.314827 -33.033241 18.705074  -0.746422 0.184248 0.639458  0.836940 0.655263 1 1 1.000000
skin_0
0  -42.406414 -26.495413 7.212260  -0.997086 0.017176 -0.074331  0.908231 0.628895 1 1 1.000000
0  -42.420177 -20.659540 7.239788  -0.998923 -0.000051 -0.046390  0.907254 0.604480 1 1 1.000000
0  -42.557823 -20.177807 3.757534  -0.999962 -0.005313 -0.006931  0.928739 0.602527 1 1 1.000000
skin_0
0  -43.204716 -32.056007 18.746367  -0.934245 0.146704 0.325060  0.836940 0.651357 1 1 1.000000
0  -43.314827 -33.033241 18.705074  -0.746422 0.184248 0.639458  0.836940 0.655263 1 1 1.000000
0  -43.149662 -33.060768 18.787657  -0.428308 0.065526 0.901254  0.836940 0.655263 1 1 1.000000
skin_0
0  -43.149662 -33.060768 18.787657  -0.428308 0.065526 0.901254  0.836940 0.655263 1 1 1.000000
0  -43.122135 -32.069771 18.828949  -0.734763 -0.010451 0.678244  0.836940 0.651357 1 1 1.000000
0  -43.204716 -32.056007 18.746367  -0.934245 0.146704 0.325060  0.836940 0.651357 1 1 1.000000
skin_0
0  -42.764271 -30.197886 9.386948  -0.996599 0.017969 -0.080415  0.894559 0.643544 1 1 1.000000
0  -42.667927 -28.849031 8.340896  -0.996580 0.074081 -0.036621  0.901395 0.638661 1 1 1.000000
0  -42.681690 -31.381578 6.758053  -0.997928 0.045529 -0.045460  0.910184 0.648427 1 1 1.000000
skin_0
0  -42.681690 -31.381578 6.758053  -0.997928 0.045529 -0.045460  0.910184 0.648427 1 1 1.000000
0  -42.406414 -26.495413 7.212260  -0.997086 0.017176 -0.074331  0.908231 0.628895 1 1 1.000000
0  -42.530285 -26.522940 3.785062  -0.999474 0.009610 0.030965  0.928739 0.628895 1 1 1.000000
skin_0
0  -42.530285 -26.522940 3.785062  -0.999474 0.009610 0.030965  0.928739 0.628895 1 1 1.000000
0  -42.530285 -31.285231 3.798825  -0.999339 0.014338 -0.033399  0.928739 0.648427 1 1 1.000000
0  -42.681690 -31.381578 6.758053  -0.997928 0.045529 -0.045460  0.910184 0.648427 1 1 1.000000
skin_0
0  -43.204716 -32.289989 13.695032  -0.991555 0.127459 -0.023918  0.868191 0.652333 1 1 1.000000
0  -43.369881 -35.028999 13.488574  -0.998002 0.039849 -0.049036  0.869167 0.664052 1 1 1.000000
0  -43.479996 -35.813538 17.438801  -0.998499 0.052778 -0.014651  0.844752 0.666982 1 1 1.000000
skin_0
0  -43.479996 -35.813538 17.438801  -0.998499 0.052778 -0.014651  0.844752 0.666982 1 1 1.000000
0  -43.273537 -32.854309 17.755369  -0.985297 0.168872 -0.025923  0.842799 0.655263 1 1 1.000000
0  -43.204716 -32.289989 13.695032  -0.991555 0.127459 -0.023918  0.868191 0.652333 1 1 1.000000
skin_0
0  -44.526043 -35.786011 18.429798  -0.912814 0.384796 0.136756  0.838893 0.666982 1 1 1.000000
0  -44.512280 -35.841068 18.567434  -0.811180 0.331581 0.481706  0.837916 0.666982 1 1 1.000000
0  -43.314827 -33.033241 18.705074  -0.746422 0.184248 0.639458  0.836940 0.655263 1 1 1.000000
skin_0
0  -43.314827 -33.033241 18.705074  -0.746422 0.184248 0.639458  0.836940 0.655263 1 1 1.000000
0  -43.342354 -33.005714 18.581200  -0.956099 0.265806 0.123379  0.837916 0.655263 1 1 1.000000
0  -44.526043 -35.786011 18.429798  -0.912814 0.384796 0.136756  0.838893 0.666982 1 1 1.000000
skin_0
0  -44.512280 -35.841068 18.567434  -0.811180 0.331581 0.481706  0.837916 0.666982 1 1 1.000000
0  -44.429699 -35.923649 18.677546  -0.366034 0.125221 0.922138  0.837916 0.667959 1 1 1.000000
0  -43.149662 -33.060768 18.787657  -0.428308 0.065526 0.901254  0.836940 0.655263 1 1 1.000000
skin_0
0  -43.149662 -33.060768 18.787657  -0.428308 0.065526 0.901254  0.836940 0.655263 1 1 1.000000
0  -43.314827 -33.033241 18.705074  -0.746422 0.184248 0.639458  0.836940 0.655263 1 1 1.000000
0  -44.512280 -35.841068 18.567434  -0.811180 0.331581 0.481706  0.837916 0.666982 1 1 1.000000
skin_0
0  -43.204716 -32.289989 13.695032  -0.991555 0.127459 -0.023918  0.868191 0.652333 1 1 1.000000
0  -43.135899 -31.945894 13.722560  -0.993820 0.109057 -0.020710  0.868191 0.651357 1 1 1.000000
0  -42.956966 -31.326525 10.997318  -0.995993 0.058821 -0.067357  0.884793 0.648427 1 1 1.000000
skin_0
0  -42.956966 -31.326525 10.997318  -0.995993 0.058821 -0.067357  0.884793 0.648427 1 1 1.000000
0  -42.998260 -31.794495 10.969790  -0.984029 0.165906 -0.064520  0.884793 0.650380 1 1 1.000000
0  -43.204716 -32.289989 13.695032  -0.991555 0.127459 -0.023918  0.868191 0.652333 1 1 1.000000
skin_0
0  -42.681690 -31.381578 6.758053  -0.997928 0.045529 -0.045460  0.910184 0.648427 1 1 1.000000
0  -42.819328 -31.601801 9.689753  -0.987334 0.136603 -0.080696  0.892605 0.649403 1 1 1.000000
0  -42.764271 -30.197886 9.386948  -0.996599 0.017969 -0.080415  0.894559 0.643544 1 1 1.000000
skin_0
0  -42.681690 -31.381578 6.758053  -0.997928 0.045529 -0.045460  0.910184 0.648427 1 1 1.000000
0  -42.667927 -28.849031 8.340896  -0.996580 0.074081 -0.036621  0.901395 0.638661 1 1 1.000000
0  -42.406414 -26.495413 7.212260  -0.997086 0.017176 -0.074331  0.908231 0.628895 1 1 1.000000
skin_0
0  -47.333874 -43.397415 16.723080  -0.999174 0.040083 -0.006739  0.849635 0.698233 1 1 1.000000
0  -47.361401 -44.099377 18.058172  -0.999513 0.030498 0.006551  0.841823 0.701163 1 1 1.000000
0  -47.292583 -42.089851 18.085701  -0.999174 0.037072 -0.016666  0.840846 0.693350 1 1 1.000000
skin_0
0  -47.333874 -43.397415 16.723080  -0.999174 0.040083 -0.006739  0.849635 0.698233 1 1 1.000000
0  -47.292583 -42.089851 18.085701  -0.999174 0.037072 -0.016666  0.840846 0.693350 1 1 1.000000
0  -47.265049 -41.704468 17.342453  -0.999069 0.041993 -0.009885  0.845729 0.691397 1 1 1.000000
skin_0
0  -47.333874 -43.397415 16.723080  -0.999174 0.040083 -0.006739  0.849635 0.698233 1 1 1.000000
0  -47.265049 -41.704468 17.342453  -0.999069 0.041993 -0.009885  0.845729 0.691397 1 1 1.000000
0  -47.265049 -41.580589 17.094706  -0.999027 0.042425 -0.012026  0.847682 0.690420 1 1 1.000000
skin_0
0  -47.196232 -42.007271 12.869202  -0.997820 0.039525 -0.052843  0.873074 0.692373 1 1 1.000000
0  -47.141178 -40.190441 13.061896  -0.997778 0.042589 -0.051239  0.872097 0.685537 1 1 1.000000
0  -46.934719 -39.763760 10.446765  -0.993877 0.045344 -0.100758  0.887722 0.683584 1 1 1.000000
skin_0
0  -46.934719 -39.763760 10.446765  -0.993877 0.045344 -0.100758  0.887722 0.683584 1 1 1.000000
0  -46.989777 -41.635643 10.226543  -0.994810 0.041906 -0.092720  0.889676 0.691397 1 1 1.000000
0  -47.196232 -42.007271 12.869202  -0.997820 0.039525 -0.052843  0.873074 0.692373 1 1 1.000000
skin_0
0  -46.989777 -41.635643 10.226543  -0.994810 0.041906 -0.092720  0.889676 0.691397 1 1 1.000000
0  -46.907192 -39.777523 10.226543  -0.992113 0.048997 -0.115373  0.889676 0.683584 1 1 1.000000
0  -46.769558 -39.736233 8.891450  -0.992143 0.040804 -0.118268  0.897488 0.683584 1 1 1.000000
skin_0
0  -46.769558 -39.736233 8.891450  -0.992143 0.040804 -0.118268  0.897488 0.683584 1 1 1.000000
0  -46.783321 -41.608116 8.533590  -0.990399 0.042515 -0.131540  0.899442 0.690420 1 1 1.000000
0  -46.989777 -41.635643 10.226543  -0.994810 0.041906 -0.092720  0.889676 0.691397 1 1 1.000000
skin_0
0  -45.998775 -40.286789 4.074102  -0.978489 0.063746 -0.196204  0.926786 0.685537 1 1 1.000000
0  -46.136417 -42.131145 4.142921  -0.977509 0.063933 -0.200970  0.926786 0.693350 1 1 1.000000
0  -46.521805 -41.745758 6.427721  -0.985905 0.064328 -0.154444  0.913114 0.691397 1 1 1.000000
skin_0
0  -46.521805 -41.745758 6.427721  -0.985905 0.064328 -0.154444  0.913114 0.691397 1 1 1.000000
0  -46.397926 -39.901398 6.427721  -0.985910 0.057547 -0.157069  0.913114 0.683584 1 1 1.000000
0  -45.998775 -40.286789 4.074102  -0.978489 0.063746 -0.196204  0.926786 0.685537 1 1 1.000000
skin_0
0  -47.306347 -42.186199 18.250868  -0.994319 0.028618 0.102522  0.839869 0.693350 1 1 1.000000
0  -47.292583 -42.089851 18.085701  -0.999174 0.037072 -0.016666  0.840846 0.693350 1 1 1.000000
0  -47.361401 -44.099377 18.058172  -0.999513 0.030498 0.006551  0.841823 0.701163 1 1 1.000000
skin_0
0  -47.361401 -44.099377 18.058172  -0.999513 0.030498 0.006551  0.841823 0.701163 1 1 1.000000
0  -47.361401 -44.195721 18.195812  -0.960601 0.017998 0.277348  0.840846 0.701163 1 1 1.000000
0  -47.306347 -42.186199 18.250868  -0.994319 0.028618 0.102522  0.839869 0.693350 1 1 1.000000
skin_0
0  -47.237522 -42.296310 18.416035  -0.930418 0.016845 0.366112  0.994171 0.725578 1 1 1.000000
0  -47.306347 -42.186199 18.250868  -0.994319 0.028618 0.102522  0.002930 0.857418 1 1 1.000000
0  -47.361401 -44.195721 18.195812  -0.960601 0.017998 0.277348  0.002930 0.985351 1 1 1.000000
skin_0
0  -47.361401 -44.195721 18.195812  -0.960464 0.017996 0.277820  0.002930 0.985351 1 1 1.000000
0  -47.292583 -44.305828 18.347214  -0.916332 0.012115 0.400235  0.994171 0.851558 1 1 1.000000
0  -47.237522 -42.296310 18.416035  -0.930400 0.016846 0.366158  0.994171 0.725578 1 1 1.000000
skin_0
0  -43.369881 -35.028999 13.488574  -0.998002 0.039849 -0.049036  0.869167 0.664052 1 1 1.000000
0  -43.204716 -32.289989 13.695032  -0.991555 0.127459 -0.023918  0.868191 0.652333 1 1 1.000000
0  -42.998260 -31.794495 10.969790  -0.984029 0.165906 -0.064520  0.884793 0.650380 1 1 1.000000
skin_0
0  -42.998260 -31.794495 10.969790  -0.984029 0.165906 -0.064520  0.884793 0.650380 1 1 1.000000
0  -43.149662 -34.684902 10.749569  -0.996754 0.054111 -0.059615  0.885769 0.662099 1 1 1.000000
0  -43.369881 -35.028999 13.488574  -0.998002 0.039849 -0.049036  0.869167 0.664052 1 1 1.000000
skin_0
0  -43.135899 -39.653652 8.299604  -0.949336 0.052682 -0.309815  0.901395 0.682608 1 1 1.000000
0  -43.135899 -36.405384 8.850158  -0.993565 0.040186 -0.105892  0.897488 0.669912 1 1 1.000000
0  -42.860619 -36.529259 6.276318  -0.995154 0.019299 -0.096421  0.914090 0.669912 1 1 1.000000
skin_0
0  -42.860619 -36.529259 6.276318  -0.995154 0.019299 -0.096421  0.914090 0.669912 1 1 1.000000
0  -42.888149 -39.791286 6.014805  -0.994327 0.012043 -0.105678  0.915067 0.683584 1 1 1.000000
0  -43.135899 -39.653652 8.299604  -0.949336 0.052682 -0.309815  0.901395 0.682608 1 1 1.000000
skin_0
0  -47.292583 -42.089851 18.085701  -0.899758 0.398350 0.178193  0.840846 0.693350 1 1 1.000000
0  -47.306347 -42.186199 18.250868  -0.845092 0.357337 0.397655  0.839869 0.693350 1 1 1.000000
0  -45.379406 -37.878117 18.471088  -0.860056 0.357993 0.363517  0.838893 0.675771 1 1 1.000000
skin_0
0  -45.379406 -37.878117 18.471088  -0.860056 0.357993 0.363517  0.838893 0.675771 1 1 1.000000
0  -45.393169 -37.809296 18.305923  -0.908163 0.391167 0.149094  0.839869 0.674795 1 1 1.000000
0  -47.292583 -42.089851 18.085701  -0.899758 0.398350 0.178193  0.840846 0.693350 1 1 1.000000
skin_0
0  -47.306347 -42.186199 18.250868  -0.845092 0.357337 0.397655  0.839869 0.693350 1 1 1.000000
0  -47.237522 -42.296310 18.416035  -0.485299 0.179175 0.855793  0.838893 0.693350 1 1 1.000000
0  -45.324352 -37.919407 18.594963  -0.461187 0.165015 0.871824  0.837916 0.675771 1 1 1.000000
skin_0
0  -45.324352 -37.919407 18.594963  -0.461187 0.165015 0.871824  0.837916 0.675771 1 1 1.000000
0  -45.379406 -37.878117 18.471088  -0.860056 0.357993 0.363517  0.838893 0.675771 1 1 1.000000
0  -47.306347 -42.186199 18.250868  -0.845092 0.357337 0.397655  0.839869 0.693350 1 1 1.000000
skin_0
0  -47.278812 -42.516529 14.782377  -0.998823 0.046554 -0.013635  0.861354 0.694327 1 1 1.000000
0  -47.196232 -40.768520 15.154001  -0.998734 0.048615 -0.012915  0.859401 0.687490 1 1 1.000000
0  -47.141178 -40.190441 13.061896  -0.997778 0.042589 -0.051239  0.872097 0.685537 1 1 1.000000
skin_0
0  -47.141178 -40.190441 13.061896  -0.997778 0.042589 -0.051239  0.872097 0.685537 1 1 1.000000
0  -47.196232 -42.007271 12.869202  -0.997820 0.039525 -0.052843  0.873074 0.692373 1 1 1.000000
0  -47.278812 -42.516529 14.782377  -0.998823 0.046554 -0.013635  0.861354 0.694327 1 1 1.000000
skin_0
0  -46.260296 45.585865 11.148721  -0.994707 -0.088514 -0.052193  0.883816 0.332011 1 1 1.000000
0  -45.558346 37.919399 10.556876  -0.993020 -0.105451 -0.052841  0.887722 0.363262 1 1 1.000000
0  -45.695976 38.635120 13.474812  -0.994550 -0.103870 -0.008975  0.869167 0.360332 1 1 1.000000
skin_0
0  -45.695976 38.635120 13.474812  -0.994550 -0.103870 -0.008975  0.869167 0.360332 1 1 1.000000
0  -46.397934 46.012539 14.066656  -0.995488 -0.094243 -0.011007  0.866237 0.330058 1 1 1.000000
0  -46.260296 45.585865 11.148721  -0.994707 -0.088514 -0.052193  0.883816 0.332011 1 1 1.000000
skin_0
0  -44.677456 31.106297 10.102669  -0.996556 -0.053115 -0.063680  0.889676 0.391583 1 1 1.000000
0  -44.677456 30.954891 10.185251  -0.996574 -0.052935 -0.063542  0.889676 0.391583 1 1 1.000000
0  -44.952728 32.427624 13.048132  -0.996755 -0.030515 -0.074489  0.872097 0.385723 1 1 1.000000
skin_0
0  -44.952728 32.427624 13.048132  -0.996755 -0.030515 -0.074489  0.872097 0.385723 1 1 1.000000
0  -44.966492 32.620316 13.061896  -0.997338 -0.031430 -0.065790  0.872097 0.384747 1 1 1.000000
0  -44.677456 31.106297 10.102669  -0.996556 -0.053115 -0.063680  0.889676 0.391583 1 1 1.000000
skin_0
0  -45.764797 39.419659 15.924776  -0.994687 -0.102575 0.008683  0.854518 0.357402 1 1 1.000000
0  -46.466759 46.755795 16.392748  -0.995352 -0.096269 0.002723  0.851588 0.327128 1 1 1.000000
0  -46.397934 46.012539 14.066656  -0.995488 -0.094243 -0.011007  0.866237 0.330058 1 1 1.000000
skin_0
0  -46.397934 46.012539 14.066656  -0.995488 -0.094243 -0.011007  0.866237 0.330058 1 1 1.000000
0  -45.695976 38.635120 13.474812  -0.994550 -0.103870 -0.008975  0.869167 0.360332 1 1 1.000000
0  -45.764797 39.419659 15.924776  -0.994687 -0.102575 0.008683  0.854518 0.357402 1 1 1.000000
skin_0
0  -45.283066 37.547775 7.749050  -0.990110 -0.100184 -0.098215  0.904324 0.365215 1 1 1.000000
0  -46.040073 45.654682 8.217022  -0.991948 -0.085825 -0.093128  0.901395 0.331034 1 1 1.000000
0  -45.833618 46.012539 5.932222  -0.990278 -0.088507 -0.107310  0.916044 0.330058 1 1 1.000000
skin_0
0  -45.833618 46.012539 5.932222  -0.990278 -0.088507 -0.107310  0.916044 0.330058 1 1 1.000000
0  -45.007790 37.478954 5.519307  -0.989172 -0.088349 -0.117187  0.917997 0.365215 1 1 1.000000
0  -45.283066 37.547775 7.749050  -0.990110 -0.100184 -0.098215  0.904324 0.365215 1 1 1.000000
skin_0
0  -45.764797 39.502243 16.089943  -0.982137 -0.108364 0.153829  0.853542 0.356426 1 1 1.000000
0  -46.466759 46.810848 16.557913  -0.969610 -0.106584 0.220219  0.850612 0.327128 1 1 1.000000
0  -46.466759 46.755795 16.392748  -0.995352 -0.096269 0.002723  0.851588 0.327128 1 1 1.000000
skin_0
0  -46.466759 46.755795 16.392748  -0.995352 -0.096269 0.002723  0.851588 0.327128 1 1 1.000000
0  -45.764797 39.419659 15.924776  -0.994687 -0.102575 0.008683  0.854518 0.357402 1 1 1.000000
0  -45.764797 39.502243 16.089943  -0.982137 -0.108364 0.153829  0.853542 0.356426 1 1 1.000000
skin_0
0  -45.709740 39.529770 16.268873  -0.947175 -0.113136 0.300099  0.994171 0.512680 1 1 1.000000
0  -46.411705 46.852139 16.723080  -0.927581 -0.110419 0.356933  0.994171 0.914060 1 1 1.000000
0  -46.466759 46.810848 16.557913  -0.969610 -0.106584 0.220219  0.002930 0.903317 1 1 1.000000
skin_0
0  -46.466759 46.810848 16.557913  -0.969610 -0.106584 0.220219  0.002930 0.903317 1 1 1.000000
0  -45.764797 39.502243 16.089943  -0.982137 -0.108364 0.153829  0.002930 0.501938 1 1 1.000000
0  -45.709740 39.529770 16.268873  -0.947175 -0.113136 0.300099  0.994171 0.512680 1 1 1.000000
skin_0
0  -45.558346 37.919399 10.556876  -0.993020 -0.105451 -0.052841  0.887722 0.363262 1 1 1.000000
0  -44.677456 31.106297 10.102669  -0.992743 -0.113126 -0.040787  0.889676 0.391583 1 1 1.000000
0  -44.966492 32.620316 13.061896  -0.992015 -0.123924 -0.023428  0.872097 0.384747 1 1 1.000000
skin_0
0  -44.966492 32.620316 13.061896  -0.992015 -0.123924 -0.023428  0.872097 0.384747 1 1 1.000000
0  -45.695976 38.635120 13.474812  -0.994550 -0.103870 -0.008975  0.869167 0.360332 1 1 1.000000
0  -45.558346 37.919399 10.556876  -0.993020 -0.105451 -0.052841  0.887722 0.363262 1 1 1.000000
skin_0
0  -45.902439 45.709736 10.969791  -0.330010 0.942358 -0.055272  0.884793 0.331034 1 1 1.000000
0  -46.260296 45.585865 11.148721  -0.348428 0.931894 -0.100856  0.883816 0.332011 1 1 1.000000
0  -46.397934 46.012539 14.066656  -0.312818 0.920426 -0.234438  0.866237 0.330058 1 1 1.000000
skin_0
0  -46.397934 46.012539 14.066656  -0.312818 0.920426 -0.234438  0.866237 0.330058 1 1 1.000000
0  -46.053837 46.108891 13.956547  -0.300348 0.931224 -0.206431  0.866237 0.330058 1 1 1.000000
0  -45.902439 45.709736 10.969791  -0.330010 0.942358 -0.055272  0.884793 0.331034 1 1 1.000000
skin_0
0  -46.040073 45.654682 8.217022  -0.360835 0.931808 0.039134  0.901395 0.331034 1 1 1.000000
0  -46.260296 45.585865 11.148721  -0.348428 0.931894 -0.100856  0.883816 0.332011 1 1 1.000000
0  -45.902439 45.709736 10.969791  -0.330010 0.942358 -0.055272  0.884793 0.331034 1 1 1.000000
skin_0
0  -45.902439 45.709736 10.969791  -0.330010 0.942358 -0.055272  0.884793 0.331034 1 1 1.000000
0  -45.682217 45.806084 8.038092  -0.347336 0.934340 0.079792  0.902371 0.331034 1 1 1.000000
0  -46.040073 45.654682 8.217022  -0.360835 0.931808 0.039134  0.901395 0.331034 1 1 1.000000
skin_0
0  -45.833618 46.012539 5.932222  -0.348157 0.929979 0.118005  0.916044 0.330058 1 1 1.000000
0  -46.040073 45.654682 8.217022  -0.360835 0.931808 0.039134  0.901395 0.331034 1 1 1.000000
0  -45.682217 45.806084 8.038092  -0.347336 0.934340 0.079792  0.902371 0.331034 1 1 1.000000
skin_0
0  -45.682217 45.806084 8.038092  -0.347336 0.934340 0.079792  0.902371 0.331034 1 1 1.000000
0  -45.461994 46.163944 5.890931  -0.349849 0.929211 0.119046  0.916044 0.329081 1 1 1.000000
0  -45.833618 46.012539 5.932222  -0.348157 0.929979 0.118005  0.916044 0.330058 1 1 1.000000
skin_0
0  -46.466759 46.810848 16.557913  -0.248637 0.940788 -0.230428  0.850612 0.327128 1 1 1.000000
0  -46.136425 46.879665 16.475330  -0.230992 0.949137 -0.213968  0.850612 0.326151 1 1 1.000000
0  -46.136425 46.852139 16.378984  -0.262087 0.917978 -0.297701  0.851588 0.326151 1 1 1.000000
skin_0
0  -46.136425 46.852139 16.378984  -0.262087 0.917978 -0.297701  0.851588 0.326151 1 1 1.000000
0  -46.466759 46.755795 16.392748  -0.264970 0.917138 -0.297740  0.851588 0.327128 1 1 1.000000
0  -46.466759 46.810848 16.557913  -0.248637 0.940788 -0.230428  0.850612 0.327128 1 1 1.000000
skin_0
0  -44.305824 28.174595 5.133919  -0.998360 -0.020236 -0.053555  0.920927 0.403302 1 1 1.000000
0  -44.319595 28.491163 5.299085  -0.998607 -0.018536 -0.049392  0.919950 0.402326 1 1 1.000000
0  -44.305824 28.394815 5.133919  -0.998554 -0.018448 -0.050493  0.920927 0.402326 1 1 1.000000
skin_0
0  -44.305824 28.394815 5.133919  -0.998554 -0.018448 -0.050493  0.920927 0.402326 1 1 1.000000
0  -44.305824 28.202122 5.037572  -0.998159 -0.023324 -0.055993  0.920927 0.403302 1 1 1.000000
0  -44.305824 28.174595 5.133919  -0.998360 -0.020236 -0.053555  0.920927 0.403302 1 1 1.000000
skin_0
0  -44.429703 29.592270 7.267315  -0.996232 -0.080279 -0.032813  0.907254 0.397443 1 1 1.000000
0  -44.567341 31.051237 7.336135  -0.994833 -0.091985 -0.042970  0.907254 0.391583 1 1 1.000000
0  -44.484760 31.051237 5.326613  -0.994216 -0.073736 -0.078084  0.918973 0.391583 1 1 1.000000
skin_0
0  -44.484760 31.051237 5.326613  -0.994216 -0.073736 -0.078084  0.918973 0.391583 1 1 1.000000
0  -44.319595 28.491163 5.299085  -0.997750 -0.061249 -0.027249  0.919950 0.402326 1 1 1.000000
0  -44.429703 29.592270 7.267315  -0.996232 -0.080279 -0.032813  0.907254 0.397443 1 1 1.000000
skin_0
0  -44.677456 31.106297 10.102669  -0.992743 -0.113126 -0.040787  0.889676 0.391583 1 1 1.000000
0  -45.558346 37.919399 10.556876  -0.993020 -0.105451 -0.052841  0.887722 0.363262 1 1 1.000000
0  -45.283066 37.547775 7.749050  -0.990110 -0.100184 -0.098215  0.904324 0.365215 1 1 1.000000
skin_0
0  -45.283066 37.547775 7.749050  -0.990110 -0.100184 -0.098215  0.904324 0.365215 1 1 1.000000
0  -44.567341 31.051237 7.336135  -0.994833 -0.091985 -0.042970  0.907254 0.391583 1 1 1.000000
0  -44.677456 31.106297 10.102669  -0.992743 -0.113126 -0.040787  0.889676 0.391583 1 1 1.000000
skin_0
0  -44.567341 31.051237 7.336135  -0.994833 -0.091985 -0.042970  0.907254 0.391583 1 1 1.000000
0  -45.283066 37.547775 7.749050  -0.990110 -0.100184 -0.098215  0.904324 0.365215 1 1 1.000000
0  -45.007790 37.478954 5.519307  -0.989172 -0.088349 -0.117187  0.917997 0.365215 1 1 1.000000
skin_0
0  -45.007790 37.478954 5.519307  -0.989172 -0.088349 -0.117187  0.917997 0.365215 1 1 1.000000
0  -44.484760 31.051237 5.326613  -0.994216 -0.073736 -0.078084  0.918973 0.391583 1 1 1.000000
0  -44.567341 31.051237 7.336135  -0.994833 -0.091985 -0.042970  0.907254 0.391583 1 1 1.000000
skin_0
0  -43.727745 13.901484 2.628898  -0.989572 -0.041393 -0.137964  0.935575 0.461898 1 1 1.000000
0  -43.727745 13.901484 2.601371  -0.989520 -0.042276 -0.138070  0.936552 0.461898 1 1 1.000000
0  -43.411175 5.354134 2.491260  -0.988384 -0.033635 -0.148208  0.936552 0.497055 1 1 1.000000
skin_0
0  -43.411175 5.354134 2.491260  -0.988384 -0.033635 -0.148208  0.936552 0.497055 1 1 1.000000
0  -43.411175 5.354134 2.505024  -0.988385 -0.033633 -0.148204  0.936552 0.497055 1 1 1.000000
0  -43.727745 13.901484 2.628898  -0.989572 -0.041393 -0.137964  0.935575 0.461898 1 1 1.000000
skin_0
0  -42.516525 -18.980350 2.367385  -0.997741 0.010001 -0.066434  0.937529 0.597644 1 1 1.000000
0  -42.599110 -26.536703 2.381149  -0.999992 -0.000170 -0.003949  0.937529 0.628895 1 1 1.000000
0  -42.530285 -26.522940 3.785062  -0.999474 0.009610 0.030965  0.928739 0.628895 1 1 1.000000
skin_0
0  -42.516525 -18.980350 2.367385  -0.997741 0.010001 -0.066434  0.937529 0.597644 1 1 1.000000
0  -42.530285 -26.522940 3.785062  -0.999474 0.009610 0.030965  0.928739 0.628895 1 1 1.000000
0  -42.557823 -20.177807 3.757534  -0.999962 -0.005313 -0.006931  0.928739 0.602527 1 1 1.000000
skin_0
0  -42.516525 -18.980350 2.367385  -0.997741 0.010001 -0.066434  0.937529 0.597644 1 1 1.000000
0  -42.557823 -20.177807 3.757534  -0.999962 -0.005313 -0.006931  0.928739 0.602527 1 1 1.000000
0  -42.530289 -19.035406 2.560079  -0.994152 -0.054291 -0.093350  0.936552 0.597644 1 1 1.000000
skin_0
0  -42.516525 -18.980350 2.367385  -0.997741 0.010001 -0.066434  0.937529 0.597644 1 1 1.000000
0  -42.530289 -19.035406 2.560079  -0.994152 -0.054291 -0.093350  0.936552 0.597644 1 1 1.000000
0  -42.475235 -17.562675 2.202219  -0.867685 -0.003218 -0.497105  0.938505 0.591784 1 1 1.000000
skin_0
0  -42.530285 -26.522940 3.785062  -0.999474 0.009610 0.030965  0.928739 0.628895 1 1 1.000000
0  -42.406414 -26.495413 7.212260  -0.997086 0.017176 -0.074331  0.908231 0.628895 1 1 1.000000
0  -42.557823 -20.177807 3.757534  -0.999962 -0.005313 -0.006931  0.928739 0.602527 1 1 1.000000
skin_0
0  -42.488995 -31.243940 2.215983  -0.954141 -0.010035 -0.299189  0.938505 0.648427 1 1 1.000000
0  -42.475231 -34.960182 2.174691  -0.936679 -0.002927 -0.350178  0.938505 0.663076 1 1 1.000000
0  -42.502758 -34.960182 2.326093  -0.991572 -0.003202 -0.129516  0.937529 0.663076 1 1 1.000000
skin_0
0  -42.502758 -34.960182 2.326093  -0.991572 -0.003202 -0.129516  0.937529 0.663076 1 1 1.000000
0  -42.502758 -31.230177 2.381149  -0.997559 -0.004519 -0.069687  0.937529 0.648427 1 1 1.000000
0  -42.488995 -31.243940 2.215983  -0.954141 -0.010035 -0.299189  0.938505 0.648427 1 1 1.000000
skin_0
0  -42.585346 -26.536703 2.215983  -0.970419 -0.005339 -0.241369  0.938505 0.628895 1 1 1.000000
0  -42.488995 -31.243940 2.215983  -0.954141 -0.010035 -0.299189  0.938505 0.648427 1 1 1.000000
0  -42.502758 -31.230177 2.381149  -0.997559 -0.004519 -0.069687  0.937529 0.648427 1 1 1.000000
skin_0
0  -42.502758 -31.230177 2.381149  -0.997559 -0.004519 -0.069687  0.937529 0.648427 1 1 1.000000
0  -42.599110 -26.536703 2.381149  -0.999992 -0.000170 -0.003949  0.937529 0.628895 1 1 1.000000
0  -42.585346 -26.536703 2.215983  -0.970419 -0.005339 -0.241369  0.938505 0.628895 1 1 1.000000
skin_0
0  -45.613392 -40.768520 2.215983  -0.931495 0.047699 -0.360614  0.938505 0.687490 1 1 1.000000
0  -45.764793 -42.585354 2.367385  -0.918561 0.044452 -0.392772  0.937529 0.695303 1 1 1.000000
0  -45.792320 -42.544056 2.532552  -0.975902 0.064206 -0.208548  0.936552 0.694327 1 1 1.000000
skin_0
0  -45.792320 -42.544056 2.532552  -0.975902 0.064206 -0.208548  0.936552 0.694327 1 1 1.000000
0  -45.640919 -40.740993 2.381149  -0.975414 0.063872 -0.210924  0.937529 0.687490 1 1 1.000000
0  -45.613392 -40.768520 2.215983  -0.931495 0.047699 -0.360614  0.938505 0.687490 1 1 1.000000
skin_0
0  -42.447704 -36.900883 2.160927  -0.924164 -0.008081 -0.381910  0.938505 0.671865 1 1 1.000000
0  -42.420177 -40.589592 2.160927  -0.910861 -0.006324 -0.412665  0.938505 0.686514 1 1 1.000000
0  -42.447704 -40.548302 2.298566  -0.985277 -0.007076 -0.170821  0.938505 0.686514 1 1 1.000000
skin_0
0  -42.447704 -40.548302 2.298566  -0.985277 -0.007076 -0.170821  0.938505 0.686514 1 1 1.000000
0  -42.488995 -36.845829 2.298566  -0.986908 -0.006557 -0.161153  0.938505 0.670888 1 1 1.000000
0  -42.447704 -36.900883 2.160927  -0.924164 -0.008081 -0.381910  0.938505 0.671865 1 1 1.000000
skin_0
0  -45.806091 46.040066 5.767056  -0.965013 -0.082067 -0.249026  0.917020 0.330058 1 1 1.000000
0  -44.980263 37.478954 5.354140  -0.949155 -0.071998 -0.306466  0.918973 0.365215 1 1 1.000000
0  -45.007790 37.478954 5.519307  -0.989172 -0.088349 -0.117187  0.917997 0.365215 1 1 1.000000
skin_0
0  -45.007790 37.478954 5.519307  -0.989172 -0.088349 -0.117187  0.917997 0.365215 1 1 1.000000
0  -45.833618 46.012539 5.932222  -0.990278 -0.088507 -0.107310  0.916044 0.330058 1 1 1.000000
0  -45.806091 46.040066 5.767056  -0.965013 -0.082067 -0.249026  0.917020 0.330058 1 1 1.000000
skin_0
0  -45.461994 46.163944 5.890931  -0.349849 0.929211 0.119046  0.916044 0.329081 1 1 1.000000
0  -45.448231 46.191471 5.725764  -0.364861 0.926912 -0.087806  0.917020 0.329081 1 1 1.000000
0  -45.806091 46.040066 5.767056  -0.365176 0.930914 -0.006772  0.917020 0.330058 1 1 1.000000
skin_0
0  -45.806091 46.040066 5.767056  -0.365176 0.930914 -0.006772  0.917020 0.330058 1 1 1.000000
0  -45.833618 46.012539 5.932222  -0.348157 0.929979 0.118005  0.916044 0.330058 1 1 1.000000
0  -45.461994 46.163944 5.890931  -0.349849 0.929211 0.119046  0.916044 0.329081 1 1 1.000000
skin_0
0  -44.470997 31.051237 5.161447  -0.951500 -0.061015 -0.301538  0.920927 0.391583 1 1 1.000000
0  -44.305824 28.394815 5.133919  -0.946047 -0.005521 -0.323982  0.920927 0.402326 1 1 1.000000
0  -44.319595 28.491163 5.299085  -0.997750 -0.061249 -0.027249  0.919950 0.402326 1 1 1.000000
skin_0
0  -44.319595 28.491163 5.299085  -0.997750 -0.061249 -0.027249  0.919950 0.402326 1 1 1.000000
0  -44.484760 31.051237 5.326613  -0.994216 -0.073736 -0.078084  0.918973 0.391583 1 1 1.000000
0  -44.470997 31.051237 5.161447  -0.951500 -0.061015 -0.301538  0.920927 0.391583 1 1 1.000000
skin_0
0  -44.980263 37.478954 5.354140  -0.949155 -0.071998 -0.306466  0.918973 0.365215 1 1 1.000000
0  -44.470997 31.051237 5.161447  -0.951500 -0.061015 -0.301538  0.920927 0.391583 1 1 1.000000
0  -44.484760 31.051237 5.326613  -0.994216 -0.073736 -0.078084  0.918973 0.391583 1 1 1.000000
skin_0
0  -44.484760 31.051237 5.326613  -0.994216 -0.073736 -0.078084  0.918973 0.391583 1 1 1.000000
0  -45.007790 37.478954 5.519307  -0.989172 -0.088349 -0.117187  0.917997 0.365215 1 1 1.000000
0  -44.980263 37.478954 5.354140  -0.949155 -0.071998 -0.306466  0.918973 0.365215 1 1 1.000000
skin_0
0  -42.502762 -18.939060 2.202219  -0.965364 0.017791 -0.260301  0.938505 0.597644 1 1 1.000000
0  -42.585346 -26.536703 2.215983  -0.970419 -0.005339 -0.241369  0.938505 0.628895 1 1 1.000000
0  -42.599110 -26.536703 2.381149  -0.999992 -0.000170 -0.003949  0.937529 0.628895 1 1 1.000000
skin_0
0  -42.599110 -26.536703 2.381149  -0.999992 -0.000170 -0.003949  0.937529 0.628895 1 1 1.000000
0  -42.516525 -18.980350 2.367385  -0.997741 0.010001 -0.066434  0.937529 0.597644 1 1 1.000000
0  -42.502762 -18.939060 2.202219  -0.965364 0.017791 -0.260301  0.938505 0.597644 1 1 1.000000
skin_0
0  -42.475235 -17.562675 2.202219  -0.867685 -0.003218 -0.497105  0.938505 0.591784 1 1 1.000000
0  -42.502762 -18.939060 2.202219  -0.965364 0.017791 -0.260301  0.938505 0.597644 1 1 1.000000
0  -42.516525 -18.980350 2.367385  -0.997741 0.010001 -0.066434  0.937529 0.597644 1 1 1.000000
skin_0
0  -42.365128 -17.590202 2.037053  -0.993805 -0.008029 -0.110846  0.994171 0.832026 1 1 1.000000
0  -42.475235 -17.562675 2.202219  -0.867685 -0.003218 -0.497105  0.002930 0.829096 1 1 1.000000
0  -42.778042 -11.768094 2.257274  -0.856266 -0.031710 -0.515561  0.002930 0.960936 1 1 1.000000
skin_0
0  -42.778042 -11.768094 2.257274  -0.856266 -0.031710 -0.515561  0.002930 0.960936 1 1 1.000000
0  -42.681694 -11.795621 2.092108  -0.994357 -0.043859 -0.096598  0.994171 0.964843 1 1 1.000000
0  -42.365128 -17.590202 2.037053  -0.993805 -0.008029 -0.110846  0.994171 0.832026 1 1 1.000000
skin_0
0  -42.681694 -11.795621 2.092108  -0.994357 -0.043859 -0.096598  0.994171 0.175756 1 1 1.000000
0  -42.778042 -11.768094 2.257274  -0.856266 -0.031710 -0.515561  0.002930 0.175756 1 1 1.000000
0  -43.411175 5.354134 2.491260  -0.865502 -0.024604 -0.500301  0.002930 0.360332 1 1 1.000000
skin_0
0  -43.411175 5.354134 2.491260  -0.865502 -0.024604 -0.500301  0.002930 0.360332 1 1 1.000000
0  -43.314831 5.354134 2.326094  -0.993241 -0.034480 -0.110830  0.994171 0.360332 1 1 1.000000
0  -42.681694 -11.795621 2.092108  -0.994357 -0.043859 -0.096598  0.994171 0.175756 1 1 1.000000
skin_0
0  -44.071842 26.027435 2.794065  -0.999780 -0.016815 -0.012537  0.994171 0.097629 1 1 1.000000
0  -44.140663 25.944849 2.945467  -0.895074 0.066894 -0.440872  0.002930 0.091769 1 1 1.000000
0  -44.181953 27.073488 3.413438  -0.920270 0.203250 -0.334353  0.002930 0.143529 1 1 1.000000
skin_0
0  -44.181953 27.073488 3.413438  -0.920270 0.203250 -0.334353  0.002930 0.143529 1 1 1.000000
0  -44.099373 27.197361 3.289563  -0.996864 -0.056186 0.055727  0.994171 0.150365 1 1 1.000000
0  -44.071842 26.027435 2.794065  -0.999780 -0.016815 -0.012537  0.994171 0.097629 1 1 1.000000
skin_0
0  -44.058079 21.843224 2.656426  -0.992094 -0.021855 -0.123579  0.994171 0.537095 1 1 1.000000
0  -44.154427 21.815695 2.821592  -0.874704 -0.011585 -0.484519  0.002930 0.537095 1 1 1.000000
0  -44.140663 25.944849 2.945467  -0.895074 0.066894 -0.440872  0.002930 0.581042 1 1 1.000000
skin_0
0  -44.140663 25.944849 2.945467  -0.895074 0.066894 -0.440872  0.002930 0.581042 1 1 1.000000
0  -44.071842 26.027435 2.794065  -0.999780 -0.016815 -0.012537  0.994171 0.582018 1 1 1.000000
0  -44.058079 21.843224 2.656426  -0.992094 -0.021855 -0.123579  0.994171 0.537095 1 1 1.000000
skin_0
0  -43.631397 13.929011 2.449968  -0.992420 -0.042860 -0.115178  0.994171 0.452132 1 1 1.000000
0  -43.727745 13.901484 2.601371  -0.869116 -0.029054 -0.493754  0.002930 0.452132 1 1 1.000000
0  -44.154427 21.815695 2.821592  -0.874704 -0.011585 -0.484519  0.002930 0.537095 1 1 1.000000
skin_0
0  -44.154427 21.815695 2.821592  -0.874704 -0.011585 -0.484519  0.002930 0.537095 1 1 1.000000
0  -44.058079 21.843224 2.656426  -0.992094 -0.021855 -0.123579  0.994171 0.537095 1 1 1.000000
0  -43.631397 13.929011 2.449968  -0.992420 -0.042860 -0.115178  0.994171 0.452132 1 1 1.000000
skin_0
0  -42.392651 -35.001472 2.050817  -0.979185 -0.005179 -0.202905  0.994171 0.273415 1 1 1.000000
0  -42.475231 -34.960182 2.174691  -0.936679 -0.002927 -0.350178  0.002930 0.263649 1 1 1.000000
0  -42.488995 -31.243940 2.215983  -0.954141 -0.010035 -0.299189  0.002930 0.411115 1 1 1.000000
skin_0
0  -42.488995 -31.243940 2.215983  -0.954141 -0.010035 -0.299189  0.002930 0.411115 1 1 1.000000
0  -42.406414 -31.271467 2.064580  -0.989763 -0.011565 -0.142250  0.994171 0.418928 1 1 1.000000
0  -42.392651 -35.001472 2.050817  -0.979185 -0.005179 -0.202905  0.994171 0.273415 1 1 1.000000
skin_0
0  -42.406414 -31.271467 2.064580  -0.989763 -0.011565 -0.142250  0.994171 0.418928 1 1 1.000000
0  -42.488995 -31.243940 2.215983  -0.954141 -0.010035 -0.299189  0.002930 0.411115 1 1 1.000000
0  -42.585346 -26.536703 2.215983  -0.970419 -0.005339 -0.241369  0.002930 0.552721 1 1 1.000000
skin_0
0  -42.585346 -26.536703 2.215983  -0.970419 -0.005339 -0.241369  0.002930 0.552721 1 1 1.000000
0  -42.502758 -26.536703 2.050817  -0.980509 0.000811 -0.196475  0.994171 0.564440 1 1 1.000000
0  -42.406414 -31.271467 2.064580  -0.989763 -0.011565 -0.142250  0.994171 0.418928 1 1 1.000000
skin_0
0  -45.668446 -42.626644 2.215983  -0.582277 -0.791631 -0.185133  0.994171 0.007782 1 1 1.000000
0  -45.764793 -42.585354 2.367385  -0.918561 0.044452 -0.392772  0.002930 0.009735 1 1 1.000000
0  -45.613392 -40.768520 2.215983  -0.931495 0.047699 -0.360614  0.002930 0.025361 1 1 1.000000
skin_0
0  -45.613392 -40.768520 2.215983  -0.931495 0.047699 -0.360614  0.002930 0.025361 1 1 1.000000
0  -45.517040 -40.823582 2.078345  -0.840271 0.024857 -0.541597  0.994171 0.040986 1 1 1.000000
0  -45.668446 -42.626644 2.215983  -0.582277 -0.791631 -0.185133  0.994171 0.007782 1 1 1.000000
skin_0
0  -42.378887 -36.928410 2.037053  -0.976938 -0.008513 -0.213354  0.994171 0.195288 1 1 1.000000
0  -42.351360 -40.617119 2.037053  -0.987400 -0.006786 -0.158096  0.994171 0.122043 1 1 1.000000
0  -42.420177 -40.589592 2.160927  -0.910861 -0.006324 -0.412665  0.002930 0.112278 1 1 1.000000
skin_0
0  -42.420177 -40.589592 2.160927  -0.910861 -0.006324 -0.412665  0.002930 0.112278 1 1 1.000000
0  -42.447704 -36.900883 2.160927  -0.924164 -0.008081 -0.381910  0.002930 0.185522 1 1 1.000000
0  -42.378887 -36.928410 2.037053  -0.976938 -0.008513 -0.213354  0.994171 0.195288 1 1 1.000000
skin_0
0  -44.897678 37.478954 5.188974  -0.988383 -0.082225 -0.127820  0.994171 0.606433 1 1 1.000000
0  -44.980263 37.478954 5.354140  -0.949155 -0.071998 -0.306466  0.002930 0.605457 1 1 1.000000
0  -45.806091 46.040066 5.767056  -0.965013 -0.082067 -0.249026  0.002930 0.983398 1 1 1.000000
skin_0
0  -45.806091 46.040066 5.767056  -0.965013 -0.082067 -0.249026  0.002930 0.983398 1 1 1.000000
0  -45.737270 46.026302 5.588126  -0.992039 -0.092909 -0.085010  0.994171 0.983398 1 1 1.000000
0  -44.897678 37.478954 5.188974  -0.988383 -0.082225 -0.127820  0.994171 0.606433 1 1 1.000000
skin_0
0  -45.737270 46.026302 5.588126  -0.373531 0.901551 -0.218359  0.994171 0.983398 1 1 1.000000
0  -45.806091 46.040066 5.767056  -0.365176 0.930914 -0.006772  0.002930 0.983398 1 1 1.000000
0  -45.448231 46.191471 5.725764  -0.364861 0.926912 -0.087806  0.002930 0.994140 1 1 1.000000
skin_0
0  -45.448231 46.191471 5.725764  -0.364861 0.926912 -0.087806  0.002930 0.994140 1 1 1.000000
0  -45.406940 46.150181 5.533070  -0.360506 0.899728 -0.246019  0.994171 0.993164 1 1 1.000000
0  -45.737270 46.026302 5.588126  -0.373531 0.901551 -0.218359  0.994171 0.983398 1 1 1.000000
skin_0
0  -44.237007 28.298468 4.968752  -0.979301 0.068176 -0.190584  0.994171 0.198218 1 1 1.000000
0  -44.305824 28.394815 5.133919  -0.946047 -0.005521 -0.323982  0.002930 0.201147 1 1 1.000000
0  -44.470997 31.051237 5.161447  -0.951500 -0.061015 -0.301538  0.002930 0.321268 1 1 1.000000
skin_0
0  -44.470997 31.051237 5.161447  -0.951500 -0.061015 -0.301538  0.002930 0.321268 1 1 1.000000
0  -44.374653 31.051237 4.996280  -0.995532 -0.065945 -0.067580  0.994171 0.322245 1 1 1.000000
0  -44.237007 28.298468 4.968752  -0.979301 0.068176 -0.190584  0.994171 0.198218 1 1 1.000000
skin_0
0  -44.374653 31.051237 4.996280  -0.995532 -0.065945 -0.067580  0.994171 0.322245 1 1 1.000000
0  -44.470997 31.051237 5.161447  -0.951500 -0.061015 -0.301538  0.002930 0.321268 1 1 1.000000
0  -44.980263 37.478954 5.354140  -0.949155 -0.071998 -0.306466  0.002930 0.605457 1 1 1.000000
skin_0
0  -44.980263 37.478954 5.354140  -0.949155 -0.071998 -0.306466  0.002930 0.605457 1 1 1.000000
0  -44.897678 37.478954 5.188974  -0.988383 -0.082225 -0.127820  0.994171 0.606433 1 1 1.000000
0  -44.374653 31.051237 4.996280  -0.995532 -0.065945 -0.067580  0.994171 0.322245 1 1 1.000000
skin_0
0  -43.314831 5.354134 2.326094  -0.993241 -0.034480 -0.110830  0.994171 0.360332 1 1 1.000000
0  -43.411175 5.354134 2.491260  -0.865502 -0.024604 -0.500301  0.002930 0.360332 1 1 1.000000
0  -43.727745 13.901484 2.601371  -0.869116 -0.029054 -0.493754  0.002930 0.452132 1 1 1.000000
skin_0
0  -43.727745 13.901484 2.601371  -0.869116 -0.029054 -0.493754  0.002930 0.452132 1 1 1.000000
0  -43.631397 13.929011 2.449968  -0.992420 -0.042860 -0.115178  0.994171 0.452132 1 1 1.000000
0  -43.314831 5.354134 2.326094  -0.993241 -0.034480 -0.110830  0.994171 0.360332 1 1 1.000000
skin_0
0  -42.502758 -26.536703 2.050817  -0.980509 0.000811 -0.196475  0.994171 0.564440 1 1 1.000000
0  -42.585346 -26.536703 2.215983  -0.970419 -0.005339 -0.241369  0.002930 0.552721 1 1 1.000000
0  -42.502762 -18.939060 2.202219  -0.965364 0.017791 -0.260301  0.002930 0.771477 1 1 1.000000
skin_0
0  -42.502762 -18.939060 2.202219  -0.965364 0.017791 -0.260301  0.002930 0.771477 1 1 1.000000
0  -42.433945 -18.884005 2.037053  -0.996761 0.020854 -0.077673  0.994171 0.782220 1 1 1.000000
0  -42.502758 -26.536703 2.050817  -0.980509 0.000811 -0.196475  0.994171 0.564440 1 1 1.000000
skin_0
0  -42.433945 -18.884005 2.037053  -0.996761 0.020854 -0.077673  0.994171 0.782220 1 1 1.000000
0  -42.502762 -18.939060 2.202219  -0.965364 0.017791 -0.260301  0.002930 0.771477 1 1 1.000000
0  -42.475235 -17.562675 2.202219  -0.867685 -0.003218 -0.497105  0.002930 0.829096 1 1 1.000000
skin_0
0  -42.475235 -17.562675 2.202219  -0.867685 -0.003218 -0.497105  0.002930 0.829096 1 1 1.000000
0  -42.365128 -17.590202 2.037053  -0.993805 -0.008029 -0.110846  0.994171 0.832026 1 1 1.000000
0  -42.433945 -18.884005 2.037053  -0.996761 0.020854 -0.077673  0.994171 0.782220 1 1 1.000000
skin_0
0  -44.429699 -35.923649 18.677546  -0.366034 0.125221 0.922138  0.837916 0.667959 1 1 1.000000
0  -44.347118 -35.978706 18.677546  -0.003766 -0.038572 0.999249  0.837916 0.667959 1 1 1.000000
0  -43.149662 -33.060768 18.787657  -0.428308 0.065526 0.901254  0.836940 0.655263 1 1 1.000000
skin_0
0  -45.324352 -37.919407 18.594963  -0.461187 0.165015 0.871824  0.837916 0.675771 1 1 1.000000
0  -47.237522 -42.296310 18.416035  -0.485299 0.179175 0.855793  0.838893 0.693350 1 1 1.000000
0  -47.086124 -42.323837 18.429798  -0.055262 0.014309 0.998369  0.838893 0.694327 1 1 1.000000
skin_0
0  -47.086124 -42.323837 18.429798  -0.055262 0.014309 0.998369  0.838893 0.694327 1 1 1.000000
0  -45.172943 -37.974461 18.594963  -0.004322 -0.035636 0.999356  0.837916 0.675771 1 1 1.000000
0  -45.324352 -37.919407 18.594963  -0.461187 0.165015 0.871824  0.837916 0.675771 1 1 1.000000
skin_0
0  -43.631393 -42.213726 18.457325  -0.003077 -0.031327 0.999504  0.838893 0.693350 1 1 1.000000
0  -43.590103 -38.401142 18.567434  0.004267 -0.035463 0.999362  0.837916 0.677725 1 1 1.000000
0  -45.172943 -37.974461 18.594963  -0.004322 -0.035636 0.999356  0.837916 0.675771 1 1 1.000000
skin_0
0  -45.172943 -37.974461 18.594963  -0.004322 -0.035636 0.999356  0.837916 0.675771 1 1 1.000000
0  -47.086124 -42.323837 18.429798  -0.055262 0.014309 0.998369  0.838893 0.694327 1 1 1.000000
0  -43.631393 -42.213726 18.457325  -0.003077 -0.031327 0.999504  0.838893 0.693350 1 1 1.000000
skin_0
0  -44.347118 -35.978706 18.677546  -0.003766 -0.038572 0.999249  0.837916 0.667959 1 1 1.000000
0  -43.479996 -36.432911 18.650019  0.007689 -0.041022 0.999129  0.837916 0.669912 1 1 1.000000
0  -43.149662 -33.060768 18.787657  -0.428308 0.065526 0.901254  0.836940 0.655263 1 1 1.000000
skin_0
0  -47.086124 -42.323837 18.429798  -0.055262 0.014309 0.998369  0.838893 0.694327 1 1 1.000000
0  -46.934719 -42.351368 18.443562  -0.018348 0.387186 0.921819  0.838893 0.694327 1 1 1.000000
0  -43.631393 -42.213726 18.457325  -0.003077 -0.031327 0.999504  0.838893 0.693350 1 1 1.000000
skin_0
0  -44.526043 -35.786011 18.429798  -0.912814 0.384796 0.136756  0.838893 0.666982 1 1 1.000000
0  -43.342354 -33.005714 18.581200  -0.956099 0.265806 0.123379  0.837916 0.655263 1 1 1.000000
0  -43.273537 -32.854309 17.755369  -0.985297 0.168872 -0.025923  0.842799 0.655263 1 1 1.000000
skin_0
0  -43.273537 -32.854309 17.755369  -0.985297 0.168872 -0.025923  0.842799 0.655263 1 1 1.000000
0  -44.484753 -35.607079 17.700314  -0.913286 0.399019 0.081812  0.843776 0.666005 1 1 1.000000
0  -44.526043 -35.786011 18.429798  -0.912814 0.384796 0.136756  0.838893 0.666982 1 1 1.000000
skin_0
0  -47.265049 -41.704468 17.342453  -0.871237 0.446725 0.203427  0.845729 0.691397 1 1 1.000000
0  -47.292583 -42.089851 18.085701  -0.899758 0.398350 0.178193  0.840846 0.693350 1 1 1.000000
0  -47.209995 -41.649406 17.480093  -0.886232 0.424555 0.185328  0.844752 0.691397 1 1 1.000000
skin_0
0  -44.058075 -34.409626 10.722041  -0.049179 -0.069382 0.996377  0.886746 0.661122 1 1 1.000000
0  -44.938961 -36.336563 10.556876  -0.044149 -0.071331 0.996475  0.887722 0.668935 1 1 1.000000
0  -43.149662 -34.684902 10.749569  -0.050132 -0.068161 0.996414  0.885769 0.662099 1 1 1.000000
skin_0
0  -43.590103 -39.681179 10.350417  -0.312298 -0.045600 0.948889  0.888699 0.682608 1 1 1.000000
0  -43.301064 -36.804535 10.611930  -0.069828 -0.072906 0.994891  0.886746 0.670888 1 1 1.000000
0  -44.938961 -36.336563 10.556876  -0.044149 -0.071331 0.996475  0.887722 0.668935 1 1 1.000000
skin_0
0  -46.934719 -39.763760 10.446765  -0.021804 0.903096 0.428884  0.887722 0.683584 1 1 1.000000
0  -47.141178 -40.190441 13.061896  0.140072 0.965278 0.220496  0.872097 0.685537 1 1 1.000000
0  -46.962250 -40.217968 13.061896  0.206320 0.954135 0.216928  0.872097 0.685537 1 1 1.000000
skin_0
0  -46.962250 -40.217968 13.061896  0.206320 0.954135 0.216928  0.872097 0.685537 1 1 1.000000
0  -46.700733 -39.846344 10.446765  0.223987 0.832595 0.506572  0.887722 0.683584 1 1 1.000000
0  -46.934719 -39.763760 10.446765  -0.021804 0.903096 0.428884  0.887722 0.683584 1 1 1.000000
skin_0
0  -47.196232 -40.768520 15.154001  0.179079 0.931609 0.316284  0.859401 0.687490 1 1 1.000000
0  -47.031067 -40.796055 15.154001  0.219739 0.921184 0.321147  0.859401 0.687490 1 1 1.000000
0  -46.962250 -40.217968 13.061896  0.206320 0.954135 0.216928  0.872097 0.685537 1 1 1.000000
skin_0
0  -46.962250 -40.217968 13.061896  0.206320 0.954135 0.216928  0.872097 0.685537 1 1 1.000000
0  -47.141178 -40.190441 13.061896  0.140072 0.965278 0.220496  0.872097 0.685537 1 1 1.000000
0  -47.196232 -40.768520 15.154001  0.179079 0.931609 0.316284  0.859401 0.687490 1 1 1.000000
skin_0
0  -47.196232 -40.768520 15.154001  0.179079 0.931609 0.316284  0.859401 0.687490 1 1 1.000000
0  -47.265049 -41.580589 17.094706  -0.450894 0.888781 0.082236  0.847682 0.690420 1 1 1.000000
0  -47.058594 -41.525532 16.998356  0.028281 0.976970 0.211493  0.847682 0.690420 1 1 1.000000
skin_0
0  -47.058594 -41.525532 16.998356  0.028281 0.976970 0.211493  0.847682 0.690420 1 1 1.000000
0  -47.031067 -40.796055 15.154001  0.219739 0.921184 0.321147  0.859401 0.687490 1 1 1.000000
0  -47.196232 -40.768520 15.154001  0.179079 0.931609 0.316284  0.859401 0.687490 1 1 1.000000
skin_0
0  -46.728260 -41.511768 17.080940  -0.140764 0.492254 -0.858994  0.847682 0.690420 1 1 1.000000
0  -46.797085 -41.608116 16.888247  0.072435 0.886632 -0.456767  0.848659 0.690420 1 1 1.000000
0  -47.058594 -41.525532 16.998356  0.015805 0.966312 -0.256886  0.847682 0.690420 1 1 1.000000
skin_0
0  -47.058594 -41.525532 16.998356  0.015805 0.966312 -0.256886  0.847682 0.690420 1 1 1.000000
0  -46.976013 -41.511768 17.177286  -0.204702 0.823322 -0.529375  0.846706 0.690420 1 1 1.000000
0  -46.728260 -41.511768 17.080940  -0.140764 0.492254 -0.858994  0.847682 0.690420 1 1 1.000000
skin_0
0  -43.273537 -32.854309 17.755369  -0.049693 0.106773 -0.993041  0.842799 0.655263 1 1 1.000000
0  -43.479996 -35.813538 17.438801  -0.051184 0.103547 -0.993307  0.844752 0.666982 1 1 1.000000
0  -44.360882 -35.593315 17.507620  -0.050868 0.103036 -0.993376  0.844752 0.666005 1 1 1.000000
skin_0
0  -43.479996 -40.039040 13.061895  -0.999199 0.037395 -0.014241  0.872097 0.684561 1 1 1.000000
0  -43.383644 -37.148628 13.268353  -0.998897 0.026946 -0.038440  0.871120 0.672842 1 1 1.000000
0  -43.301064 -36.804535 10.611930  -0.998153 0.056935 -0.021181  0.886746 0.670888 1 1 1.000000
skin_0
0  -43.301064 -36.804535 10.611930  -0.998153 0.056935 -0.021181  0.886746 0.670888 1 1 1.000000
0  -43.424934 -39.612362 10.501820  -0.998848 0.045977 -0.013756  0.887722 0.682608 1 1 1.000000
0  -43.479996 -40.039040 13.061895  -0.999199 0.037395 -0.014241  0.872097 0.684561 1 1 1.000000
skin_0
0  -43.521286 -40.658409 15.181528  -0.999783 0.011248 -0.017532  0.859401 0.687490 1 1 1.000000
0  -43.521286 -41.401661 17.039650  -0.999953 -0.008993 -0.003544  0.847682 0.690420 1 1 1.000000
0  -43.562576 -37.891880 17.232342  -0.999463 0.019116 -0.026596  0.846706 0.675771 1 1 1.000000
skin_0
0  -43.521286 -40.658409 15.181528  -0.999783 0.011248 -0.017532  0.859401 0.687490 1 1 1.000000
0  -43.562576 -37.891880 17.232342  -0.999463 0.019116 -0.026596  0.846706 0.675771 1 1 1.000000
0  -43.383644 -37.148628 13.268353  -0.998897 0.026946 -0.038440  0.871120 0.672842 1 1 1.000000
skin_0
0  -43.521286 -40.658409 15.181528  -0.999783 0.011248 -0.017532  0.859401 0.687490 1 1 1.000000
0  -43.383644 -37.148628 13.268353  -0.998897 0.026946 -0.038440  0.871120 0.672842 1 1 1.000000
0  -43.479996 -40.039040 13.061895  -0.999199 0.037395 -0.014241  0.872097 0.684561 1 1 1.000000
skin_0
0  -46.342873 -39.722469 10.281599  -0.001756 -0.077131 0.997019  0.888699 0.683584 1 1 1.000000
0  -43.590103 -39.681179 10.350417  -0.312298 -0.045600 0.948889  0.888699 0.682608 1 1 1.000000
0  -44.938961 -36.336563 10.556876  -0.044149 -0.071331 0.996475  0.887722 0.668935 1 1 1.000000
skin_0
0  -44.938961 -36.336563 10.556876  -0.044149 -0.071331 0.996475  0.887722 0.668935 1 1 1.000000
0  -46.604385 -39.681179 10.295362  0.011762 -0.082679 0.996507  0.888699 0.682608 1 1 1.000000
0  -46.342873 -39.722469 10.281599  -0.001756 -0.077131 0.997019  0.888699 0.683584 1 1 1.000000
skin_0
0  -43.562576 -37.891880 17.232342  -0.073656 0.056732 -0.995669  0.846706 0.675771 1 1 1.000000
0  -43.521286 -41.401661 17.039650  -0.640145 0.037564 -0.767335  0.847682 0.690420 1 1 1.000000
0  -43.700214 -41.621880 17.177286  -0.223281 0.046242 -0.973657  0.846706 0.691397 1 1 1.000000
skin_0
0  -43.700214 -41.621880 17.177286  -0.223281 0.046242 -0.973657  0.846706 0.691397 1 1 1.000000
0  -45.186707 -37.616604 17.356216  -0.043797 0.066050 -0.996855  0.845729 0.674795 1 1 1.000000
0  -43.562576 -37.891880 17.232342  -0.073656 0.056732 -0.995669  0.846706 0.675771 1 1 1.000000
skin_0
0  -47.292583 -42.089851 18.085701  -0.899758 0.398350 0.178193  0.840846 0.693350 1 1 1.000000
0  -45.393169 -37.809296 18.305923  -0.908163 0.391167 0.149094  0.839869 0.674795 1 1 1.000000
0  -45.379406 -37.616604 17.659021  -0.908386 0.403251 0.110560  0.843776 0.674795 1 1 1.000000
skin_0
0  -45.379406 -37.616604 17.659021  -0.908386 0.403251 0.110560  0.843776 0.674795 1 1 1.000000
0  -47.209995 -41.649406 17.480093  -0.886232 0.424555 0.185328  0.844752 0.691397 1 1 1.000000
0  -47.292583 -42.089851 18.085701  -0.899758 0.398350 0.178193  0.840846 0.693350 1 1 1.000000
skin_0
0  -46.728260 -41.511768 17.080940  -0.140764 0.492254 -0.858994  0.847682 0.690420 1 1 1.000000
0  -46.976013 -41.511768 17.177286  -0.204702 0.823322 -0.529375  0.846706 0.690420 1 1 1.000000
0  -45.186707 -37.616604 17.356216  -0.043797 0.066050 -0.996855  0.845729 0.674795 1 1 1.000000
skin_0
0  -45.186707 -37.616604 17.356216  -0.043797 0.066050 -0.996855  0.845729 0.674795 1 1 1.000000
0  -43.700214 -41.621880 17.177286  -0.223281 0.046242 -0.973657  0.846706 0.691397 1 1 1.000000
0  -46.728260 -41.511768 17.080940  -0.140764 0.492254 -0.858994  0.847682 0.690420 1 1 1.000000
skin_0
0  -46.452988 -39.901398 10.460528  0.070581 0.884021 0.462087  0.887722 0.683584 1 1 1.000000
0  -46.342873 -39.722469 10.281599  0.031545 0.663641 0.747386  0.888699 0.683584 1 1 1.000000
0  -46.604385 -39.681179 10.295362  0.094480 0.400762 0.911298  0.888699 0.682608 1 1 1.000000
skin_0
0  -46.604385 -39.681179 10.295362  0.094480 0.400762 0.911298  0.888699 0.682608 1 1 1.000000
0  -46.700733 -39.846344 10.446765  0.223987 0.832595 0.506572  0.887722 0.683584 1 1 1.000000
0  -46.452988 -39.901398 10.460528  0.070581 0.884021 0.462087  0.887722 0.683584 1 1 1.000000
skin_0
0  -45.076599 -36.267742 10.350418  -0.884426 0.456051 -0.099040  0.888699 0.668935 1 1 1.000000
0  -45.090363 -36.267742 10.515584  -0.733398 0.325086 0.597032  0.887722 0.668935 1 1 1.000000
0  -44.154423 -34.368332 10.708277  -0.744964 0.294470 0.598595  0.886746 0.661122 1 1 1.000000
skin_0
0  -44.154423 -34.368332 10.708277  -0.744964 0.294470 0.598595  0.886746 0.661122 1 1 1.000000
0  -44.126896 -34.354568 10.611930  -0.897668 0.431306 -0.090369  0.886746 0.661122 1 1 1.000000
0  -45.076599 -36.267742 10.350418  -0.884426 0.456051 -0.099040  0.888699 0.668935 1 1 1.000000
skin_0
0  -45.076599 -36.267742 10.350418  -0.884426 0.456051 -0.099040  0.888699 0.668935 1 1 1.000000
0  -46.810848 -39.612362 10.116433  -0.883633 0.453234 -0.117354  0.889676 0.682608 1 1 1.000000
0  -46.838375 -39.598598 10.295362  -0.691240 0.559061 0.457861  0.888699 0.682608 1 1 1.000000
skin_0
0  -46.838375 -39.598598 10.295362  -0.691240 0.559061 0.457861  0.888699 0.682608 1 1 1.000000
0  -45.090363 -36.267742 10.515584  -0.733398 0.325086 0.597032  0.887722 0.668935 1 1 1.000000
0  -45.076599 -36.267742 10.350418  -0.884426 0.456051 -0.099040  0.888699 0.668935 1 1 1.000000
skin_0
0  -43.273537 -32.854309 17.755369  -0.985297 0.168872 -0.025923  0.842799 0.655263 1 1 1.000000
0  -44.484753 -35.552025 17.576439  -0.791689 0.384158 -0.475028  0.844752 0.666005 1 1 1.000000
0  -44.484753 -35.607079 17.700314  -0.913286 0.399019 0.081812  0.843776 0.666005 1 1 1.000000
skin_0
0  -47.265049 -41.704468 17.342453  -0.871237 0.446725 0.203427  0.845729 0.691397 1 1 1.000000
0  -47.209995 -41.649406 17.480093  -0.886232 0.424555 0.185328  0.844752 0.691397 1 1 1.000000
0  -47.182468 -41.498005 17.273634  -0.783510 0.613829 -0.096574  0.845729 0.690420 1 1 1.000000
skin_0
0  -47.182468 -41.498005 17.273634  -0.783510 0.613829 -0.096574  0.845729 0.690420 1 1 1.000000
0  -47.265049 -41.580589 17.094706  -0.450894 0.888781 0.082236  0.847682 0.690420 1 1 1.000000
0  -47.265049 -41.704468 17.342453  -0.871237 0.446725 0.203427  0.845729 0.691397 1 1 1.000000
skin_0
0  -44.058075 -34.409626 10.722041  -0.195355 -0.004777 0.980721  0.886746 0.661122 1 1 1.000000
0  -44.154423 -34.368332 10.708277  -0.744964 0.294470 0.598595  0.886746 0.661122 1 1 1.000000
0  -45.090363 -36.267742 10.515584  -0.733398 0.325086 0.597032  0.887722 0.668935 1 1 1.000000
skin_0
0  -45.090363 -36.267742 10.515584  -0.733398 0.325086 0.597032  0.887722 0.668935 1 1 1.000000
0  -44.938961 -36.336563 10.556876  -0.176069 0.006725 0.984355  0.887722 0.668935 1 1 1.000000
0  -44.058075 -34.409626 10.722041  -0.195355 -0.004777 0.980721  0.886746 0.661122 1 1 1.000000
skin_0
0  -47.182468 -41.498005 17.273634  -0.783510 0.613829 -0.096574  0.845729 0.690420 1 1 1.000000
0  -46.976013 -41.511768 17.177286  -0.294313 0.706920 -0.643151  0.846706 0.690420 1 1 1.000000
0  -47.058594 -41.525532 16.998356  0.028281 0.976970 0.211493  0.847682 0.690420 1 1 1.000000
skin_0
0  -47.058594 -41.525532 16.998356  0.028281 0.976970 0.211493  0.847682 0.690420 1 1 1.000000
0  -47.265049 -41.580589 17.094706  -0.450894 0.888781 0.082236  0.847682 0.690420 1 1 1.000000
0  -47.182468 -41.498005 17.273634  -0.783510 0.613829 -0.096574  0.845729 0.690420 1 1 1.000000
skin_0
0  -44.360882 -35.593315 17.507620  -0.395709 0.234020 -0.888059  0.844752 0.666005 1 1 1.000000
0  -44.484753 -35.552025 17.576439  -0.791689 0.384158 -0.475028  0.844752 0.666005 1 1 1.000000
0  -43.273537 -32.854309 17.755369  -0.985297 0.168872 -0.025923  0.842799 0.655263 1 1 1.000000
skin_0
0  -46.838375 -39.598598 10.295362  -0.691240 0.559061 0.457861  0.888699 0.682608 1 1 1.000000
0  -46.604385 -39.681179 10.295362  0.094480 0.400762 0.911298  0.888699 0.682608 1 1 1.000000
0  -44.938961 -36.336563 10.556876  -0.176069 0.006725 0.984355  0.887722 0.668935 1 1 1.000000
skin_0
0  -44.938961 -36.336563 10.556876  -0.176069 0.006725 0.984355  0.887722 0.668935 1 1 1.000000
0  -45.090363 -36.267742 10.515584  -0.733398 0.325086 0.597032  0.887722 0.668935 1 1 1.000000
0  -46.838375 -39.598598 10.295362  -0.691240 0.559061 0.457861  0.888699 0.682608 1 1 1.000000
skin_0
0  -47.182468 -41.498005 17.273634  -0.783510 0.613829 -0.096574  0.845729 0.690420 1 1 1.000000
0  -47.209995 -41.649406 17.480093  -0.886232 0.424555 0.185328  0.844752 0.691397 1 1 1.000000
0  -45.379406 -37.616604 17.659021  -0.908386 0.403251 0.110560  0.843776 0.674795 1 1 1.000000
skin_0
0  -45.379406 -37.616604 17.659021  -0.908386 0.403251 0.110560  0.843776 0.674795 1 1 1.000000
0  -45.379406 -37.547783 17.452564  -0.792651 0.384229 -0.473363  0.844752 0.673818 1 1 1.000000
0  -47.182468 -41.498005 17.273634  -0.783510 0.613829 -0.096574  0.845729 0.690420 1 1 1.000000
skin_0
0  -45.379406 -37.547783 17.452564  -0.792651 0.384229 -0.473363  0.844752 0.673818 1 1 1.000000
0  -45.186707 -37.616604 17.356216  -0.399685 0.229229 -0.887528  0.845729 0.674795 1 1 1.000000
0  -46.976013 -41.511768 17.177286  -0.294313 0.706920 -0.643151  0.846706 0.690420 1 1 1.000000
skin_0
0  -46.976013 -41.511768 17.177286  -0.294313 0.706920 -0.643151  0.846706 0.690420 1 1 1.000000
0  -47.182468 -41.498005 17.273634  -0.783510 0.613829 -0.096574  0.845729 0.690420 1 1 1.000000
0  -45.379406 -37.547783 17.452564  -0.792651 0.384229 -0.473363  0.844752 0.673818 1 1 1.000000
skin_0
0  -46.934719 -39.763760 10.446765  -0.021804 0.903096 0.428884  0.887722 0.683584 1 1 1.000000
0  -46.700733 -39.846344 10.446765  0.223987 0.832595 0.506572  0.887722 0.683584 1 1 1.000000
0  -46.604385 -39.681179 10.295362  0.094480 0.400762 0.911298  0.888699 0.682608 1 1 1.000000
skin_0
0  -46.604385 -39.681179 10.295362  0.094480 0.400762 0.911298  0.888699 0.682608 1 1 1.000000
0  -46.838375 -39.598598 10.295362  -0.691240 0.559061 0.457861  0.888699 0.682608 1 1 1.000000
0  -46.934719 -39.763760 10.446765  -0.021804 0.903096 0.428884  0.887722 0.683584 1 1 1.000000
skin_0
0  -46.838375 -39.598598 10.295362  -0.691240 0.559061 0.457861  0.888699 0.682608 1 1 1.000000
0  -46.810848 -39.612362 10.116433  -0.883633 0.453234 -0.117354  0.889676 0.682608 1 1 1.000000
0  -46.907192 -39.777523 10.226543  -0.903846 0.408065 -0.128630  0.889676 0.683584 1 1 1.000000
skin_0
0  -46.907192 -39.777523 10.226543  -0.903846 0.408065 -0.128630  0.889676 0.683584 1 1 1.000000
0  -46.934719 -39.763760 10.446765  -0.021804 0.903096 0.428884  0.887722 0.683584 1 1 1.000000
0  -46.838375 -39.598598 10.295362  -0.691240 0.559061 0.457861  0.888699 0.682608 1 1 1.000000
skin_0
0  -46.797085 -41.608116 16.888247  -0.492233 0.806890 0.326551  0.848659 0.690420 1 1 1.000000
0  -46.797085 -40.864872 15.140238  0.081280 0.946243 0.313078  0.859401 0.687490 1 1 1.000000
0  -47.031067 -40.796055 15.154001  0.219739 0.921184 0.321147  0.859401 0.687490 1 1 1.000000
skin_0
0  -47.031067 -40.796055 15.154001  0.219739 0.921184 0.321147  0.859401 0.687490 1 1 1.000000
0  -47.058594 -41.525532 16.998356  0.028281 0.976970 0.211493  0.847682 0.690420 1 1 1.000000
0  -46.797085 -41.608116 16.888247  -0.492233 0.806890 0.326551  0.848659 0.690420 1 1 1.000000
skin_0
0  -46.797085 -40.864872 15.140238  0.081280 0.946243 0.313078  0.859401 0.687490 1 1 1.000000
0  -46.700733 -40.286789 13.020605  0.102760 0.972541 0.208815  0.872097 0.685537 1 1 1.000000
0  -46.962250 -40.217968 13.061896  0.206320 0.954135 0.216928  0.872097 0.685537 1 1 1.000000
skin_0
0  -46.962250 -40.217968 13.061896  0.206320 0.954135 0.216928  0.872097 0.685537 1 1 1.000000
0  -47.031067 -40.796055 15.154001  0.219739 0.921184 0.321147  0.859401 0.687490 1 1 1.000000
0  -46.797085 -40.864872 15.140238  0.081280 0.946243 0.313078  0.859401 0.687490 1 1 1.000000
skin_0
0  -46.700733 -40.286789 13.020605  0.102760 0.972541 0.208815  0.872097 0.685537 1 1 1.000000
0  -46.452988 -39.901398 10.460528  0.070581 0.884021 0.462087  0.887722 0.683584 1 1 1.000000
0  -46.700733 -39.846344 10.446765  0.223987 0.832595 0.506572  0.887722 0.683584 1 1 1.000000
skin_0
0  -46.700733 -39.846344 10.446765  0.223987 0.832595 0.506572  0.887722 0.683584 1 1 1.000000
0  -46.962250 -40.217968 13.061896  0.206320 0.954135 0.216928  0.872097 0.685537 1 1 1.000000
0  -46.700733 -40.286789 13.020605  0.102760 0.972541 0.208815  0.872097 0.685537 1 1 1.000000
skin_0
0  -43.273537 -32.854309 17.755369  -0.985297 0.168872 -0.025923  0.842799 0.655263 1 1 1.000000
0  -43.190952 -32.138592 17.851715  -0.996063 0.086977 -0.017139  0.842799 0.652333 1 1 1.000000
0  -43.135899 -31.945894 13.722560  -0.993820 0.109057 -0.020710  0.868191 0.651357 1 1 1.000000
skin_0
0  -43.135899 -31.945894 13.722560  -0.993820 0.109057 -0.020710  0.868191 0.651357 1 1 1.000000
0  -43.204716 -32.289989 13.695032  -0.991555 0.127459 -0.023918  0.868191 0.652333 1 1 1.000000
0  -43.273537 -32.854309 17.755369  -0.985297 0.168872 -0.025923  0.842799 0.655263 1 1 1.000000
skin_0
0  -43.204716 -32.179882 18.622490  -0.993767 0.109115 -0.022814  0.837916 0.652333 1 1 1.000000
0  -43.204716 -32.056007 18.746367  -0.934245 0.146704 0.325060  0.836940 0.651357 1 1 1.000000
0  -43.190952 -32.000954 17.865480  -0.976173 0.216991 -0.000861  0.842799 0.651357 1 1 1.000000
skin_0
0  -43.190952 -32.000954 17.865480  -0.976173 0.216991 -0.000861  0.842799 0.651357 1 1 1.000000
0  -43.190952 -32.138592 17.851715  -0.996063 0.086977 -0.017139  0.842799 0.652333 1 1 1.000000
0  -43.204716 -32.179882 18.622490  -0.993767 0.109115 -0.022814  0.837916 0.652333 1 1 1.000000
skin_0
0  -46.907192 -39.777523 10.226543  -0.903846 0.408065 -0.128630  0.889676 0.683584 1 1 1.000000
0  -46.810848 -39.612362 10.116433  -0.883633 0.453234 -0.117354  0.889676 0.682608 1 1 1.000000
0  -46.700733 -39.557304 9.042852  -0.884468 0.456062 -0.098615  0.896512 0.682608 1 1 1.000000
skin_0
0  -46.700733 -39.557304 9.042852  -0.884468 0.456062 -0.098615  0.896512 0.682608 1 1 1.000000
0  -46.769558 -39.736233 8.891450  -0.883624 0.454145 -0.113843  0.897488 0.683584 1 1 1.000000
0  -46.907192 -39.777523 10.226543  -0.903846 0.408065 -0.128630  0.889676 0.683584 1 1 1.000000
skin_0
0  -43.975491 -34.216934 9.483294  -0.900114 0.425939 -0.091494  0.893582 0.660146 1 1 1.000000
0  -44.980255 -36.267742 9.331893  -0.885914 0.453470 -0.097579  0.894559 0.668935 1 1 1.000000
0  -45.076599 -36.267742 10.350418  -0.884426 0.456051 -0.099040  0.888699 0.668935 1 1 1.000000
skin_0
0  -45.076599 -36.267742 10.350418  -0.884426 0.456051 -0.099040  0.888699 0.668935 1 1 1.000000
0  -44.126896 -34.354568 10.611930  -0.897668 0.431306 -0.090369  0.886746 0.661122 1 1 1.000000
0  -43.975491 -34.216934 9.483294  -0.900114 0.425939 -0.091494  0.893582 0.660146 1 1 1.000000
skin_0
0  -42.998260 -31.794495 10.969790  -0.984029 0.165906 -0.064520  0.884793 0.650380 1 1 1.000000
0  -42.956966 -31.326525 10.997318  -0.995993 0.058821 -0.067357  0.884793 0.648427 1 1 1.000000
0  -42.833092 -30.610804 9.978793  -0.993877 0.018541 -0.108923  0.890652 0.645497 1 1 1.000000
skin_0
0  -42.833092 -30.610804 9.978793  -0.993877 0.018541 -0.108923  0.890652 0.645497 1 1 1.000000
0  -42.819328 -31.601801 9.689753  -0.987334 0.136603 -0.080696  0.892605 0.649403 1 1 1.000000
0  -42.998260 -31.794495 10.969790  -0.984029 0.165906 -0.064520  0.884793 0.650380 1 1 1.000000
skin_0
0  -42.833092 -30.610804 9.978793  -0.993877 0.018541 -0.108923  0.890652 0.645497 1 1 1.000000
0  -42.956966 -31.326525 10.997318  -0.995993 0.058821 -0.067357  0.884793 0.648427 1 1 1.000000
0  -42.956966 -31.147594 11.011082  -0.987257 0.156939 -0.026327  0.884793 0.647450 1 1 1.000000
skin_0
0  -42.956966 -31.147594 11.011082  -0.987257 0.156939 -0.026327  0.884793 0.647450 1 1 1.000000
0  -42.833092 -30.404345 9.992557  -0.985205 0.171230 0.007184  0.890652 0.644520 1 1 1.000000
0  -42.833092 -30.610804 9.978793  -0.993877 0.018541 -0.108923  0.890652 0.645497 1 1 1.000000
skin_0
0  -45.517040 -40.823582 2.078345  0.052282 0.959965 -0.275198  0.994171 0.040986 1 1 1.000000
0  -45.613392 -40.768520 2.215983  0.062900 0.972734 -0.223229  0.002930 0.025361 1 1 1.000000
0  -45.159180 -40.809818 2.202219  0.056452 0.970375 -0.234915  0.002930 0.120090 1 1 1.000000
skin_0
0  -45.159180 -40.809818 2.202219  0.056452 0.970375 -0.234915  0.002930 0.120090 1 1 1.000000
0  -45.131653 -40.851109 2.050817  0.045822 0.965010 -0.258180  0.994171 0.119114 1 1 1.000000
0  -45.517040 -40.823582 2.078345  0.052282 0.959965 -0.275198  0.994171 0.040986 1 1 1.000000
skin_0
0  -45.613392 -40.768520 2.215983  0.062900 0.972734 -0.223229  0.938505 0.687490 1 1 1.000000
0  -45.640919 -40.740993 2.381149  0.073548 0.976760 -0.201324  0.937529 0.687490 1 1 1.000000
0  -45.186707 -40.782284 2.326094  0.063668 0.977863 -0.199325  0.937529 0.687490 1 1 1.000000
skin_0
0  -45.186707 -40.782284 2.326094  0.063668 0.977863 -0.199325  0.937529 0.687490 1 1 1.000000
0  -45.159180 -40.809818 2.202219  0.056452 0.970375 -0.234915  0.938505 0.687490 1 1 1.000000
0  -45.613392 -40.768520 2.215983  0.062900 0.972734 -0.223229  0.938505 0.687490 1 1 1.000000
skin_0
0  -45.998775 -40.286789 4.074102  0.200794 0.965495 -0.165838  0.926786 0.685537 1 1 1.000000
0  -46.397926 -39.901398 6.427721  0.167123 0.981274 -0.095766  0.913114 0.683584 1 1 1.000000
0  -45.929958 -39.983982 6.427721  0.174982 0.979207 -0.102640  0.913114 0.684561 1 1 1.000000
skin_0
0  -45.929958 -39.983982 6.427721  0.174982 0.979207 -0.102640  0.913114 0.684561 1 1 1.000000
0  -45.544575 -40.383137 4.074102  0.191082 0.965241 -0.178319  0.926786 0.685537 1 1 1.000000
0  -45.998775 -40.286789 4.074102  0.200794 0.965495 -0.165838  0.926786 0.685537 1 1 1.000000
skin_0
0  -46.205235 -39.805054 8.340897  0.048931 0.989958 -0.132624  0.901395 0.683584 1 1 1.000000
0  -45.929958 -39.983982 6.427721  0.174982 0.979207 -0.102640  0.913114 0.684561 1 1 1.000000
0  -46.397926 -39.901398 6.427721  0.167123 0.981274 -0.095766  0.913114 0.683584 1 1 1.000000
skin_0
0  -46.205235 -39.805054 8.340897  0.048931 0.989958 -0.132624  0.901395 0.683584 1 1 1.000000
0  -46.397926 -39.901398 6.427721  0.167123 0.981274 -0.095766  0.913114 0.683584 1 1 1.000000
0  -46.700733 -39.749996 8.409716  0.097849 0.993575 -0.056872  0.900418 0.683584 1 1 1.000000
skin_0
0  -46.205235 -39.805054 8.340897  0.048931 0.989958 -0.132624  0.901395 0.683584 1 1 1.000000
0  -46.700733 -39.749996 8.409716  0.097849 0.993575 -0.056872  0.900418 0.683584 1 1 1.000000
0  -46.521805 -39.763760 8.561118  -0.000952 0.952726 -0.303828  0.899442 0.683584 1 1 1.000000
skin_0
0  -46.136417 -39.763760 8.478535  -0.212263 0.624576 -0.751565  0.900418 0.683584 1 1 1.000000
0  -46.205235 -39.805054 8.340897  0.048931 0.989958 -0.132624  0.901395 0.683584 1 1 1.000000
0  -46.521805 -39.763760 8.561118  -0.000952 0.952726 -0.303828  0.899442 0.683584 1 1 1.000000
skin_0
0  -46.521805 -39.763760 8.561118  -0.000952 0.952726 -0.303828  0.899442 0.683584 1 1 1.000000
0  -46.452988 -39.584835 8.753812  -0.371788 0.540149 -0.754992  0.898465 0.682608 1 1 1.000000
0  -46.136417 -39.763760 8.478535  -0.212263 0.624576 -0.751565  0.900418 0.683584 1 1 1.000000
skin_0
0  -43.025787 -34.533501 9.166726  -0.167140 0.184330 -0.968549  0.895535 0.662099 1 1 1.000000
0  -43.135899 -36.405384 8.850158  -0.153713 0.142463 -0.977792  0.897488 0.669912 1 1 1.000000
0  -44.773796 -36.377853 9.097908  -0.131703 0.163504 -0.977712  0.896512 0.668935 1 1 1.000000
skin_0
0  -44.773796 -36.377853 9.097908  -0.131703 0.163504 -0.977712  0.896512 0.668935 1 1 1.000000
0  -43.837856 -34.230698 9.359420  -0.171319 0.187382 -0.967232  0.894559 0.660146 1 1 1.000000
0  -43.025787 -34.533501 9.166726  -0.167140 0.184330 -0.968549  0.895535 0.662099 1 1 1.000000
skin_0
0  -43.135899 -36.405384 8.850158  -0.153713 0.142463 -0.977792  0.897488 0.669912 1 1 1.000000
0  -43.273537 -39.639889 8.506061  -0.043826 0.161565 -0.985888  0.900418 0.682608 1 1 1.000000
0  -44.773796 -36.377853 9.097908  -0.131703 0.163504 -0.977712  0.896512 0.668935 1 1 1.000000
skin_0
0  -43.135899 -36.405384 8.850158  -0.993565 0.040186 -0.105892  0.897488 0.669912 1 1 1.000000
0  -43.135899 -39.653652 8.299604  -0.949336 0.052682 -0.309815  0.901395 0.682608 1 1 1.000000
0  -43.273537 -39.639889 8.506061  -0.829535 0.094276 -0.550439  0.900418 0.682608 1 1 1.000000
skin_0
0  -46.810848 -39.612362 10.116433  -0.883633 0.453234 -0.117354  0.889676 0.682608 1 1 1.000000
0  -45.076599 -36.267742 10.350418  -0.884426 0.456051 -0.099040  0.888699 0.668935 1 1 1.000000
0  -44.980255 -36.267742 9.331893  -0.885914 0.453470 -0.097579  0.894559 0.668935 1 1 1.000000
skin_0
0  -44.980255 -36.267742 9.331893  -0.885914 0.453470 -0.097579  0.894559 0.668935 1 1 1.000000
0  -46.700733 -39.557304 9.042852  -0.884468 0.456062 -0.098615  0.896512 0.682608 1 1 1.000000
0  -46.810848 -39.612362 10.116433  -0.883633 0.453234 -0.117354  0.889676 0.682608 1 1 1.000000
skin_0
0  -44.773796 -36.377853 9.097908  -0.131703 0.163504 -0.977712  0.896512 0.668935 1 1 1.000000
0  -43.273537 -39.639889 8.506061  -0.043826 0.161565 -0.985888  0.900418 0.682608 1 1 1.000000
0  -46.136417 -39.763760 8.478535  -0.212263 0.624576 -0.751565  0.900418 0.683584 1 1 1.000000
skin_0
0  -46.136417 -39.763760 8.478535  -0.212263 0.624576 -0.751565  0.900418 0.683584 1 1 1.000000
0  -46.452988 -39.584835 8.753812  -0.371788 0.540149 -0.754992  0.898465 0.682608 1 1 1.000000
0  -44.773796 -36.377853 9.097908  -0.131703 0.163504 -0.977712  0.896512 0.668935 1 1 1.000000
skin_0
0  -46.728260 -39.736233 8.629937  -0.268077 0.890395 -0.367875  0.899442 0.683584 1 1 1.000000
0  -46.769558 -39.736233 8.891450  -0.883624 0.454145 -0.113843  0.897488 0.683584 1 1 1.000000
0  -46.700733 -39.557304 9.042852  -0.884468 0.456062 -0.098615  0.896512 0.682608 1 1 1.000000
skin_0
0  -46.700733 -39.557304 9.042852  -0.884468 0.456062 -0.098615  0.896512 0.682608 1 1 1.000000
0  -46.673206 -39.571068 8.836394  -0.690415 0.574819 -0.439216  0.897488 0.682608 1 1 1.000000
0  -46.728260 -39.736233 8.629937  -0.268077 0.890395 -0.367875  0.899442 0.683584 1 1 1.000000
skin_0
0  -43.975491 -34.216934 9.483294  -0.900114 0.425939 -0.091494  0.893582 0.660146 1 1 1.000000
0  -43.961727 -34.203171 9.400712  -0.679750 0.379771 -0.627466  0.894559 0.660146 1 1 1.000000
0  -44.966488 -36.267742 9.180491  -0.668339 0.402072 -0.625828  0.895535 0.668935 1 1 1.000000
skin_0
0  -44.966488 -36.267742 9.180491  -0.668339 0.402072 -0.625828  0.895535 0.668935 1 1 1.000000
0  -44.980255 -36.267742 9.331893  -0.885914 0.453470 -0.097579  0.894559 0.668935 1 1 1.000000
0  -43.975491 -34.216934 9.483294  -0.900114 0.425939 -0.091494  0.893582 0.660146 1 1 1.000000
skin_0
0  -46.700733 -39.749996 8.409716  0.082273 0.996355 -0.022546  0.900418 0.683584 1 1 1.000000
0  -46.728260 -39.736233 8.629937  -0.268077 0.890395 -0.367875  0.899442 0.683584 1 1 1.000000
0  -46.521805 -39.763760 8.561118  -0.063730 0.920728 -0.384965  0.899442 0.683584 1 1 1.000000
skin_0
0  -46.673206 -39.571068 8.836394  -0.690415 0.574819 -0.439216  0.897488 0.682608 1 1 1.000000
0  -46.452988 -39.584835 8.753812  -0.255104 0.525986 -0.811333  0.898465 0.682608 1 1 1.000000
0  -46.521805 -39.763760 8.561118  -0.063730 0.920728 -0.384965  0.899442 0.683584 1 1 1.000000
skin_0
0  -46.521805 -39.763760 8.561118  -0.063730 0.920728 -0.384965  0.899442 0.683584 1 1 1.000000
0  -46.728260 -39.736233 8.629937  -0.268077 0.890395 -0.367875  0.899442 0.683584 1 1 1.000000
0  -46.673206 -39.571068 8.836394  -0.690415 0.574819 -0.439216  0.897488 0.682608 1 1 1.000000
skin_0
0  -43.961727 -34.203171 9.400712  -0.679750 0.379771 -0.627466  0.894559 0.660146 1 1 1.000000
0  -43.837856 -34.230698 9.359420  -0.253441 0.217617 -0.942555  0.894559 0.660146 1 1 1.000000
0  -44.773796 -36.377853 9.097908  -0.249693 0.227297 -0.941270  0.896512 0.668935 1 1 1.000000
skin_0
0  -44.773796 -36.377853 9.097908  -0.249693 0.227297 -0.941270  0.896512 0.668935 1 1 1.000000
0  -44.966488 -36.267742 9.180491  -0.668339 0.402072 -0.625828  0.895535 0.668935 1 1 1.000000
0  -43.961727 -34.203171 9.400712  -0.679750 0.379771 -0.627466  0.894559 0.660146 1 1 1.000000
skin_0
0  -46.673206 -39.571068 8.836394  -0.690415 0.574819 -0.439216  0.897488 0.682608 1 1 1.000000
0  -46.700733 -39.557304 9.042852  -0.884468 0.456062 -0.098615  0.896512 0.682608 1 1 1.000000
0  -44.980255 -36.267742 9.331893  -0.885914 0.453470 -0.097579  0.894559 0.668935 1 1 1.000000
skin_0
0  -44.980255 -36.267742 9.331893  -0.885914 0.453470 -0.097579  0.894559 0.668935 1 1 1.000000
0  -44.966488 -36.267742 9.180491  -0.668339 0.402072 -0.625828  0.895535 0.668935 1 1 1.000000
0  -46.673206 -39.571068 8.836394  -0.690415 0.574819 -0.439216  0.897488 0.682608 1 1 1.000000
skin_0
0  -44.966488 -36.267742 9.180491  -0.668339 0.402072 -0.625828  0.895535 0.668935 1 1 1.000000
0  -44.773796 -36.377853 9.097908  -0.249693 0.227297 -0.941270  0.896512 0.668935 1 1 1.000000
0  -46.452988 -39.584835 8.753812  -0.255104 0.525986 -0.811333  0.898465 0.682608 1 1 1.000000
skin_0
0  -46.452988 -39.584835 8.753812  -0.255104 0.525986 -0.811333  0.898465 0.682608 1 1 1.000000
0  -46.673206 -39.571068 8.836394  -0.690415 0.574819 -0.439216  0.897488 0.682608 1 1 1.000000
0  -44.966488 -36.267742 9.180491  -0.668339 0.402072 -0.625828  0.895535 0.668935 1 1 1.000000
skin_0
0  -43.590103 -38.401142 18.567434  0.004267 -0.035463 0.999362  0.837916 0.677725 1 1 1.000000
0  -43.479996 -36.432911 18.650019  0.007689 -0.041022 0.999129  0.837916 0.669912 1 1 1.000000
0  -44.347118 -35.978706 18.677546  -0.003766 -0.038572 0.999249  0.837916 0.667959 1 1 1.000000
skin_0
0  -44.347118 -35.978706 18.677546  -0.003766 -0.038572 0.999249  0.837916 0.667959 1 1 1.000000
0  -45.172943 -37.974461 18.594963  -0.004322 -0.035636 0.999356  0.837916 0.675771 1 1 1.000000
0  -43.590103 -38.401142 18.567434  0.004267 -0.035463 0.999362  0.837916 0.677725 1 1 1.000000
skin_0
0  -43.369881 -35.028999 13.488574  -0.998002 0.039849 -0.049036  0.869167 0.664052 1 1 1.000000
0  -43.383644 -37.148628 13.268353  -0.998897 0.026946 -0.038440  0.871120 0.672842 1 1 1.000000
0  -43.562576 -37.891880 17.232342  -0.999463 0.019116 -0.026596  0.846706 0.675771 1 1 1.000000
skin_0
0  -43.562576 -37.891880 17.232342  -0.999463 0.019116 -0.026596  0.846706 0.675771 1 1 1.000000
0  -43.479996 -35.813538 17.438801  -0.998499 0.052778 -0.014651  0.844752 0.666982 1 1 1.000000
0  -43.369881 -35.028999 13.488574  -0.998002 0.039849 -0.049036  0.869167 0.664052 1 1 1.000000
skin_0
0  -43.149662 -34.684902 10.749569  -0.996754 0.054111 -0.059615  0.885769 0.662099 1 1 1.000000
0  -43.301064 -36.804535 10.611930  -0.998153 0.056935 -0.021181  0.886746 0.670888 1 1 1.000000
0  -43.383644 -37.148628 13.268353  -0.998897 0.026946 -0.038440  0.871120 0.672842 1 1 1.000000
skin_0
0  -43.383644 -37.148628 13.268353  -0.998897 0.026946 -0.038440  0.871120 0.672842 1 1 1.000000
0  -43.369881 -35.028999 13.488574  -0.998002 0.039849 -0.049036  0.869167 0.664052 1 1 1.000000
0  -43.149662 -34.684902 10.749569  -0.996754 0.054111 -0.059615  0.885769 0.662099 1 1 1.000000
skin_0
0  -44.938961 -36.336563 10.556876  -0.044149 -0.071331 0.996475  0.887722 0.668935 1 1 1.000000
0  -43.301064 -36.804535 10.611930  -0.069828 -0.072906 0.994891  0.886746 0.670888 1 1 1.000000
0  -43.149662 -34.684902 10.749569  -0.050132 -0.068161 0.996414  0.885769 0.662099 1 1 1.000000
skin_0
0  -43.590103 -39.681179 10.350417  -0.312298 -0.045600 0.948889  0.888699 0.682608 1 1 1.000000
0  -43.424934 -39.612362 10.501820  -0.687431 0.002679 0.726245  0.887722 0.682608 1 1 1.000000
0  -43.301064 -36.804535 10.611930  -0.069828 -0.072906 0.994891  0.886746 0.670888 1 1 1.000000
skin_0
0  -42.833092 -34.657375 6.455248  -0.996223 0.040345 -0.076892  0.912137 0.662099 1 1 1.000000
0  -42.860619 -36.529259 6.276318  -0.995154 0.019299 -0.096421  0.914090 0.669912 1 1 1.000000
0  -43.135899 -36.405384 8.850158  -0.993565 0.040186 -0.105892  0.897488 0.669912 1 1 1.000000
skin_0
0  -43.135899 -36.405384 8.850158  -0.993565 0.040186 -0.105892  0.897488 0.669912 1 1 1.000000
0  -43.025787 -34.533501 9.166726  -0.995509 0.066629 -0.067255  0.895535 0.662099 1 1 1.000000
0  -42.833092 -34.657375 6.455248  -0.996223 0.040345 -0.076892  0.912137 0.662099 1 1 1.000000
skin_0
0  -42.475231 -34.960182 2.174691  -0.936679 -0.002927 -0.350178  0.938505 0.663076 1 1 1.000000
0  -42.447704 -36.900883 2.160927  -0.924164 -0.008081 -0.381910  0.938505 0.671865 1 1 1.000000
0  -42.488995 -36.845829 2.298566  -0.986908 -0.006557 -0.161153  0.938505 0.670888 1 1 1.000000
skin_0
0  -42.488995 -36.845829 2.298566  -0.986908 -0.006557 -0.161153  0.938505 0.670888 1 1 1.000000
0  -42.502758 -34.960182 2.326093  -0.991572 -0.003202 -0.129516  0.937529 0.663076 1 1 1.000000
0  -42.475231 -34.960182 2.174691  -0.936679 -0.002927 -0.350178  0.938505 0.663076 1 1 1.000000
skin_0
0  -42.392651 -35.001472 2.050817  -0.979185 -0.005179 -0.202905  0.994171 0.273415 1 1 1.000000
0  -42.378887 -36.928410 2.037053  -0.976938 -0.008513 -0.213354  0.994171 0.195288 1 1 1.000000
0  -42.447704 -36.900883 2.160927  -0.924164 -0.008081 -0.381910  0.002930 0.198218 1 1 1.000000
skin_0
0  -42.447704 -36.900883 2.160927  -0.924164 -0.008081 -0.381910  0.002930 0.198218 1 1 1.000000
0  -42.475231 -34.960182 2.174691  -0.936679 -0.002927 -0.350178  0.002930 0.273415 1 1 1.000000
0  -42.392651 -35.001472 2.050817  -0.979185 -0.005179 -0.202905  0.994171 0.273415 1 1 1.000000
skin_0
0  -43.479996 -35.813538 17.438801  -0.051184 0.103547 -0.993307  0.844752 0.666982 1 1 1.000000
0  -43.562576 -37.891880 17.232342  -0.073656 0.056732 -0.995669  0.846706 0.675771 1 1 1.000000
0  -45.186707 -37.616604 17.356216  -0.043797 0.066050 -0.996855  0.845729 0.674795 1 1 1.000000
skin_0
0  -45.186707 -37.616604 17.356216  -0.043797 0.066050 -0.996855  0.845729 0.674795 1 1 1.000000
0  -44.360882 -35.593315 17.507620  -0.050868 0.103036 -0.993376  0.844752 0.666005 1 1 1.000000
0  -43.479996 -35.813538 17.438801  -0.051184 0.103547 -0.993307  0.844752 0.666982 1 1 1.000000
skin_0
0  -44.526043 -35.786011 18.429798  -0.912814 0.384796 0.136756  0.838893 0.666982 1 1 1.000000
0  -45.393169 -37.809296 18.305923  -0.908163 0.391167 0.149094  0.839869 0.674795 1 1 1.000000
0  -45.379406 -37.878117 18.471088  -0.860056 0.357993 0.363517  0.838893 0.675771 1 1 1.000000
skin_0
0  -45.379406 -37.878117 18.471088  -0.860056 0.357993 0.363517  0.838893 0.675771 1 1 1.000000
0  -44.512280 -35.841068 18.567434  -0.811180 0.331581 0.481706  0.837916 0.666982 1 1 1.000000
0  -44.526043 -35.786011 18.429798  -0.912814 0.384796 0.136756  0.838893 0.666982 1 1 1.000000
skin_0
0  -44.512280 -35.841068 18.567434  -0.811180 0.331581 0.481706  0.837916 0.666982 1 1 1.000000
0  -45.379406 -37.878117 18.471088  -0.860056 0.357993 0.363517  0.838893 0.675771 1 1 1.000000
0  -45.324352 -37.919407 18.594963  -0.461187 0.165015 0.871824  0.837916 0.675771 1 1 1.000000
skin_0
0  -45.324352 -37.919407 18.594963  -0.461187 0.165015 0.871824  0.837916 0.675771 1 1 1.000000
0  -44.429699 -35.923649 18.677546  -0.366034 0.125221 0.922138  0.837916 0.667959 1 1 1.000000
0  -44.512280 -35.841068 18.567434  -0.811180 0.331581 0.481706  0.837916 0.666982 1 1 1.000000
skin_0
0  -44.429699 -35.923649 18.677546  -0.366034 0.125221 0.922138  0.837916 0.667959 1 1 1.000000
0  -45.324352 -37.919407 18.594963  -0.461187 0.165015 0.871824  0.837916 0.675771 1 1 1.000000
0  -45.172943 -37.974461 18.594963  -0.004322 -0.035636 0.999356  0.837916 0.675771 1 1 1.000000
skin_0
0  -45.172943 -37.974461 18.594963  -0.004322 -0.035636 0.999356  0.837916 0.675771 1 1 1.000000
0  -44.347118 -35.978706 18.677546  -0.003766 -0.038572 0.999249  0.837916 0.667959 1 1 1.000000
0  -44.429699 -35.923649 18.677546  -0.366034 0.125221 0.922138  0.837916 0.667959 1 1 1.000000
skin_0
0  -44.484753 -35.607079 17.700314  -0.913286 0.399019 0.081812  0.843776 0.666005 1 1 1.000000
0  -45.379406 -37.616604 17.659021  -0.908386 0.403251 0.110560  0.843776 0.674795 1 1 1.000000
0  -45.393169 -37.809296 18.305923  -0.908163 0.391167 0.149094  0.839869 0.674795 1 1 1.000000
skin_0
0  -45.393169 -37.809296 18.305923  -0.908163 0.391167 0.149094  0.839869 0.674795 1 1 1.000000
0  -44.526043 -35.786011 18.429798  -0.912814 0.384796 0.136756  0.838893 0.666982 1 1 1.000000
0  -44.484753 -35.607079 17.700314  -0.913286 0.399019 0.081812  0.843776 0.666005 1 1 1.000000
skin_0
0  -44.484753 -35.552025 17.576439  -0.791689 0.384158 -0.475028  0.844752 0.666005 1 1 1.000000
0  -45.379406 -37.547783 17.452564  -0.792651 0.384229 -0.473363  0.844752 0.673818 1 1 1.000000
0  -45.379406 -37.616604 17.659021  -0.908386 0.403251 0.110560  0.843776 0.674795 1 1 1.000000
skin_0
0  -45.379406 -37.616604 17.659021  -0.908386 0.403251 0.110560  0.843776 0.674795 1 1 1.000000
0  -44.484753 -35.607079 17.700314  -0.913286 0.399019 0.081812  0.843776 0.666005 1 1 1.000000
0  -44.484753 -35.552025 17.576439  -0.791689 0.384158 -0.475028  0.844752 0.666005 1 1 1.000000
skin_0
0  -44.360882 -35.593315 17.507620  -0.395709 0.234020 -0.888059  0.844752 0.666005 1 1 1.000000
0  -45.186707 -37.616604 17.356216  -0.399685 0.229229 -0.887528  0.845729 0.674795 1 1 1.000000
0  -45.379406 -37.547783 17.452564  -0.792651 0.384229 -0.473363  0.844752 0.673818 1 1 1.000000
skin_0
0  -45.379406 -37.547783 17.452564  -0.792651 0.384229 -0.473363  0.844752 0.673818 1 1 1.000000
0  -44.484753 -35.552025 17.576439  -0.791689 0.384158 -0.475028  0.844752 0.666005 1 1 1.000000
0  -44.360882 -35.593315 17.507620  -0.395709 0.234020 -0.888059  0.844752 0.666005 1 1 1.000000
skin_0
0  -43.149662 -34.684902 10.749569  -0.050132 -0.068161 0.996414  0.885769 0.662099 1 1 1.000000
0  -42.998260 -31.794495 10.969790  -0.049671 -0.071053 0.996235  0.884793 0.650380 1 1 1.000000
0  -44.058075 -34.409626 10.722041  -0.049179 -0.069382 0.996377  0.886746 0.661122 1 1 1.000000
skin_0
0  -44.058075 -34.409626 10.722041  -0.195355 -0.004777 0.980721  0.886746 0.661122 1 1 1.000000
0  -42.998260 -31.794495 10.969790  -0.984029 0.165906 -0.064520  0.884793 0.650380 1 1 1.000000
0  -44.154423 -34.368332 10.708277  -0.744964 0.294470 0.598595  0.886746 0.661122 1 1 1.000000
skin_0
0  -44.154423 -34.368332 10.708277  -0.744964 0.294470 0.598595  0.886746 0.661122 1 1 1.000000
0  -42.998260 -31.794495 10.969790  -0.984029 0.165906 -0.064520  0.884793 0.650380 1 1 1.000000
0  -44.126896 -34.354568 10.611930  -0.897668 0.431306 -0.090369  0.886746 0.661122 1 1 1.000000
skin_0
0  -44.126896 -34.354568 10.611930  -0.897668 0.431306 -0.090369  0.886746 0.661122 1 1 1.000000
0  -42.998260 -31.794495 10.969790  -0.984029 0.165906 -0.064520  0.884793 0.650380 1 1 1.000000
0  -42.819328 -31.601801 9.689753  -0.987334 0.136603 -0.080696  0.892605 0.649403 1 1 1.000000
skin_0
0  -42.819328 -31.601801 9.689753  -0.987334 0.136603 -0.080696  0.892605 0.649403 1 1 1.000000
0  -43.975491 -34.216934 9.483294  -0.900114 0.425939 -0.091494  0.893582 0.660146 1 1 1.000000
0  -44.126896 -34.354568 10.611930  -0.897668 0.431306 -0.090369  0.886746 0.661122 1 1 1.000000
skin_0
0  -43.975491 -34.216934 9.483294  -0.900114 0.425939 -0.091494  0.893582 0.660146 1 1 1.000000
0  -42.819328 -31.601801 9.689753  -0.987334 0.136603 -0.080696  0.892605 0.649403 1 1 1.000000
0  -43.961727 -34.203171 9.400712  -0.679750 0.379771 -0.627466  0.894559 0.660146 1 1 1.000000
skin_0
0  -43.961727 -34.203171 9.400712  -0.679750 0.379771 -0.627466  0.894559 0.660146 1 1 1.000000
0  -42.819328 -31.601801 9.689753  -0.987334 0.136603 -0.080696  0.892605 0.649403 1 1 1.000000
0  -43.837856 -34.230698 9.359420  -0.253441 0.217617 -0.942555  0.894559 0.660146 1 1 1.000000
skin_0
0  -43.837856 -34.230698 9.359420  -0.171319 0.187382 -0.967232  0.894559 0.660146 1 1 1.000000
0  -42.819328 -31.601801 9.689753  -0.172565 0.184364 -0.967590  0.892605 0.649403 1 1 1.000000
0  -43.025787 -34.533501 9.166726  -0.167140 0.184330 -0.968549  0.895535 0.662099 1 1 1.000000
skin_0
0  -42.530285 -31.285231 3.798825  -0.999339 0.014338 -0.033399  0.928739 0.648427 1 1 1.000000
0  -42.530285 -26.522940 3.785062  -0.999474 0.009610 0.030965  0.928739 0.628895 1 1 1.000000
0  -42.599110 -26.536703 2.381149  -0.999992 -0.000170 -0.003949  0.937529 0.628895 1 1 1.000000
skin_0
0  -42.599110 -26.536703 2.381149  -0.999992 -0.000170 -0.003949  0.937529 0.628895 1 1 1.000000
0  -42.502758 -31.230177 2.381149  -0.997559 -0.004519 -0.069687  0.937529 0.648427 1 1 1.000000
0  -42.530285 -31.285231 3.798825  -0.999339 0.014338 -0.033399  0.928739 0.648427 1 1 1.000000
skin_0
0  -42.640400 -34.822540 3.812589  -0.996629 0.011850 -0.081175  0.928739 0.663076 1 1 1.000000
0  -42.530285 -31.285231 3.798825  -0.999339 0.014338 -0.033399  0.928739 0.648427 1 1 1.000000
0  -42.502758 -31.230177 2.381149  -0.997559 -0.004519 -0.069687  0.937529 0.648427 1 1 1.000000
skin_0
0  -42.502758 -31.230177 2.381149  -0.997559 -0.004519 -0.069687  0.937529 0.648427 1 1 1.000000
0  -42.502758 -34.960182 2.326093  -0.991572 -0.003202 -0.129516  0.937529 0.663076 1 1 1.000000
0  -42.640400 -34.822540 3.812589  -0.996629 0.011850 -0.081175  0.928739 0.663076 1 1 1.000000
skin_0
0  -42.640400 -36.694424 3.812589  -0.995189 0.002725 -0.097938  0.928739 0.670888 1 1 1.000000
0  -42.640400 -34.822540 3.812589  -0.996629 0.011850 -0.081175  0.928739 0.663076 1 1 1.000000
0  -42.502758 -34.960182 2.326093  -0.991572 -0.003202 -0.129516  0.937529 0.663076 1 1 1.000000
skin_0
0  -42.502758 -34.960182 2.326093  -0.991572 -0.003202 -0.129516  0.937529 0.663076 1 1 1.000000
0  -42.488995 -36.845829 2.298566  -0.986908 -0.006557 -0.161153  0.938505 0.670888 1 1 1.000000
0  -42.640400 -36.694424 3.812589  -0.995189 0.002725 -0.097938  0.928739 0.670888 1 1 1.000000
skin_0
0  -42.654163 -40.176678 3.812589  -0.993192 -0.000995 -0.116483  0.928739 0.684561 1 1 1.000000
0  -42.640400 -36.694424 3.812589  -0.995189 0.002725 -0.097938  0.928739 0.670888 1 1 1.000000
0  -42.488995 -36.845829 2.298566  -0.986908 -0.006557 -0.161153  0.938505 0.670888 1 1 1.000000
skin_0
0  -42.488995 -36.845829 2.298566  -0.986908 -0.006557 -0.161153  0.938505 0.670888 1 1 1.000000
0  -42.447704 -40.548302 2.298566  -0.985277 -0.007076 -0.170821  0.938505 0.686514 1 1 1.000000
0  -42.654163 -40.176678 3.812589  -0.993192 -0.000995 -0.116483  0.928739 0.684561 1 1 1.000000
skin_0
0  -45.544575 -40.383137 4.074102  0.191082 0.965241 -0.178319  0.926786 0.685537 1 1 1.000000
0  -45.186707 -40.782284 2.326094  0.063668 0.977863 -0.199325  0.937529 0.687490 1 1 1.000000
0  -45.640919 -40.740993 2.381149  0.073548 0.976760 -0.201324  0.937529 0.687490 1 1 1.000000
skin_0
0  -45.640919 -40.740993 2.381149  0.073548 0.976760 -0.201324  0.937529 0.687490 1 1 1.000000
0  -45.998775 -40.286789 4.074102  0.200794 0.965495 -0.165838  0.926786 0.685537 1 1 1.000000
0  -45.544575 -40.383137 4.074102  0.191082 0.965241 -0.178319  0.926786 0.685537 1 1 1.000000
skin_0
0  -45.640919 -40.740993 2.381149  -0.975414 0.063872 -0.210924  0.937529 0.687490 1 1 1.000000
0  -45.792320 -42.544056 2.532552  -0.975902 0.064206 -0.208548  0.936552 0.694327 1 1 1.000000
0  -46.136417 -42.131145 4.142921  -0.977509 0.063933 -0.200970  0.926786 0.693350 1 1 1.000000
skin_0
0  -46.136417 -42.131145 4.142921  -0.977509 0.063933 -0.200970  0.926786 0.693350 1 1 1.000000
0  -45.998775 -40.286789 4.074102  -0.978489 0.063746 -0.196204  0.926786 0.685537 1 1 1.000000
0  -45.640919 -40.740993 2.381149  -0.975414 0.063872 -0.210924  0.937529 0.687490 1 1 1.000000
skin_0
0  -46.783321 -41.608116 8.533590  -0.990399 0.042515 -0.131540  0.899442 0.690420 1 1 1.000000
0  -46.728260 -39.736233 8.629937  -0.990687 0.038114 -0.130716  0.899442 0.683584 1 1 1.000000
0  -46.700733 -39.749996 8.409716  -0.989141 0.037179 -0.142190  0.900418 0.683584 1 1 1.000000
skin_0
0  -46.783321 -41.608116 8.533590  -0.990399 0.042515 -0.131540  0.899442 0.690420 1 1 1.000000
0  -46.700733 -39.749996 8.409716  -0.989141 0.037179 -0.142190  0.900418 0.683584 1 1 1.000000
0  -46.397926 -39.901398 6.427721  -0.985910 0.057547 -0.157069  0.913114 0.683584 1 1 1.000000
skin_0
0  -46.783321 -41.608116 8.533590  -0.990399 0.042515 -0.131540  0.899442 0.690420 1 1 1.000000
0  -46.397926 -39.901398 6.427721  -0.985910 0.057547 -0.157069  0.913114 0.683584 1 1 1.000000
0  -46.521805 -41.745758 6.427721  -0.985905 0.064328 -0.154444  0.913114 0.691397 1 1 1.000000
skin_0
0  -47.333874 -43.397415 16.723080  -0.999174 0.040083 -0.006739  0.849635 0.698233 1 1 1.000000
0  -47.265049 -41.580589 17.094706  -0.999027 0.042425 -0.012026  0.847682 0.690420 1 1 1.000000
0  -47.196232 -40.768520 15.154001  -0.998734 0.048615 -0.012915  0.859401 0.687490 1 1 1.000000
skin_0
0  -47.196232 -40.768520 15.154001  -0.998734 0.048615 -0.012915  0.859401 0.687490 1 1 1.000000
0  -47.278812 -42.516529 14.782377  -0.998823 0.046554 -0.013635  0.861354 0.694327 1 1 1.000000
0  -47.333874 -43.397415 16.723080  -0.999174 0.040083 -0.006739  0.849635 0.698233 1 1 1.000000
skin_0
0  -43.204716 -32.056007 18.746367  -0.934245 0.146704 0.325060  0.002930 0.966796 1 1 1.000000
0  -43.122135 -32.069771 18.828949  -0.734763 -0.010451 0.678244  0.006836 0.971679 1 1 1.000000
0  -43.122135 -31.863312 18.842712  -0.934704 0.280222 0.218641  0.994171 0.984375 1 1 1.000000
skin_0
0  -42.833092 -34.657375 6.455248  -0.996223 0.040345 -0.076892  0.912137 0.662099 1 1 1.000000
0  -42.681690 -31.381578 6.758053  -0.997928 0.045529 -0.045460  0.910184 0.648427 1 1 1.000000
0  -42.530285 -31.285231 3.798825  -0.999339 0.014338 -0.033399  0.928739 0.648427 1 1 1.000000
skin_0
0  -42.530285 -31.285231 3.798825  -0.999339 0.014338 -0.033399  0.928739 0.648427 1 1 1.000000
0  -42.640400 -34.822540 3.812589  -0.996629 0.011850 -0.081175  0.928739 0.663076 1 1 1.000000
0  -42.833092 -34.657375 6.455248  -0.996223 0.040345 -0.076892  0.912137 0.662099 1 1 1.000000
skin_0
0  -42.860619 -36.529259 6.276318  -0.995154 0.019299 -0.096421  0.914090 0.669912 1 1 1.000000
0  -42.833092 -34.657375 6.455248  -0.996223 0.040345 -0.076892  0.912137 0.662099 1 1 1.000000
0  -42.640400 -34.822540 3.812589  -0.996629 0.011850 -0.081175  0.928739 0.663076 1 1 1.000000
skin_0
0  -42.640400 -34.822540 3.812589  -0.996629 0.011850 -0.081175  0.928739 0.663076 1 1 1.000000
0  -42.640400 -36.694424 3.812589  -0.995189 0.002725 -0.097938  0.928739 0.670888 1 1 1.000000
0  -42.860619 -36.529259 6.276318  -0.995154 0.019299 -0.096421  0.914090 0.669912 1 1 1.000000
skin_0
0  -42.640400 -36.694424 3.812589  -0.995189 0.002725 -0.097938  0.928739 0.670888 1 1 1.000000
0  -42.654163 -40.176678 3.812589  -0.993192 -0.000995 -0.116483  0.928739 0.684561 1 1 1.000000
0  -42.888149 -39.791286 6.014805  -0.994327 0.012043 -0.105678  0.915067 0.683584 1 1 1.000000
skin_0
0  -42.888149 -39.791286 6.014805  -0.994327 0.012043 -0.105678  0.915067 0.683584 1 1 1.000000
0  -42.860619 -36.529259 6.276318  -0.995154 0.019299 -0.096421  0.914090 0.669912 1 1 1.000000
0  -42.640400 -36.694424 3.812589  -0.995189 0.002725 -0.097938  0.928739 0.670888 1 1 1.000000
skin_0
0  -42.819328 -31.601801 9.689753  -0.987334 0.136603 -0.080696  0.892605 0.649403 1 1 1.000000
0  -42.833092 -30.610804 9.978793  -0.993877 0.018541 -0.108923  0.890652 0.645497 1 1 1.000000
0  -42.764271 -30.197886 9.386948  -0.996599 0.017969 -0.080415  0.894559 0.643544 1 1 1.000000
skin_0
0  -44.099373 27.197361 3.289563  -0.996864 -0.056186 0.055727  0.994171 0.150365 1 1 1.000000
0  -44.181953 27.073488 3.413438  -0.920270 0.203250 -0.334353  0.002930 0.143529 1 1 1.000000
0  -44.305824 28.202122 5.037572  -0.863477 0.310270 -0.397668  0.002930 0.191382 1 1 1.000000
skin_0
0  -44.305824 28.202122 5.037572  -0.863477 0.310270 -0.397668  0.002930 0.191382 1 1 1.000000
0  -44.237007 28.298468 4.968752  -0.979301 0.068176 -0.190584  0.994171 0.198218 1 1 1.000000
0  -44.099373 27.197361 3.289563  -0.996864 -0.056186 0.055727  0.994171 0.150365 1 1 1.000000
skin_0
0  -44.181953 27.073488 3.413438  -0.998417 -0.014943 -0.054227  0.931669 0.408185 1 1 1.000000
0  -44.181953 27.045958 3.427202  -0.998471 -0.013630 -0.053570  0.930692 0.408185 1 1 1.000000
0  -44.305824 28.174595 5.133919  -0.998360 -0.020236 -0.053555  0.920927 0.403302 1 1 1.000000
skin_0
0  -44.305824 28.174595 5.133919  -0.998360 -0.020236 -0.053555  0.920927 0.403302 1 1 1.000000
0  -44.305824 28.202122 5.037572  -0.998159 -0.023324 -0.055993  0.920927 0.403302 1 1 1.000000
0  -44.181953 27.073488 3.413438  -0.998417 -0.014943 -0.054227  0.931669 0.408185 1 1 1.000000
skin_0
0  -44.305824 28.174595 5.133919  -0.998360 -0.020236 -0.053555  0.920927 0.403302 1 1 1.000000
0  -44.429703 29.399578 7.281079  -0.998158 -0.017785 -0.058008  0.907254 0.398419 1 1 1.000000
0  -44.429703 29.592270 7.267315  -0.997777 -0.018645 -0.063986  0.907254 0.397443 1 1 1.000000
skin_0
0  -44.429703 29.592270 7.267315  -0.997777 -0.018645 -0.063986  0.907254 0.397443 1 1 1.000000
0  -44.319595 28.491163 5.299085  -0.998607 -0.018536 -0.049392  0.919950 0.402326 1 1 1.000000
0  -44.305824 28.174595 5.133919  -0.998360 -0.020236 -0.053555  0.920927 0.403302 1 1 1.000000
skin_0
0  -44.237007 28.298468 4.968752  -0.979301 0.068176 -0.190584  0.994171 0.173803 1 1 1.000000
0  -44.305824 28.202122 5.037572  -0.863477 0.310270 -0.397668  0.002930 0.143529 1 1 1.000000
0  -44.305824 28.394815 5.133919  -0.946047 -0.005521 -0.323982  0.002930 0.191382 1 1 1.000000
skin_0
0  -46.907192 -39.777523 10.226543  -0.992113 0.048997 -0.115373  0.889676 0.683584 1 1 1.000000
0  -46.989777 -41.635643 10.226543  -0.994810 0.041906 -0.092720  0.889676 0.691397 1 1 1.000000
0  -46.934719 -39.763760 10.446765  -0.993877 0.045344 -0.100758  0.887722 0.683584 1 1 1.000000
skin_0
0  -46.783321 -41.608116 8.533590  -0.990399 0.042515 -0.131540  0.899442 0.690420 1 1 1.000000
0  -46.769558 -39.736233 8.891450  -0.992143 0.040804 -0.118268  0.897488 0.683584 1 1 1.000000
0  -46.728260 -39.736233 8.629937  -0.990687 0.038114 -0.130716  0.899442 0.683584 1 1 1.000000
end
