version 1
nodes
0 "root" -1
end
skeleton
time 0
0  0.000000 0.000000 0.000000  0.000000 -0.000000 0.000000
end
triangles
skin_0dam
0  39.650177 -61.812679 28.470081  0.665710 -0.050283 0.744514  0.256844 0.750969 1 0 1.000000
0  42.080086 -61.827671 25.972919  0.921407 0.045668 0.385907  0.243171 0.750969 1 0 1.000000
0  41.883396 -59.404770 25.807213  0.936702 0.061998 0.344594  0.241218 0.739250 1 0 1.000000
skin_0dam
0  41.883396 -59.404770 25.807213  0.936702 0.061998 0.344594  0.241218 0.739250 1 0 1.000000
0  39.763763 -58.757870 28.628801  0.709318 -0.027052 0.704369  0.256844 0.737297 1 0 1.000000
0  39.650177 -61.812679 28.470081  0.665710 -0.050283 0.744514  0.256844 0.750969 1 0 1.000000
skin_0dam
0  37.021755 -68.095619 29.365772  0.264742 -0.105843 0.958493  0.302744 0.773431 1 0 1.000000
0  33.476650 -68.812866 29.619560  0.054844 -0.092700 0.994183  0.322275 0.775384 1 0 1.000000
0  32.185703 -76.253769 28.895699  0.050884 -0.142596 0.988472  0.331065 0.801752 1 0 1.000000
skin_0dam
0  32.185703 -76.253769 28.895699  0.050884 -0.142596 0.988472  0.331065 0.801752 1 0 1.000000
0  36.315899 -75.419228 28.466553  0.341077 -0.213091 0.915565  0.308603 0.799799 1 0 1.000000
0  37.021755 -68.095619 29.365772  0.264742 -0.105843 0.958493  0.302744 0.773431 1 0 1.000000
skin_0dam
0  38.657681 -83.071716 20.313080  0.898494 -0.396098 0.189248  0.207038 0.826167 1 0 1.000000
0  36.542980 -87.386391 20.308079  0.871326 -0.462441 0.164131  0.205084 0.840815 1 0 1.000000
0  36.786068 -87.573708 17.380264  0.872632 -0.477516 0.102426  0.189459 0.841792 1 0 1.000000
skin_0dam
0  36.786068 -87.573708 17.380264  0.872632 -0.477516 0.102426  0.189459 0.841792 1 0 1.000000
0  39.029278 -83.073700 17.375149  0.904037 -0.409209 0.123552  0.190435 0.825190 1 0 1.000000
0  38.657681 -83.071716 20.313080  0.898494 -0.396098 0.189248  0.207038 0.826167 1 0 1.000000
skin_0dam
0  36.315899 -75.419228 28.466553  0.341077 -0.213091 0.915565  0.308603 0.799799 1 0 1.000000
0  32.185703 -76.253769 28.895699  0.050884 -0.142596 0.988472  0.331065 0.801752 1 0 1.000000
0  33.608852 -78.100586 28.329548  0.155536 -0.193664 0.968660  0.324229 0.808588 1 0 1.000000
skin_0dam
0  33.608852 -78.100586 28.329548  0.155536 -0.193664 0.968660  0.324229 0.808588 1 0 1.000000
0  36.058205 -77.558746 27.871777  0.375498 -0.281400 0.883072  0.310556 0.807611 1 0 1.000000
0  36.315899 -75.419228 28.466553  0.341077 -0.213091 0.915565  0.308603 0.799799 1 0 1.000000
skin_0dam
0  25.048910 -77.322342 29.316525  0.137348 -0.174601 0.975013  0.370128 0.804682 1 0 1.000000
0  25.733667 -77.250412 29.239174  0.189758 -0.187325 0.963795  0.366222 0.804682 1 0 1.000000
0  27.407335 -69.694351 30.230213  0.190739 -0.145412 0.970811  0.355480 0.777337 1 0 1.000000
skin_0dam
0  27.407335 -69.694351 30.230213  0.190739 -0.145412 0.970811  0.355480 0.777337 1 0 1.000000
0  26.724056 -69.793060 30.322666  0.157461 -0.142668 0.977165  0.359386 0.778314 1 0 1.000000
0  25.048910 -77.322342 29.316525  0.137348 -0.174601 0.975013  0.370128 0.804682 1 0 1.000000
skin_0dam
0  25.733667 -77.250412 29.239174  0.189758 -0.187325 0.963795  0.366222 0.804682 1 0 1.000000
0  25.048910 -77.322342 29.316525  0.137348 -0.174601 0.975013  0.370128 0.804682 1 0 1.000000
0  23.474794 -83.841133 28.273277  0.209376 -0.237006 0.948678  0.379894 0.827143 1 0 1.000000
skin_0dam
0  23.474794 -83.841133 28.273277  0.209376 -0.237006 0.948678  0.379894 0.827143 1 0 1.000000
0  24.104864 -83.788391 28.142147  0.211269 -0.234929 0.948775  0.376965 0.827143 1 0 1.000000
0  25.733667 -77.250412 29.239174  0.189758 -0.187325 0.963795  0.366222 0.804682 1 0 1.000000
skin_0dam
0  26.677849 -77.196289 28.816330  0.283799 -0.209314 0.935760  0.361339 0.804682 1 0 1.000000
0  28.138271 -76.936440 28.682785  0.046044 -0.149702 0.987658  0.353526 0.803705 1 0 1.000000
0  29.472221 -69.481201 29.653683  0.092138 -0.118163 0.988710  0.343760 0.777337 1 0 1.000000
skin_0dam
0  29.472221 -69.481201 29.653683  0.092138 -0.118163 0.988710  0.343760 0.777337 1 0 1.000000
0  28.309685 -69.627869 29.820835  0.315827 -0.163163 0.934682  0.350597 0.777337 1 0 1.000000
0  26.677849 -77.196289 28.816330  0.283799 -0.209314 0.935760  0.361339 0.804682 1 0 1.000000
skin_0dam
0  25.981693 -84.253403 27.435249  0.085660 -0.242881 0.966267  0.367199 0.829096 1 0 1.000000
0  26.927958 -82.714638 27.737988  0.027458 -0.193276 0.980760  0.361339 0.824213 1 0 1.000000
0  24.990318 -83.670403 27.675201  0.314088 -0.266610 0.911190  0.372082 0.827143 1 0 1.000000
skin_0dam
0  22.366758 -90.107315 26.842079  0.150861 -0.256029 0.954825  0.387707 0.849605 1 0 1.000000
0  21.749062 -90.150421 26.876175  0.077823 -0.239241 0.967836  0.391614 0.849605 1 0 1.000000
0  20.021360 -96.436325 25.395245  0.193084 -0.313928 0.929606  0.402356 0.872066 1 0 1.000000
skin_0dam
0  20.021360 -96.436325 25.395245  0.193084 -0.313928 0.929606  0.402356 0.872066 1 0 1.000000
0  20.556091 -96.400734 25.293201  0.240824 -0.329063 0.913083  0.399426 0.872066 1 0 1.000000
0  22.366758 -90.107315 26.842079  0.150861 -0.256029 0.954825  0.387707 0.849605 1 0 1.000000
skin_0dam
0  17.361094 -104.374390 21.577496  -0.025347 -0.565113 -0.824624  0.418958 0.904294 1 0 1.000000
0  18.051535 -104.154160 21.423836  -0.073257 -0.587926 -0.805591  0.415052 0.905271 1 0 1.000000
0  18.127932 -104.264069 21.635464  0.233445 -0.947474 -0.218622  0.414075 0.904294 1 0 1.000000
skin_0dam
0  18.127932 -104.264069 21.635464  0.233445 -0.947474 -0.218622  0.414075 0.904294 1 0 1.000000
0  17.423155 -104.470573 21.802326  0.245512 -0.955389 -0.164180  0.417982 0.903317 1 0 1.000000
0  17.361094 -104.374390 21.577496  -0.025347 -0.565113 -0.824624  0.418958 0.904294 1 0 1.000000
skin_0dam
0  21.648546 -102.978806 20.333847  0.456754 -0.846966 0.272076  0.394543 0.908200 1 0 1.000000
0  22.910021 -102.424248 19.663399  0.494875 -0.853499 0.163209  0.387707 0.911130 1 0 1.000000
0  23.055502 -102.197220 20.202339  0.506516 -0.802937 0.314217  0.386731 0.909177 1 0 1.000000
skin_0dam
0  18.901915 -102.358337 23.120167  0.553563 -0.462682 0.692455  0.409192 0.898434 1 0 1.000000
0  19.557354 -100.112617 24.065147  0.478938 -0.422085 0.769716  0.405286 0.894528 1 0 1.000000
0  19.462606 -100.144180 24.081173  0.262761 -0.399346 0.878339  0.406262 0.894528 1 0 1.000000
skin_0dam
0  19.462606 -100.144180 24.081173  0.262761 -0.399346 0.878339  0.406262 0.894528 1 0 1.000000
0  18.820415 -102.374123 23.162876  0.387987 -0.455598 0.801184  0.410169 0.898434 1 0 1.000000
0  18.901915 -102.358337 23.120167  0.553563 -0.462682 0.692455  0.409192 0.898434 1 0 1.000000
skin_0dam
0  21.317347 -96.310814 24.663166  0.460035 -0.373288 0.805620  0.395520 0.871090 1 0 1.000000
0  22.729710 -95.639763 24.523327  0.254620 -0.334616 0.907304  0.387707 0.869137 1 0 1.000000
0  24.009584 -90.329201 25.986969  0.212957 -0.298201 0.930444  0.378918 0.850581 1 0 1.000000
skin_0dam
0  24.009584 -90.329201 25.986969  0.212957 -0.298201 0.930444  0.378918 0.850581 1 0 1.000000
0  23.165148 -90.208244 26.221252  0.406447 -0.325129 0.853869  0.383801 0.850581 1 0 1.000000
0  21.317347 -96.310814 24.663166  0.460035 -0.373288 0.805620  0.395520 0.871090 1 0 1.000000
skin_0dam
0  21.605160 -99.923347 23.021370  0.244220 -0.435398 0.866478  0.394543 0.883785 1 0 1.000000
0  22.308552 -99.652382 23.044254  0.143249 -0.438746 0.887120  0.390637 0.883785 1 0 1.000000
0  22.277573 -98.372231 23.573502  0.162322 -0.363210 0.917459  0.390637 0.878903 1 0 1.000000
skin_0dam
0  30.805883 -95.895935 20.344208  0.719414 -0.658977 0.219530  0.343760 0.907224 1 0 1.000000
0  27.684111 -98.815414 20.277103  0.631689 -0.743211 0.220467  0.361339 0.908200 1 0 1.000000
0  27.678719 -99.279320 17.309666  0.652781 -0.749116 0.112706  0.361339 0.918943 1 0 1.000000
skin_0dam
0  27.678719 -99.279320 17.309666  0.652781 -0.749116 0.112706  0.361339 0.918943 1 0 1.000000
0  31.048576 -96.085983 17.361404  0.742996 -0.661664 0.100787  0.341807 0.917966 1 0 1.000000
0  30.805883 -95.895935 20.344208  0.719414 -0.658977 0.219530  0.343760 0.907224 1 0 1.000000
skin_0dam
0  20.767870 -102.107269 22.115955  0.371319 -0.561815 0.739247  0.399426 0.902341 1 0 1.000000
0  19.366154 -102.356956 22.675797  0.522134 -0.489212 0.698604  0.407239 0.900388 1 0 1.000000
0  19.155130 -103.852448 21.662838  0.498373 -0.739277 0.452872  0.408216 0.904294 1 0 1.000000
skin_0dam
0  19.155130 -103.852448 21.662838  0.498373 -0.739277 0.452872  0.408216 0.904294 1 0 1.000000
0  20.126482 -103.542236 21.089275  0.488010 -0.748255 0.449400  0.403333 0.906247 1 0 1.000000
0  20.767870 -102.107269 22.115955  0.371319 -0.561815 0.739247  0.399426 0.902341 1 0 1.000000
skin_0dam
0  33.476650 -68.812866 29.619560  0.054844 -0.092700 0.994183  0.322275 0.775384 1 0 1.000000
0  29.472221 -69.481201 29.653683  0.092138 -0.118163 0.988710  0.343760 0.777337 1 0 1.000000
0  28.138271 -76.936440 28.682785  0.046044 -0.149702 0.987658  0.353526 0.803705 1 0 1.000000
skin_0dam
0  28.138271 -76.936440 28.682785  0.046044 -0.149702 0.987658  0.353526 0.803705 1 0 1.000000
0  32.185703 -76.253769 28.895699  0.050884 -0.142596 0.988472  0.331065 0.801752 1 0 1.000000
0  33.476650 -68.812866 29.619560  0.054844 -0.092700 0.994183  0.322275 0.775384 1 0 1.000000
skin_0dam
0  28.138271 -76.936440 28.682785  0.046044 -0.149702 0.987658  0.353526 0.803705 1 0 1.000000
0  26.927958 -82.714638 27.737988  0.027458 -0.193276 0.980760  0.361339 0.824213 1 0 1.000000
0  28.941179 -80.716919 28.148148  -0.031704 -0.147300 0.988584  0.349620 0.817377 1 0 1.000000
skin_0dam
0  27.684111 -98.815414 20.277103  0.631689 -0.743211 0.220467  0.361339 0.908200 1 0 1.000000
0  24.762083 -101.051895 20.147106  0.559716 -0.782915 0.271592  0.377941 0.909177 1 0 1.000000
0  24.208206 -101.788002 18.933514  0.497513 -0.863841 0.079113  0.380871 0.913083 1 0 1.000000
skin_0dam
0  24.208206 -101.788002 18.933514  0.497513 -0.863841 0.079113  0.380871 0.913083 1 0 1.000000
0  24.807327 -101.466721 18.403393  0.510053 -0.857007 0.073382  0.376965 0.915036 1 0 1.000000
0  27.684111 -98.815414 20.277103  0.631689 -0.743211 0.220467  0.361339 0.908200 1 0 1.000000
skin_0dam
0  41.787415 -74.163185 22.067249  0.964183 -0.203925 0.169605  0.218757 0.794916 1 0 1.000000
0  40.053658 -76.701096 23.569935  0.849673 -0.339840 0.403192  0.226569 0.803705 1 0 1.000000
0  39.749538 -80.369995 20.267632  0.902851 -0.369435 0.219951  0.207038 0.816401 1 0 1.000000
skin_0dam
0  39.749538 -80.369995 20.267632  0.902851 -0.369435 0.219951  0.207038 0.816401 1 0 1.000000
0  41.521122 -76.455307 19.785030  0.974342 -0.215764 0.064064  0.206061 0.802728 1 0 1.000000
0  41.787415 -74.163185 22.067249  0.964183 -0.203925 0.169605  0.218757 0.794916 1 0 1.000000
skin_0dam
0  39.029278 -83.073700 17.375149  0.904037 -0.409209 0.123552  0.190435 0.825190 1 0 1.000000
0  41.163738 -78.056755 17.331356  0.974410 -0.224715 0.005323  0.192389 0.807611 1 0 1.000000
0  41.521122 -76.455307 19.785030  0.974342 -0.215764 0.064064  0.206061 0.802728 1 0 1.000000
skin_0dam
0  41.521122 -76.455307 19.785030  0.974342 -0.215764 0.064064  0.206061 0.802728 1 0 1.000000
0  39.749538 -80.369995 20.267632  0.902851 -0.369435 0.219951  0.207038 0.816401 1 0 1.000000
0  39.029278 -83.073700 17.375149  0.904037 -0.409209 0.123552  0.190435 0.825190 1 0 1.000000
skin_0dam
0  40.053658 -76.701096 23.569935  0.849673 -0.339840 0.403192  0.226569 0.803705 1 0 1.000000
0  40.008648 -73.106010 26.010178  0.770146 -0.257409 0.583623  0.240242 0.791009 1 0 1.000000
0  38.057899 -78.190315 26.180035  0.752344 -0.257703 0.606273  0.239265 0.809564 1 0 1.000000
skin_0dam
0  38.057899 -78.190315 26.180035  0.752344 -0.257703 0.606273  0.239265 0.809564 1 0 1.000000
0  38.495655 -79.195068 24.945160  0.859968 -0.283154 0.424592  0.232429 0.812494 1 0 1.000000
0  40.053658 -76.701096 23.569935  0.849673 -0.339840 0.403192  0.226569 0.803705 1 0 1.000000
skin_0dam
0  41.957043 -71.402046 23.885876  0.953035 -0.173879 0.247972  0.229499 0.785150 1 0 1.000000
0  40.008648 -73.106010 26.010178  0.770146 -0.257409 0.583623  0.240242 0.791009 1 0 1.000000
0  40.053658 -76.701096 23.569935  0.849673 -0.339840 0.403192  0.226569 0.803705 1 0 1.000000
skin_0dam
0  40.053658 -76.701096 23.569935  0.849673 -0.339840 0.403192  0.226569 0.803705 1 0 1.000000
0  41.787415 -74.163185 22.067249  0.964183 -0.203925 0.169605  0.218757 0.794916 1 0 1.000000
0  41.957043 -71.402046 23.885876  0.953035 -0.173879 0.247972  0.229499 0.785150 1 0 1.000000
skin_0dam
0  36.058205 -77.558746 27.871777  0.375498 -0.281400 0.883072  0.249031 0.807611 1 0 1.000000
0  37.280369 -77.617859 27.108047  0.588548 -0.263580 0.764288  0.245125 0.807611 1 0 1.000000
0  38.269062 -74.415810 27.520836  0.632512 -0.237457 0.737254  0.248054 0.795892 1 0 1.000000
skin_0dam
0  38.269062 -74.415810 27.520836  0.632512 -0.237457 0.737254  0.248054 0.795892 1 0 1.000000
0  36.315899 -75.419228 28.466553  0.341077 -0.213091 0.915565  0.252937 0.799799 1 0 1.000000
0  36.058205 -77.558746 27.871777  0.375498 -0.281400 0.883072  0.249031 0.807611 1 0 1.000000
skin_0dam
0  42.098682 -68.462944 25.144615  0.927941 -0.116003 0.354217  0.237312 0.775384 1 0 1.000000
0  39.765301 -69.341682 27.327156  0.670810 -0.163246 0.723439  0.248054 0.778314 1 0 1.000000
0  40.008648 -73.106010 26.010178  0.770146 -0.257409 0.583623  0.240242 0.791009 1 0 1.000000
skin_0dam
0  40.008648 -73.106010 26.010178  0.770146 -0.257409 0.583623  0.240242 0.791009 1 0 1.000000
0  41.957043 -71.402046 23.885876  0.953035 -0.173879 0.247972  0.229499 0.785150 1 0 1.000000
0  42.098682 -68.462944 25.144615  0.927941 -0.116003 0.354217  0.237312 0.775384 1 0 1.000000
skin_0dam
0  36.315899 -75.419228 28.466553  0.341077 -0.213091 0.915565  0.252937 0.799799 1 0 1.000000
0  38.269062 -74.415810 27.520836  0.632512 -0.237457 0.737254  0.248054 0.795892 1 0 1.000000
0  38.417576 -67.738823 28.745529  0.524771 -0.127425 0.841652  0.256844 0.772454 1 0 1.000000
skin_0dam
0  38.417576 -67.738823 28.745529  0.524771 -0.127425 0.841652  0.256844 0.772454 1 0 1.000000
0  37.021755 -68.095619 29.365772  0.264742 -0.105843 0.958493  0.259774 0.773431 1 0 1.000000
0  36.315899 -75.419228 28.466553  0.341077 -0.213091 0.915565  0.252937 0.799799 1 0 1.000000
skin_0dam
0  41.910927 -56.060150 25.022673  0.964267 0.073419 0.254557  0.237312 0.727531 1 0 1.000000
0  40.245502 -54.917751 28.119537  0.818773 0.029637 0.573352  0.253914 0.722648 1 0 1.000000
0  39.763763 -58.757870 28.628801  0.709318 -0.027052 0.704369  0.256844 0.737297 1 0 1.000000
skin_0dam
0  39.763763 -58.757870 28.628801  0.709318 -0.027052 0.704369  0.256844 0.737297 1 0 1.000000
0  41.883396 -59.404770 25.807213  0.936702 0.061998 0.344594  0.241218 0.739250 1 0 1.000000
0  41.910927 -56.060150 25.022673  0.964267 0.073419 0.254557  0.237312 0.727531 1 0 1.000000
skin_0dam
0  37.575310 -37.079803 30.968657  0.522343 -0.058654 0.850716  0.296884 0.658193 1 0 1.000000
0  39.171917 -37.079803 29.661087  0.795457 -0.027591 0.605381  0.288095 0.658193 1 0 1.000000
0  39.268265 -33.487438 29.661087  0.828856 -0.018761 0.559148  0.287118 0.645497 1 0 1.000000
skin_0dam
0  39.268265 -33.487438 29.661087  0.828856 -0.018761 0.559148  0.287118 0.645497 1 0 1.000000
0  37.864353 -33.501202 31.009949  0.573819 -0.045577 0.817713  0.294931 0.645497 1 0 1.000000
0  37.575310 -37.079803 30.968657  0.522343 -0.058654 0.850716  0.296884 0.658193 1 0 1.000000
skin_0dam
0  40.892399 -46.397926 23.357246  0.990281 0.071660 0.119194  0.228523 0.692373 1 0 1.000000
0  40.919926 -47.375164 23.811457  0.975710 0.123005 0.181273  0.230476 0.695303 1 0 1.000000
0  41.016273 -44.677452 20.714588  0.996939 0.072696 0.028766  0.213874 0.686514 1 0 1.000000
skin_0dam
0  41.401661 -48.228523 18.842705  0.992048 0.027330 -0.122856  0.204108 0.699210 1 0 1.000000
0  40.906162 -46.466751 16.007353  0.983526 0.075768 -0.164122  0.188482 0.692373 1 0 1.000000
0  40.906162 -46.356636 16.062408  0.985542 0.080031 -0.149336  0.188482 0.692373 1 0 1.000000
skin_0dam
0  40.906162 -46.356636 16.062408  0.985542 0.080031 -0.149336  0.188482 0.692373 1 0 1.000000
0  41.401661 -48.118408 18.911526  0.995568 0.077489 -0.053289  0.204108 0.698233 1 0 1.000000
0  41.401661 -48.228523 18.842705  0.992048 0.027330 -0.122856  0.204108 0.699210 1 0 1.000000
skin_0dam
0  41.690704 -50.306866 21.554184  0.994032 0.102793 0.036513  0.218757 0.706046 1 0 1.000000
0  41.690704 -50.389446 21.471600  0.996962 0.015300 -0.076371  0.217780 0.707022 1 0 1.000000
0  41.401661 -48.228523 18.842705  0.992048 0.027330 -0.122856  0.204108 0.699210 1 0 1.000000
skin_0dam
0  41.401661 -48.228523 18.842705  0.992048 0.027330 -0.122856  0.204108 0.699210 1 0 1.000000
0  41.401661 -48.118408 18.911526  0.995568 0.077489 -0.053289  0.204108 0.698233 1 0 1.000000
0  41.690704 -50.306866 21.554184  0.994032 0.102793 0.036513  0.218757 0.706046 1 0 1.000000
skin_0dam
0  41.910927 -56.060150 25.022673  0.964267 0.073419 0.254557  0.237312 0.727531 1 0 1.000000
0  41.910927 -56.101444 24.926327  0.999976 0.006696 -0.001650  0.236335 0.727531 1 0 1.000000
0  41.828342 -53.087158 23.467358  0.998980 0.045069 0.002718  0.228523 0.716788 1 0 1.000000
skin_0dam
0  41.828342 -53.087158 23.467358  0.998980 0.045069 0.002718  0.228523 0.716788 1 0 1.000000
0  41.828342 -53.032104 23.549942  0.982642 0.094599 0.159582  0.229499 0.715812 1 0 1.000000
0  41.910927 -56.060150 25.022673  0.964267 0.073419 0.254557  0.237312 0.727531 1 0 1.000000
skin_0dam
0  41.883396 -59.404770 25.807213  0.936702 0.061998 0.344594  0.241218 0.739250 1 0 1.000000
0  41.883396 -59.418533 25.697102  0.999373 0.034976 -0.005483  0.241218 0.739250 1 0 1.000000
0  41.910927 -56.101444 24.926327  0.999976 0.006696 -0.001650  0.236335 0.727531 1 0 1.000000
skin_0dam
0  41.910927 -56.101444 24.926327  0.999976 0.006696 -0.001650  0.236335 0.727531 1 0 1.000000
0  41.910927 -56.060150 25.022673  0.964267 0.073419 0.254557  0.237312 0.727531 1 0 1.000000
0  41.883396 -59.404770 25.807213  0.936702 0.061998 0.344594  0.241218 0.739250 1 0 1.000000
skin_0dam
0  42.080086 -61.827671 25.972919  0.921407 0.045668 0.385907  0.243171 0.750969 1 0 1.000000
0  42.079498 -61.831764 25.890442  0.998749 0.049058 -0.009659  0.242195 0.750969 1 0 1.000000
0  41.883396 -59.418533 25.697102  0.999373 0.034976 -0.005483  0.241218 0.739250 1 0 1.000000
skin_0dam
0  41.883396 -59.418533 25.697102  0.999373 0.034976 -0.005483  0.241218 0.739250 1 0 1.000000
0  41.883396 -59.404770 25.807213  0.936702 0.061998 0.344594  0.241218 0.739250 1 0 1.000000
0  42.080086 -61.827671 25.972919  0.921407 0.045668 0.385907  0.243171 0.750969 1 0 1.000000
skin_0dam
0  42.130619 -65.106247 25.749470  0.999909 0.003497 -0.013054  0.241218 0.762688 1 0 1.000000
0  42.131996 -65.115196 25.846375  0.915434 -0.042756 0.400191  0.241218 0.762688 1 0 1.000000
0  42.098682 -68.462944 25.144615  0.927941 -0.116003 0.354217  0.237312 0.775384 1 0 1.000000
skin_0dam
0  42.098682 -68.462944 25.144615  0.927941 -0.116003 0.354217  0.237312 0.775384 1 0 1.000000
0  42.095932 -68.426529 25.046356  0.999248 -0.018665 -0.034001  0.236335 0.774407 1 0 1.000000
0  42.130619 -65.106247 25.749470  0.999909 0.003497 -0.013054  0.241218 0.762688 1 0 1.000000
skin_0dam
0  42.095932 -68.426529 25.046356  0.999248 -0.018665 -0.034001  0.236335 0.774407 1 0 1.000000
0  42.098682 -68.462944 25.144615  0.927941 -0.116003 0.354217  0.237312 0.775384 1 0 1.000000
0  41.957043 -71.402046 23.885876  0.953035 -0.173879 0.247972  0.229499 0.785150 1 0 1.000000
skin_0dam
0  41.957043 -71.402046 23.885876  0.953035 -0.173879 0.247972  0.229499 0.785150 1 0 1.000000
0  41.952915 -71.338173 23.786263  0.998106 -0.025785 -0.055845  0.228523 0.785150 1 0 1.000000
0  42.095932 -68.426529 25.046356  0.999248 -0.018665 -0.034001  0.236335 0.774407 1 0 1.000000
skin_0dam
0  41.952915 -71.338173 23.786263  0.998106 -0.025785 -0.055845  0.228523 0.785150 1 0 1.000000
0  41.957043 -71.402046 23.885876  0.953035 -0.173879 0.247972  0.229499 0.785150 1 0 1.000000
0  41.787415 -74.163185 22.067249  0.964183 -0.203925 0.169605  0.218757 0.794916 1 0 1.000000
skin_0dam
0  41.787415 -74.163185 22.067249  0.964183 -0.203925 0.169605  0.218757 0.794916 1 0 1.000000
0  41.781906 -74.071854 21.966286  0.996616 -0.024718 -0.078389  0.217780 0.794916 1 0 1.000000
0  41.952915 -71.338173 23.786263  0.998106 -0.025785 -0.055845  0.228523 0.785150 1 0 1.000000
skin_0dam
0  41.521122 -76.455307 19.785030  0.974342 -0.215764 0.064064  0.206061 0.802728 1 0 1.000000
0  41.514431 -76.335152 19.710205  0.993104 -0.021679 -0.115212  0.205084 0.802728 1 0 1.000000
0  41.781906 -74.071854 21.966286  0.996616 -0.024718 -0.078389  0.217780 0.794916 1 0 1.000000
skin_0dam
0  41.781906 -74.071854 21.966286  0.996616 -0.024718 -0.078389  0.217780 0.794916 1 0 1.000000
0  41.787415 -74.163185 22.067249  0.964183 -0.203925 0.169605  0.218757 0.794916 1 0 1.000000
0  41.521122 -76.455307 19.785030  0.974342 -0.215764 0.064064  0.206061 0.802728 1 0 1.000000
skin_0dam
0  41.514431 -76.335152 19.710205  0.993104 -0.021679 -0.115212  0.205084 0.802728 1 0 1.000000
0  41.521122 -76.455307 19.785030  0.974342 -0.215764 0.064064  0.206061 0.802728 1 0 1.000000
0  41.163738 -78.056755 17.331356  0.974410 -0.224715 0.005323  0.192389 0.807611 1 0 1.000000
skin_0dam
0  41.163738 -78.056755 17.331356  0.974410 -0.224715 0.005323  0.192389 0.807611 1 0 1.000000
0  41.170597 -77.918777 17.324455  0.992720 -0.049054 -0.110003  0.192389 0.807611 1 0 1.000000
0  41.514431 -76.335152 19.710205  0.993104 -0.021679 -0.115212  0.205084 0.802728 1 0 1.000000
skin_0dam
0  29.234421 -55.605946 31.932125  0.354115 -0.177902 0.918125  0.341807 0.725578 1 0 1.000000
0  30.142834 -55.605946 31.588032  0.391131 -0.176429 0.903266  0.336924 0.725578 1 0 1.000000
0  31.519218 -48.696491 32.331280  0.474385 -0.160980 0.865474  0.329112 0.700186 1 0 1.000000
skin_0dam
0  31.519218 -48.696491 32.331280  0.474385 -0.160980 0.865474  0.329112 0.700186 1 0 1.000000
0  30.638332 -48.696491 32.689137  0.385706 -0.156467 0.909257  0.333995 0.700186 1 0 1.000000
0  29.234421 -55.605946 31.932125  0.354115 -0.177902 0.918125  0.341807 0.725578 1 0 1.000000
skin_0dam
0  33.446159 -48.710255 31.367809  0.207076 -0.093874 0.973811  0.319346 0.700186 1 0 1.000000
0  32.317528 -48.710255 31.588032  0.473123 -0.141579 0.869546  0.325205 0.700186 1 0 1.000000
0  30.941137 -55.592182 31.092529  0.387721 -0.162860 0.907275  0.333018 0.725578 1 0 1.000000
skin_0dam
0  30.941137 -55.592182 31.092529  0.387721 -0.162860 0.907275  0.333018 0.725578 1 0 1.000000
0  32.000957 -55.592182 30.872309  0.144991 -0.105732 0.983768  0.327158 0.725578 1 0 1.000000
0  33.446159 -48.710255 31.367809  0.207076 -0.093874 0.973811  0.319346 0.700186 1 0 1.000000
skin_0dam
0  36.281513 -48.737785 30.748436  0.303806 -0.061525 0.950745  0.303720 0.701163 1 0 1.000000
0  33.446159 -48.710255 31.367809  0.207076 -0.093874 0.973811  0.319346 0.700186 1 0 1.000000
0  32.000957 -55.592182 30.872309  0.144991 -0.105732 0.983768  0.327158 0.725578 1 0 1.000000
skin_0dam
0  32.000957 -55.592182 30.872309  0.144991 -0.105732 0.983768  0.327158 0.725578 1 0 1.000000
0  35.331806 -55.592182 30.638325  0.167534 -0.065340 0.983699  0.308603 0.725578 1 0 1.000000
0  36.281513 -48.737785 30.748436  0.303806 -0.061525 0.950745  0.303720 0.701163 1 0 1.000000
skin_0dam
0  35.331806 -55.592182 30.638325  0.167534 -0.065340 0.983699  0.308603 0.725578 1 0 1.000000
0  37.864357 -55.867458 29.950132  0.359107 -0.047627 0.932080  0.294931 0.726554 1 0 1.000000
0  38.497494 -48.779076 29.784967  0.564150 -0.032439 0.825035  0.292001 0.701163 1 0 1.000000
skin_0dam
0  38.497494 -48.779076 29.784967  0.564150 -0.032439 0.825035  0.292001 0.701163 1 0 1.000000
0  36.281513 -48.737785 30.748436  0.303806 -0.061525 0.950745  0.303720 0.701163 1 0 1.000000
0  35.331806 -55.592182 30.638325  0.167534 -0.065340 0.983699  0.308603 0.725578 1 0 1.000000
skin_0dam
0  18.051535 -104.154160 21.423836  -0.073257 -0.587926 -0.805591  0.415052 0.905271 1 0 1.000000
0  19.968306 -103.505669 20.592464  -0.148287 -0.578607 -0.802013  0.404309 0.908200 1 0 1.000000
0  20.030960 -103.616264 20.804230  0.227451 -0.943443 -0.241207  0.403333 0.907224 1 0 1.000000
skin_0dam
0  20.030960 -103.616264 20.804230  0.227451 -0.943443 -0.241207  0.403333 0.907224 1 0 1.000000
0  18.127932 -104.264069 21.635464  0.233445 -0.947474 -0.218622  0.414075 0.904294 1 0 1.000000
0  18.051535 -104.154160 21.423836  -0.073257 -0.587926 -0.805591  0.415052 0.905271 1 0 1.000000
skin_0dam
0  22.234768 -101.749184 21.729427  0.384972 -0.661300 0.643800  0.391614 0.903317 1 0 1.000000
0  23.341011 -101.320320 21.465977  0.429816 -0.716438 0.549523  0.385754 0.904294 1 0 1.000000
0  23.318161 -100.756874 22.003193  0.291172 -0.628609 0.721158  0.385754 0.902341 1 0 1.000000
skin_0dam
0  23.318161 -100.756874 22.003193  0.291172 -0.628609 0.721158  0.385754 0.902341 1 0 1.000000
0  22.624298 -100.264679 22.617626  0.212244 -0.534215 0.818270  0.388684 0.900388 1 0 1.000000
0  22.234768 -101.749184 21.729427  0.384972 -0.661300 0.643800  0.391614 0.903317 1 0 1.000000
skin_0dam
0  27.620825 -98.468315 21.224998  0.609978 -0.729691 0.308995  0.361339 0.904294 1 0 1.000000
0  25.066162 -100.270432 21.415348  0.482085 -0.749578 0.453572  0.375988 0.904294 1 0 1.000000
0  24.976240 -100.435112 21.245014  0.510087 -0.757555 0.407335  0.375988 0.905271 1 0 1.000000
skin_0dam
0  27.620825 -98.468315 21.224998  0.609978 -0.729691 0.308995  0.361339 0.904294 1 0 1.000000
0  24.976240 -100.435112 21.245014  0.510087 -0.757555 0.407335  0.375988 0.905271 1 0 1.000000
0  24.762083 -101.051895 20.147106  0.559716 -0.782915 0.271592  0.377941 0.909177 1 0 1.000000
skin_0dam
0  24.762083 -101.051895 20.147106  0.559716 -0.782915 0.271592  0.377941 0.909177 1 0 1.000000
0  27.684111 -98.815414 20.277103  0.631689 -0.743211 0.220467  0.361339 0.908200 1 0 1.000000
0  27.620825 -98.468315 21.224998  0.609978 -0.729691 0.308995  0.361339 0.904294 1 0 1.000000
skin_0dam
0  27.684111 -98.815414 20.277103  0.631689 -0.743211 0.220467  0.361339 0.908200 1 0 1.000000
0  30.805883 -95.895935 20.344208  0.719414 -0.658977 0.219530  0.343760 0.907224 1 0 1.000000
0  30.529642 -95.714890 21.219177  0.686979 -0.642490 0.339509  0.344737 0.904294 1 0 1.000000
skin_0dam
0  30.529642 -95.714890 21.219177  0.686979 -0.642490 0.339509  0.344737 0.904294 1 0 1.000000
0  27.620825 -98.468315 21.224998  0.609978 -0.729691 0.308995  0.361339 0.904294 1 0 1.000000
0  27.684111 -98.815414 20.277103  0.631689 -0.743211 0.220467  0.361339 0.908200 1 0 1.000000
skin_0dam
0  38.657681 -83.071716 20.313080  0.898494 -0.396098 0.189248  0.207038 0.826167 1 0 1.000000
0  39.029278 -83.073700 17.375149  0.904037 -0.409209 0.123552  0.190435 0.825190 1 0 1.000000
0  39.749538 -80.369995 20.267632  0.902851 -0.369435 0.219951  0.207038 0.816401 1 0 1.000000
skin_0dam
0  30.805883 -95.895935 20.344208  0.719414 -0.658977 0.219530  0.343760 0.907224 1 0 1.000000
0  34.273884 -91.362602 20.328716  0.824977 -0.544924 0.149904  0.323252 0.906247 1 0 1.000000
0  32.736904 -92.962692 21.342438  0.767792 -0.596844 0.232967  0.332041 0.903317 1 0 1.000000
skin_0dam
0  32.736904 -92.962692 21.342438  0.767792 -0.596844 0.232967  0.332041 0.903317 1 0 1.000000
0  30.529642 -95.714890 21.219177  0.686979 -0.642490 0.339509  0.344737 0.904294 1 0 1.000000
0  30.805883 -95.895935 20.344208  0.719414 -0.658977 0.219530  0.343760 0.907224 1 0 1.000000
skin_0dam
0  34.273884 -91.362602 20.328716  0.824977 -0.544924 0.149904  0.323252 0.906247 1 0 1.000000
0  30.805883 -95.895935 20.344208  0.719414 -0.658977 0.219530  0.343760 0.907224 1 0 1.000000
0  31.048576 -96.085983 17.361404  0.742996 -0.661664 0.100787  0.341807 0.917966 1 0 1.000000
skin_0dam
0  31.048576 -96.085983 17.361404  0.742996 -0.661664 0.100787  0.341807 0.917966 1 0 1.000000
0  34.328861 -91.659004 17.338749  0.830619 -0.551820 0.074606  0.323252 0.916990 1 0 1.000000
0  34.273884 -91.362602 20.328716  0.824977 -0.544924 0.149904  0.323252 0.906247 1 0 1.000000
skin_0dam
0  36.542980 -87.386391 20.308079  0.871326 -0.462441 0.164131  0.205084 0.840815 1 0 1.000000
0  38.657681 -83.071716 20.313080  0.898494 -0.396098 0.189248  0.207038 0.826167 1 0 1.000000
0  37.207790 -84.836876 22.367966  0.873012 -0.416888 0.253090  0.217780 0.833003 1 0 1.000000
skin_0dam
0  37.207790 -84.836876 22.367966  0.873012 -0.416888 0.253090  0.217780 0.833003 1 0 1.000000
0  36.167564 -87.283791 21.931831  0.864291 -0.448675 0.227358  0.213874 0.840815 1 0 1.000000
0  36.542980 -87.386391 20.308079  0.871326 -0.462441 0.164131  0.205084 0.840815 1 0 1.000000
skin_0dam
0  37.864353 -33.501202 31.009949  0.573819 -0.045577 0.817713  0.294931 0.645497 1 0 1.000000
0  35.896122 -33.473675 31.945889  0.339957 -0.048999 0.939164  0.305673 0.645497 1 0 1.000000
0  35.455677 -37.024746 31.904598  0.307157 -0.065102 0.949429  0.308603 0.658193 1 0 1.000000
skin_0dam
0  35.455677 -37.024746 31.904598  0.307157 -0.065102 0.949429  0.308603 0.658193 1 0 1.000000
0  37.575310 -37.079803 30.968657  0.522343 -0.058654 0.850716  0.296884 0.658193 1 0 1.000000
0  37.864353 -33.501202 31.009949  0.573819 -0.045577 0.817713  0.294931 0.645497 1 0 1.000000
skin_0dam
0  40.424427 -32.757957 26.316475  0.990742 -0.013625 0.135072  0.244148 0.642567 1 0 1.000000
0  40.603355 -32.551498 24.265663  0.997792 0.034630 0.056671  0.233406 0.642567 1 0 1.000000
0  40.575829 -30.954891 23.838984  0.997029 0.049008 0.059417  0.230476 0.636708 1 0 1.000000
skin_0dam
0  40.575829 -30.954891 23.838984  0.997029 0.049008 0.059417  0.230476 0.636708 1 0 1.000000
0  40.231731 -30.817253 27.197361  0.969500 -0.038124 0.242110  0.249031 0.635731 1 0 1.000000
0  40.424427 -32.757957 26.316475  0.990742 -0.013625 0.135072  0.244148 0.642567 1 0 1.000000
skin_0dam
0  40.630882 -32.813011 23.013149  0.999538 0.024415 0.018134  0.226569 0.643544 1 0 1.000000
0  40.644646 -30.982418 20.329199  0.999113 -0.025020 -0.033875  0.211921 0.636708 1 0 1.000000
0  40.575829 -30.954891 23.838984  0.997029 0.049008 0.059417  0.230476 0.636708 1 0 1.000000
skin_0dam
0  40.575829 -30.954891 23.838984  0.997029 0.049008 0.059417  0.230476 0.636708 1 0 1.000000
0  40.603355 -32.551498 24.265663  0.997792 0.034630 0.056671  0.233406 0.642567 1 0 1.000000
0  40.630882 -32.813011 23.013149  0.999538 0.024415 0.018134  0.226569 0.643544 1 0 1.000000
skin_0dam
0  39.765301 -69.341682 27.327156  0.670810 -0.163246 0.723439  0.248054 0.778314 1 0 1.000000
0  42.098682 -68.462944 25.144615  0.927941 -0.116003 0.354217  0.237312 0.775384 1 0 1.000000
0  42.131996 -65.115196 25.846375  0.915434 -0.042756 0.400191  0.241218 0.762688 1 0 1.000000
skin_0dam
0  42.131996 -65.115196 25.846375  0.915434 -0.042756 0.400191  0.241218 0.762688 1 0 1.000000
0  39.662258 -65.442001 28.167850  0.620495 -0.085965 0.779484  0.253914 0.763665 1 0 1.000000
0  39.765301 -69.341682 27.327156  0.670810 -0.163246 0.723439  0.248054 0.778314 1 0 1.000000
skin_0dam
0  42.079498 -61.831764 25.890442  0.998749 0.049058 -0.009659  0.242195 0.750969 1 0 1.000000
0  42.080086 -61.827671 25.972919  0.921407 0.045668 0.385907  0.243171 0.750969 1 0 1.000000
0  42.131996 -65.115196 25.846375  0.915434 -0.042756 0.400191  0.241218 0.762688 1 0 1.000000
skin_0dam
0  42.131996 -65.115196 25.846375  0.915434 -0.042756 0.400191  0.241218 0.762688 1 0 1.000000
0  42.130619 -65.106247 25.749470  0.999909 0.003497 -0.013054  0.241218 0.762688 1 0 1.000000
0  42.079498 -61.831764 25.890442  0.998749 0.049058 -0.009659  0.242195 0.750969 1 0 1.000000
skin_0dam
0  41.690704 -50.389446 21.471600  0.996962 0.015300 -0.076371  0.217780 0.707022 1 0 1.000000
0  41.690704 -50.306866 21.554184  0.994032 0.102793 0.036513  0.218757 0.706046 1 0 1.000000
0  41.828342 -53.032104 23.549942  0.982642 0.094599 0.159582  0.229499 0.715812 1 0 1.000000
skin_0dam
0  41.828342 -53.032104 23.549942  0.982642 0.094599 0.159582  0.229499 0.715812 1 0 1.000000
0  41.828342 -53.087158 23.467358  0.998980 0.045069 0.002718  0.228523 0.716788 1 0 1.000000
0  41.690704 -50.389446 21.471600  0.996962 0.015300 -0.076371  0.217780 0.707022 1 0 1.000000
skin_0dam
0  42.080086 -61.827671 25.972919  0.921407 0.045668 0.385907  0.243171 0.750969 1 0 1.000000
0  39.650177 -61.812679 28.470081  0.665710 -0.050283 0.744514  0.256844 0.750969 1 0 1.000000
0  39.662258 -65.442001 28.167850  0.620495 -0.085965 0.779484  0.253914 0.763665 1 0 1.000000
skin_0dam
0  39.662258 -65.442001 28.167850  0.620495 -0.085965 0.779484  0.253914 0.763665 1 0 1.000000
0  42.131996 -65.115196 25.846375  0.915434 -0.042756 0.400191  0.241218 0.762688 1 0 1.000000
0  42.080086 -61.827671 25.972919  0.921407 0.045668 0.385907  0.243171 0.750969 1 0 1.000000
skin_0dam
0  24.988108 -101.445839 17.243450  0.477286 -0.878296 0.028191  0.375988 0.919919 1 0 1.000000
0  27.678719 -99.279320 17.309666  0.652781 -0.749116 0.112706  0.361339 0.918943 1 0 1.000000
0  25.016186 -101.421867 17.421215  0.487813 -0.872031 0.040010  0.375988 0.918943 1 0 1.000000
skin_0dam
0  22.277573 -98.372231 23.573502  0.162322 -0.363210 0.917459  0.390637 0.878903 1 0 1.000000
0  22.729710 -95.639763 24.523327  0.254620 -0.334616 0.907304  0.387707 0.869137 1 0 1.000000
0  21.317347 -96.310814 24.663166  0.460035 -0.373288 0.805620  0.395520 0.871090 1 0 1.000000
skin_0dam
0  20.556091 -96.400734 25.293201  0.240824 -0.329063 0.913083  0.399426 0.872066 1 0 1.000000
0  20.021360 -96.436325 25.395245  0.193084 -0.313928 0.929606  0.402356 0.872066 1 0 1.000000
0  18.929251 -100.207230 24.184566  0.234917 -0.386495 0.891872  0.409192 0.884762 1 0 1.000000
skin_0dam
0  18.929251 -100.207230 24.184566  0.234917 -0.386495 0.891872  0.409192 0.884762 1 0 1.000000
0  19.462606 -100.144180 24.081173  0.262761 -0.399346 0.878339  0.406262 0.884762 1 0 1.000000
0  20.556091 -96.400734 25.293201  0.240824 -0.329063 0.913083  0.399426 0.872066 1 0 1.000000
skin_0dam
0  24.976240 -100.435112 21.245014  0.510087 -0.757555 0.407335  0.375988 0.905271 1 0 1.000000
0  25.066162 -100.270432 21.415348  0.482085 -0.749578 0.453572  0.375988 0.904294 1 0 1.000000
0  24.783886 -100.406975 21.451702  0.434128 -0.726563 0.532577  0.376965 0.904294 1 0 1.000000
skin_0dam
0  23.055502 -102.197220 20.202339  0.506516 -0.802937 0.314217  0.386731 0.909177 1 0 1.000000
0  24.762083 -101.051895 20.147106  0.559716 -0.782915 0.271592  0.377941 0.909177 1 0 1.000000
0  24.976240 -100.435112 21.245014  0.510087 -0.757555 0.407335  0.375988 0.905271 1 0 1.000000
skin_0dam
0  24.976240 -100.435112 21.245014  0.510087 -0.757555 0.407335  0.375988 0.905271 1 0 1.000000
0  23.341011 -101.320320 21.465977  0.429816 -0.716438 0.549523  0.385754 0.904294 1 0 1.000000
0  23.055502 -102.197220 20.202339  0.506516 -0.802937 0.314217  0.386731 0.909177 1 0 1.000000
skin_0dam
0  22.910021 -102.424248 19.663399  0.494875 -0.853499 0.163209  0.387707 0.911130 1 0 1.000000
0  24.208206 -101.788002 18.933514  0.497513 -0.863841 0.079113  0.380871 0.913083 1 0 1.000000
0  24.762083 -101.051895 20.147106  0.559716 -0.782915 0.271592  0.377941 0.909177 1 0 1.000000
skin_0dam
0  24.762083 -101.051895 20.147106  0.559716 -0.782915 0.271592  0.377941 0.909177 1 0 1.000000
0  23.055502 -102.197220 20.202339  0.506516 -0.802937 0.314217  0.386731 0.909177 1 0 1.000000
0  22.910021 -102.424248 19.663399  0.494875 -0.853499 0.163209  0.387707 0.911130 1 0 1.000000
skin_0dam
0  18.183695 -104.237373 21.840462  0.326864 -0.928050 0.178559  0.414075 0.903317 1 0 1.000000
0  20.100470 -103.588882 21.009094  0.415467 -0.890344 0.186213  0.403333 0.906247 1 0 1.000000
0  19.102018 -103.916245 21.542355  0.387444 -0.905542 0.172864  0.409192 0.904294 1 0 1.000000
skin_0dam
0  19.102018 -103.916245 21.542355  0.387444 -0.905542 0.172864  0.409192 0.904294 1 0 1.000000
0  18.561108 -104.048035 21.938622  0.364912 -0.893858 0.260494  0.412122 0.903317 1 0 1.000000
0  18.183695 -104.237373 21.840462  0.326864 -0.928050 0.178559  0.414075 0.903317 1 0 1.000000
skin_0dam
0  18.259653 -103.982208 22.461182  0.405224 -0.720610 0.562596  0.413099 0.901364 1 0 1.000000
0  18.561108 -104.048035 21.938622  0.364912 -0.893858 0.260494  0.412122 0.903317 1 0 1.000000
0  18.655556 -103.981506 22.072456  0.509093 -0.746719 0.428061  0.411145 0.902341 1 0 1.000000
skin_0dam
0  18.655556 -103.981506 22.072456  0.509093 -0.746719 0.428061  0.411145 0.902341 1 0 1.000000
0  18.422152 -103.935539 22.402584  0.491469 -0.661576 0.566370  0.413099 0.901364 1 0 1.000000
0  18.259653 -103.982208 22.461182  0.405224 -0.720610 0.562596  0.413099 0.901364 1 0 1.000000
skin_0dam
0  20.126482 -103.542236 21.089275  0.488010 -0.748255 0.449400  0.403333 0.906247 1 0 1.000000
0  21.648546 -102.978806 20.333847  0.456754 -0.846966 0.272076  0.394543 0.908200 1 0 1.000000
0  22.234768 -101.749184 21.729427  0.384972 -0.661300 0.643800  0.391614 0.903317 1 0 1.000000
skin_0dam
0  22.234768 -101.749184 21.729427  0.384972 -0.661300 0.643800  0.391614 0.903317 1 0 1.000000
0  20.767870 -102.107269 22.115955  0.371319 -0.561815 0.739247  0.399426 0.902341 1 0 1.000000
0  20.126482 -103.542236 21.089275  0.488010 -0.748255 0.449400  0.403333 0.906247 1 0 1.000000
skin_0dam
0  20.030960 -103.616264 20.804230  0.227451 -0.943443 -0.241207  0.403333 0.907224 1 0 1.000000
0  19.968306 -103.505669 20.592464  -0.148287 -0.578607 -0.802013  0.404309 0.908200 1 0 1.000000
0  21.451883 -102.980705 19.935688  -0.113376 -0.601185 -0.791026  0.395520 0.910154 1 0 1.000000
skin_0dam
0  21.451883 -102.980705 19.935688  -0.113376 -0.601185 -0.791026  0.395520 0.910154 1 0 1.000000
0  21.539669 -103.050789 20.103916  0.287814 -0.934386 -0.209967  0.395520 0.909177 1 0 1.000000
0  20.030960 -103.616264 20.804230  0.227451 -0.943443 -0.241207  0.403333 0.907224 1 0 1.000000
skin_0dam
0  24.990318 -83.670403 27.675201  0.314088 -0.266610 0.911190  0.372082 0.827143 1 0 1.000000
0  26.927958 -82.714638 27.737988  0.027458 -0.193276 0.980760  0.361339 0.824213 1 0 1.000000
0  28.138271 -76.936440 28.682785  0.046044 -0.149702 0.987658  0.353526 0.803705 1 0 1.000000
skin_0dam
0  28.138271 -76.936440 28.682785  0.046044 -0.149702 0.987658  0.353526 0.803705 1 0 1.000000
0  26.677849 -77.196289 28.816330  0.283799 -0.209314 0.935760  0.361339 0.804682 1 0 1.000000
0  24.990318 -83.670403 27.675201  0.314088 -0.266610 0.911190  0.372082 0.827143 1 0 1.000000
skin_0dam
0  34.273884 -91.362602 20.328716  0.824977 -0.544924 0.149904  0.204108 0.855464 1 0 1.000000
0  36.542980 -87.386391 20.308079  0.871326 -0.462441 0.164131  0.205084 0.840815 1 0 1.000000
0  36.167564 -87.283791 21.931831  0.864291 -0.448675 0.227358  0.213874 0.840815 1 0 1.000000
skin_0dam
0  36.167564 -87.283791 21.931831  0.864291 -0.448675 0.227358  0.213874 0.840815 1 0 1.000000
0  34.082966 -91.176163 21.505997  0.811151 -0.541171 0.221737  0.210944 0.854488 1 0 1.000000
0  34.273884 -91.362602 20.328716  0.824977 -0.544924 0.149904  0.204108 0.855464 1 0 1.000000
skin_0dam
0  36.542980 -87.386391 20.308079  0.871326 -0.462441 0.164131  0.205084 0.840815 1 0 1.000000
0  34.273884 -91.362602 20.328716  0.824977 -0.544924 0.149904  0.204108 0.855464 1 0 1.000000
0  34.328861 -91.659004 17.338749  0.830619 -0.551820 0.074606  0.188482 0.855464 1 0 1.000000
skin_0dam
0  34.328861 -91.659004 17.338749  0.830619 -0.551820 0.074606  0.188482 0.855464 1 0 1.000000
0  36.786068 -87.573708 17.380264  0.872632 -0.477516 0.102426  0.189459 0.841792 1 0 1.000000
0  36.542980 -87.386391 20.308079  0.871326 -0.462441 0.164131  0.205084 0.840815 1 0 1.000000
skin_0dam
0  38.597099 -61.827736 29.236294  0.483100 -0.065998 0.873074  0.260750 0.750969 1 0 1.000000
0  37.445641 -61.862595 29.701000  0.254849 -0.062590 0.964953  0.262703 0.750969 1 0 1.000000
0  37.021755 -68.095619 29.365772  0.264742 -0.105843 0.958493  0.259774 0.773431 1 0 1.000000
skin_0dam
0  37.021755 -68.095619 29.365772  0.264742 -0.105843 0.958493  0.259774 0.773431 1 0 1.000000
0  38.417576 -67.738823 28.745529  0.524771 -0.127425 0.841652  0.256844 0.772454 1 0 1.000000
0  38.597099 -61.827736 29.236294  0.483100 -0.065998 0.873074  0.260750 0.750969 1 0 1.000000
skin_0dam
0  37.445641 -61.862595 29.701000  0.254849 -0.062590 0.964953  0.298837 0.750969 1 0 1.000000
0  34.451504 -61.993767 30.087132  0.088281 -0.081664 0.992742  0.315439 0.750969 1 0 1.000000
0  33.476650 -68.812866 29.619560  0.054844 -0.092700 0.994183  0.322275 0.775384 1 0 1.000000
skin_0dam
0  33.476650 -68.812866 29.619560  0.054844 -0.092700 0.994183  0.322275 0.775384 1 0 1.000000
0  37.021755 -68.095619 29.365772  0.264742 -0.105843 0.958493  0.302744 0.773431 1 0 1.000000
0  37.445641 -61.862595 29.701000  0.254849 -0.062590 0.964953  0.298837 0.750969 1 0 1.000000
skin_0dam
0  29.472221 -69.481201 29.653683  0.092138 -0.118163 0.988710  0.343760 0.777337 1 0 1.000000
0  33.476650 -68.812866 29.619560  0.054844 -0.092700 0.994183  0.322275 0.775384 1 0 1.000000
0  34.451504 -61.993767 30.087132  0.088281 -0.081664 0.992742  0.315439 0.750969 1 0 1.000000
skin_0dam
0  34.451504 -61.993767 30.087132  0.088281 -0.081664 0.992742  0.315439 0.750969 1 0 1.000000
0  30.685518 -62.177528 30.191975  0.125772 -0.109538 0.985993  0.335948 0.750969 1 0 1.000000
0  29.472221 -69.481201 29.653683  0.092138 -0.118163 0.988710  0.343760 0.777337 1 0 1.000000
skin_0dam
0  28.309685 -69.627869 29.820835  0.315827 -0.163163 0.934682  0.350597 0.777337 1 0 1.000000
0  29.472221 -69.481201 29.653683  0.092138 -0.118163 0.988710  0.343760 0.777337 1 0 1.000000
0  30.685518 -62.177528 30.191975  0.125772 -0.109538 0.985993  0.335948 0.750969 1 0 1.000000
skin_0dam
0  30.685518 -62.177528 30.191975  0.125772 -0.109538 0.985993  0.335948 0.750969 1 0 1.000000
0  29.737118 -62.186962 30.405907  0.362992 -0.153341 0.919088  0.340831 0.750969 1 0 1.000000
0  28.309685 -69.627869 29.820835  0.315827 -0.163163 0.934682  0.350597 0.777337 1 0 1.000000
skin_0dam
0  26.724056 -69.793060 30.322666  0.157461 -0.142668 0.977165  0.359386 0.778314 1 0 1.000000
0  27.407335 -69.694351 30.230213  0.190739 -0.145412 0.970811  0.355480 0.777337 1 0 1.000000
0  28.901136 -62.192379 30.866909  0.285582 -0.148152 0.946834  0.345714 0.750969 1 0 1.000000
skin_0dam
0  28.901136 -62.192379 30.866909  0.285582 -0.148152 0.946834  0.345714 0.750969 1 0 1.000000
0  28.078321 -62.238220 31.054195  0.227354 -0.147544 0.962570  0.349620 0.750969 1 0 1.000000
0  26.724056 -69.793060 30.322666  0.157461 -0.142668 0.977165  0.359386 0.778314 1 0 1.000000
skin_0dam
0  25.981693 -84.253403 27.435249  0.085660 -0.242881 0.966267  0.367199 0.829096 1 0 1.000000
0  24.990318 -83.670403 27.675201  0.314088 -0.266610 0.911190  0.372082 0.827143 1 0 1.000000
0  23.165148 -90.208244 26.221252  0.406447 -0.325129 0.853869  0.383801 0.850581 1 0 1.000000
skin_0dam
0  23.165148 -90.208244 26.221252  0.406447 -0.325129 0.853869  0.383801 0.850581 1 0 1.000000
0  24.500704 -88.473907 26.456383  0.213608 -0.292441 0.932121  0.375988 0.843745 1 0 1.000000
0  25.981693 -84.253403 27.435249  0.085660 -0.242881 0.966267  0.367199 0.829096 1 0 1.000000
skin_0dam
0  21.749062 -90.150421 26.876175  0.077823 -0.239241 0.967836  0.391614 0.849605 1 0 1.000000
0  22.366758 -90.107315 26.842079  0.150861 -0.256029 0.954825  0.387707 0.849605 1 0 1.000000
0  24.104864 -83.788391 28.142147  0.211269 -0.234929 0.948775  0.376965 0.827143 1 0 1.000000
skin_0dam
0  24.104864 -83.788391 28.142147  0.211269 -0.234929 0.948775  0.376965 0.827143 1 0 1.000000
0  23.474794 -83.841133 28.273277  0.209376 -0.237006 0.948678  0.379894 0.827143 1 0 1.000000
0  21.749062 -90.150421 26.876175  0.077823 -0.239241 0.967836  0.391614 0.849605 1 0 1.000000
skin_0dam
0  39.749538 -80.369995 20.267632  0.902851 -0.369435 0.219951  0.207038 0.816401 1 0 1.000000
0  40.053658 -76.701096 23.569935  0.849673 -0.339840 0.403192  0.226569 0.803705 1 0 1.000000
0  38.495655 -79.195068 24.945160  0.859968 -0.283154 0.424592  0.232429 0.812494 1 0 1.000000
skin_0dam
0  38.495655 -79.195068 24.945160  0.859968 -0.283154 0.424592  0.232429 0.812494 1 0 1.000000
0  38.382469 -81.024178 23.782696  0.908786 -0.294446 0.295652  0.225593 0.819330 1 0 1.000000
0  39.749538 -80.369995 20.267632  0.902851 -0.369435 0.219951  0.207038 0.816401 1 0 1.000000
skin_0dam
0  38.382469 -81.024178 23.782696  0.908786 -0.294446 0.295652  0.225593 0.819330 1 0 1.000000
0  37.957630 -82.893135 22.968956  0.892084 -0.368024 0.262191  0.220710 0.826167 1 0 1.000000
0  38.657681 -83.071716 20.313080  0.898494 -0.396098 0.189248  0.207038 0.826167 1 0 1.000000
skin_0dam
0  38.657681 -83.071716 20.313080  0.898494 -0.396098 0.189248  0.207038 0.826167 1 0 1.000000
0  39.749538 -80.369995 20.267632  0.902851 -0.369435 0.219951  0.207038 0.816401 1 0 1.000000
0  38.382469 -81.024178 23.782696  0.908786 -0.294446 0.295652  0.225593 0.819330 1 0 1.000000
skin_0dam
0  21.605160 -99.923347 23.021370  0.244220 -0.435398 0.866478  0.394543 0.883785 1 0 1.000000
0  22.624298 -100.264679 22.617626  0.212244 -0.534215 0.818270  0.388684 0.885739 1 0 1.000000
0  22.308552 -99.652382 23.044254  0.143249 -0.438746 0.887120  0.390637 0.883785 1 0 1.000000
skin_0dam
0  23.341011 -101.320320 21.465977  0.429816 -0.716438 0.549523  0.385754 0.904294 1 0 1.000000
0  23.662119 -100.774765 21.850037  0.357543 -0.667579 0.653071  0.383801 0.902341 1 0 1.000000
0  23.318161 -100.756874 22.003193  0.291172 -0.628609 0.721158  0.385754 0.902341 1 0 1.000000
skin_0dam
0  23.341011 -101.320320 21.465977  0.429816 -0.716438 0.549523  0.385754 0.904294 1 0 1.000000
0  24.976240 -100.435112 21.245014  0.510087 -0.757555 0.407335  0.375988 0.905271 1 0 1.000000
0  24.783886 -100.406975 21.451702  0.434128 -0.726563 0.532577  0.376965 0.904294 1 0 1.000000
skin_0dam
0  24.783886 -100.406975 21.451702  0.434128 -0.726563 0.532577  0.376965 0.904294 1 0 1.000000
0  23.662119 -100.774765 21.850037  0.357543 -0.667579 0.653071  0.383801 0.902341 1 0 1.000000
0  23.341011 -101.320320 21.465977  0.429816 -0.716438 0.549523  0.385754 0.904294 1 0 1.000000
skin_0dam
0  21.539669 -103.050789 20.103916  0.287814 -0.934386 -0.209967  0.395520 0.909177 1 0 1.000000
0  21.451883 -102.980705 19.935688  -0.113376 -0.601185 -0.791026  0.395520 0.910154 1 0 1.000000
0  22.781298 -102.391174 19.345707  -0.121721 -0.569302 -0.813068  0.388684 0.912107 1 0 1.000000
skin_0dam
0  22.781298 -102.391174 19.345707  -0.121721 -0.569302 -0.813068  0.388684 0.912107 1 0 1.000000
0  22.869574 -102.476357 19.487122  0.324224 -0.915506 -0.238176  0.387707 0.911130 1 0 1.000000
0  21.539669 -103.050789 20.103916  0.287814 -0.934386 -0.209967  0.395520 0.909177 1 0 1.000000
skin_0dam
0  22.869574 -102.476357 19.487122  0.324224 -0.915506 -0.238176  0.387707 0.911130 1 0 1.000000
0  22.781298 -102.391174 19.345707  -0.121721 -0.569302 -0.813068  0.388684 0.912107 1 0 1.000000
0  23.996021 -101.728844 18.670242  -0.251736 -0.577965 -0.776264  0.381848 0.914060 1 0 1.000000
skin_0dam
0  23.996021 -101.728844 18.670242  -0.251736 -0.577965 -0.776264  0.381848 0.914060 1 0 1.000000
0  24.111694 -101.813339 18.797646  0.237589 -0.911678 -0.335252  0.380871 0.914060 1 0 1.000000
0  22.869574 -102.476357 19.487122  0.324224 -0.915506 -0.238176  0.387707 0.911130 1 0 1.000000
skin_0dam
0  24.111694 -101.813339 18.797646  0.237589 -0.911678 -0.335252  0.380871 0.914060 1 0 1.000000
0  23.996021 -101.728844 18.670242  -0.251736 -0.577965 -0.776264  0.381848 0.914060 1 0 1.000000
0  24.475554 -101.477577 18.240921  -0.452876 -0.687777 -0.567332  0.378918 0.916013 1 0 1.000000
skin_0dam
0  24.475554 -101.477577 18.240921  -0.452876 -0.687777 -0.567332  0.378918 0.916013 1 0 1.000000
0  24.644539 -101.533936 18.325203  0.159272 -0.962908 -0.217809  0.377941 0.916013 1 0 1.000000
0  24.111694 -101.813339 18.797646  0.237589 -0.911678 -0.335252  0.380871 0.914060 1 0 1.000000
skin_0dam
0  24.802525 -101.463150 17.920906  0.069369 -0.996903 -0.037047  0.376965 0.916990 1 0 1.000000
0  24.620771 -101.419159 17.878674  -0.657247 -0.736906 -0.158100  0.377941 0.916990 1 0 1.000000
0  24.617739 -101.440315 17.452530  -0.691190 -0.714030 0.111432  0.377941 0.918943 1 0 1.000000
skin_0dam
0  24.617739 -101.440315 17.452530  -0.691190 -0.714030 0.111432  0.377941 0.918943 1 0 1.000000
0  24.812845 -101.486359 17.439648  0.068674 -0.994296 0.081608  0.376965 0.918943 1 0 1.000000
0  24.802525 -101.463150 17.920906  0.069369 -0.996903 -0.037047  0.376965 0.916990 1 0 1.000000
skin_0dam
0  24.589956 -101.462234 17.316006  -0.705192 -0.664016 0.248570  0.378918 0.918943 1 0 1.000000
0  24.784866 -101.509644 17.275631  0.057270 -0.990617 0.124090  0.376965 0.918943 1 0 1.000000
0  24.812845 -101.486359 17.439648  0.068674 -0.994296 0.081608  0.376965 0.918943 1 0 1.000000
skin_0dam
0  24.812845 -101.486359 17.439648  0.068674 -0.994296 0.081608  0.376965 0.918943 1 0 1.000000
0  24.617739 -101.440315 17.452530  -0.691190 -0.714030 0.111432  0.377941 0.918943 1 0 1.000000
0  24.589956 -101.462234 17.316006  -0.705192 -0.664016 0.248570  0.378918 0.918943 1 0 1.000000
skin_0dam
0  24.784866 -101.509644 17.275631  0.057270 -0.990617 0.124090  0.376965 0.918943 1 0 1.000000
0  24.988108 -101.445839 17.243450  0.477286 -0.878296 0.028191  0.375988 0.919919 1 0 1.000000
0  25.016186 -101.421867 17.421215  0.487813 -0.872031 0.040010  0.375988 0.918943 1 0 1.000000
skin_0dam
0  25.016186 -101.421867 17.421215  0.487813 -0.872031 0.040010  0.375988 0.918943 1 0 1.000000
0  24.812845 -101.486359 17.439648  0.068674 -0.994296 0.081608  0.376965 0.918943 1 0 1.000000
0  24.784866 -101.509644 17.275631  0.057270 -0.990617 0.124090  0.376965 0.918943 1 0 1.000000
skin_0dam
0  24.979353 -101.411713 17.944660  0.495070 -0.866571 0.062931  0.375988 0.916990 1 0 1.000000
0  24.802525 -101.463150 17.920906  0.069369 -0.996903 -0.037047  0.376965 0.916990 1 0 1.000000
0  24.812845 -101.486359 17.439648  0.068674 -0.994296 0.081608  0.376965 0.918943 1 0 1.000000
skin_0dam
0  24.812845 -101.486359 17.439648  0.068674 -0.994296 0.081608  0.376965 0.918943 1 0 1.000000
0  25.016186 -101.421867 17.421215  0.487813 -0.872031 0.040010  0.375988 0.918943 1 0 1.000000
0  24.979353 -101.411713 17.944660  0.495070 -0.866571 0.062931  0.375988 0.916990 1 0 1.000000
skin_0dam
0  24.208206 -101.788002 18.933514  0.497513 -0.863841 0.079113  0.380871 0.913083 1 0 1.000000
0  24.111694 -101.813339 18.797646  0.237589 -0.911678 -0.335252  0.380871 0.914060 1 0 1.000000
0  24.644539 -101.533936 18.325203  0.159272 -0.962908 -0.217809  0.377941 0.916013 1 0 1.000000
skin_0dam
0  24.644539 -101.533936 18.325203  0.159272 -0.962908 -0.217809  0.377941 0.916013 1 0 1.000000
0  24.807327 -101.466721 18.403393  0.510053 -0.857007 0.073382  0.376965 0.915036 1 0 1.000000
0  24.208206 -101.788002 18.933514  0.497513 -0.863841 0.079113  0.380871 0.913083 1 0 1.000000
skin_0dam
0  24.111694 -101.813339 18.797646  0.237589 -0.911678 -0.335252  0.380871 0.914060 1 0 1.000000
0  24.208206 -101.788002 18.933514  0.497513 -0.863841 0.079113  0.380871 0.913083 1 0 1.000000
0  22.910021 -102.424248 19.663399  0.494875 -0.853499 0.163209  0.387707 0.911130 1 0 1.000000
skin_0dam
0  22.910021 -102.424248 19.663399  0.494875 -0.853499 0.163209  0.387707 0.911130 1 0 1.000000
0  22.869574 -102.476357 19.487122  0.324224 -0.915506 -0.238176  0.387707 0.911130 1 0 1.000000
0  24.111694 -101.813339 18.797646  0.237589 -0.911678 -0.335252  0.380871 0.914060 1 0 1.000000
skin_0dam
0  22.869574 -102.476357 19.487122  0.324224 -0.915506 -0.238176  0.387707 0.911130 1 0 1.000000
0  22.910021 -102.424248 19.663399  0.494875 -0.853499 0.163209  0.387707 0.911130 1 0 1.000000
0  21.621254 -102.997314 20.266056  0.414044 -0.905821 0.089757  0.394543 0.909177 1 0 1.000000
skin_0dam
0  21.621254 -102.997314 20.266056  0.414044 -0.905821 0.089757  0.394543 0.909177 1 0 1.000000
0  21.539669 -103.050789 20.103916  0.287814 -0.934386 -0.209967  0.395520 0.909177 1 0 1.000000
0  22.869574 -102.476357 19.487122  0.324224 -0.915506 -0.238176  0.387707 0.911130 1 0 1.000000
skin_0dam
0  21.539669 -103.050789 20.103916  0.287814 -0.934386 -0.209967  0.395520 0.909177 1 0 1.000000
0  21.621254 -102.997314 20.266056  0.414044 -0.905821 0.089757  0.394543 0.909177 1 0 1.000000
0  20.100470 -103.588882 21.009094  0.415467 -0.890344 0.186213  0.403333 0.906247 1 0 1.000000
skin_0dam
0  20.100470 -103.588882 21.009094  0.415467 -0.890344 0.186213  0.403333 0.906247 1 0 1.000000
0  20.030960 -103.616264 20.804230  0.227451 -0.943443 -0.241207  0.403333 0.907224 1 0 1.000000
0  21.539669 -103.050789 20.103916  0.287814 -0.934386 -0.209967  0.395520 0.909177 1 0 1.000000
skin_0dam
0  20.100470 -103.588882 21.009094  0.415467 -0.890344 0.186213  0.403333 0.906247 1 0 1.000000
0  18.183695 -104.237373 21.840462  0.326864 -0.928050 0.178559  0.414075 0.903317 1 0 1.000000
0  18.127932 -104.264069 21.635464  0.233445 -0.947474 -0.218622  0.414075 0.904294 1 0 1.000000
skin_0dam
0  18.127932 -104.264069 21.635464  0.233445 -0.947474 -0.218622  0.414075 0.904294 1 0 1.000000
0  20.030960 -103.616264 20.804230  0.227451 -0.943443 -0.241207  0.403333 0.907224 1 0 1.000000
0  20.100470 -103.588882 21.009094  0.415467 -0.890344 0.186213  0.403333 0.906247 1 0 1.000000
skin_0dam
0  18.183695 -104.237373 21.840462  0.326864 -0.928050 0.178559  0.414075 0.903317 1 0 1.000000
0  17.477640 -104.415726 22.019714  0.307924 -0.923415 0.229100  0.417982 0.903317 1 0 1.000000
0  17.423155 -104.470573 21.802326  0.245512 -0.955389 -0.164180  0.417982 0.903317 1 0 1.000000
skin_0dam
0  17.423155 -104.470573 21.802326  0.245512 -0.955389 -0.164180  0.417982 0.903317 1 0 1.000000
0  18.127932 -104.264069 21.635464  0.233445 -0.947474 -0.218622  0.414075 0.904294 1 0 1.000000
0  18.183695 -104.237373 21.840462  0.326864 -0.928050 0.178559  0.414075 0.903317 1 0 1.000000
skin_0dam
0  24.807327 -101.466721 18.403393  0.510053 -0.857007 0.073382  0.376965 0.915036 1 0 1.000000
0  24.644539 -101.533936 18.325203  0.159272 -0.962908 -0.217809  0.377941 0.916013 1 0 1.000000
0  24.802525 -101.463150 17.920906  0.069369 -0.996903 -0.037047  0.376965 0.916990 1 0 1.000000
skin_0dam
0  24.802525 -101.463150 17.920906  0.069369 -0.996903 -0.037047  0.376965 0.916990 1 0 1.000000
0  24.979353 -101.411713 17.944660  0.495070 -0.866571 0.062931  0.375988 0.916990 1 0 1.000000
0  24.807327 -101.466721 18.403393  0.510053 -0.857007 0.073382  0.376965 0.915036 1 0 1.000000
skin_0dam
0  24.644539 -101.533936 18.325203  0.159272 -0.962908 -0.217809  0.377941 0.916013 1 0 1.000000
0  24.475554 -101.477577 18.240921  -0.452876 -0.687777 -0.567332  0.378918 0.916013 1 0 1.000000
0  24.620771 -101.419159 17.878674  -0.657247 -0.736906 -0.158100  0.377941 0.916990 1 0 1.000000
skin_0dam
0  24.620771 -101.419159 17.878674  -0.657247 -0.736906 -0.158100  0.377941 0.916990 1 0 1.000000
0  24.802525 -101.463150 17.920906  0.069369 -0.996903 -0.037047  0.376965 0.916990 1 0 1.000000
0  24.644539 -101.533936 18.325203  0.159272 -0.962908 -0.217809  0.377941 0.916013 1 0 1.000000
skin_0dam
0  30.142834 -55.605946 31.588032  0.391131 -0.176429 0.903266  0.336924 0.725578 1 0 1.000000
0  29.234421 -55.605946 31.932125  0.354115 -0.177902 0.918125  0.341807 0.725578 1 0 1.000000
0  28.078321 -62.238220 31.054195  0.227354 -0.147544 0.962570  0.349620 0.750969 1 0 1.000000
skin_0dam
0  28.078321 -62.238220 31.054195  0.227354 -0.147544 0.962570  0.349620 0.750969 1 0 1.000000
0  28.901136 -62.192379 30.866909  0.285582 -0.148152 0.946834  0.345714 0.750969 1 0 1.000000
0  30.142834 -55.605946 31.588032  0.391131 -0.176429 0.903266  0.336924 0.725578 1 0 1.000000
skin_0dam
0  32.000957 -55.592182 30.872309  0.144991 -0.105732 0.983768  0.327158 0.725578 1 0 1.000000
0  30.941137 -55.592182 31.092529  0.387721 -0.162860 0.907275  0.333018 0.725578 1 0 1.000000
0  29.737118 -62.186962 30.405907  0.362992 -0.153341 0.919088  0.340831 0.750969 1 0 1.000000
skin_0dam
0  29.737118 -62.186962 30.405907  0.362992 -0.153341 0.919088  0.340831 0.750969 1 0 1.000000
0  30.685518 -62.177528 30.191975  0.125772 -0.109538 0.985993  0.335948 0.750969 1 0 1.000000
0  32.000957 -55.592182 30.872309  0.144991 -0.105732 0.983768  0.327158 0.725578 1 0 1.000000
skin_0dam
0  35.331806 -55.592182 30.638325  0.167534 -0.065340 0.983699  0.308603 0.725578 1 0 1.000000
0  32.000957 -55.592182 30.872309  0.144991 -0.105732 0.983768  0.327158 0.725578 1 0 1.000000
0  30.685518 -62.177528 30.191975  0.125772 -0.109538 0.985993  0.335948 0.750969 1 0 1.000000
skin_0dam
0  30.685518 -62.177528 30.191975  0.125772 -0.109538 0.985993  0.335948 0.750969 1 0 1.000000
0  34.451504 -61.993767 30.087132  0.088281 -0.081664 0.992742  0.315439 0.750969 1 0 1.000000
0  35.331806 -55.592182 30.638325  0.167534 -0.065340 0.983699  0.308603 0.725578 1 0 1.000000
skin_0dam
0  34.451504 -61.993767 30.087132  0.088281 -0.081664 0.992742  0.315439 0.750969 1 0 1.000000
0  37.445641 -61.862595 29.701000  0.254849 -0.062590 0.964953  0.298837 0.750969 1 0 1.000000
0  37.864357 -55.867458 29.950132  0.359107 -0.047627 0.932080  0.294931 0.726554 1 0 1.000000
skin_0dam
0  37.864357 -55.867458 29.950132  0.359107 -0.047627 0.932080  0.294931 0.726554 1 0 1.000000
0  35.331806 -55.592182 30.638325  0.167534 -0.065340 0.983699  0.308603 0.725578 1 0 1.000000
0  34.451504 -61.993767 30.087132  0.088281 -0.081664 0.992742  0.315439 0.750969 1 0 1.000000
skin_0dam
0  38.979225 -56.170261 29.330755  0.580133 -0.021203 0.814246  0.260750 0.727531 1 0 1.000000
0  37.864357 -55.867458 29.950132  0.359107 -0.047627 0.932080  0.263680 0.726554 1 0 1.000000
0  37.445641 -61.862595 29.701000  0.254849 -0.062590 0.964953  0.262703 0.750969 1 0 1.000000
skin_0dam
0  37.445641 -61.862595 29.701000  0.254849 -0.062590 0.964953  0.262703 0.750969 1 0 1.000000
0  38.597099 -61.827736 29.236294  0.483100 -0.065998 0.873074  0.260750 0.750969 1 0 1.000000
0  38.979225 -56.170261 29.330755  0.580133 -0.021203 0.814246  0.260750 0.727531 1 0 1.000000
skin_0dam
0  37.864353 -33.501202 31.009949  0.573819 -0.045577 0.817713  0.294931 0.645497 1 0 1.000000
0  39.268265 -33.487438 29.661087  0.828856 -0.018761 0.559148  0.287118 0.645497 1 0 1.000000
0  39.295792 -30.404337 29.619797  0.852114 -0.010854 0.523243  0.287118 0.634754 1 0 1.000000
skin_0dam
0  39.295792 -30.404337 29.619797  0.852114 -0.010854 0.523243  0.287118 0.634754 1 0 1.000000
0  38.029514 -29.950130 31.106297  0.603808 -0.045574 0.795826  0.293954 0.632801 1 0 1.000000
0  37.864353 -33.501202 31.009949  0.573819 -0.045577 0.817713  0.294931 0.645497 1 0 1.000000
skin_0dam
0  30.941137 -55.592182 31.092529  0.387721 -0.162860 0.907275  0.333018 0.725578 1 0 1.000000
0  32.317528 -48.710255 31.588032  0.473123 -0.141579 0.869546  0.325205 0.700186 1 0 1.000000
0  31.822023 -48.710255 32.124821  0.639402 -0.171390 0.749527  0.328135 0.700186 1 0 1.000000
skin_0dam
0  31.822023 -48.710255 32.124821  0.639402 -0.171390 0.749527  0.328135 0.700186 1 0 1.000000
0  30.349293 -55.605946 31.491684  0.493323 -0.185532 0.849830  0.335948 0.725578 1 0 1.000000
0  30.941137 -55.592182 31.092529  0.387721 -0.162860 0.907275  0.333018 0.725578 1 0 1.000000
skin_0dam
0  30.941137 -55.592182 31.092529  0.387721 -0.162860 0.907275  0.333018 0.725578 1 0 1.000000
0  30.349293 -55.605946 31.491684  0.493323 -0.185532 0.849830  0.335948 0.725578 1 0 1.000000
0  29.051262 -62.173859 30.809795  0.430366 -0.168000 0.886883  0.344737 0.750969 1 0 1.000000
skin_0dam
0  29.051262 -62.173859 30.809795  0.430366 -0.168000 0.886883  0.344737 0.750969 1 0 1.000000
0  29.737118 -62.186962 30.405907  0.362992 -0.153341 0.919088  0.340831 0.750969 1 0 1.000000
0  30.941137 -55.592182 31.092529  0.387721 -0.162860 0.907275  0.333018 0.725578 1 0 1.000000
skin_0dam
0  29.737118 -62.186962 30.405907  0.362992 -0.153341 0.919088  0.340831 0.750969 1 0 1.000000
0  29.051262 -62.173859 30.809795  0.430366 -0.168000 0.886883  0.344737 0.750969 1 0 1.000000
0  27.584467 -69.659378 30.199654  0.346843 -0.168866 0.922596  0.354503 0.777337 1 0 1.000000
skin_0dam
0  27.584467 -69.659378 30.199654  0.346843 -0.168866 0.922596  0.354503 0.777337 1 0 1.000000
0  28.309685 -69.627869 29.820835  0.315827 -0.163163 0.934682  0.350597 0.777337 1 0 1.000000
0  29.737118 -62.186962 30.405907  0.362992 -0.153341 0.919088  0.340831 0.750969 1 0 1.000000
skin_0dam
0  28.309685 -69.627869 29.820835  0.315827 -0.163163 0.934682  0.350597 0.777337 1 0 1.000000
0  27.584467 -69.659378 30.199654  0.346843 -0.168866 0.922596  0.354503 0.777337 1 0 1.000000
0  25.870937 -77.244942 29.210365  0.335709 -0.214483 0.917222  0.365246 0.804682 1 0 1.000000
skin_0dam
0  25.870937 -77.244942 29.210365  0.335709 -0.214483 0.917222  0.365246 0.804682 1 0 1.000000
0  26.677849 -77.196289 28.816330  0.283799 -0.209314 0.935760  0.361339 0.804682 1 0 1.000000
0  28.309685 -69.627869 29.820835  0.315827 -0.163163 0.934682  0.350597 0.777337 1 0 1.000000
skin_0dam
0  24.255877 -83.782242 28.113201  0.374794 -0.267052 0.887813  0.375988 0.827143 1 0 1.000000
0  24.990318 -83.670403 27.675201  0.314088 -0.266610 0.911190  0.372082 0.827143 1 0 1.000000
0  26.677849 -77.196289 28.816330  0.283799 -0.209314 0.935760  0.361339 0.804682 1 0 1.000000
skin_0dam
0  26.677849 -77.196289 28.816330  0.283799 -0.209314 0.935760  0.361339 0.804682 1 0 1.000000
0  25.870937 -77.244942 29.210365  0.335709 -0.214483 0.917222  0.365246 0.804682 1 0 1.000000
0  24.255877 -83.782242 28.113201  0.374794 -0.267052 0.887813  0.375988 0.827143 1 0 1.000000
skin_0dam
0  21.648546 -102.978806 20.333847  0.456754 -0.846966 0.272076  0.394543 0.908200 1 0 1.000000
0  23.055502 -102.197220 20.202339  0.506516 -0.802937 0.314217  0.386731 0.909177 1 0 1.000000
0  23.341011 -101.320320 21.465977  0.429816 -0.716438 0.549523  0.385754 0.904294 1 0 1.000000
skin_0dam
0  23.341011 -101.320320 21.465977  0.429816 -0.716438 0.549523  0.385754 0.904294 1 0 1.000000
0  22.234768 -101.749184 21.729427  0.384972 -0.661300 0.643800  0.391614 0.903317 1 0 1.000000
0  21.648546 -102.978806 20.333847  0.456754 -0.846966 0.272076  0.394543 0.908200 1 0 1.000000
skin_0dam
0  18.655556 -103.981506 22.072456  0.509093 -0.746719 0.428061  0.411145 0.902341 1 0 1.000000
0  19.366154 -102.356956 22.675797  0.522134 -0.489212 0.698604  0.407239 0.900388 1 0 1.000000
0  18.422152 -103.935539 22.402584  0.491469 -0.661576 0.566370  0.413099 0.901364 1 0 1.000000
skin_0dam
0  19.462606 -100.144180 24.081173  0.262761 -0.399346 0.878339  0.406262 0.894528 1 0 1.000000
0  18.929251 -100.207230 24.184566  0.234917 -0.386495 0.891872  0.409192 0.894528 1 0 1.000000
0  18.235031 -102.493454 23.296997  0.275689 -0.422208 0.863560  0.413099 0.898434 1 0 1.000000
skin_0dam
0  18.235031 -102.493454 23.296997  0.275689 -0.422208 0.863560  0.413099 0.898434 1 0 1.000000
0  18.820415 -102.374123 23.162876  0.387987 -0.455598 0.801184  0.410169 0.898434 1 0 1.000000
0  19.462606 -100.144180 24.081173  0.262761 -0.399346 0.878339  0.406262 0.894528 1 0 1.000000
skin_0dam
0  18.183695 -104.237373 21.840462  0.326864 -0.928050 0.178559  0.414075 0.903317 1 0 1.000000
0  18.561108 -104.048035 21.938622  0.364912 -0.893858 0.260494  0.412122 0.903317 1 0 1.000000
0  18.259653 -103.982208 22.461182  0.405224 -0.720610 0.562596  0.413099 0.901364 1 0 1.000000
skin_0dam
0  19.462606 -100.144180 24.081173  0.262761 -0.399346 0.878339  0.406262 0.884762 1 0 1.000000
0  19.557354 -100.112617 24.065147  0.478938 -0.422085 0.769716  0.405286 0.884762 1 0 1.000000
0  20.651430 -96.383583 25.264111  0.468691 -0.365599 0.804155  0.398450 0.872066 1 0 1.000000
skin_0dam
0  20.651430 -96.383583 25.264111  0.468691 -0.365599 0.804155  0.398450 0.872066 1 0 1.000000
0  20.556091 -96.400734 25.293201  0.240824 -0.329063 0.913083  0.399426 0.872066 1 0 1.000000
0  19.462606 -100.144180 24.081173  0.262761 -0.399346 0.878339  0.406262 0.884762 1 0 1.000000
skin_0dam
0  24.990318 -83.670403 27.675201  0.314088 -0.266610 0.911190  0.372082 0.827143 1 0 1.000000
0  24.255877 -83.782242 28.113201  0.374794 -0.267052 0.887813  0.375988 0.827143 1 0 1.000000
0  22.476532 -90.103218 26.813530  0.411182 -0.311745 0.856589  0.387707 0.849605 1 0 1.000000
skin_0dam
0  22.476532 -90.103218 26.813530  0.411182 -0.311745 0.856589  0.387707 0.849605 1 0 1.000000
0  23.165148 -90.208244 26.221252  0.406447 -0.325129 0.853869  0.383801 0.850581 1 0 1.000000
0  24.990318 -83.670403 27.675201  0.314088 -0.266610 0.911190  0.372082 0.827143 1 0 1.000000
skin_0dam
0  23.165148 -90.208244 26.221252  0.406447 -0.325129 0.853869  0.383801 0.850581 1 0 1.000000
0  22.476532 -90.103218 26.813530  0.411182 -0.311745 0.856589  0.387707 0.849605 1 0 1.000000
0  20.651430 -96.383583 25.264111  0.468691 -0.365599 0.804155  0.398450 0.872066 1 0 1.000000
skin_0dam
0  20.651430 -96.383583 25.264111  0.468691 -0.365599 0.804155  0.398450 0.872066 1 0 1.000000
0  21.317347 -96.310814 24.663166  0.460035 -0.373288 0.805620  0.395520 0.871090 1 0 1.000000
0  23.165148 -90.208244 26.221252  0.406447 -0.325129 0.853869  0.383801 0.850581 1 0 1.000000
skin_0dam
0  21.317347 -96.310814 24.663166  0.460035 -0.373288 0.805620  0.395520 0.871090 1 0 1.000000
0  20.651430 -96.383583 25.264111  0.468691 -0.365599 0.804155  0.398450 0.872066 1 0 1.000000
0  19.557354 -100.112617 24.065147  0.478938 -0.422085 0.769716  0.405286 0.884762 1 0 1.000000
skin_0dam
0  19.557354 -100.112617 24.065147  0.478938 -0.422085 0.769716  0.405286 0.884762 1 0 1.000000
0  20.178877 -99.971191 23.502457  0.485492 -0.422747 0.765234  0.402356 0.883785 1 0 1.000000
0  21.317347 -96.310814 24.663166  0.460035 -0.373288 0.805620  0.395520 0.871090 1 0 1.000000
skin_0dam
0  18.259653 -103.982208 22.461182  0.405224 -0.720610 0.562596  0.413099 0.901364 1 0 1.000000
0  17.746145 -104.150314 22.652340  0.367743 -0.721941 0.586145  0.416028 0.900388 1 0 1.000000
0  17.477640 -104.415726 22.019714  0.307924 -0.923415 0.229100  0.417982 0.903317 1 0 1.000000
skin_0dam
0  17.477640 -104.415726 22.019714  0.307924 -0.923415 0.229100  0.417982 0.903317 1 0 1.000000
0  18.183695 -104.237373 21.840462  0.326864 -0.928050 0.178559  0.414075 0.903317 1 0 1.000000
0  18.259653 -103.982208 22.461182  0.405224 -0.720610 0.562596  0.413099 0.901364 1 0 1.000000
skin_0dam
0  20.126482 -103.542236 21.089275  0.488010 -0.748255 0.449400  0.403333 0.906247 1 0 1.000000
0  20.100470 -103.588882 21.009094  0.415467 -0.890344 0.186213  0.403333 0.906247 1 0 1.000000
0  21.621254 -102.997314 20.266056  0.414044 -0.905821 0.089757  0.394543 0.909177 1 0 1.000000
skin_0dam
0  21.621254 -102.997314 20.266056  0.414044 -0.905821 0.089757  0.394543 0.909177 1 0 1.000000
0  21.648546 -102.978806 20.333847  0.456754 -0.846966 0.272076  0.394543 0.908200 1 0 1.000000
0  20.126482 -103.542236 21.089275  0.488010 -0.748255 0.449400  0.403333 0.906247 1 0 1.000000
skin_0dam
0  19.155130 -103.852448 21.662838  0.498373 -0.739277 0.452872  0.408216 0.904294 1 0 1.000000
0  19.102018 -103.916245 21.542355  0.387444 -0.905542 0.172864  0.409192 0.904294 1 0 1.000000
0  20.100470 -103.588882 21.009094  0.415467 -0.890344 0.186213  0.403333 0.906247 1 0 1.000000
skin_0dam
0  20.100470 -103.588882 21.009094  0.415467 -0.890344 0.186213  0.403333 0.906247 1 0 1.000000
0  20.126482 -103.542236 21.089275  0.488010 -0.748255 0.449400  0.403333 0.906247 1 0 1.000000
0  19.155130 -103.852448 21.662838  0.498373 -0.739277 0.452872  0.408216 0.904294 1 0 1.000000
skin_0dam
0  20.767870 -102.107269 22.115955  0.371319 -0.561815 0.739247  0.399426 0.902341 1 0 1.000000
0  22.234768 -101.749184 21.729427  0.384972 -0.661300 0.643800  0.391614 0.903317 1 0 1.000000
0  22.624298 -100.264679 22.617626  0.212244 -0.534215 0.818270  0.388684 0.900388 1 0 1.000000
skin_0dam
0  22.624298 -100.264679 22.617626  0.212244 -0.534215 0.818270  0.388684 0.900388 1 0 1.000000
0  21.605160 -99.923347 23.021370  0.244220 -0.435398 0.866478  0.394543 0.898434 1 0 1.000000
0  20.767870 -102.107269 22.115955  0.371319 -0.561815 0.739247  0.399426 0.902341 1 0 1.000000
skin_0dam
0  19.366154 -102.356956 22.675797  0.522134 -0.489212 0.698604  0.407239 0.900388 1 0 1.000000
0  20.767870 -102.107269 22.115955  0.371319 -0.561815 0.739247  0.399426 0.902341 1 0 1.000000
0  21.605160 -99.923347 23.021370  0.244220 -0.435398 0.866478  0.394543 0.898434 1 0 1.000000
skin_0dam
0  21.605160 -99.923347 23.021370  0.244220 -0.435398 0.866478  0.394543 0.898434 1 0 1.000000
0  20.178877 -99.971191 23.502457  0.485492 -0.422747 0.765234  0.402356 0.896481 1 0 1.000000
0  19.366154 -102.356956 22.675797  0.522134 -0.489212 0.698604  0.407239 0.900388 1 0 1.000000
skin_0dam
0  22.366758 -90.107315 26.842079  0.150861 -0.256029 0.954825  0.387707 0.849605 1 0 1.000000
0  20.556091 -96.400734 25.293201  0.240824 -0.329063 0.913083  0.399426 0.872066 1 0 1.000000
0  20.651430 -96.383583 25.264111  0.468691 -0.365599 0.804155  0.398450 0.872066 1 0 1.000000
skin_0dam
0  20.651430 -96.383583 25.264111  0.468691 -0.365599 0.804155  0.398450 0.872066 1 0 1.000000
0  22.476532 -90.103218 26.813530  0.411182 -0.311745 0.856589  0.387707 0.849605 1 0 1.000000
0  22.366758 -90.107315 26.842079  0.150861 -0.256029 0.954825  0.387707 0.849605 1 0 1.000000
skin_0dam
0  22.366758 -90.107315 26.842079  0.150861 -0.256029 0.954825  0.387707 0.849605 1 0 1.000000
0  22.476532 -90.103218 26.813530  0.411182 -0.311745 0.856589  0.387707 0.849605 1 0 1.000000
0  24.255877 -83.782242 28.113201  0.374794 -0.267052 0.887813  0.375988 0.827143 1 0 1.000000
skin_0dam
0  24.255877 -83.782242 28.113201  0.374794 -0.267052 0.887813  0.375988 0.827143 1 0 1.000000
0  24.104864 -83.788391 28.142147  0.211269 -0.234929 0.948775  0.376965 0.827143 1 0 1.000000
0  22.366758 -90.107315 26.842079  0.150861 -0.256029 0.954825  0.387707 0.849605 1 0 1.000000
skin_0dam
0  24.104864 -83.788391 28.142147  0.211269 -0.234929 0.948775  0.376965 0.827143 1 0 1.000000
0  24.255877 -83.782242 28.113201  0.374794 -0.267052 0.887813  0.375988 0.827143 1 0 1.000000
0  25.870937 -77.244942 29.210365  0.335709 -0.214483 0.917222  0.365246 0.804682 1 0 1.000000
skin_0dam
0  25.870937 -77.244942 29.210365  0.335709 -0.214483 0.917222  0.365246 0.804682 1 0 1.000000
0  25.733667 -77.250412 29.239174  0.189758 -0.187325 0.963795  0.366222 0.804682 1 0 1.000000
0  24.104864 -83.788391 28.142147  0.211269 -0.234929 0.948775  0.376965 0.827143 1 0 1.000000
skin_0dam
0  25.733667 -77.250412 29.239174  0.189758 -0.187325 0.963795  0.366222 0.804682 1 0 1.000000
0  25.870937 -77.244942 29.210365  0.335709 -0.214483 0.917222  0.365246 0.804682 1 0 1.000000
0  27.584467 -69.659378 30.199654  0.346843 -0.168866 0.922596  0.354503 0.777337 1 0 1.000000
skin_0dam
0  27.584467 -69.659378 30.199654  0.346843 -0.168866 0.922596  0.354503 0.777337 1 0 1.000000
0  27.407335 -69.694351 30.230213  0.190739 -0.145412 0.970811  0.355480 0.777337 1 0 1.000000
0  25.733667 -77.250412 29.239174  0.189758 -0.187325 0.963795  0.366222 0.804682 1 0 1.000000
skin_0dam
0  27.407335 -69.694351 30.230213  0.190739 -0.145412 0.970811  0.355480 0.777337 1 0 1.000000
0  27.584467 -69.659378 30.199654  0.346843 -0.168866 0.922596  0.354503 0.777337 1 0 1.000000
0  29.051262 -62.173859 30.809795  0.430366 -0.168000 0.886883  0.344737 0.750969 1 0 1.000000
skin_0dam
0  29.051262 -62.173859 30.809795  0.430366 -0.168000 0.886883  0.344737 0.750969 1 0 1.000000
0  28.901136 -62.192379 30.866909  0.285582 -0.148152 0.946834  0.345714 0.750969 1 0 1.000000
0  27.407335 -69.694351 30.230213  0.190739 -0.145412 0.970811  0.355480 0.777337 1 0 1.000000
skin_0dam
0  29.051262 -62.173859 30.809795  0.430366 -0.168000 0.886883  0.344737 0.750969 1 0 1.000000
0  30.349293 -55.605946 31.491684  0.493323 -0.185532 0.849830  0.335948 0.725578 1 0 1.000000
0  30.142834 -55.605946 31.588032  0.391131 -0.176429 0.903266  0.336924 0.725578 1 0 1.000000
skin_0dam
0  30.142834 -55.605946 31.588032  0.391131 -0.176429 0.903266  0.336924 0.725578 1 0 1.000000
0  28.901136 -62.192379 30.866909  0.285582 -0.148152 0.946834  0.345714 0.750969 1 0 1.000000
0  29.051262 -62.173859 30.809795  0.430366 -0.168000 0.886883  0.344737 0.750969 1 0 1.000000
skin_0dam
0  40.008648 -73.106010 26.010178  0.770146 -0.257409 0.583623  0.240242 0.791009 1 0 1.000000
0  38.269062 -74.415810 27.520836  0.632512 -0.237457 0.737254  0.248054 0.795892 1 0 1.000000
0  37.280369 -77.617859 27.108047  0.588548 -0.263580 0.764288  0.245125 0.807611 1 0 1.000000
skin_0dam
0  37.280369 -77.617859 27.108047  0.588548 -0.263580 0.764288  0.245125 0.807611 1 0 1.000000
0  38.057899 -78.190315 26.180035  0.752344 -0.257703 0.606273  0.239265 0.809564 1 0 1.000000
0  40.008648 -73.106010 26.010178  0.770146 -0.257409 0.583623  0.240242 0.791009 1 0 1.000000
skin_0dam
0  22.910021 -102.424248 19.663399  0.494875 -0.853499 0.163209  0.387707 0.911130 1 0 1.000000
0  21.648546 -102.978806 20.333847  0.456754 -0.846966 0.272076  0.394543 0.908200 1 0 1.000000
0  21.621254 -102.997314 20.266056  0.414044 -0.905821 0.089757  0.394543 0.909177 1 0 1.000000
skin_0dam
0  19.102018 -103.916245 21.542355  0.387444 -0.905542 0.172864  0.409192 0.904294 1 0 1.000000
0  19.155130 -103.852448 21.662838  0.498373 -0.739277 0.452872  0.408216 0.904294 1 0 1.000000
0  18.655556 -103.981506 22.072456  0.509093 -0.746719 0.428061  0.411145 0.902341 1 0 1.000000
skin_0dam
0  18.655556 -103.981506 22.072456  0.509093 -0.746719 0.428061  0.411145 0.902341 1 0 1.000000
0  18.561108 -104.048035 21.938622  0.364912 -0.893858 0.260494  0.412122 0.903317 1 0 1.000000
0  19.102018 -103.916245 21.542355  0.387444 -0.905542 0.172864  0.409192 0.904294 1 0 1.000000
skin_0dam
0  19.366154 -102.356956 22.675797  0.522134 -0.489212 0.698604  0.407239 0.900388 1 0 1.000000
0  18.655556 -103.981506 22.072456  0.509093 -0.746719 0.428061  0.411145 0.902341 1 0 1.000000
0  19.155130 -103.852448 21.662838  0.498373 -0.739277 0.452872  0.408216 0.904294 1 0 1.000000
skin_0dam
0  18.901915 -102.358337 23.120167  0.553563 -0.462682 0.692455  0.409192 0.898434 1 0 1.000000
0  19.366154 -102.356956 22.675797  0.522134 -0.489212 0.698604  0.407239 0.900388 1 0 1.000000
0  20.178877 -99.971191 23.502457  0.485492 -0.422747 0.765234  0.402356 0.896481 1 0 1.000000
skin_0dam
0  20.178877 -99.971191 23.502457  0.485492 -0.422747 0.765234  0.402356 0.896481 1 0 1.000000
0  19.557354 -100.112617 24.065147  0.478938 -0.422085 0.769716  0.405286 0.894528 1 0 1.000000
0  18.901915 -102.358337 23.120167  0.553563 -0.462682 0.692455  0.409192 0.898434 1 0 1.000000
skin_0dam
0  30.349293 -55.605946 31.491684  0.493323 -0.185532 0.849830  0.335948 0.725578 1 0 1.000000
0  31.822023 -48.710255 32.124821  0.639402 -0.171390 0.749527  0.328135 0.700186 1 0 1.000000
0  31.519218 -48.696491 32.331280  0.474385 -0.160980 0.865474  0.329112 0.700186 1 0 1.000000
skin_0dam
0  31.519218 -48.696491 32.331280  0.474385 -0.160980 0.865474  0.329112 0.700186 1 0 1.000000
0  30.142834 -55.605946 31.588032  0.391131 -0.176429 0.903266  0.336924 0.725578 1 0 1.000000
0  30.349293 -55.605946 31.491684  0.493323 -0.185532 0.849830  0.335948 0.725578 1 0 1.000000
skin_0dam
0  40.727230 -42.888149 17.493849  0.993895 0.078923 -0.077092  0.196295 0.679678 1 0 1.000000
0  41.016273 -44.677452 20.714588  0.996939 0.072696 0.028766  0.213874 0.686514 1 0 1.000000
0  41.401661 -48.118408 18.911526  0.995568 0.077489 -0.053289  0.204108 0.698233 1 0 1.000000
skin_0dam
0  41.401661 -48.118408 18.911526  0.995568 0.077489 -0.053289  0.204108 0.698233 1 0 1.000000
0  40.906162 -46.356636 16.062408  0.985542 0.080031 -0.149336  0.188482 0.692373 1 0 1.000000
0  40.727230 -42.888149 17.493849  0.993895 0.078923 -0.077092  0.196295 0.679678 1 0 1.000000
skin_0dam
0  37.575310 -37.079803 30.968657  0.522343 -0.058654 0.850716  0.296884 0.658193 1 0 1.000000
0  35.455677 -37.024746 31.904598  0.307157 -0.065102 0.949429  0.308603 0.658193 1 0 1.000000
0  34.629848 -42.488995 31.684378  0.255237 -0.080350 0.963534  0.312510 0.677725 1 0 1.000000
skin_0dam
0  34.629848 -42.488995 31.684378  0.255237 -0.080350 0.963534  0.312510 0.677725 1 0 1.000000
0  37.024754 -42.488995 30.899839  0.412237 -0.059097 0.909158  0.299814 0.677725 1 0 1.000000
0  37.575310 -37.079803 30.968657  0.522343 -0.058654 0.850716  0.296884 0.658193 1 0 1.000000
skin_0dam
0  39.171917 -37.079803 29.661087  0.795457 -0.027591 0.605381  0.288095 0.658193 1 0 1.000000
0  37.575310 -37.079803 30.968657  0.522343 -0.058654 0.850716  0.296884 0.658193 1 0 1.000000
0  37.024754 -42.488995 30.899839  0.412237 -0.059097 0.909158  0.299814 0.677725 1 0 1.000000
skin_0dam
0  37.024754 -42.488995 30.899839  0.412237 -0.059097 0.909158  0.299814 0.677725 1 0 1.000000
0  38.992985 -42.544048 29.743673  0.714431 -0.017351 0.699491  0.289071 0.678701 1 0 1.000000
0  39.171917 -37.079803 29.661087  0.795457 -0.027591 0.605381  0.288095 0.658193 1 0 1.000000
skin_0dam
0  32.468922 -42.406414 32.813011  0.532079 -0.149755 0.833346  0.324229 0.677725 1 0 1.000000
0  31.629330 -42.351360 33.253456  0.440635 -0.135690 0.887372  0.329112 0.677725 1 0 1.000000
0  30.638332 -48.696491 32.689137  0.385706 -0.156467 0.909257  0.333995 0.700186 1 0 1.000000
skin_0dam
0  30.638332 -48.696491 32.689137  0.385706 -0.156467 0.909257  0.333995 0.700186 1 0 1.000000
0  31.519218 -48.696491 32.331280  0.474385 -0.160980 0.865474  0.329112 0.700186 1 0 1.000000
0  32.468922 -42.406414 32.813011  0.532079 -0.149755 0.833346  0.324229 0.677725 1 0 1.000000
skin_0dam
0  31.519218 -48.696491 32.331280  0.474385 -0.160980 0.865474  0.329112 0.700186 1 0 1.000000
0  31.822023 -48.710255 32.124821  0.639402 -0.171390 0.749527  0.328135 0.700186 1 0 1.000000
0  32.854309 -42.420177 32.510204  0.684190 -0.151590 0.713375  0.322275 0.677725 1 0 1.000000
skin_0dam
0  32.854309 -42.420177 32.510204  0.684190 -0.151590 0.713375  0.322275 0.677725 1 0 1.000000
0  32.468922 -42.406414 32.813011  0.532079 -0.149755 0.833346  0.324229 0.677725 1 0 1.000000
0  31.519218 -48.696491 32.331280  0.474385 -0.160980 0.865474  0.329112 0.700186 1 0 1.000000
skin_0dam
0  31.822023 -48.710255 32.124821  0.639402 -0.171390 0.749527  0.328135 0.700186 1 0 1.000000
0  32.317528 -48.710255 31.588032  0.473123 -0.141579 0.869546  0.325205 0.700186 1 0 1.000000
0  33.349812 -42.433941 31.932125  0.494409 -0.120547 0.860830  0.319346 0.677725 1 0 1.000000
skin_0dam
0  33.349812 -42.433941 31.932125  0.494409 -0.120547 0.860830  0.319346 0.677725 1 0 1.000000
0  32.854309 -42.420177 32.510204  0.684190 -0.151590 0.713375  0.322275 0.677725 1 0 1.000000
0  31.822023 -48.710255 32.124821  0.639402 -0.171390 0.749527  0.328135 0.700186 1 0 1.000000
skin_0dam
0  34.629848 -42.488995 31.684378  0.255237 -0.080350 0.963534  0.312510 0.677725 1 0 1.000000
0  33.349812 -42.433941 31.932125  0.494409 -0.120547 0.860830  0.319346 0.677725 1 0 1.000000
0  32.317528 -48.710255 31.588032  0.473123 -0.141579 0.869546  0.325205 0.700186 1 0 1.000000
skin_0dam
0  32.317528 -48.710255 31.588032  0.473123 -0.141579 0.869546  0.325205 0.700186 1 0 1.000000
0  33.446159 -48.710255 31.367809  0.207076 -0.093874 0.973811  0.319346 0.700186 1 0 1.000000
0  34.629848 -42.488995 31.684378  0.255237 -0.080350 0.963534  0.312510 0.677725 1 0 1.000000
skin_0dam
0  37.024754 -42.488995 30.899839  0.412237 -0.059097 0.909158  0.299814 0.677725 1 0 1.000000
0  34.629848 -42.488995 31.684378  0.255237 -0.080350 0.963534  0.312510 0.677725 1 0 1.000000
0  33.446159 -48.710255 31.367809  0.207076 -0.093874 0.973811  0.319346 0.700186 1 0 1.000000
skin_0dam
0  33.446159 -48.710255 31.367809  0.207076 -0.093874 0.973811  0.319346 0.700186 1 0 1.000000
0  36.281513 -48.737785 30.748436  0.303806 -0.061525 0.950745  0.303720 0.701163 1 0 1.000000
0  37.024754 -42.488995 30.899839  0.412237 -0.059097 0.909158  0.299814 0.677725 1 0 1.000000
skin_0dam
0  36.281513 -48.737785 30.748436  0.303806 -0.061525 0.950745  0.303720 0.701163 1 0 1.000000
0  38.497494 -48.779076 29.784967  0.564150 -0.032439 0.825035  0.292001 0.701163 1 0 1.000000
0  38.992985 -42.544048 29.743673  0.714431 -0.017351 0.699491  0.289071 0.678701 1 0 1.000000
skin_0dam
0  38.992985 -42.544048 29.743673  0.714431 -0.017351 0.699491  0.289071 0.678701 1 0 1.000000
0  37.024754 -42.488995 30.899839  0.412237 -0.059097 0.909158  0.299814 0.677725 1 0 1.000000
0  36.281513 -48.737785 30.748436  0.303806 -0.061525 0.950745  0.303720 0.701163 1 0 1.000000
skin_0dam
0  35.896122 -33.473675 31.945889  0.339957 -0.048999 0.939164  0.305673 0.645497 1 0 1.000000
0  37.864353 -33.501202 31.009949  0.573819 -0.045577 0.817713  0.294931 0.645497 1 0 1.000000
0  38.029514 -29.950130 31.106297  0.603808 -0.045574 0.795826  0.293954 0.632801 1 0 1.000000
skin_0dam
0  38.029514 -29.950130 31.106297  0.603808 -0.045574 0.795826  0.293954 0.632801 1 0 1.000000
0  36.157631 -30.569508 31.973415  0.358682 -0.034743 0.932813  0.304697 0.634754 1 0 1.000000
0  35.896122 -33.473675 31.945889  0.339957 -0.048999 0.939164  0.305673 0.645497 1 0 1.000000
skin_0dam
0  40.438190 -36.185154 19.861229  0.997384 0.020818 -0.069226  0.208991 0.655263 1 0 1.000000
0  40.149151 -35.593307 15.745840  0.994699 0.016611 -0.101483  0.187506 0.653310 1 0 1.000000
0  40.369373 -30.817253 16.489088  0.993994 -0.017216 -0.108067  0.191412 0.635731 1 0 1.000000
skin_0dam
0  40.369373 -30.817253 16.489088  0.993994 -0.017216 -0.108067  0.191412 0.635731 1 0 1.000000
0  40.644646 -30.982418 20.329199  0.999113 -0.025020 -0.033875  0.211921 0.636708 1 0 1.000000
0  40.438190 -36.185154 19.861229  0.997384 0.020818 -0.069226  0.208991 0.655263 1 0 1.000000
skin_0dam
0  40.906162 -42.750507 20.632006  0.998692 0.050505 -0.007923  0.213874 0.678701 1 0 1.000000
0  40.438190 -36.185154 19.861229  0.997384 0.020818 -0.069226  0.208991 0.655263 1 0 1.000000
0  40.699703 -36.625599 22.834221  0.999510 0.023228 -0.020991  0.225593 0.657216 1 0 1.000000
skin_0dam
0  40.699703 -36.625599 22.834221  0.999510 0.023228 -0.020991  0.225593 0.657216 1 0 1.000000
0  40.754757 -42.640400 23.026913  0.997661 0.030644 0.061095  0.226569 0.678701 1 0 1.000000
0  40.906162 -42.750507 20.632006  0.998692 0.050505 -0.007923  0.213874 0.678701 1 0 1.000000
skin_0dam
0  41.016273 -44.677452 20.714588  0.996939 0.072696 0.028766  0.213874 0.686514 1 0 1.000000
0  40.906162 -42.750507 20.632006  0.998692 0.050505 -0.007923  0.213874 0.678701 1 0 1.000000
0  40.754757 -42.640400 23.026913  0.997661 0.030644 0.061095  0.226569 0.678701 1 0 1.000000
skin_0dam
0  40.754757 -42.640400 23.026913  0.997661 0.030644 0.061095  0.226569 0.678701 1 0 1.000000
0  40.837345 -44.264530 23.081970  0.997326 0.040383 0.060917  0.226569 0.684561 1 0 1.000000
0  41.016273 -44.677452 20.714588  0.996939 0.072696 0.028766  0.213874 0.686514 1 0 1.000000
skin_0dam
0  40.906162 -42.750507 20.632006  0.998692 0.050505 -0.007923  0.213874 0.678701 1 0 1.000000
0  41.016273 -44.677452 20.714588  0.996939 0.072696 0.028766  0.213874 0.686514 1 0 1.000000
0  40.727230 -42.888149 17.493849  0.993895 0.078923 -0.077092  0.196295 0.679678 1 0 1.000000
skin_0dam
0  40.864872 -45.393169 23.137024  0.997866 0.034558 0.055407  0.227546 0.688467 1 0 1.000000
0  41.016273 -44.677452 20.714588  0.996939 0.072696 0.028766  0.213874 0.686514 1 0 1.000000
0  40.837345 -44.264530 23.081970  0.997326 0.040383 0.060917  0.226569 0.684561 1 0 1.000000
skin_0dam
0  40.782284 -49.095646 25.311716  0.963596 0.127865 0.234803  0.239265 0.702139 1 0 1.000000
0  40.685940 -49.467270 25.862268  0.969877 0.089925 0.226389  0.242195 0.703116 1 0 1.000000
0  40.617123 -50.816128 26.688099  0.940525 0.072083 0.331990  0.246101 0.707999 1 0 1.000000
skin_0dam
0  40.617123 -50.816128 26.688099  0.940525 0.072083 0.331990  0.246101 0.707999 1 0 1.000000
0  41.828342 -53.032104 23.549942  0.982642 0.094599 0.159582  0.229499 0.715812 1 0 1.000000
0  40.782284 -49.095646 25.311716  0.963596 0.127865 0.234803  0.239265 0.702139 1 0 1.000000
skin_0dam
0  39.750000 -48.834133 28.436106  0.837067 0.003946 0.547086  0.255867 0.701163 1 0 1.000000
0  40.286789 -42.544048 27.279945  0.960154 0.010924 0.279259  0.249031 0.678701 1 0 1.000000
0  38.992985 -42.544048 29.743673  0.714431 -0.017351 0.699491  0.262703 0.678701 1 0 1.000000
skin_0dam
0  38.992985 -42.544048 29.743673  0.714431 -0.017351 0.699491  0.262703 0.678701 1 0 1.000000
0  38.497494 -48.779076 29.784967  0.564150 -0.032439 0.825035  0.262703 0.701163 1 0 1.000000
0  39.750000 -48.834133 28.436106  0.837067 0.003946 0.547086  0.255867 0.701163 1 0 1.000000
skin_0dam
0  40.328079 -33.074524 26.756918  0.981456 -0.173057 0.082438  0.247078 0.644520 1 0 1.000000
0  39.392139 -35.414379 26.495405  0.911607 -0.325134 -0.251515  0.245125 0.652333 1 0 1.000000
0  39.433430 -35.221684 26.123781  0.928316 -0.371639 -0.010688  0.243171 0.652333 1 0 1.000000
skin_0dam
0  39.433430 -35.221684 26.123781  0.928316 -0.371639 -0.010688  0.243171 0.652333 1 0 1.000000
0  40.410664 -32.854301 26.302711  0.973766 -0.211812 0.083161  0.244148 0.643544 1 0 1.000000
0  40.328079 -33.074524 26.756918  0.981456 -0.173057 0.082438  0.247078 0.644520 1 0 1.000000
skin_0dam
0  40.245499 -33.556259 27.114779  0.993386 -0.101797 0.053113  0.249031 0.645497 1 0 1.000000
0  39.364613 -35.758476 26.729391  0.554094 -0.076299 -0.828950  0.246101 0.654286 1 0 1.000000
0  39.392139 -35.414379 26.495405  0.911607 -0.325134 -0.251515  0.245125 0.652333 1 0 1.000000
skin_0dam
0  39.392139 -35.414379 26.495405  0.911607 -0.325134 -0.251515  0.245125 0.652333 1 0 1.000000
0  40.328079 -33.074524 26.756918  0.981456 -0.173057 0.082438  0.247078 0.644520 1 0 1.000000
0  40.245499 -33.556259 27.114779  0.993386 -0.101797 0.053113  0.249031 0.645497 1 0 1.000000
skin_0dam
0  39.364613 -35.758476 26.729391  0.554094 -0.076299 -0.828950  0.246101 0.654286 1 0 1.000000
0  40.245499 -33.556259 27.114779  0.993386 -0.101797 0.053113  0.249031 0.645497 1 0 1.000000
0  40.231731 -36.914639 27.128542  0.854855 0.003450 -0.518856  0.249031 0.658193 1 0 1.000000
skin_0dam
0  40.231731 -36.914639 27.128542  0.854855 0.003450 -0.518856  0.249031 0.658193 1 0 1.000000
0  39.392139 -38.291023 26.743155  0.423110 -0.000021 -0.906078  0.246101 0.663076 1 0 1.000000
0  39.364613 -35.758476 26.729391  0.554094 -0.076299 -0.828950  0.246101 0.654286 1 0 1.000000
skin_0dam
0  40.300552 -42.557819 27.169834  0.888764 0.024818 -0.457694  0.249031 0.678701 1 0 1.000000
0  39.474724 -42.544048 26.674335  0.504952 0.032654 -0.862529  0.246101 0.678701 1 0 1.000000
0  39.392139 -38.291023 26.743155  0.423110 -0.000021 -0.906078  0.246101 0.663076 1 0 1.000000
skin_0dam
0  39.392139 -38.291023 26.743155  0.423110 -0.000021 -0.906078  0.246101 0.663076 1 0 1.000000
0  40.231731 -36.914639 27.128542  0.854855 0.003450 -0.518856  0.249031 0.658193 1 0 1.000000
0  40.300552 -42.557819 27.169834  0.888764 0.024818 -0.457694  0.249031 0.678701 1 0 1.000000
skin_0dam
0  40.355610 -47.664207 26.935848  0.906290 0.075195 -0.415914  0.248054 0.697256 1 0 1.000000
0  39.543541 -46.122654 26.564224  0.479970 0.043702 -0.876196  0.245125 0.691397 1 0 1.000000
0  39.474724 -42.544048 26.674335  0.504952 0.032654 -0.862529  0.246101 0.678701 1 0 1.000000
skin_0dam
0  39.474724 -42.544048 26.674335  0.504952 0.032654 -0.862529  0.246101 0.678701 1 0 1.000000
0  40.300552 -42.557819 27.169834  0.888764 0.024818 -0.457694  0.249031 0.678701 1 0 1.000000
0  40.355610 -47.664207 26.935848  0.906290 0.075195 -0.415914  0.248054 0.697256 1 0 1.000000
skin_0dam
0  40.355610 -47.664207 26.935848  0.906290 0.075195 -0.415914  0.248054 0.697256 1 0 1.000000
0  39.584835 -47.705498 26.440350  0.696031 0.294491 -0.654841  0.245125 0.697256 1 0 1.000000
0  39.543541 -46.122654 26.564224  0.479970 0.043702 -0.876196  0.245125 0.691397 1 0 1.000000
skin_0dam
0  39.626125 -47.870663 26.096252  0.850263 0.526129 0.015549  0.243171 0.697256 1 0 1.000000
0  39.584835 -47.705498 26.440350  0.696031 0.294491 -0.654841  0.245125 0.697256 1 0 1.000000
0  40.451954 -48.861660 26.811972  0.945562 0.160150 -0.283308  0.247078 0.701163 1 0 1.000000
skin_0dam
0  39.626125 -47.870663 26.096252  0.850263 0.526129 0.015549  0.243171 0.697256 1 0 1.000000
0  40.451954 -48.861660 26.811972  0.945562 0.160150 -0.283308  0.247078 0.701163 1 0 1.000000
0  40.507015 -49.398453 26.701862  0.978767 0.202473 0.031942  0.246101 0.703116 1 0 1.000000
skin_0dam
0  39.626125 -47.870663 26.096252  0.850263 0.526129 0.015549  0.243171 0.697256 1 0 1.000000
0  40.507015 -49.398453 26.701862  0.978767 0.202473 0.031942  0.246101 0.703116 1 0 1.000000
0  40.575832 -49.563614 26.385292  0.930901 0.321572 0.173248  0.244148 0.704093 1 0 1.000000
skin_0dam
0  39.667416 -47.774315 25.738392  0.767373 0.501159 0.399973  0.241218 0.697256 1 0 1.000000
0  39.626125 -47.870663 26.096252  0.850263 0.526129 0.015549  0.243171 0.697256 1 0 1.000000
0  40.575832 -49.563614 26.385292  0.930901 0.321572 0.173248  0.244148 0.704093 1 0 1.000000
skin_0dam
0  40.575832 -49.563614 26.385292  0.930901 0.321572 0.173248  0.244148 0.704093 1 0 1.000000
0  40.672173 -49.412216 25.889795  0.912115 0.280416 0.299019  0.242195 0.703116 1 0 1.000000
0  39.667416 -47.774315 25.738392  0.767373 0.501159 0.399973  0.241218 0.697256 1 0 1.000000
skin_0dam
0  39.708706 -47.430218 25.325480  0.689728 0.465542 0.554568  0.239265 0.696280 1 0 1.000000
0  39.667416 -47.774315 25.738392  0.767373 0.501159 0.399973  0.241218 0.697256 1 0 1.000000
0  40.672173 -49.412216 25.889795  0.912115 0.280416 0.299019  0.242195 0.703116 1 0 1.000000
skin_0dam
0  40.672173 -49.412216 25.889795  0.912115 0.280416 0.299019  0.242195 0.703116 1 0 1.000000
0  40.754757 -49.054356 25.366770  0.877250 0.297050 0.377085  0.239265 0.702139 1 0 1.000000
0  39.708706 -47.430218 25.325480  0.689728 0.465542 0.554568  0.239265 0.696280 1 0 1.000000
skin_0dam
0  39.708706 -47.430218 25.325480  0.689728 0.465542 0.554568  0.239265 0.696280 1 0 1.000000
0  40.754757 -49.054356 25.366770  0.877250 0.297050 0.377085  0.239265 0.702139 1 0 1.000000
0  40.892399 -47.292583 23.866510  0.854796 0.279109 0.437518  0.231452 0.695303 1 0 1.000000
skin_0dam
0  40.892399 -47.292583 23.866510  0.854796 0.279109 0.437518  0.231452 0.695303 1 0 1.000000
0  39.832581 -46.136417 24.183077  0.629120 0.357775 0.690076  0.232429 0.691397 1 0 1.000000
0  39.708706 -47.430218 25.325480  0.689728 0.465542 0.554568  0.239265 0.696280 1 0 1.000000
skin_0dam
0  39.873871 -45.172943 23.797689  0.543424 0.149721 0.825999  0.230476 0.687490 1 0 1.000000
0  40.878635 -46.356636 23.426067  0.860814 0.188494 0.472726  0.228523 0.692373 1 0 1.000000
0  40.864872 -45.379406 23.219610  0.873053 0.087371 0.479734  0.227546 0.688467 1 0 1.000000
skin_0dam
0  39.860107 -43.989258 23.715107  0.511193 0.036062 0.858709  0.230476 0.683584 1 0 1.000000
0  39.873871 -45.172943 23.797689  0.543424 0.149721 0.825999  0.230476 0.687490 1 0 1.000000
0  40.864872 -45.379406 23.219610  0.873053 0.087371 0.479734  0.227546 0.688467 1 0 1.000000
skin_0dam
0  40.864872 -45.379406 23.219610  0.873053 0.087371 0.479734  0.227546 0.688467 1 0 1.000000
0  40.823582 -44.250767 23.150789  0.861600 0.051540 0.504964  0.227546 0.684561 1 0 1.000000
0  39.860107 -43.989258 23.715107  0.511193 0.036062 0.858709  0.230476 0.683584 1 0 1.000000
skin_0dam
0  39.846344 -42.516521 23.701344  0.540071 0.017536 0.841437  0.230476 0.678701 1 0 1.000000
0  39.860107 -43.989258 23.715107  0.511193 0.036062 0.858709  0.230476 0.683584 1 0 1.000000
0  40.823582 -44.250767 23.150789  0.861600 0.051540 0.504964  0.227546 0.684561 1 0 1.000000
skin_0dam
0  40.823582 -44.250767 23.150789  0.861600 0.051540 0.504964  0.227546 0.684561 1 0 1.000000
0  40.754757 -42.626637 23.109497  0.864965 0.031922 0.500815  0.226569 0.678701 1 0 1.000000
0  39.846344 -42.516521 23.701344  0.540071 0.017536 0.841437  0.230476 0.678701 1 0 1.000000
skin_0dam
0  39.763760 -38.112091 23.728870  0.639689 0.015736 0.768472  0.230476 0.662099 1 0 1.000000
0  39.846344 -42.516521 23.701344  0.540071 0.017536 0.841437  0.230476 0.678701 1 0 1.000000
0  40.754757 -42.626637 23.109497  0.864965 0.031922 0.500815  0.226569 0.678701 1 0 1.000000
skin_0dam
0  40.754757 -42.626637 23.109497  0.864965 0.031922 0.500815  0.226569 0.678701 1 0 1.000000
0  40.699703 -36.639362 22.903040  0.913414 0.009094 0.406929  0.225593 0.657216 1 0 1.000000
0  39.763760 -38.112091 23.728870  0.639689 0.015736 0.768472  0.230476 0.662099 1 0 1.000000
skin_0dam
0  40.699703 -36.639362 22.903040  0.913414 0.009094 0.406929  0.225593 0.657216 1 0 1.000000
0  40.658409 -33.418621 22.792931  0.978016 -0.053319 0.201598  0.225593 0.645497 1 0 1.000000
0  39.708706 -35.648365 23.880274  0.774994 -0.042498 0.630539  0.231452 0.653310 1 0 1.000000
skin_0dam
0  39.708706 -35.648365 23.880274  0.774994 -0.042498 0.630539  0.231452 0.653310 1 0 1.000000
0  39.763760 -38.112091 23.728870  0.639689 0.015736 0.768472  0.230476 0.662099 1 0 1.000000
0  40.699703 -36.639362 22.903040  0.913414 0.009094 0.406929  0.225593 0.657216 1 0 1.000000
skin_0dam
0  40.658409 -33.418621 22.792931  0.978016 -0.053319 0.201598  0.225593 0.645497 1 0 1.000000
0  40.630882 -32.881832 23.109497  0.990605 -0.094926 0.098440  0.226569 0.643544 1 0 1.000000
0  39.681179 -35.249210 24.114260  0.914127 -0.218170 0.341720  0.232429 0.652333 1 0 1.000000
skin_0dam
0  39.681179 -35.249210 24.114260  0.914127 -0.218170 0.341720  0.232429 0.652333 1 0 1.000000
0  39.708706 -35.648365 23.880274  0.774994 -0.042498 0.630539  0.231452 0.653310 1 0 1.000000
0  40.658409 -33.418621 22.792931  0.978016 -0.053319 0.201598  0.225593 0.645497 1 0 1.000000
skin_0dam
0  39.626125 -35.070286 24.527176  0.932192 -0.333113 0.141610  0.234382 0.651357 1 0 1.000000
0  39.681179 -35.249210 24.114260  0.914127 -0.218170 0.341720  0.232429 0.652333 1 0 1.000000
0  40.630882 -32.881832 23.109497  0.990605 -0.094926 0.098440  0.226569 0.643544 1 0 1.000000
skin_0dam
0  40.630882 -32.881832 23.109497  0.990605 -0.094926 0.098440  0.226569 0.643544 1 0 1.000000
0  40.603355 -32.647846 24.293190  0.985733 -0.153315 0.069460  0.233406 0.642567 1 0 1.000000
0  39.626125 -35.070286 24.527176  0.932192 -0.333113 0.141610  0.234382 0.651357 1 0 1.000000
skin_0dam
0  39.433430 -35.221684 26.123781  0.928316 -0.371639 -0.010688  0.243171 0.652333 1 0 1.000000
0  39.626125 -35.070286 24.527176  0.932192 -0.333113 0.141610  0.234382 0.651357 1 0 1.000000
0  40.603355 -32.647846 24.293190  0.985733 -0.153315 0.069460  0.233406 0.642567 1 0 1.000000
skin_0dam
0  40.603355 -32.647846 24.293190  0.985733 -0.153315 0.069460  0.233406 0.642567 1 0 1.000000
0  40.410664 -32.854301 26.302711  0.973766 -0.211812 0.083161  0.244148 0.643544 1 0 1.000000
0  39.433430 -35.221684 26.123781  0.928316 -0.371639 -0.010688  0.243171 0.652333 1 0 1.000000
skin_0dam
0  41.170597 -77.918777 17.324455  0.992720 -0.049054 -0.110003  0.192389 0.807611 1 0 1.000000
0  41.209091 -77.035278 17.294098  0.993608 -0.048064 -0.102144  0.192389 0.804682 1 0 1.000000
0  41.477844 -75.682175 19.278393  0.993067 -0.023208 -0.115239  0.203131 0.799799 1 0 1.000000
skin_0dam
0  41.477844 -75.682175 19.278393  0.993067 -0.023208 -0.115239  0.203131 0.799799 1 0 1.000000
0  41.514431 -76.335152 19.710205  0.993104 -0.021679 -0.115212  0.205084 0.802728 1 0 1.000000
0  41.170597 -77.918777 17.324455  0.992720 -0.049054 -0.110003  0.192389 0.807611 1 0 1.000000
skin_0dam
0  41.514431 -76.335152 19.710205  0.993104 -0.021679 -0.115212  0.205084 0.802728 1 0 1.000000
0  41.477844 -75.682175 19.278393  0.993067 -0.023208 -0.115239  0.203131 0.799799 1 0 1.000000
0  41.752899 -73.588409 21.446369  0.996423 -0.024309 -0.080930  0.215827 0.792962 1 0 1.000000
skin_0dam
0  41.752899 -73.588409 21.446369  0.996423 -0.024309 -0.080930  0.215827 0.792962 1 0 1.000000
0  41.781906 -74.071854 21.966286  0.996616 -0.024718 -0.078389  0.217780 0.794916 1 0 1.000000
0  41.514431 -76.335152 19.710205  0.993104 -0.021679 -0.115212  0.205084 0.802728 1 0 1.000000
skin_0dam
0  41.781906 -74.071854 21.966286  0.996616 -0.024718 -0.078389  0.217780 0.794916 1 0 1.000000
0  41.752899 -73.588409 21.446369  0.996423 -0.024309 -0.080930  0.215827 0.792962 1 0 1.000000
0  41.927063 -70.943939 23.132942  0.997989 -0.027141 -0.057290  0.225593 0.783197 1 0 1.000000
skin_0dam
0  41.927063 -70.943939 23.132942  0.997989 -0.027141 -0.057290  0.225593 0.783197 1 0 1.000000
0  41.952915 -71.338173 23.786263  0.998106 -0.025785 -0.055845  0.228523 0.785150 1 0 1.000000
0  41.781906 -74.071854 21.966286  0.996616 -0.024718 -0.078389  0.217780 0.794916 1 0 1.000000
skin_0dam
0  41.952915 -71.338173 23.786263  0.998106 -0.025785 -0.055845  0.228523 0.785150 1 0 1.000000
0  41.927063 -70.943939 23.132942  0.997989 -0.027141 -0.057290  0.225593 0.783197 1 0 1.000000
0  42.075592 -68.160645 24.302902  0.999173 -0.019507 -0.035688  0.232429 0.773431 1 0 1.000000
skin_0dam
0  42.075592 -68.160645 24.302902  0.999173 -0.019507 -0.035688  0.232429 0.773431 1 0 1.000000
0  42.095932 -68.426529 25.046356  0.999248 -0.018665 -0.034001  0.236335 0.774407 1 0 1.000000
0  41.952915 -71.338173 23.786263  0.998106 -0.025785 -0.055845  0.228523 0.785150 1 0 1.000000
skin_0dam
0  42.119434 -65.035988 24.946754  0.999885 0.003616 -0.014708  0.236335 0.762688 1 0 1.000000
0  42.130619 -65.106247 25.749470  0.999909 0.003497 -0.013054  0.241218 0.762688 1 0 1.000000
0  42.095932 -68.426529 25.046356  0.999248 -0.018665 -0.034001  0.236335 0.774407 1 0 1.000000
skin_0dam
0  42.095932 -68.426529 25.046356  0.999248 -0.018665 -0.034001  0.236335 0.774407 1 0 1.000000
0  42.075592 -68.160645 24.302902  0.999173 -0.019507 -0.035688  0.232429 0.773431 1 0 1.000000
0  42.119434 -65.035988 24.946754  0.999885 0.003616 -0.014708  0.236335 0.762688 1 0 1.000000
skin_0dam
0  42.130619 -65.106247 25.749470  0.999909 0.003497 -0.013054  0.241218 0.762688 1 0 1.000000
0  42.119434 -65.035988 24.946754  0.999885 0.003616 -0.014708  0.236335 0.762688 1 0 1.000000
0  42.072941 -61.858986 25.064968  0.998708 0.049942 -0.009371  0.238289 0.750969 1 0 1.000000
skin_0dam
0  42.072941 -61.858986 25.064968  0.998708 0.049942 -0.009371  0.238289 0.750969 1 0 1.000000
0  42.079498 -61.831764 25.890442  0.998749 0.049058 -0.009659  0.242195 0.750969 1 0 1.000000
0  42.130619 -65.106247 25.749470  0.999909 0.003497 -0.013054  0.241218 0.762688 1 0 1.000000
skin_0dam
0  42.079498 -61.831764 25.890442  0.998749 0.049058 -0.009659  0.242195 0.750969 1 0 1.000000
0  42.072941 -61.858986 25.064968  0.998708 0.049942 -0.009371  0.238289 0.750969 1 0 1.000000
0  41.883396 -59.569939 24.926327  0.999281 0.037299 -0.006762  0.236335 0.740226 1 0 1.000000
skin_0dam
0  41.883396 -59.569939 24.926327  0.999281 0.037299 -0.006762  0.236335 0.740226 1 0 1.000000
0  41.883396 -59.418533 25.697102  0.999373 0.034976 -0.005483  0.241218 0.739250 1 0 1.000000
0  42.079498 -61.831764 25.890442  0.998749 0.049058 -0.009659  0.242195 0.750969 1 0 1.000000
skin_0dam
0  41.883396 -59.418533 25.697102  0.999373 0.034976 -0.005483  0.241218 0.739250 1 0 1.000000
0  41.883396 -59.569939 24.926327  0.999281 0.037299 -0.006762  0.236335 0.740226 1 0 1.000000
0  41.910927 -56.431774 24.210606  0.999994 0.003184 -0.001627  0.232429 0.728507 1 0 1.000000
skin_0dam
0  41.910927 -56.431774 24.210606  0.999994 0.003184 -0.001627  0.232429 0.728507 1 0 1.000000
0  41.910927 -56.101444 24.926327  0.999976 0.006696 -0.001650  0.236335 0.727531 1 0 1.000000
0  41.883396 -59.418533 25.697102  0.999373 0.034976 -0.005483  0.241218 0.739250 1 0 1.000000
skin_0dam
0  41.910927 -56.101444 24.926327  0.999976 0.006696 -0.001650  0.236335 0.727531 1 0 1.000000
0  41.910927 -56.431774 24.210606  0.999994 0.003184 -0.001627  0.232429 0.728507 1 0 1.000000
0  41.855869 -53.486313 22.820457  0.998697 0.051035 0.000675  0.225593 0.717765 1 0 1.000000
skin_0dam
0  41.855869 -53.486313 22.820457  0.998697 0.051035 0.000675  0.225593 0.717765 1 0 1.000000
0  41.828342 -53.087158 23.467358  0.998980 0.045069 0.002718  0.228523 0.716788 1 0 1.000000
0  41.910927 -56.101444 24.926327  0.999976 0.006696 -0.001650  0.236335 0.727531 1 0 1.000000
skin_0dam
0  41.828342 -53.087158 23.467358  0.998980 0.045069 0.002718  0.228523 0.716788 1 0 1.000000
0  41.855869 -53.486313 22.820457  0.998697 0.051035 0.000675  0.225593 0.717765 1 0 1.000000
0  41.649406 -50.967525 20.865992  0.997010 0.021957 -0.074094  0.214850 0.708975 1 0 1.000000
skin_0dam
0  41.649406 -50.967525 20.865992  0.997010 0.021957 -0.074094  0.214850 0.708975 1 0 1.000000
0  41.690704 -50.389446 21.471600  0.996962 0.015300 -0.076371  0.217780 0.707022 1 0 1.000000
0  41.828342 -53.087158 23.467358  0.998980 0.045069 0.002718  0.228523 0.716788 1 0 1.000000
skin_0dam
0  41.690704 -50.389446 21.471600  0.996962 0.015300 -0.076371  0.217780 0.707022 1 0 1.000000
0  41.649406 -50.967525 20.865992  0.997010 0.021957 -0.074094  0.214850 0.708975 1 0 1.000000
0  41.360371 -48.875423 18.402262  0.992240 0.029743 -0.120723  0.201178 0.701163 1 0 1.000000
skin_0dam
0  41.360371 -48.875423 18.402262  0.992240 0.029743 -0.120723  0.201178 0.701163 1 0 1.000000
0  41.401661 -48.228523 18.842705  0.992048 0.027330 -0.122856  0.204108 0.699210 1 0 1.000000
0  41.690704 -50.389446 21.471600  0.996962 0.015300 -0.076371  0.217780 0.707022 1 0 1.000000
skin_0dam
0  40.906162 -46.466751 16.007353  0.983526 0.075768 -0.164122  0.188482 0.692373 1 0 1.000000
0  41.401661 -48.228523 18.842705  0.992048 0.027330 -0.122856  0.204108 0.699210 1 0 1.000000
0  41.360371 -48.875423 18.402262  0.992240 0.029743 -0.120723  0.201178 0.701163 1 0 1.000000
skin_0dam
0  41.360371 -48.875423 18.402262  0.992240 0.029743 -0.120723  0.201178 0.701163 1 0 1.000000
0  40.906162 -47.237522 15.649492  0.983788 0.074266 -0.163234  0.186529 0.695303 1 0 1.000000
0  40.906162 -46.466751 16.007353  0.983526 0.075768 -0.164122  0.188482 0.692373 1 0 1.000000
skin_0dam
0  40.355610 -47.664207 26.935848  0.906290 0.075195 -0.415914  0.248054 0.697256 1 0 1.000000
0  40.300552 -42.557819 27.169834  0.888764 0.024818 -0.457694  0.249031 0.678701 1 0 1.000000
0  40.286789 -42.544048 27.279945  0.960154 0.010924 0.279259  0.249031 0.678701 1 0 1.000000
skin_0dam
0  40.286789 -42.544048 27.279945  0.960154 0.010924 0.279259  0.249031 0.678701 1 0 1.000000
0  40.341843 -47.677971 27.032194  0.961175 0.014906 0.275535  0.248054 0.697256 1 0 1.000000
0  40.355610 -47.664207 26.935848  0.906290 0.075195 -0.415914  0.248054 0.697256 1 0 1.000000
skin_0dam
0  40.300552 -42.557819 27.169834  0.888764 0.024818 -0.457694  0.249031 0.678701 1 0 1.000000
0  40.231731 -36.914639 27.128542  0.854855 0.003450 -0.518856  0.249031 0.658193 1 0 1.000000
0  40.231731 -36.914639 27.224888  0.971913 0.002807 0.235323  0.249031 0.658193 1 0 1.000000
skin_0dam
0  40.231731 -36.914639 27.224888  0.971913 0.002807 0.235323  0.249031 0.658193 1 0 1.000000
0  40.286789 -42.544048 27.279945  0.960154 0.010924 0.279259  0.249031 0.678701 1 0 1.000000
0  40.300552 -42.557819 27.169834  0.888764 0.024818 -0.457694  0.249031 0.678701 1 0 1.000000
skin_0dam
0  40.231731 -36.914639 27.128542  0.854855 0.003450 -0.518856  0.249031 0.658193 1 0 1.000000
0  40.245499 -33.556259 27.114779  0.993386 -0.101797 0.053113  0.249031 0.645497 1 0 1.000000
0  40.217968 -33.556259 27.197361  0.940202 0.005566 0.340573  0.249031 0.645497 1 0 1.000000
skin_0dam
0  40.217968 -33.556259 27.197361  0.940202 0.005566 0.340573  0.249031 0.645497 1 0 1.000000
0  40.231731 -36.914639 27.224888  0.971913 0.002807 0.235323  0.249031 0.658193 1 0 1.000000
0  40.231731 -36.914639 27.128542  0.854855 0.003450 -0.518856  0.249031 0.658193 1 0 1.000000
skin_0dam
0  40.328079 -33.074524 26.756918  0.981456 -0.173057 0.082438  0.247078 0.644520 1 0 1.000000
0  40.314316 -32.991943 26.811972  0.975662 -0.011092 0.219001  0.247078 0.643544 1 0 1.000000
0  40.217968 -33.556259 27.197361  0.940202 0.005566 0.340573  0.249031 0.645497 1 0 1.000000
skin_0dam
0  40.217968 -33.556259 27.197361  0.940202 0.005566 0.340573  0.249031 0.645497 1 0 1.000000
0  40.245499 -33.556259 27.114779  0.993386 -0.101797 0.053113  0.249031 0.645497 1 0 1.000000
0  40.328079 -33.074524 26.756918  0.981456 -0.173057 0.082438  0.247078 0.644520 1 0 1.000000
skin_0dam
0  40.410664 -32.854301 26.302711  0.973766 -0.211812 0.083161  0.244148 0.643544 1 0 1.000000
0  40.424427 -32.757957 26.316475  0.990742 -0.013625 0.135072  0.244148 0.642567 1 0 1.000000
0  40.314316 -32.991943 26.811972  0.975662 -0.011092 0.219001  0.247078 0.643544 1 0 1.000000
skin_0dam
0  40.314316 -32.991943 26.811972  0.975662 -0.011092 0.219001  0.247078 0.643544 1 0 1.000000
0  40.328079 -33.074524 26.756918  0.981456 -0.173057 0.082438  0.247078 0.644520 1 0 1.000000
0  40.410664 -32.854301 26.302711  0.973766 -0.211812 0.083161  0.244148 0.643544 1 0 1.000000
skin_0dam
0  40.603355 -32.647846 24.293190  0.985733 -0.153315 0.069460  0.233406 0.642567 1 0 1.000000
0  40.603355 -32.551498 24.265663  0.997792 0.034630 0.056671  0.233406 0.642567 1 0 1.000000
0  40.424427 -32.757957 26.316475  0.990742 -0.013625 0.135072  0.244148 0.642567 1 0 1.000000
skin_0dam
0  40.424427 -32.757957 26.316475  0.990742 -0.013625 0.135072  0.244148 0.642567 1 0 1.000000
0  40.410664 -32.854301 26.302711  0.973766 -0.211812 0.083161  0.244148 0.643544 1 0 1.000000
0  40.603355 -32.647846 24.293190  0.985733 -0.153315 0.069460  0.233406 0.642567 1 0 1.000000
skin_0dam
0  40.630882 -32.881832 23.109497  0.990605 -0.094926 0.098440  0.226569 0.643544 1 0 1.000000
0  40.630882 -32.813011 23.013149  0.999538 0.024415 0.018134  0.226569 0.643544 1 0 1.000000
0  40.603355 -32.551498 24.265663  0.997792 0.034630 0.056671  0.233406 0.642567 1 0 1.000000
skin_0dam
0  40.603355 -32.551498 24.265663  0.997792 0.034630 0.056671  0.233406 0.642567 1 0 1.000000
0  40.603355 -32.647846 24.293190  0.985733 -0.153315 0.069460  0.233406 0.642567 1 0 1.000000
0  40.630882 -32.881832 23.109497  0.990605 -0.094926 0.098440  0.226569 0.643544 1 0 1.000000
skin_0dam
0  40.438190 -36.185154 19.861229  0.997384 0.020818 -0.069226  0.208991 0.655263 1 0 1.000000
0  40.644646 -30.982418 20.329199  0.999113 -0.025020 -0.033875  0.211921 0.636708 1 0 1.000000
0  40.658409 -33.336040 22.710346  0.999914 0.006597 -0.011344  0.224616 0.645497 1 0 1.000000
skin_0dam
0  40.658409 -33.336040 22.710346  0.999914 0.006597 -0.011344  0.224616 0.645497 1 0 1.000000
0  40.699703 -36.625599 22.834221  0.999510 0.023228 -0.020991  0.225593 0.657216 1 0 1.000000
0  40.438190 -36.185154 19.861229  0.997384 0.020818 -0.069226  0.208991 0.655263 1 0 1.000000
skin_0dam
0  40.658409 -33.336040 22.710346  0.999914 0.006597 -0.011344  0.224616 0.645497 1 0 1.000000
0  40.630882 -32.813011 23.013149  0.999538 0.024415 0.018134  0.226569 0.643544 1 0 1.000000
0  40.630882 -32.881832 23.109497  0.990605 -0.094926 0.098440  0.226569 0.643544 1 0 1.000000
skin_0dam
0  40.630882 -32.881832 23.109497  0.990605 -0.094926 0.098440  0.226569 0.643544 1 0 1.000000
0  40.658409 -33.418621 22.792931  0.978016 -0.053319 0.201598  0.225593 0.645497 1 0 1.000000
0  40.658409 -33.336040 22.710346  0.999914 0.006597 -0.011344  0.224616 0.645497 1 0 1.000000
skin_0dam
0  40.699703 -36.625599 22.834221  0.999510 0.023228 -0.020991  0.225593 0.657216 1 0 1.000000
0  40.658409 -33.336040 22.710346  0.999914 0.006597 -0.011344  0.224616 0.645497 1 0 1.000000
0  40.658409 -33.418621 22.792931  0.978016 -0.053319 0.201598  0.225593 0.645497 1 0 1.000000
skin_0dam
0  40.658409 -33.418621 22.792931  0.978016 -0.053319 0.201598  0.225593 0.645497 1 0 1.000000
0  40.699703 -36.639362 22.903040  0.913414 0.009094 0.406929  0.225593 0.657216 1 0 1.000000
0  40.699703 -36.625599 22.834221  0.999510 0.023228 -0.020991  0.225593 0.657216 1 0 1.000000
skin_0dam
0  40.699703 -36.639362 22.903040  0.913414 0.009094 0.406929  0.225593 0.657216 1 0 1.000000
0  40.754757 -42.626637 23.109497  0.864965 0.031922 0.500815  0.226569 0.678701 1 0 1.000000
0  40.754757 -42.640400 23.026913  0.997661 0.030644 0.061095  0.226569 0.678701 1 0 1.000000
skin_0dam
0  40.754757 -42.640400 23.026913  0.997661 0.030644 0.061095  0.226569 0.678701 1 0 1.000000
0  40.699703 -36.625599 22.834221  0.999510 0.023228 -0.020991  0.225593 0.657216 1 0 1.000000
0  40.699703 -36.639362 22.903040  0.913414 0.009094 0.406929  0.225593 0.657216 1 0 1.000000
skin_0dam
0  40.754757 -42.626637 23.109497  0.864965 0.031922 0.500815  0.226569 0.678701 1 0 1.000000
0  40.823582 -44.250767 23.150789  0.861600 0.051540 0.504964  0.227546 0.684561 1 0 1.000000
0  40.837345 -44.264530 23.081970  0.997326 0.040383 0.060917  0.226569 0.684561 1 0 1.000000
skin_0dam
0  40.837345 -44.264530 23.081970  0.997326 0.040383 0.060917  0.226569 0.684561 1 0 1.000000
0  40.754757 -42.640400 23.026913  0.997661 0.030644 0.061095  0.226569 0.678701 1 0 1.000000
0  40.754757 -42.626637 23.109497  0.864965 0.031922 0.500815  0.226569 0.678701 1 0 1.000000
skin_0dam
0  40.837345 -44.264530 23.081970  0.997326 0.040383 0.060917  0.226569 0.684561 1 0 1.000000
0  40.823582 -44.250767 23.150789  0.861600 0.051540 0.504964  0.227546 0.684561 1 0 1.000000
0  40.864872 -45.379406 23.219610  0.873053 0.087371 0.479734  0.227546 0.688467 1 0 1.000000
skin_0dam
0  40.864872 -45.379406 23.219610  0.873053 0.087371 0.479734  0.227546 0.688467 1 0 1.000000
0  40.864872 -45.393169 23.137024  0.997866 0.034558 0.055407  0.227546 0.688467 1 0 1.000000
0  40.837345 -44.264530 23.081970  0.997326 0.040383 0.060917  0.226569 0.684561 1 0 1.000000
skin_0dam
0  40.864872 -45.393169 23.137024  0.997866 0.034558 0.055407  0.227546 0.688467 1 0 1.000000
0  40.864872 -45.379406 23.219610  0.873053 0.087371 0.479734  0.227546 0.688467 1 0 1.000000
0  40.878635 -46.356636 23.426067  0.860814 0.188494 0.472726  0.228523 0.692373 1 0 1.000000
skin_0dam
0  40.878635 -46.356636 23.426067  0.860814 0.188494 0.472726  0.228523 0.692373 1 0 1.000000
0  40.892399 -46.397926 23.357246  0.990281 0.071660 0.119194  0.228523 0.692373 1 0 1.000000
0  40.864872 -45.393169 23.137024  0.997866 0.034558 0.055407  0.227546 0.688467 1 0 1.000000
skin_0dam
0  40.892399 -47.292583 23.866510  0.854796 0.279109 0.437518  0.231452 0.695303 1 0 1.000000
0  40.754757 -49.054356 25.366770  0.877250 0.297050 0.377085  0.239265 0.702139 1 0 1.000000
0  40.782284 -49.095646 25.311716  0.963596 0.127865 0.234803  0.239265 0.702139 1 0 1.000000
skin_0dam
0  40.782284 -49.095646 25.311716  0.963596 0.127865 0.234803  0.239265 0.702139 1 0 1.000000
0  40.919926 -47.375164 23.811457  0.975710 0.123005 0.181273  0.230476 0.695303 1 0 1.000000
0  40.892399 -47.292583 23.866510  0.854796 0.279109 0.437518  0.231452 0.695303 1 0 1.000000
skin_0dam
0  40.754757 -49.054356 25.366770  0.877250 0.297050 0.377085  0.239265 0.702139 1 0 1.000000
0  40.672173 -49.412216 25.889795  0.912115 0.280416 0.299019  0.242195 0.703116 1 0 1.000000
0  40.685940 -49.467270 25.862268  0.969877 0.089925 0.226389  0.242195 0.703116 1 0 1.000000
skin_0dam
0  40.685940 -49.467270 25.862268  0.969877 0.089925 0.226389  0.242195 0.703116 1 0 1.000000
0  40.782284 -49.095646 25.311716  0.963596 0.127865 0.234803  0.239265 0.702139 1 0 1.000000
0  40.754757 -49.054356 25.366770  0.877250 0.297050 0.377085  0.239265 0.702139 1 0 1.000000
skin_0dam
0  40.575832 -49.563614 26.385292  0.930901 0.321572 0.173248  0.244148 0.704093 1 0 1.000000
0  40.589596 -49.646198 26.399059  0.972079 0.125372 0.198352  0.245125 0.704093 1 0 1.000000
0  40.685940 -49.467270 25.862268  0.969877 0.089925 0.226389  0.242195 0.703116 1 0 1.000000
skin_0dam
0  40.685940 -49.467270 25.862268  0.969877 0.089925 0.226389  0.242195 0.703116 1 0 1.000000
0  40.672173 -49.412216 25.889795  0.912115 0.280416 0.299019  0.242195 0.703116 1 0 1.000000
0  40.575832 -49.563614 26.385292  0.930901 0.321572 0.173248  0.244148 0.704093 1 0 1.000000
skin_0dam
0  40.493252 -49.453506 26.756918  0.957011 0.060496 0.283672  0.247078 0.703116 1 0 1.000000
0  40.589596 -49.646198 26.399059  0.972079 0.125372 0.198352  0.245125 0.704093 1 0 1.000000
0  40.575832 -49.563614 26.385292  0.930901 0.321572 0.173248  0.244148 0.704093 1 0 1.000000
skin_0dam
0  40.575832 -49.563614 26.385292  0.930901 0.321572 0.173248  0.244148 0.704093 1 0 1.000000
0  40.507015 -49.398453 26.701862  0.978767 0.202473 0.031942  0.246101 0.703116 1 0 1.000000
0  40.493252 -49.453506 26.756918  0.957011 0.060496 0.283672  0.247078 0.703116 1 0 1.000000
skin_0dam
0  41.401661 -48.118408 18.911526  0.995568 0.077489 -0.053289  0.204108 0.698233 1 0 1.000000
0  41.016273 -44.677452 20.714588  0.996939 0.072696 0.028766  0.213874 0.686514 1 0 1.000000
0  40.919926 -47.375164 23.811457  0.975710 0.123005 0.181273  0.230476 0.695303 1 0 1.000000
skin_0dam
0  40.919926 -47.375164 23.811457  0.975710 0.123005 0.181273  0.230476 0.695303 1 0 1.000000
0  41.690704 -50.306866 21.554184  0.994032 0.102793 0.036513  0.218757 0.706046 1 0 1.000000
0  41.401661 -48.118408 18.911526  0.995568 0.077489 -0.053289  0.204108 0.698233 1 0 1.000000
skin_0dam
0  40.878635 -46.356636 23.426067  0.860814 0.188494 0.472726  0.228523 0.692373 1 0 1.000000
0  39.873871 -45.172943 23.797689  0.543424 0.149721 0.825999  0.230476 0.687490 1 0 1.000000
0  39.832581 -46.136417 24.183077  0.629120 0.357775 0.690076  0.232429 0.691397 1 0 1.000000
skin_0dam
0  39.832581 -46.136417 24.183077  0.629120 0.357775 0.690076  0.232429 0.691397 1 0 1.000000
0  40.892399 -47.292583 23.866510  0.854796 0.279109 0.437518  0.231452 0.695303 1 0 1.000000
0  40.878635 -46.356636 23.426067  0.860814 0.188494 0.472726  0.228523 0.692373 1 0 1.000000
skin_0dam
0  40.892399 -47.292583 23.866510  0.854796 0.279109 0.437518  0.231452 0.695303 1 0 1.000000
0  40.919926 -47.375164 23.811457  0.975710 0.123005 0.181273  0.230476 0.695303 1 0 1.000000
0  40.892399 -46.397926 23.357246  0.990281 0.071660 0.119194  0.228523 0.692373 1 0 1.000000
skin_0dam
0  40.892399 -46.397926 23.357246  0.990281 0.071660 0.119194  0.228523 0.692373 1 0 1.000000
0  40.878635 -46.356636 23.426067  0.860814 0.188494 0.472726  0.228523 0.692373 1 0 1.000000
0  40.892399 -47.292583 23.866510  0.854796 0.279109 0.437518  0.231452 0.695303 1 0 1.000000
skin_0dam
0  41.828342 -53.032104 23.549942  0.982642 0.094599 0.159582  0.229499 0.715812 1 0 1.000000
0  40.617123 -50.816128 26.688099  0.940525 0.072083 0.331990  0.246101 0.707999 1 0 1.000000
0  40.245502 -54.917751 28.119537  0.818773 0.029637 0.573352  0.253914 0.722648 1 0 1.000000
skin_0dam
0  40.245502 -54.917751 28.119537  0.818773 0.029637 0.573352  0.253914 0.722648 1 0 1.000000
0  41.910927 -56.060150 25.022673  0.964267 0.073419 0.254557  0.237312 0.727531 1 0 1.000000
0  41.828342 -53.032104 23.549942  0.982642 0.094599 0.159582  0.229499 0.715812 1 0 1.000000
skin_0dam
0  38.979225 -56.170261 29.330755  0.580133 -0.021203 0.814246  0.260750 0.727531 1 0 1.000000
0  39.750000 -48.834133 28.436106  0.837067 0.003946 0.547086  0.255867 0.701163 1 0 1.000000
0  38.497494 -48.779076 29.784967  0.564150 -0.032439 0.825035  0.262703 0.701163 1 0 1.000000
skin_0dam
0  38.497494 -48.779076 29.784967  0.564150 -0.032439 0.825035  0.262703 0.701163 1 0 1.000000
0  37.864357 -55.867458 29.950132  0.359107 -0.047627 0.932080  0.263680 0.726554 1 0 1.000000
0  38.979225 -56.170261 29.330755  0.580133 -0.021203 0.814246  0.260750 0.727531 1 0 1.000000
skin_0dam
0  40.341843 -47.677971 27.032194  0.961175 0.014906 0.275535  0.248054 0.697256 1 0 1.000000
0  40.451954 -48.889187 26.867029  0.965905 0.040768 0.255666  0.247078 0.701163 1 0 1.000000
0  40.451954 -48.861660 26.811972  0.945562 0.160150 -0.283308  0.247078 0.701163 1 0 1.000000
skin_0dam
0  40.451954 -48.861660 26.811972  0.945562 0.160150 -0.283308  0.247078 0.701163 1 0 1.000000
0  40.355610 -47.664207 26.935848  0.906290 0.075195 -0.415914  0.248054 0.697256 1 0 1.000000
0  40.341843 -47.677971 27.032194  0.961175 0.014906 0.275535  0.248054 0.697256 1 0 1.000000
skin_0dam
0  40.355610 -47.664207 26.935848  0.906290 0.075195 -0.415914  0.248054 0.697256 1 0 1.000000
0  40.451954 -48.861660 26.811972  0.945562 0.160150 -0.283308  0.247078 0.701163 1 0 1.000000
0  39.584835 -47.705498 26.440350  0.696031 0.294491 -0.654841  0.245125 0.697256 1 0 1.000000
skin_0dam
0  40.451954 -48.889187 26.867029  0.965905 0.040768 0.255666  0.247078 0.701163 1 0 1.000000
0  40.493252 -49.453506 26.756918  0.957011 0.060496 0.283672  0.247078 0.703116 1 0 1.000000
0  40.507015 -49.398453 26.701862  0.978767 0.202473 0.031942  0.246101 0.703116 1 0 1.000000
skin_0dam
0  40.507015 -49.398453 26.701862  0.978767 0.202473 0.031942  0.246101 0.703116 1 0 1.000000
0  40.451954 -48.861660 26.811972  0.945562 0.160150 -0.283308  0.247078 0.701163 1 0 1.000000
0  40.451954 -48.889187 26.867029  0.965905 0.040768 0.255666  0.247078 0.701163 1 0 1.000000
skin_0dam
0  39.750000 -48.834133 28.436106  0.837067 0.003946 0.547086  0.255867 0.701163 1 0 1.000000
0  40.617123 -50.816128 26.688099  0.940525 0.072083 0.331990  0.246101 0.707999 1 0 1.000000
0  40.493252 -49.453506 26.756918  0.957011 0.060496 0.283672  0.247078 0.703116 1 0 1.000000
skin_0dam
0  40.493252 -49.453506 26.756918  0.957011 0.060496 0.283672  0.247078 0.703116 1 0 1.000000
0  40.451954 -48.889187 26.867029  0.965905 0.040768 0.255666  0.247078 0.701163 1 0 1.000000
0  39.750000 -48.834133 28.436106  0.837067 0.003946 0.547086  0.255867 0.701163 1 0 1.000000
skin_0dam
0  40.630882 -32.813011 23.013149  0.999538 0.024415 0.018134  0.226569 0.643544 1 0 1.000000
0  40.658409 -33.336040 22.710346  0.999914 0.006597 -0.011344  0.224616 0.645497 1 0 1.000000
0  40.644646 -30.982418 20.329199  0.999113 -0.025020 -0.033875  0.211921 0.636708 1 0 1.000000
skin_0dam
0  40.314316 -32.991943 26.811972  0.975662 -0.011092 0.219001  0.247078 0.643544 1 0 1.000000
0  40.424427 -32.757957 26.316475  0.990742 -0.013625 0.135072  0.244148 0.642567 1 0 1.000000
0  40.231731 -30.817253 27.197361  0.969500 -0.038124 0.242110  0.249031 0.635731 1 0 1.000000
skin_0dam
0  40.217968 -33.556259 27.197361  0.940202 0.005566 0.340573  0.249031 0.645497 1 0 1.000000
0  40.314316 -32.991943 26.811972  0.975662 -0.011092 0.219001  0.247078 0.643544 1 0 1.000000
0  40.231731 -30.817253 27.197361  0.969500 -0.038124 0.242110  0.249031 0.635731 1 0 1.000000
skin_0dam
0  38.269062 -74.415810 27.520836  0.632512 -0.237457 0.737254  0.248054 0.795892 1 0 1.000000
0  40.008648 -73.106010 26.010178  0.770146 -0.257409 0.583623  0.240242 0.791009 1 0 1.000000
0  39.765301 -69.341682 27.327156  0.670810 -0.163246 0.723439  0.248054 0.778314 1 0 1.000000
skin_0dam
0  39.765301 -69.341682 27.327156  0.670810 -0.163246 0.723439  0.248054 0.778314 1 0 1.000000
0  38.417576 -67.738823 28.745529  0.524771 -0.127425 0.841652  0.256844 0.772454 1 0 1.000000
0  38.269062 -74.415810 27.520836  0.632512 -0.237457 0.737254  0.248054 0.795892 1 0 1.000000
skin_0dam
0  38.417576 -67.738823 28.745529  0.524771 -0.127425 0.841652  0.256844 0.772454 1 0 1.000000
0  39.765301 -69.341682 27.327156  0.670810 -0.163246 0.723439  0.248054 0.778314 1 0 1.000000
0  39.662258 -65.442001 28.167850  0.620495 -0.085965 0.779484  0.253914 0.763665 1 0 1.000000
skin_0dam
0  38.417576 -67.738823 28.745529  0.524771 -0.127425 0.841652  0.256844 0.772454 1 0 1.000000
0  39.662258 -65.442001 28.167850  0.620495 -0.085965 0.779484  0.253914 0.763665 1 0 1.000000
0  39.650177 -61.812679 28.470081  0.665710 -0.050283 0.744514  0.256844 0.750969 1 0 1.000000
skin_0dam
0  39.650177 -61.812679 28.470081  0.665710 -0.050283 0.744514  0.256844 0.750969 1 0 1.000000
0  38.597099 -61.827736 29.236294  0.483100 -0.065998 0.873074  0.260750 0.750969 1 0 1.000000
0  38.417576 -67.738823 28.745529  0.524771 -0.127425 0.841652  0.256844 0.772454 1 0 1.000000
skin_0dam
0  38.597099 -61.827736 29.236294  0.483100 -0.065998 0.873074  0.260750 0.750969 1 0 1.000000
0  39.650177 -61.812679 28.470081  0.665710 -0.050283 0.744514  0.256844 0.750969 1 0 1.000000
0  39.763763 -58.757870 28.628801  0.709318 -0.027052 0.704369  0.256844 0.737297 1 0 1.000000
skin_0dam
0  39.763763 -58.757870 28.628801  0.709318 -0.027052 0.704369  0.256844 0.737297 1 0 1.000000
0  38.979225 -56.170261 29.330755  0.580133 -0.021203 0.814246  0.260750 0.727531 1 0 1.000000
0  38.597099 -61.827736 29.236294  0.483100 -0.065998 0.873074  0.260750 0.750969 1 0 1.000000
skin_0dam
0  38.979225 -56.170261 29.330755  0.580133 -0.021203 0.814246  0.260750 0.727531 1 0 1.000000
0  39.763763 -58.757870 28.628801  0.709318 -0.027052 0.704369  0.256844 0.737297 1 0 1.000000
0  40.245502 -54.917751 28.119537  0.818773 0.029637 0.573352  0.253914 0.722648 1 0 1.000000
skin_0dam
0  40.245502 -54.917751 28.119537  0.818773 0.029637 0.573352  0.253914 0.722648 1 0 1.000000
0  40.617123 -50.816128 26.688099  0.940525 0.072083 0.331990  0.246101 0.707999 1 0 1.000000
0  39.750000 -48.834133 28.436106  0.837067 0.003946 0.547086  0.255867 0.701163 1 0 1.000000
skin_0dam
0  39.750000 -48.834133 28.436106  0.837067 0.003946 0.547086  0.255867 0.701163 1 0 1.000000
0  38.979225 -56.170261 29.330755  0.580133 -0.021203 0.814246  0.260750 0.727531 1 0 1.000000
0  40.245502 -54.917751 28.119537  0.818773 0.029637 0.573352  0.253914 0.722648 1 0 1.000000
skin_0dam
0  40.231731 -36.914639 27.224888  0.971913 0.002807 0.235323  0.249031 0.658193 1 0 1.000000
0  39.171917 -37.079803 29.661087  0.795457 -0.027591 0.605381  0.262703 0.658193 1 0 1.000000
0  38.992985 -42.544048 29.743673  0.714431 -0.017351 0.699491  0.262703 0.678701 1 0 1.000000
skin_0dam
0  38.992985 -42.544048 29.743673  0.714431 -0.017351 0.699491  0.262703 0.678701 1 0 1.000000
0  40.286789 -42.544048 27.279945  0.960154 0.010924 0.279259  0.249031 0.678701 1 0 1.000000
0  40.231731 -36.914639 27.224888  0.971913 0.002807 0.235323  0.249031 0.658193 1 0 1.000000
skin_0dam
0  40.217968 -33.556259 27.197361  0.940202 0.005566 0.340573  0.249031 0.645497 1 0 1.000000
0  39.268265 -33.487438 29.661087  0.828856 -0.018761 0.559148  0.262703 0.645497 1 0 1.000000
0  39.171917 -37.079803 29.661087  0.795457 -0.027591 0.605381  0.262703 0.658193 1 0 1.000000
skin_0dam
0  39.171917 -37.079803 29.661087  0.795457 -0.027591 0.605381  0.262703 0.658193 1 0 1.000000
0  40.231731 -36.914639 27.224888  0.971913 0.002807 0.235323  0.249031 0.658193 1 0 1.000000
0  40.217968 -33.556259 27.197361  0.940202 0.005566 0.340573  0.249031 0.645497 1 0 1.000000
skin_0dam
0  39.268265 -33.487438 29.661087  0.828856 -0.018761 0.559148  0.262703 0.645497 1 0 1.000000
0  40.217968 -33.556259 27.197361  0.940202 0.005566 0.340573  0.249031 0.645497 1 0 1.000000
0  40.231731 -30.817253 27.197361  0.969500 -0.038124 0.242110  0.249031 0.635731 1 0 1.000000
skin_0dam
0  40.231731 -30.817253 27.197361  0.969500 -0.038124 0.242110  0.249031 0.635731 1 0 1.000000
0  39.295792 -30.404337 29.619797  0.852114 -0.010854 0.523243  0.261727 0.634754 1 0 1.000000
0  39.268265 -33.487438 29.661087  0.828856 -0.018761 0.559148  0.262703 0.645497 1 0 1.000000
skin_0dam
0  39.750000 -48.834133 28.436106  0.837067 0.003946 0.547086  0.255867 0.701163 1 0 1.000000
0  40.341843 -47.677971 27.032194  0.961175 0.014906 0.275535  0.248054 0.697256 1 0 1.000000
0  40.286789 -42.544048 27.279945  0.960154 0.010924 0.279259  0.249031 0.678701 1 0 1.000000
skin_0dam
0  40.589596 -49.646198 26.399059  0.972079 0.125372 0.198352  0.245125 0.704093 1 0 1.000000
0  40.493252 -49.453506 26.756918  0.957011 0.060496 0.283672  0.247078 0.703116 1 0 1.000000
0  40.617123 -50.816128 26.688099  0.940525 0.072083 0.331990  0.246101 0.707999 1 0 1.000000
skin_0dam
0  40.617123 -50.816128 26.688099  0.940525 0.072083 0.331990  0.246101 0.707999 1 0 1.000000
0  40.685940 -49.467270 25.862268  0.969877 0.089925 0.226389  0.242195 0.703116 1 0 1.000000
0  40.589596 -49.646198 26.399059  0.972079 0.125372 0.198352  0.245125 0.704093 1 0 1.000000
skin_0dam
0  22.277573 -98.372231 23.573502  0.162322 -0.363210 0.917459  0.390637 0.878903 1 0 1.000000
0  21.317347 -96.310814 24.663166  0.460035 -0.373288 0.805620  0.395520 0.871090 1 0 1.000000
0  20.178877 -99.971191 23.502457  0.485492 -0.422747 0.765234  0.402356 0.883785 1 0 1.000000
skin_0dam
0  20.178877 -99.971191 23.502457  0.485492 -0.422747 0.765234  0.402356 0.883785 1 0 1.000000
0  21.605160 -99.923347 23.021370  0.244220 -0.435398 0.866478  0.394543 0.883785 1 0 1.000000
0  22.277573 -98.372231 23.573502  0.162322 -0.363210 0.917459  0.390637 0.878903 1 0 1.000000
skin_0dam
0  38.029514 -29.950130 31.106297  0.603808 -0.045574 0.795826  0.293954 0.632801 1 0 1.000000
0  36.226452 -29.316994 31.973415  0.370553 -0.027793 0.928395  0.303720 0.630848 1 0 1.000000
0  36.157631 -30.569508 31.973415  0.358682 -0.034743 0.932813  0.304697 0.634754 1 0 1.000000
skin_0dam
0  36.799229 -87.595627 17.202103  0.873259 -0.479290 -0.087750  0.188482 0.841792 1 0 1.000000
0  39.017704 -83.151917 17.199959  0.906137 -0.419375 -0.055143  0.190435 0.826167 1 0 1.000000
0  39.029278 -83.073700 17.375149  0.904037 -0.409209 0.123552  0.190435 0.825190 1 0 1.000000
skin_0dam
0  39.029278 -83.073700 17.375149  0.904037 -0.409209 0.123552  0.190435 0.825190 1 0 1.000000
0  36.786068 -87.573708 17.380264  0.872632 -0.477516 0.102426  0.189459 0.841792 1 0 1.000000
0  36.799229 -87.595627 17.202103  0.873259 -0.479290 -0.087750  0.188482 0.841792 1 0 1.000000
skin_0dam
0  27.678921 -99.314972 17.146061  0.652891 -0.753608 -0.076215  0.361339 0.918943 1 0 1.000000
0  31.061148 -96.093491 17.196316  0.746345 -0.660009 -0.085778  0.341807 0.918943 1 0 1.000000
0  31.048576 -96.085983 17.361404  0.742996 -0.661664 0.100787  0.341807 0.917966 1 0 1.000000
skin_0dam
0  31.048576 -96.085983 17.361404  0.742996 -0.661664 0.100787  0.341807 0.917966 1 0 1.000000
0  27.678719 -99.279320 17.309666  0.652781 -0.749116 0.112706  0.361339 0.918943 1 0 1.000000
0  27.678921 -99.314972 17.146061  0.652891 -0.753608 -0.076215  0.361339 0.918943 1 0 1.000000
skin_0dam
0  39.017704 -83.151917 17.199959  0.906137 -0.419375 -0.055143  0.190435 0.826167 1 0 1.000000
0  41.139797 -78.163109 17.157650  0.956991 -0.233016 -0.172838  0.191412 0.808588 1 0 1.000000
0  41.163738 -78.056755 17.331356  0.974410 -0.224715 0.005323  0.192389 0.807611 1 0 1.000000
skin_0dam
0  41.163738 -78.056755 17.331356  0.974410 -0.224715 0.005323  0.192389 0.807611 1 0 1.000000
0  39.029278 -83.073700 17.375149  0.904037 -0.409209 0.123552  0.190435 0.825190 1 0 1.000000
0  39.017704 -83.151917 17.199959  0.906137 -0.419375 -0.055143  0.190435 0.826167 1 0 1.000000
skin_0dam
0  41.139797 -78.163109 17.157650  0.956991 -0.233016 -0.172838  0.191412 0.808588 1 0 1.000000
0  41.146755 -78.024437 17.164497  0.954713 -0.053428 -0.292693  0.191412 0.807611 1 0 1.000000
0  41.170597 -77.918777 17.324455  0.992720 -0.049054 -0.110003  0.192389 0.807611 1 0 1.000000
skin_0dam
0  41.170597 -77.918777 17.324455  0.992720 -0.049054 -0.110003  0.192389 0.807611 1 0 1.000000
0  41.163738 -78.056755 17.331356  0.974410 -0.224715 0.005323  0.192389 0.807611 1 0 1.000000
0  41.139797 -78.163109 17.157650  0.956991 -0.233016 -0.172838  0.191412 0.808588 1 0 1.000000
skin_0dam
0  31.061148 -96.093491 17.196316  0.746345 -0.660009 -0.085778  0.341807 0.918943 1 0 1.000000
0  34.342121 -91.680237 17.174335  0.825573 -0.552028 -0.117023  0.323252 0.917966 1 0 1.000000
0  34.328861 -91.659004 17.338749  0.830619 -0.551820 0.074606  0.323252 0.916990 1 0 1.000000
skin_0dam
0  34.328861 -91.659004 17.338749  0.830619 -0.551820 0.074606  0.323252 0.916990 1 0 1.000000
0  31.048576 -96.085983 17.361404  0.742996 -0.661664 0.100787  0.341807 0.917966 1 0 1.000000
0  31.061148 -96.093491 17.196316  0.746345 -0.660009 -0.085778  0.341807 0.918943 1 0 1.000000
skin_0dam
0  24.959345 -101.456078 17.065010  0.455144 -0.874736 -0.166377  0.375988 0.919919 1 0 1.000000
0  27.678921 -99.314972 17.146061  0.652891 -0.753608 -0.076215  0.361339 0.918943 1 0 1.000000
0  27.678719 -99.279320 17.309666  0.652781 -0.749116 0.112706  0.361339 0.918943 1 0 1.000000
skin_0dam
0  27.678719 -99.279320 17.309666  0.652781 -0.749116 0.112706  0.361339 0.918943 1 0 1.000000
0  24.988108 -101.445839 17.243450  0.477286 -0.878296 0.028191  0.375988 0.919919 1 0 1.000000
0  24.959345 -101.456078 17.065010  0.455144 -0.874736 -0.166377  0.375988 0.919919 1 0 1.000000
skin_0dam
0  34.342121 -91.680237 17.174335  0.825573 -0.552028 -0.117023  0.187506 0.855464 1 0 1.000000
0  36.799229 -87.595627 17.202103  0.873259 -0.479290 -0.087750  0.188482 0.841792 1 0 1.000000
0  36.786068 -87.573708 17.380264  0.872632 -0.477516 0.102426  0.189459 0.841792 1 0 1.000000
skin_0dam
0  36.786068 -87.573708 17.380264  0.872632 -0.477516 0.102426  0.189459 0.841792 1 0 1.000000
0  34.328861 -91.659004 17.338749  0.830619 -0.551820 0.074606  0.188482 0.855464 1 0 1.000000
0  34.342121 -91.680237 17.174335  0.825573 -0.552028 -0.117023  0.187506 0.855464 1 0 1.000000
skin_0dam
0  24.784866 -101.509644 17.275631  0.057270 -0.990617 0.124090  0.376965 0.918943 1 0 1.000000
0  24.589956 -101.462234 17.316006  -0.705192 -0.664016 0.248570  0.378918 0.918943 1 0 1.000000
0  24.561977 -101.485519 17.151985  -0.720743 -0.688423 0.081259  0.378918 0.919919 1 0 1.000000
skin_0dam
0  24.561977 -101.485519 17.151985  -0.720743 -0.688423 0.081259  0.378918 0.919919 1 0 1.000000
0  24.743143 -101.533615 17.111744  0.031188 -0.998114 -0.052870  0.377941 0.919919 1 0 1.000000
0  24.784866 -101.509644 17.275631  0.057270 -0.990617 0.124090  0.376965 0.918943 1 0 1.000000
skin_0dam
0  24.988108 -101.445839 17.243450  0.477286 -0.878296 0.028191  0.375988 0.919919 1 0 1.000000
0  24.784866 -101.509644 17.275631  0.057270 -0.990617 0.124090  0.376965 0.918943 1 0 1.000000
0  24.743143 -101.533615 17.111744  0.031188 -0.998114 -0.052870  0.377941 0.919919 1 0 1.000000
skin_0dam
0  24.743143 -101.533615 17.111744  0.031188 -0.998114 -0.052870  0.377941 0.919919 1 0 1.000000
0  24.959345 -101.456078 17.065010  0.455144 -0.874736 -0.166377  0.375988 0.919919 1 0 1.000000
0  24.988108 -101.445839 17.243450  0.477286 -0.878296 0.028191  0.375988 0.919919 1 0 1.000000
skin_0dam
0  41.146755 -78.024437 17.164497  0.954713 -0.053428 -0.292693  0.191412 0.807611 1 0 1.000000
0  41.185246 -77.140945 17.134140  0.973287 -0.052748 -0.223452  0.191412 0.804682 1 0 1.000000
0  41.209091 -77.035278 17.294098  0.993608 -0.048064 -0.102144  0.192389 0.804682 1 0 1.000000
skin_0dam
0  41.209091 -77.035278 17.294098  0.993608 -0.048064 -0.102144  0.192389 0.804682 1 0 1.000000
0  41.170597 -77.918777 17.324455  0.992720 -0.049054 -0.110003  0.192389 0.807611 1 0 1.000000
0  41.146755 -78.024437 17.164497  0.954713 -0.053428 -0.292693  0.191412 0.807611 1 0 1.000000
skin_0dam
0  39.017704 -83.151917 17.199959  0.906137 -0.419375 -0.055143  0.190435 0.826167 1 0 1.000000
0  36.799229 -87.595627 17.202103  0.873259 -0.479290 -0.087750  0.188482 0.841792 1 0 1.000000
0  36.754749 -87.564682 17.035507  0.842515 -0.462940 -0.275417  0.187506 0.841792 1 0 1.000000
skin_0dam
0  36.754749 -87.564682 17.035507  0.842515 -0.462940 -0.275417  0.187506 0.841792 1 0 1.000000
0  38.935329 -83.192352 17.023396  0.877140 -0.414751 -0.242090  0.189459 0.826167 1 0 1.000000
0  39.017704 -83.151917 17.199959  0.906137 -0.419375 -0.055143  0.190435 0.826167 1 0 1.000000
skin_0dam
0  31.061148 -96.093491 17.196316  0.746345 -0.660009 -0.085778  0.341807 0.918943 1 0 1.000000
0  27.678921 -99.314972 17.146061  0.652891 -0.753608 -0.076215  0.361339 0.918943 1 0 1.000000
0  27.634443 -99.284019 16.979465  0.629829 -0.729246 -0.267424  0.361339 0.919919 1 0 1.000000
skin_0dam
0  27.634443 -99.284019 16.979465  0.629829 -0.729246 -0.267424  0.361339 0.919919 1 0 1.000000
0  31.030317 -96.062538 17.015842  0.720857 -0.636202 -0.274975  0.341807 0.918943 1 0 1.000000
0  31.061148 -96.093491 17.196316  0.746345 -0.660009 -0.085778  0.341807 0.918943 1 0 1.000000
skin_0dam
0  41.139797 -78.163109 17.157650  0.956991 -0.233016 -0.172838  0.191412 0.808588 1 0 1.000000
0  39.017704 -83.151917 17.199959  0.906137 -0.419375 -0.055143  0.190435 0.826167 1 0 1.000000
0  38.935329 -83.192352 17.023396  0.877140 -0.414751 -0.242090  0.189459 0.826167 1 0 1.000000
skin_0dam
0  38.935329 -83.192352 17.023396  0.877140 -0.414751 -0.242090  0.189459 0.826167 1 0 1.000000
0  41.046532 -78.258453 16.997675  0.900372 -0.272287 -0.339396  0.190435 0.808588 1 0 1.000000
0  41.139797 -78.163109 17.157650  0.956991 -0.233016 -0.172838  0.191412 0.808588 1 0 1.000000
skin_0dam
0  41.146755 -78.024437 17.164497  0.954713 -0.053428 -0.292693  0.191412 0.807611 1 0 1.000000
0  41.139797 -78.163109 17.157650  0.956991 -0.233016 -0.172838  0.191412 0.808588 1 0 1.000000
0  41.046532 -78.258453 16.997675  0.900372 -0.272287 -0.339396  0.190435 0.808588 1 0 1.000000
skin_0dam
0  41.046532 -78.258453 16.997675  0.900372 -0.272287 -0.339396  0.190435 0.808588 1 0 1.000000
0  41.054176 -78.133514 17.005199  0.876014 -0.034776 -0.481031  0.190435 0.808588 1 0 1.000000
0  41.146755 -78.024437 17.164497  0.954713 -0.053428 -0.292693  0.191412 0.807611 1 0 1.000000
skin_0dam
0  34.342121 -91.680237 17.174335  0.825573 -0.552028 -0.117023  0.323252 0.917966 1 0 1.000000
0  31.061148 -96.093491 17.196316  0.746345 -0.660009 -0.085778  0.341807 0.918943 1 0 1.000000
0  31.030317 -96.062538 17.015842  0.720857 -0.636202 -0.274975  0.341807 0.918943 1 0 1.000000
skin_0dam
0  31.030317 -96.062538 17.015842  0.720857 -0.636202 -0.274975  0.341807 0.918943 1 0 1.000000
0  34.283794 -91.650658 16.994127  0.791657 -0.531364 -0.301548  0.323252 0.917966 1 0 1.000000
0  34.342121 -91.680237 17.174335  0.825573 -0.552028 -0.117023  0.323252 0.917966 1 0 1.000000
skin_0dam
0  24.900431 -101.412079 16.897871  0.411035 -0.846795 -0.337622  0.376965 0.920896 1 0 1.000000
0  27.634443 -99.284019 16.979465  0.629829 -0.729246 -0.267424  0.361339 0.919919 1 0 1.000000
0  27.678921 -99.314972 17.146061  0.652891 -0.753608 -0.076215  0.361339 0.918943 1 0 1.000000
skin_0dam
0  27.678921 -99.314972 17.146061  0.652891 -0.753608 -0.076215  0.361339 0.918943 1 0 1.000000
0  24.959345 -101.456078 17.065010  0.455144 -0.874736 -0.166377  0.375988 0.919919 1 0 1.000000
0  24.900431 -101.412079 16.897871  0.411035 -0.846795 -0.337622  0.376965 0.920896 1 0 1.000000
skin_0dam
0  34.283794 -91.650658 16.994127  0.791657 -0.531364 -0.301548  0.323252 0.917966 1 0 1.000000
0  36.754749 -87.564682 17.035507  0.842515 -0.462940 -0.275417  0.308603 0.916990 1 0 1.000000
0  36.799229 -87.595627 17.202103  0.873259 -0.479290 -0.087750  0.308603 0.916990 1 0 1.000000
skin_0dam
0  36.799229 -87.595627 17.202103  0.873259 -0.479290 -0.087750  0.308603 0.916990 1 0 1.000000
0  34.342121 -91.680237 17.174335  0.825573 -0.552028 -0.117023  0.323252 0.917966 1 0 1.000000
0  34.283794 -91.650658 16.994127  0.791657 -0.531364 -0.301548  0.323252 0.917966 1 0 1.000000
skin_0dam
0  24.558542 -101.453888 16.957504  -0.743645 -0.659142 -0.111914  0.378918 0.920896 1 0 1.000000
0  24.697973 -101.488930 16.944469  0.007662 -0.968691 -0.248152  0.377941 0.920896 1 0 1.000000
0  24.743143 -101.533615 17.111744  0.031188 -0.998114 -0.052870  0.377941 0.919919 1 0 1.000000
skin_0dam
0  24.743143 -101.533615 17.111744  0.031188 -0.998114 -0.052870  0.377941 0.919919 1 0 1.000000
0  24.561977 -101.485519 17.151985  -0.720743 -0.688423 0.081259  0.378918 0.919919 1 0 1.000000
0  24.558542 -101.453888 16.957504  -0.743645 -0.659142 -0.111914  0.378918 0.920896 1 0 1.000000
skin_0dam
0  24.697973 -101.488930 16.944469  0.007662 -0.968691 -0.248152  0.377941 0.920896 1 0 1.000000
0  24.900431 -101.412079 16.897871  0.411035 -0.846795 -0.337622  0.376965 0.920896 1 0 1.000000
0  24.959345 -101.456078 17.065010  0.455144 -0.874736 -0.166377  0.375988 0.919919 1 0 1.000000
skin_0dam
0  24.959345 -101.456078 17.065010  0.455144 -0.874736 -0.166377  0.375988 0.919919 1 0 1.000000
0  24.743143 -101.533615 17.111744  0.031188 -0.998114 -0.052870  0.377941 0.919919 1 0 1.000000
0  24.697973 -101.488930 16.944469  0.007662 -0.968691 -0.248152  0.377941 0.920896 1 0 1.000000
skin_0dam
0  41.185246 -77.140945 17.134140  0.973287 -0.052748 -0.223452  0.191412 0.804682 1 0 1.000000
0  41.146755 -78.024437 17.164497  0.954713 -0.053428 -0.292693  0.191412 0.807611 1 0 1.000000
0  41.054176 -78.133514 17.005199  0.876014 -0.034776 -0.481031  0.190435 0.808588 1 0 1.000000
skin_0dam
0  41.054176 -78.133514 17.005199  0.876014 -0.034776 -0.481031  0.190435 0.808588 1 0 1.000000
0  41.092670 -77.250023 16.974838  0.883328 -0.057097 -0.465266  0.190435 0.804682 1 0 1.000000
0  41.185246 -77.140945 17.134140  0.973287 -0.052748 -0.223452  0.191412 0.804682 1 0 1.000000
skin_0dam
0  26.724056 -69.793060 30.322666  0.157461 -0.142668 0.977165  0.359386 0.778314 1 0 1.000000
0  26.546240 -69.814301 30.352547  -0.025487 -0.110995 0.993494  0.360363 0.778314 1 0 1.000000
0  24.870409 -77.329857 29.345734  -0.046296 -0.134067 0.989890  0.371105 0.804682 1 0 1.000000
skin_0dam
0  24.870409 -77.329857 29.345734  -0.046296 -0.134067 0.989890  0.371105 0.804682 1 0 1.000000
0  25.048910 -77.322342 29.316525  0.137348 -0.174601 0.975013  0.370128 0.804682 1 0 1.000000
0  26.724056 -69.793060 30.322666  0.157461 -0.142668 0.977165  0.359386 0.778314 1 0 1.000000
skin_0dam
0  25.048910 -77.322342 29.316525  0.137348 -0.174601 0.975013  0.370128 0.804682 1 0 1.000000
0  24.870409 -77.329857 29.345734  -0.046296 -0.134067 0.989890  0.371105 0.804682 1 0 1.000000
0  23.296389 -83.847969 28.316231  0.025160 -0.196166 0.980248  0.380871 0.827143 1 0 1.000000
skin_0dam
0  23.296389 -83.847969 28.316231  0.025160 -0.196166 0.980248  0.380871 0.827143 1 0 1.000000
0  23.474794 -83.841133 28.273277  0.209376 -0.237006 0.948678  0.379894 0.827143 1 0 1.000000
0  25.048910 -77.322342 29.316525  0.137348 -0.174601 0.975013  0.370128 0.804682 1 0 1.000000
skin_0dam
0  19.843546 -96.457565 25.425129  0.010331 -0.268191 0.963310  0.403333 0.872066 1 0 1.000000
0  20.021360 -96.436325 25.395245  0.193084 -0.313928 0.929606  0.402356 0.872066 1 0 1.000000
0  21.749062 -90.150421 26.876175  0.077823 -0.239241 0.967836  0.391614 0.849605 1 0 1.000000
skin_0dam
0  21.749062 -90.150421 26.876175  0.077823 -0.239241 0.967836  0.391614 0.849605 1 0 1.000000
0  21.570459 -90.158615 26.891636  -0.102214 -0.193877 0.975686  0.392590 0.849605 1 0 1.000000
0  19.843546 -96.457565 25.425129  0.010331 -0.268191 0.963310  0.403333 0.872066 1 0 1.000000
skin_0dam
0  17.423155 -104.470573 21.802326  0.245512 -0.955389 -0.164180  0.417982 0.903317 1 0 1.000000
0  17.260561 -104.517914 21.847179  0.071581 -0.992707 -0.096999  0.418958 0.903317 1 0 1.000000
0  17.198500 -104.421722 21.622345  -0.195882 -0.592874 -0.781109  0.418958 0.904294 1 0 1.000000
skin_0dam
0  17.198500 -104.421722 21.622345  -0.195882 -0.592874 -0.781109  0.418958 0.904294 1 0 1.000000
0  17.361094 -104.374390 21.577496  -0.025347 -0.565113 -0.824624  0.418958 0.904294 1 0 1.000000
0  17.423155 -104.470573 21.802326  0.245512 -0.955389 -0.164180  0.417982 0.903317 1 0 1.000000
skin_0dam
0  29.083017 -55.619709 32.000946  0.169477 -0.151925 0.973754  0.342784 0.725578 1 0 1.000000
0  29.234421 -55.605946 31.932125  0.354115 -0.177902 0.918125  0.341807 0.725578 1 0 1.000000
0  30.638332 -48.696491 32.689137  0.385706 -0.156467 0.909257  0.333995 0.700186 1 0 1.000000
skin_0dam
0  30.638332 -48.696491 32.689137  0.385706 -0.156467 0.909257  0.333995 0.700186 1 0 1.000000
0  30.486929 -48.696491 32.757957  0.209701 -0.134307 0.968497  0.334971 0.700186 1 0 1.000000
0  29.083017 -55.619709 32.000946  0.169477 -0.151925 0.973754  0.342784 0.725578 1 0 1.000000
skin_0dam
0  18.765280 -100.227112 24.228065  0.055275 -0.346274 0.936503  0.410169 0.884762 1 0 1.000000
0  18.929251 -100.207230 24.184566  0.234917 -0.386495 0.891872  0.409192 0.884762 1 0 1.000000
0  20.021360 -96.436325 25.395245  0.193084 -0.313928 0.929606  0.402356 0.872066 1 0 1.000000
skin_0dam
0  20.021360 -96.436325 25.395245  0.193084 -0.313928 0.929606  0.402356 0.872066 1 0 1.000000
0  19.843546 -96.457565 25.425129  0.010331 -0.268191 0.963310  0.403333 0.872066 1 0 1.000000
0  18.765280 -100.227112 24.228065  0.055275 -0.346274 0.936503  0.410169 0.884762 1 0 1.000000
skin_0dam
0  26.546240 -69.814301 30.352547  -0.025487 -0.110995 0.993494  0.360363 0.778314 1 0 1.000000
0  26.724056 -69.793060 30.322666  0.157461 -0.142668 0.977165  0.359386 0.778314 1 0 1.000000
0  28.078321 -62.238220 31.054195  0.227354 -0.147544 0.962570  0.349620 0.750969 1 0 1.000000
skin_0dam
0  28.078321 -62.238220 31.054195  0.227354 -0.147544 0.962570  0.349620 0.750969 1 0 1.000000
0  27.900602 -62.258781 31.097828  0.040312 -0.122283 0.991676  0.350597 0.750969 1 0 1.000000
0  26.546240 -69.814301 30.352547  -0.025487 -0.110995 0.993494  0.360363 0.778314 1 0 1.000000
skin_0dam
0  21.570459 -90.158615 26.891636  -0.102214 -0.193877 0.975686  0.392590 0.849605 1 0 1.000000
0  21.749062 -90.150421 26.876175  0.077823 -0.239241 0.967836  0.391614 0.849605 1 0 1.000000
0  23.474794 -83.841133 28.273277  0.209376 -0.237006 0.948678  0.379894 0.827143 1 0 1.000000
skin_0dam
0  23.474794 -83.841133 28.273277  0.209376 -0.237006 0.948678  0.379894 0.827143 1 0 1.000000
0  23.296389 -83.847969 28.316231  0.025160 -0.196166 0.980248  0.380871 0.827143 1 0 1.000000
0  21.570459 -90.158615 26.891636  -0.102214 -0.193877 0.975686  0.392590 0.849605 1 0 1.000000
skin_0dam
0  17.477640 -104.415726 22.019714  0.307924 -0.923415 0.229100  0.417982 0.903317 1 0 1.000000
0  17.314947 -104.463753 22.050819  0.124430 -0.942638 0.309761  0.418958 0.903317 1 0 1.000000
0  17.260561 -104.517914 21.847179  0.071581 -0.992707 -0.096999  0.418958 0.903317 1 0 1.000000
skin_0dam
0  17.260561 -104.517914 21.847179  0.071581 -0.992707 -0.096999  0.418958 0.903317 1 0 1.000000
0  17.423155 -104.470573 21.802326  0.245512 -0.955389 -0.164180  0.417982 0.903317 1 0 1.000000
0  17.477640 -104.415726 22.019714  0.307924 -0.923415 0.229100  0.417982 0.903317 1 0 1.000000
skin_0dam
0  27.900602 -62.258781 31.097828  0.040312 -0.122283 0.991676  0.350597 0.750969 1 0 1.000000
0  28.078321 -62.238220 31.054195  0.227354 -0.147544 0.962570  0.349620 0.750969 1 0 1.000000
0  29.234421 -55.605946 31.932125  0.354115 -0.177902 0.918125  0.341807 0.725578 1 0 1.000000
skin_0dam
0  29.234421 -55.605946 31.932125  0.354115 -0.177902 0.918125  0.341807 0.725578 1 0 1.000000
0  29.083017 -55.619709 32.000946  0.169477 -0.151925 0.973754  0.342784 0.725578 1 0 1.000000
0  27.900602 -62.258781 31.097828  0.040312 -0.122283 0.991676  0.350597 0.750969 1 0 1.000000
skin_0dam
0  18.071650 -102.527748 23.327427  0.105293 -0.386795 0.916135  0.414075 0.897458 1 0 1.000000
0  18.235031 -102.493454 23.296997  0.275689 -0.422208 0.863560  0.413099 0.898434 1 0 1.000000
0  18.929251 -100.207230 24.184566  0.234917 -0.386495 0.891872  0.409192 0.894528 1 0 1.000000
skin_0dam
0  18.929251 -100.207230 24.184566  0.234917 -0.386495 0.891872  0.409192 0.894528 1 0 1.000000
0  18.765280 -100.227112 24.228065  0.055275 -0.346274 0.936503  0.410169 0.894528 1 0 1.000000
0  18.071650 -102.527748 23.327427  0.105293 -0.386795 0.916135  0.414075 0.897458 1 0 1.000000
skin_0dam
0  17.746145 -104.150314 22.652340  0.367743 -0.721941 0.586145  0.416028 0.900388 1 0 1.000000
0  17.569704 -104.199020 22.683575  0.151145 -0.722883 0.674237  0.417005 0.900388 1 0 1.000000
0  17.314947 -104.463753 22.050819  0.124430 -0.942638 0.309761  0.418958 0.903317 1 0 1.000000
skin_0dam
0  17.314947 -104.463753 22.050819  0.124430 -0.942638 0.309761  0.418958 0.903317 1 0 1.000000
0  17.477640 -104.415726 22.019714  0.307924 -0.923415 0.229100  0.417982 0.903317 1 0 1.000000
0  17.746145 -104.150314 22.652340  0.367743 -0.721941 0.586145  0.416028 0.900388 1 0 1.000000
skin_0dam
0  30.486929 -48.696491 32.757957  0.209701 -0.134307 0.968497  0.334971 0.700186 1 0 1.000000
0  30.638332 -48.696491 32.689137  0.385706 -0.156467 0.909257  0.333995 0.700186 1 0 1.000000
0  31.629330 -42.351360 33.253456  0.440635 -0.135690 0.887372  0.329112 0.677725 1 0 1.000000
skin_0dam
0  31.629330 -42.351360 33.253456  0.440635 -0.135690 0.887372  0.329112 0.677725 1 0 1.000000
0  31.477928 -42.337597 33.336040  0.279754 -0.117680 0.952832  0.330088 0.677725 1 0 1.000000
0  30.486929 -48.696491 32.757957  0.209701 -0.134307 0.968497  0.334971 0.700186 1 0 1.000000
skin_0dam
0  26.546240 -69.814301 30.352547  -0.025487 -0.110995 0.993494  0.360363 0.778314 1 0 1.000000
0  26.367931 -69.838959 30.313698  -0.211562 -0.073406 0.974604  0.361339 0.778314 1 0 1.000000
0  24.691313 -77.341469 29.292458  -0.230138 -0.089006 0.969079  0.372082 0.804682 1 0 1.000000
skin_0dam
0  24.691313 -77.341469 29.292458  -0.230138 -0.089006 0.969079  0.372082 0.804682 1 0 1.000000
0  24.870409 -77.329857 29.345734  -0.046296 -0.134067 0.989890  0.371105 0.804682 1 0 1.000000
0  26.546240 -69.814301 30.352547  -0.025487 -0.110995 0.993494  0.360363 0.778314 1 0 1.000000
skin_0dam
0  24.870409 -77.329857 29.345734  -0.046296 -0.134067 0.989890  0.371105 0.804682 1 0 1.000000
0  24.691313 -77.341469 29.292458  -0.230138 -0.089006 0.969079  0.372082 0.804682 1 0 1.000000
0  23.116705 -83.845169 28.276028  -0.163559 -0.151963 0.974759  0.381848 0.827143 1 0 1.000000
skin_0dam
0  23.116705 -83.845169 28.276028  -0.163559 -0.151963 0.974759  0.381848 0.827143 1 0 1.000000
0  23.296389 -83.847969 28.316231  0.025160 -0.196166 0.980248  0.380871 0.827143 1 0 1.000000
0  24.870409 -77.329857 29.345734  -0.046296 -0.134067 0.989890  0.371105 0.804682 1 0 1.000000
skin_0dam
0  21.570459 -90.158615 26.891636  -0.102214 -0.193877 0.975686  0.392590 0.849605 1 0 1.000000
0  21.390676 -90.156494 26.837688  -0.277719 -0.140065 0.950397  0.393567 0.849605 1 0 1.000000
0  19.663960 -96.454086 25.398670  -0.174807 -0.220087 0.959689  0.404309 0.872066 1 0 1.000000
skin_0dam
0  19.663960 -96.454086 25.398670  -0.174807 -0.220087 0.959689  0.404309 0.872066 1 0 1.000000
0  19.843546 -96.457565 25.425129  0.010331 -0.268191 0.963310  0.403333 0.872066 1 0 1.000000
0  21.570459 -90.158615 26.891636  -0.102214 -0.193877 0.975686  0.392590 0.849605 1 0 1.000000
skin_0dam
0  17.034134 -104.425827 21.706406  -0.360892 -0.624201 -0.692914  0.419935 0.904294 1 0 1.000000
0  17.198500 -104.421722 21.622345  -0.195882 -0.592874 -0.781109  0.418958 0.904294 1 0 1.000000
0  17.260561 -104.517914 21.847179  0.071581 -0.992707 -0.096999  0.418958 0.903317 1 0 1.000000
skin_0dam
0  17.260561 -104.517914 21.847179  0.071581 -0.992707 -0.096999  0.418958 0.903317 1 0 1.000000
0  17.081465 -104.511017 21.889458  -0.116211 -0.992796 -0.029178  0.419935 0.903317 1 0 1.000000
0  17.034134 -104.425827 21.706406  -0.360892 -0.624201 -0.692914  0.419935 0.904294 1 0 1.000000
skin_0dam
0  30.486929 -48.696491 32.757957  0.209701 -0.134307 0.968497  0.334971 0.700186 1 0 1.000000
0  30.308001 -48.696491 32.771721  0.023309 -0.104835 0.994216  0.335948 0.700186 1 0 1.000000
0  28.904089 -55.605946 32.000946  -0.015316 -0.122468 0.992354  0.343760 0.725578 1 0 1.000000
skin_0dam
0  28.904089 -55.605946 32.000946  -0.015316 -0.122468 0.992354  0.343760 0.725578 1 0 1.000000
0  29.083017 -55.619709 32.000946  0.169477 -0.151925 0.973754  0.342784 0.725578 1 0 1.000000
0  30.486929 -48.696491 32.757957  0.209701 -0.134307 0.968497  0.334971 0.700186 1 0 1.000000
skin_0dam
0  19.843546 -96.457565 25.425129  0.010331 -0.268191 0.963310  0.403333 0.889645 1 0 1.000000
0  19.663960 -96.454086 25.398670  -0.174807 -0.220087 0.959689  0.404309 0.889645 1 0 1.000000
0  18.571949 -100.224312 24.201740  -0.128496 -0.298819 0.945619  0.411145 0.894528 1 0 1.000000
skin_0dam
0  18.571949 -100.224312 24.201740  -0.128496 -0.298819 0.945619  0.411145 0.894528 1 0 1.000000
0  18.765280 -100.227112 24.228065  0.055275 -0.346274 0.936503  0.410169 0.894528 1 0 1.000000
0  19.843546 -96.457565 25.425129  0.010331 -0.268191 0.963310  0.403333 0.889645 1 0 1.000000
skin_0dam
0  27.900602 -62.258781 31.097828  0.040312 -0.122283 0.991676  0.350597 0.750969 1 0 1.000000
0  27.721016 -62.255302 31.071365  -0.145755 -0.088316 0.985371  0.351573 0.750969 1 0 1.000000
0  26.367931 -69.838959 30.313698  -0.211562 -0.073406 0.974604  0.361339 0.778314 1 0 1.000000
skin_0dam
0  26.367931 -69.838959 30.313698  -0.211562 -0.073406 0.974604  0.361339 0.778314 1 0 1.000000
0  26.546240 -69.814301 30.352547  -0.025487 -0.110995 0.993494  0.360363 0.778314 1 0 1.000000
0  27.900602 -62.258781 31.097828  0.040312 -0.122283 0.991676  0.350597 0.750969 1 0 1.000000
skin_0dam
0  23.296389 -83.847969 28.316231  0.025160 -0.196166 0.980248  0.380871 0.827143 1 0 1.000000
0  23.116705 -83.845169 28.276028  -0.163559 -0.151963 0.974759  0.381848 0.827143 1 0 1.000000
0  21.390676 -90.156494 26.837688  -0.277719 -0.140065 0.950397  0.393567 0.849605 1 0 1.000000
skin_0dam
0  21.390676 -90.156494 26.837688  -0.277719 -0.140065 0.950397  0.393567 0.849605 1 0 1.000000
0  21.570459 -90.158615 26.891636  -0.102214 -0.193877 0.975686  0.392590 0.849605 1 0 1.000000
0  23.296389 -83.847969 28.316231  0.025160 -0.196166 0.980248  0.380871 0.827143 1 0 1.000000
skin_0dam
0  17.081465 -104.511017 21.889458  -0.116211 -0.992796 -0.029178  0.419935 0.903317 1 0 1.000000
0  17.260561 -104.517914 21.847179  0.071581 -0.992707 -0.096999  0.418958 0.903317 1 0 1.000000
0  17.314947 -104.463753 22.050819  0.124430 -0.942638 0.309761  0.418958 0.903317 1 0 1.000000
skin_0dam
0  17.314947 -104.463753 22.050819  0.124430 -0.942638 0.309761  0.418958 0.903317 1 0 1.000000
0  17.135063 -104.443802 22.078671  -0.052275 -0.923575 0.379836  0.419935 0.902341 1 0 1.000000
0  17.081465 -104.511017 21.889458  -0.116211 -0.992796 -0.029178  0.419935 0.903317 1 0 1.000000
skin_0dam
0  29.083017 -55.619709 32.000946  0.169477 -0.151925 0.973754  0.342784 0.725578 1 0 1.000000
0  28.904089 -55.605946 32.000946  -0.015316 -0.122468 0.992354  0.343760 0.725578 1 0 1.000000
0  27.721016 -62.255302 31.071365  -0.145755 -0.088316 0.985371  0.351573 0.750969 1 0 1.000000
skin_0dam
0  27.721016 -62.255302 31.071365  -0.145755 -0.088316 0.985371  0.351573 0.750969 1 0 1.000000
0  27.900602 -62.258781 31.097828  0.040312 -0.122283 0.991676  0.350597 0.750969 1 0 1.000000
0  29.083017 -55.619709 32.000946  0.169477 -0.151925 0.973754  0.342784 0.725578 1 0 1.000000
skin_0dam
0  17.879103 -102.537994 23.315521  -0.069847 -0.339841 0.937886  0.415052 0.898434 1 0 1.000000
0  18.071650 -102.527748 23.327427  0.105293 -0.386795 0.916135  0.414075 0.897458 1 0 1.000000
0  18.765280 -100.227112 24.228065  0.055275 -0.346274 0.936503  0.410169 0.894528 1 0 1.000000
skin_0dam
0  18.765280 -100.227112 24.228065  0.055275 -0.346274 0.936503  0.410169 0.894528 1 0 1.000000
0  18.571949 -100.224312 24.201740  -0.128496 -0.298819 0.945619  0.411145 0.894528 1 0 1.000000
0  17.879103 -102.537994 23.315521  -0.069847 -0.339841 0.937886  0.415052 0.898434 1 0 1.000000
skin_0dam
0  17.569704 -104.199020 22.683575  0.151145 -0.722883 0.674237  0.417005 0.900388 1 0 1.000000
0  17.376570 -104.194855 22.684746  -0.027405 -0.752331 0.658215  0.417982 0.900388 1 0 1.000000
0  17.135063 -104.443802 22.078671  -0.052275 -0.923575 0.379836  0.419935 0.902341 1 0 1.000000
skin_0dam
0  17.135063 -104.443802 22.078671  -0.052275 -0.923575 0.379836  0.419935 0.902341 1 0 1.000000
0  17.314947 -104.463753 22.050819  0.124430 -0.942638 0.309761  0.418958 0.903317 1 0 1.000000
0  17.569704 -104.199020 22.683575  0.151145 -0.722883 0.674237  0.417005 0.900388 1 0 1.000000
skin_0dam
0  31.477928 -42.337597 33.336040  0.279754 -0.117680 0.952832  0.330088 0.677725 1 0 1.000000
0  31.312759 -42.323830 33.349804  0.066924 -0.114625 0.991152  0.330088 0.677725 1 0 1.000000
0  30.308001 -48.696491 32.771721  0.023309 -0.104835 0.994216  0.335948 0.700186 1 0 1.000000
skin_0dam
0  30.308001 -48.696491 32.771721  0.023309 -0.104835 0.994216  0.335948 0.700186 1 0 1.000000
0  30.486929 -48.696491 32.757957  0.209701 -0.134307 0.968497  0.334971 0.700186 1 0 1.000000
0  31.477928 -42.337597 33.336040  0.279754 -0.117680 0.952832  0.330088 0.677725 1 0 1.000000
skin_0dam
0  40.231731 -30.817253 27.197361  0.969500 -0.038124 0.242110  0.249031 0.635731 1 0 1.000000
0  40.575829 -30.954891 23.838984  0.997029 0.049008 0.059417  0.230476 0.636708 1 0 1.000000
0  40.562065 -30.789726 23.797689  0.970240 0.236313 0.052828  0.230476 0.635731 1 0 1.000000
skin_0dam
0  40.562065 -30.789726 23.797689  0.970240 0.236313 0.052828  0.230476 0.635731 1 0 1.000000
0  40.245499 -30.665854 27.211124  0.969948 0.112970 0.215497  0.249031 0.635731 1 0 1.000000
0  40.231731 -30.817253 27.197361  0.969500 -0.038124 0.242110  0.249031 0.635731 1 0 1.000000
skin_0dam
0  38.029514 -29.950130 31.106297  0.603808 -0.045574 0.795826  0.293954 0.632801 1 0 1.000000
0  39.295792 -30.404337 29.619797  0.852114 -0.010854 0.523243  0.287118 0.634754 1 0 1.000000
0  39.295792 -30.239174 29.619797  0.860523 0.176268 0.477944  0.287118 0.633778 1 0 1.000000
skin_0dam
0  39.295792 -30.239174 29.619797  0.860523 0.176268 0.477944  0.287118 0.633778 1 0 1.000000
0  38.029514 -29.771200 31.106297  0.635249 0.131232 0.761076  0.293954 0.631825 1 0 1.000000
0  38.029514 -29.950130 31.106297  0.603808 -0.045574 0.795826  0.293954 0.632801 1 0 1.000000
skin_0dam
0  40.369373 -30.652086 16.489088  0.975334 0.199442 -0.094582  0.191412 0.635731 1 0 1.000000
0  40.644646 -30.817253 20.329199  0.983463 0.179749 -0.022159  0.211921 0.635731 1 0 1.000000
0  40.644646 -30.982418 20.329199  0.999113 -0.025020 -0.033875  0.211921 0.636708 1 0 1.000000
skin_0dam
0  40.644646 -30.982418 20.329199  0.999113 -0.025020 -0.033875  0.211921 0.636708 1 0 1.000000
0  40.369373 -30.817253 16.489088  0.993994 -0.017216 -0.108067  0.191412 0.635731 1 0 1.000000
0  40.369373 -30.652086 16.489088  0.975334 0.199442 -0.094582  0.191412 0.635731 1 0 1.000000
skin_0dam
0  40.644646 -30.817253 20.329199  0.983463 0.179749 -0.022159  0.211921 0.635731 1 0 1.000000
0  40.562065 -30.789726 23.797689  0.970240 0.236313 0.052828  0.230476 0.635731 1 0 1.000000
0  40.575829 -30.954891 23.838984  0.997029 0.049008 0.059417  0.230476 0.636708 1 0 1.000000
skin_0dam
0  40.575829 -30.954891 23.838984  0.997029 0.049008 0.059417  0.230476 0.636708 1 0 1.000000
0  40.644646 -30.982418 20.329199  0.999113 -0.025020 -0.033875  0.211921 0.636708 1 0 1.000000
0  40.644646 -30.817253 20.329199  0.983463 0.179749 -0.022159  0.211921 0.635731 1 0 1.000000
skin_0dam
0  39.295792 -30.404337 29.619797  0.852114 -0.010854 0.523243  0.261727 0.634754 1 0 1.000000
0  40.231731 -30.817253 27.197361  0.969500 -0.038124 0.242110  0.249031 0.635731 1 0 1.000000
0  40.245499 -30.665854 27.211124  0.969948 0.112970 0.215497  0.249031 0.635731 1 0 1.000000
skin_0dam
0  40.245499 -30.665854 27.211124  0.969948 0.112970 0.215497  0.249031 0.635731 1 0 1.000000
0  39.295792 -30.239174 29.619797  0.860523 0.176268 0.477944  0.261727 0.633778 1 0 1.000000
0  39.295792 -30.404337 29.619797  0.852114 -0.010854 0.523243  0.261727 0.634754 1 0 1.000000
skin_0dam
0  38.029514 -29.771200 31.106297  0.635249 0.131232 0.761076  0.293954 0.631825 1 0 1.000000
0  36.240215 -29.124302 31.973415  0.434968 0.126225 0.891555  0.303720 0.629871 1 0 1.000000
0  36.226452 -29.316994 31.973415  0.370553 -0.027793 0.928395  0.303720 0.630848 1 0 1.000000
skin_0dam
0  36.226452 -29.316994 31.973415  0.370553 -0.027793 0.928395  0.303720 0.630848 1 0 1.000000
0  38.029514 -29.950130 31.106297  0.603808 -0.045574 0.795826  0.293954 0.632801 1 0 1.000000
0  38.029514 -29.771200 31.106297  0.635249 0.131232 0.761076  0.293954 0.631825 1 0 1.000000
skin_0dam
0  40.245499 -30.665854 27.211124  0.969948 0.112970 0.215497  0.249031 0.635731 1 0 1.000000
0  40.562065 -30.789726 23.797689  0.970240 0.236313 0.052828  0.230476 0.635731 1 0 1.000000
0  40.493248 -30.624559 23.742634  0.911880 0.408374 0.041290  0.230476 0.635731 1 0 1.000000
skin_0dam
0  40.493248 -30.624559 23.742634  0.911880 0.408374 0.041290  0.230476 0.635731 1 0 1.000000
0  40.176678 -30.500683 27.211124  0.920587 0.334781 0.201101  0.249031 0.634754 1 0 1.000000
0  40.245499 -30.665854 27.211124  0.969948 0.112970 0.215497  0.249031 0.635731 1 0 1.000000
skin_0dam
0  39.240734 -30.060240 29.578506  0.827978 0.361171 0.428962  0.261727 0.632801 1 0 1.000000
0  38.001987 -29.592270 31.051237  0.630555 0.318493 0.707787  0.269539 0.631825 1 0 1.000000
0  38.029514 -29.771200 31.106297  0.635249 0.131232 0.761076  0.270516 0.631825 1 0 1.000000
skin_0dam
0  38.029514 -29.771200 31.106297  0.635249 0.131232 0.761076  0.270516 0.631825 1 0 1.000000
0  39.295792 -30.239174 29.619797  0.860523 0.176268 0.477944  0.261727 0.633778 1 0 1.000000
0  39.240734 -30.060240 29.578506  0.827978 0.361171 0.428962  0.261727 0.632801 1 0 1.000000
skin_0dam
0  40.286789 -30.486919 16.475323  0.912478 0.401267 -0.079804  0.191412 0.634754 1 0 1.000000
0  40.575829 -30.652086 20.329199  0.920803 0.389687 -0.016330  0.211921 0.635731 1 0 1.000000
0  40.644646 -30.817253 20.329199  0.983463 0.179749 -0.022159  0.211921 0.635731 1 0 1.000000
skin_0dam
0  40.644646 -30.817253 20.329199  0.983463 0.179749 -0.022159  0.211921 0.635731 1 0 1.000000
0  40.369373 -30.652086 16.489088  0.975334 0.199442 -0.094582  0.191412 0.635731 1 0 1.000000
0  40.286789 -30.486919 16.475323  0.912478 0.401267 -0.079804  0.191412 0.634754 1 0 1.000000
skin_0dam
0  40.575829 -30.652086 20.329199  0.920803 0.389687 -0.016330  0.211921 0.635731 1 0 1.000000
0  40.493248 -30.624559 23.742634  0.911880 0.408374 0.041290  0.230476 0.635731 1 0 1.000000
0  40.562065 -30.789726 23.797689  0.970240 0.236313 0.052828  0.230476 0.635731 1 0 1.000000
skin_0dam
0  40.562065 -30.789726 23.797689  0.970240 0.236313 0.052828  0.230476 0.635731 1 0 1.000000
0  40.644646 -30.817253 20.329199  0.983463 0.179749 -0.022159  0.211921 0.635731 1 0 1.000000
0  40.575829 -30.652086 20.329199  0.920803 0.389687 -0.016330  0.211921 0.635731 1 0 1.000000
skin_0dam
0  40.176678 -30.500683 27.211124  0.920587 0.334781 0.201101  0.249031 0.634754 1 0 1.000000
0  39.240734 -30.060240 29.578506  0.827978 0.361171 0.428962  0.261727 0.632801 1 0 1.000000
0  39.295792 -30.239174 29.619797  0.860523 0.176268 0.477944  0.261727 0.633778 1 0 1.000000
skin_0dam
0  39.295792 -30.239174 29.619797  0.860523 0.176268 0.477944  0.261727 0.633778 1 0 1.000000
0  40.245499 -30.665854 27.211124  0.969948 0.112970 0.215497  0.249031 0.635731 1 0 1.000000
0  40.176678 -30.500683 27.211124  0.920587 0.334781 0.201101  0.249031 0.634754 1 0 1.000000
skin_0dam
0  38.001987 -29.592270 31.051237  0.630555 0.318493 0.707787  0.269539 0.631825 1 0 1.000000
0  36.226452 -28.931608 31.904598  0.497616 0.294618 0.815830  0.274422 0.628895 1 0 1.000000
0  36.240215 -29.124302 31.973415  0.434968 0.126225 0.891555  0.274422 0.629871 1 0 1.000000
skin_0dam
0  36.240215 -29.124302 31.973415  0.434968 0.126225 0.891555  0.274422 0.629871 1 0 1.000000
0  38.029514 -29.771200 31.106297  0.635249 0.131232 0.761076  0.270516 0.631825 1 0 1.000000
0  38.001987 -29.592270 31.051237  0.630555 0.318493 0.707787  0.269539 0.631825 1 0 1.000000
skin_0dam
0  24.979353 -101.411713 17.944660  0.495070 -0.866571 0.062931  0.375988 0.916990 1 0 1.000000
0  27.678719 -99.279320 17.309666  0.652781 -0.749116 0.112706  0.361339 0.918943 1 0 1.000000
0  27.684111 -98.815414 20.277103  0.631689 -0.743211 0.220467  0.361339 0.908200 1 0 1.000000
skin_0dam
0  27.684111 -98.815414 20.277103  0.631689 -0.743211 0.220467  0.361339 0.908200 1 0 1.000000
0  24.807327 -101.466721 18.403393  0.510053 -0.857007 0.073382  0.376965 0.915036 1 0 1.000000
0  24.979353 -101.411713 17.944660  0.495070 -0.866571 0.062931  0.375988 0.916990 1 0 1.000000
skin_0dam
0  25.016186 -101.421867 17.421215  0.487813 -0.872031 0.040010  0.375988 0.918943 1 0 1.000000
0  27.678719 -99.279320 17.309666  0.652781 -0.749116 0.112706  0.361339 0.918943 1 0 1.000000
0  24.979353 -101.411713 17.944660  0.495070 -0.866571 0.062931  0.375988 0.916990 1 0 1.000000
skin_0dam
0  39.171917 -44.333355 6.978269  0.998658 -0.003149 -0.051688  0.139653 0.684561 1 0 1.000000
0  39.213207 -45.090363 6.138674  0.994911 -0.008322 0.100418  0.134770 0.687490 1 0 1.000000
0  39.254501 -39.873863 6.345131  0.998712 -0.005341 0.050450  0.136723 0.668935 1 0 1.000000
skin_0dam
0  39.254501 -39.873863 6.345131  0.998712 -0.005341 0.050450  0.136723 0.668935 1 0 1.000000
0  39.282028 -40.011501 7.267309  0.996508 -0.001403 -0.083480  0.141606 0.668935 1 0 1.000000
0  39.171917 -44.333355 6.978269  0.998658 -0.003149 -0.051688  0.139653 0.684561 1 0 1.000000
skin_0dam
0  39.309555 -30.197878 9.194248  0.994869 0.029895 -0.096655  0.151372 0.633778 1 0 1.000000
0  39.681179 -30.418100 11.850671  0.990039 -0.005426 -0.140685  0.166021 0.634754 1 0 1.000000
0  39.598598 -34.960175 11.437756  0.992919 0.023177 -0.116514  0.164068 0.651357 1 0 1.000000
skin_0dam
0  39.598598 -34.960175 11.437756  0.992919 0.023177 -0.116514  0.164068 0.651357 1 0 1.000000
0  39.323318 -34.574783 8.822624  0.994348 0.019522 -0.104365  0.149419 0.649403 1 0 1.000000
0  39.309555 -30.197878 9.194248  0.994869 0.029895 -0.096655  0.151372 0.633778 1 0 1.000000
skin_0dam
0  40.314316 -41.635635 14.396984  0.990131 0.048750 -0.131390  0.179693 0.674795 1 0 1.000000
0  40.727230 -42.888149 17.493849  0.993895 0.078923 -0.077092  0.196295 0.679678 1 0 1.000000
0  40.906162 -46.356636 16.062408  0.985542 0.080031 -0.149336  0.188482 0.692373 1 0 1.000000
skin_0dam
0  40.906162 -46.356636 16.062408  0.985542 0.080031 -0.149336  0.188482 0.692373 1 0 1.000000
0  40.204205 -45.228004 13.089418  0.980856 0.047545 -0.188839  0.172857 0.688467 1 0 1.000000
0  40.314316 -41.635635 14.396984  0.990131 0.048750 -0.131390  0.179693 0.674795 1 0 1.000000
skin_0dam
0  39.185680 -45.186707 6.923213  0.998317 0.007322 -0.057529  0.139653 0.687490 1 0 1.000000
0  39.213207 -45.090363 6.138674  0.994911 -0.008322 0.100418  0.134770 0.687490 1 0 1.000000
0  39.171917 -44.333355 6.978269  0.998658 -0.003149 -0.051688  0.139653 0.684561 1 0 1.000000
skin_0dam
0  39.364613 -44.457226 8.313362  0.990210 0.005458 -0.139476  0.146489 0.685537 1 0 1.000000
0  39.584835 -44.608627 9.841149  0.986482 0.013651 -0.163300  0.155278 0.685537 1 0 1.000000
0  39.598598 -45.503277 9.786094  0.985348 0.035475 -0.166826  0.155278 0.689444 1 0 1.000000
skin_0dam
0  39.598598 -45.503277 9.786094  0.985348 0.035475 -0.166826  0.155278 0.689444 1 0 1.000000
0  39.378376 -45.338116 8.272070  0.989778 0.022577 -0.140816  0.146489 0.688467 1 0 1.000000
0  39.364613 -44.457226 8.313362  0.990210 0.005458 -0.139476  0.146489 0.685537 1 0 1.000000
skin_0dam
0  40.906162 -46.466751 16.007353  0.983526 0.075768 -0.164122  0.188482 0.692373 1 0 1.000000
0  40.204205 -45.351879 13.048125  0.979142 0.071331 -0.190245  0.172857 0.688467 1 0 1.000000
0  40.204205 -45.228004 13.089418  0.980856 0.047545 -0.188839  0.172857 0.688467 1 0 1.000000
skin_0dam
0  40.204205 -45.228004 13.089418  0.980856 0.047545 -0.188839  0.172857 0.688467 1 0 1.000000
0  40.906162 -46.356636 16.062408  0.985542 0.080031 -0.149336  0.188482 0.692373 1 0 1.000000
0  40.906162 -46.466751 16.007353  0.983526 0.075768 -0.164122  0.188482 0.692373 1 0 1.000000
skin_0dam
0  39.584835 -44.608627 9.841149  0.986482 0.013651 -0.163300  0.155278 0.685537 1 0 1.000000
0  39.364613 -44.457226 8.313362  0.990210 0.005458 -0.139476  0.146489 0.685537 1 0 1.000000
0  39.460957 -40.217960 8.533584  0.990177 0.006146 -0.139687  0.148442 0.669912 1 0 1.000000
skin_0dam
0  39.460957 -40.217960 8.533584  0.990177 0.006146 -0.139687  0.148442 0.669912 1 0 1.000000
0  39.763760 -40.575821 10.680743  0.989769 0.019161 -0.141385  0.160161 0.670888 1 0 1.000000
0  39.584835 -44.608627 9.841149  0.986482 0.013651 -0.163300  0.155278 0.685537 1 0 1.000000
skin_0dam
0  39.323318 -34.574783 8.822624  0.994348 0.019522 -0.104365  0.149419 0.649403 1 0 1.000000
0  39.598598 -34.960175 11.437756  0.992919 0.023177 -0.116514  0.164068 0.651357 1 0 1.000000
0  39.763760 -40.575821 10.680743  0.989769 0.019161 -0.141385  0.160161 0.670888 1 0 1.000000
skin_0dam
0  39.763760 -40.575821 10.680743  0.989769 0.019161 -0.141385  0.160161 0.670888 1 0 1.000000
0  39.460957 -40.217960 8.533584  0.990177 0.006146 -0.139687  0.148442 0.669912 1 0 1.000000
0  39.323318 -34.574783 8.822624  0.994348 0.019522 -0.104365  0.149419 0.649403 1 0 1.000000
skin_0dam
0  40.149151 -35.593307 15.745840  0.994699 0.016611 -0.101483  0.187506 0.653310 1 0 1.000000
0  40.438190 -36.185154 19.861229  0.997384 0.020818 -0.069226  0.208991 0.655263 1 0 1.000000
0  40.727230 -42.888149 17.493849  0.993895 0.078923 -0.077092  0.196295 0.679678 1 0 1.000000
skin_0dam
0  40.727230 -42.888149 17.493849  0.993895 0.078923 -0.077092  0.196295 0.679678 1 0 1.000000
0  40.314316 -41.635635 14.396984  0.990131 0.048750 -0.131390  0.179693 0.674795 1 0 1.000000
0  40.149151 -35.593307 15.745840  0.994699 0.016611 -0.101483  0.187506 0.653310 1 0 1.000000
skin_0dam
0  39.763760 -40.575821 10.680743  0.989769 0.019161 -0.141385  0.160161 0.670888 1 0 1.000000
0  40.314316 -41.635635 14.396984  0.990131 0.048750 -0.131390  0.179693 0.674795 1 0 1.000000
0  40.204205 -45.228004 13.089418  0.980856 0.047545 -0.188839  0.172857 0.688467 1 0 1.000000
skin_0dam
0  40.204205 -45.228004 13.089418  0.980856 0.047545 -0.188839  0.172857 0.688467 1 0 1.000000
0  39.584835 -44.608627 9.841149  0.986482 0.013651 -0.163300  0.155278 0.685537 1 0 1.000000
0  39.763760 -40.575821 10.680743  0.989769 0.019161 -0.141385  0.160161 0.670888 1 0 1.000000
skin_0dam
0  39.584835 -44.608627 9.841149  0.986482 0.013651 -0.163300  0.155278 0.685537 1 0 1.000000
0  40.204205 -45.228004 13.089418  0.980856 0.047545 -0.188839  0.172857 0.688467 1 0 1.000000
0  40.204205 -45.351879 13.048125  0.979142 0.071331 -0.190245  0.172857 0.688467 1 0 1.000000
skin_0dam
0  39.681179 -30.418100 11.850671  0.990039 -0.005426 -0.140685  0.166021 0.634754 1 0 1.000000
0  40.369373 -30.817253 16.489088  0.993994 -0.017216 -0.108067  0.191412 0.635731 1 0 1.000000
0  40.149151 -35.593307 15.745840  0.994699 0.016611 -0.101483  0.187506 0.653310 1 0 1.000000
skin_0dam
0  40.149151 -35.593307 15.745840  0.994699 0.016611 -0.101483  0.187506 0.653310 1 0 1.000000
0  39.598598 -34.960175 11.437756  0.992919 0.023177 -0.116514  0.164068 0.651357 1 0 1.000000
0  39.681179 -30.418100 11.850671  0.990039 -0.005426 -0.140685  0.166021 0.634754 1 0 1.000000
skin_0dam
0  39.598598 -34.960175 11.437756  0.992919 0.023177 -0.116514  0.164068 0.651357 1 0 1.000000
0  40.149151 -35.593307 15.745840  0.994699 0.016611 -0.101483  0.187506 0.653310 1 0 1.000000
0  40.314316 -41.635635 14.396984  0.990131 0.048750 -0.131390  0.179693 0.674795 1 0 1.000000
skin_0dam
0  40.314316 -41.635635 14.396984  0.990131 0.048750 -0.131390  0.179693 0.674795 1 0 1.000000
0  39.763760 -40.575821 10.680743  0.989769 0.019161 -0.141385  0.160161 0.670888 1 0 1.000000
0  39.598598 -34.960175 11.437756  0.992919 0.023177 -0.116514  0.164068 0.651357 1 0 1.000000
skin_0dam
0  39.282028 -40.011501 7.267309  0.996508 -0.001403 -0.083480  0.141606 0.668935 1 0 1.000000
0  39.254501 -39.873863 6.345131  0.998712 -0.005341 0.050450  0.136723 0.668935 1 0 1.000000
0  39.226971 -34.230690 6.482769  0.999351 0.004002 0.035788  0.136723 0.648427 1 0 1.000000
skin_0dam
0  39.226971 -34.230690 6.482769  0.999351 0.004002 0.035788  0.136723 0.648427 1 0 1.000000
0  39.171917 -34.382088 7.487531  0.999413 0.009005 -0.033049  0.142582 0.648427 1 0 1.000000
0  39.282028 -40.011501 7.267309  0.996508 -0.001403 -0.083480  0.141606 0.668935 1 0 1.000000
skin_0dam
0  39.171917 -34.382088 7.487531  0.999413 0.009005 -0.033049  0.142582 0.648427 1 0 1.000000
0  39.226971 -34.230690 6.482769  0.999351 0.004002 0.035788  0.136723 0.648427 1 0 1.000000
0  39.226971 -29.963894 6.579117  0.999765 -0.011613 0.018328  0.137700 0.632801 1 0 1.000000
skin_0dam
0  39.226971 -29.963894 6.579117  0.999765 -0.011613 0.018328  0.137700 0.632801 1 0 1.000000
0  39.213207 -30.060240 7.611405  0.998938 0.039934 -0.022970  0.143559 0.632801 1 0 1.000000
0  39.171917 -34.382088 7.487531  0.999413 0.009005 -0.033049  0.142582 0.648427 1 0 1.000000
skin_0dam
0  40.906162 -47.237522 15.649492  0.983788 0.074266 -0.163234  0.186529 0.695303 1 0 1.000000
0  40.204205 -46.163944 12.745320  0.978958 0.068526 -0.192213  0.170904 0.691397 1 0 1.000000
0  40.204205 -45.351879 13.048125  0.979142 0.071331 -0.190245  0.172857 0.688467 1 0 1.000000
skin_0dam
0  40.204205 -45.351879 13.048125  0.979142 0.071331 -0.190245  0.172857 0.688467 1 0 1.000000
0  40.906162 -46.466751 16.007353  0.983526 0.075768 -0.164122  0.188482 0.692373 1 0 1.000000
0  40.906162 -47.237522 15.649492  0.983788 0.074266 -0.163234  0.186529 0.695303 1 0 1.000000
skin_0dam
0  40.204205 -46.163944 12.745320  0.978958 0.068526 -0.192213  0.170904 0.691397 1 0 1.000000
0  39.598598 -45.503277 9.786094  0.985348 0.035475 -0.166826  0.155278 0.689444 1 0 1.000000
0  39.584835 -44.608627 9.841149  0.986482 0.013651 -0.163300  0.155278 0.685537 1 0 1.000000
skin_0dam
0  39.584835 -44.608627 9.841149  0.986482 0.013651 -0.163300  0.155278 0.685537 1 0 1.000000
0  40.204205 -45.351879 13.048125  0.979142 0.071331 -0.190245  0.172857 0.688467 1 0 1.000000
0  40.204205 -46.163944 12.745320  0.978958 0.068526 -0.192213  0.170904 0.691397 1 0 1.000000
skin_0dam
0  39.268265 -39.846336 6.179965  0.998651 0.002229 -0.051869  0.135746 0.668935 1 0 1.000000
0  39.254501 -39.873863 6.345131  0.998712 -0.005341 0.050450  0.136723 0.668935 1 0 1.000000
0  39.213207 -45.090363 6.138674  0.994911 -0.008322 0.100418  0.134770 0.687490 1 0 1.000000
skin_0dam
0  39.213207 -45.090363 6.138674  0.994911 -0.008322 0.100418  0.134770 0.687490 1 0 1.000000
0  39.240734 -45.090363 5.973507  0.998434 -0.004930 0.055724  0.133793 0.687490 1 0 1.000000
0  39.268265 -39.846336 6.179965  0.998651 0.002229 -0.051869  0.135746 0.668935 1 0 1.000000
skin_0dam
0  39.226971 -34.216927 6.317604  0.994678 0.007510 -0.102762  0.135746 0.648427 1 0 1.000000
0  39.226971 -34.230690 6.482769  0.999351 0.004002 0.035788  0.136723 0.648427 1 0 1.000000
0  39.254501 -39.873863 6.345131  0.998712 -0.005341 0.050450  0.136723 0.668935 1 0 1.000000
skin_0dam
0  39.254501 -39.873863 6.345131  0.998712 -0.005341 0.050450  0.136723 0.668935 1 0 1.000000
0  39.268265 -39.846336 6.179965  0.998651 0.002229 -0.051869  0.135746 0.668935 1 0 1.000000
0  39.226971 -34.216927 6.317604  0.994678 0.007510 -0.102762  0.135746 0.648427 1 0 1.000000
skin_0dam
0  39.226971 -29.798731 6.427714  0.977692 0.152919 -0.143993  0.136723 0.631825 1 0 1.000000
0  39.226971 -29.963894 6.579117  0.999765 -0.011613 0.018328  0.137700 0.632801 1 0 1.000000
0  39.226971 -34.230690 6.482769  0.999351 0.004002 0.035788  0.136723 0.648427 1 0 1.000000
skin_0dam
0  39.226971 -34.230690 6.482769  0.999351 0.004002 0.035788  0.136723 0.648427 1 0 1.000000
0  39.226971 -34.216927 6.317604  0.994678 0.007510 -0.102762  0.135746 0.648427 1 0 1.000000
0  39.226971 -29.798731 6.427714  0.977692 0.152919 -0.143993  0.136723 0.631825 1 0 1.000000
skin_0dam
0  39.240734 -45.090363 5.973507  0.998434 -0.004930 0.055724  0.133793 0.687490 1 0 1.000000
0  39.226971 -45.131653 5.794577  0.999454 0.001802 -0.032985  0.132817 0.687490 1 0 1.000000
0  39.226971 -39.846336 5.987271  0.973159 0.007722 -0.230004  0.134770 0.668935 1 0 1.000000
skin_0dam
0  39.226971 -39.846336 5.987271  0.973159 0.007722 -0.230004  0.134770 0.668935 1 0 1.000000
0  39.268265 -39.846336 6.179965  0.998651 0.002229 -0.051869  0.135746 0.668935 1 0 1.000000
0  39.240734 -45.090363 5.973507  0.998434 -0.004930 0.055724  0.133793 0.687490 1 0 1.000000
skin_0dam
0  39.268265 -39.846336 6.179965  0.998651 0.002229 -0.051869  0.135746 0.668935 1 0 1.000000
0  39.226971 -39.846336 5.987271  0.973159 0.007722 -0.230004  0.134770 0.668935 1 0 1.000000
0  39.185680 -34.189400 6.138674  0.972486 0.013491 -0.232569  0.134770 0.648427 1 0 1.000000
skin_0dam
0  39.185680 -34.189400 6.138674  0.972486 0.013491 -0.232569  0.134770 0.648427 1 0 1.000000
0  39.226971 -34.216927 6.317604  0.994678 0.007510 -0.102762  0.135746 0.648427 1 0 1.000000
0  39.268265 -39.846336 6.179965  0.998651 0.002229 -0.051869  0.135746 0.668935 1 0 1.000000
skin_0dam
0  39.226971 -34.216927 6.317604  0.994678 0.007510 -0.102762  0.135746 0.648427 1 0 1.000000
0  39.185680 -34.189400 6.138674  0.972486 0.013491 -0.232569  0.134770 0.648427 1 0 1.000000
0  39.144390 -29.592270 6.262548  0.960094 0.220378 -0.172201  0.135746 0.631825 1 0 1.000000
skin_0dam
0  39.144390 -29.592270 6.262548  0.960094 0.220378 -0.172201  0.135746 0.631825 1 0 1.000000
0  39.226971 -29.798731 6.427714  0.977692 0.152919 -0.143993  0.136723 0.631825 1 0 1.000000
0  39.226971 -34.216927 6.317604  0.994678 0.007510 -0.102762  0.135746 0.648427 1 0 1.000000
skin_0dam
0  39.681179 -30.418100 11.850671  0.990039 -0.005426 -0.140685  0.166021 0.634754 1 0 1.000000
0  39.309555 -30.197878 9.194248  0.994869 0.029895 -0.096655  0.151372 0.633778 1 0 1.000000
0  39.309555 -30.018950 9.194248  0.970614 0.226435 -0.081455  0.151372 0.632801 1 0 1.000000
skin_0dam
0  39.309555 -30.018950 9.194248  0.970614 0.226435 -0.081455  0.151372 0.632801 1 0 1.000000
0  39.681179 -30.252937 11.878199  0.958733 0.260149 -0.114688  0.166021 0.633778 1 0 1.000000
0  39.681179 -30.418100 11.850671  0.990039 -0.005426 -0.140685  0.166021 0.634754 1 0 1.000000
skin_0dam
0  40.369373 -30.817253 16.489088  0.993994 -0.017216 -0.108067  0.191412 0.635731 1 0 1.000000
0  39.681179 -30.418100 11.850671  0.990039 -0.005426 -0.140685  0.166021 0.634754 1 0 1.000000
0  39.681179 -30.252937 11.878199  0.958733 0.260149 -0.114688  0.166021 0.633778 1 0 1.000000
skin_0dam
0  39.681179 -30.252937 11.878199  0.958733 0.260149 -0.114688  0.166021 0.633778 1 0 1.000000
0  40.369373 -30.652086 16.489088  0.975334 0.199442 -0.094582  0.191412 0.635731 1 0 1.000000
0  40.369373 -30.817253 16.489088  0.993994 -0.017216 -0.108067  0.191412 0.635731 1 0 1.000000
skin_0dam
0  39.213207 -30.060240 7.611405  0.998938 0.039934 -0.022970  0.143559 0.632801 1 0 1.000000
0  39.226971 -29.963894 6.579117  0.999765 -0.011613 0.018328  0.137700 0.632801 1 0 1.000000
0  39.226971 -29.798731 6.427714  0.977692 0.152919 -0.143993  0.136723 0.631825 1 0 1.000000
skin_0dam
0  39.226971 -29.798731 6.427714  0.977692 0.152919 -0.143993  0.136723 0.631825 1 0 1.000000
0  39.199444 -29.881311 7.611405  0.972099 0.234563 -0.002044  0.143559 0.632801 1 0 1.000000
0  39.213207 -30.060240 7.611405  0.998938 0.039934 -0.022970  0.143559 0.632801 1 0 1.000000
skin_0dam
0  39.681179 -30.252937 11.878199  0.958733 0.260149 -0.114688  0.166021 0.633778 1 0 1.000000
0  39.309555 -30.018950 9.194248  0.970614 0.226435 -0.081455  0.151372 0.632801 1 0 1.000000
0  39.240734 -29.853785 9.208013  0.917249 0.393899 -0.059143  0.151372 0.632801 1 0 1.000000
skin_0dam
0  39.240734 -29.853785 9.208013  0.917249 0.393899 -0.059143  0.151372 0.632801 1 0 1.000000
0  39.598598 -30.087767 11.905727  0.859702 0.504959 -0.077002  0.166021 0.633778 1 0 1.000000
0  39.681179 -30.252937 11.878199  0.958733 0.260149 -0.114688  0.166021 0.633778 1 0 1.000000
skin_0dam
0  40.369373 -30.652086 16.489088  0.975334 0.199442 -0.094582  0.191412 0.635731 1 0 1.000000
0  39.681179 -30.252937 11.878199  0.958733 0.260149 -0.114688  0.166021 0.633778 1 0 1.000000
0  39.598598 -30.087767 11.905727  0.859702 0.504959 -0.077002  0.166021 0.633778 1 0 1.000000
skin_0dam
0  39.598598 -30.087767 11.905727  0.859702 0.504959 -0.077002  0.166021 0.633778 1 0 1.000000
0  40.286789 -30.486919 16.475323  0.912478 0.401267 -0.079804  0.191412 0.634754 1 0 1.000000
0  40.369373 -30.652086 16.489088  0.975334 0.199442 -0.094582  0.191412 0.635731 1 0 1.000000
skin_0dam
0  39.199444 -29.881311 7.611405  0.972099 0.234563 -0.002044  0.143559 0.632801 1 0 1.000000
0  39.226971 -29.798731 6.427714  0.977692 0.152919 -0.143993  0.136723 0.631825 1 0 1.000000
0  39.144390 -29.592270 6.262548  0.960094 0.220378 -0.172201  0.135746 0.631825 1 0 1.000000
skin_0dam
0  39.144390 -29.592270 6.262548  0.960094 0.220378 -0.172201  0.135746 0.631825 1 0 1.000000
0  39.130623 -29.716146 7.625169  0.927815 0.372914 0.009735  0.143559 0.631825 1 0 1.000000
0  39.199444 -29.881311 7.611405  0.972099 0.234563 -0.002044  0.143559 0.632801 1 0 1.000000
skin_0dam
0  34.010471 -33.418621 33.239693  0.846806 -0.136023 0.514216  0.316416 0.645497 1 0 1.000000
0  33.528740 -33.391094 33.914120  0.649021 -0.163667 0.742957  0.318369 0.645497 1 0 1.000000
0  33.143349 -36.955929 33.418621  0.583830 -0.159209 0.796112  0.320322 0.658193 1 0 1.000000
skin_0dam
0  33.143349 -36.955929 33.418621  0.583830 -0.159209 0.796112  0.320322 0.658193 1 0 1.000000
0  33.611320 -36.942165 32.936886  0.765017 -0.148255 0.626713  0.318369 0.658193 1 0 1.000000
0  34.010471 -33.418621 33.239693  0.846806 -0.136023 0.514216  0.316416 0.645497 1 0 1.000000
skin_0dam
0  31.202650 -37.657887 33.941647  0.115120 -0.124417 0.985529  0.331065 0.661122 1 0 1.000000
0  31.629330 -42.351360 33.253456  0.440635 -0.135690 0.887372  0.329112 0.677725 1 0 1.000000
0  32.124828 -36.625599 33.969173  0.268863 -0.152914 0.950963  0.326182 0.657216 1 0 1.000000
skin_0dam
0  34.161877 -36.969692 32.179874  0.533687 -0.102867 0.839402  0.315439 0.658193 1 0 1.000000
0  35.455677 -37.024746 31.904598  0.307157 -0.065102 0.949429  0.308603 0.658193 1 0 1.000000
0  35.896122 -33.473675 31.945889  0.339957 -0.048999 0.939164  0.305673 0.645497 1 0 1.000000
skin_0dam
0  35.896122 -33.473675 31.945889  0.339957 -0.048999 0.939164  0.305673 0.645497 1 0 1.000000
0  34.574791 -33.446148 32.289982  0.584029 -0.089172 0.806820  0.312510 0.645497 1 0 1.000000
0  34.161877 -36.969692 32.179874  0.533687 -0.102867 0.839402  0.315439 0.658193 1 0 1.000000
skin_0dam
0  32.331287 -29.165592 35.799767  0.520230 -0.292614 0.802333  0.325205 0.629871 1 0 1.000000
0  33.680141 -28.449871 34.918880  0.771713 -0.181548 0.609507  0.317392 0.626942 1 0 1.000000
0  33.432392 -27.073490 35.717182  0.751026 -0.215479 0.624123  0.319346 0.622059 1 0 1.000000
skin_0dam
0  33.432392 -27.073490 35.717182  0.751026 -0.215479 0.624123  0.319346 0.622059 1 0 1.000000
0  31.973423 -28.147066 36.377846  0.548286 -0.279784 0.788101  0.327158 0.625965 1 0 1.000000
0  32.331287 -29.165592 35.799767  0.520230 -0.292614 0.802333  0.325205 0.629871 1 0 1.000000
skin_0dam
0  34.905125 -30.597034 32.345043  0.617628 -0.079252 0.782467  0.311533 0.634754 1 0 1.000000
0  36.157631 -30.569508 31.973415  0.358682 -0.034743 0.932813  0.304697 0.634754 1 0 1.000000
0  36.226452 -29.316994 31.973415  0.370553 -0.027793 0.928395  0.303720 0.630848 1 0 1.000000
skin_0dam
0  36.226452 -29.316994 31.973415  0.370553 -0.027793 0.928395  0.303720 0.630848 1 0 1.000000
0  35.111584 -28.573750 32.372570  0.613416 -0.067254 0.786892  0.309580 0.627918 1 0 1.000000
0  34.905125 -30.597034 32.345043  0.617628 -0.079252 0.782467  0.311533 0.634754 1 0 1.000000
skin_0dam
0  34.643612 -27.624043 33.308514  0.905683 -0.079109 0.416509  0.312510 0.624012 1 0 1.000000
0  34.464680 -27.582750 33.638844  0.876983 -0.099479 0.470112  0.313486 0.624012 1 0 1.000000
0  34.271988 -30.720909 33.432384  0.858200 -0.105594 0.502337  0.314463 0.635731 1 0 1.000000
skin_0dam
0  34.271988 -30.720909 33.432384  0.858200 -0.105594 0.502337  0.314463 0.635731 1 0 1.000000
0  34.409626 -30.707146 33.170868  0.863734 -0.102939 0.493323  0.313486 0.635731 1 0 1.000000
0  34.643612 -27.624043 33.308514  0.905683 -0.079109 0.416509  0.312510 0.624012 1 0 1.000000
skin_0dam
0  33.143349 -36.955929 33.418621  0.583830 -0.159209 0.796112  0.320322 0.658193 1 0 1.000000
0  32.124828 -36.625599 33.969173  0.268863 -0.152914 0.950963  0.326182 0.657216 1 0 1.000000
0  31.629330 -42.351360 33.253456  0.440635 -0.135690 0.887372  0.329112 0.677725 1 0 1.000000
skin_0dam
0  31.629330 -42.351360 33.253456  0.440635 -0.135690 0.887372  0.329112 0.677725 1 0 1.000000
0  32.468922 -42.406414 32.813011  0.532079 -0.149755 0.833346  0.324229 0.677725 1 0 1.000000
0  33.143349 -36.955929 33.418621  0.583830 -0.159209 0.796112  0.320322 0.658193 1 0 1.000000
skin_0dam
0  34.409626 -30.707146 33.170868  0.863734 -0.102939 0.493323  0.313486 0.635731 1 0 1.000000
0  34.271988 -30.720909 33.432384  0.858200 -0.105594 0.502337  0.314463 0.635731 1 0 1.000000
0  34.010471 -33.418621 33.239693  0.846806 -0.136023 0.514216  0.316416 0.645497 1 0 1.000000
skin_0dam
0  34.010471 -33.418621 33.239693  0.846806 -0.136023 0.514216  0.316416 0.645497 1 0 1.000000
0  34.134350 -33.418621 33.005707  0.866108 -0.125643 0.483809  0.315439 0.645497 1 0 1.000000
0  34.409626 -30.707146 33.170868  0.863734 -0.102939 0.493323  0.313486 0.635731 1 0 1.000000
skin_0dam
0  32.124828 -36.625599 33.969173  0.268863 -0.152914 0.950963  0.326182 0.657216 1 0 1.000000
0  30.239183 -34.891354 34.382088  0.047921 -0.168130 0.984599  0.335948 0.650380 1 0 1.000000
0  31.202650 -37.657887 33.941647  0.115120 -0.124417 0.985529  0.331065 0.661122 1 0 1.000000
skin_0dam
0  33.735195 -30.872309 34.285744  0.721390 -0.161600 0.673411  0.317392 0.635731 1 0 1.000000
0  32.413868 -31.106298 35.111576  0.393544 -0.265157 0.880236  0.324229 0.636708 1 0 1.000000
0  32.372578 -33.267220 34.547256  0.290042 -0.210050 0.933678  0.325205 0.644520 1 0 1.000000
skin_0dam
0  32.372578 -33.267220 34.547256  0.290042 -0.210050 0.933678  0.325205 0.644520 1 0 1.000000
0  33.528740 -33.391094 33.914120  0.649021 -0.163667 0.742957  0.318369 0.645497 1 0 1.000000
0  33.735195 -30.872309 34.285744  0.721390 -0.161600 0.673411  0.317392 0.635731 1 0 1.000000
skin_0dam
0  33.611320 -36.942165 32.936886  0.765017 -0.148255 0.626713  0.318369 0.658193 1 0 1.000000
0  33.721432 -36.955929 32.785484  0.805781 -0.139287 0.575601  0.317392 0.658193 1 0 1.000000
0  34.134350 -33.418621 33.005707  0.866108 -0.125643 0.483809  0.315439 0.645497 1 0 1.000000
skin_0dam
0  34.134350 -33.418621 33.005707  0.866108 -0.125643 0.483809  0.315439 0.645497 1 0 1.000000
0  34.010471 -33.418621 33.239693  0.846806 -0.136023 0.514216  0.316416 0.645497 1 0 1.000000
0  33.611320 -36.942165 32.936886  0.765017 -0.148255 0.626713  0.318369 0.658193 1 0 1.000000
skin_0dam
0  32.413868 -31.106298 35.111576  0.393544 -0.265157 0.880236  0.324229 0.636708 1 0 1.000000
0  33.735195 -30.872309 34.285744  0.721390 -0.161600 0.673411  0.317392 0.635731 1 0 1.000000
0  33.680141 -28.449871 34.918880  0.771713 -0.181548 0.609507  0.317392 0.626942 1 0 1.000000
skin_0dam
0  33.680141 -28.449871 34.918880  0.771713 -0.181548 0.609507  0.317392 0.626942 1 0 1.000000
0  32.331287 -29.165592 35.799767  0.520230 -0.292614 0.802333  0.325205 0.629871 1 0 1.000000
0  32.413868 -31.106298 35.111576  0.393544 -0.265157 0.880236  0.324229 0.636708 1 0 1.000000
skin_0dam
0  32.331287 -29.165592 35.799767  0.520230 -0.292614 0.802333  0.325205 0.629871 1 0 1.000000
0  31.973423 -28.147066 36.377846  0.548286 -0.279784 0.788101  0.327158 0.625965 1 0 1.000000
0  32.028481 -29.275703 35.896114  0.435680 -0.336738 0.834740  0.326182 0.630848 1 0 1.000000
skin_0dam
0  31.808260 -31.120062 35.262974  0.233032 -0.316481 0.919530  0.328135 0.636708 1 0 1.000000
0  32.413868 -31.106298 35.111576  0.393544 -0.265157 0.880236  0.324229 0.636708 1 0 1.000000
0  32.331287 -29.165592 35.799767  0.520230 -0.292614 0.802333  0.325205 0.629871 1 0 1.000000
skin_0dam
0  32.331287 -29.165592 35.799767  0.520230 -0.292614 0.802333  0.325205 0.629871 1 0 1.000000
0  32.028481 -29.275703 35.896114  0.435680 -0.336738 0.834740  0.326182 0.630848 1 0 1.000000
0  31.808260 -31.120062 35.262974  0.233032 -0.316481 0.919530  0.328135 0.636708 1 0 1.000000
skin_0dam
0  31.312759 -33.102051 34.698658  0.109149 -0.247953 0.962604  0.330088 0.644520 1 0 1.000000
0  32.372578 -33.267220 34.547256  0.290042 -0.210050 0.933678  0.325205 0.644520 1 0 1.000000
0  32.413868 -31.106298 35.111576  0.393544 -0.265157 0.880236  0.324229 0.636708 1 0 1.000000
skin_0dam
0  32.413868 -31.106298 35.111576  0.393544 -0.265157 0.880236  0.324229 0.636708 1 0 1.000000
0  31.808260 -31.120062 35.262974  0.233032 -0.316481 0.919530  0.328135 0.636708 1 0 1.000000
0  31.312759 -33.102051 34.698658  0.109149 -0.247953 0.962604  0.330088 0.644520 1 0 1.000000
skin_0dam
0  32.372578 -33.267220 34.547256  0.290042 -0.210050 0.933678  0.325205 0.644520 1 0 1.000000
0  31.312759 -33.102051 34.698658  0.109149 -0.247953 0.962604  0.330088 0.644520 1 0 1.000000
0  30.239183 -34.891354 34.382088  0.047921 -0.168130 0.984599  0.335948 0.650380 1 0 1.000000
skin_0dam
0  30.239183 -34.891354 34.382088  0.047921 -0.168130 0.984599  0.335948 0.650380 1 0 1.000000
0  32.124828 -36.625599 33.969173  0.268863 -0.152914 0.950963  0.326182 0.657216 1 0 1.000000
0  32.372578 -33.267220 34.547256  0.290042 -0.210050 0.933678  0.325205 0.644520 1 0 1.000000
skin_0dam
0  34.271988 -30.720909 33.432384  0.858200 -0.105594 0.502337  0.314463 0.635731 1 0 1.000000
0  33.735195 -30.872309 34.285744  0.721390 -0.161600 0.673411  0.317392 0.635731 1 0 1.000000
0  33.528740 -33.391094 33.914120  0.649021 -0.163667 0.742957  0.318369 0.645497 1 0 1.000000
skin_0dam
0  33.528740 -33.391094 33.914120  0.649021 -0.163667 0.742957  0.318369 0.645497 1 0 1.000000
0  34.010471 -33.418621 33.239693  0.846806 -0.136023 0.514216  0.316416 0.645497 1 0 1.000000
0  34.271988 -30.720909 33.432384  0.858200 -0.105594 0.502337  0.314463 0.635731 1 0 1.000000
skin_0dam
0  34.464680 -27.582750 33.638844  0.876983 -0.099479 0.470112  0.313486 0.624012 1 0 1.000000
0  33.680141 -28.449871 34.918880  0.771713 -0.181548 0.609507  0.317392 0.626942 1 0 1.000000
0  33.735195 -30.872309 34.285744  0.721390 -0.161600 0.673411  0.317392 0.635731 1 0 1.000000
skin_0dam
0  33.735195 -30.872309 34.285744  0.721390 -0.161600 0.673411  0.317392 0.635731 1 0 1.000000
0  34.271988 -30.720909 33.432384  0.858200 -0.105594 0.502337  0.314463 0.635731 1 0 1.000000
0  34.464680 -27.582750 33.638844  0.876983 -0.099479 0.470112  0.313486 0.624012 1 0 1.000000
skin_0dam
0  34.120586 -26.192604 34.616074  0.889922 -0.093941 0.446334  0.315439 0.619129 1 0 1.000000
0  33.432392 -27.073490 35.717182  0.751026 -0.215479 0.624123  0.319346 0.622059 1 0 1.000000
0  33.680141 -28.449871 34.918880  0.771713 -0.181548 0.609507  0.317392 0.626942 1 0 1.000000
skin_0dam
0  33.680141 -28.449871 34.918880  0.771713 -0.181548 0.609507  0.317392 0.626942 1 0 1.000000
0  34.464680 -27.582750 33.638844  0.876983 -0.099479 0.470112  0.313486 0.624012 1 0 1.000000
0  34.120586 -26.192604 34.616074  0.889922 -0.093941 0.446334  0.315439 0.619129 1 0 1.000000
skin_0dam
0  32.124828 -36.625599 33.969173  0.268863 -0.152914 0.950963  0.326182 0.657216 1 0 1.000000
0  33.143349 -36.955929 33.418621  0.583830 -0.159209 0.796112  0.320322 0.658193 1 0 1.000000
0  33.528740 -33.391094 33.914120  0.649021 -0.163667 0.742957  0.318369 0.645497 1 0 1.000000
skin_0dam
0  33.528740 -33.391094 33.914120  0.649021 -0.163667 0.742957  0.318369 0.645497 1 0 1.000000
0  32.372578 -33.267220 34.547256  0.290042 -0.210050 0.933678  0.325205 0.644520 1 0 1.000000
0  32.124828 -36.625599 33.969173  0.268863 -0.152914 0.950963  0.326182 0.657216 1 0 1.000000
skin_0dam
0  32.468922 -42.406414 32.813011  0.532079 -0.149755 0.833346  0.324229 0.677725 1 0 1.000000
0  32.854309 -42.420177 32.510204  0.684190 -0.151590 0.713375  0.322275 0.677725 1 0 1.000000
0  33.611320 -36.942165 32.936886  0.765017 -0.148255 0.626713  0.318369 0.658193 1 0 1.000000
skin_0dam
0  33.611320 -36.942165 32.936886  0.765017 -0.148255 0.626713  0.318369 0.658193 1 0 1.000000
0  33.143349 -36.955929 33.418621  0.583830 -0.159209 0.796112  0.320322 0.658193 1 0 1.000000
0  32.468922 -42.406414 32.813011  0.532079 -0.149755 0.833346  0.324229 0.677725 1 0 1.000000
skin_0dam
0  33.611320 -36.942165 32.936886  0.765017 -0.148255 0.626713  0.318369 0.658193 1 0 1.000000
0  32.854309 -42.420177 32.510204  0.684190 -0.151590 0.713375  0.322275 0.677725 1 0 1.000000
0  33.721432 -36.955929 32.785484  0.805781 -0.139287 0.575601  0.317392 0.658193 1 0 1.000000
skin_0dam
0  35.455677 -37.024746 31.904598  0.307157 -0.065102 0.949429  0.308603 0.658193 1 0 1.000000
0  34.161877 -36.969692 32.179874  0.533687 -0.102867 0.839402  0.315439 0.658193 1 0 1.000000
0  33.349812 -42.433941 31.932125  0.494409 -0.120547 0.860830  0.319346 0.677725 1 0 1.000000
skin_0dam
0  33.349812 -42.433941 31.932125  0.494409 -0.120547 0.860830  0.319346 0.677725 1 0 1.000000
0  34.629848 -42.488995 31.684378  0.255237 -0.080350 0.963534  0.312510 0.677725 1 0 1.000000
0  35.455677 -37.024746 31.904598  0.307157 -0.065102 0.949429  0.308603 0.658193 1 0 1.000000
skin_0dam
0  34.574791 -33.446148 32.289982  0.584029 -0.089172 0.806820  0.312510 0.645497 1 0 1.000000
0  35.896122 -33.473675 31.945889  0.339957 -0.048999 0.939164  0.305673 0.645497 1 0 1.000000
0  36.157631 -30.569508 31.973415  0.358682 -0.034743 0.932813  0.304697 0.634754 1 0 1.000000
skin_0dam
0  36.157631 -30.569508 31.973415  0.358682 -0.034743 0.932813  0.304697 0.634754 1 0 1.000000
0  34.905125 -30.597034 32.345043  0.617628 -0.079252 0.782467  0.311533 0.634754 1 0 1.000000
0  34.574791 -33.446148 32.289982  0.584029 -0.089172 0.806820  0.312510 0.645497 1 0 1.000000
skin_0dam
0  34.161877 -36.969692 32.179874  0.533687 -0.102867 0.839402  0.315439 0.658193 1 0 1.000000
0  33.721432 -36.955929 32.785484  0.805781 -0.139287 0.575601  0.317392 0.658193 1 0 1.000000
0  32.854309 -42.420177 32.510204  0.684190 -0.151590 0.713375  0.322275 0.677725 1 0 1.000000
skin_0dam
0  32.854309 -42.420177 32.510204  0.684190 -0.151590 0.713375  0.322275 0.677725 1 0 1.000000
0  33.349812 -42.433941 31.932125  0.494409 -0.120547 0.860830  0.319346 0.677725 1 0 1.000000
0  34.161877 -36.969692 32.179874  0.533687 -0.102867 0.839402  0.315439 0.658193 1 0 1.000000
skin_0dam
0  34.574791 -33.446148 32.289982  0.584029 -0.089172 0.806820  0.312510 0.645497 1 0 1.000000
0  34.134350 -33.418621 33.005707  0.866108 -0.125643 0.483809  0.315439 0.645497 1 0 1.000000
0  33.721432 -36.955929 32.785484  0.805781 -0.139287 0.575601  0.317392 0.658193 1 0 1.000000
skin_0dam
0  33.721432 -36.955929 32.785484  0.805781 -0.139287 0.575601  0.317392 0.658193 1 0 1.000000
0  34.161877 -36.969692 32.179874  0.533687 -0.102867 0.839402  0.315439 0.658193 1 0 1.000000
0  34.574791 -33.446148 32.289982  0.584029 -0.089172 0.806820  0.312510 0.645497 1 0 1.000000
skin_0dam
0  34.905125 -30.597034 32.345043  0.617628 -0.079252 0.782467  0.311533 0.634754 1 0 1.000000
0  34.409626 -30.707146 33.170868  0.863734 -0.102939 0.493323  0.313486 0.635731 1 0 1.000000
0  34.134350 -33.418621 33.005707  0.866108 -0.125643 0.483809  0.315439 0.645497 1 0 1.000000
skin_0dam
0  34.134350 -33.418621 33.005707  0.866108 -0.125643 0.483809  0.315439 0.645497 1 0 1.000000
0  34.574791 -33.446148 32.289982  0.584029 -0.089172 0.806820  0.312510 0.645497 1 0 1.000000
0  34.905125 -30.597034 32.345043  0.617628 -0.079252 0.782467  0.311533 0.634754 1 0 1.000000
skin_0dam
0  34.409626 -30.707146 33.170868  0.863734 -0.102939 0.493323  0.313486 0.635731 1 0 1.000000
0  34.905125 -30.597034 32.345043  0.617628 -0.079252 0.782467  0.311533 0.634754 1 0 1.000000
0  35.111584 -28.573750 32.372570  0.613416 -0.067254 0.786892  0.309580 0.627918 1 0 1.000000
skin_0dam
0  34.409626 -30.707146 33.170868  0.863734 -0.102939 0.493323  0.313486 0.635731 1 0 1.000000
0  35.111584 -28.573750 32.372570  0.613416 -0.067254 0.786892  0.309580 0.627918 1 0 1.000000
0  34.712429 -27.458876 33.157104  0.902488 -0.039799 0.428872  0.312510 0.624012 1 0 1.000000
skin_0dam
0  34.409626 -30.707146 33.170868  0.863734 -0.102939 0.493323  0.313486 0.635731 1 0 1.000000
0  34.712429 -27.458876 33.157104  0.902488 -0.039799 0.428872  0.312510 0.624012 1 0 1.000000
0  34.643612 -27.624043 33.308514  0.905683 -0.079109 0.416509  0.312510 0.624012 1 0 1.000000
skin_0dam
0  33.404865 -26.922087 35.799767  0.687561 -0.068553 0.722883  0.319346 0.622059 1 0 1.000000
0  31.973423 -27.981903 36.432903  0.526136 -0.209022 0.824312  0.327158 0.625965 1 0 1.000000
0  31.973423 -28.147066 36.377846  0.548286 -0.279784 0.788101  0.327158 0.625965 1 0 1.000000
skin_0dam
0  31.973423 -28.147066 36.377846  0.548286 -0.279784 0.788101  0.327158 0.625965 1 0 1.000000
0  33.432392 -27.073490 35.717182  0.751026 -0.215479 0.624123  0.319346 0.622059 1 0 1.000000
0  33.404865 -26.922087 35.799767  0.687561 -0.068553 0.722883  0.319346 0.622059 1 0 1.000000
skin_0dam
0  31.973423 -27.981903 36.432903  0.526136 -0.209022 0.824312  0.327158 0.625965 1 0 1.000000
0  33.404865 -26.922087 35.799767  0.687561 -0.068553 0.722883  0.319346 0.622059 1 0 1.000000
0  33.322285 -26.770683 35.841061  0.617116 0.094697 0.781153  0.319346 0.621082 1 0 1.000000
skin_0dam
0  33.322285 -26.770683 35.841061  0.617116 0.094697 0.781153  0.319346 0.621082 1 0 1.000000
0  31.973423 -27.802973 36.446667  0.432952 -0.035924 0.900701  0.327158 0.624989 1 0 1.000000
0  31.973423 -27.981903 36.432903  0.526136 -0.209022 0.824312  0.327158 0.625965 1 0 1.000000
skin_0dam
0  33.404865 -26.922087 35.799767  0.687561 -0.068553 0.722883  0.319346 0.622059 1 0 1.000000
0  34.093060 -26.054964 34.712421  0.826554 0.038408 0.561545  0.315439 0.619129 1 0 1.000000
0  33.996708 -25.917324 34.781242  0.745150 0.196677 0.637236  0.316416 0.618152 1 0 1.000000
skin_0dam
0  33.996708 -25.917324 34.781242  0.745150 0.196677 0.637236  0.316416 0.618152 1 0 1.000000
0  33.322285 -26.770683 35.841061  0.617116 0.094697 0.781153  0.319346 0.621082 1 0 1.000000
0  33.404865 -26.922087 35.799767  0.687561 -0.068553 0.722883  0.319346 0.622059 1 0 1.000000
skin_0dam
0  31.202650 -37.657887 33.941647  0.115120 -0.124417 0.985529  0.331065 0.661122 1 0 1.000000
0  31.051247 -37.809288 33.941647  -0.058741 -0.158220 0.985655  0.332041 0.661122 1 0 1.000000
0  31.477928 -42.337597 33.336040  0.279754 -0.117680 0.952832  0.330088 0.677725 1 0 1.000000
skin_0dam
0  31.477928 -42.337597 33.336040  0.279754 -0.117680 0.952832  0.330088 0.677725 1 0 1.000000
0  31.629330 -42.351360 33.253456  0.440635 -0.135690 0.887372  0.329112 0.677725 1 0 1.000000
0  31.202650 -37.657887 33.941647  0.115120 -0.124417 0.985529  0.331065 0.661122 1 0 1.000000
skin_0dam
0  31.051247 -37.809288 33.941647  -0.058741 -0.158220 0.985655  0.332041 0.661122 1 0 1.000000
0  31.202650 -37.657887 33.941647  0.115120 -0.124417 0.985529  0.331065 0.661122 1 0 1.000000
0  30.239183 -34.891354 34.382088  0.047921 -0.168130 0.984599  0.335948 0.650380 1 0 1.000000
skin_0dam
0  30.239183 -34.891354 34.382088  0.047921 -0.168130 0.984599  0.335948 0.650380 1 0 1.000000
0  30.156597 -35.042755 34.354561  -0.154184 -0.190732 0.969458  0.336924 0.651357 1 0 1.000000
0  31.051247 -37.809288 33.941647  -0.058741 -0.158220 0.985655  0.332041 0.661122 1 0 1.000000
skin_0dam
0  31.312759 -42.323830 33.349804  0.066924 -0.114625 0.991152  0.330088 0.677725 1 0 1.000000
0  31.477928 -42.337597 33.336040  0.279754 -0.117680 0.952832  0.330088 0.677725 1 0 1.000000
0  31.051247 -37.809288 33.941647  -0.058741 -0.158220 0.985655  0.332041 0.661122 1 0 1.000000
skin_0dam
0  31.051247 -37.809288 33.941647  -0.058741 -0.158220 0.985655  0.332041 0.661122 1 0 1.000000
0  30.913610 -37.960690 33.872829  -0.284822 -0.166043 0.944090  0.333018 0.662099 1 0 1.000000
0  31.312759 -42.323830 33.349804  0.066924 -0.114625 0.991152  0.330088 0.677725 1 0 1.000000
skin_0dam
0  30.913610 -37.960690 33.872829  -0.284822 -0.166043 0.944090  0.333018 0.662099 1 0 1.000000
0  31.051247 -37.809288 33.941647  -0.058741 -0.158220 0.985655  0.332041 0.661122 1 0 1.000000
0  30.156597 -35.042755 34.354561  -0.154184 -0.190732 0.969458  0.336924 0.651357 1 0 1.000000
skin_0dam
0  30.156597 -35.042755 34.354561  -0.154184 -0.190732 0.969458  0.336924 0.651357 1 0 1.000000
0  30.060249 -35.180393 34.258217  -0.463440 -0.260789 0.846884  0.336924 0.651357 1 0 1.000000
0  30.913610 -37.960690 33.872829  -0.284822 -0.166043 0.944090  0.333018 0.662099 1 0 1.000000
skin_0dam
0  35.111584 -28.573750 32.372570  0.613416 -0.067254 0.786892  0.309580 0.627918 1 0 1.000000
0  36.226452 -29.316994 31.973415  0.370553 -0.027793 0.928395  0.303720 0.630848 1 0 1.000000
0  36.240215 -29.124302 31.973415  0.434968 0.126225 0.891555  0.303720 0.629871 1 0 1.000000
skin_0dam
0  36.240215 -29.124302 31.973415  0.434968 0.126225 0.891555  0.303720 0.629871 1 0 1.000000
0  35.125347 -28.381054 32.372570  0.695016 0.078732 0.714671  0.309580 0.626942 1 0 1.000000
0  35.111584 -28.573750 32.372570  0.613416 -0.067254 0.786892  0.309580 0.627918 1 0 1.000000
skin_0dam
0  35.125347 -28.381054 32.372570  0.695016 0.078732 0.714671  0.309580 0.626942 1 0 1.000000
0  34.767487 -27.335003 33.046997  0.908404 -0.020907 0.417571  0.311533 0.623035 1 0 1.000000
0  34.712429 -27.458876 33.157104  0.902488 -0.039799 0.428872  0.312510 0.624012 1 0 1.000000
skin_0dam
0  34.712429 -27.458876 33.157104  0.902488 -0.039799 0.428872  0.312510 0.624012 1 0 1.000000
0  35.111584 -28.573750 32.372570  0.613416 -0.067254 0.786892  0.309580 0.627918 1 0 1.000000
0  35.125347 -28.381054 32.372570  0.695016 0.078732 0.714671  0.309580 0.626942 1 0 1.000000
skin_0dam
0  36.226452 -28.931608 31.904598  0.497616 0.294618 0.815830  0.274422 0.628895 1 0 1.000000
0  35.111584 -28.202124 32.331280  0.868238 0.217611 0.445879  0.276376 0.626942 1 0 1.000000
0  35.125347 -28.381054 32.372570  0.695016 0.078732 0.714671  0.277352 0.626942 1 0 1.000000
skin_0dam
0  35.125347 -28.381054 32.372570  0.695016 0.078732 0.714671  0.277352 0.626942 1 0 1.000000
0  36.240215 -29.124302 31.973415  0.434968 0.126225 0.891555  0.274422 0.629871 1 0 1.000000
0  36.226452 -28.931608 31.904598  0.497616 0.294618 0.815830  0.274422 0.628895 1 0 1.000000
skin_0dam
0  35.111584 -28.202124 32.331280  0.868238 0.217611 0.445879  0.276376 0.626942 1 0 1.000000
0  34.822540 -27.211126 32.936886  0.900656 -0.010259 0.434412  0.280282 0.623035 1 0 1.000000
0  34.767487 -27.335003 33.046997  0.908404 -0.020907 0.417571  0.280282 0.623035 1 0 1.000000
skin_0dam
0  34.767487 -27.335003 33.046997  0.908404 -0.020907 0.417571  0.280282 0.623035 1 0 1.000000
0  35.125347 -28.381054 32.372570  0.695016 0.078732 0.714671  0.277352 0.626942 1 0 1.000000
0  35.111584 -28.202124 32.331280  0.868238 0.217611 0.445879  0.276376 0.626942 1 0 1.000000
skin_0dam
0  34.093060 -26.054964 34.712421  0.826554 0.038408 0.561545  0.315439 0.619129 1 0 1.000000
0  33.404865 -26.922087 35.799767  0.687561 -0.068553 0.722883  0.319346 0.622059 1 0 1.000000
0  33.432392 -27.073490 35.717182  0.751026 -0.215479 0.624123  0.319346 0.622059 1 0 1.000000
skin_0dam
0  33.432392 -27.073490 35.717182  0.751026 -0.215479 0.624123  0.319346 0.622059 1 0 1.000000
0  34.120586 -26.192604 34.616074  0.889922 -0.093941 0.446334  0.315439 0.619129 1 0 1.000000
0  34.093060 -26.054964 34.712421  0.826554 0.038408 0.561545  0.315439 0.619129 1 0 1.000000
skin_0dam
0  39.750000 -48.834133 28.436106  0.837067 0.003946 0.547086  0.255867 0.701163 1 0 1.000000
0  40.451954 -48.889187 26.867029  0.965905 0.040768 0.255666  0.247078 0.701163 1 0 1.000000
0  40.341843 -47.677971 27.032194  0.961175 0.014906 0.275535  0.248054 0.697256 1 0 1.000000
skin_0dam
0  41.690704 -50.306866 21.554184  0.994032 0.102793 0.036513  0.218757 0.706046 1 0 1.000000
0  40.919926 -47.375164 23.811457  0.975710 0.123005 0.181273  0.230476 0.695303 1 0 1.000000
0  40.782284 -49.095646 25.311716  0.963596 0.127865 0.234803  0.239265 0.702139 1 0 1.000000
skin_0dam
0  40.782284 -49.095646 25.311716  0.963596 0.127865 0.234803  0.239265 0.702139 1 0 1.000000
0  41.828342 -53.032104 23.549942  0.982642 0.094599 0.159582  0.229499 0.715812 1 0 1.000000
0  41.690704 -50.306866 21.554184  0.994032 0.102793 0.036513  0.218757 0.706046 1 0 1.000000
skin_0dam
0  40.892399 -46.397926 23.357246  0.990281 0.071660 0.119194  0.228523 0.692373 1 0 1.000000
0  41.016273 -44.677452 20.714588  0.996939 0.072696 0.028766  0.213874 0.686514 1 0 1.000000
0  40.864872 -45.393169 23.137024  0.997866 0.034558 0.055407  0.227546 0.688467 1 0 1.000000
skin_0dam
0  40.727230 -42.888149 17.493849  0.993895 0.078923 -0.077092  0.196295 0.679678 1 0 1.000000
0  40.438190 -36.185154 19.861229  0.997384 0.020818 -0.069226  0.208991 0.655263 1 0 1.000000
0  40.906162 -42.750507 20.632006  0.998692 0.050505 -0.007923  0.213874 0.678701 1 0 1.000000
skin_0dam
0  18.901915 -102.358337 23.120167  0.553563 -0.462682 0.692455  0.409192 0.898434 1 0 1.000000
0  18.820415 -102.374123 23.162876  0.387987 -0.455598 0.801184  0.410169 0.898434 1 0 1.000000
0  18.259653 -103.982208 22.461182  0.405224 -0.720610 0.562596  0.413099 0.901364 1 0 1.000000
skin_0dam
0  18.259653 -103.982208 22.461182  0.405224 -0.720610 0.562596  0.413099 0.901364 1 0 1.000000
0  18.422152 -103.935539 22.402584  0.491469 -0.661576 0.566370  0.413099 0.901364 1 0 1.000000
0  18.901915 -102.358337 23.120167  0.553563 -0.462682 0.692455  0.409192 0.898434 1 0 1.000000
skin_0dam
0  17.746145 -104.150314 22.652340  0.367743 -0.721941 0.586145  0.416028 0.900388 1 0 1.000000
0  18.259653 -103.982208 22.461182  0.405224 -0.720610 0.562596  0.413099 0.901364 1 0 1.000000
0  18.820415 -102.374123 23.162876  0.387987 -0.455598 0.801184  0.410169 0.898434 1 0 1.000000
skin_0dam
0  18.820415 -102.374123 23.162876  0.387987 -0.455598 0.801184  0.410169 0.898434 1 0 1.000000
0  18.235031 -102.493454 23.296997  0.275689 -0.422208 0.863560  0.413099 0.898434 1 0 1.000000
0  17.746145 -104.150314 22.652340  0.367743 -0.721941 0.586145  0.416028 0.900388 1 0 1.000000
skin_0dam
0  17.569704 -104.199020 22.683575  0.151145 -0.722883 0.674237  0.417005 0.900388 1 0 1.000000
0  17.746145 -104.150314 22.652340  0.367743 -0.721941 0.586145  0.416028 0.900388 1 0 1.000000
0  18.235031 -102.493454 23.296997  0.275689 -0.422208 0.863560  0.413099 0.898434 1 0 1.000000
skin_0dam
0  18.235031 -102.493454 23.296997  0.275689 -0.422208 0.863560  0.413099 0.898434 1 0 1.000000
0  18.071650 -102.527748 23.327427  0.105293 -0.386795 0.916135  0.414075 0.897458 1 0 1.000000
0  17.569704 -104.199020 22.683575  0.151145 -0.722883 0.674237  0.417005 0.900388 1 0 1.000000
skin_0dam
0  17.376570 -104.194855 22.684746  -0.027405 -0.752331 0.658215  0.417982 0.900388 1 0 1.000000
0  17.569704 -104.199020 22.683575  0.151145 -0.722883 0.674237  0.417005 0.900388 1 0 1.000000
0  18.071650 -102.527748 23.327427  0.105293 -0.386795 0.916135  0.414075 0.897458 1 0 1.000000
skin_0dam
0  18.071650 -102.527748 23.327427  0.105293 -0.386795 0.916135  0.414075 0.897458 1 0 1.000000
0  17.879103 -102.537994 23.315521  -0.069847 -0.339841 0.937886  0.415052 0.898434 1 0 1.000000
0  17.376570 -104.194855 22.684746  -0.027405 -0.752331 0.658215  0.417982 0.900388 1 0 1.000000
skin_0dam
0  18.422152 -103.935539 22.402584  0.491469 -0.661576 0.566370  0.413099 0.901364 1 0 1.000000
0  19.366154 -102.356956 22.675797  0.522134 -0.489212 0.698604  0.407239 0.900388 1 0 1.000000
0  18.901915 -102.358337 23.120167  0.553563 -0.462682 0.692455  0.409192 0.898434 1 0 1.000000
skin_0dam
0  37.957630 -82.893135 22.968956  0.892084 -0.368024 0.262191  0.220710 0.826167 1 0 1.000000
0  37.207790 -84.836876 22.367966  0.873012 -0.416888 0.253090  0.217780 0.833003 1 0 1.000000
0  38.657681 -83.071716 20.313080  0.898494 -0.396098 0.189248  0.207038 0.826167 1 0 1.000000
skin_0dam
0  34.082966 -91.176163 21.505997  0.811151 -0.541171 0.221737  0.324229 0.902341 1 0 1.000000
0  32.736904 -92.962692 21.342438  0.767792 -0.596844 0.232967  0.332041 0.903317 1 0 1.000000
0  34.273884 -91.362602 20.328716  0.824977 -0.544924 0.149904  0.323252 0.906247 1 0 1.000000
skin_0dam
0  28.941179 -80.716919 28.148148  -0.031704 -0.147300 0.988584  0.349620 0.817377 1 0 1.000000
0  31.600706 -78.998016 28.402184  0.073200 -0.190529 0.978949  0.334971 0.811518 1 0 1.000000
0  32.185703 -76.253769 28.895699  0.050884 -0.142596 0.988472  0.331065 0.801752 1 0 1.000000
skin_0dam
0  32.185703 -76.253769 28.895699  0.050884 -0.142596 0.988472  0.331065 0.801752 1 0 1.000000
0  28.138271 -76.936440 28.682785  0.046044 -0.149702 0.987658  0.353526 0.803705 1 0 1.000000
0  28.941179 -80.716919 28.148148  -0.031704 -0.147300 0.988584  0.349620 0.817377 1 0 1.000000
skin_0dam
0  24.009584 -90.329201 25.986969  0.212957 -0.298201 0.930444  0.378918 0.850581 1 0 1.000000
0  24.500704 -88.473907 26.456383  0.213608 -0.292441 0.932121  0.375988 0.843745 1 0 1.000000
0  23.165148 -90.208244 26.221252  0.406447 -0.325129 0.853869  0.383801 0.850581 1 0 1.000000
skin_0dam
0  31.600706 -78.998016 28.402184  0.073200 -0.190529 0.978949  0.334971 0.811518 1 0 1.000000
0  33.608852 -78.100586 28.329548  0.155536 -0.193664 0.968660  0.324229 0.808588 1 0 1.000000
0  32.185703 -76.253769 28.895699  0.050884 -0.142596 0.988472  0.331065 0.801752 1 0 1.000000
skin_0dam
0  33.608852 -78.100586 28.329548  0.155536 -0.193664 0.968660  0.324229 0.808588 1 0 1.000000
0  33.712360 -78.248886 28.294834  0.225171 -0.322620 0.919355  0.323252 0.809564 1 0 1.000000
0  36.038685 -77.726921 27.838921  0.361139 -0.433590 0.825577  0.310556 0.807611 1 0 1.000000
skin_0dam
0  36.038685 -77.726921 27.838921  0.361139 -0.433590 0.825577  0.310556 0.807611 1 0 1.000000
0  36.058205 -77.558746 27.871777  0.375498 -0.281400 0.883072  0.310556 0.807611 1 0 1.000000
0  33.608852 -78.100586 28.329548  0.155536 -0.193664 0.968660  0.324229 0.808588 1 0 1.000000
skin_0dam
0  27.015060 -82.808014 27.714439  0.176219 -0.332751 0.926404  0.361339 0.824213 1 0 1.000000
0  26.927958 -82.714638 27.737988  0.027458 -0.193276 0.980760  0.361339 0.824213 1 0 1.000000
0  25.981693 -84.253403 27.435249  0.085660 -0.242881 0.966267  0.367199 0.829096 1 0 1.000000
skin_0dam
0  25.981693 -84.253403 27.435249  0.085660 -0.242881 0.966267  0.367199 0.829096 1 0 1.000000
0  26.137430 -84.344040 27.397301  0.243207 -0.314072 0.917719  0.366222 0.830073 1 0 1.000000
0  27.015060 -82.808014 27.714439  0.176219 -0.332751 0.926404  0.361339 0.824213 1 0 1.000000
skin_0dam
0  22.729710 -95.639763 24.523327  0.254620 -0.334616 0.907304  0.387707 0.869137 1 0 1.000000
0  22.917929 -95.548500 24.503674  0.410284 -0.341048 0.845785  0.385754 0.869137 1 0 1.000000
0  24.161875 -90.351196 25.945633  0.384826 -0.327039 0.863108  0.377941 0.850581 1 0 1.000000
skin_0dam
0  24.161875 -90.351196 25.945633  0.384826 -0.327039 0.863108  0.377941 0.850581 1 0 1.000000
0  24.009584 -90.329201 25.986969  0.212957 -0.298201 0.930444  0.378918 0.850581 1 0 1.000000
0  22.729710 -95.639763 24.523327  0.254620 -0.334616 0.907304  0.387707 0.869137 1 0 1.000000
skin_0dam
0  22.308552 -99.652382 23.044254  0.143249 -0.438746 0.887120  0.390637 0.883785 1 0 1.000000
0  22.470848 -99.588585 23.053711  0.299119 -0.395843 0.868237  0.389660 0.882809 1 0 1.000000
0  22.446959 -98.462891 23.521671  0.236971 -0.357642 0.903292  0.389660 0.878903 1 0 1.000000
skin_0dam
0  22.446959 -98.462891 23.521671  0.236971 -0.357642 0.903292  0.389660 0.878903 1 0 1.000000
0  22.277573 -98.372231 23.573502  0.162322 -0.363210 0.917459  0.390637 0.878903 1 0 1.000000
0  22.308552 -99.652382 23.044254  0.143249 -0.438746 0.887120  0.390637 0.883785 1 0 1.000000
skin_0dam
0  28.991175 -80.894722 28.129059  0.079033 -0.280132 0.956703  0.349620 0.818354 1 0 1.000000
0  28.941179 -80.716919 28.148148  -0.031704 -0.147300 0.988584  0.349620 0.817377 1 0 1.000000
0  26.927958 -82.714638 27.737988  0.027458 -0.193276 0.980760  0.361339 0.824213 1 0 1.000000
skin_0dam
0  26.927958 -82.714638 27.737988  0.027458 -0.193276 0.980760  0.361339 0.824213 1 0 1.000000
0  27.015060 -82.808014 27.714439  0.176219 -0.332751 0.926404  0.361339 0.824213 1 0 1.000000
0  28.991175 -80.894722 28.129059  0.079033 -0.280132 0.956703  0.349620 0.818354 1 0 1.000000
skin_0dam
0  38.057899 -78.190315 26.180035  0.752344 -0.257703 0.606273  0.239265 0.809564 1 0 1.000000
0  37.998127 -78.372223 26.189491  0.642837 -0.393656 0.657112  0.239265 0.810541 1 0 1.000000
0  38.406811 -79.333740 25.021584  0.753056 -0.369731 0.544248  0.233406 0.813471 1 0 1.000000
skin_0dam
0  38.406811 -79.333740 25.021584  0.753056 -0.369731 0.544248  0.233406 0.813471 1 0 1.000000
0  38.495655 -79.195068 24.945160  0.859968 -0.283154 0.424592  0.232429 0.812494 1 0 1.000000
0  38.057899 -78.190315 26.180035  0.752344 -0.257703 0.606273  0.239265 0.809564 1 0 1.000000
skin_0dam
0  36.058205 -77.558746 27.871777  0.375498 -0.281400 0.883072  0.249031 0.807611 1 0 1.000000
0  36.038685 -77.726921 27.838921  0.361139 -0.433590 0.825577  0.249031 0.807611 1 0 1.000000
0  37.233452 -77.786720 27.089203  0.506251 -0.414495 0.756243  0.245125 0.807611 1 0 1.000000
skin_0dam
0  37.233452 -77.786720 27.089203  0.506251 -0.414495 0.756243  0.245125 0.807611 1 0 1.000000
0  37.280369 -77.617859 27.108047  0.588548 -0.263580 0.764288  0.245125 0.807611 1 0 1.000000
0  36.058205 -77.558746 27.871777  0.375498 -0.281400 0.883072  0.249031 0.807611 1 0 1.000000
skin_0dam
0  23.318161 -100.756874 22.003193  0.291172 -0.628609 0.721158  0.385754 0.902341 1 0 1.000000
0  23.311661 -100.598335 22.146961  0.291123 -0.548284 0.783985  0.385754 0.901364 1 0 1.000000
0  22.746145 -100.215981 22.641903  0.327212 -0.472561 0.818302  0.388684 0.899411 1 0 1.000000
skin_0dam
0  22.746145 -100.215981 22.641903  0.327212 -0.472561 0.818302  0.388684 0.899411 1 0 1.000000
0  22.624298 -100.264679 22.617626  0.212244 -0.534215 0.818270  0.388684 0.900388 1 0 1.000000
0  23.318161 -100.756874 22.003193  0.291172 -0.628609 0.721158  0.385754 0.902341 1 0 1.000000
skin_0dam
0  27.620825 -98.468315 21.224998  0.609978 -0.729691 0.308995  0.361339 0.904294 1 0 1.000000
0  27.606188 -98.419624 21.388062  0.565337 -0.671682 0.478787  0.361339 0.904294 1 0 1.000000
0  25.129768 -100.135933 21.559814  0.451484 -0.663048 0.597101  0.375011 0.903317 1 0 1.000000
skin_0dam
0  25.129768 -100.135933 21.559814  0.451484 -0.663048 0.597101  0.375011 0.903317 1 0 1.000000
0  25.066162 -100.270432 21.415348  0.482085 -0.749578 0.453572  0.375988 0.904294 1 0 1.000000
0  27.620825 -98.468315 21.224998  0.609978 -0.729691 0.308995  0.361339 0.904294 1 0 1.000000
skin_0dam
0  30.529642 -95.714890 21.219177  0.686979 -0.642490 0.339509  0.344737 0.904294 1 0 1.000000
0  30.488892 -95.695015 21.383854  0.629542 -0.592117 0.503065  0.345714 0.903317 1 0 1.000000
0  27.606188 -98.419624 21.388062  0.565337 -0.671682 0.478787  0.361339 0.904294 1 0 1.000000
skin_0dam
0  27.606188 -98.419624 21.388062  0.565337 -0.671682 0.478787  0.361339 0.904294 1 0 1.000000
0  27.620825 -98.468315 21.224998  0.609978 -0.729691 0.308995  0.361339 0.904294 1 0 1.000000
0  30.529642 -95.714890 21.219177  0.686979 -0.642490 0.339509  0.344737 0.904294 1 0 1.000000
skin_0dam
0  32.736904 -92.962692 21.342438  0.767792 -0.596844 0.232967  0.332041 0.903317 1 0 1.000000
0  32.515217 -93.187157 21.492973  0.716261 -0.589839 0.372907  0.333995 0.902341 1 0 1.000000
0  30.488892 -95.695015 21.383854  0.629542 -0.592117 0.503065  0.345714 0.903317 1 0 1.000000
skin_0dam
0  30.488892 -95.695015 21.383854  0.629542 -0.592117 0.503065  0.345714 0.903317 1 0 1.000000
0  30.529642 -95.714890 21.219177  0.686979 -0.642490 0.339509  0.344737 0.904294 1 0 1.000000
0  32.736904 -92.962692 21.342438  0.767792 -0.596844 0.232967  0.332041 0.903317 1 0 1.000000
skin_0dam
0  37.207790 -84.836876 22.367966  0.873012 -0.416888 0.253090  0.217780 0.833003 1 0 1.000000
0  37.118748 -84.958397 22.512444  0.799558 -0.427444 0.421898  0.217780 0.833003 1 0 1.000000
0  36.127499 -87.277657 22.097187  0.801820 -0.442712 0.401362  0.214850 0.840815 1 0 1.000000
skin_0dam
0  36.127499 -87.277657 22.097187  0.801820 -0.442712 0.401362  0.214850 0.840815 1 0 1.000000
0  36.167564 -87.283791 21.931831  0.864291 -0.448675 0.227358  0.213874 0.840815 1 0 1.000000
0  37.207790 -84.836876 22.367966  0.873012 -0.416888 0.253090  0.217780 0.833003 1 0 1.000000
skin_0dam
0  22.277573 -98.372231 23.573502  0.162322 -0.363210 0.917459  0.390637 0.878903 1 0 1.000000
0  22.446959 -98.462891 23.521671  0.236971 -0.357642 0.903292  0.389660 0.878903 1 0 1.000000
0  22.917929 -95.548500 24.503674  0.410284 -0.341048 0.845785  0.385754 0.869137 1 0 1.000000
skin_0dam
0  22.917929 -95.548500 24.503674  0.410284 -0.341048 0.845785  0.385754 0.869137 1 0 1.000000
0  22.729710 -95.639763 24.523327  0.254620 -0.334616 0.907304  0.387707 0.869137 1 0 1.000000
0  22.277573 -98.372231 23.573502  0.162322 -0.363210 0.917459  0.390637 0.878903 1 0 1.000000
skin_0dam
0  24.605078 -100.379524 21.630768  0.396332 -0.658110 0.640165  0.377941 0.903317 1 0 1.000000
0  24.783886 -100.406975 21.451702  0.434128 -0.726563 0.532577  0.376965 0.904294 1 0 1.000000
0  25.066162 -100.270432 21.415348  0.482085 -0.749578 0.453572  0.375988 0.904294 1 0 1.000000
skin_0dam
0  25.066162 -100.270432 21.415348  0.482085 -0.749578 0.453572  0.375988 0.904294 1 0 1.000000
0  25.129768 -100.135933 21.559814  0.451484 -0.663048 0.597101  0.375011 0.903317 1 0 1.000000
0  24.605078 -100.379524 21.630768  0.396332 -0.658110 0.640165  0.377941 0.903317 1 0 1.000000
skin_0dam
0  36.167564 -87.283791 21.931831  0.864291 -0.448675 0.227358  0.213874 0.840815 1 0 1.000000
0  36.127499 -87.277657 22.097187  0.801820 -0.442712 0.401362  0.214850 0.840815 1 0 1.000000
0  34.055962 -91.155609 21.670544  0.755446 -0.521411 0.396777  0.211921 0.854488 1 0 1.000000
skin_0dam
0  34.055962 -91.155609 21.670544  0.755446 -0.521411 0.396777  0.211921 0.854488 1 0 1.000000
0  34.082966 -91.176163 21.505997  0.811151 -0.541171 0.221737  0.210944 0.854488 1 0 1.000000
0  36.167564 -87.283791 21.931831  0.864291 -0.448675 0.227358  0.213874 0.840815 1 0 1.000000
skin_0dam
0  24.500704 -88.473907 26.456383  0.213608 -0.292441 0.932121  0.375988 0.843745 1 0 1.000000
0  24.785114 -88.084084 26.517689  0.375414 -0.326643 0.867392  0.374035 0.842769 1 0 1.000000
0  26.137430 -84.344040 27.397301  0.243207 -0.314072 0.917719  0.366222 0.830073 1 0 1.000000
skin_0dam
0  26.137430 -84.344040 27.397301  0.243207 -0.314072 0.917719  0.366222 0.830073 1 0 1.000000
0  25.981693 -84.253403 27.435249  0.085660 -0.242881 0.966267  0.367199 0.829096 1 0 1.000000
0  24.500704 -88.473907 26.456383  0.213608 -0.292441 0.932121  0.375988 0.843745 1 0 1.000000
skin_0dam
0  38.495655 -79.195068 24.945160  0.859968 -0.283154 0.424592  0.232429 0.812494 1 0 1.000000
0  38.406811 -79.333740 25.021584  0.753056 -0.369731 0.544248  0.233406 0.813471 1 0 1.000000
0  38.316288 -81.046875 23.949665  0.823371 -0.351777 0.445324  0.226569 0.819330 1 0 1.000000
skin_0dam
0  38.316288 -81.046875 23.949665  0.823371 -0.351777 0.445324  0.226569 0.819330 1 0 1.000000
0  38.382469 -81.024178 23.782696  0.908786 -0.294446 0.295652  0.225593 0.819330 1 0 1.000000
0  38.495655 -79.195068 24.945160  0.859968 -0.283154 0.424592  0.232429 0.812494 1 0 1.000000
skin_0dam
0  38.382469 -81.024178 23.782696  0.908786 -0.294446 0.295652  0.225593 0.819330 1 0 1.000000
0  38.316288 -81.046875 23.949665  0.823371 -0.351777 0.445324  0.226569 0.819330 1 0 1.000000
0  37.903919 -82.886993 23.148190  0.814928 -0.399430 0.419937  0.221686 0.826167 1 0 1.000000
skin_0dam
0  37.903919 -82.886993 23.148190  0.814928 -0.399430 0.419937  0.221686 0.826167 1 0 1.000000
0  37.957630 -82.893135 22.968956  0.892084 -0.368024 0.262191  0.220710 0.826167 1 0 1.000000
0  38.382469 -81.024178 23.782696  0.908786 -0.294446 0.295652  0.225593 0.819330 1 0 1.000000
skin_0dam
0  22.624298 -100.264679 22.617626  0.212244 -0.534215 0.818270  0.388684 0.885739 1 0 1.000000
0  22.746145 -100.215981 22.641903  0.327212 -0.472561 0.818302  0.388684 0.885739 1 0 1.000000
0  22.470848 -99.588585 23.053711  0.299119 -0.395843 0.868237  0.389660 0.882809 1 0 1.000000
skin_0dam
0  22.470848 -99.588585 23.053711  0.299119 -0.395843 0.868237  0.389660 0.882809 1 0 1.000000
0  22.308552 -99.652382 23.044254  0.143249 -0.438746 0.887120  0.390637 0.883785 1 0 1.000000
0  22.624298 -100.264679 22.617626  0.212244 -0.534215 0.818270  0.388684 0.885739 1 0 1.000000
skin_0dam
0  23.311661 -100.598335 22.146961  0.291123 -0.548284 0.783985  0.385754 0.901364 1 0 1.000000
0  23.318161 -100.756874 22.003193  0.291172 -0.628609 0.721158  0.385754 0.902341 1 0 1.000000
0  23.662119 -100.774765 21.850037  0.357543 -0.667579 0.653071  0.383801 0.902341 1 0 1.000000
skin_0dam
0  23.662119 -100.774765 21.850037  0.357543 -0.667579 0.653071  0.383801 0.902341 1 0 1.000000
0  23.739080 -100.642319 21.939384  0.390089 -0.541099 0.745012  0.382824 0.902341 1 0 1.000000
0  23.311661 -100.598335 22.146961  0.291123 -0.548284 0.783985  0.385754 0.901364 1 0 1.000000
skin_0dam
0  23.739080 -100.642319 21.939384  0.390089 -0.541099 0.745012  0.382824 0.902341 1 0 1.000000
0  23.662119 -100.774765 21.850037  0.357543 -0.667579 0.653071  0.383801 0.902341 1 0 1.000000
0  24.783886 -100.406975 21.451702  0.434128 -0.726563 0.532577  0.376965 0.904294 1 0 1.000000
skin_0dam
0  24.783886 -100.406975 21.451702  0.434128 -0.726563 0.532577  0.376965 0.904294 1 0 1.000000
0  24.605078 -100.379524 21.630768  0.396332 -0.658110 0.640165  0.377941 0.903317 1 0 1.000000
0  23.739080 -100.642319 21.939384  0.390089 -0.541099 0.745012  0.382824 0.902341 1 0 1.000000
skin_0dam
0  37.998127 -78.372223 26.189491  0.642837 -0.393656 0.657112  0.239265 0.810541 1 0 1.000000
0  38.057899 -78.190315 26.180035  0.752344 -0.257703 0.606273  0.239265 0.809564 1 0 1.000000
0  37.280369 -77.617859 27.108047  0.588548 -0.263580 0.764288  0.245125 0.807611 1 0 1.000000
skin_0dam
0  37.280369 -77.617859 27.108047  0.588548 -0.263580 0.764288  0.245125 0.807611 1 0 1.000000
0  37.233452 -77.786720 27.089203  0.506251 -0.414495 0.756243  0.245125 0.807611 1 0 1.000000
0  37.998127 -78.372223 26.189491  0.642837 -0.393656 0.657112  0.239265 0.810541 1 0 1.000000
skin_0dam
0  37.957630 -82.893135 22.968956  0.892084 -0.368024 0.262191  0.220710 0.826167 1 0 1.000000
0  37.903919 -82.886993 23.148190  0.814928 -0.399430 0.419937  0.221686 0.826167 1 0 1.000000
0  37.118748 -84.958397 22.512444  0.799558 -0.427444 0.421898  0.217780 0.833003 1 0 1.000000
skin_0dam
0  37.118748 -84.958397 22.512444  0.799558 -0.427444 0.421898  0.217780 0.833003 1 0 1.000000
0  37.207790 -84.836876 22.367966  0.873012 -0.416888 0.253090  0.217780 0.833003 1 0 1.000000
0  37.957630 -82.893135 22.968956  0.892084 -0.368024 0.262191  0.220710 0.826167 1 0 1.000000
skin_0dam
0  34.082966 -91.176163 21.505997  0.811151 -0.541171 0.221737  0.324229 0.902341 1 0 1.000000
0  34.055962 -91.155609 21.670544  0.755446 -0.521411 0.396777  0.325205 0.901364 1 0 1.000000
0  32.515217 -93.187157 21.492973  0.716261 -0.589839 0.372907  0.333995 0.902341 1 0 1.000000
skin_0dam
0  32.515217 -93.187157 21.492973  0.716261 -0.589839 0.372907  0.333995 0.902341 1 0 1.000000
0  32.736904 -92.962692 21.342438  0.767792 -0.596844 0.232967  0.332041 0.903317 1 0 1.000000
0  34.082966 -91.176163 21.505997  0.811151 -0.541171 0.221737  0.324229 0.902341 1 0 1.000000
skin_0dam
0  28.941179 -80.716919 28.148148  -0.031704 -0.147300 0.988584  0.349620 0.817377 1 0 1.000000
0  28.991175 -80.894722 28.129059  0.079033 -0.280132 0.956703  0.349620 0.818354 1 0 1.000000
0  31.555759 -79.208748 28.371624  0.147307 -0.336410 0.930123  0.334971 0.812494 1 0 1.000000
skin_0dam
0  31.555759 -79.208748 28.371624  0.147307 -0.336410 0.930123  0.334971 0.812494 1 0 1.000000
0  31.600706 -78.998016 28.402184  0.073200 -0.190529 0.978949  0.334971 0.811518 1 0 1.000000
0  28.941179 -80.716919 28.148148  -0.031704 -0.147300 0.988584  0.349620 0.817377 1 0 1.000000
skin_0dam
0  24.009584 -90.329201 25.986969  0.212957 -0.298201 0.930444  0.378918 0.850581 1 0 1.000000
0  24.161875 -90.351196 25.945633  0.384826 -0.327039 0.863108  0.377941 0.850581 1 0 1.000000
0  24.785114 -88.084084 26.517689  0.375414 -0.326643 0.867392  0.374035 0.842769 1 0 1.000000
skin_0dam
0  24.785114 -88.084084 26.517689  0.375414 -0.326643 0.867392  0.374035 0.842769 1 0 1.000000
0  24.500704 -88.473907 26.456383  0.213608 -0.292441 0.932121  0.375988 0.843745 1 0 1.000000
0  24.009584 -90.329201 25.986969  0.212957 -0.298201 0.930444  0.378918 0.850581 1 0 1.000000
skin_0dam
0  31.600706 -78.998016 28.402184  0.073200 -0.190529 0.978949  0.334971 0.811518 1 0 1.000000
0  31.555759 -79.208748 28.371624  0.147307 -0.336410 0.930123  0.334971 0.812494 1 0 1.000000
0  33.712360 -78.248886 28.294834  0.225171 -0.322620 0.919355  0.323252 0.809564 1 0 1.000000
skin_0dam
0  33.712360 -78.248886 28.294834  0.225171 -0.322620 0.919355  0.323252 0.809564 1 0 1.000000
0  33.608852 -78.100586 28.329548  0.155536 -0.193664 0.968660  0.324229 0.808588 1 0 1.000000
0  31.600706 -78.998016 28.402184  0.073200 -0.190529 0.978949  0.334971 0.811518 1 0 1.000000
skin_0dam
0  35.989704 -77.873093 27.722496  0.337358 -0.608134 0.718584  0.248054 0.808588 1 0 1.000000
0  36.038685 -77.726921 27.838921  0.361139 -0.433590 0.825577  0.249031 0.807611 1 0 1.000000
0  33.712360 -78.248886 28.294834  0.225171 -0.322620 0.919355  0.250984 0.809564 1 0 1.000000
skin_0dam
0  33.712360 -78.248886 28.294834  0.225171 -0.322620 0.919355  0.250984 0.809564 1 0 1.000000
0  33.813999 -78.373131 28.190029  0.272299 -0.496681 0.824113  0.250008 0.809564 1 0 1.000000
0  35.989704 -77.873093 27.722496  0.337358 -0.608134 0.718584  0.248054 0.808588 1 0 1.000000
skin_0dam
0  27.114733 -82.890388 27.621349  0.366717 -0.450752 0.813843  0.360363 0.824213 1 0 1.000000
0  27.015060 -82.808014 27.714439  0.176219 -0.332751 0.926404  0.361339 0.824213 1 0 1.000000
0  26.137430 -84.344040 27.397301  0.243207 -0.314072 0.917719  0.366222 0.830073 1 0 1.000000
skin_0dam
0  26.137430 -84.344040 27.397301  0.243207 -0.314072 0.917719  0.366222 0.830073 1 0 1.000000
0  26.263905 -84.411331 27.303272  0.417948 -0.372503 0.828590  0.365246 0.830073 1 0 1.000000
0  27.114733 -82.890388 27.621349  0.366717 -0.450752 0.813843  0.360363 0.824213 1 0 1.000000
skin_0dam
0  24.312302 -90.349144 25.834209  0.548883 -0.343855 0.761900  0.376965 0.850581 1 0 1.000000
0  24.161875 -90.351196 25.945633  0.384826 -0.327039 0.863108  0.377941 0.850581 1 0 1.000000
0  22.917929 -95.548500 24.503674  0.410284 -0.341048 0.845785  0.385754 0.869137 1 0 1.000000
skin_0dam
0  22.917929 -95.548500 24.503674  0.410284 -0.341048 0.845785  0.385754 0.869137 1 0 1.000000
0  23.090532 -95.433868 24.414066  0.565304 -0.344544 0.749480  0.384777 0.868160 1 0 1.000000
0  24.312302 -90.349144 25.834209  0.548883 -0.343855 0.761900  0.376965 0.850581 1 0 1.000000
skin_0dam
0  22.600237 -98.515068 23.426704  0.429495 -0.341037 0.836199  0.388684 0.879879 1 0 1.000000
0  22.446959 -98.462891 23.521671  0.236971 -0.357642 0.903292  0.389660 0.878903 1 0 1.000000
0  22.470848 -99.588585 23.053711  0.299119 -0.395843 0.868237  0.389660 0.882809 1 0 1.000000
skin_0dam
0  22.470848 -99.588585 23.053711  0.299119 -0.395843 0.868237  0.389660 0.882809 1 0 1.000000
0  22.616844 -99.487686 22.992538  0.492909 -0.329358 0.805335  0.388684 0.882809 1 0 1.000000
0  22.600237 -98.515068 23.426704  0.429495 -0.341037 0.836199  0.388684 0.879879 1 0 1.000000
skin_0dam
0  27.015060 -82.808014 27.714439  0.176219 -0.332751 0.926404  0.361339 0.824213 1 0 1.000000
0  27.114733 -82.890388 27.621349  0.366717 -0.450752 0.813843  0.360363 0.824213 1 0 1.000000
0  29.026249 -81.062889 28.040691  0.213060 -0.419835 0.882238  0.349620 0.818354 1 0 1.000000
skin_0dam
0  29.026249 -81.062889 28.040691  0.213060 -0.419835 0.882238  0.349620 0.818354 1 0 1.000000
0  28.991175 -80.894722 28.129059  0.079033 -0.280132 0.956703  0.349620 0.818354 1 0 1.000000
0  27.015060 -82.808014 27.714439  0.176219 -0.332751 0.926404  0.361339 0.824213 1 0 1.000000
skin_0dam
0  38.262093 -79.462784 25.070362  0.591214 -0.465478 0.658632  0.233406 0.813471 1 0 1.000000
0  38.406811 -79.333740 25.021584  0.753056 -0.369731 0.544248  0.233406 0.813471 1 0 1.000000
0  37.998127 -78.372223 26.189491  0.642837 -0.393656 0.657112  0.239265 0.810541 1 0 1.000000
skin_0dam
0  37.998127 -78.372223 26.189491  0.642837 -0.393656 0.657112  0.239265 0.810541 1 0 1.000000
0  37.881004 -78.517715 26.156208  0.489008 -0.539891 0.685120  0.239265 0.810541 1 0 1.000000
0  38.262093 -79.462784 25.070362  0.591214 -0.465478 0.658632  0.233406 0.813471 1 0 1.000000
skin_0dam
0  37.143532 -77.932899 27.014416  0.389239 -0.590125 0.707281  0.244148 0.808588 1 0 1.000000
0  37.233452 -77.786720 27.089203  0.506251 -0.414495 0.756243  0.245125 0.807611 1 0 1.000000
0  36.038685 -77.726921 27.838921  0.361139 -0.433590 0.825577  0.249031 0.807611 1 0 1.000000
skin_0dam
0  36.038685 -77.726921 27.838921  0.361139 -0.433590 0.825577  0.249031 0.807611 1 0 1.000000
0  35.989704 -77.873093 27.722496  0.337358 -0.608134 0.718584  0.248054 0.808588 1 0 1.000000
0  37.143532 -77.932899 27.014416  0.389239 -0.590125 0.707281  0.244148 0.808588 1 0 1.000000
skin_0dam
0  22.864746 -100.115761 22.594742  0.515644 -0.294057 0.804762  0.387707 0.900388 1 0 1.000000
0  22.746145 -100.215981 22.641903  0.327212 -0.472561 0.818302  0.388684 0.899411 1 0 1.000000
0  23.311661 -100.598335 22.146961  0.291123 -0.548284 0.783985  0.385754 0.901364 1 0 1.000000
skin_0dam
0  23.311661 -100.598335 22.146961  0.291123 -0.548284 0.783985  0.385754 0.901364 1 0 1.000000
0  23.289053 -100.401344 22.247589  0.418827 -0.362017 0.832783  0.385754 0.901364 1 0 1.000000
0  22.864746 -100.115761 22.594742  0.515644 -0.294057 0.804762  0.387707 0.900388 1 0 1.000000
skin_0dam
0  27.606188 -98.419624 21.388062  0.565337 -0.671682 0.478787  0.361339 0.904294 1 0 1.000000
0  27.560415 -98.305008 21.520508  0.499148 -0.581059 0.642823  0.361339 0.903317 1 0 1.000000
0  25.177370 -99.962303 21.674885  0.402447 -0.539290 0.739731  0.375011 0.903317 1 0 1.000000
skin_0dam
0  25.177370 -99.962303 21.674885  0.402447 -0.539290 0.739731  0.375011 0.903317 1 0 1.000000
0  25.129768 -100.135933 21.559814  0.451484 -0.663048 0.597101  0.375011 0.903317 1 0 1.000000
0  27.606188 -98.419624 21.388062  0.565337 -0.671682 0.478787  0.361339 0.904294 1 0 1.000000
skin_0dam
0  27.560415 -98.305008 21.520508  0.499148 -0.581059 0.642823  0.361339 0.903317 1 0 1.000000
0  27.606188 -98.419624 21.388062  0.565337 -0.671682 0.478787  0.361339 0.904294 1 0 1.000000
0  30.488892 -95.695015 21.383854  0.629542 -0.592117 0.503065  0.345714 0.903317 1 0 1.000000
skin_0dam
0  30.488892 -95.695015 21.383854  0.629542 -0.592117 0.503065  0.345714 0.903317 1 0 1.000000
0  30.389511 -95.610588 21.518181  0.544756 -0.520452 0.657549  0.345714 0.903317 1 0 1.000000
0  27.560415 -98.305008 21.520508  0.499148 -0.581059 0.642823  0.361339 0.903317 1 0 1.000000
skin_0dam
0  30.389511 -95.610588 21.518181  0.544756 -0.520452 0.657549  0.345714 0.903317 1 0 1.000000
0  30.488892 -95.695015 21.383854  0.629542 -0.592117 0.503065  0.345714 0.903317 1 0 1.000000
0  32.515217 -93.187157 21.492973  0.716261 -0.589839 0.372907  0.333995 0.902341 1 0 1.000000
skin_0dam
0  32.515217 -93.187157 21.492973  0.716261 -0.589839 0.372907  0.333995 0.902341 1 0 1.000000
0  32.237072 -93.387589 21.628937  0.641619 -0.552804 0.531727  0.334971 0.902341 1 0 1.000000
0  30.389511 -95.610588 21.518181  0.544756 -0.520452 0.657549  0.345714 0.903317 1 0 1.000000
skin_0dam
0  36.030975 -87.247467 22.247967  0.705163 -0.420104 0.571189  0.215827 0.840815 1 0 1.000000
0  36.127499 -87.277657 22.097187  0.801820 -0.442712 0.401362  0.214850 0.840815 1 0 1.000000
0  37.118748 -84.958397 22.512444  0.799558 -0.427444 0.421898  0.217780 0.833003 1 0 1.000000
skin_0dam
0  37.118748 -84.958397 22.512444  0.799558 -0.427444 0.421898  0.217780 0.833003 1 0 1.000000
0  36.958706 -85.043510 22.628059  0.690969 -0.411377 0.594416  0.218757 0.833003 1 0 1.000000
0  36.030975 -87.247467 22.247967  0.705163 -0.420104 0.571189  0.215827 0.840815 1 0 1.000000
skin_0dam
0  23.090532 -95.433868 24.414066  0.565304 -0.344544 0.749480  0.384777 0.868160 1 0 1.000000
0  22.917929 -95.548500 24.503674  0.410284 -0.341048 0.845785  0.385754 0.869137 1 0 1.000000
0  22.446959 -98.462891 23.521671  0.236971 -0.357642 0.903292  0.389660 0.878903 1 0 1.000000
skin_0dam
0  22.446959 -98.462891 23.521671  0.236971 -0.357642 0.903292  0.389660 0.878903 1 0 1.000000
0  22.600237 -98.515068 23.426704  0.429495 -0.341037 0.836199  0.388684 0.879879 1 0 1.000000
0  23.090532 -95.433868 24.414066  0.565304 -0.344544 0.749480  0.384777 0.868160 1 0 1.000000
skin_0dam
0  25.129768 -100.135933 21.559814  0.451484 -0.663048 0.597101  0.375011 0.903317 1 0 1.000000
0  25.177370 -99.962303 21.674885  0.402447 -0.539290 0.739731  0.375011 0.903317 1 0 1.000000
0  24.410852 -100.327347 21.767368  0.383516 -0.530757 0.755786  0.378918 0.903317 1 0 1.000000
skin_0dam
0  24.410852 -100.327347 21.767368  0.383516 -0.530757 0.755786  0.378918 0.903317 1 0 1.000000
0  24.605078 -100.379524 21.630768  0.396332 -0.658110 0.640165  0.377941 0.903317 1 0 1.000000
0  25.129768 -100.135933 21.559814  0.451484 -0.663048 0.597101  0.375011 0.903317 1 0 1.000000
skin_0dam
0  33.971111 -91.083557 21.819164  0.669927 -0.479434 0.566870  0.212897 0.854488 1 0 1.000000
0  34.055962 -91.155609 21.670544  0.755446 -0.521411 0.396777  0.211921 0.854488 1 0 1.000000
0  36.127499 -87.277657 22.097187  0.801820 -0.442712 0.401362  0.214850 0.840815 1 0 1.000000
skin_0dam
0  36.127499 -87.277657 22.097187  0.801820 -0.442712 0.401362  0.214850 0.840815 1 0 1.000000
0  36.030975 -87.247467 22.247967  0.705163 -0.420104 0.571189  0.215827 0.840815 1 0 1.000000
0  33.971111 -91.083557 21.819164  0.669927 -0.479434 0.566870  0.212897 0.854488 1 0 1.000000
skin_0dam
0  26.263905 -84.411331 27.303272  0.417948 -0.372503 0.828590  0.365246 0.830073 1 0 1.000000
0  26.137430 -84.344040 27.397301  0.243207 -0.314072 0.917719  0.366222 0.830073 1 0 1.000000
0  24.785114 -88.084084 26.517689  0.375414 -0.326643 0.867392  0.374035 0.842769 1 0 1.000000
skin_0dam
0  24.785114 -88.084084 26.517689  0.375414 -0.326643 0.867392  0.374035 0.842769 1 0 1.000000
0  25.067556 -87.670891 26.495163  0.576825 -0.383047 0.721490  0.373058 0.841792 1 0 1.000000
0  26.263905 -84.411331 27.303272  0.417948 -0.372503 0.828590  0.365246 0.830073 1 0 1.000000
skin_0dam
0  38.194241 -81.059929 24.088997  0.692771 -0.410909 0.592640  0.227546 0.819330 1 0 1.000000
0  38.316288 -81.046875 23.949665  0.823371 -0.351777 0.445324  0.226569 0.819330 1 0 1.000000
0  38.406811 -79.333740 25.021584  0.753056 -0.369731 0.544248  0.233406 0.813471 1 0 1.000000
skin_0dam
0  38.406811 -79.333740 25.021584  0.753056 -0.369731 0.544248  0.233406 0.813471 1 0 1.000000
0  38.262093 -79.462784 25.070362  0.591214 -0.465478 0.658632  0.233406 0.813471 1 0 1.000000
0  38.194241 -81.059929 24.088997  0.692771 -0.410909 0.592640  0.227546 0.819330 1 0 1.000000
skin_0dam
0  37.792957 -82.843742 23.298428  0.696104 -0.423743 0.579552  0.222663 0.826167 1 0 1.000000
0  37.903919 -82.886993 23.148190  0.814928 -0.399430 0.419937  0.221686 0.826167 1 0 1.000000
0  38.316288 -81.046875 23.949665  0.823371 -0.351777 0.445324  0.226569 0.819330 1 0 1.000000
skin_0dam
0  38.316288 -81.046875 23.949665  0.823371 -0.351777 0.445324  0.226569 0.819330 1 0 1.000000
0  38.194241 -81.059929 24.088997  0.692771 -0.410909 0.592640  0.227546 0.819330 1 0 1.000000
0  37.792957 -82.843742 23.298428  0.696104 -0.423743 0.579552  0.222663 0.826167 1 0 1.000000
skin_0dam
0  22.616844 -99.487686 22.992538  0.492909 -0.329358 0.805335  0.388684 0.898434 1 0 1.000000
0  22.470848 -99.588585 23.053711  0.299119 -0.395843 0.868237  0.389660 0.898434 1 0 1.000000
0  22.746145 -100.215981 22.641903  0.327212 -0.472561 0.818302  0.388684 0.899411 1 0 1.000000
skin_0dam
0  22.746145 -100.215981 22.641903  0.327212 -0.472561 0.818302  0.388684 0.899411 1 0 1.000000
0  22.864746 -100.115761 22.594742  0.515644 -0.294057 0.804762  0.387707 0.900388 1 0 1.000000
0  22.616844 -99.487686 22.992538  0.492909 -0.329358 0.805335  0.388684 0.898434 1 0 1.000000
skin_0dam
0  23.739080 -100.642319 21.939384  0.390089 -0.541099 0.745012  0.382824 0.902341 1 0 1.000000
0  23.799938 -100.471413 21.985588  0.404303 -0.358670 0.841365  0.382824 0.902341 1 0 1.000000
0  23.289053 -100.401344 22.247589  0.418827 -0.362017 0.832783  0.385754 0.901364 1 0 1.000000
skin_0dam
0  23.289053 -100.401344 22.247589  0.418827 -0.362017 0.832783  0.385754 0.901364 1 0 1.000000
0  23.311661 -100.598335 22.146961  0.291123 -0.548284 0.783985  0.385754 0.901364 1 0 1.000000
0  23.739080 -100.642319 21.939384  0.390089 -0.541099 0.745012  0.382824 0.902341 1 0 1.000000
skin_0dam
0  24.605078 -100.379524 21.630768  0.396332 -0.658110 0.640165  0.377941 0.903317 1 0 1.000000
0  24.410852 -100.327347 21.767368  0.383516 -0.530757 0.755786  0.378918 0.903317 1 0 1.000000
0  23.799938 -100.471413 21.985588  0.404303 -0.358670 0.841365  0.382824 0.902341 1 0 1.000000
skin_0dam
0  23.799938 -100.471413 21.985588  0.404303 -0.358670 0.841365  0.382824 0.902341 1 0 1.000000
0  23.739080 -100.642319 21.939384  0.390089 -0.541099 0.745012  0.382824 0.902341 1 0 1.000000
0  24.605078 -100.379524 21.630768  0.396332 -0.658110 0.640165  0.377941 0.903317 1 0 1.000000
skin_0dam
0  37.881004 -78.517715 26.156208  0.489008 -0.539891 0.685120  0.239265 0.810541 1 0 1.000000
0  37.998127 -78.372223 26.189491  0.642837 -0.393656 0.657112  0.239265 0.810541 1 0 1.000000
0  37.233452 -77.786720 27.089203  0.506251 -0.414495 0.756243  0.245125 0.807611 1 0 1.000000
skin_0dam
0  37.233452 -77.786720 27.089203  0.506251 -0.414495 0.756243  0.245125 0.807611 1 0 1.000000
0  37.143532 -77.932899 27.014416  0.389239 -0.590125 0.707281  0.244148 0.808588 1 0 1.000000
0  37.881004 -78.517715 26.156208  0.489008 -0.539891 0.685120  0.239265 0.810541 1 0 1.000000
skin_0dam
0  36.958706 -85.043510 22.628059  0.690969 -0.411377 0.594416  0.218757 0.833003 1 0 1.000000
0  37.118748 -84.958397 22.512444  0.799558 -0.427444 0.421898  0.217780 0.833003 1 0 1.000000
0  37.903919 -82.886993 23.148190  0.814928 -0.399430 0.419937  0.221686 0.826167 1 0 1.000000
skin_0dam
0  37.903919 -82.886993 23.148190  0.814928 -0.399430 0.419937  0.221686 0.826167 1 0 1.000000
0  37.792957 -82.843742 23.298428  0.696104 -0.423743 0.579552  0.222663 0.826167 1 0 1.000000
0  36.958706 -85.043510 22.628059  0.690969 -0.411377 0.594416  0.218757 0.833003 1 0 1.000000
skin_0dam
0  32.237072 -93.387589 21.628937  0.641619 -0.552804 0.531727  0.334971 0.902341 1 0 1.000000
0  32.515217 -93.187157 21.492973  0.716261 -0.589839 0.372907  0.333995 0.902341 1 0 1.000000
0  34.055962 -91.155609 21.670544  0.755446 -0.521411 0.396777  0.325205 0.901364 1 0 1.000000
skin_0dam
0  34.055962 -91.155609 21.670544  0.755446 -0.521411 0.396777  0.325205 0.901364 1 0 1.000000
0  33.971111 -91.083557 21.819164  0.669927 -0.479434 0.566870  0.325205 0.901364 1 0 1.000000
0  32.237072 -93.387589 21.628937  0.641619 -0.552804 0.531727  0.334971 0.902341 1 0 1.000000
skin_0dam
0  31.509539 -79.409843 28.257908  0.245331 -0.490284 0.836322  0.335948 0.813471 1 0 1.000000
0  31.555759 -79.208748 28.371624  0.147307 -0.336410 0.930123  0.334971 0.812494 1 0 1.000000
0  28.991175 -80.894722 28.129059  0.079033 -0.280132 0.956703  0.349620 0.818354 1 0 1.000000
skin_0dam
0  28.991175 -80.894722 28.129059  0.079033 -0.280132 0.956703  0.349620 0.818354 1 0 1.000000
0  29.026249 -81.062889 28.040691  0.213060 -0.419835 0.882238  0.349620 0.818354 1 0 1.000000
0  31.509539 -79.409843 28.257908  0.245331 -0.490284 0.836322  0.335948 0.813471 1 0 1.000000
skin_0dam
0  25.067556 -87.670891 26.495163  0.576825 -0.383047 0.721490  0.373058 0.841792 1 0 1.000000
0  24.785114 -88.084084 26.517689  0.375414 -0.326643 0.867392  0.374035 0.842769 1 0 1.000000
0  24.161875 -90.351196 25.945633  0.384826 -0.327039 0.863108  0.377941 0.850581 1 0 1.000000
skin_0dam
0  24.161875 -90.351196 25.945633  0.384826 -0.327039 0.863108  0.377941 0.850581 1 0 1.000000
0  24.312302 -90.349144 25.834209  0.548883 -0.343855 0.761900  0.376965 0.850581 1 0 1.000000
0  25.067556 -87.670891 26.495163  0.576825 -0.383047 0.721490  0.373058 0.841792 1 0 1.000000
skin_0dam
0  33.813999 -78.373131 28.190029  0.272299 -0.496681 0.824113  0.323252 0.809564 1 0 1.000000
0  33.712360 -78.248886 28.294834  0.225171 -0.322620 0.919355  0.323252 0.809564 1 0 1.000000
0  31.555759 -79.208748 28.371624  0.147307 -0.336410 0.930123  0.334971 0.812494 1 0 1.000000
skin_0dam
0  31.555759 -79.208748 28.371624  0.147307 -0.336410 0.930123  0.334971 0.812494 1 0 1.000000
0  31.509539 -79.409843 28.257908  0.245331 -0.490284 0.836322  0.335948 0.813471 1 0 1.000000
0  33.813999 -78.373131 28.190029  0.272299 -0.496681 0.824113  0.323252 0.809564 1 0 1.000000
skin_0dam
0  34.712429 -27.458876 33.157104  0.902488 -0.039799 0.428872  0.312510 0.624012 1 0 1.000000
0  34.271988 -26.041201 34.340797  0.901162 -0.070497 0.427712  0.314463 0.619129 1 0 1.000000
0  34.643612 -27.624043 33.308514  0.905683 -0.079109 0.416509  0.312510 0.624012 1 0 1.000000
skin_0dam
0  34.767487 -27.335003 33.046997  0.908404 -0.020907 0.417571  0.311533 0.623035 1 0 1.000000
0  34.271988 -26.041201 34.340797  0.901162 -0.070497 0.427712  0.314463 0.619129 1 0 1.000000
0  34.712429 -27.458876 33.157104  0.902488 -0.039799 0.428872  0.312510 0.624012 1 0 1.000000
skin_0dam
0  34.822540 -27.211126 32.936886  0.915080 -0.047669 0.400444  0.280282 0.623035 1 0 1.000000
0  34.271988 -26.041201 34.340797  0.901162 -0.070497 0.427712  0.288095 0.619129 1 0 1.000000
0  34.767487 -27.335003 33.046997  0.908404 -0.020907 0.417571  0.280282 0.623035 1 0 1.000000
skin_0dam
0  39.309555 -30.018950 9.194248  0.970614 0.226435 -0.081455  0.151372 0.632801 1 0 1.000000
0  39.199444 -29.881311 7.611405  0.972099 0.234563 -0.002044  0.143559 0.632801 1 0 1.000000
0  39.130623 -29.716146 7.625169  0.927815 0.372914 0.009735  0.143559 0.631825 1 0 1.000000
skin_0dam
0  39.130623 -29.716146 7.625169  0.927815 0.372914 0.009735  0.143559 0.631825 1 0 1.000000
0  39.240734 -29.853785 9.208013  0.917249 0.393899 -0.059143  0.151372 0.632801 1 0 1.000000
0  39.309555 -30.018950 9.194248  0.970614 0.226435 -0.081455  0.151372 0.632801 1 0 1.000000
skin_0dam
0  39.309555 -30.197878 9.194248  0.994869 0.029895 -0.096655  0.151372 0.633778 1 0 1.000000
0  39.213207 -30.060240 7.611405  0.998938 0.039934 -0.022970  0.143559 0.632801 1 0 1.000000
0  39.199444 -29.881311 7.611405  0.972099 0.234563 -0.002044  0.143559 0.632801 1 0 1.000000
skin_0dam
0  39.199444 -29.881311 7.611405  0.972099 0.234563 -0.002044  0.143559 0.632801 1 0 1.000000
0  39.309555 -30.018950 9.194248  0.970614 0.226435 -0.081455  0.151372 0.632801 1 0 1.000000
0  39.309555 -30.197878 9.194248  0.994869 0.029895 -0.096655  0.151372 0.633778 1 0 1.000000
skin_0dam
0  39.323318 -34.574783 8.822624  0.994348 0.019522 -0.104365  0.149419 0.649403 1 0 1.000000
0  39.171917 -34.382088 7.487531  0.999413 0.009005 -0.033049  0.142582 0.648427 1 0 1.000000
0  39.213207 -30.060240 7.611405  0.998938 0.039934 -0.022970  0.143559 0.632801 1 0 1.000000
skin_0dam
0  39.213207 -30.060240 7.611405  0.998938 0.039934 -0.022970  0.143559 0.632801 1 0 1.000000
0  39.309555 -30.197878 9.194248  0.994869 0.029895 -0.096655  0.151372 0.633778 1 0 1.000000
0  39.323318 -34.574783 8.822624  0.994348 0.019522 -0.104365  0.149419 0.649403 1 0 1.000000
skin_0dam
0  39.460957 -40.217960 8.533584  0.990177 0.006146 -0.139687  0.148442 0.669912 1 0 1.000000
0  39.282028 -40.011501 7.267309  0.996508 -0.001403 -0.083480  0.141606 0.668935 1 0 1.000000
0  39.171917 -34.382088 7.487531  0.999413 0.009005 -0.033049  0.142582 0.648427 1 0 1.000000
skin_0dam
0  39.171917 -34.382088 7.487531  0.999413 0.009005 -0.033049  0.142582 0.648427 1 0 1.000000
0  39.323318 -34.574783 8.822624  0.994348 0.019522 -0.104365  0.149419 0.649403 1 0 1.000000
0  39.460957 -40.217960 8.533584  0.990177 0.006146 -0.139687  0.148442 0.669912 1 0 1.000000
skin_0dam
0  39.364613 -44.457226 8.313362  0.990210 0.005458 -0.139476  0.146489 0.685537 1 0 1.000000
0  39.171917 -44.333355 6.978269  0.998658 -0.003149 -0.051688  0.139653 0.684561 1 0 1.000000
0  39.282028 -40.011501 7.267309  0.996508 -0.001403 -0.083480  0.141606 0.668935 1 0 1.000000
skin_0dam
0  39.282028 -40.011501 7.267309  0.996508 -0.001403 -0.083480  0.141606 0.668935 1 0 1.000000
0  39.460957 -40.217960 8.533584  0.990177 0.006146 -0.139687  0.148442 0.669912 1 0 1.000000
0  39.364613 -44.457226 8.313362  0.990210 0.005458 -0.139476  0.146489 0.685537 1 0 1.000000
skin_0dam
0  39.378376 -45.338116 8.272070  0.989778 0.022577 -0.140816  0.146489 0.688467 1 0 1.000000
0  39.185680 -45.186707 6.923213  0.998317 0.007322 -0.057529  0.139653 0.687490 1 0 1.000000
0  39.171917 -44.333355 6.978269  0.998658 -0.003149 -0.051688  0.139653 0.684561 1 0 1.000000
skin_0dam
0  39.171917 -44.333355 6.978269  0.998658 -0.003149 -0.051688  0.139653 0.684561 1 0 1.000000
0  39.364613 -44.457226 8.313362  0.990210 0.005458 -0.139476  0.146489 0.685537 1 0 1.000000
0  39.378376 -45.338116 8.272070  0.989778 0.022577 -0.140816  0.146489 0.688467 1 0 1.000000
skin_0dam
0  24.475554 -101.477577 18.240921  -0.452876 -0.687777 -0.567332  0.378918 0.916013 1 0 1.000000
0  23.395765 -97.615700 17.629646  -0.759658 -0.248523 -0.600963  0.383801 0.916990 1 0 1.000000
0  24.620771 -101.419159 17.878674  -0.657247 -0.736906 -0.158100  0.377941 0.916990 1 0 1.000000
skin_0dam
0  23.395765 -97.615700 17.629646  -0.759658 -0.248523 -0.600963  0.383801 0.916990 1 0 1.000000
0  24.475554 -101.477577 18.240921  -0.452876 -0.687777 -0.567332  0.378918 0.916013 1 0 1.000000
0  23.996021 -101.728844 18.670242  -0.251736 -0.577965 -0.776264  0.381848 0.914060 1 0 1.000000
skin_0dam
0  23.996021 -101.728844 18.670242  -0.251736 -0.577965 -0.776264  0.381848 0.914060 1 0 1.000000
0  22.684065 -98.363365 18.581390  -0.536686 -0.232072 -0.811240  0.387707 0.914060 1 0 1.000000
0  23.395765 -97.615700 17.629646  -0.759658 -0.248523 -0.600963  0.383801 0.916990 1 0 1.000000
skin_0dam
0  22.781298 -102.391174 19.345707  -0.121721 -0.569302 -0.813068  0.388684 0.912107 1 0 1.000000
0  22.684065 -98.363365 18.581390  -0.536686 -0.232072 -0.811240  0.387707 0.914060 1 0 1.000000
0  23.996021 -101.728844 18.670242  -0.251736 -0.577965 -0.776264  0.381848 0.914060 1 0 1.000000
skin_0dam
0  22.684065 -98.363365 18.581390  -0.536686 -0.232072 -0.811240  0.387707 0.914060 1 0 1.000000
0  22.781298 -102.391174 19.345707  -0.121721 -0.569302 -0.813068  0.388684 0.912107 1 0 1.000000
0  21.451883 -102.980705 19.935688  -0.113376 -0.601185 -0.791026  0.395520 0.910154 1 0 1.000000
skin_0dam
0  21.451883 -102.980705 19.935688  -0.113376 -0.601185 -0.791026  0.395520 0.910154 1 0 1.000000
0  20.303675 -99.321426 19.762177  -0.373837 -0.155915 -0.914296  0.401379 0.910154 1 0 1.000000
0  22.684065 -98.363365 18.581390  -0.536686 -0.232072 -0.811240  0.387707 0.914060 1 0 1.000000
skin_0dam
0  19.968306 -103.505669 20.592464  -0.148287 -0.578607 -0.802013  0.404309 0.908200 1 0 1.000000
0  20.303675 -99.321426 19.762177  -0.373837 -0.155915 -0.914296  0.401379 0.910154 1 0 1.000000
0  21.451883 -102.980705 19.935688  -0.113376 -0.601185 -0.791026  0.395520 0.910154 1 0 1.000000
skin_0dam
0  20.303675 -99.321426 19.762177  -0.373837 -0.155915 -0.914296  0.401379 0.910154 1 0 1.000000
0  19.968306 -103.505669 20.592464  -0.148287 -0.578607 -0.802013  0.404309 0.908200 1 0 1.000000
0  18.051535 -104.154160 21.423836  -0.073257 -0.587926 -0.805591  0.415052 0.905271 1 0 1.000000
skin_0dam
0  18.051535 -104.154160 21.423836  -0.073257 -0.587926 -0.805591  0.415052 0.905271 1 0 1.000000
0  17.802095 -100.066650 20.905697  -0.333492 -0.132080 -0.933455  0.415052 0.906247 1 0 1.000000
0  20.303675 -99.321426 19.762177  -0.373837 -0.155915 -0.914296  0.401379 0.910154 1 0 1.000000
skin_0dam
0  17.361094 -104.374390 21.577496  -0.025347 -0.565113 -0.824624  0.418958 0.904294 1 0 1.000000
0  16.868057 -100.346588 21.215649  -0.286433 -0.120919 -0.950439  0.419935 0.905271 1 0 1.000000
0  17.802095 -100.066650 20.905697  -0.333492 -0.132080 -0.933455  0.415052 0.906247 1 0 1.000000
skin_0dam
0  17.802095 -100.066650 20.905697  -0.333492 -0.132080 -0.933455  0.415052 0.906247 1 0 1.000000
0  18.051535 -104.154160 21.423836  -0.073257 -0.587926 -0.805591  0.415052 0.905271 1 0 1.000000
0  17.361094 -104.374390 21.577496  -0.025347 -0.565113 -0.824624  0.418958 0.904294 1 0 1.000000
skin_0dam
0  23.395765 -97.615700 17.629646  -0.759658 -0.248523 -0.600963  0.383801 0.916990 1 0 1.000000
0  24.617739 -101.440315 17.452530  -0.691190 -0.714030 0.111432  0.377941 0.918943 1 0 1.000000
0  24.620771 -101.419159 17.878674  -0.657247 -0.736906 -0.158100  0.377941 0.916990 1 0 1.000000
skin_0dam
0  23.713388 -96.416237 16.727180  -0.808154 -0.225611 -0.544046  0.381848 0.920896 1 0 1.000000
0  24.589956 -101.462234 17.316006  -0.705192 -0.664016 0.248570  0.378918 0.918943 1 0 1.000000
0  24.617739 -101.440315 17.452530  -0.691190 -0.714030 0.111432  0.377941 0.918943 1 0 1.000000
skin_0dam
0  24.617739 -101.440315 17.452530  -0.691190 -0.714030 0.111432  0.377941 0.918943 1 0 1.000000
0  23.395765 -97.615700 17.629646  -0.759658 -0.248523 -0.600963  0.383801 0.916990 1 0 1.000000
0  23.713388 -96.416237 16.727180  -0.808356 -0.225560 -0.543768  0.381848 0.920896 1 0 1.000000
skin_0dam
0  24.589956 -101.462234 17.316006  -0.705192 -0.664016 0.248570  0.378918 0.918943 1 0 1.000000
0  23.713388 -96.416237 16.727180  -0.983083 -0.154886 0.097769  0.381848 0.920896 1 0 1.000000
0  24.561977 -101.485519 17.151985  -0.720743 -0.688423 0.081259  0.378918 0.919919 1 0 1.000000
skin_0dam
0  24.561977 -101.485519 17.151985  -0.720743 -0.688423 0.081259  0.378918 0.919919 1 0 1.000000
0  23.713388 -96.416237 16.727180  -0.983083 -0.154886 0.097769  0.381848 0.920896 1 0 1.000000
0  24.558542 -101.453888 16.957504  -0.743645 -0.659142 -0.111914  0.378918 0.920896 1 0 1.000000
skin_0dam
0  16.868057 -100.346588 21.215649  -0.286433 -0.120919 -0.950439  0.419935 0.905271 1 0 1.000000
0  17.361094 -104.374390 21.577496  -0.025347 -0.565113 -0.824624  0.418958 0.904294 1 0 1.000000
0  17.198500 -104.421722 21.622345  -0.195882 -0.592874 -0.781109  0.418958 0.904294 1 0 1.000000
skin_0dam
0  16.868057 -100.346588 21.215649  -0.286433 -0.120919 -0.950439  0.419935 0.905271 1 0 1.000000
0  17.198500 -104.421722 21.622345  -0.195882 -0.592874 -0.781109  0.418958 0.904294 1 0 1.000000
0  17.034134 -104.425827 21.706406  -0.360892 -0.624201 -0.692914  0.419935 0.904294 1 0 1.000000
skin_0dam
0  39.226971 -45.131653 5.794577  -0.144538 0.037223 -0.988799  0.132817 0.687490 1 0 1.000000
0  35.992470 -45.131653 6.262548  -0.123522 0.024185 -0.992047  0.135746 0.687490 1 0 1.000000
0  39.226971 -39.846336 5.987271  -0.087145 0.008927 -0.996156  0.134770 0.668935 1 0 1.000000
skin_0dam
0  39.226971 -39.846336 5.987271  -0.087145 0.008927 -0.996156  0.134770 0.668935 1 0 1.000000
0  35.992470 -45.131653 6.262548  -0.123522 0.024185 -0.992047  0.135746 0.687490 1 0 1.000000
0  35.992470 -29.592272 6.262548  -0.017278 0.022203 -0.999604  0.135746 0.631825 1 0 1.000000
skin_0dam
0  35.992470 -29.592272 6.262548  -0.017278 0.022203 -0.999604  0.135746 0.631825 1 0 1.000000
0  39.185680 -34.189400 6.138674  -0.003509 0.025933 -0.999658  0.134770 0.648427 1 0 1.000000
0  39.226971 -39.846336 5.987271  -0.087145 0.008927 -0.996156  0.134770 0.668935 1 0 1.000000
skin_0dam
0  39.185680 -34.189400 6.138674  -0.003509 0.025933 -0.999658  0.134770 0.648427 1 0 1.000000
0  35.992470 -29.592272 6.262548  -0.017278 0.022203 -0.999604  0.135746 0.631825 1 0 1.000000
0  39.144390 -29.592270 6.262548  -0.000031 0.028373 -0.999597  0.135746 0.631825 1 0 1.000000
misc
0  39.832581 -34.712421 23.632523  0.994496 0.008105 0.104460  0.762719 0.826167 1 0 1.000000
0  39.502251 -34.739952 26.867029  0.994480 0.008057 0.104618  0.999054 0.826167 1 0 1.000000
0  39.557304 -41.429180 26.853266  0.994448 0.008040 0.104925  0.999054 0.456038 1 0 1.000000
misc
0  39.887634 -41.415417 23.687580  0.994465 0.008004 0.104760  0.762719 0.456038 1 0 1.000000
0  39.557304 -41.429180 26.853266  0.994448 0.008040 0.104925  0.999054 0.456038 1 0 1.000000
0  39.612362 -48.104645 26.853266  0.994441 0.008208 0.104975  0.999054 0.825190 1 0 1.000000
misc
0  39.887634 -41.415417 23.687580  0.994465 0.008004 0.104760  0.762719 0.456038 1 0 1.000000
0  39.612362 -48.104645 26.853266  0.994441 0.008208 0.104975  0.999054 0.825190 1 0 1.000000
0  39.942692 -48.118408 23.756399  0.994462 0.008146 0.104784  0.762719 0.825190 1 0 1.000000
misc
0  39.887634 -41.415417 23.687580  0.994465 0.008004 0.104760  0.762719 0.456038 1 0 1.000000
0  39.942692 -48.118408 23.756399  0.994462 0.008146 0.104784  0.762719 0.825190 1 0 1.000000
0  39.901398 -43.989258 23.715107  0.758658 0.000044 -0.651489  0.762719 0.590808 1 0 1.000000
misc
0  39.887634 -41.415417 23.687580  0.994465 0.008004 0.104760  0.762719 0.456038 1 0 1.000000
0  39.901398 -43.989258 23.715107  0.758658 0.000044 -0.651489  0.762719 0.590808 1 0 1.000000
0  39.901398 -42.516521 23.701344  -0.757264 0.000019 0.653109  0.762719 0.516587 1 0 1.000000
misc
0  39.557304 -41.429180 26.853266  0.994448 0.008040 0.104925  0.999054 0.456038 1 0 1.000000
0  39.887634 -41.415417 23.687580  0.994465 0.008004 0.104760  0.762719 0.456038 1 0 1.000000
0  39.832581 -34.712421 23.632523  0.994496 0.008105 0.104460  0.762719 0.826167 1 0 1.000000
chrome
0  41.305313 -48.958004 24.802452  0.993672 -0.112320 -0.000000  0.040040 0.030244 1 0 1.000000
0  41.305313 -48.958004 25.256659  0.762123 -0.093218 0.640686  0.040040 0.066378 1 0 1.000000
0  41.181438 -49.453506 25.256659  0.666000 -0.366524 0.649695  0.040040 0.066378 1 0 1.000000
chrome
0  41.181438 -49.453506 25.256659  0.666000 -0.366524 0.649695  0.040040 0.066378 1 0 1.000000
0  41.181438 -49.453506 24.802452  0.880691 -0.473691 0.000000  0.040040 0.030244 1 0 1.000000
0  41.305313 -48.958004 24.802452  0.993672 -0.112320 -0.000000  0.040040 0.030244 1 0 1.000000
chrome
0  40.878635 -49.783833 25.256659  0.308583 -0.717075 0.624965  0.040040 0.066378 1 0 1.000000
0  40.878635 -49.783833 24.802452  0.394408 -0.918935 0.000000  0.040040 0.030244 1 0 1.000000
0  41.181438 -49.453506 24.802452  0.880691 -0.473691 0.000000  0.040040 0.030244 1 0 1.000000
chrome
0  41.181438 -49.453506 24.802452  0.880691 -0.473691 0.000000  0.040040 0.030244 1 0 1.000000
0  41.181438 -49.453506 25.256659  0.666000 -0.366524 0.649695  0.040040 0.066378 1 0 1.000000
0  40.878635 -49.783833 25.256659  0.308583 -0.717075 0.624965  0.040040 0.066378 1 0 1.000000
chrome
0  41.305313 -48.958004 25.256659  0.762123 -0.093218 0.640686  0.040040 0.066378 1 0 1.000000
0  41.305313 -48.958004 24.802452  0.993672 -0.112320 -0.000000  0.040040 0.030244 1 0 1.000000
0  40.823582 -30.129061 25.311716  0.999673 0.025576 0.000000  0.040040 0.030244 1 0 1.000000
chrome
0  40.823582 -30.129061 25.311716  0.999673 0.025576 0.000000  0.040040 0.030244 1 0 1.000000
0  40.823582 -30.129061 25.752155  0.858626 0.008741 0.512529  0.040040 0.066378 1 0 1.000000
0  41.305313 -48.958004 25.256659  0.762123 -0.093218 0.640686  0.040040 0.066378 1 0 1.000000
chrome
0  41.181438 -49.453506 25.256659  0.666000 -0.366524 0.649695  0.020508 0.233375 1 0 1.000000
0  41.305313 -48.958004 25.256659  0.762123 -0.093218 0.640686  0.020508 0.243141 1 0 1.000000
0  40.823582 -30.129061 25.752155  0.858626 0.008741 0.512529  0.020508 0.210913 1 0 1.000000
chrome
0  41.181438 -49.453506 25.256659  0.666000 -0.366524 0.649695  0.020508 0.233375 1 0 1.000000
0  40.823582 -30.129061 25.752155  0.858626 0.008741 0.512529  0.020508 0.210913 1 0 1.000000
0  39.653652 -31.065001 25.724628  -0.005590 -0.026155 0.999642  0.020508 0.123997 1 0 1.000000
chrome
0  41.181438 -49.453506 25.256659  0.666000 -0.366524 0.649695  0.020508 0.233375 1 0 1.000000
0  39.653652 -31.065001 25.724628  -0.005590 -0.026155 0.999642  0.020508 0.123997 1 0 1.000000
0  39.350845 -49.756306 25.256659  -0.010024 -0.714414 0.699651  0.020508 0.099582 1 0 1.000000
chrome
0  41.181438 -49.453506 25.256659  0.666000 -0.366524 0.649695  0.020508 0.233375 1 0 1.000000
0  39.350845 -49.756306 25.256659  -0.010024 -0.714414 0.699651  0.020508 0.099582 1 0 1.000000
0  40.878635 -49.783833 25.256659  0.308583 -0.717075 0.624965  0.020508 0.203101 1 0 1.000000
chrome
0  40.823582 -30.129061 25.311716  -0.627987 0.778224 -0.000000  0.041017 0.030244 1 0 1.000000
0  39.653652 -31.065001 25.284185  -0.628098 0.778134 -0.000000  0.041017 0.030244 1 0 1.000000
0  39.653652 -31.065001 25.724628  -0.627987 0.778224 0.000000  0.041017 0.066378 1 0 1.000000
chrome
0  39.653652 -31.065001 25.724628  -0.628091 0.778140 -0.000000  0.041017 0.066378 1 0 1.000000
0  40.823582 -30.129061 25.752155  -0.628091 0.778140 -0.000000  0.041017 0.066378 1 0 1.000000
0  40.823582 -30.129061 25.311716  -0.628091 0.778140 -0.000000  0.041017 0.030244 1 0 1.000000
chrome
0  40.878635 -49.783833 24.802452  0.394408 -0.918935 0.000000  0.040040 0.030244 1 0 1.000000
0  40.878635 -49.783833 25.256659  0.308583 -0.717075 0.624965  0.040040 0.066378 1 0 1.000000
0  39.350845 -49.756306 25.256659  -0.010024 -0.714414 0.699651  0.040040 0.066378 1 0 1.000000
chrome
0  39.350845 -49.756306 25.256659  -0.010024 -0.714414 0.699651  0.040040 0.066378 1 0 1.000000
0  39.350845 -49.756306 24.802452  -0.018877 -0.999822 0.000000  0.040040 0.030244 1 0 1.000000
0  40.878635 -49.783833 24.802452  0.394408 -0.918935 0.000000  0.040040 0.030244 1 0 1.000000
chrome
0  39.350845 -49.756306 24.802452  -0.003571 0.023206 -0.999724  0.020508 0.099582 1 0 1.000000
0  39.653652 -31.065001 25.284185  0.006945 0.025220 -0.999658  0.020508 0.123997 1 0 1.000000
0  40.823582 -30.129061 25.311716  0.004808 0.025309 -0.999668  0.020508 0.210913 1 0 1.000000
chrome
0  40.823582 -30.129061 25.311716  0.004808 0.025309 -0.999668  0.020508 0.210913 1 0 1.000000
0  41.305313 -48.958004 24.802452  -0.095638 0.024240 -0.995121  0.020508 0.243141 1 0 1.000000
0  41.181438 -49.453506 24.802452  -0.012593 0.019487 -0.999731  0.020508 0.233375 1 0 1.000000
chrome
0  39.350845 -49.756306 24.802452  -0.003571 0.023206 -0.999724  0.020508 0.099582 1 0 1.000000
0  40.823582 -30.129061 25.311716  0.004808 0.025309 -0.999668  0.020508 0.210913 1 0 1.000000
0  41.181438 -49.453506 24.802452  -0.012593 0.019487 -0.999731  0.020508 0.233375 1 0 1.000000
chrome
0  39.350845 -49.756306 24.802452  -0.003571 0.023206 -0.999724  0.020508 0.099582 1 0 1.000000
0  41.181438 -49.453506 24.802452  -0.012593 0.019487 -0.999731  0.020508 0.233375 1 0 1.000000
0  40.878635 -49.783833 24.802452  0.000000 0.000000 -1.000000  0.020508 0.203101 1 0 1.000000
chrome
0  34.203171 -25.752157 34.519730  0.865627 -0.002688 0.500682  0.038087 0.040010 1 0 1.000000
0  33.996708 -25.917324 34.781242  0.720896 0.164700 0.673189  0.038087 0.074190 1 0 1.000000
0  34.093060 -26.054964 34.712421  0.845782 0.024681 0.532958  0.038087 0.074190 1 0 1.000000
chrome
0  34.093060 -26.054964 34.712421  0.845782 0.024681 0.532958  0.038087 0.074190 1 0 1.000000
0  34.244461 -25.903561 34.423382  0.902699 -0.067607 0.424928  0.038087 0.040010 1 0 1.000000
0  34.203171 -25.752157 34.519730  0.865627 -0.002688 0.500682  0.038087 0.040010 1 0 1.000000
chrome
0  34.120586 -26.192604 34.616074  0.889922 -0.093941 0.446334  0.038087 0.074190 1 0 1.000000
0  34.271988 -26.041201 34.340797  0.901162 -0.070497 0.427712  0.066408 0.040010 1 0 1.000000
0  34.244461 -25.903561 34.423382  0.902699 -0.067607 0.424928  0.038087 0.040010 1 0 1.000000
chrome
0  34.244461 -25.903561 34.423382  0.902699 -0.067607 0.424928  0.038087 0.040010 1 0 1.000000
0  34.093060 -26.054964 34.712421  0.845782 0.024681 0.532958  0.038087 0.074190 1 0 1.000000
0  34.120586 -26.192604 34.616074  0.889922 -0.093941 0.446334  0.038087 0.074190 1 0 1.000000
chrome
0  34.271988 -26.041201 34.340797  0.901162 -0.070497 0.427712  0.066408 0.040010 1 0 1.000000
0  34.120586 -26.192604 34.616074  0.889922 -0.093941 0.446334  0.038087 0.074190 1 0 1.000000
0  34.464680 -27.582750 33.638844  0.876983 -0.099479 0.470112  0.040040 0.074190 1 0 1.000000
chrome
0  34.464680 -27.582750 33.638844  0.876983 -0.099479 0.470112  0.040040 0.074190 1 0 1.000000
0  34.643612 -27.624043 33.308514  0.905683 -0.079109 0.416509  0.066408 0.074190 1 0 1.000000
0  34.271988 -26.041201 34.340797  0.901162 -0.070497 0.427712  0.066408 0.040010 1 0 1.000000
badges
0  40.851109 -41.525524 18.870234  0.991984 -0.063855 -0.109045  0.448256 0.001923 1 0 1.000000
0  41.043800 -40.383129 19.957577  0.999469 0.018586 -0.026760  0.362316 0.088839 1 0 1.000000
0  40.906162 -41.525524 21.058685  0.996405 -0.064207 0.055263  0.448256 0.174779 1 0 1.000000
badges
0  40.906162 -41.525524 21.058685  0.996405 -0.064207 0.055263  0.448256 0.174779 1 0 1.000000
0  41.043800 -40.383129 19.957577  0.999469 0.018586 -0.026760  0.362316 0.088839 1 0 1.000000
0  40.864872 -39.254494 21.058685  0.993288 0.101743 0.055015  0.275399 0.174779 1 0 1.000000
badges
0  41.043800 -40.383129 19.957577  0.999469 0.018586 -0.026760  0.362316 0.088839 1 0 1.000000
0  40.809818 -39.254494 18.870234  0.988913 0.101263 -0.108610  0.275399 0.001923 1 0 1.000000
0  40.864872 -39.254494 21.058685  0.993288 0.101743 0.055015  0.275399 0.174779 1 0 1.000000
badges
0  40.809818 -39.254494 18.870234  0.988913 0.101263 -0.108610  0.275399 0.001923 1 0 1.000000
0  41.043800 -40.383129 19.957577  0.999469 0.018586 -0.026760  0.362316 0.088839 1 0 1.000000
0  40.851109 -41.525524 18.870234  0.991984 -0.063855 -0.109045  0.448256 0.001923 1 0 1.000000
black
0  42.072941 -61.858986 25.064968  0.004049 -0.003340 -0.999986  0.529313 0.913083 1 0 1.000000
0  42.119434 -65.035988 24.946754  0.007690 0.114179 -0.993430  0.619160 0.908200 1 0 1.000000
0  22.999397 -67.401566 24.527178  -0.002873 0.253912 -0.967223  0.663106 0.118137 1 0 1.000000
black
0  22.999397 -67.401566 24.527178  -0.002873 0.253912 -0.967223  0.663106 0.118137 1 0 1.000000
0  22.999395 -62.694332 25.201605  -0.003602 0.010744 -0.999936  0.529313 0.118137 1 0 1.000000
0  42.072941 -61.858986 25.064968  0.004049 -0.003340 -0.999986  0.529313 0.913083 1 0 1.000000
black
0  42.075592 -68.160645 24.302902  -0.001146 0.294540 -0.955638  0.707053 0.898434 1 0 1.000000
0  41.927063 -70.943939 23.132942  0.009761 0.467953 -0.883699  0.784204 0.884762 1 0 1.000000
0  22.999397 -71.654594 22.820459  -0.004298 0.517667 -0.855571  0.784204 0.118137 1 0 1.000000
black
0  22.999397 -71.654594 22.820459  -0.004298 0.517667 -0.855571  0.784204 0.118137 1 0 1.000000
0  22.999397 -67.401566 24.527178  -0.002873 0.253912 -0.967223  0.663106 0.118137 1 0 1.000000
0  42.075592 -68.160645 24.302902  -0.001146 0.294540 -0.955638  0.707053 0.898434 1 0 1.000000
black
0  41.910927 -56.431774 24.210606  0.009660 -0.331582 -0.943377  0.350597 0.918943 1 0 1.000000
0  41.883396 -59.569939 24.926327  -0.001480 -0.141560 -0.989929  0.440443 0.916990 1 0 1.000000
0  22.999395 -58.000854 24.568468  0.004635 -0.251349 -0.967885  0.395520 0.118137 1 0 1.000000
black
0  41.855869 -53.486313 22.820457  0.007933 -0.514547 -0.857425  0.266610 0.916013 1 0 1.000000
0  41.910927 -56.431774 24.210606  0.009660 -0.331582 -0.943377  0.350597 0.918943 1 0 1.000000
0  22.999395 -58.000854 24.568468  0.004635 -0.251349 -0.967885  0.395520 0.118137 1 0 1.000000
black
0  22.999395 -58.000854 24.568468  0.004635 -0.251349 -0.967885  0.395520 0.118137 1 0 1.000000
0  22.999395 -53.486317 22.820459  0.005463 -0.519384 -0.854524  0.266610 0.118137 1 0 1.000000
0  41.855869 -53.486313 22.820457  0.007933 -0.514547 -0.857425  0.266610 0.916013 1 0 1.000000
black
0  22.999395 -53.486317 22.820459  0.005463 -0.519384 -0.854524  0.266610 0.118137 1 0 1.000000
0  22.999395 -49.921478 19.627247  0.006574 -0.756240 -0.654261  0.165044 0.118137 1 0 1.000000
0  41.649406 -50.967525 20.865992  0.001098 -0.687661 -0.726031  0.195318 0.906247 1 0 1.000000
black
0  41.649406 -50.967525 20.865992  0.001098 -0.687661 -0.726031  0.195318 0.906247 1 0 1.000000
0  41.855869 -53.486313 22.820457  0.007933 -0.514547 -0.857425  0.266610 0.916013 1 0 1.000000
0  22.999395 -53.486317 22.820459  0.005463 -0.519384 -0.854524  0.266610 0.118137 1 0 1.000000
black
0  22.999395 -49.921478 19.627247  0.006574 -0.756240 -0.654261  0.165044 0.118137 1 0 1.000000
0  22.999393 -47.237526 15.649493  0.008292 -0.909633 -0.415330  0.088870 0.118137 1 0 1.000000
0  40.906162 -47.237522 15.649492  0.006983 -0.895073 -0.445865  0.088870 0.869137 1 0 1.000000
black
0  40.906162 -47.237522 15.649492  0.006983 -0.895073 -0.445865  0.088870 0.869137 1 0 1.000000
0  41.360371 -48.875423 18.402262  0.007059 -0.812886 -0.582381  0.135746 0.891598 1 0 1.000000
0  22.999395 -49.921478 19.627247  0.006574 -0.756240 -0.654261  0.165044 0.118137 1 0 1.000000
black
0  41.927063 -70.943939 23.132942  0.009761 0.467953 -0.883699  0.784204 0.884762 1 0 1.000000
0  41.752899 -73.588409 21.446369  0.013002 0.621217 -0.783531  0.856471 0.870113 1 0 1.000000
0  22.999397 -75.178139 19.861231  -0.001466 0.738115 -0.674673  0.884793 0.118137 1 0 1.000000
black
0  22.999397 -75.178139 19.861231  -0.001466 0.738115 -0.674673  0.884793 0.118137 1 0 1.000000
0  22.999397 -71.654594 22.820459  -0.004298 0.517667 -0.855571  0.784204 0.118137 1 0 1.000000
0  41.927063 -70.943939 23.132942  0.009761 0.467953 -0.883699  0.784204 0.884762 1 0 1.000000
black
0  39.185680 -45.186707 6.923213  0.010195 -0.993006 -0.117623  0.030274 0.784173 1 0 1.000000
0  22.999393 -45.695976 9.648457  0.021987 -0.987491 -0.156137  0.029298 0.118137 1 0 1.000000
0  35.992470 -45.131653 6.262548  0.009269 -0.996799 -0.079407  0.029298 0.547838 1 0 1.000000
black
0  41.477844 -75.682175 19.278393  0.000857 0.773286 -0.634057  0.913114 0.852535 1 0 1.000000
0  22.999397 -75.178139 19.861231  -0.001466 0.738115 -0.674673  0.884793 0.118137 1 0 1.000000
0  41.752899 -73.588409 21.446369  0.013002 0.621217 -0.783531  0.856471 0.870113 1 0 1.000000
black
0  41.092670 -77.250023 16.974838  0.004068 0.826520 -0.562892  0.953154 0.831050 1 0 1.000000
0  22.999397 -77.586815 16.351450  0.001191 0.890651 -0.454686  0.953154 0.118137 1 0 1.000000
0  41.185246 -77.140945 17.134140  0.003944 0.825920 -0.563773  0.951201 0.835932 1 0 1.000000
black
0  22.999393 -47.237526 15.649493  0.008292 -0.909633 -0.415330  0.088870 0.118137 1 0 1.000000
0  22.999393 -45.695976 9.648457  0.021987 -0.987491 -0.156137  0.029298 0.118137 1 0 1.000000
0  40.204205 -46.163944 12.745320  0.007048 -0.957406 -0.288661  0.058596 0.834956 1 0 1.000000
black
0  40.204205 -46.163944 12.745320  0.007048 -0.957406 -0.288661  0.058596 0.834956 1 0 1.000000
0  40.906162 -47.237522 15.649492  0.006983 -0.895073 -0.445865  0.088870 0.869137 1 0 1.000000
0  22.999393 -47.237526 15.649493  0.008292 -0.909633 -0.415330  0.088870 0.118137 1 0 1.000000
black
0  39.378376 -45.338116 8.272070  0.012325 -0.993667 -0.111686  0.035157 0.793939 1 0 1.000000
0  39.598598 -45.503277 9.786094  0.012849 -0.984817 -0.173119  0.039064 0.804682 1 0 1.000000
0  22.999393 -45.695976 9.648457  0.021987 -0.987491 -0.156137  0.029298 0.118137 1 0 1.000000
black
0  41.649406 -50.967525 20.865992  0.001098 -0.687661 -0.726031  0.195318 0.906247 1 0 1.000000
0  22.999395 -49.921478 19.627247  0.006574 -0.756240 -0.654261  0.165044 0.118137 1 0 1.000000
0  41.360371 -48.875423 18.402262  0.007059 -0.812886 -0.582381  0.135746 0.891598 1 0 1.000000
black
0  22.999397 -77.586815 16.351450  0.001191 0.890651 -0.454686  0.953154 0.118137 1 0 1.000000
0  22.999397 -75.178139 19.861231  -0.001466 0.738115 -0.674673  0.884793 0.118137 1 0 1.000000
0  41.477844 -75.682175 19.278393  0.000857 0.773286 -0.634057  0.913114 0.852535 1 0 1.000000
black
0  41.477844 -75.682175 19.278393  0.000857 0.773286 -0.634057  0.913114 0.852535 1 0 1.000000
0  41.209091 -77.035278 17.294098  0.003865 0.828211 -0.560403  0.948271 0.836909 1 0 1.000000
0  22.999397 -77.586815 16.351450  0.001191 0.890651 -0.454686  0.953154 0.118137 1 0 1.000000
black
0  41.185246 -77.140945 17.134140  0.003944 0.825920 -0.563773  0.951201 0.835932 1 0 1.000000
0  22.999397 -77.586815 16.351450  0.001191 0.890651 -0.454686  0.953154 0.118137 1 0 1.000000
0  41.209091 -77.035278 17.294098  0.003865 0.828211 -0.560403  0.948271 0.836909 1 0 1.000000
black
0  42.075592 -68.160645 24.302902  -0.001146 0.294540 -0.955638  0.707053 0.898434 1 0 1.000000
0  22.999397 -67.401566 24.527178  -0.002873 0.253912 -0.967223  0.663106 0.118137 1 0 1.000000
0  42.119434 -65.035988 24.946754  0.007690 0.114179 -0.993430  0.619160 0.908200 1 0 1.000000
black
0  22.999395 -62.694332 25.201605  -0.003602 0.010744 -0.999936  0.529313 0.118137 1 0 1.000000
0  22.999395 -58.000854 24.568468  0.004635 -0.251349 -0.967885  0.395520 0.118137 1 0 1.000000
0  41.883396 -59.569939 24.926327  -0.001480 -0.141560 -0.989929  0.440443 0.916990 1 0 1.000000
black
0  41.883396 -59.569939 24.926327  -0.001480 -0.141560 -0.989929  0.440443 0.916990 1 0 1.000000
0  42.072941 -61.858986 25.064968  0.004049 -0.003340 -0.999986  0.529313 0.913083 1 0 1.000000
0  22.999395 -62.694332 25.201605  -0.003602 0.010744 -0.999936  0.529313 0.118137 1 0 1.000000
black
0  40.204205 -46.163944 12.745320  0.007048 -0.957406 -0.288661  0.058596 0.834956 1 0 1.000000
0  22.999393 -45.695976 9.648457  0.021987 -0.987491 -0.156137  0.029298 0.118137 1 0 1.000000
0  39.598598 -45.503277 9.786094  0.012849 -0.984817 -0.173119  0.039064 0.804682 1 0 1.000000
black
0  39.378376 -45.338116 8.272070  0.012325 -0.993667 -0.111686  0.035157 0.793939 1 0 1.000000
0  22.999393 -45.695976 9.648457  0.021987 -0.987491 -0.156137  0.029298 0.118137 1 0 1.000000
0  39.185680 -45.186707 6.923213  0.010195 -0.993006 -0.117623  0.030274 0.784173 1 0 1.000000
black
0  22.999393 -45.241772 1.514022  0.014629 -0.693294 -0.720507  0.032228 0.118137 1 0 1.000000
0  34.450916 -45.310589 1.514021  -0.005186 -0.787149 -0.616741  0.034181 0.548814 1 0 1.000000
0  35.992470 -45.131653 6.262548  0.009227 -0.996829 -0.079034  0.029298 0.547838 1 0 1.000000
black
0  35.992470 -45.131653 6.262548  0.009269 -0.996799 -0.079407  0.029298 0.547838 1 0 1.000000
0  22.999393 -45.695976 9.648457  0.021987 -0.987491 -0.156137  0.029298 0.118137 1 0 1.000000
0  22.999393 -45.241772 1.514022  0.014569 -0.693026 -0.720765  0.032228 0.118137 1 0 1.000000
black
0  22.999393 -42.956970 1.514022  -0.000000 -0.000000 -1.000000  0.033204 0.287088 1 0 1.000000
0  34.423389 -42.956966 1.514021  -0.000000 -0.000000 -1.000000  0.033204 0.374004 1 0 1.000000
0  34.450916 -45.310589 1.514021  -0.005186 -0.787149 -0.616741  0.034181 0.548814 1 0 1.000000
black
0  34.450916 -45.310589 1.514021  -0.005186 -0.787149 -0.616741  0.034181 0.548814 1 0 1.000000
0  22.999393 -45.241772 1.514022  0.014629 -0.693294 -0.720507  0.032228 0.118137 1 0 1.000000
0  22.999393 -42.956970 1.514022  -0.000000 -0.000000 -1.000000  0.033204 0.287088 1 0 1.000000
black
0  39.213207 -45.090363 6.138674  0.010104 -0.997834 -0.065004  0.027345 0.785150 1 0 1.000000
0  35.992470 -45.131653 6.262548  0.009269 -0.996799 -0.079407  0.029298 0.547838 1 0 1.000000
0  39.240734 -45.090363 5.973507  0.023043 -0.993908 0.107781  0.027345 0.786126 1 0 1.000000
black
0  39.240734 -45.090363 5.973507  0.023043 -0.993908 0.107781  0.027345 0.786126 1 0 1.000000
0  35.992470 -45.131653 6.262548  0.009269 -0.996799 -0.079407  0.029298 0.547838 1 0 1.000000
0  39.226971 -45.131653 5.794577  0.031740 -0.977641 0.207871  0.028321 0.786126 1 0 1.000000
black
0  39.185680 -45.186707 6.923213  0.010195 -0.993006 -0.117623  0.030274 0.784173 1 0 1.000000
0  35.992470 -45.131653 6.262548  0.009269 -0.996799 -0.079407  0.029298 0.547838 1 0 1.000000
0  39.213207 -45.090363 6.138674  0.010104 -0.997834 -0.065004  0.027345 0.785150 1 0 1.000000
black
0  22.999397 -79.555038 10.708272  0.006238 0.973756 -0.227507  0.753929 0.616199 1 0 1.000000
0  22.999397 -77.586815 16.351450  0.001689 0.894287 -0.447490  0.753929 0.887692 1 0 1.000000
0  40.327419 -77.441956 16.659069  0.003817 0.923817 -0.382816  0.896512 0.871090 1 0 1.000000
black
0  40.327419 -77.441956 16.659069  0.003817 0.923817 -0.382816  0.896512 0.871090 1 0 1.000000
0  38.855350 -79.169662 12.456281  0.012261 0.947314 -0.320073  0.891629 0.705069 1 0 1.000000
0  22.999397 -79.555038 10.708272  0.006238 0.973756 -0.227507  0.753929 0.616199 1 0 1.000000
black
0  38.235977 -79.940430 8.946499  0.002014 0.989083 -0.147343  0.884793 0.527329 1 0 1.000000
0  22.999397 -79.555038 10.708272  0.006238 0.973756 -0.227507  0.753929 0.616199 1 0 1.000000
0  38.855350 -79.169662 12.456281  0.012261 0.947314 -0.320073  0.891629 0.705069 1 0 1.000000
black
0  38.566311 -80.160652 3.454723  0.000417 0.999981 0.006190  0.888699 0.272439 1 0 1.000000
0  22.999395 -80.133125 5.711995  0.006517 0.998656 -0.051418  0.753929 0.375957 1 0 1.000000
0  38.015755 -80.133125 6.179965  0.000932 0.999165 -0.040846  0.882839 0.400372 1 0 1.000000
black
0  40.327419 -77.441956 16.659069  0.007029 0.857516 -0.514410  0.896512 0.871090 1 0 1.000000
0  22.999397 -77.586815 16.351450  0.001191 0.890651 -0.454686  0.753929 0.887692 1 0 1.000000
0  41.092670 -77.250023 16.974838  0.004068 0.826520 -0.562892  0.896512 0.887692 1 0 1.000000
black
0  22.999395 -80.133125 5.711995  0.006517 0.998656 -0.051418  0.753929 0.375957 1 0 1.000000
0  22.999397 -79.555038 10.708272  0.006238 0.973756 -0.227507  0.753929 0.616199 1 0 1.000000
0  38.235977 -79.940430 8.946499  0.002014 0.989083 -0.147343  0.884793 0.527329 1 0 1.000000
black
0  38.235977 -79.940430 8.946499  0.002014 0.989083 -0.147343  0.884793 0.527329 1 0 1.000000
0  38.015755 -80.133125 6.179965  0.000932 0.999165 -0.040846  0.882839 0.400372 1 0 1.000000
0  22.999395 -80.133125 5.711995  0.006517 0.998656 -0.051418  0.753929 0.375957 1 0 1.000000
black
0  22.999395 -80.133125 5.711995  0.006517 0.998656 -0.051418  0.753929 0.375957 1 0 1.000000
0  38.566311 -80.160652 3.454723  0.000417 0.999981 0.006190  0.888699 0.272439 1 0 1.000000
0  22.999395 -80.105598 1.527785  0.002805 0.999934 0.011183  0.753929 0.192358 1 0 1.000000
black
0  22.999395 -80.105598 1.527785  0.002809 0.999932 0.011314  0.753929 0.192358 1 0 1.000000
0  38.566311 -80.160652 3.454723  0.000417 0.999981 0.006188  0.888699 0.272439 1 0 1.000000
0  36.515499 -80.064308 0.385385  0.000092 0.999448 0.033235  0.855495 0.093722 1 0 1.000000
chassis
0  38.235977 -79.940430 8.946499  0.055803 -0.988549 0.140207  0.494156 0.442366 1 0 1.000000
0  22.999397 -80.422165 10.900966  0.051049 -0.974355 0.219147  0.479507 0.499985 1 0 1.000000
0  22.999395 -81.014015 5.711995  0.037175 -0.998409 -0.042388  0.516617 0.499985 1 0 1.000000
chassis
0  22.999395 -81.014015 5.711995  0.037175 -0.998409 -0.042388  0.516617 0.499985 1 0 1.000000
0  38.015755 -80.133125 6.179965  0.057459 -0.997352 0.044582  0.513688 0.443342 1 0 1.000000
0  38.235977 -79.940430 8.946499  0.055803 -0.988549 0.140207  0.494156 0.442366 1 0 1.000000
chassis
0  38.566311 -80.160652 3.454723  0.032837 -0.999166 -0.024274  0.532243 0.441389 1 0 1.000000
0  22.999395 -81.014015 5.711995  0.037113 -0.998378 -0.043177  0.516617 0.499985 1 0 1.000000
0  22.999395 -80.105598 1.527785  0.019527 -0.981228 -0.191859  0.545915 0.499985 1 0 1.000000
chassis
0  22.999395 -80.105598 1.527785  0.019477 -0.981307 -0.191462  0.545915 0.499985 1 0 1.000000
0  36.515499 -80.064308 0.385385  -0.000106 -0.999449 -0.033180  0.553728 0.449202 1 0 1.000000
0  38.566311 -80.160652 3.454723  0.032832 -0.999175 -0.023886  0.532243 0.441389 1 0 1.000000
chassis
0  38.855350 -79.169662 12.456281  0.045154 -0.951093 0.305587  0.468764 0.440413 1 0 1.000000
0  22.999397 -80.422165 10.900966  0.051049 -0.974355 0.219147  0.479507 0.499985 1 0 1.000000
0  38.235977 -79.940430 8.946499  0.055803 -0.988549 0.140207  0.494156 0.442366 1 0 1.000000
chassis
0  40.327419 -77.441956 16.659069  0.042563 -0.934065 0.354557  0.442396 0.438459 1 0 1.000000
0  22.999397 -78.605339 16.351450  0.057982 -0.947088 0.315695  0.440443 0.499008 1 0 1.000000
0  22.999397 -80.422165 10.900966  0.051049 -0.974355 0.219147  0.479507 0.499985 1 0 1.000000
chassis
0  22.999397 -80.422165 10.900966  0.051049 -0.974355 0.219147  0.479507 0.499985 1 0 1.000000
0  38.855350 -79.169662 12.456281  0.045154 -0.951093 0.305587  0.468764 0.440413 1 0 1.000000
0  40.327419 -77.441956 16.659069  0.042563 -0.934065 0.354557  0.442396 0.438459 1 0 1.000000
chassis
0  38.015755 -80.133125 6.179965  0.057459 -0.997352 0.044578  0.513688 0.443342 1 0 1.000000
0  22.999395 -81.014015 5.711995  0.037165 -0.998394 -0.042755  0.516617 0.499985 1 0 1.000000
0  38.566311 -80.160652 3.454723  0.032859 -0.999175 -0.023864  0.532243 0.441389 1 0 1.000000
end
