version 1
nodes
0 "blender_implicit" -1
1 "root" -1
2 "steering_wheel" 1
end
skeleton
time 0
0  0.000000 0.000000 0.000000  0.000000 -0.000000 0.000000
1  0.000000 0.000000 0.000000  1.570796 -0.000000 0.000000
2  16.207815 27.240572 20.061567  0.000000 -0.000000 0.000000
end
triangles
headlight2
0  19.643175 -96.608253 19.863379  0.451198 -0.742294 0.495399  0.029298 0.160619 1 1 1.000000
0  20.171690 -96.487137 19.544067  0.452642 -0.742786 0.493340  0.046632 0.142796 1 1 1.000000
0  21.448936 -95.297981 20.171679  0.479452 -0.733886 0.481183  0.120365 0.159886 1 1 1.000000
headlight2
0  21.636120 -95.430107 19.786303  0.480133 -0.732408 0.482753  0.121586 0.141087 1 1 1.000000
0  21.448936 -95.297981 20.171679  0.479452 -0.733886 0.481183  0.120365 0.159886 1 1 1.000000
0  20.171690 -96.487137 19.544067  0.452642 -0.742786 0.493340  0.046632 0.142796 1 1 1.000000
headlight2
0  21.448936 -95.297981 20.171679  0.479452 -0.733886 0.481183  0.120365 0.159886 1 1 1.000000
0  21.636120 -95.430107 19.786303  0.480133 -0.732408 0.482753  0.121586 0.141087 1 1 1.000000
0  24.322739 -92.996735 20.656151  0.485667 -0.684698 0.543429  0.276864 0.160619 1 1 1.000000
headlight2
0  24.564974 -93.172905 20.226732  0.485555 -0.682588 0.546178  0.276864 0.137669 1 1 1.000000
0  24.322739 -92.996735 20.656151  0.485667 -0.684698 0.543429  0.276864 0.160619 1 1 1.000000
0  21.636120 -95.430107 19.786303  0.480133 -0.732408 0.482753  0.121586 0.141087 1 1 1.000000
headlight2
0  24.322739 -92.996735 20.656151  0.485667 -0.684698 0.543429  0.276864 0.160619 1 1 1.000000
0  24.564974 -93.172905 20.226732  0.485555 -0.682588 0.546178  0.276864 0.137669 1 1 1.000000
0  29.828110 -88.063919 21.526001  0.522847 -0.633989 0.569815  0.588641 0.159154 1 1 1.000000
headlight2
0  30.048325 -88.317169 21.030518  0.520054 -0.638466 0.567367  0.585223 0.134495 1 1 1.000000
0  29.828110 -88.063919 21.526001  0.522847 -0.633989 0.569815  0.588641 0.159154 1 1 1.000000
0  24.564974 -93.172905 20.226732  0.485555 -0.682588 0.546178  0.276864 0.137669 1 1 1.000000
headlight2
0  29.828110 -88.063919 21.526001  0.522847 -0.633989 0.569815  0.588641 0.159154 1 1 1.000000
0  30.048325 -88.317169 21.030518  0.520054 -0.638466 0.567367  0.585223 0.134495 1 1 1.000000
0  34.904060 -82.866852 22.252708  0.606663 -0.639389 0.472378  0.873806 0.155980 1 1 1.000000
headlight2
0  35.509651 -82.690681 21.735205  0.622137 -0.636584 0.455748  0.893582 0.130100 1 1 1.000000
0  34.904060 -82.866852 22.252708  0.606663 -0.639389 0.472378  0.873806 0.155980 1 1 1.000000
0  30.048325 -88.317169 21.030518  0.520054 -0.638466 0.567367  0.585223 0.134495 1 1 1.000000
headlight2
0  34.904060 -82.866852 22.252708  0.606663 -0.639389 0.472378  0.873806 0.155980 1 1 1.000000
0  35.509651 -82.690681 21.735205  0.622137 -0.636584 0.455748  0.893582 0.130100 1 1 1.000000
0  36.489609 -81.171196 22.461914  0.643121 -0.625921 0.441156  0.966094 0.156468 1 1 1.000000
headlight2
0  36.742855 -81.061089 22.230688  0.646919 -0.624706 0.437308  0.975372 0.145970 1 1 1.000000
0  36.489609 -81.171196 22.461914  0.643121 -0.625921 0.441156  0.966094 0.156468 1 1 1.000000
0  35.509651 -82.690681 21.735205  0.622137 -0.636584 0.455748  0.893582 0.130100 1 1 1.000000
headlight2
0  36.742855 -81.061089 22.230688  0.646919 -0.624706 0.437308  0.975372 0.145970 1 1 1.000000
0  36.654770 -81.039070 22.384838  0.651931 -0.612513 0.447004  0.973907 0.152562 1 1 1.000000
0  36.489609 -81.171196 22.461914  0.643121 -0.625921 0.441156  0.966094 0.156468 1 1 1.000000
headlight2
0  36.742855 -81.061089 22.230688  0.646919 -0.624706 0.437308  0.975372 0.145970 1 1 1.000000
0  35.509651 -82.690681 21.735205  0.622137 -0.636584 0.455748  0.893582 0.130100 1 1 1.000000
0  36.709824 -81.556572 21.603075  0.653913 -0.637013 0.408182  0.957793 0.119358 1 1 1.000000
headlight2
0  35.641781 -82.602592 21.636108  0.657720 -0.650659 0.379535  0.899686 0.126194 1 1 1.000000
0  36.709824 -81.556572 21.603075  0.653913 -0.637013 0.408182  0.957793 0.119358 1 1 1.000000
0  35.509651 -82.690681 21.735205  0.622137 -0.636584 0.455748  0.893582 0.130100 1 1 1.000000
headlight2
0  35.641781 -82.602592 21.636108  0.657720 -0.650659 0.379535  0.899686 0.126194 1 1 1.000000
0  35.718857 -82.646637 21.448925  0.663195 -0.644089 0.381211  0.899686 0.117893 1 1 1.000000
0  36.709824 -81.556572 21.603075  0.653913 -0.637013 0.408182  0.957793 0.119358 1 1 1.000000
headlight2
0  35.718857 -82.646637 21.448925  0.663195 -0.644089 0.381211  0.899686 0.117893 1 1 1.000000
0  35.443588 -84.353302 18.762304  0.663863 -0.658672 0.354172  0.831813 0.009491 1 1 1.000000
0  36.709824 -81.556572 21.603075  0.653913 -0.637013 0.408182  0.957793 0.119358 1 1 1.000000
headlight2
0  36.181309 -83.560524 18.817358  0.658108 -0.661503 0.359593  0.876492 0.008026 1 1 1.000000
0  36.709824 -81.556572 21.603075  0.653913 -0.637013 0.408182  0.957793 0.119358 1 1 1.000000
0  35.443588 -84.353302 18.762304  0.663863 -0.658672 0.354172  0.831813 0.009491 1 1 1.000000
lit2
0  20.975473 -92.688431 17.562132  0.962386 0.271686 0.000225  0.456313 0.811029 1 1 1.000000
0  20.953451 -91.686455 17.694262  0.781270 -0.272101 -0.561764  0.483413 0.812250 1 1 1.000000
0  20.986483 -92.765511 17.958519  0.946287 0.225575 -0.231640  0.457778 0.822016 1 1 1.000000
lit2
0  20.975473 -92.688431 17.562132  0.962386 0.271686 0.000225  0.456313 0.811029 1 1 1.000000
0  20.986483 -92.765511 17.958519  0.946287 0.225575 -0.231640  0.457778 0.822016 1 1 1.000000
0  22.208675 -94.714409 17.220800  0.845273 0.534110 -0.015494  0.380871 0.819330 1 1 1.000000
lit2
0  22.065536 -94.395096 19.026562  0.872614 0.450376 -0.188959  0.412122 0.864742 1 1 1.000000
0  22.208675 -94.714409 17.220800  0.845232 0.534167 -0.015741  0.380871 0.819330 1 1 1.000000
0  20.986483 -92.765511 17.958519  0.946287 0.225575 -0.231640  0.457778 0.822016 1 1 1.000000
lit2
0  20.986483 -92.765511 17.958519  0.946287 0.225575 -0.231640  0.457778 0.822016 1 1 1.000000
0  21.603085 -92.611359 19.048584  0.798475 -0.131975 -0.587384  0.462661 0.859371 1 1 1.000000
0  22.065536 -94.395096 19.026562  0.872614 0.450376 -0.188959  0.412122 0.864742 1 1 1.000000
lit2
0  21.603085 -92.611359 19.048584  0.798475 -0.131975 -0.587384  0.462661 0.859371 1 1 1.000000
0  20.986483 -92.765511 17.958519  0.946287 0.225575 -0.231640  0.457778 0.822016 1 1 1.000000
0  20.953451 -91.686455 17.694262  0.781270 -0.272101 -0.561764  0.483413 0.812250 1 1 1.000000
lit2
0  21.603085 -92.611359 19.048584  0.798475 -0.131975 -0.587384  0.462661 0.859371 1 1 1.000000
0  20.953451 -91.686455 17.694262  0.781270 -0.272101 -0.561764  0.483413 0.812250 1 1 1.000000
0  22.538998 -91.620392 19.180712  0.531221 -0.498842 -0.684807  0.502945 0.870113 1 1 1.000000
lit2
0  21.757235 -90.332130 17.782347  0.414635 -0.537823 -0.734046  0.527604 0.813715 1 1 1.000000
0  22.538998 -91.620392 19.180712  0.531221 -0.498842 -0.684807  0.502945 0.870113 1 1 1.000000
0  20.953451 -91.686455 17.694262  0.781270 -0.272101 -0.561764  0.483413 0.812250 1 1 1.000000
lit2
0  22.616074 -90.431229 17.947508  0.045910 -0.716598 -0.695974  0.541765 0.832514 1 1 1.000000
0  22.538998 -91.620392 19.180712  0.531221 -0.498842 -0.684807  0.502945 0.870113 1 1 1.000000
0  21.757235 -90.332130 17.782347  0.414635 -0.537823 -0.734046  0.527604 0.813715 1 1 1.000000
lit
0  33.758945 -84.474419 18.916454  0.374088 -0.913437 -0.160286  0.289560 0.748527 1 1 1.000000
0  33.659847 -84.474419 19.709229  0.324177 -0.906195 0.271513  0.328623 0.754631 1 1 1.000000
0  33.021225 -84.661598 19.246777  -0.006726 -0.999952 0.007088  0.305429 0.794427 1 1 1.000000
lit
0  33.021225 -84.661598 19.246777  -0.006726 -0.999952 0.007088  0.305429 0.794427 1 1 1.000000
0  33.120323 -84.474419 18.431982  0.129591 -0.916525 -0.378403  0.263924 0.787347 1 1 1.000000
0  33.758945 -84.474419 18.916454  0.374088 -0.913437 -0.160286  0.289560 0.748527 1 1 1.000000
lit
0  33.021225 -84.661598 19.246777  -0.006726 -0.999952 0.007088  0.305429 0.794427 1 1 1.000000
0  32.393612 -84.474419 18.740282  -0.270982 -0.939863 -0.207911  0.280526 0.832026 1 1 1.000000
0  33.120323 -84.474419 18.431982  0.129591 -0.916525 -0.378403  0.263924 0.787347 1 1 1.000000
lit
0  33.021225 -84.661598 19.246777  -0.006726 -0.999952 0.007088  0.305429 0.794427 1 1 1.000000
0  32.305527 -84.474419 19.511034  -0.308720 -0.938780 0.152918  0.319834 0.837886 1 1 1.000000
0  32.393612 -84.474419 18.740282  -0.270982 -0.939863 -0.207911  0.280526 0.832026 1 1 1.000000
lit
0  33.021225 -84.661598 19.246777  -0.006726 -0.999952 0.007088  0.305429 0.794427 1 1 1.000000
0  32.933140 -84.474419 20.017529  -0.023892 -0.902204 0.430646  0.344737 0.798578 1 1 1.000000
0  32.305527 -84.474419 19.511034  -0.308720 -0.938780 0.152918  0.319834 0.837886 1 1 1.000000
lit
0  32.933140 -84.474419 20.017529  -0.023892 -0.902204 0.430646  0.344737 0.798578 1 1 1.000000
0  33.021225 -84.661598 19.246777  -0.006726 -0.999952 0.007088  0.305429 0.794427 1 1 1.000000
0  33.659847 -84.474419 19.709229  0.324177 -0.906195 0.271513  0.328623 0.754631 1 1 1.000000
lit
0  32.933140 -84.474419 20.017529  -0.023892 -0.902204 0.430646  0.344737 0.798578 1 1 1.000000
0  33.659847 -84.474419 19.709229  0.324177 -0.906195 0.271513  0.328623 0.754631 1 1 1.000000
0  32.966171 -84.188141 20.413916  0.047542 -0.820161 0.570154  0.369152 0.794427 1 1 1.000000
lit
0  34.342514 -83.835793 20.380882  0.363776 -0.830091 0.422630  0.368908 0.704581 1 1 1.000000
0  32.966171 -84.188141 20.413916  0.047542 -0.820161 0.570154  0.369152 0.794427 1 1 1.000000
0  33.659847 -84.474419 19.709229  0.324177 -0.906195 0.271513  0.328623 0.754631 1 1 1.000000
lit
0  33.659847 -84.474419 19.709229  0.324177 -0.906195 0.271513  0.328623 0.754631 1 1 1.000000
0  34.507675 -83.802765 20.248755  0.475616 -0.832135 0.285203  0.361095 0.693838 1 1 1.000000
0  34.342514 -83.835793 20.380882  0.363776 -0.830091 0.422630  0.368908 0.704581 1 1 1.000000
lit
0  34.507675 -83.802765 20.248755  0.475616 -0.832135 0.285203  0.361095 0.693838 1 1 1.000000
0  33.659847 -84.474419 19.709229  0.324177 -0.906195 0.271513  0.328623 0.754631 1 1 1.000000
0  34.496666 -84.011971 19.345873  0.544894 -0.836593 0.056592  0.312998 0.695303 1 1 1.000000
lit
0  33.659847 -84.474419 19.709229  0.324177 -0.906195 0.271513  0.328623 0.754631 1 1 1.000000
0  33.758945 -84.474419 18.916454  0.374088 -0.913437 -0.160286  0.289560 0.748527 1 1 1.000000
0  34.496666 -84.011971 19.345873  0.544894 -0.836593 0.056592  0.312998 0.695303 1 1 1.000000
lit
0  34.474644 -83.923882 18.476025  0.523708 -0.831397 -0.185766  0.265389 0.694571 1 1 1.000000
0  34.496666 -84.011971 19.345873  0.544894 -0.836593 0.056592  0.312998 0.695303 1 1 1.000000
0  33.758945 -84.474419 18.916454  0.374088 -0.913437 -0.160286  0.289560 0.748527 1 1 1.000000
lit
0  34.287460 -83.978935 18.321875  0.424684 -0.842843 -0.330542  0.256600 0.706778 1 1 1.000000
0  34.474644 -83.923882 18.476025  0.523708 -0.831397 -0.185766  0.265389 0.694571 1 1 1.000000
0  33.758945 -84.474419 18.916454  0.374088 -0.913437 -0.160286  0.289560 0.748527 1 1 1.000000
lit
0  34.287460 -83.978935 18.321875  0.424684 -0.842843 -0.330542  0.256600 0.706778 1 1 1.000000
0  33.758945 -84.474419 18.916454  0.374088 -0.913437 -0.160286  0.289560 0.748527 1 1 1.000000
0  33.120323 -84.474419 18.431982  0.129591 -0.916525 -0.378403  0.263924 0.787347 1 1 1.000000
lit
0  32.944149 -84.408356 18.244799  -0.032194 -0.927646 -0.372071  0.253182 0.798578 1 1 1.000000
0  34.287460 -83.978935 18.321875  0.424684 -0.842843 -0.330542  0.256600 0.706778 1 1 1.000000
0  33.120323 -84.474419 18.431982  0.129591 -0.916525 -0.378403  0.263924 0.787347 1 1 1.000000
lit
0  33.120323 -84.474419 18.431982  0.129591 -0.916525 -0.378403  0.263924 0.787347 1 1 1.000000
0  32.393612 -84.474419 18.740282  -0.270982 -0.939863 -0.207911  0.280526 0.832026 1 1 1.000000
0  32.944149 -84.408356 18.244799  -0.032194 -0.927646 -0.372071  0.253182 0.798578 1 1 1.000000
lit
0  31.887119 -84.144096 18.299852  -0.339829 -0.895825 -0.286381  0.255867 0.868404 1 1 1.000000
0  32.944149 -84.408356 18.244799  -0.032194 -0.927646 -0.372071  0.253182 0.798578 1 1 1.000000
0  32.393612 -84.474419 18.740282  -0.270982 -0.939863 -0.207911  0.280526 0.832026 1 1 1.000000
lit
0  32.393612 -84.474419 18.740282  -0.270982 -0.939863 -0.207911  0.280526 0.832026 1 1 1.000000
0  31.732967 -84.100052 18.454002  -0.400349 -0.895243 -0.195603  0.264168 0.878170 1 1 1.000000
0  31.887119 -84.144096 18.299852  -0.339829 -0.895825 -0.286381  0.255867 0.868404 1 1 1.000000
lit
0  31.732967 -84.100052 18.454002  -0.400349 -0.895243 -0.195603  0.264168 0.878170 1 1 1.000000
0  32.393612 -84.474419 18.740282  -0.270982 -0.939863 -0.207911  0.280526 0.832026 1 1 1.000000
0  31.688925 -84.232185 19.290819  -0.407224 -0.912804 0.030944  0.309824 0.878170 1 1 1.000000
lit
0  32.305527 -84.474419 19.511034  -0.308720 -0.938780 0.152918  0.319834 0.837886 1 1 1.000000
0  31.688925 -84.232185 19.290819  -0.407224 -0.912804 0.030944  0.309824 0.878170 1 1 1.000000
0  32.393612 -84.474419 18.740282  -0.270982 -0.939863 -0.207911  0.280526 0.832026 1 1 1.000000
lit
0  31.732967 -84.033989 20.127636  -0.365493 -0.887506 0.280621  0.355968 0.875240 1 1 1.000000
0  31.688925 -84.232185 19.290819  -0.407224 -0.912804 0.030944  0.309824 0.878170 1 1 1.000000
0  32.305527 -84.474419 19.511034  -0.308720 -0.938780 0.152918  0.319834 0.837886 1 1 1.000000
lit
0  31.732967 -84.033989 20.127636  -0.365493 -0.887506 0.280621  0.355968 0.875240 1 1 1.000000
0  32.305527 -84.474419 19.511034  -0.308720 -0.938780 0.152918  0.319834 0.837886 1 1 1.000000
0  31.865097 -84.033989 20.270775  -0.292228 -0.881894 0.369954  0.363048 0.866939 1 1 1.000000
lit
0  32.305527 -84.474419 19.511034  -0.308720 -0.938780 0.152918  0.319834 0.837886 1 1 1.000000
0  32.933140 -84.474419 20.017529  -0.023892 -0.902204 0.430646  0.344737 0.798578 1 1 1.000000
0  31.865097 -84.033989 20.270775  -0.292228 -0.881894 0.369954  0.363048 0.866939 1 1 1.000000
lit
0  32.933140 -84.474419 20.017529  -0.023892 -0.902204 0.430646  0.344737 0.798578 1 1 1.000000
0  32.966171 -84.188141 20.413916  0.047542 -0.820161 0.570154  0.369152 0.794427 1 1 1.000000
0  31.865097 -84.033989 20.270775  -0.292228 -0.881894 0.369954  0.363048 0.866939 1 1 1.000000
lit2
0  25.258652 -90.012825 19.984497  0.000722 -0.705567 -0.708643  0.548601 0.874752 1 1 1.000000
0  25.148544 -89.913727 19.885399  0.001684 -0.618361 -0.785892  0.540300 0.885739 1 1 1.000000
0  27.075424 -90.012825 19.984497  -0.000970 -0.723604 -0.690215  0.550066 0.690420 1 1 1.000000
lit2
0  27.174520 -89.913727 19.896410  -0.000187 -0.621820 -0.783160  0.542741 0.679678 1 1 1.000000
0  27.075424 -90.012825 19.984497  -0.000970 -0.723604 -0.690215  0.550066 0.690420 1 1 1.000000
0  25.148544 -89.913727 19.885399  0.001684 -0.618361 -0.785892  0.540300 0.885739 1 1 1.000000
lit2
0  27.174520 -89.913727 19.896410  -0.000187 -0.621820 -0.783160  0.542741 0.679678 1 1 1.000000
0  25.148544 -89.913727 19.885399  0.001684 -0.618361 -0.785892  0.540300 0.885739 1 1 1.000000
0  27.185532 -88.625465 19.015551  0.001234 -0.725081 -0.688663  0.444594 0.676748 1 1 1.000000
lit2
0  25.126522 -88.614456 19.004539  0.002189 -0.726604 -0.687053  0.442152 0.885006 1 1 1.000000
0  27.185532 -88.625465 19.015551  0.001234 -0.725081 -0.688663  0.444594 0.676748 1 1 1.000000
0  25.148544 -89.913727 19.885399  0.001684 -0.618361 -0.785892  0.540300 0.885739 1 1 1.000000
lit2
0  25.126522 -88.614456 19.004539  0.002189 -0.726604 -0.687053  0.442152 0.885006 1 1 1.000000
0  25.126522 -88.030891 18.068626  0.000132 -0.853401 -0.521255  0.373791 0.884762 1 1 1.000000
0  27.185532 -88.625465 19.015551  0.001234 -0.725081 -0.688663  0.444594 0.676748 1 1 1.000000
lit2
0  27.207554 -88.019875 18.057615  -0.000472 -0.854152 -0.520023  0.374523 0.675283 1 1 1.000000
0  27.185532 -88.625465 19.015551  0.001234 -0.725081 -0.688663  0.444594 0.676748 1 1 1.000000
0  25.126522 -88.030891 18.068626  0.000132 -0.853401 -0.521255  0.373791 0.884762 1 1 1.000000
lit2
0  27.482822 -88.790627 20.270775  0.001179 -0.770500 -0.637439  0.547380 0.868892 1 1 1.000000
0  27.361704 -88.724564 20.193701  0.002185 -0.638676 -0.769472  0.540300 0.880856 1 1 1.000000
0  29.178476 -88.790627 20.270775  0.004575 -0.733262 -0.679931  0.549333 0.697012 1 1 1.000000
lit2
0  29.277573 -88.702545 20.182690  0.003150 -0.627526 -0.778589  0.541765 0.685293 1 1 1.000000
0  29.178476 -88.790627 20.270775  0.004575 -0.733262 -0.679931  0.549333 0.697012 1 1 1.000000
0  27.361704 -88.724564 20.193701  0.002185 -0.638676 -0.769472  0.540300 0.880856 1 1 1.000000
lit2
0  29.277573 -88.702545 20.182690  0.003150 -0.627526 -0.778589  0.541765 0.685293 1 1 1.000000
0  27.361704 -88.724564 20.193701  0.002185 -0.638676 -0.769472  0.540300 0.880856 1 1 1.000000
0  29.299595 -87.436310 19.290819  0.000885 -0.719349 -0.694648  0.445326 0.680410 1 1 1.000000
lit2
0  27.372715 -87.403275 19.268799  -0.000444 -0.721673 -0.692234  0.440443 0.877438 1 1 1.000000
0  29.299595 -87.436310 19.290819  0.000885 -0.719349 -0.694648  0.445326 0.680410 1 1 1.000000
0  27.361704 -88.724564 20.193701  0.002185 -0.638676 -0.769472  0.540300 0.880856 1 1 1.000000
lit2
0  27.372715 -87.403275 19.268799  -0.000444 -0.721673 -0.692234  0.440443 0.877438 1 1 1.000000
0  27.361704 -86.830719 18.376928  -0.002930 -0.843165 -0.537647  0.373791 0.875973 1 1 1.000000
0  29.299595 -87.436310 19.290819  0.000885 -0.719349 -0.694648  0.445326 0.680410 1 1 1.000000
lit2
0  29.299595 -86.830719 18.376928  -0.002194 -0.842425 -0.538809  0.377209 0.677236 1 1 1.000000
0  29.299595 -87.436310 19.290819  0.000885 -0.719349 -0.694648  0.445326 0.680410 1 1 1.000000
0  27.361704 -86.830719 18.376928  -0.002930 -0.843165 -0.537647  0.373791 0.875973 1 1 1.000000
lit2
0  23.243685 -90.684479 19.676195  -0.031676 -0.763464 -0.645073  0.545183 0.861568 1 1 1.000000
0  23.144588 -90.607399 19.588110  -0.028881 -0.667603 -0.743957  0.537614 0.871822 1 1 1.000000
0  24.862265 -90.750542 19.665184  -0.024190 -0.705793 -0.708005  0.550066 0.696768 1 1 1.000000
lit2
0  24.972372 -90.673470 19.577099  -0.022697 -0.652313 -0.757610  0.542741 0.685537 1 1 1.000000
0  24.862265 -90.750542 19.665184  -0.024190 -0.705793 -0.708005  0.550066 0.696768 1 1 1.000000
0  23.144588 -90.607399 19.588110  -0.028881 -0.667603 -0.743957  0.537614 0.871822 1 1 1.000000
lit2
0  24.972372 -90.673470 19.577099  -0.022697 -0.652313 -0.757610  0.542741 0.685537 1 1 1.000000
0  23.144588 -90.607399 19.588110  -0.028881 -0.667603 -0.743957  0.537614 0.871822 1 1 1.000000
0  24.983383 -89.495316 18.641186  -0.038343 -0.761443 -0.647096  0.449477 0.680898 1 1 1.000000
lit2
0  23.111557 -89.418243 18.663206  -0.036450 -0.756859 -0.652561  0.443861 0.871578 1 1 1.000000
0  24.983383 -89.495316 18.641186  -0.038343 -0.761443 -0.647096  0.449477 0.680898 1 1 1.000000
0  23.144588 -90.607399 19.588110  -0.028881 -0.667603 -0.743957  0.537614 0.871822 1 1 1.000000
lit2
0  23.111557 -89.418243 18.663206  -0.036450 -0.756859 -0.652561  0.443861 0.871578 1 1 1.000000
0  23.111557 -88.889725 17.760326  -0.044198 -0.871837 -0.487798  0.379162 0.868160 1 1 1.000000
0  24.983383 -89.495316 18.641186  -0.038343 -0.761443 -0.647096  0.449477 0.680898 1 1 1.000000
lit2
0  24.983383 -89.010841 17.760326  -0.053693 -0.879583 -0.472706  0.385754 0.677236 1 1 1.000000
0  24.983383 -89.495316 18.641186  -0.038343 -0.761443 -0.647096  0.449477 0.680898 1 1 1.000000
0  23.111557 -88.889725 17.760326  -0.044198 -0.871837 -0.487798  0.379162 0.868160 1 1 1.000000
headlight
0  22.417879 -94.031746 17.352928  -0.013881 -0.179391 0.983680  0.059084 0.112033 1 1 1.000000
0  20.975473 -92.688431 17.562132  -0.013881 -0.179392 0.983680  0.058596 0.112033 1 1 1.000000
0  22.208675 -94.714409 17.220800  -0.013881 -0.179390 0.983680  0.059084 0.112033 1 1 1.000000
headlight
0  20.953453 -95.705376 19.466991  -0.350605 0.926496 -0.136680  0.098392 0.110813 1 1 1.000000
0  21.746227 -95.496170 18.894432  -0.375177 0.923703 -0.077554  0.098392 0.110080 1 1 1.000000
0  20.479992 -95.892555 19.411938  -0.349985 0.926922 -0.135373  0.098392 0.111057 1 1 1.000000
headlight
0  21.448936 -95.606277 18.762304  -0.362307 0.925855 -0.107358  0.098392 0.110813 1 1 1.000000
0  20.479992 -95.892555 19.411938  -0.349985 0.926922 -0.135373  0.098392 0.111057 1 1 1.000000
0  21.746227 -95.496170 18.894432  -0.375177 0.923703 -0.077554  0.098392 0.110080 1 1 1.000000
headlight
0  21.746227 -95.496170 18.894432  -0.375177 0.923703 -0.077554  0.098392 0.110080 1 1 1.000000
0  23.981405 -94.626320 17.385962  -0.448265 0.891729 -0.062269  0.098392 0.108615 1 1 1.000000
0  21.448936 -95.606277 18.762304  -0.362307 0.925855 -0.107358  0.098392 0.110813 1 1 1.000000
headlight
0  23.882309 -94.703400 17.154736  -0.450912 0.889929 -0.068596  0.098392 0.108615 1 1 1.000000
0  21.448936 -95.606277 18.762304  -0.362307 0.925855 -0.107358  0.098392 0.110813 1 1 1.000000
0  23.981405 -94.626320 17.385962  -0.448265 0.891729 -0.062269  0.098392 0.108615 1 1 1.000000
headlight
0  23.882309 -94.703400 17.154736  -0.450912 0.889929 -0.068596  0.098392 0.108615 1 1 1.000000
0  23.981405 -94.626320 17.385962  -0.448265 0.891729 -0.062269  0.098392 0.108615 1 1 1.000000
0  24.333750 -94.439140 16.934521  -0.512012 0.858940 0.008065  0.098392 0.108615 1 1 1.000000
headlight
0  24.410824 -94.406105 17.165747  -0.513168 0.858168 0.014378  0.098392 0.108615 1 1 1.000000
0  24.333750 -94.439140 16.934521  -0.512012 0.858940 0.008065  0.098392 0.108615 1 1 1.000000
0  23.981405 -94.626320 17.385962  -0.448265 0.891729 -0.062269  0.098392 0.108615 1 1 1.000000
headlight
0  24.410824 -94.406105 17.165747  -0.513168 0.858168 0.014378  0.098392 0.108615 1 1 1.000000
0  24.829233 -94.119827 17.066648  -0.600567 0.796911 0.065213  0.098392 0.108127 1 1 1.000000
0  24.333750 -94.439140 16.934521  -0.512012 0.858940 0.008065  0.098392 0.108615 1 1 1.000000
headlight
0  24.785189 -94.130836 16.879467  -0.590292 0.804353 0.067614  0.098392 0.108127 1 1 1.000000
0  24.333750 -94.439140 16.934521  -0.512012 0.858940 0.008065  0.098392 0.108615 1 1 1.000000
0  24.829233 -94.119827 17.066648  -0.600567 0.796911 0.065213  0.098392 0.108127 1 1 1.000000
headlight
0  24.829233 -94.119827 17.066648  -0.600567 0.796911 0.065213  0.098392 0.108127 1 1 1.000000
0  26.701059 -92.600349 17.143724  -0.641281 0.718900 0.268220  0.097659 0.106906 1 1 1.000000
0  24.785189 -94.130836 16.879467  -0.590292 0.804353 0.067614  0.098392 0.108127 1 1 1.000000
headlight
0  26.690048 -92.545296 16.989574  -0.642011 0.715716 0.274905  0.098392 0.106906 1 1 1.000000
0  24.785189 -94.130836 16.879467  -0.590292 0.804353 0.067614  0.098392 0.108127 1 1 1.000000
0  26.701059 -92.600349 17.143724  -0.641281 0.718900 0.268220  0.097659 0.106906 1 1 1.000000
headlight
0  26.690048 -92.545296 16.989574  -0.642011 0.715716 0.274905  0.098392 0.106906 1 1 1.000000
0  26.701059 -92.600349 17.143724  -0.641281 0.718900 0.268220  0.097659 0.106906 1 1 1.000000
0  29.883163 -89.671486 17.231810  -0.687530 0.715353 0.124790  0.097659 0.104709 1 1 1.000000
headlight
0  29.894175 -89.704521 17.407982  -0.687958 0.715576 0.121098  0.097659 0.104709 1 1 1.000000
0  29.883163 -89.671486 17.231810  -0.687530 0.715353 0.124790  0.097659 0.104709 1 1 1.000000
0  26.701059 -92.600349 17.143724  -0.641281 0.718900 0.268220  0.097659 0.106906 1 1 1.000000
headlight
0  29.894175 -89.704521 17.407982  -0.687958 0.715576 0.121098  0.097659 0.104709 1 1 1.000000
0  30.477743 -89.109940 17.463036  -0.805179 0.579135 0.127629  0.097659 0.104465 1 1 1.000000
0  29.883163 -89.671486 17.231810  -0.687530 0.715353 0.124790  0.097659 0.104709 1 1 1.000000
headlight
0  30.422689 -89.131966 17.297874  -0.760802 0.625358 0.173516  0.097659 0.104465 1 1 1.000000
0  29.883163 -89.671486 17.231810  -0.687530 0.715353 0.124790  0.097659 0.104709 1 1 1.000000
0  30.477743 -89.109940 17.463036  -0.805179 0.579135 0.127629  0.097659 0.104465 1 1 1.000000
headlight
0  30.422689 -89.131966 17.297874  -0.760802 0.625358 0.173516  0.097659 0.104465 1 1 1.000000
0  30.477743 -89.109940 17.463036  -0.805179 0.579135 0.127629  0.097659 0.104465 1 1 1.000000
0  30.753012 -88.603447 17.231810  -0.827917 0.536911 -0.162110  0.098392 0.104465 1 1 1.000000
headlight
0  30.719980 -88.526375 17.529100  -0.812494 0.554207 -0.180855  0.097659 0.103732 1 1 1.000000
0  30.753012 -88.603447 17.231810  -0.827917 0.536911 -0.162110  0.098392 0.104465 1 1 1.000000
0  30.477743 -89.109940 17.463036  -0.805179 0.579135 0.127629  0.097659 0.104465 1 1 1.000000
headlight
0  35.961094 -81.666679 17.936499  -0.969620 0.236092 -0.064017  0.094974 0.107883 1 1 1.000000
0  35.994125 -81.765778 17.330908  -0.969400 0.239468 -0.054022  0.094974 0.108127 1 1 1.000000
0  35.663803 -82.998978 17.793358  -0.947322 0.313107 -0.067417  0.094241 0.107883 1 1 1.000000
headlight
0  35.575718 -83.329300 17.286863  -0.876046 0.477368 -0.068288  0.093753 0.108127 1 1 1.000000
0  35.663803 -82.998978 17.793358  -0.947296 0.313187 -0.067406  0.094241 0.107883 1 1 1.000000
0  35.994125 -81.765778 17.330908  -0.969397 0.239492 -0.053964  0.094974 0.108127 1 1 1.000000
headlight
0  35.575718 -83.329300 17.286863  -0.876046 0.477368 -0.068288  0.093753 0.108127 1 1 1.000000
0  35.388535 -83.516487 17.760326  -0.803463 0.589376 -0.084158  0.093753 0.107883 1 1 1.000000
0  35.663803 -82.998978 17.793358  -0.947296 0.313187 -0.067406  0.094241 0.107883 1 1 1.000000
headlight
0  34.111290 -84.980911 17.672239  -0.742663 0.669163 0.025932  0.093265 0.108127 1 1 1.000000
0  35.388535 -83.516487 17.760326  -0.803463 0.589376 -0.084158  0.093753 0.107883 1 1 1.000000
0  35.575718 -83.329300 17.286863  -0.876046 0.477368 -0.068288  0.093753 0.108127 1 1 1.000000
headlight
0  35.575718 -83.329300 17.286863  -0.876046 0.477368 -0.068288  0.093753 0.108127 1 1 1.000000
0  31.325571 -88.019875 16.989574  -0.711891 0.684090 -0.158850  0.090823 0.108615 1 1 1.000000
0  34.111290 -84.980911 17.672239  -0.742663 0.669163 0.025932  0.093265 0.108127 1 1 1.000000
headlight
0  31.325571 -87.920784 17.452024  -0.709199 0.684779 -0.167675  0.090823 0.108615 1 1 1.000000
0  34.111290 -84.980911 17.672239  -0.742663 0.669163 0.025932  0.093265 0.108127 1 1 1.000000
0  31.325571 -88.019875 16.989574  -0.711891 0.684090 -0.158850  0.090823 0.108615 1 1 1.000000
headlight
0  31.028280 -88.328178 17.011595  -0.715692 0.675296 -0.178218  0.090579 0.108615 1 1 1.000000
0  31.325571 -87.920784 17.452024  -0.709199 0.684779 -0.167675  0.090823 0.108615 1 1 1.000000
0  31.325571 -88.019875 16.989574  -0.711891 0.684090 -0.158850  0.090823 0.108615 1 1 1.000000
headlight
0  30.719980 -88.526375 17.529100  -0.812494 0.554207 -0.180855  0.090579 0.108615 1 1 1.000000
0  31.325571 -87.920784 17.452024  -0.709199 0.684779 -0.167675  0.090823 0.108615 1 1 1.000000
0  31.028280 -88.328178 17.011595  -0.715692 0.675296 -0.178218  0.090579 0.108615 1 1 1.000000
headlight
0  30.753012 -88.603447 17.231810  -0.827917 0.536911 -0.162110  0.090579 0.108615 1 1 1.000000
0  30.719980 -88.526375 17.529100  -0.812494 0.554207 -0.180855  0.090579 0.108615 1 1 1.000000
0  31.028280 -88.328178 17.011595  -0.715692 0.675296 -0.178218  0.090579 0.108615 1 1 1.000000
headlight
0  30.499765 -86.533424 20.887377  0.140789 -0.792877 0.592895  0.868191 0.133030 1 1 1.000000
0  30.114389 -88.647491 18.134691  0.145964 -0.793072 0.591381  0.729759 0.133518 1 1 1.000000
0  30.929184 -86.456352 20.876366  0.141335 -0.792905 0.592728  0.868191 0.129368 1 1 1.000000
headlight
0  30.532797 -88.559402 18.156713  0.146485 -0.793022 0.591319  0.729759 0.130100 1 1 1.000000
0  30.929184 -86.456352 20.876366  0.141335 -0.792905 0.592728  0.868191 0.129368 1 1 1.000000
0  30.114389 -88.647491 18.134691  0.145964 -0.793072 0.591381  0.729759 0.133518 1 1 1.000000
headlight
0  31.259506 -84.936867 20.854345  0.945275 0.049279 -0.322531  0.852321 0.021210 1 1 1.000000
0  31.336582 -84.551491 21.151634  0.949999 0.034901 -0.310296  0.852321 0.021210 1 1 1.000000
0  31.292538 -85.013947 20.920410  0.947315 0.061409 -0.314363  0.852321 0.021210 1 1 1.000000
headlight
0  31.380625 -84.584526 21.228710  0.950284 0.034444 -0.309473  0.852321 0.021210 1 1 1.000000
0  31.292538 -85.013947 20.920410  0.947244 0.061492 -0.314557  0.852321 0.021210 1 1 1.000000
0  31.336582 -84.551491 21.151634  0.949884 0.035226 -0.310612  0.852321 0.021210 1 1 1.000000
headlight
0  31.292538 -84.375320 20.953442  0.930968 0.010032 -0.364962  0.852321 0.021210 1 1 1.000000
0  31.072323 -84.529472 20.369873  0.935217 0.000413 -0.354074  0.852321 0.021210 1 1 1.000000
0  31.292538 -84.309258 20.931419  0.931441 0.006417 -0.363837  0.852321 0.021210 1 1 1.000000
headlight
0  31.094345 -84.419365 20.435936  0.930892 -0.002819 -0.365284  0.852321 0.021210 1 1 1.000000
0  31.292538 -84.309258 20.931419  0.931441 0.006417 -0.363837  0.852321 0.021210 1 1 1.000000
0  31.072323 -84.529472 20.369873  0.935217 0.000413 -0.354074  0.852321 0.021210 1 1 1.000000
headlight
0  31.017269 -84.507454 20.270775  0.595720 0.346888 -0.724422  0.852565 0.021210 1 1 1.000000
0  31.094345 -84.419365 20.435936  0.930892 -0.002819 -0.365284  0.852321 0.021210 1 1 1.000000
0  31.072323 -84.529472 20.369873  0.935217 0.000413 -0.354074  0.852321 0.021210 1 1 1.000000
headlight
0  31.072323 -84.617561 20.347851  0.936756 0.045733 -0.346983  0.852321 0.021210 1 1 1.000000
0  31.017269 -84.507454 20.270775  0.595720 0.346888 -0.724422  0.852565 0.021210 1 1 1.000000
0  31.072323 -84.529472 20.369873  0.935217 0.000413 -0.354074  0.852321 0.021210 1 1 1.000000
headlight
0  31.017269 -84.507454 20.270775  0.595720 0.346888 -0.724422  0.852565 0.021210 1 1 1.000000
0  31.072323 -84.617561 20.347851  0.936756 0.045733 -0.346983  0.852321 0.021210 1 1 1.000000
0  31.050303 -84.716652 20.292797  0.949979 0.051996 -0.307956  0.852321 0.020722 1 1 1.000000
headlight
0  31.072323 -84.617561 20.347851  0.936756 0.045733 -0.346983  0.852321 0.021210 1 1 1.000000
0  31.259506 -84.936867 20.854345  0.945275 0.049279 -0.322531  0.852321 0.021210 1 1 1.000000
0  31.050303 -84.716652 20.292797  0.949979 0.051996 -0.307956  0.852321 0.020722 1 1 1.000000
headlight
0  31.237484 -85.013947 20.799292  0.944249 0.083298 -0.318520  0.852321 0.021210 1 1 1.000000
0  31.050303 -84.716652 20.292797  0.949979 0.051996 -0.307956  0.852321 0.020722 1 1 1.000000
0  31.259506 -84.936867 20.854345  0.945275 0.049279 -0.322531  0.852321 0.021210 1 1 1.000000
headlight
0  31.259506 -84.936867 20.854345  0.945275 0.049279 -0.322531  0.852321 0.021210 1 1 1.000000
0  31.292538 -85.013947 20.920410  0.947315 0.061409 -0.314363  0.852321 0.021210 1 1 1.000000
0  31.237484 -85.013947 20.799292  0.944249 0.083298 -0.318520  0.852321 0.021210 1 1 1.000000
headlight
0  31.160410 -85.498421 20.347851  0.943381 0.115204 -0.311063  0.852321 0.020722 1 1 1.000000
0  31.237484 -85.013947 20.799292  0.944249 0.083298 -0.318520  0.852321 0.021210 1 1 1.000000
0  31.292538 -85.013947 20.920410  0.947315 0.061409 -0.314363  0.852321 0.021210 1 1 1.000000
headlight
0  31.160410 -85.498421 20.347851  0.943381 0.115204 -0.311063  0.852321 0.020722 1 1 1.000000
0  31.292538 -85.013947 20.920410  0.947315 0.061409 -0.314363  0.852321 0.021210 1 1 1.000000
0  31.105356 -85.740654 20.116625  0.945304 0.110372 -0.306950  0.852321 0.020478 1 1 1.000000
headlight
0  31.259506 -83.230202 20.931419  0.671582 0.238247 -0.701581  0.852565 0.021943 1 1 1.000000
0  31.303549 -83.230202 21.030518  0.944760 -0.008097 -0.327664  0.852321 0.021943 1 1 1.000000
0  31.017269 -84.507454 20.270775  0.595720 0.346888 -0.724422  0.852565 0.021210 1 1 1.000000
headlight
0  31.094345 -84.419365 20.435936  0.930892 -0.002819 -0.365284  0.852321 0.021210 1 1 1.000000
0  31.017269 -84.507454 20.270775  0.595720 0.346888 -0.724422  0.852565 0.021210 1 1 1.000000
0  31.303549 -83.230202 21.030518  0.944760 -0.008097 -0.327664  0.852321 0.021943 1 1 1.000000
headlight
0  30.753012 -86.412308 18.773314  0.591539 0.444014 -0.673003  0.852565 0.019501 1 1 1.000000
0  30.852108 -85.641556 19.389915  0.588479 0.447852 -0.673142  0.852565 0.020478 1 1 1.000000
0  30.775034 -86.467361 18.861401  0.948310 0.105479 -0.299303  0.852321 0.019501 1 1 1.000000
headlight
0  30.896152 -85.740654 19.433960  0.948106 0.105835 -0.299824  0.852321 0.020478 1 1 1.000000
0  30.775034 -86.467361 18.861401  0.948310 0.105479 -0.299303  0.852321 0.019501 1 1 1.000000
0  30.852108 -85.641556 19.389915  0.588479 0.447852 -0.673142  0.852565 0.020478 1 1 1.000000
headlight
0  30.852108 -85.641556 19.389915  0.588479 0.447852 -0.673142  0.852565 0.020478 1 1 1.000000
0  30.896152 -85.652565 19.500023  0.947447 0.107245 -0.301401  0.852321 0.020478 1 1 1.000000
0  30.896152 -85.740654 19.433960  0.948106 0.105835 -0.299824  0.852321 0.020478 1 1 1.000000
headlight
0  30.896152 -85.652565 19.500023  0.947447 0.107245 -0.301401  0.852321 0.020478 1 1 1.000000
0  31.127377 -85.652565 20.182690  0.944509 0.112798 -0.308513  0.852321 0.020478 1 1 1.000000
0  30.896152 -85.740654 19.433960  0.948106 0.105835 -0.299824  0.852321 0.020478 1 1 1.000000
headlight
0  31.105356 -85.740654 20.116625  0.945304 0.110372 -0.306950  0.852321 0.020478 1 1 1.000000
0  30.896152 -85.740654 19.433960  0.948106 0.105835 -0.299824  0.852321 0.020478 1 1 1.000000
0  31.127377 -85.652565 20.182690  0.944509 0.112798 -0.308513  0.852321 0.020478 1 1 1.000000
headlight
0  31.105356 -85.740654 20.116625  0.945304 0.110372 -0.306950  0.852321 0.020478 1 1 1.000000
0  31.127377 -85.652565 20.182690  0.944509 0.112798 -0.308513  0.852321 0.020478 1 1 1.000000
0  31.160410 -85.498421 20.347851  0.943381 0.115204 -0.311063  0.852321 0.020722 1 1 1.000000
headlight
0  31.138388 -85.520439 20.270775  0.944962 0.111587 -0.307563  0.852321 0.020722 1 1 1.000000
0  31.160410 -85.498421 20.347851  0.943381 0.115204 -0.311063  0.852321 0.020722 1 1 1.000000
0  31.127377 -85.652565 20.182690  0.944509 0.112798 -0.308513  0.852321 0.020478 1 1 1.000000
headlight
0  31.138388 -85.520439 20.270775  0.944962 0.111587 -0.307563  0.852321 0.020722 1 1 1.000000
0  31.006260 -84.837776 20.138647  0.959409 0.074528 -0.271992  0.852321 0.020722 1 1 1.000000
0  31.160410 -85.498421 20.347851  0.943381 0.115204 -0.311063  0.852321 0.020722 1 1 1.000000
headlight
0  31.017269 -84.782722 20.204712  0.957501 0.072807 -0.279089  0.852321 0.020722 1 1 1.000000
0  31.160410 -85.498421 20.347851  0.943381 0.115204 -0.311063  0.852321 0.020722 1 1 1.000000
0  31.006260 -84.837776 20.138647  0.959409 0.074528 -0.271992  0.852321 0.020722 1 1 1.000000
headlight
0  31.017269 -84.507454 20.270775  0.595720 0.346888 -0.724422  0.852565 0.021210 1 1 1.000000
0  31.017269 -84.782722 20.204712  0.957501 0.072807 -0.279089  0.852321 0.020722 1 1 1.000000
0  31.006260 -84.837776 20.138647  0.959409 0.074528 -0.271992  0.852321 0.020722 1 1 1.000000
headlight
0  31.050303 -84.716652 20.292797  0.949979 0.051996 -0.307956  0.852321 0.020722 1 1 1.000000
0  31.017269 -84.782722 20.204712  0.957501 0.072807 -0.279089  0.852321 0.020722 1 1 1.000000
0  31.017269 -84.507454 20.270775  0.595720 0.346888 -0.724422  0.852565 0.021210 1 1 1.000000
headlight
0  30.896152 -85.652565 19.500023  0.947447 0.107245 -0.301401  0.852321 0.020478 1 1 1.000000
0  30.852108 -85.641556 19.389915  0.588479 0.447852 -0.673142  0.852565 0.020478 1 1 1.000000
0  31.006260 -84.837776 20.138647  0.959409 0.074528 -0.271992  0.852321 0.020722 1 1 1.000000
headlight
0  31.017269 -84.507454 20.270775  0.595720 0.346888 -0.724422  0.852565 0.021210 1 1 1.000000
0  31.006260 -84.837776 20.138647  0.959409 0.074528 -0.271992  0.852321 0.020722 1 1 1.000000
0  30.852108 -85.641556 19.389915  0.588479 0.447852 -0.673142  0.852565 0.020478 1 1 1.000000
headlight
0  30.653915 -87.139015 18.222776  0.519548 0.329784 -0.788234  0.852565 0.019013 1 1 1.000000
0  30.433701 -87.139015 18.222776  0.006170 0.353029 -0.935592  0.852565 0.019013 1 1 1.000000
0  30.753012 -86.412308 18.773314  0.591539 0.444014 -0.673003  0.852565 0.019501 1 1 1.000000
headlight
0  30.532797 -86.412308 18.773314  0.000000 0.613639 -0.789586  0.852565 0.019501 1 1 1.000000
0  30.753012 -86.412308 18.773314  0.591539 0.444014 -0.673003  0.852565 0.019501 1 1 1.000000
0  30.433701 -87.139015 18.222776  0.006170 0.353029 -0.935592  0.852565 0.019013 1 1 1.000000
headlight
0  30.753012 -86.412308 18.773314  0.591539 0.444014 -0.673003  0.852565 0.019501 1 1 1.000000
0  30.532797 -86.412308 18.773314  0.000000 0.613639 -0.789586  0.852565 0.019501 1 1 1.000000
0  30.852108 -85.641556 19.389915  0.588479 0.447852 -0.673142  0.852565 0.020478 1 1 1.000000
headlight
0  30.631893 -85.641556 19.389915  -0.000000 0.617144 -0.786850  0.852565 0.020478 1 1 1.000000
0  30.852108 -85.641556 19.389915  0.588479 0.447852 -0.673142  0.852565 0.020478 1 1 1.000000
0  30.532797 -86.412308 18.773314  0.000000 0.613639 -0.789586  0.852565 0.019501 1 1 1.000000
headlight
0  30.852108 -85.641556 19.389915  0.588479 0.447852 -0.673142  0.852565 0.020478 1 1 1.000000
0  30.631893 -85.641556 19.389915  -0.000000 0.617144 -0.786850  0.852565 0.020478 1 1 1.000000
0  31.017269 -84.507454 20.270775  0.595720 0.346888 -0.724422  0.852565 0.021210 1 1 1.000000
headlight
0  30.808065 -84.507454 20.270775  -0.000003 0.550847 -0.834606  0.852565 0.021210 1 1 1.000000
0  31.017269 -84.507454 20.270775  0.595720 0.346888 -0.724422  0.852565 0.021210 1 1 1.000000
0  30.631893 -85.641556 19.389915  -0.000000 0.617144 -0.786850  0.852565 0.020478 1 1 1.000000
headlight
0  31.017269 -84.507454 20.270775  0.595720 0.346888 -0.724422  0.852565 0.021210 1 1 1.000000
0  30.808065 -84.507454 20.270775  -0.000003 0.550847 -0.834606  0.852565 0.021210 1 1 1.000000
0  31.259506 -83.230202 20.931419  0.671582 0.238247 -0.701581  0.852565 0.021943 1 1 1.000000
headlight
0  31.050303 -83.230202 20.931419  0.000000 0.461511 -0.887134  0.852565 0.021943 1 1 1.000000
0  31.259506 -83.230202 20.931419  0.671582 0.238247 -0.701581  0.852565 0.021943 1 1 1.000000
0  30.808065 -84.507454 20.270775  -0.000003 0.550847 -0.834606  0.852565 0.021210 1 1 1.000000
headlight
0  31.105356 -85.740654 20.116625  0.945304 0.110372 -0.306950  0.852321 0.020478 1 1 1.000000
0  31.292538 -85.013947 20.920410  0.947315 0.061409 -0.314363  0.852321 0.021210 1 1 1.000000
0  30.995249 -86.566460 19.433960  0.944400 0.113343 -0.308644  0.852321 0.019501 1 1 1.000000
headlight
0  30.995249 -86.566460 19.433960  0.944400 0.113343 -0.308644  0.852321 0.019501 1 1 1.000000
0  30.973227 -86.467361 19.411938  0.946838 0.106713 -0.303497  0.852321 0.019501 1 1 1.000000
0  31.105356 -85.740654 20.116625  0.945304 0.110372 -0.306950  0.852321 0.020478 1 1 1.000000
headlight
0  30.995249 -86.566460 19.433960  0.944400 0.113343 -0.308644  0.852321 0.019501 1 1 1.000000
0  30.940195 -86.577469 19.290819  0.946030 0.108928 -0.305225  0.852321 0.019501 1 1 1.000000
0  30.973227 -86.467361 19.411938  0.946838 0.106713 -0.303497  0.852321 0.019501 1 1 1.000000
headlight
0  30.973227 -86.467361 19.411938  0.946838 0.106713 -0.303497  0.852321 0.019501 1 1 1.000000
0  30.940195 -86.577469 19.290819  0.946030 0.108928 -0.305225  0.852321 0.019501 1 1 1.000000
0  30.775034 -86.467361 18.861401  0.948310 0.105479 -0.299303  0.852321 0.019501 1 1 1.000000
headlight
0  30.764023 -86.566460 18.784325  0.949388 0.102764 -0.296821  0.852565 0.019501 1 1 1.000000
0  30.775034 -86.467361 18.861401  0.948310 0.105479 -0.299303  0.852321 0.019501 1 1 1.000000
0  30.940195 -86.577469 19.290819  0.946030 0.108928 -0.305225  0.852321 0.019501 1 1 1.000000
headlight
0  30.753012 -86.412308 18.773314  0.591539 0.444014 -0.673003  0.852565 0.019501 1 1 1.000000
0  30.775034 -86.467361 18.861401  0.948310 0.105479 -0.299303  0.852321 0.019501 1 1 1.000000
0  30.764023 -86.566460 18.784325  0.949388 0.102764 -0.296821  0.852565 0.019501 1 1 1.000000
headlight
0  30.764023 -86.566460 18.784325  0.949388 0.102764 -0.296821  0.852565 0.019501 1 1 1.000000
0  30.708969 -86.984871 18.465014  0.949196 0.103782 -0.297081  0.852565 0.019013 1 1 1.000000
0  30.753012 -86.412308 18.773314  0.591539 0.444014 -0.673003  0.852565 0.019501 1 1 1.000000
headlight
0  30.653915 -87.139015 18.222776  0.519548 0.329784 -0.788234  0.852565 0.019013 1 1 1.000000
0  30.753012 -86.412308 18.773314  0.591539 0.444014 -0.673003  0.852565 0.019501 1 1 1.000000
0  30.708969 -86.984871 18.465014  0.949196 0.103782 -0.297081  0.852565 0.019013 1 1 1.000000
headlight
0  30.708969 -86.984871 18.465014  0.949196 0.103782 -0.297081  0.852565 0.019013 1 1 1.000000
0  30.753012 -87.436310 18.398949  0.907919 0.200397 -0.368136  0.852321 0.019013 1 1 1.000000
0  30.653915 -87.139015 18.222776  0.519548 0.329784 -0.788234  0.852565 0.019013 1 1 1.000000
headlight
0  30.686947 -87.700569 18.134691  0.543731 0.163843 -0.823111  0.852321 0.019013 1 1 1.000000
0  30.653915 -87.139015 18.222776  0.519548 0.329784 -0.788234  0.852565 0.019013 1 1 1.000000
0  30.753012 -87.436310 18.398949  0.907919 0.200397 -0.368136  0.852321 0.019013 1 1 1.000000
headlight
0  30.653915 -87.139015 18.222776  0.519548 0.329784 -0.788234  0.852565 0.019013 1 1 1.000000
0  30.686947 -87.700569 18.134691  0.543731 0.163843 -0.823111  0.852321 0.019013 1 1 1.000000
0  30.433701 -87.139015 18.222776  0.006170 0.353029 -0.935592  0.852565 0.019013 1 1 1.000000
headlight
0  30.026302 -87.854713 18.079638  0.024152 0.149858 -0.988412  0.852565 0.019013 1 1 1.000000
0  30.433701 -87.139015 18.222776  0.006170 0.353029 -0.935592  0.852565 0.019013 1 1 1.000000
0  30.686947 -87.700569 18.134691  0.543731 0.163843 -0.823111  0.852321 0.019013 1 1 1.000000
headlight
0  30.940195 -86.577469 19.290819  0.946030 0.108928 -0.305225  0.852321 0.019501 1 1 1.000000
0  30.995249 -86.566460 19.433960  0.944400 0.113343 -0.308644  0.852321 0.019501 1 1 1.000000
0  30.753012 -87.436310 18.398949  0.907919 0.200397 -0.368136  0.852321 0.019013 1 1 1.000000
headlight
0  30.830088 -87.766632 18.332884  0.869922 0.158427 -0.467051  0.852321 0.019013 1 1 1.000000
0  30.753012 -87.436310 18.398949  0.907919 0.200397 -0.368136  0.852321 0.019013 1 1 1.000000
0  30.995249 -86.566460 19.433960  0.944400 0.113343 -0.308644  0.852321 0.019501 1 1 1.000000
headlight
0  30.830088 -87.766632 18.332884  0.869922 0.158427 -0.467051  0.852321 0.019013 1 1 1.000000
0  30.686947 -87.700569 18.134691  0.543731 0.163843 -0.823111  0.852321 0.019013 1 1 1.000000
0  30.753012 -87.436310 18.398949  0.907919 0.200397 -0.368136  0.852321 0.019013 1 1 1.000000
headlight
0  30.686947 -87.700569 18.134691  0.543731 0.163843 -0.823111  0.852321 0.019013 1 1 1.000000
0  30.830088 -87.766632 18.332884  0.869922 0.158427 -0.467051  0.852321 0.019013 1 1 1.000000
0  30.675938 -88.262115 18.035595  0.508566 -0.016579 -0.860863  0.852321 0.019013 1 1 1.000000
headlight
0  30.686947 -87.700569 18.134691  0.543731 0.163843 -0.823111  0.852321 0.019013 1 1 1.000000
0  30.675938 -88.262115 18.035595  0.508566 -0.016579 -0.860863  0.852321 0.019013 1 1 1.000000
0  30.026302 -87.854713 18.079638  0.024152 0.149858 -0.988412  0.852565 0.019013 1 1 1.000000
headlight
0  29.982260 -88.405251 18.002562  -0.124962 -0.102768 -0.986825  0.852565 0.019013 1 1 1.000000
0  30.026302 -87.854713 18.079638  0.024152 0.149858 -0.988412  0.852565 0.019013 1 1 1.000000
0  30.675938 -88.262115 18.035595  0.508566 -0.016579 -0.860863  0.852321 0.019013 1 1 1.000000
headlight
0  30.764023 -88.471321 18.211767  0.662835 -0.242241 -0.708498  0.852321 0.019013 1 1 1.000000
0  30.675938 -88.262115 18.035595  0.508566 -0.016579 -0.860863  0.852321 0.019013 1 1 1.000000
0  30.830088 -87.766632 18.332884  0.869922 0.158427 -0.467051  0.852321 0.019013 1 1 1.000000
headlight
0  29.905186 -88.636482 18.156713  -0.319520 -0.443782 -0.837236  0.852565 0.018525 1 1 1.000000
0  29.982260 -88.405251 18.002562  -0.124962 -0.102768 -0.986825  0.852565 0.019013 1 1 1.000000
0  30.125401 -88.779617 18.145702  -0.064216 -0.476246 -0.876964  0.852565 0.018525 1 1 1.000000
headlight
0  30.136410 -88.493340 18.002562  -0.051270 -0.239295 -0.969592  0.852565 0.019013 1 1 1.000000
0  30.125401 -88.779617 18.145702  -0.064216 -0.476246 -0.876964  0.852565 0.018525 1 1 1.000000
0  29.982260 -88.405251 18.002562  -0.124962 -0.102768 -0.986825  0.852565 0.019013 1 1 1.000000
headlight
0  29.982260 -88.405251 18.002562  -0.124962 -0.102768 -0.986825  0.852565 0.019013 1 1 1.000000
0  30.675938 -88.262115 18.035595  0.508566 -0.016579 -0.860863  0.852321 0.019013 1 1 1.000000
0  30.136410 -88.493340 18.002562  -0.051270 -0.239295 -0.969592  0.852565 0.019013 1 1 1.000000
headlight
0  30.532797 -88.394241 18.013573  0.237136 -0.192884 -0.952136  0.852321 0.019013 1 1 1.000000
0  30.136410 -88.493340 18.002562  -0.051270 -0.239295 -0.969592  0.852565 0.019013 1 1 1.000000
0  30.675938 -88.262115 18.035595  0.508566 -0.016579 -0.860863  0.852321 0.019013 1 1 1.000000
headlight
0  30.675938 -88.262115 18.035595  0.508566 -0.016579 -0.860863  0.852321 0.019013 1 1 1.000000
0  30.764023 -88.471321 18.211767  0.662835 -0.242241 -0.708498  0.852321 0.019013 1 1 1.000000
0  30.532797 -88.394241 18.013573  0.237136 -0.192884 -0.952136  0.852321 0.019013 1 1 1.000000
headlight
0  30.587851 -88.680519 18.167723  0.310261 -0.439191 -0.843119  0.852321 0.019013 1 1 1.000000
0  30.532797 -88.394241 18.013573  0.237136 -0.192884 -0.952136  0.852321 0.019013 1 1 1.000000
0  30.764023 -88.471321 18.211767  0.662835 -0.242241 -0.708498  0.852321 0.019013 1 1 1.000000
headlight
0  30.125401 -88.779617 18.145702  -0.064216 -0.476246 -0.876964  0.852565 0.018525 1 1 1.000000
0  30.136410 -88.493340 18.002562  -0.051270 -0.239295 -0.969592  0.852565 0.019013 1 1 1.000000
0  30.587851 -88.680519 18.167723  0.310261 -0.439191 -0.843119  0.852321 0.018525 1 1 1.000000
headlight
0  30.532797 -88.394241 18.013573  0.237136 -0.192884 -0.952136  0.852321 0.019013 1 1 1.000000
0  30.587851 -88.680519 18.167723  0.310261 -0.439191 -0.843119  0.852321 0.018525 1 1 1.000000
0  30.136410 -88.493340 18.002562  -0.051270 -0.239295 -0.969592  0.852565 0.019013 1 1 1.000000
headlight
0  27.559896 -88.207062 17.694262  0.012163 0.961388 0.274927  0.021729 0.822504 1 1 1.000000
0  27.570908 -88.383232 18.299852  0.008968 0.963798 0.266483  0.012696 0.786859 1 1 1.000000
0  29.376669 -88.218071 17.661230  0.001199 0.969233 0.246142  0.131840 0.835200 1 1 1.000000
headlight
0  29.288584 -88.383232 18.299852  -0.002195 0.971491 0.237067  0.150884 0.798822 1 1 1.000000
0  29.376669 -88.218071 17.661230  0.001199 0.969233 0.246142  0.131840 0.835200 1 1 1.000000
0  27.570908 -88.383232 18.299852  0.008968 0.963798 0.266483  0.012696 0.786859 1 1 1.000000
headlight
0  29.431723 -87.612480 18.189745  -0.996604 0.082302 0.002701  0.090579 0.518052 1 1 1.000000
0  29.442734 -87.458328 18.189745  -0.996490 0.083704 0.000689  0.090579 0.518052 1 1 1.000000
0  29.376669 -88.218071 17.661230  -0.995718 0.091828 -0.010677  0.089358 0.518784 1 1 1.000000
headlight
0  29.387680 -88.085945 17.661230  -0.995534 0.093476 -0.013189  0.089358 0.518784 1 1 1.000000
0  29.376669 -88.218071 17.661230  -0.995721 0.091794 -0.010676  0.089358 0.518784 1 1 1.000000
0  29.442734 -87.458328 18.189745  -0.996495 0.083654 0.000852  0.090579 0.518052 1 1 1.000000
headlight
0  23.177622 -90.541336 17.672239  -0.002198 0.996192 0.087158  0.013428 0.776116 1 1 1.000000
0  24.895296 -90.530327 17.672239  -0.002199 0.996192 0.087158  0.151860 0.789300 1 1 1.000000
0  23.166611 -90.519318 17.474047  -0.002200 0.996192 0.087158  0.028321 0.786126 1 1 1.000000
headlight
0  24.906307 -90.519318 17.474047  -0.002183 0.996187 0.087219  0.127445 0.797601 1 1 1.000000
0  23.166611 -90.519318 17.474047  -0.002199 0.996187 0.087218  0.028321 0.786126 1 1 1.000000
0  24.895296 -90.530327 17.672239  -0.002196 0.996187 0.087219  0.151860 0.789300 1 1 1.000000
headlight
0  25.357748 -89.352180 18.013573  -0.002226 0.992559 0.121744  0.013428 0.818354 1 1 1.000000
0  27.086435 -89.341164 18.013573  0.004572 0.995704 0.092483  0.148442 0.831782 1 1 1.000000
0  25.346737 -89.308136 17.617186  -0.001007 0.993147 0.116866  0.010010 0.841548 1 1 1.000000
headlight
0  27.141489 -89.319145 17.617186  0.005889 0.996126 0.087736  0.132328 0.853511 1 1 1.000000
0  25.346737 -89.308136 17.617186  -0.000977 0.993150 0.116844  0.010010 0.841548 1 1 1.000000
0  27.086435 -89.341164 18.013573  0.004577 0.995709 0.092430  0.148442 0.831782 1 1 1.000000
headlight
0  29.773056 -86.676567 18.189745  -0.995869 0.090799 -0.000001  0.090579 0.516587 1 1 1.000000
0  29.773056 -86.676567 17.275854  -0.995869 0.090799 0.000004  0.092288 0.516587 1 1 1.000000
0  29.718002 -87.458328 18.189745  -0.995869 0.090799 0.000000  0.090091 0.517319 1 1 1.000000
headlight
0  29.718002 -87.458328 17.275854  -0.995870 0.090794 0.000000  0.091800 0.518052 1 1 1.000000
0  29.718002 -87.458328 18.189745  -0.995870 0.090794 0.000001  0.090091 0.517319 1 1 1.000000
0  29.773056 -86.676567 17.275854  -0.995870 0.090794 -0.000002  0.092288 0.516587 1 1 1.000000
headlight
0  24.443857 -94.273979 16.813402  0.066972 -0.184585 0.980532  0.086673 0.528550 1 1 1.000000
0  24.785189 -93.998711 16.835424  0.066828 -0.184584 0.980542  0.087161 0.528550 1 1 1.000000
0  24.906307 -90.519318 17.474047  0.060803 -0.184271 0.980993  0.090823 0.527085 1 1 1.000000
headlight
0  25.203598 -90.541336 17.452024  0.060209 -0.184227 0.981038  0.090579 0.527085 1 1 1.000000
0  24.906307 -90.519318 17.474047  0.060951 -0.184370 0.980965  0.090823 0.527085 1 1 1.000000
0  24.785189 -93.998711 16.835424  0.066942 -0.184593 0.980533  0.087161 0.528550 1 1 1.000000
headlight
0  22.627085 -94.989677 16.824413  0.312297 -0.747895 0.585768  0.086673 0.530503 1 1 1.000000
0  24.498911 -94.472176 16.516111  0.457979 -0.743169 0.487806  0.086673 0.529038 1 1 1.000000
0  22.649105 -94.846535 16.989574  0.308288 -0.780126 0.544391  0.087161 0.530503 1 1 1.000000
headlight
0  23.585018 -94.593292 16.989574  0.279289 -0.919149 0.277783  0.087161 0.529771 1 1 1.000000
0  22.649105 -94.846535 16.989574  0.308288 -0.780126 0.544391  0.087161 0.530503 1 1 1.000000
0  24.498911 -94.472176 16.516111  0.457979 -0.743169 0.487806  0.086673 0.529038 1 1 1.000000
headlight
0  24.113535 -94.351051 16.989574  0.410237 -0.772591 0.484571  0.087161 0.529038 1 1 1.000000
0  23.585018 -94.593292 16.989574  0.279289 -0.919149 0.277783  0.087161 0.529771 1 1 1.000000
0  24.498911 -94.472176 16.516111  0.457979 -0.743169 0.487806  0.086673 0.529038 1 1 1.000000
headlight
0  24.113535 -94.351051 16.989574  0.410237 -0.772591 0.484571  0.087161 0.529038 1 1 1.000000
0  24.498911 -94.472176 16.516111  0.457979 -0.743169 0.487806  0.086673 0.529038 1 1 1.000000
0  24.443857 -94.273979 16.813402  0.498176 -0.684714 0.531965  0.086673 0.528550 1 1 1.000000
headlight
0  24.443857 -94.097809 17.033617  0.495089 -0.685811 0.533433  0.087161 0.529038 1 1 1.000000
0  24.113535 -94.351051 16.989574  0.410237 -0.772591 0.484571  0.087161 0.529038 1 1 1.000000
0  24.443857 -94.273979 16.813402  0.498176 -0.684714 0.531965  0.086673 0.528550 1 1 1.000000
headlight
0  24.498911 -94.472176 16.516111  0.457979 -0.743169 0.487806  0.086673 0.529038 1 1 1.000000
0  24.785189 -93.998711 16.835424  0.520518 -0.679711 0.516772  0.087161 0.528550 1 1 1.000000
0  24.443857 -94.273979 16.813402  0.498176 -0.684714 0.531965  0.086673 0.528550 1 1 1.000000
headlight
0  26.701059 -92.236992 17.176756  0.519271 -0.674966 0.524194  0.087649 0.525132 1 1 1.000000
0  24.818222 -93.811531 17.044628  0.520048 -0.675848 0.522283  0.087161 0.528062 1 1 1.000000
0  26.701059 -92.435188 16.956541  0.570973 -0.708696 0.414414  0.087161 0.525132 1 1 1.000000
headlight
0  24.785189 -93.998711 16.835424  0.520518 -0.679711 0.516772  0.087161 0.528550 1 1 1.000000
0  26.701059 -92.435188 16.956541  0.570973 -0.708696 0.414414  0.087161 0.525132 1 1 1.000000
0  24.818222 -93.811531 17.044628  0.520048 -0.675848 0.522283  0.087161 0.528062 1 1 1.000000
headlight
0  24.498911 -94.472176 16.516111  0.457979 -0.743169 0.487806  0.086673 0.529038 1 1 1.000000
0  26.701059 -92.435188 16.956541  0.570973 -0.708696 0.414414  0.087161 0.525132 1 1 1.000000
0  24.785189 -93.998711 16.835424  0.520518 -0.679711 0.516772  0.087161 0.528550 1 1 1.000000
headlight
0  26.701059 -92.435188 16.956541  0.570973 -0.708696 0.414414  0.087161 0.525132 1 1 1.000000
0  24.498911 -94.472176 16.516111  0.457979 -0.743169 0.487806  0.086673 0.529038 1 1 1.000000
0  27.141489 -92.060822 16.989574  0.607352 -0.719255 0.337336  0.087161 0.524888 1 1 1.000000
headlight
0  29.596884 -89.990799 16.923510  0.748877 -0.536965 0.388397  0.087161 0.520737 1 1 1.000000
0  27.141489 -92.060822 16.989574  0.607352 -0.719255 0.337336  0.087161 0.524888 1 1 1.000000
0  24.498911 -94.472176 16.516111  0.457979 -0.743169 0.487806  0.086673 0.529038 1 1 1.000000
headlight
0  29.596884 -89.990799 16.923510  0.748877 -0.536965 0.388397  0.087161 0.520737 1 1 1.000000
0  29.145443 -90.244049 17.143724  0.567443 -0.665350 0.485096  0.087649 0.521470 1 1 1.000000
0  27.141489 -92.060822 16.989574  0.607352 -0.719255 0.337336  0.087161 0.524888 1 1 1.000000
headlight
0  29.145443 -90.244049 17.143724  0.567443 -0.665350 0.485096  0.087649 0.521470 1 1 1.000000
0  29.145443 -90.023834 17.407982  0.555705 -0.657700 0.508550  0.087649 0.521470 1 1 1.000000
0  27.141489 -92.060822 16.989574  0.607352 -0.719255 0.337336  0.087161 0.524888 1 1 1.000000
headlight
0  27.174520 -91.829597 17.231810  0.557107 -0.658395 0.506110  0.087649 0.523911 1 1 1.000000
0  27.141489 -92.060822 16.989574  0.607352 -0.719255 0.337336  0.087161 0.524888 1 1 1.000000
0  29.145443 -90.023834 17.407982  0.555705 -0.657700 0.508550  0.087649 0.521470 1 1 1.000000
headlight
0  29.607895 -89.792610 17.198778  0.922843 -0.314679 0.222122  0.087649 0.520249 1 1 1.000000
0  29.145443 -90.244049 17.143724  0.567443 -0.665350 0.485096  0.087649 0.521470 1 1 1.000000
0  29.596884 -89.990799 16.923510  0.748877 -0.536965 0.388397  0.087161 0.520737 1 1 1.000000
headlight
0  29.607895 -89.792610 17.198778  0.922843 -0.314679 0.222122  0.087649 0.520249 1 1 1.000000
0  29.596884 -89.990799 16.923510  0.748877 -0.536965 0.388397  0.087161 0.520737 1 1 1.000000
0  29.795078 -88.339188 17.551123  0.983965 -0.153317 0.091139  0.089114 0.518540 1 1 1.000000
headlight
0  29.971249 -87.612480 16.923510  0.990333 -0.106721 0.088604  0.088382 0.517075 1 1 1.000000
0  29.795078 -88.339188 17.551123  0.983965 -0.153317 0.091139  0.089114 0.518540 1 1 1.000000
0  29.596884 -89.990799 16.923510  0.748877 -0.536965 0.388397  0.087161 0.520737 1 1 1.000000
headlight
0  29.795078 -88.339188 17.551123  0.983965 -0.153317 0.091139  0.089114 0.518540 1 1 1.000000
0  29.971249 -87.612480 16.923510  0.990333 -0.106721 0.088604  0.088382 0.517075 1 1 1.000000
0  29.850132 -87.612480 18.189745  0.991778 -0.093783 0.087073  0.090091 0.517319 1 1 1.000000
headlight
0  29.850132 -87.612480 18.189745  0.991778 -0.093783 0.087073  0.090091 0.517319 1 1 1.000000
0  29.971249 -87.612480 16.923510  0.990333 -0.106721 0.088604  0.088382 0.517075 1 1 1.000000
0  29.905186 -86.676567 18.189745  0.994443 -0.058994 0.087192  0.090579 0.515610 1 1 1.000000
headlight
0  30.015293 -86.676567 16.923510  0.994442 -0.059019 0.087188  0.088870 0.515366 1 1 1.000000
0  29.905186 -86.676567 18.189745  0.994442 -0.059018 0.087192  0.090579 0.515610 1 1 1.000000
0  29.971249 -87.612480 16.923510  0.990340 -0.106662 0.088599  0.088382 0.517075 1 1 1.000000
headlight
0  22.649105 -94.846535 16.989574  0.052595 -0.167925 0.984396  0.010010 0.443831 1 1 1.000000
0  23.585018 -94.593292 16.989574  0.052481 -0.167943 0.984399  0.085940 0.471419 1 1 1.000000
0  23.001450 -92.093849 17.452024  0.052622 -0.167856 0.984406  0.009766 0.655263 1 1 1.000000
headlight
0  23.001450 -92.093849 17.452024  0.052622 -0.167856 0.984406  0.009766 0.655263 1 1 1.000000
0  23.585018 -94.593292 16.989574  0.052481 -0.167943 0.984399  0.085940 0.471419 1 1 1.000000
0  24.642050 -92.556305 17.286863  0.052470 -0.167998 0.984390  0.152593 0.634510 1 1 1.000000
headlight
0  24.113535 -94.351051 16.989574  0.052460 -0.167936 0.984401  0.128178 0.493881 1 1 1.000000
0  24.642050 -92.556305 17.286863  0.052470 -0.167998 0.984390  0.152593 0.634510 1 1 1.000000
0  23.585018 -94.593292 16.989574  0.052481 -0.167943 0.984399  0.085940 0.471419 1 1 1.000000
headlight
0  24.113535 -94.351051 16.989574  0.052460 -0.167936 0.984401  0.128178 0.493881 1 1 1.000000
0  24.443857 -94.097809 17.033617  0.052479 -0.167975 0.984393  0.153325 0.517075 1 1 1.000000
0  24.642050 -92.556305 17.286863  0.052470 -0.167998 0.984390  0.152593 0.634510 1 1 1.000000
headlight
0  23.177622 -90.541336 17.672239  0.000000 0.000000 1.000000  0.013428 0.776116 1 1 1.000000
0  23.089535 -91.499275 17.672239  -0.000001 -0.186054 0.982540  0.010010 0.703604 1 1 1.000000
0  24.895296 -90.530327 17.672239  0.000000 0.000000 1.000000  0.151860 0.789300 1 1 1.000000
headlight
0  24.796200 -91.499275 17.672239  0.000114 -0.160572 0.987024  0.151860 0.719474 1 1 1.000000
0  24.895296 -90.530327 17.672239  0.000000 0.000000 1.000000  0.151860 0.789300 1 1 1.000000
0  23.089535 -91.499275 17.672239  -0.000001 -0.186054 0.982540  0.010010 0.703604 1 1 1.000000
headlight
0  23.089535 -91.499275 17.672239  -0.000001 -0.186054 0.982540  0.010010 0.703604 1 1 1.000000
0  23.001450 -92.093849 17.452024  -0.000032 -0.342122 0.939655  0.009766 0.655263 1 1 1.000000
0  24.796200 -91.499275 17.672239  0.000114 -0.160572 0.987024  0.151860 0.719474 1 1 1.000000
headlight
0  24.642050 -92.556305 17.286863  -0.000411 -0.342211 0.939623  0.152593 0.634510 1 1 1.000000
0  24.796200 -91.499275 17.672239  0.000114 -0.160572 0.987024  0.151860 0.719474 1 1 1.000000
0  23.001450 -92.093849 17.452024  -0.000032 -0.342122 0.939655  0.009766 0.655263 1 1 1.000000
headlight
0  27.482822 -89.352180 17.562132  0.101610 -0.221368 0.969882  0.089358 0.522935 1 1 1.000000
0  27.141489 -89.319145 17.617186  0.102516 -0.221384 0.969783  0.090091 0.523179 1 1 1.000000
0  27.141489 -92.060822 16.989574  0.111573 -0.221209 0.968823  0.087161 0.524888 1 1 1.000000
headlight
0  26.701059 -92.435188 16.956541  0.112201 -0.221210 0.968750  0.087161 0.525132 1 1 1.000000
0  27.141489 -92.060822 16.989574  0.111767 -0.221230 0.968796  0.087161 0.524888 1 1 1.000000
0  27.141489 -89.319145 17.617186  0.102547 -0.221383 0.969780  0.090091 0.523179 1 1 1.000000
headlight
0  25.357748 -89.352180 18.013573  0.000000 0.000000 1.000000  0.013428 0.818354 1 1 1.000000
0  25.291683 -90.133942 18.013573  0.000003 -0.291768 0.956489  0.012696 0.758782 1 1 1.000000
0  27.086435 -89.341164 18.013573  0.000000 0.000000 1.000000  0.148442 0.831782 1 1 1.000000
headlight
0  26.987339 -90.133942 18.013573  -0.000010 -0.253262 0.967398  0.150884 0.774163 1 1 1.000000
0  27.086435 -89.341164 18.013573  0.000000 0.000000 1.000000  0.148442 0.831782 1 1 1.000000
0  25.291683 -90.133942 18.013573  0.000003 -0.291768 0.956489  0.012696 0.758782 1 1 1.000000
headlight
0  25.291683 -90.133942 18.013573  0.000003 -0.291768 0.956489  0.012696 0.758782 1 1 1.000000
0  25.225618 -90.640434 17.705273  0.047565 -0.398708 0.915844  0.012696 0.713614 1 1 1.000000
0  26.987339 -90.133942 18.013573  -0.000010 -0.253262 0.967398  0.150884 0.774163 1 1 1.000000
headlight
0  26.855209 -91.080864 17.441015  0.060067 -0.362215 0.930157  0.152593 0.689932 1 1 1.000000
0  26.987339 -90.133942 18.013573  -0.000010 -0.253262 0.967398  0.150884 0.774163 1 1 1.000000
0  25.225618 -90.640434 17.705273  0.047565 -0.398708 0.915844  0.012696 0.713614 1 1 1.000000
headlight
0  25.225618 -90.640434 17.705273  0.047565 -0.398708 0.915844  0.012696 0.713614 1 1 1.000000
0  24.818222 -93.811531 17.044628  0.105915 -0.220643 0.969587  0.008545 0.465560 1 1 1.000000
0  26.855209 -91.080864 17.441015  0.060067 -0.362215 0.930157  0.152593 0.689932 1 1 1.000000
headlight
0  26.701059 -92.236992 17.176756  0.106004 -0.220684 0.969568  0.151616 0.599353 1 1 1.000000
0  26.855209 -91.080864 17.441015  0.060067 -0.362215 0.930157  0.152593 0.689932 1 1 1.000000
0  24.818222 -93.811531 17.044628  0.105915 -0.220643 0.969587  0.008545 0.465560 1 1 1.000000
headlight
0  27.295639 -88.229080 18.068626  0.766176 -0.523011 -0.373409  0.473647 0.680410 1 1 1.000000
0  27.295639 -88.845680 18.927465  0.805181 -0.451468 -0.384525  0.473159 0.680410 1 1 1.000000
0  27.218563 -88.328178 18.068626  0.769886 -0.519038 -0.371315  0.473647 0.680410 1 1 1.000000
headlight
0  27.218563 -88.966805 18.927465  0.783210 -0.433618 -0.445598  0.473159 0.680410 1 1 1.000000
0  27.218563 -88.328178 18.068626  0.769886 -0.519038 -0.371315  0.473647 0.680410 1 1 1.000000
0  27.295639 -88.845680 18.927465  0.805181 -0.451468 -0.384525  0.473159 0.680410 1 1 1.000000
headlight
0  27.295639 -88.845680 18.927465  0.805181 -0.451468 -0.384525  0.473159 0.680410 1 1 1.000000
0  27.295639 -89.968781 19.885399  0.850864 -0.375738 -0.367222  0.472915 0.680166 1 1 1.000000
0  27.218563 -88.966805 18.927465  0.783210 -0.433618 -0.445598  0.473159 0.680410 1 1 1.000000
headlight
0  27.218563 -90.122932 19.874390  0.869791 -0.403988 -0.283296  0.472915 0.680166 1 1 1.000000
0  27.218563 -88.966805 18.927465  0.783210 -0.433618 -0.445598  0.473159 0.680410 1 1 1.000000
0  27.295639 -89.968781 19.885399  0.850864 -0.375738 -0.367222  0.472915 0.680166 1 1 1.000000
headlight
0  27.218563 -90.122932 19.874390  0.869791 -0.403988 -0.283296  0.472915 0.680166 1 1 1.000000
0  27.295639 -89.968781 19.885399  0.850864 -0.375738 -0.367222  0.472915 0.680166 1 1 1.000000
0  27.163509 -90.277077 19.962475  0.911508 -0.399172 -0.099072  0.472915 0.680166 1 1 1.000000
headlight
0  27.207554 -90.177986 20.028540  0.921220 -0.387219 -0.037620  0.472915 0.680166 1 1 1.000000
0  27.163509 -90.277077 19.962475  0.911508 -0.399172 -0.099072  0.472915 0.680166 1 1 1.000000
0  27.295639 -89.968781 19.885399  0.850864 -0.375738 -0.367222  0.472915 0.680166 1 1 1.000000
headlight
0  29.222519 -87.986847 18.233788  0.012468 -0.049590 0.998692  0.142338 0.784417 1 1 1.000000
0  29.288584 -86.841728 18.288841  0.008089 -0.042683 0.999056  0.151372 0.876705 1 1 1.000000
0  27.493832 -87.953812 18.244799  0.006589 -0.040297 0.999166  0.019288 0.784173 1 1 1.000000
headlight
0  27.526865 -86.775665 18.299852  0.003388 -0.035361 0.999369  0.010987 0.879635 1 1 1.000000
0  27.493832 -87.953812 18.244799  0.006589 -0.040297 0.999166  0.019288 0.784173 1 1 1.000000
0  29.288584 -86.841728 18.288841  0.008089 -0.042683 0.999056  0.151372 0.876705 1 1 1.000000
headlight
0  25.357748 -88.845680 18.002562  -0.996192 0.011217 0.086461  0.090579 0.530503 1 1 1.000000
0  25.368759 -87.997856 18.013573  -0.992452 -0.018261 0.121265  0.091800 0.530503 1 1 1.000000
0  25.258652 -89.341164 16.934521  -0.992075 -0.020452 0.123971  0.089358 0.531724 1 1 1.000000
headlight
0  25.203598 -88.085945 16.934521  -0.987885 -0.040980 0.149678  0.090823 0.531724 1 1 1.000000
0  25.258652 -89.341164 16.934521  -0.992069 -0.020487 0.124011  0.089358 0.531724 1 1 1.000000
0  25.368759 -87.997856 18.013573  -0.992441 -0.018322 0.121345  0.091800 0.530503 1 1 1.000000
headlight
0  27.493832 -87.953812 18.244799  -0.010409 -0.974030 0.226179  0.019288 0.784173 1 1 1.000000
0  27.405746 -88.174026 17.297874  -0.009671 -0.974421 0.224521  0.024659 0.724601 1 1 1.000000
0  29.222519 -87.986847 18.233788  -0.008816 -0.974805 0.222885  0.142338 0.784417 1 1 1.000000
headlight
0  29.299595 -88.207062 17.297874  -0.008070 -0.975156 0.221372  0.139897 0.726066 1 1 1.000000
0  29.222519 -87.986847 18.233788  -0.008816 -0.974805 0.222885  0.142338 0.784417 1 1 1.000000
0  27.405746 -88.174026 17.297874  -0.009671 -0.974421 0.224521  0.024659 0.724601 1 1 1.000000
headlight
0  27.526865 -86.775665 18.299852  -0.989677 0.014515 0.142579  0.090823 0.518540 1 1 1.000000
0  27.383724 -86.885773 17.308886  -0.992693 -0.004520 0.120580  0.092288 0.518052 1 1 1.000000
0  27.493832 -87.953812 18.244799  -0.993604 -0.011982 0.112284  0.090823 0.519028 1 1 1.000000
headlight
0  27.383724 -86.885773 17.308886  -0.992693 -0.004520 0.120580  0.092288 0.518052 1 1 1.000000
0  27.405746 -88.174026 17.297874  -0.995365 -0.030266 0.091280  0.092288 0.519028 1 1 1.000000
0  27.493832 -87.953812 18.244799  -0.993604 -0.011982 0.112284  0.090823 0.519028 1 1 1.000000
headlight
0  27.020370 -88.856697 18.002562  -0.000007 -0.011876 0.999929  0.136723 0.823481 1 1 1.000000
0  27.130478 -88.085945 18.013573  -0.000194 -0.010950 0.999940  0.152593 0.885006 1 1 1.000000
0  25.357748 -88.845680 18.002562  -0.000491 -0.011544 0.999933  0.018555 0.822504 1 1 1.000000
headlight
0  25.368759 -87.997856 18.013573  -0.000482 -0.010203 0.999948  0.010987 0.890866 1 1 1.000000
0  25.357748 -88.845680 18.002562  -0.000491 -0.011544 0.999933  0.018555 0.822504 1 1 1.000000
0  27.130478 -88.085945 18.013573  -0.000194 -0.010950 0.999940  0.152593 0.885006 1 1 1.000000
headlight
0  23.177622 -90.222023 17.606176  -0.990891 -0.028596 0.131595  0.090823 0.522202 1 1 1.000000
0  23.166611 -88.933769 17.672239  -0.988861 -0.036900 0.144193  0.093265 0.522202 1 1 1.000000
0  23.089535 -90.332130 16.758348  -0.989631 -0.033869 0.139586  0.090579 0.523179 1 1 1.000000
headlight
0  23.023470 -89.032867 16.747337  -0.987499 -0.042025 0.151918  0.092532 0.523179 1 1 1.000000
0  23.089535 -90.332130 16.758348  -0.989627 -0.033884 0.139604  0.090579 0.523179 1 1 1.000000
0  23.166611 -88.933769 17.672239  -0.988843 -0.036913 0.144316  0.093265 0.522202 1 1 1.000000
headlight
0  24.785189 -90.200005 17.584154  0.011487 -0.981810 0.189518  0.141362 0.782708 1 1 1.000000
0  23.177622 -90.222023 17.606176  -0.011692 -0.989512 0.143975  0.020020 0.784417 1 1 1.000000
0  24.840242 -90.365166 16.769360  0.001493 -0.985465 0.169870  0.135258 0.730216 1 1 1.000000
headlight
0  23.089535 -90.332130 16.758348  -0.020454 -0.991655 0.127285  0.022462 0.730216 1 1 1.000000
0  24.840242 -90.365166 16.769360  0.001481 -0.985461 0.169895  0.135258 0.730216 1 1 1.000000
0  23.177622 -90.222023 17.606176  -0.011686 -0.989505 0.144023  0.020020 0.784417 1 1 1.000000
headlight
0  27.086435 -89.407234 16.934521  0.977240 -0.166000 0.132084  0.088382 0.523179 1 1 1.000000
0  27.295639 -88.152008 16.956541  0.978171 -0.151600 0.142124  0.088382 0.521958 1 1 1.000000
0  27.020370 -88.856697 18.002562  0.978294 -0.148698 0.144324  0.089358 0.522202 1 1 1.000000
headlight
0  27.130478 -88.085945 18.013573  0.979065 -0.129570 0.156981  0.089114 0.521470 1 1 1.000000
0  27.020370 -88.856697 18.002562  0.978294 -0.148698 0.144324  0.089358 0.522202 1 1 1.000000
0  27.295639 -88.152008 16.956541  0.978171 -0.151600 0.142124  0.088382 0.521958 1 1 1.000000
headlight
0  24.785189 -90.200005 17.584154  0.011946 -0.075141 0.997101  0.141362 0.782708 1 1 1.000000
0  25.038437 -89.032867 17.672239  0.007037 -0.066443 0.997765  0.151616 0.877438 1 1 1.000000
0  23.177622 -90.222023 17.606176  0.004167 -0.062956 0.998008  0.020020 0.784417 1 1 1.000000
headlight
0  23.166611 -88.933769 17.672239  -0.000165 -0.056226 0.998418  0.010987 0.889645 1 1 1.000000
0  23.177622 -90.222023 17.606176  0.004167 -0.062956 0.998008  0.020020 0.784417 1 1 1.000000
0  25.038437 -89.032867 17.672239  0.007037 -0.066443 0.997765  0.151616 0.877438 1 1 1.000000
headlight
0  27.086435 -89.407234 16.934521  -0.021506 -0.890694 0.454094  0.132328 0.751213 1 1 1.000000
0  27.020370 -88.856697 18.002562  -0.015479 -0.895011 0.445775  0.136723 0.823481 1 1 1.000000
0  25.258652 -89.341164 16.934521  -0.011497 -0.897620 0.440620  0.022462 0.751213 1 1 1.000000
headlight
0  25.357748 -88.845680 18.002562  -0.004883 -0.902051 0.431602  0.018555 0.822504 1 1 1.000000
0  25.258652 -89.341164 16.934521  -0.011497 -0.897620 0.440620  0.022462 0.751213 1 1 1.000000
0  27.020370 -88.856697 18.002562  -0.015479 -0.895011 0.445775  0.136723 0.823481 1 1 1.000000
headlight
0  19.180723 -97.169807 20.336840  -0.350060 -0.473185 0.808427  0.082278 0.110080 1 1 1.000000
0  18.674229 -97.158791 20.127636  -0.460180 -0.627863 0.627712  0.081790 0.110080 1 1 1.000000
0  18.960508 -97.367996 20.127636  -0.477991 -0.653276 0.587159  0.082278 0.110080 1 1 1.000000
headlight
0  18.960508 -97.367996 20.127636  -0.477991 -0.653276 0.587159  0.082278 0.110080 1 1 1.000000
0  18.674229 -97.158791 20.127636  -0.460180 -0.627863 0.627712  0.081790 0.110080 1 1 1.000000
0  18.971519 -97.489113 19.885399  -0.554724 -0.762934 0.331983  0.081790 0.110080 1 1 1.000000
headlight
0  37.414513 -83.648613 17.154736  0.651680 -0.164799 -0.740374  0.093265 0.104465 1 1 1.000000
0  37.260361 -83.846809 17.066648  0.456178 -0.224326 -0.861150  0.093265 0.104465 1 1 1.000000
0  37.216316 -83.538506 16.967552  0.511887 -0.209974 -0.832996  0.093265 0.103732 1 1 1.000000
headlight
0  37.216316 -83.538506 16.967552  0.511887 -0.209974 -0.832996  0.093265 0.103732 1 1 1.000000
0  37.260361 -83.846809 17.066648  0.456178 -0.224326 -0.861150  0.093265 0.104465 1 1 1.000000
0  35.399544 -85.751663 16.857445  0.315400 -0.225328 -0.921819  0.091800 0.104709 1 1 1.000000
headlight
0  35.487633 -85.828743 16.912498  0.314908 -0.223123 -0.922523  0.091800 0.104709 1 1 1.000000
0  35.399544 -85.751663 16.857445  0.315400 -0.225328 -0.921819  0.091800 0.104709 1 1 1.000000
0  37.260361 -83.846809 17.066648  0.456178 -0.224326 -0.861150  0.093265 0.104465 1 1 1.000000
headlight
0  35.487633 -85.828743 16.912498  0.314908 -0.223123 -0.922523  0.091800 0.104709 1 1 1.000000
0  31.622860 -89.781593 16.615210  0.325186 -0.275106 -0.904749  0.089114 0.105930 1 1 1.000000
0  35.399544 -85.751663 16.857445  0.315400 -0.225328 -0.921819  0.091800 0.104709 1 1 1.000000
headlight
0  31.545786 -89.638458 16.538134  0.329643 -0.273218 -0.903707  0.089114 0.105197 1 1 1.000000
0  35.399544 -85.751663 16.857445  0.315400 -0.225328 -0.921819  0.091800 0.104709 1 1 1.000000
0  31.622860 -89.781593 16.615210  0.325186 -0.275106 -0.904749  0.089114 0.105930 1 1 1.000000
headlight
0  31.545786 -89.638458 16.538134  0.329643 -0.273218 -0.903707  0.089114 0.105197 1 1 1.000000
0  31.622860 -89.781593 16.615210  0.325186 -0.275106 -0.904749  0.089114 0.105930 1 1 1.000000
0  27.317661 -93.338066 16.229834  0.286200 -0.273353 -0.918351  0.085940 0.106418 1 1 1.000000
headlight
0  27.339682 -93.569290 16.306908  0.264407 -0.273235 -0.924895  0.085940 0.106418 1 1 1.000000
0  27.317661 -93.338066 16.229834  0.286200 -0.273353 -0.918351  0.085940 0.106418 1 1 1.000000
0  31.622860 -89.781593 16.615210  0.325186 -0.275106 -0.904749  0.089114 0.105930 1 1 1.000000
headlight
0  27.317661 -93.338066 16.229834  0.286200 -0.273353 -0.918351  0.085940 0.106418 1 1 1.000000
0  27.339682 -93.569290 16.306908  0.264407 -0.273235 -0.924895  0.085940 0.106418 1 1 1.000000
0  24.906307 -95.099785 16.119726  0.151351 -0.129930 -0.979904  0.084964 0.106418 1 1 1.000000
headlight
0  24.895296 -95.364044 16.152758  0.155335 -0.163115 -0.974302  0.084964 0.106418 1 1 1.000000
0  24.906307 -95.099785 16.119726  0.151351 -0.129930 -0.979904  0.084964 0.106418 1 1 1.000000
0  27.339682 -93.569290 16.306908  0.264407 -0.273235 -0.924895  0.085940 0.106418 1 1 1.000000
headlight
0  24.906307 -95.099785 16.119726  0.151351 -0.129930 -0.979904  0.084964 0.106418 1 1 1.000000
0  24.895296 -95.364044 16.152758  0.155335 -0.163115 -0.974302  0.084964 0.106418 1 1 1.000000
0  24.124544 -95.683357 16.097704  0.122083 -0.690423 -0.713030  0.084231 0.106418 1 1 1.000000
headlight
0  24.278696 -95.760429 16.218822  0.165037 -0.697343 -0.697478  0.084231 0.106418 1 1 1.000000
0  24.124544 -95.683357 16.097704  0.122083 -0.690423 -0.713030  0.084231 0.106418 1 1 1.000000
0  24.895296 -95.364044 16.152758  0.155335 -0.163115 -0.974302  0.084964 0.106418 1 1 1.000000
headlight
0  23.717148 -96.002663 16.582176  -0.017742 -0.823746 -0.566681  0.084231 0.106906 1 1 1.000000
0  24.124544 -95.683357 16.097704  0.122083 -0.690423 -0.713030  0.084231 0.106418 1 1 1.000000
0  24.278696 -95.760429 16.218822  0.165037 -0.697343 -0.697478  0.084231 0.106418 1 1 1.000000
headlight
0  37.436531 -82.965950 18.608152  0.444043 -0.792774 0.417535  0.093753 0.104709 1 1 1.000000
0  37.282383 -83.087067 18.509056  0.467940 -0.793931 0.388208  0.093753 0.104709 1 1 1.000000
0  37.414513 -83.648613 17.154736  0.548100 -0.735153 0.398920  0.093265 0.104465 1 1 1.000000
headlight
0  37.282383 -83.087067 18.509056  0.467940 -0.793931 0.388208  0.093753 0.104709 1 1 1.000000
0  37.436531 -82.965950 18.608152  0.444043 -0.792774 0.417535  0.093753 0.104709 1 1 1.000000
0  37.348446 -82.217216 20.039551  0.388385 -0.806565 0.445656  0.093753 0.105930 1 1 1.000000
headlight
0  37.502598 -82.107109 20.127636  0.389866 -0.801978 0.452587  0.093753 0.105930 1 1 1.000000
0  37.348446 -82.217216 20.039551  0.388385 -0.806565 0.445656  0.093753 0.105930 1 1 1.000000
0  37.436531 -82.965950 18.608152  0.444043 -0.792774 0.417535  0.093753 0.104709 1 1 1.000000
headlight
0  37.348446 -82.217216 20.039551  0.388385 -0.806565 0.445656  0.093753 0.105930 1 1 1.000000
0  37.502598 -82.107109 20.127636  0.389866 -0.801978 0.452587  0.093753 0.105930 1 1 1.000000
0  37.370468 -81.435455 21.382860  0.577810 -0.697033 0.424595  0.094241 0.106418 1 1 1.000000
headlight
0  37.513607 -81.314339 21.404882  0.585010 -0.691786 0.423314  0.094974 0.106418 1 1 1.000000
0  37.370468 -81.435455 21.382860  0.577810 -0.697033 0.424595  0.094241 0.106418 1 1 1.000000
0  37.502598 -82.107109 20.127636  0.389866 -0.801978 0.452587  0.093753 0.105930 1 1 1.000000
headlight
0  37.513607 -81.314339 21.404882  0.585010 -0.691786 0.423314  0.094974 0.106418 1 1 1.000000
0  37.436531 -81.105133 21.856323  0.575669 -0.694912 0.430933  0.094974 0.106418 1 1 1.000000
0  37.370468 -81.435455 21.382860  0.577810 -0.697033 0.424595  0.094241 0.106418 1 1 1.000000
headlight
0  37.293392 -81.215240 21.845312  0.580114 -0.691927 0.429773  0.094974 0.106418 1 1 1.000000
0  37.370468 -81.435455 21.382860  0.577810 -0.697033 0.424595  0.094241 0.106418 1 1 1.000000
0  37.436531 -81.105133 21.856323  0.575669 -0.694912 0.430933  0.094974 0.106418 1 1 1.000000
headlight
0  37.436531 -81.105133 21.856323  0.575669 -0.694912 0.430933  0.094974 0.106418 1 1 1.000000
0  37.238338 -80.973000 22.329784  0.600138 -0.671441 0.434743  0.094974 0.106418 1 1 1.000000
0  37.293392 -81.215240 21.845312  0.580114 -0.691927 0.429773  0.094974 0.106418 1 1 1.000000
headlight
0  37.084190 -81.182205 22.230688  0.611600 -0.660368 0.435729  0.094974 0.106418 1 1 1.000000
0  37.293392 -81.215240 21.845312  0.580114 -0.691927 0.429773  0.094974 0.106418 1 1 1.000000
0  37.238338 -80.973000 22.329784  0.600138 -0.671441 0.434743  0.094974 0.106418 1 1 1.000000
headlight
0  37.238338 -80.973000 22.329784  0.600138 -0.671441 0.434743  0.094974 0.106418 1 1 1.000000
0  36.841953 -81.061089 22.726171  0.614617 -0.635194 0.467734  0.094974 0.106906 1 1 1.000000
0  37.084190 -81.182205 22.230688  0.611600 -0.660368 0.435729  0.094974 0.106418 1 1 1.000000
headlight
0  36.786900 -81.270294 22.538988  0.623339 -0.620669 0.475625  0.094241 0.106906 1 1 1.000000
0  37.084190 -81.182205 22.230688  0.611600 -0.660368 0.435729  0.094974 0.106418 1 1 1.000000
0  36.841953 -81.061089 22.726171  0.614617 -0.635194 0.467734  0.094974 0.106906 1 1 1.000000
headlight
0  36.841953 -81.061089 22.726171  0.614617 -0.635194 0.467734  0.094974 0.106906 1 1 1.000000
0  36.291416 -81.424446 22.946386  0.604577 -0.604592 0.518608  0.094241 0.106906 1 1 1.000000
0  36.786900 -81.270294 22.538988  0.623339 -0.620669 0.475625  0.094241 0.106906 1 1 1.000000
headlight
0  36.346470 -81.589607 22.660107  0.609113 -0.599908 0.518741  0.094241 0.106906 1 1 1.000000
0  36.786900 -81.270294 22.538988  0.623339 -0.620669 0.475625  0.094241 0.106906 1 1 1.000000
0  36.291416 -81.424446 22.946386  0.604577 -0.604592 0.518608  0.094241 0.106906 1 1 1.000000
headlight
0  36.346470 -81.589607 22.660107  0.609113 -0.599908 0.518741  0.094241 0.106906 1 1 1.000000
0  36.291416 -81.424446 22.946386  0.604577 -0.604592 0.518608  0.094241 0.106906 1 1 1.000000
0  35.069221 -83.021004 22.516968  0.563975 -0.594677 0.572968  0.093753 0.106906 1 1 1.000000
headlight
0  34.849007 -82.844826 22.891333  0.561264 -0.592957 0.577395  0.093753 0.107883 1 1 1.000000
0  35.069221 -83.021004 22.516968  0.563975 -0.594677 0.572968  0.093753 0.106906 1 1 1.000000
0  36.291416 -81.424446 22.946386  0.604577 -0.604592 0.518608  0.094241 0.106906 1 1 1.000000
headlight
0  34.849007 -82.844826 22.891333  0.561264 -0.592957 0.577395  0.093753 0.107883 1 1 1.000000
0  29.905186 -88.174026 22.164623  0.568796 -0.662106 0.487941  0.089358 0.108615 1 1 1.000000
0  35.069221 -83.021004 22.516968  0.563975 -0.594677 0.572968  0.093753 0.106906 1 1 1.000000
headlight
0  30.081356 -88.295143 21.790258  0.570300 -0.662363 0.485833  0.089358 0.108127 1 1 1.000000
0  35.069221 -83.021004 22.516968  0.563975 -0.594677 0.572968  0.093753 0.106906 1 1 1.000000
0  29.905186 -88.174026 22.164623  0.568796 -0.662106 0.487941  0.089358 0.108615 1 1 1.000000
headlight
0  29.905186 -88.174026 22.164623  0.568796 -0.662106 0.487941  0.089358 0.108615 1 1 1.000000
0  24.344761 -93.150887 21.261742  0.535214 -0.719025 0.443338  0.085696 0.109836 1 1 1.000000
0  30.081356 -88.295143 21.790258  0.570300 -0.662363 0.485833  0.089358 0.108127 1 1 1.000000
headlight
0  24.509922 -93.249977 20.887377  0.536878 -0.718994 0.441372  0.085696 0.109348 1 1 1.000000
0  30.081356 -88.295143 21.790258  0.570300 -0.662363 0.485833  0.089358 0.108127 1 1 1.000000
0  24.344761 -93.150887 21.261742  0.535214 -0.719025 0.443338  0.085696 0.109836 1 1 1.000000
headlight
0  24.509922 -93.249977 20.887377  0.536878 -0.718994 0.441372  0.085696 0.109348 1 1 1.000000
0  24.344761 -93.150887 21.261742  0.535214 -0.719025 0.443338  0.085696 0.109836 1 1 1.000000
0  21.636120 -95.584259 20.380882  0.483210 -0.735103 0.475532  0.083987 0.109836 1 1 1.000000
headlight
0  21.492979 -95.452126 20.755249  0.482886 -0.734076 0.477445  0.083987 0.109836 1 1 1.000000
0  21.636120 -95.584259 20.380882  0.483210 -0.735103 0.475532  0.083987 0.109836 1 1 1.000000
0  24.344761 -93.150887 21.261742  0.535214 -0.719025 0.443338  0.085696 0.109836 1 1 1.000000
headlight
0  21.636120 -95.584259 20.380882  0.483210 -0.735103 0.475532  0.083987 0.109836 1 1 1.000000
0  21.492979 -95.452126 20.755249  0.482886 -0.734076 0.477445  0.083987 0.109836 1 1 1.000000
0  19.323864 -97.345978 19.885399  0.375254 -0.875288 0.305049  0.082278 0.110080 1 1 1.000000
headlight
0  19.180723 -97.169807 20.336840  0.416506 -0.772975 0.478573  0.082278 0.110080 1 1 1.000000
0  19.323864 -97.345978 19.885399  0.375254 -0.875288 0.305049  0.082278 0.110080 1 1 1.000000
0  21.492979 -95.452126 20.755249  0.482886 -0.734076 0.477445  0.083987 0.109836 1 1 1.000000
headlight
0  19.180723 -97.169807 20.336840  0.416244 -0.773232 0.478386  0.082278 0.110080 1 1 1.000000
0  18.960508 -97.367996 20.127636  0.315678 -0.835169 0.450377  0.082278 0.110080 1 1 1.000000
0  19.323864 -97.345978 19.885399  0.374969 -0.875537 0.304684  0.082278 0.110080 1 1 1.000000
headlight
0  18.960508 -97.367996 20.127636  0.315678 -0.835169 0.450377  0.082278 0.110080 1 1 1.000000
0  18.971519 -97.489113 19.885399  0.314518 -0.890191 0.329603  0.081790 0.110080 1 1 1.000000
0  19.323864 -97.345978 19.885399  0.374969 -0.875537 0.304684  0.082278 0.110080 1 1 1.000000
headlight
0  18.971519 -97.489113 19.885399  0.314518 -0.890191 0.329603  0.081790 0.110080 1 1 1.000000
0  21.118614 -96.861504 18.442991  0.377015 -0.915906 0.137752  0.082522 0.108615 1 1 1.000000
0  19.323864 -97.345978 19.885399  0.374969 -0.875537 0.304684  0.082278 0.110080 1 1 1.000000
headlight
0  21.272764 -96.784431 18.542089  0.383784 -0.913745 0.133341  0.083499 0.108615 1 1 1.000000
0  19.323864 -97.345978 19.885399  0.374969 -0.875537 0.304684  0.082278 0.110080 1 1 1.000000
0  21.118614 -96.861504 18.442991  0.377015 -0.915906 0.137752  0.082522 0.108615 1 1 1.000000
headlight
0  21.118614 -96.861504 18.442991  0.377015 -0.915906 0.137752  0.082522 0.108615 1 1 1.000000
0  23.717148 -96.002663 16.582176  0.465298 -0.858404 0.215965  0.084231 0.106906 1 1 1.000000
0  21.272764 -96.784431 18.542089  0.383784 -0.913745 0.133341  0.083499 0.108615 1 1 1.000000
headlight
0  23.882309 -95.892555 16.692284  0.474265 -0.855892 0.206209  0.084231 0.106906 1 1 1.000000
0  21.272764 -96.784431 18.542089  0.384000 -0.913630 0.133509  0.083499 0.108615 1 1 1.000000
0  23.717148 -96.002663 16.582176  0.465584 -0.858170 0.216279  0.084231 0.106906 1 1 1.000000
headlight
0  23.882309 -95.892555 16.692284  0.474265 -0.855892 0.206209  0.084231 0.106906 1 1 1.000000
0  23.717148 -96.002663 16.582176  0.465584 -0.858170 0.216279  0.084231 0.106906 1 1 1.000000
0  24.399813 -95.661331 16.439037  0.524213 -0.836315 0.160557  0.084964 0.106906 1 1 1.000000
headlight
0  24.278696 -95.760429 16.218822  0.510013 -0.843234 0.169836  0.084231 0.106418 1 1 1.000000
0  24.399813 -95.661331 16.439037  0.524213 -0.836315 0.160557  0.084964 0.106906 1 1 1.000000
0  23.717148 -96.002663 16.582176  0.465584 -0.858170 0.216279  0.084231 0.106906 1 1 1.000000
headlight
0  24.399813 -95.661331 16.439037  0.524213 -0.836315 0.160557  0.084964 0.106906 1 1 1.000000
0  24.278696 -95.760429 16.218822  0.510013 -0.843234 0.169836  0.084231 0.106418 1 1 1.000000
0  24.950350 -95.297981 16.406004  0.571282 -0.812007 0.119509  0.084964 0.106418 1 1 1.000000
headlight
0  24.895296 -95.364044 16.152758  0.566197 -0.815411 0.120525  0.084964 0.106418 1 1 1.000000
0  24.950350 -95.297981 16.406004  0.571282 -0.812007 0.119509  0.084964 0.106418 1 1 1.000000
0  24.278696 -95.760429 16.218822  0.510013 -0.843234 0.169836  0.084231 0.106418 1 1 1.000000
headlight
0  24.950350 -95.297981 16.406004  0.571282 -0.812007 0.119509  0.084964 0.106418 1 1 1.000000
0  24.895296 -95.364044 16.152758  0.566197 -0.815411 0.120525  0.084964 0.106418 1 1 1.000000
0  27.306650 -93.569290 16.582176  0.618869 -0.776373 0.119360  0.085940 0.106418 1 1 1.000000
headlight
0  27.339682 -93.569290 16.306908  0.621326 -0.774217 0.120591  0.085940 0.106418 1 1 1.000000
0  27.306650 -93.569290 16.582176  0.618869 -0.776373 0.119360  0.085940 0.106418 1 1 1.000000
0  24.895296 -95.364044 16.152758  0.566197 -0.815411 0.120525  0.084964 0.106418 1 1 1.000000
headlight
0  27.306650 -93.569290 16.582176  0.618869 -0.776373 0.119360  0.085940 0.106418 1 1 1.000000
0  27.339682 -93.569290 16.306908  0.621326 -0.774217 0.120591  0.085940 0.106418 1 1 1.000000
0  31.545786 -89.770584 16.890478  0.667733 -0.720223 0.188178  0.089114 0.105930 1 1 1.000000
headlight
0  31.622860 -89.781593 16.615210  0.670519 -0.717409 0.189021  0.089114 0.105930 1 1 1.000000
0  31.545786 -89.770584 16.890478  0.667733 -0.720223 0.188178  0.089114 0.105930 1 1 1.000000
0  27.339682 -93.569290 16.306908  0.621326 -0.774217 0.120591  0.085940 0.106418 1 1 1.000000
headlight
0  31.622860 -89.781593 16.615210  0.670519 -0.717409 0.189021  0.089114 0.105930 1 1 1.000000
0  35.487633 -85.828743 16.912498  0.706981 -0.663596 0.244576  0.091800 0.104709 1 1 1.000000
0  31.545786 -89.770584 16.890478  0.667733 -0.720223 0.188178  0.089114 0.105930 1 1 1.000000
headlight
0  35.410557 -85.817726 17.198778  0.705866 -0.666556 0.239699  0.091800 0.104709 1 1 1.000000
0  31.545786 -89.770584 16.890478  0.667733 -0.720223 0.188178  0.089114 0.105930 1 1 1.000000
0  35.487633 -85.828743 16.912498  0.706981 -0.663596 0.244576  0.091800 0.104709 1 1 1.000000
headlight
0  35.410557 -85.817726 17.198778  0.705866 -0.666556 0.239699  0.091800 0.104709 1 1 1.000000
0  35.487633 -85.828743 16.912498  0.706981 -0.663596 0.244576  0.091800 0.104709 1 1 1.000000
0  37.238338 -83.703667 17.330908  0.581992 -0.716829 0.383981  0.093265 0.104465 1 1 1.000000
headlight
0  37.260361 -83.846809 17.066648  0.641380 -0.652486 0.403601  0.093265 0.104465 1 1 1.000000
0  37.238338 -83.703667 17.330908  0.581992 -0.716829 0.383981  0.093265 0.104465 1 1 1.000000
0  35.487633 -85.828743 16.912498  0.706981 -0.663596 0.244576  0.091800 0.104709 1 1 1.000000
headlight
0  37.260361 -83.846809 17.066648  0.641380 -0.652486 0.403601  0.093265 0.104465 1 1 1.000000
0  37.414513 -83.648613 17.154736  0.548100 -0.735153 0.398920  0.093265 0.104465 1 1 1.000000
0  37.238338 -83.703667 17.330908  0.581992 -0.716829 0.383981  0.093265 0.104465 1 1 1.000000
headlight
0  37.238338 -83.703667 17.330908  0.581992 -0.716829 0.383981  0.093265 0.104465 1 1 1.000000
0  37.414513 -83.648613 17.154736  0.548100 -0.735153 0.398920  0.093265 0.104465 1 1 1.000000
0  37.282383 -83.087067 18.509056  0.467940 -0.793931 0.388208  0.093753 0.104709 1 1 1.000000
headlight
0  31.259506 -89.572395 17.121702  0.231367 -0.258782 0.937817  0.088382 0.110813 1 1 1.000000
0  35.135288 -85.685600 17.407982  0.117711 -0.178993 0.976783  0.085208 0.110813 1 1 1.000000
0  31.325571 -87.920784 17.452024  0.177507 -0.207474 0.962001  0.087161 0.110080 1 1 1.000000
headlight
0  34.111290 -84.980911 17.672239  0.115188 -0.173789 0.978023  0.085208 0.110080 1 1 1.000000
0  31.325571 -87.920784 17.452024  0.177507 -0.207474 0.962001  0.087161 0.110080 1 1 1.000000
0  35.135288 -85.685600 17.407982  0.117711 -0.178993 0.976783  0.085208 0.110813 1 1 1.000000
headlight
0  35.135288 -85.685600 17.407982  0.117711 -0.178993 0.976783  0.085208 0.110813 1 1 1.000000
0  36.511631 -84.166115 17.529100  0.117677 -0.154109 0.981021  0.084231 0.111057 1 1 1.000000
0  34.111290 -84.980911 17.672239  0.115188 -0.173789 0.978023  0.085208 0.110080 1 1 1.000000
headlight
0  35.388535 -83.516487 17.760326  0.116498 -0.151587 0.981555  0.084231 0.110080 1 1 1.000000
0  34.111290 -84.980911 17.672239  0.115188 -0.173789 0.978023  0.085208 0.110080 1 1 1.000000
0  36.511631 -84.166115 17.529100  0.117677 -0.154109 0.981021  0.084231 0.111057 1 1 1.000000
headlight
0  36.511631 -84.166115 17.529100  0.117677 -0.154109 0.981021  0.084231 0.111057 1 1 1.000000
0  36.852962 -83.538506 17.562132  0.124864 -0.137806 0.982557  0.083987 0.111057 1 1 1.000000
0  35.388535 -83.516487 17.760326  0.116498 -0.151587 0.981555  0.084231 0.110080 1 1 1.000000
headlight
0  35.663803 -82.998978 17.793358  0.124231 -0.137478 0.982683  0.084231 0.110080 1 1 1.000000
0  35.388535 -83.516487 17.760326  0.116498 -0.151587 0.981555  0.084231 0.110080 1 1 1.000000
0  36.852962 -83.538506 17.562132  0.124864 -0.137806 0.982557  0.083987 0.111057 1 1 1.000000
headlight
0  35.663803 -82.998978 17.793358  0.124231 -0.137478 0.982683  0.084231 0.110080 1 1 1.000000
0  36.852962 -83.538506 17.562132  0.124864 -0.137806 0.982557  0.083987 0.111057 1 1 1.000000
0  35.961094 -81.666679 17.936499  0.129589 -0.131153 0.982856  0.083499 0.110080 1 1 1.000000
headlight
0  37.106209 -81.413429 17.826391  0.131313 -0.130363 0.982732  0.082522 0.110813 1 1 1.000000
0  35.961094 -81.666679 17.936499  0.129582 -0.131075 0.982867  0.083499 0.110080 1 1 1.000000
0  36.852962 -83.538506 17.562132  0.124778 -0.138542 0.982464  0.083987 0.111057 1 1 1.000000
headlight
0  27.152500 -93.216949 16.813402  0.230477 -0.346704 0.909218  0.090823 0.110813 1 1 1.000000
0  31.259506 -89.572395 17.121702  0.231367 -0.258782 0.937817  0.088382 0.110813 1 1 1.000000
0  26.701059 -92.600349 17.143724  0.234053 -0.348375 0.907664  0.090579 0.110080 1 1 1.000000
headlight
0  29.894175 -89.704521 17.407982  0.230649 -0.332728 0.914381  0.088870 0.110080 1 1 1.000000
0  26.701059 -92.600349 17.143724  0.234053 -0.348375 0.907664  0.090579 0.110080 1 1 1.000000
0  31.259506 -89.572395 17.121702  0.231367 -0.258782 0.937817  0.088382 0.110813 1 1 1.000000
headlight
0  29.894175 -89.704521 17.407982  0.230649 -0.332728 0.914381  0.088870 0.110080 1 1 1.000000
0  31.259506 -89.572395 17.121702  0.231367 -0.258782 0.937817  0.088382 0.110813 1 1 1.000000
0  30.477743 -89.109940 17.463036  0.270020 -0.264807 0.925725  0.088382 0.110080 1 1 1.000000
headlight
0  31.259506 -89.572395 17.121702  0.231367 -0.258782 0.937817  0.088382 0.110813 1 1 1.000000
0  31.325571 -87.920784 17.452024  0.177507 -0.207474 0.962001  0.087161 0.110080 1 1 1.000000
0  30.477743 -89.109940 17.463036  0.270020 -0.264807 0.925725  0.088382 0.110080 1 1 1.000000
headlight
0  30.719980 -88.526375 17.529100  0.363399 -0.251066 0.897166  0.087649 0.110080 1 1 1.000000
0  30.477743 -89.109940 17.463036  0.270020 -0.264807 0.925725  0.088382 0.110080 1 1 1.000000
0  31.325571 -87.920784 17.452024  0.177507 -0.207474 0.962001  0.087161 0.110080 1 1 1.000000
headlight
0  20.634142 -96.465118 19.367895  0.596186 -0.336076 0.729119  0.094241 0.108615 1 1 1.000000
0  21.515001 -96.277931 18.740282  0.603991 -0.326718 0.726946  0.093753 0.109348 1 1 1.000000
0  20.953453 -95.705376 19.466991  0.600005 -0.331154 0.728238  0.093753 0.108615 1 1 1.000000
headlight
0  21.746227 -95.496170 18.894432  0.607112 -0.322904 0.726049  0.093753 0.108615 1 1 1.000000
0  20.953453 -95.705376 19.466991  0.600005 -0.331154 0.728238  0.093753 0.108615 1 1 1.000000
0  21.515001 -96.277931 18.740282  0.603991 -0.326718 0.726946  0.093753 0.109348 1 1 1.000000
headlight
0  21.515001 -96.277931 18.740282  0.603991 -0.326718 0.726946  0.093753 0.109348 1 1 1.000000
0  23.959383 -95.485161 17.044628  0.587745 -0.318826 0.743576  0.093265 0.110080 1 1 1.000000
0  21.746227 -95.496170 18.894432  0.607112 -0.322904 0.726049  0.093753 0.108615 1 1 1.000000
headlight
0  23.981405 -94.626320 17.385962  0.589363 -0.320262 0.741676  0.092532 0.109836 1 1 1.000000
0  21.746227 -95.496170 18.894432  0.607112 -0.322904 0.726049  0.093753 0.108615 1 1 1.000000
0  23.959383 -95.485161 17.044628  0.587745 -0.318826 0.743576  0.093265 0.110080 1 1 1.000000
headlight
0  23.981405 -94.626320 17.385962  0.589363 -0.320262 0.741676  0.092532 0.109836 1 1 1.000000
0  23.959383 -95.485161 17.044628  0.587745 -0.318826 0.743576  0.093265 0.110080 1 1 1.000000
0  24.410824 -94.406105 17.165747  0.474978 -0.339623 0.811820  0.092532 0.109836 1 1 1.000000
headlight
0  24.454866 -95.231911 16.780371  0.490398 -0.340080 0.802406  0.092532 0.110080 1 1 1.000000
0  24.410824 -94.406105 17.165747  0.474978 -0.339623 0.811820  0.092532 0.109836 1 1 1.000000
0  23.959383 -95.485161 17.044628  0.587745 -0.318826 0.743576  0.093265 0.110080 1 1 1.000000
headlight
0  24.454866 -95.231911 16.780371  0.490398 -0.340080 0.802406  0.092532 0.110080 1 1 1.000000
0  24.939341 -94.912605 16.692284  0.348504 -0.363322 0.864027  0.092532 0.110080 1 1 1.000000
0  24.410824 -94.406105 17.165747  0.474978 -0.339623 0.811820  0.092532 0.109836 1 1 1.000000
headlight
0  24.829233 -94.119827 17.066648  0.323351 -0.364492 0.873264  0.092288 0.110080 1 1 1.000000
0  24.410824 -94.406105 17.165747  0.474978 -0.339623 0.811820  0.092532 0.109836 1 1 1.000000
0  24.939341 -94.912605 16.692284  0.348504 -0.363322 0.864027  0.092532 0.110080 1 1 1.000000
headlight
0  24.829233 -94.119827 17.066648  0.323351 -0.364492 0.873264  0.092288 0.110080 1 1 1.000000
0  24.939341 -94.912605 16.692284  0.348504 -0.363322 0.864027  0.092532 0.110080 1 1 1.000000
0  26.701059 -92.600349 17.143724  0.234053 -0.348375 0.907664  0.090579 0.110080 1 1 1.000000
headlight
0  27.152500 -93.216949 16.813402  0.230477 -0.346704 0.909218  0.090823 0.110813 1 1 1.000000
0  26.701059 -92.600349 17.143724  0.234053 -0.348375 0.907664  0.090579 0.110080 1 1 1.000000
0  24.939341 -94.912605 16.692284  0.348504 -0.363322 0.864027  0.092532 0.110080 1 1 1.000000
headlight
0  37.106209 -81.413429 17.826391  0.945979 -0.146492 0.289246  0.082522 0.110813 1 1 1.000000
0  36.852962 -83.538506 17.562132  0.879654 -0.288112 0.378418  0.083987 0.111057 1 1 1.000000
0  37.139244 -81.391411 17.683250  -0.088828 -0.427136 0.899814  0.082522 0.110813 1 1 1.000000
headlight
0  36.897007 -83.549515 17.430004  0.878740 -0.298715 0.372271  0.083987 0.111057 1 1 1.000000
0  37.139244 -81.391411 17.683250  -0.088828 -0.427136 0.899814  0.082522 0.110813 1 1 1.000000
0  36.852962 -83.538506 17.562132  0.879654 -0.288112 0.378418  0.083987 0.111057 1 1 1.000000
headlight
0  36.897007 -83.549515 17.430004  0.878740 -0.298715 0.372271  0.083987 0.111057 1 1 1.000000
0  36.852962 -83.538506 17.562132  0.879654 -0.288112 0.378418  0.083987 0.111057 1 1 1.000000
0  36.577694 -84.221169 17.374950  0.709072 -0.533413 0.461181  0.084231 0.111057 1 1 1.000000
headlight
0  36.511631 -84.166115 17.529100  0.708728 -0.527601 0.468339  0.084231 0.111057 1 1 1.000000
0  36.577694 -84.221169 17.374950  0.709072 -0.533413 0.461181  0.084231 0.111057 1 1 1.000000
0  36.852962 -83.538506 17.562132  0.879654 -0.288112 0.378418  0.083987 0.111057 1 1 1.000000
headlight
0  36.511631 -84.166115 17.529100  0.708728 -0.527601 0.468339  0.084231 0.111057 1 1 1.000000
0  35.135288 -85.685600 17.407982  0.625011 -0.629649 0.461414  0.085208 0.110813 1 1 1.000000
0  36.577694 -84.221169 17.374950  0.709072 -0.533413 0.461181  0.084231 0.111057 1 1 1.000000
headlight
0  35.201351 -85.740654 17.253832  0.625724 -0.628930 0.461428  0.085208 0.111057 1 1 1.000000
0  36.577694 -84.221169 17.374950  0.709072 -0.533413 0.461181  0.084231 0.111057 1 1 1.000000
0  35.135288 -85.685600 17.407982  0.625011 -0.629649 0.461414  0.085208 0.110813 1 1 1.000000
headlight
0  35.201351 -85.740654 17.253832  0.625724 -0.628930 0.461428  0.085208 0.111057 1 1 1.000000
0  35.135288 -85.685600 17.407982  0.625011 -0.629649 0.461414  0.085208 0.110813 1 1 1.000000
0  31.314560 -89.638458 16.967552  0.589587 -0.665982 0.457007  0.088382 0.110813 1 1 1.000000
headlight
0  31.259506 -89.572395 17.121702  0.590564 -0.665723 0.456122  0.088382 0.110813 1 1 1.000000
0  31.314560 -89.638458 16.967552  0.589587 -0.665982 0.457007  0.088382 0.110813 1 1 1.000000
0  35.135288 -85.685600 17.407982  0.625011 -0.629649 0.461414  0.085208 0.110813 1 1 1.000000
headlight
0  31.314560 -89.638458 16.967552  0.589587 -0.665982 0.457007  0.088382 0.110813 1 1 1.000000
0  31.259506 -89.572395 17.121702  0.590564 -0.665723 0.456122  0.088382 0.110813 1 1 1.000000
0  27.185532 -93.260994 16.648241  0.585742 -0.732276 0.347386  0.090823 0.110813 1 1 1.000000
headlight
0  27.152500 -93.216949 16.813402  0.586703 -0.731205 0.348021  0.090823 0.110813 1 1 1.000000
0  27.185532 -93.260994 16.648241  0.585742 -0.732276 0.347386  0.090823 0.110813 1 1 1.000000
0  31.259506 -89.572395 17.121702  0.590564 -0.665723 0.456122  0.088382 0.110813 1 1 1.000000
headlight
0  27.185532 -93.260994 16.648241  0.585742 -0.732276 0.347386  0.090823 0.110813 1 1 1.000000
0  27.152500 -93.216949 16.813402  0.586703 -0.731205 0.348021  0.090823 0.110813 1 1 1.000000
0  24.917318 -95.022713 16.538134  0.546106 -0.720160 0.427947  0.092532 0.110813 1 1 1.000000
headlight
0  24.939341 -94.912605 16.692284  0.543016 -0.720480 0.431326  0.092532 0.110080 1 1 1.000000
0  24.917318 -95.022713 16.538134  0.546106 -0.720160 0.427947  0.092532 0.110813 1 1 1.000000
0  27.152500 -93.216949 16.813402  0.586703 -0.731205 0.348021  0.090823 0.110813 1 1 1.000000
headlight
0  24.939341 -94.912605 16.692284  0.543016 -0.720480 0.431326  0.092532 0.110080 1 1 1.000000
0  24.454866 -95.231911 16.780371  0.559716 -0.715336 0.418345  0.092532 0.110080 1 1 1.000000
0  24.917318 -95.022713 16.538134  0.546106 -0.720160 0.427947  0.092532 0.110813 1 1 1.000000
headlight
0  24.421835 -95.353035 16.615210  0.562937 -0.715107 0.414396  0.092532 0.110080 1 1 1.000000
0  24.917318 -95.022713 16.538134  0.546106 -0.720160 0.427947  0.092532 0.110813 1 1 1.000000
0  24.454866 -95.231911 16.780371  0.559716 -0.715336 0.418345  0.092532 0.110080 1 1 1.000000
headlight
0  24.421835 -95.353035 16.615210  0.562937 -0.715107 0.414396  0.092532 0.110080 1 1 1.000000
0  24.454866 -95.231911 16.780371  0.559716 -0.715336 0.418345  0.092532 0.110080 1 1 1.000000
0  23.926352 -95.606277 16.890478  0.554829 -0.710204 0.433331  0.093265 0.110080 1 1 1.000000
headlight
0  23.959383 -95.485161 17.044628  0.555914 -0.708681 0.434430  0.093265 0.110080 1 1 1.000000
0  23.926352 -95.606277 16.890478  0.554829 -0.710204 0.433331  0.093265 0.110080 1 1 1.000000
0  24.454866 -95.231911 16.780371  0.559716 -0.715336 0.418345  0.092532 0.110080 1 1 1.000000
headlight
0  23.926352 -95.606277 16.890478  0.554829 -0.710204 0.433331  0.093265 0.110080 1 1 1.000000
0  23.959383 -95.485161 17.044628  0.555914 -0.708681 0.434430  0.093265 0.110080 1 1 1.000000
0  21.360851 -96.443092 18.696239  0.524702 -0.697975 0.487359  0.094241 0.109348 1 1 1.000000
headlight
0  21.515001 -96.277931 18.740282  0.533030 -0.705256 0.467432  0.093753 0.109348 1 1 1.000000
0  21.360851 -96.443092 18.696239  0.524702 -0.697975 0.487359  0.094241 0.109348 1 1 1.000000
0  23.959383 -95.485161 17.044628  0.555914 -0.708681 0.434430  0.093265 0.110080 1 1 1.000000
headlight
0  21.515001 -96.277931 18.740282  0.533030 -0.705256 0.467432  0.093753 0.109348 1 1 1.000000
0  20.634142 -96.465118 19.367895  0.537826 -0.657520 0.527646  0.094241 0.108615 1 1 1.000000
0  21.360851 -96.443092 18.696239  0.524702 -0.697975 0.487359  0.094241 0.109348 1 1 1.000000
headlight
0  20.358873 -96.707352 19.334862  0.540142 -0.653526 0.530236  0.094974 0.108615 1 1 1.000000
0  21.360851 -96.443092 18.696239  0.524679 -0.698012 0.487330  0.094241 0.109348 1 1 1.000000
0  20.634142 -96.465118 19.367895  0.537809 -0.657540 0.527639  0.094241 0.108615 1 1 1.000000
headlight
0  31.171421 -82.162163 18.288841  0.049321 -0.107923 0.992935  0.083499 0.112033 1 1 1.000000
0  30.312582 -82.778763 18.255810  0.046993 -0.107912 0.993049  0.082278 0.111057 1 1 1.000000
0  30.576839 -88.493340 17.617186  0.007616 -0.109598 0.993947  0.083499 0.105197 1 1 1.000000
headlight
0  29.740025 -89.517342 17.518089  0.004757 -0.109538 0.993971  0.082278 0.103732 1 1 1.000000
0  30.576839 -88.493340 17.617186  0.007590 -0.109596 0.993947  0.083499 0.105197 1 1 1.000000
0  30.312582 -82.778763 18.255810  0.047100 -0.107893 0.993046  0.082278 0.111057 1 1 1.000000
headlight
0  29.740025 -89.517342 17.518089  0.004757 -0.109538 0.993971  0.082278 0.103732 1 1 1.000000
0  30.301571 -89.076912 17.562132  0.003174 -0.107868 0.994160  0.082522 0.104465 1 1 1.000000
0  30.576839 -88.493340 17.617186  0.007590 -0.109596 0.993947  0.083499 0.105197 1 1 1.000000
headlight
0  21.966440 -89.087921 20.171679  0.668413 -0.030784 0.743153  0.054445 0.112766 1 1 1.000000
0  21.966440 -91.301079 20.050560  0.789734 -0.090155 0.606788  0.055666 0.112766 1 1 1.000000
0  22.759212 -88.372223 19.478003  0.722387 -0.055701 0.689242  0.054445 0.113010 1 1 1.000000
headlight
0  22.538998 -91.620392 19.180712  0.813302 -0.103280 0.572602  0.055666 0.112766 1 1 1.000000
0  22.759212 -88.372223 19.478003  0.722695 -0.055875 0.688905  0.054445 0.113010 1 1 1.000000
0  21.966440 -91.301079 20.050560  0.790025 -0.090290 0.606389  0.055666 0.112766 1 1 1.000000
headlight
0  30.312582 -82.778763 18.255810  -0.973628 0.060495 0.219977  0.088382 0.114719 1 1 1.000000
0  30.202475 -82.855843 17.705273  -0.973985 0.060796 0.218305  0.088382 0.114231 1 1 1.000000
0  29.740025 -89.517342 17.518089  -0.981807 0.062289 0.179374  0.091800 0.114719 1 1 1.000000
headlight
0  29.618906 -89.880692 17.022606  -0.982040 0.062469 0.178031  0.092288 0.114231 1 1 1.000000
0  29.740025 -89.517342 17.518089  -0.981793 0.062296 0.179450  0.091800 0.114719 1 1 1.000000
0  30.202475 -82.855843 17.705273  -0.973986 0.060791 0.218302  0.088382 0.114231 1 1 1.000000
headlight
0  23.882309 -94.703400 17.154736  0.574798 -0.650998 0.495792  0.087649 0.105197 1 1 1.000000
0  23.970394 -94.373077 17.452024  0.573460 -0.661591 0.483157  0.087649 0.105197 1 1 1.000000
0  21.448936 -95.606277 18.762304  0.559552 -0.731125 0.390329  0.085940 0.104709 1 1 1.000000
headlight
0  21.845324 -95.209892 18.960497  0.555921 -0.743528 0.371643  0.085940 0.105197 1 1 1.000000
0  21.448936 -95.606277 18.762304  0.559552 -0.731125 0.390329  0.085940 0.104709 1 1 1.000000
0  23.970394 -94.373077 17.452024  0.573460 -0.661591 0.483157  0.087649 0.105197 1 1 1.000000
headlight
0  36.808922 -80.103157 22.384838  0.928666 -0.099588 0.357297  0.841334 0.012909 1 1 1.000000
0  36.742855 -81.061089 22.230688  0.979284 -0.099383 0.176426  0.846217 0.014374 1 1 1.000000
0  36.709824 -81.556572 21.603075  0.997388 -0.069278 -0.020451  0.847682 0.018525 1 1 1.000000
headlight
0  36.742855 -81.061089 22.230688  0.979284 -0.099383 0.176426  0.846217 0.014374 1 1 1.000000
0  36.808922 -80.103157 22.384838  0.928666 -0.099588 0.357297  0.841334 0.012909 1 1 1.000000
0  36.654770 -81.039070 22.384838  0.629509 -0.103972 0.770005  0.846217 0.013642 1 1 1.000000
headlight
0  36.654770 -81.039070 22.384838  0.629509 -0.103972 0.770005  0.846217 0.013642 1 1 1.000000
0  36.808922 -80.103157 22.384838  0.928666 -0.099588 0.357297  0.841334 0.012909 1 1 1.000000
0  36.489609 -81.171196 22.461914  0.433629 -0.070593 0.898322  0.847438 0.012909 1 1 1.000000
headlight
0  37.161263 -80.026077 22.153612  0.921469 -0.171399 0.348593  0.440443 0.439436 1 1 1.000000
0  37.205307 -80.873909 21.603075  0.922923 -0.260306 0.283644  0.386975 0.485580 1 1 1.000000
0  37.359459 -80.587624 21.305786  0.927045 -0.267046 0.263199  0.367199 0.460921 1 1 1.000000
headlight
0  37.359459 -80.587624 21.305786  0.927045 -0.267046 0.263199  0.367199 0.460921 1 1 1.000000
0  37.205307 -80.873909 21.603075  0.922923 -0.260306 0.283644  0.386975 0.485580 1 1 1.000000
0  37.348446 -81.490509 19.940453  0.857705 -0.456740 0.236074  0.261971 0.521958 1 1 1.000000
headlight
0  37.095200 -82.723709 18.409960  0.927490 -0.350007 0.131369  0.147710 0.613025 1 1 1.000000
0  37.348446 -81.490509 19.940453  0.857705 -0.456740 0.236074  0.261971 0.521958 1 1 1.000000
0  37.205307 -80.873909 21.603075  0.922923 -0.260306 0.283644  0.386975 0.485580 1 1 1.000000
headlight
0  37.095200 -82.723709 18.409960  0.927490 -0.350007 0.131369  0.147710 0.613025 1 1 1.000000
0  37.238338 -82.371368 18.321875  0.937560 -0.329102 0.112579  0.140629 0.583972 1 1 1.000000
0  37.348446 -81.490509 19.940453  0.857705 -0.456740 0.236074  0.261971 0.521958 1 1 1.000000
headlight
0  35.113266 -84.793732 18.189745  0.129603 -0.061807 -0.989638  0.093265 0.528550 1 1 1.000000
0  35.311459 -82.129128 18.101660  0.102605 -0.037651 -0.994009  0.089114 0.531236 1 1 1.000000
0  37.238338 -82.371368 18.321875  0.178043 -0.095059 -0.979420  0.087649 0.528062 1 1 1.000000
headlight
0  37.238338 -81.501518 18.288841  0.102838 -0.036603 -0.994024  0.086673 0.529038 1 1 1.000000
0  37.238338 -82.371368 18.321875  0.178043 -0.095059 -0.979420  0.087649 0.528062 1 1 1.000000
0  35.311459 -82.129128 18.101660  0.102605 -0.037651 -0.994009  0.089114 0.531236 1 1 1.000000
headlight
0  35.432579 -84.540482 18.663206  0.331606 -0.400524 0.854177  0.175054 0.798334 1 1 1.000000
0  36.313438 -83.593559 18.784325  0.185016 -0.632074 0.752497  0.177984 0.700430 1 1 1.000000
0  35.443588 -84.353302 18.762304  0.330084 -0.399190 0.855390  0.185064 0.787835 1 1 1.000000
headlight
0  36.181309 -83.560524 18.817358  0.197005 -0.607265 0.769687  0.185797 0.706046 1 1 1.000000
0  35.443588 -84.353302 18.762304  0.330084 -0.399190 0.855390  0.185064 0.787835 1 1 1.000000
0  36.313438 -83.593559 18.784325  0.185016 -0.632074 0.752497  0.177984 0.700430 1 1 1.000000
headlight
0  36.181309 -83.560524 18.817358  0.197005 -0.607265 0.769687  0.185797 0.706046 1 1 1.000000
0  36.313438 -83.593559 18.784325  0.185016 -0.632074 0.752497  0.177984 0.700430 1 1 1.000000
0  36.709824 -81.556572 21.603075  -0.003894 -0.660000 0.751255  0.391125 0.552232 1 1 1.000000
headlight
0  36.819931 -81.567581 21.592064  -0.007160 -0.655567 0.755103  0.385754 0.545640 1 1 1.000000
0  36.709824 -81.556572 21.603075  -0.003894 -0.660000 0.751255  0.391125 0.552232 1 1 1.000000
0  36.313438 -83.593559 18.784325  0.185016 -0.632074 0.752497  0.177984 0.700430 1 1 1.000000
headlight
0  36.819931 -81.567581 21.592064  -0.007160 -0.655567 0.755103  0.385754 0.545640 1 1 1.000000
0  36.897007 -80.103157 22.373827  0.170343 -0.482267 0.859303  0.461196 0.454085 1 1 1.000000
0  36.709824 -81.556572 21.603075  -0.003894 -0.660000 0.751255  0.391125 0.552232 1 1 1.000000
headlight
0  36.808922 -80.103157 22.384838  0.178698 -0.482361 0.857552  0.466079 0.458968 1 1 1.000000
0  36.709824 -81.556572 21.603075  -0.003894 -0.660000 0.751255  0.391125 0.552232 1 1 1.000000
0  36.897007 -80.103157 22.373827  0.170343 -0.482267 0.859303  0.461196 0.454085 1 1 1.000000
headlight
0  35.256405 -84.793732 18.487036  -0.094493 -0.865205 0.492434  0.163091 0.821772 1 1 1.000000
0  35.146297 -84.793732 18.476025  -0.119413 -0.868782 0.480581  0.165777 0.830073 1 1 1.000000
0  35.289436 -84.947884 18.233788  -0.142640 -0.871591 0.469024  0.141850 0.830317 1 1 1.000000
headlight
0  35.124275 -84.870804 18.310863  -0.174801 -0.874275 0.452866  0.163335 0.837886 1 1 1.000000
0  35.289436 -84.947884 18.233788  -0.142640 -0.871591 0.469024  0.141850 0.830317 1 1 1.000000
0  35.146297 -84.793732 18.476025  -0.119413 -0.868782 0.480581  0.165777 0.830073 1 1 1.000000
headlight
0  37.095200 -82.723709 18.409960  0.599534 -0.427962 -0.676319  0.147710 0.613025 1 1 1.000000
0  35.289436 -84.947884 18.233788  0.157960 -0.084687 -0.983807  0.141850 0.830317 1 1 1.000000
0  37.238338 -82.371368 18.321875  0.178043 -0.095059 -0.979420  0.135258 0.585192 1 1 1.000000
headlight
0  35.113266 -84.793732 18.189745  0.129603 -0.061807 -0.989638  0.124760 0.829340 1 1 1.000000
0  37.238338 -82.371368 18.321875  0.178043 -0.095059 -0.979420  0.135258 0.585192 1 1 1.000000
0  35.289436 -84.947884 18.233788  0.157960 -0.084687 -0.983807  0.141850 0.830317 1 1 1.000000
headlight
0  37.139244 -81.391411 17.683250  -0.088874 -0.427805 0.899491  0.084964 0.117649 1 1 1.000000
0  37.238338 -83.703667 17.330908  -0.996154 -0.042214 0.076779  0.084231 0.116428 1 1 1.000000
0  37.238338 -81.501518 18.288841  -0.994028 -0.041982 0.100730  0.085208 0.117649 1 1 1.000000
headlight
0  37.238338 -82.371368 18.321875  -0.998865 -0.024942 0.040580  0.085208 0.116916 1 1 1.000000
0  37.238338 -81.501518 18.288841  -0.994028 -0.041982 0.100730  0.085208 0.117649 1 1 1.000000
0  37.238338 -83.703667 17.330908  -0.996154 -0.042214 0.076779  0.084231 0.116428 1 1 1.000000
headlight
0  37.282383 -83.087067 18.509056  -0.995622 -0.055820 0.074975  0.085208 0.116428 1 1 1.000000
0  37.238338 -82.371368 18.321875  -0.998865 -0.024942 0.040580  0.085208 0.116916 1 1 1.000000
0  37.238338 -83.703667 17.330908  -0.996154 -0.042214 0.076779  0.084231 0.116428 1 1 1.000000
headlight
0  37.282383 -83.087067 18.509056  -0.995622 -0.055820 0.074975  0.085208 0.116428 1 1 1.000000
0  37.348446 -82.217216 20.039551  -0.998778 -0.005606 0.049100  0.085696 0.116916 1 1 1.000000
0  37.238338 -82.371368 18.321875  -0.998865 -0.024942 0.040580  0.085208 0.116916 1 1 1.000000
headlight
0  37.348446 -81.490509 19.940453  -0.999376 0.003370 0.035154  0.085696 0.117649 1 1 1.000000
0  37.238338 -82.371368 18.321875  -0.998865 -0.024942 0.040580  0.085208 0.116916 1 1 1.000000
0  37.348446 -82.217216 20.039551  -0.998778 -0.005606 0.049100  0.085696 0.116916 1 1 1.000000
headlight
0  37.348446 -81.490509 19.940453  -0.999376 0.003370 0.035154  0.085696 0.117649 1 1 1.000000
0  37.348446 -82.217216 20.039551  -0.998778 -0.005606 0.049100  0.085696 0.116916 1 1 1.000000
0  37.359459 -80.587624 21.305786  -0.992567 -0.039834 -0.114996  0.086673 0.117649 1 1 1.000000
headlight
0  37.370468 -81.435455 21.382860  -0.999016 -0.017621 -0.040707  0.086673 0.116916 1 1 1.000000
0  37.359459 -80.587624 21.305786  -0.992567 -0.039834 -0.114996  0.086673 0.117649 1 1 1.000000
0  37.348446 -82.217216 20.039551  -0.998778 -0.005606 0.049100  0.085696 0.116916 1 1 1.000000
headlight
0  37.370468 -81.435455 21.382860  -0.999016 -0.017621 -0.040707  0.086673 0.116916 1 1 1.000000
0  37.293392 -81.215240 21.845312  -0.957494 -0.024422 -0.287417  0.086673 0.116916 1 1 1.000000
0  37.359459 -80.587624 21.305786  -0.992567 -0.039834 -0.114996  0.086673 0.117649 1 1 1.000000
headlight
0  37.161263 -80.026077 22.153612  -0.818499 -0.026881 -0.573879  0.087161 0.117893 1 1 1.000000
0  37.359459 -80.587624 21.305786  -0.992567 -0.039834 -0.114996  0.086673 0.117649 1 1 1.000000
0  37.293392 -81.215240 21.845312  -0.957494 -0.024422 -0.287417  0.086673 0.116916 1 1 1.000000
headlight
0  37.293392 -81.215240 21.845312  -0.957494 -0.024422 -0.287417  0.086673 0.116916 1 1 1.000000
0  37.084190 -81.182205 22.230688  -0.781797 -0.005568 -0.623509  0.087161 0.116916 1 1 1.000000
0  37.161263 -80.026077 22.153612  -0.818499 -0.026881 -0.573879  0.087161 0.117893 1 1 1.000000
headlight
0  37.161263 -80.026077 22.153612  -0.818499 -0.026881 -0.573879  0.087161 0.117893 1 1 1.000000
0  37.084190 -81.182205 22.230688  -0.781797 -0.005568 -0.623509  0.087161 0.116916 1 1 1.000000
0  36.897007 -80.103157 22.373827  -0.465655 -0.070087 -0.882186  0.087649 0.117649 1 1 1.000000
headlight
0  36.786900 -81.270294 22.538988  -0.391847 -0.086160 -0.915987  0.087161 0.116916 1 1 1.000000
0  36.897007 -80.103157 22.373827  -0.465655 -0.070087 -0.882186  0.087649 0.117649 1 1 1.000000
0  37.084190 -81.182205 22.230688  -0.781797 -0.005568 -0.623509  0.087161 0.116916 1 1 1.000000
headlight
0  36.897007 -80.103157 22.373827  -0.465655 -0.070087 -0.882186  0.087649 0.117649 1 1 1.000000
0  36.786900 -81.270294 22.538988  -0.391847 -0.086160 -0.915987  0.087161 0.116916 1 1 1.000000
0  36.346470 -81.589607 22.660107  -0.211144 -0.114307 -0.970748  0.087649 0.116916 1 1 1.000000
headlight
0  36.897007 -80.103157 22.373827  -0.465655 -0.070087 -0.882186  0.087649 0.117649 1 1 1.000000
0  36.346470 -81.589607 22.660107  -0.211144 -0.114307 -0.970748  0.087649 0.116916 1 1 1.000000
0  36.808922 -80.103157 22.384838  -0.127407 -0.146991 -0.980898  0.087649 0.117649 1 1 1.000000
headlight
0  19.643175 -96.608253 19.863379  0.296082 -0.183779 -0.937316  0.097171 0.116184 1 1 1.000000
0  21.448936 -95.297981 20.171679  0.430353 -0.347669 -0.833020  0.097171 0.114719 1 1 1.000000
0  19.323864 -97.345978 19.885399  0.334964 -0.226762 -0.914537  0.097171 0.116428 1 1 1.000000
headlight
0  21.636120 -95.584259 20.380882  0.436950 -0.355699 -0.826167  0.097415 0.114719 1 1 1.000000
0  19.323864 -97.345978 19.885399  0.334964 -0.226762 -0.914537  0.097171 0.116428 1 1 1.000000
0  21.448936 -95.297981 20.171679  0.430353 -0.347669 -0.833020  0.097171 0.114719 1 1 1.000000
headlight
0  21.448936 -95.297981 20.171679  0.430353 -0.347669 -0.833020  0.097171 0.114719 1 1 1.000000
0  24.322739 -92.996735 20.656151  0.450713 -0.370815 -0.812006  0.097415 0.113010 1 1 1.000000
0  21.636120 -95.584259 20.380882  0.436950 -0.355699 -0.826167  0.097415 0.114719 1 1 1.000000
headlight
0  24.509922 -93.249977 20.887377  0.451467 -0.370823 -0.811584  0.097415 0.113010 1 1 1.000000
0  21.636120 -95.584259 20.380882  0.436950 -0.355699 -0.826167  0.097415 0.114719 1 1 1.000000
0  24.322739 -92.996735 20.656151  0.450713 -0.370815 -0.812006  0.097415 0.113010 1 1 1.000000
headlight
0  24.509922 -93.249977 20.887377  0.451467 -0.370823 -0.811584  0.097415 0.113010 1 1 1.000000
0  24.322739 -92.996735 20.656151  0.450713 -0.370815 -0.812006  0.097415 0.113010 1 1 1.000000
0  30.081356 -88.295143 21.790258  0.484985 -0.372714 -0.791122  0.097415 0.109348 1 1 1.000000
headlight
0  29.828110 -88.063919 21.526001  0.484795 -0.376793 -0.789304  0.097415 0.109348 1 1 1.000000
0  30.081356 -88.295143 21.790258  0.484985 -0.372714 -0.791122  0.097415 0.109348 1 1 1.000000
0  24.322739 -92.996735 20.656151  0.450713 -0.370815 -0.812006  0.097415 0.113010 1 1 1.000000
headlight
0  30.081356 -88.295143 21.790258  0.484985 -0.372714 -0.791122  0.097415 0.109348 1 1 1.000000
0  29.828110 -88.063919 21.526001  0.484795 -0.376793 -0.789304  0.097415 0.109348 1 1 1.000000
0  35.069221 -83.021004 22.516968  0.585567 -0.474566 -0.657190  0.097415 0.105197 1 1 1.000000
headlight
0  34.904060 -82.866852 22.252708  0.585451 -0.475634 -0.656521  0.097415 0.105197 1 1 1.000000
0  35.069221 -83.021004 22.516968  0.585567 -0.474566 -0.657190  0.097415 0.105197 1 1 1.000000
0  29.828110 -88.063919 21.526001  0.484795 -0.376793 -0.789304  0.097415 0.109348 1 1 1.000000
headlight
0  34.904060 -82.866852 22.252708  0.585451 -0.475634 -0.656521  0.097415 0.105197 1 1 1.000000
0  36.489609 -81.171196 22.461914  0.616302 -0.494388 -0.612987  0.097415 0.103732 1 1 1.000000
0  35.069221 -83.021004 22.516968  0.585567 -0.474566 -0.657190  0.097415 0.105197 1 1 1.000000
headlight
0  36.346470 -81.589607 22.660107  0.623734 -0.499999 -0.600797  0.097415 0.104465 1 1 1.000000
0  35.069221 -83.021004 22.516968  0.585567 -0.474566 -0.657190  0.097415 0.105197 1 1 1.000000
0  36.489609 -81.171196 22.461914  0.616302 -0.494388 -0.612987  0.097415 0.103732 1 1 1.000000
headlight
0  22.704159 -88.394241 17.220800  0.998382 -0.052032 -0.022928  0.054445 0.111301 1 1 1.000000
0  22.759212 -88.372223 19.478003  0.998158 -0.058825 -0.014831  0.054445 0.111057 1 1 1.000000
0  22.616074 -90.431229 17.947508  0.998407 -0.056016 -0.006711  0.055666 0.111057 1 1 1.000000
headlight
0  22.538998 -91.620392 19.180712  0.997856 -0.065137 -0.006363  0.055666 0.111057 1 1 1.000000
0  22.616074 -90.431229 17.947508  0.998048 -0.061431 -0.011266  0.055666 0.111057 1 1 1.000000
0  22.759212 -88.372223 19.478003  0.998166 -0.058630 -0.015097  0.054445 0.111057 1 1 1.000000
headlight
0  22.417879 -94.031746 17.352928  -0.013677 -0.126692 0.991848  0.059084 0.112033 1 1 1.000000
0  20.953451 -91.686455 17.694262  0.061191 -0.111741 0.991852  0.057619 0.112033 1 1 1.000000
0  20.975473 -92.688431 17.562132  0.034117 -0.128882 0.991073  0.058596 0.112033 1 1 1.000000
headlight
0  22.417879 -94.031746 17.352928  -0.013677 -0.126692 0.991848  0.059084 0.112033 1 1 1.000000
0  21.757235 -90.332130 17.782347  -0.107895 -0.138105 0.984523  0.057375 0.112033 1 1 1.000000
0  20.953451 -91.686455 17.694262  0.061191 -0.111741 0.991852  0.057619 0.112033 1 1 1.000000
headlight
0  22.417879 -94.031746 17.352928  -0.013677 -0.126692 0.991848  0.059084 0.112033 1 1 1.000000
0  22.616074 -90.431229 17.947508  -0.202405 -0.153023 0.967273  0.057375 0.112033 1 1 1.000000
0  21.757235 -90.332130 17.782347  -0.107895 -0.138105 0.984523  0.057375 0.112033 1 1 1.000000
headlight
0  35.289436 -82.162163 21.360840  0.111104 -0.050274 -0.992536  0.837916 0.022431 1 1 1.000000
0  35.399544 -83.296272 21.426903  0.116448 -0.028108 -0.992799  0.837428 0.022431 1 1 1.000000
0  31.182430 -82.294289 20.898388  0.106870 -0.003283 -0.994268  0.839137 0.020722 1 1 1.000000
headlight
0  30.279551 -88.526375 20.799292  0.083980 0.019675 -0.996273  0.837184 0.018525 1 1 1.000000
0  31.182430 -82.294289 20.898388  0.106870 -0.003283 -0.994268  0.839137 0.020722 1 1 1.000000
0  35.399544 -83.296272 21.426903  0.116448 -0.028108 -0.992799  0.837428 0.022431 1 1 1.000000
headlight
0  31.182430 -82.294289 20.898388  0.106870 -0.003283 -0.994268  0.839137 0.020722 1 1 1.000000
0  30.279551 -88.526375 20.799292  0.083980 0.019675 -0.996273  0.837184 0.018525 1 1 1.000000
0  21.966440 -89.087921 20.171679  0.072910 0.055441 -0.995796  0.839381 0.014618 1 1 1.000000
headlight
0  24.752157 -93.360085 20.017529  0.070411 0.081442 -0.994188  0.837184 0.014374 1 1 1.000000
0  21.966440 -89.087921 20.171679  0.072910 0.055441 -0.995796  0.839381 0.014618 1 1 1.000000
0  30.279551 -88.526375 20.799292  0.083980 0.019675 -0.996273  0.837184 0.018525 1 1 1.000000
headlight
0  22.417879 -94.031746 17.352928  0.963531 -0.212910 0.162103  0.058596 0.113498 1 1 1.000000
0  22.065536 -94.395096 19.026562  0.953944 -0.246076 0.171574  0.057619 0.113498 1 1 1.000000
0  22.296762 -95.143829 16.604198  0.959212 -0.228475 0.166468  0.058596 0.113010 1 1 1.000000
headlight
0  21.845324 -95.209892 18.960497  0.949355 -0.260438 0.175776  0.057619 0.113010 1 1 1.000000
0  22.296762 -95.143829 16.604198  0.959201 -0.228511 0.166482  0.058596 0.113010 1 1 1.000000
0  22.065536 -94.395096 19.026562  0.953933 -0.246102 0.171597  0.057619 0.113498 1 1 1.000000
headlight
0  22.616074 -90.431229 17.947508  0.998407 -0.056016 -0.006711  0.056154 0.111301 1 1 1.000000
0  22.417879 -94.031746 17.352928  0.995047 -0.051478 -0.085038  0.057375 0.111301 1 1 1.000000
0  22.704159 -88.394241 17.220800  0.998382 -0.052032 -0.022928  0.055910 0.111301 1 1 1.000000
headlight
0  22.296762 -95.143829 16.604198  0.994537 -0.051488 -0.090802  0.058596 0.111301 1 1 1.000000
0  22.704159 -88.394241 17.220800  0.998382 -0.052032 -0.022928  0.055910 0.111301 1 1 1.000000
0  22.417879 -94.031746 17.352928  0.995047 -0.051478 -0.085038  0.057375 0.111301 1 1 1.000000
headlight
0  23.089535 -91.499275 17.672239  -0.988443 0.093764 0.119116  0.090091 0.531724 1 1 1.000000
0  23.177622 -90.541336 17.672239  -0.991091 0.098091 0.090092  0.090579 0.532212 1 1 1.000000
0  23.001450 -92.093849 17.452024  -0.986262 0.096890 0.133789  0.089358 0.531724 1 1 1.000000
headlight
0  23.166611 -90.519318 17.474047  -0.990970 0.098409 0.091076  0.090579 0.532212 1 1 1.000000
0  23.001450 -92.093849 17.452024  -0.986262 0.096890 0.133789  0.089358 0.531724 1 1 1.000000
0  23.177622 -90.541336 17.672239  -0.991091 0.098091 0.090092  0.090579 0.532212 1 1 1.000000
headlight
0  23.166611 -90.519318 17.474047  -0.990970 0.098409 0.091076  0.090579 0.532212 1 1 1.000000
0  22.627085 -94.989677 16.824413  -0.989991 0.107181 0.091813  0.086673 0.530503 1 1 1.000000
0  23.001450 -92.093849 17.452024  -0.986262 0.096890 0.133789  0.089358 0.531724 1 1 1.000000
headlight
0  22.649105 -94.846535 16.989574  -0.990286 0.108200 0.087325  0.087161 0.530503 1 1 1.000000
0  23.001450 -92.093849 17.452024  -0.986315 0.097004 0.133318  0.089358 0.531724 1 1 1.000000
0  22.627085 -94.989677 16.824413  -0.989996 0.107182 0.091755  0.086673 0.530503 1 1 1.000000
headlight
0  29.905186 -86.676567 18.189745  0.000000 0.000000 1.000000  0.090579 0.515610 1 1 1.000000
0  29.773056 -86.676567 18.189745  0.000000 0.000000 1.000000  0.090579 0.516587 1 1 1.000000
0  29.850132 -87.612480 18.189745  0.000000 0.000000 1.000000  0.090091 0.517319 1 1 1.000000
headlight
0  29.718002 -87.458328 18.189745  0.000000 0.000000 1.000000  0.090091 0.517319 1 1 1.000000
0  29.850132 -87.612480 18.189745  0.000000 0.000000 1.000000  0.090091 0.517319 1 1 1.000000
0  29.773056 -86.676567 18.189745  0.000000 0.000000 1.000000  0.090579 0.516587 1 1 1.000000
headlight
0  29.718002 -87.458328 18.189745  0.000000 0.000000 1.000000  0.090091 0.517319 1 1 1.000000
0  29.442734 -87.458328 18.189745  0.000000 0.000000 1.000000  0.090579 0.518052 1 1 1.000000
0  29.850132 -87.612480 18.189745  0.000000 0.000000 1.000000  0.090091 0.517319 1 1 1.000000
headlight
0  29.431723 -87.612480 18.189745  0.000000 0.000000 1.000000  0.090579 0.518052 1 1 1.000000
0  29.850132 -87.612480 18.189745  0.000000 0.000000 1.000000  0.090091 0.517319 1 1 1.000000
0  29.442734 -87.458328 18.189745  0.000000 0.000000 1.000000  0.090579 0.518052 1 1 1.000000
headlight
0  29.850132 -87.612480 18.189745  -0.000000 -0.657010 0.753882  0.090091 0.517319 1 1 1.000000
0  29.431723 -87.612480 18.189745  -0.008761 -0.659587 0.751577  0.090579 0.518052 1 1 1.000000
0  29.795078 -88.339188 17.551123  0.078558 -0.439047 0.895023  0.089114 0.518540 1 1 1.000000
headlight
0  29.376669 -88.218071 17.661230  0.042039 -0.513771 0.856897  0.089358 0.518784 1 1 1.000000
0  29.795078 -88.339188 17.551123  0.078558 -0.439047 0.895023  0.089114 0.518540 1 1 1.000000
0  29.431723 -87.612480 18.189745  -0.008761 -0.659587 0.751577  0.090579 0.518052 1 1 1.000000
headlight
0  29.795078 -88.339188 17.551123  0.078558 -0.439047 0.895023  0.089114 0.518540 1 1 1.000000
0  29.376669 -88.218071 17.661230  0.042039 -0.513771 0.856897  0.089358 0.518784 1 1 1.000000
0  29.607895 -89.792610 17.198778  0.153289 -0.259974 0.953371  0.087649 0.520249 1 1 1.000000
headlight
0  29.145443 -90.244049 17.143724  0.154268 -0.259996 0.953207  0.087649 0.521470 1 1 1.000000
0  29.607895 -89.792610 17.198778  0.153289 -0.259974 0.953371  0.087649 0.520249 1 1 1.000000
0  29.376669 -88.218071 17.661230  0.042039 -0.513771 0.856897  0.089358 0.518784 1 1 1.000000
headlight
0  23.111557 -90.816605 19.709229  -0.606204 -0.589689 0.533651  0.478042 0.681631 1 1 1.000000
0  23.177622 -90.915703 19.654175  -0.608388 -0.586283 0.534917  0.478042 0.681631 1 1 1.000000
0  23.265707 -90.904694 19.775291  -0.388187 -0.612749 0.688367  0.478042 0.681631 1 1 1.000000
headlight
0  23.309750 -90.992775 19.720238  -0.248465 -0.606932 0.754917  0.478042 0.681631 1 1 1.000000
0  23.265707 -90.904694 19.775291  -0.388187 -0.612749 0.688367  0.478042 0.681631 1 1 1.000000
0  23.177622 -90.915703 19.654175  -0.608388 -0.586283 0.534917  0.478042 0.681631 1 1 1.000000
headlight
0  23.309750 -90.992775 19.720238  -0.248465 -0.606932 0.754917  0.478042 0.681631 1 1 1.000000
0  24.818222 -90.992775 19.709229  0.192350 -0.607368 0.770782  0.478042 0.680898 1 1 1.000000
0  23.265707 -90.904694 19.775291  -0.388187 -0.612749 0.688367  0.478042 0.681631 1 1 1.000000
headlight
0  24.829233 -90.904694 19.775291  0.265060 -0.591893 0.761187  0.478042 0.680898 1 1 1.000000
0  23.265707 -90.904694 19.775291  -0.388187 -0.612749 0.688367  0.478042 0.681631 1 1 1.000000
0  24.818222 -90.992775 19.709229  0.192350 -0.607368 0.770782  0.478042 0.680898 1 1 1.000000
headlight
0  24.818222 -90.992775 19.709229  0.192350 -0.607368 0.770782  0.478042 0.680898 1 1 1.000000
0  24.939341 -90.948738 19.665184  0.325598 -0.615151 0.718035  0.478042 0.680898 1 1 1.000000
0  24.829233 -90.904694 19.775291  0.265060 -0.591893 0.761187  0.478042 0.680898 1 1 1.000000
headlight
0  24.972372 -90.838631 19.731249  0.480669 -0.521374 0.705072  0.478042 0.680898 1 1 1.000000
0  24.829233 -90.904694 19.775291  0.265060 -0.591893 0.761187  0.478042 0.680898 1 1 1.000000
0  24.939341 -90.948738 19.665184  0.325598 -0.615151 0.718035  0.478042 0.680898 1 1 1.000000
headlight
0  24.983383 -89.010841 17.760326  -0.998599 0.046419 0.025412  0.478530 0.680410 1 1 1.000000
0  24.972372 -89.308136 17.782347  -0.998624 0.046054 0.025077  0.478530 0.680410 1 1 1.000000
0  24.983383 -89.495316 18.641186  -0.998748 0.042486 0.026415  0.478042 0.680410 1 1 1.000000
headlight
0  24.972372 -89.825638 18.630175  -0.998432 0.043521 0.035200  0.478042 0.680410 1 1 1.000000
0  24.983383 -89.495316 18.641186  -0.998747 0.042510 0.026402  0.478042 0.680410 1 1 1.000000
0  24.972372 -89.308136 17.782347  -0.998621 0.046113 0.025093  0.478530 0.680410 1 1 1.000000
headlight
0  24.972372 -89.825638 18.630175  -0.998432 0.043521 0.035200  0.478042 0.680410 1 1 1.000000
0  24.972372 -90.827614 19.566088  -0.968781 0.001014 -0.247916  0.478042 0.680898 1 1 1.000000
0  24.983383 -89.495316 18.641186  -0.998747 0.042510 0.026402  0.478042 0.680410 1 1 1.000000
headlight
0  24.972372 -90.673470 19.577099  -0.995498 -0.016754 -0.093294  0.478042 0.680898 1 1 1.000000
0  24.983383 -89.495316 18.641186  -0.998747 0.042510 0.026402  0.478042 0.680410 1 1 1.000000
0  24.972372 -90.827614 19.566088  -0.968781 0.001014 -0.247916  0.478042 0.680898 1 1 1.000000
headlight
0  24.939341 -90.948738 19.665184  0.325183 -0.615293 0.718102  0.478042 0.680898 1 1 1.000000
0  24.972372 -90.673470 19.577099  -0.995498 -0.016754 -0.093294  0.478042 0.680898 1 1 1.000000
0  24.972372 -90.827614 19.566088  -0.968781 0.001014 -0.247916  0.478042 0.680898 1 1 1.000000
headlight
0  25.071468 -90.144951 20.017529  -0.566472 -0.498654 0.656089  0.471938 0.680166 1 1 1.000000
0  25.148544 -90.277077 19.962475  -0.577347 -0.477256 0.662493  0.472671 0.680166 1 1 1.000000
0  25.258652 -90.266068 20.072582  -0.374308 -0.459681 0.805349  0.472671 0.680166 1 1 1.000000
headlight
0  25.280672 -90.365166 20.028540  -0.230438 -0.439897 0.867980  0.472671 0.680166 1 1 1.000000
0  25.258652 -90.266068 20.072582  -0.374308 -0.459681 0.805349  0.472671 0.680166 1 1 1.000000
0  25.148544 -90.277077 19.962475  -0.577347 -0.477256 0.662493  0.472671 0.680166 1 1 1.000000
headlight
0  25.258652 -90.266068 20.072582  -0.374308 -0.459681 0.805349  0.472671 0.680166 1 1 1.000000
0  25.280672 -90.365166 20.028540  -0.230438 -0.439897 0.867980  0.472671 0.680166 1 1 1.000000
0  27.075424 -90.266068 20.072582  0.356478 -0.583512 0.729683  0.472915 0.680166 1 1 1.000000
headlight
0  27.053402 -90.354156 20.017529  0.255398 -0.588436 0.767147  0.472915 0.680166 1 1 1.000000
0  27.075424 -90.266068 20.072582  0.356478 -0.583512 0.729683  0.472915 0.680166 1 1 1.000000
0  25.280672 -90.365166 20.028540  -0.230438 -0.439897 0.867980  0.472671 0.680166 1 1 1.000000
headlight
0  27.053402 -90.354156 20.017529  0.255398 -0.588436 0.767147  0.472915 0.680166 1 1 1.000000
0  27.163509 -90.277077 19.962475  0.576460 -0.552557 0.601976  0.472915 0.680166 1 1 1.000000
0  27.075424 -90.266068 20.072582  0.356478 -0.583512 0.729683  0.472915 0.680166 1 1 1.000000
headlight
0  27.207554 -90.177986 20.028540  0.572805 -0.558652 0.599834  0.472915 0.680166 1 1 1.000000
0  27.075424 -90.266068 20.072582  0.356478 -0.583512 0.729683  0.472915 0.680166 1 1 1.000000
0  27.163509 -90.277077 19.962475  0.576460 -0.552557 0.601976  0.472915 0.680166 1 1 1.000000
headlight
0  29.288584 -86.841728 18.288841  0.008090 -0.042680 0.999056  0.092288 0.532212 1 1 1.000000
0  28.418736 -86.522415 18.299852  0.003379 -0.036605 0.999324  0.091800 0.531724 1 1 1.000000
0  27.526865 -86.775665 18.299852  0.003393 -0.035351 0.999369  0.092288 0.530259 1 1 1.000000
headlight
0  29.960239 -87.832695 18.310863  -0.941316 0.120793 -0.315171  0.852565 0.019013 1 1 1.000000
0  30.026302 -87.854713 18.079638  -0.940606 0.120577 -0.317368  0.852565 0.019013 1 1 1.000000
0  29.905186 -88.636482 18.156713  -0.937911 0.119388 -0.325682  0.852565 0.018525 1 1 1.000000
headlight
0  29.982260 -88.405251 18.002562  -0.936081 0.118386 -0.331267  0.852565 0.019013 1 1 1.000000
0  29.905186 -88.636482 18.156713  -0.937918 0.119391 -0.325661  0.852565 0.018525 1 1 1.000000
0  30.026302 -87.854713 18.079638  -0.940646 0.120586 -0.317245  0.852565 0.019013 1 1 1.000000
headlight
0  29.905186 -88.636482 18.156713  -0.993340 0.049292 0.104138  0.847682 0.010956 1 1 1.000000
0  30.279551 -86.610504 20.810303  -0.986301 -0.057490 0.154612  0.845729 0.010956 1 1 1.000000
0  29.960239 -87.832695 18.310863  -0.993193 0.032650 0.111811  0.847438 0.010712 1 1 1.000000
headlight
0  30.180454 -85.190117 20.832323  -0.984812 -0.068271 0.159638  0.845485 0.010712 1 1 1.000000
0  29.960239 -87.832695 18.310863  -0.993184 0.032265 0.111999  0.847438 0.010712 1 1 1.000000
0  30.279551 -86.610504 20.810303  -0.986252 -0.057864 0.154787  0.845729 0.010956 1 1 1.000000
headlight
0  30.830088 -87.766632 18.332884  0.995282 -0.070759 -0.066381  0.729759 0.182348 1 1 1.000000
0  30.995249 -86.566460 19.433960  0.991690 -0.045386 -0.120380  0.801782 0.180151 1 1 1.000000
0  30.764023 -88.471321 18.211767  0.994150 -0.053197 -0.093997  0.729759 0.186010 1 1 1.000000
headlight
0  31.171421 -86.412308 20.920410  0.990384 -0.067849 -0.120568  0.868191 0.186987 1 1 1.000000
0  30.764023 -88.471321 18.211767  0.994150 -0.053197 -0.093997  0.729759 0.186010 1 1 1.000000
0  30.995249 -86.566460 19.433960  0.991690 -0.045386 -0.120380  0.801782 0.180151 1 1 1.000000
headlight
0  30.995249 -86.566460 19.433960  0.991689 -0.045383 -0.120388  0.801782 0.180151 1 1 1.000000
0  31.292538 -85.013947 20.920410  0.989698 -0.079108 -0.119326  0.868191 0.177221 1 1 1.000000
0  31.171421 -86.412308 20.920410  0.990381 -0.067907 -0.120561  0.868191 0.186987 1 1 1.000000
headlight
0  30.929184 -86.456352 20.876366  -0.879323 -0.305903 0.364986  0.729759 0.181616 1 1 1.000000
0  30.532797 -88.559402 18.156713  -0.849935 -0.350936 0.393006  0.868191 0.181860 1 1 1.000000
0  30.973227 -86.566460 20.909399  -0.878795 -0.306602 0.365670  0.729759 0.182348 1 1 1.000000
headlight
0  30.587851 -88.680519 18.167723  -0.849463 -0.351666 0.393375  0.868191 0.182836 1 1 1.000000
0  30.973227 -86.566460 20.909399  -0.878795 -0.306602 0.365670  0.729759 0.182348 1 1 1.000000
0  30.532797 -88.559402 18.156713  -0.849935 -0.350936 0.393006  0.868191 0.181860 1 1 1.000000
headlight
0  30.114389 -88.647491 18.134691  0.985505 0.035916 -0.165799  0.729759 0.178686 1 1 1.000000
0  30.499765 -86.533424 20.887377  0.920845 -0.354428 0.162556  0.868191 0.183569 1 1 1.000000
0  30.125401 -88.779617 18.145702  0.987292 0.024853 -0.156958  0.729759 0.178930 1 1 1.000000
headlight
0  30.455723 -86.676567 20.854345  0.914294 -0.366212 0.173075  0.868191 0.184301 1 1 1.000000
0  30.125401 -88.779617 18.145702  0.987292 0.024853 -0.156958  0.729759 0.178930 1 1 1.000000
0  30.499765 -86.533424 20.887377  0.920845 -0.354428 0.162556  0.868191 0.183569 1 1 1.000000
headlight
0  30.532797 -88.559402 18.156713  -0.092470 0.135277 0.986483  0.868191 0.181860 1 1 1.000000
0  30.114389 -88.647491 18.134691  -0.091933 0.148990 0.984556  0.868191 0.179418 1 1 1.000000
0  30.587851 -88.680519 18.167723  -0.092463 0.138149 0.986086  0.868191 0.182836 1 1 1.000000
headlight
0  30.125401 -88.779617 18.145702  -0.091951 0.151527 0.984167  0.868191 0.180639 1 1 1.000000
0  30.587851 -88.680519 18.167723  -0.092463 0.138149 0.986086  0.868191 0.182836 1 1 1.000000
0  30.114389 -88.647491 18.134691  -0.091933 0.148990 0.984556  0.868191 0.179418 1 1 1.000000
headlight
0  31.171421 -86.412308 20.920410  0.523161 -0.713538 0.466011  0.729759 0.183813 1 1 1.000000
0  30.973227 -86.566460 20.909399  0.525851 -0.712352 0.464796  0.729759 0.182348 1 1 1.000000
0  30.764023 -88.471321 18.211767  0.606021 -0.670082 0.428636  0.868191 0.185034 1 1 1.000000
headlight
0  30.587851 -88.680519 18.167723  0.608983 -0.668266 0.427271  0.868191 0.182836 1 1 1.000000
0  30.764023 -88.471321 18.211767  0.606353 -0.669883 0.428477  0.868191 0.185034 1 1 1.000000
0  30.973227 -86.566460 20.909399  0.526162 -0.712214 0.464656  0.729759 0.182348 1 1 1.000000
headlight
0  30.279551 -86.610504 20.810303  -0.400591 -0.700087 0.591105  0.868191 0.185522 1 1 1.000000
0  29.905186 -88.636482 18.156713  -0.385458 -0.706982 0.592957  0.729759 0.181616 1 1 1.000000
0  30.455723 -86.676567 20.854345  -0.399844 -0.700363 0.591284  0.868191 0.184301 1 1 1.000000
headlight
0  30.125401 -88.779617 18.145702  -0.385002 -0.707290 0.592887  0.729759 0.178930 1 1 1.000000
0  30.455723 -86.676567 20.854345  -0.399844 -0.700363 0.591284  0.868191 0.184301 1 1 1.000000
0  29.905186 -88.636482 18.156713  -0.385458 -0.706982 0.592957  0.729759 0.181616 1 1 1.000000
headlight
0  30.477743 -86.456352 20.722216  0.090588 -0.798070 0.595716  0.842555 0.011200 1 1 1.000000
0  30.422689 -86.456352 20.744238  0.090774 -0.798106 0.595640  0.842067 0.011200 1 1 1.000000
0  30.125401 -88.482330 18.068626  0.106667 -0.797552 0.593745  0.840846 0.010224 1 1 1.000000
headlight
0  30.037313 -88.482330 18.079638  0.106374 -0.797549 0.593802  0.840846 0.010224 1 1 1.000000
0  30.125401 -88.482330 18.068626  0.106087 -0.797572 0.593821  0.840846 0.010224 1 1 1.000000
0  30.422689 -86.456352 20.744238  0.090234 -0.798105 0.595723  0.842067 0.011200 1 1 1.000000
headlight
0  31.865097 -84.276222 18.189745  -0.209689 -0.776928 -0.593644  0.059084 0.114231 1 1 1.000000
0  31.710947 -84.254204 18.233788  -0.295381 -0.761699 -0.576684  0.059084 0.114231 1 1 1.000000
0  31.865097 -84.221169 18.101660  -0.221665 -0.786914 -0.575874  0.059084 0.114231 1 1 1.000000
headlight
0  31.655893 -84.177132 18.167723  -0.295410 -0.761074 -0.577493  0.059084 0.114231 1 1 1.000000
0  31.865097 -84.221169 18.101660  -0.221665 -0.786914 -0.575874  0.059084 0.114231 1 1 1.000000
0  31.710947 -84.254204 18.233788  -0.295381 -0.761699 -0.576684  0.059084 0.114231 1 1 1.000000
headlight
0  31.710947 -84.254204 18.233788  -0.295381 -0.761699 -0.576684  0.059084 0.114231 1 1 1.000000
0  31.600840 -84.309258 18.365917  -0.311760 -0.775646 -0.548798  0.059084 0.114231 1 1 1.000000
0  31.655893 -84.177132 18.167723  -0.295410 -0.761074 -0.577493  0.059084 0.114231 1 1 1.000000
headlight
0  31.523764 -84.254204 18.332884  -0.308772 -0.773867 -0.552982  0.059084 0.114231 1 1 1.000000
0  31.655893 -84.177132 18.167723  -0.295410 -0.761074 -0.577493  0.059084 0.114231 1 1 1.000000
0  31.600840 -84.309258 18.365917  -0.311760 -0.775646 -0.548798  0.059084 0.114231 1 1 1.000000
headlight
0  31.523764 -84.254204 18.332884  -0.308772 -0.773867 -0.552982  0.059084 0.114231 1 1 1.000000
0  31.600840 -84.309258 18.365917  -0.311760 -0.775646 -0.548798  0.059084 0.114231 1 1 1.000000
0  31.380625 -84.793732 19.202734  -0.305777 -0.794344 -0.524898  0.059328 0.114231 1 1 1.000000
headlight
0  31.457699 -84.804741 19.202734  -0.304440 -0.794859 -0.524896  0.059328 0.114231 1 1 1.000000
0  31.380625 -84.793732 19.202734  -0.305777 -0.794344 -0.524898  0.059328 0.114231 1 1 1.000000
0  31.600840 -84.309258 18.365917  -0.311760 -0.775646 -0.548798  0.059084 0.114231 1 1 1.000000
headlight
0  34.452621 -85.091019 19.191723  0.229945 -0.814770 -0.532237  0.057619 0.114231 1 1 1.000000
0  34.518684 -84.562508 18.420971  0.269388 -0.801186 -0.534351  0.057619 0.114231 1 1 1.000000
0  34.551720 -85.057991 19.202734  0.232690 -0.814168 -0.531964  0.057375 0.114231 1 1 1.000000
headlight
0  34.606773 -84.507454 18.398949  0.270069 -0.799273 -0.536865  0.057619 0.114231 1 1 1.000000
0  34.551720 -85.057991 19.202734  0.232690 -0.814168 -0.531964  0.057375 0.114231 1 1 1.000000
0  34.518684 -84.562508 18.420971  0.269388 -0.801186 -0.534351  0.057619 0.114231 1 1 1.000000
headlight
0  34.606773 -84.507454 18.398949  0.270069 -0.799273 -0.536865  0.057619 0.114231 1 1 1.000000
0  34.518684 -84.562508 18.420971  0.269388 -0.801186 -0.534351  0.057619 0.114231 1 1 1.000000
0  34.540707 -84.397346 18.189745  0.256091 -0.794306 -0.550905  0.057619 0.114231 1 1 1.000000
headlight
0  34.452621 -84.463409 18.244799  0.252698 -0.796562 -0.549211  0.057619 0.114231 1 1 1.000000
0  34.540707 -84.397346 18.189745  0.256091 -0.794306 -0.550905  0.057619 0.114231 1 1 1.000000
0  34.518684 -84.562508 18.420971  0.269388 -0.801186 -0.534351  0.057619 0.114231 1 1 1.000000
headlight
0  34.540707 -84.397346 18.189745  0.256091 -0.794306 -0.550905  0.057619 0.114231 1 1 1.000000
0  34.452621 -84.463409 18.244799  0.252698 -0.796562 -0.549211  0.057619 0.114231 1 1 1.000000
0  34.353523 -84.397346 18.090649  0.156192 -0.798388 -0.581533  0.057619 0.114231 1 1 1.000000
headlight
0  34.298470 -84.463409 18.178734  0.132295 -0.807315 -0.575101  0.057619 0.114231 1 1 1.000000
0  34.353523 -84.397346 18.090649  0.156192 -0.798388 -0.581533  0.057619 0.114231 1 1 1.000000
0  34.452621 -84.463409 18.244799  0.252698 -0.796562 -0.549211  0.057619 0.114231 1 1 1.000000
headlight
0  34.353523 -84.397346 18.090649  0.156192 -0.798388 -0.581533  0.057619 0.114231 1 1 1.000000
0  34.298470 -84.463409 18.178734  0.132295 -0.807315 -0.575101  0.057619 0.114231 1 1 1.000000
0  32.944149 -84.463409 18.068626  -0.112759 -0.960819 0.253204  0.058596 0.114231 1 1 1.000000
headlight
0  32.944149 -84.430374 18.145702  -0.116656 -0.961149 0.250167  0.058596 0.114231 1 1 1.000000
0  32.944149 -84.463409 18.068626  -0.112759 -0.960819 0.253204  0.058596 0.114231 1 1 1.000000
0  34.298470 -84.463409 18.178734  0.132295 -0.807315 -0.575101  0.057619 0.114231 1 1 1.000000
headlight
0  32.944149 -84.463409 18.068626  -0.112759 -0.960819 0.253204  0.058596 0.114231 1 1 1.000000
0  32.944149 -84.430374 18.145702  -0.116656 -0.961149 0.250167  0.058596 0.114231 1 1 1.000000
0  31.865097 -84.221169 18.101660  -0.221665 -0.786914 -0.575874  0.059084 0.114231 1 1 1.000000
headlight
0  31.865097 -84.276222 18.189745  -0.209689 -0.776928 -0.593644  0.059084 0.114231 1 1 1.000000
0  31.865097 -84.221169 18.101660  -0.221665 -0.786914 -0.575874  0.059084 0.114231 1 1 1.000000
0  32.944149 -84.430374 18.145702  -0.116656 -0.961149 0.250167  0.058596 0.114231 1 1 1.000000
headlight
0  31.237484 -84.639580 19.202734  -0.645908 -0.615221 -0.452002  0.059328 0.114231 1 1 1.000000
0  31.314560 -84.276222 18.619164  -0.687221 -0.477971 -0.547056  0.059084 0.114231 1 1 1.000000
0  31.380625 -84.793732 19.202734  -0.529498 -0.843970 -0.085714  0.059328 0.114231 1 1 1.000000
headlight
0  31.523764 -84.254204 18.332884  -0.757849 -0.295362 -0.581745  0.059084 0.114231 1 1 1.000000
0  31.380625 -84.793732 19.202734  -0.529498 -0.843970 -0.085714  0.059328 0.114231 1 1 1.000000
0  31.314560 -84.276222 18.619164  -0.687221 -0.477971 -0.547056  0.059084 0.114231 1 1 1.000000
headlight
0  31.314560 -84.276222 18.619164  -0.687221 -0.477971 -0.547056  0.059084 0.114231 1 1 1.000000
0  31.094345 -82.239235 18.431982  -0.821717 -0.148056 -0.550328  0.059328 0.114719 1 1 1.000000
0  31.523764 -84.254204 18.332884  -0.757849 -0.295362 -0.581745  0.059084 0.114231 1 1 1.000000
headlight
0  31.171421 -82.140144 18.288841  -0.824027 -0.148728 -0.546681  0.059328 0.114719 1 1 1.000000
0  31.523764 -84.254204 18.332884  -0.757849 -0.295362 -0.581745  0.059084 0.114231 1 1 1.000000
0  31.094345 -82.239235 18.431982  -0.821717 -0.148056 -0.550328  0.059328 0.114719 1 1 1.000000
headlight
0  34.551720 -85.057991 19.202734  0.688487 -0.723891 -0.044356  0.057375 0.114231 1 1 1.000000
0  34.606773 -84.507454 18.398949  0.785106 -0.393541 -0.478262  0.057619 0.114231 1 1 1.000000
0  34.683846 -84.947884 19.191723  0.652014 -0.755337 -0.065914  0.057375 0.114231 1 1 1.000000
headlight
0  34.749912 -84.551491 18.630175  0.708479 -0.533256 -0.462272  0.057619 0.114231 1 1 1.000000
0  34.683846 -84.947884 19.191723  0.652014 -0.755337 -0.065914  0.057375 0.114231 1 1 1.000000
0  34.606773 -84.507454 18.398949  0.785106 -0.393541 -0.478262  0.057619 0.114231 1 1 1.000000
headlight
0  34.749912 -84.551491 18.630175  0.708479 -0.533256 -0.462272  0.057619 0.114231 1 1 1.000000
0  34.606773 -84.507454 18.398949  0.785106 -0.393541 -0.478262  0.057619 0.114231 1 1 1.000000
0  35.333481 -82.129128 18.431982  0.890650 -0.268923 -0.366637  0.057375 0.114719 1 1 1.000000
headlight
0  35.300449 -82.030037 18.233788  0.893417 -0.269998 -0.359036  0.057375 0.114719 1 1 1.000000
0  35.333481 -82.129128 18.431982  0.890849 -0.269001 -0.366097  0.057375 0.114719 1 1 1.000000
0  34.606773 -84.507454 18.398949  0.785394 -0.393417 -0.477891  0.057619 0.114231 1 1 1.000000
headlight
0  29.222519 -87.986847 18.233788  0.984537 -0.104287 0.140749  0.091800 0.529771 1 1 1.000000
0  29.464756 -86.896782 17.308886  0.983988 -0.096456 0.149880  0.090091 0.528062 1 1 1.000000
0  29.288584 -86.841728 18.288841  0.981627 -0.074215 0.175787  0.090823 0.528062 1 1 1.000000
headlight
0  29.299595 -88.207062 17.297874  0.985406 -0.124014 0.116600  0.090091 0.530259 1 1 1.000000
0  29.464756 -86.896782 17.308886  0.983988 -0.096456 0.149880  0.090091 0.528062 1 1 1.000000
0  29.222519 -87.986847 18.233788  0.984537 -0.104287 0.140749  0.091800 0.529771 1 1 1.000000
headlight
0  21.603085 -92.611359 19.048584  0.107141 0.039574 -0.993456  0.059084 0.111301 1 1 1.000000
0  22.538998 -91.620392 19.180712  0.107141 0.039574 -0.993456  0.059084 0.111301 1 1 1.000000
0  22.065536 -94.395096 19.026562  0.107235 0.039593 -0.993445  0.057619 0.111301 1 1 1.000000
headlight
0  31.710947 -83.989944 20.645142  -0.256555 -0.271995 0.927469  0.056154 0.115207 1 1 1.000000
0  31.512753 -84.022980 20.524023  -0.533008 -0.275415 0.800031  0.056154 0.115207 1 1 1.000000
0  31.788021 -84.540482 20.490990  -0.246052 -0.268301 0.931382  0.056154 0.116184 1 1 1.000000
headlight
0  31.600840 -84.529472 20.413916  -0.573266 -0.277341 0.771005  0.056887 0.115207 1 1 1.000000
0  31.788021 -84.540482 20.490990  -0.246052 -0.268301 0.931382  0.056154 0.116184 1 1 1.000000
0  31.512753 -84.022980 20.524023  -0.533008 -0.275415 0.800031  0.056154 0.115207 1 1 1.000000
headlight
0  31.512753 -84.022980 20.524023  -0.533008 -0.275415 0.800031  0.056154 0.115207 1 1 1.000000
0  31.369614 -84.144096 20.303808  -0.822188 -0.295858 0.486286  0.056154 0.115207 1 1 1.000000
0  31.600840 -84.529472 20.413916  -0.573266 -0.277341 0.771005  0.056887 0.115207 1 1 1.000000
headlight
0  31.468710 -84.551491 20.259766  -0.886915 -0.281981 0.365880  0.056887 0.115207 1 1 1.000000
0  31.600840 -84.529472 20.413916  -0.573266 -0.277341 0.771005  0.056887 0.115207 1 1 1.000000
0  31.369614 -84.144096 20.303808  -0.822188 -0.295858 0.486286  0.056154 0.115207 1 1 1.000000
headlight
0  31.468710 -84.551491 20.259766  -0.886915 -0.281981 0.365880  0.056887 0.115207 1 1 1.000000
0  31.369614 -84.144096 20.303808  -0.822188 -0.295858 0.486286  0.056154 0.115207 1 1 1.000000
0  31.380625 -84.793732 19.202734  -0.755243 -0.568487 0.326236  0.056887 0.115207 1 1 1.000000
headlight
0  31.237484 -84.639580 19.202734  -0.681018 -0.634194 0.366077  0.056887 0.115207 1 1 1.000000
0  31.380625 -84.793732 19.202734  -0.755243 -0.568487 0.326236  0.056887 0.115207 1 1 1.000000
0  31.369614 -84.144096 20.303808  -0.822188 -0.295858 0.486286  0.056154 0.115207 1 1 1.000000
headlight
0  34.683846 -84.947884 19.191723  0.652014 -0.755337 -0.065914  0.056887 0.116916 1 1 1.000000
0  34.804966 -84.331276 20.369873  0.795981 -0.471748 0.379300  0.056154 0.116428 1 1 1.000000
0  34.551720 -85.057991 19.202734  0.688487 -0.723891 -0.044356  0.056887 0.116916 1 1 1.000000
headlight
0  34.595760 -84.738678 20.292797  0.847344 -0.471733 0.243879  0.056154 0.116428 1 1 1.000000
0  34.551720 -85.057991 19.202734  0.688487 -0.723891 -0.044356  0.056887 0.116916 1 1 1.000000
0  34.804966 -84.331276 20.369873  0.795981 -0.471748 0.379300  0.056154 0.116428 1 1 1.000000
headlight
0  34.595760 -84.738678 20.292797  0.847344 -0.471733 0.243879  0.056154 0.116428 1 1 1.000000
0  34.804966 -84.331276 20.369873  0.795981 -0.471748 0.379300  0.056154 0.116428 1 1 1.000000
0  34.507675 -84.661598 20.513012  0.617381 -0.436535 0.654429  0.056154 0.116428 1 1 1.000000
headlight
0  34.727890 -84.155106 20.656151  0.541892 -0.414515 0.731115  0.056154 0.116428 1 1 1.000000
0  34.507675 -84.661598 20.513012  0.617381 -0.436535 0.654429  0.056154 0.116428 1 1 1.000000
0  34.804966 -84.331276 20.369873  0.795981 -0.471748 0.379300  0.056154 0.116428 1 1 1.000000
headlight
0  34.727890 -84.155106 20.656151  0.541892 -0.414515 0.731115  0.056154 0.116428 1 1 1.000000
0  34.529697 -84.078033 20.766258  0.218486 -0.335185 0.916469  0.056154 0.116428 1 1 1.000000
0  34.507675 -84.661598 20.513012  0.617381 -0.436535 0.654429  0.056154 0.116428 1 1 1.000000
headlight
0  34.342514 -84.639580 20.612108  0.197463 -0.328597 0.923597  0.056154 0.116428 1 1 1.000000
0  34.507675 -84.661598 20.513012  0.617381 -0.436535 0.654429  0.056154 0.116428 1 1 1.000000
0  34.529697 -84.078033 20.766258  0.218486 -0.335185 0.916469  0.056154 0.116428 1 1 1.000000
headlight
0  34.529697 -84.078033 20.766258  0.218486 -0.335185 0.916469  0.056154 0.116428 1 1 1.000000
0  33.098301 -84.056007 20.777269  -0.054384 -0.272499 0.960618  0.056154 0.116184 1 1 1.000000
0  34.342514 -84.639580 20.612108  0.197463 -0.328597 0.923597  0.056154 0.116428 1 1 1.000000
headlight
0  33.032234 -84.606544 20.623119  -0.062354 -0.272574 0.960112  0.056154 0.116184 1 1 1.000000
0  34.342514 -84.639580 20.612108  0.197463 -0.328597 0.923597  0.056154 0.116428 1 1 1.000000
0  33.098301 -84.056007 20.777269  -0.054384 -0.272499 0.960618  0.056154 0.116184 1 1 1.000000
headlight
0  33.098301 -84.056007 20.777269  -0.054384 -0.272499 0.960618  0.056154 0.116184 1 1 1.000000
0  31.710947 -83.989944 20.645142  -0.256555 -0.271995 0.927469  0.056154 0.115207 1 1 1.000000
0  33.032234 -84.606544 20.623119  -0.062354 -0.272574 0.960112  0.056154 0.116184 1 1 1.000000
headlight
0  31.788021 -84.540482 20.490990  -0.246052 -0.268301 0.931382  0.056154 0.116184 1 1 1.000000
0  33.032234 -84.606544 20.623119  -0.062354 -0.272574 0.960112  0.056154 0.116184 1 1 1.000000
0  31.710947 -83.989944 20.645142  -0.256555 -0.271995 0.927469  0.056154 0.115207 1 1 1.000000
headlight
0  36.346470 -81.589607 22.660107  0.955948 -0.287826 0.057621  0.087649 0.116916 1 1 1.000000
0  36.489609 -81.171196 22.461914  0.955949 -0.287823 0.057621  0.087649 0.116916 1 1 1.000000
0  36.808922 -80.103157 22.384838  0.955949 -0.287821 0.057621  0.087649 0.117649 1 1 1.000000
headlight
0  34.606773 -84.507454 18.398949  0.861842 -0.266421 -0.431565  0.057619 0.114231 1 1 1.000000
0  34.540707 -84.397346 18.189745  0.698815 -0.241737 -0.673217  0.057619 0.114231 1 1 1.000000
0  35.300449 -82.030037 18.233788  0.847822 -0.261497 -0.461321  0.057375 0.114719 1 1 1.000000
headlight
0  35.157310 -82.118118 18.002562  0.702909 -0.239693 -0.669677  0.057619 0.114719 1 1 1.000000
0  35.300449 -82.030037 18.233788  0.847826 -0.261509 -0.461307  0.057375 0.114719 1 1 1.000000
0  34.540707 -84.397346 18.189745  0.698224 -0.241598 -0.673879  0.057619 0.114231 1 1 1.000000
headlight
0  35.157310 -82.118118 18.002562  0.702909 -0.239693 -0.669677  0.057619 0.114719 1 1 1.000000
0  34.540707 -84.397346 18.189745  0.698224 -0.241598 -0.673879  0.057619 0.114231 1 1 1.000000
0  34.937096 -82.085091 17.903465  0.267090 -0.149694 -0.951974  0.057619 0.114719 1 1 1.000000
headlight
0  34.353523 -84.397346 18.090649  0.207313 -0.137157 -0.968612  0.057619 0.114231 1 1 1.000000
0  34.937096 -82.085091 17.903465  0.267090 -0.149694 -0.951974  0.057619 0.114719 1 1 1.000000
0  34.540707 -84.397346 18.189745  0.698224 -0.241598 -0.673879  0.057619 0.114231 1 1 1.000000
headlight
0  34.937096 -82.085091 17.903465  0.267090 -0.149694 -0.951974  0.057619 0.114719 1 1 1.000000
0  34.353523 -84.397346 18.090649  0.207313 -0.137157 -0.968612  0.057619 0.114231 1 1 1.000000
0  33.285484 -82.052055 17.848412  0.000247 -0.089600 -0.995978  0.058596 0.114719 1 1 1.000000
headlight
0  32.944149 -84.463409 18.068626  -0.011675 -0.093680 -0.995534  0.058596 0.114231 1 1 1.000000
0  33.285484 -82.052055 17.848412  0.000247 -0.089600 -0.995978  0.058596 0.114719 1 1 1.000000
0  34.353523 -84.397346 18.090649  0.207313 -0.137157 -0.968612  0.057619 0.114231 1 1 1.000000
headlight
0  33.285484 -82.052055 17.848412  0.000247 -0.089600 -0.995978  0.058596 0.114719 1 1 1.000000
0  32.944149 -84.463409 18.068626  -0.011675 -0.093680 -0.995534  0.058596 0.114231 1 1 1.000000
0  31.336582 -82.140144 17.925488  -0.555748 -0.147245 -0.818207  0.059084 0.114719 1 1 1.000000
headlight
0  31.865097 -84.221169 18.101660  -0.170094 -0.126669 -0.977253  0.059084 0.114231 1 1 1.000000
0  31.336582 -82.140144 17.925488  -0.555748 -0.147245 -0.818207  0.059084 0.114719 1 1 1.000000
0  32.944149 -84.463409 18.068626  -0.011675 -0.093680 -0.995534  0.058596 0.114231 1 1 1.000000
headlight
0  31.655893 -84.177132 18.167723  -0.548506 -0.183579 -0.815745  0.059084 0.114231 1 1 1.000000
0  31.336582 -82.140144 17.925488  -0.555748 -0.147245 -0.818207  0.059084 0.114719 1 1 1.000000
0  31.865097 -84.221169 18.101660  -0.170094 -0.126669 -0.977253  0.059084 0.114231 1 1 1.000000
headlight
0  31.655893 -84.177132 18.167723  -0.548506 -0.183579 -0.815745  0.059084 0.114231 1 1 1.000000
0  31.523764 -84.254204 18.332884  -0.745105 -0.188003 -0.639901  0.059084 0.114231 1 1 1.000000
0  31.336582 -82.140144 17.925488  -0.555748 -0.147245 -0.818207  0.059084 0.114719 1 1 1.000000
headlight
0  31.171421 -82.140144 18.288841  -0.895638 -0.157003 -0.416152  0.059328 0.114719 1 1 1.000000
0  31.336582 -82.140144 17.925488  -0.555748 -0.147245 -0.818207  0.059084 0.114719 1 1 1.000000
0  31.523764 -84.254204 18.332884  -0.745105 -0.188003 -0.639901  0.059084 0.114231 1 1 1.000000
headlight
0  31.732967 -84.033989 20.127636  0.853407 -0.396113 -0.338809  0.059084 0.110080 1 1 1.000000
0  31.865097 -84.033989 20.270775  0.392258 -0.333043 -0.857448  0.059084 0.110080 1 1 1.000000
0  31.534775 -84.584526 20.215721  0.876179 -0.403033 -0.264338  0.059084 0.110080 1 1 1.000000
headlight
0  31.732967 -84.033989 20.127636  0.853407 -0.396113 -0.338809  0.059084 0.110080 1 1 1.000000
0  31.534775 -84.584526 20.215721  0.876179 -0.403033 -0.264338  0.059084 0.110080 1 1 1.000000
0  31.688925 -84.232185 19.290819  0.923528 -0.383151 -0.017069  0.058596 0.110080 1 1 1.000000
headlight
0  31.457699 -84.804741 19.202734  0.929014 -0.369416 -0.021561  0.058596 0.110080 1 1 1.000000
0  31.688925 -84.232185 19.290819  0.923528 -0.383151 -0.017069  0.058596 0.110080 1 1 1.000000
0  31.534775 -84.584526 20.215721  0.876179 -0.403033 -0.264338  0.059084 0.110080 1 1 1.000000
headlight
0  31.457699 -84.804741 19.202734  0.929014 -0.369416 -0.021561  0.058596 0.110080 1 1 1.000000
0  31.600840 -84.309258 18.365917  0.820842 -0.556197 0.129857  0.058596 0.110080 1 1 1.000000
0  31.688925 -84.232185 19.290819  0.923528 -0.383151 -0.017069  0.058596 0.110080 1 1 1.000000
headlight
0  31.732967 -84.100052 18.454002  0.709927 -0.669559 0.218390  0.058596 0.110080 1 1 1.000000
0  31.688925 -84.232185 19.290819  0.923528 -0.383151 -0.017069  0.058596 0.110080 1 1 1.000000
0  31.600840 -84.309258 18.365917  0.820842 -0.556197 0.129857  0.058596 0.110080 1 1 1.000000
headlight
0  31.600840 -84.309258 18.365917  0.820842 -0.556197 0.129857  0.058596 0.110080 1 1 1.000000
0  31.710947 -84.254204 18.233788  0.453054 -0.694192 0.559320  0.058596 0.110080 1 1 1.000000
0  31.732967 -84.100052 18.454002  0.709927 -0.669559 0.218390  0.058596 0.110080 1 1 1.000000
headlight
0  31.887119 -84.144096 18.299852  0.118335 -0.677105 0.726310  0.058596 0.110080 1 1 1.000000
0  31.732967 -84.100052 18.454002  0.709927 -0.669559 0.218390  0.058596 0.110080 1 1 1.000000
0  31.710947 -84.254204 18.233788  0.453054 -0.694192 0.559320  0.058596 0.110080 1 1 1.000000
headlight
0  31.865097 -84.276222 18.189745  0.011135 -0.613929 0.789283  0.058596 0.110080 1 1 1.000000
0  31.887119 -84.144096 18.299852  0.118335 -0.677105 0.726310  0.058596 0.110080 1 1 1.000000
0  31.710947 -84.254204 18.233788  0.453054 -0.694192 0.559320  0.058596 0.110080 1 1 1.000000
headlight
0  34.507675 -83.802765 20.248755  -0.912868 -0.053520 -0.404731  0.056887 0.110080 1 1 1.000000
0  34.496666 -84.011971 19.345873  -0.999981 0.006049 -0.001553  0.057375 0.110080 1 1 1.000000
0  34.507675 -84.782722 20.270775  -0.989641 0.002198 -0.143546  0.056887 0.110080 1 1 1.000000
headlight
0  34.507675 -84.782722 20.270775  -0.989641 0.002198 -0.143546  0.056887 0.110080 1 1 1.000000
0  34.441612 -84.716652 20.457958  -0.758460 -0.094015 -0.644903  0.056887 0.110080 1 1 1.000000
0  34.507675 -83.802765 20.248755  -0.912868 -0.053520 -0.404731  0.056887 0.110080 1 1 1.000000
headlight
0  34.441612 -84.716652 20.457958  -0.758460 -0.094015 -0.644903  0.056887 0.110080 1 1 1.000000
0  34.287460 -84.705643 20.524023  -0.253386 -0.182383 -0.950017  0.056887 0.110080 1 1 1.000000
0  34.507675 -83.802765 20.248755  -0.912868 -0.053520 -0.404731  0.056887 0.110080 1 1 1.000000
headlight
0  34.342514 -83.835793 20.380882  -0.390409 -0.136675 -0.910440  0.056887 0.110080 1 1 1.000000
0  34.507675 -83.802765 20.248755  -0.912868 -0.053520 -0.404731  0.056887 0.110080 1 1 1.000000
0  34.287460 -84.705643 20.524023  -0.253386 -0.182383 -0.950017  0.056887 0.110080 1 1 1.000000
headlight
0  34.342514 -83.835793 20.380882  -0.390409 -0.136675 -0.910440  0.056887 0.110080 1 1 1.000000
0  34.287460 -84.705643 20.524023  -0.253386 -0.182383 -0.950017  0.056887 0.110080 1 1 1.000000
0  32.966171 -84.188141 20.413916  0.044368 -0.253401 -0.966343  0.056154 0.110080 1 1 1.000000
headlight
0  33.021225 -84.650589 20.535034  0.031687 -0.275086 -0.960897  0.056154 0.110080 1 1 1.000000
0  32.966171 -84.188141 20.413916  0.044368 -0.253401 -0.966343  0.056154 0.110080 1 1 1.000000
0  34.287460 -84.705643 20.524023  -0.253386 -0.182383 -0.950017  0.056887 0.110080 1 1 1.000000
headlight
0  33.021225 -84.650589 20.535034  0.031687 -0.275086 -0.960897  0.056154 0.110080 1 1 1.000000
0  31.788021 -84.584526 20.413916  0.207965 -0.269778 -0.940197  0.059084 0.110080 1 1 1.000000
0  32.966171 -84.188141 20.413916  0.044368 -0.253401 -0.966343  0.056154 0.110080 1 1 1.000000
headlight
0  31.865097 -84.033989 20.270775  0.392258 -0.333043 -0.857448  0.059084 0.110080 1 1 1.000000
0  32.966171 -84.188141 20.413916  0.044368 -0.253401 -0.966343  0.056154 0.110080 1 1 1.000000
0  31.788021 -84.584526 20.413916  0.207965 -0.269778 -0.940197  0.059084 0.110080 1 1 1.000000
headlight
0  31.788021 -84.584526 20.413916  0.207965 -0.269778 -0.940197  0.059084 0.110080 1 1 1.000000
0  31.633871 -84.562508 20.347851  0.580107 -0.364924 -0.728221  0.059084 0.110080 1 1 1.000000
0  31.865097 -84.033989 20.270775  0.392258 -0.333043 -0.857448  0.059084 0.110080 1 1 1.000000
headlight
0  31.633871 -84.562508 20.347851  0.580107 -0.364924 -0.728221  0.059084 0.110080 1 1 1.000000
0  31.534775 -84.584526 20.215721  0.876179 -0.403033 -0.264338  0.059084 0.110080 1 1 1.000000
0  31.865097 -84.033989 20.270775  0.392258 -0.333043 -0.857448  0.059084 0.110080 1 1 1.000000
headlight
0  31.887119 -84.144096 18.299852  0.118335 -0.677105 0.726310  0.058596 0.109836 1 1 1.000000
0  31.865097 -84.276222 18.189745  0.011135 -0.613929 0.789283  0.058596 0.110080 1 1 1.000000
0  32.944149 -84.408356 18.244799  0.080630 -0.953367 0.290844  0.058596 0.110080 1 1 1.000000
headlight
0  32.944149 -84.430374 18.145702  0.062674 -0.931487 0.358334  0.058596 0.110080 1 1 1.000000
0  32.944149 -84.408356 18.244799  0.080630 -0.953367 0.290844  0.058596 0.110080 1 1 1.000000
0  31.865097 -84.276222 18.189745  0.011135 -0.613929 0.789283  0.058596 0.110080 1 1 1.000000
headlight
0  32.944149 -84.408356 18.244799  0.080630 -0.953367 0.290844  0.058596 0.110080 1 1 1.000000
0  32.944149 -84.430374 18.145702  0.062674 -0.931487 0.358334  0.058596 0.110080 1 1 1.000000
0  34.287460 -83.978935 18.321875  -0.349527 -0.306301 0.885444  0.057375 0.110080 1 1 1.000000
headlight
0  34.298470 -84.463409 18.178734  -0.219662 -0.257825 0.940890  0.057619 0.110080 1 1 1.000000
0  34.287460 -83.978935 18.321875  -0.349527 -0.306301 0.885444  0.057375 0.110080 1 1 1.000000
0  32.944149 -84.430374 18.145702  0.062674 -0.931487 0.358334  0.058596 0.110080 1 1 1.000000
headlight
0  34.298470 -84.463409 18.178734  -0.219662 -0.257825 0.940890  0.057619 0.110080 1 1 1.000000
0  34.452621 -84.463409 18.244799  -0.767619 -0.182624 0.614337  0.057375 0.110080 1 1 1.000000
0  34.287460 -83.978935 18.321875  -0.349527 -0.306301 0.885444  0.057375 0.110080 1 1 1.000000
headlight
0  34.474644 -83.923882 18.476025  -0.924725 -0.158432 0.346097  0.057375 0.110080 1 1 1.000000
0  34.287460 -83.978935 18.321875  -0.349527 -0.306301 0.885444  0.057375 0.110080 1 1 1.000000
0  34.452621 -84.463409 18.244799  -0.767619 -0.182624 0.614337  0.057375 0.110080 1 1 1.000000
headlight
0  34.518684 -84.562508 18.420971  -0.996335 -0.030006 0.080101  0.057375 0.110080 1 1 1.000000
0  34.474644 -83.923882 18.476025  -0.924725 -0.158432 0.346097  0.057375 0.110080 1 1 1.000000
0  34.452621 -84.463409 18.244799  -0.767619 -0.182624 0.614337  0.057375 0.110080 1 1 1.000000
headlight
0  34.474644 -83.923882 18.476025  -0.924725 -0.158432 0.346097  0.057375 0.110080 1 1 1.000000
0  34.518684 -84.562508 18.420971  -0.996335 -0.030006 0.080101  0.057375 0.110080 1 1 1.000000
0  34.496666 -84.011971 19.345873  -0.999981 0.006049 -0.001553  0.057375 0.110080 1 1 1.000000
headlight
0  34.452621 -85.091019 19.191723  -0.999510 0.029984 -0.008977  0.057375 0.110080 1 1 1.000000
0  34.496666 -84.011971 19.345873  -0.999981 0.006049 -0.001553  0.057375 0.110080 1 1 1.000000
0  34.518684 -84.562508 18.420971  -0.996335 -0.030006 0.080101  0.057375 0.110080 1 1 1.000000
headlight
0  34.452621 -85.091019 19.191723  -0.999510 0.029984 -0.008977  0.057375 0.110080 1 1 1.000000
0  34.507675 -84.782722 20.270775  -0.989641 0.002198 -0.143546  0.056887 0.110080 1 1 1.000000
0  34.496666 -84.011971 19.345873  -0.999981 0.006049 -0.001553  0.057375 0.110080 1 1 1.000000
headlight
0  25.038437 -89.032867 17.672239  0.974812 -0.211873 0.069649  0.092532 0.521470 1 1 1.000000
0  24.785189 -90.200005 17.584154  0.976364 -0.195782 0.091558  0.090579 0.521958 1 1 1.000000
0  25.071468 -89.120949 16.769360  0.975843 -0.201943 0.083361  0.092288 0.520249 1 1 1.000000
headlight
0  24.785189 -90.200005 17.584154  0.976364 -0.195782 0.091558  0.090579 0.521958 1 1 1.000000
0  24.840242 -90.365166 16.769360  0.976934 -0.185825 0.105211  0.090579 0.520249 1 1 1.000000
0  25.071468 -89.120949 16.769360  0.975843 -0.201943 0.083361  0.092288 0.520249 1 1 1.000000
headlight
0  27.570908 -88.383232 18.299852  0.000000 0.000000 1.000000  0.012696 0.786859 1 1 1.000000
0  27.537876 -88.911751 18.299852  -0.000010 -0.366815 0.930294  0.010987 0.746330 1 1 1.000000
0  29.288584 -88.383232 18.299852  0.000000 0.000000 1.000000  0.150884 0.798822 1 1 1.000000
headlight
0  29.255550 -88.911751 18.299852  0.000027 -0.335172 0.942157  0.150884 0.760979 1 1 1.000000
0  29.288584 -88.383232 18.299852  0.000000 0.000000 1.000000  0.150884 0.798822 1 1 1.000000
0  27.537876 -88.911751 18.299852  -0.000010 -0.366815 0.930294  0.010987 0.746330 1 1 1.000000
headlight
0  27.537876 -88.911751 18.299852  -0.000010 -0.366815 0.930294  0.010987 0.746330 1 1 1.000000
0  27.482822 -89.418243 17.848412  0.068452 -0.502752 0.861716  0.014161 0.694571 1 1 1.000000
0  29.255550 -88.911751 18.299852  0.000027 -0.335172 0.942157  0.150884 0.760979 1 1 1.000000
headlight
0  29.178476 -89.880692 17.452024  0.093319 -0.440678 0.892801  0.153081 0.664296 1 1 1.000000
0  29.255550 -88.911751 18.299852  0.000027 -0.335172 0.942157  0.150884 0.760979 1 1 1.000000
0  27.482822 -89.418243 17.848412  0.068452 -0.502752 0.861716  0.014161 0.694571 1 1 1.000000
headlight
0  27.482822 -89.418243 17.848412  0.068452 -0.502752 0.861716  0.014161 0.694571 1 1 1.000000
0  27.174520 -91.829597 17.231810  0.156658 -0.262299 0.952186  0.006592 0.507309 1 1 1.000000
0  29.178476 -89.880692 17.452024  0.093319 -0.440678 0.892801  0.153081 0.664296 1 1 1.000000
headlight
0  29.145443 -90.023834 17.407982  0.156955 -0.262516 0.952077  0.152593 0.654042 1 1 1.000000
0  29.178476 -89.880692 17.452024  0.093319 -0.440678 0.892801  0.153081 0.664296 1 1 1.000000
0  27.174520 -91.829597 17.231810  0.156658 -0.262299 0.952186  0.006592 0.507309 1 1 1.000000
headlight
0  27.361704 -85.971878 18.002562  0.999319 -0.028495 -0.023423  0.473647 0.680898 1 1 1.000000
0  27.361704 -86.731621 18.960497  0.999170 -0.029791 -0.027783  0.473159 0.680898 1 1 1.000000
0  27.295639 -88.229080 18.068626  0.999332 -0.029074 -0.022128  0.473647 0.680410 1 1 1.000000
headlight
0  27.295639 -88.845680 18.927465  0.999191 -0.029293 -0.027554  0.473159 0.680410 1 1 1.000000
0  27.295639 -88.229080 18.068626  0.999332 -0.029074 -0.022128  0.473647 0.680410 1 1 1.000000
0  27.361704 -86.731621 18.960497  0.999170 -0.029791 -0.027783  0.473159 0.680898 1 1 1.000000
headlight
0  27.295639 -88.845680 18.927465  0.999191 -0.029293 -0.027554  0.473159 0.680410 1 1 1.000000
0  27.361704 -86.731621 18.960497  0.999170 -0.029791 -0.027783  0.473159 0.680898 1 1 1.000000
0  27.295639 -89.968781 19.885399  0.923586 -0.033532 0.381923  0.472915 0.680166 1 1 1.000000
headlight
0  27.372715 -87.788651 19.907421  0.993019 -0.036394 0.112197  0.472915 0.680410 1 1 1.000000
0  27.295639 -89.968781 19.885399  0.923586 -0.033532 0.381923  0.472915 0.680166 1 1 1.000000
0  27.361704 -86.731621 18.960497  0.999170 -0.029791 -0.027783  0.473159 0.680898 1 1 1.000000
headlight
0  27.372715 -87.788651 19.907421  0.993019 -0.036394 0.112197  0.472915 0.680410 1 1 1.000000
0  27.229574 -87.975838 20.127636  0.704163 -0.043672 0.708694  0.472915 0.680410 1 1 1.000000
0  27.295639 -89.968781 19.885399  0.923586 -0.033532 0.381923  0.472915 0.680166 1 1 1.000000
headlight
0  27.207554 -90.177986 20.028540  0.524146 -0.048106 0.850268  0.472915 0.680166 1 1 1.000000
0  27.295639 -89.968781 19.885399  0.923586 -0.033532 0.381923  0.472915 0.680166 1 1 1.000000
0  27.229574 -87.975838 20.127636  0.704163 -0.043672 0.708694  0.472915 0.680410 1 1 1.000000
headlight
0  27.207554 -90.177986 20.028540  0.524146 -0.048106 0.850268  0.472915 0.680166 1 1 1.000000
0  27.229574 -87.975838 20.127636  0.704163 -0.043672 0.708694  0.472915 0.680410 1 1 1.000000
0  27.075424 -90.266068 20.072582  0.162338 -0.062281 0.984768  0.472915 0.680166 1 1 1.000000
headlight
0  26.998348 -88.008865 20.226732  0.199484 -0.061287 0.977983  0.472915 0.680410 1 1 1.000000
0  27.075424 -90.266068 20.072582  0.162338 -0.062281 0.984768  0.472915 0.680166 1 1 1.000000
0  27.229574 -87.975838 20.127636  0.704163 -0.043672 0.708694  0.472915 0.680410 1 1 1.000000
headlight
0  26.998348 -88.008865 20.226732  0.199484 -0.061287 0.977983  0.472915 0.680410 1 1 1.000000
0  25.093491 -88.008865 20.226732  -0.214315 -0.083432 0.973195  0.472671 0.680410 1 1 1.000000
0  27.075424 -90.266068 20.072582  0.162338 -0.062281 0.984768  0.472915 0.680166 1 1 1.000000
headlight
0  25.258652 -90.266068 20.072582  -0.159865 -0.078581 0.984006  0.472671 0.680166 1 1 1.000000
0  27.075424 -90.266068 20.072582  0.162338 -0.062281 0.984768  0.472915 0.680166 1 1 1.000000
0  25.093491 -88.008865 20.226732  -0.214315 -0.083432 0.973195  0.472671 0.680410 1 1 1.000000
headlight
0  25.258652 -90.266068 20.072582  -0.159865 -0.078581 0.984006  0.472671 0.680166 1 1 1.000000
0  25.093491 -88.008865 20.226732  -0.214315 -0.083432 0.973195  0.472671 0.680410 1 1 1.000000
0  25.071468 -90.144951 20.017529  -0.565859 -0.110598 0.817051  0.471938 0.680166 1 1 1.000000
headlight
0  24.840242 -87.953812 20.127636  -0.663194 -0.111776 0.740054  0.471938 0.680898 1 1 1.000000
0  25.071468 -90.144951 20.017529  -0.565859 -0.110598 0.817051  0.471938 0.680166 1 1 1.000000
0  25.093491 -88.008865 20.226732  -0.214315 -0.083432 0.973195  0.472671 0.680410 1 1 1.000000
headlight
0  24.840242 -87.953812 20.127636  -0.663194 -0.111776 0.740054  0.471938 0.680898 1 1 1.000000
0  24.719126 -87.854713 19.962475  -0.915076 -0.130571 0.381559  0.471938 0.680898 1 1 1.000000
0  25.071468 -90.144951 20.017529  -0.565859 -0.110598 0.817051  0.471938 0.680166 1 1 1.000000
headlight
0  25.016415 -89.935745 19.863379  -0.977981 -0.147485 0.147655  0.471938 0.680166 1 1 1.000000
0  25.071468 -90.144951 20.017529  -0.565859 -0.110598 0.817051  0.471938 0.680166 1 1 1.000000
0  24.719126 -87.854713 19.962475  -0.915076 -0.130571 0.381559  0.471938 0.680898 1 1 1.000000
headlight
0  25.016415 -89.935745 19.863379  -0.977981 -0.147485 0.147655  0.471938 0.680166 1 1 1.000000
0  24.719126 -87.854713 19.962475  -0.915076 -0.130571 0.381559  0.471938 0.680898 1 1 1.000000
0  25.016415 -89.198029 19.279808  -0.974154 -0.131593 -0.183593  0.471938 0.680410 1 1 1.000000
headlight
0  27.163509 -90.277077 19.962475  -0.368834 -0.160348 -0.915560  0.472915 0.680166 1 1 1.000000
0  27.053402 -90.354156 20.017529  -0.139172 -0.097691 -0.985438  0.472915 0.680166 1 1 1.000000
0  27.174520 -89.913727 19.896410  -0.900802 -0.111080 -0.419783  0.472915 0.680166 1 1 1.000000
headlight
0  27.163509 -90.277077 19.962475  -0.368834 -0.160348 -0.915560  0.472915 0.680166 1 1 1.000000
0  27.174520 -89.913727 19.896410  -0.900802 -0.111080 -0.419783  0.472915 0.680166 1 1 1.000000
0  27.218563 -90.122932 19.874390  -0.903529 -0.073086 -0.422249  0.472915 0.680166 1 1 1.000000
headlight
0  27.174520 -89.913727 19.896410  -0.900802 -0.111080 -0.419783  0.472915 0.680166 1 1 1.000000
0  27.185532 -88.625465 19.015551  -0.996491 -0.060868 -0.057460  0.473159 0.680166 1 1 1.000000
0  27.218563 -90.122932 19.874390  -0.903529 -0.073086 -0.422249  0.472915 0.680166 1 1 1.000000
headlight
0  27.218563 -88.966805 18.927465  -0.996552 -0.055164 -0.061982  0.473159 0.680410 1 1 1.000000
0  27.218563 -90.122932 19.874390  -0.903529 -0.073086 -0.422249  0.472915 0.680166 1 1 1.000000
0  27.185532 -88.625465 19.015551  -0.996491 -0.060868 -0.057460  0.473159 0.680166 1 1 1.000000
headlight
0  27.218563 -88.966805 18.927465  -0.996552 -0.055164 -0.061982  0.473159 0.680410 1 1 1.000000
0  27.185532 -88.625465 19.015551  -0.996491 -0.060868 -0.057460  0.473159 0.680166 1 1 1.000000
0  27.218563 -88.328178 18.068626  -0.996381 -0.070076 -0.048111  0.473647 0.680410 1 1 1.000000
headlight
0  27.207554 -88.019875 18.057615  -0.996220 -0.072002 -0.048587  0.473647 0.680410 1 1 1.000000
0  27.218563 -88.328178 18.068626  -0.996382 -0.070066 -0.048094  0.473647 0.680410 1 1 1.000000
0  27.185532 -88.625465 19.015551  -0.996502 -0.060769 -0.057361  0.473159 0.680166 1 1 1.000000
headlight
0  25.126522 -88.030891 18.068626  0.997403 -0.059557 -0.040490  0.470962 0.680410 1 1 1.000000
0  25.126522 -88.614456 19.004539  0.996778 -0.062472 -0.050302  0.471450 0.680410 1 1 1.000000
0  25.115511 -88.339188 18.079638  0.997445 -0.059025 -0.040245  0.471450 0.680410 1 1 1.000000
headlight
0  25.115511 -88.966805 18.927465  0.997559 -0.056558 -0.040963  0.471450 0.680410 1 1 1.000000
0  25.115511 -88.339188 18.079638  0.997445 -0.059025 -0.040245  0.471450 0.680410 1 1 1.000000
0  25.126522 -88.614456 19.004539  0.996778 -0.062472 -0.050302  0.471450 0.680410 1 1 1.000000
headlight
0  25.115511 -88.966805 18.927465  0.997559 -0.056558 -0.040963  0.471450 0.680410 1 1 1.000000
0  25.126522 -88.614456 19.004539  0.996778 -0.062472 -0.050302  0.471450 0.680410 1 1 1.000000
0  25.093491 -90.089897 19.852367  0.853366 -0.153073 -0.498332  0.471938 0.680166 1 1 1.000000
headlight
0  25.148544 -89.913727 19.885399  0.835406 -0.207304 -0.509039  0.471938 0.680166 1 1 1.000000
0  25.093491 -90.089897 19.852367  0.853366 -0.153073 -0.498332  0.471938 0.680166 1 1 1.000000
0  25.126522 -88.614456 19.004539  0.996778 -0.062472 -0.050302  0.471450 0.680410 1 1 1.000000
headlight
0  25.093491 -90.089897 19.852367  0.853366 -0.153073 -0.498332  0.471938 0.680166 1 1 1.000000
0  25.148544 -89.913727 19.885399  0.835406 -0.207304 -0.509039  0.471938 0.680166 1 1 1.000000
0  25.148544 -90.277077 19.962475  0.467526 -0.104703 -0.877757  0.472671 0.680166 1 1 1.000000
headlight
0  25.258652 -90.012825 19.984497  0.321891 -0.137689 -0.936711  0.471938 0.680166 1 1 1.000000
0  25.148544 -90.277077 19.962475  0.467526 -0.104703 -0.877757  0.472671 0.680166 1 1 1.000000
0  25.148544 -89.913727 19.885399  0.835406 -0.207304 -0.509039  0.471938 0.680166 1 1 1.000000
headlight
0  25.148544 -90.277077 19.962475  0.467526 -0.104703 -0.877757  0.472671 0.680166 1 1 1.000000
0  25.258652 -90.012825 19.984497  0.321891 -0.137689 -0.936711  0.471938 0.680166 1 1 1.000000
0  25.280672 -90.365166 20.028540  0.120786 -0.094714 -0.988150  0.472671 0.680166 1 1 1.000000
headlight
0  25.280672 -90.365166 20.028540  0.120786 -0.094714 -0.988150  0.472671 0.680166 1 1 1.000000
0  25.258652 -90.012825 19.984497  0.321891 -0.137689 -0.936711  0.471938 0.680166 1 1 1.000000
0  27.053402 -90.354156 20.017529  -0.139172 -0.097691 -0.985438  0.472915 0.680166 1 1 1.000000
headlight
0  27.075424 -90.012825 19.984497  -0.384688 -0.044226 -0.921987  0.472915 0.680166 1 1 1.000000
0  27.053402 -90.354156 20.017529  -0.139172 -0.097691 -0.985438  0.472915 0.680166 1 1 1.000000
0  25.258652 -90.012825 19.984497  0.321891 -0.137689 -0.936711  0.471938 0.680166 1 1 1.000000
headlight
0  27.075424 -90.012825 19.984497  -0.384688 -0.044226 -0.921987  0.472915 0.680166 1 1 1.000000
0  27.174520 -89.913727 19.896410  -0.900802 -0.111080 -0.419783  0.472915 0.680166 1 1 1.000000
0  27.053402 -90.354156 20.017529  -0.139172 -0.097691 -0.985438  0.472915 0.680166 1 1 1.000000
headlight
0  21.845324 -95.209892 18.960497  0.505606 -0.767791 0.393522  0.057375 0.111057 1 1 1.000000
0  21.140636 -95.386063 19.544067  0.505578 -0.767790 0.393560  0.057619 0.111057 1 1 1.000000
0  20.479992 -95.892555 19.411938  0.505578 -0.767790 0.393560  0.057619 0.111057 1 1 1.000000
headlight
0  29.255550 -89.286110 20.215721  -0.560412 -0.025893 -0.827809  0.479263 0.678457 1 1 1.000000
0  29.134434 -89.407234 20.281786  -0.171858 -0.020852 -0.984901  0.479263 0.678457 1 1 1.000000
0  29.277573 -88.702545 20.182690  -0.957224 -0.012140 -0.289095  0.479751 0.678457 1 1 1.000000
headlight
0  29.255550 -89.286110 20.215721  -0.560412 -0.025893 -0.827809  0.479263 0.678457 1 1 1.000000
0  29.277573 -88.702545 20.182690  -0.957224 -0.012140 -0.289095  0.479751 0.678457 1 1 1.000000
0  29.288584 -89.098930 20.116625  -0.955631 0.015851 -0.294139  0.479263 0.678457 1 1 1.000000
headlight
0  29.277573 -88.702545 20.182690  -0.957224 -0.012140 -0.289095  0.479751 0.678457 1 1 1.000000
0  29.299595 -87.436310 19.290819  -0.998925 -0.026408 -0.038104  0.479263 0.678701 1 1 1.000000
0  29.288584 -89.098930 20.116625  -0.955631 0.015851 -0.294139  0.479263 0.678457 1 1 1.000000
headlight
0  29.321615 -87.832695 19.213745  -0.998831 -0.022679 -0.042696  0.479263 0.678701 1 1 1.000000
0  29.288584 -89.098930 20.116625  -0.955631 0.015851 -0.294139  0.479263 0.678457 1 1 1.000000
0  29.299595 -87.436310 19.290819  -0.998925 -0.026408 -0.038104  0.479263 0.678701 1 1 1.000000
headlight
0  29.321615 -87.832695 19.213745  -0.998831 -0.022679 -0.042696  0.479263 0.678701 1 1 1.000000
0  29.299595 -87.436310 19.290819  -0.998925 -0.026408 -0.038104  0.479263 0.678701 1 1 1.000000
0  29.332626 -87.006889 18.398949  -0.996373 -0.067377 -0.051969  0.478530 0.678701 1 1 1.000000
headlight
0  29.299595 -86.830719 18.376928  -0.995674 -0.074577 -0.055423  0.478530 0.678701 1 1 1.000000
0  29.332626 -87.006889 18.398949  -0.996334 -0.067706 -0.052292  0.478530 0.678701 1 1 1.000000
0  29.299595 -87.436310 19.290819  -0.998907 -0.026809 -0.038289  0.479263 0.678701 1 1 1.000000
headlight
0  27.361704 -86.984871 18.365917  0.997947 -0.041473 -0.048809  0.479263 0.676992 1 1 1.000000
0  27.361704 -86.830719 18.376928  0.998677 -0.033175 -0.039280  0.479263 0.676992 1 1 1.000000
0  27.361704 -87.755623 19.169701  0.999716 -0.012175 -0.020477  0.479263 0.677236 1 1 1.000000
headlight
0  27.372715 -87.403275 19.268799  0.999803 -0.011544 -0.016166  0.479263 0.677236 1 1 1.000000
0  27.361704 -87.755623 19.169701  0.999715 -0.012200 -0.020512  0.479263 0.677236 1 1 1.000000
0  27.361704 -86.830719 18.376928  0.998678 -0.033165 -0.039274  0.479263 0.676992 1 1 1.000000
headlight
0  27.361704 -87.755623 19.169701  0.999715 -0.012200 -0.020512  0.479263 0.677236 1 1 1.000000
0  27.372715 -87.403275 19.268799  0.999803 -0.011544 -0.016166  0.479263 0.677236 1 1 1.000000
0  27.372715 -89.098930 20.116625  0.972002 0.046411 -0.230345  0.479751 0.677969 1 1 1.000000
headlight
0  27.361704 -88.724564 20.193701  0.963048 0.004392 -0.269294  0.479751 0.677969 1 1 1.000000
0  27.372715 -89.098930 20.116625  0.972002 0.046411 -0.230345  0.479751 0.677969 1 1 1.000000
0  27.372715 -87.403275 19.268799  0.999803 -0.011544 -0.016166  0.479263 0.677236 1 1 1.000000
headlight
0  27.372715 -89.098930 20.116625  0.972002 0.046411 -0.230345  0.479751 0.677969 1 1 1.000000
0  27.361704 -88.724564 20.193701  0.963048 0.004392 -0.269294  0.479751 0.677969 1 1 1.000000
0  27.405746 -89.308136 20.215721  0.553858 0.027597 -0.832154  0.479751 0.677969 1 1 1.000000
headlight
0  27.482822 -88.790627 20.270775  0.349605 -0.009975 -0.936844  0.479751 0.677969 1 1 1.000000
0  27.405746 -89.308136 20.215721  0.553858 0.027597 -0.832154  0.479751 0.677969 1 1 1.000000
0  27.361704 -88.724564 20.193701  0.963048 0.004392 -0.269294  0.479751 0.677969 1 1 1.000000
headlight
0  27.405746 -89.308136 20.215721  0.553858 0.027597 -0.832154  0.479751 0.677969 1 1 1.000000
0  27.482822 -88.790627 20.270775  0.349605 -0.009975 -0.936844  0.479751 0.677969 1 1 1.000000
0  27.537876 -89.407234 20.281786  0.146161 -0.005911 -0.989243  0.479751 0.677969 1 1 1.000000
headlight
0  27.537876 -89.407234 20.281786  0.146161 -0.005911 -0.989243  0.479751 0.677969 1 1 1.000000
0  27.482822 -88.790627 20.270775  0.349605 -0.009975 -0.936844  0.479751 0.677969 1 1 1.000000
0  29.134434 -89.407234 20.281786  -0.171858 -0.020852 -0.984901  0.479263 0.678457 1 1 1.000000
headlight
0  29.178476 -88.790627 20.270775  -0.399133 0.003396 -0.916887  0.479751 0.678457 1 1 1.000000
0  29.134434 -89.407234 20.281786  -0.171858 -0.020852 -0.984901  0.479263 0.678457 1 1 1.000000
0  27.482822 -88.790627 20.270775  0.349605 -0.009975 -0.936844  0.479751 0.677969 1 1 1.000000
headlight
0  29.178476 -88.790627 20.270775  -0.399133 0.003396 -0.916887  0.479751 0.678457 1 1 1.000000
0  29.277573 -88.702545 20.182690  -0.957224 -0.012140 -0.289095  0.479751 0.678457 1 1 1.000000
0  29.134434 -89.407234 20.281786  -0.171858 -0.020852 -0.984901  0.479263 0.678457 1 1 1.000000
headlight
0  29.398691 -86.885773 18.398949  0.779267 -0.459197 -0.426475  0.478530 0.678701 1 1 1.000000
0  29.398691 -87.678543 19.246777  0.831749 -0.377882 -0.406692  0.479263 0.678701 1 1 1.000000
0  29.332626 -87.006889 18.398949  0.783416 -0.454784 -0.423593  0.478530 0.678701 1 1 1.000000
headlight
0  29.321615 -87.832695 19.213745  0.817611 -0.360366 -0.449053  0.479263 0.678701 1 1 1.000000
0  29.332626 -87.006889 18.398949  0.783416 -0.454784 -0.423593  0.478530 0.678701 1 1 1.000000
0  29.398691 -87.678543 19.246777  0.831749 -0.377882 -0.406692  0.479263 0.678701 1 1 1.000000
headlight
0  29.398691 -87.678543 19.246777  0.831749 -0.377882 -0.406692  0.479263 0.678701 1 1 1.000000
0  29.376669 -88.966805 20.171679  0.840276 -0.356426 -0.408529  0.479263 0.678457 1 1 1.000000
0  29.321615 -87.832695 19.213745  0.817611 -0.360366 -0.449053  0.479263 0.678701 1 1 1.000000
headlight
0  29.288584 -89.098930 20.116625  0.845165 -0.384440 -0.371352  0.479263 0.678457 1 1 1.000000
0  29.321615 -87.832695 19.213745  0.817611 -0.360366 -0.449053  0.479263 0.678701 1 1 1.000000
0  29.376669 -88.966805 20.171679  0.840276 -0.356426 -0.408529  0.479263 0.678457 1 1 1.000000
headlight
0  29.288584 -89.098930 20.116625  0.845165 -0.384440 -0.371352  0.479263 0.678457 1 1 1.000000
0  29.376669 -88.966805 20.171679  0.840276 -0.356426 -0.408529  0.479263 0.678457 1 1 1.000000
0  29.255550 -89.286110 20.215721  0.797615 -0.553031 0.240765  0.479263 0.678457 1 1 1.000000
headlight
0  29.299595 -89.187019 20.281786  0.867576 -0.496585 0.026743  0.479263 0.678457 1 1 1.000000
0  29.255550 -89.286110 20.215721  0.797615 -0.553031 0.240765  0.479263 0.678457 1 1 1.000000
0  29.376669 -88.966805 20.171679  0.840276 -0.356426 -0.408529  0.479263 0.678457 1 1 1.000000
headlight
0  29.299595 -89.187019 20.281786  0.867576 -0.496585 0.026743  0.479263 0.678457 1 1 1.000000
0  29.145443 -89.308136 20.347851  0.713124 -0.516418 0.474096  0.479263 0.678457 1 1 1.000000
0  29.255550 -89.286110 20.215721  0.797615 -0.553031 0.240765  0.479263 0.678457 1 1 1.000000
headlight
0  29.134434 -89.407234 20.281786  0.739984 -0.445533 0.503909  0.479263 0.678457 1 1 1.000000
0  29.255550 -89.286110 20.215721  0.797615 -0.553031 0.240765  0.479263 0.678457 1 1 1.000000
0  29.145443 -89.308136 20.347851  0.713124 -0.516418 0.474096  0.479263 0.678457 1 1 1.000000
headlight
0  27.317661 -89.176003 20.270775  -0.670347 -0.627428 0.396194  0.479263 0.677969 1 1 1.000000
0  27.405746 -89.308136 20.215721  -0.675931 -0.619148 0.399716  0.479751 0.677969 1 1 1.000000
0  27.482822 -89.308136 20.347851  -0.680433 -0.612492 0.402324  0.479751 0.677969 1 1 1.000000
headlight
0  27.537876 -89.407234 20.281786  -0.686275 -0.603489 0.405989  0.479751 0.677969 1 1 1.000000
0  27.482822 -89.308136 20.347851  -0.680433 -0.612492 0.402324  0.479751 0.677969 1 1 1.000000
0  27.405746 -89.308136 20.215721  -0.675931 -0.619148 0.399716  0.479751 0.677969 1 1 1.000000
headlight
0  27.537876 -89.407234 20.281786  -0.000975 -0.515385 0.856958  0.479751 0.677969 1 1 1.000000
0  29.134434 -89.407234 20.281786  -0.002880 -0.539143 0.842209  0.479263 0.678457 1 1 1.000000
0  27.482822 -89.308136 20.347851  -0.000975 -0.517112 0.855917  0.479751 0.677969 1 1 1.000000
headlight
0  29.145443 -89.308136 20.347851  -0.002894 -0.540005 0.841657  0.479263 0.678457 1 1 1.000000
0  27.482822 -89.308136 20.347851  -0.000975 -0.517112 0.855917  0.479751 0.677969 1 1 1.000000
0  29.134434 -89.407234 20.281786  -0.002880 -0.539143 0.842209  0.479263 0.678457 1 1 1.000000
headlight
0  37.238338 -81.501518 18.288841  0.313488 -0.948409 -0.047385  0.084231 0.116184 1 1 1.000000
0  35.311459 -82.129128 18.101660  0.144796 -0.988191 -0.050126  0.085696 0.116184 1 1 1.000000
0  37.315414 -81.424446 17.407982  0.310053 -0.948967 -0.057695  0.084231 0.116428 1 1 1.000000
headlight
0  35.300449 -82.052055 17.220800  0.185521 -0.978843 -0.086310  0.085696 0.116428 1 1 1.000000
0  37.315414 -81.424446 17.407982  0.310053 -0.948967 -0.057695  0.084231 0.116428 1 1 1.000000
0  35.311459 -82.129128 18.101660  0.144796 -0.988191 -0.050126  0.085696 0.116184 1 1 1.000000
headlight
0  35.311459 -82.129128 18.101660  0.144796 -0.988191 -0.050126  0.085696 0.116184 1 1 1.000000
0  31.204453 -82.371368 17.055639  0.341383 -0.939877 0.009451  0.087649 0.116428 1 1 1.000000
0  35.300449 -82.052055 17.220800  0.185521 -0.978843 -0.086310  0.085696 0.116428 1 1 1.000000
headlight
0  31.204453 -82.371368 17.055639  0.341383 -0.939877 0.009451  0.087649 0.116428 1 1 1.000000
0  35.311459 -82.129128 18.101660  0.144796 -0.988191 -0.050126  0.085696 0.116184 1 1 1.000000
0  31.182430 -82.294289 20.898388  0.316322 -0.948595 0.010367  0.087649 0.114719 1 1 1.000000
headlight
0  31.182430 -82.294289 20.898388  0.316322 -0.948595 0.010367  0.087649 0.114719 1 1 1.000000
0  21.966440 -89.087921 20.171679  0.589075 -0.808051 0.006635  0.093753 0.114719 1 1 1.000000
0  31.204453 -82.371368 17.055639  0.341383 -0.939877 0.009451  0.087649 0.116428 1 1 1.000000
headlight
0  22.682138 -88.559402 17.066648  0.588381 -0.808577 0.003351  0.093265 0.116428 1 1 1.000000
0  31.204453 -82.371368 17.055639  0.341383 -0.939877 0.009451  0.087649 0.116428 1 1 1.000000
0  21.966440 -89.087921 20.171679  0.589075 -0.808051 0.006635  0.093753 0.114719 1 1 1.000000
headlight
0  35.289436 -82.162163 21.360840  0.032688 -0.999379 -0.013161  0.085696 0.114719 1 1 1.000000
0  31.182430 -82.294289 20.898388  0.316322 -0.948595 0.010367  0.087649 0.114719 1 1 1.000000
0  35.311459 -82.129128 18.101660  0.144796 -0.988191 -0.050126  0.085696 0.116184 1 1 1.000000
headlight
0  31.028280 -88.328178 17.011595  0.128723 -0.063999 0.989613  0.084231 0.105197 1 1 1.000000
0  31.325571 -88.019875 16.989574  0.101070 -0.058318 0.993169  0.084231 0.105930 1 1 1.000000
0  31.721958 -82.217216 17.308886  0.170373 -0.066684 0.983121  0.084231 0.112033 1 1 1.000000
headlight
0  32.316536 -82.151154 17.220800  0.056219 -0.047886 0.997269  0.084964 0.112033 1 1 1.000000
0  31.721958 -82.217216 17.308886  0.170324 -0.066669 0.983130  0.084231 0.112033 1 1 1.000000
0  31.325571 -88.019875 16.989574  0.100699 -0.058194 0.993214  0.084231 0.105930 1 1 1.000000
headlight
0  32.316536 -82.151154 17.220800  0.056219 -0.047886 0.997269  0.084964 0.112033 1 1 1.000000
0  31.325571 -88.019875 16.989574  0.100699 -0.058194 0.993214  0.084231 0.105930 1 1 1.000000
0  35.994125 -81.765778 17.330908  -0.031612 -0.030892 0.999023  0.089114 0.113010 1 1 1.000000
headlight
0  35.575718 -83.329300 17.286863  -0.040498 -0.024171 0.998887  0.088870 0.111057 1 1 1.000000
0  35.994125 -81.765778 17.330908  -0.031612 -0.030892 0.999023  0.089114 0.113010 1 1 1.000000
0  31.325571 -88.019875 16.989574  0.100699 -0.058194 0.993214  0.084231 0.105930 1 1 1.000000
headlight
0  20.479992 -95.892555 19.411938  0.507859 -0.736096 0.447484  0.083987 0.104465 1 1 1.000000
0  21.448936 -95.606277 18.762304  0.507967 -0.736079 0.447390  0.084231 0.103732 1 1 1.000000
0  21.845324 -95.209892 18.960497  0.507823 -0.736102 0.447515  0.084964 0.104465 1 1 1.000000
headlight
0  35.443588 -84.353302 18.762304  0.990799 0.036393 -0.130357  0.543718 0.177221 1 1 1.000000
0  35.718857 -82.646637 21.448925  0.982667 0.067088 0.172817  0.720481 0.193823 1 1 1.000000
0  35.432579 -84.540482 18.663206  0.990852 0.035950 -0.130079  0.535417 0.175756 1 1 1.000000
headlight
0  35.740879 -82.767754 21.459936  0.994729 0.054585 0.086808  0.718772 0.192602 1 1 1.000000
0  35.432579 -84.540482 18.663206  0.990852 0.035950 -0.130079  0.535417 0.175756 1 1 1.000000
0  35.718857 -82.646637 21.448925  0.982667 0.067088 0.172817  0.720481 0.193823 1 1 1.000000
headlight
0  35.146297 -84.793732 18.476025  0.134763 -0.285397 -0.948887  0.512955 0.171850 1 1 1.000000
0  35.256405 -84.793732 18.487036  0.514896 -0.470249 -0.716762  0.517594 0.172582 1 1 1.000000
0  35.212364 -84.870804 18.509056  0.226342 -0.308644 -0.923855  0.519547 0.172338 1 1 1.000000
headlight
0  35.256405 -84.793732 18.487036  0.514896 -0.470249 -0.716762  0.517594 0.172582 1 1 1.000000
0  35.399544 -84.639580 18.498045  0.358660 -0.298628 -0.884412  0.519547 0.174535 1 1 1.000000
0  35.212364 -84.870804 18.509056  0.226342 -0.308644 -0.923855  0.519547 0.172338 1 1 1.000000
headlight
0  35.333481 -84.793732 18.531078  0.269205 -0.227410 -0.935849  0.522477 0.173559 1 1 1.000000
0  35.212364 -84.870804 18.509056  0.226342 -0.308644 -0.923855  0.519547 0.172338 1 1 1.000000
0  35.399544 -84.639580 18.498045  0.358660 -0.298628 -0.884412  0.519547 0.174535 1 1 1.000000
headlight
0  35.641781 -83.009987 21.437914  0.928036 -0.352801 0.119499  0.710959 0.190649 1 1 1.000000
0  35.333481 -84.793732 18.531078  0.923099 -0.370843 0.101800  0.522477 0.173559 1 1 1.000000
0  35.740879 -82.767754 21.459936  0.926981 -0.355017 0.121116  0.718772 0.192602 1 1 1.000000
headlight
0  35.432579 -84.540482 18.663206  0.911412 -0.388211 0.136458  0.535417 0.175756 1 1 1.000000
0  35.740879 -82.767754 21.459936  0.926981 -0.355017 0.121116  0.718772 0.192602 1 1 1.000000
0  35.333481 -84.793732 18.531078  0.923099 -0.370843 0.101800  0.522477 0.173559 1 1 1.000000
headlight
0  35.333481 -84.793732 18.531078  0.923099 -0.370843 0.101800  0.522477 0.173559 1 1 1.000000
0  35.399544 -84.639580 18.498045  0.933485 -0.353162 0.062300  0.525163 0.174535 1 1 1.000000
0  35.432579 -84.540482 18.663206  0.911412 -0.388211 0.136458  0.535417 0.175756 1 1 1.000000
headlight
0  35.333481 -84.793732 18.531078  0.446259 -0.783359 0.432667  0.522477 0.173559 1 1 1.000000
0  35.641781 -83.009987 21.437914  0.706401 -0.639921 0.302488  0.710959 0.190649 1 1 1.000000
0  35.212364 -84.870804 18.509056  0.470686 -0.774143 0.423270  0.519547 0.172338 1 1 1.000000
headlight
0  35.399544 -83.296272 21.426903  0.715247 -0.632839 0.296542  0.705588 0.188452 1 1 1.000000
0  35.212364 -84.870804 18.509056  0.470686 -0.774143 0.423270  0.519547 0.172338 1 1 1.000000
0  35.641781 -83.009987 21.437914  0.706401 -0.639921 0.302488  0.710959 0.190649 1 1 1.000000
headlight
0  35.718857 -82.646637 21.448925  0.982667 0.067088 0.172817  0.033448 0.180639 1 1 1.000000
0  35.641781 -82.602592 21.636108  0.772704 0.075013 0.630319  0.036134 0.181860 1 1 1.000000
0  35.740879 -82.767754 21.459936  0.994729 0.054585 0.086808  0.039552 0.180151 1 1 1.000000
headlight
0  35.663803 -82.745735 21.636108  0.721674 0.053509 0.690162  0.042482 0.181616 1 1 1.000000
0  35.740879 -82.767754 21.459936  0.994729 0.054585 0.086808  0.039552 0.180151 1 1 1.000000
0  35.641781 -82.602592 21.636108  0.772704 0.075013 0.630319  0.036134 0.181860 1 1 1.000000
headlight
0  35.641781 -82.602592 21.636108  0.772704 0.075013 0.630319  0.036134 0.181860 1 1 1.000000
0  35.509651 -82.690681 21.735205  0.325714 -0.004243 0.945459  0.045900 0.182836 1 1 1.000000
0  35.663803 -82.745735 21.636108  0.721674 0.053509 0.690162  0.042482 0.181616 1 1 1.000000
headlight
0  35.520664 -82.833817 21.713182  0.099867 -0.041090 0.994152  0.050295 0.181860 1 1 1.000000
0  35.663803 -82.745735 21.636108  0.721674 0.053509 0.690162  0.042482 0.181616 1 1 1.000000
0  35.509651 -82.690681 21.735205  0.325714 -0.004243 0.945459  0.045900 0.182836 1 1 1.000000
headlight
0  35.509651 -82.690681 21.735205  0.325714 -0.004243 0.945459  0.045900 0.182836 1 1 1.000000
0  30.048325 -88.317169 21.030518  0.057597 -0.203896 0.977297  0.392346 0.180639 1 1 1.000000
0  35.520664 -82.833817 21.713182  0.099867 -0.041090 0.994152  0.050295 0.181860 1 1 1.000000
headlight
0  30.147421 -88.416267 20.997484  0.308765 -0.446930 0.839594  0.391858 0.179418 1 1 1.000000
0  35.520664 -82.833817 21.713182  0.099867 -0.041090 0.994152  0.050295 0.181860 1 1 1.000000
0  30.048325 -88.317169 21.030518  0.057597 -0.203896 0.977297  0.392346 0.180639 1 1 1.000000
headlight
0  30.048325 -88.317169 21.030518  0.057597 -0.203896 0.977297  0.392346 0.180639 1 1 1.000000
0  24.564974 -93.172905 20.226732  0.029484 -0.213097 0.976586  0.718772 0.181860 1 1 1.000000
0  30.147421 -88.416267 20.997484  0.308765 -0.446930 0.839594  0.391858 0.179418 1 1 1.000000
headlight
0  24.664072 -93.260994 20.193701  0.267635 -0.475361 0.838095  0.718772 0.180883 1 1 1.000000
0  30.147421 -88.416267 20.997484  0.308765 -0.446930 0.839594  0.391858 0.179418 1 1 1.000000
0  24.564974 -93.172905 20.226732  0.029484 -0.213097 0.976586  0.718772 0.181860 1 1 1.000000
headlight
0  24.564974 -93.172905 20.226732  0.029484 -0.213097 0.976586  0.718772 0.181860 1 1 1.000000
0  21.636120 -95.430107 19.786303  0.002416 -0.208041 0.978117  0.882351 0.183813 1 1 1.000000
0  24.664072 -93.260994 20.193701  0.267635 -0.475361 0.838095  0.718772 0.180883 1 1 1.000000
headlight
0  21.735216 -95.529205 19.753271  0.237097 -0.489969 0.838878  0.883084 0.182836 1 1 1.000000
0  24.664072 -93.260994 20.193701  0.267635 -0.475361 0.838095  0.718772 0.180883 1 1 1.000000
0  21.636120 -95.430107 19.786303  0.002416 -0.208041 0.978117  0.882351 0.183813 1 1 1.000000
headlight
0  21.636120 -95.430107 19.786303  0.002416 -0.208041 0.978117  0.882351 0.183813 1 1 1.000000
0  20.171690 -96.487137 19.544067  -0.052961 -0.132594 0.989755  0.963897 0.185522 1 1 1.000000
0  21.735216 -95.529205 19.753271  0.237097 -0.489969 0.838878  0.883084 0.182836 1 1 1.000000
headlight
0  20.116636 -96.696342 19.511034  0.263179 -0.475762 0.839278  0.971221 0.184301 1 1 1.000000
0  21.735216 -95.529205 19.753271  0.237097 -0.489969 0.838878  0.883084 0.182836 1 1 1.000000
0  20.171690 -96.487137 19.544067  -0.052961 -0.132594 0.989755  0.963897 0.185522 1 1 1.000000
headlight
0  20.634142 -96.465118 19.367895  0.460903 -0.736680 0.494844  0.949492 0.182348 1 1 1.000000
0  20.116636 -96.696342 19.511034  0.263179 -0.475762 0.839278  0.971221 0.184301 1 1 1.000000
0  20.358873 -96.707352 19.334862  0.441249 -0.570951 0.692325  0.964385 0.182836 1 1 1.000000
headlight
0  20.634142 -96.465118 19.367895  0.460903 -0.736680 0.494844  0.949492 0.182348 1 1 1.000000
0  21.834312 -95.628304 19.566088  0.434591 -0.697555 0.569691  0.883816 0.180883 1 1 1.000000
0  20.116636 -96.696342 19.511034  0.263179 -0.475762 0.839278  0.971221 0.184301 1 1 1.000000
headlight
0  21.735216 -95.529205 19.753271  0.237097 -0.489969 0.838878  0.883084 0.182836 1 1 1.000000
0  20.116636 -96.696342 19.511034  0.263179 -0.475762 0.839278  0.971221 0.184301 1 1 1.000000
0  21.834312 -95.628304 19.566088  0.434591 -0.697555 0.569691  0.883816 0.180883 1 1 1.000000
headlight
0  21.834312 -95.628304 19.566088  0.434591 -0.697555 0.569691  0.883816 0.180883 1 1 1.000000
0  24.752157 -93.360085 20.017529  0.461930 -0.665220 0.586603  0.719260 0.178930 1 1 1.000000
0  21.735216 -95.529205 19.753271  0.237097 -0.489969 0.838878  0.883084 0.182836 1 1 1.000000
headlight
0  24.664072 -93.260994 20.193701  0.267635 -0.475361 0.838095  0.718772 0.180883 1 1 1.000000
0  21.735216 -95.529205 19.753271  0.237097 -0.489969 0.838878  0.883084 0.182836 1 1 1.000000
0  24.752157 -93.360085 20.017529  0.461930 -0.665220 0.586603  0.719260 0.178930 1 1 1.000000
headlight
0  24.752157 -93.360085 20.017529  0.461930 -0.665220 0.586603  0.719260 0.178930 1 1 1.000000
0  30.279551 -88.526375 20.799292  0.510001 -0.621604 0.594565  0.391858 0.177221 1 1 1.000000
0  24.664072 -93.260994 20.193701  0.267635 -0.475361 0.838095  0.718772 0.180883 1 1 1.000000
headlight
0  30.147421 -88.416267 20.997484  0.308765 -0.446930 0.839594  0.391858 0.179418 1 1 1.000000
0  24.664072 -93.260994 20.193701  0.267635 -0.475361 0.838095  0.718772 0.180883 1 1 1.000000
0  30.279551 -88.526375 20.799292  0.510001 -0.621604 0.594565  0.391858 0.177221 1 1 1.000000
headlight
0  30.279551 -88.526375 20.799292  0.510001 -0.621604 0.594565  0.391858 0.177221 1 1 1.000000
0  35.399544 -83.296272 21.426903  0.587515 -0.617144 0.523411  0.067629 0.178930 1 1 1.000000
0  30.147421 -88.416267 20.997484  0.308765 -0.446930 0.839594  0.391858 0.179418 1 1 1.000000
headlight
0  35.476620 -83.043022 21.625097  0.614157 -0.606246 0.505250  0.056887 0.180883 1 1 1.000000
0  30.147421 -88.416267 20.997484  0.308765 -0.446930 0.839594  0.391858 0.179418 1 1 1.000000
0  35.399544 -83.296272 21.426903  0.587515 -0.617144 0.523411  0.067629 0.178930 1 1 1.000000
headlight
0  35.476620 -83.043022 21.625097  0.614157 -0.606246 0.505250  0.056887 0.180883 1 1 1.000000
0  35.399544 -83.296272 21.426903  0.587515 -0.617144 0.523411  0.067629 0.178930 1 1 1.000000
0  35.608749 -82.965950 21.581055  0.656214 -0.599148 0.458699  0.050783 0.180639 1 1 1.000000
headlight
0  35.399544 -83.296272 21.426903  0.587515 -0.617144 0.523411  0.067629 0.178930 1 1 1.000000
0  35.641781 -83.009987 21.437914  0.674872 -0.597874 0.432544  0.051027 0.178930 1 1 1.000000
0  35.608749 -82.965950 21.581055  0.656214 -0.599148 0.458699  0.050783 0.180639 1 1 1.000000
headlight
0  21.834312 -95.628304 19.566088  0.085756 0.089465 -0.992291  0.090579 0.106906 1 1 1.000000
0  20.634142 -96.465118 19.367895  0.081145 0.090787 -0.992559  0.090091 0.106906 1 1 1.000000
0  21.966440 -89.087921 20.171679  0.084069 0.089871 -0.992399  0.093265 0.104709 1 1 1.000000
headlight
0  20.479992 -95.892555 19.411938  0.065460 0.093726 -0.993444  0.090091 0.106418 1 1 1.000000
0  21.966440 -89.087921 20.171679  0.085156 0.090091 -0.992286  0.093265 0.104709 1 1 1.000000
0  20.634142 -96.465118 19.367895  0.081054 0.090794 -0.992566  0.090091 0.106906 1 1 1.000000
headlight
0  27.570908 -88.383232 18.299852  -0.995894 0.079295 0.043670  0.090091 0.521958 1 1 1.000000
0  27.559896 -88.207062 17.694262  -0.996313 0.075907 0.039982  0.090579 0.522202 1 1 1.000000
0  27.537876 -88.911751 18.299852  -0.996698 0.068778 0.043167  0.089358 0.521958 1 1 1.000000
headlight
0  27.559896 -88.207062 17.694262  -0.996313 0.075907 0.039982  0.090579 0.522202 1 1 1.000000
0  27.482822 -89.352180 17.562132  -0.994684 0.076373 0.069067  0.089358 0.522935 1 1 1.000000
0  27.537876 -88.911751 18.299852  -0.996698 0.068778 0.043167  0.089358 0.521958 1 1 1.000000
headlight
0  27.482822 -89.418243 17.848412  -0.995403 0.056949 0.077009  0.089358 0.522935 1 1 1.000000
0  27.537876 -88.911751 18.299852  -0.996695 0.068819 0.043161  0.089358 0.521958 1 1 1.000000
0  27.482822 -89.352180 17.562132  -0.994684 0.076402 0.069034  0.089358 0.522935 1 1 1.000000
headlight
0  27.482822 -89.352180 17.562132  -0.994684 0.076402 0.069034  0.089358 0.522935 1 1 1.000000
0  27.141489 -92.060822 16.989574  -0.990679 0.104688 0.087149  0.087161 0.524888 1 1 1.000000
0  27.482822 -89.418243 17.848412  -0.995403 0.056949 0.077009  0.089358 0.522935 1 1 1.000000
headlight
0  27.174520 -91.829597 17.231810  -0.990680 0.104687 0.087140  0.087649 0.523911 1 1 1.000000
0  27.482822 -89.418243 17.848412  -0.995403 0.056949 0.077009  0.089358 0.522935 1 1 1.000000
0  27.141489 -92.060822 16.989574  -0.990679 0.104688 0.087149  0.087161 0.524888 1 1 1.000000
headlight
0  29.145443 -90.023834 17.407982  0.985000 -0.148697 0.087543  0.087649 0.521470 1 1 1.000000
0  29.145443 -90.244049 17.143724  0.987436 -0.138704 0.075704  0.087649 0.521470 1 1 1.000000
0  29.178476 -89.880692 17.452024  0.988068 -0.136525 0.071291  0.088382 0.521470 1 1 1.000000
headlight
0  29.145443 -90.244049 17.143724  0.987436 -0.138704 0.075704  0.087649 0.521470 1 1 1.000000
0  29.376669 -88.218071 17.661230  0.990116 -0.113793 0.081983  0.089358 0.518784 1 1 1.000000
0  29.178476 -89.880692 17.452024  0.988068 -0.136525 0.071291  0.088382 0.521470 1 1 1.000000
headlight
0  29.178476 -89.880692 17.452024  0.988068 -0.136525 0.071291  0.088382 0.521470 1 1 1.000000
0  29.376669 -88.218071 17.661230  0.990116 -0.113793 0.081983  0.089358 0.518784 1 1 1.000000
0  29.255550 -88.911751 18.299852  0.990133 -0.116694 0.077581  0.090091 0.520249 1 1 1.000000
headlight
0  29.288584 -88.383232 18.299852  0.989851 -0.078896 0.118200  0.090579 0.519028 1 1 1.000000
0  29.255550 -88.911751 18.299852  0.990133 -0.116694 0.077581  0.090091 0.520249 1 1 1.000000
0  29.376669 -88.218071 17.661230  0.990116 -0.113793 0.081983  0.089358 0.518784 1 1 1.000000
headlight
0  22.065536 -94.395096 19.026562  0.792959 -0.170607 0.584900  0.056887 0.111057 1 1 1.000000
0  22.538998 -91.620392 19.180712  0.792790 -0.171044 0.585002  0.057375 0.111301 1 1 1.000000
0  21.966440 -91.301079 20.050560  0.792789 -0.171043 0.585004  0.056887 0.111301 1 1 1.000000
headlight
0  22.065536 -94.395096 19.026562  0.644264 -0.224148 0.731219  0.057375 0.111301 1 1 1.000000
0  21.966440 -91.301079 20.050560  0.644220 -0.224233 0.731232  0.055910 0.111301 1 1 1.000000
0  21.140636 -95.386063 19.544067  0.644220 -0.224232 0.731232  0.057375 0.111301 1 1 1.000000
headlight
0  22.065536 -94.395096 19.026562  0.644005 -0.223413 0.731672  0.059084 0.111057 1 1 1.000000
0  21.140636 -95.386063 19.544067  0.644007 -0.223411 0.731671  0.059328 0.111057 1 1 1.000000
0  21.845324 -95.209892 18.960497  0.644005 -0.223413 0.731672  0.059328 0.111057 1 1 1.000000
headlight
0  29.475765 -86.797684 20.193701  0.989695 -0.043136 0.136541  0.478530 0.678457 1 1 1.000000
0  29.343637 -86.984871 20.380882  0.709749 -0.045916 0.702957  0.478530 0.678457 1 1 1.000000
0  29.376669 -88.966805 20.171679  0.920900 -0.038576 0.387885  0.479263 0.678457 1 1 1.000000
headlight
0  29.475765 -86.797684 20.193701  0.989695 -0.043136 0.136541  0.478530 0.678457 1 1 1.000000
0  29.376669 -88.966805 20.171679  0.920900 -0.038576 0.387885  0.479263 0.678457 1 1 1.000000
0  29.508799 -85.674591 19.389915  0.997659 -0.052098 -0.044297  0.478042 0.678701 1 1 1.000000
headlight
0  29.398691 -87.678543 19.246777  0.996842 -0.053633 -0.058563  0.479263 0.678701 1 1 1.000000
0  29.508799 -85.674591 19.389915  0.997659 -0.052098 -0.044297  0.478042 0.678701 1 1 1.000000
0  29.376669 -88.966805 20.171679  0.920900 -0.038576 0.387885  0.479263 0.678457 1 1 1.000000
headlight
0  29.398691 -87.678543 19.246777  0.996842 -0.053633 -0.058563  0.479263 0.678701 1 1 1.000000
0  29.398691 -86.885773 18.398949  0.997509 -0.052884 -0.046691  0.478530 0.678701 1 1 1.000000
0  29.508799 -85.674591 19.389915  0.997659 -0.052098 -0.044297  0.478042 0.678701 1 1 1.000000
headlight
0  29.519810 -84.639580 18.321875  0.997420 -0.053519 -0.047842  0.477798 0.679678 1 1 1.000000
0  29.508799 -85.674591 19.389915  0.997659 -0.052098 -0.044297  0.478042 0.678701 1 1 1.000000
0  29.398691 -86.885773 18.398949  0.997509 -0.052884 -0.046691  0.478530 0.678701 1 1 1.000000
headlight
0  26.910263 -86.676567 20.050560  -0.976456 -0.141693 0.162657  0.478042 0.677236 1 1 1.000000
0  27.251596 -88.129982 19.621141  -0.954789 -0.155800 -0.253189  0.479263 0.677236 1 1 1.000000
0  27.251596 -88.944778 20.138647  -0.971036 -0.142106 0.192081  0.479263 0.677969 1 1 1.000000
headlight
0  27.251596 -88.944778 20.138647  -0.971036 -0.142106 0.192081  0.479263 0.677969 1 1 1.000000
0  27.317661 -89.176003 20.270775  -0.585367 -0.106685 0.803719  0.479263 0.677969 1 1 1.000000
0  26.910263 -86.676567 20.050560  -0.976456 -0.141693 0.162657  0.478042 0.677236 1 1 1.000000
headlight
0  27.053402 -86.962845 20.347851  -0.832574 -0.121561 0.540410  0.478530 0.677236 1 1 1.000000
0  26.910263 -86.676567 20.050560  -0.976456 -0.141693 0.162657  0.478042 0.677236 1 1 1.000000
0  27.317661 -89.176003 20.270775  -0.585367 -0.106685 0.803719  0.479263 0.677969 1 1 1.000000
headlight
0  27.053402 -86.962845 20.347851  -0.832574 -0.121561 0.540410  0.478530 0.677236 1 1 1.000000
0  27.317661 -89.176003 20.270775  -0.585367 -0.106685 0.803719  0.479263 0.677969 1 1 1.000000
0  27.317661 -87.061943 20.502001  -0.297128 -0.084472 0.951094  0.478530 0.677969 1 1 1.000000
headlight
0  27.482822 -89.308136 20.347851  -0.169896 -0.079081 0.982284  0.479751 0.677969 1 1 1.000000
0  27.317661 -87.061943 20.502001  -0.297128 -0.084472 0.951094  0.478530 0.677969 1 1 1.000000
0  27.317661 -89.176003 20.270775  -0.585367 -0.106685 0.803719  0.479263 0.677969 1 1 1.000000
headlight
0  27.482822 -89.308136 20.347851  -0.169896 -0.079081 0.982284  0.479751 0.677969 1 1 1.000000
0  29.145443 -89.308136 20.347851  0.167540 -0.061715 0.983932  0.479263 0.678457 1 1 1.000000
0  27.317661 -87.061943 20.502001  -0.297128 -0.084472 0.951094  0.478530 0.677969 1 1 1.000000
headlight
0  29.068369 -87.061943 20.513012  0.217849 -0.059590 0.974162  0.478530 0.678457 1 1 1.000000
0  27.317661 -87.061943 20.502001  -0.297128 -0.084472 0.951094  0.478530 0.677969 1 1 1.000000
0  29.145443 -89.308136 20.347851  0.167540 -0.061715 0.983932  0.479263 0.678457 1 1 1.000000
headlight
0  29.068369 -87.061943 20.513012  0.217849 -0.059590 0.974162  0.478530 0.678457 1 1 1.000000
0  29.145443 -89.308136 20.347851  0.167540 -0.061715 0.983932  0.479263 0.678457 1 1 1.000000
0  29.343637 -86.984871 20.380882  0.709749 -0.045916 0.702957  0.478530 0.678457 1 1 1.000000
headlight
0  29.299595 -89.187019 20.281786  0.535132 -0.047521 0.843431  0.479263 0.678457 1 1 1.000000
0  29.343637 -86.984871 20.380882  0.709749 -0.045916 0.702957  0.478530 0.678457 1 1 1.000000
0  29.145443 -89.308136 20.347851  0.167540 -0.061715 0.983932  0.479263 0.678457 1 1 1.000000
headlight
0  29.299595 -89.187019 20.281786  0.535132 -0.047521 0.843431  0.479263 0.678457 1 1 1.000000
0  29.376669 -88.966805 20.171679  0.920900 -0.038576 0.387885  0.479263 0.678457 1 1 1.000000
0  29.343637 -86.984871 20.380882  0.709749 -0.045916 0.702957  0.478530 0.678457 1 1 1.000000
headlight
0  22.704159 -88.394241 17.220800  0.012463 -0.098509 0.995058  0.091800 0.110813 1 1 1.000000
0  22.296762 -95.143829 16.604198  0.035877 -0.093293 0.994992  0.094974 0.111057 1 1 1.000000
0  24.454866 -94.395096 16.604198  0.023861 -0.096581 0.995039  0.094241 0.112033 1 1 1.000000
headlight
0  29.618906 -89.880692 17.022606  0.007749 -0.098932 0.995064  0.092288 0.114231 1 1 1.000000
0  22.704159 -88.394241 17.220800  0.012463 -0.098509 0.995058  0.091800 0.110813 1 1 1.000000
0  24.454866 -94.395096 16.604198  0.023861 -0.096581 0.995039  0.094241 0.112033 1 1 1.000000
headlight
0  29.618906 -89.880692 17.022606  0.007853 -0.099478 0.995009  0.092288 0.114231 1 1 1.000000
0  30.202475 -82.855843 17.705273  0.009226 -0.096936 0.995248  0.088382 0.114231 1 1 1.000000
0  22.704159 -88.394241 17.220800  0.012260 -0.098647 0.995047  0.091800 0.110813 1 1 1.000000
headlight
0  23.111557 -89.253082 17.749315  -0.709118 -0.600452 -0.369607  0.478530 0.682119 1 1 1.000000
0  23.111557 -89.781593 18.586132  -0.744100 -0.507356 -0.434632  0.478042 0.681875 1 1 1.000000
0  23.023470 -89.131966 17.738304  -0.719141 -0.592574 -0.362894  0.478530 0.682119 1 1 1.000000
headlight
0  23.023470 -89.649467 18.586132  -0.769133 -0.521660 -0.369196  0.478042 0.681875 1 1 1.000000
0  23.023470 -89.131966 17.738304  -0.719141 -0.592574 -0.362894  0.478530 0.682119 1 1 1.000000
0  23.111557 -89.781593 18.586132  -0.744100 -0.507356 -0.434632  0.478042 0.681875 1 1 1.000000
headlight
0  23.023470 -89.649467 18.586132  -0.769133 -0.521660 -0.369196  0.478042 0.681875 1 1 1.000000
0  23.111557 -89.781593 18.586132  -0.744100 -0.507356 -0.434632  0.478042 0.681875 1 1 1.000000
0  23.034481 -90.618416 19.566088  -0.793667 -0.462664 -0.395013  0.478042 0.681631 1 1 1.000000
headlight
0  23.144588 -90.761551 19.544067  -0.830441 -0.475194 -0.290789  0.478042 0.681631 1 1 1.000000
0  23.034481 -90.618416 19.566088  -0.793667 -0.462664 -0.395013  0.478042 0.681631 1 1 1.000000
0  23.111557 -89.781593 18.586132  -0.744100 -0.507356 -0.434632  0.478042 0.681875 1 1 1.000000
headlight
0  23.034481 -90.618416 19.566088  -0.793667 -0.462664 -0.395013  0.478042 0.681631 1 1 1.000000
0  23.144588 -90.761551 19.544067  -0.830441 -0.475194 -0.290789  0.478042 0.681631 1 1 1.000000
0  23.111557 -90.816605 19.709229  -0.858706 -0.464739 -0.215967  0.478042 0.681631 1 1 1.000000
headlight
0  23.177622 -90.915703 19.654175  -0.872898 -0.439573 -0.211718  0.478042 0.681631 1 1 1.000000
0  23.111557 -90.816605 19.709229  -0.858706 -0.464739 -0.215967  0.478042 0.681631 1 1 1.000000
0  23.144588 -90.761551 19.544067  -0.830441 -0.475194 -0.290789  0.478042 0.681631 1 1 1.000000
headlight
0  23.970394 -94.373077 17.452024  -0.396639 0.916596 -0.050291  0.083499 0.109836 1 1 1.000000
0  22.296762 -95.143829 16.604198  -0.396639 0.916596 -0.050291  0.083987 0.108615 1 1 1.000000
0  21.845324 -95.209892 18.960497  -0.396639 0.916596 -0.050291  0.084964 0.109348 1 1 1.000000
headlight
0  25.148544 -86.929817 17.705273  0.998496 -0.046648 -0.028788  0.479751 0.680410 1 1 1.000000
0  25.148544 -87.612480 18.762304  0.998418 -0.046636 -0.031412  0.479263 0.680410 1 1 1.000000
0  25.049448 -89.187019 17.771338  0.998477 -0.047767 -0.027584  0.478530 0.680410 1 1 1.000000
headlight
0  25.049448 -89.693512 18.630175  0.998180 -0.047456 -0.037200  0.478530 0.680410 1 1 1.000000
0  25.049448 -89.187019 17.771338  0.998477 -0.047767 -0.027584  0.478530 0.680410 1 1 1.000000
0  25.148544 -87.612480 18.762304  0.998418 -0.046636 -0.031412  0.479263 0.680410 1 1 1.000000
headlight
0  25.049448 -89.693512 18.630175  0.998180 -0.047456 -0.037200  0.478530 0.680410 1 1 1.000000
0  25.148544 -87.612480 18.762304  0.998418 -0.046636 -0.031412  0.479263 0.680410 1 1 1.000000
0  25.049448 -90.673470 19.588110  0.942278 -0.040272 0.332402  0.478042 0.680898 1 1 1.000000
headlight
0  25.137533 -88.526375 19.632153  0.988388 -0.047439 0.144359  0.479263 0.680898 1 1 1.000000
0  25.049448 -90.673470 19.588110  0.942278 -0.040272 0.332402  0.478042 0.680898 1 1 1.000000
0  25.148544 -87.612480 18.762304  0.998418 -0.046636 -0.031412  0.479263 0.680410 1 1 1.000000
headlight
0  25.137533 -88.526375 19.632153  0.988388 -0.047439 0.144359  0.479263 0.680898 1 1 1.000000
0  25.016415 -88.636482 19.830345  0.681971 -0.051978 0.729530  0.479263 0.680898 1 1 1.000000
0  25.049448 -90.673470 19.588110  0.942278 -0.040272 0.332402  0.478042 0.680898 1 1 1.000000
headlight
0  24.972372 -90.838631 19.731249  0.528061 -0.050766 0.847688  0.478042 0.680898 1 1 1.000000
0  25.049448 -90.673470 19.588110  0.942278 -0.040272 0.332402  0.478042 0.680898 1 1 1.000000
0  25.016415 -88.636482 19.830345  0.681971 -0.051978 0.729530  0.479263 0.680898 1 1 1.000000
headlight
0  24.972372 -90.838631 19.731249  0.528061 -0.050766 0.847688  0.478042 0.680898 1 1 1.000000
0  25.016415 -88.636482 19.830345  0.681971 -0.051978 0.729530  0.479263 0.680898 1 1 1.000000
0  24.829233 -90.904694 19.775291  0.153745 -0.062691 0.986120  0.478042 0.680898 1 1 1.000000
headlight
0  24.741146 -88.658501 19.940453  0.181600 -0.064136 0.981279  0.479263 0.680898 1 1 1.000000
0  24.829233 -90.904694 19.775291  0.153745 -0.062691 0.986120  0.478042 0.680898 1 1 1.000000
0  25.016415 -88.636482 19.830345  0.681971 -0.051978 0.729530  0.479263 0.680898 1 1 1.000000
headlight
0  24.741146 -88.658501 19.940453  0.181600 -0.064136 0.981279  0.479263 0.680898 1 1 1.000000
0  23.078524 -88.658501 19.929443  -0.275902 -0.090043 0.956959  0.479263 0.681631 1 1 1.000000
0  24.829233 -90.904694 19.775291  0.153745 -0.062691 0.986120  0.478042 0.680898 1 1 1.000000
headlight
0  23.265707 -90.904694 19.775291  -0.181159 -0.082770 0.979965  0.478042 0.681631 1 1 1.000000
0  24.829233 -90.904694 19.775291  0.153745 -0.062691 0.986120  0.478042 0.680898 1 1 1.000000
0  23.078524 -88.658501 19.929443  -0.275902 -0.090043 0.956959  0.479263 0.681631 1 1 1.000000
headlight
0  23.265707 -90.904694 19.775291  -0.181159 -0.082770 0.979965  0.478042 0.681631 1 1 1.000000
0  23.078524 -88.658501 19.929443  -0.275902 -0.090043 0.956959  0.479263 0.681631 1 1 1.000000
0  23.111557 -90.816605 19.709229  -0.620087 -0.115482 0.775987  0.478042 0.681631 1 1 1.000000
headlight
0  22.858309 -88.636482 19.808325  -0.760888 -0.119398 0.637804  0.479263 0.681631 1 1 1.000000
0  23.111557 -90.816605 19.709229  -0.620087 -0.115482 0.775987  0.478042 0.681631 1 1 1.000000
0  23.078524 -88.658501 19.929443  -0.275902 -0.090043 0.956959  0.479263 0.681631 1 1 1.000000
headlight
0  22.858309 -88.636482 19.808325  -0.760888 -0.119398 0.637804  0.479263 0.681631 1 1 1.000000
0  22.770224 -88.570412 19.621141  -0.982080 -0.138184 0.128153  0.479263 0.681875 1 1 1.000000
0  23.111557 -90.816605 19.709229  -0.620087 -0.115482 0.775987  0.478042 0.681631 1 1 1.000000
headlight
0  23.034481 -90.618416 19.566088  -0.969271 -0.134258 0.206126  0.478042 0.681631 1 1 1.000000
0  23.111557 -90.816605 19.709229  -0.620087 -0.115482 0.775987  0.478042 0.681631 1 1 1.000000
0  22.770224 -88.570412 19.621141  -0.982080 -0.138184 0.128153  0.479263 0.681875 1 1 1.000000
headlight
0  23.023470 -89.649467 18.586132  -0.985051 -0.140173 -0.100132  0.478042 0.681875 1 1 1.000000
0  23.034481 -90.618416 19.566088  -0.969271 -0.134258 0.206126  0.478042 0.681631 1 1 1.000000
0  22.770224 -88.570412 19.621141  -0.982080 -0.138184 0.128153  0.479263 0.681875 1 1 1.000000
headlight
0  22.770224 -88.570412 19.621141  -0.982080 -0.138184 0.128153  0.479263 0.681875 1 1 1.000000
0  22.891342 -88.317169 17.705273  -0.984458 -0.151780 -0.088347  0.479263 0.682119 1 1 1.000000
0  23.023470 -89.649467 18.586132  -0.985051 -0.140173 -0.100132  0.478042 0.681875 1 1 1.000000
headlight
0  23.023470 -89.131966 17.738304  -0.984428 -0.151931 -0.088419  0.478530 0.682119 1 1 1.000000
0  23.023470 -89.649467 18.586132  -0.985051 -0.140173 -0.100132  0.478042 0.681875 1 1 1.000000
0  22.891342 -88.317169 17.705273  -0.984458 -0.151780 -0.088347  0.479263 0.682119 1 1 1.000000
headlight
0  35.289436 -84.947884 18.233788  -0.541484 -0.713110 -0.445275  0.141850 0.830317 1 1 1.000000
0  35.124275 -84.870804 18.310863  -0.541491 -0.713081 -0.445312  0.135746 0.836665 1 1 1.000000
0  35.113266 -84.793732 18.189745  -0.541488 -0.713082 -0.445314  0.124760 0.829340 1 1 1.000000
headlight
0  24.972372 -90.838631 19.731249  0.926743 -0.374243 0.033015  0.478042 0.680898 1 1 1.000000
0  24.939341 -90.948738 19.665184  0.915226 -0.398076 -0.062419  0.478042 0.680898 1 1 1.000000
0  25.049448 -90.673470 19.588110  0.859984 -0.393314 -0.325163  0.478042 0.680898 1 1 1.000000
headlight
0  24.972372 -90.827614 19.566088  0.865703 -0.416968 -0.276940  0.478042 0.680898 1 1 1.000000
0  25.049448 -90.673470 19.588110  0.859984 -0.393314 -0.325163  0.478042 0.680898 1 1 1.000000
0  24.939341 -90.948738 19.665184  0.915226 -0.398076 -0.062419  0.478042 0.680898 1 1 1.000000
headlight
0  24.972372 -90.827614 19.566088  0.865703 -0.416968 -0.276940  0.478042 0.680898 1 1 1.000000
0  24.972372 -89.825638 18.630175  0.818678 -0.429738 -0.380908  0.478042 0.680410 1 1 1.000000
0  25.049448 -90.673470 19.588110  0.859984 -0.393314 -0.325163  0.478042 0.680898 1 1 1.000000
headlight
0  25.049448 -89.693512 18.630175  0.834080 -0.445423 -0.325438  0.478530 0.680410 1 1 1.000000
0  25.049448 -90.673470 19.588110  0.859984 -0.393314 -0.325163  0.478042 0.680898 1 1 1.000000
0  24.972372 -89.825638 18.630175  0.818678 -0.429738 -0.380908  0.478042 0.680410 1 1 1.000000
headlight
0  24.972372 -89.825638 18.630175  0.818678 -0.429738 -0.380908  0.478042 0.680410 1 1 1.000000
0  24.972372 -89.308136 17.782347  0.789524 -0.531151 -0.307458  0.478530 0.680410 1 1 1.000000
0  25.049448 -89.693512 18.630175  0.834080 -0.445423 -0.325438  0.478530 0.680410 1 1 1.000000
headlight
0  25.049448 -89.187019 17.771338  0.784297 -0.537323 -0.310100  0.478530 0.680410 1 1 1.000000
0  25.049448 -89.693512 18.630175  0.834080 -0.445423 -0.325438  0.478530 0.680410 1 1 1.000000
0  24.972372 -89.308136 17.782347  0.789524 -0.531151 -0.307458  0.478530 0.680410 1 1 1.000000
headlight
0  20.755260 -96.145805 19.422949  0.561799 -0.821607 0.096665  0.853786 0.023652 1 1 1.000000
0  20.986485 -96.002663 19.279808  0.561787 -0.821615 0.096662  0.853786 0.023652 1 1 1.000000
0  21.746227 -95.485161 19.411938  0.577858 -0.809998 0.099916  0.853786 0.022919 1 1 1.000000
headlight
0  20.755260 -96.145805 19.422949  0.561799 -0.821607 0.096665  0.853786 0.023652 1 1 1.000000
0  21.746227 -95.485161 19.411938  0.577858 -0.809998 0.099916  0.853786 0.022919 1 1 1.000000
0  21.702183 -95.485161 19.566088  0.577311 -0.810425 0.099618  0.853786 0.022919 1 1 1.000000
headlight
0  21.746227 -95.485161 19.411938  0.577858 -0.809998 0.099916  0.853786 0.022919 1 1 1.000000
0  24.675081 -93.238968 19.852367  0.619351 -0.777569 0.108583  0.853786 0.021210 1 1 1.000000
0  21.702183 -95.485161 19.566088  0.577311 -0.810425 0.099618  0.853786 0.022919 1 1 1.000000
headlight
0  24.653061 -93.238968 20.028540  0.618890 -0.777896 0.108872  0.853786 0.021210 1 1 1.000000
0  21.702183 -95.485161 19.566088  0.577311 -0.810425 0.099618  0.853786 0.022919 1 1 1.000000
0  24.675081 -93.238968 19.852367  0.619351 -0.777569 0.108583  0.853786 0.021210 1 1 1.000000
headlight
0  24.653061 -93.238968 20.028540  0.618890 -0.777896 0.108872  0.853786 0.021210 1 1 1.000000
0  24.675081 -93.238968 19.852367  0.619351 -0.777569 0.108583  0.853786 0.021210 1 1 1.000000
0  30.070347 -88.493340 20.810303  0.892787 -0.447470 0.051977  0.854030 0.017304 1 1 1.000000
headlight
0  30.070347 -88.526375 20.601097  0.852292 -0.519499 0.060991  0.853786 0.017304 1 1 1.000000
0  30.070347 -88.493340 20.810303  0.892787 -0.447470 0.051977  0.854030 0.017304 1 1 1.000000
0  24.675081 -93.238968 19.852367  0.619351 -0.777569 0.108583  0.853786 0.021210 1 1 1.000000
headlight
0  30.070347 -88.526375 20.601097  0.852292 -0.519499 0.060991  0.853786 0.017304 1 1 1.000000
0  30.345615 -86.775665 20.623119  0.988055 -0.149857 0.035917  0.853786 0.017060 1 1 1.000000
0  30.070347 -88.493340 20.810303  0.892787 -0.447470 0.051977  0.854030 0.017304 1 1 1.000000
headlight
0  30.356625 -86.599495 20.821312  0.988015 -0.149695 0.037662  0.854030 0.016327 1 1 1.000000
0  30.070347 -88.493340 20.810303  0.892787 -0.447470 0.051977  0.854030 0.017304 1 1 1.000000
0  30.345615 -86.775665 20.623119  0.988055 -0.149857 0.035917  0.853786 0.017060 1 1 1.000000
headlight
0  23.970394 -94.373077 17.452024  0.587194 -0.646725 0.486776  0.087649 0.116916 1 1 1.000000
0  23.882309 -94.703400 17.154736  0.586411 -0.646488 0.488032  0.087649 0.116916 1 1 1.000000
0  24.399813 -94.141853 17.253832  0.564399 -0.647118 0.512534  0.088382 0.116916 1 1 1.000000
headlight
0  24.333750 -94.439140 16.934521  0.566669 -0.654016 0.501148  0.088382 0.116916 1 1 1.000000
0  24.399813 -94.141853 17.253832  0.564399 -0.647118 0.512534  0.088382 0.116916 1 1 1.000000
0  23.882309 -94.703400 17.154736  0.586411 -0.646488 0.488032  0.087649 0.116916 1 1 1.000000
headlight
0  24.333750 -94.439140 16.934521  0.566669 -0.654016 0.501148  0.088382 0.116916 1 1 1.000000
0  24.785189 -94.130836 16.879467  0.535382 -0.642634 0.548077  0.088382 0.116916 1 1 1.000000
0  24.399813 -94.141853 17.253832  0.564399 -0.647118 0.512534  0.088382 0.116916 1 1 1.000000
headlight
0  24.807211 -93.866585 17.165747  0.526568 -0.636654 0.563381  0.088382 0.116916 1 1 1.000000
0  24.399813 -94.141853 17.253832  0.564399 -0.647118 0.512534  0.088382 0.116916 1 1 1.000000
0  24.785189 -94.130836 16.879467  0.535382 -0.642634 0.548077  0.088382 0.116916 1 1 1.000000
headlight
0  24.807211 -93.866585 17.165747  0.526568 -0.636654 0.563381  0.088382 0.116916 1 1 1.000000
0  24.785189 -94.130836 16.879467  0.535382 -0.642634 0.548077  0.088382 0.116916 1 1 1.000000
0  26.568930 -92.391144 17.253832  0.519936 -0.642017 0.563455  0.089358 0.116916 1 1 1.000000
headlight
0  26.690048 -92.545296 16.989574  0.518765 -0.642567 0.563906  0.089358 0.116916 1 1 1.000000
0  26.568930 -92.391144 17.253832  0.519936 -0.642017 0.563455  0.089358 0.116916 1 1 1.000000
0  24.785189 -94.130836 16.879467  0.535382 -0.642634 0.548077  0.088382 0.116916 1 1 1.000000
headlight
0  26.568930 -92.391144 17.253832  0.519936 -0.642017 0.563455  0.089358 0.116916 1 1 1.000000
0  26.690048 -92.545296 16.989574  0.518765 -0.642567 0.563906  0.089358 0.116916 1 1 1.000000
0  29.740025 -89.517342 17.518089  0.489475 -0.634776 0.597891  0.092288 0.116916 1 1 1.000000
headlight
0  29.883163 -89.671486 17.231810  0.510593 -0.637093 0.577414  0.091800 0.116428 1 1 1.000000
0  29.740025 -89.517342 17.518089  0.489475 -0.634776 0.597891  0.092288 0.116916 1 1 1.000000
0  26.690048 -92.545296 16.989574  0.518765 -0.642567 0.563906  0.089358 0.116916 1 1 1.000000
headlight
0  29.740025 -89.517342 17.518089  0.489475 -0.634776 0.597891  0.092288 0.116916 1 1 1.000000
0  29.883163 -89.671486 17.231810  0.510593 -0.637093 0.577414  0.091800 0.116428 1 1 1.000000
0  30.301571 -89.076912 17.562132  0.704295 -0.547670 0.451693  0.092288 0.116916 1 1 1.000000
headlight
0  30.422689 -89.131966 17.297874  0.719763 -0.543690 0.431674  0.092288 0.116428 1 1 1.000000
0  30.301571 -89.076912 17.562132  0.704295 -0.547670 0.451693  0.092288 0.116916 1 1 1.000000
0  29.883163 -89.671486 17.231810  0.510593 -0.637093 0.577414  0.091800 0.116428 1 1 1.000000
headlight
0  37.161263 -80.026077 22.153612  0.658424 -0.388211 0.644803  0.440443 0.439436 1 1 1.000000
0  36.897007 -80.103157 22.373827  0.662114 -0.384994 0.642950  0.461196 0.454085 1 1 1.000000
0  37.205307 -80.873909 21.603075  0.739613 -0.428185 0.519260  0.386975 0.485580 1 1 1.000000
headlight
0  36.819931 -81.567581 21.592064  0.835581 -0.463859 0.294346  0.385754 0.545640 1 1 1.000000
0  37.205307 -80.873909 21.603075  0.739613 -0.428185 0.519260  0.386975 0.485580 1 1 1.000000
0  36.897007 -80.103157 22.373827  0.662114 -0.384994 0.642950  0.461196 0.454085 1 1 1.000000
headlight
0  36.819931 -81.567581 21.592064  0.835581 -0.463859 0.294346  0.385754 0.545640 1 1 1.000000
0  36.313438 -83.593559 18.784325  0.758043 -0.648763 0.066916  0.177984 0.700430 1 1 1.000000
0  37.205307 -80.873909 21.603075  0.739613 -0.428185 0.519260  0.386975 0.485580 1 1 1.000000
headlight
0  37.095200 -82.723709 18.409960  0.761795 -0.585709 0.276789  0.147710 0.613025 1 1 1.000000
0  37.205307 -80.873909 21.603075  0.739613 -0.428185 0.519260  0.386975 0.485580 1 1 1.000000
0  36.313438 -83.593559 18.784325  0.758043 -0.648763 0.066916  0.177984 0.700430 1 1 1.000000
headlight
0  36.313438 -83.593559 18.784325  0.758043 -0.648763 0.066916  0.177984 0.700430 1 1 1.000000
0  35.432579 -84.540482 18.663206  0.732792 -0.640992 0.228352  0.175054 0.798334 1 1 1.000000
0  37.095200 -82.723709 18.409960  0.761795 -0.585709 0.276789  0.147710 0.613025 1 1 1.000000
headlight
0  35.399544 -84.639580 18.498045  0.702418 -0.616905 0.355016  0.163091 0.805170 1 1 1.000000
0  37.095200 -82.723709 18.409960  0.761795 -0.585709 0.276789  0.147710 0.613025 1 1 1.000000
0  35.432579 -84.540482 18.663206  0.732792 -0.640992 0.228352  0.175054 0.798334 1 1 1.000000
headlight
0  37.095200 -82.723709 18.409960  0.761795 -0.585709 0.276789  0.147710 0.613025 1 1 1.000000
0  35.399544 -84.639580 18.498045  0.702418 -0.616905 0.355016  0.163091 0.805170 1 1 1.000000
0  35.289436 -84.947884 18.233788  0.682075 -0.612267 0.399878  0.141850 0.830317 1 1 1.000000
headlight
0  35.256405 -84.793732 18.487036  0.655219 -0.624422 0.425188  0.163091 0.821772 1 1 1.000000
0  35.289436 -84.947884 18.233788  0.682075 -0.612267 0.399878  0.141850 0.830317 1 1 1.000000
0  35.399544 -84.639580 18.498045  0.702418 -0.616905 0.355016  0.163091 0.805170 1 1 1.000000
headlight
0  20.171690 -96.487137 19.544067  0.533670 -0.190388 0.823983  0.087649 0.104465 1 1 1.000000
0  19.643175 -96.608253 19.863379  0.533670 -0.190388 0.823983  0.087649 0.103732 1 1 1.000000
0  19.323864 -97.345978 19.885399  0.563499 -0.251471 0.786912  0.088382 0.104465 1 1 1.000000
headlight
0  23.111557 -88.889725 17.760326  0.999977 -0.006790 0.000489  0.478042 0.682119 1 1 1.000000
0  23.111557 -89.418243 18.663206  0.999967 0.008106 0.000187  0.478042 0.681875 1 1 1.000000
0  23.111557 -89.253082 17.749315  0.999992 -0.003858 0.000972  0.478530 0.682119 1 1 1.000000
headlight
0  23.111557 -89.781593 18.586132  0.999938 0.010970 -0.002018  0.478042 0.681875 1 1 1.000000
0  23.111557 -89.253082 17.749315  0.999992 -0.003858 0.000972  0.478530 0.682119 1 1 1.000000
0  23.111557 -89.418243 18.663206  0.999967 0.008106 0.000187  0.478042 0.681875 1 1 1.000000
headlight
0  23.111557 -89.418243 18.663206  0.999967 0.008106 0.000187  0.478042 0.681875 1 1 1.000000
0  23.144588 -90.607399 19.588110  0.970806 0.014335 -0.239437  0.478042 0.681631 1 1 1.000000
0  23.111557 -89.781593 18.586132  0.999938 0.010970 -0.002018  0.478042 0.681875 1 1 1.000000
headlight
0  23.144588 -90.761551 19.544067  0.983168 0.076378 -0.165974  0.478042 0.681631 1 1 1.000000
0  23.111557 -89.781593 18.586132  0.999938 0.010970 -0.002018  0.478042 0.681875 1 1 1.000000
0  23.144588 -90.607399 19.588110  0.970806 0.014335 -0.239437  0.478042 0.681631 1 1 1.000000
headlight
0  23.144588 -90.761551 19.544067  0.983168 0.076378 -0.165974  0.478042 0.681631 1 1 1.000000
0  23.144588 -90.607399 19.588110  0.970806 0.014335 -0.239437  0.478042 0.681631 1 1 1.000000
0  23.177622 -90.915703 19.654175  0.573434 0.001661 -0.819250  0.478042 0.681631 1 1 1.000000
headlight
0  23.243685 -90.684479 19.676195  0.378184 -0.077122 -0.922512  0.478042 0.681631 1 1 1.000000
0  23.177622 -90.915703 19.654175  0.573434 0.001661 -0.819250  0.478042 0.681631 1 1 1.000000
0  23.144588 -90.607399 19.588110  0.970806 0.014335 -0.239437  0.478042 0.681631 1 1 1.000000
headlight
0  23.177622 -90.915703 19.654175  0.573434 0.001661 -0.819250  0.478042 0.681631 1 1 1.000000
0  23.243685 -90.684479 19.676195  0.378184 -0.077122 -0.922512  0.478042 0.681631 1 1 1.000000
0  23.309750 -90.992775 19.720238  0.133806 -0.081079 -0.987685  0.478042 0.681631 1 1 1.000000
headlight
0  23.309750 -90.992775 19.720238  0.133806 -0.081079 -0.987685  0.478042 0.681631 1 1 1.000000
0  23.243685 -90.684479 19.676195  0.378184 -0.077122 -0.922512  0.478042 0.681631 1 1 1.000000
0  24.818222 -90.992775 19.709229  -0.116652 -0.167012 -0.979030  0.478042 0.680898 1 1 1.000000
headlight
0  24.862265 -90.750542 19.665184  -0.409895 -0.063740 -0.909903  0.478042 0.680898 1 1 1.000000
0  24.818222 -90.992775 19.709229  -0.116652 -0.167012 -0.979030  0.478042 0.680898 1 1 1.000000
0  23.243685 -90.684479 19.676195  0.378184 -0.077122 -0.922512  0.478042 0.681631 1 1 1.000000
headlight
0  24.862265 -90.750542 19.665184  -0.409895 -0.063740 -0.909903  0.478042 0.680898 1 1 1.000000
0  24.972372 -90.673470 19.577099  -0.463392 -0.117376 -0.878345  0.478042 0.680898 1 1 1.000000
0  24.818222 -90.992775 19.709229  -0.116652 -0.167012 -0.979030  0.478042 0.680898 1 1 1.000000
headlight
0  24.939341 -90.948738 19.665184  -0.149275 -0.285305 -0.946741  0.478042 0.680898 1 1 1.000000
0  24.818222 -90.992775 19.709229  -0.116652 -0.167012 -0.979030  0.478042 0.680898 1 1 1.000000
0  24.972372 -90.673470 19.577099  -0.463392 -0.117376 -0.878345  0.478042 0.680898 1 1 1.000000
headlight
0  24.950350 -95.297981 16.406004  0.303162 -0.418910 0.855925  0.097171 0.106906 1 1 1.000000
0  24.917318 -95.022713 16.538134  0.291310 -0.427451 0.855818  0.097171 0.106906 1 1 1.000000
0  24.399813 -95.661331 16.439037  0.504258 -0.476650 0.720089  0.097171 0.106418 1 1 1.000000
headlight
0  24.421835 -95.353035 16.615210  0.500719 -0.496295 0.709205  0.097171 0.106418 1 1 1.000000
0  24.399813 -95.661331 16.439037  0.504258 -0.476650 0.720089  0.097171 0.106418 1 1 1.000000
0  24.917318 -95.022713 16.538134  0.291310 -0.427451 0.855818  0.097171 0.106906 1 1 1.000000
headlight
0  24.399813 -95.661331 16.439037  0.504258 -0.476650 0.720089  0.097171 0.106418 1 1 1.000000
0  24.421835 -95.353035 16.615210  0.500719 -0.496295 0.709205  0.097171 0.106418 1 1 1.000000
0  23.882309 -95.892555 16.692284  0.586910 -0.502463 0.634876  0.097171 0.106418 1 1 1.000000
headlight
0  23.926352 -95.606277 16.890478  0.590108 -0.512227 0.624016  0.096683 0.106418 1 1 1.000000
0  23.882309 -95.892555 16.692284  0.586910 -0.502463 0.634876  0.097171 0.106418 1 1 1.000000
0  24.421835 -95.353035 16.615210  0.500719 -0.496295 0.709205  0.097171 0.106418 1 1 1.000000
headlight
0  23.926352 -95.606277 16.890478  0.590108 -0.512227 0.624016  0.096683 0.106418 1 1 1.000000
0  21.360851 -96.443092 18.696239  0.605703 -0.399714 0.688006  0.095950 0.105197 1 1 1.000000
0  23.882309 -95.892555 16.692284  0.586910 -0.502463 0.634876  0.097171 0.106418 1 1 1.000000
headlight
0  21.272764 -96.784431 18.542089  0.605669 -0.412596 0.680390  0.095950 0.105197 1 1 1.000000
0  23.882309 -95.892555 16.692284  0.586910 -0.502463 0.634876  0.097171 0.106418 1 1 1.000000
0  21.360851 -96.443092 18.696239  0.605703 -0.399714 0.688006  0.095950 0.105197 1 1 1.000000
headlight
0  21.272764 -96.784431 18.542089  0.605669 -0.412596 0.680390  0.095950 0.105197 1 1 1.000000
0  21.360851 -96.443092 18.696239  0.605703 -0.399714 0.688006  0.095950 0.105197 1 1 1.000000
0  19.323864 -97.345978 19.885399  0.563541 -0.251560 0.786854  0.094974 0.103732 1 1 1.000000
headlight
0  20.171690 -96.487137 19.544067  0.576772 -0.252074 0.777041  0.094974 0.104709 1 1 1.000000
0  19.323864 -97.345978 19.885399  0.563541 -0.251560 0.786854  0.094974 0.103732 1 1 1.000000
0  21.360851 -96.443092 18.696239  0.605703 -0.399714 0.688006  0.095950 0.105197 1 1 1.000000
headlight
0  37.139244 -81.391411 17.683250  0.212101 -0.135651 0.967787  0.094974 0.116428 1 1 1.000000
0  36.897007 -83.549515 17.430004  0.204198 -0.154286 0.966695  0.095950 0.115207 1 1 1.000000
0  37.238338 -83.703667 17.330908  0.213367 -0.171102 0.961873  0.095950 0.116184 1 1 1.000000
headlight
0  36.897007 -83.549515 17.430004  0.204198 -0.154286 0.966695  0.095950 0.115207 1 1 1.000000
0  36.577694 -84.221169 17.374950  0.294392 -0.307353 0.904913  0.095950 0.115207 1 1 1.000000
0  37.238338 -83.703667 17.330908  0.213367 -0.171102 0.961873  0.095950 0.116184 1 1 1.000000
headlight
0  37.238338 -83.703667 17.330908  0.213367 -0.171102 0.961873  0.095950 0.116184 1 1 1.000000
0  36.577694 -84.221169 17.374950  0.294392 -0.307353 0.904913  0.095950 0.115207 1 1 1.000000
0  35.410557 -85.817726 17.198778  0.215826 -0.270498 0.938216  0.096683 0.114719 1 1 1.000000
headlight
0  35.201351 -85.740654 17.253832  0.210874 -0.270977 0.939204  0.096683 0.114719 1 1 1.000000
0  35.410557 -85.817726 17.198778  0.215826 -0.270498 0.938216  0.096683 0.114719 1 1 1.000000
0  36.577694 -84.221169 17.374950  0.294392 -0.307353 0.904913  0.095950 0.115207 1 1 1.000000
headlight
0  35.410557 -85.817726 17.198778  0.215826 -0.270498 0.938216  0.096683 0.114719 1 1 1.000000
0  35.201351 -85.740654 17.253832  0.210874 -0.270977 0.939204  0.096683 0.114719 1 1 1.000000
0  31.545786 -89.770584 16.890478  0.163262 -0.246284 0.955348  0.097171 0.111301 1 1 1.000000
headlight
0  31.314560 -89.638458 16.967552  0.160204 -0.247037 0.955671  0.096683 0.111301 1 1 1.000000
0  31.545786 -89.770584 16.890478  0.163262 -0.246284 0.955348  0.097171 0.111301 1 1 1.000000
0  35.201351 -85.740654 17.253832  0.210874 -0.270977 0.939204  0.096683 0.114719 1 1 1.000000
headlight
0  31.545786 -89.770584 16.890478  0.163262 -0.246284 0.955348  0.097171 0.111301 1 1 1.000000
0  31.314560 -89.638458 16.967552  0.160204 -0.247037 0.955671  0.096683 0.111301 1 1 1.000000
0  27.306650 -93.569290 16.582176  0.100073 -0.193568 0.975970  0.097171 0.108615 1 1 1.000000
headlight
0  27.185532 -93.260994 16.648241  0.092252 -0.185191 0.978363  0.097171 0.108615 1 1 1.000000
0  27.306650 -93.569290 16.582176  0.100073 -0.193568 0.975970  0.097171 0.108615 1 1 1.000000
0  31.314560 -89.638458 16.967552  0.160204 -0.247037 0.955671  0.096683 0.111301 1 1 1.000000
headlight
0  27.185532 -93.260994 16.648241  0.092252 -0.185191 0.978363  0.097171 0.108615 1 1 1.000000
0  24.917318 -95.022713 16.538134  0.291310 -0.427451 0.855818  0.097171 0.106906 1 1 1.000000
0  27.306650 -93.569290 16.582176  0.100073 -0.193568 0.975970  0.097171 0.108615 1 1 1.000000
headlight
0  24.950350 -95.297981 16.406004  0.303162 -0.418910 0.855925  0.097171 0.106906 1 1 1.000000
0  27.306650 -93.569290 16.582176  0.100073 -0.193568 0.975970  0.097171 0.108615 1 1 1.000000
0  24.917318 -95.022713 16.538134  0.291310 -0.427451 0.855818  0.097171 0.106906 1 1 1.000000
headlight
0  24.752157 -93.360085 20.017529  0.083097 0.089737 -0.992493  0.849635 0.021210 1 1 1.000000
0  21.834312 -95.628304 19.566088  0.085756 0.089465 -0.992291  0.847438 0.021210 1 1 1.000000
0  21.966440 -89.087921 20.171679  0.084069 0.089871 -0.992399  0.849635 0.018525 1 1 1.000000
headlight
0  24.454866 -94.395096 16.604198  -0.501120 0.819984 -0.276595  0.094241 0.112033 1 1 1.000000
0  22.296762 -95.143829 16.604198  -0.327860 0.924563 -0.194142  0.094974 0.111057 1 1 1.000000
0  23.970394 -94.373077 17.452024  -0.410211 0.879977 -0.239514  0.094974 0.112033 1 1 1.000000
headlight
0  23.970394 -94.373077 17.452024  -0.410211 0.879977 -0.239514  0.094974 0.112033 1 1 1.000000
0  24.399813 -94.141853 17.253832  -0.582468 0.744725 -0.325755  0.094241 0.112033 1 1 1.000000
0  24.454866 -94.395096 16.604198  -0.501120 0.819984 -0.276595  0.094241 0.112033 1 1 1.000000
headlight
0  24.399813 -94.141853 17.253832  -0.582468 0.744725 -0.325755  0.094241 0.112033 1 1 1.000000
0  24.807211 -93.866585 17.165747  -0.592099 0.735856 -0.328534  0.094241 0.112033 1 1 1.000000
0  24.454866 -94.395096 16.604198  -0.501120 0.819984 -0.276595  0.094241 0.112033 1 1 1.000000
headlight
0  26.568930 -92.391144 17.253832  -0.626500 0.742388 -0.237397  0.093753 0.113010 1 1 1.000000
0  24.454866 -94.395096 16.604198  -0.501120 0.819984 -0.276595  0.094241 0.112033 1 1 1.000000
0  24.807211 -93.866585 17.165747  -0.592099 0.735856 -0.328534  0.094241 0.112033 1 1 1.000000
headlight
0  29.618906 -89.880692 17.022606  -0.607394 0.704142 -0.367773  0.092288 0.114231 1 1 1.000000
0  24.454866 -94.395096 16.604198  -0.501120 0.819984 -0.276595  0.094241 0.112033 1 1 1.000000
0  26.568930 -92.391144 17.253832  -0.626500 0.742388 -0.237397  0.093753 0.113010 1 1 1.000000
headlight
0  29.740025 -89.517342 17.518089  -0.605712 0.701246 -0.375987  0.092288 0.114719 1 1 1.000000
0  29.618906 -89.880692 17.022606  -0.607394 0.704142 -0.367773  0.092288 0.114231 1 1 1.000000
0  26.568930 -92.391144 17.253832  -0.626500 0.742388 -0.237397  0.093753 0.113010 1 1 1.000000
headlight
0  27.086435 -89.341164 18.013573  0.987284 -0.132776 0.087408  0.090091 0.523667 1 1 1.000000
0  26.987339 -90.133942 18.013573  0.987061 -0.153775 0.045428  0.089358 0.523911 1 1 1.000000
0  27.141489 -89.319145 17.617186  0.986790 -0.143591 0.075019  0.090091 0.523179 1 1 1.000000
headlight
0  26.855209 -91.080864 17.441015  0.976211 -0.166486 0.138901  0.088870 0.524888 1 1 1.000000
0  27.141489 -89.319145 17.617186  0.986790 -0.143591 0.075019  0.090091 0.523179 1 1 1.000000
0  26.987339 -90.133942 18.013573  0.987061 -0.153775 0.045428  0.089358 0.523911 1 1 1.000000
headlight
0  27.141489 -89.319145 17.617186  0.986790 -0.143591 0.075019  0.090091 0.523179 1 1 1.000000
0  26.855209 -91.080864 17.441015  0.976211 -0.166486 0.138901  0.088870 0.524888 1 1 1.000000
0  26.701059 -92.435188 16.956541  0.983575 -0.149717 0.100822  0.087161 0.525132 1 1 1.000000
headlight
0  26.701059 -92.435188 16.956541  0.983575 -0.149717 0.100822  0.087161 0.525132 1 1 1.000000
0  26.855209 -91.080864 17.441015  0.976211 -0.166486 0.138901  0.088870 0.524888 1 1 1.000000
0  26.701059 -92.236992 17.176756  0.985577 -0.145006 0.087238  0.087649 0.525132 1 1 1.000000
headlight
0  24.906307 -90.519318 17.474047  0.991678 -0.109594 0.067559  0.090823 0.527085 1 1 1.000000
0  24.895296 -90.530327 17.672239  0.990713 -0.104191 0.087366  0.090823 0.527329 1 1 1.000000
0  24.796200 -91.499275 17.672239  0.991878 -0.124971 -0.023683  0.090091 0.528062 1 1 1.000000
headlight
0  24.642050 -92.556305 17.286863  0.986859 -0.137471 0.084921  0.088870 0.528062 1 1 1.000000
0  24.906307 -90.519318 17.474047  0.991678 -0.109594 0.067559  0.090823 0.527085 1 1 1.000000
0  24.796200 -91.499275 17.672239  0.991878 -0.124971 -0.023683  0.090091 0.528062 1 1 1.000000
headlight
0  24.906307 -90.519318 17.474047  0.991678 -0.109594 0.067559  0.090823 0.527085 1 1 1.000000
0  24.642050 -92.556305 17.286863  0.986859 -0.137471 0.084921  0.088870 0.528062 1 1 1.000000
0  24.443857 -94.273979 16.813402  0.986687 -0.136700 0.088105  0.086673 0.528550 1 1 1.000000
headlight
0  24.443857 -94.273979 16.813402  0.986687 -0.136700 0.088105  0.086673 0.528550 1 1 1.000000
0  24.642050 -92.556305 17.286863  0.986859 -0.137471 0.084921  0.088870 0.528062 1 1 1.000000
0  24.443857 -94.097809 17.033617  0.986835 -0.136188 0.087228  0.087161 0.529038 1 1 1.000000
headlight
0  25.346737 -89.308136 17.617186  -0.995270 0.083714 0.049293  0.092288 0.526841 1 1 1.000000
0  25.291683 -90.133942 18.013573  -0.993520 0.090773 0.068400  0.090823 0.526353 1 1 1.000000
0  25.357748 -89.352180 18.013573  -0.996443 0.076706 0.034889  0.092288 0.526353 1 1 1.000000
headlight
0  25.346737 -89.308136 17.617186  -0.995270 0.083714 0.049293  0.092288 0.526841 1 1 1.000000
0  25.203598 -90.541336 17.452024  -0.991724 0.098369 0.082506  0.090579 0.527085 1 1 1.000000
0  25.291683 -90.133942 18.013573  -0.993520 0.090773 0.068400  0.090823 0.526353 1 1 1.000000
headlight
0  25.225618 -90.640434 17.705273  -0.991724 0.096681 0.084481  0.090579 0.526841 1 1 1.000000
0  25.291683 -90.133942 18.013573  -0.993518 0.090779 0.068419  0.090823 0.526353 1 1 1.000000
0  25.203598 -90.541336 17.452024  -0.991721 0.098376 0.082536  0.090579 0.527085 1 1 1.000000
headlight
0  25.203598 -90.541336 17.452024  -0.991721 0.098376 0.082536  0.090579 0.527085 1 1 1.000000
0  24.785189 -93.998711 16.835424  -0.990264 0.108367 0.087372  0.087161 0.528550 1 1 1.000000
0  25.225618 -90.640434 17.705273  -0.991724 0.096681 0.084481  0.090579 0.526841 1 1 1.000000
headlight
0  24.818222 -93.811531 17.044628  -0.990280 0.108373 0.087185  0.087161 0.528062 1 1 1.000000
0  25.225618 -90.640434 17.705273  -0.991724 0.096681 0.084481  0.090579 0.526841 1 1 1.000000
0  24.785189 -93.998711 16.835424  -0.990264 0.108367 0.087372  0.087161 0.528550 1 1 1.000000
headlight
0  27.405746 -89.308136 20.215721  -0.821717 -0.419904 -0.385308  0.479751 0.677969 1 1 1.000000
0  27.317661 -89.176003 20.270775  -0.811334 -0.435251 -0.390248  0.479263 0.677969 1 1 1.000000
0  27.372715 -89.098930 20.116625  -0.785749 -0.428509 -0.446071  0.479751 0.677969 1 1 1.000000
headlight
0  27.251596 -88.944778 20.138647  -0.735344 -0.397991 -0.548518  0.479263 0.677969 1 1 1.000000
0  27.372715 -89.098930 20.116625  -0.785749 -0.428509 -0.446071  0.479751 0.677969 1 1 1.000000
0  27.317661 -89.176003 20.270775  -0.811334 -0.435251 -0.390248  0.479263 0.677969 1 1 1.000000
headlight
0  27.372715 -89.098930 20.116625  -0.785749 -0.428509 -0.446071  0.479751 0.677969 1 1 1.000000
0  27.251596 -88.944778 20.138647  -0.735344 -0.397991 -0.548518  0.479263 0.677969 1 1 1.000000
0  27.251596 -88.129982 19.621141  -0.908029 -0.261065 -0.327608  0.479263 0.677236 1 1 1.000000
headlight
0  27.251596 -88.129982 19.621141  -0.908029 -0.261065 -0.327608  0.479263 0.677236 1 1 1.000000
0  27.251596 -87.667534 19.246777  -0.785405 -0.412605 -0.461406  0.479263 0.677236 1 1 1.000000
0  27.372715 -89.098930 20.116625  -0.785749 -0.428509 -0.446071  0.479751 0.677969 1 1 1.000000
headlight
0  27.361704 -87.755623 19.169701  -0.777498 -0.409236 -0.477517  0.479263 0.677236 1 1 1.000000
0  27.372715 -89.098930 20.116625  -0.785749 -0.428509 -0.446071  0.479751 0.677969 1 1 1.000000
0  27.251596 -87.667534 19.246777  -0.785405 -0.412605 -0.461406  0.479263 0.677236 1 1 1.000000
headlight
0  27.361704 -87.755623 19.169701  -0.777498 -0.409236 -0.477517  0.479263 0.677236 1 1 1.000000
0  27.251596 -87.667534 19.246777  -0.785405 -0.412605 -0.461406  0.479263 0.677236 1 1 1.000000
0  27.361704 -86.984871 18.365917  -0.731042 -0.505133 -0.458714  0.479263 0.676992 1 1 1.000000
headlight
0  27.251596 -86.874763 18.365917  -0.726985 -0.508766 -0.461140  0.479263 0.676992 1 1 1.000000
0  27.361704 -86.984871 18.365917  -0.730750 -0.505285 -0.459011  0.479263 0.676992 1 1 1.000000
0  27.251596 -87.667534 19.246777  -0.785148 -0.412945 -0.461539  0.479263 0.677236 1 1 1.000000
headlight
0  25.148544 -90.277077 19.962475  -0.873098 -0.423829 -0.240973  0.472671 0.680166 1 1 1.000000
0  25.071468 -90.144951 20.017529  -0.871011 -0.427405 -0.242206  0.471938 0.680166 1 1 1.000000
0  25.093491 -90.089897 19.852367  -0.854601 -0.418187 -0.307858  0.471938 0.680166 1 1 1.000000
headlight
0  25.016415 -89.935745 19.863379  -0.813269 -0.388908 -0.432833  0.471938 0.680166 1 1 1.000000
0  25.093491 -90.089897 19.852367  -0.854601 -0.418187 -0.307858  0.471938 0.680166 1 1 1.000000
0  25.071468 -90.144951 20.017529  -0.871011 -0.427405 -0.242206  0.471938 0.680166 1 1 1.000000
headlight
0  25.093491 -90.089897 19.852367  -0.854601 -0.418187 -0.307858  0.471938 0.680166 1 1 1.000000
0  25.016415 -89.935745 19.863379  -0.813269 -0.388908 -0.432833  0.471938 0.680166 1 1 1.000000
0  25.016415 -89.198029 19.279808  -0.936887 -0.238733 -0.255438  0.471938 0.680410 1 1 1.000000
headlight
0  25.016415 -89.198029 19.279808  -0.936887 -0.238733 -0.255438  0.471938 0.680410 1 1 1.000000
0  25.027426 -88.812653 18.916454  -0.765713 -0.486326 -0.420916  0.471450 0.680410 1 1 1.000000
0  25.093491 -90.089897 19.852367  -0.854601 -0.418187 -0.307858  0.471938 0.680166 1 1 1.000000
headlight
0  25.115511 -88.966805 18.927465  -0.709743 -0.476579 -0.518785  0.471450 0.680410 1 1 1.000000
0  25.093491 -90.089897 19.852367  -0.854601 -0.418187 -0.307858  0.471938 0.680166 1 1 1.000000
0  25.027426 -88.812653 18.916454  -0.765713 -0.486326 -0.420916  0.471450 0.680410 1 1 1.000000
headlight
0  25.115511 -88.966805 18.927465  -0.709743 -0.476579 -0.518785  0.471450 0.680410 1 1 1.000000
0  25.027426 -88.812653 18.916454  -0.765713 -0.486326 -0.420916  0.471450 0.680410 1 1 1.000000
0  25.115511 -88.339188 18.079638  -0.714632 -0.568308 -0.407831  0.471450 0.680410 1 1 1.000000
headlight
0  25.038437 -88.229080 18.068626  -0.709066 -0.573514 -0.410252  0.471450 0.680410 1 1 1.000000
0  25.115511 -88.339188 18.079638  -0.714377 -0.568541 -0.407955  0.471450 0.680410 1 1 1.000000
0  25.027426 -88.812653 18.916454  -0.765706 -0.486369 -0.420880  0.471450 0.680410 1 1 1.000000
headlight
0  30.147421 -88.416267 20.997484  0.328573 -0.424433 0.843740  0.391858 0.179418 1 1 1.000000
0  35.476620 -83.043022 21.625097  0.416737 -0.421412 0.805445  0.056887 0.180883 1 1 1.000000
0  35.520664 -82.833817 21.713182  0.544625 -0.398832 0.737778  0.050295 0.181860 1 1 1.000000
headlight
0  35.476620 -83.043022 21.625097  0.416737 -0.421412 0.805445  0.056887 0.180883 1 1 1.000000
0  35.608749 -82.965950 21.581055  0.734828 -0.382085 0.560391  0.050783 0.180639 1 1 1.000000
0  35.520664 -82.833817 21.713182  0.544625 -0.398832 0.737778  0.050295 0.181860 1 1 1.000000
headlight
0  35.663803 -82.745735 21.636108  0.755610 -0.367421 0.542268  0.042482 0.181616 1 1 1.000000
0  35.520664 -82.833817 21.713182  0.544625 -0.398832 0.737778  0.050295 0.181860 1 1 1.000000
0  35.608749 -82.965950 21.581055  0.734828 -0.382085 0.560391  0.050783 0.180639 1 1 1.000000
headlight
0  35.663803 -82.745735 21.636108  0.755610 -0.367421 0.542268  0.042482 0.181616 1 1 1.000000
0  35.608749 -82.965950 21.581055  0.734828 -0.382085 0.560391  0.050783 0.180639 1 1 1.000000
0  35.740879 -82.767754 21.459936  0.841856 -0.356194 0.405467  0.039552 0.180151 1 1 1.000000
headlight
0  35.641781 -83.009987 21.437914  0.843783 -0.364713 0.393719  0.051027 0.178930 1 1 1.000000
0  35.740879 -82.767754 21.459936  0.841856 -0.356194 0.405467  0.039552 0.180151 1 1 1.000000
0  35.608749 -82.965950 21.581055  0.734828 -0.382085 0.560391  0.050783 0.180639 1 1 1.000000
headlight
0  35.311459 -82.129128 18.101660  -0.997753 0.066973 -0.002045  0.850368 0.013642 1 1 1.000000
0  35.113266 -84.793732 18.189745  -0.978228 0.084717 0.189455  0.852077 0.013642 1 1 1.000000
0  35.124275 -84.870804 18.310863  -0.988971 0.080828 0.124108  0.852077 0.013642 1 1 1.000000
headlight
0  35.124275 -84.870804 18.310863  -0.988971 0.080828 0.124108  0.852077 0.013642 1 1 1.000000
0  35.146297 -84.793732 18.476025  -0.978937 -0.135660 0.152575  0.852077 0.013642 1 1 1.000000
0  35.311459 -82.129128 18.101660  -0.997753 0.066973 -0.002045  0.850368 0.013642 1 1 1.000000
headlight
0  35.289436 -82.162163 21.360840  -0.997276 -0.023161 0.070036  0.850612 0.014618 1 1 1.000000
0  35.311459 -82.129128 18.101660  -0.997753 0.066973 -0.002045  0.850368 0.013642 1 1 1.000000
0  35.146297 -84.793732 18.476025  -0.978937 -0.135660 0.152575  0.852077 0.013642 1 1 1.000000
headlight
0  35.289436 -82.162163 21.360840  -0.997276 -0.023161 0.070036  0.850612 0.014618 1 1 1.000000
0  35.146297 -84.793732 18.476025  -0.978937 -0.135660 0.152575  0.852077 0.013642 1 1 1.000000
0  35.399544 -83.296272 21.426903  -0.984555 -0.104564 0.140418  0.851344 0.014618 1 1 1.000000
headlight
0  35.212364 -84.870804 18.509056  -0.802430 -0.500037 0.325681  0.852077 0.013642 1 1 1.000000
0  35.399544 -83.296272 21.426903  -0.984555 -0.104564 0.140418  0.851344 0.014618 1 1 1.000000
0  35.146297 -84.793732 18.476025  -0.978937 -0.135660 0.152575  0.852077 0.013642 1 1 1.000000
headlight
0  30.301571 -89.076912 17.562132  0.704295 -0.547670 0.451693  0.082522 0.104465 1 1 1.000000
0  30.422689 -89.131966 17.297874  0.719763 -0.543690 0.431674  0.083499 0.104465 1 1 1.000000
0  30.576839 -88.493340 17.617186  0.854647 -0.264899 0.446549  0.083499 0.105197 1 1 1.000000
headlight
0  30.753012 -88.603447 17.231810  0.811522 -0.257299 0.524623  0.083987 0.104709 1 1 1.000000
0  30.576839 -88.493340 17.617186  0.854647 -0.264899 0.446549  0.083499 0.105197 1 1 1.000000
0  30.422689 -89.131966 17.297874  0.719763 -0.543690 0.431674  0.083499 0.104465 1 1 1.000000
headlight
0  30.576839 -88.493340 17.617186  0.854647 -0.264899 0.446549  0.083499 0.105197 1 1 1.000000
0  30.753012 -88.603447 17.231810  0.811522 -0.257299 0.524623  0.083987 0.104709 1 1 1.000000
0  31.171421 -82.162163 18.288841  0.880604 -0.133091 0.454779  0.083499 0.112033 1 1 1.000000
headlight
0  31.413656 -82.228226 17.793358  0.857190 -0.128192 0.498791  0.083987 0.112033 1 1 1.000000
0  31.171421 -82.162163 18.288841  0.880592 -0.133096 0.454800  0.083499 0.112033 1 1 1.000000
0  30.753012 -88.603447 17.231810  0.811383 -0.257003 0.524984  0.083987 0.104709 1 1 1.000000
headlight
0  30.753012 -88.603447 17.231810  0.811383 -0.257003 0.524984  0.083987 0.104709 1 1 1.000000
0  31.028280 -88.328178 17.011595  0.692928 -0.134968 0.708261  0.084231 0.105197 1 1 1.000000
0  31.413656 -82.228226 17.793358  0.857190 -0.128192 0.498791  0.083987 0.112033 1 1 1.000000
headlight
0  31.721958 -82.217216 17.308886  0.834995 -0.121597 0.536654  0.084231 0.112033 1 1 1.000000
0  31.413656 -82.228226 17.793358  0.857190 -0.128192 0.498791  0.083987 0.112033 1 1 1.000000
0  31.028280 -88.328178 17.011595  0.692928 -0.134968 0.708261  0.084231 0.105197 1 1 1.000000
headlight
0  30.213486 -86.445343 18.178734  0.992122 -0.017790 -0.124003  0.842067 0.010224 1 1 1.000000
0  30.477743 -86.456352 20.722216  0.993646 -0.026646 -0.109351  0.842555 0.011200 1 1 1.000000
0  30.125401 -88.482330 18.068626  0.993434 -0.033734 -0.109319  0.840846 0.010224 1 1 1.000000
headlight
0  30.477743 -86.456352 20.722216  0.993640 -0.026582 -0.109422  0.842555 0.011200 1 1 1.000000
0  30.213486 -86.445343 18.178734  0.992109 -0.017616 -0.124138  0.842067 0.010224 1 1 1.000000
0  30.587851 -82.657646 20.799292  0.992188 -0.026599 -0.121883  0.844020 0.011200 1 1 1.000000
headlight
0  30.213486 -86.445343 18.178734  0.992109 -0.017616 -0.124138  0.842067 0.010224 1 1 1.000000
0  30.059336 -85.113045 17.297874  0.989949 -0.012816 -0.140844  0.842555 0.009491 1 1 1.000000
0  30.587851 -82.657646 20.799292  0.992188 -0.026599 -0.121883  0.844020 0.011200 1 1 1.000000
headlight
0  30.191463 -82.932915 17.452024  0.992173 -0.053555 -0.112804  0.844020 0.009491 1 1 1.000000
0  30.587851 -82.657646 20.799292  0.992188 -0.026599 -0.121883  0.844020 0.011200 1 1 1.000000
0  30.059336 -85.113045 17.297874  0.989949 -0.012816 -0.140844  0.842555 0.009491 1 1 1.000000
headlight
0  31.380625 -84.793732 19.202734  -0.529456 -0.844001 -0.085665  0.056887 0.115207 1 1 1.000000
0  31.457699 -84.804741 19.202734  -0.365545 -0.900042 0.237279  0.056887 0.115207 1 1 1.000000
0  31.468710 -84.551491 20.259766  -0.354427 -0.884053 0.304684  0.056887 0.115207 1 1 1.000000
headlight
0  31.534775 -84.584526 20.215721  -0.360332 -0.885065 0.294653  0.056887 0.115207 1 1 1.000000
0  31.468710 -84.551491 20.259766  -0.354427 -0.884053 0.304684  0.056887 0.115207 1 1 1.000000
0  31.457699 -84.804741 19.202734  -0.365545 -0.900042 0.237279  0.056887 0.115207 1 1 1.000000
headlight
0  31.468710 -84.551491 20.259766  -0.354427 -0.884053 0.304684  0.056887 0.115207 1 1 1.000000
0  31.534775 -84.584526 20.215721  -0.360332 -0.885065 0.294653  0.056887 0.115207 1 1 1.000000
0  31.600840 -84.529472 20.413916  -0.280495 -0.872487 0.400111  0.056887 0.115207 1 1 1.000000
headlight
0  31.633871 -84.562508 20.347851  -0.281964 -0.877178 0.388658  0.056887 0.115207 1 1 1.000000
0  31.600840 -84.529472 20.413916  -0.280495 -0.872487 0.400111  0.056887 0.115207 1 1 1.000000
0  31.534775 -84.584526 20.215721  -0.360332 -0.885065 0.294653  0.056887 0.115207 1 1 1.000000
headlight
0  31.633871 -84.562508 20.347851  -0.281964 -0.877178 0.388658  0.056887 0.115207 1 1 1.000000
0  31.788021 -84.584526 20.413916  -0.175518 -0.858555 0.481743  0.056887 0.116184 1 1 1.000000
0  31.600840 -84.529472 20.413916  -0.280495 -0.872487 0.400111  0.056887 0.115207 1 1 1.000000
headlight
0  31.788021 -84.540482 20.490990  -0.168133 -0.853446 0.493316  0.056154 0.116184 1 1 1.000000
0  31.600840 -84.529472 20.413916  -0.280495 -0.872487 0.400111  0.056887 0.115207 1 1 1.000000
0  31.788021 -84.584526 20.413916  -0.175518 -0.858555 0.481743  0.056887 0.116184 1 1 1.000000
headlight
0  31.788021 -84.584526 20.413916  -0.175518 -0.858555 0.481743  0.056887 0.116184 1 1 1.000000
0  33.021225 -84.650589 20.535034  -0.064690 -0.798342 0.598720  0.056154 0.116184 1 1 1.000000
0  31.788021 -84.540482 20.490990  -0.168133 -0.853446 0.493316  0.056154 0.116184 1 1 1.000000
headlight
0  33.032234 -84.606544 20.623119  -0.057590 -0.798174 0.599668  0.056154 0.116184 1 1 1.000000
0  31.788021 -84.540482 20.490990  -0.168133 -0.853446 0.493316  0.056154 0.116184 1 1 1.000000
0  33.021225 -84.650589 20.535034  -0.064690 -0.798342 0.598720  0.056154 0.116184 1 1 1.000000
headlight
0  33.032234 -84.606544 20.623119  -0.057590 -0.798174 0.599668  0.056154 0.116184 1 1 1.000000
0  33.021225 -84.650589 20.535034  -0.064690 -0.798342 0.598720  0.056154 0.116184 1 1 1.000000
0  34.342514 -84.639580 20.612108  0.083968 -0.797445 0.597520  0.056154 0.116428 1 1 1.000000
headlight
0  34.287460 -84.705643 20.524023  0.063737 -0.795343 0.602800  0.056154 0.116428 1 1 1.000000
0  34.342514 -84.639580 20.612108  0.083968 -0.797445 0.597520  0.056154 0.116428 1 1 1.000000
0  33.021225 -84.650589 20.535034  -0.064690 -0.798342 0.598720  0.056154 0.116184 1 1 1.000000
headlight
0  34.342514 -84.639580 20.612108  0.083968 -0.797445 0.597520  0.056154 0.116428 1 1 1.000000
0  34.287460 -84.705643 20.524023  0.063737 -0.795343 0.602800  0.056154 0.116428 1 1 1.000000
0  34.507675 -84.661598 20.513012  0.222212 -0.848364 0.480521  0.056154 0.116428 1 1 1.000000
headlight
0  34.441612 -84.716652 20.457958  0.225661 -0.856158 0.464834  0.056154 0.116428 1 1 1.000000
0  34.507675 -84.661598 20.513012  0.222212 -0.848364 0.480521  0.056154 0.116428 1 1 1.000000
0  34.287460 -84.705643 20.524023  0.063737 -0.795343 0.602800  0.056154 0.116428 1 1 1.000000
headlight
0  34.507675 -84.661598 20.513012  0.222212 -0.848364 0.480521  0.056154 0.116428 1 1 1.000000
0  34.441612 -84.716652 20.457958  0.225661 -0.856158 0.464834  0.056154 0.116428 1 1 1.000000
0  34.595760 -84.738678 20.292797  0.286131 -0.899451 0.330329  0.056154 0.116428 1 1 1.000000
headlight
0  34.507675 -84.782722 20.270775  0.283709 -0.904071 0.319633  0.056154 0.116428 1 1 1.000000
0  34.595760 -84.738678 20.292797  0.286131 -0.899451 0.330329  0.056154 0.116428 1 1 1.000000
0  34.441612 -84.716652 20.457958  0.225661 -0.856158 0.464834  0.056154 0.116428 1 1 1.000000
headlight
0  34.595760 -84.738678 20.292797  0.286131 -0.899451 0.330329  0.056154 0.116428 1 1 1.000000
0  34.507675 -84.782722 20.270775  0.283709 -0.904071 0.319633  0.056154 0.116428 1 1 1.000000
0  34.551720 -85.057991 19.202734  0.242240 -0.935537 0.257081  0.056887 0.116916 1 1 1.000000
headlight
0  34.452621 -85.091019 19.191723  0.239231 -0.936312 0.257076  0.056887 0.116916 1 1 1.000000
0  34.551720 -85.057991 19.202734  0.242240 -0.935537 0.257081  0.056887 0.116916 1 1 1.000000
0  34.507675 -84.782722 20.270775  0.283709 -0.904071 0.319633  0.056154 0.116428 1 1 1.000000
headlight
0  31.094345 -82.239235 18.431982  -0.987138 -0.118162 -0.107687  0.057619 0.109836 1 1 1.000000
0  31.314560 -84.276222 18.619164  -0.980070 -0.100519 -0.171342  0.058596 0.110080 1 1 1.000000
0  31.017269 -82.272270 19.169701  -0.993101 -0.116591 -0.012556  0.057619 0.110080 1 1 1.000000
headlight
0  31.237484 -84.639580 19.202734  -0.995478 -0.094509 -0.009562  0.057619 0.110813 1 1 1.000000
0  31.017269 -82.272270 19.169701  -0.993101 -0.116591 -0.012556  0.057619 0.110080 1 1 1.000000
0  31.314560 -84.276222 18.619164  -0.980070 -0.100519 -0.171342  0.058596 0.110080 1 1 1.000000
headlight
0  31.237484 -84.639580 19.202734  -0.995478 -0.094509 -0.009562  0.057619 0.110813 1 1 1.000000
0  31.369614 -84.144096 20.303808  -0.941206 -0.101380 0.322263  0.057375 0.110813 1 1 1.000000
0  31.017269 -82.272270 19.169701  -0.993101 -0.116591 -0.012556  0.057619 0.110080 1 1 1.000000
headlight
0  31.105356 -82.283279 20.281786  -0.921586 -0.118435 0.369665  0.057375 0.110080 1 1 1.000000
0  31.017269 -82.272270 19.169701  -0.993101 -0.116591 -0.012556  0.057619 0.110080 1 1 1.000000
0  31.369614 -84.144096 20.303808  -0.941206 -0.101380 0.322263  0.057375 0.110813 1 1 1.000000
headlight
0  31.105356 -82.283279 20.281786  -0.921586 -0.118435 0.369665  0.057375 0.110080 1 1 1.000000
0  31.369614 -84.144096 20.303808  -0.941206 -0.101380 0.322263  0.057375 0.110813 1 1 1.000000
0  31.314560 -82.228226 20.535034  -0.599515 -0.070289 0.797271  0.057375 0.110080 1 1 1.000000
headlight
0  31.512753 -84.022980 20.524023  -0.662699 -0.078899 0.744718  0.057375 0.110813 1 1 1.000000
0  31.314560 -82.228226 20.535034  -0.599515 -0.070289 0.797271  0.057375 0.110080 1 1 1.000000
0  31.369614 -84.144096 20.303808  -0.941206 -0.101380 0.322263  0.057375 0.110813 1 1 1.000000
headlight
0  31.512753 -84.022980 20.524023  -0.662699 -0.078899 0.744718  0.057375 0.110813 1 1 1.000000
0  31.710947 -83.989944 20.645142  -0.283721 -0.039970 0.958073  0.057375 0.110813 1 1 1.000000
0  31.314560 -82.228226 20.535034  -0.599515 -0.070289 0.797271  0.057375 0.110080 1 1 1.000000
headlight
0  31.600840 -82.206207 20.667162  -0.262180 -0.041470 0.964128  0.057375 0.110080 1 1 1.000000
0  31.314560 -82.228226 20.535034  -0.599515 -0.070289 0.797271  0.057375 0.110080 1 1 1.000000
0  31.710947 -83.989944 20.645142  -0.283721 -0.039970 0.958073  0.057375 0.110813 1 1 1.000000
headlight
0  31.710947 -83.989944 20.645142  -0.283721 -0.039970 0.958073  0.057375 0.110813 1 1 1.000000
0  33.098301 -84.056007 20.777269  -0.060745 -0.051483 0.996825  0.056887 0.110813 1 1 1.000000
0  31.600840 -82.206207 20.667162  -0.262180 -0.041470 0.964128  0.057375 0.110080 1 1 1.000000
headlight
0  33.274471 -82.074074 20.909399  -0.061727 -0.060929 0.996232  0.056887 0.110080 1 1 1.000000
0  31.600840 -82.206207 20.667162  -0.262180 -0.041470 0.964128  0.057375 0.110080 1 1 1.000000
0  33.098301 -84.056007 20.777269  -0.060745 -0.051483 0.996825  0.056887 0.110813 1 1 1.000000
headlight
0  33.274471 -82.074074 20.909399  -0.061727 -0.060929 0.996232  0.056887 0.110080 1 1 1.000000
0  33.098301 -84.056007 20.777269  -0.060745 -0.051483 0.996825  0.056887 0.110813 1 1 1.000000
0  35.069221 -82.118118 20.898388  0.323450 -0.145498 0.934992  0.055910 0.110813 1 1 1.000000
headlight
0  34.529697 -84.078033 20.766258  0.248328 -0.122280 0.960927  0.056154 0.110813 1 1 1.000000
0  35.069221 -82.118118 20.898388  0.323450 -0.145498 0.934992  0.055910 0.110813 1 1 1.000000
0  33.098301 -84.056007 20.777269  -0.060745 -0.051483 0.996825  0.056887 0.110813 1 1 1.000000
headlight
0  35.069221 -82.118118 20.898388  0.323450 -0.145498 0.934992  0.055910 0.110813 1 1 1.000000
0  34.529697 -84.078033 20.766258  0.248328 -0.122280 0.960927  0.056154 0.110813 1 1 1.000000
0  35.245396 -82.129128 20.755249  0.752723 -0.234874 0.615014  0.055910 0.110813 1 1 1.000000
headlight
0  34.727890 -84.155106 20.656151  0.753414 -0.228802 0.616455  0.056154 0.110813 1 1 1.000000
0  35.245396 -82.129128 20.755249  0.752723 -0.234874 0.615014  0.055910 0.110813 1 1 1.000000
0  34.529697 -84.078033 20.766258  0.248328 -0.122280 0.960927  0.056154 0.110813 1 1 1.000000
headlight
0  35.245396 -82.129128 20.755249  0.752723 -0.234874 0.615014  0.055910 0.110813 1 1 1.000000
0  34.727890 -84.155106 20.656151  0.753414 -0.228802 0.616455  0.056154 0.110813 1 1 1.000000
0  35.366512 -82.129128 20.502001  0.942412 -0.255893 0.215354  0.055910 0.110813 1 1 1.000000
headlight
0  34.804966 -84.331276 20.369873  0.953306 -0.254609 0.162425  0.056154 0.111057 1 1 1.000000
0  35.366512 -82.129128 20.502001  0.942412 -0.255893 0.215354  0.055910 0.110813 1 1 1.000000
0  34.727890 -84.155106 20.656151  0.753414 -0.228802 0.616455  0.056154 0.110813 1 1 1.000000
headlight
0  35.366512 -82.129128 20.502001  0.942412 -0.255893 0.215354  0.055910 0.110813 1 1 1.000000
0  34.804966 -84.331276 20.369873  0.953306 -0.254609 0.162425  0.056154 0.111057 1 1 1.000000
0  35.410557 -82.129128 19.191723  0.967650 -0.250907 -0.026438  0.055910 0.110813 1 1 1.000000
headlight
0  34.683846 -84.947884 19.191723  0.967539 -0.252019 -0.018837  0.056154 0.111057 1 1 1.000000
0  35.410557 -82.129128 19.191723  0.967650 -0.250907 -0.026438  0.055910 0.110813 1 1 1.000000
0  34.804966 -84.331276 20.369873  0.953306 -0.254609 0.162425  0.056154 0.111057 1 1 1.000000
headlight
0  34.683846 -84.947884 19.191723  0.967539 -0.252019 -0.018837  0.056154 0.111057 1 1 1.000000
0  34.749912 -84.551491 18.630175  0.964224 -0.250684 -0.086193  0.056154 0.111057 1 1 1.000000
0  35.410557 -82.129128 19.191723  0.967650 -0.250907 -0.026438  0.055910 0.110813 1 1 1.000000
headlight
0  35.333481 -82.129128 18.431982  0.963912 -0.248811 -0.094690  0.055666 0.111057 1 1 1.000000
0  35.410557 -82.129128 19.191723  0.967650 -0.250907 -0.026438  0.055910 0.110813 1 1 1.000000
0  34.749912 -84.551491 18.630175  0.964224 -0.250684 -0.086193  0.056154 0.111057 1 1 1.000000
headlight
0  30.422689 -86.456352 20.744238  -0.993011 0.021058 0.116130  0.839137 0.010712 1 1 1.000000
0  30.114389 -86.445343 18.178734  -0.991385 0.013206 0.130310  0.839137 0.012177 1 1 1.000000
0  30.037313 -88.482330 18.079638  -0.992694 0.033259 0.115988  0.837916 0.012177 1 1 1.000000
headlight
0  30.114389 -86.445343 18.178734  -0.991385 0.013206 0.130310  0.839137 0.012177 1 1 1.000000
0  30.422689 -86.456352 20.744238  -0.993011 0.021058 0.116130  0.839137 0.010712 1 1 1.000000
0  30.477743 -82.657646 20.810303  -0.991731 0.020477 0.126689  0.840846 0.010712 1 1 1.000000
headlight
0  30.114389 -86.445343 18.178734  -0.991385 0.013206 0.130310  0.839137 0.012177 1 1 1.000000
0  30.477743 -82.657646 20.810303  -0.991731 0.020477 0.126689  0.840846 0.010712 1 1 1.000000
0  29.938217 -85.102028 17.297874  -0.989500 0.008078 0.144305  0.839381 0.012421 1 1 1.000000
headlight
0  30.070347 -82.932915 17.463036  -0.992047 0.050022 0.115501  0.840846 0.012421 1 1 1.000000
0  29.938217 -85.102028 17.297874  -0.989503 0.008114 0.144285  0.839381 0.012421 1 1 1.000000
0  30.477743 -82.657646 20.810303  -0.991732 0.020487 0.126683  0.840846 0.010712 1 1 1.000000
headlight
0  30.125401 -88.482330 18.068626  -0.162090 0.064169 -0.984687  0.840846 0.010224 1 1 1.000000
0  30.037313 -88.482330 18.079638  -0.157368 0.063462 -0.985499  0.840846 0.010224 1 1 1.000000
0  30.213486 -86.445343 18.178734  -0.002416 -0.254519 -0.967065  0.842067 0.010224 1 1 1.000000
headlight
0  30.114389 -86.445343 18.178734  -0.001103 -0.266236 -0.963907  0.842067 0.010224 1 1 1.000000
0  30.213486 -86.445343 18.178734  -0.002416 -0.254519 -0.967065  0.842067 0.010224 1 1 1.000000
0  30.037313 -88.482330 18.079638  -0.157368 0.063462 -0.985499  0.840846 0.010224 1 1 1.000000
headlight
0  30.213486 -86.445343 18.178734  -0.002416 -0.254519 -0.967065  0.842067 0.010224 1 1 1.000000
0  30.114389 -86.445343 18.178734  -0.001103 -0.266236 -0.963907  0.842067 0.010224 1 1 1.000000
0  30.059336 -85.113045 17.297874  -0.054686 -0.547007 -0.835340  0.842555 0.009491 1 1 1.000000
headlight
0  29.938217 -85.102028 17.297874  -0.056588 -0.547096 -0.835155  0.842555 0.009491 1 1 1.000000
0  30.059336 -85.113045 17.297874  -0.054705 -0.547037 -0.835319  0.842555 0.009491 1 1 1.000000
0  30.114389 -86.445343 18.178734  -0.001284 -0.266823 -0.963745  0.842067 0.010224 1 1 1.000000
headlightglass
0  35.575718 -86.059967 16.956541  0.193526 -0.110474 -0.974856  0.000000 1.000000 1 1 1.000000
0  35.487633 -85.828743 16.912498  0.199311 -0.109070 -0.973847  0.000000 1.000000 1 1 1.000000
0  37.260361 -83.846809 17.066648  0.205166 -0.105775 -0.972995  0.000000 1.000000 1 1 1.000000
headlightglass
0  35.487633 -85.828743 16.912498  0.199311 -0.109070 -0.973847  0.000000 1.000000 1 1 1.000000
0  35.575718 -86.059967 16.956541  0.193526 -0.110474 -0.974856  0.000000 1.000000 1 1 1.000000
0  31.622860 -89.781593 16.615210  0.184104 -0.116196 -0.976014  0.000000 1.000000 1 1 1.000000
headlightglass
0  31.710947 -89.990799 16.670263  0.182096 -0.117929 -0.976183  0.000000 1.000000 1 1 1.000000
0  31.622860 -89.781593 16.615210  0.184104 -0.116196 -0.976014  0.000000 1.000000 1 1 1.000000
0  35.575718 -86.059967 16.956541  0.193526 -0.110474 -0.974856  0.000000 1.000000 1 1 1.000000
headlightglass
0  31.622860 -89.781593 16.615210  0.184104 -0.116196 -0.976014  0.000000 1.000000 1 1 1.000000
0  31.710947 -89.990799 16.670263  0.182096 -0.117929 -0.976183  0.000000 1.000000 1 1 1.000000
0  27.339682 -93.569290 16.306908  0.231181 -0.205312 -0.951001  0.000000 1.000000 1 1 1.000000
headlightglass
0  27.383724 -93.701424 16.350950  0.226296 -0.208299 -0.951526  0.000000 1.000000 1 1 1.000000
0  27.339682 -93.569290 16.306908  0.231181 -0.205312 -0.951001  0.000000 1.000000 1 1 1.000000
0  31.710947 -89.990799 16.670263  0.182096 -0.117929 -0.976183  0.000000 1.000000 1 1 1.000000
headlightglass
0  27.339682 -93.569290 16.306908  0.231181 -0.205312 -0.951001  0.000000 1.000000 1 1 1.000000
0  27.383724 -93.701424 16.350950  0.226296 -0.208299 -0.951526  0.000000 1.000000 1 1 1.000000
0  24.895296 -95.364044 16.152758  0.158207 -0.281438 -0.946447  0.000000 1.000000 1 1 1.000000
headlightglass
0  25.049448 -95.452126 16.207811  0.182273 -0.268990 -0.945738  0.000000 1.000000 1 1 1.000000
0  24.895296 -95.364044 16.152758  0.158207 -0.281438 -0.946447  0.000000 1.000000 1 1 1.000000
0  27.383724 -93.701424 16.350950  0.226296 -0.208299 -0.951526  0.000000 1.000000 1 1 1.000000
headlightglass
0  24.895296 -95.364044 16.152758  0.158207 -0.281438 -0.946447  0.000000 1.000000 1 1 1.000000
0  25.049448 -95.452126 16.207811  0.182273 -0.268990 -0.945738  0.000000 1.000000 1 1 1.000000
0  24.278696 -95.760429 16.218822  0.027292 -0.646168 -0.762707  0.000000 1.000000 1 1 1.000000
headlightglass
0  24.432846 -95.859528 16.295897  0.069994 -0.590599 -0.803924  0.000000 1.000000 1 1 1.000000
0  24.278696 -95.760429 16.218822  0.027292 -0.646168 -0.762707  0.000000 1.000000 1 1 1.000000
0  25.049448 -95.452126 16.207811  0.182273 -0.268990 -0.945738  0.000000 1.000000 1 1 1.000000
headlightglass
0  24.278696 -95.760429 16.218822  0.027292 -0.646168 -0.762707  0.000000 1.000000 1 1 1.000000
0  24.432846 -95.859528 16.295897  0.069994 -0.590599 -0.803924  0.000000 1.000000 1 1 1.000000
0  23.849276 -95.969635 16.494091  -0.235017 -0.530916 -0.814184  0.000000 1.000000 1 1 1.000000
headlightglass
0  23.827255 -96.156815 16.615210  -0.328116 -0.489027 -0.808204  0.000000 1.000000 1 1 1.000000
0  23.849276 -95.969635 16.494091  -0.235017 -0.530916 -0.814184  0.000000 1.000000 1 1 1.000000
0  24.432846 -95.859528 16.295897  0.069994 -0.590599 -0.803924  0.000000 1.000000 1 1 1.000000
headlightglass
0  23.849276 -95.969635 16.494091  -0.235017 -0.530916 -0.814184  0.000000 1.000000 1 1 1.000000
0  23.827255 -96.156815 16.615210  -0.328116 -0.489027 -0.808204  0.000000 1.000000 1 1 1.000000
0  21.074572 -96.872513 18.409960  -0.432374 -0.444968 -0.784255  0.000000 1.000000 1 1 1.000000
headlightglass
0  21.239733 -97.015656 18.398949  -0.424972 -0.434061 -0.794349  0.000000 1.000000 1 1 1.000000
0  21.074572 -96.872513 18.409960  -0.432374 -0.444968 -0.784255  0.000000 1.000000 1 1 1.000000
0  23.827255 -96.156815 16.615210  -0.328116 -0.489027 -0.808204  0.000000 1.000000 1 1 1.000000
headlightglass
0  19.147692 -97.489113 19.885399  -0.441107 -0.455168 -0.773464  0.000000 1.000000 1 1 1.000000
0  21.074572 -96.872513 18.409960  -0.432374 -0.444968 -0.784255  0.000000 1.000000 1 1 1.000000
0  21.239733 -97.015656 18.398949  -0.424972 -0.434061 -0.794349  0.000000 1.000000 1 1 1.000000
headlightglass
0  25.908285 -93.635353 19.180712  0.539094 -0.727089 0.425112  0.000000 1.000000 1 1 1.000000
0  30.929184 -89.330154 19.808325  0.592135 -0.684099 0.425893  0.000000 1.000000 1 1 1.000000
0  24.443859 -93.260994 21.228710  0.507691 -0.709156 0.489232  0.000000 1.000000 1 1 1.000000
headlightglass
0  25.908285 -93.635353 19.180712  0.539094 -0.727089 0.425112  0.000000 1.000000 1 1 1.000000
0  24.443859 -93.260994 21.228710  0.507691 -0.709156 0.489232  0.000000 1.000000 1 1 1.000000
0  23.353794 -95.606277 18.784325  0.508864 -0.752849 0.417463  0.000000 1.000000 1 1 1.000000
headlightglass
0  21.592075 -95.551224 20.722216  0.481410 -0.741889 0.466739  0.000000 1.000000 1 1 1.000000
0  23.353794 -95.606277 18.784325  0.508864 -0.752849 0.417463  0.000000 1.000000 1 1 1.000000
0  24.443859 -93.260994 21.228710  0.507691 -0.709156 0.489232  0.000000 1.000000 1 1 1.000000
headlightglass
0  21.592075 -95.551224 20.722216  0.481410 -0.741889 0.466739  0.000000 1.000000 1 1 1.000000
0  19.246788 -97.290924 20.281786  0.481526 -0.737507 0.473515  0.000000 1.000000 1 1 1.000000
0  23.353794 -95.606277 18.784325  0.508864 -0.752849 0.417463  0.000000 1.000000 1 1 1.000000
headlightglass
0  21.338829 -97.081718 18.487036  0.484188 -0.755714 0.440974  0.000000 1.000000 1 1 1.000000
0  23.353794 -95.606277 18.784325  0.508864 -0.752849 0.417463  0.000000 1.000000 1 1 1.000000
0  19.246788 -97.290924 20.281786  0.481526 -0.737507 0.473515  0.000000 1.000000 1 1 1.000000
headlightglass
0  19.158703 -97.445076 20.138647  0.492925 -0.717809 0.491706  0.000000 1.000000 1 1 1.000000
0  21.338829 -97.081718 18.487036  0.484188 -0.755714 0.440974  0.000000 1.000000 1 1 1.000000
0  19.246788 -97.290924 20.281786  0.481526 -0.737507 0.473515  0.000000 1.000000 1 1 1.000000
headlightglass
0  19.224766 -97.533157 19.962475  0.504238 -0.696034 0.511156  0.000000 1.000000 1 1 1.000000
0  21.338829 -97.081718 18.487036  0.484188 -0.755714 0.440974  0.000000 1.000000 1 1 1.000000
0  19.158703 -97.445076 20.138647  0.492925 -0.717809 0.491706  0.000000 1.000000 1 1 1.000000
headlightglass
0  21.338829 -97.081718 18.487036  0.484188 -0.755714 0.440974  0.000000 1.000000 1 1 1.000000
0  23.893320 -96.233894 16.725317  0.545250 -0.754637 0.365000  0.000000 1.000000 1 1 1.000000
0  23.353794 -95.606277 18.784325  0.508864 -0.752849 0.417463  0.000000 1.000000 1 1 1.000000
headlightglass
0  23.893320 -96.233894 16.725317  0.545250 -0.754637 0.365000  0.000000 1.000000 1 1 1.000000
0  24.476889 -95.925591 16.439037  0.552624 -0.750335 0.362772  0.000000 1.000000 1 1 1.000000
0  23.353794 -95.606277 18.784325  0.508864 -0.752849 0.417463  0.000000 1.000000 1 1 1.000000
headlightglass
0  24.476889 -95.925591 16.439037  0.552624 -0.750335 0.362772  0.000000 1.000000 1 1 1.000000
0  25.060457 -95.540215 16.350950  0.546295 -0.758336 0.355651  0.000000 1.000000 1 1 1.000000
0  23.353794 -95.606277 18.784325  0.508864 -0.752849 0.417463  0.000000 1.000000 1 1 1.000000
headlightglass
0  23.353794 -95.606277 18.784325  0.508864 -0.752849 0.417463  0.000000 1.000000 1 1 1.000000
0  25.060457 -95.540215 16.350950  0.546295 -0.758336 0.355651  0.000000 1.000000 1 1 1.000000
0  25.908285 -93.635353 19.180712  0.539094 -0.727089 0.425112  0.000000 1.000000 1 1 1.000000
headlightglass
0  27.405746 -93.789505 16.494091  0.572604 -0.735569 0.362027  0.000000 1.000000 1 1 1.000000
0  25.908285 -93.635353 19.180712  0.539094 -0.727089 0.425112  0.000000 1.000000 1 1 1.000000
0  25.060457 -95.540215 16.350950  0.546295 -0.758336 0.355651  0.000000 1.000000 1 1 1.000000
headlightglass
0  27.405746 -93.789505 16.494091  0.572604 -0.735569 0.362027  0.000000 1.000000 1 1 1.000000
0  31.721958 -90.089897 16.813402  0.621463 -0.702393 0.347028  0.000000 1.000000 1 1 1.000000
0  25.908285 -93.635353 19.180712  0.539094 -0.727089 0.425112  0.000000 1.000000 1 1 1.000000
headlightglass
0  30.929184 -89.330154 19.808325  0.592135 -0.684099 0.425893  0.000000 1.000000 1 1 1.000000
0  25.908285 -93.635353 19.180712  0.539094 -0.727089 0.425112  0.000000 1.000000 1 1 1.000000
0  31.721958 -90.089897 16.813402  0.621463 -0.702393 0.347028  0.000000 1.000000 1 1 1.000000
headlightglass
0  31.721958 -90.089897 16.813402  0.621463 -0.702393 0.347028  0.000000 1.000000 1 1 1.000000
0  35.619759 -86.137039 17.088671  0.691413 -0.644293 0.326857  0.000000 1.000000 1 1 1.000000
0  30.929184 -89.330154 19.808325  0.592135 -0.684099 0.425893  0.000000 1.000000 1 1 1.000000
headlightglass
0  35.520664 -84.650589 20.270775  0.661616 -0.627172 0.410999  0.000000 1.000000 1 1 1.000000
0  30.929184 -89.330154 19.808325  0.592135 -0.684099 0.425893  0.000000 1.000000 1 1 1.000000
0  35.619759 -86.137039 17.088671  0.691413 -0.644293 0.326857  0.000000 1.000000 1 1 1.000000
headlightglass
0  35.619759 -86.137039 17.088671  0.691413 -0.644293 0.326857  0.000000 1.000000 1 1 1.000000
0  37.436531 -83.758720 17.308886  0.737822 -0.610912 0.287061  0.000000 1.000000 1 1 1.000000
0  35.520664 -84.650589 20.270775  0.661616 -0.627172 0.410999  0.000000 1.000000 1 1 1.000000
headlightglass
0  37.491585 -83.120094 18.685228  0.725835 -0.621161 0.295504  0.000000 1.000000 1 1 1.000000
0  35.520664 -84.650589 20.270775  0.661616 -0.627172 0.410999  0.000000 1.000000 1 1 1.000000
0  37.436531 -83.758720 17.308886  0.737822 -0.610912 0.287061  0.000000 1.000000 1 1 1.000000
headlightglass
0  37.293392 -83.978935 17.220800  0.756126 -0.596715 0.268710  0.000000 1.000000 1 1 1.000000
0  37.436531 -83.758720 17.308886  0.737822 -0.610912 0.287061  0.000000 1.000000 1 1 1.000000
0  35.619759 -86.137039 17.088671  0.691413 -0.644293 0.326857  0.000000 1.000000 1 1 1.000000
headlightglass
0  37.502598 -82.239235 20.215721  0.724886 -0.592277 0.351779  0.000000 1.000000 1 1 1.000000
0  35.520664 -84.650589 20.270775  0.661616 -0.627172 0.410999  0.000000 1.000000 1 1 1.000000
0  37.491585 -83.120094 18.685228  0.725835 -0.621161 0.295504  0.000000 1.000000 1 1 1.000000
headlightglass
0  37.502598 -82.239235 20.215721  0.724886 -0.592277 0.351779  0.000000 1.000000 1 1 1.000000
0  37.502598 -81.457474 21.470947  0.709241 -0.588614 0.387957  0.000000 1.000000 1 1 1.000000
0  35.520664 -84.650589 20.270775  0.661616 -0.627172 0.410999  0.000000 1.000000 1 1 1.000000
headlightglass
0  37.502598 -81.457474 21.470947  0.709241 -0.588614 0.387957  0.000000 1.000000 1 1 1.000000
0  37.436531 -81.270294 21.900366  0.679485 -0.592382 0.432878  0.000000 1.000000 1 1 1.000000
0  35.520664 -84.650589 20.270775  0.661616 -0.627172 0.410999  0.000000 1.000000 1 1 1.000000
headlightglass
0  35.520664 -84.650589 20.270775  0.661616 -0.627172 0.410999  0.000000 1.000000 1 1 1.000000
0  37.436531 -81.270294 21.900366  0.679485 -0.592382 0.432878  0.000000 1.000000 1 1 1.000000
0  37.249352 -81.171196 22.318773  0.657728 -0.595535 0.461229  0.000000 1.000000 1 1 1.000000
headlightglass
0  36.874985 -81.248268 22.715160  0.632177 -0.602299 0.487429  0.000000 1.000000 1 1 1.000000
0  35.520664 -84.650589 20.270775  0.661616 -0.627172 0.410999  0.000000 1.000000 1 1 1.000000
0  37.249352 -81.171196 22.318773  0.657728 -0.595535 0.461229  0.000000 1.000000 1 1 1.000000
headlightglass
0  36.874985 -81.248268 22.715160  0.632177 -0.602299 0.487429  0.000000 1.000000 1 1 1.000000
0  36.368492 -81.589607 22.935375  0.600404 -0.611212 0.515689  0.000000 1.000000 1 1 1.000000
0  35.520664 -84.650589 20.270775  0.661616 -0.627172 0.410999  0.000000 1.000000 1 1 1.000000
headlightglass
0  36.368492 -81.589607 22.935375  0.600404 -0.611212 0.515689  0.000000 1.000000 1 1 1.000000
0  34.981136 -82.932915 22.880322  0.587224 -0.616131 0.524929  0.000000 1.000000 1 1 1.000000
0  35.520664 -84.650589 20.270775  0.661616 -0.627172 0.410999  0.000000 1.000000 1 1 1.000000
headlightglass
0  34.981136 -82.932915 22.880322  0.587224 -0.616131 0.524929  0.000000 1.000000 1 1 1.000000
0  29.949228 -88.361214 22.153612  0.559152 -0.653771 0.509835  0.000000 1.000000 1 1 1.000000
0  35.520664 -84.650589 20.270775  0.661616 -0.627172 0.410999  0.000000 1.000000 1 1 1.000000
headlightglass
0  30.929184 -89.330154 19.808325  0.592135 -0.684099 0.425893  0.000000 1.000000 1 1 1.000000
0  35.520664 -84.650589 20.270775  0.661616 -0.627172 0.410999  0.000000 1.000000 1 1 1.000000
0  29.949228 -88.361214 22.153612  0.559152 -0.653771 0.509835  0.000000 1.000000 1 1 1.000000
headlightglass
0  29.949228 -88.361214 22.153612  0.559152 -0.653771 0.509835  0.000000 1.000000 1 1 1.000000
0  24.443859 -93.260994 21.228710  0.507691 -0.709156 0.489232  0.000000 1.000000 1 1 1.000000
0  30.929184 -89.330154 19.808325  0.592135 -0.684099 0.425893  0.000000 1.000000 1 1 1.000000
headlightglass
0  37.414513 -83.648613 17.154736  0.920628 -0.222882 -0.320575  0.000000 1.000000 1 1 1.000000
0  37.436531 -83.758720 17.308886  0.959294 -0.078890 -0.271167  0.000000 1.000000 1 1 1.000000
0  37.260361 -83.846809 17.066648  0.742693 -0.393984 -0.541465  0.000000 1.000000 1 1 1.000000
headlightglass
0  37.293392 -83.978935 17.220800  0.725431 -0.387061 -0.569152  0.000000 1.000000 1 1 1.000000
0  37.260361 -83.846809 17.066648  0.742693 -0.393984 -0.541465  0.000000 1.000000 1 1 1.000000
0  37.436531 -83.758720 17.308886  0.959294 -0.078890 -0.271167  0.000000 1.000000 1 1 1.000000
headlightglass
0  37.260361 -83.846809 17.066648  0.742693 -0.393984 -0.541465  0.000000 1.000000 1 1 1.000000
0  37.293392 -83.978935 17.220800  0.725431 -0.387061 -0.569152  0.000000 1.000000 1 1 1.000000
0  35.575718 -86.059967 16.956541  0.672371 -0.550258 -0.495110  0.000000 1.000000 1 1 1.000000
headlightglass
0  35.619759 -86.137039 17.088671  0.667404 -0.557812 -0.493374  0.000000 1.000000 1 1 1.000000
0  35.575718 -86.059967 16.956541  0.672371 -0.550258 -0.495110  0.000000 1.000000 1 1 1.000000
0  37.293392 -83.978935 17.220800  0.725431 -0.387061 -0.569152  0.000000 1.000000 1 1 1.000000
headlightglass
0  35.575718 -86.059967 16.956541  0.672371 -0.550258 -0.495110  0.000000 1.000000 1 1 1.000000
0  35.619759 -86.137039 17.088671  0.667404 -0.557812 -0.493374  0.000000 1.000000 1 1 1.000000
0  31.710947 -89.990799 16.670263  0.619131 -0.619411 -0.482708  0.000000 1.000000 1 1 1.000000
headlightglass
0  31.721958 -90.089897 16.813402  0.611608 -0.625535 -0.484398  0.000000 1.000000 1 1 1.000000
0  31.710947 -89.990799 16.670263  0.619131 -0.619411 -0.482708  0.000000 1.000000 1 1 1.000000
0  35.619759 -86.137039 17.088671  0.667404 -0.557812 -0.493374  0.000000 1.000000 1 1 1.000000
headlightglass
0  31.710947 -89.990799 16.670263  0.619131 -0.619411 -0.482708  0.000000 1.000000 1 1 1.000000
0  31.721958 -90.089897 16.813402  0.611608 -0.625535 -0.484398  0.000000 1.000000 1 1 1.000000
0  27.383724 -93.701424 16.350950  0.574196 -0.668816 -0.472213  0.000000 1.000000 1 1 1.000000
headlightglass
0  27.405746 -93.789505 16.494091  0.568387 -0.673132 -0.473107  0.000000 1.000000 1 1 1.000000
0  27.383724 -93.701424 16.350950  0.574196 -0.668816 -0.472213  0.000000 1.000000 1 1 1.000000
0  31.721958 -90.089897 16.813402  0.611608 -0.625535 -0.484398  0.000000 1.000000 1 1 1.000000
headlightglass
0  27.405746 -93.789505 16.494091  0.568387 -0.673132 -0.473107  0.000000 1.000000 1 1 1.000000
0  25.060457 -95.540215 16.350950  0.468280 -0.713997 -0.520501  0.000000 1.000000 1 1 1.000000
0  27.383724 -93.701424 16.350950  0.574196 -0.668816 -0.472213  0.000000 1.000000 1 1 1.000000
headlightglass
0  25.049448 -95.452126 16.207811  0.483173 -0.704021 -0.520480  0.000000 1.000000 1 1 1.000000
0  27.383724 -93.701424 16.350950  0.574196 -0.668816 -0.472213  0.000000 1.000000 1 1 1.000000
0  25.060457 -95.540215 16.350950  0.468280 -0.713997 -0.520501  0.000000 1.000000 1 1 1.000000
headlightglass
0  25.060457 -95.540215 16.350950  0.468280 -0.713997 -0.520501  0.000000 1.000000 1 1 1.000000
0  24.476889 -95.925591 16.439037  0.258397 -0.795024 -0.548787  0.000000 1.000000 1 1 1.000000
0  25.049448 -95.452126 16.207811  0.483173 -0.704021 -0.520480  0.000000 1.000000 1 1 1.000000
headlightglass
0  24.432846 -95.859528 16.295897  0.289095 -0.779362 -0.555894  0.000000 1.000000 1 1 1.000000
0  25.049448 -95.452126 16.207811  0.483173 -0.704021 -0.520480  0.000000 1.000000 1 1 1.000000
0  24.476889 -95.925591 16.439037  0.258397 -0.795024 -0.548787  0.000000 1.000000 1 1 1.000000
headlightglass
0  24.476889 -95.925591 16.439037  0.258397 -0.795024 -0.548787  0.000000 1.000000 1 1 1.000000
0  23.893320 -96.233894 16.725317  0.025383 -0.851066 -0.524445  0.000000 1.000000 1 1 1.000000
0  24.432846 -95.859528 16.295897  0.289095 -0.779362 -0.555894  0.000000 1.000000 1 1 1.000000
headlightglass
0  23.827255 -96.156815 16.615210  0.045602 -0.844104 -0.534237  0.000000 1.000000 1 1 1.000000
0  24.432846 -95.859528 16.295897  0.289095 -0.779362 -0.555894  0.000000 1.000000 1 1 1.000000
0  23.893320 -96.233894 16.725317  0.025383 -0.851066 -0.524445  0.000000 1.000000 1 1 1.000000
headlightglass
0  23.893320 -96.233894 16.725317  0.025383 -0.851066 -0.524445  0.000000 1.000000 1 1 1.000000
0  21.338829 -97.081718 18.487036  -0.079623 -0.882706 -0.463131  0.000000 1.000000 1 1 1.000000
0  23.827255 -96.156815 16.615210  0.045602 -0.844104 -0.534237  0.000000 1.000000 1 1 1.000000
headlightglass
0  21.239733 -97.015656 18.398949  -0.082513 -0.884853 -0.458504  0.000000 1.000000 1 1 1.000000
0  23.827255 -96.156815 16.615210  0.045602 -0.844104 -0.534237  0.000000 1.000000 1 1 1.000000
0  21.338829 -97.081718 18.487036  -0.079623 -0.882706 -0.463131  0.000000 1.000000 1 1 1.000000
headlightglass
0  21.338829 -97.081718 18.487036  -0.079623 -0.882706 -0.463131  0.000000 1.000000 1 1 1.000000
0  19.224766 -97.533157 19.962475  -0.396038 -0.914158 -0.086419  0.000000 1.000000 1 1 1.000000
0  21.239733 -97.015656 18.398949  -0.082513 -0.884853 -0.458504  0.000000 1.000000 1 1 1.000000
headlightglass
0  19.147692 -97.489113 19.885399  -0.312498 -0.938108 -0.149326  0.000000 1.000000 1 1 1.000000
0  21.239733 -97.015656 18.398949  -0.082513 -0.884853 -0.458504  0.000000 1.000000 1 1 1.000000
0  19.224766 -97.533157 19.962475  -0.396038 -0.914158 -0.086419  0.000000 1.000000 1 1 1.000000
headlightglass
0  19.224766 -97.533157 19.962475  -0.396038 -0.914158 -0.086419  0.000000 1.000000 1 1 1.000000
0  19.158703 -97.445076 20.138647  -0.566011 -0.694745 0.443803  0.000000 1.000000 1 1 1.000000
0  19.147692 -97.489113 19.885399  -0.312498 -0.938108 -0.149326  0.000000 1.000000 1 1 1.000000
headlightglass
0  19.037584 -97.367996 20.127636  -0.537772 -0.660620 0.523815  0.000000 1.000000 1 1 1.000000
0  19.147692 -97.489113 19.885399  -0.312900 -0.938059 -0.148792  0.000000 1.000000 1 1 1.000000
0  19.158703 -97.445076 20.138647  -0.565799 -0.694549 0.444380  0.000000 1.000000 1 1 1.000000
headlightglass
0  19.158703 -97.445076 20.138647  -0.565799 -0.694549 0.444380  0.000000 1.000000 1 1 1.000000
0  19.246788 -97.290924 20.281786  -0.251683 -0.443155 0.860389  0.000000 1.000000 1 1 1.000000
0  19.037584 -97.367996 20.127636  -0.537772 -0.660620 0.523815  0.000000 1.000000 1 1 1.000000
headlightglass
0  19.180723 -97.169807 20.336840  -0.124218 -0.396505 0.909590  0.000000 1.000000 1 1 1.000000
0  19.037584 -97.367996 20.127636  -0.537772 -0.660620 0.523815  0.000000 1.000000 1 1 1.000000
0  19.246788 -97.290924 20.281786  -0.251683 -0.443155 0.860389  0.000000 1.000000 1 1 1.000000
headlightglass
0  19.246788 -97.290924 20.281786  -0.251683 -0.443155 0.860389  0.000000 1.000000 1 1 1.000000
0  21.592075 -95.551224 20.722216  0.039967 -0.274891 0.960644  0.000000 1.000000 1 1 1.000000
0  19.180723 -97.169807 20.336840  -0.124218 -0.396505 0.909590  0.000000 1.000000 1 1 1.000000
headlightglass
0  21.492979 -95.452126 20.755249  0.039377 -0.274004 0.960922  0.000000 1.000000 1 1 1.000000
0  19.180723 -97.169807 20.336840  -0.124218 -0.396505 0.909590  0.000000 1.000000 1 1 1.000000
0  21.592075 -95.551224 20.722216  0.039967 -0.274891 0.960644  0.000000 1.000000 1 1 1.000000
headlightglass
0  21.592075 -95.551224 20.722216  0.039967 -0.274891 0.960644  0.000000 1.000000 1 1 1.000000
0  24.443859 -93.260994 21.228710  0.032135 -0.233333 0.971866  0.000000 1.000000 1 1 1.000000
0  21.492979 -95.452126 20.755249  0.039377 -0.274004 0.960922  0.000000 1.000000 1 1 1.000000
headlightglass
0  24.344761 -93.150887 21.261742  0.031983 -0.233922 0.971729  0.000000 1.000000 1 1 1.000000
0  21.492979 -95.452126 20.755249  0.039377 -0.274004 0.960922  0.000000 1.000000 1 1 1.000000
0  24.443859 -93.260994 21.228710  0.032135 -0.233333 0.971866  0.000000 1.000000 1 1 1.000000
headlightglass
0  24.344761 -93.150887 21.261742  0.031983 -0.233922 0.971729  0.000000 1.000000 1 1 1.000000
0  24.443859 -93.260994 21.228710  0.032135 -0.233333 0.971866  0.000000 1.000000 1 1 1.000000
0  29.828110 -88.251106 22.153612  -0.009536 -0.149155 0.988768  0.000000 1.000000 1 1 1.000000
headlightglass
0  29.949228 -88.361214 22.153612  -0.009666 -0.147713 0.988983  0.000000 1.000000 1 1 1.000000
0  29.828110 -88.251106 22.153612  -0.009536 -0.149155 0.988768  0.000000 1.000000 1 1 1.000000
0  24.443859 -93.260994 21.228710  0.032135 -0.233333 0.971866  0.000000 1.000000 1 1 1.000000
headlightglass
0  29.828110 -88.251106 22.153612  -0.009536 -0.149155 0.988768  0.000000 1.000000 1 1 1.000000
0  29.949228 -88.361214 22.153612  -0.009666 -0.147713 0.988983  0.000000 1.000000 1 1 1.000000
0  34.849007 -82.844826 22.891333  -0.010982 -0.079606 0.996766  0.000000 1.000000 1 1 1.000000
headlightglass
0  34.981136 -82.932915 22.880322  -0.009255 -0.073989 0.997216  0.000000 1.000000 1 1 1.000000
0  34.849007 -82.844826 22.891333  -0.010982 -0.079606 0.996766  0.000000 1.000000 1 1 1.000000
0  29.949228 -88.361214 22.153612  -0.009666 -0.147713 0.988983  0.000000 1.000000 1 1 1.000000
headlightglass
0  34.981136 -82.932915 22.880322  -0.009255 -0.073989 0.997216  0.000000 1.000000 1 1 1.000000
0  36.368492 -81.589607 22.935375  0.183010 -0.044156 0.982119  0.000000 1.000000 1 1 1.000000
0  34.849007 -82.844826 22.891333  -0.010982 -0.079606 0.996766  0.000000 1.000000 1 1 1.000000
headlightglass
0  36.291416 -81.424446 22.946386  0.240701 -0.022146 0.970347  0.000000 1.000000 1 1 1.000000
0  34.849007 -82.844826 22.891333  -0.010982 -0.079606 0.996766  0.000000 1.000000 1 1 1.000000
0  36.368492 -81.589607 22.935375  0.183010 -0.044156 0.982119  0.000000 1.000000 1 1 1.000000
headlightglass
0  36.368492 -81.589607 22.935375  0.183010 -0.044156 0.982119  0.000000 1.000000 1 1 1.000000
0  36.874985 -81.248268 22.715160  0.530467 0.056331 0.845832  0.000000 1.000000 1 1 1.000000
0  36.291416 -81.424446 22.946386  0.240701 -0.022146 0.970347  0.000000 1.000000 1 1 1.000000
headlightglass
0  36.841953 -81.061089 22.726171  0.558280 0.075351 0.826224  0.000000 1.000000 1 1 1.000000
0  36.291416 -81.424446 22.946386  0.240701 -0.022146 0.970347  0.000000 1.000000 1 1 1.000000
0  36.874985 -81.248268 22.715160  0.530467 0.056331 0.845832  0.000000 1.000000 1 1 1.000000
headlightglass
0  36.841953 -81.061089 22.726171  0.558280 0.075351 0.826224  0.000000 1.000000 1 1 1.000000
0  36.874985 -81.248268 22.715160  0.530467 0.056331 0.845832  0.000000 1.000000 1 1 1.000000
0  37.238338 -80.973000 22.329784  0.826703 0.018660 0.562328  0.000000 1.000000 1 1 1.000000
headlightglass
0  37.249352 -81.171196 22.318773  0.839001 0.000175 0.544129  0.000000 1.000000 1 1 1.000000
0  37.238338 -80.973000 22.329784  0.826703 0.018660 0.562328  0.000000 1.000000 1 1 1.000000
0  36.874985 -81.248268 22.715160  0.530467 0.056331 0.845832  0.000000 1.000000 1 1 1.000000
headlightglass
0  37.249352 -81.171196 22.318773  0.839001 0.000175 0.544129  0.000000 1.000000 1 1 1.000000
0  37.436531 -81.270294 21.900366  0.961448 0.026616 0.273696  0.000000 1.000000 1 1 1.000000
0  37.238338 -80.973000 22.329784  0.826703 0.018660 0.562328  0.000000 1.000000 1 1 1.000000
headlightglass
0  37.436531 -81.105133 21.856323  0.955942 0.038325 0.291042  0.000000 1.000000 1 1 1.000000
0  37.238338 -80.973000 22.329784  0.826703 0.018660 0.562328  0.000000 1.000000 1 1 1.000000
0  37.436531 -81.270294 21.900366  0.961448 0.026616 0.273696  0.000000 1.000000 1 1 1.000000
headlightglass
0  37.436531 -81.105133 21.856323  0.955942 0.038325 0.291042  0.000000 1.000000 1 1 1.000000
0  37.436531 -81.270294 21.900366  0.961448 0.026616 0.273696  0.000000 1.000000 1 1 1.000000
0  37.513607 -81.314339 21.404882  0.993945 -0.026538 0.106623  0.000000 1.000000 1 1 1.000000
headlightglass
0  37.502598 -81.457474 21.470947  0.994504 -0.037437 0.097779  0.000000 1.000000 1 1 1.000000
0  37.513607 -81.314339 21.404882  0.993945 -0.026538 0.106623  0.000000 1.000000 1 1 1.000000
0  37.436531 -81.270294 21.900366  0.961448 0.026616 0.273696  0.000000 1.000000 1 1 1.000000
headlightglass
0  37.502598 -81.457474 21.470947  0.994504 -0.037437 0.097779  0.000000 1.000000 1 1 1.000000
0  37.502598 -82.239235 20.215721  0.998724 0.035870 -0.035558  0.000000 1.000000 1 1 1.000000
0  37.513607 -81.314339 21.404882  0.993945 -0.026538 0.106623  0.000000 1.000000 1 1 1.000000
headlightglass
0  37.502598 -82.107109 20.127636  0.998119 0.044680 -0.041974  0.000000 1.000000 1 1 1.000000
0  37.513607 -81.314339 21.404882  0.993945 -0.026538 0.106623  0.000000 1.000000 1 1 1.000000
0  37.502598 -82.239235 20.215721  0.998724 0.035870 -0.035558  0.000000 1.000000 1 1 1.000000
headlightglass
0  37.502598 -82.239235 20.215721  0.998724 0.035870 -0.035558  0.000000 1.000000 1 1 1.000000
0  37.491585 -83.120094 18.685228  0.966738 0.211379 -0.144003  0.000000 1.000000 1 1 1.000000
0  37.502598 -82.107109 20.127636  0.998119 0.044680 -0.041974  0.000000 1.000000 1 1 1.000000
headlightglass
0  37.436531 -82.965950 18.608152  0.965698 0.214404 -0.146486  0.000000 1.000000 1 1 1.000000
0  37.502598 -82.107109 20.127636  0.998119 0.044680 -0.041974  0.000000 1.000000 1 1 1.000000
0  37.491585 -83.120094 18.685228  0.966738 0.211379 -0.144003  0.000000 1.000000 1 1 1.000000
headlightglass
0  37.491585 -83.120094 18.685228  0.966738 0.211379 -0.144003  0.000000 1.000000 1 1 1.000000
0  37.436531 -83.758720 17.308886  0.959294 -0.078890 -0.271167  0.000000 1.000000 1 1 1.000000
0  37.436531 -82.965950 18.608152  0.965698 0.214404 -0.146486  0.000000 1.000000 1 1 1.000000
headlightglass
0  37.414513 -83.648613 17.154736  0.920628 -0.222882 -0.320575  0.000000 1.000000 1 1 1.000000
0  37.436531 -82.965950 18.608152  0.965698 0.214404 -0.146486  0.000000 1.000000 1 1 1.000000
0  37.436531 -83.758720 17.308886  0.959294 -0.078890 -0.271167  0.000000 1.000000 1 1 1.000000
headlight2
0  -36.181293 -83.560524 18.828373  -0.658093 -0.661505 0.359617  0.876492 0.008026 1 1 1.000000
0  -35.443573 -84.353302 18.762308  -0.663863 -0.658671 0.354172  0.831813 0.009491 1 1 1.000000
0  -36.709808 -81.556572 21.603079  -0.653927 -0.637005 0.408172  0.957793 0.119358 1 1 1.000000
headlight2
0  -35.718842 -82.646637 21.448929  -0.663186 -0.644148 0.381127  0.899686 0.117893 1 1 1.000000
0  -36.709808 -81.556572 21.603079  -0.653927 -0.637005 0.408172  0.957793 0.119358 1 1 1.000000
0  -35.443573 -84.353302 18.762308  -0.663863 -0.658671 0.354172  0.831813 0.009491 1 1 1.000000
headlight2
0  -35.718842 -82.646637 21.448929  -0.663186 -0.644148 0.381127  0.899686 0.117893 1 1 1.000000
0  -35.641766 -82.602592 21.647121  -0.657699 -0.650618 0.379641  0.899686 0.126194 1 1 1.000000
0  -36.709808 -81.556572 21.603079  -0.653927 -0.637005 0.408172  0.957793 0.119358 1 1 1.000000
headlight2
0  -35.641766 -82.602592 21.647121  -0.657699 -0.650618 0.379641  0.899686 0.126194 1 1 1.000000
0  -35.498627 -82.690681 21.735209  -0.622101 -0.636602 0.455773  0.893582 0.130100 1 1 1.000000
0  -36.709808 -81.556572 21.603079  -0.653927 -0.637005 0.408172  0.957793 0.119358 1 1 1.000000
headlight2
0  -36.742840 -81.061089 22.230692  -0.646917 -0.624709 0.437307  0.975372 0.145970 1 1 1.000000
0  -36.709808 -81.556572 21.603079  -0.653927 -0.637005 0.408172  0.957793 0.119358 1 1 1.000000
0  -35.498627 -82.690681 21.735209  -0.622101 -0.636602 0.455773  0.893582 0.130100 1 1 1.000000
headlight2
0  -36.654755 -81.039070 22.384842  -0.651884 -0.612523 0.447060  0.973907 0.152562 1 1 1.000000
0  -36.742840 -81.061089 22.230692  -0.646917 -0.624709 0.437307  0.975372 0.145970 1 1 1.000000
0  -36.489594 -81.171196 22.461918  -0.643092 -0.625950 0.441157  0.966094 0.156468 1 1 1.000000
headlight2
0  -36.742840 -81.061089 22.230692  -0.646917 -0.624709 0.437307  0.975372 0.145970 1 1 1.000000
0  -35.498627 -82.690681 21.735209  -0.622101 -0.636602 0.455773  0.893582 0.130100 1 1 1.000000
0  -36.489594 -81.171196 22.461918  -0.643092 -0.625950 0.441157  0.966094 0.156468 1 1 1.000000
headlight2
0  -34.904045 -82.866852 22.252712  -0.606593 -0.639356 0.472513  0.873806 0.155980 1 1 1.000000
0  -36.489594 -81.171196 22.461918  -0.643092 -0.625950 0.441157  0.966094 0.156468 1 1 1.000000
0  -35.498627 -82.690681 21.735209  -0.622101 -0.636602 0.455773  0.893582 0.130100 1 1 1.000000
headlight2
0  -35.498627 -82.690681 21.735209  -0.622101 -0.636602 0.455773  0.893582 0.130100 1 1 1.000000
0  -30.048309 -88.317169 21.030521  -0.520053 -0.638467 0.567366  0.585223 0.134495 1 1 1.000000
0  -34.904045 -82.866852 22.252712  -0.606593 -0.639356 0.472513  0.873806 0.155980 1 1 1.000000
headlight2
0  -29.828094 -88.063919 21.526005  -0.522900 -0.634013 0.569739  0.588641 0.159154 1 1 1.000000
0  -34.904045 -82.866852 22.252712  -0.606593 -0.639356 0.472513  0.873806 0.155980 1 1 1.000000
0  -30.048309 -88.317169 21.030521  -0.520053 -0.638467 0.567366  0.585223 0.134495 1 1 1.000000
headlight2
0  -30.048309 -88.317169 21.030521  -0.520053 -0.638467 0.567366  0.585223 0.134495 1 1 1.000000
0  -24.564959 -93.172905 20.226736  -0.485530 -0.682574 0.546217  0.276864 0.137669 1 1 1.000000
0  -29.828094 -88.063919 21.526005  -0.522900 -0.634013 0.569739  0.588641 0.159154 1 1 1.000000
headlight2
0  -24.322723 -92.996735 20.656155  -0.485738 -0.684742 0.543311  0.276864 0.160619 1 1 1.000000
0  -29.828094 -88.063919 21.526005  -0.522900 -0.634013 0.569739  0.588641 0.159154 1 1 1.000000
0  -24.564959 -93.172905 20.226736  -0.485530 -0.682574 0.546217  0.276864 0.137669 1 1 1.000000
headlight2
0  -24.564959 -93.172905 20.226736  -0.485530 -0.682574 0.546217  0.276864 0.137669 1 1 1.000000
0  -21.636101 -95.430107 19.786306  -0.480232 -0.732402 0.482664  0.121586 0.141087 1 1 1.000000
0  -24.322723 -92.996735 20.656155  -0.485738 -0.684742 0.543311  0.276864 0.160619 1 1 1.000000
headlight2
0  -21.448917 -95.297981 20.171682  -0.478931 -0.733931 0.481633  0.120365 0.159886 1 1 1.000000
0  -24.322723 -92.996735 20.656155  -0.485738 -0.684742 0.543311  0.276864 0.160619 1 1 1.000000
0  -21.636101 -95.430107 19.786306  -0.480232 -0.732402 0.482664  0.121586 0.141087 1 1 1.000000
headlight2
0  -21.636101 -95.430107 19.786306  -0.480232 -0.732402 0.482664  0.121586 0.141087 1 1 1.000000
0  -20.171671 -96.487137 19.544071  -0.452621 -0.742773 0.493379  0.046632 0.142796 1 1 1.000000
0  -21.448917 -95.297981 20.171682  -0.478931 -0.733931 0.481633  0.120365 0.159886 1 1 1.000000
headlight2
0  -19.643156 -96.608253 19.863382  -0.451198 -0.742295 0.495397  0.029298 0.160619 1 1 1.000000
0  -21.448917 -95.297981 20.171682  -0.478931 -0.733931 0.481633  0.120365 0.159886 1 1 1.000000
0  -20.171671 -96.487137 19.544071  -0.452621 -0.742773 0.493379  0.046632 0.142796 1 1 1.000000
lit2
0  -22.208660 -94.714409 17.220804  -0.845275 0.534091 -0.016002  0.380871 0.819330 1 1 1.000000
0  -22.065521 -94.395096 19.026566  -0.872705 0.450351 -0.188598  0.412122 0.864742 1 1 1.000000
0  -20.986467 -92.765511 17.969534  -0.946290 0.225578 -0.231623  0.457778 0.822016 1 1 1.000000
lit2
0  -20.986467 -92.765511 17.969534  -0.946290 0.225578 -0.231623  0.457778 0.822016 1 1 1.000000
0  -20.975458 -92.688431 17.562136  -0.962390 0.271671 0.000258  0.456313 0.811029 1 1 1.000000
0  -22.208660 -94.714409 17.220804  -0.845275 0.534091 -0.016002  0.380871 0.819330 1 1 1.000000
lit2
0  -20.975458 -92.688431 17.562136  -0.962390 0.271671 0.000258  0.456313 0.811029 1 1 1.000000
0  -20.986467 -92.765511 17.969534  -0.946290 0.225578 -0.231623  0.457778 0.822016 1 1 1.000000
0  -20.953436 -91.686455 17.694265  -0.781256 -0.272019 -0.561823  0.483413 0.812250 1 1 1.000000
lit2
0  -21.603069 -92.611359 19.048588  -0.798409 -0.132087 -0.587449  0.462661 0.859371 1 1 1.000000
0  -20.953436 -91.686455 17.694265  -0.781256 -0.272019 -0.561823  0.483413 0.812250 1 1 1.000000
0  -20.986467 -92.765511 17.969534  -0.946290 0.225578 -0.231623  0.457778 0.822016 1 1 1.000000
lit2
0  -21.603069 -92.611359 19.048588  -0.798409 -0.132087 -0.587449  0.462661 0.859371 1 1 1.000000
0  -22.538982 -91.620392 19.180716  -0.531285 -0.498859 -0.684745  0.502945 0.870113 1 1 1.000000
0  -20.953436 -91.686455 17.694265  -0.781256 -0.272019 -0.561823  0.483413 0.812250 1 1 1.000000
lit2
0  -21.757219 -90.332130 17.782351  -0.414620 -0.537797 -0.734074  0.527604 0.813715 1 1 1.000000
0  -20.953436 -91.686455 17.694265  -0.781256 -0.272019 -0.561823  0.483413 0.812250 1 1 1.000000
0  -22.538982 -91.620392 19.180716  -0.531285 -0.498859 -0.684745  0.502945 0.870113 1 1 1.000000
lit2
0  -22.538982 -91.620392 19.180716  -0.531285 -0.498859 -0.684745  0.502945 0.870113 1 1 1.000000
0  -22.616058 -90.431229 17.947512  -0.045857 -0.716544 -0.696033  0.541765 0.832514 1 1 1.000000
0  -21.757219 -90.332130 17.782351  -0.414620 -0.537797 -0.734074  0.527604 0.813715 1 1 1.000000
lit2
0  -21.603069 -92.611359 19.048588  -0.798409 -0.132087 -0.587449  0.462661 0.859371 1 1 1.000000
0  -20.986467 -92.765511 17.969534  -0.946290 0.225578 -0.231623  0.457778 0.822016 1 1 1.000000
0  -22.065521 -94.395096 19.026566  -0.872793 0.449895 -0.189281  0.412122 0.864742 1 1 1.000000
lit2
0  -29.299580 -86.830719 18.376932  0.002220 -0.842484 -0.538717  0.377209 0.677236 1 1 1.000000
0  -27.350677 -86.830719 18.376932  0.002900 -0.843247 -0.537519  0.373791 0.875973 1 1 1.000000
0  -29.299580 -87.436310 19.301834  0.000000 -0.719289 -0.694710  0.445326 0.680410 1 1 1.000000
lit2
0  -27.372700 -87.403275 19.268803  -0.000516 -0.721653 -0.692254  0.440443 0.877438 1 1 1.000000
0  -29.299580 -87.436310 19.301834  -0.000001 -0.718714 -0.695306  0.445326 0.680410 1 1 1.000000
0  -27.350677 -86.830719 18.376932  0.002937 -0.843222 -0.537557  0.373791 0.875973 1 1 1.000000
lit2
0  -27.372700 -87.403275 19.268803  -0.000516 -0.721653 -0.692254  0.440443 0.877438 1 1 1.000000
0  -27.350677 -88.724564 20.193705  -0.002199 -0.638661 -0.769485  0.540300 0.880856 1 1 1.000000
0  -29.299580 -87.436310 19.301834  -0.000001 -0.718714 -0.695306  0.445326 0.680410 1 1 1.000000
lit2
0  -29.277557 -88.702545 20.182693  -0.003173 -0.627600 -0.778529  0.541765 0.685293 1 1 1.000000
0  -29.299580 -87.436310 19.301834  -0.000001 -0.718714 -0.695306  0.445326 0.680410 1 1 1.000000
0  -27.350677 -88.724564 20.193705  -0.002199 -0.638661 -0.769485  0.540300 0.880856 1 1 1.000000
lit2
0  -29.277557 -88.702545 20.182693  -0.003173 -0.627600 -0.778529  0.541765 0.685293 1 1 1.000000
0  -27.350677 -88.724564 20.193705  -0.002199 -0.638661 -0.769485  0.540300 0.880856 1 1 1.000000
0  -29.178461 -88.790627 20.270779  -0.004579 -0.733256 -0.679937  0.549333 0.697012 1 1 1.000000
lit2
0  -27.482807 -88.790627 20.270779  -0.001186 -0.770500 -0.637439  0.547380 0.868892 1 1 1.000000
0  -29.178461 -88.790627 20.270779  -0.004579 -0.733256 -0.679937  0.549333 0.697012 1 1 1.000000
0  -27.350677 -88.724564 20.193705  -0.002199 -0.638661 -0.769485  0.540300 0.880856 1 1 1.000000
lit
0  -32.966156 -84.188141 20.413919  -0.047601 -0.820207 0.570083  0.369152 0.794427 1 1 1.000000
0  -32.933125 -84.474419 20.017532  0.023891 -0.902205 0.430646  0.344737 0.798578 1 1 1.000000
0  -31.865082 -84.033989 20.270779  0.292190 -0.881921 0.369919  0.363048 0.866939 1 1 1.000000
lit
0  -32.933125 -84.474419 20.017532  0.023891 -0.902205 0.430646  0.344737 0.798578 1 1 1.000000
0  -32.305511 -84.474419 19.511038  0.308646 -0.938798 0.152957  0.319834 0.837886 1 1 1.000000
0  -31.865082 -84.033989 20.270779  0.292190 -0.881921 0.369919  0.363048 0.866939 1 1 1.000000
lit
0  -32.305511 -84.474419 19.511038  0.308646 -0.938798 0.152957  0.319834 0.837886 1 1 1.000000
0  -31.732952 -84.033989 20.127640  0.365576 -0.887447 0.280700  0.355968 0.875240 1 1 1.000000
0  -31.865082 -84.033989 20.270779  0.292190 -0.881921 0.369919  0.363048 0.866939 1 1 1.000000
lit
0  -31.688910 -84.232185 19.301834  0.407231 -0.912801 0.030952  0.309824 0.878170 1 1 1.000000
0  -31.732952 -84.033989 20.127640  0.365576 -0.887447 0.280700  0.355968 0.875240 1 1 1.000000
0  -32.305511 -84.474419 19.511038  0.308646 -0.938798 0.152957  0.319834 0.837886 1 1 1.000000
lit
0  -32.305511 -84.474419 19.511038  0.308646 -0.938798 0.152957  0.319834 0.837886 1 1 1.000000
0  -32.393597 -84.474419 18.751297  0.270990 -0.939888 -0.207787  0.280526 0.832026 1 1 1.000000
0  -31.688910 -84.232185 19.301834  0.407231 -0.912801 0.030952  0.309824 0.878170 1 1 1.000000
lit
0  -31.732952 -84.100052 18.454006  0.400355 -0.895244 -0.195588  0.264168 0.878170 1 1 1.000000
0  -31.688910 -84.232185 19.301834  0.407231 -0.912801 0.030952  0.309824 0.878170 1 1 1.000000
0  -32.393597 -84.474419 18.751297  0.270990 -0.939888 -0.207787  0.280526 0.832026 1 1 1.000000
lit
0  -31.732952 -84.100052 18.454006  0.400355 -0.895244 -0.195588  0.264168 0.878170 1 1 1.000000
0  -32.393597 -84.474419 18.751297  0.270990 -0.939888 -0.207787  0.280526 0.832026 1 1 1.000000
0  -31.887104 -84.144096 18.299856  0.339807 -0.895833 -0.286381  0.255867 0.868404 1 1 1.000000
lit
0  -31.887104 -84.144096 18.299856  0.339807 -0.895833 -0.286381  0.255867 0.868404 1 1 1.000000
0  -32.393597 -84.474419 18.751297  0.270990 -0.939888 -0.207787  0.280526 0.832026 1 1 1.000000
0  -32.944134 -84.408356 18.244802  0.032172 -0.927663 -0.372029  0.253182 0.798578 1 1 1.000000
lit
0  -33.120308 -84.474419 18.442995  -0.129602 -0.916524 -0.378401  0.263924 0.787347 1 1 1.000000
0  -32.944134 -84.408356 18.244802  0.032172 -0.927663 -0.372029  0.253182 0.798578 1 1 1.000000
0  -32.393597 -84.474419 18.751297  0.270990 -0.939888 -0.207787  0.280526 0.832026 1 1 1.000000
lit
0  -34.287445 -83.978935 18.321878  -0.424642 -0.842846 -0.330590  0.256600 0.706778 1 1 1.000000
0  -32.944134 -84.408356 18.244802  0.032172 -0.927663 -0.372029  0.253182 0.798578 1 1 1.000000
0  -33.120308 -84.474419 18.442995  -0.129602 -0.916524 -0.378401  0.263924 0.787347 1 1 1.000000
lit
0  -32.305511 -84.474419 19.511038  0.308646 -0.938798 0.152957  0.319834 0.837886 1 1 1.000000
0  -33.021210 -84.661598 19.246780  0.006700 -0.999953 0.007074  0.305429 0.794427 1 1 1.000000
0  -32.393597 -84.474419 18.751297  0.270990 -0.939888 -0.207787  0.280526 0.832026 1 1 1.000000
lit
0  -32.393597 -84.474419 18.751297  0.270990 -0.939888 -0.207787  0.280526 0.832026 1 1 1.000000
0  -33.021210 -84.661598 19.246780  0.006700 -0.999953 0.007074  0.305429 0.794427 1 1 1.000000
0  -33.120308 -84.474419 18.442995  -0.129602 -0.916524 -0.378401  0.263924 0.787347 1 1 1.000000
lit
0  -33.120308 -84.474419 18.442995  -0.129602 -0.916524 -0.378401  0.263924 0.787347 1 1 1.000000
0  -33.021210 -84.661598 19.246780  0.006700 -0.999953 0.007074  0.305429 0.794427 1 1 1.000000
0  -33.758930 -84.474419 18.916458  -0.374214 -0.913369 -0.160376  0.289560 0.748527 1 1 1.000000
lit
0  -33.659832 -84.474419 19.709232  -0.323932 -0.906251 0.271619  0.328623 0.754631 1 1 1.000000
0  -33.758930 -84.474419 18.916458  -0.374214 -0.913369 -0.160376  0.289560 0.748527 1 1 1.000000
0  -33.021210 -84.661598 19.246780  0.006700 -0.999953 0.007074  0.305429 0.794427 1 1 1.000000
lit
0  -33.758930 -84.474419 18.916458  -0.374214 -0.913369 -0.160376  0.289560 0.748527 1 1 1.000000
0  -34.287445 -83.978935 18.321878  -0.424642 -0.842846 -0.330590  0.256600 0.706778 1 1 1.000000
0  -33.120308 -84.474419 18.442995  -0.129602 -0.916524 -0.378401  0.263924 0.787347 1 1 1.000000
lit
0  -34.474628 -83.923882 18.476028  -0.523681 -0.831392 -0.185865  0.265389 0.694571 1 1 1.000000
0  -34.287445 -83.978935 18.321878  -0.424642 -0.842846 -0.330590  0.256600 0.706778 1 1 1.000000
0  -33.758930 -84.474419 18.916458  -0.374214 -0.913369 -0.160376  0.289560 0.748527 1 1 1.000000
lit
0  -34.474628 -83.923882 18.476028  -0.523681 -0.831392 -0.185865  0.265389 0.694571 1 1 1.000000
0  -33.758930 -84.474419 18.916458  -0.374214 -0.913369 -0.160376  0.289560 0.748527 1 1 1.000000
0  -34.496651 -84.011971 19.345877  -0.544936 -0.836567 0.056584  0.312998 0.695303 1 1 1.000000
lit
0  -33.659832 -84.474419 19.709232  -0.323932 -0.906251 0.271619  0.328623 0.754631 1 1 1.000000
0  -34.496651 -84.011971 19.345877  -0.544936 -0.836567 0.056584  0.312998 0.695303 1 1 1.000000
0  -33.758930 -84.474419 18.916458  -0.374214 -0.913369 -0.160376  0.289560 0.748527 1 1 1.000000
lit
0  -33.659832 -84.474419 19.709232  -0.323932 -0.906251 0.271619  0.328623 0.754631 1 1 1.000000
0  -34.507660 -83.802765 20.248758  -0.475645 -0.832131 0.285166  0.361095 0.693838 1 1 1.000000
0  -34.496651 -84.011971 19.345877  -0.544936 -0.836567 0.056584  0.312998 0.695303 1 1 1.000000
lit
0  -34.507660 -83.802765 20.248758  -0.475645 -0.832131 0.285166  0.361095 0.693838 1 1 1.000000
0  -33.659832 -84.474419 19.709232  -0.323932 -0.906251 0.271619  0.328623 0.754631 1 1 1.000000
0  -34.342499 -83.835793 20.380886  -0.363788 -0.830081 0.422640  0.368908 0.704581 1 1 1.000000
lit
0  -34.342499 -83.835793 20.380886  -0.363788 -0.830081 0.422640  0.368908 0.704581 1 1 1.000000
0  -33.659832 -84.474419 19.709232  -0.323932 -0.906251 0.271619  0.328623 0.754631 1 1 1.000000
0  -32.966156 -84.188141 20.413919  -0.047601 -0.820207 0.570083  0.369152 0.794427 1 1 1.000000
lit
0  -32.933125 -84.474419 20.017532  0.023891 -0.902205 0.430646  0.344737 0.798578 1 1 1.000000
0  -32.966156 -84.188141 20.413919  -0.047601 -0.820207 0.570083  0.369152 0.794427 1 1 1.000000
0  -33.659832 -84.474419 19.709232  -0.323932 -0.906251 0.271619  0.328623 0.754631 1 1 1.000000
lit
0  -33.021210 -84.661598 19.246780  0.006700 -0.999953 0.007074  0.305429 0.794427 1 1 1.000000
0  -32.933125 -84.474419 20.017532  0.023891 -0.902205 0.430646  0.344737 0.798578 1 1 1.000000
0  -33.659832 -84.474419 19.709232  -0.323932 -0.906251 0.271619  0.328623 0.754631 1 1 1.000000
lit
0  -32.933125 -84.474419 20.017532  0.023891 -0.902205 0.430646  0.344737 0.798578 1 1 1.000000
0  -33.021210 -84.661598 19.246780  0.006700 -0.999953 0.007074  0.305429 0.794427 1 1 1.000000
0  -32.305511 -84.474419 19.511038  0.308646 -0.938798 0.152957  0.319834 0.837886 1 1 1.000000
lit2
0  -24.983368 -89.010841 17.760330  0.053693 -0.879583 -0.472706  0.385754 0.677236 1 1 1.000000
0  -23.111542 -88.889725 17.760330  0.044204 -0.871842 -0.487788  0.379162 0.868160 1 1 1.000000
0  -24.983368 -89.495316 18.641190  0.038319 -0.761820 -0.646654  0.449477 0.680898 1 1 1.000000
lit2
0  -23.111542 -89.418243 18.674221  0.035189 -0.756911 -0.652570  0.443861 0.871578 1 1 1.000000
0  -24.983368 -89.495316 18.641190  0.038266 -0.761277 -0.647297  0.449477 0.680898 1 1 1.000000
0  -23.111542 -88.889725 17.760330  0.044191 -0.871834 -0.487803  0.379162 0.868160 1 1 1.000000
lit2
0  -23.111542 -89.418243 18.674221  0.035189 -0.756911 -0.652570  0.443861 0.871578 1 1 1.000000
0  -23.144573 -90.607399 19.588114  0.028752 -0.667445 -0.744104  0.537614 0.871822 1 1 1.000000
0  -24.983368 -89.495316 18.641190  0.038266 -0.761277 -0.647297  0.449477 0.680898 1 1 1.000000
lit2
0  -24.972357 -90.673470 19.577103  0.022678 -0.652326 -0.757599  0.542741 0.685537 1 1 1.000000
0  -24.983368 -89.495316 18.641190  0.038266 -0.761277 -0.647297  0.449477 0.680898 1 1 1.000000
0  -23.144573 -90.607399 19.588114  0.028752 -0.667445 -0.744104  0.537614 0.871822 1 1 1.000000
lit2
0  -24.972357 -90.673470 19.577103  0.022678 -0.652326 -0.757599  0.542741 0.685537 1 1 1.000000
0  -23.144573 -90.607399 19.588114  0.028752 -0.667445 -0.744104  0.537614 0.871822 1 1 1.000000
0  -24.851238 -90.750542 19.665188  0.024189 -0.705784 -0.708014  0.550066 0.696768 1 1 1.000000
lit2
0  -23.243670 -90.684479 19.676199  0.031665 -0.763392 -0.645159  0.545183 0.861568 1 1 1.000000
0  -24.851238 -90.750542 19.665188  0.024189 -0.705784 -0.708014  0.550066 0.696768 1 1 1.000000
0  -23.144573 -90.607399 19.588114  0.028752 -0.667445 -0.744104  0.537614 0.871822 1 1 1.000000
lit2
0  -27.196527 -88.019875 18.057619  0.000481 -0.854189 -0.519962  0.374523 0.675283 1 1 1.000000
0  -25.126507 -88.030891 18.068630  -0.000188 -0.853450 -0.521175  0.373791 0.884762 1 1 1.000000
0  -27.185516 -88.625465 19.015554  -0.000675 -0.725401 -0.688327  0.444594 0.676748 1 1 1.000000
lit2
0  -25.126507 -88.614456 19.004543  -0.003289 -0.726612 -0.687040  0.442152 0.885006 1 1 1.000000
0  -27.185516 -88.625465 19.015554  -0.000720 -0.724812 -0.688946  0.444594 0.676748 1 1 1.000000
0  -25.126507 -88.030891 18.068630  -0.000088 -0.853423 -0.521219  0.373791 0.884762 1 1 1.000000
lit2
0  -25.126507 -88.614456 19.004543  -0.003289 -0.726612 -0.687040  0.442152 0.885006 1 1 1.000000
0  -25.148529 -89.913727 19.885403  -0.001690 -0.618361 -0.785892  0.540300 0.885739 1 1 1.000000
0  -27.185516 -88.625465 19.015554  -0.000720 -0.724812 -0.688946  0.444594 0.676748 1 1 1.000000
lit2
0  -27.174505 -89.913727 19.896414  0.000172 -0.621783 -0.783190  0.542741 0.679678 1 1 1.000000
0  -27.185516 -88.625465 19.015554  -0.000720 -0.724812 -0.688946  0.444594 0.676748 1 1 1.000000
0  -25.148529 -89.913727 19.885403  -0.001690 -0.618361 -0.785892  0.540300 0.885739 1 1 1.000000
lit2
0  -27.174505 -89.913727 19.896414  0.000172 -0.621783 -0.783190  0.542741 0.679678 1 1 1.000000
0  -25.148529 -89.913727 19.885403  -0.001690 -0.618361 -0.785892  0.540300 0.885739 1 1 1.000000
0  -27.075409 -90.012825 19.984501  0.000970 -0.723603 -0.690216  0.550066 0.690420 1 1 1.000000
lit2
0  -25.258636 -90.012825 19.984501  -0.000708 -0.705599 -0.708611  0.548601 0.874752 1 1 1.000000
0  -27.075409 -90.012825 19.984501  0.000970 -0.723603 -0.690216  0.550066 0.690420 1 1 1.000000
0  -25.148529 -89.913727 19.885403  -0.001690 -0.618361 -0.785892  0.540300 0.885739 1 1 1.000000
headlight
0  -30.532782 -88.559402 18.156717  -0.146484 -0.793025 0.591315  0.729759 0.130100 1 1 1.000000
0  -30.114374 -88.647491 18.134695  -0.145865 -0.793080 0.591394  0.729759 0.133518 1 1 1.000000
0  -30.929169 -86.456352 20.876369  -0.141469 -0.792907 0.592693  0.868191 0.129368 1 1 1.000000
headlight
0  -30.488739 -86.533424 20.887381  -0.140882 -0.792887 0.592860  0.868191 0.133030 1 1 1.000000
0  -30.929169 -86.456352 20.876369  -0.141392 -0.792898 0.592723  0.868191 0.129368 1 1 1.000000
0  -30.114374 -88.647491 18.134695  -0.145951 -0.793070 0.591387  0.729759 0.133518 1 1 1.000000
headlight
0  -31.292522 -85.013947 20.920414  -0.947270 0.061522 -0.314476  0.852321 0.021210 1 1 1.000000
0  -31.105341 -85.740654 20.116629  -0.945299 0.110421 -0.306947  0.852321 0.020478 1 1 1.000000
0  -30.995234 -86.566460 19.433964  -0.944392 0.113350 -0.308667  0.852321 0.019501 1 1 1.000000
headlight
0  -30.973211 -86.467361 19.411942  -0.946827 0.106701 -0.303536  0.852321 0.019501 1 1 1.000000
0  -30.995234 -86.566460 19.433964  -0.944392 0.113350 -0.308667  0.852321 0.019501 1 1 1.000000
0  -31.105341 -85.740654 20.116629  -0.945299 0.110421 -0.306947  0.852321 0.020478 1 1 1.000000
headlight
0  -31.380610 -84.584526 21.228714  -0.950287 0.034482 -0.309460  0.852321 0.021210 1 1 1.000000
0  -31.336567 -84.551491 21.151638  -0.949874 0.035082 -0.310659  0.852321 0.021210 1 1 1.000000
0  -31.292522 -85.013947 20.920414  -0.947270 0.061522 -0.314476  0.852321 0.021210 1 1 1.000000
headlight
0  -31.259491 -84.936867 20.865360  -0.945264 0.049296 -0.322563  0.852321 0.021210 1 1 1.000000
0  -31.292522 -85.013947 20.920414  -0.947270 0.061522 -0.314476  0.852321 0.021210 1 1 1.000000
0  -31.336567 -84.551491 21.151638  -0.949874 0.035082 -0.310659  0.852321 0.021210 1 1 1.000000
headlight
0  -31.237469 -85.013947 20.799295  -0.944228 0.083378 -0.318562  0.852321 0.021210 1 1 1.000000
0  -31.160395 -85.498421 20.347855  -0.943366 0.115225 -0.311100  0.852321 0.020722 1 1 1.000000
0  -31.292522 -85.013947 20.920414  -0.947270 0.061522 -0.314476  0.852321 0.021210 1 1 1.000000
headlight
0  -31.292522 -85.013947 20.920414  -0.947270 0.061522 -0.314476  0.852321 0.021210 1 1 1.000000
0  -31.160395 -85.498421 20.347855  -0.943366 0.115225 -0.311100  0.852321 0.020722 1 1 1.000000
0  -31.105341 -85.740654 20.116629  -0.945299 0.110421 -0.306947  0.852321 0.020478 1 1 1.000000
headlight
0  -31.105341 -85.740654 20.116629  -0.945299 0.110421 -0.306947  0.852321 0.020478 1 1 1.000000
0  -31.160395 -85.498421 20.347855  -0.943366 0.115225 -0.311100  0.852321 0.020722 1 1 1.000000
0  -31.116352 -85.652565 20.182693  -0.944392 0.113006 -0.308792  0.852321 0.020478 1 1 1.000000
headlight
0  -31.105341 -85.740654 20.116629  -0.945299 0.110421 -0.306947  0.852321 0.020478 1 1 1.000000
0  -31.116352 -85.652565 20.182693  -0.944392 0.113006 -0.308792  0.852321 0.020478 1 1 1.000000
0  -30.896137 -85.740654 19.433964  -0.948113 0.105820 -0.299807  0.852321 0.020478 1 1 1.000000
headlight
0  -30.896137 -85.652565 19.500027  -0.947456 0.107224 -0.301382  0.852321 0.020478 1 1 1.000000
0  -30.896137 -85.740654 19.433964  -0.948113 0.105820 -0.299807  0.852321 0.020478 1 1 1.000000
0  -31.116352 -85.652565 20.182693  -0.944392 0.113006 -0.308792  0.852321 0.020478 1 1 1.000000
headlight
0  -31.138372 -85.520439 20.270779  -0.944961 0.111549 -0.307579  0.852321 0.020722 1 1 1.000000
0  -31.116352 -85.652565 20.182693  -0.944392 0.113006 -0.308792  0.852321 0.020478 1 1 1.000000
0  -31.160395 -85.498421 20.347855  -0.943366 0.115225 -0.311100  0.852321 0.020722 1 1 1.000000
headlight
0  -31.138372 -85.520439 20.270779  -0.944961 0.111549 -0.307579  0.852321 0.020722 1 1 1.000000
0  -31.160395 -85.498421 20.347855  -0.943366 0.115225 -0.311100  0.852321 0.020722 1 1 1.000000
0  -31.006245 -84.837776 20.138651  -0.959405 0.074564 -0.271996  0.852321 0.020722 1 1 1.000000
headlight
0  -31.017254 -84.782722 20.204716  -0.957528 0.072803 -0.278997  0.852321 0.020722 1 1 1.000000
0  -31.006245 -84.837776 20.138651  -0.959405 0.074564 -0.271996  0.852321 0.020722 1 1 1.000000
0  -31.160395 -85.498421 20.347855  -0.943366 0.115225 -0.311100  0.852321 0.020722 1 1 1.000000
headlight
0  -30.896137 -85.740654 19.433964  -0.948113 0.105820 -0.299807  0.852321 0.020478 1 1 1.000000
0  -30.852093 -85.641556 19.389919  -0.588491 0.447865 -0.673123  0.852565 0.020478 1 1 1.000000
0  -30.775019 -86.467361 18.861404  -0.948317 0.105463 -0.299285  0.852321 0.019501 1 1 1.000000
headlight
0  -30.896137 -85.652565 19.500027  -0.947456 0.107224 -0.301382  0.852321 0.020478 1 1 1.000000
0  -30.852093 -85.641556 19.389919  -0.588491 0.447865 -0.673123  0.852565 0.020478 1 1 1.000000
0  -30.896137 -85.740654 19.433964  -0.948113 0.105820 -0.299807  0.852321 0.020478 1 1 1.000000
headlight
0  -30.896137 -85.652565 19.500027  -0.947456 0.107224 -0.301382  0.852321 0.020478 1 1 1.000000
0  -31.006245 -84.837776 20.138651  -0.959405 0.074564 -0.271996  0.852321 0.020722 1 1 1.000000
0  -30.852093 -85.641556 19.389919  -0.588491 0.447865 -0.673123  0.852565 0.020478 1 1 1.000000
headlight
0  -31.017254 -84.507454 20.270779  -0.595723 0.346871 -0.724427  0.852565 0.021210 1 1 1.000000
0  -30.852093 -85.641556 19.389919  -0.588491 0.447865 -0.673123  0.852565 0.020478 1 1 1.000000
0  -31.006245 -84.837776 20.138651  -0.959405 0.074564 -0.271996  0.852321 0.020722 1 1 1.000000
headlight
0  -31.017254 -84.782722 20.204716  -0.957528 0.072803 -0.278997  0.852321 0.020722 1 1 1.000000
0  -31.017254 -84.507454 20.270779  -0.595723 0.346871 -0.724427  0.852565 0.021210 1 1 1.000000
0  -31.006245 -84.837776 20.138651  -0.959405 0.074564 -0.271996  0.852321 0.020722 1 1 1.000000
headlight
0  -31.017254 -84.782722 20.204716  -0.957528 0.072803 -0.278997  0.852321 0.020722 1 1 1.000000
0  -31.050287 -84.716652 20.292801  -0.949994 0.052026 -0.307903  0.852321 0.020722 1 1 1.000000
0  -31.017254 -84.507454 20.270779  -0.595723 0.346871 -0.724427  0.852565 0.021210 1 1 1.000000
headlight
0  -31.072308 -84.617561 20.347855  -0.936770 0.045693 -0.346950  0.852321 0.021210 1 1 1.000000
0  -31.017254 -84.507454 20.270779  -0.595723 0.346871 -0.724427  0.852565 0.021210 1 1 1.000000
0  -31.050287 -84.716652 20.292801  -0.949994 0.052026 -0.307903  0.852321 0.020722 1 1 1.000000
headlight
0  -31.072308 -84.617561 20.347855  -0.936770 0.045693 -0.346950  0.852321 0.021210 1 1 1.000000
0  -31.050287 -84.716652 20.292801  -0.949994 0.052026 -0.307903  0.852321 0.020722 1 1 1.000000
0  -31.259491 -84.936867 20.865360  -0.945264 0.049296 -0.322563  0.852321 0.021210 1 1 1.000000
headlight
0  -31.237469 -85.013947 20.799295  -0.944228 0.083378 -0.318562  0.852321 0.021210 1 1 1.000000
0  -31.259491 -84.936867 20.865360  -0.945264 0.049296 -0.322563  0.852321 0.021210 1 1 1.000000
0  -31.050287 -84.716652 20.292801  -0.949994 0.052026 -0.307903  0.852321 0.020722 1 1 1.000000
headlight
0  -31.292522 -85.013947 20.920414  -0.947270 0.061522 -0.314476  0.852321 0.021210 1 1 1.000000
0  -31.259491 -84.936867 20.865360  -0.945264 0.049296 -0.322563  0.852321 0.021210 1 1 1.000000
0  -31.237469 -85.013947 20.799295  -0.944228 0.083378 -0.318562  0.852321 0.021210 1 1 1.000000
headlight
0  -30.752996 -86.412308 18.773317  -0.591491 0.444031 -0.673034  0.852565 0.019501 1 1 1.000000
0  -30.775019 -86.467361 18.861404  -0.948317 0.105463 -0.299285  0.852321 0.019501 1 1 1.000000
0  -30.852093 -85.641556 19.389919  -0.588491 0.447865 -0.673123  0.852565 0.020478 1 1 1.000000
headlight
0  -31.094330 -84.419365 20.435940  -0.930903 -0.002846 -0.365254  0.852321 0.021210 1 1 1.000000
0  -31.303534 -83.230202 21.030521  -0.944738 -0.008053 -0.327727  0.852321 0.021943 1 1 1.000000
0  -31.017254 -84.507454 20.270779  -0.595723 0.346871 -0.724427  0.852565 0.021210 1 1 1.000000
headlight
0  -31.259491 -83.230202 20.942434  -0.671547 0.238262 -0.701609  0.852565 0.021943 1 1 1.000000
0  -31.017254 -84.507454 20.270779  -0.595723 0.346871 -0.724427  0.852565 0.021210 1 1 1.000000
0  -31.303534 -83.230202 21.030521  -0.944738 -0.008053 -0.327727  0.852321 0.021943 1 1 1.000000
headlight
0  -31.292522 -84.375320 20.953445  -0.930916 0.010449 -0.365083  0.852321 0.021210 1 1 1.000000
0  -31.292522 -84.309258 20.942434  -0.931410 0.006708 -0.363910  0.852321 0.021210 1 1 1.000000
0  -31.072308 -84.529472 20.369877  -0.935223 0.000448 -0.354059  0.852321 0.021210 1 1 1.000000
headlight
0  -31.094330 -84.419365 20.435940  -0.930903 -0.002846 -0.365254  0.852321 0.021210 1 1 1.000000
0  -31.072308 -84.529472 20.369877  -0.935223 0.000448 -0.354059  0.852321 0.021210 1 1 1.000000
0  -31.292522 -84.309258 20.942434  -0.931410 0.006708 -0.363910  0.852321 0.021210 1 1 1.000000
headlight
0  -31.094330 -84.419365 20.435940  -0.930903 -0.002846 -0.365254  0.852321 0.021210 1 1 1.000000
0  -31.017254 -84.507454 20.270779  -0.595723 0.346871 -0.724427  0.852565 0.021210 1 1 1.000000
0  -31.072308 -84.529472 20.369877  -0.935223 0.000448 -0.354059  0.852321 0.021210 1 1 1.000000
headlight
0  -31.017254 -84.507454 20.270779  -0.595723 0.346871 -0.724427  0.852565 0.021210 1 1 1.000000
0  -31.072308 -84.617561 20.347855  -0.936770 0.045693 -0.346950  0.852321 0.021210 1 1 1.000000
0  -31.072308 -84.529472 20.369877  -0.935223 0.000448 -0.354059  0.852321 0.021210 1 1 1.000000
headlight
0  -29.982244 -88.405251 18.002565  0.124973 -0.102809 -0.986819  0.852565 0.019013 1 1 1.000000
0  -30.675922 -88.262115 18.046610  -0.508561 -0.016544 -0.860867  0.852321 0.019013 1 1 1.000000
0  -30.015278 -87.854713 18.079641  -0.024136 0.149898 -0.988407  0.852565 0.019013 1 1 1.000000
headlight
0  -30.686932 -87.700569 18.134695  -0.543732 0.163840 -0.823111  0.852321 0.019013 1 1 1.000000
0  -30.015278 -87.854713 18.079641  -0.024136 0.149898 -0.988407  0.852565 0.019013 1 1 1.000000
0  -30.675922 -88.262115 18.046610  -0.508561 -0.016544 -0.860867  0.852321 0.019013 1 1 1.000000
headlight
0  -30.015278 -87.854713 18.079641  -0.024166 0.149870 -0.988410  0.852565 0.019013 1 1 1.000000
0  -30.686932 -87.700569 18.134695  -0.543732 0.163840 -0.823111  0.852321 0.019013 1 1 1.000000
0  -30.433685 -87.139015 18.222780  -0.006238 0.353034 -0.935590  0.852565 0.019013 1 1 1.000000
headlight
0  -30.642889 -87.139015 18.222780  -0.519535 0.329809 -0.788232  0.852565 0.019013 1 1 1.000000
0  -30.433685 -87.139015 18.222780  -0.006238 0.353034 -0.935590  0.852565 0.019013 1 1 1.000000
0  -30.686932 -87.700569 18.134695  -0.543732 0.163840 -0.823111  0.852321 0.019013 1 1 1.000000
headlight
0  -30.642889 -87.139015 18.222780  -0.519535 0.329809 -0.788232  0.852565 0.019013 1 1 1.000000
0  -30.752996 -86.412308 18.773317  -0.591491 0.444031 -0.673034  0.852565 0.019501 1 1 1.000000
0  -30.433685 -87.139015 18.222780  -0.006238 0.353034 -0.935590  0.852565 0.019013 1 1 1.000000
headlight
0  -30.532782 -86.412308 18.773317  0.000000 0.613632 -0.789592  0.852565 0.019501 1 1 1.000000
0  -30.433685 -87.139015 18.222780  -0.006238 0.353034 -0.935590  0.852565 0.019013 1 1 1.000000
0  -30.752996 -86.412308 18.773317  -0.591491 0.444031 -0.673034  0.852565 0.019501 1 1 1.000000
headlight
0  -30.752996 -86.412308 18.773317  -0.591491 0.444031 -0.673034  0.852565 0.019501 1 1 1.000000
0  -30.852093 -85.641556 19.389919  -0.588491 0.447865 -0.673123  0.852565 0.020478 1 1 1.000000
0  -30.532782 -86.412308 18.773317  0.000000 0.613632 -0.789592  0.852565 0.019501 1 1 1.000000
headlight
0  -30.631878 -85.641556 19.389919  0.000000 0.617010 -0.786955  0.852565 0.020478 1 1 1.000000
0  -30.532782 -86.412308 18.773317  0.000000 0.613632 -0.789592  0.852565 0.019501 1 1 1.000000
0  -30.852093 -85.641556 19.389919  -0.588491 0.447865 -0.673123  0.852565 0.020478 1 1 1.000000
headlight
0  -30.852093 -85.641556 19.389919  -0.588491 0.447865 -0.673123  0.852565 0.020478 1 1 1.000000
0  -31.017254 -84.507454 20.270779  -0.595723 0.346871 -0.724427  0.852565 0.021210 1 1 1.000000
0  -30.631878 -85.641556 19.389919  0.000000 0.617010 -0.786955  0.852565 0.020478 1 1 1.000000
headlight
0  -30.797039 -84.507454 20.270779  -0.000002 0.550443 -0.834873  0.852565 0.021210 1 1 1.000000
0  -30.631878 -85.641556 19.389919  0.000000 0.617010 -0.786955  0.852565 0.020478 1 1 1.000000
0  -31.017254 -84.507454 20.270779  -0.595723 0.346871 -0.724427  0.852565 0.021210 1 1 1.000000
headlight
0  -31.017254 -84.507454 20.270779  -0.595723 0.346871 -0.724427  0.852565 0.021210 1 1 1.000000
0  -31.259491 -83.230202 20.942434  -0.671547 0.238262 -0.701609  0.852565 0.021943 1 1 1.000000
0  -30.797039 -84.507454 20.270779  -0.000002 0.550443 -0.834873  0.852565 0.021210 1 1 1.000000
headlight
0  -31.050287 -83.230202 20.942434  0.000000 0.461986 -0.886887  0.852565 0.021943 1 1 1.000000
0  -30.797039 -84.507454 20.270779  -0.000002 0.550443 -0.834873  0.852565 0.021210 1 1 1.000000
0  -31.259491 -83.230202 20.942434  -0.671547 0.238262 -0.701609  0.852565 0.021943 1 1 1.000000
headlight
0  -30.830072 -87.766632 18.332888  -0.869926 0.158427 -0.467043  0.852321 0.019013 1 1 1.000000
0  -30.995234 -86.566460 19.433964  -0.944392 0.113350 -0.308667  0.852321 0.019501 1 1 1.000000
0  -30.752996 -87.436310 18.398952  -0.907917 0.200407 -0.368135  0.852321 0.019013 1 1 1.000000
headlight
0  -30.940180 -86.577469 19.301834  -0.946032 0.108910 -0.305225  0.852321 0.019501 1 1 1.000000
0  -30.752996 -87.436310 18.398952  -0.907917 0.200407 -0.368135  0.852321 0.019013 1 1 1.000000
0  -30.995234 -86.566460 19.433964  -0.944392 0.113350 -0.308667  0.852321 0.019501 1 1 1.000000
headlight
0  -30.940180 -86.577469 19.301834  -0.946032 0.108910 -0.305225  0.852321 0.019501 1 1 1.000000
0  -30.995234 -86.566460 19.433964  -0.944392 0.113350 -0.308667  0.852321 0.019501 1 1 1.000000
0  -30.973211 -86.467361 19.411942  -0.946827 0.106701 -0.303536  0.852321 0.019501 1 1 1.000000
headlight
0  -30.973211 -86.467361 19.411942  -0.946827 0.106701 -0.303536  0.852321 0.019501 1 1 1.000000
0  -30.775019 -86.467361 18.861404  -0.948317 0.105463 -0.299285  0.852321 0.019501 1 1 1.000000
0  -30.940180 -86.577469 19.301834  -0.946032 0.108910 -0.305225  0.852321 0.019501 1 1 1.000000
headlight
0  -30.764008 -86.566460 18.784328  -0.949388 0.102756 -0.296821  0.852565 0.019501 1 1 1.000000
0  -30.940180 -86.577469 19.301834  -0.946032 0.108910 -0.305225  0.852321 0.019501 1 1 1.000000
0  -30.775019 -86.467361 18.861404  -0.948317 0.105463 -0.299285  0.852321 0.019501 1 1 1.000000
headlight
0  -30.775019 -86.467361 18.861404  -0.948317 0.105463 -0.299285  0.852321 0.019501 1 1 1.000000
0  -30.752996 -86.412308 18.773317  -0.591491 0.444031 -0.673034  0.852565 0.019501 1 1 1.000000
0  -30.764008 -86.566460 18.784328  -0.949388 0.102756 -0.296821  0.852565 0.019501 1 1 1.000000
headlight
0  -30.764008 -86.566460 18.784328  -0.949388 0.102756 -0.296821  0.852565 0.019501 1 1 1.000000
0  -30.752996 -86.412308 18.773317  -0.591491 0.444031 -0.673034  0.852565 0.019501 1 1 1.000000
0  -30.708954 -86.984871 18.465017  -0.949181 0.103798 -0.297123  0.852565 0.019013 1 1 1.000000
headlight
0  -30.642889 -87.139015 18.222780  -0.519535 0.329809 -0.788232  0.852565 0.019013 1 1 1.000000
0  -30.708954 -86.984871 18.465017  -0.949181 0.103798 -0.297123  0.852565 0.019013 1 1 1.000000
0  -30.752996 -86.412308 18.773317  -0.591491 0.444031 -0.673034  0.852565 0.019501 1 1 1.000000
headlight
0  -30.752996 -87.436310 18.398952  -0.907917 0.200407 -0.368135  0.852321 0.019013 1 1 1.000000
0  -30.708954 -86.984871 18.465017  -0.949181 0.103798 -0.297123  0.852565 0.019013 1 1 1.000000
0  -30.642889 -87.139015 18.222780  -0.519535 0.329809 -0.788232  0.852565 0.019013 1 1 1.000000
headlight
0  -30.642889 -87.139015 18.222780  -0.519535 0.329809 -0.788232  0.852565 0.019013 1 1 1.000000
0  -30.686932 -87.700569 18.134695  -0.543732 0.163840 -0.823111  0.852321 0.019013 1 1 1.000000
0  -30.752996 -87.436310 18.398952  -0.907917 0.200407 -0.368135  0.852321 0.019013 1 1 1.000000
headlight
0  -30.686932 -87.700569 18.134695  -0.543732 0.163840 -0.823111  0.852321 0.019013 1 1 1.000000
0  -30.830072 -87.766632 18.332888  -0.869926 0.158427 -0.467043  0.852321 0.019013 1 1 1.000000
0  -30.752996 -87.436310 18.398952  -0.907917 0.200407 -0.368135  0.852321 0.019013 1 1 1.000000
headlight
0  -30.686932 -87.700569 18.134695  -0.543732 0.163840 -0.823111  0.852321 0.019013 1 1 1.000000
0  -30.675922 -88.262115 18.046610  -0.508561 -0.016544 -0.860867  0.852321 0.019013 1 1 1.000000
0  -30.830072 -87.766632 18.332888  -0.869926 0.158427 -0.467043  0.852321 0.019013 1 1 1.000000
headlight
0  -30.764008 -88.471321 18.211771  -0.662798 -0.242223 -0.708539  0.852321 0.019013 1 1 1.000000
0  -30.830072 -87.766632 18.332888  -0.869926 0.158427 -0.467043  0.852321 0.019013 1 1 1.000000
0  -30.675922 -88.262115 18.046610  -0.508561 -0.016544 -0.860867  0.852321 0.019013 1 1 1.000000
headlight
0  -29.905170 -88.636482 18.156717  0.319752 -0.443796 -0.837140  0.852565 0.018525 1 1 1.000000
0  -30.125385 -88.779617 18.145706  0.064210 -0.476158 -0.877012  0.852565 0.018525 1 1 1.000000
0  -29.982244 -88.405251 18.002565  0.124973 -0.102809 -0.986819  0.852565 0.019013 1 1 1.000000
headlight
0  -30.136395 -88.493340 18.002565  0.051253 -0.239321 -0.969587  0.852565 0.019013 1 1 1.000000
0  -29.982244 -88.405251 18.002565  0.124973 -0.102809 -0.986819  0.852565 0.019013 1 1 1.000000
0  -30.125385 -88.779617 18.145706  0.064210 -0.476158 -0.877012  0.852565 0.018525 1 1 1.000000
headlight
0  -29.982244 -88.405251 18.002565  0.124973 -0.102809 -0.986819  0.852565 0.019013 1 1 1.000000
0  -30.136395 -88.493340 18.002565  0.051253 -0.239321 -0.969587  0.852565 0.019013 1 1 1.000000
0  -30.675922 -88.262115 18.046610  -0.508561 -0.016544 -0.860867  0.852321 0.019013 1 1 1.000000
headlight
0  -30.532782 -88.394241 18.013577  -0.237114 -0.192895 -0.952139  0.852321 0.019013 1 1 1.000000
0  -30.675922 -88.262115 18.046610  -0.508561 -0.016544 -0.860867  0.852321 0.019013 1 1 1.000000
0  -30.136395 -88.493340 18.002565  0.051253 -0.239321 -0.969587  0.852565 0.019013 1 1 1.000000
headlight
0  -30.675922 -88.262115 18.046610  -0.508561 -0.016544 -0.860867  0.852321 0.019013 1 1 1.000000
0  -30.532782 -88.394241 18.013577  -0.237114 -0.192895 -0.952139  0.852321 0.019013 1 1 1.000000
0  -30.764008 -88.471321 18.211771  -0.662798 -0.242223 -0.708539  0.852321 0.019013 1 1 1.000000
headlight
0  -30.587835 -88.680519 18.167727  -0.310275 -0.439189 -0.843115  0.852321 0.019013 1 1 1.000000
0  -30.764008 -88.471321 18.211771  -0.662798 -0.242223 -0.708539  0.852321 0.019013 1 1 1.000000
0  -30.532782 -88.394241 18.013577  -0.237114 -0.192895 -0.952139  0.852321 0.019013 1 1 1.000000
headlight
0  -30.532782 -88.394241 18.013577  -0.237114 -0.192895 -0.952139  0.852321 0.019013 1 1 1.000000
0  -30.136395 -88.493340 18.002565  0.051253 -0.239321 -0.969587  0.852565 0.019013 1 1 1.000000
0  -30.587835 -88.680519 18.167727  -0.310275 -0.439189 -0.843115  0.852321 0.018525 1 1 1.000000
headlight
0  -30.125385 -88.779617 18.145706  0.064210 -0.476158 -0.877012  0.852565 0.018525 1 1 1.000000
0  -30.587835 -88.680519 18.167727  -0.310275 -0.439189 -0.843115  0.852321 0.018525 1 1 1.000000
0  -30.136395 -88.493340 18.002565  0.051253 -0.239321 -0.969587  0.852565 0.019013 1 1 1.000000
headlight
0  -27.196527 -90.177986 20.028543  -0.921297 -0.387079 -0.037181  0.472915 0.680166 1 1 1.000000
0  -27.295624 -89.968781 19.885403  -0.850895 -0.375687 -0.367201  0.472915 0.680166 1 1 1.000000
0  -27.163494 -90.277077 19.962479  -0.911565 -0.399126 -0.098734  0.472915 0.680166 1 1 1.000000
headlight
0  -27.218548 -90.122932 19.874393  -0.869778 -0.404003 -0.283316  0.472915 0.680166 1 1 1.000000
0  -27.163494 -90.277077 19.962479  -0.911565 -0.399126 -0.098734  0.472915 0.680166 1 1 1.000000
0  -27.295624 -89.968781 19.885403  -0.850895 -0.375687 -0.367201  0.472915 0.680166 1 1 1.000000
headlight
0  -27.218548 -90.122932 19.874393  -0.869778 -0.404003 -0.283316  0.472915 0.680166 1 1 1.000000
0  -27.295624 -89.968781 19.885403  -0.850895 -0.375687 -0.367201  0.472915 0.680166 1 1 1.000000
0  -27.218548 -88.966805 18.927469  -0.783208 -0.433627 -0.445593  0.473159 0.680410 1 1 1.000000
headlight
0  -27.295624 -88.845680 18.927469  -0.805189 -0.451465 -0.384513  0.473159 0.680410 1 1 1.000000
0  -27.218548 -88.966805 18.927469  -0.783208 -0.433627 -0.445593  0.473159 0.680410 1 1 1.000000
0  -27.295624 -89.968781 19.885403  -0.850895 -0.375687 -0.367201  0.472915 0.680166 1 1 1.000000
headlight
0  -27.218548 -88.966805 18.927469  -0.783208 -0.433627 -0.445593  0.473159 0.680410 1 1 1.000000
0  -27.295624 -88.845680 18.927469  -0.805189 -0.451465 -0.384513  0.473159 0.680410 1 1 1.000000
0  -27.218548 -88.328178 18.068630  -0.769913 -0.519013 -0.371294  0.473647 0.680410 1 1 1.000000
headlight
0  -27.295624 -88.229080 18.068630  -0.766176 -0.523012 -0.373407  0.473647 0.680410 1 1 1.000000
0  -27.218548 -88.328178 18.068630  -0.769931 -0.518974 -0.371311  0.473647 0.680410 1 1 1.000000
0  -27.295624 -88.845680 18.927469  -0.804971 -0.451808 -0.384565  0.473159 0.680410 1 1 1.000000
headlight
0  -24.972357 -90.838631 19.731253  -0.480670 -0.521369 0.705075  0.478042 0.680898 1 1 1.000000
0  -24.928314 -90.948738 19.665188  -0.325595 -0.615029 0.718142  0.478042 0.680898 1 1 1.000000
0  -24.829218 -90.904694 19.775295  -0.265108 -0.591841 0.761211  0.478042 0.680898 1 1 1.000000
headlight
0  -24.818207 -90.992775 19.709232  -0.192379 -0.607378 0.770768  0.478042 0.680898 1 1 1.000000
0  -24.829218 -90.904694 19.775295  -0.265108 -0.591841 0.761211  0.478042 0.680898 1 1 1.000000
0  -24.928314 -90.948738 19.665188  -0.325595 -0.615029 0.718142  0.478042 0.680898 1 1 1.000000
headlight
0  -24.829218 -90.904694 19.775295  -0.265108 -0.591841 0.761211  0.478042 0.680898 1 1 1.000000
0  -24.818207 -90.992775 19.709232  -0.192379 -0.607378 0.770768  0.478042 0.680898 1 1 1.000000
0  -23.265692 -90.904694 19.775295  0.388194 -0.612742 0.688369  0.478042 0.681631 1 1 1.000000
headlight
0  -23.309734 -90.992775 19.720242  0.248472 -0.606922 0.754922  0.478042 0.681631 1 1 1.000000
0  -23.265692 -90.904694 19.775295  0.388194 -0.612742 0.688369  0.478042 0.681631 1 1 1.000000
0  -24.818207 -90.992775 19.709232  -0.192379 -0.607378 0.770768  0.478042 0.680898 1 1 1.000000
headlight
0  -23.309734 -90.992775 19.720242  0.248472 -0.606922 0.754922  0.478042 0.681631 1 1 1.000000
0  -23.177607 -90.915703 19.654179  0.608426 -0.586238 0.534923  0.478042 0.681631 1 1 1.000000
0  -23.265692 -90.904694 19.775295  0.388194 -0.612742 0.688369  0.478042 0.681631 1 1 1.000000
headlight
0  -23.111542 -90.816605 19.709232  0.606210 -0.589655 0.533682  0.478042 0.681631 1 1 1.000000
0  -23.265692 -90.904694 19.775295  0.388194 -0.612742 0.688369  0.478042 0.681631 1 1 1.000000
0  -23.177607 -90.915703 19.654179  0.608426 -0.586238 0.534923  0.478042 0.681631 1 1 1.000000
headlight
0  -24.983368 -89.010841 17.760330  0.998603 0.046350 0.025367  0.478530 0.680410 1 1 1.000000
0  -24.983368 -89.495316 18.641190  0.998749 0.042472 0.026387  0.478042 0.680410 1 1 1.000000
0  -24.972357 -89.308136 17.782351  0.998620 0.046132 0.025105  0.478530 0.680410 1 1 1.000000
headlight
0  -24.972357 -89.825638 18.630178  0.998432 0.043520 0.035202  0.478042 0.680410 1 1 1.000000
0  -24.972357 -89.308136 17.782351  0.998620 0.046132 0.025105  0.478530 0.680410 1 1 1.000000
0  -24.983368 -89.495316 18.641190  0.998749 0.042472 0.026387  0.478042 0.680410 1 1 1.000000
headlight
0  -24.972357 -89.825638 18.630178  0.998432 0.043520 0.035202  0.478042 0.680410 1 1 1.000000
0  -24.983368 -89.495316 18.641190  0.998749 0.042472 0.026387  0.478042 0.680410 1 1 1.000000
0  -24.972357 -90.827614 19.566092  0.968771 0.000986 -0.247957  0.478042 0.680898 1 1 1.000000
headlight
0  -24.972357 -90.673470 19.577103  0.995495 -0.016793 -0.093311  0.478042 0.680898 1 1 1.000000
0  -24.972357 -90.827614 19.566092  0.968771 0.000986 -0.247957  0.478042 0.680898 1 1 1.000000
0  -24.983368 -89.495316 18.641190  0.998749 0.042472 0.026387  0.478042 0.680410 1 1 1.000000
headlight
0  -24.972357 -90.673470 19.577103  0.995495 -0.016793 -0.093311  0.478042 0.680898 1 1 1.000000
0  -24.928314 -90.948738 19.665188  -0.325193 -0.615378 0.718025  0.478042 0.680898 1 1 1.000000
0  -24.972357 -90.827614 19.566092  0.968771 0.000986 -0.247957  0.478042 0.680898 1 1 1.000000
headlight
0  -27.526850 -86.775665 18.299856  -0.003388 -0.035361 0.999369  0.010987 0.879635 1 1 1.000000
0  -29.288568 -86.841728 18.288845  -0.008090 -0.042683 0.999056  0.151372 0.876705 1 1 1.000000
0  -27.493816 -87.953812 18.244802  -0.006586 -0.040297 0.999166  0.019288 0.784173 1 1 1.000000
headlight
0  -29.222504 -87.986847 18.233791  -0.012470 -0.049585 0.998692  0.142338 0.784417 1 1 1.000000
0  -27.493816 -87.953812 18.244802  -0.006586 -0.040297 0.999166  0.019288 0.784173 1 1 1.000000
0  -29.288568 -86.841728 18.288845  -0.008090 -0.042683 0.999056  0.151372 0.876705 1 1 1.000000
headlight
0  -25.203583 -88.085945 16.934525  0.987892 -0.040960 0.149636  0.090823 0.531724 1 1 1.000000
0  -25.368744 -87.997856 18.013577  0.992446 -0.018293 0.121309  0.091800 0.530503 1 1 1.000000
0  -25.258636 -89.341164 16.934525  0.992069 -0.020491 0.124009  0.089358 0.531724 1 1 1.000000
headlight
0  -25.357733 -88.845680 18.002565  0.996232 0.010733 0.086065  0.090579 0.530503 1 1 1.000000
0  -25.258636 -89.341164 16.934525  0.992075 -0.020456 0.123971  0.089358 0.531724 1 1 1.000000
0  -25.368744 -87.997856 18.013577  0.992452 -0.018266 0.121264  0.091800 0.530503 1 1 1.000000
headlight
0  -29.299580 -88.207062 17.297878  0.008110 -0.975150 0.221398  0.139897 0.726066 1 1 1.000000
0  -27.405731 -88.174026 17.297878  0.009757 -0.974411 0.224561  0.024659 0.724601 1 1 1.000000
0  -29.222504 -87.986847 18.233791  0.008819 -0.974804 0.222888  0.142338 0.784417 1 1 1.000000
headlight
0  -27.493816 -87.953812 18.244802  0.010455 -0.974026 0.226195  0.019288 0.784173 1 1 1.000000
0  -29.222504 -87.986847 18.233791  0.008800 -0.974807 0.222875  0.142338 0.784417 1 1 1.000000
0  -27.405731 -88.174026 17.297878  0.009931 -0.974391 0.224639  0.024659 0.724601 1 1 1.000000
headlight
0  -27.405731 -88.174026 17.297878  0.995365 -0.030262 0.091280  0.092288 0.519028 1 1 1.000000
0  -27.383709 -86.885773 17.308889  0.992694 -0.004568 0.120575  0.092288 0.518052 1 1 1.000000
0  -27.493816 -87.953812 18.244802  0.993602 -0.011888 0.112311  0.090823 0.519028 1 1 1.000000
headlight
0  -27.383709 -86.885773 17.308889  0.992694 -0.004568 0.120575  0.092288 0.518052 1 1 1.000000
0  -27.526850 -86.775665 18.299856  0.989677 0.014514 0.142578  0.090823 0.518540 1 1 1.000000
0  -27.493816 -87.953812 18.244802  0.993602 -0.011888 0.112311  0.090823 0.519028 1 1 1.000000
headlight
0  -25.368744 -87.997856 18.013577  0.000479 -0.010155 0.999948  0.010987 0.890866 1 1 1.000000
0  -27.119452 -88.085945 18.013577  0.000253 -0.011447 0.999934  0.152593 0.885006 1 1 1.000000
0  -25.357733 -88.845680 18.002565  0.000481 -0.010587 0.999944  0.018555 0.822504 1 1 1.000000
headlight
0  -27.020355 -88.856697 18.002565  0.000021 -0.012213 0.999925  0.136723 0.823481 1 1 1.000000
0  -25.357733 -88.845680 18.002565  0.000450 -0.011032 0.999939  0.018555 0.822504 1 1 1.000000
0  -27.119452 -88.085945 18.013577  0.000175 -0.011446 0.999935  0.152593 0.885006 1 1 1.000000
headlight
0  -23.023455 -89.032867 16.747341  0.987499 -0.042024 0.151919  0.092532 0.523179 1 1 1.000000
0  -23.166595 -88.933769 17.672243  0.988843 -0.036915 0.144314  0.093265 0.522202 1 1 1.000000
0  -23.089520 -90.332130 16.758352  0.989627 -0.033884 0.139605  0.090579 0.523179 1 1 1.000000
headlight
0  -23.177607 -90.222023 17.606180  0.990891 -0.028596 0.131595  0.090823 0.522202 1 1 1.000000
0  -23.089520 -90.332130 16.758352  0.989631 -0.033870 0.139585  0.090579 0.523179 1 1 1.000000
0  -23.166595 -88.933769 17.672243  0.988861 -0.036900 0.144193  0.093265 0.522202 1 1 1.000000
headlight
0  -23.089520 -90.332130 16.758352  0.020455 -0.991655 0.127285  0.022462 0.730216 1 1 1.000000
0  -23.177607 -90.222023 17.606180  0.011723 -0.989523 0.143899  0.020020 0.784417 1 1 1.000000
0  -24.840227 -90.365166 16.769363  -0.001477 -0.985465 0.169873  0.135258 0.730216 1 1 1.000000
headlight
0  -24.785173 -90.200005 17.584158  -0.011472 -0.981819 0.189473  0.141362 0.782708 1 1 1.000000
0  -24.840227 -90.365166 16.769363  -0.001477 -0.985465 0.169873  0.135258 0.730216 1 1 1.000000
0  -23.177607 -90.222023 17.606180  0.011723 -0.989523 0.143899  0.020020 0.784417 1 1 1.000000
headlight
0  -27.119452 -88.085945 18.013577  -0.979064 -0.129579 0.156980  0.089114 0.521470 1 1 1.000000
0  -27.295624 -88.152008 16.956545  -0.978174 -0.151594 0.142108  0.088382 0.521958 1 1 1.000000
0  -27.020355 -88.856697 18.002565  -0.978288 -0.148676 0.144386  0.089358 0.522202 1 1 1.000000
headlight
0  -27.086420 -89.407234 16.934525  -0.977210 -0.165988 0.132321  0.088382 0.523179 1 1 1.000000
0  -27.020355 -88.856697 18.002565  -0.978288 -0.148676 0.144386  0.089358 0.522202 1 1 1.000000
0  -27.295624 -88.152008 16.956545  -0.978174 -0.151594 0.142108  0.088382 0.521958 1 1 1.000000
headlight
0  -23.166595 -88.933769 17.672243  0.000162 -0.056225 0.998418  0.010987 0.889645 1 1 1.000000
0  -25.038422 -89.032867 17.672243  -0.006578 -0.066655 0.997754  0.151616 0.877438 1 1 1.000000
0  -23.177607 -90.222023 17.606180  -0.004167 -0.062966 0.998007  0.020020 0.784417 1 1 1.000000
headlight
0  -24.785173 -90.200005 17.584158  -0.011824 -0.074994 0.997114  0.141362 0.782708 1 1 1.000000
0  -23.177607 -90.222023 17.606180  -0.004175 -0.062982 0.998006  0.020020 0.784417 1 1 1.000000
0  -25.038422 -89.032867 17.672243  -0.006556 -0.066630 0.997756  0.151616 0.877438 1 1 1.000000
headlight
0  -25.357733 -88.845680 18.002565  0.004888 -0.902071 0.431560  0.018555 0.822504 1 1 1.000000
0  -27.020355 -88.856697 18.002565  0.015386 -0.895005 0.445791  0.136723 0.823481 1 1 1.000000
0  -25.258636 -89.341164 16.934525  0.011475 -0.897592 0.440677  0.022462 0.751213 1 1 1.000000
headlight
0  -27.086420 -89.407234 16.934525  0.021506 -0.890694 0.454094  0.132328 0.751213 1 1 1.000000
0  -25.258636 -89.341164 16.934525  0.011467 -0.897626 0.440609  0.022462 0.751213 1 1 1.000000
0  -27.020355 -88.856697 18.002565  0.015411 -0.894996 0.445809  0.136723 0.823481 1 1 1.000000
headlight
0  -37.106194 -81.413429 17.826395  -0.131248 -0.130433 0.982731  0.082522 0.110813 1 1 1.000000
0  -36.852947 -83.538506 17.562136  -0.124790 -0.138113 0.982524  0.083987 0.111057 1 1 1.000000
0  -35.961079 -81.666679 17.936502  -0.129556 -0.131115 0.982865  0.083499 0.110080 1 1 1.000000
headlight
0  -35.652779 -82.998978 17.793362  -0.124230 -0.137481 0.982683  0.084231 0.110080 1 1 1.000000
0  -35.961079 -81.666679 17.936502  -0.129556 -0.131115 0.982865  0.083499 0.110080 1 1 1.000000
0  -36.852947 -83.538506 17.562136  -0.124790 -0.138113 0.982524  0.083987 0.111057 1 1 1.000000
headlight
0  -35.652779 -82.998978 17.793362  -0.124230 -0.137481 0.982683  0.084231 0.110080 1 1 1.000000
0  -36.852947 -83.538506 17.562136  -0.124790 -0.138113 0.982524  0.083987 0.111057 1 1 1.000000
0  -35.388519 -83.516487 17.760330  -0.116467 -0.151656 0.981548  0.084231 0.110080 1 1 1.000000
headlight
0  -36.511616 -84.166115 17.529104  -0.117685 -0.154083 0.981024  0.084231 0.111057 1 1 1.000000
0  -35.388519 -83.516487 17.760330  -0.116467 -0.151656 0.981548  0.084231 0.110080 1 1 1.000000
0  -36.852947 -83.538506 17.562136  -0.124790 -0.138113 0.982524  0.083987 0.111057 1 1 1.000000
headlight
0  -35.388519 -83.516487 17.760330  -0.116467 -0.151656 0.981548  0.084231 0.110080 1 1 1.000000
0  -36.511616 -84.166115 17.529104  -0.117685 -0.154083 0.981024  0.084231 0.111057 1 1 1.000000
0  -34.111275 -84.980911 17.672243  -0.115232 -0.174002 0.977980  0.085208 0.110080 1 1 1.000000
headlight
0  -35.135273 -85.685600 17.418997  -0.117760 -0.178907 0.976793  0.085208 0.110813 1 1 1.000000
0  -34.111275 -84.980911 17.672243  -0.115232 -0.174002 0.977980  0.085208 0.110080 1 1 1.000000
0  -36.511616 -84.166115 17.529104  -0.117685 -0.154083 0.981024  0.084231 0.111057 1 1 1.000000
headlight
0  -34.111275 -84.980911 17.672243  -0.115232 -0.174002 0.977980  0.085208 0.110080 1 1 1.000000
0  -35.135273 -85.685600 17.418997  -0.117760 -0.178907 0.976793  0.085208 0.110813 1 1 1.000000
0  -31.325556 -87.920784 17.452028  -0.177499 -0.207478 0.962001  0.087161 0.110080 1 1 1.000000
headlight
0  -31.259491 -89.572395 17.121706  -0.231368 -0.258784 0.937817  0.088382 0.110813 1 1 1.000000
0  -31.325556 -87.920784 17.452028  -0.177499 -0.207478 0.962001  0.087161 0.110080 1 1 1.000000
0  -35.135273 -85.685600 17.418997  -0.117760 -0.178907 0.976793  0.085208 0.110813 1 1 1.000000
headlight
0  -30.719965 -88.526375 17.529104  -0.363277 -0.250996 0.897235  0.087649 0.110080 1 1 1.000000
0  -31.325556 -87.920784 17.452028  -0.177499 -0.207478 0.962001  0.087161 0.110080 1 1 1.000000
0  -30.477728 -89.109940 17.463039  -0.270026 -0.264819 0.925720  0.088382 0.110080 1 1 1.000000
headlight
0  -31.259491 -89.572395 17.121706  -0.231368 -0.258784 0.937817  0.088382 0.110813 1 1 1.000000
0  -30.477728 -89.109940 17.463039  -0.270026 -0.264819 0.925720  0.088382 0.110080 1 1 1.000000
0  -31.325556 -87.920784 17.452028  -0.177499 -0.207478 0.962001  0.087161 0.110080 1 1 1.000000
headlight
0  -31.259491 -89.572395 17.121706  -0.231368 -0.258784 0.937817  0.088382 0.110813 1 1 1.000000
0  -29.894159 -89.704521 17.418997  -0.230785 -0.332466 0.914442  0.088870 0.110080 1 1 1.000000
0  -30.477728 -89.109940 17.463039  -0.270026 -0.264819 0.925720  0.088382 0.110080 1 1 1.000000
headlight
0  -29.894159 -89.704521 17.418997  -0.230785 -0.332466 0.914442  0.088870 0.110080 1 1 1.000000
0  -31.259491 -89.572395 17.121706  -0.231368 -0.258784 0.937817  0.088382 0.110813 1 1 1.000000
0  -26.701044 -92.600349 17.143728  -0.234105 -0.348430 0.907629  0.090579 0.110080 1 1 1.000000
headlight
0  -27.152485 -93.216949 16.813406  -0.230481 -0.346699 0.909218  0.090823 0.110813 1 1 1.000000
0  -26.701044 -92.600349 17.143728  -0.234105 -0.348430 0.907629  0.090579 0.110080 1 1 1.000000
0  -31.259491 -89.572395 17.121706  -0.231368 -0.258784 0.937817  0.088382 0.110813 1 1 1.000000
headlight
0  -27.152485 -93.216949 16.813406  -0.230481 -0.346699 0.909218  0.090823 0.110813 1 1 1.000000
0  -24.939325 -94.912605 16.692287  -0.348710 -0.363368 0.863924  0.092532 0.110080 1 1 1.000000
0  -26.701044 -92.600349 17.143728  -0.234105 -0.348430 0.907629  0.090579 0.110080 1 1 1.000000
headlight
0  -24.829218 -94.119827 17.066652  -0.323225 -0.364484 0.873314  0.092288 0.110080 1 1 1.000000
0  -26.701044 -92.600349 17.143728  -0.234105 -0.348430 0.907629  0.090579 0.110080 1 1 1.000000
0  -24.939325 -94.912605 16.692287  -0.348710 -0.363368 0.863924  0.092532 0.110080 1 1 1.000000
headlight
0  -24.829218 -94.119827 17.066652  -0.323225 -0.364484 0.873314  0.092288 0.110080 1 1 1.000000
0  -24.939325 -94.912605 16.692287  -0.348710 -0.363368 0.863924  0.092532 0.110080 1 1 1.000000
0  -24.410809 -94.406105 17.165751  -0.475099 -0.339570 0.811772  0.092532 0.109836 1 1 1.000000
headlight
0  -24.454851 -95.231911 16.780375  -0.490468 -0.340107 0.802352  0.092532 0.110080 1 1 1.000000
0  -24.410809 -94.406105 17.165751  -0.475099 -0.339570 0.811772  0.092532 0.109836 1 1 1.000000
0  -24.939325 -94.912605 16.692287  -0.348710 -0.363368 0.863924  0.092532 0.110080 1 1 1.000000
headlight
0  -24.454851 -95.231911 16.780375  -0.490468 -0.340107 0.802352  0.092532 0.110080 1 1 1.000000
0  -23.959368 -95.485161 17.044632  -0.587755 -0.318820 0.743571  0.093265 0.110080 1 1 1.000000
0  -24.410809 -94.406105 17.165751  -0.475099 -0.339570 0.811772  0.092532 0.109836 1 1 1.000000
headlight
0  -23.981390 -94.626320 17.385965  -0.589364 -0.320263 0.741675  0.092532 0.109836 1 1 1.000000
0  -24.410809 -94.406105 17.165751  -0.475099 -0.339570 0.811772  0.092532 0.109836 1 1 1.000000
0  -23.959368 -95.485161 17.044632  -0.587755 -0.318820 0.743571  0.093265 0.110080 1 1 1.000000
headlight
0  -23.981390 -94.626320 17.385965  -0.589364 -0.320263 0.741675  0.092532 0.109836 1 1 1.000000
0  -23.959368 -95.485161 17.044632  -0.587755 -0.318820 0.743571  0.093265 0.110080 1 1 1.000000
0  -21.746208 -95.496170 18.894436  -0.607167 -0.322757 0.726069  0.093753 0.108615 1 1 1.000000
headlight
0  -21.514982 -96.277931 18.751297  -0.604024 -0.326897 0.726838  0.093753 0.109348 1 1 1.000000
0  -21.746208 -95.496170 18.894436  -0.607167 -0.322757 0.726069  0.093753 0.108615 1 1 1.000000
0  -23.959368 -95.485161 17.044632  -0.587755 -0.318820 0.743571  0.093265 0.110080 1 1 1.000000
headlight
0  -21.746208 -95.496170 18.894436  -0.607167 -0.322757 0.726069  0.093753 0.108615 1 1 1.000000
0  -21.514982 -96.277931 18.751297  -0.604024 -0.326897 0.726838  0.093753 0.109348 1 1 1.000000
0  -20.953434 -95.705376 19.466995  -0.600053 -0.331095 0.728226  0.093753 0.108615 1 1 1.000000
headlight
0  -20.634123 -96.465118 19.378910  -0.596137 -0.336216 0.729095  0.094241 0.108615 1 1 1.000000
0  -20.953434 -95.705376 19.466995  -0.599989 -0.331093 0.728279  0.093753 0.108615 1 1 1.000000
0  -21.514982 -96.277931 18.751297  -0.604007 -0.326918 0.726843  0.093753 0.109348 1 1 1.000000
headlight
0  -27.196527 -90.177986 20.028543  -0.573100 -0.558652 0.599554  0.472915 0.680166 1 1 1.000000
0  -27.163494 -90.277077 19.962479  -0.576634 -0.552624 0.601747  0.472915 0.680166 1 1 1.000000
0  -27.075409 -90.266068 20.083597  -0.356412 -0.583494 0.729730  0.472915 0.680166 1 1 1.000000
headlight
0  -27.042377 -90.354156 20.017532  -0.255343 -0.588419 0.767179  0.472915 0.680166 1 1 1.000000
0  -27.075409 -90.266068 20.083597  -0.356412 -0.583494 0.729730  0.472915 0.680166 1 1 1.000000
0  -27.163494 -90.277077 19.962479  -0.576634 -0.552624 0.601747  0.472915 0.680166 1 1 1.000000
headlight
0  -27.042377 -90.354156 20.017532  -0.255343 -0.588419 0.767179  0.472915 0.680166 1 1 1.000000
0  -25.280657 -90.365166 20.028543  0.230489 -0.439962 0.867933  0.472671 0.680166 1 1 1.000000
0  -27.075409 -90.266068 20.083597  -0.356412 -0.583494 0.729730  0.472915 0.680166 1 1 1.000000
headlight
0  -25.258636 -90.266068 20.083597  0.374306 -0.459719 0.805328  0.472671 0.680166 1 1 1.000000
0  -27.075409 -90.266068 20.083597  -0.356412 -0.583494 0.729730  0.472915 0.680166 1 1 1.000000
0  -25.280657 -90.365166 20.028543  0.230489 -0.439962 0.867933  0.472671 0.680166 1 1 1.000000
headlight
0  -25.280657 -90.365166 20.028543  0.230489 -0.439962 0.867933  0.472671 0.680166 1 1 1.000000
0  -25.148529 -90.277077 19.962479  0.577349 -0.477450 0.662352  0.472671 0.680166 1 1 1.000000
0  -25.258636 -90.266068 20.083597  0.374306 -0.459719 0.805328  0.472671 0.680166 1 1 1.000000
headlight
0  -25.071453 -90.144951 20.017532  0.566528 -0.498929 0.655832  0.471938 0.680166 1 1 1.000000
0  -25.258636 -90.266068 20.083597  0.374306 -0.459719 0.805328  0.472671 0.680166 1 1 1.000000
0  -25.148529 -90.277077 19.962479  0.577349 -0.477450 0.662352  0.472671 0.680166 1 1 1.000000
headlight
0  -27.152485 -93.216949 16.813406  -0.586674 -0.731184 0.348113  0.090823 0.110813 1 1 1.000000
0  -31.259491 -89.572395 17.121706  -0.590571 -0.665728 0.456105  0.088382 0.110813 1 1 1.000000
0  -27.185516 -93.260994 16.648245  -0.585730 -0.732264 0.347433  0.090823 0.110813 1 1 1.000000
headlight
0  -31.314545 -89.638458 16.967556  -0.589586 -0.665977 0.457015  0.088382 0.110813 1 1 1.000000
0  -27.185516 -93.260994 16.648245  -0.585730 -0.732264 0.347433  0.090823 0.110813 1 1 1.000000
0  -31.259491 -89.572395 17.121706  -0.590571 -0.665728 0.456105  0.088382 0.110813 1 1 1.000000
headlight
0  -31.259491 -89.572395 17.121706  -0.590571 -0.665728 0.456105  0.088382 0.110813 1 1 1.000000
0  -35.135273 -85.685600 17.418997  -0.625023 -0.629648 0.461400  0.085208 0.110813 1 1 1.000000
0  -31.314545 -89.638458 16.967556  -0.589586 -0.665977 0.457015  0.088382 0.110813 1 1 1.000000
headlight
0  -35.201336 -85.740654 17.264847  -0.625712 -0.628917 0.461463  0.085208 0.111057 1 1 1.000000
0  -31.314545 -89.638458 16.967556  -0.589586 -0.665977 0.457015  0.088382 0.110813 1 1 1.000000
0  -35.135273 -85.685600 17.418997  -0.625023 -0.629648 0.461400  0.085208 0.110813 1 1 1.000000
headlight
0  -35.201336 -85.740654 17.264847  -0.625712 -0.628917 0.461463  0.085208 0.111057 1 1 1.000000
0  -35.135273 -85.685600 17.418997  -0.625023 -0.629648 0.461400  0.085208 0.110813 1 1 1.000000
0  -36.577679 -84.221169 17.374954  -0.709053 -0.533420 0.461202  0.084231 0.111057 1 1 1.000000
headlight
0  -36.511616 -84.166115 17.529104  -0.708739 -0.527606 0.468317  0.084231 0.111057 1 1 1.000000
0  -36.577679 -84.221169 17.374954  -0.709053 -0.533420 0.461202  0.084231 0.111057 1 1 1.000000
0  -35.135273 -85.685600 17.418997  -0.625023 -0.629648 0.461400  0.085208 0.110813 1 1 1.000000
headlight
0  -36.511616 -84.166115 17.529104  -0.708739 -0.527606 0.468317  0.084231 0.111057 1 1 1.000000
0  -36.852947 -83.538506 17.562136  -0.879656 -0.288106 0.378417  0.083987 0.111057 1 1 1.000000
0  -36.577679 -84.221169 17.374954  -0.709053 -0.533420 0.461202  0.084231 0.111057 1 1 1.000000
headlight
0  -36.896992 -83.549515 17.430008  -0.878763 -0.298707 0.372222  0.083987 0.111057 1 1 1.000000
0  -36.577679 -84.221169 17.374954  -0.709053 -0.533420 0.461202  0.084231 0.111057 1 1 1.000000
0  -36.852947 -83.538506 17.562136  -0.879656 -0.288106 0.378417  0.083987 0.111057 1 1 1.000000
headlight
0  -36.896992 -83.549515 17.430008  -0.878763 -0.298707 0.372222  0.083987 0.111057 1 1 1.000000
0  -36.852947 -83.538506 17.562136  -0.879656 -0.288106 0.378417  0.083987 0.111057 1 1 1.000000
0  -37.139229 -81.391411 17.683254  0.088858 -0.427877 0.899458  0.082522 0.110813 1 1 1.000000
headlight
0  -37.106194 -81.413429 17.826395  -0.945981 -0.146490 0.289241  0.082522 0.110813 1 1 1.000000
0  -37.139229 -81.391411 17.683254  0.088858 -0.427877 0.899458  0.082522 0.110813 1 1 1.000000
0  -36.852947 -83.538506 17.562136  -0.879656 -0.288106 0.378417  0.083987 0.111057 1 1 1.000000
headlight
0  -28.418720 -86.522415 18.299856  -0.003386 -0.036606 0.999324  0.091800 0.531724 1 1 1.000000
0  -29.288568 -86.841728 18.288845  -0.008085 -0.042680 0.999056  0.092288 0.532212 1 1 1.000000
0  -27.526850 -86.775665 18.299856  -0.003390 -0.035350 0.999369  0.092288 0.530259 1 1 1.000000
headlight
0  -23.970379 -94.373077 17.452028  -0.587218 -0.646698 0.486782  0.087649 0.116916 1 1 1.000000
0  -24.399797 -94.141853 17.264847  -0.564381 -0.647169 0.512490  0.088382 0.116916 1 1 1.000000
0  -23.882294 -94.703400 17.154739  -0.586402 -0.646501 0.488026  0.087649 0.116916 1 1 1.000000
headlight
0  -24.333735 -94.439140 16.934525  -0.566686 -0.654048 0.501087  0.088382 0.116916 1 1 1.000000
0  -23.882294 -94.703400 17.154739  -0.586402 -0.646501 0.488026  0.087649 0.116916 1 1 1.000000
0  -24.399797 -94.141853 17.264847  -0.564381 -0.647169 0.512490  0.088382 0.116916 1 1 1.000000
headlight
0  -24.333735 -94.439140 16.934525  -0.566686 -0.654048 0.501087  0.088382 0.116916 1 1 1.000000
0  -24.399797 -94.141853 17.264847  -0.564381 -0.647169 0.512490  0.088382 0.116916 1 1 1.000000
0  -24.785173 -94.130836 16.879471  -0.535395 -0.642613 0.548088  0.088382 0.116916 1 1 1.000000
headlight
0  -24.807196 -93.866585 17.165751  -0.526545 -0.636596 0.563467  0.088382 0.116916 1 1 1.000000
0  -24.785173 -94.130836 16.879471  -0.535395 -0.642613 0.548088  0.088382 0.116916 1 1 1.000000
0  -24.399797 -94.141853 17.264847  -0.564381 -0.647169 0.512490  0.088382 0.116916 1 1 1.000000
headlight
0  -24.807196 -93.866585 17.165751  -0.526545 -0.636596 0.563467  0.088382 0.116916 1 1 1.000000
0  -26.568914 -92.391144 17.264847  -0.519944 -0.642031 0.563431  0.089358 0.116916 1 1 1.000000
0  -24.785173 -94.130836 16.879471  -0.535395 -0.642613 0.548088  0.088382 0.116916 1 1 1.000000
headlight
0  -26.690033 -92.545296 16.989578  -0.518771 -0.642570 0.563898  0.089358 0.116916 1 1 1.000000
0  -24.785173 -94.130836 16.879471  -0.535395 -0.642613 0.548088  0.088382 0.116916 1 1 1.000000
0  -26.568914 -92.391144 17.264847  -0.519944 -0.642031 0.563431  0.089358 0.116916 1 1 1.000000
headlight
0  -26.568914 -92.391144 17.264847  -0.519944 -0.642031 0.563431  0.089358 0.116916 1 1 1.000000
0  -29.740009 -89.517342 17.518093  -0.489502 -0.634822 0.597820  0.092288 0.116916 1 1 1.000000
0  -26.690033 -92.545296 16.989578  -0.518771 -0.642570 0.563898  0.089358 0.116916 1 1 1.000000
headlight
0  -29.883148 -89.671486 17.231813  -0.510599 -0.637123 0.577376  0.091800 0.116428 1 1 1.000000
0  -26.690033 -92.545296 16.989578  -0.518771 -0.642570 0.563898  0.089358 0.116916 1 1 1.000000
0  -29.740009 -89.517342 17.518093  -0.489502 -0.634822 0.597820  0.092288 0.116916 1 1 1.000000
headlight
0  -29.740009 -89.517342 17.518093  -0.489502 -0.634822 0.597820  0.092288 0.116916 1 1 1.000000
0  -30.301556 -89.076912 17.562136  -0.704299 -0.547666 0.451692  0.092288 0.116916 1 1 1.000000
0  -29.883148 -89.671486 17.231813  -0.510599 -0.637123 0.577376  0.091800 0.116428 1 1 1.000000
headlight
0  -30.422674 -89.131966 17.297878  -0.719767 -0.543684 0.431674  0.092288 0.116428 1 1 1.000000
0  -29.883148 -89.671486 17.231813  -0.510599 -0.637123 0.577376  0.091800 0.116428 1 1 1.000000
0  -30.301556 -89.076912 17.562136  -0.704299 -0.547666 0.451692  0.092288 0.116916 1 1 1.000000
headlight
0  -22.538982 -91.620392 19.180716  -0.813289 -0.103323 0.572613  0.055666 0.112766 1 1 1.000000
0  -21.966425 -91.301079 20.050564  -0.790026 -0.090289 0.606388  0.055666 0.112766 1 1 1.000000
0  -22.759197 -88.372223 19.478006  -0.722701 -0.055854 0.688900  0.054445 0.113010 1 1 1.000000
headlight
0  -21.966425 -89.087921 20.171682  -0.668413 -0.030785 0.743153  0.054445 0.112766 1 1 1.000000
0  -22.759197 -88.372223 19.478006  -0.722389 -0.055693 0.689240  0.054445 0.113010 1 1 1.000000
0  -21.966425 -91.301079 20.050564  -0.789736 -0.090150 0.606787  0.055666 0.112766 1 1 1.000000
headlight
0  -30.202459 -82.855843 17.705276  -0.008148 -0.097080 0.995243  0.088382 0.114231 1 1 1.000000
0  -29.618891 -89.880692 17.033621  -0.008184 -0.099140 0.995040  0.092288 0.114231 1 1 1.000000
0  -22.704144 -88.394241 17.220804  -0.012057 -0.098591 0.995055  0.091800 0.110813 1 1 1.000000
headlight
0  -22.704144 -88.394241 17.220804  -0.012057 -0.098591 0.995055  0.091800 0.110813 1 1 1.000000
0  -29.618891 -89.880692 17.033621  -0.008184 -0.099140 0.995040  0.092288 0.114231 1 1 1.000000
0  -24.454851 -94.395096 16.604202  -0.024317 -0.096713 0.995015  0.094241 0.112033 1 1 1.000000
headlight
0  -22.296747 -95.143829 16.604202  -0.035877 -0.093293 0.994992  0.094974 0.111057 1 1 1.000000
0  -22.704144 -88.394241 17.220804  -0.012057 -0.098591 0.995055  0.091800 0.110813 1 1 1.000000
0  -24.454851 -94.395096 16.604202  -0.024317 -0.096713 0.995015  0.094241 0.112033 1 1 1.000000
headlight
0  -29.618891 -89.880692 17.033621  0.607547 0.704293 -0.367231  0.092288 0.114231 1 1 1.000000
0  -29.740009 -89.517342 17.518093  0.605678 0.701185 -0.376156  0.092288 0.114719 1 1 1.000000
0  -26.568914 -92.391144 17.264847  0.626500 0.742370 -0.237454  0.093753 0.113010 1 1 1.000000
headlight
0  -24.454851 -94.395096 16.604202  0.501188 0.819968 -0.276519  0.094241 0.112033 1 1 1.000000
0  -29.618891 -89.880692 17.033621  0.607547 0.704293 -0.367231  0.092288 0.114231 1 1 1.000000
0  -26.568914 -92.391144 17.264847  0.626500 0.742370 -0.237454  0.093753 0.113010 1 1 1.000000
headlight
0  -24.454851 -94.395096 16.604202  0.501188 0.819968 -0.276519  0.094241 0.112033 1 1 1.000000
0  -26.568914 -92.391144 17.264847  0.626500 0.742370 -0.237454  0.093753 0.113010 1 1 1.000000
0  -24.807196 -93.866585 17.165751  0.592134 0.735874 -0.328433  0.094241 0.112033 1 1 1.000000
headlight
0  -24.807196 -93.866585 17.165751  0.592134 0.735874 -0.328433  0.094241 0.112033 1 1 1.000000
0  -24.399797 -94.141853 17.264847  0.582514 0.744716 -0.325693  0.094241 0.112033 1 1 1.000000
0  -24.454851 -94.395096 16.604202  0.501188 0.819968 -0.276519  0.094241 0.112033 1 1 1.000000
headlight
0  -24.399797 -94.141853 17.264847  0.582514 0.744716 -0.325693  0.094241 0.112033 1 1 1.000000
0  -23.970379 -94.373077 17.452028  0.410019 0.879953 -0.239930  0.094974 0.112033 1 1 1.000000
0  -24.454851 -94.395096 16.604202  0.501188 0.819968 -0.276519  0.094241 0.112033 1 1 1.000000
headlight
0  -22.296747 -95.143829 16.604202  0.327859 0.924564 -0.194138  0.094974 0.111057 1 1 1.000000
0  -24.454851 -94.395096 16.604202  0.501188 0.819968 -0.276519  0.094241 0.112033 1 1 1.000000
0  -23.970379 -94.373077 17.452028  0.410019 0.879953 -0.239930  0.094974 0.112033 1 1 1.000000
headlight
0  -29.618891 -89.880692 17.033621  0.982050 0.062470 0.177977  0.092288 0.114231 1 1 1.000000
0  -30.202459 -82.855843 17.705276  0.973982 0.060806 0.218317  0.088382 0.114231 1 1 1.000000
0  -29.740009 -89.517342 17.518093  0.981793 0.062293 0.179451  0.091800 0.114719 1 1 1.000000
headlight
0  -30.312567 -82.778763 18.255814  0.973628 0.060491 0.219976  0.088382 0.114719 1 1 1.000000
0  -29.740009 -89.517342 17.518093  0.981793 0.062293 0.179451  0.091800 0.114719 1 1 1.000000
0  -30.202459 -82.855843 17.705276  0.973982 0.060806 0.218317  0.088382 0.114231 1 1 1.000000
headlight
0  -21.845304 -95.209892 18.960501  -0.555747 -0.743720 0.371518  0.085940 0.105197 1 1 1.000000
0  -23.970379 -94.373077 17.452028  -0.573457 -0.661591 0.483161  0.087649 0.105197 1 1 1.000000
0  -21.448917 -95.606277 18.762308  -0.559543 -0.731152 0.390292  0.085940 0.104709 1 1 1.000000
headlight
0  -23.882294 -94.703400 17.154739  -0.574800 -0.650996 0.495792  0.087649 0.105197 1 1 1.000000
0  -21.448917 -95.606277 18.762308  -0.559543 -0.731152 0.390292  0.085940 0.104709 1 1 1.000000
0  -23.970379 -94.373077 17.452028  -0.573457 -0.661591 0.483161  0.087649 0.105197 1 1 1.000000
headlight
0  -36.808907 -80.103157 22.384842  -0.928645 -0.099618 0.357345  0.841334 0.012909 1 1 1.000000
0  -36.654755 -81.039070 22.384842  -0.629503 -0.103975 0.770010  0.846217 0.013642 1 1 1.000000
0  -36.489594 -81.171196 22.461918  -0.433621 -0.070595 0.898326  0.847438 0.012909 1 1 1.000000
headlight
0  -36.808907 -80.103157 22.384842  -0.928645 -0.099618 0.357345  0.841334 0.012909 1 1 1.000000
0  -36.742840 -81.061089 22.230692  -0.979272 -0.099398 0.176481  0.846217 0.014374 1 1 1.000000
0  -36.654755 -81.039070 22.384842  -0.629503 -0.103975 0.770010  0.846217 0.013642 1 1 1.000000
headlight
0  -36.742840 -81.061089 22.230692  -0.979272 -0.099398 0.176481  0.846217 0.014374 1 1 1.000000
0  -36.808907 -80.103157 22.384842  -0.928645 -0.099618 0.357345  0.841334 0.012909 1 1 1.000000
0  -36.709808 -81.556572 21.603079  -0.997388 -0.069272 -0.020452  0.847682 0.018525 1 1 1.000000
headlight
0  -29.464741 -86.896782 17.308889  -0.984018 -0.096115 0.149899  0.090091 0.528062 1 1 1.000000
0  -29.222504 -87.986847 18.233791  -0.984620 -0.103805 0.140530  0.091800 0.529771 1 1 1.000000
0  -29.288568 -86.841728 18.288845  -0.981629 -0.074296 0.175740  0.090823 0.528062 1 1 1.000000
headlight
0  -29.464741 -86.896782 17.308889  -0.984018 -0.096115 0.149899  0.090091 0.528062 1 1 1.000000
0  -29.299580 -88.207062 17.297878  -0.985397 -0.123995 0.116695  0.090091 0.530259 1 1 1.000000
0  -29.222504 -87.986847 18.233791  -0.984620 -0.103805 0.140530  0.091800 0.529771 1 1 1.000000
headlight
0  -18.663198 -97.158791 20.127640  0.460188 -0.627904 0.627665  0.081790 0.110080 1 1 1.000000
0  -18.960489 -97.367996 20.127640  0.477986 -0.653291 0.587146  0.082278 0.110080 1 1 1.000000
0  -18.971500 -97.489113 19.885403  0.554711 -0.762947 0.331976  0.081790 0.110080 1 1 1.000000
headlight
0  -18.663198 -97.158791 20.127640  0.460188 -0.627904 0.627665  0.081790 0.110080 1 1 1.000000
0  -19.180704 -97.169807 20.336843  0.350093 -0.473184 0.808413  0.082278 0.110080 1 1 1.000000
0  -18.960489 -97.367996 20.127640  0.477986 -0.653291 0.587146  0.082278 0.110080 1 1 1.000000
headlight
0  -22.538982 -91.620392 19.180716  -0.107141 0.039575 -0.993456  0.059084 0.111301 1 1 1.000000
0  -21.603069 -92.611359 19.048588  -0.107234 0.039597 -0.993445  0.059084 0.111301 1 1 1.000000
0  -22.065521 -94.395096 19.026566  -0.107235 0.039593 -0.993445  0.057619 0.111301 1 1 1.000000
headlight
0  -37.238323 -81.501518 18.288845  -0.102838 -0.036604 -0.994024  0.086673 0.529038 1 1 1.000000
0  -35.311443 -82.129128 18.101664  -0.102526 -0.037641 -0.994018  0.089114 0.531236 1 1 1.000000
0  -37.238323 -82.371368 18.321878  -0.177955 -0.094940 -0.979448  0.087649 0.528062 1 1 1.000000
headlight
0  -35.102242 -84.793732 18.200760  -0.129590 -0.061805 -0.989640  0.093265 0.528550 1 1 1.000000
0  -37.238323 -82.371368 18.321878  -0.177955 -0.094940 -0.979448  0.087649 0.528062 1 1 1.000000
0  -35.311443 -82.129128 18.101664  -0.102526 -0.037641 -0.994018  0.089114 0.531236 1 1 1.000000
headlight
0  -36.808907 -80.103157 22.384842  -0.178651 -0.482358 0.857563  0.466079 0.458968 1 1 1.000000
0  -36.896992 -80.103157 22.373831  -0.170344 -0.482266 0.859303  0.461196 0.454085 1 1 1.000000
0  -36.709808 -81.556572 21.603079  0.003842 -0.659978 0.751275  0.391125 0.552232 1 1 1.000000
headlight
0  -36.819916 -81.567581 21.592068  0.007300 -0.655511 0.755150  0.385754 0.545640 1 1 1.000000
0  -36.709808 -81.556572 21.603079  0.003842 -0.659978 0.751275  0.391125 0.552232 1 1 1.000000
0  -36.896992 -80.103157 22.373831  -0.170344 -0.482266 0.859303  0.461196 0.454085 1 1 1.000000
headlight
0  -36.819916 -81.567581 21.592068  0.007300 -0.655511 0.755150  0.385754 0.545640 1 1 1.000000
0  -36.313423 -83.593559 18.784328  -0.185269 -0.632116 0.752399  0.177984 0.700430 1 1 1.000000
0  -36.709808 -81.556572 21.603079  0.003842 -0.659978 0.751275  0.391125 0.552232 1 1 1.000000
headlight
0  -36.181293 -83.560524 18.828373  -0.197053 -0.607284 0.769659  0.185797 0.706046 1 1 1.000000
0  -36.709808 -81.556572 21.603079  0.003842 -0.659978 0.751275  0.391125 0.552232 1 1 1.000000
0  -36.313423 -83.593559 18.784328  -0.185269 -0.632116 0.752399  0.177984 0.700430 1 1 1.000000
headlight
0  -36.181293 -83.560524 18.828373  -0.197053 -0.607284 0.769659  0.185797 0.706046 1 1 1.000000
0  -36.313423 -83.593559 18.784328  -0.185269 -0.632116 0.752399  0.177984 0.700430 1 1 1.000000
0  -35.443573 -84.353302 18.762308  -0.330097 -0.399187 0.855386  0.185064 0.787835 1 1 1.000000
headlight
0  -35.421551 -84.540482 18.674221  -0.331556 -0.400435 0.854238  0.175054 0.798334 1 1 1.000000
0  -35.443573 -84.353302 18.762308  -0.330097 -0.399187 0.855386  0.185064 0.787835 1 1 1.000000
0  -36.313423 -83.593559 18.784328  -0.185269 -0.632116 0.752399  0.177984 0.700430 1 1 1.000000
headlight
0  -20.358854 -96.707352 19.334866  -0.540167 -0.653512 0.530228  0.094974 0.108615 1 1 1.000000
0  -20.634123 -96.465118 19.378910  -0.537812 -0.657533 0.527644  0.094241 0.108615 1 1 1.000000
0  -21.360832 -96.443092 18.696243  -0.524692 -0.697977 0.487367  0.094241 0.109348 1 1 1.000000
headlight
0  -21.514982 -96.277931 18.751297  -0.533011 -0.705299 0.467389  0.093753 0.109348 1 1 1.000000
0  -21.360832 -96.443092 18.696243  -0.524692 -0.697977 0.487367  0.094241 0.109348 1 1 1.000000
0  -20.634123 -96.465118 19.378910  -0.537812 -0.657533 0.527644  0.094241 0.108615 1 1 1.000000
headlight
0  -21.514982 -96.277931 18.751297  -0.533011 -0.705299 0.467389  0.093753 0.109348 1 1 1.000000
0  -23.959368 -95.485161 17.044632  -0.555787 -0.708781 0.434431  0.093265 0.110080 1 1 1.000000
0  -21.360832 -96.443092 18.696243  -0.524692 -0.697977 0.487367  0.094241 0.109348 1 1 1.000000
headlight
0  -23.926336 -95.606277 16.890482  -0.555034 -0.710083 0.433265  0.093265 0.110080 1 1 1.000000
0  -21.360832 -96.443092 18.696243  -0.524692 -0.697977 0.487367  0.094241 0.109348 1 1 1.000000
0  -23.959368 -95.485161 17.044632  -0.555787 -0.708781 0.434431  0.093265 0.110080 1 1 1.000000
headlight
0  -23.959368 -95.485161 17.044632  -0.555787 -0.708781 0.434431  0.093265 0.110080 1 1 1.000000
0  -24.454851 -95.231911 16.780375  -0.559861 -0.715288 0.418233  0.092532 0.110080 1 1 1.000000
0  -23.926336 -95.606277 16.890482  -0.555034 -0.710083 0.433265  0.093265 0.110080 1 1 1.000000
headlight
0  -24.421820 -95.353035 16.615213  -0.563040 -0.715081 0.414301  0.092532 0.110080 1 1 1.000000
0  -23.926336 -95.606277 16.890482  -0.555034 -0.710083 0.433265  0.093265 0.110080 1 1 1.000000
0  -24.454851 -95.231911 16.780375  -0.559861 -0.715288 0.418233  0.092532 0.110080 1 1 1.000000
headlight
0  -24.421820 -95.353035 16.615213  -0.563040 -0.715081 0.414301  0.092532 0.110080 1 1 1.000000
0  -24.454851 -95.231911 16.780375  -0.559861 -0.715288 0.418233  0.092532 0.110080 1 1 1.000000
0  -24.917303 -95.022713 16.538137  -0.546047 -0.720158 0.428026  0.092532 0.110813 1 1 1.000000
headlight
0  -24.939325 -94.912605 16.692287  -0.542956 -0.720479 0.431403  0.092532 0.110080 1 1 1.000000
0  -24.917303 -95.022713 16.538137  -0.546047 -0.720158 0.428026  0.092532 0.110813 1 1 1.000000
0  -24.454851 -95.231911 16.780375  -0.559861 -0.715288 0.418233  0.092532 0.110080 1 1 1.000000
headlight
0  -24.939325 -94.912605 16.692287  -0.542956 -0.720479 0.431403  0.092532 0.110080 1 1 1.000000
0  -27.152485 -93.216949 16.813406  -0.586674 -0.731184 0.348113  0.090823 0.110813 1 1 1.000000
0  -24.917303 -95.022713 16.538137  -0.546047 -0.720158 0.428026  0.092532 0.110813 1 1 1.000000
headlight
0  -27.185516 -93.260994 16.648245  -0.585730 -0.732264 0.347433  0.090823 0.110813 1 1 1.000000
0  -24.917303 -95.022713 16.538137  -0.546047 -0.720158 0.428026  0.092532 0.110813 1 1 1.000000
0  -27.152485 -93.216949 16.813406  -0.586674 -0.731184 0.348113  0.090823 0.110813 1 1 1.000000
headlight
0  -35.124260 -84.870804 18.310867  0.174816 -0.874272 0.452867  0.163335 0.837886 1 1 1.000000
0  -35.146282 -84.793732 18.476028  0.119462 -0.868787 0.480560  0.165777 0.830073 1 1 1.000000
0  -35.289421 -84.947884 18.233791  0.142601 -0.871593 0.469031  0.141850 0.830317 1 1 1.000000
headlight
0  -35.256390 -84.793732 18.487040  0.094473 -0.865225 0.492403  0.163091 0.821772 1 1 1.000000
0  -35.289421 -84.947884 18.233791  0.142601 -0.871593 0.469031  0.141850 0.830317 1 1 1.000000
0  -35.146282 -84.793732 18.476028  0.119462 -0.868787 0.480560  0.165777 0.830073 1 1 1.000000
headlight
0  -35.102242 -84.793732 18.200760  -0.129590 -0.061805 -0.989640  0.124760 0.829340 1 1 1.000000
0  -35.289421 -84.947884 18.233791  -0.157925 -0.084662 -0.983815  0.141850 0.830317 1 1 1.000000
0  -37.238323 -82.371368 18.321878  -0.177955 -0.094940 -0.979448  0.135258 0.585192 1 1 1.000000
headlight
0  -37.095184 -82.723709 18.409964  -0.599532 -0.427966 -0.676319  0.147710 0.613025 1 1 1.000000
0  -37.238323 -82.371368 18.321878  -0.177955 -0.094940 -0.979448  0.135258 0.585192 1 1 1.000000
0  -35.289421 -84.947884 18.233791  -0.157925 -0.084662 -0.983815  0.141850 0.830317 1 1 1.000000
headlight
0  -35.256390 -84.793732 18.487040  -0.655220 -0.624421 0.425188  0.163091 0.821772 1 1 1.000000
0  -35.399529 -84.639580 18.498049  -0.702424 -0.616918 0.354981  0.163091 0.805170 1 1 1.000000
0  -35.289421 -84.947884 18.233791  -0.682080 -0.612261 0.399878  0.141850 0.830317 1 1 1.000000
headlight
0  -37.095184 -82.723709 18.409964  -0.761970 -0.585609 0.276523  0.147710 0.613025 1 1 1.000000
0  -35.289421 -84.947884 18.233791  -0.682080 -0.612261 0.399878  0.141850 0.830317 1 1 1.000000
0  -35.399529 -84.639580 18.498049  -0.702424 -0.616918 0.354981  0.163091 0.805170 1 1 1.000000
headlight
0  -35.399529 -84.639580 18.498049  -0.702424 -0.616918 0.354981  0.163091 0.805170 1 1 1.000000
0  -35.421551 -84.540482 18.674221  -0.732795 -0.640985 0.228363  0.175054 0.798334 1 1 1.000000
0  -37.095184 -82.723709 18.409964  -0.761970 -0.585609 0.276523  0.147710 0.613025 1 1 1.000000
headlight
0  -36.313423 -83.593559 18.784328  -0.758016 -0.648801 0.066854  0.177984 0.700430 1 1 1.000000
0  -37.095184 -82.723709 18.409964  -0.761970 -0.585609 0.276523  0.147710 0.613025 1 1 1.000000
0  -35.421551 -84.540482 18.674221  -0.732795 -0.640985 0.228363  0.175054 0.798334 1 1 1.000000
headlight
0  -37.095184 -82.723709 18.409964  -0.761970 -0.585609 0.276523  0.147710 0.613025 1 1 1.000000
0  -36.313423 -83.593559 18.784328  -0.758016 -0.648801 0.066854  0.177984 0.700430 1 1 1.000000
0  -37.205292 -80.873909 21.603079  -0.739476 -0.428232 0.519416  0.386975 0.485580 1 1 1.000000
headlight
0  -36.819916 -81.567581 21.592068  -0.835504 -0.463920 0.294467  0.385754 0.545640 1 1 1.000000
0  -37.205292 -80.873909 21.603079  -0.739476 -0.428232 0.519416  0.386975 0.485580 1 1 1.000000
0  -36.313423 -83.593559 18.784328  -0.758016 -0.648801 0.066854  0.177984 0.700430 1 1 1.000000
headlight
0  -36.819916 -81.567581 21.592068  -0.835504 -0.463920 0.294467  0.385754 0.545640 1 1 1.000000
0  -36.896992 -80.103157 22.373831  -0.662053 -0.384994 0.643012  0.461196 0.454085 1 1 1.000000
0  -37.205292 -80.873909 21.603079  -0.739476 -0.428232 0.519416  0.386975 0.485580 1 1 1.000000
headlight
0  -37.161247 -80.026077 22.153616  -0.658368 -0.388208 0.644861  0.440443 0.439436 1 1 1.000000
0  -37.205292 -80.873909 21.603079  -0.739476 -0.428232 0.519416  0.386975 0.485580 1 1 1.000000
0  -36.896992 -80.103157 22.373831  -0.662053 -0.384994 0.643012  0.461196 0.454085 1 1 1.000000
headlight
0  -22.538982 -91.620392 19.180716  -0.997856 -0.065138 -0.006362  0.055666 0.111057 1 1 1.000000
0  -22.759197 -88.372223 19.478006  -0.998148 -0.059043 -0.014670  0.054445 0.111057 1 1 1.000000
0  -22.616058 -90.431229 17.947512  -0.998047 -0.061331 -0.011901  0.055666 0.111057 1 1 1.000000
headlight
0  -22.704144 -88.394241 17.220804  -0.998282 -0.055075 -0.020002  0.054445 0.111301 1 1 1.000000
0  -22.616058 -90.431229 17.947512  -0.998047 -0.061331 -0.011901  0.055666 0.111057 1 1 1.000000
0  -22.759197 -88.372223 19.478006  -0.998148 -0.059043 -0.014670  0.054445 0.111057 1 1 1.000000
headlight
0  -20.479973 -95.892555 19.411942  -0.065377 0.093693 -0.993452  0.090091 0.106418 1 1 1.000000
0  -20.634123 -96.465118 19.378910  -0.081106 0.090790 -0.992562  0.090091 0.106906 1 1 1.000000
0  -21.966425 -89.087921 20.171682  -0.085209 0.090087 -0.992282  0.093265 0.104709 1 1 1.000000
headlight
0  -21.834293 -95.628304 19.566092  -0.084939 0.089305 -0.992376  0.090579 0.106906 1 1 1.000000
0  -21.966425 -89.087921 20.171682  -0.083771 0.089783 -0.992432  0.093265 0.104709 1 1 1.000000
0  -20.634123 -96.465118 19.378910  -0.081074 0.090792 -0.992564  0.090091 0.106906 1 1 1.000000
headlight
0  -30.719965 -88.526375 17.529104  0.812498 0.554201 -0.180853  0.090579 0.108615 1 1 1.000000
0  -30.752996 -88.603447 17.231813  0.827926 0.536899 -0.162107  0.090579 0.108615 1 1 1.000000
0  -31.028265 -88.328178 17.011599  0.715753 0.675246 -0.178159  0.090579 0.108615 1 1 1.000000
headlight
0  -31.325556 -87.920784 17.452028  0.709197 0.684781 -0.167675  0.090823 0.108615 1 1 1.000000
0  -30.719965 -88.526375 17.529104  0.812498 0.554201 -0.180853  0.090579 0.108615 1 1 1.000000
0  -31.028265 -88.328178 17.011599  0.715753 0.675246 -0.178159  0.090579 0.108615 1 1 1.000000
headlight
0  -31.325556 -87.920784 17.452028  0.709197 0.684781 -0.167675  0.090823 0.108615 1 1 1.000000
0  -31.028265 -88.328178 17.011599  0.715753 0.675246 -0.178159  0.090579 0.108615 1 1 1.000000
0  -31.325556 -88.019875 16.989578  0.711895 0.684085 -0.158851  0.090823 0.108615 1 1 1.000000
headlight
0  -31.325556 -87.920784 17.452028  0.709197 0.684781 -0.167675  0.090823 0.108615 1 1 1.000000
0  -31.325556 -88.019875 16.989578  0.711895 0.684085 -0.158851  0.090823 0.108615 1 1 1.000000
0  -34.111275 -84.980911 17.672243  0.742671 0.669158 0.025837  0.093265 0.108127 1 1 1.000000
headlight
0  -35.575703 -83.329300 17.286867  0.876074 0.477300 -0.068399  0.093753 0.108127 1 1 1.000000
0  -34.111275 -84.980911 17.672243  0.742671 0.669158 0.025837  0.093265 0.108127 1 1 1.000000
0  -31.325556 -88.019875 16.989578  0.711895 0.684085 -0.158851  0.090823 0.108615 1 1 1.000000
headlight
0  -35.388519 -83.516487 17.760330  0.803048 0.589966 -0.083988  0.093753 0.107883 1 1 1.000000
0  -34.111275 -84.980911 17.672243  0.742671 0.669158 0.025837  0.093265 0.108127 1 1 1.000000
0  -35.575703 -83.329300 17.286867  0.876074 0.477300 -0.068399  0.093753 0.108127 1 1 1.000000
headlight
0  -35.388519 -83.516487 17.760330  0.803048 0.589966 -0.083988  0.093753 0.107883 1 1 1.000000
0  -35.575703 -83.329300 17.286867  0.876074 0.477300 -0.068399  0.093753 0.108127 1 1 1.000000
0  -35.652779 -82.998978 17.793362  0.947306 0.313173 -0.067337  0.094241 0.107883 1 1 1.000000
headlight
0  -35.575703 -83.329300 17.286867  0.876074 0.477300 -0.068399  0.093753 0.108127 1 1 1.000000
0  -35.994110 -81.765778 17.341921  0.969397 0.239484 -0.054001  0.094974 0.108127 1 1 1.000000
0  -35.652779 -82.998978 17.793362  0.947306 0.313173 -0.067337  0.094241 0.107883 1 1 1.000000
headlight
0  -35.961079 -81.666679 17.936502  0.969620 0.236099 -0.063990  0.094974 0.107883 1 1 1.000000
0  -35.652779 -82.998978 17.793362  0.947306 0.313173 -0.067337  0.094241 0.107883 1 1 1.000000
0  -35.994110 -81.765778 17.341921  0.969397 0.239484 -0.054001  0.094974 0.108127 1 1 1.000000
headlight
0  -24.410809 -94.406105 17.165751  0.513177 0.858162 0.014379  0.098392 0.108615 1 1 1.000000
0  -23.981390 -94.626320 17.385965  0.448272 0.891725 -0.062278  0.098392 0.108615 1 1 1.000000
0  -24.333735 -94.439140 16.934525  0.512016 0.858937 0.008112  0.098392 0.108615 1 1 1.000000
headlight
0  -23.882294 -94.703400 17.154739  0.450936 0.889912 -0.068653  0.098392 0.108615 1 1 1.000000
0  -24.333735 -94.439140 16.934525  0.512016 0.858937 0.008112  0.098392 0.108615 1 1 1.000000
0  -23.981390 -94.626320 17.385965  0.448272 0.891725 -0.062278  0.098392 0.108615 1 1 1.000000
headlight
0  -23.882294 -94.703400 17.154739  0.450936 0.889912 -0.068653  0.098392 0.108615 1 1 1.000000
0  -23.981390 -94.626320 17.385965  0.448272 0.891725 -0.062278  0.098392 0.108615 1 1 1.000000
0  -21.448917 -95.606277 18.762308  0.362303 0.925858 -0.107349  0.098392 0.110813 1 1 1.000000
headlight
0  -21.746208 -95.496170 18.894436  0.375161 0.923715 -0.077494  0.098392 0.110080 1 1 1.000000
0  -21.448917 -95.606277 18.762308  0.362303 0.925858 -0.107349  0.098392 0.110813 1 1 1.000000
0  -23.981390 -94.626320 17.385965  0.448272 0.891725 -0.062278  0.098392 0.108615 1 1 1.000000
headlight
0  -21.448917 -95.606277 18.762308  0.362303 0.925858 -0.107349  0.098392 0.110813 1 1 1.000000
0  -21.746208 -95.496170 18.894436  0.375161 0.923715 -0.077494  0.098392 0.110080 1 1 1.000000
0  -20.479973 -95.892555 19.411942  0.349990 0.926925 -0.135341  0.098392 0.111057 1 1 1.000000
headlight
0  -20.953434 -95.705376 19.466995  0.350587 0.926489 -0.136774  0.098392 0.110813 1 1 1.000000
0  -20.479973 -95.892555 19.411942  0.349997 0.926917 -0.135380  0.098392 0.111057 1 1 1.000000
0  -21.746208 -95.496170 18.894436  0.375177 0.923694 -0.077660  0.098392 0.110080 1 1 1.000000
headlight
0  -30.719965 -88.526375 17.529104  0.812498 0.554201 -0.180853  0.097659 0.103732 1 1 1.000000
0  -30.477728 -89.109940 17.463039  0.805170 0.579155 0.127595  0.097659 0.104465 1 1 1.000000
0  -30.752996 -88.603447 17.231813  0.827926 0.536899 -0.162107  0.098392 0.104465 1 1 1.000000
headlight
0  -30.422674 -89.131966 17.297878  0.760839 0.625296 0.173579  0.097659 0.104465 1 1 1.000000
0  -30.752996 -88.603447 17.231813  0.827926 0.536899 -0.162107  0.098392 0.104465 1 1 1.000000
0  -30.477728 -89.109940 17.463039  0.805170 0.579155 0.127595  0.097659 0.104465 1 1 1.000000
headlight
0  -30.422674 -89.131966 17.297878  0.760839 0.625296 0.173579  0.097659 0.104465 1 1 1.000000
0  -30.477728 -89.109940 17.463039  0.805170 0.579155 0.127595  0.097659 0.104465 1 1 1.000000
0  -29.883148 -89.671486 17.231813  0.687526 0.715354 0.124808  0.097659 0.104709 1 1 1.000000
headlight
0  -29.894159 -89.704521 17.418997  0.687953 0.715583 0.121088  0.097659 0.104709 1 1 1.000000
0  -29.883148 -89.671486 17.231813  0.687526 0.715354 0.124808  0.097659 0.104709 1 1 1.000000
0  -30.477728 -89.109940 17.463039  0.805170 0.579155 0.127595  0.097659 0.104465 1 1 1.000000
headlight
0  -29.894159 -89.704521 17.418997  0.687953 0.715583 0.121088  0.097659 0.104709 1 1 1.000000
0  -26.701044 -92.600349 17.143728  0.641303 0.718912 0.268134  0.097659 0.106906 1 1 1.000000
0  -29.883148 -89.671486 17.231813  0.687526 0.715354 0.124808  0.097659 0.104709 1 1 1.000000
headlight
0  -26.690033 -92.545296 16.989578  0.642022 0.715740 0.274816  0.098392 0.106906 1 1 1.000000
0  -29.883148 -89.671486 17.231813  0.687526 0.715354 0.124808  0.097659 0.104709 1 1 1.000000
0  -26.701044 -92.600349 17.143728  0.641303 0.718912 0.268134  0.097659 0.106906 1 1 1.000000
headlight
0  -26.690033 -92.545296 16.989578  0.642022 0.715740 0.274816  0.098392 0.106906 1 1 1.000000
0  -26.701044 -92.600349 17.143728  0.641303 0.718912 0.268134  0.097659 0.106906 1 1 1.000000
0  -24.785173 -94.130836 16.879471  0.590286 0.804353 0.067661  0.098392 0.108127 1 1 1.000000
headlight
0  -24.829218 -94.119827 17.066652  0.600568 0.796906 0.065260  0.098392 0.108127 1 1 1.000000
0  -24.785173 -94.130836 16.879471  0.590286 0.804353 0.067661  0.098392 0.108127 1 1 1.000000
0  -26.701044 -92.600349 17.143728  0.641303 0.718912 0.268134  0.097659 0.106906 1 1 1.000000
headlight
0  -24.785173 -94.130836 16.879471  0.590286 0.804353 0.067661  0.098392 0.108127 1 1 1.000000
0  -24.829218 -94.119827 17.066652  0.600568 0.796906 0.065260  0.098392 0.108127 1 1 1.000000
0  -24.333735 -94.439140 16.934525  0.512016 0.858937 0.008112  0.098392 0.108615 1 1 1.000000
headlight
0  -24.410809 -94.406105 17.165751  0.513177 0.858162 0.014379  0.098392 0.108615 1 1 1.000000
0  -24.333735 -94.439140 16.934525  0.512016 0.858937 0.008112  0.098392 0.108615 1 1 1.000000
0  -24.829218 -94.119827 17.066652  0.600568 0.796906 0.065260  0.098392 0.108127 1 1 1.000000
headlight
0  -36.489594 -81.171196 22.461918  -0.955950 -0.287826 0.057587  0.087649 0.116916 1 1 1.000000
0  -36.346455 -81.589607 22.671122  -0.955949 -0.287829 0.057587  0.087649 0.116916 1 1 1.000000
0  -36.808907 -80.103157 22.384842  -0.955949 -0.287829 0.057588  0.087649 0.117649 1 1 1.000000
headlight
0  -21.140617 -95.386063 19.544071  -0.505639 -0.767794 0.393474  0.057619 0.111057 1 1 1.000000
0  -21.845304 -95.209892 18.960501  -0.505610 -0.767793 0.393513  0.057375 0.111057 1 1 1.000000
0  -20.479973 -95.892555 19.411942  -0.505581 -0.767793 0.393550  0.057619 0.111057 1 1 1.000000
headlight
0  -21.448917 -95.606277 18.762308  -0.507825 -0.736106 0.447506  0.084231 0.103732 1 1 1.000000
0  -20.479973 -95.892555 19.411942  -0.507825 -0.736106 0.447506  0.083987 0.104465 1 1 1.000000
0  -21.845304 -95.209892 18.960501  -0.507861 -0.736100 0.447475  0.084964 0.104465 1 1 1.000000
headlight
0  -22.538982 -91.620392 19.180716  -0.793010 -0.170477 0.584870  0.057375 0.111301 1 1 1.000000
0  -22.065521 -94.395096 19.026566  -0.792908 -0.170738 0.584932  0.056887 0.111057 1 1 1.000000
0  -21.966425 -91.301079 20.050564  -0.793010 -0.170477 0.584870  0.056887 0.111301 1 1 1.000000
headlight
0  -29.982244 -88.405251 18.002565  0.936086 0.118377 -0.331255  0.852565 0.019013 1 1 1.000000
0  -30.015278 -87.854713 18.079641  0.940623 0.120575 -0.317316  0.852565 0.019013 1 1 1.000000
0  -29.905170 -88.636482 18.156717  0.937933 0.119376 -0.325623  0.852565 0.018525 1 1 1.000000
headlight
0  -29.960224 -87.832695 18.310867  0.941310 0.120790 -0.315190  0.852565 0.019013 1 1 1.000000
0  -29.905170 -88.636482 18.156717  0.937933 0.119376 -0.325623  0.852565 0.018525 1 1 1.000000
0  -30.015278 -87.854713 18.079641  0.940623 0.120575 -0.317316  0.852565 0.019013 1 1 1.000000
headlight
0  -30.169428 -85.190117 20.832327  0.984799 -0.068380 0.159671  0.845485 0.010712 1 1 1.000000
0  -30.279535 -86.610504 20.810307  0.986248 -0.057896 0.154798  0.845729 0.010956 1 1 1.000000
0  -29.960224 -87.832695 18.310867  0.993184 0.032277 0.111998  0.847438 0.010712 1 1 1.000000
headlight
0  -29.905170 -88.636482 18.156717  0.993477 0.048235 0.103333  0.847682 0.010956 1 1 1.000000
0  -29.960224 -87.832695 18.310867  0.993196 0.032693 0.111775  0.847438 0.010712 1 1 1.000000
0  -30.279535 -86.610504 20.810307  0.986304 -0.057490 0.154597  0.845729 0.010956 1 1 1.000000
headlight
0  -31.292522 -85.013947 20.920414  -0.989698 -0.079109 -0.119327  0.868191 0.177221 1 1 1.000000
0  -30.995234 -86.566460 19.433964  -0.991692 -0.045432 -0.120347  0.801782 0.180151 1 1 1.000000
0  -31.171406 -86.412308 20.920414  -0.990386 -0.067898 -0.120521  0.868191 0.186987 1 1 1.000000
headlight
0  -31.171406 -86.412308 20.920414  -0.990386 -0.067898 -0.120521  0.868191 0.186987 1 1 1.000000
0  -30.995234 -86.566460 19.433964  -0.991692 -0.045432 -0.120347  0.801782 0.180151 1 1 1.000000
0  -30.764008 -88.471321 18.211771  -0.994150 -0.053201 -0.093996  0.729759 0.186010 1 1 1.000000
headlight
0  -30.830072 -87.766632 18.332888  -0.995281 -0.070775 -0.066387  0.729759 0.182348 1 1 1.000000
0  -30.764008 -88.471321 18.211771  -0.994150 -0.053201 -0.093996  0.729759 0.186010 1 1 1.000000
0  -30.995234 -86.566460 19.433964  -0.991692 -0.045432 -0.120347  0.801782 0.180151 1 1 1.000000
headlight
0  -21.966425 -91.301079 20.050564  -0.644265 -0.224150 0.731218  0.055910 0.111301 1 1 1.000000
0  -22.065521 -94.395096 19.026566  -0.644094 -0.223776 0.731483  0.057375 0.111301 1 1 1.000000
0  -21.140617 -95.386063 19.544071  -0.644134 -0.223784 0.731445  0.057375 0.111301 1 1 1.000000
headlight
0  -30.587835 -88.680519 18.167727  0.849382 -0.351718 0.393503  0.868191 0.182836 1 1 1.000000
0  -30.532782 -88.559402 18.156717  0.849917 -0.351083 0.392916  0.868191 0.181860 1 1 1.000000
0  -30.973211 -86.566460 20.909403  0.878763 -0.306662 0.365697  0.729759 0.182348 1 1 1.000000
headlight
0  -30.929169 -86.456352 20.876369  0.879333 -0.305874 0.364985  0.729759 0.181616 1 1 1.000000
0  -30.973211 -86.566460 20.909403  0.878803 -0.306567 0.365681  0.729759 0.182348 1 1 1.000000
0  -30.532782 -88.559402 18.156717  0.850074 -0.350644 0.392966  0.868191 0.181860 1 1 1.000000
headlight
0  -30.455708 -86.676567 20.865360  -0.914477 -0.365869 0.172833  0.868191 0.184301 1 1 1.000000
0  -30.488739 -86.533424 20.887381  -0.921029 -0.354069 0.162300  0.868191 0.183569 1 1 1.000000
0  -30.125385 -88.779617 18.145706  -0.987345 0.024488 -0.156682  0.729759 0.178930 1 1 1.000000
headlight
0  -30.114374 -88.647491 18.134695  -0.985506 0.035922 -0.165794  0.729759 0.178686 1 1 1.000000
0  -30.125385 -88.779617 18.145706  -0.987281 0.024938 -0.157018  0.729759 0.178930 1 1 1.000000
0  -30.488739 -86.533424 20.887381  -0.920827 -0.354466 0.162577  0.868191 0.183569 1 1 1.000000
headlight
0  -30.125385 -88.779617 18.145706  0.091949 0.151528 0.984167  0.868191 0.180639 1 1 1.000000
0  -30.114374 -88.647491 18.134695  0.091942 0.149037 0.984548  0.868191 0.179418 1 1 1.000000
0  -30.587835 -88.680519 18.167727  0.092452 0.138153 0.986086  0.868191 0.182836 1 1 1.000000
headlight
0  -30.532782 -88.559402 18.156717  0.092470 0.135277 0.986483  0.868191 0.181860 1 1 1.000000
0  -30.587835 -88.680519 18.167727  0.092452 0.138153 0.986086  0.868191 0.182836 1 1 1.000000
0  -30.114374 -88.647491 18.134695  0.091942 0.149037 0.984548  0.868191 0.179418 1 1 1.000000
headlight
0  -30.587835 -88.680519 18.167727  -0.608984 -0.668264 0.427273  0.868191 0.182836 1 1 1.000000
0  -30.973211 -86.566460 20.909403  -0.525842 -0.712372 0.464776  0.729759 0.182348 1 1 1.000000
0  -30.764008 -88.471321 18.211771  -0.606351 -0.669862 0.428512  0.868191 0.185034 1 1 1.000000
headlight
0  -31.171406 -86.412308 20.920414  -0.523162 -0.713537 0.466011  0.729759 0.183813 1 1 1.000000
0  -30.764008 -88.471321 18.211771  -0.606351 -0.669862 0.428512  0.868191 0.185034 1 1 1.000000
0  -30.973211 -86.566460 20.909403  -0.525842 -0.712372 0.464776  0.729759 0.182348 1 1 1.000000
headlight
0  -30.125385 -88.779617 18.145706  0.384998 -0.707295 0.592883  0.729759 0.178930 1 1 1.000000
0  -29.905170 -88.636482 18.156717  0.385462 -0.706989 0.592946  0.729759 0.181616 1 1 1.000000
0  -30.455708 -86.676567 20.865360  0.399773 -0.700398 0.591290  0.868191 0.184301 1 1 1.000000
headlight
0  -30.279535 -86.610504 20.810307  0.400590 -0.700077 0.591117  0.868191 0.185522 1 1 1.000000
0  -30.455708 -86.676567 20.865360  0.399888 -0.700344 0.591277  0.868191 0.184301 1 1 1.000000
0  -29.905170 -88.636482 18.156717  0.385483 -0.706959 0.592969  0.729759 0.181616 1 1 1.000000
headlight
0  -29.938202 -85.102028 17.297878  0.056430 -0.547212 -0.835090  0.842555 0.009491 1 1 1.000000
0  -30.114374 -86.445343 18.178738  0.001193 -0.266528 -0.963826  0.842067 0.010224 1 1 1.000000
0  -30.059320 -85.113045 17.297878  0.054699 -0.547010 -0.835337  0.842555 0.009491 1 1 1.000000
headlight
0  -30.213470 -86.445343 18.178738  0.002340 -0.254472 -0.967077  0.842067 0.010224 1 1 1.000000
0  -30.059320 -85.113045 17.297878  0.054699 -0.547010 -0.835337  0.842555 0.009491 1 1 1.000000
0  -30.114374 -86.445343 18.178738  0.001193 -0.266528 -0.963826  0.842067 0.010224 1 1 1.000000
headlight
0  -30.114374 -86.445343 18.178738  0.001193 -0.266528 -0.963826  0.842067 0.010224 1 1 1.000000
0  -30.037298 -88.482330 18.079641  0.157366 0.063475 -0.985498  0.840846 0.010224 1 1 1.000000
0  -30.213470 -86.445343 18.178738  0.002340 -0.254472 -0.967077  0.842067 0.010224 1 1 1.000000
headlight
0  -30.125385 -88.482330 18.068630  0.162110 0.063675 -0.984716  0.840846 0.010224 1 1 1.000000
0  -30.213470 -86.445343 18.178738  0.002340 -0.254472 -0.967077  0.842067 0.010224 1 1 1.000000
0  -30.037298 -88.482330 18.079641  0.157366 0.063475 -0.985498  0.840846 0.010224 1 1 1.000000
headlight
0  -30.037298 -88.482330 18.079641  -0.106338 -0.797559 0.593795  0.840846 0.010224 1 1 1.000000
0  -30.411663 -86.456352 20.744242  -0.090572 -0.798101 0.595678  0.842067 0.011200 1 1 1.000000
0  -30.125385 -88.482330 18.068630  -0.106189 -0.797573 0.593802  0.840846 0.010224 1 1 1.000000
headlight
0  -30.477728 -86.456352 20.722219  -0.090498 -0.798121 0.595662  0.842555 0.011200 1 1 1.000000
0  -30.125385 -88.482330 18.068630  -0.106189 -0.797573 0.593802  0.840846 0.010224 1 1 1.000000
0  -30.411663 -86.456352 20.744242  -0.090572 -0.798101 0.595678  0.842067 0.011200 1 1 1.000000
headlight
0  -34.298454 -84.463409 18.178738  -0.132297 -0.807315 -0.575100  0.057619 0.114231 1 1 1.000000
0  -34.452606 -84.463409 18.244802  -0.252770 -0.796544 -0.549204  0.057619 0.114231 1 1 1.000000
0  -34.353508 -84.397346 18.090652  -0.156318 -0.798344 -0.581560  0.057619 0.114231 1 1 1.000000
headlight
0  -34.540691 -84.397346 18.200760  -0.256114 -0.794299 -0.550903  0.057619 0.114231 1 1 1.000000
0  -34.353508 -84.397346 18.090652  -0.156318 -0.798344 -0.581560  0.057619 0.114231 1 1 1.000000
0  -34.452606 -84.463409 18.244802  -0.252770 -0.796544 -0.549204  0.057619 0.114231 1 1 1.000000
headlight
0  -34.452606 -84.463409 18.244802  -0.252770 -0.796544 -0.549204  0.057619 0.114231 1 1 1.000000
0  -34.518669 -84.562508 18.420975  -0.269343 -0.801212 -0.534334  0.057619 0.114231 1 1 1.000000
0  -34.540691 -84.397346 18.200760  -0.256114 -0.794299 -0.550903  0.057619 0.114231 1 1 1.000000
headlight
0  -34.606758 -84.507454 18.398952  -0.270068 -0.799273 -0.536866  0.057619 0.114231 1 1 1.000000
0  -34.540691 -84.397346 18.200760  -0.256114 -0.794299 -0.550903  0.057619 0.114231 1 1 1.000000
0  -34.518669 -84.562508 18.420975  -0.269343 -0.801212 -0.534334  0.057619 0.114231 1 1 1.000000
headlight
0  -34.606758 -84.507454 18.398952  -0.270068 -0.799273 -0.536866  0.057619 0.114231 1 1 1.000000
0  -34.518669 -84.562508 18.420975  -0.269343 -0.801212 -0.534334  0.057619 0.114231 1 1 1.000000
0  -34.551704 -85.057991 19.202738  -0.232577 -0.814164 -0.532019  0.057375 0.114231 1 1 1.000000
headlight
0  -34.452606 -85.091019 19.191727  -0.229975 -0.814753 -0.532249  0.057619 0.114231 1 1 1.000000
0  -34.551704 -85.057991 19.202738  -0.232577 -0.814164 -0.532019  0.057375 0.114231 1 1 1.000000
0  -34.518669 -84.562508 18.420975  -0.269343 -0.801212 -0.534334  0.057619 0.114231 1 1 1.000000
headlight
0  -31.457684 -84.804741 19.202738  0.304440 -0.794860 -0.524895  0.059328 0.114231 1 1 1.000000
0  -31.600824 -84.309258 18.365921  0.311762 -0.775760 -0.548635  0.059084 0.114231 1 1 1.000000
0  -31.380610 -84.793732 19.202738  0.305779 -0.794348 -0.524892  0.059328 0.114231 1 1 1.000000
headlight
0  -31.523748 -84.254204 18.332888  0.308794 -0.773889 -0.552939  0.059084 0.114231 1 1 1.000000
0  -31.380610 -84.793732 19.202738  0.305779 -0.794348 -0.524892  0.059328 0.114231 1 1 1.000000
0  -31.600824 -84.309258 18.365921  0.311762 -0.775760 -0.548635  0.059084 0.114231 1 1 1.000000
headlight
0  -31.523748 -84.254204 18.332888  0.308794 -0.773889 -0.552939  0.059084 0.114231 1 1 1.000000
0  -31.600824 -84.309258 18.365921  0.311762 -0.775760 -0.548635  0.059084 0.114231 1 1 1.000000
0  -31.655878 -84.177132 18.167727  0.295404 -0.761081 -0.577487  0.059084 0.114231 1 1 1.000000
headlight
0  -31.710932 -84.254204 18.233791  0.295357 -0.761712 -0.576679  0.059084 0.114231 1 1 1.000000
0  -31.655878 -84.177132 18.167727  0.295404 -0.761081 -0.577487  0.059084 0.114231 1 1 1.000000
0  -31.600824 -84.309258 18.365921  0.311762 -0.775760 -0.548635  0.059084 0.114231 1 1 1.000000
headlight
0  -31.655878 -84.177132 18.167727  0.295404 -0.761081 -0.577487  0.059084 0.114231 1 1 1.000000
0  -31.710932 -84.254204 18.233791  0.295357 -0.761712 -0.576679  0.059084 0.114231 1 1 1.000000
0  -31.865082 -84.221169 18.101664  0.221635 -0.787129 -0.575592  0.059084 0.114231 1 1 1.000000
headlight
0  -31.865082 -84.276222 18.200760  0.209629 -0.777157 -0.593366  0.059084 0.114231 1 1 1.000000
0  -31.865082 -84.221169 18.101664  0.221635 -0.787129 -0.575592  0.059084 0.114231 1 1 1.000000
0  -31.710932 -84.254204 18.233791  0.295357 -0.761712 -0.576679  0.059084 0.114231 1 1 1.000000
headlight
0  -31.865082 -84.276222 18.200760  0.209629 -0.777157 -0.593366  0.059084 0.114231 1 1 1.000000
0  -32.944134 -84.430374 18.145706  0.116681 -0.961137 0.250202  0.058596 0.114231 1 1 1.000000
0  -31.865082 -84.221169 18.101664  0.221635 -0.787129 -0.575592  0.059084 0.114231 1 1 1.000000
headlight
0  -32.944134 -84.463409 18.068630  0.112777 -0.960817 0.253203  0.058596 0.114231 1 1 1.000000
0  -31.865082 -84.221169 18.101664  0.221635 -0.787129 -0.575592  0.059084 0.114231 1 1 1.000000
0  -32.944134 -84.430374 18.145706  0.116681 -0.961137 0.250202  0.058596 0.114231 1 1 1.000000
headlight
0  -32.944134 -84.430374 18.145706  0.116681 -0.961137 0.250202  0.058596 0.114231 1 1 1.000000
0  -34.298454 -84.463409 18.178738  -0.132297 -0.807315 -0.575100  0.057619 0.114231 1 1 1.000000
0  -32.944134 -84.463409 18.068630  0.112777 -0.960817 0.253203  0.058596 0.114231 1 1 1.000000
headlight
0  -34.353508 -84.397346 18.090652  -0.156318 -0.798344 -0.581560  0.057619 0.114231 1 1 1.000000
0  -32.944134 -84.463409 18.068630  0.112777 -0.960817 0.253203  0.058596 0.114231 1 1 1.000000
0  -34.298454 -84.463409 18.178738  -0.132297 -0.807315 -0.575100  0.057619 0.114231 1 1 1.000000
headlight
0  -21.140617 -95.386063 19.544071  -0.644134 -0.223784 0.731445  0.059328 0.111057 1 1 1.000000
0  -22.065521 -94.395096 19.026566  -0.644094 -0.223776 0.731483  0.059084 0.111057 1 1 1.000000
0  -21.845304 -95.209892 18.960501  -0.644002 -0.223408 0.731676  0.059328 0.111057 1 1 1.000000
headlight
0  -34.452606 -85.091019 19.191727  -0.239250 -0.936301 0.257098  0.056887 0.116916 1 1 1.000000
0  -34.507660 -84.782722 20.270779  -0.283722 -0.904060 0.319653  0.056154 0.116428 1 1 1.000000
0  -34.551704 -85.057991 19.202738  -0.242258 -0.935529 0.257092  0.056887 0.116916 1 1 1.000000
headlight
0  -34.595745 -84.738678 20.292801  -0.286155 -0.899455 0.330297  0.056154 0.116428 1 1 1.000000
0  -34.551704 -85.057991 19.202738  -0.242258 -0.935529 0.257092  0.056887 0.116916 1 1 1.000000
0  -34.507660 -84.782722 20.270779  -0.283722 -0.904060 0.319653  0.056154 0.116428 1 1 1.000000
headlight
0  -34.507660 -84.782722 20.270779  -0.283722 -0.904060 0.319653  0.056154 0.116428 1 1 1.000000
0  -34.441597 -84.716652 20.457962  -0.225621 -0.856156 0.464858  0.056154 0.116428 1 1 1.000000
0  -34.595745 -84.738678 20.292801  -0.286155 -0.899455 0.330297  0.056154 0.116428 1 1 1.000000
headlight
0  -34.507660 -84.661598 20.513016  -0.222194 -0.848365 0.480527  0.056154 0.116428 1 1 1.000000
0  -34.595745 -84.738678 20.292801  -0.286155 -0.899455 0.330297  0.056154 0.116428 1 1 1.000000
0  -34.441597 -84.716652 20.457962  -0.225621 -0.856156 0.464858  0.056154 0.116428 1 1 1.000000
headlight
0  -34.441597 -84.716652 20.457962  -0.225621 -0.856156 0.464858  0.056154 0.116428 1 1 1.000000
0  -34.287445 -84.705643 20.524027  -0.063749 -0.795374 0.602758  0.056154 0.116428 1 1 1.000000
0  -34.507660 -84.661598 20.513016  -0.222194 -0.848365 0.480527  0.056154 0.116428 1 1 1.000000
headlight
0  -34.342499 -84.639580 20.612112  -0.083996 -0.797461 0.597496  0.056154 0.116428 1 1 1.000000
0  -34.507660 -84.661598 20.513016  -0.222194 -0.848365 0.480527  0.056154 0.116428 1 1 1.000000
0  -34.287445 -84.705643 20.524027  -0.063749 -0.795374 0.602758  0.056154 0.116428 1 1 1.000000
headlight
0  -34.287445 -84.705643 20.524027  -0.063749 -0.795374 0.602758  0.056154 0.116428 1 1 1.000000
0  -33.021210 -84.650589 20.535038  0.064695 -0.798344 0.598717  0.056154 0.116184 1 1 1.000000
0  -34.342499 -84.639580 20.612112  -0.083996 -0.797461 0.597496  0.056154 0.116428 1 1 1.000000
headlight
0  -33.032219 -84.606544 20.634134  0.057574 -0.798183 0.599658  0.056154 0.116184 1 1 1.000000
0  -34.342499 -84.639580 20.612112  -0.083996 -0.797461 0.597496  0.056154 0.116428 1 1 1.000000
0  -33.021210 -84.650589 20.535038  0.064695 -0.798344 0.598717  0.056154 0.116184 1 1 1.000000
headlight
0  -33.032219 -84.606544 20.634134  0.057574 -0.798183 0.599658  0.056154 0.116184 1 1 1.000000
0  -33.021210 -84.650589 20.535038  0.064695 -0.798344 0.598717  0.056154 0.116184 1 1 1.000000
0  -31.788006 -84.540482 20.490993  0.168200 -0.853406 0.493363  0.056154 0.116184 1 1 1.000000
headlight
0  -31.788006 -84.584526 20.413919  0.175506 -0.858533 0.481787  0.056887 0.116184 1 1 1.000000
0  -31.788006 -84.540482 20.490993  0.168200 -0.853406 0.493363  0.056154 0.116184 1 1 1.000000
0  -33.021210 -84.650589 20.535038  0.064695 -0.798344 0.598717  0.056154 0.116184 1 1 1.000000
headlight
0  -31.788006 -84.540482 20.490993  0.168200 -0.853406 0.493363  0.056154 0.116184 1 1 1.000000
0  -31.788006 -84.584526 20.413919  0.175506 -0.858533 0.481787  0.056887 0.116184 1 1 1.000000
0  -31.600824 -84.529472 20.413919  0.280490 -0.872487 0.400115  0.056887 0.115207 1 1 1.000000
headlight
0  -31.633856 -84.562508 20.347855  0.281951 -0.877195 0.388629  0.056887 0.115207 1 1 1.000000
0  -31.600824 -84.529472 20.413919  0.280490 -0.872487 0.400115  0.056887 0.115207 1 1 1.000000
0  -31.788006 -84.584526 20.413919  0.175506 -0.858533 0.481787  0.056887 0.116184 1 1 1.000000
headlight
0  -31.633856 -84.562508 20.347855  0.281951 -0.877195 0.388629  0.056887 0.115207 1 1 1.000000
0  -31.534760 -84.584526 20.215725  0.360373 -0.885042 0.294672  0.056887 0.115207 1 1 1.000000
0  -31.600824 -84.529472 20.413919  0.280490 -0.872487 0.400115  0.056887 0.115207 1 1 1.000000
headlight
0  -31.468695 -84.551491 20.259769  0.354339 -0.884097 0.304658  0.056887 0.115207 1 1 1.000000
0  -31.600824 -84.529472 20.413919  0.280490 -0.872487 0.400115  0.056887 0.115207 1 1 1.000000
0  -31.534760 -84.584526 20.215725  0.360373 -0.885042 0.294672  0.056887 0.115207 1 1 1.000000
headlight
0  -31.534760 -84.584526 20.215725  0.360373 -0.885042 0.294672  0.056887 0.115207 1 1 1.000000
0  -31.457684 -84.804741 19.202738  0.365550 -0.900023 0.237343  0.056887 0.115207 1 1 1.000000
0  -31.468695 -84.551491 20.259769  0.354339 -0.884097 0.304658  0.056887 0.115207 1 1 1.000000
headlight
0  -31.380610 -84.793732 19.202738  0.529477 -0.843991 -0.085631  0.056887 0.115207 1 1 1.000000
0  -31.468695 -84.551491 20.259769  0.354339 -0.884097 0.304658  0.056887 0.115207 1 1 1.000000
0  -31.457684 -84.804741 19.202738  0.365550 -0.900023 0.237343  0.056887 0.115207 1 1 1.000000
headlight
0  -35.300434 -82.030037 18.233791  -0.893403 -0.270000 -0.359070  0.057375 0.114719 1 1 1.000000
0  -34.606758 -84.507454 18.398952  -0.785111 -0.393576 -0.478224  0.057619 0.114231 1 1 1.000000
0  -35.333466 -82.129128 18.442995  -0.890816 -0.268983 -0.366191  0.057375 0.114719 1 1 1.000000
headlight
0  -34.749897 -84.551491 18.630178  -0.708496 -0.533251 -0.462252  0.057619 0.114231 1 1 1.000000
0  -35.333466 -82.129128 18.442995  -0.890816 -0.268983 -0.366191  0.057375 0.114719 1 1 1.000000
0  -34.606758 -84.507454 18.398952  -0.785111 -0.393576 -0.478224  0.057619 0.114231 1 1 1.000000
headlight
0  -34.749897 -84.551491 18.630178  -0.708496 -0.533251 -0.462252  0.057619 0.114231 1 1 1.000000
0  -34.606758 -84.507454 18.398952  -0.785111 -0.393576 -0.478224  0.057619 0.114231 1 1 1.000000
0  -34.683830 -84.947884 19.191727  -0.652012 -0.755338 -0.065922  0.057375 0.114231 1 1 1.000000
headlight
0  -34.551704 -85.057991 19.202738  -0.688484 -0.723894 -0.044362  0.057375 0.114231 1 1 1.000000
0  -34.683830 -84.947884 19.191727  -0.652012 -0.755338 -0.065922  0.057375 0.114231 1 1 1.000000
0  -34.606758 -84.507454 18.398952  -0.785111 -0.393576 -0.478224  0.057619 0.114231 1 1 1.000000
headlight
0  -22.296747 -95.143829 16.604202  0.396639 0.916596 -0.050289  0.083987 0.108615 1 1 1.000000
0  -23.970379 -94.373077 17.452028  0.396639 0.916596 -0.050289  0.083499 0.109836 1 1 1.000000
0  -21.845304 -95.209892 18.960501  0.396639 0.916596 -0.050289  0.084964 0.109348 1 1 1.000000
headlight
0  -31.237469 -84.639580 19.202738  0.680956 -0.634310 0.365992  0.056887 0.115207 1 1 1.000000
0  -31.369598 -84.144096 20.314823  0.822089 -0.295706 0.486547  0.056154 0.115207 1 1 1.000000
0  -31.380610 -84.793732 19.202738  0.755228 -0.568442 0.326350  0.056887 0.115207 1 1 1.000000
headlight
0  -31.468695 -84.551491 20.259769  0.886912 -0.281965 0.365901  0.056887 0.115207 1 1 1.000000
0  -31.380610 -84.793732 19.202738  0.755228 -0.568442 0.326350  0.056887 0.115207 1 1 1.000000
0  -31.369598 -84.144096 20.314823  0.822089 -0.295706 0.486547  0.056154 0.115207 1 1 1.000000
headlight
0  -31.468695 -84.551491 20.259769  0.886912 -0.281965 0.365901  0.056887 0.115207 1 1 1.000000
0  -31.369598 -84.144096 20.314823  0.822089 -0.295706 0.486547  0.056154 0.115207 1 1 1.000000
0  -31.600824 -84.529472 20.413919  0.573156 -0.277263 0.771114  0.056887 0.115207 1 1 1.000000
headlight
0  -31.501728 -84.022980 20.524027  0.533001 -0.275446 0.800025  0.056154 0.115207 1 1 1.000000
0  -31.600824 -84.529472 20.413919  0.573156 -0.277263 0.771114  0.056887 0.115207 1 1 1.000000
0  -31.369598 -84.144096 20.314823  0.822089 -0.295706 0.486547  0.056154 0.115207 1 1 1.000000
headlight
0  -31.600824 -84.529472 20.413919  0.573156 -0.277263 0.771114  0.056887 0.115207 1 1 1.000000
0  -31.501728 -84.022980 20.524027  0.533001 -0.275446 0.800025  0.056154 0.115207 1 1 1.000000
0  -31.788006 -84.540482 20.490993  0.246074 -0.268309 0.931374  0.056154 0.116184 1 1 1.000000
headlight
0  -31.710932 -83.989944 20.645145  0.256579 -0.271987 0.927464  0.056154 0.115207 1 1 1.000000
0  -31.788006 -84.540482 20.490993  0.246074 -0.268309 0.931374  0.056154 0.116184 1 1 1.000000
0  -31.501728 -84.022980 20.524027  0.533001 -0.275446 0.800025  0.056154 0.115207 1 1 1.000000
headlight
0  -31.788006 -84.540482 20.490993  0.246074 -0.268309 0.931374  0.056154 0.116184 1 1 1.000000
0  -31.710932 -83.989944 20.645145  0.256579 -0.271987 0.927464  0.056154 0.115207 1 1 1.000000
0  -33.032219 -84.606544 20.634134  0.062365 -0.272580 0.960110  0.056154 0.116184 1 1 1.000000
headlight
0  -33.098286 -84.056007 20.788284  0.054368 -0.272495 0.960620  0.056154 0.116184 1 1 1.000000
0  -33.032219 -84.606544 20.634134  0.062365 -0.272580 0.960110  0.056154 0.116184 1 1 1.000000
0  -31.710932 -83.989944 20.645145  0.256579 -0.271987 0.927464  0.056154 0.115207 1 1 1.000000
headlight
0  -33.032219 -84.606544 20.634134  0.062365 -0.272580 0.960110  0.056154 0.116184 1 1 1.000000
0  -33.098286 -84.056007 20.788284  0.054368 -0.272495 0.960620  0.056154 0.116184 1 1 1.000000
0  -34.342499 -84.639580 20.612112  -0.197490 -0.328574 0.923600  0.056154 0.116428 1 1 1.000000
headlight
0  -34.529682 -84.078033 20.766262  -0.218387 -0.335183 0.916493  0.056154 0.116428 1 1 1.000000
0  -34.342499 -84.639580 20.612112  -0.197490 -0.328574 0.923600  0.056154 0.116428 1 1 1.000000
0  -33.098286 -84.056007 20.788284  0.054368 -0.272495 0.960620  0.056154 0.116184 1 1 1.000000
headlight
0  -34.342499 -84.639580 20.612112  -0.197490 -0.328574 0.923600  0.056154 0.116428 1 1 1.000000
0  -34.529682 -84.078033 20.766262  -0.218387 -0.335183 0.916493  0.056154 0.116428 1 1 1.000000
0  -34.507660 -84.661598 20.513016  -0.617460 -0.436509 0.654373  0.056154 0.116428 1 1 1.000000
headlight
0  -34.716866 -84.155106 20.656155  -0.541877 -0.414521 0.731123  0.056154 0.116428 1 1 1.000000
0  -34.507660 -84.661598 20.513016  -0.617460 -0.436509 0.654373  0.056154 0.116428 1 1 1.000000
0  -34.529682 -84.078033 20.766262  -0.218387 -0.335183 0.916493  0.056154 0.116428 1 1 1.000000
headlight
0  -34.716866 -84.155106 20.656155  -0.541877 -0.414521 0.731123  0.056154 0.116428 1 1 1.000000
0  -34.793938 -84.331276 20.369877  -0.795972 -0.471723 0.379349  0.056154 0.116428 1 1 1.000000
0  -34.507660 -84.661598 20.513016  -0.617460 -0.436509 0.654373  0.056154 0.116428 1 1 1.000000
headlight
0  -34.595745 -84.738678 20.292801  -0.847420 -0.471604 0.243865  0.056154 0.116428 1 1 1.000000
0  -34.507660 -84.661598 20.513016  -0.617460 -0.436509 0.654373  0.056154 0.116428 1 1 1.000000
0  -34.793938 -84.331276 20.369877  -0.795972 -0.471723 0.379349  0.056154 0.116428 1 1 1.000000
headlight
0  -34.595745 -84.738678 20.292801  -0.847420 -0.471604 0.243865  0.056154 0.116428 1 1 1.000000
0  -34.793938 -84.331276 20.369877  -0.795972 -0.471723 0.379349  0.056154 0.116428 1 1 1.000000
0  -34.551704 -85.057991 19.202738  -0.688484 -0.723894 -0.044362  0.056887 0.116916 1 1 1.000000
headlight
0  -34.683830 -84.947884 19.191727  -0.652012 -0.755338 -0.065922  0.056887 0.116916 1 1 1.000000
0  -34.551704 -85.057991 19.202738  -0.688484 -0.723894 -0.044362  0.056887 0.116916 1 1 1.000000
0  -34.793938 -84.331276 20.369877  -0.795972 -0.471723 0.379349  0.056154 0.116428 1 1 1.000000
headlight
0  -35.124260 -84.870804 18.310867  0.541476 -0.713083 -0.445328  0.135746 0.836665 1 1 1.000000
0  -35.289421 -84.947884 18.233791  0.541471 -0.713110 -0.445290  0.141850 0.830317 1 1 1.000000
0  -35.102242 -84.793732 18.200760  0.541479 -0.713080 -0.445328  0.124760 0.829340 1 1 1.000000
headlight
0  -31.887104 -84.144096 18.299856  -0.118352 -0.677053 0.726355  0.058596 0.110080 1 1 1.000000
0  -31.865082 -84.276222 18.200760  -0.011130 -0.613883 0.789319  0.058596 0.110080 1 1 1.000000
0  -31.710932 -84.254204 18.233791  -0.453152 -0.694011 0.559466  0.058596 0.110080 1 1 1.000000
headlight
0  -31.887104 -84.144096 18.299856  -0.118352 -0.677053 0.726355  0.058596 0.110080 1 1 1.000000
0  -31.710932 -84.254204 18.233791  -0.453152 -0.694011 0.559466  0.058596 0.110080 1 1 1.000000
0  -31.732952 -84.100052 18.454006  -0.709880 -0.669605 0.218401  0.058596 0.110080 1 1 1.000000
headlight
0  -31.600824 -84.309258 18.365921  -0.820882 -0.556140 0.129851  0.058596 0.110080 1 1 1.000000
0  -31.732952 -84.100052 18.454006  -0.709880 -0.669605 0.218401  0.058596 0.110080 1 1 1.000000
0  -31.710932 -84.254204 18.233791  -0.453152 -0.694011 0.559466  0.058596 0.110080 1 1 1.000000
headlight
0  -31.732952 -84.100052 18.454006  -0.709880 -0.669605 0.218401  0.058596 0.110080 1 1 1.000000
0  -31.600824 -84.309258 18.365921  -0.820882 -0.556140 0.129851  0.058596 0.110080 1 1 1.000000
0  -31.688910 -84.232185 19.301834  -0.923496 -0.383227 -0.017096  0.058596 0.110080 1 1 1.000000
headlight
0  -31.457684 -84.804741 19.202738  -0.929092 -0.369227 -0.021422  0.058596 0.110080 1 1 1.000000
0  -31.688910 -84.232185 19.301834  -0.923496 -0.383227 -0.017096  0.058596 0.110080 1 1 1.000000
0  -31.600824 -84.309258 18.365921  -0.820882 -0.556140 0.129851  0.058596 0.110080 1 1 1.000000
headlight
0  -31.457684 -84.804741 19.202738  -0.929092 -0.369227 -0.021422  0.058596 0.110080 1 1 1.000000
0  -31.534760 -84.584526 20.215725  -0.876155 -0.403056 -0.264382  0.059084 0.110080 1 1 1.000000
0  -31.688910 -84.232185 19.301834  -0.923496 -0.383227 -0.017096  0.058596 0.110080 1 1 1.000000
headlight
0  -31.732952 -84.033989 20.127640  -0.853160 -0.396795 -0.338633  0.059084 0.110080 1 1 1.000000
0  -31.688910 -84.232185 19.301834  -0.923496 -0.383227 -0.017096  0.058596 0.110080 1 1 1.000000
0  -31.534760 -84.584526 20.215725  -0.876155 -0.403056 -0.264382  0.059084 0.110080 1 1 1.000000
headlight
0  -31.732952 -84.033989 20.127640  -0.853160 -0.396795 -0.338633  0.059084 0.110080 1 1 1.000000
0  -31.534760 -84.584526 20.215725  -0.876155 -0.403056 -0.264382  0.059084 0.110080 1 1 1.000000
0  -31.865082 -84.033989 20.270779  -0.391945 -0.334007 -0.857216  0.059084 0.110080 1 1 1.000000
headlight
0  -31.633856 -84.562508 20.347855  -0.580110 -0.364916 -0.728223  0.059084 0.110080 1 1 1.000000
0  -31.865082 -84.033989 20.270779  -0.391945 -0.334007 -0.857216  0.059084 0.110080 1 1 1.000000
0  -31.534760 -84.584526 20.215725  -0.876155 -0.403056 -0.264382  0.059084 0.110080 1 1 1.000000
headlight
0  -31.633856 -84.562508 20.347855  -0.580110 -0.364916 -0.728223  0.059084 0.110080 1 1 1.000000
0  -31.788006 -84.584526 20.413919  -0.207878 -0.269933 -0.940172  0.059084 0.110080 1 1 1.000000
0  -31.865082 -84.033989 20.270779  -0.391945 -0.334007 -0.857216  0.059084 0.110080 1 1 1.000000
headlight
0  -31.865082 -84.033989 20.270779  -0.391945 -0.334007 -0.857216  0.059084 0.110080 1 1 1.000000
0  -31.788006 -84.584526 20.413919  -0.207878 -0.269933 -0.940172  0.059084 0.110080 1 1 1.000000
0  -32.966156 -84.188141 20.413919  -0.044371 -0.253401 -0.966343  0.056154 0.110080 1 1 1.000000
headlight
0  -33.021210 -84.650589 20.535038  -0.031692 -0.275086 -0.960897  0.056154 0.110080 1 1 1.000000
0  -32.966156 -84.188141 20.413919  -0.044371 -0.253401 -0.966343  0.056154 0.110080 1 1 1.000000
0  -31.788006 -84.584526 20.413919  -0.207878 -0.269933 -0.940172  0.059084 0.110080 1 1 1.000000
headlight
0  -33.021210 -84.650589 20.535038  -0.031692 -0.275086 -0.960897  0.056154 0.110080 1 1 1.000000
0  -34.287445 -84.705643 20.524027  0.253343 -0.182372 -0.950030  0.056887 0.110080 1 1 1.000000
0  -32.966156 -84.188141 20.413919  -0.044371 -0.253401 -0.966343  0.056154 0.110080 1 1 1.000000
headlight
0  -34.342499 -83.835793 20.380886  0.390400 -0.136686 -0.910442  0.056887 0.110080 1 1 1.000000
0  -32.966156 -84.188141 20.413919  -0.044371 -0.253401 -0.966343  0.056154 0.110080 1 1 1.000000
0  -34.287445 -84.705643 20.524027  0.253343 -0.182372 -0.950030  0.056887 0.110080 1 1 1.000000
headlight
0  -34.342499 -83.835793 20.380886  0.390400 -0.136686 -0.910442  0.056887 0.110080 1 1 1.000000
0  -34.287445 -84.705643 20.524027  0.253343 -0.182372 -0.950030  0.056887 0.110080 1 1 1.000000
0  -34.507660 -83.802765 20.248758  0.912884 -0.053525 -0.404694  0.056887 0.110080 1 1 1.000000
headlight
0  -34.441597 -84.716652 20.457962  0.758459 -0.093996 -0.644906  0.056887 0.110080 1 1 1.000000
0  -34.507660 -83.802765 20.248758  0.912884 -0.053525 -0.404694  0.056887 0.110080 1 1 1.000000
0  -34.287445 -84.705643 20.524027  0.253343 -0.182372 -0.950030  0.056887 0.110080 1 1 1.000000
headlight
0  -34.441597 -84.716652 20.457962  0.758459 -0.093996 -0.644906  0.056887 0.110080 1 1 1.000000
0  -34.507660 -84.782722 20.270779  0.989635 0.002191 -0.143589  0.056887 0.110080 1 1 1.000000
0  -34.507660 -83.802765 20.248758  0.912884 -0.053525 -0.404694  0.056887 0.110080 1 1 1.000000
headlight
0  -34.507660 -83.802765 20.248758  0.912884 -0.053525 -0.404694  0.056887 0.110080 1 1 1.000000
0  -34.507660 -84.782722 20.270779  0.989635 0.002191 -0.143589  0.056887 0.110080 1 1 1.000000
0  -34.496651 -84.011971 19.345877  0.999981 0.006049 -0.001553  0.057375 0.110080 1 1 1.000000
headlight
0  -34.452606 -85.091019 19.191727  0.999510 0.029983 -0.008975  0.057375 0.110080 1 1 1.000000
0  -34.496651 -84.011971 19.345877  0.999981 0.006049 -0.001553  0.057375 0.110080 1 1 1.000000
0  -34.507660 -84.782722 20.270779  0.989635 0.002191 -0.143589  0.056887 0.110080 1 1 1.000000
headlight
0  -34.452606 -85.091019 19.191727  0.999510 0.029983 -0.008975  0.057375 0.110080 1 1 1.000000
0  -34.518669 -84.562508 18.420975  0.996342 -0.029972 0.080024  0.057375 0.110080 1 1 1.000000
0  -34.496651 -84.011971 19.345877  0.999981 0.006049 -0.001553  0.057375 0.110080 1 1 1.000000
headlight
0  -34.474628 -83.923882 18.476028  0.924731 -0.158384 0.346102  0.057375 0.110080 1 1 1.000000
0  -34.496651 -84.011971 19.345877  0.999981 0.006049 -0.001553  0.057375 0.110080 1 1 1.000000
0  -34.518669 -84.562508 18.420975  0.996342 -0.029972 0.080024  0.057375 0.110080 1 1 1.000000
headlight
0  -34.474628 -83.923882 18.476028  0.924731 -0.158384 0.346102  0.057375 0.110080 1 1 1.000000
0  -34.518669 -84.562508 18.420975  0.996342 -0.029972 0.080024  0.057375 0.110080 1 1 1.000000
0  -34.452606 -84.463409 18.244802  0.767621 -0.182647 0.614327  0.057375 0.110080 1 1 1.000000
headlight
0  -34.474628 -83.923882 18.476028  0.924731 -0.158384 0.346102  0.057375 0.110080 1 1 1.000000
0  -34.452606 -84.463409 18.244802  0.767621 -0.182647 0.614327  0.057375 0.110080 1 1 1.000000
0  -34.287445 -83.978935 18.321878  0.349528 -0.306303 0.885443  0.057375 0.110080 1 1 1.000000
headlight
0  -34.298454 -84.463409 18.178738  0.219666 -0.257026 0.941108  0.057619 0.110080 1 1 1.000000
0  -34.287445 -83.978935 18.321878  0.349528 -0.306303 0.885443  0.057375 0.110080 1 1 1.000000
0  -34.452606 -84.463409 18.244802  0.767621 -0.182647 0.614327  0.057375 0.110080 1 1 1.000000
headlight
0  -34.298454 -84.463409 18.178738  0.219666 -0.257026 0.941108  0.057619 0.110080 1 1 1.000000
0  -32.944134 -84.430374 18.145706  -0.062679 -0.931494 0.358317  0.058596 0.110080 1 1 1.000000
0  -34.287445 -83.978935 18.321878  0.349528 -0.306303 0.885443  0.057375 0.110080 1 1 1.000000
headlight
0  -32.944134 -84.408356 18.244802  -0.080624 -0.953360 0.290870  0.058596 0.110080 1 1 1.000000
0  -34.287445 -83.978935 18.321878  0.349528 -0.306303 0.885443  0.057375 0.110080 1 1 1.000000
0  -32.944134 -84.430374 18.145706  -0.062679 -0.931494 0.358317  0.058596 0.110080 1 1 1.000000
headlight
0  -32.944134 -84.430374 18.145706  -0.062679 -0.931494 0.358317  0.058596 0.110080 1 1 1.000000
0  -31.865082 -84.276222 18.200760  -0.011130 -0.613883 0.789319  0.058596 0.110080 1 1 1.000000
0  -32.944134 -84.408356 18.244802  -0.080624 -0.953360 0.290870  0.058596 0.110080 1 1 1.000000
headlight
0  -31.887104 -84.144096 18.299856  -0.118352 -0.677053 0.726355  0.058596 0.109836 1 1 1.000000
0  -32.944134 -84.408356 18.244802  -0.080624 -0.953360 0.290870  0.058596 0.110080 1 1 1.000000
0  -31.865082 -84.276222 18.200760  -0.011130 -0.613883 0.789319  0.058596 0.110080 1 1 1.000000
headlight
0  -24.840227 -90.365166 16.769363  -0.976933 -0.185828 0.105215  0.090579 0.520249 1 1 1.000000
0  -24.785173 -90.200005 17.584158  -0.976364 -0.195782 0.091560  0.090579 0.521958 1 1 1.000000
0  -25.071453 -89.120949 16.769363  -0.975863 -0.201869 0.083308  0.092288 0.520249 1 1 1.000000
headlight
0  -24.785173 -90.200005 17.584158  -0.976364 -0.195782 0.091560  0.090579 0.521958 1 1 1.000000
0  -25.038422 -89.032867 17.672243  -0.974813 -0.211929 0.069467  0.092532 0.521470 1 1 1.000000
0  -25.071453 -89.120949 16.769363  -0.975863 -0.201869 0.083308  0.092288 0.520249 1 1 1.000000
headlight
0  -29.288568 -88.383232 18.299856  0.002200 0.971491 0.237068  0.150884 0.798822 1 1 1.000000
0  -27.570892 -88.383232 18.299856  -0.008966 0.963798 0.266482  0.012696 0.786859 1 1 1.000000
0  -29.376654 -88.218071 17.661234  -0.001206 0.969261 0.246031  0.131840 0.835200 1 1 1.000000
headlight
0  -27.559881 -88.207062 17.694265  -0.012152 0.961376 0.274971  0.021729 0.822504 1 1 1.000000
0  -29.376654 -88.218071 17.661234  -0.001183 0.969248 0.246084  0.131840 0.835200 1 1 1.000000
0  -27.570892 -88.383232 18.299856  -0.008972 0.963794 0.266497  0.012696 0.786859 1 1 1.000000
headlight
0  -29.387665 -88.085945 17.661234  0.995536 0.093460 -0.013185  0.089358 0.518784 1 1 1.000000
0  -29.442719 -87.458328 18.200760  0.996495 0.083652 0.000748  0.090579 0.518052 1 1 1.000000
0  -29.376654 -88.218071 17.661234  0.995723 0.091774 -0.010675  0.089358 0.518784 1 1 1.000000
headlight
0  -29.431707 -87.612480 18.200760  0.996608 0.082244 0.002774  0.090579 0.518052 1 1 1.000000
0  -29.376654 -88.218071 17.661234  0.995721 0.091793 -0.010635  0.089358 0.518784 1 1 1.000000
0  -29.442719 -87.458328 18.200760  0.996491 0.083693 0.000681  0.090579 0.518052 1 1 1.000000
headlight
0  -24.906292 -90.519318 17.474051  0.001765 0.996185 0.087245  0.127445 0.797601 1 1 1.000000
0  -24.895281 -90.530327 17.672243  0.002195 0.996190 0.087184  0.151860 0.789300 1 1 1.000000
0  -23.166595 -90.519318 17.474051  0.002198 0.996190 0.087185  0.028321 0.786126 1 1 1.000000
headlight
0  -23.177607 -90.541336 17.672243  0.002210 0.996192 0.087156  0.013428 0.776116 1 1 1.000000
0  -23.166595 -90.519318 17.474051  0.002198 0.996190 0.087185  0.028321 0.786126 1 1 1.000000
0  -24.895281 -90.530327 17.672243  0.002195 0.996190 0.087184  0.151860 0.789300 1 1 1.000000
headlight
0  -27.141474 -89.319145 17.617189  -0.005888 0.996126 0.087736  0.132328 0.853511 1 1 1.000000
0  -27.086420 -89.341164 18.013577  -0.004572 0.995709 0.092427  0.148442 0.831782 1 1 1.000000
0  -25.346722 -89.308136 17.617189  0.000984 0.993150 0.116842  0.010010 0.841548 1 1 1.000000
headlight
0  -25.357733 -89.352180 18.013577  0.002194 0.992548 0.121834  0.013428 0.818354 1 1 1.000000
0  -25.346722 -89.308136 17.617189  0.000984 0.993150 0.116842  0.010010 0.841548 1 1 1.000000
0  -27.086420 -89.341164 18.013577  -0.004572 0.995709 0.092427  0.148442 0.831782 1 1 1.000000
headlight
0  -29.717987 -87.458328 17.275858  0.995870 0.090789 -0.000006  0.091800 0.518052 1 1 1.000000
0  -29.773041 -86.676567 17.275858  0.995870 0.090790 -0.000000  0.092288 0.516587 1 1 1.000000
0  -29.706976 -87.458328 18.200760  0.995869 0.090802 0.000003  0.090091 0.517319 1 1 1.000000
headlight
0  -29.773041 -86.676567 18.200760  0.995870 0.090793 -0.000000  0.090579 0.516587 1 1 1.000000
0  -29.706976 -87.458328 18.200760  0.995869 0.090802 0.000003  0.090091 0.517319 1 1 1.000000
0  -29.773041 -86.676567 17.275858  0.995870 0.090790 -0.000000  0.092288 0.516587 1 1 1.000000
headlight
0  -25.203583 -90.541336 17.452028  -0.060230 -0.184273 0.981028  0.090579 0.527085 1 1 1.000000
0  -24.785173 -93.998711 16.835428  -0.066869 -0.184584 0.980539  0.087161 0.528550 1 1 1.000000
0  -24.906292 -90.519318 17.474051  -0.060781 -0.184247 0.980999  0.090823 0.527085 1 1 1.000000
headlight
0  -24.443842 -94.273979 16.813406  -0.066978 -0.184581 0.980532  0.086673 0.528550 1 1 1.000000
0  -24.906292 -90.519318 17.474051  -0.060781 -0.184247 0.980999  0.090823 0.527085 1 1 1.000000
0  -24.785173 -93.998711 16.835428  -0.066869 -0.184584 0.980539  0.087161 0.528550 1 1 1.000000
headlight
0  -29.596869 -89.990799 16.923513  -0.748876 -0.536961 0.388405  0.087161 0.520737 1 1 1.000000
0  -24.498896 -94.472176 16.516115  -0.457978 -0.743168 0.487809  0.086673 0.529038 1 1 1.000000
0  -27.141474 -92.060822 16.989578  -0.607398 -0.719284 0.337191  0.087161 0.524888 1 1 1.000000
headlight
0  -26.701044 -92.435188 16.956545  -0.570978 -0.708687 0.414424  0.087161 0.525132 1 1 1.000000
0  -27.141474 -92.060822 16.989578  -0.607398 -0.719284 0.337191  0.087161 0.524888 1 1 1.000000
0  -24.498896 -94.472176 16.516115  -0.457978 -0.743168 0.487809  0.086673 0.529038 1 1 1.000000
headlight
0  -23.585003 -94.593292 16.989578  -0.279274 -0.919139 0.277829  0.087161 0.529771 1 1 1.000000
0  -24.113520 -94.351051 16.989578  -0.410242 -0.772587 0.484573  0.087161 0.529038 1 1 1.000000
0  -24.498896 -94.472176 16.516115  -0.457978 -0.743168 0.487809  0.086673 0.529038 1 1 1.000000
headlight
0  -23.585003 -94.593292 16.989578  -0.279274 -0.919139 0.277829  0.087161 0.529771 1 1 1.000000
0  -24.498896 -94.472176 16.516115  -0.457978 -0.743168 0.487809  0.086673 0.529038 1 1 1.000000
0  -22.649090 -94.846535 16.989578  -0.308350 -0.780150 0.544322  0.087161 0.530503 1 1 1.000000
headlight
0  -22.627069 -94.989677 16.824417  -0.312299 -0.747895 0.585767  0.086673 0.530503 1 1 1.000000
0  -22.649090 -94.846535 16.989578  -0.308350 -0.780150 0.544322  0.087161 0.530503 1 1 1.000000
0  -24.498896 -94.472176 16.516115  -0.457978 -0.743168 0.487809  0.086673 0.529038 1 1 1.000000
headlight
0  -26.701044 -92.236992 17.187771  -0.519270 -0.674965 0.524195  0.087649 0.525132 1 1 1.000000
0  -26.701044 -92.435188 16.956545  -0.570978 -0.708687 0.414424  0.087161 0.525132 1 1 1.000000
0  -24.818207 -93.811531 17.044632  -0.519834 -0.675758 0.522613  0.087161 0.528062 1 1 1.000000
headlight
0  -24.785173 -93.998711 16.835428  -0.520503 -0.679694 0.516810  0.087161 0.528550 1 1 1.000000
0  -24.818207 -93.811531 17.044632  -0.519834 -0.675758 0.522613  0.087161 0.528062 1 1 1.000000
0  -26.701044 -92.435188 16.956545  -0.570978 -0.708687 0.414424  0.087161 0.525132 1 1 1.000000
headlight
0  -26.701044 -92.435188 16.956545  -0.570978 -0.708687 0.414424  0.087161 0.525132 1 1 1.000000
0  -24.498896 -94.472176 16.516115  -0.457978 -0.743168 0.487809  0.086673 0.529038 1 1 1.000000
0  -24.785173 -93.998711 16.835428  -0.520503 -0.679694 0.516810  0.087161 0.528550 1 1 1.000000
headlight
0  -24.785173 -93.998711 16.835428  -0.520503 -0.679694 0.516810  0.087161 0.528550 1 1 1.000000
0  -24.498896 -94.472176 16.516115  -0.457978 -0.743168 0.487809  0.086673 0.529038 1 1 1.000000
0  -24.443842 -94.273979 16.813406  -0.498174 -0.684710 0.531972  0.086673 0.528550 1 1 1.000000
headlight
0  -24.498896 -94.472176 16.516115  -0.457978 -0.743168 0.487809  0.086673 0.529038 1 1 1.000000
0  -24.113520 -94.351051 16.989578  -0.410242 -0.772587 0.484573  0.087161 0.529038 1 1 1.000000
0  -24.443842 -94.273979 16.813406  -0.498174 -0.684710 0.531972  0.086673 0.528550 1 1 1.000000
headlight
0  -24.113520 -94.351051 16.989578  -0.410242 -0.772587 0.484573  0.087161 0.529038 1 1 1.000000
0  -24.443842 -94.097809 17.033621  -0.495087 -0.685814 0.533430  0.087161 0.529038 1 1 1.000000
0  -24.443842 -94.273979 16.813406  -0.498174 -0.684710 0.531972  0.086673 0.528550 1 1 1.000000
headlight
0  -19.643156 -96.608253 19.863382  -0.533674 -0.190390 0.823980  0.087649 0.103732 1 1 1.000000
0  -20.171671 -96.487137 19.544071  -0.533692 -0.190429 0.823960  0.087649 0.104465 1 1 1.000000
0  -19.323845 -97.345978 19.885403  -0.563504 -0.251472 0.786909  0.088382 0.104465 1 1 1.000000
headlight
0  -22.649090 -94.846535 16.989578  0.990287 0.108198 0.087323  0.087161 0.530503 1 1 1.000000
0  -22.627069 -94.989677 16.824417  0.989993 0.107210 0.091760  0.086673 0.530503 1 1 1.000000
0  -23.001434 -92.093849 17.452028  0.986266 0.096905 0.133749  0.089358 0.531724 1 1 1.000000
headlight
0  -23.166595 -90.519318 17.474051  0.990964 0.098399 0.091152  0.090579 0.532212 1 1 1.000000
0  -23.001434 -92.093849 17.452028  0.986266 0.096905 0.133749  0.089358 0.531724 1 1 1.000000
0  -22.627069 -94.989677 16.824417  0.989993 0.107210 0.091760  0.086673 0.530503 1 1 1.000000
headlight
0  -23.166595 -90.519318 17.474051  0.990970 0.098398 0.091080  0.090579 0.532212 1 1 1.000000
0  -23.177607 -90.541336 17.672243  0.991091 0.098089 0.090092  0.090579 0.532212 1 1 1.000000
0  -23.001434 -92.093849 17.452028  0.986262 0.096896 0.133786  0.089358 0.531724 1 1 1.000000
headlight
0  -23.089520 -91.499275 17.672243  0.988457 0.093688 0.119061  0.090091 0.531724 1 1 1.000000
0  -23.001434 -92.093849 17.452028  0.986262 0.096896 0.133786  0.089358 0.531724 1 1 1.000000
0  -23.177607 -90.541336 17.672243  0.991091 0.098089 0.090092  0.090579 0.532212 1 1 1.000000
headlight
0  -24.895281 -90.530327 17.672243  -0.990713 -0.104188 0.087366  0.090823 0.527329 1 1 1.000000
0  -24.906292 -90.519318 17.474051  -0.991676 -0.109610 0.067558  0.090823 0.527085 1 1 1.000000
0  -24.796185 -91.499275 17.672243  -0.991878 -0.124967 -0.023683  0.090091 0.528062 1 1 1.000000
headlight
0  -24.906292 -90.519318 17.474051  -0.991676 -0.109610 0.067558  0.090823 0.527085 1 1 1.000000
0  -24.642035 -92.556305 17.286867  -0.986853 -0.137482 0.084973  0.088870 0.528062 1 1 1.000000
0  -24.796185 -91.499275 17.672243  -0.991878 -0.124967 -0.023683  0.090091 0.528062 1 1 1.000000
headlight
0  -24.642035 -92.556305 17.286867  -0.986853 -0.137482 0.084973  0.088870 0.528062 1 1 1.000000
0  -24.906292 -90.519318 17.474051  -0.991676 -0.109610 0.067558  0.090823 0.527085 1 1 1.000000
0  -24.443842 -94.273979 16.813406  -0.986687 -0.136696 0.088108  0.086673 0.528550 1 1 1.000000
headlight
0  -24.642035 -92.556305 17.286867  -0.986853 -0.137482 0.084973  0.088870 0.528062 1 1 1.000000
0  -24.443842 -94.273979 16.813406  -0.986687 -0.136696 0.088108  0.086673 0.528550 1 1 1.000000
0  -24.443842 -94.097809 17.033621  -0.986830 -0.136201 0.087274  0.087161 0.529038 1 1 1.000000
headlight
0  -24.443842 -94.097809 17.033621  -0.052486 -0.167986 0.984391  0.153325 0.517075 1 1 1.000000
0  -24.113520 -94.351051 16.989578  -0.052514 -0.168015 0.984385  0.128178 0.493881 1 1 1.000000
0  -24.642035 -92.556305 17.286867  -0.052287 -0.168216 0.984362  0.152593 0.634510 1 1 1.000000
headlight
0  -24.113520 -94.351051 16.989578  -0.052514 -0.168015 0.984385  0.128178 0.493881 1 1 1.000000
0  -23.585003 -94.593292 16.989578  -0.052490 -0.167994 0.984390  0.085940 0.471419 1 1 1.000000
0  -24.642035 -92.556305 17.286867  -0.052287 -0.168216 0.984362  0.152593 0.634510 1 1 1.000000
headlight
0  -23.001434 -92.093849 17.452028  -0.052453 -0.168024 0.984387  0.009766 0.655263 1 1 1.000000
0  -24.642035 -92.556305 17.286867  -0.052287 -0.168216 0.984362  0.152593 0.634510 1 1 1.000000
0  -23.585003 -94.593292 16.989578  -0.052490 -0.167994 0.984390  0.085940 0.471419 1 1 1.000000
headlight
0  -23.585003 -94.593292 16.989578  -0.052490 -0.167994 0.984390  0.085940 0.471419 1 1 1.000000
0  -22.649090 -94.846535 16.989578  -0.052509 -0.167968 0.984393  0.010010 0.443831 1 1 1.000000
0  -23.001434 -92.093849 17.452028  -0.052453 -0.168024 0.984387  0.009766 0.655263 1 1 1.000000
headlight
0  -37.282368 -83.087067 18.520071  0.995619 -0.055844 0.074997  0.085208 0.116428 1 1 1.000000
0  -37.238323 -82.371368 18.321878  0.998870 -0.024870 0.040503  0.085208 0.116916 1 1 1.000000
0  -37.348431 -82.217216 20.039555  0.998780 -0.005582 0.049061  0.085696 0.116916 1 1 1.000000
headlight
0  -37.238323 -82.371368 18.321878  0.998870 -0.024870 0.040503  0.085208 0.116916 1 1 1.000000
0  -37.282368 -83.087067 18.520071  0.995619 -0.055844 0.074997  0.085208 0.116428 1 1 1.000000
0  -37.238323 -83.703667 17.341921  0.996163 -0.042172 0.076689  0.084231 0.116428 1 1 1.000000
headlight
0  -37.238323 -82.371368 18.321878  0.998870 -0.024870 0.040503  0.085208 0.116916 1 1 1.000000
0  -37.238323 -83.703667 17.341921  0.996163 -0.042172 0.076689  0.084231 0.116428 1 1 1.000000
0  -37.238323 -81.501518 18.288845  0.994074 -0.041813 0.100337  0.085208 0.117649 1 1 1.000000
headlight
0  -37.139229 -81.391411 17.683254  0.088908 -0.427033 0.899854  0.084964 0.117649 1 1 1.000000
0  -37.238323 -81.501518 18.288845  0.994023 -0.041994 0.100767  0.085208 0.117649 1 1 1.000000
0  -37.238323 -83.703667 17.341921  0.996156 -0.042200 0.076756  0.084231 0.116428 1 1 1.000000
headlight
0  -36.346455 -81.589607 22.671122  0.211189 -0.114303 -0.970739  0.087649 0.116916 1 1 1.000000
0  -36.896992 -80.103157 22.373831  0.465637 -0.070073 -0.882197  0.087649 0.117649 1 1 1.000000
0  -36.808907 -80.103157 22.384842  0.127366 -0.146973 -0.980906  0.087649 0.117649 1 1 1.000000
headlight
0  -36.786884 -81.270294 22.538992  0.391790 -0.086135 -0.916014  0.087161 0.116916 1 1 1.000000
0  -36.896992 -80.103157 22.373831  0.465637 -0.070073 -0.882197  0.087649 0.117649 1 1 1.000000
0  -36.346455 -81.589607 22.671122  0.211189 -0.114303 -0.970739  0.087649 0.116916 1 1 1.000000
headlight
0  -36.786884 -81.270294 22.538992  0.391790 -0.086135 -0.916014  0.087161 0.116916 1 1 1.000000
0  -37.084175 -81.182205 22.230692  0.781767 -0.005575 -0.623546  0.087161 0.116916 1 1 1.000000
0  -36.896992 -80.103157 22.373831  0.465637 -0.070073 -0.882197  0.087649 0.117649 1 1 1.000000
headlight
0  -37.161247 -80.026077 22.153616  0.818519 -0.026849 -0.573852  0.087161 0.117893 1 1 1.000000
0  -36.896992 -80.103157 22.373831  0.465637 -0.070073 -0.882197  0.087649 0.117649 1 1 1.000000
0  -37.084175 -81.182205 22.230692  0.781767 -0.005575 -0.623546  0.087161 0.116916 1 1 1.000000
headlight
0  -37.084175 -81.182205 22.230692  0.781767 -0.005575 -0.623546  0.087161 0.116916 1 1 1.000000
0  -37.293377 -81.215240 21.845316  0.957504 -0.024389 -0.287388  0.086673 0.116916 1 1 1.000000
0  -37.161247 -80.026077 22.153616  0.818519 -0.026849 -0.573852  0.087161 0.117893 1 1 1.000000
headlight
0  -37.161247 -80.026077 22.153616  0.818519 -0.026849 -0.573852  0.087161 0.117893 1 1 1.000000
0  -37.293377 -81.215240 21.845316  0.957504 -0.024389 -0.287388  0.086673 0.116916 1 1 1.000000
0  -37.359444 -80.587624 21.305790  0.992591 -0.039657 -0.114850  0.086673 0.117649 1 1 1.000000
headlight
0  -37.370453 -81.435455 21.382864  0.999009 -0.017567 -0.040887  0.086673 0.116916 1 1 1.000000
0  -37.359444 -80.587624 21.305790  0.992591 -0.039657 -0.114850  0.086673 0.117649 1 1 1.000000
0  -37.293377 -81.215240 21.845316  0.957504 -0.024389 -0.287388  0.086673 0.116916 1 1 1.000000
headlight
0  -37.370453 -81.435455 21.382864  0.999009 -0.017567 -0.040887  0.086673 0.116916 1 1 1.000000
0  -37.348431 -82.217216 20.039555  0.998780 -0.005582 0.049061  0.085696 0.116916 1 1 1.000000
0  -37.359444 -80.587624 21.305790  0.992591 -0.039657 -0.114850  0.086673 0.117649 1 1 1.000000
headlight
0  -37.348431 -81.490509 19.940456  0.999375 0.003364 0.035201  0.085696 0.117649 1 1 1.000000
0  -37.359444 -80.587624 21.305790  0.992591 -0.039657 -0.114850  0.086673 0.117649 1 1 1.000000
0  -37.348431 -82.217216 20.039555  0.998780 -0.005582 0.049061  0.085696 0.116916 1 1 1.000000
headlight
0  -37.348431 -81.490509 19.940456  0.999375 0.003364 0.035201  0.085696 0.117649 1 1 1.000000
0  -37.348431 -82.217216 20.039555  0.998780 -0.005582 0.049061  0.085696 0.116916 1 1 1.000000
0  -37.238323 -82.371368 18.321878  0.998870 -0.024870 0.040503  0.085208 0.116916 1 1 1.000000
headlight
0  -36.346455 -81.589607 22.671122  -0.623795 -0.499957 -0.600768  0.097415 0.104465 1 1 1.000000
0  -36.489594 -81.171196 22.461918  -0.616218 -0.494421 -0.613044  0.097415 0.103732 1 1 1.000000
0  -35.069206 -83.021004 22.516972  -0.585611 -0.474603 -0.657124  0.097415 0.105197 1 1 1.000000
headlight
0  -34.904045 -82.866852 22.252712  -0.585527 -0.475689 -0.656413  0.097415 0.105197 1 1 1.000000
0  -35.069206 -83.021004 22.516972  -0.585611 -0.474603 -0.657124  0.097415 0.105197 1 1 1.000000
0  -36.489594 -81.171196 22.461918  -0.616218 -0.494421 -0.613044  0.097415 0.103732 1 1 1.000000
headlight
0  -34.904045 -82.866852 22.252712  -0.585527 -0.475689 -0.656413  0.097415 0.105197 1 1 1.000000
0  -29.828094 -88.063919 21.526005  -0.484794 -0.376793 -0.789305  0.097415 0.109348 1 1 1.000000
0  -35.069206 -83.021004 22.516972  -0.585611 -0.474603 -0.657124  0.097415 0.105197 1 1 1.000000
headlight
0  -30.081341 -88.295143 21.790262  -0.484985 -0.372714 -0.791122  0.097415 0.109348 1 1 1.000000
0  -35.069206 -83.021004 22.516972  -0.585611 -0.474603 -0.657124  0.097415 0.105197 1 1 1.000000
0  -29.828094 -88.063919 21.526005  -0.484794 -0.376793 -0.789305  0.097415 0.109348 1 1 1.000000
headlight
0  -29.828094 -88.063919 21.526005  -0.484794 -0.376793 -0.789305  0.097415 0.109348 1 1 1.000000
0  -24.322723 -92.996735 20.656155  -0.450714 -0.370815 -0.812006  0.097415 0.113010 1 1 1.000000
0  -30.081341 -88.295143 21.790262  -0.484985 -0.372714 -0.791122  0.097415 0.109348 1 1 1.000000
headlight
0  -24.509903 -93.249977 20.887381  -0.451436 -0.370800 -0.811611  0.097415 0.113010 1 1 1.000000
0  -30.081341 -88.295143 21.790262  -0.484985 -0.372714 -0.791122  0.097415 0.109348 1 1 1.000000
0  -24.322723 -92.996735 20.656155  -0.450714 -0.370815 -0.812006  0.097415 0.113010 1 1 1.000000
headlight
0  -24.509903 -93.249977 20.887381  -0.451436 -0.370800 -0.811611  0.097415 0.113010 1 1 1.000000
0  -24.322723 -92.996735 20.656155  -0.450714 -0.370815 -0.812006  0.097415 0.113010 1 1 1.000000
0  -21.636101 -95.584259 20.380886  -0.436925 -0.355656 -0.826199  0.097415 0.114719 1 1 1.000000
headlight
0  -21.448917 -95.297981 20.171682  -0.430316 -0.347634 -0.833054  0.097171 0.114719 1 1 1.000000
0  -21.636101 -95.584259 20.380886  -0.436925 -0.355656 -0.826199  0.097415 0.114719 1 1 1.000000
0  -24.322723 -92.996735 20.656155  -0.450714 -0.370815 -0.812006  0.097415 0.113010 1 1 1.000000
headlight
0  -21.636101 -95.584259 20.380886  -0.436925 -0.355656 -0.826199  0.097415 0.114719 1 1 1.000000
0  -21.448917 -95.297981 20.171682  -0.430316 -0.347634 -0.833054  0.097171 0.114719 1 1 1.000000
0  -19.323845 -97.345978 19.885403  -0.334963 -0.226763 -0.914537  0.097171 0.116428 1 1 1.000000
headlight
0  -19.643156 -96.608253 19.863382  -0.296085 -0.183778 -0.937315  0.097171 0.116184 1 1 1.000000
0  -19.323845 -97.345978 19.885403  -0.334963 -0.226763 -0.914537  0.097171 0.116428 1 1 1.000000
0  -21.448917 -95.297981 20.171682  -0.430316 -0.347634 -0.833054  0.097171 0.114719 1 1 1.000000
headlight
0  -21.834293 -95.628304 19.566092  -0.084939 0.089305 -0.992376  0.847438 0.021210 1 1 1.000000
0  -24.752142 -93.360085 20.017532  -0.083423 0.090206 -0.992423  0.849635 0.021210 1 1 1.000000
0  -21.966425 -89.087921 20.171682  -0.083771 0.089783 -0.992432  0.849635 0.018525 1 1 1.000000
headlight
0  -24.642035 -92.556305 17.286867  0.000219 -0.342200 0.939627  0.152593 0.634510 1 1 1.000000
0  -23.001434 -92.093849 17.452028  0.000071 -0.342207 0.939624  0.009766 0.655263 1 1 1.000000
0  -24.796185 -91.499275 17.672243  0.000239 -0.160774 0.986991  0.151860 0.719474 1 1 1.000000
headlight
0  -23.089520 -91.499275 17.672243  0.000012 -0.186054 0.982539  0.010010 0.703604 1 1 1.000000
0  -24.796185 -91.499275 17.672243  0.000239 -0.160774 0.986991  0.151860 0.719474 1 1 1.000000
0  -23.001434 -92.093849 17.452028  0.000071 -0.342207 0.939624  0.009766 0.655263 1 1 1.000000
headlight
0  -24.796185 -91.499275 17.672243  0.000239 -0.160774 0.986991  0.151860 0.719474 1 1 1.000000
0  -23.089520 -91.499275 17.672243  0.000012 -0.186054 0.982539  0.010010 0.703604 1 1 1.000000
0  -24.895281 -90.530327 17.672243  0.000000 0.000000 1.000000  0.151860 0.789300 1 1 1.000000
headlight
0  -23.177607 -90.541336 17.672243  0.000000 0.000000 1.000000  0.013428 0.776116 1 1 1.000000
0  -24.895281 -90.530327 17.672243  0.000000 0.000000 1.000000  0.151860 0.789300 1 1 1.000000
0  -23.089520 -91.499275 17.672243  0.000012 -0.186054 0.982539  0.010010 0.703604 1 1 1.000000
headlight
0  -20.975458 -92.688431 17.562136  0.013881 -0.179390 0.983680  0.058596 0.112033 1 1 1.000000
0  -22.417864 -94.031746 17.352932  0.013881 -0.179390 0.983680  0.059084 0.112033 1 1 1.000000
0  -22.208660 -94.714409 17.220804  0.013881 -0.179391 0.983680  0.059084 0.112033 1 1 1.000000
headlight
0  -26.701044 -92.435188 16.956545  -0.112013 -0.221185 0.968778  0.087161 0.525132 1 1 1.000000
0  -27.141474 -89.319145 17.617189  -0.102574 -0.221382 0.969778  0.090091 0.523179 1 1 1.000000
0  -27.141474 -92.060822 16.989578  -0.111722 -0.221217 0.968804  0.087161 0.524888 1 1 1.000000
headlight
0  -27.482807 -89.352180 17.562136  -0.101610 -0.221367 0.969883  0.089358 0.522935 1 1 1.000000
0  -27.141474 -92.060822 16.989578  -0.111722 -0.221217 0.968804  0.087161 0.524888 1 1 1.000000
0  -27.141474 -89.319145 17.617189  -0.102574 -0.221382 0.969778  0.090091 0.523179 1 1 1.000000
headlight
0  -24.818207 -93.811531 17.044632  0.990281 0.108363 0.087184  0.087161 0.528062 1 1 1.000000
0  -24.785173 -93.998711 16.835428  0.990264 0.108365 0.087372  0.087161 0.528550 1 1 1.000000
0  -25.225603 -90.640434 17.705276  0.991724 0.096678 0.084479  0.090579 0.526841 1 1 1.000000
headlight
0  -25.203583 -90.541336 17.452028  0.991721 0.098395 0.082515  0.090579 0.527085 1 1 1.000000
0  -25.225603 -90.640434 17.705276  0.991724 0.096678 0.084479  0.090579 0.526841 1 1 1.000000
0  -24.785173 -93.998711 16.835428  0.990264 0.108365 0.087372  0.087161 0.528550 1 1 1.000000
headlight
0  -25.225603 -90.640434 17.705276  0.991724 0.096678 0.084479  0.090579 0.526841 1 1 1.000000
0  -25.203583 -90.541336 17.452028  0.991721 0.098395 0.082515  0.090579 0.527085 1 1 1.000000
0  -25.291668 -90.133942 18.013577  0.993519 0.090794 0.068383  0.090823 0.526353 1 1 1.000000
headlight
0  -25.346722 -89.308136 17.617189  0.995272 0.083688 0.049291  0.092288 0.526841 1 1 1.000000
0  -25.291668 -90.133942 18.013577  0.993519 0.090794 0.068383  0.090823 0.526353 1 1 1.000000
0  -25.203583 -90.541336 17.452028  0.991721 0.098395 0.082515  0.090579 0.527085 1 1 1.000000
headlight
0  -25.291668 -90.133942 18.013577  0.993518 0.090792 0.068402  0.090823 0.526353 1 1 1.000000
0  -25.346722 -89.308136 17.617189  0.995274 0.083679 0.049264  0.092288 0.526841 1 1 1.000000
0  -25.357733 -89.352180 18.013577  0.996443 0.076705 0.034893  0.092288 0.526353 1 1 1.000000
headlight
0  -27.086420 -89.341164 18.013577  -0.987287 -0.132758 0.087402  0.090091 0.523667 1 1 1.000000
0  -27.141474 -89.319145 17.617189  -0.986787 -0.143606 0.075020  0.090091 0.523179 1 1 1.000000
0  -26.987324 -90.133942 18.013577  -0.987061 -0.153773 0.045429  0.089358 0.523911 1 1 1.000000
headlight
0  -26.855194 -91.080864 17.441019  -0.976213 -0.166479 0.138899  0.088870 0.524888 1 1 1.000000
0  -26.987324 -90.133942 18.013577  -0.987061 -0.153773 0.045429  0.089358 0.523911 1 1 1.000000
0  -27.141474 -89.319145 17.617189  -0.986787 -0.143606 0.075020  0.090091 0.523179 1 1 1.000000
headlight
0  -26.855194 -91.080864 17.441019  -0.976213 -0.166479 0.138899  0.088870 0.524888 1 1 1.000000
0  -27.141474 -89.319145 17.617189  -0.986787 -0.143606 0.075020  0.090091 0.523179 1 1 1.000000
0  -26.701044 -92.435188 16.956545  -0.983582 -0.149691 0.100789  0.087161 0.525132 1 1 1.000000
headlight
0  -26.855194 -91.080864 17.441019  -0.976213 -0.166479 0.138899  0.088870 0.524888 1 1 1.000000
0  -26.701044 -92.435188 16.956545  -0.983582 -0.149691 0.100789  0.087161 0.525132 1 1 1.000000
0  -26.701044 -92.236992 17.187771  -0.985577 -0.145024 0.087211  0.087649 0.525132 1 1 1.000000
headlight
0  -29.431707 -87.612480 18.200760  0.000000 0.000000 1.000000  0.090579 0.518052 1 1 1.000000
0  -29.442719 -87.458328 18.200760  0.000000 0.000000 1.000000  0.090579 0.518052 1 1 1.000000
0  -29.850117 -87.612480 18.200760  0.000000 0.000000 1.000000  0.090091 0.517319 1 1 1.000000
headlight
0  -29.706976 -87.458328 18.200760  0.000000 0.000000 1.000000  0.090091 0.517319 1 1 1.000000
0  -29.850117 -87.612480 18.200760  0.000000 0.000000 1.000000  0.090091 0.517319 1 1 1.000000
0  -29.442719 -87.458328 18.200760  0.000000 0.000000 1.000000  0.090579 0.518052 1 1 1.000000
headlight
0  -29.706976 -87.458328 18.200760  0.000000 0.000000 1.000000  0.090091 0.517319 1 1 1.000000
0  -29.773041 -86.676567 18.200760  0.000000 0.000000 1.000000  0.090579 0.516587 1 1 1.000000
0  -29.850117 -87.612480 18.200760  0.000000 0.000000 1.000000  0.090091 0.517319 1 1 1.000000
headlight
0  -29.905170 -86.676567 18.200760  0.000000 0.000000 1.000000  0.090579 0.515610 1 1 1.000000
0  -29.850117 -87.612480 18.200760  0.000000 0.000000 1.000000  0.090091 0.517319 1 1 1.000000
0  -29.773041 -86.676567 18.200760  0.000000 0.000000 1.000000  0.090579 0.516587 1 1 1.000000
headlight
0  -29.145428 -90.244049 17.143728  -0.154268 -0.259996 0.953207  0.087649 0.521470 1 1 1.000000
0  -29.376654 -88.218071 17.661234  -0.041985 -0.513781 0.856893  0.089358 0.518784 1 1 1.000000
0  -29.607880 -89.792610 17.198782  -0.153288 -0.259977 0.953370  0.087649 0.520249 1 1 1.000000
headlight
0  -29.795063 -88.339188 17.551126  -0.078615 -0.439038 0.895022  0.089114 0.518540 1 1 1.000000
0  -29.607880 -89.792610 17.198782  -0.153288 -0.259977 0.953370  0.087649 0.520249 1 1 1.000000
0  -29.376654 -88.218071 17.661234  -0.041985 -0.513781 0.856893  0.089358 0.518784 1 1 1.000000
headlight
0  -29.376654 -88.218071 17.661234  -0.041985 -0.513781 0.856893  0.089358 0.518784 1 1 1.000000
0  -29.431707 -87.612480 18.200760  0.008775 -0.659594 0.751571  0.090579 0.518052 1 1 1.000000
0  -29.795063 -88.339188 17.551126  -0.078615 -0.439038 0.895022  0.089114 0.518540 1 1 1.000000
headlight
0  -29.850117 -87.612480 18.200760  -0.000000 -0.657229 0.753691  0.090091 0.517319 1 1 1.000000
0  -29.795063 -88.339188 17.551126  -0.078615 -0.439038 0.895022  0.089114 0.518540 1 1 1.000000
0  -29.431707 -87.612480 18.200760  0.008775 -0.659594 0.751571  0.090579 0.518052 1 1 1.000000
headlight
0  -29.288568 -88.383232 18.299856  -0.989856 -0.078847 0.118191  0.090579 0.519028 1 1 1.000000
0  -29.376654 -88.218071 17.661234  -0.990123 -0.113746 0.081969  0.089358 0.518784 1 1 1.000000
0  -29.255535 -88.911751 18.299856  -0.990133 -0.116694 0.077579  0.090091 0.520249 1 1 1.000000
headlight
0  -29.178461 -89.880692 17.452028  -0.988071 -0.136490 0.071320  0.088382 0.521470 1 1 1.000000
0  -29.255535 -88.911751 18.299856  -0.990133 -0.116694 0.077579  0.090091 0.520249 1 1 1.000000
0  -29.376654 -88.218071 17.661234  -0.990123 -0.113746 0.081969  0.089358 0.518784 1 1 1.000000
headlight
0  -29.376654 -88.218071 17.661234  -0.990123 -0.113746 0.081969  0.089358 0.518784 1 1 1.000000
0  -29.145428 -90.244049 17.143728  -0.987432 -0.138719 0.075726  0.087649 0.521470 1 1 1.000000
0  -29.178461 -89.880692 17.452028  -0.988071 -0.136490 0.071320  0.088382 0.521470 1 1 1.000000
headlight
0  -29.145428 -90.244049 17.143728  -0.987432 -0.138719 0.075726  0.087649 0.521470 1 1 1.000000
0  -29.145428 -90.023834 17.418997  -0.984996 -0.148730 0.087536  0.087649 0.521470 1 1 1.000000
0  -29.178461 -89.880692 17.452028  -0.988071 -0.136490 0.071320  0.088382 0.521470 1 1 1.000000
headlight
0  -27.174505 -91.829597 17.231813  0.990681 0.104683 0.087139  0.087649 0.523911 1 1 1.000000
0  -27.141474 -92.060822 16.989578  0.990680 0.104684 0.087148  0.087161 0.524888 1 1 1.000000
0  -27.482807 -89.418243 17.848415  0.995401 0.056924 0.077050  0.089358 0.522935 1 1 1.000000
headlight
0  -27.482807 -89.352180 17.562136  0.994684 0.076403 0.069044  0.089358 0.522935 1 1 1.000000
0  -27.482807 -89.418243 17.848415  0.995401 0.056924 0.077050  0.089358 0.522935 1 1 1.000000
0  -27.141474 -92.060822 16.989578  0.990680 0.104684 0.087148  0.087161 0.524888 1 1 1.000000
headlight
0  -27.482807 -89.418243 17.848415  0.995401 0.056924 0.077050  0.089358 0.522935 1 1 1.000000
0  -27.482807 -89.352180 17.562136  0.994684 0.076403 0.069044  0.089358 0.522935 1 1 1.000000
0  -27.537861 -88.911751 18.299856  0.996697 0.068792 0.043158  0.089358 0.521958 1 1 1.000000
headlight
0  -27.559881 -88.207062 17.694265  0.996314 0.075892 0.039979  0.090579 0.522202 1 1 1.000000
0  -27.537861 -88.911751 18.299856  0.996697 0.068792 0.043158  0.089358 0.521958 1 1 1.000000
0  -27.482807 -89.352180 17.562136  0.994684 0.076403 0.069044  0.089358 0.522935 1 1 1.000000
headlight
0  -27.559881 -88.207062 17.694265  0.996301 0.076041 0.040016  0.090579 0.522202 1 1 1.000000
0  -27.570892 -88.383232 18.299856  0.995894 0.079295 0.043670  0.090091 0.521958 1 1 1.000000
0  -27.537861 -88.911751 18.299856  0.996698 0.068774 0.043155  0.089358 0.521958 1 1 1.000000
headlight
0  -24.719110 -87.854713 19.962479  0.915072 -0.130611 0.381555  0.471938 0.680898 1 1 1.000000
0  -25.005388 -89.935745 19.863382  0.978014 -0.147415 0.147501  0.471938 0.680166 1 1 1.000000
0  -25.005388 -89.198029 19.279812  0.974160 -0.131586 -0.183568  0.471938 0.680410 1 1 1.000000
headlight
0  -25.005388 -89.935745 19.863382  0.978014 -0.147415 0.147501  0.471938 0.680166 1 1 1.000000
0  -24.719110 -87.854713 19.962479  0.915072 -0.130611 0.381555  0.471938 0.680898 1 1 1.000000
0  -25.071453 -90.144951 20.017532  0.565930 -0.110615 0.816999  0.471938 0.680166 1 1 1.000000
headlight
0  -24.840227 -87.953812 20.127640  0.663209 -0.111766 0.740042  0.471938 0.680898 1 1 1.000000
0  -25.071453 -90.144951 20.017532  0.565930 -0.110615 0.816999  0.471938 0.680166 1 1 1.000000
0  -24.719110 -87.854713 19.962479  0.915072 -0.130611 0.381555  0.471938 0.680898 1 1 1.000000
headlight
0  -24.840227 -87.953812 20.127640  0.663209 -0.111766 0.740042  0.471938 0.680898 1 1 1.000000
0  -25.082464 -88.008865 20.226736  0.214480 -0.083466 0.973156  0.472671 0.680410 1 1 1.000000
0  -25.071453 -90.144951 20.017532  0.565930 -0.110615 0.816999  0.471938 0.680166 1 1 1.000000
headlight
0  -25.258636 -90.266068 20.083597  0.159868 -0.078590 0.984005  0.472671 0.680166 1 1 1.000000
0  -25.071453 -90.144951 20.017532  0.565930 -0.110615 0.816999  0.471938 0.680166 1 1 1.000000
0  -25.082464 -88.008865 20.226736  0.214480 -0.083466 0.973156  0.472671 0.680410 1 1 1.000000
headlight
0  -25.258636 -90.266068 20.083597  0.159868 -0.078590 0.984005  0.472671 0.680166 1 1 1.000000
0  -25.082464 -88.008865 20.226736  0.214480 -0.083466 0.973156  0.472671 0.680410 1 1 1.000000
0  -27.075409 -90.266068 20.083597  -0.162380 -0.062280 0.984761  0.472915 0.680166 1 1 1.000000
headlight
0  -26.998333 -88.008865 20.237747  -0.199484 -0.061281 0.977983  0.472915 0.680410 1 1 1.000000
0  -27.075409 -90.266068 20.083597  -0.162380 -0.062280 0.984761  0.472915 0.680166 1 1 1.000000
0  -25.082464 -88.008865 20.226736  0.214480 -0.083466 0.973156  0.472671 0.680410 1 1 1.000000
headlight
0  -26.998333 -88.008865 20.237747  -0.199484 -0.061281 0.977983  0.472915 0.680410 1 1 1.000000
0  -27.229559 -87.975838 20.127640  -0.704138 -0.043690 0.708718  0.472915 0.680410 1 1 1.000000
0  -27.075409 -90.266068 20.083597  -0.162380 -0.062280 0.984761  0.472915 0.680166 1 1 1.000000
headlight
0  -27.196527 -90.177986 20.028543  -0.524201 -0.048102 0.850235  0.472915 0.680166 1 1 1.000000
0  -27.075409 -90.266068 20.083597  -0.162380 -0.062280 0.984761  0.472915 0.680166 1 1 1.000000
0  -27.229559 -87.975838 20.127640  -0.704138 -0.043690 0.708718  0.472915 0.680410 1 1 1.000000
headlight
0  -27.196527 -90.177986 20.028543  -0.524201 -0.048102 0.850235  0.472915 0.680166 1 1 1.000000
0  -27.229559 -87.975838 20.127640  -0.704138 -0.043690 0.708718  0.472915 0.680410 1 1 1.000000
0  -27.295624 -89.968781 19.885403  -0.923612 -0.033699 0.381843  0.472915 0.680166 1 1 1.000000
headlight
0  -27.372700 -87.788651 19.907425  -0.993011 -0.036378 0.112276  0.472915 0.680410 1 1 1.000000
0  -27.295624 -89.968781 19.885403  -0.923612 -0.033699 0.381843  0.472915 0.680166 1 1 1.000000
0  -27.229559 -87.975838 20.127640  -0.704138 -0.043690 0.708718  0.472915 0.680410 1 1 1.000000
headlight
0  -27.372700 -87.788651 19.907425  -0.993011 -0.036378 0.112276  0.472915 0.680410 1 1 1.000000
0  -27.350677 -86.731621 18.960501  -0.999169 -0.029778 -0.027824  0.473159 0.680898 1 1 1.000000
0  -27.295624 -89.968781 19.885403  -0.923612 -0.033699 0.381843  0.472915 0.680166 1 1 1.000000
headlight
0  -27.295624 -88.845680 18.927469  -0.999205 -0.028858 -0.027488  0.473159 0.680410 1 1 1.000000
0  -27.295624 -89.968781 19.885403  -0.923612 -0.033699 0.381843  0.472915 0.680166 1 1 1.000000
0  -27.350677 -86.731621 18.960501  -0.999169 -0.029778 -0.027824  0.473159 0.680898 1 1 1.000000
headlight
0  -27.295624 -88.845680 18.927469  -0.999205 -0.028858 -0.027488  0.473159 0.680410 1 1 1.000000
0  -27.350677 -86.731621 18.960501  -0.999169 -0.029778 -0.027824  0.473159 0.680898 1 1 1.000000
0  -27.295624 -88.229080 18.068630  -0.999325 -0.029290 -0.022178  0.473647 0.680410 1 1 1.000000
headlight
0  -27.350677 -85.971878 18.002565  -0.999327 -0.028285 -0.023372  0.473647 0.680898 1 1 1.000000
0  -27.295624 -88.229080 18.068630  -0.999320 -0.029405 -0.022246  0.473647 0.680410 1 1 1.000000
0  -27.350677 -86.731621 18.960501  -0.999175 -0.029716 -0.027666  0.473159 0.680898 1 1 1.000000
headlight
0  -37.260345 -83.846809 17.066652  -0.456256 -0.224368 -0.861098  0.093265 0.104465 1 1 1.000000
0  -37.414497 -83.648613 17.154739  -0.651682 -0.164799 -0.740373  0.093265 0.104465 1 1 1.000000
0  -37.216301 -83.538506 16.967556  -0.511924 -0.209997 -0.832968  0.093265 0.103732 1 1 1.000000
headlight
0  -37.216301 -83.538506 16.967556  -0.511924 -0.209997 -0.832968  0.093265 0.103732 1 1 1.000000
0  -35.399529 -85.751663 16.857449  -0.315409 -0.225317 -0.921819  0.091800 0.104709 1 1 1.000000
0  -37.260345 -83.846809 17.066652  -0.456256 -0.224368 -0.861098  0.093265 0.104465 1 1 1.000000
headlight
0  -35.487617 -85.828743 16.912502  -0.314908 -0.223122 -0.922523  0.091800 0.104709 1 1 1.000000
0  -37.260345 -83.846809 17.066652  -0.456256 -0.224368 -0.861098  0.093265 0.104465 1 1 1.000000
0  -35.399529 -85.751663 16.857449  -0.315409 -0.225317 -0.921819  0.091800 0.104709 1 1 1.000000
headlight
0  -35.487617 -85.828743 16.912502  -0.314908 -0.223122 -0.922523  0.091800 0.104709 1 1 1.000000
0  -35.399529 -85.751663 16.857449  -0.315409 -0.225317 -0.921819  0.091800 0.104709 1 1 1.000000
0  -31.622845 -89.781593 16.615213  -0.325186 -0.275106 -0.904749  0.089114 0.105930 1 1 1.000000
headlight
0  -31.545771 -89.638458 16.538137  -0.329646 -0.273216 -0.903707  0.089114 0.105197 1 1 1.000000
0  -31.622845 -89.781593 16.615213  -0.325186 -0.275106 -0.904749  0.089114 0.105930 1 1 1.000000
0  -35.399529 -85.751663 16.857449  -0.315409 -0.225317 -0.921819  0.091800 0.104709 1 1 1.000000
headlight
0  -31.545771 -89.638458 16.538137  -0.329646 -0.273216 -0.903707  0.089114 0.105197 1 1 1.000000
0  -27.317646 -93.338066 16.229837  -0.286199 -0.273354 -0.918351  0.085940 0.106418 1 1 1.000000
0  -31.622845 -89.781593 16.615213  -0.325186 -0.275106 -0.904749  0.089114 0.105930 1 1 1.000000
headlight
0  -27.339666 -93.569290 16.306911  -0.264384 -0.273197 -0.924913  0.085940 0.106418 1 1 1.000000
0  -31.622845 -89.781593 16.615213  -0.325186 -0.275106 -0.904749  0.089114 0.105930 1 1 1.000000
0  -27.317646 -93.338066 16.229837  -0.286199 -0.273354 -0.918351  0.085940 0.106418 1 1 1.000000
headlight
0  -27.317646 -93.338066 16.229837  -0.286199 -0.273354 -0.918351  0.085940 0.106418 1 1 1.000000
0  -24.906292 -95.099785 16.119730  -0.151173 -0.130153 -0.979901  0.084964 0.106418 1 1 1.000000
0  -27.339666 -93.569290 16.306911  -0.264384 -0.273197 -0.924913  0.085940 0.106418 1 1 1.000000
headlight
0  -24.895281 -95.364044 16.152761  -0.155482 -0.163084 -0.974284  0.084964 0.106418 1 1 1.000000
0  -27.339666 -93.569290 16.306911  -0.264384 -0.273197 -0.924913  0.085940 0.106418 1 1 1.000000
0  -24.906292 -95.099785 16.119730  -0.151173 -0.130153 -0.979901  0.084964 0.106418 1 1 1.000000
headlight
0  -24.906292 -95.099785 16.119730  -0.151173 -0.130153 -0.979901  0.084964 0.106418 1 1 1.000000
0  -24.124529 -95.683357 16.097708  -0.122059 -0.690393 -0.713063  0.084231 0.106418 1 1 1.000000
0  -24.895281 -95.364044 16.152761  -0.155482 -0.163084 -0.974284  0.084964 0.106418 1 1 1.000000
headlight
0  -24.278681 -95.760429 16.218826  -0.165007 -0.697321 -0.697507  0.084231 0.106418 1 1 1.000000
0  -24.895281 -95.364044 16.152761  -0.155482 -0.163084 -0.974284  0.084964 0.106418 1 1 1.000000
0  -24.124529 -95.683357 16.097708  -0.122059 -0.690393 -0.713063  0.084231 0.106418 1 1 1.000000
headlight
0  -24.124529 -95.683357 16.097708  -0.122059 -0.690393 -0.713063  0.084231 0.106418 1 1 1.000000
0  -23.717133 -96.002663 16.582180  0.017778 -0.823731 -0.566702  0.084231 0.106906 1 1 1.000000
0  -24.278681 -95.760429 16.218826  -0.165007 -0.697321 -0.697507  0.084231 0.106418 1 1 1.000000
headlight
0  -25.258636 -90.012825 19.984501  -0.321870 -0.137692 -0.936718  0.471938 0.680166 1 1 1.000000
0  -25.148529 -89.913727 19.885403  -0.835403 -0.207304 -0.509046  0.471938 0.680166 1 1 1.000000
0  -25.148529 -90.277077 19.962479  -0.467555 -0.104712 -0.877740  0.472671 0.680166 1 1 1.000000
headlight
0  -25.082464 -90.089897 19.852371  -0.853207 -0.153167 -0.498575  0.471938 0.680166 1 1 1.000000
0  -25.148529 -90.277077 19.962479  -0.467555 -0.104712 -0.877740  0.472671 0.680166 1 1 1.000000
0  -25.148529 -89.913727 19.885403  -0.835403 -0.207304 -0.509046  0.471938 0.680166 1 1 1.000000
headlight
0  -25.148529 -89.913727 19.885403  -0.835403 -0.207304 -0.509046  0.471938 0.680166 1 1 1.000000
0  -25.126507 -88.614456 19.004543  -0.996778 -0.062457 -0.050325  0.471450 0.680410 1 1 1.000000
0  -25.082464 -90.089897 19.852371  -0.853207 -0.153167 -0.498575  0.471938 0.680166 1 1 1.000000
headlight
0  -25.115496 -88.966805 18.927469  -0.997558 -0.056566 -0.040963  0.471450 0.680410 1 1 1.000000
0  -25.082464 -90.089897 19.852371  -0.853207 -0.153167 -0.498575  0.471938 0.680166 1 1 1.000000
0  -25.126507 -88.614456 19.004543  -0.996778 -0.062457 -0.050325  0.471450 0.680410 1 1 1.000000
headlight
0  -25.115496 -88.966805 18.927469  -0.997558 -0.056566 -0.040963  0.471450 0.680410 1 1 1.000000
0  -25.126507 -88.614456 19.004543  -0.996778 -0.062457 -0.050325  0.471450 0.680410 1 1 1.000000
0  -25.115496 -88.339188 18.079641  -0.997441 -0.059071 -0.040284  0.471450 0.680410 1 1 1.000000
headlight
0  -25.126507 -88.030891 18.068630  -0.997404 -0.059544 -0.040490  0.470962 0.680410 1 1 1.000000
0  -25.115496 -88.339188 18.079641  -0.997446 -0.059010 -0.040242  0.471450 0.680410 1 1 1.000000
0  -25.126507 -88.614456 19.004543  -0.996781 -0.062445 -0.050287  0.471450 0.680410 1 1 1.000000
headlight
0  -27.196527 -88.019875 18.057619  0.996220 -0.072000 -0.048595  0.473647 0.680410 1 1 1.000000
0  -27.185516 -88.625465 19.015554  0.996497 -0.060810 -0.057405  0.473159 0.680166 1 1 1.000000
0  -27.218548 -88.328178 18.068630  0.996384 -0.070055 -0.048075  0.473647 0.680410 1 1 1.000000
headlight
0  -27.218548 -88.966805 18.927469  0.996552 -0.055165 -0.061981  0.473159 0.680410 1 1 1.000000
0  -27.218548 -88.328178 18.068630  0.996384 -0.070055 -0.048075  0.473647 0.680410 1 1 1.000000
0  -27.185516 -88.625465 19.015554  0.996497 -0.060810 -0.057405  0.473159 0.680166 1 1 1.000000
headlight
0  -27.218548 -88.966805 18.927469  0.996552 -0.055165 -0.061981  0.473159 0.680410 1 1 1.000000
0  -27.185516 -88.625465 19.015554  0.996497 -0.060810 -0.057405  0.473159 0.680166 1 1 1.000000
0  -27.218548 -90.122932 19.874393  0.903521 -0.073092 -0.422264  0.472915 0.680166 1 1 1.000000
headlight
0  -27.174505 -89.913727 19.896414  0.900794 -0.111097 -0.419794  0.472915 0.680166 1 1 1.000000
0  -27.218548 -90.122932 19.874393  0.903521 -0.073092 -0.422264  0.472915 0.680166 1 1 1.000000
0  -27.185516 -88.625465 19.015554  0.996497 -0.060810 -0.057405  0.473159 0.680166 1 1 1.000000
headlight
0  -27.174505 -89.913727 19.896414  0.900794 -0.111097 -0.419794  0.472915 0.680166 1 1 1.000000
0  -27.163494 -90.277077 19.962479  0.368763 -0.160367 -0.915585  0.472915 0.680166 1 1 1.000000
0  -27.218548 -90.122932 19.874393  0.903521 -0.073092 -0.422264  0.472915 0.680166 1 1 1.000000
headlight
0  -27.163494 -90.277077 19.962479  0.368763 -0.160367 -0.915585  0.472915 0.680166 1 1 1.000000
0  -27.174505 -89.913727 19.896414  0.900794 -0.111097 -0.419794  0.472915 0.680166 1 1 1.000000
0  -27.042377 -90.354156 20.017532  0.139181 -0.097678 -0.985438  0.472915 0.680166 1 1 1.000000
headlight
0  -27.075409 -90.012825 19.984501  0.384748 -0.044209 -0.921962  0.472915 0.680166 1 1 1.000000
0  -27.042377 -90.354156 20.017532  0.139181 -0.097678 -0.985438  0.472915 0.680166 1 1 1.000000
0  -27.174505 -89.913727 19.896414  0.900794 -0.111097 -0.419794  0.472915 0.680166 1 1 1.000000
headlight
0  -27.075409 -90.012825 19.984501  0.384748 -0.044209 -0.921962  0.472915 0.680166 1 1 1.000000
0  -25.258636 -90.012825 19.984501  -0.321870 -0.137692 -0.936718  0.471938 0.680166 1 1 1.000000
0  -27.042377 -90.354156 20.017532  0.139181 -0.097678 -0.985438  0.472915 0.680166 1 1 1.000000
headlight
0  -25.280657 -90.365166 20.028543  -0.120860 -0.094747 -0.988138  0.472671 0.680166 1 1 1.000000
0  -27.042377 -90.354156 20.017532  0.139181 -0.097678 -0.985438  0.472915 0.680166 1 1 1.000000
0  -25.258636 -90.012825 19.984501  -0.321870 -0.137692 -0.936718  0.471938 0.680166 1 1 1.000000
headlight
0  -25.258636 -90.012825 19.984501  -0.321870 -0.137692 -0.936718  0.471938 0.680166 1 1 1.000000
0  -25.148529 -90.277077 19.962479  -0.467555 -0.104712 -0.877740  0.472671 0.680166 1 1 1.000000
0  -25.280657 -90.365166 20.028543  -0.120860 -0.094747 -0.988138  0.472671 0.680166 1 1 1.000000
headlight
0  -27.482807 -88.790627 20.270779  -0.349594 -0.009964 -0.936848  0.479751 0.677969 1 1 1.000000
0  -27.350677 -88.724564 20.193705  -0.963050 0.004428 -0.269287  0.479751 0.677969 1 1 1.000000
0  -27.405731 -89.308136 20.215725  -0.553854 0.027604 -0.832156  0.479751 0.677969 1 1 1.000000
headlight
0  -27.372700 -89.098930 20.116629  -0.972013 0.046449 -0.230290  0.479751 0.677969 1 1 1.000000
0  -27.405731 -89.308136 20.215725  -0.553854 0.027604 -0.832156  0.479751 0.677969 1 1 1.000000
0  -27.350677 -88.724564 20.193705  -0.963050 0.004428 -0.269287  0.479751 0.677969 1 1 1.000000
headlight
0  -27.350677 -88.724564 20.193705  -0.963050 0.004428 -0.269287  0.479751 0.677969 1 1 1.000000
0  -27.372700 -87.403275 19.268803  -0.999806 -0.011462 -0.016047  0.479263 0.677236 1 1 1.000000
0  -27.372700 -89.098930 20.116629  -0.972013 0.046449 -0.230290  0.479751 0.677969 1 1 1.000000
headlight
0  -27.350677 -87.755623 19.169704  -0.999716 -0.012180 -0.020496  0.479263 0.677236 1 1 1.000000
0  -27.372700 -89.098930 20.116629  -0.972013 0.046449 -0.230290  0.479751 0.677969 1 1 1.000000
0  -27.372700 -87.403275 19.268803  -0.999806 -0.011462 -0.016047  0.479263 0.677236 1 1 1.000000
headlight
0  -27.372700 -87.403275 19.268803  -0.999806 -0.011462 -0.016047  0.479263 0.677236 1 1 1.000000
0  -27.350677 -86.830719 18.376932  -0.998677 -0.033175 -0.039286  0.479263 0.676992 1 1 1.000000
0  -27.350677 -87.755623 19.169704  -0.999716 -0.012180 -0.020496  0.479263 0.677236 1 1 1.000000
headlight
0  -27.350677 -86.984871 18.365921  -0.997947 -0.041484 -0.048800  0.479263 0.676992 1 1 1.000000
0  -27.350677 -87.755623 19.169704  -0.999716 -0.012180 -0.020496  0.479263 0.677236 1 1 1.000000
0  -27.350677 -86.830719 18.376932  -0.998677 -0.033175 -0.039286  0.479263 0.676992 1 1 1.000000
headlight
0  -29.299580 -86.830719 18.376932  0.995677 -0.074554 -0.055401  0.478530 0.678701 1 1 1.000000
0  -29.299580 -87.436310 19.301834  0.998919 -0.026419 -0.038253  0.479263 0.678701 1 1 1.000000
0  -29.332611 -87.006889 18.398952  0.996342 -0.067693 -0.052154  0.478530 0.678701 1 1 1.000000
headlight
0  -29.310589 -87.832695 19.224758  0.998827 -0.022541 -0.042864  0.479263 0.678701 1 1 1.000000
0  -29.332611 -87.006889 18.398952  0.996342 -0.067693 -0.052154  0.478530 0.678701 1 1 1.000000
0  -29.299580 -87.436310 19.301834  0.998919 -0.026419 -0.038253  0.479263 0.678701 1 1 1.000000
headlight
0  -29.310589 -87.832695 19.224758  0.998827 -0.022541 -0.042864  0.479263 0.678701 1 1 1.000000
0  -29.299580 -87.436310 19.301834  0.998919 -0.026419 -0.038253  0.479263 0.678701 1 1 1.000000
0  -29.288568 -89.098930 20.116629  0.955629 0.015856 -0.294145  0.479263 0.678457 1 1 1.000000
headlight
0  -29.277557 -88.702545 20.182693  0.957173 -0.012197 -0.289261  0.479751 0.678457 1 1 1.000000
0  -29.288568 -89.098930 20.116629  0.955629 0.015856 -0.294145  0.479263 0.678457 1 1 1.000000
0  -29.299580 -87.436310 19.301834  0.998919 -0.026419 -0.038253  0.479263 0.678701 1 1 1.000000
headlight
0  -29.277557 -88.702545 20.182693  0.957173 -0.012197 -0.289261  0.479751 0.678457 1 1 1.000000
0  -29.255535 -89.286110 20.215725  0.560705 -0.025853 -0.827612  0.479263 0.678457 1 1 1.000000
0  -29.288568 -89.098930 20.116629  0.955629 0.015856 -0.294145  0.479263 0.678457 1 1 1.000000
headlight
0  -29.255535 -89.286110 20.215725  0.560705 -0.025853 -0.827612  0.479263 0.678457 1 1 1.000000
0  -29.277557 -88.702545 20.182693  0.957173 -0.012197 -0.289261  0.479751 0.678457 1 1 1.000000
0  -29.134418 -89.407234 20.281790  0.172032 -0.020984 -0.984868  0.479263 0.678457 1 1 1.000000
headlight
0  -29.178461 -88.790627 20.270779  0.399128 0.003411 -0.916889  0.479751 0.678457 1 1 1.000000
0  -29.134418 -89.407234 20.281790  0.172032 -0.020984 -0.984868  0.479263 0.678457 1 1 1.000000
0  -29.277557 -88.702545 20.182693  0.957173 -0.012197 -0.289261  0.479751 0.678457 1 1 1.000000
headlight
0  -29.178461 -88.790627 20.270779  0.399128 0.003411 -0.916889  0.479751 0.678457 1 1 1.000000
0  -27.482807 -88.790627 20.270779  -0.349594 -0.009964 -0.936848  0.479751 0.677969 1 1 1.000000
0  -29.134418 -89.407234 20.281790  0.172032 -0.020984 -0.984868  0.479263 0.678457 1 1 1.000000
headlight
0  -27.537861 -89.407234 20.281790  -0.146161 -0.005886 -0.989243  0.479751 0.677969 1 1 1.000000
0  -29.134418 -89.407234 20.281790  0.172032 -0.020984 -0.984868  0.479263 0.678457 1 1 1.000000
0  -27.482807 -88.790627 20.270779  -0.349594 -0.009964 -0.936848  0.479751 0.677969 1 1 1.000000
headlight
0  -27.482807 -88.790627 20.270779  -0.349594 -0.009964 -0.936848  0.479751 0.677969 1 1 1.000000
0  -27.405731 -89.308136 20.215725  -0.553854 0.027604 -0.832156  0.479751 0.677969 1 1 1.000000
0  -27.537861 -89.407234 20.281790  -0.146161 -0.005886 -0.989243  0.479751 0.677969 1 1 1.000000
headlight
0  -27.537861 -89.407234 20.281790  0.686278 -0.603494 0.405978  0.479751 0.677969 1 1 1.000000
0  -27.405731 -89.308136 20.215725  0.675931 -0.619177 0.399672  0.479751 0.677969 1 1 1.000000
0  -27.482807 -89.308136 20.347855  0.680452 -0.612459 0.402343  0.479751 0.677969 1 1 1.000000
headlight
0  -27.317646 -89.176003 20.270779  0.670311 -0.627460 0.396204  0.479263 0.677969 1 1 1.000000
0  -27.482807 -89.308136 20.347855  0.680452 -0.612459 0.402343  0.479751 0.677969 1 1 1.000000
0  -27.405731 -89.308136 20.215725  0.675931 -0.619177 0.399672  0.479751 0.677969 1 1 1.000000
headlight
0  -29.145428 -89.308136 20.347855  0.002901 -0.539964 0.841683  0.479263 0.678457 1 1 1.000000
0  -29.134418 -89.407234 20.281790  0.002886 -0.539143 0.842209  0.479263 0.678457 1 1 1.000000
0  -27.482807 -89.308136 20.347855  0.000970 -0.517112 0.855917  0.479751 0.677969 1 1 1.000000
headlight
0  -27.537861 -89.407234 20.281790  0.000987 -0.515386 0.856958  0.479751 0.677969 1 1 1.000000
0  -27.482807 -89.308136 20.347855  0.000970 -0.517112 0.855917  0.479751 0.677969 1 1 1.000000
0  -29.134418 -89.407234 20.281790  0.002886 -0.539143 0.842209  0.479263 0.678457 1 1 1.000000
headlight
0  -31.204437 -82.371368 17.055643  -0.341227 -0.939935 0.009278  0.087649 0.116428 1 1 1.000000
0  -35.311443 -82.129128 18.101664  -0.145485 -0.988077 -0.050390  0.085696 0.116184 1 1 1.000000
0  -35.300434 -82.052055 17.220804  -0.185315 -0.978890 -0.086210  0.085696 0.116428 1 1 1.000000
headlight
0  -35.300434 -82.052055 17.220804  -0.185315 -0.978890 -0.086210  0.085696 0.116428 1 1 1.000000
0  -35.311443 -82.129128 18.101664  -0.145485 -0.988077 -0.050390  0.085696 0.116184 1 1 1.000000
0  -37.315399 -81.424446 17.418997  -0.310163 -0.948906 -0.058108  0.084231 0.116428 1 1 1.000000
headlight
0  -37.238323 -81.501518 18.288845  -0.313495 -0.948403 -0.047459  0.084231 0.116184 1 1 1.000000
0  -37.315399 -81.424446 17.418997  -0.310163 -0.948906 -0.058108  0.084231 0.116428 1 1 1.000000
0  -35.311443 -82.129128 18.101664  -0.145485 -0.988077 -0.050390  0.085696 0.116184 1 1 1.000000
headlight
0  -22.682123 -88.559402 17.066652  -0.588381 -0.808577 0.003351  0.093265 0.116428 1 1 1.000000
0  -21.966425 -89.087921 20.171682  -0.589093 -0.808037 0.006741  0.093753 0.114719 1 1 1.000000
0  -31.204437 -82.371368 17.055643  -0.341736 -0.939751 0.009228  0.087649 0.116428 1 1 1.000000
headlight
0  -31.182415 -82.294289 20.898392  -0.316361 -0.948580 0.010571  0.087649 0.114719 1 1 1.000000
0  -31.204437 -82.371368 17.055643  -0.341227 -0.939935 0.009278  0.087649 0.116428 1 1 1.000000
0  -21.966425 -89.087921 20.171682  -0.589061 -0.808062 0.006564  0.093753 0.114719 1 1 1.000000
headlight
0  -31.204437 -82.371368 17.055643  -0.341227 -0.939935 0.009278  0.087649 0.116428 1 1 1.000000
0  -31.182415 -82.294289 20.898392  -0.316361 -0.948580 0.010571  0.087649 0.114719 1 1 1.000000
0  -35.311443 -82.129128 18.101664  -0.145485 -0.988077 -0.050390  0.085696 0.116184 1 1 1.000000
headlight
0  -35.289421 -82.162163 21.360844  -0.032690 -0.999379 -0.013161  0.085696 0.114719 1 1 1.000000
0  -35.311443 -82.129128 18.101664  -0.145485 -0.988077 -0.050390  0.085696 0.116184 1 1 1.000000
0  -31.182415 -82.294289 20.898392  -0.316361 -0.948580 0.010571  0.087649 0.114719 1 1 1.000000
headlight
0  -21.845304 -95.209892 18.960501  -0.949375 -0.260350 0.175797  0.057619 0.113010 1 1 1.000000
0  -22.065521 -94.395096 19.026566  -0.953936 -0.246101 0.171583  0.057619 0.113498 1 1 1.000000
0  -22.296747 -95.143829 16.604202  -0.959229 -0.228704 0.166053  0.058596 0.113010 1 1 1.000000
headlight
0  -22.417864 -94.031746 17.352932  -0.963553 -0.212876 0.162017  0.058596 0.113498 1 1 1.000000
0  -22.296747 -95.143829 16.604202  -0.959229 -0.228704 0.166053  0.058596 0.113010 1 1 1.000000
0  -22.065521 -94.395096 19.026566  -0.953936 -0.246101 0.171583  0.057619 0.113498 1 1 1.000000
headlight
0  -22.296747 -95.143829 16.604202  -0.994537 -0.051488 -0.090802  0.058596 0.111301 1 1 1.000000
0  -22.417864 -94.031746 17.352932  -0.995054 -0.051491 -0.084943  0.057375 0.111301 1 1 1.000000
0  -22.704144 -88.394241 17.220804  -0.998365 -0.050309 -0.027130  0.055910 0.111301 1 1 1.000000
headlight
0  -22.616058 -90.431229 17.947512  -0.998748 -0.049781 -0.004906  0.056154 0.111301 1 1 1.000000
0  -22.704144 -88.394241 17.220804  -0.998365 -0.050309 -0.027130  0.055910 0.111301 1 1 1.000000
0  -22.417864 -94.031746 17.352932  -0.995054 -0.051491 -0.084943  0.057375 0.111301 1 1 1.000000
headlight
0  -31.721943 -82.217216 17.308889  -0.834943 -0.121600 0.536734  0.084231 0.112033 1 1 1.000000
0  -31.028265 -88.328178 17.011599  -0.692931 -0.134980 0.708256  0.084231 0.105197 1 1 1.000000
0  -31.413641 -82.228226 17.793362  -0.857262 -0.128167 0.498673  0.083987 0.112033 1 1 1.000000
headlight
0  -30.752996 -88.603447 17.231813  -0.811458 -0.257202 0.524769  0.083987 0.104709 1 1 1.000000
0  -31.413641 -82.228226 17.793362  -0.857262 -0.128167 0.498673  0.083987 0.112033 1 1 1.000000
0  -31.028265 -88.328178 17.011599  -0.692931 -0.134980 0.708256  0.084231 0.105197 1 1 1.000000
headlight
0  -31.413641 -82.228226 17.793362  -0.857262 -0.128167 0.498673  0.083987 0.112033 1 1 1.000000
0  -30.752996 -88.603447 17.231813  -0.811458 -0.257202 0.524769  0.083987 0.104709 1 1 1.000000
0  -31.171406 -82.162163 18.288845  -0.880685 -0.133038 0.454637  0.083499 0.112033 1 1 1.000000
headlight
0  -30.576824 -88.493340 17.617189  -0.854667 -0.264913 0.446503  0.083499 0.105197 1 1 1.000000
0  -31.171406 -82.162163 18.288845  -0.880685 -0.133038 0.454637  0.083499 0.112033 1 1 1.000000
0  -30.752996 -88.603447 17.231813  -0.811458 -0.257202 0.524769  0.083987 0.104709 1 1 1.000000
headlight
0  -30.752996 -88.603447 17.231813  -0.811458 -0.257202 0.524769  0.083987 0.104709 1 1 1.000000
0  -30.422674 -89.131966 17.297878  -0.719767 -0.543684 0.431674  0.083499 0.104465 1 1 1.000000
0  -30.576824 -88.493340 17.617189  -0.854667 -0.264913 0.446503  0.083499 0.105197 1 1 1.000000
headlight
0  -30.301556 -89.076912 17.562136  -0.704299 -0.547666 0.451692  0.082522 0.104465 1 1 1.000000
0  -30.576824 -88.493340 17.617189  -0.854667 -0.264913 0.446503  0.083499 0.105197 1 1 1.000000
0  -30.422674 -89.131966 17.297878  -0.719767 -0.543684 0.431674  0.083499 0.104465 1 1 1.000000
headlight
0  -35.575703 -83.329300 17.286867  0.040275 -0.024221 0.998895  0.088870 0.111057 1 1 1.000000
0  -31.325556 -88.019875 16.989578  -0.100611 -0.058176 0.993224  0.084231 0.105930 1 1 1.000000
0  -35.994110 -81.765778 17.341921  0.031472 -0.030992 0.999024  0.089114 0.113010 1 1 1.000000
headlight
0  -32.316521 -82.151154 17.220804  -0.056208 -0.047881 0.997270  0.084964 0.112033 1 1 1.000000
0  -35.994110 -81.765778 17.341921  0.031388 -0.031144 0.999022  0.089114 0.113010 1 1 1.000000
0  -31.325556 -88.019875 16.989578  -0.101078 -0.058282 0.993170  0.084231 0.105930 1 1 1.000000
headlight
0  -32.316521 -82.151154 17.220804  -0.056208 -0.047881 0.997270  0.084964 0.112033 1 1 1.000000
0  -31.325556 -88.019875 16.989578  -0.101078 -0.058282 0.993170  0.084231 0.105930 1 1 1.000000
0  -31.721943 -82.217216 17.308889  -0.170356 -0.066672 0.983124  0.084231 0.112033 1 1 1.000000
headlight
0  -31.028265 -88.328178 17.011599  -0.128723 -0.063997 0.989613  0.084231 0.105197 1 1 1.000000
0  -31.721943 -82.217216 17.308889  -0.170356 -0.066672 0.983124  0.084231 0.112033 1 1 1.000000
0  -31.325556 -88.019875 16.989578  -0.101078 -0.058282 0.993170  0.084231 0.105930 1 1 1.000000
headlight
0  -35.729851 -82.767754 21.459940  -0.994744 0.054173 0.086887  0.718772 0.192602 1 1 1.000000
0  -35.718842 -82.646637 21.448929  -0.982663 0.066631 0.173012  0.720481 0.193823 1 1 1.000000
0  -35.421551 -84.540482 18.674221  -0.990897 0.035540 -0.129844  0.535417 0.175756 1 1 1.000000
headlight
0  -35.443573 -84.353302 18.762308  -0.990846 0.035992 -0.130111  0.543718 0.177221 1 1 1.000000
0  -35.421551 -84.540482 18.674221  -0.990897 0.035540 -0.129844  0.535417 0.175756 1 1 1.000000
0  -35.718842 -82.646637 21.448929  -0.982663 0.066631 0.173012  0.720481 0.193823 1 1 1.000000
headlight
0  -35.212349 -84.870804 18.520071  0.802520 -0.499727 0.325935  0.852077 0.013642 1 1 1.000000
0  -35.146282 -84.793732 18.476028  0.978934 -0.135609 0.152638  0.852077 0.013642 1 1 1.000000
0  -35.399529 -83.296272 21.426907  0.984573 -0.104489 0.140353  0.851344 0.014618 1 1 1.000000
headlight
0  -35.289421 -82.162163 21.360844  0.997279 -0.023120 0.070007  0.850612 0.014618 1 1 1.000000
0  -35.399529 -83.296272 21.426907  0.984573 -0.104489 0.140353  0.851344 0.014618 1 1 1.000000
0  -35.146282 -84.793732 18.476028  0.978934 -0.135609 0.152638  0.852077 0.013642 1 1 1.000000
headlight
0  -35.311443 -82.129128 18.101664  0.997749 0.067021 -0.002037  0.850368 0.013642 1 1 1.000000
0  -35.289421 -82.162163 21.360844  0.997279 -0.023120 0.070007  0.850612 0.014618 1 1 1.000000
0  -35.146282 -84.793732 18.476028  0.978934 -0.135609 0.152638  0.852077 0.013642 1 1 1.000000
headlight
0  -35.146282 -84.793732 18.476028  0.978934 -0.135609 0.152638  0.852077 0.013642 1 1 1.000000
0  -35.124260 -84.870804 18.310867  0.988980 0.080780 0.124072  0.852077 0.013642 1 1 1.000000
0  -35.311443 -82.129128 18.101664  0.997749 0.067021 -0.002037  0.850368 0.013642 1 1 1.000000
headlight
0  -35.102242 -84.793732 18.200760  0.978223 0.084690 0.189494  0.852077 0.013642 1 1 1.000000
0  -35.311443 -82.129128 18.101664  0.997749 0.067021 -0.002037  0.850368 0.013642 1 1 1.000000
0  -35.124260 -84.870804 18.310867  0.988980 0.080780 0.124072  0.852077 0.013642 1 1 1.000000
headlight
0  -35.399529 -84.639580 18.498049  -0.933477 -0.353180 0.062321  0.525163 0.174535 1 1 1.000000
0  -35.333466 -84.793732 18.531082  -0.923127 -0.370782 0.101773  0.522477 0.173559 1 1 1.000000
0  -35.421551 -84.540482 18.674221  -0.911435 -0.388154 0.136465  0.535417 0.175756 1 1 1.000000
headlight
0  -35.421551 -84.540482 18.674221  -0.911435 -0.388154 0.136465  0.535417 0.175756 1 1 1.000000
0  -35.333466 -84.793732 18.531082  -0.923127 -0.370782 0.101773  0.522477 0.173559 1 1 1.000000
0  -35.729851 -82.767754 21.459940  -0.927079 -0.354820 0.120942  0.718772 0.192602 1 1 1.000000
headlight
0  -35.641766 -83.009987 21.437918  -0.927995 -0.352884 0.119576  0.710959 0.190649 1 1 1.000000
0  -35.729851 -82.767754 21.459940  -0.927079 -0.354820 0.120942  0.718772 0.192602 1 1 1.000000
0  -35.333466 -84.793732 18.531082  -0.923127 -0.370782 0.101773  0.522477 0.173559 1 1 1.000000
headlight
0  -35.399529 -83.296272 21.426907  -0.715182 -0.632892 0.296585  0.705588 0.188452 1 1 1.000000
0  -35.641766 -83.009987 21.437918  -0.706366 -0.639949 0.302510  0.710959 0.190649 1 1 1.000000
0  -35.212349 -84.870804 18.520071  -0.470737 -0.774133 0.423231  0.519547 0.172338 1 1 1.000000
headlight
0  -35.333466 -84.793732 18.531082  -0.446252 -0.783368 0.432659  0.522477 0.173559 1 1 1.000000
0  -35.212349 -84.870804 18.520071  -0.470737 -0.774133 0.423231  0.519547 0.172338 1 1 1.000000
0  -35.641766 -83.009987 21.437918  -0.706366 -0.639949 0.302510  0.710959 0.190649 1 1 1.000000
headlight
0  -30.301556 -89.076912 17.562136  -0.003173 -0.107868 0.994160  0.082522 0.104465 1 1 1.000000
0  -29.740009 -89.517342 17.518093  -0.004756 -0.109537 0.993971  0.082278 0.103732 1 1 1.000000
0  -30.576824 -88.493340 17.617189  -0.007620 -0.109596 0.993947  0.083499 0.105197 1 1 1.000000
headlight
0  -29.740009 -89.517342 17.518093  -0.004756 -0.109537 0.993971  0.082278 0.103732 1 1 1.000000
0  -30.312567 -82.778763 18.255814  -0.047178 -0.107878 0.993044  0.082278 0.111057 1 1 1.000000
0  -30.576824 -88.493340 17.617189  -0.007620 -0.109596 0.993947  0.083499 0.105197 1 1 1.000000
headlight
0  -31.171406 -82.162163 18.288845  -0.049555 -0.107891 0.992927  0.083499 0.112033 1 1 1.000000
0  -30.576824 -88.493340 17.617189  -0.007620 -0.109596 0.993947  0.083499 0.105197 1 1 1.000000
0  -30.312567 -82.778763 18.255814  -0.047178 -0.107878 0.993044  0.082278 0.111057 1 1 1.000000
headlight
0  -35.399529 -83.296272 21.426907  -0.116310 -0.028237 -0.992811  0.837428 0.022431 1 1 1.000000
0  -35.289421 -82.162163 21.360844  -0.111206 -0.050112 -0.992533  0.837916 0.022431 1 1 1.000000
0  -31.182415 -82.294289 20.898392  -0.107531 -0.004567 -0.994191  0.839137 0.020722 1 1 1.000000
headlight
0  -31.182415 -82.294289 20.898392  -0.107531 -0.004567 -0.994191  0.839137 0.020722 1 1 1.000000
0  -30.279535 -88.526375 20.799295  -0.084422 0.020174 -0.996226  0.837184 0.018525 1 1 1.000000
0  -35.399529 -83.296272 21.426907  -0.116310 -0.028237 -0.992811  0.837428 0.022431 1 1 1.000000
headlight
0  -31.182415 -82.294289 20.898392  -0.107531 -0.004567 -0.994191  0.839137 0.020722 1 1 1.000000
0  -21.966425 -89.087921 20.171682  -0.073125 0.055537 -0.995775  0.839381 0.014618 1 1 1.000000
0  -30.279535 -88.526375 20.799295  -0.084422 0.020174 -0.996226  0.837184 0.018525 1 1 1.000000
headlight
0  -24.752142 -93.360085 20.017532  -0.071062 0.081598 -0.994129  0.837184 0.014374 1 1 1.000000
0  -30.279535 -88.526375 20.799295  -0.084422 0.020174 -0.996226  0.837184 0.018525 1 1 1.000000
0  -21.966425 -89.087921 20.171682  -0.073125 0.055537 -0.995775  0.839381 0.014618 1 1 1.000000
headlight
0  -27.482807 -89.308136 20.347855  0.169850 -0.079045 0.982295  0.479751 0.677969 1 1 1.000000
0  -27.317646 -89.176003 20.270779  0.585318 -0.106684 0.803755  0.479263 0.677969 1 1 1.000000
0  -27.317646 -87.061943 20.502005  0.297075 -0.084396 0.951117  0.478530 0.677969 1 1 1.000000
headlight
0  -27.042377 -86.962845 20.347855  0.832555 -0.121571 0.540438  0.478530 0.677236 1 1 1.000000
0  -27.317646 -87.061943 20.502005  0.297075 -0.084396 0.951117  0.478530 0.677969 1 1 1.000000
0  -27.317646 -89.176003 20.270779  0.585318 -0.106684 0.803755  0.479263 0.677969 1 1 1.000000
headlight
0  -27.042377 -86.962845 20.347855  0.832555 -0.121571 0.540438  0.478530 0.677236 1 1 1.000000
0  -27.317646 -89.176003 20.270779  0.585318 -0.106684 0.803755  0.479263 0.677969 1 1 1.000000
0  -26.910248 -86.676567 20.050564  0.976493 -0.141562 0.162547  0.478042 0.677236 1 1 1.000000
headlight
0  -27.251581 -88.944778 20.138651  0.971035 -0.142111 0.192080  0.479263 0.677969 1 1 1.000000
0  -26.910248 -86.676567 20.050564  0.976493 -0.141562 0.162547  0.478042 0.677236 1 1 1.000000
0  -27.317646 -89.176003 20.270779  0.585318 -0.106684 0.803755  0.479263 0.677969 1 1 1.000000
headlight
0  -27.251581 -88.129982 19.621145  0.954789 -0.155801 -0.253188  0.479263 0.677236 1 1 1.000000
0  -26.910248 -86.676567 20.050564  0.976493 -0.141562 0.162547  0.478042 0.677236 1 1 1.000000
0  -27.251581 -88.944778 20.138651  0.971035 -0.142111 0.192080  0.479263 0.677969 1 1 1.000000
headlight
0  -29.519794 -84.639580 18.321878  -0.997421 -0.053464 -0.047884  0.477798 0.679678 1 1 1.000000
0  -29.387665 -86.885773 18.398952  -0.997435 -0.053939 -0.047052  0.478530 0.678701 1 1 1.000000
0  -29.508783 -85.674591 19.389919  -0.997652 -0.051917 -0.044659  0.478042 0.678701 1 1 1.000000
headlight
0  -29.387665 -87.678543 19.246780  -0.996838 -0.053666 -0.058603  0.479263 0.678701 1 1 1.000000
0  -29.508783 -85.674591 19.389919  -0.997650 -0.051975 -0.044644  0.478042 0.678701 1 1 1.000000
0  -29.387665 -86.885773 18.398952  -0.997420 -0.054176 -0.047096  0.478530 0.678701 1 1 1.000000
headlight
0  -29.387665 -87.678543 19.246780  -0.996838 -0.053666 -0.058603  0.479263 0.678701 1 1 1.000000
0  -29.376654 -88.966805 20.171682  -0.920891 -0.038580 0.387907  0.479263 0.678457 1 1 1.000000
0  -29.508783 -85.674591 19.389919  -0.997650 -0.051975 -0.044644  0.478042 0.678701 1 1 1.000000
headlight
0  -29.464741 -86.797684 20.193705  -0.989710 -0.043155 0.136422  0.478530 0.678457 1 1 1.000000
0  -29.508783 -85.674591 19.389919  -0.997650 -0.051975 -0.044644  0.478042 0.678701 1 1 1.000000
0  -29.376654 -88.966805 20.171682  -0.920891 -0.038580 0.387907  0.479263 0.678457 1 1 1.000000
headlight
0  -29.464741 -86.797684 20.193705  -0.989710 -0.043155 0.136422  0.478530 0.678457 1 1 1.000000
0  -29.376654 -88.966805 20.171682  -0.920891 -0.038580 0.387907  0.479263 0.678457 1 1 1.000000
0  -29.343622 -86.984871 20.380886  -0.709760 -0.045889 0.702948  0.478530 0.678457 1 1 1.000000
headlight
0  -29.299580 -89.187019 20.281790  -0.535050 -0.047572 0.843480  0.479263 0.678457 1 1 1.000000
0  -29.343622 -86.984871 20.380886  -0.709760 -0.045889 0.702948  0.478530 0.678457 1 1 1.000000
0  -29.376654 -88.966805 20.171682  -0.920891 -0.038580 0.387907  0.479263 0.678457 1 1 1.000000
headlight
0  -29.299580 -89.187019 20.281790  -0.535050 -0.047572 0.843480  0.479263 0.678457 1 1 1.000000
0  -29.145428 -89.308136 20.347855  -0.167671 -0.061793 0.983904  0.479263 0.678457 1 1 1.000000
0  -29.343622 -86.984871 20.380886  -0.709760 -0.045889 0.702948  0.478530 0.678457 1 1 1.000000
headlight
0  -29.068354 -87.061943 20.513016  -0.217799 -0.059575 0.974174  0.478530 0.678457 1 1 1.000000
0  -29.343622 -86.984871 20.380886  -0.709760 -0.045889 0.702948  0.478530 0.678457 1 1 1.000000
0  -29.145428 -89.308136 20.347855  -0.167671 -0.061793 0.983904  0.479263 0.678457 1 1 1.000000
headlight
0  -29.068354 -87.061943 20.513016  -0.217799 -0.059575 0.974174  0.478530 0.678457 1 1 1.000000
0  -29.145428 -89.308136 20.347855  -0.167671 -0.061793 0.983904  0.479263 0.678457 1 1 1.000000
0  -27.317646 -87.061943 20.502005  0.297075 -0.084396 0.951117  0.478530 0.677969 1 1 1.000000
headlight
0  -27.482807 -89.308136 20.347855  0.169850 -0.079045 0.982295  0.479751 0.677969 1 1 1.000000
0  -27.317646 -87.061943 20.502005  0.297075 -0.084396 0.951117  0.478530 0.677969 1 1 1.000000
0  -29.145428 -89.308136 20.347855  -0.167671 -0.061793 0.983904  0.479263 0.678457 1 1 1.000000
headlight
0  -23.177607 -90.915703 19.654179  0.872894 -0.439584 -0.211711  0.478042 0.681631 1 1 1.000000
0  -23.144573 -90.761551 19.544071  0.830456 -0.475200 -0.290737  0.478042 0.681631 1 1 1.000000
0  -23.111542 -90.816605 19.709232  0.858703 -0.464745 -0.215964  0.478042 0.681631 1 1 1.000000
headlight
0  -23.034466 -90.618416 19.566092  0.793659 -0.462663 -0.395030  0.478042 0.681631 1 1 1.000000
0  -23.111542 -90.816605 19.709232  0.858703 -0.464745 -0.215964  0.478042 0.681631 1 1 1.000000
0  -23.144573 -90.761551 19.544071  0.830456 -0.475200 -0.290737  0.478042 0.681631 1 1 1.000000
headlight
0  -23.144573 -90.761551 19.544071  0.830456 -0.475200 -0.290737  0.478042 0.681631 1 1 1.000000
0  -23.111542 -89.781593 18.597147  0.744196 -0.507280 -0.434556  0.478042 0.681875 1 1 1.000000
0  -23.034466 -90.618416 19.566092  0.793659 -0.462663 -0.395030  0.478042 0.681631 1 1 1.000000
headlight
0  -23.023455 -89.649467 18.597147  0.769020 -0.521844 -0.369171  0.478042 0.681875 1 1 1.000000
0  -23.034466 -90.618416 19.566092  0.793659 -0.462663 -0.395030  0.478042 0.681631 1 1 1.000000
0  -23.111542 -89.781593 18.597147  0.744196 -0.507280 -0.434556  0.478042 0.681875 1 1 1.000000
headlight
0  -23.023455 -89.649467 18.597147  0.769020 -0.521844 -0.369171  0.478042 0.681875 1 1 1.000000
0  -23.111542 -89.781593 18.597147  0.744196 -0.507280 -0.434556  0.478042 0.681875 1 1 1.000000
0  -23.023455 -89.131966 17.738308  0.719419 -0.592345 -0.362718  0.478530 0.682119 1 1 1.000000
headlight
0  -23.111542 -89.253082 17.749319  0.709160 -0.600413 -0.369589  0.478530 0.682119 1 1 1.000000
0  -23.023455 -89.131966 17.738308  0.719107 -0.592608 -0.362907  0.478530 0.682119 1 1 1.000000
0  -23.111542 -89.781593 18.597147  0.744105 -0.507621 -0.434314  0.478042 0.681875 1 1 1.000000
headlight
0  -24.928314 -90.948738 19.665188  0.149411 -0.285247 -0.946737  0.478042 0.680898 1 1 1.000000
0  -24.972357 -90.673470 19.577103  0.463399 -0.117379 -0.878341  0.478042 0.680898 1 1 1.000000
0  -24.818207 -90.992775 19.709232  0.116683 -0.167024 -0.979024  0.478042 0.680898 1 1 1.000000
headlight
0  -24.851238 -90.750542 19.665188  0.409863 -0.063759 -0.909916  0.478042 0.680898 1 1 1.000000
0  -24.818207 -90.992775 19.709232  0.116683 -0.167024 -0.979024  0.478042 0.680898 1 1 1.000000
0  -24.972357 -90.673470 19.577103  0.463399 -0.117379 -0.878341  0.478042 0.680898 1 1 1.000000
headlight
0  -24.851238 -90.750542 19.665188  0.409863 -0.063759 -0.909916  0.478042 0.680898 1 1 1.000000
0  -23.243670 -90.684479 19.676199  -0.378189 -0.077113 -0.922511  0.478042 0.681631 1 1 1.000000
0  -24.818207 -90.992775 19.709232  0.116683 -0.167024 -0.979024  0.478042 0.680898 1 1 1.000000
headlight
0  -23.309734 -90.992775 19.720242  -0.133817 -0.081121 -0.987680  0.478042 0.681631 1 1 1.000000
0  -24.818207 -90.992775 19.709232  0.116683 -0.167024 -0.979024  0.478042 0.680898 1 1 1.000000
0  -23.243670 -90.684479 19.676199  -0.378189 -0.077113 -0.922511  0.478042 0.681631 1 1 1.000000
headlight
0  -23.243670 -90.684479 19.676199  -0.378189 -0.077113 -0.922511  0.478042 0.681631 1 1 1.000000
0  -23.177607 -90.915703 19.654179  -0.573433 0.001618 -0.819251  0.478042 0.681631 1 1 1.000000
0  -23.309734 -90.992775 19.720242  -0.133817 -0.081121 -0.987680  0.478042 0.681631 1 1 1.000000
headlight
0  -23.243670 -90.684479 19.676199  -0.378189 -0.077113 -0.922511  0.478042 0.681631 1 1 1.000000
0  -23.144573 -90.607399 19.588114  -0.970808 0.014345 -0.239429  0.478042 0.681631 1 1 1.000000
0  -23.177607 -90.915703 19.654179  -0.573433 0.001618 -0.819251  0.478042 0.681631 1 1 1.000000
headlight
0  -23.144573 -90.761551 19.544071  -0.983172 0.076358 -0.165955  0.478042 0.681631 1 1 1.000000
0  -23.177607 -90.915703 19.654179  -0.573433 0.001618 -0.819251  0.478042 0.681631 1 1 1.000000
0  -23.144573 -90.607399 19.588114  -0.970808 0.014345 -0.239429  0.478042 0.681631 1 1 1.000000
headlight
0  -23.144573 -90.761551 19.544071  -0.983172 0.076358 -0.165955  0.478042 0.681631 1 1 1.000000
0  -23.144573 -90.607399 19.588114  -0.970808 0.014345 -0.239429  0.478042 0.681631 1 1 1.000000
0  -23.111542 -89.781593 18.597147  -0.999938 0.010982 -0.002005  0.478042 0.681875 1 1 1.000000
headlight
0  -23.111542 -89.418243 18.674221  -0.999967 0.008107 0.000203  0.478042 0.681875 1 1 1.000000
0  -23.111542 -89.781593 18.597147  -0.999938 0.010982 -0.002005  0.478042 0.681875 1 1 1.000000
0  -23.144573 -90.607399 19.588114  -0.970808 0.014345 -0.239429  0.478042 0.681631 1 1 1.000000
headlight
0  -23.111542 -89.781593 18.597147  -0.999938 0.010982 -0.002005  0.478042 0.681875 1 1 1.000000
0  -23.111542 -89.418243 18.674221  -0.999967 0.008107 0.000203  0.478042 0.681875 1 1 1.000000
0  -23.111542 -89.253082 17.749319  -0.999992 -0.003905 0.000983  0.478530 0.682119 1 1 1.000000
headlight
0  -23.111542 -88.889725 17.760330  -0.999977 -0.006790 0.000489  0.478042 0.682119 1 1 1.000000
0  -23.111542 -89.253082 17.749319  -0.999992 -0.003905 0.000984  0.478530 0.682119 1 1 1.000000
0  -23.111542 -89.418243 18.674221  -0.999967 0.008147 0.000185  0.478042 0.681875 1 1 1.000000
headlight
0  -24.972357 -90.838631 19.731253  -0.528047 -0.050786 0.847695  0.478042 0.680898 1 1 1.000000
0  -24.829218 -90.904694 19.775295  -0.153766 -0.062680 0.986117  0.478042 0.680898 1 1 1.000000
0  -25.005388 -88.636482 19.830349  -0.681933 -0.051999 0.729564  0.479263 0.680898 1 1 1.000000
headlight
0  -24.972357 -90.838631 19.731253  -0.528047 -0.050786 0.847695  0.478042 0.680898 1 1 1.000000
0  -25.005388 -88.636482 19.830349  -0.681933 -0.051999 0.729564  0.479263 0.680898 1 1 1.000000
0  -25.049433 -90.673470 19.588114  -0.942241 -0.040193 0.332515  0.478042 0.680898 1 1 1.000000
headlight
0  -25.137518 -88.526375 19.632156  -0.988397 -0.047570 0.144254  0.479263 0.680898 1 1 1.000000
0  -25.049433 -90.673470 19.588114  -0.942241 -0.040193 0.332515  0.478042 0.680898 1 1 1.000000
0  -25.005388 -88.636482 19.830349  -0.681933 -0.051999 0.729564  0.479263 0.680898 1 1 1.000000
headlight
0  -25.137518 -88.526375 19.632156  -0.988397 -0.047570 0.144254  0.479263 0.680898 1 1 1.000000
0  -25.148529 -87.612480 18.762308  -0.998419 -0.046465 -0.031628  0.479263 0.680410 1 1 1.000000
0  -25.049433 -90.673470 19.588114  -0.942241 -0.040193 0.332515  0.478042 0.680898 1 1 1.000000
headlight
0  -25.049433 -89.693512 18.630178  -0.998181 -0.047304 -0.037387  0.478530 0.680410 1 1 1.000000
0  -25.049433 -90.673470 19.588114  -0.942241 -0.040193 0.332515  0.478042 0.680898 1 1 1.000000
0  -25.148529 -87.612480 18.762308  -0.998419 -0.046465 -0.031628  0.479263 0.680410 1 1 1.000000
headlight
0  -25.049433 -89.693512 18.630178  -0.998181 -0.047304 -0.037387  0.478530 0.680410 1 1 1.000000
0  -25.148529 -87.612480 18.762308  -0.998419 -0.046465 -0.031628  0.479263 0.680410 1 1 1.000000
0  -25.049433 -89.187019 17.771341  -0.998505 -0.047247 -0.027484  0.478530 0.680410 1 1 1.000000
headlight
0  -25.148529 -86.929817 17.705276  -0.998485 -0.046888 -0.028794  0.479751 0.680410 1 1 1.000000
0  -25.049433 -89.187019 17.771341  -0.998508 -0.046967 -0.027856  0.478530 0.680410 1 1 1.000000
0  -25.148529 -87.612480 18.762308  -0.998419 -0.046705 -0.031290  0.479263 0.680410 1 1 1.000000
headlight
0  -23.023455 -89.649467 18.597147  0.985013 -0.140052 -0.100670  0.478042 0.681875 1 1 1.000000
0  -23.023455 -89.131966 17.738308  0.984429 -0.151931 -0.088408  0.478530 0.682119 1 1 1.000000
0  -22.891327 -88.317169 17.705276  0.984449 -0.151827 -0.088369  0.479263 0.682119 1 1 1.000000
headlight
0  -22.891327 -88.317169 17.705276  0.984449 -0.151827 -0.088369  0.479263 0.682119 1 1 1.000000
0  -22.770208 -88.570412 19.621145  0.982080 -0.138194 0.128143  0.479263 0.681875 1 1 1.000000
0  -23.023455 -89.649467 18.597147  0.985013 -0.140052 -0.100670  0.478042 0.681875 1 1 1.000000
headlight
0  -23.034466 -90.618416 19.566092  0.969269 -0.134262 0.206135  0.478042 0.681631 1 1 1.000000
0  -23.023455 -89.649467 18.597147  0.985013 -0.140052 -0.100670  0.478042 0.681875 1 1 1.000000
0  -22.770208 -88.570412 19.621145  0.982080 -0.138194 0.128143  0.479263 0.681875 1 1 1.000000
headlight
0  -23.034466 -90.618416 19.566092  0.969269 -0.134262 0.206135  0.478042 0.681631 1 1 1.000000
0  -22.770208 -88.570412 19.621145  0.982080 -0.138194 0.128143  0.479263 0.681875 1 1 1.000000
0  -23.111542 -90.816605 19.709232  0.620087 -0.115479 0.775987  0.478042 0.681631 1 1 1.000000
headlight
0  -22.858294 -88.636482 19.808329  0.760888 -0.119381 0.637807  0.479263 0.681631 1 1 1.000000
0  -23.111542 -90.816605 19.709232  0.620087 -0.115479 0.775987  0.478042 0.681631 1 1 1.000000
0  -22.770208 -88.570412 19.621145  0.982080 -0.138194 0.128143  0.479263 0.681875 1 1 1.000000
headlight
0  -22.858294 -88.636482 19.808329  0.760888 -0.119381 0.637807  0.479263 0.681631 1 1 1.000000
0  -23.078508 -88.658501 19.929447  0.276095 -0.090096 0.956898  0.479263 0.681631 1 1 1.000000
0  -23.111542 -90.816605 19.709232  0.620087 -0.115479 0.775987  0.478042 0.681631 1 1 1.000000
headlight
0  -23.265692 -90.904694 19.775295  0.181159 -0.082771 0.979964  0.478042 0.681631 1 1 1.000000
0  -23.111542 -90.816605 19.709232  0.620087 -0.115479 0.775987  0.478042 0.681631 1 1 1.000000
0  -23.078508 -88.658501 19.929447  0.276095 -0.090096 0.956898  0.479263 0.681631 1 1 1.000000
headlight
0  -23.265692 -90.904694 19.775295  0.181159 -0.082771 0.979964  0.478042 0.681631 1 1 1.000000
0  -23.078508 -88.658501 19.929447  0.276095 -0.090096 0.956898  0.479263 0.681631 1 1 1.000000
0  -24.829218 -90.904694 19.775295  -0.153766 -0.062680 0.986117  0.478042 0.680898 1 1 1.000000
headlight
0  -24.741131 -88.658501 19.940456  -0.181894 -0.064190 0.981221  0.479263 0.680898 1 1 1.000000
0  -24.829218 -90.904694 19.775295  -0.153766 -0.062680 0.986117  0.478042 0.680898 1 1 1.000000
0  -23.078508 -88.658501 19.929447  0.276095 -0.090096 0.956898  0.479263 0.681631 1 1 1.000000
headlight
0  -24.741131 -88.658501 19.940456  -0.181894 -0.064190 0.981221  0.479263 0.680898 1 1 1.000000
0  -25.005388 -88.636482 19.830349  -0.681933 -0.051999 0.729564  0.479263 0.680898 1 1 1.000000
0  -24.829218 -90.904694 19.775295  -0.153766 -0.062680 0.986117  0.478042 0.680898 1 1 1.000000
headlight
0  -35.476604 -83.043022 21.625101  -0.416722 -0.421458 0.805429  0.056887 0.180883 1 1 1.000000
0  -30.147406 -88.416267 20.997488  -0.329080 -0.424794 0.843360  0.391858 0.179418 1 1 1.000000
0  -35.520649 -82.833817 21.724197  -0.544671 -0.398812 0.737755  0.050295 0.181860 1 1 1.000000
headlight
0  -35.476604 -83.043022 21.625101  -0.416722 -0.421458 0.805429  0.056887 0.180883 1 1 1.000000
0  -35.520649 -82.833817 21.724197  -0.544671 -0.398812 0.737755  0.050295 0.181860 1 1 1.000000
0  -35.608734 -82.965950 21.581059  -0.734801 -0.382086 0.560427  0.050783 0.180639 1 1 1.000000
headlight
0  -35.652779 -82.745735 21.647121  -0.755662 -0.367378 0.542225  0.042482 0.181616 1 1 1.000000
0  -35.608734 -82.965950 21.581059  -0.734801 -0.382086 0.560427  0.050783 0.180639 1 1 1.000000
0  -35.520649 -82.833817 21.724197  -0.544671 -0.398812 0.737755  0.050295 0.181860 1 1 1.000000
headlight
0  -35.652779 -82.745735 21.647121  -0.755662 -0.367378 0.542225  0.042482 0.181616 1 1 1.000000
0  -35.729851 -82.767754 21.459940  -0.841882 -0.356126 0.405474  0.039552 0.180151 1 1 1.000000
0  -35.608734 -82.965950 21.581059  -0.734801 -0.382086 0.560427  0.050783 0.180639 1 1 1.000000
headlight
0  -35.641766 -83.009987 21.437918  -0.843947 -0.364618 0.393456  0.051027 0.178930 1 1 1.000000
0  -35.608734 -82.965950 21.581059  -0.734801 -0.382086 0.560427  0.050783 0.180639 1 1 1.000000
0  -35.729851 -82.767754 21.459940  -0.841882 -0.356126 0.405474  0.039552 0.180151 1 1 1.000000
headlight
0  -25.038422 -88.229080 18.068630  0.709074 -0.573508 -0.410247  0.471450 0.680410 1 1 1.000000
0  -25.027411 -88.812653 18.916458  0.765725 -0.486320 -0.420901  0.471450 0.680410 1 1 1.000000
0  -25.115496 -88.339188 18.079641  0.714366 -0.568555 -0.407953  0.471450 0.680410 1 1 1.000000
headlight
0  -25.115496 -88.966805 18.927469  0.709759 -0.476587 -0.518756  0.471450 0.680410 1 1 1.000000
0  -25.115496 -88.339188 18.079641  0.714366 -0.568555 -0.407953  0.471450 0.680410 1 1 1.000000
0  -25.027411 -88.812653 18.916458  0.765725 -0.486320 -0.420901  0.471450 0.680410 1 1 1.000000
headlight
0  -25.115496 -88.966805 18.927469  0.709759 -0.476587 -0.518756  0.471450 0.680410 1 1 1.000000
0  -25.027411 -88.812653 18.916458  0.765725 -0.486320 -0.420901  0.471450 0.680410 1 1 1.000000
0  -25.082464 -90.089897 19.852371  0.854455 -0.418177 -0.308276  0.471938 0.680166 1 1 1.000000
headlight
0  -25.005388 -89.198029 19.279812  0.936869 -0.238752 -0.255487  0.471938 0.680410 1 1 1.000000
0  -25.082464 -90.089897 19.852371  0.854455 -0.418177 -0.308276  0.471938 0.680166 1 1 1.000000
0  -25.027411 -88.812653 18.916458  0.765725 -0.486320 -0.420901  0.471450 0.680410 1 1 1.000000
headlight
0  -25.005388 -89.935745 19.863382  0.813248 -0.388911 -0.432869  0.471938 0.680166 1 1 1.000000
0  -25.082464 -90.089897 19.852371  0.854621 -0.418208 -0.307773  0.471938 0.680166 1 1 1.000000
0  -25.005388 -89.198029 19.279812  0.936885 -0.238722 -0.255458  0.471938 0.680410 1 1 1.000000
headlight
0  -25.005388 -89.935745 19.863382  0.813248 -0.388911 -0.432869  0.471938 0.680166 1 1 1.000000
0  -25.071453 -90.144951 20.017532  0.871018 -0.427421 -0.242154  0.471938 0.680166 1 1 1.000000
0  -25.082464 -90.089897 19.852371  0.854621 -0.418208 -0.307773  0.471938 0.680166 1 1 1.000000
headlight
0  -25.148529 -90.277077 19.962479  0.873101 -0.423818 -0.240983  0.472671 0.680166 1 1 1.000000
0  -25.082464 -90.089897 19.852371  0.854621 -0.418208 -0.307773  0.471938 0.680166 1 1 1.000000
0  -25.071453 -90.144951 20.017532  0.871018 -0.427421 -0.242154  0.471938 0.680166 1 1 1.000000
headlight
0  -27.405731 -89.308136 20.215725  0.821720 -0.419901 -0.385304  0.479751 0.677969 1 1 1.000000
0  -27.372700 -89.098930 20.116629  0.785718 -0.428539 -0.446095  0.479751 0.677969 1 1 1.000000
0  -27.317646 -89.176003 20.270779  0.811333 -0.435255 -0.390246  0.479263 0.677969 1 1 1.000000
headlight
0  -27.251581 -88.944778 20.138651  0.735310 -0.398012 -0.548548  0.479263 0.677969 1 1 1.000000
0  -27.317646 -89.176003 20.270779  0.811333 -0.435255 -0.390246  0.479263 0.677969 1 1 1.000000
0  -27.372700 -89.098930 20.116629  0.785718 -0.428539 -0.446095  0.479751 0.677969 1 1 1.000000
headlight
0  -27.251581 -88.944778 20.138651  0.735310 -0.398012 -0.548548  0.479263 0.677969 1 1 1.000000
0  -27.372700 -89.098930 20.116629  0.785718 -0.428539 -0.446095  0.479751 0.677969 1 1 1.000000
0  -27.251581 -88.129982 19.621145  0.908078 -0.261023 -0.327508  0.479263 0.677236 1 1 1.000000
headlight
0  -27.251581 -88.129982 19.621145  0.908053 -0.260992 -0.327601  0.479263 0.677236 1 1 1.000000
0  -27.372700 -89.098930 20.116629  0.785994 -0.428337 -0.445803  0.479751 0.677969 1 1 1.000000
0  -27.251581 -87.667534 19.246780  0.785430 -0.412589 -0.461379  0.479263 0.677236 1 1 1.000000
headlight
0  -27.350677 -87.755623 19.169704  0.777555 -0.409175 -0.477476  0.479263 0.677236 1 1 1.000000
0  -27.251581 -87.667534 19.246780  0.785430 -0.412589 -0.461379  0.479263 0.677236 1 1 1.000000
0  -27.372700 -89.098930 20.116629  0.785994 -0.428337 -0.445803  0.479751 0.677969 1 1 1.000000
headlight
0  -27.350677 -87.755623 19.169704  0.777555 -0.409175 -0.477476  0.479263 0.677236 1 1 1.000000
0  -27.350677 -86.984871 18.365921  0.730786 -0.505325 -0.458911  0.479263 0.676992 1 1 1.000000
0  -27.251581 -87.667534 19.246780  0.785430 -0.412589 -0.461379  0.479263 0.677236 1 1 1.000000
headlight
0  -27.251581 -86.874763 18.365921  0.726995 -0.508759 -0.461132  0.479263 0.676992 1 1 1.000000
0  -27.251581 -87.667534 19.246780  0.785430 -0.412589 -0.461379  0.479263 0.677236 1 1 1.000000
0  -27.350677 -86.984871 18.365921  0.730786 -0.505325 -0.458911  0.479263 0.676992 1 1 1.000000
headlight
0  -35.641766 -83.009987 21.437918  -0.674916 -0.597900 0.432439  0.051027 0.178930 1 1 1.000000
0  -35.399529 -83.296272 21.426907  -0.587518 -0.617148 0.523402  0.067629 0.178930 1 1 1.000000
0  -35.608734 -82.965950 21.581059  -0.656276 -0.599113 0.458656  0.050783 0.180639 1 1 1.000000
headlight
0  -35.399529 -83.296272 21.426907  -0.587518 -0.617148 0.523402  0.067629 0.178930 1 1 1.000000
0  -35.476604 -83.043022 21.625101  -0.614099 -0.606256 0.505308  0.056887 0.180883 1 1 1.000000
0  -35.608734 -82.965950 21.581059  -0.656276 -0.599113 0.458656  0.050783 0.180639 1 1 1.000000
headlight
0  -35.476604 -83.043022 21.625101  -0.614099 -0.606256 0.505308  0.056887 0.180883 1 1 1.000000
0  -35.399529 -83.296272 21.426907  -0.587518 -0.617148 0.523402  0.067629 0.178930 1 1 1.000000
0  -30.147406 -88.416267 20.997488  -0.308850 -0.447000 0.839525  0.391858 0.179418 1 1 1.000000
headlight
0  -30.279535 -88.526375 20.799295  -0.509998 -0.621605 0.594567  0.391858 0.177221 1 1 1.000000
0  -30.147406 -88.416267 20.997488  -0.308850 -0.447000 0.839525  0.391858 0.179418 1 1 1.000000
0  -35.399529 -83.296272 21.426907  -0.587518 -0.617148 0.523402  0.067629 0.178930 1 1 1.000000
headlight
0  -30.147406 -88.416267 20.997488  -0.308850 -0.447000 0.839525  0.391858 0.179418 1 1 1.000000
0  -30.279535 -88.526375 20.799295  -0.509998 -0.621605 0.594567  0.391858 0.177221 1 1 1.000000
0  -24.664057 -93.260994 20.193705  -0.267618 -0.475342 0.838111  0.718772 0.180883 1 1 1.000000
headlight
0  -24.752142 -93.360085 20.017532  -0.461839 -0.665165 0.586737  0.719260 0.178930 1 1 1.000000
0  -24.664057 -93.260994 20.193705  -0.267618 -0.475342 0.838111  0.718772 0.180883 1 1 1.000000
0  -30.279535 -88.526375 20.799295  -0.509998 -0.621605 0.594567  0.391858 0.177221 1 1 1.000000
headlight
0  -24.664057 -93.260994 20.193705  -0.267618 -0.475342 0.838111  0.718772 0.180883 1 1 1.000000
0  -24.752142 -93.360085 20.017532  -0.461839 -0.665165 0.586737  0.719260 0.178930 1 1 1.000000
0  -21.735197 -95.529205 19.753275  -0.237116 -0.489989 0.838860  0.883084 0.182836 1 1 1.000000
headlight
0  -21.834293 -95.628304 19.566092  -0.434593 -0.697540 0.569708  0.883816 0.180883 1 1 1.000000
0  -21.735197 -95.529205 19.753275  -0.237116 -0.489989 0.838860  0.883084 0.182836 1 1 1.000000
0  -24.752142 -93.360085 20.017532  -0.461839 -0.665165 0.586737  0.719260 0.178930 1 1 1.000000
headlight
0  -21.735197 -95.529205 19.753275  -0.237116 -0.489989 0.838860  0.883084 0.182836 1 1 1.000000
0  -21.834293 -95.628304 19.566092  -0.434593 -0.697540 0.569708  0.883816 0.180883 1 1 1.000000
0  -20.116617 -96.696342 19.511038  -0.263177 -0.475824 0.839243  0.971221 0.184301 1 1 1.000000
headlight
0  -20.634123 -96.465118 19.378910  -0.460882 -0.736700 0.494834  0.949492 0.182348 1 1 1.000000
0  -20.116617 -96.696342 19.511038  -0.263177 -0.475824 0.839243  0.971221 0.184301 1 1 1.000000
0  -21.834293 -95.628304 19.566092  -0.434593 -0.697540 0.569708  0.883816 0.180883 1 1 1.000000
headlight
0  -20.116617 -96.696342 19.511038  -0.263177 -0.475824 0.839243  0.971221 0.184301 1 1 1.000000
0  -20.634123 -96.465118 19.378910  -0.460882 -0.736700 0.494834  0.949492 0.182348 1 1 1.000000
0  -20.358854 -96.707352 19.334866  -0.441189 -0.571015 0.692310  0.964385 0.182836 1 1 1.000000
headlight
0  -20.116617 -96.696342 19.511038  -0.263177 -0.475824 0.839243  0.971221 0.184301 1 1 1.000000
0  -20.171671 -96.487137 19.544071  0.052973 -0.132561 0.989758  0.963897 0.185522 1 1 1.000000
0  -21.735197 -95.529205 19.753275  -0.237116 -0.489989 0.838860  0.883084 0.182836 1 1 1.000000
headlight
0  -21.636101 -95.430107 19.786306  -0.002470 -0.208109 0.978103  0.882351 0.183813 1 1 1.000000
0  -21.735197 -95.529205 19.753275  -0.237116 -0.489989 0.838860  0.883084 0.182836 1 1 1.000000
0  -20.171671 -96.487137 19.544071  0.052752 -0.132949 0.989718  0.963897 0.185522 1 1 1.000000
headlight
0  -21.735197 -95.529205 19.753275  -0.237116 -0.489989 0.838860  0.883084 0.182836 1 1 1.000000
0  -21.636101 -95.430107 19.786306  -0.002470 -0.208109 0.978103  0.882351 0.183813 1 1 1.000000
0  -24.664057 -93.260994 20.193705  -0.267618 -0.475342 0.838111  0.718772 0.180883 1 1 1.000000
headlight
0  -24.564959 -93.172905 20.226736  -0.029503 -0.213112 0.976582  0.718772 0.181860 1 1 1.000000
0  -24.664057 -93.260994 20.193705  -0.267618 -0.475342 0.838111  0.718772 0.180883 1 1 1.000000
0  -21.636101 -95.430107 19.786306  -0.002470 -0.208109 0.978103  0.882351 0.183813 1 1 1.000000
headlight
0  -24.664057 -93.260994 20.193705  -0.267618 -0.475342 0.838111  0.718772 0.180883 1 1 1.000000
0  -24.564959 -93.172905 20.226736  -0.029503 -0.213112 0.976582  0.718772 0.181860 1 1 1.000000
0  -30.147406 -88.416267 20.997488  -0.308850 -0.447000 0.839525  0.391858 0.179418 1 1 1.000000
headlight
0  -30.048309 -88.317169 21.030521  -0.057592 -0.203902 0.977296  0.392346 0.180639 1 1 1.000000
0  -30.147406 -88.416267 20.997488  -0.308850 -0.447000 0.839525  0.391858 0.179418 1 1 1.000000
0  -24.564959 -93.172905 20.226736  -0.029503 -0.213112 0.976582  0.718772 0.181860 1 1 1.000000
headlight
0  -30.147406 -88.416267 20.997488  -0.308850 -0.447000 0.839525  0.391858 0.179418 1 1 1.000000
0  -30.048309 -88.317169 21.030521  -0.057592 -0.203902 0.977296  0.392346 0.180639 1 1 1.000000
0  -35.520649 -82.833817 21.724197  -0.099573 -0.040797 0.994194  0.050295 0.181860 1 1 1.000000
headlight
0  -35.498627 -82.690681 21.735209  -0.325674 -0.004206 0.945473  0.045900 0.182836 1 1 1.000000
0  -35.520649 -82.833817 21.724197  -0.099573 -0.040797 0.994194  0.050295 0.181860 1 1 1.000000
0  -30.048309 -88.317169 21.030521  -0.057592 -0.203902 0.977296  0.392346 0.180639 1 1 1.000000
headlight
0  -35.520649 -82.833817 21.724197  -0.099573 -0.040797 0.994194  0.050295 0.181860 1 1 1.000000
0  -35.498627 -82.690681 21.735209  -0.325674 -0.004206 0.945473  0.045900 0.182836 1 1 1.000000
0  -35.652779 -82.745735 21.647121  -0.721641 0.053501 0.690197  0.042482 0.181616 1 1 1.000000
headlight
0  -35.641766 -82.602592 21.647121  -0.772647 0.075075 0.630382  0.036134 0.181860 1 1 1.000000
0  -35.652779 -82.745735 21.647121  -0.721641 0.053501 0.690197  0.042482 0.181616 1 1 1.000000
0  -35.498627 -82.690681 21.735209  -0.325674 -0.004206 0.945473  0.045900 0.182836 1 1 1.000000
headlight
0  -35.652779 -82.745735 21.647121  -0.721641 0.053501 0.690197  0.042482 0.181616 1 1 1.000000
0  -35.641766 -82.602592 21.647121  -0.772647 0.075075 0.630382  0.036134 0.181860 1 1 1.000000
0  -35.729851 -82.767754 21.459940  -0.994744 0.054173 0.086887  0.039552 0.180151 1 1 1.000000
headlight
0  -35.718842 -82.646637 21.448929  -0.982663 0.066631 0.173012  0.033448 0.180639 1 1 1.000000
0  -35.729851 -82.767754 21.459940  -0.994744 0.054173 0.086887  0.039552 0.180151 1 1 1.000000
0  -35.641766 -82.602592 21.647121  -0.772647 0.075075 0.630382  0.036134 0.181860 1 1 1.000000
headlight
0  -27.185516 -93.260994 16.648245  -0.092332 -0.185177 0.978358  0.097171 0.108615 1 1 1.000000
0  -31.314545 -89.638458 16.967556  -0.160186 -0.247019 0.955679  0.096683 0.111301 1 1 1.000000
0  -27.306635 -93.569290 16.582180  -0.100074 -0.193570 0.975969  0.097171 0.108615 1 1 1.000000
headlight
0  -31.545771 -89.770584 16.890482  -0.163294 -0.246305 0.955337  0.097171 0.111301 1 1 1.000000
0  -27.306635 -93.569290 16.582180  -0.100074 -0.193570 0.975969  0.097171 0.108615 1 1 1.000000
0  -31.314545 -89.638458 16.967556  -0.160186 -0.247019 0.955679  0.096683 0.111301 1 1 1.000000
headlight
0  -31.314545 -89.638458 16.967556  -0.160186 -0.247019 0.955679  0.096683 0.111301 1 1 1.000000
0  -35.201336 -85.740654 17.264847  -0.210881 -0.270980 0.939201  0.096683 0.114719 1 1 1.000000
0  -31.545771 -89.770584 16.890482  -0.163294 -0.246305 0.955337  0.097171 0.111301 1 1 1.000000
headlight
0  -35.410542 -85.817726 17.198782  -0.215761 -0.270461 0.938242  0.096683 0.114719 1 1 1.000000
0  -31.545771 -89.770584 16.890482  -0.163294 -0.246305 0.955337  0.097171 0.111301 1 1 1.000000
0  -35.201336 -85.740654 17.264847  -0.210881 -0.270980 0.939201  0.096683 0.114719 1 1 1.000000
headlight
0  -35.201336 -85.740654 17.264847  -0.210881 -0.270980 0.939201  0.096683 0.114719 1 1 1.000000
0  -36.577679 -84.221169 17.374954  -0.294357 -0.307377 0.904916  0.095950 0.115207 1 1 1.000000
0  -35.410542 -85.817726 17.198782  -0.215761 -0.270461 0.938242  0.096683 0.114719 1 1 1.000000
headlight
0  -37.238323 -83.703667 17.341921  -0.213412 -0.171115 0.961860  0.095950 0.116184 1 1 1.000000
0  -35.410542 -85.817726 17.198782  -0.215761 -0.270461 0.938242  0.096683 0.114719 1 1 1.000000
0  -36.577679 -84.221169 17.374954  -0.294357 -0.307377 0.904916  0.095950 0.115207 1 1 1.000000
headlight
0  -36.577679 -84.221169 17.374954  -0.294357 -0.307377 0.904916  0.095950 0.115207 1 1 1.000000
0  -36.896992 -83.549515 17.430008  -0.204081 -0.154274 0.966721  0.095950 0.115207 1 1 1.000000
0  -37.238323 -83.703667 17.341921  -0.213412 -0.171115 0.961860  0.095950 0.116184 1 1 1.000000
headlight
0  -36.896992 -83.549515 17.430008  -0.204081 -0.154274 0.966721  0.095950 0.115207 1 1 1.000000
0  -37.139229 -81.391411 17.683254  -0.212181 -0.135682 0.967765  0.094974 0.116428 1 1 1.000000
0  -37.238323 -83.703667 17.341921  -0.213412 -0.171115 0.961860  0.095950 0.116184 1 1 1.000000
headlight
0  -20.171671 -96.487137 19.544071  -0.576990 -0.252136 0.776859  0.094974 0.104709 1 1 1.000000
0  -21.360832 -96.443092 18.696243  -0.605635 -0.399315 0.688298  0.095950 0.105197 1 1 1.000000
0  -19.323845 -97.345978 19.885403  -0.563544 -0.251471 0.786880  0.094974 0.103732 1 1 1.000000
headlight
0  -21.272745 -96.784431 18.542093  -0.605667 -0.412597 0.680391  0.095950 0.105197 1 1 1.000000
0  -19.323845 -97.345978 19.885403  -0.563575 -0.251893 0.786723  0.094974 0.103732 1 1 1.000000
0  -21.360832 -96.443092 18.696243  -0.605700 -0.399753 0.687986  0.095950 0.105197 1 1 1.000000
headlight
0  -21.272745 -96.784431 18.542093  -0.605667 -0.412597 0.680391  0.095950 0.105197 1 1 1.000000
0  -21.360832 -96.443092 18.696243  -0.605700 -0.399753 0.687986  0.095950 0.105197 1 1 1.000000
0  -23.882294 -95.892555 16.692287  -0.586875 -0.502465 0.634907  0.097171 0.106418 1 1 1.000000
headlight
0  -23.926336 -95.606277 16.890482  -0.590141 -0.512235 0.623978  0.096683 0.106418 1 1 1.000000
0  -23.882294 -95.892555 16.692287  -0.586875 -0.502465 0.634907  0.097171 0.106418 1 1 1.000000
0  -21.360832 -96.443092 18.696243  -0.605700 -0.399753 0.687986  0.095950 0.105197 1 1 1.000000
headlight
0  -23.926336 -95.606277 16.890482  -0.590141 -0.512235 0.623978  0.096683 0.106418 1 1 1.000000
0  -24.421820 -95.353035 16.615213  -0.500702 -0.496309 0.709207  0.097171 0.106418 1 1 1.000000
0  -23.882294 -95.892555 16.692287  -0.586875 -0.502465 0.634907  0.097171 0.106418 1 1 1.000000
headlight
0  -24.399797 -95.661331 16.439041  -0.504276 -0.476679 0.720058  0.097171 0.106418 1 1 1.000000
0  -23.882294 -95.892555 16.692287  -0.586875 -0.502465 0.634907  0.097171 0.106418 1 1 1.000000
0  -24.421820 -95.353035 16.615213  -0.500702 -0.496309 0.709207  0.097171 0.106418 1 1 1.000000
headlight
0  -24.421820 -95.353035 16.615213  -0.500702 -0.496309 0.709207  0.097171 0.106418 1 1 1.000000
0  -24.917303 -95.022713 16.538137  -0.291316 -0.427449 0.855817  0.097171 0.106906 1 1 1.000000
0  -24.399797 -95.661331 16.439041  -0.504276 -0.476679 0.720058  0.097171 0.106418 1 1 1.000000
headlight
0  -24.950335 -95.297981 16.406008  -0.303168 -0.418910 0.855923  0.097171 0.106906 1 1 1.000000
0  -24.399797 -95.661331 16.439041  -0.504276 -0.476679 0.720058  0.097171 0.106418 1 1 1.000000
0  -24.917303 -95.022713 16.538137  -0.291316 -0.427449 0.855817  0.097171 0.106906 1 1 1.000000
headlight
0  -24.950335 -95.297981 16.406008  -0.303168 -0.418910 0.855923  0.097171 0.106906 1 1 1.000000
0  -24.917303 -95.022713 16.538137  -0.291316 -0.427449 0.855817  0.097171 0.106906 1 1 1.000000
0  -27.306635 -93.569290 16.582180  -0.100074 -0.193570 0.975969  0.097171 0.108615 1 1 1.000000
headlight
0  -27.185516 -93.260994 16.648245  -0.092332 -0.185177 0.978358  0.097171 0.108615 1 1 1.000000
0  -27.306635 -93.569290 16.582180  -0.100074 -0.193570 0.975969  0.097171 0.108615 1 1 1.000000
0  -24.917303 -95.022713 16.538137  -0.291316 -0.427449 0.855817  0.097171 0.106906 1 1 1.000000
headlight
0  -37.513592 -81.314339 21.415897  -0.584967 -0.691813 0.423330  0.094974 0.106418 1 1 1.000000
0  -37.502583 -82.107109 20.127640  -0.389840 -0.801991 0.452587  0.093753 0.105930 1 1 1.000000
0  -37.370453 -81.435455 21.382864  -0.577877 -0.696983 0.424585  0.094241 0.106418 1 1 1.000000
headlight
0  -37.348431 -82.217216 20.039555  -0.388428 -0.806552 0.445643  0.093753 0.105930 1 1 1.000000
0  -37.370453 -81.435455 21.382864  -0.577877 -0.696983 0.424585  0.094241 0.106418 1 1 1.000000
0  -37.502583 -82.107109 20.127640  -0.389840 -0.801991 0.452587  0.093753 0.105930 1 1 1.000000
headlight
0  -37.502583 -82.107109 20.127640  -0.389840 -0.801991 0.452587  0.093753 0.105930 1 1 1.000000
0  -37.436516 -82.965950 18.608156  -0.444031 -0.792787 0.417523  0.093753 0.104709 1 1 1.000000
0  -37.348431 -82.217216 20.039555  -0.388428 -0.806552 0.445643  0.093753 0.105930 1 1 1.000000
headlight
0  -37.282368 -83.087067 18.520071  -0.467970 -0.793909 0.388217  0.093753 0.104709 1 1 1.000000
0  -37.348431 -82.217216 20.039555  -0.388428 -0.806552 0.445643  0.093753 0.105930 1 1 1.000000
0  -37.436516 -82.965950 18.608156  -0.444031 -0.792787 0.417523  0.093753 0.104709 1 1 1.000000
headlight
0  -37.436516 -82.965950 18.608156  -0.444031 -0.792787 0.417523  0.093753 0.104709 1 1 1.000000
0  -37.414497 -83.648613 17.154739  -0.548114 -0.735142 0.398920  0.093265 0.104465 1 1 1.000000
0  -37.282368 -83.087067 18.520071  -0.467970 -0.793909 0.388217  0.093753 0.104709 1 1 1.000000
headlight
0  -37.238323 -83.703667 17.341921  -0.581947 -0.716850 0.384010  0.093265 0.104465 1 1 1.000000
0  -37.282368 -83.087067 18.520071  -0.467970 -0.793909 0.388217  0.093753 0.104709 1 1 1.000000
0  -37.414497 -83.648613 17.154739  -0.548114 -0.735142 0.398920  0.093265 0.104465 1 1 1.000000
headlight
0  -37.414497 -83.648613 17.154739  -0.548114 -0.735142 0.398920  0.093265 0.104465 1 1 1.000000
0  -37.260345 -83.846809 17.066652  -0.641356 -0.652513 0.403596  0.093265 0.104465 1 1 1.000000
0  -37.238323 -83.703667 17.341921  -0.581947 -0.716850 0.384010  0.093265 0.104465 1 1 1.000000
headlight
0  -37.260345 -83.846809 17.066652  -0.641356 -0.652513 0.403596  0.093265 0.104465 1 1 1.000000
0  -35.487617 -85.828743 16.912502  -0.706966 -0.663585 0.244650  0.091800 0.104709 1 1 1.000000
0  -37.238323 -83.703667 17.341921  -0.581947 -0.716850 0.384010  0.093265 0.104465 1 1 1.000000
headlight
0  -35.410542 -85.817726 17.198782  -0.705864 -0.666564 0.239682  0.091800 0.104709 1 1 1.000000
0  -37.238323 -83.703667 17.341921  -0.581947 -0.716850 0.384010  0.093265 0.104465 1 1 1.000000
0  -35.487617 -85.828743 16.912502  -0.706966 -0.663585 0.244650  0.091800 0.104709 1 1 1.000000
headlight
0  -35.410542 -85.817726 17.198782  -0.705864 -0.666564 0.239682  0.091800 0.104709 1 1 1.000000
0  -35.487617 -85.828743 16.912502  -0.706966 -0.663585 0.244650  0.091800 0.104709 1 1 1.000000
0  -31.545771 -89.770584 16.890482  -0.667733 -0.720223 0.188178  0.089114 0.105930 1 1 1.000000
headlight
0  -31.622845 -89.781593 16.615213  -0.670519 -0.717409 0.189021  0.089114 0.105930 1 1 1.000000
0  -31.545771 -89.770584 16.890482  -0.667733 -0.720223 0.188178  0.089114 0.105930 1 1 1.000000
0  -35.487617 -85.828743 16.912502  -0.706966 -0.663585 0.244650  0.091800 0.104709 1 1 1.000000
headlight
0  -31.622845 -89.781593 16.615213  -0.670519 -0.717409 0.189021  0.089114 0.105930 1 1 1.000000
0  -27.339666 -93.569290 16.306911  -0.621328 -0.774215 0.120592  0.085940 0.106418 1 1 1.000000
0  -31.545771 -89.770584 16.890482  -0.667733 -0.720223 0.188178  0.089114 0.105930 1 1 1.000000
headlight
0  -27.306635 -93.569290 16.582180  -0.618871 -0.776371 0.119360  0.085940 0.106418 1 1 1.000000
0  -31.545771 -89.770584 16.890482  -0.667733 -0.720223 0.188178  0.089114 0.105930 1 1 1.000000
0  -27.339666 -93.569290 16.306911  -0.621328 -0.774215 0.120592  0.085940 0.106418 1 1 1.000000
headlight
0  -27.339666 -93.569290 16.306911  -0.621328 -0.774215 0.120592  0.085940 0.106418 1 1 1.000000
0  -24.895281 -95.364044 16.152761  -0.566192 -0.815414 0.120526  0.084964 0.106418 1 1 1.000000
0  -27.306635 -93.569290 16.582180  -0.618871 -0.776371 0.119360  0.085940 0.106418 1 1 1.000000
headlight
0  -24.950335 -95.297981 16.406008  -0.571289 -0.812001 0.119508  0.084964 0.106418 1 1 1.000000
0  -27.306635 -93.569290 16.582180  -0.618871 -0.776371 0.119360  0.085940 0.106418 1 1 1.000000
0  -24.895281 -95.364044 16.152761  -0.566192 -0.815414 0.120526  0.084964 0.106418 1 1 1.000000
headlight
0  -24.895281 -95.364044 16.152761  -0.566192 -0.815414 0.120526  0.084964 0.106418 1 1 1.000000
0  -24.278681 -95.760429 16.218826  -0.510001 -0.843240 0.169838  0.084231 0.106418 1 1 1.000000
0  -24.950335 -95.297981 16.406008  -0.571289 -0.812001 0.119508  0.084964 0.106418 1 1 1.000000
headlight
0  -24.399797 -95.661331 16.439041  -0.524207 -0.836319 0.160557  0.084964 0.106906 1 1 1.000000
0  -24.950335 -95.297981 16.406008  -0.571289 -0.812001 0.119508  0.084964 0.106418 1 1 1.000000
0  -24.278681 -95.760429 16.218826  -0.510001 -0.843240 0.169838  0.084231 0.106418 1 1 1.000000
headlight
0  -24.278681 -95.760429 16.218826  -0.510001 -0.843240 0.169838  0.084231 0.106418 1 1 1.000000
0  -23.717133 -96.002663 16.582180  -0.465577 -0.858173 0.216279  0.084231 0.106906 1 1 1.000000
0  -24.399797 -95.661331 16.439041  -0.524207 -0.836319 0.160557  0.084964 0.106906 1 1 1.000000
headlight
0  -23.882294 -95.892555 16.692287  -0.474259 -0.855894 0.206211  0.084231 0.106906 1 1 1.000000
0  -24.399797 -95.661331 16.439041  -0.524207 -0.836319 0.160557  0.084964 0.106906 1 1 1.000000
0  -23.717133 -96.002663 16.582180  -0.465577 -0.858173 0.216279  0.084231 0.106906 1 1 1.000000
headlight
0  -23.882294 -95.892555 16.692287  -0.474259 -0.855894 0.206211  0.084231 0.106906 1 1 1.000000
0  -23.717133 -96.002663 16.582180  -0.465577 -0.858173 0.216279  0.084231 0.106906 1 1 1.000000
0  -21.272745 -96.784431 18.542093  -0.383726 -0.913783 0.133249  0.083499 0.108615 1 1 1.000000
headlight
0  -21.118595 -96.861504 18.442995  -0.376904 -0.915962 0.137683  0.082522 0.108615 1 1 1.000000
0  -21.272745 -96.784431 18.542093  -0.383726 -0.913783 0.133249  0.083499 0.108615 1 1 1.000000
0  -23.717133 -96.002663 16.582180  -0.465577 -0.858173 0.216279  0.084231 0.106906 1 1 1.000000
headlight
0  -21.272745 -96.784431 18.542093  -0.383726 -0.913783 0.133249  0.083499 0.108615 1 1 1.000000
0  -21.118595 -96.861504 18.442995  -0.376904 -0.915962 0.137683  0.082522 0.108615 1 1 1.000000
0  -19.323845 -97.345978 19.885403  -0.374983 -0.875676 0.304268  0.082278 0.110080 1 1 1.000000
headlight
0  -18.971500 -97.489113 19.885403  -0.314641 -0.890320 0.329138  0.081790 0.110080 1 1 1.000000
0  -19.323845 -97.345978 19.885403  -0.374983 -0.875676 0.304268  0.082278 0.110080 1 1 1.000000
0  -21.118595 -96.861504 18.442995  -0.376904 -0.915962 0.137683  0.082522 0.108615 1 1 1.000000
headlight
0  -18.971500 -97.489113 19.885403  -0.314605 -0.890006 0.330021  0.081790 0.110080 1 1 1.000000
0  -18.960489 -97.367996 20.127640  -0.315678 -0.835169 0.450378  0.082278 0.110080 1 1 1.000000
0  -19.323845 -97.345978 19.885403  -0.375095 -0.875330 0.305126  0.082278 0.110080 1 1 1.000000
headlight
0  -18.960489 -97.367996 20.127640  -0.315678 -0.835169 0.450378  0.082278 0.110080 1 1 1.000000
0  -19.180704 -97.169807 20.336843  -0.416515 -0.772991 0.478539  0.082278 0.110080 1 1 1.000000
0  -19.323845 -97.345978 19.885403  -0.375095 -0.875330 0.305126  0.082278 0.110080 1 1 1.000000
headlight
0  -19.180704 -97.169807 20.336843  -0.416515 -0.772991 0.478539  0.082278 0.110080 1 1 1.000000
0  -21.481949 -95.452126 20.755253  -0.482902 -0.734098 0.477395  0.083987 0.109836 1 1 1.000000
0  -19.323845 -97.345978 19.885403  -0.375095 -0.875330 0.305126  0.082278 0.110080 1 1 1.000000
headlight
0  -21.636101 -95.584259 20.380886  -0.483208 -0.735106 0.475530  0.083987 0.109836 1 1 1.000000
0  -19.323845 -97.345978 19.885403  -0.375095 -0.875330 0.305126  0.082278 0.110080 1 1 1.000000
0  -21.481949 -95.452126 20.755253  -0.482902 -0.734098 0.477395  0.083987 0.109836 1 1 1.000000
headlight
0  -21.481949 -95.452126 20.755253  -0.482902 -0.734098 0.477395  0.083987 0.109836 1 1 1.000000
0  -24.344742 -93.150887 21.261745  -0.535207 -0.719018 0.443358  0.085696 0.109836 1 1 1.000000
0  -21.636101 -95.584259 20.380886  -0.483208 -0.735106 0.475530  0.083987 0.109836 1 1 1.000000
headlight
0  -24.509903 -93.249977 20.887381  -0.536875 -0.718987 0.441388  0.085696 0.109348 1 1 1.000000
0  -21.636101 -95.584259 20.380886  -0.483208 -0.735106 0.475530  0.083987 0.109836 1 1 1.000000
0  -24.344742 -93.150887 21.261745  -0.535207 -0.719018 0.443358  0.085696 0.109836 1 1 1.000000
headlight
0  -24.509903 -93.249977 20.887381  -0.536875 -0.718987 0.441388  0.085696 0.109348 1 1 1.000000
0  -24.344742 -93.150887 21.261745  -0.535207 -0.719018 0.443358  0.085696 0.109836 1 1 1.000000
0  -30.081341 -88.295143 21.790262  -0.570371 -0.662458 0.485619  0.089358 0.108127 1 1 1.000000
headlight
0  -29.905170 -88.174026 22.164627  -0.568933 -0.662165 0.487701  0.089358 0.108615 1 1 1.000000
0  -30.081341 -88.295143 21.790262  -0.570371 -0.662458 0.485619  0.089358 0.108127 1 1 1.000000
0  -24.344742 -93.150887 21.261745  -0.535207 -0.719018 0.443358  0.085696 0.109836 1 1 1.000000
headlight
0  -30.081341 -88.295143 21.790262  -0.570371 -0.662458 0.485619  0.089358 0.108127 1 1 1.000000
0  -29.905170 -88.174026 22.164627  -0.568933 -0.662165 0.487701  0.089358 0.108615 1 1 1.000000
0  -35.069206 -83.021004 22.516972  -0.563986 -0.594684 0.572949  0.093753 0.106906 1 1 1.000000
headlight
0  -34.848991 -82.844826 22.902348  -0.561273 -0.592946 0.577397  0.093753 0.107883 1 1 1.000000
0  -35.069206 -83.021004 22.516972  -0.563986 -0.594684 0.572949  0.093753 0.106906 1 1 1.000000
0  -29.905170 -88.174026 22.164627  -0.568933 -0.662165 0.487701  0.089358 0.108615 1 1 1.000000
headlight
0  -34.848991 -82.844826 22.902348  -0.561273 -0.592946 0.577397  0.093753 0.107883 1 1 1.000000
0  -36.280388 -81.424446 22.946390  -0.604654 -0.604567 0.518548  0.094241 0.106906 1 1 1.000000
0  -35.069206 -83.021004 22.516972  -0.563986 -0.594684 0.572949  0.093753 0.106906 1 1 1.000000
headlight
0  -36.346455 -81.589607 22.671122  -0.609088 -0.599926 0.518750  0.094241 0.106906 1 1 1.000000
0  -35.069206 -83.021004 22.516972  -0.563986 -0.594684 0.572949  0.093753 0.106906 1 1 1.000000
0  -36.280388 -81.424446 22.946390  -0.604654 -0.604567 0.518548  0.094241 0.106906 1 1 1.000000
headlight
0  -36.346455 -81.589607 22.671122  -0.609088 -0.599926 0.518750  0.094241 0.106906 1 1 1.000000
0  -36.280388 -81.424446 22.946390  -0.604654 -0.604567 0.518548  0.094241 0.106906 1 1 1.000000
0  -36.786884 -81.270294 22.538992  -0.623278 -0.620743 0.475607  0.094241 0.106906 1 1 1.000000
headlight
0  -36.830925 -81.061089 22.726175  -0.614620 -0.635174 0.467756  0.094974 0.106906 1 1 1.000000
0  -36.786884 -81.270294 22.538992  -0.623278 -0.620743 0.475607  0.094241 0.106906 1 1 1.000000
0  -36.280388 -81.424446 22.946390  -0.604654 -0.604567 0.518548  0.094241 0.106906 1 1 1.000000
headlight
0  -36.786884 -81.270294 22.538992  -0.623278 -0.620743 0.475607  0.094241 0.106906 1 1 1.000000
0  -36.830925 -81.061089 22.726175  -0.614620 -0.635174 0.467756  0.094974 0.106906 1 1 1.000000
0  -37.084175 -81.182205 22.230692  -0.611659 -0.660297 0.435752  0.094974 0.106418 1 1 1.000000
headlight
0  -37.238323 -80.973000 22.329788  -0.600058 -0.671407 0.434905  0.094974 0.106418 1 1 1.000000
0  -37.084175 -81.182205 22.230692  -0.611659 -0.660297 0.435752  0.094974 0.106418 1 1 1.000000
0  -36.830925 -81.061089 22.726175  -0.614620 -0.635174 0.467756  0.094974 0.106906 1 1 1.000000
headlight
0  -37.084175 -81.182205 22.230692  -0.611659 -0.660297 0.435752  0.094974 0.106418 1 1 1.000000
0  -37.238323 -80.973000 22.329788  -0.600058 -0.671407 0.434905  0.094974 0.106418 1 1 1.000000
0  -37.293377 -81.215240 21.845316  -0.580078 -0.691892 0.429878  0.094974 0.106418 1 1 1.000000
headlight
0  -37.436516 -81.105133 21.856327  -0.575696 -0.694890 0.430931  0.094974 0.106418 1 1 1.000000
0  -37.293377 -81.215240 21.845316  -0.580078 -0.691892 0.429878  0.094974 0.106418 1 1 1.000000
0  -37.238323 -80.973000 22.329788  -0.600058 -0.671407 0.434905  0.094974 0.106418 1 1 1.000000
headlight
0  -37.293377 -81.215240 21.845316  -0.580078 -0.691892 0.429878  0.094974 0.106418 1 1 1.000000
0  -37.436516 -81.105133 21.856327  -0.575696 -0.694890 0.430931  0.094974 0.106418 1 1 1.000000
0  -37.370453 -81.435455 21.382864  -0.577877 -0.696983 0.424585  0.094241 0.106418 1 1 1.000000
headlight
0  -37.513592 -81.314339 21.415897  -0.584967 -0.691813 0.423330  0.094974 0.106418 1 1 1.000000
0  -37.370453 -81.435455 21.382864  -0.577877 -0.696983 0.424585  0.094241 0.106418 1 1 1.000000
0  -37.436516 -81.105133 21.856327  -0.575696 -0.694890 0.430931  0.094974 0.106418 1 1 1.000000
headlight
0  -25.049433 -89.187019 17.771341  -0.784320 -0.537283 -0.310112  0.478530 0.680410 1 1 1.000000
0  -24.972357 -89.308136 17.782351  -0.789578 -0.530974 -0.307625  0.478530 0.680410 1 1 1.000000
0  -25.049433 -89.693512 18.630178  -0.833978 -0.445661 -0.325372  0.478530 0.680410 1 1 1.000000
headlight
0  -24.972357 -89.825638 18.630178  -0.818705 -0.429713 -0.380880  0.478042 0.680410 1 1 1.000000
0  -25.049433 -89.693512 18.630178  -0.834053 -0.445458 -0.325457  0.478530 0.680410 1 1 1.000000
0  -24.972357 -89.308136 17.782351  -0.789583 -0.530984 -0.307595  0.478530 0.680410 1 1 1.000000
headlight
0  -25.049433 -89.693512 18.630178  -0.834053 -0.445458 -0.325457  0.478530 0.680410 1 1 1.000000
0  -24.972357 -89.825638 18.630178  -0.818705 -0.429713 -0.380880  0.478042 0.680410 1 1 1.000000
0  -25.049433 -90.673470 19.588114  -0.859994 -0.393307 -0.325145  0.478042 0.680898 1 1 1.000000
headlight
0  -24.972357 -90.827614 19.566092  -0.865716 -0.416952 -0.276924  0.478042 0.680898 1 1 1.000000
0  -25.049433 -90.673470 19.588114  -0.859994 -0.393307 -0.325145  0.478042 0.680898 1 1 1.000000
0  -24.972357 -89.825638 18.630178  -0.818705 -0.429713 -0.380880  0.478042 0.680410 1 1 1.000000
headlight
0  -24.972357 -90.827614 19.566092  -0.865716 -0.416952 -0.276924  0.478042 0.680898 1 1 1.000000
0  -24.928314 -90.948738 19.665188  -0.915218 -0.398091 -0.062440  0.478042 0.680898 1 1 1.000000
0  -25.049433 -90.673470 19.588114  -0.859994 -0.393307 -0.325145  0.478042 0.680898 1 1 1.000000
headlight
0  -24.972357 -90.838631 19.731253  -0.926695 -0.374360 0.033038  0.478042 0.680898 1 1 1.000000
0  -25.049433 -90.673470 19.588114  -0.859994 -0.393307 -0.325145  0.478042 0.680898 1 1 1.000000
0  -24.928314 -90.948738 19.665188  -0.915218 -0.398091 -0.062440  0.478042 0.680898 1 1 1.000000
headlight
0  -30.477728 -86.456352 20.722219  -0.993647 -0.026605 -0.109351  0.842555 0.011200 1 1 1.000000
0  -30.213470 -86.445343 18.178738  -0.992124 -0.017794 -0.123988  0.842067 0.010224 1 1 1.000000
0  -30.125385 -88.482330 18.068630  -0.993427 -0.033685 -0.109401  0.840846 0.010224 1 1 1.000000
headlight
0  -30.213470 -86.445343 18.178738  -0.992124 -0.017794 -0.123988  0.842067 0.010224 1 1 1.000000
0  -30.477728 -86.456352 20.722219  -0.993647 -0.026605 -0.109351  0.842555 0.011200 1 1 1.000000
0  -30.587835 -82.657646 20.799295  -0.992167 -0.026618 -0.122051  0.844020 0.011200 1 1 1.000000
headlight
0  -30.213470 -86.445343 18.178738  -0.992124 -0.017794 -0.123988  0.842067 0.010224 1 1 1.000000
0  -30.587835 -82.657646 20.799295  -0.992167 -0.026618 -0.122051  0.844020 0.011200 1 1 1.000000
0  -30.059320 -85.113045 17.297878  -0.989991 -0.013548 -0.140481  0.842555 0.009491 1 1 1.000000
headlight
0  -30.191448 -82.932915 17.452028  -0.992178 -0.053324 -0.112869  0.844020 0.009491 1 1 1.000000
0  -30.059320 -85.113045 17.297878  -0.989973 -0.013669 -0.140594  0.842555 0.009491 1 1 1.000000
0  -30.587835 -82.657646 20.799295  -0.992166 -0.026582 -0.122069  0.844020 0.011200 1 1 1.000000
headlight
0  -30.114374 -86.445343 18.178738  0.991416 0.013406 0.130057  0.839137 0.012177 1 1 1.000000
0  -30.411663 -86.456352 20.744242  0.993006 0.020939 0.116192  0.839137 0.010712 1 1 1.000000
0  -30.037298 -88.482330 18.079641  0.992687 0.033069 0.116097  0.837916 0.012177 1 1 1.000000
headlight
0  -30.411663 -86.456352 20.744242  0.992986 0.021447 0.116267  0.839137 0.010712 1 1 1.000000
0  -30.114374 -86.445343 18.178738  0.991420 0.013403 0.130029  0.839137 0.012177 1 1 1.000000
0  -30.477728 -82.657646 20.810307  0.991585 0.019454 0.127985  0.840846 0.010712 1 1 1.000000
headlight
0  -30.114374 -86.445343 18.178738  0.991420 0.013403 0.130029  0.839137 0.012177 1 1 1.000000
0  -29.938202 -85.102028 17.297878  0.989499 0.008083 0.144312  0.839381 0.012421 1 1 1.000000
0  -30.477728 -82.657646 20.810307  0.991585 0.019454 0.127985  0.840846 0.010712 1 1 1.000000
headlight
0  -30.070332 -82.932915 17.463039  0.992087 0.049699 0.115295  0.840846 0.012421 1 1 1.000000
0  -30.477728 -82.657646 20.810307  0.991585 0.019454 0.127985  0.840846 0.010712 1 1 1.000000
0  -29.938202 -85.102028 17.297878  0.989499 0.008083 0.144312  0.839381 0.012421 1 1 1.000000
headlight
0  -33.274456 -82.074074 20.909403  0.061326 -0.059953 0.996316  0.056887 0.110080 1 1 1.000000
0  -33.098286 -84.056007 20.788284  0.060750 -0.051447 0.996826  0.056887 0.110813 1 1 1.000000
0  -31.600824 -82.206207 20.667166  0.262185 -0.041467 0.964126  0.057375 0.110080 1 1 1.000000
headlight
0  -31.710932 -83.989944 20.645145  0.283732 -0.039971 0.958070  0.057375 0.110813 1 1 1.000000
0  -31.600824 -82.206207 20.667166  0.262185 -0.041467 0.964126  0.057375 0.110080 1 1 1.000000
0  -33.098286 -84.056007 20.788284  0.060750 -0.051447 0.996826  0.056887 0.110813 1 1 1.000000
headlight
0  -31.600824 -82.206207 20.667166  0.262185 -0.041467 0.964126  0.057375 0.110080 1 1 1.000000
0  -31.710932 -83.989944 20.645145  0.283732 -0.039971 0.958070  0.057375 0.110813 1 1 1.000000
0  -31.314545 -82.228226 20.535038  0.599592 -0.070196 0.797222  0.057375 0.110080 1 1 1.000000
headlight
0  -31.501728 -84.022980 20.524027  0.662721 -0.078893 0.744699  0.057375 0.110813 1 1 1.000000
0  -31.314545 -82.228226 20.535038  0.599592 -0.070196 0.797222  0.057375 0.110080 1 1 1.000000
0  -31.710932 -83.989944 20.645145  0.283732 -0.039971 0.958070  0.057375 0.110813 1 1 1.000000
headlight
0  -31.501728 -84.022980 20.524027  0.662721 -0.078893 0.744699  0.057375 0.110813 1 1 1.000000
0  -31.369598 -84.144096 20.314823  0.941128 -0.101293 0.322516  0.057375 0.110813 1 1 1.000000
0  -31.314545 -82.228226 20.535038  0.599592 -0.070196 0.797222  0.057375 0.110080 1 1 1.000000
headlight
0  -31.105341 -82.283279 20.281790  0.921653 -0.118379 0.369515  0.057375 0.110080 1 1 1.000000
0  -31.314545 -82.228226 20.535038  0.599592 -0.070196 0.797222  0.057375 0.110080 1 1 1.000000
0  -31.369598 -84.144096 20.314823  0.941128 -0.101293 0.322516  0.057375 0.110813 1 1 1.000000
headlight
0  -31.105341 -82.283279 20.281790  0.921653 -0.118379 0.369515  0.057375 0.110080 1 1 1.000000
0  -31.369598 -84.144096 20.314823  0.941128 -0.101293 0.322516  0.057375 0.110813 1 1 1.000000
0  -31.017254 -82.272270 19.169704  0.992971 -0.117696 -0.012459  0.057619 0.110080 1 1 1.000000
headlight
0  -31.237469 -84.639580 19.202738  0.995480 -0.094491 -0.009501  0.057619 0.110813 1 1 1.000000
0  -31.017254 -82.272270 19.169704  0.992971 -0.117696 -0.012459  0.057619 0.110080 1 1 1.000000
0  -31.369598 -84.144096 20.314823  0.941128 -0.101293 0.322516  0.057375 0.110813 1 1 1.000000
headlight
0  -31.237469 -84.639580 19.202738  0.995480 -0.094491 -0.009501  0.057619 0.110813 1 1 1.000000
0  -31.314545 -84.276222 18.619167  0.980044 -0.100226 -0.171665  0.058596 0.110080 1 1 1.000000
0  -31.017254 -82.272270 19.169704  0.992971 -0.117696 -0.012459  0.057619 0.110080 1 1 1.000000
headlight
0  -31.094330 -82.239235 18.442995  0.987096 -0.118687 -0.107492  0.057619 0.109836 1 1 1.000000
0  -31.017254 -82.272270 19.169704  0.992971 -0.117696 -0.012459  0.057619 0.110080 1 1 1.000000
0  -31.314545 -84.276222 18.619167  0.980044 -0.100226 -0.171665  0.058596 0.110080 1 1 1.000000
headlight
0  -35.333466 -82.129128 18.442995  -0.963928 -0.248733 -0.094738  0.055666 0.111057 1 1 1.000000
0  -34.749897 -84.551491 18.630178  -0.964224 -0.250693 -0.086171  0.056154 0.111057 1 1 1.000000
0  -35.410542 -82.129128 19.191727  -0.967660 -0.250865 -0.026475  0.055910 0.110813 1 1 1.000000
headlight
0  -34.683830 -84.947884 19.191727  -0.967545 -0.252000 -0.018791  0.056154 0.111057 1 1 1.000000
0  -35.410542 -82.129128 19.191727  -0.967660 -0.250865 -0.026475  0.055910 0.110813 1 1 1.000000
0  -34.749897 -84.551491 18.630178  -0.964224 -0.250693 -0.086171  0.056154 0.111057 1 1 1.000000
headlight
0  -34.683830 -84.947884 19.191727  -0.967545 -0.252000 -0.018791  0.056154 0.111057 1 1 1.000000
0  -34.793938 -84.331276 20.369877  -0.953341 -0.254642 0.162168  0.056154 0.111057 1 1 1.000000
0  -35.410542 -82.129128 19.191727  -0.967660 -0.250865 -0.026475  0.055910 0.110813 1 1 1.000000
headlight
0  -35.366497 -82.129128 20.502005  -0.942407 -0.255914 0.215354  0.055910 0.110813 1 1 1.000000
0  -35.410542 -82.129128 19.191727  -0.967660 -0.250865 -0.026475  0.055910 0.110813 1 1 1.000000
0  -34.793938 -84.331276 20.369877  -0.953341 -0.254642 0.162168  0.056154 0.111057 1 1 1.000000
headlight
0  -34.793938 -84.331276 20.369877  -0.953341 -0.254642 0.162168  0.056154 0.111057 1 1 1.000000
0  -34.716866 -84.155106 20.656155  -0.753385 -0.228805 0.616489  0.056154 0.110813 1 1 1.000000
0  -35.366497 -82.129128 20.502005  -0.942407 -0.255914 0.215354  0.055910 0.110813 1 1 1.000000
headlight
0  -35.245380 -82.129128 20.755253  -0.752691 -0.234894 0.615045  0.055910 0.110813 1 1 1.000000
0  -35.366497 -82.129128 20.502005  -0.942407 -0.255914 0.215354  0.055910 0.110813 1 1 1.000000
0  -34.716866 -84.155106 20.656155  -0.753385 -0.228805 0.616489  0.056154 0.110813 1 1 1.000000
headlight
0  -34.716866 -84.155106 20.656155  -0.753385 -0.228805 0.616489  0.056154 0.110813 1 1 1.000000
0  -34.529682 -84.078033 20.766262  -0.248383 -0.122315 0.960908  0.056154 0.110813 1 1 1.000000
0  -35.245380 -82.129128 20.755253  -0.752691 -0.234894 0.615045  0.055910 0.110813 1 1 1.000000
headlight
0  -35.069206 -82.118118 20.898392  -0.323421 -0.145479 0.935005  0.055910 0.110813 1 1 1.000000
0  -35.245380 -82.129128 20.755253  -0.752691 -0.234894 0.615045  0.055910 0.110813 1 1 1.000000
0  -34.529682 -84.078033 20.766262  -0.248383 -0.122315 0.960908  0.056154 0.110813 1 1 1.000000
headlight
0  -34.529682 -84.078033 20.766262  -0.248383 -0.122315 0.960908  0.056154 0.110813 1 1 1.000000
0  -33.098286 -84.056007 20.788284  0.060750 -0.051447 0.996826  0.056887 0.110813 1 1 1.000000
0  -35.069206 -82.118118 20.898392  -0.323421 -0.145479 0.935005  0.055910 0.110813 1 1 1.000000
headlight
0  -33.274456 -82.074074 20.909403  0.061326 -0.059953 0.996316  0.056887 0.110080 1 1 1.000000
0  -35.069206 -82.118118 20.898392  -0.323421 -0.145479 0.935005  0.055910 0.110813 1 1 1.000000
0  -33.098286 -84.056007 20.788284  0.060750 -0.051447 0.996826  0.056887 0.110813 1 1 1.000000
headlight
0  -31.171406 -82.140144 18.288845  0.824308 -0.148908 -0.546208  0.059328 0.114719 1 1 1.000000
0  -31.094330 -82.239235 18.442995  0.821979 -0.148182 -0.549903  0.059328 0.114719 1 1 1.000000
0  -31.523748 -84.254204 18.332888  0.758032 -0.295036 -0.581671  0.059084 0.114231 1 1 1.000000
headlight
0  -31.314545 -84.276222 18.619167  0.687250 -0.477935 -0.547052  0.059084 0.114231 1 1 1.000000
0  -31.523748 -84.254204 18.332888  0.757852 -0.295450 -0.581696  0.059084 0.114231 1 1 1.000000
0  -31.094330 -82.239235 18.442995  0.821906 -0.148200 -0.550007  0.059328 0.114719 1 1 1.000000
headlight
0  -31.523748 -84.254204 18.332888  0.757852 -0.295450 -0.581696  0.059084 0.114231 1 1 1.000000
0  -31.314545 -84.276222 18.619167  0.687250 -0.477935 -0.547052  0.059084 0.114231 1 1 1.000000
0  -31.380610 -84.793732 19.202738  0.529524 -0.843953 -0.085719  0.059328 0.114231 1 1 1.000000
headlight
0  -31.237469 -84.639580 19.202738  0.645919 -0.615204 -0.452010  0.059328 0.114231 1 1 1.000000
0  -31.380610 -84.793732 19.202738  0.529524 -0.843953 -0.085719  0.059328 0.114231 1 1 1.000000
0  -31.314545 -84.276222 18.619167  0.687250 -0.477935 -0.547052  0.059084 0.114231 1 1 1.000000
headlight
0  -31.171406 -82.140144 18.288845  0.895563 -0.156975 -0.416325  0.059328 0.114719 1 1 1.000000
0  -31.523748 -84.254204 18.332888  0.745041 -0.188001 -0.639976  0.059084 0.114231 1 1 1.000000
0  -31.336567 -82.140144 17.925491  0.555661 -0.147219 -0.818271  0.059084 0.114719 1 1 1.000000
headlight
0  -31.655878 -84.177132 18.167727  0.548503 -0.183592 -0.815744  0.059084 0.114231 1 1 1.000000
0  -31.336567 -82.140144 17.925491  0.555661 -0.147219 -0.818271  0.059084 0.114719 1 1 1.000000
0  -31.523748 -84.254204 18.332888  0.745041 -0.188001 -0.639976  0.059084 0.114231 1 1 1.000000
headlight
0  -31.336567 -82.140144 17.925491  0.555661 -0.147219 -0.818271  0.059084 0.114719 1 1 1.000000
0  -31.655878 -84.177132 18.167727  0.548503 -0.183592 -0.815744  0.059084 0.114231 1 1 1.000000
0  -31.865082 -84.221169 18.101664  0.170191 -0.126692 -0.977233  0.059084 0.114231 1 1 1.000000
headlight
0  -31.865082 -84.221169 18.101664  0.170191 -0.126692 -0.977233  0.059084 0.114231 1 1 1.000000
0  -32.944134 -84.463409 18.068630  0.011595 -0.093734 -0.995530  0.058596 0.114231 1 1 1.000000
0  -31.336567 -82.140144 17.925491  0.555661 -0.147219 -0.818271  0.059084 0.114719 1 1 1.000000
headlight
0  -33.285469 -82.052055 17.848415  -0.000216 -0.089562 -0.995981  0.058596 0.114719 1 1 1.000000
0  -31.336567 -82.140144 17.925491  0.555661 -0.147219 -0.818271  0.059084 0.114719 1 1 1.000000
0  -32.944134 -84.463409 18.068630  0.011595 -0.093734 -0.995530  0.058596 0.114231 1 1 1.000000
headlight
0  -32.944134 -84.463409 18.068630  0.011595 -0.093734 -0.995530  0.058596 0.114231 1 1 1.000000
0  -34.353508 -84.397346 18.090652  -0.207281 -0.137178 -0.968616  0.057619 0.114231 1 1 1.000000
0  -33.285469 -82.052055 17.848415  -0.000216 -0.089562 -0.995981  0.058596 0.114719 1 1 1.000000
headlight
0  -34.937080 -82.085091 17.903469  -0.267096 -0.149690 -0.951973  0.057619 0.114719 1 1 1.000000
0  -33.285469 -82.052055 17.848415  -0.000216 -0.089562 -0.995981  0.058596 0.114719 1 1 1.000000
0  -34.353508 -84.397346 18.090652  -0.207281 -0.137178 -0.968616  0.057619 0.114231 1 1 1.000000
headlight
0  -34.353508 -84.397346 18.090652  -0.207281 -0.137178 -0.968616  0.057619 0.114231 1 1 1.000000
0  -34.540691 -84.397346 18.200760  -0.698503 -0.241689 -0.673557  0.057619 0.114231 1 1 1.000000
0  -34.937080 -82.085091 17.903469  -0.267096 -0.149690 -0.951973  0.057619 0.114719 1 1 1.000000
headlight
0  -35.157295 -82.118118 18.002565  -0.702859 -0.239724 -0.669718  0.057619 0.114719 1 1 1.000000
0  -34.937080 -82.085091 17.903469  -0.267096 -0.149690 -0.951973  0.057619 0.114719 1 1 1.000000
0  -34.540691 -84.397346 18.200760  -0.698503 -0.241689 -0.673557  0.057619 0.114231 1 1 1.000000
headlight
0  -35.157295 -82.118118 18.002565  -0.702859 -0.239724 -0.669718  0.057619 0.114719 1 1 1.000000
0  -34.540691 -84.397346 18.200760  -0.698503 -0.241689 -0.673557  0.057619 0.114231 1 1 1.000000
0  -35.300434 -82.030037 18.233791  -0.847837 -0.261510 -0.461286  0.057375 0.114719 1 1 1.000000
headlight
0  -34.606758 -84.507454 18.398952  -0.861848 -0.266383 -0.431577  0.057619 0.114231 1 1 1.000000
0  -35.300434 -82.030037 18.233791  -0.847837 -0.261510 -0.461286  0.057375 0.114719 1 1 1.000000
0  -34.540691 -84.397346 18.200760  -0.698503 -0.241689 -0.673557  0.057619 0.114231 1 1 1.000000
headlight
0  -26.701044 -92.236992 17.187771  -0.105966 -0.220667 0.969576  0.151616 0.599353 1 1 1.000000
0  -24.818207 -93.811531 17.044632  -0.105443 -0.219888 0.969810  0.008545 0.465560 1 1 1.000000
0  -26.855194 -91.080864 17.441019  -0.060093 -0.362052 0.930219  0.152593 0.689932 1 1 1.000000
headlight
0  -25.225603 -90.640434 17.705276  -0.047554 -0.398711 0.915843  0.012696 0.713614 1 1 1.000000
0  -26.855194 -91.080864 17.441019  -0.060093 -0.362052 0.930219  0.152593 0.689932 1 1 1.000000
0  -24.818207 -93.811531 17.044632  -0.105443 -0.219888 0.969810  0.008545 0.465560 1 1 1.000000
headlight
0  -26.855194 -91.080864 17.441019  -0.060093 -0.362052 0.930219  0.152593 0.689932 1 1 1.000000
0  -25.225603 -90.640434 17.705276  -0.047554 -0.398711 0.915843  0.012696 0.713614 1 1 1.000000
0  -26.987324 -90.133942 18.013577  0.000013 -0.253263 0.967398  0.150884 0.774163 1 1 1.000000
headlight
0  -25.291668 -90.133942 18.013577  0.000013 -0.291718 0.956505  0.012696 0.758782 1 1 1.000000
0  -26.987324 -90.133942 18.013577  0.000013 -0.253263 0.967398  0.150884 0.774163 1 1 1.000000
0  -25.225603 -90.640434 17.705276  -0.047554 -0.398711 0.915843  0.012696 0.713614 1 1 1.000000
headlight
0  -26.987324 -90.133942 18.013577  0.000013 -0.253263 0.967398  0.150884 0.774163 1 1 1.000000
0  -25.291668 -90.133942 18.013577  0.000013 -0.291718 0.956505  0.012696 0.758782 1 1 1.000000
0  -27.086420 -89.341164 18.013577  0.000000 0.000000 1.000000  0.148442 0.831782 1 1 1.000000
headlight
0  -25.357733 -89.352180 18.013577  0.000000 0.000000 1.000000  0.013428 0.818354 1 1 1.000000
0  -27.086420 -89.341164 18.013577  0.000000 0.000000 1.000000  0.148442 0.831782 1 1 1.000000
0  -25.291668 -90.133942 18.013577  0.000013 -0.291718 0.956505  0.012696 0.758782 1 1 1.000000
headlight
0  -27.174505 -91.829597 17.231813  -0.557099 -0.658403 0.506108  0.087649 0.523911 1 1 1.000000
0  -29.145428 -90.023834 17.418997  -0.555700 -0.657697 0.508559  0.087649 0.521470 1 1 1.000000
0  -27.141474 -92.060822 16.989578  -0.607398 -0.719284 0.337191  0.087161 0.524888 1 1 1.000000
headlight
0  -29.145428 -90.244049 17.143728  -0.567424 -0.665342 0.485129  0.087649 0.521470 1 1 1.000000
0  -27.141474 -92.060822 16.989578  -0.607398 -0.719284 0.337191  0.087161 0.524888 1 1 1.000000
0  -29.145428 -90.023834 17.418997  -0.555700 -0.657697 0.508559  0.087649 0.521470 1 1 1.000000
headlight
0  -29.145428 -90.244049 17.143728  -0.567424 -0.665342 0.485129  0.087649 0.521470 1 1 1.000000
0  -29.596869 -89.990799 16.923513  -0.748876 -0.536961 0.388405  0.087161 0.520737 1 1 1.000000
0  -27.141474 -92.060822 16.989578  -0.607398 -0.719284 0.337191  0.087161 0.524888 1 1 1.000000
headlight
0  -29.145428 -90.244049 17.143728  -0.567424 -0.665342 0.485129  0.087649 0.521470 1 1 1.000000
0  -29.607880 -89.792610 17.198782  -0.922854 -0.314645 0.222123  0.087649 0.520249 1 1 1.000000
0  -29.596869 -89.990799 16.923513  -0.748876 -0.536961 0.388405  0.087161 0.520737 1 1 1.000000
headlight
0  -29.607880 -89.792610 17.198782  -0.922854 -0.314645 0.222123  0.087649 0.520249 1 1 1.000000
0  -29.795063 -88.339188 17.551126  -0.983921 -0.153470 0.091355  0.089114 0.518540 1 1 1.000000
0  -29.596869 -89.990799 16.923513  -0.748876 -0.536961 0.388405  0.087161 0.520737 1 1 1.000000
headlight
0  -29.971233 -87.612480 16.923513  -0.990336 -0.106852 0.088411  0.088382 0.517075 1 1 1.000000
0  -29.596869 -89.990799 16.923513  -0.748876 -0.536961 0.388405  0.087161 0.520737 1 1 1.000000
0  -29.795063 -88.339188 17.551126  -0.983921 -0.153470 0.091355  0.089114 0.518540 1 1 1.000000
headlight
0  -29.971233 -87.612480 16.923513  -0.990336 -0.106852 0.088411  0.088382 0.517075 1 1 1.000000
0  -29.795063 -88.339188 17.551126  -0.983921 -0.153470 0.091355  0.089114 0.518540 1 1 1.000000
0  -29.850117 -87.612480 18.200760  -0.991772 -0.093694 0.087234  0.090091 0.517319 1 1 1.000000
headlight
0  -29.850117 -87.612480 18.200760  -0.991772 -0.093694 0.087234  0.090091 0.517319 1 1 1.000000
0  -29.905170 -86.676567 18.200760  -0.994440 -0.058959 0.087256  0.090579 0.515610 1 1 1.000000
0  -29.971233 -87.612480 16.923513  -0.990336 -0.106852 0.088411  0.088382 0.517075 1 1 1.000000
headlight
0  -30.015278 -86.676567 16.923513  -0.994437 -0.059096 0.087192  0.088870 0.515366 1 1 1.000000
0  -29.971233 -87.612480 16.923513  -0.990336 -0.106852 0.088411  0.088382 0.517075 1 1 1.000000
0  -29.905170 -86.676567 18.200760  -0.994440 -0.058959 0.087256  0.090579 0.515610 1 1 1.000000
headlight
0  -37.205292 -80.873909 21.603079  -0.922923 -0.260300 0.283649  0.386975 0.485580 1 1 1.000000
0  -37.161247 -80.026077 22.153616  -0.921468 -0.171397 0.348595  0.440443 0.439436 1 1 1.000000
0  -37.359444 -80.587624 21.305790  -0.927045 -0.267043 0.263203  0.367199 0.460921 1 1 1.000000
headlight
0  -37.359444 -80.587624 21.305790  -0.927045 -0.267043 0.263203  0.367199 0.460921 1 1 1.000000
0  -37.348431 -81.490509 19.940456  -0.857658 -0.456802 0.236126  0.261971 0.521958 1 1 1.000000
0  -37.205292 -80.873909 21.603079  -0.922923 -0.260300 0.283649  0.386975 0.485580 1 1 1.000000
headlight
0  -37.095184 -82.723709 18.409964  -0.927511 -0.349959 0.131349  0.147710 0.613025 1 1 1.000000
0  -37.205292 -80.873909 21.603079  -0.922923 -0.260300 0.283649  0.386975 0.485580 1 1 1.000000
0  -37.348431 -81.490509 19.940456  -0.857658 -0.456802 0.236126  0.261971 0.521958 1 1 1.000000
headlight
0  -37.238323 -82.371368 18.321878  -0.937611 -0.328981 0.112504  0.140629 0.583972 1 1 1.000000
0  -37.095184 -82.723709 18.409964  -0.927511 -0.349959 0.131349  0.147710 0.613025 1 1 1.000000
0  -37.348431 -81.490509 19.940456  -0.857658 -0.456802 0.236126  0.261971 0.521958 1 1 1.000000
headlight
0  -20.953436 -91.686455 17.694265  -0.061231 -0.111766 0.991846  0.057619 0.112033 1 1 1.000000
0  -22.417864 -94.031746 17.352932  0.013764 -0.126656 0.991851  0.059084 0.112033 1 1 1.000000
0  -20.975458 -92.688431 17.562136  -0.034165 -0.128883 0.991071  0.058596 0.112033 1 1 1.000000
headlight
0  -21.757219 -90.332130 17.782351  0.107831 -0.138276 0.984506  0.057375 0.112033 1 1 1.000000
0  -22.417864 -94.031746 17.352932  0.013764 -0.126656 0.991851  0.059084 0.112033 1 1 1.000000
0  -20.953436 -91.686455 17.694265  -0.061231 -0.111766 0.991846  0.057619 0.112033 1 1 1.000000
headlight
0  -22.616058 -90.431229 17.947512  0.202385 -0.153116 0.967262  0.057375 0.112033 1 1 1.000000
0  -22.417864 -94.031746 17.352932  0.013764 -0.126656 0.991851  0.059084 0.112033 1 1 1.000000
0  -21.757219 -90.332130 17.782351  0.107831 -0.138276 0.984506  0.057375 0.112033 1 1 1.000000
headlight
0  -29.145428 -90.023834 17.418997  -0.156660 -0.262196 0.952214  0.152593 0.654042 1 1 1.000000
0  -27.174505 -91.829597 17.231813  -0.156396 -0.262212 0.952253  0.006592 0.507309 1 1 1.000000
0  -29.178461 -89.880692 17.452028  -0.093370 -0.440796 0.892738  0.153081 0.664296 1 1 1.000000
headlight
0  -27.482807 -89.418243 17.848415  -0.068322 -0.502855 0.861667  0.014161 0.694571 1 1 1.000000
0  -29.178461 -89.880692 17.452028  -0.093370 -0.440796 0.892738  0.153081 0.664296 1 1 1.000000
0  -27.174505 -91.829597 17.231813  -0.156396 -0.262212 0.952253  0.006592 0.507309 1 1 1.000000
headlight
0  -29.178461 -89.880692 17.452028  -0.093370 -0.440796 0.892738  0.153081 0.664296 1 1 1.000000
0  -27.482807 -89.418243 17.848415  -0.068322 -0.502855 0.861667  0.014161 0.694571 1 1 1.000000
0  -29.255535 -88.911751 18.299856  0.000032 -0.335315 0.942106  0.150884 0.760979 1 1 1.000000
headlight
0  -27.537861 -88.911751 18.299856  0.000005 -0.366764 0.930314  0.010987 0.746330 1 1 1.000000
0  -29.255535 -88.911751 18.299856  0.000032 -0.335315 0.942106  0.150884 0.760979 1 1 1.000000
0  -27.482807 -89.418243 17.848415  -0.068322 -0.502855 0.861667  0.014161 0.694571 1 1 1.000000
headlight
0  -29.255535 -88.911751 18.299856  0.000032 -0.335315 0.942106  0.150884 0.760979 1 1 1.000000
0  -27.537861 -88.911751 18.299856  0.000005 -0.366764 0.930314  0.010987 0.746330 1 1 1.000000
0  -29.288568 -88.383232 18.299856  0.000000 0.000000 1.000000  0.150884 0.798822 1 1 1.000000
headlight
0  -27.570892 -88.383232 18.299856  0.000000 0.000000 1.000000  0.012696 0.786859 1 1 1.000000
0  -29.288568 -88.383232 18.299856  0.000000 0.000000 1.000000  0.150884 0.798822 1 1 1.000000
0  -27.537861 -88.911751 18.299856  0.000005 -0.366764 0.930314  0.010987 0.746330 1 1 1.000000
headlight
0  -29.134418 -89.407234 20.281790  -0.739996 -0.445510 0.503911  0.479263 0.678457 1 1 1.000000
0  -29.145428 -89.308136 20.347855  -0.713304 -0.516311 0.473940  0.479263 0.678457 1 1 1.000000
0  -29.255535 -89.286110 20.215725  -0.797620 -0.553025 0.240762  0.479263 0.678457 1 1 1.000000
headlight
0  -29.299580 -89.187019 20.281790  -0.867584 -0.496572 0.026734  0.479263 0.678457 1 1 1.000000
0  -29.255535 -89.286110 20.215725  -0.797620 -0.553025 0.240762  0.479263 0.678457 1 1 1.000000
0  -29.145428 -89.308136 20.347855  -0.713304 -0.516311 0.473940  0.479263 0.678457 1 1 1.000000
headlight
0  -29.299580 -89.187019 20.281790  -0.867584 -0.496572 0.026734  0.479263 0.678457 1 1 1.000000
0  -29.376654 -88.966805 20.171682  -0.840339 -0.356411 -0.408413  0.479263 0.678457 1 1 1.000000
0  -29.255535 -89.286110 20.215725  -0.797620 -0.553025 0.240762  0.479263 0.678457 1 1 1.000000
headlight
0  -29.288568 -89.098930 20.116629  -0.845168 -0.384459 -0.371326  0.479263 0.678457 1 1 1.000000
0  -29.255535 -89.286110 20.215725  -0.797620 -0.553025 0.240762  0.479263 0.678457 1 1 1.000000
0  -29.376654 -88.966805 20.171682  -0.840339 -0.356411 -0.408413  0.479263 0.678457 1 1 1.000000
headlight
0  -29.288568 -89.098930 20.116629  -0.845168 -0.384459 -0.371326  0.479263 0.678457 1 1 1.000000
0  -29.376654 -88.966805 20.171682  -0.840339 -0.356411 -0.408413  0.479263 0.678457 1 1 1.000000
0  -29.310589 -87.832695 19.224758  -0.817608 -0.360376 -0.449051  0.479263 0.678701 1 1 1.000000
headlight
0  -29.387665 -87.678543 19.246780  -0.831774 -0.377862 -0.406660  0.479263 0.678701 1 1 1.000000
0  -29.310589 -87.832695 19.224758  -0.817608 -0.360376 -0.449051  0.479263 0.678701 1 1 1.000000
0  -29.376654 -88.966805 20.171682  -0.840339 -0.356411 -0.408413  0.479263 0.678457 1 1 1.000000
headlight
0  -29.310589 -87.832695 19.224758  -0.817608 -0.360376 -0.449051  0.479263 0.678701 1 1 1.000000
0  -29.387665 -87.678543 19.246780  -0.831774 -0.377862 -0.406660  0.479263 0.678701 1 1 1.000000
0  -29.332611 -87.006889 18.398952  -0.783677 -0.454533 -0.423380  0.478530 0.678701 1 1 1.000000
headlight
0  -29.387665 -86.885773 18.398952  -0.779564 -0.458914 -0.426236  0.478530 0.678701 1 1 1.000000
0  -29.332611 -87.006889 18.398952  -0.783684 -0.454540 -0.423359  0.478530 0.678701 1 1 1.000000
0  -29.387665 -87.678543 19.246780  -0.831762 -0.377882 -0.406665  0.479263 0.678701 1 1 1.000000
headlight
0  -35.333466 -84.793732 18.531082  -0.269050 -0.227363 -0.935905  0.522477 0.173559 1 1 1.000000
0  -35.399529 -84.639580 18.498049  -0.358665 -0.298646 -0.884404  0.519547 0.174535 1 1 1.000000
0  -35.212349 -84.870804 18.520071  -0.226419 -0.308990 -0.923721  0.519547 0.172338 1 1 1.000000
headlight
0  -35.256390 -84.793732 18.487040  -0.514993 -0.470569 -0.716483  0.517594 0.172582 1 1 1.000000
0  -35.212349 -84.870804 18.520071  -0.226419 -0.308990 -0.923721  0.519547 0.172338 1 1 1.000000
0  -35.399529 -84.639580 18.498049  -0.358665 -0.298646 -0.884404  0.519547 0.174535 1 1 1.000000
headlight
0  -35.256390 -84.793732 18.487040  -0.514993 -0.470569 -0.716483  0.517594 0.172582 1 1 1.000000
0  -35.146282 -84.793732 18.476028  -0.134645 -0.285808 -0.948781  0.512955 0.171850 1 1 1.000000
0  -35.212349 -84.870804 18.520071  -0.226419 -0.308990 -0.923721  0.519547 0.172338 1 1 1.000000
headlight
0  -30.356609 -86.599495 20.821316  -0.988017 -0.149692 0.037616  0.854030 0.016327 1 1 1.000000
0  -30.345600 -86.775665 20.634134  -0.988054 -0.149866 0.035907  0.853786 0.017060 1 1 1.000000
0  -30.070332 -88.493340 20.810307  -0.892783 -0.447478 0.051988  0.854030 0.017304 1 1 1.000000
headlight
0  -30.070332 -88.526375 20.601101  -0.852298 -0.519485 0.061014  0.853786 0.017304 1 1 1.000000
0  -30.070332 -88.493340 20.810307  -0.892783 -0.447478 0.051988  0.854030 0.017304 1 1 1.000000
0  -30.345600 -86.775665 20.634134  -0.988054 -0.149866 0.035907  0.853786 0.017060 1 1 1.000000
headlight
0  -30.070332 -88.526375 20.601101  -0.852298 -0.519485 0.061014  0.853786 0.017304 1 1 1.000000
0  -24.675066 -93.238968 19.852371  -0.619349 -0.777570 0.108587  0.853786 0.021210 1 1 1.000000
0  -30.070332 -88.493340 20.810307  -0.892783 -0.447478 0.051988  0.854030 0.017304 1 1 1.000000
headlight
0  -24.653046 -93.238968 20.028543  -0.618895 -0.777898 0.108827  0.853786 0.021210 1 1 1.000000
0  -30.070332 -88.493340 20.810307  -0.892783 -0.447478 0.051988  0.854030 0.017304 1 1 1.000000
0  -24.675066 -93.238968 19.852371  -0.619349 -0.777570 0.108587  0.853786 0.021210 1 1 1.000000
headlight
0  -24.653046 -93.238968 20.028543  -0.618895 -0.777898 0.108827  0.853786 0.021210 1 1 1.000000
0  -24.675066 -93.238968 19.852371  -0.619349 -0.777570 0.108587  0.853786 0.021210 1 1 1.000000
0  -21.702164 -95.485161 19.566092  -0.577304 -0.810431 0.099608  0.853786 0.022919 1 1 1.000000
headlight
0  -21.746208 -95.485161 19.411942  -0.577856 -0.810000 0.099910  0.853786 0.022919 1 1 1.000000
0  -21.702164 -95.485161 19.566092  -0.577304 -0.810431 0.099608  0.853786 0.022919 1 1 1.000000
0  -24.675066 -93.238968 19.852371  -0.619349 -0.777570 0.108587  0.853786 0.021210 1 1 1.000000
headlight
0  -21.746208 -95.485161 19.411942  -0.577856 -0.810000 0.099910  0.853786 0.022919 1 1 1.000000
0  -20.755241 -96.145805 19.422953  -0.561797 -0.821609 0.096661  0.853786 0.023652 1 1 1.000000
0  -21.702164 -95.485161 19.566092  -0.577304 -0.810431 0.099608  0.853786 0.022919 1 1 1.000000
headlight
0  -20.986465 -96.002663 19.279812  -0.561788 -0.821615 0.096662  0.853786 0.023652 1 1 1.000000
0  -20.755241 -96.145805 19.422953  -0.561797 -0.821609 0.096661  0.853786 0.023652 1 1 1.000000
0  -21.746208 -95.485161 19.411942  -0.577856 -0.810000 0.099910  0.853786 0.022919 1 1 1.000000
headlightglass
0  -35.487617 -85.828743 16.912502  -0.199309 -0.109071 -0.973848  0.000000 1.000000 1 1 1.000000
0  -35.575703 -86.059967 16.956545  -0.193811 -0.110632 -0.974781  0.000000 1.000000 1 1 1.000000
0  -37.260345 -83.846809 17.066652  -0.205166 -0.105775 -0.972995  0.000000 1.000000 1 1 1.000000
headlightglass
0  -25.049433 -95.452126 16.207815  -0.182353 -0.269039 -0.945709  0.000000 1.000000 1 1 1.000000
0  -27.383709 -93.701424 16.350954  -0.226290 -0.208299 -0.951527  0.000000 1.000000 1 1 1.000000
0  -24.895281 -95.364044 16.152761  -0.158211 -0.281437 -0.946447  0.000000 1.000000 1 1 1.000000
headlightglass
0  -27.339666 -93.569290 16.306911  -0.231180 -0.205310 -0.951001  0.000000 1.000000 1 1 1.000000
0  -24.895281 -95.364044 16.152761  -0.158211 -0.281437 -0.946447  0.000000 1.000000 1 1 1.000000
0  -27.383709 -93.701424 16.350954  -0.226290 -0.208299 -0.951527  0.000000 1.000000 1 1 1.000000
headlightglass
0  -27.383709 -93.701424 16.350954  -0.226290 -0.208299 -0.951527  0.000000 1.000000 1 1 1.000000
0  -31.710932 -89.990799 16.670267  -0.182097 -0.117929 -0.976183  0.000000 1.000000 1 1 1.000000
0  -27.339666 -93.569290 16.306911  -0.231180 -0.205310 -0.951001  0.000000 1.000000 1 1 1.000000
headlightglass
0  -31.622845 -89.781593 16.615213  -0.184104 -0.116198 -0.976014  0.000000 1.000000 1 1 1.000000
0  -27.339666 -93.569290 16.306911  -0.231180 -0.205310 -0.951001  0.000000 1.000000 1 1 1.000000
0  -31.710932 -89.990799 16.670267  -0.182097 -0.117929 -0.976183  0.000000 1.000000 1 1 1.000000
headlightglass
0  -31.710932 -89.990799 16.670267  -0.182097 -0.117929 -0.976183  0.000000 1.000000 1 1 1.000000
0  -35.575703 -86.059967 16.956545  -0.193811 -0.110632 -0.974781  0.000000 1.000000 1 1 1.000000
0  -31.622845 -89.781593 16.615213  -0.184104 -0.116198 -0.976014  0.000000 1.000000 1 1 1.000000
headlightglass
0  -35.487617 -85.828743 16.912502  -0.199309 -0.109071 -0.973848  0.000000 1.000000 1 1 1.000000
0  -31.622845 -89.781593 16.615213  -0.184104 -0.116198 -0.976014  0.000000 1.000000 1 1 1.000000
0  -35.575703 -86.059967 16.956545  -0.193811 -0.110632 -0.974781  0.000000 1.000000 1 1 1.000000
headlightglass
0  -21.074553 -96.872513 18.409964  0.432333 -0.445002 -0.784259  0.000000 1.000000 1 1 1.000000
0  -19.147673 -97.489113 19.885403  0.441451 -0.455122 -0.773295  0.000000 1.000000 1 1 1.000000
0  -21.239714 -97.015656 18.398952  0.424880 -0.434236 -0.794302  0.000000 1.000000 1 1 1.000000
headlightglass
0  -21.239714 -97.015656 18.398952  0.424880 -0.434236 -0.794302  0.000000 1.000000 1 1 1.000000
0  -23.827240 -96.156815 16.615213  0.328115 -0.489032 -0.808201  0.000000 1.000000 1 1 1.000000
0  -21.074553 -96.872513 18.409964  0.432333 -0.445002 -0.784259  0.000000 1.000000 1 1 1.000000
headlightglass
0  -23.849260 -95.969635 16.494095  0.235180 -0.530752 -0.814244  0.000000 1.000000 1 1 1.000000
0  -21.074553 -96.872513 18.409964  0.432333 -0.445002 -0.784259  0.000000 1.000000 1 1 1.000000
0  -23.827240 -96.156815 16.615213  0.328115 -0.489032 -0.808201  0.000000 1.000000 1 1 1.000000
headlightglass
0  -23.827240 -96.156815 16.615213  0.328115 -0.489032 -0.808201  0.000000 1.000000 1 1 1.000000
0  -24.432831 -95.859528 16.295900  -0.069994 -0.590600 -0.803923  0.000000 1.000000 1 1 1.000000
0  -23.849260 -95.969635 16.494095  0.235180 -0.530752 -0.814244  0.000000 1.000000 1 1 1.000000
headlightglass
0  -24.278681 -95.760429 16.218826  -0.027266 -0.646133 -0.762737  0.000000 1.000000 1 1 1.000000
0  -23.849260 -95.969635 16.494095  0.235180 -0.530752 -0.814244  0.000000 1.000000 1 1 1.000000
0  -24.432831 -95.859528 16.295900  -0.069994 -0.590600 -0.803923  0.000000 1.000000 1 1 1.000000
headlightglass
0  -24.432831 -95.859528 16.295900  -0.069994 -0.590600 -0.803923  0.000000 1.000000 1 1 1.000000
0  -25.049433 -95.452126 16.207815  -0.182353 -0.269039 -0.945709  0.000000 1.000000 1 1 1.000000
0  -24.278681 -95.760429 16.218826  -0.027266 -0.646133 -0.762737  0.000000 1.000000 1 1 1.000000
headlightglass
0  -24.895281 -95.364044 16.152761  -0.158211 -0.281437 -0.946447  0.000000 1.000000 1 1 1.000000
0  -24.278681 -95.760429 16.218826  -0.027266 -0.646133 -0.762737  0.000000 1.000000 1 1 1.000000
0  -25.049433 -95.452126 16.207815  -0.182353 -0.269039 -0.945709  0.000000 1.000000 1 1 1.000000
headlightglass
0  -37.436516 -83.758720 17.308889  -0.737735 -0.611026 0.287044  0.000000 1.000000 1 1 1.000000
0  -37.293377 -83.978935 17.220804  -0.756126 -0.596715 0.268710  0.000000 1.000000 1 1 1.000000
0  -35.619743 -86.137039 17.088675  -0.691376 -0.644524 0.326479  0.000000 1.000000 1 1 1.000000
headlightglass
0  -27.405731 -93.789505 16.494095  -0.572729 -0.735309 0.362355  0.000000 1.000000 1 1 1.000000
0  -25.060442 -95.540215 16.350954  -0.546176 -0.758401 0.355697  0.000000 1.000000 1 1 1.000000
0  -25.908270 -93.635353 19.180716  -0.538969 -0.727155 0.425158  0.000000 1.000000 1 1 1.000000
headlightglass
0  -27.405731 -93.789505 16.494095  -0.572729 -0.735309 0.362355  0.000000 1.000000 1 1 1.000000
0  -25.908270 -93.635353 19.180716  -0.538969 -0.727155 0.425158  0.000000 1.000000 1 1 1.000000
0  -31.721943 -90.089897 16.813406  -0.621387 -0.702453 0.347043  0.000000 1.000000 1 1 1.000000
headlightglass
0  -30.929169 -89.330154 19.808329  -0.591670 -0.684345 0.426144  0.000000 1.000000 1 1 1.000000
0  -31.721943 -90.089897 16.813406  -0.621387 -0.702453 0.347043  0.000000 1.000000 1 1 1.000000
0  -25.908270 -93.635353 19.180716  -0.538969 -0.727155 0.425158  0.000000 1.000000 1 1 1.000000
headlightglass
0  -31.721943 -90.089897 16.813406  -0.621387 -0.702453 0.347043  0.000000 1.000000 1 1 1.000000
0  -30.929169 -89.330154 19.808329  -0.591670 -0.684345 0.426144  0.000000 1.000000 1 1 1.000000
0  -35.619743 -86.137039 17.088675  -0.691376 -0.644524 0.326479  0.000000 1.000000 1 1 1.000000
headlightglass
0  -35.520649 -84.650589 20.270779  -0.661555 -0.627043 0.411293  0.000000 1.000000 1 1 1.000000
0  -35.619743 -86.137039 17.088675  -0.691376 -0.644524 0.326479  0.000000 1.000000 1 1 1.000000
0  -30.929169 -89.330154 19.808329  -0.591670 -0.684345 0.426144  0.000000 1.000000 1 1 1.000000
headlightglass
0  -35.619743 -86.137039 17.088675  -0.691376 -0.644524 0.326479  0.000000 1.000000 1 1 1.000000
0  -35.520649 -84.650589 20.270779  -0.661555 -0.627043 0.411293  0.000000 1.000000 1 1 1.000000
0  -37.436516 -83.758720 17.308889  -0.737735 -0.611026 0.287044  0.000000 1.000000 1 1 1.000000
headlightglass
0  -37.491570 -83.120094 18.685232  -0.725779 -0.621185 0.295592  0.000000 1.000000 1 1 1.000000
0  -37.436516 -83.758720 17.308889  -0.737735 -0.611026 0.287044  0.000000 1.000000 1 1 1.000000
0  -35.520649 -84.650589 20.270779  -0.661555 -0.627043 0.411293  0.000000 1.000000 1 1 1.000000
headlightglass
0  -35.520649 -84.650589 20.270779  -0.661555 -0.627043 0.411293  0.000000 1.000000 1 1 1.000000
0  -37.502583 -82.239235 20.204716  -0.724921 -0.592221 0.351801  0.000000 1.000000 1 1 1.000000
0  -37.491570 -83.120094 18.685232  -0.725779 -0.621185 0.295592  0.000000 1.000000 1 1 1.000000
headlightglass
0  -37.502583 -81.457474 21.470951  -0.709242 -0.588618 0.387949  0.000000 1.000000 1 1 1.000000
0  -37.502583 -82.239235 20.204716  -0.724921 -0.592221 0.351801  0.000000 1.000000 1 1 1.000000
0  -35.520649 -84.650589 20.270779  -0.661555 -0.627043 0.411293  0.000000 1.000000 1 1 1.000000
headlightglass
0  -37.436516 -81.270294 21.900370  -0.679508 -0.592387 0.432835  0.000000 1.000000 1 1 1.000000
0  -37.502583 -81.457474 21.470951  -0.709242 -0.588618 0.387949  0.000000 1.000000 1 1 1.000000
0  -35.520649 -84.650589 20.270779  -0.661555 -0.627043 0.411293  0.000000 1.000000 1 1 1.000000
headlightglass
0  -37.436516 -81.270294 21.900370  -0.679508 -0.592387 0.432835  0.000000 1.000000 1 1 1.000000
0  -35.520649 -84.650589 20.270779  -0.661555 -0.627043 0.411293  0.000000 1.000000 1 1 1.000000
0  -37.249336 -81.171196 22.318777  -0.657802 -0.595498 0.461172  0.000000 1.000000 1 1 1.000000
headlightglass
0  -35.520649 -84.650589 20.270779  -0.661555 -0.627043 0.411293  0.000000 1.000000 1 1 1.000000
0  -36.874969 -81.248268 22.715164  -0.632124 -0.602309 0.487486  0.000000 1.000000 1 1 1.000000
0  -37.249336 -81.171196 22.318777  -0.657802 -0.595498 0.461172  0.000000 1.000000 1 1 1.000000
headlightglass
0  -36.357464 -81.589607 22.935379  -0.600374 -0.611220 0.515715  0.000000 1.000000 1 1 1.000000
0  -36.874969 -81.248268 22.715164  -0.632124 -0.602309 0.487486  0.000000 1.000000 1 1 1.000000
0  -35.520649 -84.650589 20.270779  -0.661555 -0.627043 0.411293  0.000000 1.000000 1 1 1.000000
headlightglass
0  -34.981121 -82.932915 22.880325  -0.587072 -0.616162 0.525063  0.000000 1.000000 1 1 1.000000
0  -36.357464 -81.589607 22.935379  -0.600374 -0.611220 0.515715  0.000000 1.000000 1 1 1.000000
0  -35.520649 -84.650589 20.270779  -0.661555 -0.627043 0.411293  0.000000 1.000000 1 1 1.000000
headlightglass
0  -34.981121 -82.932915 22.880325  -0.587072 -0.616162 0.525063  0.000000 1.000000 1 1 1.000000
0  -35.520649 -84.650589 20.270779  -0.661555 -0.627043 0.411293  0.000000 1.000000 1 1 1.000000
0  -29.938202 -88.361214 22.153616  -0.559214 -0.653779 0.509758  0.000000 1.000000 1 1 1.000000
headlightglass
0  -30.929169 -89.330154 19.808329  -0.591670 -0.684345 0.426144  0.000000 1.000000 1 1 1.000000
0  -29.938202 -88.361214 22.153616  -0.559214 -0.653779 0.509758  0.000000 1.000000 1 1 1.000000
0  -35.520649 -84.650589 20.270779  -0.661555 -0.627043 0.411293  0.000000 1.000000 1 1 1.000000
headlightglass
0  -29.938202 -88.361214 22.153616  -0.559214 -0.653779 0.509758  0.000000 1.000000 1 1 1.000000
0  -30.929169 -89.330154 19.808329  -0.591670 -0.684345 0.426144  0.000000 1.000000 1 1 1.000000
0  -24.443840 -93.260994 21.228714  -0.507980 -0.708872 0.489344  0.000000 1.000000 1 1 1.000000
headlightglass
0  -25.908270 -93.635353 19.180716  -0.538969 -0.727155 0.425158  0.000000 1.000000 1 1 1.000000
0  -24.443840 -93.260994 21.228714  -0.507980 -0.708872 0.489344  0.000000 1.000000 1 1 1.000000
0  -30.929169 -89.330154 19.808329  -0.591670 -0.684345 0.426144  0.000000 1.000000 1 1 1.000000
headlightglass
0  -25.908270 -93.635353 19.180716  -0.538969 -0.727155 0.425158  0.000000 1.000000 1 1 1.000000
0  -23.353775 -95.606277 18.784328  -0.509153 -0.752249 0.418191  0.000000 1.000000 1 1 1.000000
0  -24.443840 -93.260994 21.228714  -0.507980 -0.708872 0.489344  0.000000 1.000000 1 1 1.000000
headlightglass
0  -23.353775 -95.606277 18.784328  -0.509153 -0.752249 0.418191  0.000000 1.000000 1 1 1.000000
0  -25.908270 -93.635353 19.180716  -0.538969 -0.727155 0.425158  0.000000 1.000000 1 1 1.000000
0  -25.060442 -95.540215 16.350954  -0.546176 -0.758401 0.355697  0.000000 1.000000 1 1 1.000000
headlightglass
0  -21.592056 -95.551224 20.722219  -0.481363 -0.741839 0.466866  0.000000 1.000000 1 1 1.000000
0  -23.353775 -95.606277 18.784328  -0.509153 -0.752249 0.418191  0.000000 1.000000 1 1 1.000000
0  -19.246769 -97.290924 20.281790  -0.482665 -0.736381 0.474106  0.000000 1.000000 1 1 1.000000
headlightglass
0  -21.592056 -95.551224 20.722219  -0.481363 -0.741839 0.466866  0.000000 1.000000 1 1 1.000000
0  -24.443840 -93.260994 21.228714  -0.507980 -0.708872 0.489344  0.000000 1.000000 1 1 1.000000
0  -23.353775 -95.606277 18.784328  -0.509153 -0.752249 0.418191  0.000000 1.000000 1 1 1.000000
headlightglass
0  -25.060442 -95.540215 16.350954  -0.546176 -0.758401 0.355697  0.000000 1.000000 1 1 1.000000
0  -24.476873 -95.925591 16.439041  -0.552623 -0.750332 0.362781  0.000000 1.000000 1 1 1.000000
0  -23.353775 -95.606277 18.784328  -0.509153 -0.752249 0.418191  0.000000 1.000000 1 1 1.000000
headlightglass
0  -24.476873 -95.925591 16.439041  -0.552623 -0.750332 0.362781  0.000000 1.000000 1 1 1.000000
0  -23.893305 -96.233894 16.725321  -0.545271 -0.754607 0.365030  0.000000 1.000000 1 1 1.000000
0  -23.353775 -95.606277 18.784328  -0.509153 -0.752249 0.418191  0.000000 1.000000 1 1 1.000000
headlightglass
0  -23.893305 -96.233894 16.725321  -0.545271 -0.754607 0.365030  0.000000 1.000000 1 1 1.000000
0  -21.338810 -97.081718 18.487040  -0.484200 -0.755684 0.441012  0.000000 1.000000 1 1 1.000000
0  -23.353775 -95.606277 18.784328  -0.509153 -0.752249 0.418191  0.000000 1.000000 1 1 1.000000
headlightglass
0  -21.338810 -97.081718 18.487040  -0.484200 -0.755684 0.441012  0.000000 1.000000 1 1 1.000000
0  -19.246769 -97.290924 20.281790  -0.482665 -0.736381 0.474106  0.000000 1.000000 1 1 1.000000
0  -23.353775 -95.606277 18.784328  -0.509153 -0.752249 0.418191  0.000000 1.000000 1 1 1.000000
headlightglass
0  -21.338810 -97.081718 18.487040  -0.484200 -0.755684 0.441012  0.000000 1.000000 1 1 1.000000
0  -19.158684 -97.445076 20.138651  -0.492910 -0.717843 0.491673  0.000000 1.000000 1 1 1.000000
0  -19.246769 -97.290924 20.281790  -0.482665 -0.736381 0.474106  0.000000 1.000000 1 1 1.000000
headlightglass
0  -21.338810 -97.081718 18.487040  -0.484200 -0.755684 0.441012  0.000000 1.000000 1 1 1.000000
0  -19.224747 -97.533157 19.962479  -0.504254 -0.695988 0.511204  0.000000 1.000000 1 1 1.000000
0  -19.158684 -97.445076 20.138651  -0.492910 -0.717843 0.491673  0.000000 1.000000 1 1 1.000000
headlightglass
0  -37.293377 -83.978935 17.220804  -0.725434 -0.387100 -0.569122  0.000000 1.000000 1 1 1.000000
0  -37.436516 -83.758720 17.308889  -0.959177 -0.079239 -0.271478  0.000000 1.000000 1 1 1.000000
0  -37.260345 -83.846809 17.066652  -0.742677 -0.394007 -0.541469  0.000000 1.000000 1 1 1.000000
headlightglass
0  -37.260345 -83.846809 17.066652  -0.742677 -0.394007 -0.541469  0.000000 1.000000 1 1 1.000000
0  -35.575703 -86.059967 16.956545  -0.672364 -0.550267 -0.495110  0.000000 1.000000 1 1 1.000000
0  -37.293377 -83.978935 17.220804  -0.725434 -0.387100 -0.569122  0.000000 1.000000 1 1 1.000000
headlightglass
0  -35.619743 -86.137039 17.088675  -0.667422 -0.557829 -0.493330  0.000000 1.000000 1 1 1.000000
0  -37.293377 -83.978935 17.220804  -0.725434 -0.387100 -0.569122  0.000000 1.000000 1 1 1.000000
0  -35.575703 -86.059967 16.956545  -0.672364 -0.550267 -0.495110  0.000000 1.000000 1 1 1.000000
headlightglass
0  -35.575703 -86.059967 16.956545  -0.672364 -0.550267 -0.495110  0.000000 1.000000 1 1 1.000000
0  -31.710932 -89.990799 16.670267  -0.619181 -0.619423 -0.482627  0.000000 1.000000 1 1 1.000000
0  -35.619743 -86.137039 17.088675  -0.667422 -0.557829 -0.493330  0.000000 1.000000 1 1 1.000000
headlightglass
0  -31.721943 -90.089897 16.813406  -0.611616 -0.625442 -0.484509  0.000000 1.000000 1 1 1.000000
0  -35.619743 -86.137039 17.088675  -0.667422 -0.557829 -0.493330  0.000000 1.000000 1 1 1.000000
0  -31.710932 -89.990799 16.670267  -0.619181 -0.619423 -0.482627  0.000000 1.000000 1 1 1.000000
headlightglass
0  -31.710932 -89.990799 16.670267  -0.619181 -0.619423 -0.482627  0.000000 1.000000 1 1 1.000000
0  -27.383709 -93.701424 16.350954  -0.574183 -0.668797 -0.472254  0.000000 1.000000 1 1 1.000000
0  -31.721943 -90.089897 16.813406  -0.611616 -0.625442 -0.484509  0.000000 1.000000 1 1 1.000000
headlightglass
0  -27.405731 -93.789505 16.494095  -0.568405 -0.673147 -0.473063  0.000000 1.000000 1 1 1.000000
0  -31.721943 -90.089897 16.813406  -0.611616 -0.625442 -0.484509  0.000000 1.000000 1 1 1.000000
0  -27.383709 -93.701424 16.350954  -0.574183 -0.668797 -0.472254  0.000000 1.000000 1 1 1.000000
headlightglass
0  -27.405731 -93.789505 16.494095  -0.568405 -0.673147 -0.473063  0.000000 1.000000 1 1 1.000000
0  -27.383709 -93.701424 16.350954  -0.574183 -0.668797 -0.472254  0.000000 1.000000 1 1 1.000000
0  -25.060442 -95.540215 16.350954  -0.468291 -0.714022 -0.520457  0.000000 1.000000 1 1 1.000000
headlightglass
0  -25.049433 -95.452126 16.207815  -0.483189 -0.704041 -0.520437  0.000000 1.000000 1 1 1.000000
0  -25.060442 -95.540215 16.350954  -0.468291 -0.714022 -0.520457  0.000000 1.000000 1 1 1.000000
0  -27.383709 -93.701424 16.350954  -0.574183 -0.668797 -0.472254  0.000000 1.000000 1 1 1.000000
headlightglass
0  -25.060442 -95.540215 16.350954  -0.468291 -0.714022 -0.520457  0.000000 1.000000 1 1 1.000000
0  -25.049433 -95.452126 16.207815  -0.483189 -0.704041 -0.520437  0.000000 1.000000 1 1 1.000000
0  -24.476873 -95.925591 16.439041  -0.258431 -0.795039 -0.548750  0.000000 1.000000 1 1 1.000000
headlightglass
0  -24.432831 -95.859528 16.295900  -0.289086 -0.779369 -0.555889  0.000000 1.000000 1 1 1.000000
0  -24.476873 -95.925591 16.439041  -0.258431 -0.795039 -0.548750  0.000000 1.000000 1 1 1.000000
0  -25.049433 -95.452126 16.207815  -0.483189 -0.704041 -0.520437  0.000000 1.000000 1 1 1.000000
headlightglass
0  -24.476873 -95.925591 16.439041  -0.258431 -0.795039 -0.548750  0.000000 1.000000 1 1 1.000000
0  -24.432831 -95.859528 16.295900  -0.289086 -0.779369 -0.555889  0.000000 1.000000 1 1 1.000000
0  -23.893305 -96.233894 16.725321  -0.025383 -0.851070 -0.524438  0.000000 1.000000 1 1 1.000000
headlightglass
0  -23.827240 -96.156815 16.615213  -0.045599 -0.844108 -0.534231  0.000000 1.000000 1 1 1.000000
0  -23.893305 -96.233894 16.725321  -0.025383 -0.851070 -0.524438  0.000000 1.000000 1 1 1.000000
0  -24.432831 -95.859528 16.295900  -0.289086 -0.779369 -0.555889  0.000000 1.000000 1 1 1.000000
headlightglass
0  -23.893305 -96.233894 16.725321  -0.025383 -0.851070 -0.524438  0.000000 1.000000 1 1 1.000000
0  -23.827240 -96.156815 16.615213  -0.045599 -0.844108 -0.534231  0.000000 1.000000 1 1 1.000000
0  -21.338810 -97.081718 18.487040  0.079617 -0.882700 -0.463144  0.000000 1.000000 1 1 1.000000
headlightglass
0  -21.239714 -97.015656 18.398952  0.082515 -0.884849 -0.458513  0.000000 1.000000 1 1 1.000000
0  -21.338810 -97.081718 18.487040  0.079617 -0.882700 -0.463144  0.000000 1.000000 1 1 1.000000
0  -23.827240 -96.156815 16.615213  -0.045599 -0.844108 -0.534231  0.000000 1.000000 1 1 1.000000
headlightglass
0  -21.338810 -97.081718 18.487040  0.079617 -0.882700 -0.463144  0.000000 1.000000 1 1 1.000000
0  -21.239714 -97.015656 18.398952  0.082515 -0.884849 -0.458513  0.000000 1.000000 1 1 1.000000
0  -19.224747 -97.533157 19.962479  0.395993 -0.914178 -0.086418  0.000000 1.000000 1 1 1.000000
headlightglass
0  -19.147673 -97.489113 19.885403  0.312575 -0.938101 -0.149207  0.000000 1.000000 1 1 1.000000
0  -19.224747 -97.533157 19.962479  0.395993 -0.914178 -0.086418  0.000000 1.000000 1 1 1.000000
0  -21.239714 -97.015656 18.398952  0.082515 -0.884849 -0.458513  0.000000 1.000000 1 1 1.000000
headlightglass
0  -19.224747 -97.533157 19.962479  0.395993 -0.914178 -0.086418  0.000000 1.000000 1 1 1.000000
0  -19.147673 -97.489113 19.885403  0.312575 -0.938101 -0.149207  0.000000 1.000000 1 1 1.000000
0  -19.158684 -97.445076 20.138651  0.565873 -0.694560 0.444267  0.000000 1.000000 1 1 1.000000
headlightglass
0  -19.037565 -97.367996 20.127640  0.537779 -0.660617 0.523812  0.000000 1.000000 1 1 1.000000
0  -19.158684 -97.445076 20.138651  0.565873 -0.694560 0.444267  0.000000 1.000000 1 1 1.000000
0  -19.147673 -97.489113 19.885403  0.312575 -0.938101 -0.149207  0.000000 1.000000 1 1 1.000000
headlightglass
0  -19.158684 -97.445076 20.138651  0.565873 -0.694560 0.444267  0.000000 1.000000 1 1 1.000000
0  -19.037565 -97.367996 20.127640  0.537779 -0.660617 0.523812  0.000000 1.000000 1 1 1.000000
0  -19.246769 -97.290924 20.281790  0.251692 -0.443143 0.860393  0.000000 1.000000 1 1 1.000000
headlightglass
0  -19.180704 -97.169807 20.336843  0.124214 -0.396510 0.909588  0.000000 1.000000 1 1 1.000000
0  -19.246769 -97.290924 20.281790  0.251692 -0.443143 0.860393  0.000000 1.000000 1 1 1.000000
0  -19.037565 -97.367996 20.127640  0.537779 -0.660617 0.523812  0.000000 1.000000 1 1 1.000000
headlightglass
0  -19.246769 -97.290924 20.281790  0.251692 -0.443143 0.860393  0.000000 1.000000 1 1 1.000000
0  -19.180704 -97.169807 20.336843  0.124214 -0.396510 0.909588  0.000000 1.000000 1 1 1.000000
0  -21.592056 -95.551224 20.722219  -0.040092 -0.274972 0.960616  0.000000 1.000000 1 1 1.000000
headlightglass
0  -21.481949 -95.452126 20.755253  -0.039333 -0.274042 0.960913  0.000000 1.000000 1 1 1.000000
0  -21.592056 -95.551224 20.722219  -0.040092 -0.274972 0.960616  0.000000 1.000000 1 1 1.000000
0  -19.180704 -97.169807 20.336843  0.124214 -0.396510 0.909588  0.000000 1.000000 1 1 1.000000
headlightglass
0  -21.592056 -95.551224 20.722219  -0.040092 -0.274972 0.960616  0.000000 1.000000 1 1 1.000000
0  -21.481949 -95.452126 20.755253  -0.039333 -0.274042 0.960913  0.000000 1.000000 1 1 1.000000
0  -24.443840 -93.260994 21.228714  -0.032202 -0.233392 0.971849  0.000000 1.000000 1 1 1.000000
headlightglass
0  -24.344742 -93.150887 21.261745  -0.031986 -0.233923 0.971729  0.000000 1.000000 1 1 1.000000
0  -24.443840 -93.260994 21.228714  -0.032202 -0.233392 0.971849  0.000000 1.000000 1 1 1.000000
0  -21.481949 -95.452126 20.755253  -0.039333 -0.274042 0.960913  0.000000 1.000000 1 1 1.000000
headlightglass
0  -24.344742 -93.150887 21.261745  -0.031986 -0.233923 0.971729  0.000000 1.000000 1 1 1.000000
0  -29.828094 -88.251106 22.153616  0.009709 -0.148972 0.988794  0.000000 1.000000 1 1 1.000000
0  -24.443840 -93.260994 21.228714  -0.032202 -0.233392 0.971849  0.000000 1.000000 1 1 1.000000
headlightglass
0  -29.938202 -88.361214 22.153616  0.009695 -0.147699 0.988985  0.000000 1.000000 1 1 1.000000
0  -24.443840 -93.260994 21.228714  -0.032202 -0.233392 0.971849  0.000000 1.000000 1 1 1.000000
0  -29.828094 -88.251106 22.153616  0.009709 -0.148972 0.988794  0.000000 1.000000 1 1 1.000000
headlightglass
0  -29.828094 -88.251106 22.153616  0.009709 -0.148972 0.988794  0.000000 1.000000 1 1 1.000000
0  -34.848991 -82.844826 22.902348  0.010763 -0.079802 0.996753  0.000000 1.000000 1 1 1.000000
0  -29.938202 -88.361214 22.153616  0.009695 -0.147699 0.988985  0.000000 1.000000 1 1 1.000000
headlightglass
0  -34.981121 -82.932915 22.880325  0.008968 -0.074296 0.997196  0.000000 1.000000 1 1 1.000000
0  -29.938202 -88.361214 22.153616  0.009695 -0.147699 0.988985  0.000000 1.000000 1 1 1.000000
0  -34.848991 -82.844826 22.902348  0.010763 -0.079802 0.996753  0.000000 1.000000 1 1 1.000000
headlightglass
0  -34.981121 -82.932915 22.880325  0.008968 -0.074296 0.997196  0.000000 1.000000 1 1 1.000000
0  -34.848991 -82.844826 22.902348  0.010763 -0.079802 0.996753  0.000000 1.000000 1 1 1.000000
0  -36.357464 -81.589607 22.935379  -0.183041 -0.044195 0.982111  0.000000 1.000000 1 1 1.000000
headlightglass
0  -36.280388 -81.424446 22.946390  -0.240732 -0.022171 0.970339  0.000000 1.000000 1 1 1.000000
0  -36.357464 -81.589607 22.935379  -0.183041 -0.044195 0.982111  0.000000 1.000000 1 1 1.000000
0  -34.848991 -82.844826 22.902348  0.010763 -0.079802 0.996753  0.000000 1.000000 1 1 1.000000
headlightglass
0  -36.357464 -81.589607 22.935379  -0.183041 -0.044195 0.982111  0.000000 1.000000 1 1 1.000000
0  -36.280388 -81.424446 22.946390  -0.240732 -0.022171 0.970339  0.000000 1.000000 1 1 1.000000
0  -36.874969 -81.248268 22.715164  -0.530468 0.056431 0.845825  0.000000 1.000000 1 1 1.000000
headlightglass
0  -36.830925 -81.061089 22.726175  -0.558284 0.075403 0.826216  0.000000 1.000000 1 1 1.000000
0  -36.874969 -81.248268 22.715164  -0.530468 0.056431 0.845825  0.000000 1.000000 1 1 1.000000
0  -36.280388 -81.424446 22.946390  -0.240732 -0.022171 0.970339  0.000000 1.000000 1 1 1.000000
headlightglass
0  -36.830925 -81.061089 22.726175  -0.558284 0.075403 0.826216  0.000000 1.000000 1 1 1.000000
0  -37.238323 -80.973000 22.329788  -0.826716 0.018613 0.562311  0.000000 1.000000 1 1 1.000000
0  -36.874969 -81.248268 22.715164  -0.530468 0.056431 0.845825  0.000000 1.000000 1 1 1.000000
headlightglass
0  -37.249336 -81.171196 22.318777  -0.839002 0.000218 0.544129  0.000000 1.000000 1 1 1.000000
0  -36.874969 -81.248268 22.715164  -0.530468 0.056431 0.845825  0.000000 1.000000 1 1 1.000000
0  -37.238323 -80.973000 22.329788  -0.826716 0.018613 0.562311  0.000000 1.000000 1 1 1.000000
headlightglass
0  -37.249336 -81.171196 22.318777  -0.839002 0.000218 0.544129  0.000000 1.000000 1 1 1.000000
0  -37.238323 -80.973000 22.329788  -0.826716 0.018613 0.562311  0.000000 1.000000 1 1 1.000000
0  -37.436516 -81.270294 21.900370  -0.961446 0.026625 0.273702  0.000000 1.000000 1 1 1.000000
headlightglass
0  -37.436516 -81.105133 21.856327  -0.955946 0.038325 0.291030  0.000000 1.000000 1 1 1.000000
0  -37.436516 -81.270294 21.900370  -0.961446 0.026625 0.273702  0.000000 1.000000 1 1 1.000000
0  -37.238323 -80.973000 22.329788  -0.826716 0.018613 0.562311  0.000000 1.000000 1 1 1.000000
headlightglass
0  -37.436516 -81.105133 21.856327  -0.955946 0.038325 0.291030  0.000000 1.000000 1 1 1.000000
0  -37.513592 -81.314339 21.415897  -0.993953 -0.026630 0.106528  0.000000 1.000000 1 1 1.000000
0  -37.436516 -81.270294 21.900370  -0.961446 0.026625 0.273702  0.000000 1.000000 1 1 1.000000
headlightglass
0  -37.502583 -81.457474 21.470951  -0.994534 -0.037686 0.097372  0.000000 1.000000 1 1 1.000000
0  -37.436516 -81.270294 21.900370  -0.961446 0.026625 0.273702  0.000000 1.000000 1 1 1.000000
0  -37.513592 -81.314339 21.415897  -0.993953 -0.026630 0.106528  0.000000 1.000000 1 1 1.000000
headlightglass
0  -37.502583 -81.457474 21.470951  -0.994534 -0.037686 0.097372  0.000000 1.000000 1 1 1.000000
0  -37.513592 -81.314339 21.415897  -0.993953 -0.026630 0.106528  0.000000 1.000000 1 1 1.000000
0  -37.502583 -82.239235 20.204716  -0.998727 0.035814 -0.035522  0.000000 1.000000 1 1 1.000000
headlightglass
0  -37.502583 -82.107109 20.127640  -0.998118 0.044679 -0.041995  0.000000 1.000000 1 1 1.000000
0  -37.502583 -82.239235 20.204716  -0.998727 0.035814 -0.035522  0.000000 1.000000 1 1 1.000000
0  -37.513592 -81.314339 21.415897  -0.993953 -0.026630 0.106528  0.000000 1.000000 1 1 1.000000
headlightglass
0  -37.502583 -82.239235 20.204716  -0.998727 0.035814 -0.035522  0.000000 1.000000 1 1 1.000000
0  -37.502583 -82.107109 20.127640  -0.998118 0.044679 -0.041995  0.000000 1.000000 1 1 1.000000
0  -37.491570 -83.120094 18.685232  -0.966741 0.211376 -0.143989  0.000000 1.000000 1 1 1.000000
headlightglass
0  -37.436516 -82.965950 18.608156  -0.965698 0.214397 -0.146497  0.000000 1.000000 1 1 1.000000
0  -37.491570 -83.120094 18.685232  -0.966741 0.211376 -0.143989  0.000000 1.000000 1 1 1.000000
0  -37.502583 -82.107109 20.127640  -0.998118 0.044679 -0.041995  0.000000 1.000000 1 1 1.000000
headlightglass
0  -37.491570 -83.120094 18.685232  -0.966741 0.211376 -0.143989  0.000000 1.000000 1 1 1.000000
0  -37.436516 -82.965950 18.608156  -0.965698 0.214397 -0.146497  0.000000 1.000000 1 1 1.000000
0  -37.436516 -83.758720 17.308889  -0.959306 -0.078870 -0.271130  0.000000 1.000000 1 1 1.000000
headlightglass
0  -37.414497 -83.648613 17.154739  -0.920627 -0.222887 -0.320573  0.000000 1.000000 1 1 1.000000
0  -37.436516 -83.758720 17.308889  -0.959306 -0.078870 -0.271130  0.000000 1.000000 1 1 1.000000
0  -37.436516 -82.965950 18.608156  -0.965698 0.214397 -0.146497  0.000000 1.000000 1 1 1.000000
headlightglass
0  -37.414497 -83.648613 17.154739  -0.920627 -0.222887 -0.320573  0.000000 1.000000 1 1 1.000000
0  -37.260345 -83.846809 17.066652  -0.742905 -0.394109 -0.541082  0.000000 1.000000 1 1 1.000000
0  -37.436516 -83.758720 17.308889  -0.959306 -0.078870 -0.271130  0.000000 1.000000 1 1 1.000000
end
