version 1
nodes
0 "blender_implicit" -1
1 "root" -1
2 "steering_wheel" 1
end
skeleton
time 0
0  0.000000 0.000000 0.000000  0.000000 -0.000000 0.000000
1  0.000000 0.000000 0.000000  1.570796 -0.000000 0.000000
2  16.131233 25.153429 3.255158  -0.000002 -0.000000 0.000000
end
triangles
skin_0
0  -0.743254 91.199265 6.331371  -0.026274 0.861180 -0.507621  0.503922 0.090793 1 1 1.000000
0  0.715714 91.199265 6.331371  0.026199 0.861065 -0.507819  0.496109 0.090793 1 1 1.000000
0  0.715714 90.469780 5.078860  0.028035 0.866290 -0.498754  0.496109 0.086886 1 1 1.000000
skin_0
0  0.715714 90.469780 5.078860  0.028035 0.866290 -0.498754  0.496109 0.086886 1 1 1.000000
0  -0.729490 90.469780 5.078860  -0.028070 0.866256 -0.498811  0.503922 0.086886 1 1 1.000000
0  -0.743254 91.199265 6.331371  -0.026274 0.861180 -0.507621  0.503922 0.090793 1 1 1.000000
skin_0
0  -0.729490 90.469780 5.078860  -0.028070 0.866256 -0.498811  0.503922 0.086886 1 1 1.000000
0  0.715714 90.469780 5.078860  0.028035 0.866290 -0.498754  0.496109 0.086886 1 1 1.000000
0  0.701950 90.400963 4.954986  0.022180 0.585705 -0.810221  0.496109 0.085910 1 1 1.000000
skin_0
0  0.701950 90.400963 4.954986  0.022180 0.585705 -0.810221  0.496109 0.085910 1 1 1.000000
0  -0.729490 90.400963 4.954986  -0.022205 0.585686 -0.810234  0.503922 0.085910 1 1 1.000000
0  -0.729490 90.469780 5.078860  -0.028070 0.866256 -0.498811  0.503922 0.086886 1 1 1.000000
skin_0
0  -0.013770 89.960518 4.872402  -0.000027 0.131131 -0.991365  0.500015 0.085910 1 1 1.000000
0  -0.729490 90.400963 4.954986  -0.022205 0.585686 -0.810234  0.503922 0.085910 1 1 1.000000
0  0.701950 90.400963 4.954986  0.022180 0.585705 -0.810221  0.496109 0.085910 1 1 1.000000
skin_0
0  -0.743254 91.199265 6.331371  -0.026274 0.861180 -0.507621  0.503922 0.090793 1 1 1.000000
0  -0.757018 92.850929 9.084140  -0.025392 0.860191 -0.509340  0.503922 0.101535 1 1 1.000000
0  0.729478 92.850929 9.084140  0.025332 0.860231 -0.509275  0.496109 0.101535 1 1 1.000000
skin_0
0  0.729478 92.850929 9.084140  0.025332 0.860231 -0.509275  0.496109 0.101535 1 1 1.000000
0  0.715714 91.199265 6.331371  0.026199 0.861065 -0.507819  0.496109 0.090793 1 1 1.000000
0  -0.743254 91.199265 6.331371  -0.026274 0.861180 -0.507621  0.503922 0.090793 1 1 1.000000
skin_0
0  0.729478 92.933510 9.221779  0.019988 0.941161 -0.337367  0.496109 0.101535 1 1 1.000000
0  -0.757018 92.933510 9.221779  -0.020050 0.941146 -0.337406  0.503922 0.101535 1 1 1.000000
0  -0.013770 93.002327 9.620931  -0.000029 0.986511 -0.163695  0.500015 0.103488 1 1 1.000000
skin_0
0  -7.611414 92.892220 9.896209  -0.100227 0.871098 -0.480774  0.542009 0.104465 1 1 1.000000
0  -8.561121 92.782097 9.882444  -0.119974 0.869388 -0.479343  0.546892 0.104465 1 1 1.000000
0  -8.698758 94.020851 12.291118  -0.118384 0.880121 -0.459752  0.547868 0.113254 1 1 1.000000
skin_0
0  -8.698758 94.020851 12.291118  -0.118384 0.880121 -0.459752  0.547868 0.113254 1 1 1.000000
0  -7.693998 94.130959 12.277354  -0.095588 0.882139 -0.461187  0.542009 0.113254 1 1 1.000000
0  -7.611414 92.892220 9.896209  -0.100163 0.871113 -0.480760  0.542009 0.104465 1 1 1.000000
skin_0
0  -8.561121 92.782097 9.882444  -0.119974 0.869388 -0.479343  0.546892 0.104465 1 1 1.000000
0  -10.336658 92.479294 9.882444  -0.137446 0.869440 -0.474534  0.556658 0.104465 1 1 1.000000
0  -10.364183 93.759338 12.291118  -0.140273 0.874325 -0.464628  0.556658 0.113254 1 1 1.000000
skin_0
0  -10.364183 93.759338 12.291118  -0.140273 0.874325 -0.464628  0.556658 0.113254 1 1 1.000000
0  -8.698758 94.020851 12.291118  -0.118384 0.880121 -0.459752  0.547868 0.113254 1 1 1.000000
0  -8.561121 92.782097 9.882444  -0.119974 0.869388 -0.479343  0.546892 0.104465 1 1 1.000000
skin_0
0  -10.474295 93.731812 12.291118  0.111722 0.880291 -0.461092  0.557634 0.113254 1 1 1.000000
0  -10.460531 92.451767 9.882444  0.235467 0.853638 -0.464604  0.557634 0.104465 1 1 1.000000
0  -10.680753 92.603172 9.841153  0.846479 0.468172 -0.253552  0.558611 0.104465 1 1 1.000000
skin_0
0  -10.680753 92.603172 9.841153  0.846479 0.468172 -0.253552  0.558611 0.104465 1 1 1.000000
0  -10.708280 93.828156 12.277354  0.762998 0.580532 -0.284282  0.558611 0.113254 1 1 1.000000
0  -10.474295 93.731812 12.291118  0.111722 0.880291 -0.461092  0.557634 0.113254 1 1 1.000000
skin_0
0  -10.708280 93.828156 12.277354  0.762998 0.580532 -0.284282  0.558611 0.113254 1 1 1.000000
0  -10.680753 92.603172 9.841153  0.846479 0.468172 -0.253552  0.558611 0.104465 1 1 1.000000
0  -10.845919 93.552887 9.607167  0.986105 0.149313 -0.072822  0.559587 0.103488 1 1 1.000000
skin_0
0  -10.845919 93.552887 9.607167  0.986105 0.149313 -0.072822  0.559587 0.103488 1 1 1.000000
0  -10.900974 94.887970 12.263591  0.982863 0.171333 -0.068012  0.559587 0.113254 1 1 1.000000
0  -10.708280 93.828156 12.277354  0.762998 0.580532 -0.284282  0.558611 0.113254 1 1 1.000000
skin_0
0  -0.743254 91.199265 6.331371  -0.026274 0.861180 -0.507621  0.503922 0.090793 1 1 1.000000
0  -0.729490 90.469780 5.078860  -0.028070 0.866256 -0.498811  0.503922 0.086886 1 1 1.000000
0  -8.175733 90.001808 5.092624  -0.090059 0.840819 -0.533772  0.544939 0.086886 1 1 1.000000
skin_0
0  -8.175733 90.001808 5.092624  -0.090059 0.840819 -0.533772  0.544939 0.086886 1 1 1.000000
0  -8.299608 90.772583 6.345135  -0.081098 0.854712 -0.512728  0.544939 0.090793 1 1 1.000000
0  -0.743254 91.199265 6.331371  -0.026274 0.861180 -0.507621  0.503922 0.090793 1 1 1.000000
skin_0
0  -0.729490 90.469780 5.078860  -0.028070 0.866256 -0.498811  0.503922 0.086886 1 1 1.000000
0  -0.729490 90.400963 4.954986  -0.022205 0.585686 -0.810234  0.503922 0.085910 1 1 1.000000
0  -8.161969 89.932983 4.968750  -0.061412 0.569699 -0.819555  0.544939 0.085910 1 1 1.000000
skin_0
0  -8.161969 89.932983 4.968750  -0.061412 0.569699 -0.819555  0.544939 0.085910 1 1 1.000000
0  -8.175733 90.001808 5.092624  -0.090059 0.840819 -0.533772  0.544939 0.086886 1 1 1.000000
0  -0.729490 90.469780 5.078860  -0.028070 0.866256 -0.498811  0.503922 0.086886 1 1 1.000000
skin_0
0  -0.729490 90.400963 4.954986  -0.022205 0.585686 -0.810234  0.503922 0.085910 1 1 1.000000
0  -0.013770 89.960518 4.872402  -0.000027 0.131131 -0.991365  0.500015 0.085910 1 1 1.000000
0  -8.065621 89.368675 4.872403  -0.001956 0.148174 -0.988959  0.543962 0.085910 1 1 1.000000
skin_0
0  -8.065621 89.368675 4.872403  -0.001956 0.148174 -0.988959  0.543962 0.085910 1 1 1.000000
0  -8.161969 89.932983 4.968750  -0.061412 0.569699 -0.819555  0.544939 0.085910 1 1 1.000000
0  -0.729490 90.400963 4.954986  -0.022205 0.585686 -0.810234  0.503922 0.085910 1 1 1.000000
skin_0
0  -11.382710 87.675720 4.583363  0.028935 0.056546 -0.997981  0.562517 0.084933 1 1 1.000000
0  -11.300127 87.827118 4.624654  0.058518 0.133915 -0.989264  0.561541 0.084933 1 1 1.000000
0  -10.598170 87.372910 4.624654  0.031297 0.099665 -0.994529  0.557634 0.084933 1 1 1.000000
skin_0
0  -10.598170 87.372910 4.624654  0.031297 0.099665 -0.994529  0.557634 0.084933 1 1 1.000000
0  -11.066140 86.932472 4.569599  0.015986 0.048329 -0.998704  0.560564 0.084933 1 1 1.000000
0  -11.382710 87.675720 4.583363  0.028935 0.056546 -0.997981  0.562517 0.084933 1 1 1.000000
skin_0
0  -11.382710 87.675720 4.583363  0.028935 0.056546 -0.997981  0.562517 0.084933 1 1 1.000000
0  -11.066140 86.932472 4.569599  0.015986 0.048329 -0.998704  0.560564 0.084933 1 1 1.000000
0  -11.561639 87.648193 4.597126  -0.028721 0.016223 -0.999456  0.563494 0.084933 1 1 1.000000
skin_0
0  -11.382710 87.675720 4.583363  -0.224884 0.443201 -0.867756  0.562517 0.084933 1 1 1.000000
0  -11.561639 87.648193 4.597126  -0.099863 0.515236 -0.851211  0.563494 0.084933 1 1 1.000000
0  -12.029610 88.295090 5.037570  -0.179619 0.558170 -0.810052  0.565447 0.086886 1 1 1.000000
skin_0
0  -12.029610 88.295090 5.037570  -0.179619 0.558170 -0.810052  0.565447 0.086886 1 1 1.000000
0  -11.891972 88.474014 5.133916  -0.342018 0.483931 -0.805503  0.565447 0.086886 1 1 1.000000
0  -11.382710 87.675720 4.583363  -0.224884 0.443201 -0.867756  0.562517 0.084933 1 1 1.000000
skin_0
0  -11.300127 87.827118 4.624654  -0.423304 0.307952 -0.852044  0.561541 0.084933 1 1 1.000000
0  -11.795625 88.749298 5.202735  -0.732955 0.226228 -0.641559  0.564470 0.086886 1 1 1.000000
0  -11.520349 89.382439 4.954987  -0.640921 0.125962 -0.757201  0.563494 0.085910 1 1 1.000000
skin_0
0  -11.148724 89.685234 5.051333  0.418041 0.395172 -0.817973  0.560564 0.086886 1 1 1.000000
0  -11.520349 89.382439 4.954987  -0.640921 0.125962 -0.757201  0.563494 0.085910 1 1 1.000000
0  -11.644222 91.873688 5.478013  -0.496259 0.154245 -0.854363  0.563494 0.087863 1 1 1.000000
skin_0
0  -11.644222 91.873688 5.478013  -0.496259 0.154245 -0.854363  0.563494 0.087863 1 1 1.000000
0  -11.148724 91.928741 5.519304  0.700052 0.149653 -0.698234  0.560564 0.087863 1 1 1.000000
0  -11.148724 89.685234 5.051333  0.418041 0.395172 -0.817973  0.560564 0.086886 1 1 1.000000
skin_0
0  -11.905737 91.928741 5.918456  -0.953647 0.059206 -0.295047  0.565447 0.089816 1 1 1.000000
0  -11.644222 91.873688 5.478013  -0.496259 0.154245 -0.854363  0.563494 0.087863 1 1 1.000000
0  -11.520349 89.382439 4.954987  -0.640921 0.125962 -0.757201  0.563494 0.085910 1 1 1.000000
skin_0
0  -11.520349 89.382439 4.954987  -0.640921 0.125962 -0.757201  0.563494 0.085910 1 1 1.000000
0  -11.795625 88.749298 5.202735  -0.732955 0.226228 -0.641559  0.564470 0.086886 1 1 1.000000
0  -11.905737 91.928741 5.918456  -0.953647 0.059206 -0.295047  0.565447 0.089816 1 1 1.000000
skin_0
0  -11.891972 88.474014 5.133916  -0.342018 0.483931 -0.805503  0.565447 0.086886 1 1 1.000000
0  -12.029610 88.295090 5.037570  -0.179619 0.558170 -0.810052  0.565447 0.086886 1 1 1.000000
0  -12.373707 90.277077 6.771815  -0.198013 0.691033 -0.695172  0.567400 0.092746 1 1 1.000000
skin_0
0  -12.373707 90.277077 6.771815  -0.198013 0.691033 -0.695172  0.567400 0.092746 1 1 1.000000
0  -12.236068 90.345894 6.799342  -0.451130 0.610796 -0.650699  0.567400 0.092746 1 1 1.000000
0  -11.891972 88.474014 5.133916  -0.342018 0.483931 -0.805503  0.565447 0.086886 1 1 1.000000
skin_0
0  -12.125958 90.566124 6.840634  -0.908576 0.264145 -0.323600  0.566424 0.092746 1 1 1.000000
0  -12.015846 92.314133 7.060855  -0.991326 0.086988 -0.098521  0.565447 0.093722 1 1 1.000000
0  -11.905737 91.928741 5.918456  -0.953647 0.059206 -0.295047  0.565447 0.089816 1 1 1.000000
skin_0
0  -11.905737 91.928741 5.918456  -0.953647 0.059206 -0.295047  0.565447 0.089816 1 1 1.000000
0  -11.795625 88.749298 5.202735  -0.732955 0.226228 -0.641559  0.564470 0.086886 1 1 1.000000
0  -12.125958 90.566124 6.840634  -0.908576 0.264145 -0.323600  0.566424 0.092746 1 1 1.000000
skin_0
0  -12.236068 90.345894 6.799342  -0.451130 0.610796 -0.650699  0.567400 0.092746 1 1 1.000000
0  -12.373707 90.277077 6.771815  -0.198013 0.691033 -0.695172  0.567400 0.092746 1 1 1.000000
0  -12.483818 91.791107 8.671226  -0.169480 0.805836 -0.567367  0.568377 0.099582 1 1 1.000000
skin_0
0  -12.483818 91.791107 8.671226  -0.169480 0.805836 -0.567367  0.568377 0.099582 1 1 1.000000
0  -12.318651 91.846161 8.684990  -0.468711 0.718691 -0.513608  0.567400 0.099582 1 1 1.000000
0  -12.236068 90.345894 6.799342  -0.451130 0.610796 -0.650699  0.567400 0.092746 1 1 1.000000
skin_0
0  -12.194777 91.970032 8.629934  -0.899128 0.345521 -0.268672  0.566424 0.099582 1 1 1.000000
0  -12.043375 92.782097 8.189491  -0.983991 0.143109 -0.106216  0.565447 0.097629 1 1 1.000000
0  -12.015846 92.314133 7.060855  -0.991326 0.086988 -0.098521  0.565447 0.093722 1 1 1.000000
skin_0
0  -12.015846 92.314133 7.060855  -0.991326 0.086988 -0.098521  0.565447 0.093722 1 1 1.000000
0  -12.125958 90.566124 6.840634  -0.908576 0.264145 -0.323600  0.566424 0.092746 1 1 1.000000
0  -12.194777 91.970032 8.629934  -0.899128 0.345521 -0.268672  0.566424 0.099582 1 1 1.000000
skin_0
0  -12.318651 91.846161 8.684990  -0.468711 0.718691 -0.513608  0.567400 0.099582 1 1 1.000000
0  -12.483818 91.791107 8.671226  -0.169480 0.805836 -0.567367  0.568377 0.099582 1 1 1.000000
0  -12.662748 93.126198 10.942262  -0.121892 0.844578 -0.521373  0.569353 0.108371 1 1 1.000000
skin_0
0  -12.662748 93.126198 10.942262  -0.121892 0.844578 -0.521373  0.569353 0.108371 1 1 1.000000
0  -12.470054 93.181252 10.983552  -0.401902 0.700300 -0.589961  0.568377 0.108371 1 1 1.000000
0  -12.318651 91.846161 8.684990  -0.468711 0.718691 -0.513608  0.567400 0.099582 1 1 1.000000
skin_0
0  -12.346180 93.332657 11.024844  -0.722994 0.431247 -0.539727  0.567400 0.108371 1 1 1.000000
0  -12.084665 94.351181 11.313885  -0.650433 0.335335 -0.681533  0.566424 0.109348 1 1 1.000000
0  -12.043375 92.782097 8.189491  -0.983991 0.143109 -0.106216  0.565447 0.097629 1 1 1.000000
skin_0
0  -12.043375 92.782097 8.189491  -0.983991 0.143109 -0.106216  0.565447 0.097629 1 1 1.000000
0  -12.194777 91.970032 8.629934  -0.899128 0.345521 -0.268672  0.566424 0.099582 1 1 1.000000
0  -12.346180 93.332657 11.024844  -0.722994 0.431247 -0.539727  0.567400 0.108371 1 1 1.000000
skin_0
0  -13.295883 93.566650 11.616690  -0.208523 0.410852 -0.887535  0.573260 0.110324 1 1 1.000000
0  -13.116955 94.667755 11.905731  -0.222736 0.281310 -0.933410  0.572283 0.111301 1 1 1.000000
0  -12.084665 94.351181 11.313885  -0.650433 0.335335 -0.681533  0.566424 0.109348 1 1 1.000000
skin_0
0  -12.084665 94.351181 11.313885  -0.650433 0.335335 -0.681533  0.566424 0.109348 1 1 1.000000
0  -12.346180 93.332657 11.024844  -0.722994 0.431247 -0.539727  0.567400 0.108371 1 1 1.000000
0  -13.295883 93.566650 11.616690  -0.208523 0.410852 -0.887535  0.573260 0.110324 1 1 1.000000
skin_0
0  -19.819948 85.390915 4.707238  -0.011825 0.007977 -0.999898  0.608417 0.084933 1 1 1.000000
0  -19.833712 85.968994 4.707238  -0.012116 0.007237 -0.999900  0.608417 0.084933 1 1 1.000000
0  -12.621456 87.496780 4.624654  -0.027651 0.030567 -0.999150  0.569353 0.084933 1 1 1.000000
skin_0
0  -12.621456 87.496780 4.624654  -0.027651 0.030567 -0.999150  0.569353 0.084933 1 1 1.000000
0  -12.456290 86.739769 4.597126  -0.025696 0.028392 -0.999267  0.568377 0.084933 1 1 1.000000
0  -19.819948 85.390915 4.707238  -0.011825 0.007977 -0.999898  0.608417 0.084933 1 1 1.000000
skin_0
0  -19.943821 88.584122 6.441482  -0.158849 0.631757 -0.758716  0.609394 0.091769 1 1 1.000000
0  -13.020608 90.015572 6.702995  -0.156675 0.684061 -0.712400  0.571307 0.092746 1 1 1.000000
0  -12.621456 87.496780 4.624654  -0.139237 0.577480 -0.804444  0.569353 0.084933 1 1 1.000000
skin_0
0  -12.621456 87.496780 4.624654  -0.139237 0.577480 -0.804444  0.569353 0.084933 1 1 1.000000
0  -19.833712 85.968994 4.707238  -0.162844 0.531990 -0.830944  0.608417 0.084933 1 1 1.000000
0  -19.943821 88.584122 6.441482  -0.158849 0.631757 -0.758716  0.609394 0.091769 1 1 1.000000
skin_0
0  -20.122753 90.593651 8.588643  -0.152348 0.763648 -0.627401  0.610370 0.099582 1 1 1.000000
0  -13.213302 91.598412 8.616170  -0.140026 0.799501 -0.584116  0.572283 0.099582 1 1 1.000000
0  -13.020608 90.015572 6.702995  -0.156675 0.684061 -0.712400  0.571307 0.092746 1 1 1.000000
skin_0
0  -13.020608 90.015572 6.702995  -0.156675 0.684061 -0.712400  0.571307 0.092746 1 1 1.000000
0  -19.943821 88.584122 6.441482  -0.158849 0.631757 -0.758716  0.609394 0.091769 1 1 1.000000
0  -20.122753 90.593651 8.588643  -0.152348 0.763648 -0.627401  0.610370 0.099582 1 1 1.000000
skin_0
0  -20.260391 92.479294 11.341413  -0.130859 0.809966 -0.571691  0.611347 0.109348 1 1 1.000000
0  -13.268355 93.277603 11.327649  -0.110460 0.835460 -0.538336  0.572283 0.109348 1 1 1.000000
0  -13.213302 91.598412 8.616170  -0.140026 0.799501 -0.584116  0.572283 0.099582 1 1 1.000000
skin_0
0  -13.213302 91.598412 8.616170  -0.140026 0.799501 -0.584116  0.572283 0.099582 1 1 1.000000
0  -20.122753 90.593651 8.588643  -0.152348 0.763648 -0.627401  0.610370 0.099582 1 1 1.000000
0  -20.260391 92.479294 11.341413  -0.130859 0.809966 -0.571691  0.611347 0.109348 1 1 1.000000
skin_0
0  -20.260391 92.575638 11.465288  -0.109185 0.695426 -0.710255  0.611347 0.110324 1 1 1.000000
0  -13.282120 93.387711 11.492814  -0.182319 0.678305 -0.711802  0.572283 0.110324 1 1 1.000000
0  -13.268355 93.277603 11.327649  -0.110460 0.835460 -0.538336  0.572283 0.109348 1 1 1.000000
skin_0
0  -13.268355 93.277603 11.327649  -0.110460 0.835460 -0.538336  0.572283 0.109348 1 1 1.000000
0  -20.260391 92.479294 11.341413  -0.130859 0.809966 -0.571691  0.611347 0.109348 1 1 1.000000
0  -20.260391 92.575638 11.465288  -0.109185 0.695426 -0.710255  0.611347 0.110324 1 1 1.000000
skin_0
0  -20.287918 92.754570 11.589162  -0.066693 0.426728 -0.901917  0.611347 0.110324 1 1 1.000000
0  -20.439322 93.800629 11.905732  -0.041791 0.279067 -0.959362  0.612323 0.111301 1 1 1.000000
0  -13.116955 94.667755 11.905731  -0.222736 0.281310 -0.933410  0.572283 0.111301 1 1 1.000000
skin_0
0  -13.116955 94.667755 11.905731  -0.222736 0.281310 -0.933410  0.572283 0.111301 1 1 1.000000
0  -13.295883 93.566650 11.616690  -0.208523 0.410852 -0.887535  0.573260 0.110324 1 1 1.000000
0  -20.287918 92.754570 11.589162  -0.066693 0.426728 -0.901917  0.611347 0.110324 1 1 1.000000
skin_0
0  -23.605005 84.124641 4.734766  -0.001160 0.010630 -0.999943  0.629902 0.084933 1 1 1.000000
0  -23.646299 84.468742 4.748529  -0.004441 0.008696 -0.999952  0.629902 0.084933 1 1 1.000000
0  -19.833712 85.968994 4.707238  -0.012116 0.007237 -0.999900  0.608417 0.084933 1 1 1.000000
skin_0
0  -19.833712 85.968994 4.707238  -0.012116 0.007237 -0.999900  0.608417 0.084933 1 1 1.000000
0  -19.819948 85.390915 4.707238  -0.011825 0.007977 -0.999898  0.608417 0.084933 1 1 1.000000
0  -23.605005 84.124641 4.734766  -0.001160 0.010630 -0.999943  0.629902 0.084933 1 1 1.000000
skin_0
0  -23.605005 84.124641 4.734766  -0.001160 0.010630 -0.999943  0.629902 0.084933 1 1 1.000000
0  -25.986151 82.775787 4.707238  -0.021677 0.057872 -0.998089  0.642598 0.084933 1 1 1.000000
0  -23.646299 84.468742 4.748529  -0.004441 0.008696 -0.999952  0.629902 0.084933 1 1 1.000000
skin_0
0  -24.100506 91.763580 11.396469  -0.208128 0.766357 -0.607767  0.631855 0.110324 1 1 1.000000
0  -26.798218 90.910217 11.437760  -0.248152 0.749937 -0.613201  0.647481 0.110324 1 1 1.000000
0  -26.811981 91.006561 11.561634  -0.213059 0.642320 -0.736228  0.647481 0.110324 1 1 1.000000
skin_0
0  -26.811981 91.006561 11.561634  -0.213059 0.642320 -0.736228  0.647481 0.110324 1 1 1.000000
0  -24.114269 91.859924 11.520344  -0.174715 0.647699 -0.741593  0.631855 0.110324 1 1 1.000000
0  -24.100506 91.763580 11.396469  -0.208128 0.766357 -0.607767  0.631855 0.110324 1 1 1.000000
skin_0
0  -24.128033 92.038849 11.644217  -0.103439 0.377951 -0.920029  0.632832 0.110324 1 1 1.000000
0  -26.853275 91.185501 11.671745  -0.126821 0.362621 -0.923267  0.647481 0.111301 1 1 1.000000
0  -26.977148 92.479294 11.947022  -0.068126 0.203035 -0.976799  0.648457 0.112278 1 1 1.000000
skin_0
0  -26.977148 92.479294 11.947022  -0.068126 0.203035 -0.976799  0.648457 0.112278 1 1 1.000000
0  -24.155560 93.181252 11.919496  -0.061880 0.237962 -0.969301  0.632832 0.111301 1 1 1.000000
0  -24.128033 92.038849 11.644217  -0.103439 0.377951 -0.920029  0.632832 0.110324 1 1 1.000000
skin_0
0  -8.175733 90.001808 5.092624  -0.090059 0.840819 -0.533772  0.544939 0.086886 1 1 1.000000
0  -10.749573 89.575127 5.092625  -0.136634 0.806858 -0.574728  0.558611 0.086886 1 1 1.000000
0  -10.419241 90.579887 6.441482  -0.107871 0.844767 -0.524149  0.556658 0.091769 1 1 1.000000
skin_0
0  -10.419241 90.579887 6.441482  -0.107871 0.844767 -0.524149  0.556658 0.091769 1 1 1.000000
0  -8.299608 90.772583 6.345135  -0.081098 0.854712 -0.512728  0.544939 0.090793 1 1 1.000000
0  -8.175733 90.001808 5.092624  -0.090059 0.840819 -0.533772  0.544939 0.086886 1 1 1.000000
skin_0
0  -10.914739 89.547600 5.092625  0.193320 0.755001 -0.626579  0.559587 0.086886 1 1 1.000000
0  -10.900974 90.263313 5.835873  0.756174 0.390628 -0.524987  0.559587 0.089816 1 1 1.000000
0  -10.708281 90.676239 6.413954  0.801351 0.426833 -0.419107  0.558611 0.091769 1 1 1.000000
skin_0
0  -10.708281 90.676239 6.413954  0.801351 0.426833 -0.419107  0.558611 0.091769 1 1 1.000000
0  -10.556879 90.566124 6.441482  0.222834 0.800331 -0.556610  0.557634 0.091769 1 1 1.000000
0  -10.914739 89.547600 5.092625  0.193320 0.755001 -0.626579  0.559587 0.086886 1 1 1.000000
skin_0
0  -10.708281 90.676239 6.413954  0.801351 0.426833 -0.419107  0.558611 0.091769 1 1 1.000000
0  -10.900974 90.263313 5.835873  0.756174 0.390628 -0.524987  0.559587 0.089816 1 1 1.000000
0  -10.900974 92.121429 6.386426  0.976075 0.113677 -0.185350  0.559587 0.091769 1 1 1.000000
skin_0
0  -8.161969 89.932983 4.968750  -0.061412 0.569699 -0.819555  0.544939 0.085910 1 1 1.000000
0  -10.777101 89.478783 4.982514  -0.098442 0.567838 -0.817232  0.558611 0.085910 1 1 1.000000
0  -10.749573 89.575127 5.092625  -0.136634 0.806858 -0.574728  0.558611 0.086886 1 1 1.000000
skin_0
0  -10.749573 89.575127 5.092625  -0.136634 0.806858 -0.574728  0.558611 0.086886 1 1 1.000000
0  -8.175733 90.001808 5.092624  -0.090059 0.840819 -0.533772  0.544939 0.086886 1 1 1.000000
0  -8.161969 89.932983 4.968750  -0.061412 0.569699 -0.819555  0.544939 0.085910 1 1 1.000000
skin_0
0  -10.914739 89.547600 5.092625  0.193320 0.755001 -0.626579  0.559587 0.086886 1 1 1.000000
0  -10.942267 89.465019 4.982514  0.056582 0.468344 -0.881733  0.559587 0.085910 1 1 1.000000
0  -11.148724 89.685234 5.051333  0.418041 0.395172 -0.817973  0.560564 0.086886 1 1 1.000000
skin_0
0  -11.148724 89.685234 5.051333  0.418041 0.395172 -0.817973  0.560564 0.086886 1 1 1.000000
0  -10.900974 90.263313 5.835873  0.756174 0.390628 -0.524987  0.559587 0.089816 1 1 1.000000
0  -10.914739 89.547600 5.092625  0.193320 0.755001 -0.626579  0.559587 0.086886 1 1 1.000000
skin_0
0  -11.148724 89.685234 5.051333  0.418041 0.395172 -0.817973  0.560564 0.086886 1 1 1.000000
0  -11.148724 91.928741 5.519304  0.700052 0.149653 -0.698234  0.560564 0.087863 1 1 1.000000
0  -10.900974 92.121429 6.386426  0.976075 0.113677 -0.185350  0.559587 0.091769 1 1 1.000000
skin_0
0  -10.900974 92.121429 6.386426  0.976075 0.113677 -0.185350  0.559587 0.091769 1 1 1.000000
0  -10.900974 90.263313 5.835873  0.756174 0.390628 -0.524987  0.559587 0.089816 1 1 1.000000
0  -11.148724 89.685234 5.051333  0.418041 0.395172 -0.817973  0.560564 0.086886 1 1 1.000000
skin_0
0  -8.299608 90.772583 6.345135  -0.081098 0.854712 -0.512728  0.544939 0.090793 1 1 1.000000
0  -10.419241 90.579887 6.441482  -0.107871 0.844767 -0.524149  0.556658 0.091769 1 1 1.000000
0  -10.336658 92.479294 9.882444  -0.137446 0.869440 -0.474534  0.556658 0.104465 1 1 1.000000
skin_0
0  -10.336658 92.479294 9.882444  -0.137446 0.869440 -0.474534  0.556658 0.104465 1 1 1.000000
0  -8.561121 92.782097 9.882444  -0.119974 0.869388 -0.479343  0.546892 0.104465 1 1 1.000000
0  -8.299608 90.772583 6.345135  -0.081098 0.854712 -0.512728  0.544939 0.090793 1 1 1.000000
skin_0
0  -10.708281 90.676239 6.413954  0.801351 0.426833 -0.419107  0.558611 0.091769 1 1 1.000000
0  -10.680753 92.603172 9.841153  0.846479 0.468172 -0.253552  0.558611 0.104465 1 1 1.000000
0  -10.460531 92.451767 9.882444  0.235467 0.853638 -0.464604  0.557634 0.104465 1 1 1.000000
skin_0
0  -10.460531 92.451767 9.882444  0.235467 0.853638 -0.464604  0.557634 0.104465 1 1 1.000000
0  -10.556879 90.566124 6.441482  0.222834 0.800331 -0.556610  0.557634 0.091769 1 1 1.000000
0  -10.708281 90.676239 6.413954  0.801351 0.426833 -0.419107  0.558611 0.091769 1 1 1.000000
skin_0
0  -10.900974 92.121429 6.386426  0.976075 0.113677 -0.185350  0.559587 0.091769 1 1 1.000000
0  -10.845919 93.552887 9.607167  0.986105 0.149313 -0.072822  0.559587 0.103488 1 1 1.000000
0  -10.680753 92.603172 9.841153  0.846479 0.468172 -0.253552  0.558611 0.104465 1 1 1.000000
skin_0
0  -10.680753 92.603172 9.841153  0.846479 0.468172 -0.253552  0.558611 0.104465 1 1 1.000000
0  -10.708281 90.676239 6.413954  0.801351 0.426833 -0.419107  0.558611 0.091769 1 1 1.000000
0  -10.900974 92.121429 6.386426  0.976075 0.113677 -0.185350  0.559587 0.091769 1 1 1.000000
skin_0
0  -7.611414 92.892220 9.896209  -0.100227 0.871098 -0.480774  0.542009 0.104465 1 1 1.000000
0  -8.299608 90.772583 6.345135  -0.081098 0.854712 -0.512728  0.544939 0.090793 1 1 1.000000
0  -8.561121 92.782097 9.882444  -0.119974 0.869388 -0.479343  0.546892 0.104465 1 1 1.000000
skin_0
0  -0.743254 91.199265 6.331371  -0.026274 0.861180 -0.507621  0.503922 0.090793 1 1 1.000000
0  -8.299608 90.772583 6.345135  -0.081098 0.854712 -0.512728  0.544939 0.090793 1 1 1.000000
0  -7.212263 92.850929 9.717278  -0.074837 0.862307 -0.500826  0.539079 0.103488 1 1 1.000000
skin_0
0  -7.212263 92.850929 9.717278  -0.074837 0.862307 -0.500826  0.539079 0.103488 1 1 1.000000
0  -0.757018 92.850929 9.084140  -0.025392 0.860191 -0.509340  0.503922 0.101535 1 1 1.000000
0  -0.743254 91.199265 6.331371  -0.026274 0.861180 -0.507621  0.503922 0.090793 1 1 1.000000
skin_0
0  -8.161969 89.932983 4.968750  -0.061412 0.569699 -0.819555  0.544939 0.085910 1 1 1.000000
0  -8.065621 89.368675 4.872403  -0.001956 0.148174 -0.988959  0.543962 0.085910 1 1 1.000000
0  -10.598170 88.776825 4.776056  -0.013049 0.189418 -0.981810  0.557634 0.085910 1 1 1.000000
skin_0
0  -10.598170 88.776825 4.776056  -0.013049 0.189418 -0.981810  0.557634 0.085910 1 1 1.000000
0  -10.777101 89.478783 4.982514  -0.098442 0.567838 -0.817232  0.558611 0.085910 1 1 1.000000
0  -8.161969 89.932983 4.968750  -0.061412 0.569699 -0.819555  0.544939 0.085910 1 1 1.000000
skin_0
0  -10.942267 89.465019 4.982514  0.056582 0.468344 -0.881733  0.559587 0.085910 1 1 1.000000
0  -11.520349 89.382439 4.954987  -0.012545 0.253945 -0.967137  0.563494 0.085910 1 1 1.000000
0  -11.148724 89.685234 5.051333  0.011924 0.281176 -0.959582  0.560564 0.086886 1 1 1.000000
skin_0
0  -11.382710 87.675720 4.583363  -0.224884 0.443201 -0.867756  0.562517 0.084933 1 1 1.000000
0  -11.891972 88.474014 5.133916  -0.342018 0.483931 -0.805503  0.565447 0.086886 1 1 1.000000
0  -11.795625 88.749298 5.202735  -0.732955 0.226228 -0.641559  0.564470 0.086886 1 1 1.000000
skin_0
0  -11.795625 88.749298 5.202735  -0.732955 0.226228 -0.641559  0.564470 0.086886 1 1 1.000000
0  -11.300127 87.827118 4.624654  -0.423304 0.307952 -0.852044  0.561541 0.084933 1 1 1.000000
0  -11.382710 87.675720 4.583363  -0.224884 0.443201 -0.867756  0.562517 0.084933 1 1 1.000000
skin_0
0  -11.891972 88.474014 5.133916  -0.342018 0.483931 -0.805503  0.565447 0.086886 1 1 1.000000
0  -12.236068 90.345894 6.799342  -0.451130 0.610796 -0.650699  0.567400 0.092746 1 1 1.000000
0  -12.125958 90.566124 6.840634  -0.908576 0.264145 -0.323600  0.566424 0.092746 1 1 1.000000
skin_0
0  -12.125958 90.566124 6.840634  -0.908576 0.264145 -0.323600  0.566424 0.092746 1 1 1.000000
0  -11.795625 88.749298 5.202735  -0.732955 0.226228 -0.641559  0.564470 0.086886 1 1 1.000000
0  -11.891972 88.474014 5.133916  -0.342018 0.483931 -0.805503  0.565447 0.086886 1 1 1.000000
skin_0
0  -12.236068 90.345894 6.799342  -0.451130 0.610796 -0.650699  0.567400 0.092746 1 1 1.000000
0  -12.318651 91.846161 8.684990  -0.468711 0.718691 -0.513608  0.567400 0.099582 1 1 1.000000
0  -12.194777 91.970032 8.629934  -0.899128 0.345521 -0.268672  0.566424 0.099582 1 1 1.000000
skin_0
0  -12.194777 91.970032 8.629934  -0.899128 0.345521 -0.268672  0.566424 0.099582 1 1 1.000000
0  -12.125958 90.566124 6.840634  -0.908576 0.264145 -0.323600  0.566424 0.092746 1 1 1.000000
0  -12.236068 90.345894 6.799342  -0.451130 0.610796 -0.650699  0.567400 0.092746 1 1 1.000000
skin_0
0  -12.318651 91.846161 8.684990  -0.468711 0.718691 -0.513608  0.567400 0.099582 1 1 1.000000
0  -12.470054 93.181252 10.983552  -0.401902 0.700300 -0.589961  0.568377 0.108371 1 1 1.000000
0  -12.346180 93.332657 11.024844  -0.722994 0.431247 -0.539727  0.567400 0.108371 1 1 1.000000
skin_0
0  -12.346180 93.332657 11.024844  -0.722994 0.431247 -0.539727  0.567400 0.108371 1 1 1.000000
0  -12.194777 91.970032 8.629934  -0.899128 0.345521 -0.268672  0.566424 0.099582 1 1 1.000000
0  -12.318651 91.846161 8.684990  -0.468711 0.718691 -0.513608  0.567400 0.099582 1 1 1.000000
skin_0
0  -12.470054 93.181252 10.983552  -0.401902 0.700300 -0.589961  0.568377 0.108371 1 1 1.000000
0  -13.282120 93.387711 11.492814  -0.182319 0.678305 -0.711802  0.572283 0.110324 1 1 1.000000
0  -13.295883 93.566650 11.616690  -0.208523 0.410852 -0.887535  0.573260 0.110324 1 1 1.000000
skin_0
0  -13.295883 93.566650 11.616690  -0.208523 0.410852 -0.887535  0.573260 0.110324 1 1 1.000000
0  -12.346180 93.332657 11.024844  -0.722994 0.431247 -0.539727  0.567400 0.108371 1 1 1.000000
0  -12.470054 93.181252 10.983552  -0.401902 0.700300 -0.589961  0.568377 0.108371 1 1 1.000000
skin_0
0  -13.282120 93.387711 11.492814  -0.182319 0.678305 -0.711802  0.572283 0.110324 1 1 1.000000
0  -20.260391 92.575638 11.465288  -0.109185 0.695426 -0.710255  0.611347 0.110324 1 1 1.000000
0  -20.287918 92.754570 11.589162  -0.066693 0.426728 -0.901917  0.611347 0.110324 1 1 1.000000
skin_0
0  -20.287918 92.754570 11.589162  -0.066693 0.426728 -0.901917  0.611347 0.110324 1 1 1.000000
0  -13.295883 93.566650 11.616690  -0.208523 0.410852 -0.887535  0.573260 0.110324 1 1 1.000000
0  -13.282120 93.387711 11.492814  -0.182319 0.678305 -0.711802  0.572283 0.110324 1 1 1.000000
skin_0
0  -26.853275 91.185501 11.671745  -0.126821 0.362621 -0.923267  0.647481 0.111301 1 1 1.000000
0  -24.128033 92.038849 11.644217  -0.103439 0.377951 -0.920029  0.632832 0.110324 1 1 1.000000
0  -24.114269 91.859924 11.520344  -0.174715 0.647699 -0.741593  0.631855 0.110324 1 1 1.000000
skin_0
0  -24.114269 91.859924 11.520344  -0.174715 0.647699 -0.741593  0.631855 0.110324 1 1 1.000000
0  -26.811981 91.006561 11.561634  -0.213059 0.642320 -0.736228  0.647481 0.110324 1 1 1.000000
0  -26.853275 91.185501 11.671745  -0.126821 0.362621 -0.923267  0.647481 0.111301 1 1 1.000000
skin_0
0  -12.470054 93.181252 10.983552  -0.401902 0.700300 -0.589961  0.568377 0.108371 1 1 1.000000
0  -12.662748 93.126198 10.942262  -0.121892 0.844578 -0.521373  0.569353 0.108371 1 1 1.000000
0  -13.268355 93.277603 11.327649  -0.110460 0.835460 -0.538336  0.572283 0.109348 1 1 1.000000
skin_0
0  -13.268355 93.277603 11.327649  -0.110460 0.835460 -0.538336  0.572283 0.109348 1 1 1.000000
0  -13.282120 93.387711 11.492814  -0.182319 0.678305 -0.711802  0.572283 0.110324 1 1 1.000000
0  -12.470054 93.181252 10.983552  -0.401902 0.700300 -0.589961  0.568377 0.108371 1 1 1.000000
skin_0
0  -13.268355 93.277603 11.327649  -0.110460 0.835460 -0.538336  0.572283 0.109348 1 1 1.000000
0  -12.662748 93.126198 10.942262  -0.121892 0.844578 -0.521373  0.569353 0.108371 1 1 1.000000
0  -12.483818 91.791107 8.671226  -0.169480 0.805836 -0.567367  0.568377 0.099582 1 1 1.000000
skin_0
0  -12.483818 91.791107 8.671226  -0.169480 0.805836 -0.567367  0.568377 0.099582 1 1 1.000000
0  -13.213302 91.598412 8.616170  -0.140026 0.799501 -0.584116  0.572283 0.099582 1 1 1.000000
0  -13.268355 93.277603 11.327649  -0.110460 0.835460 -0.538336  0.572283 0.109348 1 1 1.000000
skin_0
0  -13.213302 91.598412 8.616170  -0.140026 0.799501 -0.584116  0.572283 0.099582 1 1 1.000000
0  -12.483818 91.791107 8.671226  -0.169480 0.805836 -0.567367  0.568377 0.099582 1 1 1.000000
0  -12.373707 90.277077 6.771815  -0.198013 0.691033 -0.695172  0.567400 0.092746 1 1 1.000000
skin_0
0  -12.373707 90.277077 6.771815  -0.198013 0.691033 -0.695172  0.567400 0.092746 1 1 1.000000
0  -13.020608 90.015572 6.702995  -0.156675 0.684061 -0.712400  0.571307 0.092746 1 1 1.000000
0  -13.213302 91.598412 8.616170  -0.140026 0.799501 -0.584116  0.572283 0.099582 1 1 1.000000
skin_0
0  -13.020608 90.015572 6.702995  -0.156675 0.684061 -0.712400  0.571307 0.092746 1 1 1.000000
0  -12.373707 90.277077 6.771815  -0.198013 0.691033 -0.695172  0.567400 0.092746 1 1 1.000000
0  -12.029610 88.295090 5.037570  -0.179619 0.558170 -0.810052  0.565447 0.086886 1 1 1.000000
skin_0
0  -12.029610 88.295090 5.037570  -0.179619 0.558170 -0.810052  0.565447 0.086886 1 1 1.000000
0  -12.621456 87.496780 4.624654  -0.139237 0.577480 -0.804444  0.569353 0.084933 1 1 1.000000
0  -13.020608 90.015572 6.702995  -0.156675 0.684061 -0.712400  0.571307 0.092746 1 1 1.000000
skin_0
0  -12.029610 88.295090 5.037570  -0.179619 0.558170 -0.810052  0.565447 0.086886 1 1 1.000000
0  -11.561639 87.648193 4.597126  -0.099863 0.515236 -0.851211  0.563494 0.084933 1 1 1.000000
0  -12.621456 87.496780 4.624654  -0.139237 0.577480 -0.804444  0.569353 0.084933 1 1 1.000000
skin_0
0  -11.561639 87.648193 4.597126  -0.028721 0.016223 -0.999456  0.563494 0.084933 1 1 1.000000
0  -11.066140 86.932472 4.569599  0.015986 0.048329 -0.998704  0.560564 0.084933 1 1 1.000000
0  -12.456290 86.739769 4.597126  -0.025696 0.028392 -0.999267  0.568377 0.084933 1 1 1.000000
skin_0
0  -12.456290 86.739769 4.597126  -0.025696 0.028392 -0.999267  0.568377 0.084933 1 1 1.000000
0  -12.621456 87.496780 4.624654  -0.027651 0.030567 -0.999150  0.569353 0.084933 1 1 1.000000
0  -11.561639 87.648193 4.597126  -0.028721 0.016223 -0.999456  0.563494 0.084933 1 1 1.000000
skin_0
0  -10.460531 92.451767 9.882444  0.235467 0.853638 -0.464604  0.557634 0.104465 1 1 1.000000
0  -10.474295 93.731812 12.291118  0.111722 0.880291 -0.461092  0.557634 0.113254 1 1 1.000000
0  -10.364183 93.759338 12.291118  -0.140273 0.874325 -0.464628  0.556658 0.113254 1 1 1.000000
skin_0
0  -10.364183 93.759338 12.291118  -0.140273 0.874325 -0.464628  0.556658 0.113254 1 1 1.000000
0  -10.336658 92.479294 9.882444  -0.137446 0.869440 -0.474534  0.556658 0.104465 1 1 1.000000
0  -10.460531 92.451767 9.882444  0.235467 0.853638 -0.464604  0.557634 0.104465 1 1 1.000000
skin_0
0  -10.460531 92.451767 9.882444  0.235467 0.853638 -0.464604  0.557634 0.104465 1 1 1.000000
0  -10.336658 92.479294 9.882444  -0.137446 0.869440 -0.474534  0.556658 0.104465 1 1 1.000000
0  -10.419241 90.579887 6.441482  -0.107871 0.844767 -0.524149  0.556658 0.091769 1 1 1.000000
skin_0
0  -10.419241 90.579887 6.441482  -0.107871 0.844767 -0.524149  0.556658 0.091769 1 1 1.000000
0  -10.556879 90.566124 6.441482  0.222834 0.800331 -0.556610  0.557634 0.091769 1 1 1.000000
0  -10.460531 92.451767 9.882444  0.235467 0.853638 -0.464604  0.557634 0.104465 1 1 1.000000
skin_0
0  -10.556879 90.566124 6.441482  0.222834 0.800331 -0.556610  0.557634 0.091769 1 1 1.000000
0  -10.419241 90.579887 6.441482  -0.107871 0.844767 -0.524149  0.556658 0.091769 1 1 1.000000
0  -10.749573 89.575127 5.092625  -0.136634 0.806858 -0.574728  0.558611 0.086886 1 1 1.000000
skin_0
0  -10.749573 89.575127 5.092625  -0.136634 0.806858 -0.574728  0.558611 0.086886 1 1 1.000000
0  -10.914739 89.547600 5.092625  0.193320 0.755001 -0.626579  0.559587 0.086886 1 1 1.000000
0  -10.556879 90.566124 6.441482  0.222834 0.800331 -0.556610  0.557634 0.091769 1 1 1.000000
skin_0
0  -10.914739 89.547600 5.092625  0.193320 0.755001 -0.626579  0.559587 0.086886 1 1 1.000000
0  -10.749573 89.575127 5.092625  -0.136634 0.806858 -0.574728  0.558611 0.086886 1 1 1.000000
0  -10.777101 89.478783 4.982514  -0.098442 0.567838 -0.817232  0.558611 0.085910 1 1 1.000000
skin_0
0  -10.777101 89.478783 4.982514  -0.098442 0.567838 -0.817232  0.558611 0.085910 1 1 1.000000
0  -10.942267 89.465019 4.982514  0.056582 0.468344 -0.881733  0.559587 0.085910 1 1 1.000000
0  -10.914739 89.547600 5.092625  0.193320 0.755001 -0.626579  0.559587 0.086886 1 1 1.000000
skin_0
0  -10.777101 89.478783 4.982514  -0.098442 0.567838 -0.817232  0.558611 0.085910 1 1 1.000000
0  -10.598170 88.776825 4.776056  -0.013049 0.189418 -0.981810  0.557634 0.085910 1 1 1.000000
0  -10.942267 89.465019 4.982514  0.056582 0.468344 -0.881733  0.559587 0.085910 1 1 1.000000
skin_0
0  -11.300127 87.827118 4.624654  0.058518 0.133915 -0.989264  0.561541 0.084933 1 1 1.000000
0  -10.598170 88.776825 4.776056  -0.013049 0.189418 -0.981810  0.557634 0.085910 1 1 1.000000
0  -10.598170 87.372910 4.624654  0.031297 0.099665 -0.994529  0.557634 0.084933 1 1 1.000000
skin_0
0  -10.598170 88.776825 4.776056  -0.013049 0.189418 -0.981810  0.557634 0.085910 1 1 1.000000
0  -11.300127 87.827118 4.624654  0.058518 0.133915 -0.989264  0.561541 0.084933 1 1 1.000000
0  -11.520349 89.382439 4.954987  -0.012545 0.253945 -0.967137  0.563494 0.085910 1 1 1.000000
skin_0
0  -11.520349 89.382439 4.954987  -0.012545 0.253945 -0.967137  0.563494 0.085910 1 1 1.000000
0  -10.942267 89.465019 4.982514  0.056582 0.468344 -0.881733  0.559587 0.085910 1 1 1.000000
0  -10.598170 88.776825 4.776056  -0.013049 0.189418 -0.981810  0.557634 0.085910 1 1 1.000000
skin_0
0  -23.646299 84.468742 4.748529  -0.248261 0.472958 -0.845386  0.629902 0.084933 1 1 1.000000
0  -25.986151 82.775787 4.707238  -0.293279 0.425741 -0.855998  0.642598 0.084933 1 1 1.000000
0  -26.220139 85.748772 6.276317  -0.275469 0.514086 -0.812301  0.643574 0.090793 1 1 1.000000
skin_0
0  -26.220139 85.748772 6.276317  -0.275469 0.514086 -0.812301  0.643574 0.090793 1 1 1.000000
0  -23.756409 87.111397 6.331373  -0.236464 0.567149 -0.788940  0.629902 0.090793 1 1 1.000000
0  -23.646299 84.468742 4.748529  -0.248261 0.472958 -0.845386  0.629902 0.084933 1 1 1.000000
skin_0
0  -23.866520 89.561363 8.533588  -0.228456 0.711572 -0.664435  0.630879 0.099582 1 1 1.000000
0  -26.509178 88.570358 8.506060  -0.253756 0.676634 -0.691212  0.645528 0.099582 1 1 1.000000
0  -26.798218 90.910217 11.437760  -0.248152 0.749937 -0.613201  0.647481 0.110324 1 1 1.000000
skin_0
0  -26.798218 90.910217 11.437760  -0.248152 0.749937 -0.613201  0.647481 0.110324 1 1 1.000000
0  -24.100506 91.763580 11.396469  -0.208128 0.766357 -0.607767  0.631855 0.110324 1 1 1.000000
0  -23.866520 89.561363 8.533588  -0.228456 0.711572 -0.664435  0.630879 0.099582 1 1 1.000000
skin_0
0  -19.833712 85.968994 4.707238  -0.162844 0.531990 -0.830944  0.608417 0.084933 1 1 1.000000
0  -23.646299 84.468742 4.748529  -0.248261 0.472958 -0.845386  0.629902 0.084933 1 1 1.000000
0  -23.756409 87.111397 6.331373  -0.236464 0.567149 -0.788940  0.629902 0.090793 1 1 1.000000
skin_0
0  -23.756409 87.111397 6.331373  -0.236464 0.567149 -0.788940  0.629902 0.090793 1 1 1.000000
0  -19.943821 88.584122 6.441482  -0.158849 0.631757 -0.758716  0.609394 0.091769 1 1 1.000000
0  -19.833712 85.968994 4.707238  -0.162844 0.531990 -0.830944  0.608417 0.084933 1 1 1.000000
skin_0
0  -26.509178 88.570358 8.506060  -0.253756 0.676634 -0.691212  0.645528 0.099582 1 1 1.000000
0  -23.866520 89.561363 8.533588  -0.228456 0.711572 -0.664435  0.630879 0.099582 1 1 1.000000
0  -23.756409 87.111397 6.331373  -0.236464 0.567149 -0.788940  0.629902 0.090793 1 1 1.000000
skin_0
0  -23.756409 87.111397 6.331373  -0.236464 0.567149 -0.788940  0.629902 0.090793 1 1 1.000000
0  -26.220139 85.748772 6.276317  -0.275469 0.514086 -0.812301  0.643574 0.090793 1 1 1.000000
0  -26.509178 88.570358 8.506060  -0.253756 0.676634 -0.691212  0.645528 0.099582 1 1 1.000000
skin_0
0  -20.260391 92.479294 11.341413  -0.130859 0.809966 -0.571691  0.611347 0.109348 1 1 1.000000
0  -24.100506 91.763580 11.396469  -0.208128 0.766357 -0.607767  0.631855 0.110324 1 1 1.000000
0  -24.114269 91.859924 11.520344  -0.174715 0.647699 -0.741593  0.631855 0.110324 1 1 1.000000
skin_0
0  -24.114269 91.859924 11.520344  -0.174715 0.647699 -0.741593  0.631855 0.110324 1 1 1.000000
0  -20.260391 92.575638 11.465288  -0.109185 0.695426 -0.710255  0.611347 0.110324 1 1 1.000000
0  -20.260391 92.479294 11.341413  -0.130859 0.809966 -0.571691  0.611347 0.109348 1 1 1.000000
skin_0
0  -20.260391 92.575638 11.465288  -0.109185 0.695426 -0.710255  0.611347 0.110324 1 1 1.000000
0  -24.114269 91.859924 11.520344  -0.174715 0.647699 -0.741593  0.631855 0.110324 1 1 1.000000
0  -24.128033 92.038849 11.644217  -0.103439 0.377951 -0.920029  0.632832 0.110324 1 1 1.000000
skin_0
0  -24.128033 92.038849 11.644217  -0.103439 0.377951 -0.920029  0.632832 0.110324 1 1 1.000000
0  -20.287918 92.754570 11.589162  -0.066693 0.426728 -0.901917  0.611347 0.110324 1 1 1.000000
0  -20.260391 92.575638 11.465288  -0.109185 0.695426 -0.710255  0.611347 0.110324 1 1 1.000000
skin_0
0  -20.287918 92.754570 11.589162  -0.066693 0.426728 -0.901917  0.611347 0.110324 1 1 1.000000
0  -24.128033 92.038849 11.644217  -0.103439 0.377951 -0.920029  0.632832 0.110324 1 1 1.000000
0  -24.155560 93.181252 11.919496  -0.061880 0.237962 -0.969301  0.632832 0.111301 1 1 1.000000
skin_0
0  -24.155560 93.181252 11.919496  -0.061880 0.237962 -0.969301  0.632832 0.111301 1 1 1.000000
0  -20.439322 93.800629 11.905732  -0.041791 0.279067 -0.959362  0.612323 0.111301 1 1 1.000000
0  -20.287918 92.754570 11.589162  -0.066693 0.426728 -0.901917  0.611347 0.110324 1 1 1.000000
skin_0
0  -24.100506 91.763580 11.396469  -0.208128 0.766357 -0.607767  0.631855 0.110324 1 1 1.000000
0  -20.260391 92.479294 11.341413  -0.130859 0.809966 -0.571691  0.611347 0.109348 1 1 1.000000
0  -20.122753 90.593651 8.588643  -0.152348 0.763648 -0.627401  0.610370 0.099582 1 1 1.000000
skin_0
0  -20.122753 90.593651 8.588643  -0.152348 0.763648 -0.627401  0.610370 0.099582 1 1 1.000000
0  -23.866520 89.561363 8.533588  -0.228456 0.711572 -0.664435  0.630879 0.099582 1 1 1.000000
0  -24.100506 91.763580 11.396469  -0.208128 0.766357 -0.607767  0.631855 0.110324 1 1 1.000000
skin_0
0  -23.866520 89.561363 8.533588  -0.228456 0.711572 -0.664435  0.630879 0.099582 1 1 1.000000
0  -20.122753 90.593651 8.588643  -0.152348 0.763648 -0.627401  0.610370 0.099582 1 1 1.000000
0  -19.943821 88.584122 6.441482  -0.158849 0.631757 -0.758716  0.609394 0.091769 1 1 1.000000
skin_0
0  -19.943821 88.584122 6.441482  -0.158849 0.631757 -0.758716  0.609394 0.091769 1 1 1.000000
0  -23.756409 87.111397 6.331373  -0.236464 0.567149 -0.788940  0.629902 0.090793 1 1 1.000000
0  -23.866520 89.561363 8.533588  -0.228456 0.711572 -0.664435  0.630879 0.099582 1 1 1.000000
skin_0
0  -8.698758 94.103432 12.442519  -0.128902 0.950768 -0.281825  0.547868 0.113254 1 1 1.000000
0  -7.707761 94.199783 12.428756  -0.102000 0.953267 -0.284390  0.542009 0.113254 1 1 1.000000
0  -7.693998 94.130959 12.277354  -0.095588 0.882139 -0.461187  0.542009 0.113254 1 1 1.000000
skin_0
0  -7.693998 94.130959 12.277354  -0.095588 0.882139 -0.461187  0.542009 0.113254 1 1 1.000000
0  -8.698758 94.020851 12.291118  -0.118384 0.880121 -0.459752  0.547868 0.113254 1 1 1.000000
0  -8.698758 94.103432 12.442519  -0.128902 0.950768 -0.281825  0.547868 0.113254 1 1 1.000000
skin_0
0  -10.364183 93.828156 12.442519  -0.148417 0.945377 -0.290234  0.556658 0.113254 1 1 1.000000
0  -8.698758 94.103432 12.442519  -0.128902 0.950768 -0.281825  0.547868 0.113254 1 1 1.000000
0  -8.698758 94.020851 12.291118  -0.118384 0.880121 -0.459752  0.547868 0.113254 1 1 1.000000
skin_0
0  -8.698758 94.020851 12.291118  -0.118384 0.880121 -0.459752  0.547868 0.113254 1 1 1.000000
0  -10.364183 93.759338 12.291118  -0.140273 0.874325 -0.464628  0.556658 0.113254 1 1 1.000000
0  -10.364183 93.828156 12.442519  -0.148417 0.945377 -0.290234  0.556658 0.113254 1 1 1.000000
skin_0
0  -10.708280 93.828156 12.277354  0.762998 0.580532 -0.284282  0.558611 0.113254 1 1 1.000000
0  -10.708280 93.910736 12.428756  0.774135 0.624052 -0.106177  0.558611 0.113254 1 1 1.000000
0  -10.474295 93.814392 12.442519  0.107719 0.950136 -0.292639  0.557634 0.113254 1 1 1.000000
skin_0
0  -10.474295 93.814392 12.442519  0.107719 0.950136 -0.292639  0.557634 0.113254 1 1 1.000000
0  -10.474295 93.731812 12.291118  0.111722 0.880291 -0.461092  0.557634 0.113254 1 1 1.000000
0  -10.708280 93.828156 12.277354  0.762998 0.580532 -0.284282  0.558611 0.113254 1 1 1.000000
skin_0
0  -10.900974 94.887970 12.263591  0.982863 0.171333 -0.068012  0.559587 0.113254 1 1 1.000000
0  -10.900974 94.970551 12.428756  0.967623 0.177136 0.179799  0.559587 0.113254 1 1 1.000000
0  -10.708280 93.910736 12.428756  0.774135 0.624052 -0.106177  0.558611 0.113254 1 1 1.000000
skin_0
0  -10.708280 93.910736 12.428756  0.774135 0.624052 -0.106177  0.558611 0.113254 1 1 1.000000
0  -10.708280 93.828156 12.277354  0.762998 0.580532 -0.284282  0.558611 0.113254 1 1 1.000000
0  -10.900974 94.887970 12.263591  0.982863 0.171333 -0.068012  0.559587 0.113254 1 1 1.000000
skin_0
0  -26.798218 90.910217 11.437760  -0.248152 0.749937 -0.613201  0.647481 0.110324 1 1 1.000000
0  -26.963385 90.855164 11.437760  -0.427809 0.688403 -0.585731  0.648457 0.110324 1 1 1.000000
0  -26.977148 90.951508 11.561634  -0.397637 0.584701 -0.707114  0.648457 0.110324 1 1 1.000000
skin_0
0  -26.977148 90.951508 11.561634  -0.397637 0.584701 -0.707114  0.648457 0.110324 1 1 1.000000
0  -26.811981 91.006561 11.561634  -0.213059 0.642320 -0.736228  0.647481 0.110324 1 1 1.000000
0  -26.798218 90.910217 11.437760  -0.248152 0.749937 -0.613201  0.647481 0.110324 1 1 1.000000
skin_0
0  -26.853275 91.185501 11.671745  -0.126821 0.362621 -0.923267  0.647481 0.111301 1 1 1.000000
0  -27.004677 91.130447 11.685511  -0.323222 0.321081 -0.890188  0.648457 0.111301 1 1 1.000000
0  -27.142315 92.438004 11.947022  -0.233922 0.176722 -0.956059  0.649434 0.112278 1 1 1.000000
skin_0
0  -27.142315 92.438004 11.947022  -0.233922 0.176722 -0.956059  0.649434 0.112278 1 1 1.000000
0  -26.977148 92.479294 11.947022  -0.068126 0.203035 -0.976799  0.648457 0.112278 1 1 1.000000
0  -26.853275 91.185501 11.671745  -0.126821 0.362621 -0.923267  0.647481 0.111301 1 1 1.000000
skin_0
0  -26.261429 82.238991 4.679710  -0.024396 0.060469 -0.997872  0.644551 0.084933 1 1 1.000000
0  -26.151318 82.665672 4.707238  -0.033366 0.064874 -0.997336  0.643574 0.084933 1 1 1.000000
0  -25.986151 82.775787 4.707238  -0.021677 0.057872 -0.998089  0.642598 0.084933 1 1 1.000000
skin_0
0  -26.811981 91.006561 11.561634  -0.213059 0.642320 -0.736228  0.647481 0.110324 1 1 1.000000
0  -26.977148 90.951508 11.561634  -0.397637 0.584701 -0.707114  0.648457 0.110324 1 1 1.000000
0  -27.004677 91.130447 11.685511  -0.323222 0.321081 -0.890188  0.648457 0.111301 1 1 1.000000
skin_0
0  -27.004677 91.130447 11.685511  -0.323222 0.321081 -0.890188  0.648457 0.111301 1 1 1.000000
0  -26.853275 91.185501 11.671745  -0.126821 0.362621 -0.923267  0.647481 0.111301 1 1 1.000000
0  -26.811981 91.006561 11.561634  -0.213059 0.642320 -0.736228  0.647481 0.110324 1 1 1.000000
skin_0
0  -10.474295 93.814392 12.442519  0.107719 0.950136 -0.292639  0.557634 0.113254 1 1 1.000000
0  -10.364183 93.828156 12.442519  -0.148417 0.945377 -0.290234  0.556658 0.113254 1 1 1.000000
0  -10.364183 93.759338 12.291118  -0.140273 0.874325 -0.464628  0.556658 0.113254 1 1 1.000000
skin_0
0  -10.364183 93.759338 12.291118  -0.140273 0.874325 -0.464628  0.556658 0.113254 1 1 1.000000
0  -10.474295 93.731812 12.291118  0.111722 0.880291 -0.461092  0.557634 0.113254 1 1 1.000000
0  -10.474295 93.814392 12.442519  0.107719 0.950136 -0.292639  0.557634 0.113254 1 1 1.000000
skin_0
0  -25.986151 82.775787 4.707238  -0.293279 0.425741 -0.855998  0.642598 0.084933 1 1 1.000000
0  -26.151318 82.665672 4.707238  -0.517239 0.334558 -0.787740  0.643574 0.084933 1 1 1.000000
0  -26.385302 85.666191 6.276317  -0.432339 0.457676 -0.776927  0.644551 0.090793 1 1 1.000000
skin_0
0  -26.385302 85.666191 6.276317  -0.432339 0.457676 -0.776927  0.644551 0.090793 1 1 1.000000
0  -26.220139 85.748772 6.276317  -0.275469 0.514086 -0.812301  0.643574 0.090793 1 1 1.000000
0  -25.986151 82.775787 4.707238  -0.293279 0.425741 -0.855998  0.642598 0.084933 1 1 1.000000
skin_0
0  -26.509178 88.570358 8.506060  -0.253756 0.676634 -0.691212  0.645528 0.099582 1 1 1.000000
0  -26.674345 88.515305 8.506060  -0.417613 0.614923 -0.668931  0.646504 0.099582 1 1 1.000000
0  -26.963385 90.855164 11.437760  -0.427809 0.688403 -0.585731  0.648457 0.110324 1 1 1.000000
skin_0
0  -26.963385 90.855164 11.437760  -0.427809 0.688403 -0.585731  0.648457 0.110324 1 1 1.000000
0  -26.798218 90.910217 11.437760  -0.248152 0.749937 -0.613201  0.647481 0.110324 1 1 1.000000
0  -26.509178 88.570358 8.506060  -0.253756 0.676634 -0.691212  0.645528 0.099582 1 1 1.000000
skin_0
0  -26.220139 85.748772 6.276317  -0.275469 0.514086 -0.812301  0.643574 0.090793 1 1 1.000000
0  -26.385302 85.666191 6.276317  -0.432339 0.457676 -0.776927  0.644551 0.090793 1 1 1.000000
0  -26.674345 88.515305 8.506060  -0.417613 0.614923 -0.668931  0.646504 0.099582 1 1 1.000000
skin_0
0  -26.674345 88.515305 8.506060  -0.417613 0.614923 -0.668931  0.646504 0.099582 1 1 1.000000
0  -26.509178 88.570358 8.506060  -0.253756 0.676634 -0.691212  0.645528 0.099582 1 1 1.000000
0  -26.220139 85.748772 6.276317  -0.275469 0.514086 -0.812301  0.643574 0.090793 1 1 1.000000
skin_0
0  -8.299608 90.772583 6.345135  -0.081098 0.854712 -0.512728  0.544939 0.090793 1 1 1.000000
0  -7.611414 92.892220 9.896209  -0.100227 0.871098 -0.480774  0.542009 0.104465 1 1 1.000000
0  -7.212263 92.850929 9.717278  -0.074837 0.862307 -0.500826  0.539079 0.103488 1 1 1.000000
skin_0
0  -0.757018 92.933510 9.221779  -0.020050 0.941146 -0.337406  0.503922 0.101535 1 1 1.000000
0  -0.757018 92.850929 9.084140  -0.025392 0.860191 -0.509340  0.503922 0.101535 1 1 1.000000
0  -7.212263 92.850929 9.717278  -0.074837 0.862307 -0.500826  0.539079 0.103488 1 1 1.000000
skin_0
0  -7.212263 92.850929 9.717278  -0.074837 0.862307 -0.500826  0.539079 0.103488 1 1 1.000000
0  -7.184735 92.919746 9.841153  -0.048694 0.871827 -0.487388  0.539079 0.104465 1 1 1.000000
0  -0.757018 92.933510 9.221779  -0.020050 0.941146 -0.337406  0.503922 0.101535 1 1 1.000000
skin_0
0  -7.212263 92.850929 9.717278  -0.121783 0.865085 -0.486617  0.539079 0.103488 1 1 1.000000
0  -7.611414 92.892220 9.896209  -0.121781 0.865086 -0.486616  0.542009 0.104465 1 1 1.000000
0  -7.184735 92.919746 9.841153  -0.121729 0.865087 -0.486628  0.539079 0.104465 1 1 1.000000
skin_0
0  -0.757018 92.933510 9.221779  -0.020050 0.941146 -0.337406  0.503922 0.101535 1 1 1.000000
0  0.729478 92.933510 9.221779  0.019988 0.941161 -0.337367  0.496109 0.101535 1 1 1.000000
0  0.729478 92.850929 9.084140  0.025332 0.860231 -0.509275  0.496109 0.101535 1 1 1.000000
skin_0
0  0.729478 92.850929 9.084140  0.025332 0.860231 -0.509275  0.496109 0.101535 1 1 1.000000
0  -0.757018 92.850929 9.084140  -0.025392 0.860191 -0.509340  0.503922 0.101535 1 1 1.000000
0  -0.757018 92.933510 9.221779  -0.020050 0.941146 -0.337406  0.503922 0.101535 1 1 1.000000
skin_0
0  -7.625178 94.241074 12.607686  -0.105373 0.985668 -0.131738  0.542009 0.114231 1 1 1.000000
0  -7.707761 94.199783 12.428756  -0.102000 0.953267 -0.284390  0.542009 0.113254 1 1 1.000000
0  -8.698758 94.103432 12.442519  -0.128902 0.950768 -0.281825  0.547868 0.113254 1 1 1.000000
skin_0
0  -8.698758 94.103432 12.442519  -0.128902 0.950768 -0.281825  0.547868 0.113254 1 1 1.000000
0  -8.698758 94.117195 12.621450  -0.134650 0.986385 -0.094414  0.547868 0.114231 1 1 1.000000
0  -7.625178 94.241074 12.607686  -0.105373 0.985668 -0.131738  0.542009 0.114231 1 1 1.000000
skin_0
0  -8.698758 94.117195 12.621450  -0.134650 0.986385 -0.094414  0.547868 0.114231 1 1 1.000000
0  -8.698758 94.103432 12.442519  -0.128902 0.950768 -0.281825  0.547868 0.113254 1 1 1.000000
0  -10.364183 93.828156 12.442519  -0.148417 0.945377 -0.290234  0.556658 0.113254 1 1 1.000000
skin_0
0  -10.364183 93.828156 12.442519  -0.148417 0.945377 -0.290234  0.556658 0.113254 1 1 1.000000
0  -10.350420 93.855682 12.621450  -0.147190 0.983382 -0.106278  0.556658 0.114231 1 1 1.000000
0  -8.698758 94.117195 12.621450  -0.134650 0.986385 -0.094414  0.547868 0.114231 1 1 1.000000
skin_0
0  -10.474295 93.841919 12.621450  0.120250 0.987009 -0.106551  0.557634 0.114231 1 1 1.000000
0  -10.474295 93.814392 12.442519  0.107719 0.950136 -0.292639  0.557634 0.113254 1 1 1.000000
0  -10.708280 93.910736 12.428756  0.774135 0.624052 -0.106177  0.558611 0.113254 1 1 1.000000
skin_0
0  -10.708280 93.910736 12.428756  0.774135 0.624052 -0.106177  0.558611 0.113254 1 1 1.000000
0  -10.763335 93.952034 12.607686  0.820647 0.556068 0.131628  0.558611 0.114231 1 1 1.000000
0  -10.474295 93.841919 12.621450  0.120250 0.987009 -0.106551  0.557634 0.114231 1 1 1.000000
skin_0
0  -10.763335 93.952034 12.607686  0.820647 0.556068 0.131628  0.558611 0.114231 1 1 1.000000
0  -10.708280 93.910736 12.428756  0.774135 0.624052 -0.106177  0.558611 0.113254 1 1 1.000000
0  -10.900974 94.970551 12.428756  0.967623 0.177136 0.179799  0.559587 0.113254 1 1 1.000000
skin_0
0  -10.900974 94.970551 12.428756  0.967623 0.177136 0.179799  0.559587 0.113254 1 1 1.000000
0  -10.969794 95.039375 12.593923  0.931938 0.176024 0.317027  0.559587 0.114231 1 1 1.000000
0  -10.763335 93.952034 12.607686  0.820647 0.556068 0.131628  0.558611 0.114231 1 1 1.000000
skin_0
0  -27.114788 90.855164 11.616691  -0.567874 0.507235 -0.648253  0.648457 0.110324 1 1 1.000000
0  -26.977148 90.951508 11.561634  -0.397637 0.584701 -0.707114  0.648457 0.110324 1 1 1.000000
0  -26.963385 90.855164 11.437760  -0.427809 0.688403 -0.585731  0.648457 0.110324 1 1 1.000000
skin_0
0  -26.963385 90.855164 11.437760  -0.427809 0.688403 -0.585731  0.648457 0.110324 1 1 1.000000
0  -27.101025 90.758820 11.479052  -0.594803 0.599713 -0.535308  0.648457 0.110324 1 1 1.000000
0  -27.114788 90.855164 11.616691  -0.567874 0.507235 -0.648253  0.648457 0.110324 1 1 1.000000
skin_0
0  -27.293718 92.382950 12.015841  -0.430130 0.142940 -0.891379  0.649434 0.112278 1 1 1.000000
0  -27.142315 92.438004 11.947022  -0.233922 0.176722 -0.956059  0.649434 0.112278 1 1 1.000000
0  -27.004677 91.130447 11.685511  -0.323222 0.321081 -0.890188  0.648457 0.111301 1 1 1.000000
skin_0
0  -27.004677 91.130447 11.685511  -0.323222 0.321081 -0.890188  0.648457 0.111301 1 1 1.000000
0  -27.156078 91.047852 11.740565  -0.490950 0.278476 -0.825481  0.649434 0.111301 1 1 1.000000
0  -27.293718 92.382950 12.015841  -0.430130 0.142940 -0.891379  0.649434 0.112278 1 1 1.000000
skin_0
0  -26.261429 82.238991 4.679710  -0.528095 0.184963 -0.828797  0.644551 0.084933 1 1 1.000000
0  -26.288958 82.528038 4.762293  -0.562631 0.233163 -0.793147  0.644551 0.085910 1 1 1.000000
0  -26.151318 82.665672 4.707238  -0.517239 0.334558 -0.787740  0.643574 0.084933 1 1 1.000000
skin_0
0  -27.156078 91.047852 11.740565  -0.490950 0.278476 -0.825481  0.649434 0.111301 1 1 1.000000
0  -27.004677 91.130447 11.685511  -0.323222 0.321081 -0.890188  0.648457 0.111301 1 1 1.000000
0  -26.977148 90.951508 11.561634  -0.397637 0.584701 -0.707114  0.648457 0.110324 1 1 1.000000
skin_0
0  -26.977148 90.951508 11.561634  -0.397637 0.584701 -0.707114  0.648457 0.110324 1 1 1.000000
0  -27.114788 90.855164 11.616691  -0.567874 0.507235 -0.648253  0.648457 0.110324 1 1 1.000000
0  -27.156078 91.047852 11.740565  -0.490950 0.278476 -0.825481  0.649434 0.111301 1 1 1.000000
skin_0
0  -10.350420 93.855682 12.621450  -0.147190 0.983382 -0.106278  0.556658 0.114231 1 1 1.000000
0  -10.364183 93.828156 12.442519  -0.148417 0.945377 -0.290234  0.556658 0.113254 1 1 1.000000
0  -10.474295 93.814392 12.442519  0.107719 0.950136 -0.292639  0.557634 0.113254 1 1 1.000000
skin_0
0  -10.474295 93.814392 12.442519  0.107719 0.950136 -0.292639  0.557634 0.113254 1 1 1.000000
0  -10.474295 93.841919 12.621450  0.120250 0.987009 -0.106551  0.557634 0.114231 1 1 1.000000
0  -10.350420 93.855682 12.621450  -0.147190 0.983382 -0.106278  0.556658 0.114231 1 1 1.000000
skin_0
0  -26.522942 85.542313 6.317608  -0.595784 0.381539 -0.706732  0.645528 0.090793 1 1 1.000000
0  -26.385302 85.666191 6.276317  -0.432339 0.457676 -0.776927  0.644551 0.090793 1 1 1.000000
0  -26.151318 82.665672 4.707238  -0.517239 0.334558 -0.787740  0.643574 0.084933 1 1 1.000000
skin_0
0  -26.151318 82.665672 4.707238  -0.517239 0.334558 -0.787740  0.643574 0.084933 1 1 1.000000
0  -26.288958 82.528038 4.762293  -0.562631 0.233163 -0.793147  0.644551 0.085910 1 1 1.000000
0  -26.522942 85.542313 6.317608  -0.595784 0.381539 -0.706732  0.645528 0.090793 1 1 1.000000
skin_0
0  -27.101025 90.758820 11.479052  -0.594803 0.599713 -0.535308  0.648457 0.110324 1 1 1.000000
0  -26.963385 90.855164 11.437760  -0.427809 0.688403 -0.585731  0.648457 0.110324 1 1 1.000000
0  -26.674345 88.515305 8.506060  -0.417613 0.614923 -0.668931  0.646504 0.099582 1 1 1.000000
skin_0
0  -26.674345 88.515305 8.506060  -0.417613 0.614923 -0.668931  0.646504 0.099582 1 1 1.000000
0  -26.811981 88.405197 8.547353  -0.588039 0.526291 -0.614188  0.647481 0.099582 1 1 1.000000
0  -27.101025 90.758820 11.479052  -0.594803 0.599713 -0.535308  0.648457 0.110324 1 1 1.000000
skin_0
0  -26.811981 88.405197 8.547353  -0.588039 0.526291 -0.614188  0.647481 0.099582 1 1 1.000000
0  -26.674345 88.515305 8.506060  -0.417613 0.614923 -0.668931  0.646504 0.099582 1 1 1.000000
0  -26.385302 85.666191 6.276317  -0.432339 0.457676 -0.776927  0.644551 0.090793 1 1 1.000000
skin_0
0  -26.385302 85.666191 6.276317  -0.432339 0.457676 -0.776927  0.644551 0.090793 1 1 1.000000
0  -26.522942 85.542313 6.317608  -0.595784 0.381539 -0.706732  0.645528 0.090793 1 1 1.000000
0  -26.811981 88.405197 8.547353  -0.588039 0.526291 -0.614188  0.647481 0.099582 1 1 1.000000
skin_0
0  8.671219 94.020851 12.291116  0.118333 0.880117 -0.459773  0.452162 0.113254 1 1 1.000000
0  8.533580 92.782097 9.882442  0.119974 0.869387 -0.479345  0.453139 0.104465 1 1 1.000000
0  7.583875 92.892220 9.896207  0.100068 0.871123 -0.480760  0.458022 0.104465 1 1 1.000000
skin_0
0  7.583875 92.892220 9.896207  0.100068 0.871123 -0.480760  0.458022 0.104465 1 1 1.000000
0  7.666458 94.130959 12.277352  0.095530 0.882157 -0.461165  0.457045 0.113254 1 1 1.000000
0  8.671219 94.020851 12.291116  0.118333 0.880117 -0.459773  0.452162 0.113254 1 1 1.000000
skin_0
0  10.336645 93.759338 12.291116  0.140216 0.874329 -0.464638  0.442396 0.113254 1 1 1.000000
0  10.309116 92.479294 9.882442  0.137398 0.869445 -0.474539  0.443373 0.104465 1 1 1.000000
0  8.533580 92.782097 9.882442  0.119974 0.869387 -0.479345  0.453139 0.104465 1 1 1.000000
skin_0
0  8.533580 92.782097 9.882442  0.119974 0.869387 -0.479345  0.453139 0.104465 1 1 1.000000
0  8.671219 94.020851 12.291116  0.118333 0.880117 -0.459773  0.452162 0.113254 1 1 1.000000
0  10.336645 93.759338 12.291116  0.140216 0.874329 -0.464638  0.442396 0.113254 1 1 1.000000
skin_0
0  10.653213 92.603172 9.841151  -0.846503 0.468140 -0.253529  0.441420 0.104465 1 1 1.000000
0  10.432991 92.451767 9.882442  -0.235553 0.853608 -0.464616  0.442396 0.104465 1 1 1.000000
0  10.446755 93.731812 12.291116  -0.111763 0.880287 -0.461089  0.442396 0.113254 1 1 1.000000
skin_0
0  10.446755 93.731812 12.291116  -0.111763 0.880287 -0.461089  0.442396 0.113254 1 1 1.000000
0  10.680740 93.828156 12.277352  -0.763012 0.580544 -0.284222  0.441420 0.113254 1 1 1.000000
0  10.653213 92.603172 9.841151  -0.846503 0.468140 -0.253529  0.441420 0.104465 1 1 1.000000
skin_0
0  10.818378 93.552887 9.607165  -0.986105 0.149312 -0.072820  0.440443 0.103488 1 1 1.000000
0  10.653213 92.603172 9.841151  -0.846503 0.468140 -0.253529  0.441420 0.104465 1 1 1.000000
0  10.680740 93.828156 12.277352  -0.763012 0.580544 -0.284222  0.441420 0.113254 1 1 1.000000
skin_0
0  10.680740 93.828156 12.277352  -0.763012 0.580544 -0.284222  0.441420 0.113254 1 1 1.000000
0  10.873434 94.887970 12.263589  -0.982863 0.171326 -0.068027  0.439467 0.113254 1 1 1.000000
0  10.818378 93.552887 9.607165  -0.986105 0.149312 -0.072820  0.440443 0.103488 1 1 1.000000
skin_0
0  8.148191 90.001808 5.092623  0.089997 0.840815 -0.533789  0.455092 0.086886 1 1 1.000000
0  0.715714 90.469780 5.078860  0.028035 0.866290 -0.498754  0.496109 0.086886 1 1 1.000000
0  0.715714 91.199265 6.331371  0.026199 0.861065 -0.507819  0.496109 0.090793 1 1 1.000000
skin_0
0  0.715714 91.199265 6.331371  0.026199 0.861065 -0.507819  0.496109 0.090793 1 1 1.000000
0  8.272066 90.772583 6.345134  0.081097 0.854712 -0.512728  0.454115 0.090793 1 1 1.000000
0  8.148191 90.001808 5.092623  0.089997 0.840815 -0.533789  0.455092 0.086886 1 1 1.000000
skin_0
0  8.134428 89.932983 4.968749  0.061373 0.569657 -0.819588  0.455092 0.085910 1 1 1.000000
0  0.701950 90.400963 4.954986  0.022180 0.585705 -0.810221  0.496109 0.085910 1 1 1.000000
0  0.715714 90.469780 5.078860  0.028035 0.866290 -0.498754  0.496109 0.086886 1 1 1.000000
skin_0
0  0.715714 90.469780 5.078860  0.028035 0.866290 -0.498754  0.496109 0.086886 1 1 1.000000
0  8.148191 90.001808 5.092623  0.089997 0.840815 -0.533789  0.455092 0.086886 1 1 1.000000
0  8.134428 89.932983 4.968749  0.061373 0.569657 -0.819588  0.455092 0.085910 1 1 1.000000
skin_0
0  8.038081 89.368675 4.872402  0.001866 0.148110 -0.988969  0.455092 0.085910 1 1 1.000000
0  -0.013770 89.960518 4.872402  -0.000027 0.131131 -0.991365  0.500015 0.085910 1 1 1.000000
0  0.701950 90.400963 4.954986  0.022180 0.585705 -0.810221  0.496109 0.085910 1 1 1.000000
skin_0
0  0.701950 90.400963 4.954986  0.022180 0.585705 -0.810221  0.496109 0.085910 1 1 1.000000
0  8.134428 89.932983 4.968749  0.061373 0.569657 -0.819588  0.455092 0.085910 1 1 1.000000
0  8.038081 89.368675 4.872402  0.001866 0.148110 -0.988969  0.455092 0.085910 1 1 1.000000
skin_0
0  10.570629 87.372910 4.624652  -0.031354 0.099651 -0.994528  0.441420 0.084933 1 1 1.000000
0  11.272585 87.827118 4.624652  -0.058641 0.133879 -0.989261  0.437513 0.084933 1 1 1.000000
0  11.355168 87.675720 4.583361  -0.029015 0.056509 -0.997980  0.437513 0.084933 1 1 1.000000
skin_0
0  11.355168 87.675720 4.583361  -0.029015 0.056509 -0.997980  0.437513 0.084933 1 1 1.000000
0  11.038600 86.932472 4.569597  -0.016015 0.048620 -0.998689  0.438490 0.084933 1 1 1.000000
0  10.570629 87.372910 4.624652  -0.031354 0.099651 -0.994528  0.441420 0.084933 1 1 1.000000
skin_0
0  11.355168 87.675720 4.583361  -0.029015 0.056509 -0.997980  0.437513 0.084933 1 1 1.000000
0  11.534099 87.648193 4.597125  0.028654 0.016175 -0.999459  0.436537 0.084933 1 1 1.000000
0  11.038600 86.932472 4.569597  -0.016015 0.048620 -0.998689  0.438490 0.084933 1 1 1.000000
skin_0
0  12.002069 88.295090 5.037568  0.179629 0.558118 -0.810085  0.433607 0.086886 1 1 1.000000
0  11.534099 87.648193 4.597125  0.099804 0.515235 -0.851218  0.436537 0.084933 1 1 1.000000
0  11.355168 87.675720 4.583361  0.224794 0.443206 -0.867777  0.437513 0.084933 1 1 1.000000
skin_0
0  11.355168 87.675720 4.583361  0.224794 0.443206 -0.867777  0.437513 0.084933 1 1 1.000000
0  11.864430 88.474014 5.133914  0.341933 0.483981 -0.805509  0.434584 0.086886 1 1 1.000000
0  12.002069 88.295090 5.037568  0.179629 0.558118 -0.810085  0.433607 0.086886 1 1 1.000000
skin_0
0  11.272585 87.827118 4.624652  0.423237 0.307924 -0.852088  0.437513 0.084933 1 1 1.000000
0  11.492806 89.382439 4.954985  0.640836 0.125968 -0.757272  0.436537 0.085910 1 1 1.000000
0  11.768085 88.749298 5.202734  0.732978 0.226180 -0.641550  0.434584 0.086886 1 1 1.000000
skin_0
0  11.616682 91.873688 5.478011  0.496287 0.154190 -0.854356  0.435560 0.087863 1 1 1.000000
0  11.492806 89.382439 4.954985  0.640836 0.125968 -0.757272  0.436537 0.085910 1 1 1.000000
0  11.121182 89.685234 5.051332  -0.418078 0.395145 -0.817968  0.438490 0.086886 1 1 1.000000
skin_0
0  11.121182 89.685234 5.051332  -0.418078 0.395145 -0.817968  0.438490 0.086886 1 1 1.000000
0  11.121182 91.928741 5.519302  -0.700100 0.149682 -0.698180  0.438490 0.087863 1 1 1.000000
0  11.616682 91.873688 5.478011  0.496287 0.154190 -0.854356  0.435560 0.087863 1 1 1.000000
skin_0
0  11.492806 89.382439 4.954985  0.640836 0.125968 -0.757272  0.436537 0.085910 1 1 1.000000
0  11.616682 91.873688 5.478011  0.496287 0.154190 -0.854356  0.435560 0.087863 1 1 1.000000
0  11.878195 91.928741 5.918454  0.953631 0.059216 -0.295095  0.434584 0.089816 1 1 1.000000
skin_0
0  11.878195 91.928741 5.918454  0.953631 0.059216 -0.295095  0.434584 0.089816 1 1 1.000000
0  11.768085 88.749298 5.202734  0.732978 0.226180 -0.641550  0.434584 0.086886 1 1 1.000000
0  11.492806 89.382439 4.954985  0.640836 0.125968 -0.757272  0.436537 0.085910 1 1 1.000000
skin_0
0  12.346167 90.277077 6.771813  0.197958 0.691060 -0.695161  0.431654 0.092746 1 1 1.000000
0  12.002069 88.295090 5.037568  0.179629 0.558118 -0.810085  0.433607 0.086886 1 1 1.000000
0  11.864430 88.474014 5.133914  0.341933 0.483981 -0.805509  0.434584 0.086886 1 1 1.000000
skin_0
0  11.864430 88.474014 5.133914  0.341933 0.483981 -0.805509  0.434584 0.086886 1 1 1.000000
0  12.208528 90.345894 6.799340  0.451082 0.610813 -0.650717  0.432630 0.092746 1 1 1.000000
0  12.346167 90.277077 6.771813  0.197958 0.691060 -0.695161  0.431654 0.092746 1 1 1.000000
skin_0
0  11.878195 91.928741 5.918454  0.953631 0.059216 -0.295095  0.434584 0.089816 1 1 1.000000
0  11.988305 92.314133 7.060853  0.991332 0.086976 -0.098473  0.433607 0.093722 1 1 1.000000
0  12.098416 90.566124 6.840632  0.908589 0.264110 -0.323591  0.433607 0.092746 1 1 1.000000
skin_0
0  12.098416 90.566124 6.840632  0.908589 0.264110 -0.323591  0.433607 0.092746 1 1 1.000000
0  11.768085 88.749298 5.202734  0.732978 0.226180 -0.641550  0.434584 0.086886 1 1 1.000000
0  11.878195 91.928741 5.918454  0.953631 0.059216 -0.295095  0.434584 0.089816 1 1 1.000000
skin_0
0  12.456277 91.791107 8.671224  0.169385 0.805851 -0.567373  0.431654 0.099582 1 1 1.000000
0  12.346167 90.277077 6.771813  0.197958 0.691060 -0.695161  0.431654 0.092746 1 1 1.000000
0  12.208528 90.345894 6.799340  0.451082 0.610813 -0.650717  0.432630 0.092746 1 1 1.000000
skin_0
0  12.208528 90.345894 6.799340  0.451082 0.610813 -0.650717  0.432630 0.092746 1 1 1.000000
0  12.291110 91.846161 8.684988  0.468627 0.718716 -0.513650  0.431654 0.099582 1 1 1.000000
0  12.456277 91.791107 8.671224  0.169385 0.805851 -0.567373  0.431654 0.099582 1 1 1.000000
skin_0
0  11.988305 92.314133 7.060853  0.991332 0.086976 -0.098473  0.433607 0.093722 1 1 1.000000
0  12.015833 92.782097 8.189489  0.983938 0.143245 -0.106517  0.433607 0.097629 1 1 1.000000
0  12.167235 91.970032 8.629932  0.899107 0.345552 -0.268702  0.432630 0.099582 1 1 1.000000
skin_0
0  12.167235 91.970032 8.629932  0.899107 0.345552 -0.268702  0.432630 0.099582 1 1 1.000000
0  12.098416 90.566124 6.840632  0.908589 0.264110 -0.323591  0.433607 0.092746 1 1 1.000000
0  11.988305 92.314133 7.060853  0.991332 0.086976 -0.098473  0.433607 0.093722 1 1 1.000000
skin_0
0  12.635206 93.126198 10.942260  0.121843 0.844604 -0.521343  0.429701 0.108371 1 1 1.000000
0  12.456277 91.791107 8.671224  0.169385 0.805851 -0.567373  0.431654 0.099582 1 1 1.000000
0  12.291110 91.846161 8.684988  0.468627 0.718716 -0.513650  0.431654 0.099582 1 1 1.000000
skin_0
0  12.291110 91.846161 8.684988  0.468627 0.718716 -0.513650  0.431654 0.099582 1 1 1.000000
0  12.442512 93.181252 10.983550  0.401895 0.700298 -0.589969  0.431654 0.108371 1 1 1.000000
0  12.635206 93.126198 10.942260  0.121843 0.844604 -0.521343  0.429701 0.108371 1 1 1.000000
skin_0
0  12.015833 92.782097 8.189489  0.983938 0.143245 -0.106517  0.433607 0.097629 1 1 1.000000
0  12.057125 94.351181 11.313883  0.650392 0.335316 -0.681582  0.433607 0.109348 1 1 1.000000
0  12.318638 93.332657 11.024842  0.722938 0.431292 -0.539766  0.431654 0.108371 1 1 1.000000
skin_0
0  12.318638 93.332657 11.024842  0.722938 0.431292 -0.539766  0.431654 0.108371 1 1 1.000000
0  12.167235 91.970032 8.629932  0.899107 0.345552 -0.268702  0.432630 0.099582 1 1 1.000000
0  12.015833 92.782097 8.189489  0.983938 0.143245 -0.106517  0.433607 0.097629 1 1 1.000000
skin_0
0  12.057125 94.351181 11.313883  0.650392 0.335316 -0.681582  0.433607 0.109348 1 1 1.000000
0  13.089415 94.667755 11.905729  0.222788 0.281556 -0.933323  0.427747 0.111301 1 1 1.000000
0  13.268344 93.566650 11.616688  0.208476 0.410856 -0.887544  0.426771 0.110324 1 1 1.000000
skin_0
0  13.268344 93.566650 11.616688  0.208476 0.410856 -0.887544  0.426771 0.110324 1 1 1.000000
0  12.318638 93.332657 11.024842  0.722938 0.431292 -0.539766  0.431654 0.108371 1 1 1.000000
0  12.057125 94.351181 11.313883  0.650392 0.335316 -0.681582  0.433607 0.109348 1 1 1.000000
skin_0
0  12.593915 87.496780 4.624652  0.027789 0.030598 -0.999145  0.430677 0.084933 1 1 1.000000
0  19.806173 85.968994 4.707235  0.011997 0.007122 -0.999903  0.390637 0.084933 1 1 1.000000
0  19.792410 85.390915 4.707235  0.011787 0.007990 -0.999898  0.390637 0.084933 1 1 1.000000
skin_0
0  19.792410 85.390915 4.707235  0.011787 0.007990 -0.999898  0.390637 0.084933 1 1 1.000000
0  12.428748 86.739769 4.597125  0.025576 0.028378 -0.999270  0.431654 0.084933 1 1 1.000000
0  12.593915 87.496780 4.624652  0.027789 0.030598 -0.999145  0.430677 0.084933 1 1 1.000000
skin_0
0  12.593915 87.496780 4.624652  0.139236 0.577477 -0.804446  0.430677 0.084933 1 1 1.000000
0  12.993066 90.015572 6.702993  0.156585 0.683654 -0.712810  0.428724 0.092746 1 1 1.000000
0  19.916283 88.584122 6.441479  0.158761 0.631819 -0.758682  0.390637 0.091769 1 1 1.000000
skin_0
0  19.916283 88.584122 6.441479  0.158761 0.631819 -0.758682  0.390637 0.091769 1 1 1.000000
0  19.806173 85.968994 4.707235  0.162844 0.531992 -0.830943  0.390637 0.084933 1 1 1.000000
0  12.593915 87.496780 4.624652  0.139236 0.577477 -0.804446  0.430677 0.084933 1 1 1.000000
skin_0
0  12.993066 90.015572 6.702993  0.156585 0.683654 -0.712810  0.428724 0.092746 1 1 1.000000
0  13.185760 91.598412 8.616168  0.139703 0.799750 -0.583852  0.426771 0.099582 1 1 1.000000
0  20.095213 90.593651 8.588639  0.152141 0.763759 -0.627316  0.388684 0.099582 1 1 1.000000
skin_0
0  20.095213 90.593651 8.588639  0.152141 0.763759 -0.627316  0.388684 0.099582 1 1 1.000000
0  19.916283 88.584122 6.441479  0.158761 0.631819 -0.758682  0.390637 0.091769 1 1 1.000000
0  12.993066 90.015572 6.702993  0.156585 0.683654 -0.712810  0.428724 0.092746 1 1 1.000000
skin_0
0  13.185760 91.598412 8.616168  0.139703 0.799750 -0.583852  0.426771 0.099582 1 1 1.000000
0  13.240817 93.277603 11.327647  0.110403 0.835463 -0.538343  0.426771 0.109348 1 1 1.000000
0  20.232853 92.479294 11.341410  0.130800 0.809974 -0.571694  0.388684 0.109348 1 1 1.000000
skin_0
0  20.232853 92.479294 11.341410  0.130800 0.809974 -0.571694  0.388684 0.109348 1 1 1.000000
0  20.095213 90.593651 8.588639  0.152141 0.763759 -0.627316  0.388684 0.099582 1 1 1.000000
0  13.185760 91.598412 8.616168  0.139703 0.799750 -0.583852  0.426771 0.099582 1 1 1.000000
skin_0
0  13.240817 93.277603 11.327647  0.110403 0.835463 -0.538343  0.426771 0.109348 1 1 1.000000
0  13.254580 93.387711 11.492812  0.182259 0.678329 -0.711795  0.426771 0.110324 1 1 1.000000
0  20.232853 92.575638 11.465284  0.109133 0.695433 -0.710255  0.388684 0.110324 1 1 1.000000
skin_0
0  20.232853 92.575638 11.465284  0.109133 0.695433 -0.710255  0.388684 0.110324 1 1 1.000000
0  20.232853 92.479294 11.341410  0.130800 0.809974 -0.571694  0.388684 0.109348 1 1 1.000000
0  13.240817 93.277603 11.327647  0.110403 0.835463 -0.538343  0.426771 0.109348 1 1 1.000000
skin_0
0  13.089415 94.667755 11.905729  0.222788 0.281556 -0.933323  0.427747 0.111301 1 1 1.000000
0  20.411783 93.800629 11.905728  0.041735 0.279072 -0.959363  0.387707 0.111301 1 1 1.000000
0  20.260380 92.754570 11.589158  0.066601 0.426696 -0.901940  0.388684 0.110324 1 1 1.000000
skin_0
0  20.260380 92.754570 11.589158  0.066601 0.426696 -0.901940  0.388684 0.110324 1 1 1.000000
0  13.268344 93.566650 11.616688  0.208476 0.410856 -0.887544  0.426771 0.110324 1 1 1.000000
0  13.089415 94.667755 11.905729  0.222788 0.281556 -0.933323  0.427747 0.111301 1 1 1.000000
skin_0
0  19.806173 85.968994 4.707235  0.011997 0.007122 -0.999903  0.390637 0.084933 1 1 1.000000
0  23.618757 84.468742 4.748526  0.004318 0.008602 -0.999954  0.370128 0.084933 1 1 1.000000
0  23.577467 84.124641 4.734762  0.001040 0.010536 -0.999944  0.370128 0.084933 1 1 1.000000
skin_0
0  23.577467 84.124641 4.734762  0.001040 0.010536 -0.999944  0.370128 0.084933 1 1 1.000000
0  19.792410 85.390915 4.707235  0.011787 0.007990 -0.999898  0.390637 0.084933 1 1 1.000000
0  19.806173 85.968994 4.707235  0.011997 0.007122 -0.999903  0.390637 0.084933 1 1 1.000000
skin_0
0  23.577467 84.124641 4.734762  0.001040 0.010536 -0.999944  0.370128 0.084933 1 1 1.000000
0  23.618757 84.468742 4.748526  0.004318 0.008602 -0.999954  0.370128 0.084933 1 1 1.000000
0  25.958612 82.775787 4.707234  0.021577 0.057828 -0.998093  0.356456 0.084933 1 1 1.000000
skin_0
0  26.784443 91.006561 11.561630  0.212995 0.642318 -0.736248  0.352550 0.110324 1 1 1.000000
0  26.770679 90.910217 11.437757  0.248010 0.749955 -0.613236  0.352550 0.110324 1 1 1.000000
0  24.072964 91.763580 11.396465  0.208081 0.766367 -0.607769  0.367199 0.110324 1 1 1.000000
skin_0
0  24.072964 91.763580 11.396465  0.208081 0.766367 -0.607769  0.367199 0.110324 1 1 1.000000
0  24.086731 91.859924 11.520340  0.174662 0.647714 -0.741592  0.367199 0.110324 1 1 1.000000
0  26.784443 91.006561 11.561630  0.212995 0.642318 -0.736248  0.352550 0.110324 1 1 1.000000
skin_0
0  26.949610 92.479294 11.947019  0.068115 0.203012 -0.976804  0.351573 0.112278 1 1 1.000000
0  26.825733 91.185501 11.671741  0.126765 0.362618 -0.923276  0.352550 0.111301 1 1 1.000000
0  24.100494 92.038849 11.644214  0.103370 0.377961 -0.920032  0.367199 0.110324 1 1 1.000000
skin_0
0  24.100494 92.038849 11.644214  0.103370 0.377961 -0.920032  0.367199 0.110324 1 1 1.000000
0  24.128021 93.181252 11.919492  0.061767 0.237934 -0.969315  0.367199 0.111301 1 1 1.000000
0  26.949610 92.479294 11.947019  0.068115 0.203012 -0.976804  0.351573 0.112278 1 1 1.000000
skin_0
0  10.391699 90.579887 6.441480  0.107726 0.844790 -0.524142  0.442396 0.091769 1 1 1.000000
0  10.722032 89.575127 5.092623  0.136574 0.806875 -0.574717  0.440443 0.086886 1 1 1.000000
0  8.148191 90.001808 5.092623  0.089997 0.840815 -0.533789  0.455092 0.086886 1 1 1.000000
skin_0
0  8.148191 90.001808 5.092623  0.089997 0.840815 -0.533789  0.455092 0.086886 1 1 1.000000
0  8.272066 90.772583 6.345134  0.081097 0.854712 -0.512728  0.454115 0.090793 1 1 1.000000
0  10.391699 90.579887 6.441480  0.107726 0.844790 -0.524142  0.442396 0.091769 1 1 1.000000
skin_0
0  10.680739 90.676239 6.413952  -0.801455 0.426623 -0.419121  0.441420 0.091769 1 1 1.000000
0  10.873434 90.263313 5.835871  -0.756290 0.390576 -0.524857  0.439467 0.089816 1 1 1.000000
0  10.887197 89.547600 5.092623  -0.193374 0.754940 -0.626635  0.439467 0.086886 1 1 1.000000
skin_0
0  10.887197 89.547600 5.092623  -0.193374 0.754940 -0.626635  0.439467 0.086886 1 1 1.000000
0  10.529338 90.566124 6.441480  -0.222876 0.800305 -0.556630  0.441420 0.091769 1 1 1.000000
0  10.680739 90.676239 6.413952  -0.801455 0.426623 -0.419121  0.441420 0.091769 1 1 1.000000
skin_0
0  10.680739 90.676239 6.413952  -0.801455 0.426623 -0.419121  0.441420 0.091769 1 1 1.000000
0  10.873434 92.121429 6.386425  -0.976093 0.113586 -0.185310  0.439467 0.091769 1 1 1.000000
0  10.873434 90.263313 5.835871  -0.756290 0.390576 -0.524857  0.439467 0.089816 1 1 1.000000
skin_0
0  10.722032 89.575127 5.092623  0.136574 0.806875 -0.574717  0.440443 0.086886 1 1 1.000000
0  10.749559 89.478783 4.982512  0.098389 0.567825 -0.817248  0.440443 0.085910 1 1 1.000000
0  8.134428 89.932983 4.968749  0.061373 0.569657 -0.819588  0.455092 0.085910 1 1 1.000000
skin_0
0  8.134428 89.932983 4.968749  0.061373 0.569657 -0.819588  0.455092 0.085910 1 1 1.000000
0  8.148191 90.001808 5.092623  0.089997 0.840815 -0.533789  0.455092 0.086886 1 1 1.000000
0  10.722032 89.575127 5.092623  0.136574 0.806875 -0.574717  0.440443 0.086886 1 1 1.000000
skin_0
0  11.121182 89.685234 5.051332  -0.418078 0.395145 -0.817968  0.438490 0.086886 1 1 1.000000
0  10.914725 89.465019 4.982512  -0.056588 0.468267 -0.881773  0.439467 0.085910 1 1 1.000000
0  10.887197 89.547600 5.092623  -0.193374 0.754940 -0.626635  0.439467 0.086886 1 1 1.000000
skin_0
0  10.887197 89.547600 5.092623  -0.193374 0.754940 -0.626635  0.439467 0.086886 1 1 1.000000
0  10.873434 90.263313 5.835871  -0.756290 0.390576 -0.524857  0.439467 0.089816 1 1 1.000000
0  11.121182 89.685234 5.051332  -0.418078 0.395145 -0.817968  0.438490 0.086886 1 1 1.000000
skin_0
0  10.873434 92.121429 6.386425  -0.976093 0.113586 -0.185310  0.439467 0.091769 1 1 1.000000
0  11.121182 91.928741 5.519302  -0.700100 0.149682 -0.698180  0.438490 0.087863 1 1 1.000000
0  11.121182 89.685234 5.051332  -0.418078 0.395145 -0.817968  0.438490 0.086886 1 1 1.000000
skin_0
0  11.121182 89.685234 5.051332  -0.418078 0.395145 -0.817968  0.438490 0.086886 1 1 1.000000
0  10.873434 90.263313 5.835871  -0.756290 0.390576 -0.524857  0.439467 0.089816 1 1 1.000000
0  10.873434 92.121429 6.386425  -0.976093 0.113586 -0.185310  0.439467 0.091769 1 1 1.000000
skin_0
0  10.309116 92.479294 9.882442  0.137398 0.869445 -0.474539  0.443373 0.104465 1 1 1.000000
0  10.391699 90.579887 6.441480  0.107726 0.844790 -0.524142  0.442396 0.091769 1 1 1.000000
0  8.272066 90.772583 6.345134  0.081097 0.854712 -0.512728  0.454115 0.090793 1 1 1.000000
skin_0
0  8.272066 90.772583 6.345134  0.081097 0.854712 -0.512728  0.454115 0.090793 1 1 1.000000
0  8.533580 92.782097 9.882442  0.119974 0.869387 -0.479345  0.453139 0.104465 1 1 1.000000
0  10.309116 92.479294 9.882442  0.137398 0.869445 -0.474539  0.443373 0.104465 1 1 1.000000
skin_0
0  10.432991 92.451767 9.882442  -0.235553 0.853608 -0.464616  0.442396 0.104465 1 1 1.000000
0  10.653213 92.603172 9.841151  -0.846503 0.468140 -0.253529  0.441420 0.104465 1 1 1.000000
0  10.680739 90.676239 6.413952  -0.801455 0.426623 -0.419121  0.441420 0.091769 1 1 1.000000
skin_0
0  10.680739 90.676239 6.413952  -0.801455 0.426623 -0.419121  0.441420 0.091769 1 1 1.000000
0  10.529338 90.566124 6.441480  -0.222876 0.800305 -0.556630  0.441420 0.091769 1 1 1.000000
0  10.432991 92.451767 9.882442  -0.235553 0.853608 -0.464616  0.442396 0.104465 1 1 1.000000
skin_0
0  10.653213 92.603172 9.841151  -0.846503 0.468140 -0.253529  0.441420 0.104465 1 1 1.000000
0  10.818378 93.552887 9.607165  -0.986105 0.149312 -0.072820  0.440443 0.103488 1 1 1.000000
0  10.873434 92.121429 6.386425  -0.976093 0.113586 -0.185310  0.439467 0.091769 1 1 1.000000
skin_0
0  10.873434 92.121429 6.386425  -0.976093 0.113586 -0.185310  0.439467 0.091769 1 1 1.000000
0  10.680739 90.676239 6.413952  -0.801455 0.426623 -0.419121  0.441420 0.091769 1 1 1.000000
0  10.653213 92.603172 9.841151  -0.846503 0.468140 -0.253529  0.441420 0.104465 1 1 1.000000
skin_0
0  7.583875 92.892220 9.896207  0.100068 0.871123 -0.480760  0.458022 0.104465 1 1 1.000000
0  8.533580 92.782097 9.882442  0.119974 0.869387 -0.479345  0.453139 0.104465 1 1 1.000000
0  8.272066 90.772583 6.345134  0.081097 0.854712 -0.512728  0.454115 0.090793 1 1 1.000000
skin_0
0  7.184722 92.850929 9.717276  0.074809 0.862359 -0.500741  0.459975 0.103488 1 1 1.000000
0  8.272066 90.772583 6.345134  0.081097 0.854712 -0.512728  0.454115 0.090793 1 1 1.000000
0  0.715714 91.199265 6.331371  0.026199 0.861065 -0.507819  0.496109 0.090793 1 1 1.000000
skin_0
0  0.715714 91.199265 6.331371  0.026199 0.861065 -0.507819  0.496109 0.090793 1 1 1.000000
0  0.729478 92.850929 9.084140  0.025332 0.860231 -0.509275  0.496109 0.101535 1 1 1.000000
0  7.184722 92.850929 9.717276  0.074809 0.862359 -0.500741  0.459975 0.103488 1 1 1.000000
skin_0
0  7.157195 92.919746 9.841151  0.048612 0.872021 -0.487048  0.459975 0.104465 1 1 1.000000
0  0.729478 92.933510 9.221779  0.019988 0.941161 -0.337367  0.496109 0.101535 1 1 1.000000
0  -0.013770 93.002327 9.620931  -0.000029 0.986511 -0.163695  0.500015 0.103488 1 1 1.000000
skin_0
0  10.570629 88.776825 4.776054  0.012901 0.189395 -0.981816  0.441420 0.085910 1 1 1.000000
0  8.038081 89.368675 4.872402  0.001866 0.148110 -0.988969  0.455092 0.085910 1 1 1.000000
0  8.134428 89.932983 4.968749  0.061373 0.569657 -0.819588  0.455092 0.085910 1 1 1.000000
skin_0
0  8.134428 89.932983 4.968749  0.061373 0.569657 -0.819588  0.455092 0.085910 1 1 1.000000
0  10.749559 89.478783 4.982512  0.098389 0.567825 -0.817248  0.440443 0.085910 1 1 1.000000
0  10.570629 88.776825 4.776054  0.012901 0.189395 -0.981816  0.441420 0.085910 1 1 1.000000
skin_0
0  10.914725 89.465019 4.982512  -0.056588 0.468267 -0.881773  0.439467 0.085910 1 1 1.000000
0  11.121182 89.685234 5.051332  -0.011976 0.281153 -0.959588  0.438490 0.086886 1 1 1.000000
0  11.492806 89.382439 4.954985  0.012452 0.253916 -0.967146  0.436537 0.085910 1 1 1.000000
skin_0
0  11.768085 88.749298 5.202734  0.732978 0.226180 -0.641550  0.434584 0.086886 1 1 1.000000
0  11.864430 88.474014 5.133914  0.341933 0.483981 -0.805509  0.434584 0.086886 1 1 1.000000
0  11.355168 87.675720 4.583361  0.224794 0.443206 -0.867777  0.437513 0.084933 1 1 1.000000
skin_0
0  11.355168 87.675720 4.583361  0.224794 0.443206 -0.867777  0.437513 0.084933 1 1 1.000000
0  11.272585 87.827118 4.624652  0.423237 0.307924 -0.852088  0.437513 0.084933 1 1 1.000000
0  11.768085 88.749298 5.202734  0.732978 0.226180 -0.641550  0.434584 0.086886 1 1 1.000000
skin_0
0  12.098416 90.566124 6.840632  0.908589 0.264110 -0.323591  0.433607 0.092746 1 1 1.000000
0  12.208528 90.345894 6.799340  0.451082 0.610813 -0.650717  0.432630 0.092746 1 1 1.000000
0  11.864430 88.474014 5.133914  0.341933 0.483981 -0.805509  0.434584 0.086886 1 1 1.000000
skin_0
0  11.864430 88.474014 5.133914  0.341933 0.483981 -0.805509  0.434584 0.086886 1 1 1.000000
0  11.768085 88.749298 5.202734  0.732978 0.226180 -0.641550  0.434584 0.086886 1 1 1.000000
0  12.098416 90.566124 6.840632  0.908589 0.264110 -0.323591  0.433607 0.092746 1 1 1.000000
skin_0
0  12.167235 91.970032 8.629932  0.899107 0.345552 -0.268702  0.432630 0.099582 1 1 1.000000
0  12.291110 91.846161 8.684988  0.468627 0.718716 -0.513650  0.431654 0.099582 1 1 1.000000
0  12.208528 90.345894 6.799340  0.451082 0.610813 -0.650717  0.432630 0.092746 1 1 1.000000
skin_0
0  12.208528 90.345894 6.799340  0.451082 0.610813 -0.650717  0.432630 0.092746 1 1 1.000000
0  12.098416 90.566124 6.840632  0.908589 0.264110 -0.323591  0.433607 0.092746 1 1 1.000000
0  12.167235 91.970032 8.629932  0.899107 0.345552 -0.268702  0.432630 0.099582 1 1 1.000000
skin_0
0  12.318638 93.332657 11.024842  0.722938 0.431292 -0.539766  0.431654 0.108371 1 1 1.000000
0  12.442512 93.181252 10.983550  0.401895 0.700298 -0.589969  0.431654 0.108371 1 1 1.000000
0  12.291110 91.846161 8.684988  0.468627 0.718716 -0.513650  0.431654 0.099582 1 1 1.000000
skin_0
0  12.291110 91.846161 8.684988  0.468627 0.718716 -0.513650  0.431654 0.099582 1 1 1.000000
0  12.167235 91.970032 8.629932  0.899107 0.345552 -0.268702  0.432630 0.099582 1 1 1.000000
0  12.318638 93.332657 11.024842  0.722938 0.431292 -0.539766  0.431654 0.108371 1 1 1.000000
skin_0
0  13.268344 93.566650 11.616688  0.208476 0.410856 -0.887544  0.426771 0.110324 1 1 1.000000
0  13.254580 93.387711 11.492812  0.182259 0.678329 -0.711795  0.426771 0.110324 1 1 1.000000
0  12.442512 93.181252 10.983550  0.401895 0.700298 -0.589969  0.431654 0.108371 1 1 1.000000
skin_0
0  12.442512 93.181252 10.983550  0.401895 0.700298 -0.589969  0.431654 0.108371 1 1 1.000000
0  12.318638 93.332657 11.024842  0.722938 0.431292 -0.539766  0.431654 0.108371 1 1 1.000000
0  13.268344 93.566650 11.616688  0.208476 0.410856 -0.887544  0.426771 0.110324 1 1 1.000000
skin_0
0  20.260380 92.754570 11.589158  0.066601 0.426696 -0.901940  0.388684 0.110324 1 1 1.000000
0  20.232853 92.575638 11.465284  0.109133 0.695433 -0.710255  0.388684 0.110324 1 1 1.000000
0  13.254580 93.387711 11.492812  0.182259 0.678329 -0.711795  0.426771 0.110324 1 1 1.000000
skin_0
0  13.254580 93.387711 11.492812  0.182259 0.678329 -0.711795  0.426771 0.110324 1 1 1.000000
0  13.268344 93.566650 11.616688  0.208476 0.410856 -0.887544  0.426771 0.110324 1 1 1.000000
0  20.260380 92.754570 11.589158  0.066601 0.426696 -0.901940  0.388684 0.110324 1 1 1.000000
skin_0
0  24.086731 91.859924 11.520340  0.174662 0.647714 -0.741592  0.367199 0.110324 1 1 1.000000
0  24.100494 92.038849 11.644214  0.103370 0.377961 -0.920032  0.367199 0.110324 1 1 1.000000
0  26.825733 91.185501 11.671741  0.126765 0.362618 -0.923276  0.352550 0.111301 1 1 1.000000
skin_0
0  26.825733 91.185501 11.671741  0.126765 0.362618 -0.923276  0.352550 0.111301 1 1 1.000000
0  26.784443 91.006561 11.561630  0.212995 0.642318 -0.736248  0.352550 0.110324 1 1 1.000000
0  24.086731 91.859924 11.520340  0.174662 0.647714 -0.741592  0.367199 0.110324 1 1 1.000000
skin_0
0  13.240817 93.277603 11.327647  0.110403 0.835463 -0.538343  0.426771 0.109348 1 1 1.000000
0  12.635206 93.126198 10.942260  0.121843 0.844604 -0.521343  0.429701 0.108371 1 1 1.000000
0  12.442512 93.181252 10.983550  0.401895 0.700298 -0.589969  0.431654 0.108371 1 1 1.000000
skin_0
0  12.442512 93.181252 10.983550  0.401895 0.700298 -0.589969  0.431654 0.108371 1 1 1.000000
0  13.254580 93.387711 11.492812  0.182259 0.678329 -0.711795  0.426771 0.110324 1 1 1.000000
0  13.240817 93.277603 11.327647  0.110403 0.835463 -0.538343  0.426771 0.109348 1 1 1.000000
skin_0
0  12.456277 91.791107 8.671224  0.169385 0.805851 -0.567373  0.431654 0.099582 1 1 1.000000
0  12.635206 93.126198 10.942260  0.121843 0.844604 -0.521343  0.429701 0.108371 1 1 1.000000
0  13.240817 93.277603 11.327647  0.110403 0.835463 -0.538343  0.426771 0.109348 1 1 1.000000
skin_0
0  13.240817 93.277603 11.327647  0.110403 0.835463 -0.538343  0.426771 0.109348 1 1 1.000000
0  13.185760 91.598412 8.616168  0.139703 0.799750 -0.583852  0.426771 0.099582 1 1 1.000000
0  12.456277 91.791107 8.671224  0.169385 0.805851 -0.567373  0.431654 0.099582 1 1 1.000000
skin_0
0  12.346167 90.277077 6.771813  0.197958 0.691060 -0.695161  0.431654 0.092746 1 1 1.000000
0  12.456277 91.791107 8.671224  0.169385 0.805851 -0.567373  0.431654 0.099582 1 1 1.000000
0  13.185760 91.598412 8.616168  0.139703 0.799750 -0.583852  0.426771 0.099582 1 1 1.000000
skin_0
0  13.185760 91.598412 8.616168  0.139703 0.799750 -0.583852  0.426771 0.099582 1 1 1.000000
0  12.993066 90.015572 6.702993  0.156585 0.683654 -0.712810  0.428724 0.092746 1 1 1.000000
0  12.346167 90.277077 6.771813  0.197958 0.691060 -0.695161  0.431654 0.092746 1 1 1.000000
skin_0
0  12.002069 88.295090 5.037568  0.179629 0.558118 -0.810085  0.433607 0.086886 1 1 1.000000
0  12.346167 90.277077 6.771813  0.197958 0.691060 -0.695161  0.431654 0.092746 1 1 1.000000
0  12.993066 90.015572 6.702993  0.156585 0.683654 -0.712810  0.428724 0.092746 1 1 1.000000
skin_0
0  12.993066 90.015572 6.702993  0.156585 0.683654 -0.712810  0.428724 0.092746 1 1 1.000000
0  12.593915 87.496780 4.624652  0.139236 0.577477 -0.804446  0.430677 0.084933 1 1 1.000000
0  12.002069 88.295090 5.037568  0.179629 0.558118 -0.810085  0.433607 0.086886 1 1 1.000000
skin_0
0  12.002069 88.295090 5.037568  0.179629 0.558118 -0.810085  0.433607 0.086886 1 1 1.000000
0  12.593915 87.496780 4.624652  0.139236 0.577477 -0.804446  0.430677 0.084933 1 1 1.000000
0  11.534099 87.648193 4.597125  0.099804 0.515235 -0.851218  0.436537 0.084933 1 1 1.000000
skin_0
0  12.428748 86.739769 4.597125  0.025576 0.028378 -0.999270  0.431654 0.084933 1 1 1.000000
0  11.038600 86.932472 4.569597  -0.016015 0.048620 -0.998689  0.438490 0.084933 1 1 1.000000
0  11.534099 87.648193 4.597125  0.028654 0.016175 -0.999459  0.436537 0.084933 1 1 1.000000
skin_0
0  11.534099 87.648193 4.597125  0.028654 0.016175 -0.999459  0.436537 0.084933 1 1 1.000000
0  12.593915 87.496780 4.624652  0.027789 0.030598 -0.999145  0.430677 0.084933 1 1 1.000000
0  12.428748 86.739769 4.597125  0.025576 0.028378 -0.999270  0.431654 0.084933 1 1 1.000000
skin_0
0  10.336645 93.759338 12.291116  0.140216 0.874329 -0.464638  0.442396 0.113254 1 1 1.000000
0  10.446755 93.731812 12.291116  -0.111763 0.880287 -0.461089  0.442396 0.113254 1 1 1.000000
0  10.432991 92.451767 9.882442  -0.235553 0.853608 -0.464616  0.442396 0.104465 1 1 1.000000
skin_0
0  10.432991 92.451767 9.882442  -0.235553 0.853608 -0.464616  0.442396 0.104465 1 1 1.000000
0  10.309116 92.479294 9.882442  0.137398 0.869445 -0.474539  0.443373 0.104465 1 1 1.000000
0  10.336645 93.759338 12.291116  0.140216 0.874329 -0.464638  0.442396 0.113254 1 1 1.000000
skin_0
0  10.391699 90.579887 6.441480  0.107726 0.844790 -0.524142  0.442396 0.091769 1 1 1.000000
0  10.309116 92.479294 9.882442  0.137398 0.869445 -0.474539  0.443373 0.104465 1 1 1.000000
0  10.432991 92.451767 9.882442  -0.235553 0.853608 -0.464616  0.442396 0.104465 1 1 1.000000
skin_0
0  10.432991 92.451767 9.882442  -0.235553 0.853608 -0.464616  0.442396 0.104465 1 1 1.000000
0  10.529338 90.566124 6.441480  -0.222876 0.800305 -0.556630  0.441420 0.091769 1 1 1.000000
0  10.391699 90.579887 6.441480  0.107726 0.844790 -0.524142  0.442396 0.091769 1 1 1.000000
skin_0
0  10.722032 89.575127 5.092623  0.136574 0.806875 -0.574717  0.440443 0.086886 1 1 1.000000
0  10.391699 90.579887 6.441480  0.107726 0.844790 -0.524142  0.442396 0.091769 1 1 1.000000
0  10.529338 90.566124 6.441480  -0.222876 0.800305 -0.556630  0.441420 0.091769 1 1 1.000000
skin_0
0  10.529338 90.566124 6.441480  -0.222876 0.800305 -0.556630  0.441420 0.091769 1 1 1.000000
0  10.887197 89.547600 5.092623  -0.193374 0.754940 -0.626635  0.439467 0.086886 1 1 1.000000
0  10.722032 89.575127 5.092623  0.136574 0.806875 -0.574717  0.440443 0.086886 1 1 1.000000
skin_0
0  10.749559 89.478783 4.982512  0.098389 0.567825 -0.817248  0.440443 0.085910 1 1 1.000000
0  10.722032 89.575127 5.092623  0.136574 0.806875 -0.574717  0.440443 0.086886 1 1 1.000000
0  10.887197 89.547600 5.092623  -0.193374 0.754940 -0.626635  0.439467 0.086886 1 1 1.000000
skin_0
0  10.887197 89.547600 5.092623  -0.193374 0.754940 -0.626635  0.439467 0.086886 1 1 1.000000
0  10.914725 89.465019 4.982512  -0.056588 0.468267 -0.881773  0.439467 0.085910 1 1 1.000000
0  10.749559 89.478783 4.982512  0.098389 0.567825 -0.817248  0.440443 0.085910 1 1 1.000000
skin_0
0  10.749559 89.478783 4.982512  0.098389 0.567825 -0.817248  0.440443 0.085910 1 1 1.000000
0  10.914725 89.465019 4.982512  -0.056588 0.468267 -0.881773  0.439467 0.085910 1 1 1.000000
0  10.570629 88.776825 4.776054  0.012901 0.189395 -0.981816  0.441420 0.085910 1 1 1.000000
skin_0
0  11.272585 87.827118 4.624652  -0.058641 0.133879 -0.989261  0.437513 0.084933 1 1 1.000000
0  10.570629 87.372910 4.624652  -0.031354 0.099651 -0.994528  0.441420 0.084933 1 1 1.000000
0  10.570629 88.776825 4.776054  0.012901 0.189395 -0.981816  0.441420 0.085910 1 1 1.000000
skin_0
0  11.492806 89.382439 4.954985  0.012452 0.253916 -0.967146  0.436537 0.085910 1 1 1.000000
0  11.272585 87.827118 4.624652  -0.058641 0.133879 -0.989261  0.437513 0.084933 1 1 1.000000
0  10.570629 88.776825 4.776054  0.012901 0.189395 -0.981816  0.441420 0.085910 1 1 1.000000
skin_0
0  10.570629 88.776825 4.776054  0.012901 0.189395 -0.981816  0.441420 0.085910 1 1 1.000000
0  10.914725 89.465019 4.982512  -0.056588 0.468267 -0.881773  0.439467 0.085910 1 1 1.000000
0  11.492806 89.382439 4.954985  0.012452 0.253916 -0.967146  0.436537 0.085910 1 1 1.000000
skin_0
0  26.192600 85.748772 6.276313  0.275464 0.514096 -0.812296  0.355480 0.090793 1 1 1.000000
0  25.958612 82.775787 4.707234  0.293097 0.425772 -0.856044  0.356456 0.084933 1 1 1.000000
0  23.618757 84.468742 4.748526  0.248200 0.472991 -0.845385  0.370128 0.084933 1 1 1.000000
skin_0
0  23.618757 84.468742 4.748526  0.248200 0.472991 -0.845385  0.370128 0.084933 1 1 1.000000
0  23.728868 87.111397 6.331369  0.236616 0.566967 -0.789026  0.369152 0.090793 1 1 1.000000
0  26.192600 85.748772 6.276313  0.275464 0.514096 -0.812296  0.355480 0.090793 1 1 1.000000
skin_0
0  26.770679 90.910217 11.437757  0.248010 0.749955 -0.613236  0.352550 0.110324 1 1 1.000000
0  26.481640 88.570358 8.506056  0.253716 0.676620 -0.691240  0.354503 0.099582 1 1 1.000000
0  23.838982 89.561363 8.533585  0.228425 0.711560 -0.664457  0.368175 0.099582 1 1 1.000000
skin_0
0  23.838982 89.561363 8.533585  0.228425 0.711560 -0.664457  0.368175 0.099582 1 1 1.000000
0  24.072964 91.763580 11.396465  0.208081 0.766367 -0.607769  0.367199 0.110324 1 1 1.000000
0  26.770679 90.910217 11.437757  0.248010 0.749955 -0.613236  0.352550 0.110324 1 1 1.000000
skin_0
0  23.728868 87.111397 6.331369  0.236616 0.566967 -0.789026  0.369152 0.090793 1 1 1.000000
0  23.618757 84.468742 4.748526  0.248200 0.472991 -0.845385  0.370128 0.084933 1 1 1.000000
0  19.806173 85.968994 4.707235  0.162844 0.531992 -0.830943  0.390637 0.084933 1 1 1.000000
skin_0
0  19.806173 85.968994 4.707235  0.162844 0.531992 -0.830943  0.390637 0.084933 1 1 1.000000
0  19.916283 88.584122 6.441479  0.158761 0.631819 -0.758682  0.390637 0.091769 1 1 1.000000
0  23.728868 87.111397 6.331369  0.236616 0.566967 -0.789026  0.369152 0.090793 1 1 1.000000
skin_0
0  23.728868 87.111397 6.331369  0.236616 0.566967 -0.789026  0.369152 0.090793 1 1 1.000000
0  23.838982 89.561363 8.533585  0.228425 0.711560 -0.664457  0.368175 0.099582 1 1 1.000000
0  26.481640 88.570358 8.506056  0.253716 0.676620 -0.691240  0.354503 0.099582 1 1 1.000000
skin_0
0  26.481640 88.570358 8.506056  0.253716 0.676620 -0.691240  0.354503 0.099582 1 1 1.000000
0  26.192600 85.748772 6.276313  0.275464 0.514096 -0.812296  0.355480 0.090793 1 1 1.000000
0  23.728868 87.111397 6.331369  0.236616 0.566967 -0.789026  0.369152 0.090793 1 1 1.000000
skin_0
0  24.086731 91.859924 11.520340  0.174662 0.647714 -0.741592  0.367199 0.110324 1 1 1.000000
0  24.072964 91.763580 11.396465  0.208081 0.766367 -0.607769  0.367199 0.110324 1 1 1.000000
0  20.232853 92.479294 11.341410  0.130800 0.809974 -0.571694  0.388684 0.109348 1 1 1.000000
skin_0
0  20.232853 92.479294 11.341410  0.130800 0.809974 -0.571694  0.388684 0.109348 1 1 1.000000
0  20.232853 92.575638 11.465284  0.109133 0.695433 -0.710255  0.388684 0.110324 1 1 1.000000
0  24.086731 91.859924 11.520340  0.174662 0.647714 -0.741592  0.367199 0.110324 1 1 1.000000
skin_0
0  24.100494 92.038849 11.644214  0.103370 0.377961 -0.920032  0.367199 0.110324 1 1 1.000000
0  24.086731 91.859924 11.520340  0.174662 0.647714 -0.741592  0.367199 0.110324 1 1 1.000000
0  20.232853 92.575638 11.465284  0.109133 0.695433 -0.710255  0.388684 0.110324 1 1 1.000000
skin_0
0  20.232853 92.575638 11.465284  0.109133 0.695433 -0.710255  0.388684 0.110324 1 1 1.000000
0  20.260380 92.754570 11.589158  0.066601 0.426696 -0.901940  0.388684 0.110324 1 1 1.000000
0  24.100494 92.038849 11.644214  0.103370 0.377961 -0.920032  0.367199 0.110324 1 1 1.000000
skin_0
0  24.128021 93.181252 11.919492  0.061767 0.237934 -0.969315  0.367199 0.111301 1 1 1.000000
0  24.100494 92.038849 11.644214  0.103370 0.377961 -0.920032  0.367199 0.110324 1 1 1.000000
0  20.260380 92.754570 11.589158  0.066601 0.426696 -0.901940  0.388684 0.110324 1 1 1.000000
skin_0
0  20.260380 92.754570 11.589158  0.066601 0.426696 -0.901940  0.388684 0.110324 1 1 1.000000
0  20.411783 93.800629 11.905728  0.041735 0.279072 -0.959363  0.387707 0.111301 1 1 1.000000
0  24.128021 93.181252 11.919492  0.061767 0.237934 -0.969315  0.367199 0.111301 1 1 1.000000
skin_0
0  20.095213 90.593651 8.588639  0.152141 0.763759 -0.627316  0.388684 0.099582 1 1 1.000000
0  20.232853 92.479294 11.341410  0.130800 0.809974 -0.571694  0.388684 0.109348 1 1 1.000000
0  24.072964 91.763580 11.396465  0.208081 0.766367 -0.607769  0.367199 0.110324 1 1 1.000000
skin_0
0  24.072964 91.763580 11.396465  0.208081 0.766367 -0.607769  0.367199 0.110324 1 1 1.000000
0  23.838982 89.561363 8.533585  0.228425 0.711560 -0.664457  0.368175 0.099582 1 1 1.000000
0  20.095213 90.593651 8.588639  0.152141 0.763759 -0.627316  0.388684 0.099582 1 1 1.000000
skin_0
0  19.916283 88.584122 6.441479  0.158761 0.631819 -0.758682  0.390637 0.091769 1 1 1.000000
0  20.095213 90.593651 8.588639  0.152141 0.763759 -0.627316  0.388684 0.099582 1 1 1.000000
0  23.838982 89.561363 8.533585  0.228425 0.711560 -0.664457  0.368175 0.099582 1 1 1.000000
skin_0
0  23.838982 89.561363 8.533585  0.228425 0.711560 -0.664457  0.368175 0.099582 1 1 1.000000
0  23.728868 87.111397 6.331369  0.236616 0.566967 -0.789026  0.369152 0.090793 1 1 1.000000
0  19.916283 88.584122 6.441479  0.158761 0.631819 -0.758682  0.390637 0.091769 1 1 1.000000
skin_0
0  7.666458 94.130959 12.277352  0.095530 0.882157 -0.461165  0.457045 0.113254 1 1 1.000000
0  7.680222 94.199783 12.428754  0.101960 0.953289 -0.284331  0.457045 0.113254 1 1 1.000000
0  8.671219 94.103432 12.442517  0.128900 0.950779 -0.281788  0.452162 0.113254 1 1 1.000000
skin_0
0  8.671219 94.103432 12.442517  0.128900 0.950779 -0.281788  0.452162 0.113254 1 1 1.000000
0  8.671219 94.020851 12.291116  0.118333 0.880117 -0.459773  0.452162 0.113254 1 1 1.000000
0  7.666458 94.130959 12.277352  0.095530 0.882157 -0.461165  0.457045 0.113254 1 1 1.000000
skin_0
0  8.671219 94.020851 12.291116  0.118333 0.880117 -0.459773  0.452162 0.113254 1 1 1.000000
0  8.671219 94.103432 12.442517  0.128900 0.950779 -0.281788  0.452162 0.113254 1 1 1.000000
0  10.336645 93.828156 12.442517  0.148349 0.945381 -0.290255  0.442396 0.113254 1 1 1.000000
skin_0
0  10.336645 93.828156 12.442517  0.148349 0.945381 -0.290255  0.442396 0.113254 1 1 1.000000
0  10.336645 93.759338 12.291116  0.140216 0.874329 -0.464638  0.442396 0.113254 1 1 1.000000
0  8.671219 94.020851 12.291116  0.118333 0.880117 -0.459773  0.452162 0.113254 1 1 1.000000
skin_0
0  10.446755 93.814392 12.442517  -0.107808 0.950114 -0.292679  0.442396 0.113254 1 1 1.000000
0  10.680740 93.910736 12.428754  -0.774170 0.624009 -0.106175  0.440443 0.113254 1 1 1.000000
0  10.680740 93.828156 12.277352  -0.763012 0.580544 -0.284222  0.441420 0.113254 1 1 1.000000
skin_0
0  10.680740 93.828156 12.277352  -0.763012 0.580544 -0.284222  0.441420 0.113254 1 1 1.000000
0  10.446755 93.731812 12.291116  -0.111763 0.880287 -0.461089  0.442396 0.113254 1 1 1.000000
0  10.446755 93.814392 12.442517  -0.107808 0.950114 -0.292679  0.442396 0.113254 1 1 1.000000
skin_0
0  10.680740 93.910736 12.428754  -0.774170 0.624009 -0.106175  0.440443 0.113254 1 1 1.000000
0  10.873434 94.970551 12.428754  -0.967628 0.177125 0.179786  0.439467 0.113254 1 1 1.000000
0  10.873434 94.887970 12.263589  -0.982863 0.171326 -0.068027  0.439467 0.113254 1 1 1.000000
skin_0
0  10.873434 94.887970 12.263589  -0.982863 0.171326 -0.068027  0.439467 0.113254 1 1 1.000000
0  10.680740 93.828156 12.277352  -0.763012 0.580544 -0.284222  0.441420 0.113254 1 1 1.000000
0  10.680740 93.910736 12.428754  -0.774170 0.624009 -0.106175  0.440443 0.113254 1 1 1.000000
skin_0
0  26.949610 90.951508 11.561630  0.397582 0.584720 -0.707129  0.351573 0.110324 1 1 1.000000
0  26.935846 90.855164 11.437757  0.427729 0.688425 -0.585763  0.351573 0.110324 1 1 1.000000
0  26.770679 90.910217 11.437757  0.248010 0.749955 -0.613236  0.352550 0.110324 1 1 1.000000
skin_0
0  26.770679 90.910217 11.437757  0.248010 0.749955 -0.613236  0.352550 0.110324 1 1 1.000000
0  26.784443 91.006561 11.561630  0.212995 0.642318 -0.736248  0.352550 0.110324 1 1 1.000000
0  26.949610 90.951508 11.561630  0.397582 0.584720 -0.707129  0.351573 0.110324 1 1 1.000000
skin_0
0  27.114777 92.438004 11.947019  0.233873 0.176733 -0.956069  0.350597 0.112278 1 1 1.000000
0  26.977137 91.130447 11.685507  0.323176 0.321070 -0.890209  0.351573 0.111301 1 1 1.000000
0  26.825733 91.185501 11.671741  0.126765 0.362618 -0.923276  0.352550 0.111301 1 1 1.000000
skin_0
0  26.825733 91.185501 11.671741  0.126765 0.362618 -0.923276  0.352550 0.111301 1 1 1.000000
0  26.949610 92.479294 11.947019  0.068115 0.203012 -0.976804  0.351573 0.112278 1 1 1.000000
0  27.114777 92.438004 11.947019  0.233873 0.176733 -0.956069  0.350597 0.112278 1 1 1.000000
skin_0
0  26.233891 82.238991 4.679707  0.024250 0.060412 -0.997879  0.355480 0.084933 1 1 1.000000
0  25.958612 82.775787 4.707234  0.021577 0.057828 -0.998093  0.356456 0.084933 1 1 1.000000
0  26.123779 82.665672 4.707234  0.033017 0.064702 -0.997358  0.356456 0.084933 1 1 1.000000
skin_0
0  26.977137 91.130447 11.685507  0.323176 0.321070 -0.890209  0.351573 0.111301 1 1 1.000000
0  26.949610 90.951508 11.561630  0.397582 0.584720 -0.707129  0.351573 0.110324 1 1 1.000000
0  26.784443 91.006561 11.561630  0.212995 0.642318 -0.736248  0.352550 0.110324 1 1 1.000000
skin_0
0  26.784443 91.006561 11.561630  0.212995 0.642318 -0.736248  0.352550 0.110324 1 1 1.000000
0  26.825733 91.185501 11.671741  0.126765 0.362618 -0.923276  0.352550 0.111301 1 1 1.000000
0  26.977137 91.130447 11.685507  0.323176 0.321070 -0.890209  0.351573 0.111301 1 1 1.000000
skin_0
0  10.336645 93.759338 12.291116  0.140216 0.874329 -0.464638  0.442396 0.113254 1 1 1.000000
0  10.336645 93.828156 12.442517  0.148349 0.945381 -0.290255  0.442396 0.113254 1 1 1.000000
0  10.446755 93.814392 12.442517  -0.107808 0.950114 -0.292679  0.442396 0.113254 1 1 1.000000
skin_0
0  10.446755 93.814392 12.442517  -0.107808 0.950114 -0.292679  0.442396 0.113254 1 1 1.000000
0  10.446755 93.731812 12.291116  -0.111763 0.880287 -0.461089  0.442396 0.113254 1 1 1.000000
0  10.336645 93.759338 12.291116  0.140216 0.874329 -0.464638  0.442396 0.113254 1 1 1.000000
skin_0
0  26.357763 85.666191 6.276313  0.432285 0.457691 -0.776949  0.354503 0.090793 1 1 1.000000
0  26.123779 82.665672 4.707234  0.517206 0.334564 -0.787760  0.356456 0.084933 1 1 1.000000
0  25.958612 82.775787 4.707234  0.293097 0.425772 -0.856044  0.356456 0.084933 1 1 1.000000
skin_0
0  25.958612 82.775787 4.707234  0.293097 0.425772 -0.856044  0.356456 0.084933 1 1 1.000000
0  26.192600 85.748772 6.276313  0.275464 0.514096 -0.812296  0.355480 0.090793 1 1 1.000000
0  26.357763 85.666191 6.276313  0.432285 0.457691 -0.776949  0.354503 0.090793 1 1 1.000000
skin_0
0  26.935846 90.855164 11.437757  0.427729 0.688425 -0.585763  0.351573 0.110324 1 1 1.000000
0  26.646803 88.515305 8.506056  0.417575 0.614852 -0.669020  0.353526 0.099582 1 1 1.000000
0  26.481640 88.570358 8.506056  0.253716 0.676620 -0.691240  0.354503 0.099582 1 1 1.000000
skin_0
0  26.481640 88.570358 8.506056  0.253716 0.676620 -0.691240  0.354503 0.099582 1 1 1.000000
0  26.770679 90.910217 11.437757  0.248010 0.749955 -0.613236  0.352550 0.110324 1 1 1.000000
0  26.935846 90.855164 11.437757  0.427729 0.688425 -0.585763  0.351573 0.110324 1 1 1.000000
skin_0
0  26.646803 88.515305 8.506056  0.417575 0.614852 -0.669020  0.353526 0.099582 1 1 1.000000
0  26.357763 85.666191 6.276313  0.432285 0.457691 -0.776949  0.354503 0.090793 1 1 1.000000
0  26.192600 85.748772 6.276313  0.275464 0.514096 -0.812296  0.355480 0.090793 1 1 1.000000
skin_0
0  26.192600 85.748772 6.276313  0.275464 0.514096 -0.812296  0.355480 0.090793 1 1 1.000000
0  26.481640 88.570358 8.506056  0.253716 0.676620 -0.691240  0.354503 0.099582 1 1 1.000000
0  26.646803 88.515305 8.506056  0.417575 0.614852 -0.669020  0.353526 0.099582 1 1 1.000000
skin_0
0  8.272066 90.772583 6.345134  0.081097 0.854712 -0.512728  0.454115 0.090793 1 1 1.000000
0  7.184722 92.850929 9.717276  0.074809 0.862359 -0.500741  0.459975 0.103488 1 1 1.000000
0  7.583875 92.892220 9.896207  0.100068 0.871123 -0.480760  0.458022 0.104465 1 1 1.000000
skin_0
0  7.184722 92.850929 9.717276  0.074809 0.862359 -0.500741  0.459975 0.103488 1 1 1.000000
0  0.729478 92.850929 9.084140  0.025332 0.860231 -0.509275  0.496109 0.101535 1 1 1.000000
0  0.729478 92.933510 9.221779  0.019988 0.941161 -0.337367  0.496109 0.101535 1 1 1.000000
skin_0
0  0.729478 92.933510 9.221779  0.019988 0.941161 -0.337367  0.496109 0.101535 1 1 1.000000
0  7.157195 92.919746 9.841151  0.048653 0.871846 -0.487357  0.459975 0.104465 1 1 1.000000
0  7.184722 92.850929 9.717276  0.074809 0.862359 -0.500741  0.459975 0.103488 1 1 1.000000
skin_0
0  7.184722 92.850929 9.717276  0.121735 0.865140 -0.486532  0.459975 0.103488 1 1 1.000000
0  7.157195 92.919746 9.841151  0.121731 0.865139 -0.486534  0.459975 0.104465 1 1 1.000000
0  7.583875 92.892220 9.896207  0.121734 0.865139 -0.486533  0.458022 0.104465 1 1 1.000000
skin_0
0  8.671219 94.103432 12.442517  0.128900 0.950779 -0.281788  0.452162 0.113254 1 1 1.000000
0  7.680222 94.199783 12.428754  0.101960 0.953289 -0.284331  0.457045 0.113254 1 1 1.000000
0  7.597638 94.241074 12.607684  0.105313 0.985677 -0.131721  0.458022 0.114231 1 1 1.000000
skin_0
0  7.597638 94.241074 12.607684  0.105313 0.985677 -0.131721  0.458022 0.114231 1 1 1.000000
0  8.671219 94.117195 12.621449  0.134595 0.986398 -0.094358  0.452162 0.114231 1 1 1.000000
0  8.671219 94.103432 12.442517  0.128900 0.950779 -0.281788  0.452162 0.113254 1 1 1.000000
skin_0
0  10.336645 93.828156 12.442517  0.148349 0.945381 -0.290255  0.442396 0.113254 1 1 1.000000
0  8.671219 94.103432 12.442517  0.128900 0.950779 -0.281788  0.452162 0.113254 1 1 1.000000
0  8.671219 94.117195 12.621449  0.134595 0.986398 -0.094358  0.452162 0.114231 1 1 1.000000
skin_0
0  8.671219 94.117195 12.621449  0.134595 0.986398 -0.094358  0.452162 0.114231 1 1 1.000000
0  10.322881 93.855682 12.621449  0.147126 0.983380 -0.106386  0.443373 0.114231 1 1 1.000000
0  10.336645 93.828156 12.442517  0.148349 0.945381 -0.290255  0.442396 0.113254 1 1 1.000000
skin_0
0  10.680740 93.910736 12.428754  -0.774170 0.624009 -0.106175  0.440443 0.113254 1 1 1.000000
0  10.446755 93.814392 12.442517  -0.107808 0.950114 -0.292679  0.442396 0.113254 1 1 1.000000
0  10.446755 93.841919 12.621449  -0.120345 0.986997 -0.106551  0.442396 0.114231 1 1 1.000000
skin_0
0  10.446755 93.841919 12.621449  -0.120345 0.986997 -0.106551  0.442396 0.114231 1 1 1.000000
0  10.735796 93.952034 12.607684  -0.820676 0.555985 0.131801  0.440443 0.114231 1 1 1.000000
0  10.680740 93.910736 12.428754  -0.774170 0.624009 -0.106175  0.440443 0.113254 1 1 1.000000
skin_0
0  10.873434 94.970551 12.428754  -0.967628 0.177125 0.179786  0.439467 0.113254 1 1 1.000000
0  10.680740 93.910736 12.428754  -0.774170 0.624009 -0.106175  0.440443 0.113254 1 1 1.000000
0  10.735796 93.952034 12.607684  -0.820676 0.555985 0.131801  0.440443 0.114231 1 1 1.000000
skin_0
0  10.735796 93.952034 12.607684  -0.820676 0.555985 0.131801  0.440443 0.114231 1 1 1.000000
0  10.942254 95.039375 12.593921  -0.931945 0.176013 0.317015  0.439467 0.114231 1 1 1.000000
0  10.873434 94.970551 12.428754  -0.967628 0.177125 0.179786  0.439467 0.113254 1 1 1.000000
skin_0
0  26.935846 90.855164 11.437757  0.427729 0.688425 -0.585763  0.351573 0.110324 1 1 1.000000
0  26.949610 90.951508 11.561630  0.397582 0.584720 -0.707129  0.351573 0.110324 1 1 1.000000
0  27.087250 90.855164 11.616687  0.567832 0.507245 -0.648282  0.350597 0.110324 1 1 1.000000
skin_0
0  27.087250 90.855164 11.616687  0.567832 0.507245 -0.648282  0.350597 0.110324 1 1 1.000000
0  27.073486 90.758820 11.479048  0.594742 0.599764 -0.535317  0.350597 0.110324 1 1 1.000000
0  26.935846 90.855164 11.437757  0.427729 0.688425 -0.585763  0.351573 0.110324 1 1 1.000000
skin_0
0  26.977137 91.130447 11.685507  0.323176 0.321070 -0.890209  0.351573 0.111301 1 1 1.000000
0  27.114777 92.438004 11.947019  0.233873 0.176733 -0.956069  0.350597 0.112278 1 1 1.000000
0  27.266176 92.382950 12.015838  0.430081 0.142944 -0.891402  0.349620 0.112278 1 1 1.000000
skin_0
0  27.266176 92.382950 12.015838  0.430081 0.142944 -0.891402  0.349620 0.112278 1 1 1.000000
0  27.128540 91.047852 11.740561  0.490905 0.278500 -0.825500  0.350597 0.111301 1 1 1.000000
0  26.977137 91.130447 11.685507  0.323176 0.321070 -0.890209  0.351573 0.111301 1 1 1.000000
skin_0
0  26.233891 82.238991 4.679707  0.527970 0.184926 -0.828885  0.355480 0.084933 1 1 1.000000
0  26.123779 82.665672 4.707234  0.517206 0.334564 -0.787760  0.356456 0.084933 1 1 1.000000
0  26.261417 82.528038 4.762290  0.562594 0.233122 -0.793185  0.355480 0.085910 1 1 1.000000
skin_0
0  26.949610 90.951508 11.561630  0.397582 0.584720 -0.707129  0.351573 0.110324 1 1 1.000000
0  26.977137 91.130447 11.685507  0.323176 0.321070 -0.890209  0.351573 0.111301 1 1 1.000000
0  27.128540 91.047852 11.740561  0.490905 0.278500 -0.825500  0.350597 0.111301 1 1 1.000000
skin_0
0  27.128540 91.047852 11.740561  0.490905 0.278500 -0.825500  0.350597 0.111301 1 1 1.000000
0  27.087250 90.855164 11.616687  0.567832 0.507245 -0.648282  0.350597 0.110324 1 1 1.000000
0  26.949610 90.951508 11.561630  0.397582 0.584720 -0.707129  0.351573 0.110324 1 1 1.000000
skin_0
0  10.446755 93.814392 12.442517  -0.107808 0.950114 -0.292679  0.442396 0.113254 1 1 1.000000
0  10.336645 93.828156 12.442517  0.148349 0.945381 -0.290255  0.442396 0.113254 1 1 1.000000
0  10.322881 93.855682 12.621449  0.147126 0.983380 -0.106386  0.443373 0.114231 1 1 1.000000
skin_0
0  10.322881 93.855682 12.621449  0.147126 0.983380 -0.106386  0.443373 0.114231 1 1 1.000000
0  10.446755 93.841919 12.621449  -0.120345 0.986997 -0.106551  0.442396 0.114231 1 1 1.000000
0  10.446755 93.814392 12.442517  -0.107808 0.950114 -0.292679  0.442396 0.113254 1 1 1.000000
skin_0
0  26.123779 82.665672 4.707234  0.517206 0.334564 -0.787760  0.356456 0.084933 1 1 1.000000
0  26.357763 85.666191 6.276313  0.432285 0.457691 -0.776949  0.354503 0.090793 1 1 1.000000
0  26.495403 85.542313 6.317605  0.595742 0.381550 -0.706761  0.353526 0.090793 1 1 1.000000
skin_0
0  26.495403 85.542313 6.317605  0.595742 0.381550 -0.706761  0.353526 0.090793 1 1 1.000000
0  26.261417 82.528038 4.762290  0.562594 0.233122 -0.793185  0.355480 0.085910 1 1 1.000000
0  26.123779 82.665672 4.707234  0.517206 0.334564 -0.787760  0.356456 0.084933 1 1 1.000000
skin_0
0  26.646803 88.515305 8.506056  0.417575 0.614852 -0.669020  0.353526 0.099582 1 1 1.000000
0  26.935846 90.855164 11.437757  0.427729 0.688425 -0.585763  0.351573 0.110324 1 1 1.000000
0  27.073486 90.758820 11.479048  0.594742 0.599764 -0.535317  0.350597 0.110324 1 1 1.000000
skin_0
0  27.073486 90.758820 11.479048  0.594742 0.599764 -0.535317  0.350597 0.110324 1 1 1.000000
0  26.784443 88.405197 8.547349  0.587992 0.526309 -0.614219  0.352550 0.099582 1 1 1.000000
0  26.646803 88.515305 8.506056  0.417575 0.614852 -0.669020  0.353526 0.099582 1 1 1.000000
skin_0
0  26.357763 85.666191 6.276313  0.432285 0.457691 -0.776949  0.354503 0.090793 1 1 1.000000
0  26.646803 88.515305 8.506056  0.417575 0.614852 -0.669020  0.353526 0.099582 1 1 1.000000
0  26.784443 88.405197 8.547349  0.587992 0.526309 -0.614219  0.352550 0.099582 1 1 1.000000
skin_0
0  26.784443 88.405197 8.547349  0.587992 0.526309 -0.614219  0.352550 0.099582 1 1 1.000000
0  26.495403 85.542313 6.317605  0.595742 0.381550 -0.706761  0.353526 0.090793 1 1 1.000000
0  26.357763 85.666191 6.276313  0.432285 0.457691 -0.776949  0.354503 0.090793 1 1 1.000000
skin_0
0  -26.261429 82.238991 4.679710  -0.024396 0.060469 -0.997872  0.644551 0.084933 1 1 1.000000
0  -25.986151 82.775787 4.707238  -0.021677 0.057872 -0.998089  0.642598 0.084933 1 1 1.000000
0  -23.605005 84.124641 4.734766  -0.001160 0.010630 -0.999943  0.629902 0.084933 1 1 1.000000
skin_0
0  26.233891 82.238991 4.679707  0.024250 0.060412 -0.997879  0.355480 0.084933 1 1 1.000000
0  23.577467 84.124641 4.734762  0.001040 0.010536 -0.999944  0.370128 0.084933 1 1 1.000000
0  25.958612 82.775787 4.707234  0.021577 0.057828 -0.998093  0.356456 0.084933 1 1 1.000000
skin_0
0  -0.013770 93.002327 9.620931  -0.000029 0.986511 -0.163695  0.500015 0.103488 1 1 1.000000
0  -0.757018 92.933510 9.221779  -0.020050 0.941146 -0.337406  0.503922 0.101535 1 1 1.000000
0  -7.184735 92.919746 9.841153  -0.048694 0.871827 -0.487388  0.539079 0.104465 1 1 1.000000
black
0  -23.605005 84.124641 4.734766  0.367869 -0.790656 -0.489424  0.584979 0.051729 1 1 1.000000
0  -24.747406 79.981720 10.556874  0.267457 -0.786460 -0.556729  0.999054 0.029267 1 1 1.000000
0  -26.261429 82.238991 4.679710  0.529318 -0.737484 -0.419452  0.772485 0.000946 1 1 1.000000
black
0  -24.747406 79.981720 10.556874  0.267457 -0.786460 -0.556729  0.999054 0.029267 1 1 1.000000
0  -23.605005 84.124641 4.734766  0.367869 -0.790656 -0.489424  0.584979 0.051729 1 1 1.000000
0  -19.819948 85.390915 4.707238  0.170601 -0.790815 -0.587798  0.457045 0.123020 1 1 1.000000
black
0  -19.819948 85.390915 4.707238  0.170601 -0.790815 -0.587798  0.457045 0.123020 1 1 1.000000
0  -12.456290 86.739769 4.597126  0.115432 -0.774907 -0.621446  0.322275 0.263649 1 1 1.000000
0  -24.747406 79.981720 10.556874  0.267457 -0.786460 -0.556729  0.999054 0.029267 1 1 1.000000
black
0  -0.013770 89.960518 4.872402  -0.000027 0.131131 -0.991365  0.000000 0.499985 1 1 1.000000
0  -0.013770 87.813354 4.748528  -0.000029 0.061893 -0.998083  0.214850 0.499985 1 1 1.000000
0  -0.096353 87.827118 4.748528  0.006177 0.122564 -0.992441  0.213874 0.499008 1 1 1.000000
black
0  -0.096353 87.827118 4.748528  0.006177 0.122564 -0.992441  0.213874 0.499008 1 1 1.000000
0  -8.065621 89.368675 4.872403  -0.001956 0.148174 -0.988959  0.059572 0.346660 1 1 1.000000
0  -0.013770 89.960518 4.872402  -0.000027 0.131131 -0.991365  0.000000 0.499985 1 1 1.000000
black
0  -12.456290 86.739769 4.597126  0.115432 -0.774907 -0.621446  0.322275 0.263649 1 1 1.000000
0  -0.013769 83.739250 10.556872  -0.000000 -0.802591 -0.596529  0.623066 0.499985 1 1 1.000000
0  -24.747406 79.981720 10.556874  0.267457 -0.786460 -0.556729  0.999054 0.029267 1 1 1.000000
black
0  -11.066140 86.932472 4.569599  0.089688 -0.800543 -0.592527  0.303720 0.290017 1 1 1.000000
0  -0.013769 83.739250 10.556872  -0.000000 -0.802591 -0.596529  0.623066 0.499985 1 1 1.000000
0  -12.456290 86.739769 4.597126  0.115432 -0.774907 -0.621446  0.322275 0.263649 1 1 1.000000
black
0  -0.013770 87.813354 4.748528  -0.000000 -0.818685 -0.574243  0.214850 0.499985 1 1 1.000000
0  -0.013769 83.739250 10.556872  -0.000000 -0.802591 -0.596529  0.623066 0.499985 1 1 1.000000
0  -11.066140 86.932472 4.569599  0.089688 -0.800543 -0.592527  0.303720 0.290017 1 1 1.000000
black
0  -0.013770 87.813354 4.748528  -0.000029 0.061893 -0.998083  0.214850 0.499985 1 1 1.000000
0  -11.066140 86.932472 4.569599  0.015986 0.048329 -0.998704  0.303720 0.290017 1 1 1.000000
0  -10.598170 87.372910 4.624654  0.031297 0.099665 -0.994529  0.259774 0.298807 1 1 1.000000
black
0  -0.013770 87.813354 4.748528  -0.000029 0.061893 -0.998083  0.214850 0.499985 1 1 1.000000
0  -10.598170 87.372910 4.624654  0.031297 0.099665 -0.994529  0.259774 0.298807 1 1 1.000000
0  -10.598170 88.776825 4.776056  -0.013049 0.189418 -0.981810  0.118168 0.298807 1 1 1.000000
black
0  -0.013770 87.813354 4.748528  -0.000029 0.061893 -0.998083  0.214850 0.499985 1 1 1.000000
0  -10.598170 88.776825 4.776056  -0.013049 0.189418 -0.981810  0.118168 0.298807 1 1 1.000000
0  -0.096353 87.827118 4.748528  0.006177 0.122564 -0.992441  0.213874 0.499008 1 1 1.000000
black
0  -0.096353 87.827118 4.748528  0.006177 0.122564 -0.992441  0.213874 0.499008 1 1 1.000000
0  -10.598170 88.776825 4.776056  -0.013049 0.189418 -0.981810  0.118168 0.298807 1 1 1.000000
0  -8.065621 89.368675 4.872403  -0.001956 0.148174 -0.988959  0.059572 0.346660 1 1 1.000000
black
0  23.577467 84.124641 4.734762  -0.367868 -0.790656 -0.489424  0.584979 0.949217 1 1 1.000000
0  26.233891 82.238991 4.679707  -0.529356 -0.737455 -0.419454  0.772485 1.000000 1 1 1.000000
0  24.719868 79.981720 10.556870  -0.267457 -0.786461 -0.556729  0.999054 0.970702 1 1 1.000000
black
0  24.719868 79.981720 10.556870  -0.267457 -0.786461 -0.556729  0.999054 0.970702 1 1 1.000000
0  19.792410 85.390915 4.707235  -0.169717 -0.790702 -0.588206  0.457045 0.876949 1 1 1.000000
0  23.577467 84.124641 4.734762  -0.367868 -0.790656 -0.489424  0.584979 0.949217 1 1 1.000000
black
0  19.792410 85.390915 4.707235  -0.169717 -0.790702 -0.588206  0.457045 0.876949 1 1 1.000000
0  24.719868 79.981720 10.556870  -0.267457 -0.786461 -0.556729  0.999054 0.970702 1 1 1.000000
0  12.428748 86.739769 4.597125  -0.115208 -0.775081 -0.621271  0.322275 0.737297 1 1 1.000000
black
0  -0.013770 89.960518 4.872402  -0.000027 0.131131 -0.991365  0.000000 0.499985 1 1 1.000000
0  8.038081 89.368675 4.872402  0.001866 0.148110 -0.988969  0.059572 0.653310 1 1 1.000000
0  0.068813 87.827118 4.748528  -0.006200 0.122341 -0.992469  0.213874 0.501938 1 1 1.000000
black
0  0.068813 87.827118 4.748528  -0.006200 0.122341 -0.992469  0.213874 0.501938 1 1 1.000000
0  -0.013770 87.813354 4.748528  -0.000029 0.061893 -0.998083  0.214850 0.499985 1 1 1.000000
0  -0.013770 89.960518 4.872402  -0.000027 0.131131 -0.991365  0.000000 0.499985 1 1 1.000000
black
0  12.428748 86.739769 4.597125  -0.115208 -0.775081 -0.621271  0.322275 0.737297 1 1 1.000000
0  24.719868 79.981720 10.556870  -0.267457 -0.786461 -0.556729  0.999054 0.970702 1 1 1.000000
0  -0.013769 83.739250 10.556872  -0.000000 -0.802591 -0.596529  0.623066 0.499985 1 1 1.000000
black
0  11.038600 86.932472 4.569597  -0.089694 -0.800545 -0.592523  0.303720 0.710929 1 1 1.000000
0  12.428748 86.739769 4.597125  -0.115208 -0.775081 -0.621271  0.322275 0.737297 1 1 1.000000
0  -0.013769 83.739250 10.556872  -0.000000 -0.802591 -0.596529  0.623066 0.499985 1 1 1.000000
black
0  -0.013770 87.813354 4.748528  -0.000000 -0.818685 -0.574243  0.214850 0.499985 1 1 1.000000
0  11.038600 86.932472 4.569597  -0.089694 -0.800545 -0.592523  0.303720 0.710929 1 1 1.000000
0  -0.013769 83.739250 10.556872  -0.000000 -0.802591 -0.596529  0.623066 0.499985 1 1 1.000000
black
0  -0.013770 87.813354 4.748528  -0.000029 0.061893 -0.998083  0.214850 0.499985 1 1 1.000000
0  0.068813 87.827118 4.748528  -0.006200 0.122341 -0.992469  0.213874 0.501938 1 1 1.000000
0  10.570629 88.776825 4.776054  0.012901 0.189395 -0.981816  0.118168 0.701163 1 1 1.000000
black
0  -0.013770 87.813354 4.748528  -0.000029 0.061893 -0.998083  0.214850 0.499985 1 1 1.000000
0  10.570629 88.776825 4.776054  0.012901 0.189395 -0.981816  0.118168 0.701163 1 1 1.000000
0  10.570629 87.372910 4.624652  -0.031354 0.099651 -0.994528  0.259774 0.701163 1 1 1.000000
black
0  -0.013770 87.813354 4.748528  -0.000029 0.061893 -0.998083  0.214850 0.499985 1 1 1.000000
0  10.570629 87.372910 4.624652  -0.031354 0.099651 -0.994528  0.259774 0.701163 1 1 1.000000
0  11.038600 86.932472 4.569597  -0.016015 0.048620 -0.998689  0.303720 0.710929 1 1 1.000000
black
0  0.068813 87.827118 4.748528  -0.006200 0.122341 -0.992469  0.213874 0.501938 1 1 1.000000
0  8.038081 89.368675 4.872402  0.001866 0.148110 -0.988969  0.059572 0.653310 1 1 1.000000
0  10.570629 88.776825 4.776054  0.012901 0.189395 -0.981816  0.118168 0.701163 1 1 1.000000
end
