version 1
nodes
0 "blender_implicit" -1
1 "root" -1
2 "steering_wheel" 1
end
skeleton
time 0
0  0.000000 0.000000 0.000000  0.000000 -0.000000 0.000000
1  0.000000 0.000000 0.000000  1.570796 -0.000000 0.000000
2  15.979831 32.936882 16.915779  0.000000 -0.000000 0.000000
end
triangles
badges
0  -15.092854 -101.251015 -0.268429  -0.107226 -0.994189 -0.009535  0.033204 0.685537 1 1 1.000000
0  -6.503202 -102.182701 0.280626  -0.056676 -0.998373 -0.006303  0.502945 0.685537 1 1 1.000000
0  -6.954762 -102.201454 7.313210  -0.056679 -0.998373 -0.006302  0.502945 1.024415 1 1 1.000000
badges
0  -6.954762 -102.201454 7.313210  -0.056679 -0.998373 -0.006302  0.502945 1.024415 1 1 1.000000
0  -15.544414 -101.269768 6.764155  -0.107226 -0.994189 -0.009532  0.033204 1.024415 1 1 1.000000
0  -15.092854 -101.251015 -0.268429  -0.107226 -0.994189 -0.009535  0.033204 0.685537 1 1 1.000000
badges
0  -6.503202 -102.182701 0.280626  -0.056676 -0.998373 -0.006303  0.204108 0.685537 1 1 1.000000
0  2.027036 -102.235405 0.828209  0.051876 -0.998653 0.000668  0.674825 0.685537 1 1 1.000000
0  1.575476 -102.254158 7.860793  0.051873 -0.998653 0.000669  0.674825 1.024415 1 1 1.000000
badges
0  1.575476 -102.254158 7.860793  0.051873 -0.998653 0.000669  0.674825 1.024415 1 1 1.000000
0  -6.954762 -102.201454 7.313210  -0.056679 -0.998373 -0.006302  0.204108 1.024415 1 1 1.000000
0  -6.503202 -102.182701 0.280626  -0.056676 -0.998373 -0.006303  0.204108 0.685537 1 1 1.000000
badges
0  18.501163 -99.499825 8.954930  0.209656 -0.977715 0.010854  0.717795 1.024415 1 1 1.000000
0  10.054309 -101.317200 8.407714  0.159812 -0.987118 0.007631  0.247078 1.024415 1 1 1.000000
0  10.505869 -101.298447 1.375130  0.159814 -0.987118 0.007628  0.247078 0.685537 1 1 1.000000
badges
0  10.505869 -101.298447 1.375130  0.159814 -0.987118 0.007628  0.247078 0.685537 1 1 1.000000
0  18.952723 -99.481071 1.922347  0.209656 -0.977715 0.010851  0.717795 0.685537 1 1 1.000000
0  18.501163 -99.499825 8.954930  0.209656 -0.977715 0.010854  0.717795 1.024415 1 1 1.000000
badges
0  10.054309 -101.317200 8.407714  0.159812 -0.987118 0.007631  0.545915 1.024415 1 1 1.000000
0  1.575476 -102.254158 7.860793  0.051873 -0.998653 0.000669  0.076174 1.024415 1 1 1.000000
0  2.027036 -102.235405 0.828209  0.051876 -0.998653 0.000668  0.076174 0.685537 1 1 1.000000
badges
0  2.027036 -102.235405 0.828209  0.051876 -0.998653 0.000668  0.076174 0.685537 1 1 1.000000
0  10.505869 -101.298447 1.375130  0.159814 -0.987118 0.007628  0.545915 0.685537 1 1 1.000000
0  10.054309 -101.317200 8.407714  0.159812 -0.987118 0.007631  0.545915 1.024415 1 1 1.000000
badges
0  -18.388079 -103.277458 7.720967  -0.220139 -0.974966 0.031316  0.001953 0.504868 1 1 1.000000
0  -15.464671 -103.952438 7.906878  -0.227090 -0.973140 0.037804  0.193365 0.504868 1 1 1.000000
0  -15.658448 -103.795174 10.791225  -0.220265 -0.974919 0.031883  0.193365 0.693350 1 1 1.000000
badges
0  -15.658448 -103.795174 10.791225  -0.220265 -0.974919 0.031883  0.193365 0.693350 1 1 1.000000
0  -18.579712 -103.161446 10.605343  -0.213164 -0.976684 0.025471  0.001953 0.693350 1 1 1.000000
0  -18.388079 -103.277458 7.720967  -0.220139 -0.974966 0.031316  0.001953 0.504868 1 1 1.000000
skin_0dam
0  -31.974483 -94.769272 -1.997134  -0.530378 -0.814139 -0.236383  0.680685 0.958007 1 1 1.000000
0  -32.131001 -94.323196 -2.930074  -0.623973 -0.737540 -0.258249  0.681661 0.961913 1 1 1.000000
0  -28.663574 -96.665161 -2.768846  -0.478059 -0.831086 -0.284176  0.664083 0.961913 1 1 1.000000
skin_0dam
0  -28.663574 -96.665161 -2.768846  -0.478059 -0.831086 -0.284176  0.664083 0.961913 1 1 1.000000
0  -28.733387 -96.888756 -1.932599  -0.484177 -0.842769 -0.235187  0.664083 0.958983 1 1 1.000000
0  -31.974483 -94.769272 -1.997134  -0.530378 -0.814139 -0.236383  0.680685 0.958007 1 1 1.000000
skin_0dam
0  -32.131001 -94.323196 -2.930074  -0.623973 -0.737540 -0.258249  0.910184 0.849605 1 1 1.000000
0  -32.131969 -94.667191 -1.993180  -0.616215 -0.752135 -0.233609  0.904324 0.850581 1 1 1.000000
0  -32.233700 -94.562225 -1.999433  -0.710323 -0.669366 -0.217694  0.904324 0.849605 1 1 1.000000
skin_0dam
0  -31.099821 -97.062210 4.935241  -0.680063 -0.732087 -0.039541  0.674825 0.933592 1 1 1.000000
0  -30.937878 -97.191795 4.669449  -0.073260 -0.798262 -0.597838  0.673849 0.934568 1 1 1.000000
0  -29.878990 -98.114655 5.700436  -0.239086 -0.742064 -0.626242  0.667989 0.930662 1 1 1.000000
skin_0dam
0  -29.878990 -98.114655 5.700436  -0.239086 -0.742064 -0.626242  0.667989 0.930662 1 1 1.000000
0  -30.054655 -97.985786 5.965345  -0.621542 -0.782820 -0.029626  0.668966 0.929685 1 1 1.000000
0  -31.099821 -97.062210 4.935241  -0.680063 -0.732087 -0.039541  0.674825 0.933592 1 1 1.000000
skin_0dam
0  -35.535801 -92.068756 5.449884  -0.807814 -0.588144 -0.039034  0.863308 0.840815 1 1 1.000000
0  -33.176853 -95.074898 5.345075  -0.742061 -0.667819 -0.058004  0.865261 0.851558 1 1 1.000000
0  -33.836010 -94.473068 8.448987  -0.774117 -0.632957 0.010406  0.847682 0.849605 1 1 1.000000
skin_0dam
0  -35.535801 -92.068756 5.449884  -0.807814 -0.588144 -0.039034  0.863308 0.840815 1 1 1.000000
0  -33.836010 -94.473068 8.448987  -0.774117 -0.632957 0.010406  0.847682 0.849605 1 1 1.000000
0  -35.480343 -92.174210 8.321948  -0.817418 -0.575466 0.025837  0.848659 0.840815 1 1 1.000000
skin_0dam
0  -35.535801 -92.068756 5.449884  -0.807814 -0.588144 -0.039034  0.863308 0.840815 1 1 1.000000
0  -35.480343 -92.174210 8.321948  -0.817418 -0.575466 0.025837  0.848659 0.840815 1 1 1.000000
0  -36.029118 -91.389587 8.275012  -0.816030 -0.577260 0.029443  0.848659 0.837886 1 1 1.000000
skin_0dam
0  -30.728645 -97.050964 13.537877  -0.168617 -0.280191 0.945019  0.669942 0.902341 1 1 1.000000
0  -33.161495 -94.517090 13.884943  -0.074035 -0.311970 0.947203  0.681661 0.900388 1 1 1.000000
0  -33.199657 -94.739655 13.799147  -0.614050 -0.565797 0.550288  0.681661 0.901364 1 1 1.000000
skin_0dam
0  -33.199657 -94.739655 13.799147  -0.614050 -0.565797 0.550288  0.681661 0.901364 1 1 1.000000
0  -30.737938 -97.299583 13.453864  -0.511674 -0.638911 0.574441  0.669942 0.903317 1 1 1.000000
0  -30.728645 -97.050964 13.537877  -0.168617 -0.280191 0.945019  0.669942 0.902341 1 1 1.000000
skin_0dam
0  -34.600170 -92.124168 14.778197  0.096652 -0.440006 0.892778  0.813501 0.840815 1 1 1.000000
0  -35.373112 -89.971939 16.251453  0.125681 -0.601562 0.788877  0.805689 0.833003 1 1 1.000000
0  -35.530621 -90.049072 16.185963  -0.505234 -0.613483 0.606941  0.805689 0.833003 1 1 1.000000
skin_0dam
0  -35.530621 -90.049072 16.185963  -0.505234 -0.613483 0.606941  0.805689 0.833003 1 1 1.000000
0  -34.692142 -92.335770 14.661389  -0.583847 -0.568591 0.579506  0.814478 0.841792 1 1 1.000000
0  -34.600170 -92.124168 14.778197  0.096652 -0.440006 0.892778  0.813501 0.840815 1 1 1.000000
skin_0dam
0  -23.172739 -101.068832 13.543390  -0.177153 -0.370890 0.911624  0.629902 0.904294 1 1 1.000000
0  -21.376480 -98.590225 14.961806  -0.259239 -0.406777 0.875972  0.619160 0.899411 1 1 1.000000
0  -25.037571 -96.851074 14.648616  -0.183292 -0.309299 0.933133  0.638691 0.900388 1 1 1.000000
skin_0dam
0  -6.959596 -104.375084 13.651533  -0.040996 -0.418574 0.907257  0.543962 0.907224 1 1 1.000000
0  -9.634289 -104.045364 13.742723  0.069837 -0.414200 0.907503  0.558611 0.906247 1 1 1.000000
0  -9.648746 -104.211548 13.672390  -0.036979 -0.809203 0.586364  0.558611 0.907224 1 1 1.000000
skin_0dam
0  -9.648746 -104.211548 13.672390  -0.036979 -0.809203 0.586364  0.558611 0.907224 1 1 1.000000
0  -6.945020 -104.553566 13.569240  -0.075195 -0.808267 0.583995  0.543962 0.908200 1 1 1.000000
0  -6.959596 -104.375084 13.651533  -0.040996 -0.418574 0.907257  0.543962 0.907224 1 1 1.000000
skin_0dam
0  -10.045982 -104.043518 7.261525  -0.088308 -0.983347 -0.158843  0.562517 0.929685 1 1 1.000000
0  -5.375200 -104.448486 7.546564  -0.053105 -0.986725 -0.153470  0.538102 0.929685 1 1 1.000000
0  -5.459014 -104.877983 10.698460  -0.055047 -0.995485 -0.077327  0.537126 0.918943 1 1 1.000000
skin_0dam
0  -5.459014 -104.877983 10.698460  -0.055047 -0.995485 -0.077327  0.537126 0.918943 1 1 1.000000
0  -9.908183 -104.502838 10.427571  -0.097089 -0.992196 -0.078232  0.560564 0.918943 1 1 1.000000
0  -10.045982 -104.043518 7.261525  -0.088308 -0.983347 -0.158843  0.562517 0.929685 1 1 1.000000
skin_0dam
0  -4.442219 -105.149124 0.267128  -0.017048 -0.195283 0.980599  0.535173 0.956053 1 1 1.000000
0  -11.208727 -104.728752 0.344087  0.051731 -0.187879 0.980829  0.571307 0.955077 1 1 1.000000
0  -11.202495 -105.045456 0.288473  -0.044294 -0.806305 0.589839  0.571307 0.955077 1 1 1.000000
skin_0dam
0  -11.202495 -105.045456 0.288473  -0.044294 -0.806305 0.589839  0.571307 0.955077 1 1 1.000000
0  -4.421387 -105.465096 0.198661  -0.030290 -0.809387 0.586494  0.535173 0.957030 1 1 1.000000
0  -4.442219 -105.149124 0.267128  -0.017048 -0.195283 0.980599  0.535173 0.956053 1 1 1.000000
skin_0dam
0  -32.355740 -95.993279 10.926038  -0.718105 -0.693808 0.054371  0.834986 0.855464 1 1 1.000000
0  -34.248753 -93.707336 10.810583  -0.802479 -0.592250 0.072570  0.834986 0.846675 1 1 1.000000
0  -33.836010 -94.473068 8.448987  -0.774117 -0.632957 0.010406  0.847682 0.849605 1 1 1.000000
skin_0dam
0  -33.836010 -94.473068 8.448987  -0.774117 -0.632957 0.010406  0.847682 0.849605 1 1 1.000000
0  -31.708584 -96.719292 8.538220  -0.678418 -0.734667 -0.003632  0.848659 0.857418 1 1 1.000000
0  -32.355740 -95.993279 10.926038  -0.718105 -0.693808 0.054371  0.834986 0.855464 1 1 1.000000
skin_0dam
0  -38.481564 -87.711922 9.934132  -0.981422 -0.128707 -0.142287  0.838893 0.824213 1 1 1.000000
0  -38.591824 -86.505028 9.599257  -0.981171 -0.129885 -0.142942  0.840846 0.820307 1 1 1.000000
0  -38.189373 -87.215958 7.568160  -0.980171 -0.124060 -0.154513  0.851588 0.822260 1 1 1.000000
skin_0dam
0  -38.189373 -87.215958 7.568160  -0.980171 -0.124060 -0.154513  0.851588 0.822260 1 1 1.000000
0  -38.052677 -88.462936 7.739118  -0.980206 -0.123079 -0.155073  0.850612 0.827143 1 1 1.000000
0  -38.481564 -87.711922 9.934132  -0.981422 -0.128707 -0.142287  0.838893 0.824213 1 1 1.000000
skin_0dam
0  -1.074792 -104.624603 7.822223  0.014741 -0.989485 -0.143882  0.514664 0.929685 1 1 1.000000
0  4.439439 -104.337936 8.177054  0.105095 -0.984755 -0.138613  0.484390 0.929685 1 1 1.000000
0  4.229861 -104.746384 11.334721  0.099434 -0.992923 -0.064930  0.485366 0.918943 1 1 1.000000
skin_0dam
0  4.229861 -104.746384 11.334721  0.099434 -0.992923 -0.064930  0.485366 0.918943 1 1 1.000000
0  -1.229502 -105.030205 10.983420  0.012091 -0.997389 -0.071202  0.514664 0.918943 1 1 1.000000
0  -1.074792 -104.624603 7.822223  0.014741 -0.989485 -0.143882  0.514664 0.929685 1 1 1.000000
skin_0dam
0  -13.852412 -104.129120 10.037389  -0.273361 -0.948120 0.162300  0.582049 0.918943 1 1 1.000000
0  -14.756101 -104.150002 7.786340  -0.483072 -0.857757 0.175767  0.587909 0.926756 1 1 1.000000
0  -14.432631 -104.202148 7.738011  0.346433 -0.933058 -0.096885  0.585955 0.927732 1 1 1.000000
skin_0dam
0  -14.432631 -104.202148 7.738011  0.346433 -0.933058 -0.096885  0.585955 0.927732 1 1 1.000000
0  -13.635756 -104.131599 10.106462  0.226532 -0.972280 -0.057922  0.581072 0.918943 1 1 1.000000
0  -13.852412 -104.129120 10.037389  -0.273361 -0.948120 0.162300  0.582049 0.918943 1 1 1.000000
skin_0dam
0  -37.178158 -89.288834 3.186460  -0.976537 -0.119092 -0.179422  0.875027 0.830073 1 1 1.000000
0  -37.342724 -87.974281 3.179398  -0.976221 -0.120541 -0.180171  0.875027 0.825190 1 1 1.000000
0  -36.867855 -88.116562 0.851037  -0.972245 -0.117873 -0.202105  0.887722 0.826167 1 1 1.000000
skin_0dam
0  -36.867855 -88.116562 0.851037  -0.972245 -0.117873 -0.202105  0.887722 0.826167 1 1 1.000000
0  -36.737988 -89.377747 0.924973  -0.972275 -0.117927 -0.201926  0.887722 0.831050 1 1 1.000000
0  -37.178158 -89.288834 3.186460  -0.976537 -0.119092 -0.179422  0.875027 0.830073 1 1 1.000000
skin_0dam
0  -15.763739 -104.261154 2.287202  -0.486012 -0.873857 -0.012884  0.594745 0.946287 1 1 1.000000
0  -15.393504 -104.324562 2.379766  0.525872 -0.839637 0.135902  0.592792 0.946287 1 1 1.000000
0  -15.449016 -104.257698 3.617682  0.507173 -0.861701 -0.015700  0.592792 0.941404 1 1 1.000000
skin_0dam
0  -15.449016 -104.257698 3.617682  0.507173 -0.861701 -0.015700  0.592792 0.941404 1 1 1.000000
0  -15.784986 -104.178665 3.623904  -0.532325 -0.842554 0.082053  0.594745 0.941404 1 1 1.000000
0  -15.763739 -104.261154 2.287202  -0.486012 -0.873857 -0.012884  0.594745 0.946287 1 1 1.000000
skin_0dam
0  -19.527460 -98.998863 2.225073  -0.319543 -0.417333 0.850720  0.614277 0.946287 1 1 1.000000
0  -24.078867 -97.168114 1.937714  -0.210115 -0.346922 0.914055  0.637715 0.946287 1 1 1.000000
0  -22.830208 -100.370308 1.002515  -0.194529 -0.349889 0.916371  0.632832 0.949217 1 1 1.000000
skin_0dam
0  -22.830208 -100.370308 1.002515  -0.194529 -0.349889 0.916371  0.632832 0.949217 1 1 1.000000
0  -17.663874 -102.320724 1.273873  -0.364138 -0.444010 0.818693  0.605487 0.950194 1 1 1.000000
0  -19.527460 -98.998863 2.225073  -0.319543 -0.417333 0.850720  0.614277 0.946287 1 1 1.000000
skin_0dam
0  -13.412477 -104.064796 10.231315  0.047008 -0.993614 -0.102577  0.580096 0.918943 1 1 1.000000
0  -13.516919 -104.070274 10.141842  0.347713 -0.927680 -0.136033  0.580096 0.918943 1 1 1.000000
0  -14.358166 -104.005493 7.495055  0.761919 -0.593528 -0.259238  0.585955 0.927732 1 1 1.000000
skin_0dam
0  -14.358166 -104.005493 7.495055  0.761919 -0.593528 -0.259238  0.585955 0.927732 1 1 1.000000
0  -14.182014 -103.555649 6.969668  0.346793 -0.905612 -0.244134  0.584979 0.929685 1 1 1.000000
0  -13.412477 -104.064796 10.231315  0.047008 -0.993614 -0.102577  0.580096 0.918943 1 1 1.000000
skin_0dam
0  -12.951672 -104.053551 11.860833  -0.161411 -0.976316 0.144061  0.577166 0.913083 1 1 1.000000
0  -13.229346 -104.109848 11.070487  -0.141818 -0.987812 0.064146  0.578143 0.916013 1 1 1.000000
0  -13.035168 -104.141113 11.082872  -0.124230 -0.991370 0.041864  0.577166 0.916013 1 1 1.000000
skin_0dam
0  -13.635756 -104.131599 10.106462  0.226532 -0.972280 -0.057922  0.581072 0.918943 1 1 1.000000
0  -13.516919 -104.070274 10.141842  0.347713 -0.927680 -0.136033  0.580096 0.918943 1 1 1.000000
0  -13.229346 -104.109848 11.070487  -0.141818 -0.987812 0.064146  0.578143 0.916013 1 1 1.000000
skin_0dam
0  -13.766933 -103.602989 6.996195  -0.104618 -0.983876 -0.145060  0.583026 0.929685 1 1 1.000000
0  -10.045982 -104.043518 7.261525  -0.088308 -0.983347 -0.158843  0.562517 0.929685 1 1 1.000000
0  -9.908183 -104.502838 10.427571  -0.097089 -0.992196 -0.078232  0.560564 0.918943 1 1 1.000000
skin_0dam
0  -9.908183 -104.502838 10.427571  -0.097089 -0.992196 -0.078232  0.560564 0.918943 1 1 1.000000
0  -13.192625 -104.094696 10.272936  -0.124124 -0.989321 -0.076396  0.578143 0.917966 1 1 1.000000
0  -13.766933 -103.602989 6.996195  -0.104618 -0.983876 -0.145060  0.583026 0.929685 1 1 1.000000
skin_0dam
0  -11.208727 -104.728752 0.344087  0.051731 -0.187879 0.980829  0.571307 0.955077 1 1 1.000000
0  -13.623910 -104.371597 0.672690  0.252036 -0.190690 0.948744  0.584002 0.953124 1 1 1.000000
0  -13.658828 -104.690445 0.614428  0.024820 -0.825332 0.564102  0.584979 0.953124 1 1 1.000000
skin_0dam
0  -13.658828 -104.690445 0.614428  0.024820 -0.825332 0.564102  0.584979 0.953124 1 1 1.000000
0  -11.202495 -105.045456 0.288473  -0.044294 -0.806305 0.589839  0.571307 0.955077 1 1 1.000000
0  -11.208727 -104.728752 0.344087  0.051731 -0.187879 0.980829  0.571307 0.955077 1 1 1.000000
skin_0dam
0  -15.434852 -103.910599 6.336587  -0.800258 -0.558502 0.218315  0.591815 0.931639 1 1 1.000000
0  -15.649907 -103.494499 6.337681  -0.843057 -0.488071 0.225924  0.592792 0.931639 1 1 1.000000
0  -16.294971 -103.336761 3.786495  -0.858665 -0.494038 0.136458  0.597674 0.941404 1 1 1.000000
skin_0dam
0  -16.294971 -103.336761 3.786495  -0.858665 -0.494038 0.136458  0.597674 0.941404 1 1 1.000000
0  -16.038292 -103.888596 3.677374  -0.820329 -0.559130 0.120138  0.595721 0.941404 1 1 1.000000
0  -15.434852 -103.910599 6.336587  -0.800258 -0.558502 0.218315  0.591815 0.931639 1 1 1.000000
skin_0dam
0  -18.425940 -103.114304 7.318996  -0.169899 -0.764103 -0.622319  0.607440 0.927732 1 1 1.000000
0  -15.651484 -103.783264 7.453982  -0.157649 -0.784994 -0.599109  0.592792 0.927732 1 1 1.000000
0  -15.587871 -103.793533 7.761469  -0.216485 -0.975589 0.036885  0.591815 0.926756 1 1 1.000000
skin_0dam
0  -15.587871 -103.793533 7.761469  -0.216485 -0.975589 0.036885  0.591815 0.926756 1 1 1.000000
0  -18.444458 -103.115082 7.607442  -0.260819 -0.965357 0.007717  0.607440 0.926756 1 1 1.000000
0  -18.425940 -103.114304 7.318996  -0.169899 -0.764103 -0.622319  0.607440 0.927732 1 1 1.000000
skin_0dam
0  -2.071011 -102.430405 6.936570  0.059293 -0.191026 -0.979793  0.519547 0.932615 1 1 1.000000
0  5.308731 -102.046745 7.411444  0.086463 -0.189706 -0.978027  0.479507 0.932615 1 1 1.000000
0  4.475163 -104.267426 7.779559  0.114467 -0.721408 -0.682985  0.484390 0.931639 1 1 1.000000
skin_0dam
0  4.475163 -104.267426 7.779559  0.114467 -0.721408 -0.682985  0.484390 0.931639 1 1 1.000000
0  -1.066502 -104.555519 7.422962  0.048588 -0.724923 -0.687115  0.514664 0.931639 1 1 1.000000
0  -2.071011 -102.430405 6.936570  0.059293 -0.191026 -0.979793  0.519547 0.932615 1 1 1.000000
skin_0dam
0  -15.784986 -104.178665 3.623904  -0.532325 -0.842554 0.082053  0.594745 0.941404 1 1 1.000000
0  -15.449016 -104.257698 3.617682  0.507173 -0.861701 -0.015700  0.592792 0.941404 1 1 1.000000
0  -14.875325 -104.253677 6.288846  0.479535 -0.866898 -0.136136  0.588885 0.932615 1 1 1.000000
skin_0dam
0  -14.875325 -104.253677 6.288846  0.479535 -0.866898 -0.136136  0.588885 0.932615 1 1 1.000000
0  -15.201817 -104.160339 6.350885  -0.505126 -0.850843 0.144617  0.590838 0.931639 1 1 1.000000
0  -15.784986 -104.178665 3.623904  -0.532325 -0.842554 0.082053  0.594745 0.941404 1 1 1.000000
skin_0dam
0  -5.375200 -104.448486 7.546564  -0.053105 -0.986725 -0.153470  0.538102 0.929685 1 1 1.000000
0  -10.045982 -104.043518 7.261525  -0.088308 -0.983347 -0.158843  0.562517 0.929685 1 1 1.000000
0  -10.066722 -103.962158 6.874228  -0.028350 -0.714206 -0.699361  0.562517 0.931639 1 1 1.000000
skin_0dam
0  -10.066722 -103.962158 6.874228  -0.028350 -0.714206 -0.699361  0.562517 0.931639 1 1 1.000000
0  -5.366909 -104.379402 7.147305  -0.004042 -0.717550 -0.696495  0.538102 0.931639 1 1 1.000000
0  -5.375200 -104.448486 7.546564  -0.053105 -0.986725 -0.153470  0.538102 0.929685 1 1 1.000000
skin_0dam
0  -31.099821 -97.062210 4.935241  -0.680063 -0.732087 -0.039541  0.868191 0.859371 1 1 1.000000
0  -33.176853 -95.074898 5.345075  -0.742061 -0.667819 -0.058004  0.865261 0.851558 1 1 1.000000
0  -32.811069 -95.250122 3.450970  -0.731155 -0.674027 -0.105355  0.875027 0.852535 1 1 1.000000
skin_0dam
0  -32.811069 -95.250122 3.450970  -0.731155 -0.674027 -0.105355  0.875027 0.852535 1 1 1.000000
0  -31.919613 -96.141045 3.409290  -0.699184 -0.708646 -0.094670  0.876003 0.855464 1 1 1.000000
0  -31.099821 -97.062210 4.935241  -0.680063 -0.732087 -0.039541  0.868191 0.859371 1 1 1.000000
skin_0dam
0  -37.593678 -88.992004 5.325953  -0.977679 -0.127154 -0.167257  0.863308 0.829096 1 1 1.000000
0  -37.755383 -87.732422 5.318929  -0.977665 -0.126927 -0.167515  0.863308 0.824213 1 1 1.000000
0  -37.342724 -87.974281 3.179398  -0.976221 -0.120541 -0.180171  0.875027 0.825190 1 1 1.000000
skin_0dam
0  -37.342724 -87.974281 3.179398  -0.976221 -0.120541 -0.180171  0.875027 0.825190 1 1 1.000000
0  -37.178158 -89.288834 3.186460  -0.976537 -0.119092 -0.179422  0.875027 0.830073 1 1 1.000000
0  -37.593678 -88.992004 5.325953  -0.977679 -0.127154 -0.167257  0.863308 0.829096 1 1 1.000000
skin_0dam
0  -18.816778 -99.386330 6.517684  -0.040595 -0.241926 -0.969445  0.608417 0.930662 1 1 1.000000
0  -18.452381 -102.784950 7.249215  0.003494 -0.210642 -0.977557  0.607440 0.927732 1 1 1.000000
0  -22.586197 -101.511383 6.932012  0.012193 -0.209475 -0.977738  0.628925 0.928709 1 1 1.000000
skin_0dam
0  -22.586197 -101.511383 6.932012  0.012193 -0.209475 -0.977738  0.628925 0.928709 1 1 1.000000
0  -22.753277 -97.854477 6.144876  0.012744 -0.211103 -0.977381  0.629902 0.930662 1 1 1.000000
0  -18.816778 -99.386330 6.517684  -0.040595 -0.241926 -0.969445  0.608417 0.930662 1 1 1.000000
skin_0dam
0  -15.902203 -103.965729 1.410187  -0.670532 -0.682835 -0.290040  0.595721 0.950194 1 1 1.000000
0  -16.342775 -103.478645 1.424574  -0.738994 -0.642170 -0.203728  0.598651 0.949217 1 1 1.000000
0  -16.120626 -103.384766 0.901192  -0.630233 -0.692669 -0.350736  0.597674 0.951170 1 1 1.000000
skin_0dam
0  -16.120626 -103.384766 0.901192  -0.630233 -0.692669 -0.350736  0.597674 0.951170 1 1 1.000000
0  -15.179320 -104.066566 0.559838  -0.494712 -0.684750 -0.535142  0.592792 0.953124 1 1 1.000000
0  -15.902203 -103.965729 1.410187  -0.670532 -0.682835 -0.290040  0.595721 0.950194 1 1 1.000000
skin_0dam
0  -33.141155 -94.833214 13.609563  -0.763100 -0.641129 0.081443  0.820338 0.850581 1 1 1.000000
0  -34.811268 -92.204247 14.474792  -0.844804 -0.513456 0.150567  0.815455 0.840815 1 1 1.000000
0  -34.248753 -93.707336 10.810583  -0.802479 -0.592250 0.072570  0.834986 0.846675 1 1 1.000000
skin_0dam
0  -34.248753 -93.707336 10.810583  -0.802479 -0.592250 0.072570  0.834986 0.846675 1 1 1.000000
0  -32.355740 -95.993279 10.926038  -0.718105 -0.693808 0.054371  0.834986 0.855464 1 1 1.000000
0  -33.141155 -94.833214 13.609563  -0.763100 -0.641129 0.081443  0.820338 0.850581 1 1 1.000000
skin_0dam
0  -38.899548 -86.684822 11.951284  -0.983837 -0.124159 -0.129035  0.827174 0.820307 1 1 1.000000
0  -38.981922 -85.545502 11.452514  -0.983902 -0.124303 -0.128395  0.830103 0.816401 1 1 1.000000
0  -38.591824 -86.505028 9.599257  -0.981171 -0.129885 -0.142942  0.840846 0.820307 1 1 1.000000
skin_0dam
0  -38.591824 -86.505028 9.599257  -0.981171 -0.129885 -0.142942  0.840846 0.820307 1 1 1.000000
0  -38.481564 -87.711922 9.934132  -0.981422 -0.128707 -0.142287  0.838893 0.824213 1 1 1.000000
0  -38.899548 -86.684822 11.951284  -0.983837 -0.124159 -0.129035  0.827174 0.820307 1 1 1.000000
skin_0dam
0  -12.951672 -104.053551 11.860833  -0.161411 -0.976316 0.144061  0.577166 0.913083 1 1 1.000000
0  -15.676572 -103.561180 11.742350  -0.203187 -0.974687 0.093271  0.590838 0.912107 1 1 1.000000
0  -13.669106 -104.022362 11.180407  -0.194790 -0.974813 0.108614  0.581072 0.915036 1 1 1.000000
skin_0dam
0  -15.806452 -103.166519 14.300422  -0.388861 -0.882123 0.265794  0.590838 0.903317 1 1 1.000000
0  -15.948721 -102.980881 14.429701  -0.761342 -0.645998 0.055185  0.591815 0.902341 1 1 1.000000
0  -16.009211 -103.108368 13.970334  -0.514939 -0.725066 0.457294  0.591815 0.904294 1 1 1.000000
skin_0dam
0  -16.009211 -103.108368 13.970334  -0.514939 -0.725066 0.457294  0.591815 0.904294 1 1 1.000000
0  -15.898277 -103.254288 13.866733  -0.269324 -0.920463 0.283217  0.591815 0.905271 1 1 1.000000
0  -15.806452 -103.166519 14.300422  -0.388861 -0.882123 0.265794  0.590838 0.903317 1 1 1.000000
skin_0dam
0  -15.887859 -103.364479 13.149910  -0.186696 -0.974762 0.122405  0.591815 0.907224 1 1 1.000000
0  -16.302719 -103.234207 13.482218  -0.205854 -0.970535 0.125245  0.593768 0.906247 1 1 1.000000
0  -18.811718 -102.661697 13.377811  -0.259948 -0.960201 0.102178  0.607440 0.906247 1 1 1.000000
skin_0dam
0  -15.887859 -103.364479 13.149910  -0.186696 -0.974762 0.122405  0.591815 0.907224 1 1 1.000000
0  -18.811718 -102.661697 13.377811  -0.259948 -0.960201 0.102178  0.607440 0.906247 1 1 1.000000
0  -18.717318 -102.864693 11.645508  -0.260000 -0.962195 0.081119  0.607440 0.912107 1 1 1.000000
skin_0dam
0  -15.887859 -103.364479 13.149910  -0.186696 -0.974762 0.122405  0.591815 0.907224 1 1 1.000000
0  -18.717318 -102.864693 11.645508  -0.260000 -0.962195 0.081119  0.607440 0.912107 1 1 1.000000
0  -15.676572 -103.561180 11.742350  -0.203187 -0.974687 0.093271  0.590838 0.912107 1 1 1.000000
skin_0dam
0  -15.676572 -103.561180 11.742350  -0.203187 -0.974687 0.093271  0.590838 0.912107 1 1 1.000000
0  -18.717318 -102.864693 11.645508  -0.260000 -0.962195 0.081119  0.607440 0.912107 1 1 1.000000
0  -18.575745 -103.037880 9.585299  -0.257821 -0.965309 0.041311  0.607440 0.919919 1 1 1.000000
skin_0dam
0  -18.575745 -103.037880 9.585299  -0.257821 -0.965309 0.041311  0.607440 0.919919 1 1 1.000000
0  -15.541884 -103.720886 9.778281  -0.215184 -0.975251 0.050816  0.590838 0.919919 1 1 1.000000
0  -15.676572 -103.561180 11.742350  -0.203187 -0.974687 0.093271  0.590838 0.912107 1 1 1.000000
skin_0dam
0  -1.268702 -105.031693 11.808434  0.005713 -0.999379 0.034772  0.514664 0.916013 1 1 1.000000
0  4.163228 -104.749298 12.157969  0.093112 -0.994835 0.040425  0.485366 0.916013 1 1 1.000000
0  4.108505 -104.682693 12.954584  0.089714 -0.988121 0.124776  0.485366 0.913083 1 1 1.000000
skin_0dam
0  4.108505 -104.682693 12.954584  0.089714 -0.988121 0.124776  0.485366 0.913083 1 1 1.000000
0  -1.323425 -104.965088 12.605047  -0.002590 -0.992880 0.119092  0.514664 0.913083 1 1 1.000000
0  -1.268702 -105.031693 11.808434  0.005713 -0.999379 0.034772  0.514664 0.916013 1 1 1.000000
skin_0dam
0  -4.116220 -104.723640 13.529745  -0.041533 -0.989083 0.141382  0.529313 0.909177 1 1 1.000000
0  -6.933009 -104.580620 13.404431  -0.085808 -0.987353 0.133309  0.543962 0.908200 1 1 1.000000
0  -5.511953 -104.824493 12.336479  -0.062391 -0.992240 0.107550  0.537126 0.913083 1 1 1.000000
skin_0dam
0  -9.849792 -104.457367 12.058928  -0.111333 -0.986916 0.116623  0.560564 0.913083 1 1 1.000000
0  -9.663286 -104.239990 13.492081  -0.117457 -0.979395 0.164283  0.558611 0.907224 1 1 1.000000
0  -11.904885 -103.998177 13.362588  -0.147238 -0.974871 0.167177  0.570330 0.907224 1 1 1.000000
skin_0dam
0  -11.904885 -103.998177 13.362588  -0.147238 -0.974871 0.167177  0.570330 0.907224 1 1 1.000000
0  -12.951672 -104.053551 11.860833  -0.161411 -0.976316 0.144061  0.577166 0.913083 1 1 1.000000
0  -9.849792 -104.457367 12.058928  -0.111333 -0.986916 0.116623  0.560564 0.913083 1 1 1.000000
skin_0dam
0  -9.634289 -104.045364 13.742723  0.069837 -0.414200 0.907503  0.558611 0.906247 1 1 1.000000
0  -11.348600 -103.761993 14.185096  0.261645 -0.411553 0.873021  0.567400 0.904294 1 1 1.000000
0  -11.390491 -103.929611 14.112992  0.038831 -0.829003 0.557895  0.567400 0.905271 1 1 1.000000
skin_0dam
0  -11.390491 -103.929611 14.112992  0.038831 -0.829003 0.557895  0.567400 0.905271 1 1 1.000000
0  -9.648746 -104.211548 13.672390  -0.036979 -0.809203 0.586364  0.558611 0.907224 1 1 1.000000
0  -9.634289 -104.045364 13.742723  0.069837 -0.414200 0.907503  0.558611 0.906247 1 1 1.000000
skin_0dam
0  -9.663286 -104.239990 13.492081  -0.117457 -0.979395 0.164283  0.558611 0.907224 1 1 1.000000
0  -6.933009 -104.580620 13.404431  -0.085808 -0.987353 0.133309  0.543962 0.908200 1 1 1.000000
0  -6.945020 -104.553566 13.569240  -0.075195 -0.808267 0.583995  0.543962 0.908200 1 1 1.000000
skin_0dam
0  -6.945020 -104.553566 13.569240  -0.075195 -0.808267 0.583995  0.543962 0.908200 1 1 1.000000
0  -9.648746 -104.211548 13.672390  -0.036979 -0.809203 0.586364  0.558611 0.907224 1 1 1.000000
0  -9.663286 -104.239990 13.492081  -0.117457 -0.979395 0.164283  0.558611 0.907224 1 1 1.000000
skin_0dam
0  -9.864367 -104.513794 11.257892  -0.103249 -0.994199 0.030151  0.560564 0.916013 1 1 1.000000
0  -5.484496 -104.878754 11.524354  -0.061154 -0.997645 0.031054  0.537126 0.916013 1 1 1.000000
0  -5.511953 -104.824493 12.336479  -0.062391 -0.992240 0.107550  0.537126 0.913083 1 1 1.000000
skin_0dam
0  -5.511953 -104.824493 12.336479  -0.062391 -0.992240 0.107550  0.537126 0.913083 1 1 1.000000
0  -9.849792 -104.457367 12.058928  -0.111333 -0.986916 0.116623  0.560564 0.913083 1 1 1.000000
0  -9.864367 -104.513794 11.257892  -0.103249 -0.994199 0.030151  0.560564 0.916013 1 1 1.000000
skin_0dam
0  -27.892017 -98.943443 13.480503  -0.173284 -0.304354 0.936665  0.655293 0.903317 1 1 1.000000
0  -30.728645 -97.050964 13.537877  -0.168617 -0.280191 0.945019  0.669942 0.902341 1 1 1.000000
0  -30.737938 -97.299583 13.453864  -0.511674 -0.638911 0.574441  0.669942 0.903317 1 1 1.000000
skin_0dam
0  -30.737938 -97.299583 13.453864  -0.511674 -0.638911 0.574441  0.669942 0.903317 1 1 1.000000
0  -27.873877 -99.190636 13.398253  -0.389559 -0.699024 0.599675  0.655293 0.903317 1 1 1.000000
0  -27.892017 -98.943443 13.480503  -0.173284 -0.304354 0.936665  0.655293 0.903317 1 1 1.000000
skin_0dam
0  -27.830357 -99.243645 13.194024  -0.471162 -0.874381 0.116035  0.654317 0.904294 1 1 1.000000
0  -30.680700 -97.351883 13.250518  -0.624544 -0.776919 0.079640  0.669942 0.903317 1 1 1.000000
0  -30.106642 -97.985077 11.065139  -0.599265 -0.798756 0.053575  0.667013 0.912107 1 1 1.000000
skin_0dam
0  -30.106642 -97.985077 11.065139  -0.599265 -0.798756 0.053575  0.667013 0.912107 1 1 1.000000
0  -27.531757 -99.629150 11.226087  -0.465529 -0.881838 0.075130  0.654317 0.912107 1 1 1.000000
0  -27.830357 -99.243645 13.194024  -0.471162 -0.874381 0.116035  0.654317 0.904294 1 1 1.000000
skin_0dam
0  -28.563108 -98.735130 6.141872  0.158007 -0.208368 -0.965203  0.661153 0.929685 1 1 1.000000
0  -27.665442 -95.656746 5.587070  0.122948 -0.213842 -0.969100  0.655293 0.931639 1 1 1.000000
0  -26.848389 -99.748421 6.497531  0.045270 -0.206424 -0.977415  0.652364 0.928709 1 1 1.000000
skin_0dam
0  -26.896049 -100.067650 6.852219  -0.445300 -0.895331 -0.009479  0.652364 0.927732 1 1 1.000000
0  -28.683086 -99.002983 6.505845  -0.548916 -0.835601 -0.021519  0.661153 0.928709 1 1 1.000000
0  -28.564096 -99.065918 6.209889  -0.294916 -0.712000 -0.637244  0.661153 0.929685 1 1 1.000000
skin_0dam
0  -28.564096 -99.065918 6.209889  -0.294916 -0.712000 -0.637244  0.661153 0.929685 1 1 1.000000
0  -26.849382 -100.079201 6.565547  -0.274153 -0.731474 -0.624328  0.652364 0.928709 1 1 1.000000
0  -26.896049 -100.067650 6.852219  -0.445300 -0.895331 -0.009479  0.652364 0.927732 1 1 1.000000
skin_0dam
0  -25.327164 -99.218323 0.886635  -0.217040 -0.344385 0.913396  0.645528 0.949217 1 1 1.000000
0  -28.823549 -97.181053 0.777905  -0.245984 -0.359863 0.899995  0.664083 0.949217 1 1 1.000000
0  -28.867613 -97.486649 0.636338  -0.456540 -0.665825 0.590125  0.664083 0.949217 1 1 1.000000
skin_0dam
0  -28.867613 -97.486649 0.636338  -0.456540 -0.665825 0.590125  0.664083 0.949217 1 1 1.000000
0  -25.356071 -99.550705 0.745971  -0.371592 -0.672005 0.640569  0.645528 0.950194 1 1 1.000000
0  -25.327164 -99.218323 0.886635  -0.217040 -0.344385 0.913396  0.645528 0.949217 1 1 1.000000
skin_0dam
0  -27.531757 -99.629150 11.226087  -0.465529 -0.881838 0.075130  0.654317 0.912107 1 1 1.000000
0  -30.106642 -97.985077 11.065139  -0.599265 -0.798756 0.053575  0.667013 0.912107 1 1 1.000000
0  -29.478304 -98.519012 8.814547  -0.575340 -0.817886 0.006776  0.665059 0.919919 1 1 1.000000
skin_0dam
0  -29.478304 -98.519012 8.814547  -0.575340 -0.817886 0.006776  0.665059 0.919919 1 1 1.000000
0  -27.211048 -99.903374 9.039187  -0.455268 -0.890024 0.024277  0.653340 0.919919 1 1 1.000000
0  -27.531757 -99.629150 11.226087  -0.465529 -0.881838 0.075130  0.654317 0.912107 1 1 1.000000
skin_0dam
0  -13.081426 -103.341354 15.233502  -0.167701 -0.933587 0.316690  0.576189 0.900388 1 1 1.000000
0  -12.860694 -103.371216 15.261386  0.232555 -0.791971 0.564535  0.575213 0.900388 1 1 1.000000
0  -13.839819 -102.552666 16.938522  0.322916 -0.770459 0.549653  0.579119 0.894528 1 1 1.000000
skin_0dam
0  -13.839819 -102.552666 16.938522  0.322916 -0.770459 0.549653  0.579119 0.894528 1 1 1.000000
0  -14.048430 -102.508385 16.925247  -0.196364 -0.904195 0.379306  0.580096 0.894528 1 1 1.000000
0  -13.081426 -103.341354 15.233502  -0.167701 -0.933587 0.316690  0.576189 0.900388 1 1 1.000000
skin_0dam
0  -12.367178 -103.676880 14.492311  -0.161531 -0.957185 0.240216  0.572283 0.903317 1 1 1.000000
0  -12.193434 -103.681580 14.586207  0.139748 -0.803884 0.578136  0.571307 0.903317 1 1 1.000000
0  -12.860694 -103.371216 15.261386  0.232555 -0.791971 0.564535  0.575213 0.900388 1 1 1.000000
skin_0dam
0  -12.860694 -103.371216 15.261386  0.232555 -0.791971 0.564535  0.575213 0.900388 1 1 1.000000
0  -13.081426 -103.341354 15.233502  -0.167701 -0.933587 0.316690  0.576189 0.900388 1 1 1.000000
0  -12.367178 -103.676880 14.492311  -0.161531 -0.957185 0.240216  0.572283 0.903317 1 1 1.000000
skin_0dam
0  -40.074940 -80.843987 16.484207  -0.990745 -0.109520 -0.080182  0.802759 0.799799 1 1 1.000000
0  -40.033527 -81.833618 17.284176  -0.990623 -0.110267 -0.080672  0.798853 0.802728 1 1 1.000000
0  -40.338795 -79.905319 18.538605  -0.991381 -0.105149 -0.078150  0.792016 0.795892 1 1 1.000000
skin_0dam
0  -40.338795 -79.905319 18.538605  -0.991381 -0.105149 -0.078150  0.792016 0.795892 1 1 1.000000
0  -40.380962 -78.833054 17.683640  -0.991546 -0.104148 -0.077389  0.796899 0.791986 1 1 1.000000
0  -40.074940 -80.843987 16.484207  -0.990745 -0.109520 -0.080182  0.802759 0.799799 1 1 1.000000
skin_0dam
0  -35.954037 -89.435585 -2.197058  -0.885451 -0.312450 -0.344022  0.904324 0.831050 1 1 1.000000
0  -35.976315 -89.271362 -2.198050  -0.929490 -0.122015 -0.348081  0.904324 0.830073 1 1 1.000000
0  -35.548336 -89.153282 -3.149506  -0.880113 -0.120692 -0.459167  0.910184 0.830073 1 1 1.000000
skin_0dam
0  -35.548336 -89.153282 -3.149506  -0.880113 -0.120692 -0.459167  0.910184 0.830073 1 1 1.000000
0  -35.526768 -89.303772 -3.148522  -0.843248 -0.282527 -0.457286  0.910184 0.830073 1 1 1.000000
0  -35.954037 -89.435585 -2.197058  -0.885451 -0.312450 -0.344022  0.904324 0.831050 1 1 1.000000
skin_0dam
0  -38.045872 -88.627953 7.766700  -0.925500 -0.371555 -0.073466  0.850612 0.828120 1 1 1.000000
0  -38.052677 -88.462936 7.739118  -0.980206 -0.123079 -0.155073  0.850612 0.827143 1 1 1.000000
0  -37.593678 -88.992004 5.325953  -0.977679 -0.127154 -0.167257  0.863308 0.829096 1 1 1.000000
skin_0dam
0  -37.593678 -88.992004 5.325953  -0.977679 -0.127154 -0.167257  0.863308 0.829096 1 1 1.000000
0  -37.571400 -89.156227 5.326946  -0.923566 -0.366831 -0.111631  0.863308 0.830073 1 1 1.000000
0  -38.045872 -88.627953 7.766700  -0.925500 -0.371555 -0.073466  0.850612 0.828120 1 1 1.000000
skin_0dam
0  -38.045872 -88.627953 7.766700  -0.925500 -0.371555 -0.073466  0.850612 0.828120 1 1 1.000000
0  -37.943600 -88.760437 7.786706  -0.809239 -0.587355 0.012084  0.850612 0.828120 1 1 1.000000
0  -38.374958 -87.995758 10.009183  -0.795939 -0.597212 0.099092  0.837916 0.825190 1 1 1.000000
skin_0dam
0  -38.374958 -87.995758 10.009183  -0.795939 -0.597212 0.099092  0.837916 0.825190 1 1 1.000000
0  -38.475636 -87.876984 9.975449  -0.921538 -0.387910 -0.017151  0.837916 0.825190 1 1 1.000000
0  -38.045872 -88.627953 7.766700  -0.925500 -0.371555 -0.073466  0.850612 0.828120 1 1 1.000000
skin_0dam
0  -36.714993 -89.555725 0.925977  -0.918615 -0.347908 -0.187365  0.887722 0.831050 1 1 1.000000
0  -36.610409 -89.715683 0.932264  -0.816143 -0.554599 -0.162268  0.887722 0.832026 1 1 1.000000
0  -37.051289 -89.613022 3.193741  -0.815941 -0.568387 -0.105714  0.875027 0.831050 1 1 1.000000
skin_0dam
0  -37.051289 -89.613022 3.193741  -0.815941 -0.568387 -0.105714  0.875027 0.831050 1 1 1.000000
0  -37.155880 -89.453064 3.187452  -0.921648 -0.359732 -0.145457  0.875027 0.831050 1 1 1.000000
0  -36.714993 -89.555725 0.925977  -0.918615 -0.347908 -0.187365  0.887722 0.831050 1 1 1.000000
skin_0dam
0  -37.155880 -89.453064 3.187452  -0.921648 -0.359732 -0.145457  0.875027 0.831050 1 1 1.000000
0  -37.051289 -89.613022 3.193741  -0.815941 -0.568387 -0.105714  0.875027 0.831050 1 1 1.000000
0  -37.466808 -89.316177 5.333235  -0.815350 -0.576769 -0.050415  0.863308 0.830073 1 1 1.000000
skin_0dam
0  -37.466808 -89.316177 5.333235  -0.815350 -0.576769 -0.050415  0.863308 0.830073 1 1 1.000000
0  -37.571400 -89.156227 5.326946  -0.923566 -0.366831 -0.111631  0.863308 0.830073 1 1 1.000000
0  -37.155880 -89.453064 3.187452  -0.921648 -0.359732 -0.145457  0.875027 0.831050 1 1 1.000000
skin_0dam
0  -38.881672 -86.849236 12.020958  -0.926352 -0.375539 0.029039  0.827174 0.821284 1 1 1.000000
0  -38.797184 -86.955063 12.081268  -0.787056 -0.586701 0.190589  0.827174 0.821284 1 1 1.000000
0  -39.173420 -85.732956 13.936114  -0.754465 -0.580528 0.306217  0.816431 0.817377 1 1 1.000000
skin_0dam
0  -39.173420 -85.732956 13.936114  -0.754465 -0.580528 0.306217  0.816431 0.817377 1 1 1.000000
0  -39.271801 -85.641624 13.888664  -0.919086 -0.379306 0.106807  0.817408 0.816401 1 1 1.000000
0  -38.881672 -86.849236 12.020958  -0.926352 -0.375539 0.029039  0.827174 0.821284 1 1 1.000000
skin_0dam
0  -39.657719 -83.951416 15.730348  -0.911698 -0.363218 0.192039  0.806665 0.810541 1 1 1.000000
0  -39.658131 -83.841232 15.647857  -0.988727 -0.115830 -0.094879  0.807642 0.810541 1 1 1.000000
0  -39.274364 -85.490211 13.806149  -0.986393 -0.118640 -0.113817  0.817408 0.816401 1 1 1.000000
skin_0dam
0  -39.274364 -85.490211 13.806149  -0.986393 -0.118640 -0.113817  0.817408 0.816401 1 1 1.000000
0  -39.271801 -85.641624 13.888664  -0.919086 -0.379306 0.106807  0.817408 0.816401 1 1 1.000000
0  -39.657719 -83.951416 15.730348  -0.911698 -0.363218 0.192039  0.806665 0.810541 1 1 1.000000
skin_0dam
0  -33.999630 -92.655533 -2.066362  -0.782098 -0.584220 -0.216816  0.904324 0.842769 1 1 1.000000
0  -35.848736 -89.609283 -2.190759  -0.803063 -0.497359 -0.328214  0.904324 0.832026 1 1 1.000000
0  -35.435184 -89.478180 -3.143107  -0.779112 -0.449337 -0.437128  0.910184 0.831050 1 1 1.000000
skin_0dam
0  -35.435184 -89.478180 -3.143107  -0.779112 -0.449337 -0.437128  0.910184 0.831050 1 1 1.000000
0  -33.761547 -92.588684 -3.030146  -0.785082 -0.567941 -0.247164  0.910184 0.842769 1 1 1.000000
0  -33.999630 -92.655533 -2.066362  -0.782098 -0.584220 -0.216816  0.904324 0.842769 1 1 1.000000
skin_0dam
0  -36.029118 -91.389587 8.275012  -0.816030 -0.577260 0.029443  0.848659 0.837886 1 1 1.000000
0  -37.943600 -88.760437 7.786706  -0.809239 -0.587355 0.012084  0.850612 0.828120 1 1 1.000000
0  -37.466808 -89.316177 5.333235  -0.815350 -0.576769 -0.050415  0.863308 0.830073 1 1 1.000000
skin_0dam
0  -37.466808 -89.316177 5.333235  -0.815350 -0.576769 -0.050415  0.863308 0.830073 1 1 1.000000
0  -35.535801 -92.068756 5.449884  -0.807814 -0.588144 -0.039034  0.863308 0.840815 1 1 1.000000
0  -36.029118 -91.389587 8.275012  -0.816030 -0.577260 0.029443  0.848659 0.837886 1 1 1.000000
skin_0dam
0  -37.342167 -85.814743 17.308445  -0.774861 -0.474884 0.417224  0.799829 0.817377 1 1 1.000000
0  -39.574657 -84.029755 15.790637  -0.722351 -0.544549 0.426234  0.806665 0.810541 1 1 1.000000
0  -39.173420 -85.732956 13.936114  -0.754465 -0.580528 0.306217  0.816431 0.817377 1 1 1.000000
skin_0dam
0  -39.173420 -85.732956 13.936114  -0.754465 -0.580528 0.306217  0.816431 0.817377 1 1 1.000000
0  -37.104420 -87.788475 15.208238  -0.808424 -0.499696 0.311053  0.810572 0.825190 1 1 1.000000
0  -37.342167 -85.814743 17.308445  -0.774861 -0.474884 0.417224  0.799829 0.817377 1 1 1.000000
skin_0dam
0  -36.029118 -91.389587 8.275012  -0.816030 -0.577260 0.029443  0.848659 0.837886 1 1 1.000000
0  -35.480343 -92.174210 8.321948  -0.817418 -0.575466 0.025837  0.848659 0.840815 1 1 1.000000
0  -35.932079 -91.272636 10.750366  -0.827932 -0.553702 0.089122  0.834986 0.837886 1 1 1.000000
skin_0dam
0  -35.932079 -91.272636 10.750366  -0.827932 -0.553702 0.089122  0.834986 0.837886 1 1 1.000000
0  -36.441456 -90.485939 10.733550  -0.818712 -0.564182 0.106815  0.834986 0.834956 1 1 1.000000
0  -36.029118 -91.389587 8.275012  -0.816030 -0.577260 0.029443  0.848659 0.837886 1 1 1.000000
skin_0dam
0  -34.668736 -92.605553 0.994063  -0.787677 -0.600665 -0.136989  0.887722 0.842769 1 1 1.000000
0  -32.260975 -95.278358 0.934652  -0.732886 -0.664236 -0.147203  0.888699 0.852535 1 1 1.000000
0  -32.811069 -95.250122 3.450970  -0.731155 -0.674027 -0.105355  0.875027 0.852535 1 1 1.000000
skin_0dam
0  -32.811069 -95.250122 3.450970  -0.731155 -0.674027 -0.105355  0.875027 0.852535 1 1 1.000000
0  -35.131863 -92.407555 3.309536  -0.798638 -0.595136 -0.089389  0.875027 0.841792 1 1 1.000000
0  -34.668736 -92.605553 0.994063  -0.787677 -0.600665 -0.136989  0.887722 0.842769 1 1 1.000000
skin_0dam
0  -35.131863 -92.407555 3.309536  -0.798638 -0.595136 -0.089389  0.875027 0.841792 1 1 1.000000
0  -32.811069 -95.250122 3.450970  -0.731155 -0.674027 -0.105355  0.875027 0.852535 1 1 1.000000
0  -33.176853 -95.074898 5.345075  -0.742061 -0.667819 -0.058004  0.865261 0.851558 1 1 1.000000
skin_0dam
0  -33.176853 -95.074898 5.345075  -0.742061 -0.667819 -0.058004  0.865261 0.851558 1 1 1.000000
0  -35.535801 -92.068756 5.449884  -0.807814 -0.588144 -0.039034  0.863308 0.840815 1 1 1.000000
0  -35.131863 -92.407555 3.309536  -0.798638 -0.595136 -0.089389  0.875027 0.841792 1 1 1.000000
skin_0dam
0  -36.854298 -89.196327 13.317212  -0.822905 -0.529744 0.205426  0.821314 0.830073 1 1 1.000000
0  -36.365238 -89.915001 13.594958  -0.843827 -0.503439 0.185757  0.819361 0.833003 1 1 1.000000
0  -36.632984 -88.466682 15.512544  -0.840416 -0.459717 0.286987  0.809595 0.827143 1 1 1.000000
skin_0dam
0  -36.632984 -88.466682 15.512544  -0.840416 -0.459717 0.286987  0.809595 0.827143 1 1 1.000000
0  -37.104420 -87.788475 15.208238  -0.808424 -0.499696 0.311053  0.810572 0.825190 1 1 1.000000
0  -36.854298 -89.196327 13.317212  -0.822905 -0.529744 0.205426  0.821314 0.830073 1 1 1.000000
skin_0dam
0  -37.342167 -85.814743 17.308445  -0.774861 -0.474884 0.417224  0.799829 0.817377 1 1 1.000000
0  -36.833729 -86.573792 17.532162  -0.816776 -0.426513 0.388540  0.798853 0.820307 1 1 1.000000
0  -36.992374 -84.279099 19.431423  -0.771840 -0.439632 0.459333  0.788110 0.812494 1 1 1.000000
skin_0dam
0  -36.992374 -84.279099 19.431423  -0.771840 -0.439632 0.459333  0.788110 0.812494 1 1 1.000000
0  -37.566143 -83.440689 19.300274  -0.739291 -0.469417 0.482800  0.789087 0.809564 1 1 1.000000
0  -37.342167 -85.814743 17.308445  -0.774861 -0.474884 0.417224  0.799829 0.817377 1 1 1.000000
skin_0dam
0  -33.161495 -94.517090 13.884943  -0.074035 -0.311970 0.947203  0.819361 0.849605 1 1 1.000000
0  -34.600170 -92.124168 14.778197  0.096652 -0.440006 0.892778  0.813501 0.840815 1 1 1.000000
0  -34.692142 -92.335770 14.661389  -0.583847 -0.568591 0.579506  0.814478 0.841792 1 1 1.000000
skin_0dam
0  -34.692142 -92.335770 14.661389  -0.583847 -0.568591 0.579506  0.814478 0.841792 1 1 1.000000
0  -33.199657 -94.739655 13.799147  -0.614050 -0.565797 0.550288  0.819361 0.850581 1 1 1.000000
0  -33.161495 -94.517090 13.884943  -0.074035 -0.311970 0.947203  0.819361 0.849605 1 1 1.000000
skin_0dam
0  -31.708584 -96.719292 8.538220  -0.678418 -0.734667 -0.003632  0.676778 0.920896 1 1 1.000000
0  -29.478304 -98.519012 8.814547  -0.575340 -0.817886 0.006776  0.665059 0.919919 1 1 1.000000
0  -30.106642 -97.985077 11.065139  -0.599265 -0.798756 0.053575  0.667013 0.912107 1 1 1.000000
skin_0dam
0  -30.106642 -97.985077 11.065139  -0.599265 -0.798756 0.053575  0.667013 0.912107 1 1 1.000000
0  -32.355740 -95.993279 10.926038  -0.718105 -0.693808 0.054371  0.678732 0.912107 1 1 1.000000
0  -31.708584 -96.719292 8.538220  -0.678418 -0.734667 -0.003632  0.676778 0.920896 1 1 1.000000
skin_0dam
0  -33.141155 -94.833214 13.609563  -0.763100 -0.641129 0.081443  0.681661 0.902341 1 1 1.000000
0  -30.680700 -97.351883 13.250518  -0.624544 -0.776919 0.079640  0.669942 0.903317 1 1 1.000000
0  -30.737938 -97.299583 13.453864  -0.511674 -0.638911 0.574441  0.669942 0.903317 1 1 1.000000
skin_0dam
0  -30.737938 -97.299583 13.453864  -0.511674 -0.638911 0.574441  0.669942 0.903317 1 1 1.000000
0  -33.199657 -94.739655 13.799147  -0.614050 -0.565797 0.550288  0.681661 0.901364 1 1 1.000000
0  -33.141155 -94.833214 13.609563  -0.763100 -0.641129 0.081443  0.681661 0.902341 1 1 1.000000
skin_0dam
0  -28.867613 -97.486649 0.636338  -0.456540 -0.665825 0.590125  0.664083 0.949217 1 1 1.000000
0  -28.872072 -97.556000 0.332437  -0.541997 -0.826306 -0.153160  0.664083 0.951170 1 1 1.000000
0  -25.330959 -99.659859 0.443863  -0.427819 -0.883154 -0.192381  0.645528 0.951170 1 1 1.000000
skin_0dam
0  -25.330959 -99.659859 0.443863  -0.427819 -0.883154 -0.192381  0.645528 0.951170 1 1 1.000000
0  -25.356071 -99.550705 0.745971  -0.371592 -0.672005 0.640569  0.645528 0.950194 1 1 1.000000
0  -28.867613 -97.486649 0.636338  -0.456540 -0.665825 0.590125  0.664083 0.949217 1 1 1.000000
skin_0dam
0  -32.260975 -95.278358 0.934652  -0.732886 -0.664236 -0.147203  0.888699 0.852535 1 1 1.000000
0  -32.011028 -95.554810 0.922380  0.161948 -0.965439 -0.204207  0.888699 0.853511 1 1 1.000000
0  -31.694490 -96.349945 3.299057  0.099906 -0.873975 -0.475592  0.876003 0.856441 1 1 1.000000
skin_0dam
0  -31.694490 -96.349945 3.299057  0.099906 -0.873975 -0.475592  0.876003 0.856441 1 1 1.000000
0  -31.919613 -96.141045 3.409290  -0.699184 -0.708646 -0.094670  0.876003 0.855464 1 1 1.000000
0  -32.260975 -95.278358 0.934652  -0.732886 -0.664236 -0.147203  0.888699 0.852535 1 1 1.000000
skin_0dam
0  -31.766239 -95.032249 0.773984  0.428764 -0.568342 0.702245  0.889676 0.851558 1 1 1.000000
0  -31.564039 -95.200920 0.772724  -0.270365 -0.375760 0.886401  0.889676 0.852535 1 1 1.000000
0  -30.917366 -93.595535 1.659856  -0.261435 -0.383246 0.885875  0.885769 0.846675 1 1 1.000000
skin_0dam
0  -30.917366 -93.595535 1.659856  -0.261435 -0.383246 0.885875  0.885769 0.846675 1 1 1.000000
0  -31.116539 -93.468063 1.647408  0.341390 -0.514729 0.786452  0.885769 0.846675 1 1 1.000000
0  -31.766239 -95.032249 0.773984  0.428764 -0.568342 0.702245  0.889676 0.851558 1 1 1.000000
skin_0dam
0  -32.260975 -95.278358 0.934652  -0.732886 -0.664236 -0.147203  0.888699 0.852535 1 1 1.000000
0  -34.668736 -92.605553 0.994063  -0.787677 -0.600665 -0.136989  0.887722 0.842769 1 1 1.000000
0  -34.252750 -92.654137 -0.924063  -0.783934 -0.597975 -0.166953  0.898465 0.842769 1 1 1.000000
skin_0dam
0  -34.252750 -92.654137 -0.924063  -0.783934 -0.597975 -0.166953  0.898465 0.842769 1 1 1.000000
0  -32.307598 -94.799606 -0.873847  -0.725299 -0.666621 -0.171924  0.898465 0.850581 1 1 1.000000
0  -32.260975 -95.278358 0.934652  -0.732886 -0.664236 -0.147203  0.888699 0.852535 1 1 1.000000
skin_0dam
0  -36.422718 -88.094772 -1.147781  -0.961583 -0.119661 -0.247061  0.898465 0.826167 1 1 1.000000
0  -36.294285 -89.328468 -1.073865  -0.961690 -0.119888 -0.246533  0.898465 0.830073 1 1 1.000000
0  -36.737988 -89.377747 0.924973  -0.972275 -0.117927 -0.201926  0.887722 0.831050 1 1 1.000000
skin_0dam
0  -36.737988 -89.377747 0.924973  -0.972275 -0.117927 -0.201926  0.887722 0.831050 1 1 1.000000
0  -36.867855 -88.116562 0.851037  -0.972245 -0.117873 -0.202105  0.887722 0.826167 1 1 1.000000
0  -36.422718 -88.094772 -1.147781  -0.961583 -0.119661 -0.247061  0.898465 0.826167 1 1 1.000000
skin_0dam
0  -36.610409 -89.715683 0.932264  -0.816143 -0.554599 -0.162268  0.887722 0.832026 1 1 1.000000
0  -36.714993 -89.555725 0.925977  -0.918615 -0.347908 -0.187365  0.887722 0.831050 1 1 1.000000
0  -36.272167 -89.506477 -1.059127  -0.910912 -0.334722 -0.241247  0.898465 0.831050 1 1 1.000000
skin_0dam
0  -36.272167 -89.506477 -1.059127  -0.910912 -0.334722 -0.241247  0.898465 0.831050 1 1 1.000000
0  -36.167576 -89.666435 -1.052837  -0.815903 -0.533747 -0.222299  0.898465 0.832026 1 1 1.000000
0  -36.610409 -89.715683 0.932264  -0.816143 -0.554599 -0.162268  0.887722 0.832026 1 1 1.000000
skin_0dam
0  -25.167990 -98.797745 -0.853639  -0.370711 -0.860277 -0.349996  0.645528 0.956053 1 1 1.000000
0  -25.874651 -98.283844 -1.876891  -0.427576 -0.889537 -0.160942  0.649434 0.958983 1 1 1.000000
0  -25.464550 -98.483063 -1.864882  0.062729 -0.925983 -0.372316  0.647481 0.958983 1 1 1.000000
skin_0dam
0  -25.464550 -98.483063 -1.864882  0.062729 -0.925983 -0.372316  0.647481 0.958983 1 1 1.000000
0  -24.862419 -98.864700 -1.041079  0.040010 -0.777707 -0.627352  0.643574 0.957030 1 1 1.000000
0  -25.167990 -98.797745 -0.853639  -0.370711 -0.860277 -0.349996  0.645528 0.956053 1 1 1.000000
skin_0dam
0  -31.881741 -95.286430 0.627969  0.405001 -0.881301 0.243480  0.890652 0.852535 1 1 1.000000
0  -31.690428 -95.400726 0.322723  -0.614305 -0.780094 -0.118671  0.892605 0.853511 1 1 1.000000
0  -31.665827 -95.454376 0.627591  -0.523551 -0.704678 0.478878  0.890652 0.853511 1 1 1.000000
skin_0dam
0  -29.863403 -97.783127 5.619566  0.407080 -0.213263 -0.888147  0.667989 0.931639 1 1 1.000000
0  -29.878990 -98.114655 5.700436  -0.239086 -0.742064 -0.626242  0.667989 0.930662 1 1 1.000000
0  -30.937878 -97.191795 4.669449  -0.073260 -0.798262 -0.597838  0.673849 0.934568 1 1 1.000000
skin_0dam
0  -30.937878 -97.191795 4.669449  -0.073260 -0.798262 -0.597838  0.673849 0.934568 1 1 1.000000
0  -30.910160 -96.845840 4.603192  0.706018 -0.204165 -0.678126  0.673849 0.934568 1 1 1.000000
0  -29.863403 -97.783127 5.619566  0.407080 -0.213263 -0.888147  0.667989 0.931639 1 1 1.000000
skin_0dam
0  -30.910160 -96.845840 4.603192  0.706018 -0.204165 -0.678126  0.870144 0.858394 1 1 1.000000
0  -30.937878 -97.191795 4.669449  -0.073260 -0.798262 -0.597838  0.869167 0.859371 1 1 1.000000
0  -31.694490 -96.349945 3.299057  0.099906 -0.873975 -0.475592  0.876003 0.856441 1 1 1.000000
skin_0dam
0  -31.694490 -96.349945 3.299057  0.099906 -0.873975 -0.475592  0.876003 0.856441 1 1 1.000000
0  -31.614725 -96.015022 3.291281  0.895933 -0.213969 -0.389258  0.876980 0.855464 1 1 1.000000
0  -30.910160 -96.845840 4.603192  0.706018 -0.204165 -0.678126  0.870144 0.858394 1 1 1.000000
skin_0dam
0  -31.614725 -96.015022 3.291281  0.895933 -0.213969 -0.389258  0.876980 0.855464 1 1 1.000000
0  -31.694490 -96.349945 3.299057  0.099906 -0.873975 -0.475592  0.876003 0.856441 1 1 1.000000
0  -32.011028 -95.554810 0.922380  0.161948 -0.965439 -0.204207  0.888699 0.853511 1 1 1.000000
skin_0dam
0  -32.011028 -95.554810 0.922380  0.161948 -0.965439 -0.204207  0.888699 0.853511 1 1 1.000000
0  -31.934917 -95.302696 1.038277  0.948979 -0.314045 -0.028526  0.888699 0.852535 1 1 1.000000
0  -31.614725 -96.015022 3.291281  0.895933 -0.213969 -0.389258  0.876980 0.855464 1 1 1.000000
skin_0dam
0  -22.802113 -100.741066 0.865409  -0.340967 -0.748075 0.569320  0.632832 0.950194 1 1 1.000000
0  -17.381565 -102.802330 1.139001  -0.445344 -0.829317 0.337494  0.603534 0.950194 1 1 1.000000
0  -17.663874 -102.320724 1.273873  -0.364138 -0.444010 0.818693  0.605487 0.950194 1 1 1.000000
skin_0dam
0  -17.663874 -102.320724 1.273873  -0.364138 -0.444010 0.818693  0.605487 0.950194 1 1 1.000000
0  -22.830208 -100.370308 1.002515  -0.194529 -0.349889 0.916371  0.632832 0.949217 1 1 1.000000
0  -22.802113 -100.741066 0.865409  -0.340967 -0.748075 0.569320  0.632832 0.950194 1 1 1.000000
skin_0dam
0  -16.558535 -103.200043 1.976945  -0.831153 -0.553920 0.048554  0.599628 0.947264 1 1 1.000000
0  -16.960905 -102.656151 1.566376  -0.719515 -0.553351 0.419643  0.601581 0.949217 1 1 1.000000
0  -16.667189 -103.109573 1.446104  -0.692563 -0.720951 0.024190  0.599628 0.949217 1 1 1.000000
skin_0dam
0  -15.545123 -104.305458 1.501172  -0.470508 -0.864772 -0.175475  0.594745 0.949217 1 1 1.000000
0  -15.204423 -104.397919 1.646930  0.313077 -0.887380 0.338438  0.592792 0.949217 1 1 1.000000
0  -15.393504 -104.324562 2.379766  0.525872 -0.839637 0.135902  0.592792 0.946287 1 1 1.000000
skin_0dam
0  -15.393504 -104.324562 2.379766  0.525872 -0.839637 0.135902  0.592792 0.946287 1 1 1.000000
0  -15.763739 -104.261154 2.287202  -0.486012 -0.873857 -0.012884  0.594745 0.946287 1 1 1.000000
0  -15.545123 -104.305458 1.501172  -0.470508 -0.864772 -0.175475  0.594745 0.949217 1 1 1.000000
skin_0dam
0  -16.038292 -103.888596 3.677374  -0.820329 -0.559130 0.120138  0.595721 0.941404 1 1 1.000000
0  -16.294971 -103.336761 3.786495  -0.858665 -0.494038 0.136458  0.597674 0.941404 1 1 1.000000
0  -16.558535 -103.200043 1.976945  -0.831153 -0.553920 0.048554  0.599628 0.947264 1 1 1.000000
skin_0dam
0  -16.558535 -103.200043 1.976945  -0.831153 -0.553920 0.048554  0.599628 0.947264 1 1 1.000000
0  -16.107643 -103.893188 2.183348  -0.777045 -0.628412 -0.036048  0.596698 0.947264 1 1 1.000000
0  -16.038292 -103.888596 3.677374  -0.820329 -0.559130 0.120138  0.595721 0.941404 1 1 1.000000
skin_0dam
0  -18.265041 -99.605919 6.276681  -0.800390 -0.598577 -0.032874  0.605487 0.931639 1 1 1.000000
0  -15.649907 -103.494499 6.337681  -0.843057 -0.488071 0.225924  0.592792 0.931639 1 1 1.000000
0  -15.418239 -103.509552 7.042129  -0.828930 -0.489797 0.270138  0.591815 0.929685 1 1 1.000000
skin_0dam
0  -15.884563 -103.464638 7.384697  -0.016852 -0.226948 -0.973761  0.593768 0.927732 1 1 1.000000
0  -15.651484 -103.783264 7.453982  -0.157649 -0.784994 -0.599109  0.592792 0.927732 1 1 1.000000
0  -18.425940 -103.114304 7.318996  -0.169899 -0.764103 -0.622319  0.607440 0.927732 1 1 1.000000
skin_0dam
0  -18.425940 -103.114304 7.318996  -0.169899 -0.764103 -0.622319  0.607440 0.927732 1 1 1.000000
0  -18.452381 -102.784950 7.249215  0.003494 -0.210642 -0.977557  0.607440 0.927732 1 1 1.000000
0  -15.884563 -103.464638 7.384697  -0.016852 -0.226948 -0.973761  0.593768 0.927732 1 1 1.000000
skin_0dam
0  -15.884563 -103.464638 7.384697  -0.016852 -0.226948 -0.973761  0.593768 0.927732 1 1 1.000000
0  -18.816778 -99.386330 6.517684  -0.040595 -0.241926 -0.969445  0.608417 0.930662 1 1 1.000000
0  -18.362551 -99.555717 6.463645  -0.442115 -0.495099 -0.747938  0.606464 0.930662 1 1 1.000000
skin_0dam
0  -18.362551 -99.555717 6.463645  -0.442115 -0.495099 -0.747938  0.606464 0.930662 1 1 1.000000
0  -15.301520 -103.517052 7.380617  -0.655191 -0.544934 -0.523233  0.590838 0.928709 1 1 1.000000
0  -15.884563 -103.464638 7.384697  -0.016852 -0.226948 -0.973761  0.593768 0.927732 1 1 1.000000
skin_0dam
0  -13.579879 -101.485069 6.241488  0.170855 -0.220045 -0.960411  0.581072 0.932615 1 1 1.000000
0  -13.771646 -103.548370 6.596063  -0.031140 -0.711843 -0.701648  0.583026 0.931639 1 1 1.000000
0  -14.284171 -103.478539 6.563341  0.489518 -0.579444 -0.651626  0.585955 0.931639 1 1 1.000000
skin_0dam
0  -14.284171 -103.478539 6.563341  0.489518 -0.579444 -0.651626  0.585955 0.931639 1 1 1.000000
0  -14.096085 -101.387985 6.029303  0.587706 -0.248296 -0.770033  0.584002 0.933592 1 1 1.000000
0  -13.579879 -101.485069 6.241488  0.170855 -0.220045 -0.960411  0.581072 0.932615 1 1 1.000000
skin_0dam
0  -4.442219 -105.149124 0.267128  -0.017048 -0.195283 0.980599  0.535173 0.956053 1 1 1.000000
0  2.198141 -105.121048 0.500488  -0.052460 -0.198910 0.978613  0.500015 0.957030 1 1 1.000000
0  2.020065 -102.373451 1.048071  -0.052358 -0.198212 0.978760  0.500015 0.955077 1 1 1.000000
skin_0dam
0  2.020065 -102.373451 1.048071  -0.052358 -0.198212 0.978760  0.500015 0.955077 1 1 1.000000
0  -4.626175 -102.305351 0.828382  -0.016476 -0.194688 0.980727  0.535173 0.954100 1 1 1.000000
0  -4.442219 -105.149124 0.267128  -0.017048 -0.195283 0.980599  0.535173 0.956053 1 1 1.000000
skin_0dam
0  -13.623910 -104.371597 0.672690  0.252036 -0.190690 0.948744  0.584002 0.953124 1 1 1.000000
0  -14.502222 -104.210197 1.099452  0.519439 -0.200559 0.830638  0.588885 0.951170 1 1 1.000000
0  -14.552455 -104.516052 1.054035  0.179090 -0.842431 0.508170  0.588885 0.951170 1 1 1.000000
skin_0dam
0  -14.552455 -104.516052 1.054035  0.179090 -0.842431 0.508170  0.588885 0.951170 1 1 1.000000
0  -13.658828 -104.690445 0.614428  0.024820 -0.825332 0.564102  0.584979 0.953124 1 1 1.000000
0  -13.623910 -104.371597 0.672690  0.252036 -0.190690 0.948744  0.584002 0.953124 1 1 1.000000
skin_0dam
0  -14.502222 -104.210197 1.099452  0.519439 -0.200559 0.830638  0.588885 0.951170 1 1 1.000000
0  -15.154906 -104.078323 1.692340  0.827439 -0.200533 0.524530  0.591815 0.949217 1 1 1.000000
0  -15.204423 -104.397919 1.646930  0.313077 -0.887380 0.338438  0.592792 0.949217 1 1 1.000000
skin_0dam
0  -15.204423 -104.397919 1.646930  0.313077 -0.887380 0.338438  0.592792 0.949217 1 1 1.000000
0  -14.552455 -104.516052 1.054035  0.179090 -0.842431 0.508170  0.588885 0.951170 1 1 1.000000
0  -14.502222 -104.210197 1.099452  0.519439 -0.200559 0.830638  0.588885 0.951170 1 1 1.000000
skin_0dam
0  -15.343104 -104.004929 2.411439  0.970437 -0.181879 0.158658  0.592792 0.946287 1 1 1.000000
0  -15.383136 -103.937286 3.622766  0.979203 -0.183466 -0.086611  0.592792 0.942381 1 1 1.000000
0  -15.449016 -104.257698 3.617682  0.507173 -0.861701 -0.015700  0.592792 0.941404 1 1 1.000000
skin_0dam
0  -15.449016 -104.257698 3.617682  0.507173 -0.861701 -0.015700  0.592792 0.941404 1 1 1.000000
0  -15.393504 -104.324562 2.379766  0.525872 -0.839637 0.135902  0.592792 0.946287 1 1 1.000000
0  -15.343104 -104.004929 2.411439  0.970437 -0.181879 0.158658  0.592792 0.946287 1 1 1.000000
skin_0dam
0  -14.820515 -103.933868 6.251843  0.894855 -0.289486 -0.339752  0.588885 0.932615 1 1 1.000000
0  -14.875325 -104.253677 6.288846  0.479535 -0.866898 -0.136136  0.588885 0.932615 1 1 1.000000
0  -15.449016 -104.257698 3.617682  0.507173 -0.861701 -0.015700  0.592792 0.941404 1 1 1.000000
skin_0dam
0  -15.449016 -104.257698 3.617682  0.507173 -0.861701 -0.015700  0.592792 0.941404 1 1 1.000000
0  -15.383136 -103.937286 3.622766  0.979203 -0.183466 -0.086611  0.592792 0.942381 1 1 1.000000
0  -14.820515 -103.933868 6.251843  0.894855 -0.289486 -0.339752  0.588885 0.932615 1 1 1.000000
skin_0dam
0  -13.771646 -103.548370 6.596063  -0.031140 -0.711843 -0.701648  0.583026 0.931639 1 1 1.000000
0  -13.766933 -103.602989 6.996195  -0.104618 -0.983876 -0.145060  0.583026 0.929685 1 1 1.000000
0  -14.182014 -103.555649 6.969668  0.346793 -0.905612 -0.244134  0.584979 0.929685 1 1 1.000000
skin_0dam
0  -14.182014 -103.555649 6.969668  0.346793 -0.905612 -0.244134  0.584979 0.929685 1 1 1.000000
0  -14.284171 -103.478539 6.563341  0.489518 -0.579444 -0.651626  0.585955 0.931639 1 1 1.000000
0  -13.771646 -103.548370 6.596063  -0.031140 -0.711843 -0.701648  0.583026 0.931639 1 1 1.000000
skin_0dam
0  -5.366909 -104.379402 7.147305  -0.004042 -0.717550 -0.696495  0.538102 0.931639 1 1 1.000000
0  -10.066722 -103.962158 6.874228  -0.028350 -0.714206 -0.699361  0.562517 0.931639 1 1 1.000000
0  -8.569344 -102.092873 6.561592  0.042066 -0.194503 -0.979999  0.554704 0.932615 1 1 1.000000
skin_0dam
0  -5.366909 -104.379402 7.147305  -0.004042 -0.717550 -0.696495  0.538102 0.931639 1 1 1.000000
0  -8.569344 -102.092873 6.561592  0.042066 -0.194503 -0.979999  0.554704 0.932615 1 1 1.000000
0  -2.071011 -102.430405 6.936570  0.059293 -0.191026 -0.979793  0.519547 0.932615 1 1 1.000000
skin_0dam
0  -13.035168 -104.141113 11.082872  -0.124230 -0.991370 0.041864  0.577166 0.916013 1 1 1.000000
0  -9.864367 -104.513794 11.257892  -0.103249 -0.994199 0.030151  0.560564 0.916013 1 1 1.000000
0  -9.849792 -104.457367 12.058928  -0.111333 -0.986916 0.116623  0.560564 0.913083 1 1 1.000000
skin_0dam
0  -9.849792 -104.457367 12.058928  -0.111333 -0.986916 0.116623  0.560564 0.913083 1 1 1.000000
0  -12.951672 -104.053551 11.860833  -0.161411 -0.976316 0.144061  0.577166 0.913083 1 1 1.000000
0  -13.035168 -104.141113 11.082872  -0.124230 -0.991370 0.041864  0.577166 0.916013 1 1 1.000000
skin_0dam
0  -13.412477 -104.064796 10.231315  0.047008 -0.993614 -0.102577  0.580096 0.918943 1 1 1.000000
0  -14.182014 -103.555649 6.969668  0.346793 -0.905612 -0.244134  0.584979 0.929685 1 1 1.000000
0  -13.766933 -103.602989 6.996195  -0.104618 -0.983876 -0.145060  0.583026 0.929685 1 1 1.000000
skin_0dam
0  -13.766933 -103.602989 6.996195  -0.104618 -0.983876 -0.145060  0.583026 0.929685 1 1 1.000000
0  -13.192625 -104.094696 10.272936  -0.124124 -0.989321 -0.076396  0.578143 0.917966 1 1 1.000000
0  -13.412477 -104.064796 10.231315  0.047008 -0.993614 -0.102577  0.580096 0.918943 1 1 1.000000
skin_0dam
0  -10.066722 -103.962158 6.874228  -0.028350 -0.714206 -0.699361  0.562517 0.931639 1 1 1.000000
0  -13.771646 -103.548370 6.596063  -0.031140 -0.711843 -0.701648  0.583026 0.931639 1 1 1.000000
0  -13.579879 -101.485069 6.241488  0.170855 -0.220045 -0.960411  0.581072 0.932615 1 1 1.000000
skin_0dam
0  -13.579879 -101.485069 6.241488  0.170855 -0.220045 -0.960411  0.581072 0.932615 1 1 1.000000
0  -8.569344 -102.092873 6.561592  0.042066 -0.194503 -0.979999  0.554704 0.932615 1 1 1.000000
0  -10.066722 -103.962158 6.874228  -0.028350 -0.714206 -0.699361  0.562517 0.931639 1 1 1.000000
skin_0dam
0  -10.045982 -104.043518 7.261525  -0.088308 -0.983347 -0.158843  0.562517 0.929685 1 1 1.000000
0  -13.766933 -103.602989 6.996195  -0.104618 -0.983876 -0.145060  0.583026 0.929685 1 1 1.000000
0  -13.771646 -103.548370 6.596063  -0.031140 -0.711843 -0.701648  0.583026 0.931639 1 1 1.000000
skin_0dam
0  -13.771646 -103.548370 6.596063  -0.031140 -0.711843 -0.701648  0.583026 0.931639 1 1 1.000000
0  -10.066722 -103.962158 6.874228  -0.028350 -0.714206 -0.699361  0.562517 0.931639 1 1 1.000000
0  -10.045982 -104.043518 7.261525  -0.088308 -0.983347 -0.158843  0.562517 0.929685 1 1 1.000000
skin_0dam
0  -11.503362 -103.935585 13.940227  -0.146661 -0.973250 0.176845  0.568377 0.905271 1 1 1.000000
0  -11.390491 -103.929611 14.112992  0.038831 -0.829003 0.557895  0.567400 0.905271 1 1 1.000000
0  -12.193434 -103.681580 14.586207  0.139748 -0.803884 0.578136  0.571307 0.903317 1 1 1.000000
skin_0dam
0  -12.193434 -103.681580 14.586207  0.139748 -0.803884 0.578136  0.571307 0.903317 1 1 1.000000
0  -12.367178 -103.676880 14.492311  -0.161531 -0.957185 0.240216  0.572283 0.903317 1 1 1.000000
0  -11.503362 -103.935585 13.940227  -0.146661 -0.973250 0.176845  0.568377 0.905271 1 1 1.000000
skin_0dam
0  -18.058212 -100.360123 16.549377  -0.835765 -0.470317 -0.283372  0.601581 0.894528 1 1 1.000000
0  -16.296415 -102.681511 15.083997  -0.805092 -0.559205 -0.197779  0.592792 0.900388 1 1 1.000000
0  -17.415442 -101.732452 16.683537  -0.808733 -0.520966 -0.273028  0.598651 0.894528 1 1 1.000000
skin_0dam
0  -16.497437 -103.037384 13.773667  -0.271464 -0.633207 0.724814  0.594745 0.905271 1 1 1.000000
0  -18.924135 -102.460602 13.674560  -0.174250 -0.494406 0.851586  0.607440 0.905271 1 1 1.000000
0  -18.868246 -102.623154 13.581167  -0.243635 -0.828511 0.504193  0.607440 0.905271 1 1 1.000000
skin_0dam
0  -18.868246 -102.623154 13.581167  -0.243635 -0.828511 0.504193  0.607440 0.905271 1 1 1.000000
0  -16.387390 -103.183327 13.683800  -0.257921 -0.869506 0.421232  0.594745 0.905271 1 1 1.000000
0  -16.497437 -103.037384 13.773667  -0.271464 -0.633207 0.724814  0.594745 0.905271 1 1 1.000000
skin_0dam
0  -16.497437 -103.037384 13.773667  -0.271464 -0.633207 0.724814  0.594745 0.905271 1 1 1.000000
0  -16.387390 -103.183327 13.683800  -0.257921 -0.869506 0.421232  0.594745 0.905271 1 1 1.000000
0  -15.898277 -103.254288 13.866733  -0.269324 -0.920463 0.283217  0.591815 0.905271 1 1 1.000000
skin_0dam
0  -15.898277 -103.254288 13.866733  -0.269324 -0.920463 0.283217  0.591815 0.905271 1 1 1.000000
0  -16.009211 -103.108368 13.970334  -0.514939 -0.725066 0.457294  0.591815 0.904294 1 1 1.000000
0  -16.497437 -103.037384 13.773667  -0.271464 -0.633207 0.724814  0.594745 0.905271 1 1 1.000000
skin_0dam
0  -39.274364 -85.490211 13.806149  -0.986393 -0.118640 -0.113817  0.817408 0.816401 1 1 1.000000
0  -39.334713 -84.391144 13.212139  -0.986412 -0.119468 -0.112780  0.820338 0.812494 1 1 1.000000
0  -38.981922 -85.545502 11.452514  -0.983902 -0.124303 -0.128395  0.830103 0.816401 1 1 1.000000
skin_0dam
0  -38.981922 -85.545502 11.452514  -0.983902 -0.124303 -0.128395  0.830103 0.816401 1 1 1.000000
0  -38.899548 -86.684822 11.951284  -0.983837 -0.124159 -0.129035  0.827174 0.820307 1 1 1.000000
0  -39.274364 -85.490211 13.806149  -0.986393 -0.118640 -0.113817  0.817408 0.816401 1 1 1.000000
skin_0dam
0  -38.374958 -87.995758 10.009183  -0.795939 -0.597212 0.099092  0.837916 0.825190 1 1 1.000000
0  -36.441456 -90.485939 10.733550  -0.818712 -0.564182 0.106815  0.834986 0.834956 1 1 1.000000
0  -36.854298 -89.196327 13.317212  -0.822905 -0.529744 0.205426  0.821314 0.830073 1 1 1.000000
skin_0dam
0  -36.854298 -89.196327 13.317212  -0.822905 -0.529744 0.205426  0.821314 0.830073 1 1 1.000000
0  -38.797184 -86.955063 12.081268  -0.787056 -0.586701 0.190589  0.827174 0.821284 1 1 1.000000
0  -38.374958 -87.995758 10.009183  -0.795939 -0.597212 0.099092  0.837916 0.825190 1 1 1.000000
skin_0dam
0  -35.373112 -89.971939 16.251453  0.125681 -0.601562 0.788877  0.805689 0.833003 1 1 1.000000
0  -35.706600 -88.044807 17.945419  0.124339 -0.614799 0.778821  0.796899 0.826167 1 1 1.000000
0  -35.886356 -88.026588 17.933926  -0.512107 -0.588462 0.625667  0.796899 0.826167 1 1 1.000000
skin_0dam
0  -35.886356 -88.026588 17.933926  -0.512107 -0.588462 0.625667  0.796899 0.826167 1 1 1.000000
0  -35.530621 -90.049072 16.185963  -0.505234 -0.613483 0.606941  0.805689 0.833003 1 1 1.000000
0  -35.373112 -89.971939 16.251453  0.125681 -0.601562 0.788877  0.805689 0.833003 1 1 1.000000
skin_0dam
0  -36.833729 -86.573792 17.532162  -0.816776 -0.426513 0.388540  0.798853 0.820307 1 1 1.000000
0  -37.342167 -85.814743 17.308445  -0.774861 -0.474884 0.417224  0.799829 0.817377 1 1 1.000000
0  -37.104420 -87.788475 15.208238  -0.808424 -0.499696 0.311053  0.810572 0.825190 1 1 1.000000
skin_0dam
0  -37.104420 -87.788475 15.208238  -0.808424 -0.499696 0.311053  0.810572 0.825190 1 1 1.000000
0  -36.632984 -88.466682 15.512544  -0.840416 -0.459717 0.286987  0.809595 0.827143 1 1 1.000000
0  -36.833729 -86.573792 17.532162  -0.816776 -0.426513 0.388540  0.798853 0.820307 1 1 1.000000
skin_0dam
0  -36.023098 -85.606720 19.821136  -0.181834 -0.484493 0.855689  0.786157 0.817377 1 1 1.000000
0  -35.886356 -88.026588 17.933926  -0.512107 -0.588462 0.625667  0.796899 0.826167 1 1 1.000000
0  -35.706600 -88.044807 17.945419  0.124339 -0.614799 0.778821  0.796899 0.826167 1 1 1.000000
skin_0dam
0  -35.706600 -88.044807 17.945419  0.124339 -0.614799 0.778821  0.796899 0.826167 1 1 1.000000
0  -35.912281 -85.407990 19.870155  -0.135660 -0.203445 0.969643  0.786157 0.816401 1 1 1.000000
0  -36.023098 -85.606720 19.821136  -0.181834 -0.484493 0.855689  0.786157 0.817377 1 1 1.000000
skin_0dam
0  -4.142091 -104.531868 13.776856  -0.070149 -0.418639 0.905439  0.529313 0.908200 1 1 1.000000
0  -6.959596 -104.375084 13.651533  -0.040996 -0.418574 0.907257  0.543962 0.907224 1 1 1.000000
0  -6.945020 -104.553566 13.569240  -0.075195 -0.808267 0.583995  0.543962 0.908200 1 1 1.000000
skin_0dam
0  -6.945020 -104.553566 13.569240  -0.075195 -0.808267 0.583995  0.543962 0.908200 1 1 1.000000
0  -4.128231 -104.696594 13.694552  -0.064775 -0.798252 0.598831  0.529313 0.908200 1 1 1.000000
0  -4.142091 -104.531868 13.776856  -0.070149 -0.418639 0.905439  0.529313 0.908200 1 1 1.000000
skin_0dam
0  0.405403 -102.982742 19.120941  -0.569328 -0.781790 0.254302  0.501968 0.889645 1 1 1.000000
0  0.358498 -102.806053 19.063232  -0.949426 -0.311524 -0.039289  0.502945 0.889645 1 1 1.000000
0  0.558537 -103.444450 17.543438  -0.946319 -0.313102 0.080299  0.501968 0.895505 1 1 1.000000
skin_0dam
0  0.558537 -103.444450 17.543438  -0.946319 -0.313102 0.080299  0.501968 0.895505 1 1 1.000000
0  0.608088 -103.621040 17.559940  -0.554872 -0.783413 0.279966  0.501968 0.895505 1 1 1.000000
0  0.405403 -102.982742 19.120941  -0.569328 -0.781790 0.254302  0.501968 0.889645 1 1 1.000000
skin_0dam
0  -2.036277 -104.739433 13.842558  -0.085114 -0.855162 0.511326  0.517594 0.908200 1 1 1.000000
0  -2.079334 -104.576210 13.950564  -0.144268 -0.500232 0.853788  0.517594 0.908200 1 1 1.000000
0  -4.142091 -104.531868 13.776856  -0.070149 -0.418639 0.905439  0.529313 0.908200 1 1 1.000000
skin_0dam
0  -4.142091 -104.531868 13.776856  -0.070149 -0.418639 0.905439  0.529313 0.908200 1 1 1.000000
0  -4.128231 -104.696594 13.694552  -0.064775 -0.798252 0.598831  0.529313 0.908200 1 1 1.000000
0  -2.036277 -104.739433 13.842558  -0.085114 -0.855162 0.511326  0.517594 0.908200 1 1 1.000000
skin_0dam
0  0.128700 -104.364418 14.879065  -0.614448 -0.457562 0.642721  0.505875 0.905271 1 1 1.000000
0  -0.368739 -103.190964 15.222645  -0.584552 -0.429880 0.688115  0.507828 0.903317 1 1 1.000000
0  -1.264679 -103.224007 14.792639  -0.299893 -0.426780 0.853184  0.512711 0.905271 1 1 1.000000
skin_0dam
0  -1.264679 -103.224007 14.792639  -0.299893 -0.426780 0.853184  0.512711 0.905271 1 1 1.000000
0  -0.790667 -104.536613 14.281674  -0.286978 -0.574334 0.766671  0.510758 0.907224 1 1 1.000000
0  0.128700 -104.364418 14.879065  -0.614448 -0.457562 0.642721  0.505875 0.905271 1 1 1.000000
skin_0dam
0  0.558537 -103.444450 17.543438  -0.946319 -0.313102 0.080299  0.501968 0.895505 1 1 1.000000
0  0.332395 -102.780884 17.516891  -0.948531 -0.304313 0.087655  0.502945 0.895505 1 1 1.000000
0  0.115197 -103.082626 15.984994  -0.855111 -0.387283 0.344671  0.504898 0.901364 1 1 1.000000
skin_0dam
0  0.115197 -103.082626 15.984994  -0.855111 -0.387283 0.344671  0.504898 0.901364 1 1 1.000000
0  0.523303 -104.081421 15.815444  -0.855074 -0.409618 0.317901  0.502945 0.901364 1 1 1.000000
0  0.558537 -103.444450 17.543438  -0.946319 -0.313102 0.080299  0.501968 0.895505 1 1 1.000000
skin_0dam
0  0.800126 -103.611053 17.572296  0.025085 -0.931503 0.362867  0.500992 0.895505 1 1 1.000000
0  1.239070 -103.588234 17.600544  0.025084 -0.931502 0.362870  0.499039 0.895505 1 1 1.000000
0  1.173554 -102.942810 19.170368  0.020078 -0.906931 0.420801  0.498062 0.889645 1 1 1.000000
skin_0dam
0  1.173554 -102.942810 19.170368  0.020078 -0.906931 0.420801  0.498062 0.889645 1 1 1.000000
0  0.597440 -102.972763 19.133297  0.020072 -0.906971 0.420714  0.500992 0.889645 1 1 1.000000
0  0.800126 -103.611053 17.572296  0.025085 -0.931503 0.362867  0.500992 0.895505 1 1 1.000000
skin_0dam
0  0.019918 -102.174980 20.381023  -0.898047 -0.401089 -0.180661  0.503922 0.884762 1 1 1.000000
0  -0.069776 -101.917847 20.279404  -0.884477 -0.416358 -0.210585  0.503922 0.885739 1 1 1.000000
0  0.220849 -102.386047 18.931385  -0.948470 -0.314375 -0.039658  0.502945 0.890622 1 1 1.000000
skin_0dam
0  0.220849 -102.386047 18.931385  -0.948470 -0.314375 -0.039658  0.502945 0.890622 1 1 1.000000
0  0.358498 -102.806053 19.063232  -0.949426 -0.311524 -0.039289  0.502945 0.889645 1 1 1.000000
0  0.019918 -102.174980 20.381023  -0.898047 -0.401089 -0.180661  0.503922 0.884762 1 1 1.000000
skin_0dam
0  -11.348600 -103.761993 14.185096  0.261645 -0.411553 0.873021  0.567400 0.904294 1 1 1.000000
0  -12.151543 -103.513947 14.658305  0.461598 -0.392333 0.795614  0.571307 0.903317 1 1 1.000000
0  -12.193434 -103.681580 14.586207  0.139748 -0.803884 0.578136  0.571307 0.903317 1 1 1.000000
skin_0dam
0  -12.193434 -103.681580 14.586207  0.139748 -0.803884 0.578136  0.571307 0.903317 1 1 1.000000
0  -11.390491 -103.929611 14.112992  0.038831 -0.829003 0.557895  0.567400 0.905271 1 1 1.000000
0  -11.348600 -103.761993 14.185096  0.261645 -0.411553 0.873021  0.567400 0.904294 1 1 1.000000
skin_0dam
0  -13.750607 -102.382652 16.917122  0.780812 -0.308749 0.543146  0.579119 0.894528 1 1 1.000000
0  -14.259835 -101.677742 18.251736  0.824282 -0.329686 0.460290  0.581072 0.889645 1 1 1.000000
0  -14.349764 -101.834007 18.273129  0.316968 -0.771245 0.552007  0.581072 0.889645 1 1 1.000000
skin_0dam
0  -14.349764 -101.834007 18.273129  0.316968 -0.771245 0.552007  0.581072 0.889645 1 1 1.000000
0  -13.839819 -102.552666 16.938522  0.322916 -0.770459 0.549653  0.579119 0.894528 1 1 1.000000
0  -13.750607 -102.382652 16.917122  0.780812 -0.308749 0.543146  0.579119 0.894528 1 1 1.000000
skin_0dam
0  -12.818635 -103.189827 15.319741  0.640913 -0.359556 0.678196  0.574236 0.900388 1 1 1.000000
0  -13.750607 -102.382652 16.917122  0.780812 -0.308749 0.543146  0.579119 0.894528 1 1 1.000000
0  -13.839819 -102.552666 16.938522  0.322916 -0.770459 0.549653  0.579119 0.894528 1 1 1.000000
skin_0dam
0  -13.839819 -102.552666 16.938522  0.322916 -0.770459 0.549653  0.579119 0.894528 1 1 1.000000
0  -12.860694 -103.371216 15.261386  0.232555 -0.791971 0.564535  0.575213 0.900388 1 1 1.000000
0  -12.818635 -103.189827 15.319741  0.640913 -0.359556 0.678196  0.574236 0.900388 1 1 1.000000
skin_0dam
0  -12.151543 -103.513947 14.658305  0.461598 -0.392333 0.795614  0.571307 0.903317 1 1 1.000000
0  -12.818635 -103.189827 15.319741  0.640913 -0.359556 0.678196  0.574236 0.900388 1 1 1.000000
0  -12.860694 -103.371216 15.261386  0.232555 -0.791971 0.564535  0.575213 0.900388 1 1 1.000000
skin_0dam
0  -12.860694 -103.371216 15.261386  0.232555 -0.791971 0.564535  0.575213 0.900388 1 1 1.000000
0  -12.193434 -103.681580 14.586207  0.139748 -0.803884 0.578136  0.571307 0.903317 1 1 1.000000
0  -12.151543 -103.513947 14.658305  0.461598 -0.392333 0.795614  0.571307 0.903317 1 1 1.000000
skin_0dam
0  -4.398121 -105.436577 -0.185950  -0.018670 -0.891091 -0.453440  0.535173 0.958007 1 1 1.000000
0  2.241525 -105.394737 0.047400  0.075233 -0.890024 -0.449663  0.500015 0.958983 1 1 1.000000
0  2.217377 -105.423294 0.445748  0.004986 -0.813231 0.581920  0.500015 0.957030 1 1 1.000000
skin_0dam
0  2.217377 -105.423294 0.445748  0.004986 -0.813231 0.581920  0.500015 0.957030 1 1 1.000000
0  -4.421387 -105.465096 0.198661  -0.030290 -0.809387 0.586494  0.535173 0.957030 1 1 1.000000
0  -4.398121 -105.436577 -0.185950  -0.018670 -0.891091 -0.453440  0.535173 0.958007 1 1 1.000000
skin_0dam
0  -22.753134 -100.780075 0.565019  -0.335726 -0.878586 -0.339670  0.631855 0.951170 1 1 1.000000
0  -22.802113 -100.741066 0.865409  -0.340967 -0.748075 0.569320  0.632832 0.950194 1 1 1.000000
0  -25.356071 -99.550705 0.745971  -0.371592 -0.672005 0.640569  0.645528 0.950194 1 1 1.000000
skin_0dam
0  -25.356071 -99.550705 0.745971  -0.371592 -0.672005 0.640569  0.645528 0.950194 1 1 1.000000
0  -25.330959 -99.659859 0.443863  -0.427819 -0.883154 -0.192381  0.645528 0.951170 1 1 1.000000
0  -22.753134 -100.780075 0.565019  -0.335726 -0.878586 -0.339670  0.631855 0.951170 1 1 1.000000
skin_0dam
0  -11.207544 -105.018402 -0.084168  -0.119834 -0.885137 -0.449636  0.571307 0.956053 1 1 1.000000
0  -4.398121 -105.436577 -0.185950  -0.018670 -0.891091 -0.453440  0.535173 0.958007 1 1 1.000000
0  -4.421387 -105.465096 0.198661  -0.030290 -0.809387 0.586494  0.535173 0.957030 1 1 1.000000
skin_0dam
0  -4.421387 -105.465096 0.198661  -0.030290 -0.809387 0.586494  0.535173 0.957030 1 1 1.000000
0  -11.202495 -105.045456 0.288473  -0.044294 -0.806305 0.589839  0.571307 0.955077 1 1 1.000000
0  -11.207544 -105.018402 -0.084168  -0.119834 -0.885137 -0.449636  0.571307 0.956053 1 1 1.000000
skin_0dam
0  -13.719458 -104.652496 0.238246  -0.260714 -0.862597 -0.433537  0.584979 0.954100 1 1 1.000000
0  -11.207544 -105.018402 -0.084168  -0.119834 -0.885137 -0.449636  0.571307 0.956053 1 1 1.000000
0  -11.202495 -105.045456 0.288473  -0.044294 -0.806305 0.589839  0.571307 0.955077 1 1 1.000000
skin_0dam
0  -11.202495 -105.045456 0.288473  -0.044294 -0.806305 0.589839  0.571307 0.955077 1 1 1.000000
0  -13.658828 -104.690445 0.614428  0.024820 -0.825332 0.564102  0.584979 0.953124 1 1 1.000000
0  -13.719458 -104.652496 0.238246  -0.260714 -0.862597 -0.433537  0.584979 0.954100 1 1 1.000000
skin_0dam
0  -22.802113 -100.741066 0.865409  -0.340967 -0.748075 0.569320  0.632832 0.950194 1 1 1.000000
0  -22.753134 -100.780075 0.565019  -0.335726 -0.878586 -0.339670  0.631855 0.951170 1 1 1.000000
0  -17.321009 -102.799385 0.839469  -0.240827 -0.860267 -0.449381  0.603534 0.951170 1 1 1.000000
skin_0dam
0  -17.321009 -102.799385 0.839469  -0.240827 -0.860267 -0.449381  0.603534 0.951170 1 1 1.000000
0  -17.381565 -102.802330 1.139001  -0.445344 -0.829317 0.337494  0.603534 0.950194 1 1 1.000000
0  -22.802113 -100.741066 0.865409  -0.340967 -0.748075 0.569320  0.632832 0.950194 1 1 1.000000
skin_0dam
0  -28.636505 -96.581245 -3.042729  -0.282451 -0.559383 -0.779303  0.664083 0.962889 1 1 1.000000
0  -28.663574 -96.665161 -2.768846  -0.478059 -0.831086 -0.284176  0.664083 0.961913 1 1 1.000000
0  -32.131001 -94.323196 -2.930074  -0.623973 -0.737540 -0.258249  0.681661 0.961913 1 1 1.000000
skin_0dam
0  -32.131001 -94.323196 -2.930074  -0.623973 -0.737540 -0.258249  0.681661 0.961913 1 1 1.000000
0  -32.087894 -94.266029 -3.216791  -0.406815 -0.523528 -0.748612  0.681661 0.962889 1 1 1.000000
0  -28.636505 -96.581245 -3.042729  -0.282451 -0.559383 -0.779303  0.664083 0.962889 1 1 1.000000
skin_0dam
0  -33.689754 -92.571358 -3.301334  -0.527693 -0.408699 -0.744651  0.911161 0.842769 1 1 1.000000
0  -32.087894 -94.266029 -3.216791  -0.406815 -0.523528 -0.748612  0.911161 0.848628 1 1 1.000000
0  -32.131001 -94.323196 -2.930074  -0.623973 -0.737540 -0.258249  0.910184 0.849605 1 1 1.000000
skin_0dam
0  -32.131001 -94.323196 -2.930074  -0.623973 -0.737540 -0.258249  0.910184 0.849605 1 1 1.000000
0  -33.761547 -92.588684 -3.030146  -0.785082 -0.567941 -0.247164  0.910184 0.842769 1 1 1.000000
0  -33.689754 -92.571358 -3.301334  -0.527693 -0.408699 -0.744651  0.911161 0.842769 1 1 1.000000
skin_0dam
0  -35.509167 -87.842178 -3.529675  -0.632511 -0.110963 -0.766562  0.912137 0.825190 1 1 1.000000
0  -35.356304 -89.281334 -3.454740  -0.523640 -0.205587 -0.826762  0.911161 0.830073 1 1 1.000000
0  -35.548336 -89.153282 -3.149506  -0.880113 -0.120692 -0.459167  0.910184 0.830073 1 1 1.000000
skin_0dam
0  -35.548336 -89.153282 -3.149506  -0.880113 -0.120692 -0.459167  0.910184 0.830073 1 1 1.000000
0  -35.693684 -87.892883 -3.196854  -0.882585 -0.119770 -0.454642  0.910184 0.825190 1 1 1.000000
0  -35.509167 -87.842178 -3.529675  -0.632511 -0.110963 -0.766562  0.912137 0.825190 1 1 1.000000
skin_0dam
0  -35.526768 -89.303772 -3.148522  -0.843248 -0.282527 -0.457286  0.910184 0.830073 1 1 1.000000
0  -35.356304 -89.281334 -3.454740  -0.523640 -0.205587 -0.826762  0.911161 0.830073 1 1 1.000000
0  -35.435184 -89.478180 -3.143107  -0.779112 -0.449337 -0.437128  0.910184 0.831050 1 1 1.000000
skin_0dam
0  -25.647820 -98.272560 -2.620869  0.080014 -0.916881 -0.391059  0.648457 0.961913 1 1 1.000000
0  -25.625914 -98.106201 -2.881071  0.263646 -0.539815 -0.799432  0.648457 0.962889 1 1 1.000000
0  -25.449245 -98.055534 -2.662710  0.805229 -0.389992 -0.446668  0.647481 0.961913 1 1 1.000000
skin_0dam
0  -17.920925 -96.298988 -1.098839  -0.095360 -0.196748 -0.975806  0.605487 0.958007 1 1 1.000000
0  -13.287735 -97.437012 -1.783628  -0.115761 -0.149496 -0.981963  0.581072 0.961913 1 1 1.000000
0  -13.801484 -103.155159 -0.769861  -0.221685 -0.345687 -0.911787  0.584979 0.958007 1 1 1.000000
skin_0dam
0  -13.801484 -103.155159 -0.769861  -0.221685 -0.345687 -0.911787  0.584979 0.958007 1 1 1.000000
0  -15.951160 -102.536026 -0.271797  -0.390755 -0.399312 -0.829373  0.596698 0.956053 1 1 1.000000
0  -17.920925 -96.298988 -1.098839  -0.095360 -0.196748 -0.975806  0.605487 0.958007 1 1 1.000000
skin_0dam
0  -17.390017 -101.824944 0.051477  -0.201395 -0.404973 -0.891873  0.603534 0.954100 1 1 1.000000
0  -22.683666 -99.908646 -0.145394  -0.062408 -0.398735 -0.914940  0.631855 0.954100 1 1 1.000000
0  -23.243614 -94.797714 -1.367643  0.261690 -0.232129 -0.936822  0.633808 0.958007 1 1 1.000000
skin_0dam
0  -23.243614 -94.797714 -1.367643  0.261690 -0.232129 -0.936822  0.633808 0.958007 1 1 1.000000
0  -17.920925 -96.298988 -1.098839  -0.095360 -0.196748 -0.975806  0.605487 0.958007 1 1 1.000000
0  -17.390017 -101.824944 0.051477  -0.201395 -0.404973 -0.891873  0.603534 0.954100 1 1 1.000000
skin_0dam
0  -16.703672 -102.175255 -0.029516  -0.403595 -0.428806 -0.808230  0.600604 0.955077 1 1 1.000000
0  -17.920925 -96.298988 -1.098839  -0.095360 -0.196748 -0.975806  0.605487 0.958007 1 1 1.000000
0  -15.951160 -102.536026 -0.271797  -0.390755 -0.399312 -0.829373  0.596698 0.956053 1 1 1.000000
skin_0dam
0  -32.087894 -94.266029 -3.216791  -0.406815 -0.523528 -0.748612  0.681661 0.962889 1 1 1.000000
0  -29.924299 -91.769432 -3.443601  0.001273 -0.071101 -0.997468  0.669942 0.963866 1 1 1.000000
0  -28.636505 -96.581245 -3.042729  -0.282451 -0.559383 -0.779303  0.664083 0.962889 1 1 1.000000
skin_0dam
0  -32.087894 -94.266029 -3.216791  -0.406815 -0.523528 -0.748612  0.911161 0.848628 1 1 1.000000
0  -33.689754 -92.571358 -3.301334  -0.527693 -0.408699 -0.744651  0.911161 0.842769 1 1 1.000000
0  -29.924299 -91.769432 -3.443601  0.001273 -0.071101 -0.997468  0.913114 0.840815 1 1 1.000000
skin_0dam
0  -28.636505 -96.581245 -3.042729  -0.282451 -0.559383 -0.779303  0.664083 0.962889 1 1 1.000000
0  -29.924299 -91.769432 -3.443601  0.001273 -0.071101 -0.997468  0.669942 0.963866 1 1 1.000000
0  -25.236334 -93.965149 -3.051896  0.350446 -0.081414 -0.933038  0.644551 0.963866 1 1 1.000000
skin_0dam
0  -25.236334 -93.965149 -3.051896  0.350446 -0.081414 -0.933038  0.644551 0.963866 1 1 1.000000
0  -25.625914 -98.106201 -2.881071  0.263646 -0.539815 -0.799432  0.648457 0.962889 1 1 1.000000
0  -28.636505 -96.581245 -3.042729  -0.282451 -0.559383 -0.779303  0.664083 0.962889 1 1 1.000000
skin_0dam
0  -24.747616 -98.555588 -1.143222  0.548254 -0.338747 -0.764636  0.642598 0.957030 1 1 1.000000
0  -24.370283 -94.319183 -2.059361  0.652235 -0.168953 -0.738948  0.639668 0.959960 1 1 1.000000
0  -23.243614 -94.797714 -1.367643  0.261690 -0.232129 -0.936822  0.633808 0.958007 1 1 1.000000
skin_0dam
0  -23.243614 -94.797714 -1.367643  0.261690 -0.232129 -0.936822  0.633808 0.958007 1 1 1.000000
0  -23.776608 -99.248924 -0.434487  0.185089 -0.388774 -0.902550  0.637715 0.955077 1 1 1.000000
0  -24.747616 -98.555588 -1.143222  0.548254 -0.338747 -0.764636  0.642598 0.957030 1 1 1.000000
skin_0dam
0  -35.356304 -89.281334 -3.454740  -0.523640 -0.205587 -0.826762  0.911161 0.830073 1 1 1.000000
0  -35.509167 -87.842178 -3.529675  -0.632511 -0.110963 -0.766562  0.912137 0.825190 1 1 1.000000
0  -29.924299 -91.769432 -3.443601  0.001273 -0.071101 -0.997468  0.913114 0.840815 1 1 1.000000
skin_0dam
0  -29.924299 -91.769432 -3.443601  0.001273 -0.071101 -0.997468  0.913114 0.840815 1 1 1.000000
0  -33.689754 -92.571358 -3.301334  -0.527693 -0.408699 -0.744651  0.911161 0.842769 1 1 1.000000
0  -35.356304 -89.281334 -3.454740  -0.523640 -0.205587 -0.826762  0.911161 0.830073 1 1 1.000000
skin_0dam
0  -25.253519 -98.224045 -1.919601  0.759894 -0.437344 -0.480928  0.645528 0.959960 1 1 1.000000
0  -24.370283 -94.319183 -2.059361  0.652235 -0.168953 -0.738948  0.639668 0.959960 1 1 1.000000
0  -24.747616 -98.555588 -1.143222  0.548254 -0.338747 -0.764636  0.642598 0.957030 1 1 1.000000
skin_0dam
0  2.228168 -104.031586 -0.846318  0.077732 -0.325095 -0.942481  0.500015 0.961913 1 1 1.000000
0  -4.411310 -104.059616 -1.093414  0.000095 -0.325982 -0.945376  0.535173 0.961913 1 1 1.000000
0  -4.690652 -97.541901 -2.018049  0.004164 -0.139798 -0.990171  0.535173 0.964843 1 1 1.000000
skin_0dam
0  -4.690652 -97.541901 -2.018049  0.004164 -0.139798 -0.990171  0.535173 0.964843 1 1 1.000000
0  1.939712 -97.321373 -1.784821  0.071141 -0.135648 -0.988200  0.500015 0.965819 1 1 1.000000
0  2.228168 -104.031586 -0.846318  0.077732 -0.325095 -0.942481  0.500015 0.961913 1 1 1.000000
skin_0dam
0  -4.411310 -104.059616 -1.093414  0.000095 -0.325982 -0.945376  0.535173 0.961913 1 1 1.000000
0  -11.334418 -103.537125 -1.026238  -0.084722 -0.320100 -0.943588  0.572283 0.959960 1 1 1.000000
0  -13.287735 -97.437012 -1.783628  -0.115761 -0.149496 -0.981963  0.581072 0.961913 1 1 1.000000
skin_0dam
0  -13.287735 -97.437012 -1.783628  -0.115761 -0.149496 -0.981963  0.581072 0.961913 1 1 1.000000
0  -4.690652 -97.541901 -2.018049  0.004164 -0.139798 -0.990171  0.535173 0.964843 1 1 1.000000
0  -4.411310 -104.059616 -1.093414  0.000095 -0.325982 -0.945376  0.535173 0.961913 1 1 1.000000
skin_0dam
0  -11.334418 -103.537125 -1.026238  -0.084722 -0.320100 -0.943588  0.572283 0.959960 1 1 1.000000
0  -13.801484 -103.155159 -0.769861  -0.221685 -0.345687 -0.911787  0.584979 0.958007 1 1 1.000000
0  -13.287735 -97.437012 -1.783628  -0.115761 -0.149496 -0.981963  0.581072 0.961913 1 1 1.000000
skin_0dam
0  2.243037 -104.981430 -0.309999  0.082156 -0.581013 -0.809737  0.500015 0.959960 1 1 1.000000
0  -4.396609 -105.023254 -0.543349  -0.008138 -0.580495 -0.814223  0.535173 0.958983 1 1 1.000000
0  -4.411310 -104.059616 -1.093414  0.000095 -0.325982 -0.945376  0.535173 0.961913 1 1 1.000000
skin_0dam
0  -4.411310 -104.059616 -1.093414  0.000095 -0.325982 -0.945376  0.535173 0.961913 1 1 1.000000
0  2.228168 -104.031586 -0.846318  0.077732 -0.325095 -0.942481  0.500015 0.961913 1 1 1.000000
0  2.243037 -104.981430 -0.309999  0.082156 -0.581013 -0.809737  0.500015 0.959960 1 1 1.000000
skin_0dam
0  -4.396609 -105.023254 -0.543349  -0.008138 -0.580495 -0.814223  0.535173 0.958983 1 1 1.000000
0  -11.233635 -104.620300 -0.429589  -0.111390 -0.568369 -0.815199  0.572283 0.957030 1 1 1.000000
0  -11.334418 -103.537125 -1.026238  -0.084722 -0.320100 -0.943588  0.572283 0.959960 1 1 1.000000
skin_0dam
0  -11.334418 -103.537125 -1.026238  -0.084722 -0.320100 -0.943588  0.572283 0.959960 1 1 1.000000
0  -4.411310 -104.059616 -1.093414  0.000095 -0.325982 -0.945376  0.535173 0.961913 1 1 1.000000
0  -4.396609 -105.023254 -0.543349  -0.008138 -0.580495 -0.814223  0.535173 0.958983 1 1 1.000000
skin_0dam
0  -13.731494 -104.226120 -0.133780  -0.278242 -0.578450 -0.766797  0.584979 0.956053 1 1 1.000000
0  -15.179320 -104.066566 0.559838  -0.494712 -0.684750 -0.535142  0.592792 0.953124 1 1 1.000000
0  -15.604480 -103.399780 0.189512  -0.454715 -0.598969 -0.659144  0.594745 0.954100 1 1 1.000000
skin_0dam
0  -17.390017 -101.824944 0.051477  -0.201395 -0.404973 -0.891873  0.603534 0.954100 1 1 1.000000
0  -17.316685 -102.372169 0.427117  -0.253137 -0.641677 -0.723998  0.603534 0.953124 1 1 1.000000
0  -22.706226 -100.378220 0.155335  -0.188428 -0.617745 -0.763470  0.631855 0.953124 1 1 1.000000
skin_0dam
0  -22.706226 -100.378220 0.155335  -0.188428 -0.617745 -0.763470  0.631855 0.953124 1 1 1.000000
0  -22.683666 -99.908646 -0.145394  -0.062408 -0.398735 -0.914940  0.631855 0.954100 1 1 1.000000
0  -17.390017 -101.824944 0.051477  -0.201395 -0.404973 -0.891873  0.603534 0.954100 1 1 1.000000
skin_0dam
0  -24.263422 -99.535896 -0.149289  -0.263565 -0.777630 -0.570811  0.640645 0.953124 1 1 1.000000
0  -25.167990 -98.797745 -0.853639  -0.370711 -0.860277 -0.349996  0.645528 0.956053 1 1 1.000000
0  -24.862419 -98.864700 -1.041079  0.040010 -0.777707 -0.627352  0.643574 0.957030 1 1 1.000000
skin_0dam
0  -24.862419 -98.864700 -1.041079  0.040010 -0.777707 -0.627352  0.643574 0.957030 1 1 1.000000
0  -23.896490 -99.613350 -0.208688  -0.126405 -0.661197 -0.739486  0.638691 0.954100 1 1 1.000000
0  -24.263422 -99.535896 -0.149289  -0.263565 -0.777630 -0.570811  0.640645 0.953124 1 1 1.000000
skin_0dam
0  -25.625914 -98.106201 -2.881071  0.263646 -0.539815 -0.799432  0.648457 0.962889 1 1 1.000000
0  -25.236334 -93.965149 -3.051896  0.350446 -0.081414 -0.933038  0.644551 0.963866 1 1 1.000000
0  -25.449245 -98.055534 -2.662710  0.805229 -0.389992 -0.446668  0.647481 0.961913 1 1 1.000000
skin_0dam
0  -25.253519 -98.224045 -1.919601  0.759894 -0.437344 -0.480928  0.645528 0.959960 1 1 1.000000
0  -25.464550 -98.483063 -1.864882  0.062729 -0.925983 -0.372316  0.647481 0.958983 1 1 1.000000
0  -25.647820 -98.272560 -2.620869  0.080014 -0.916881 -0.391059  0.648457 0.961913 1 1 1.000000
skin_0dam
0  -25.647820 -98.272560 -2.620869  0.080014 -0.916881 -0.391059  0.648457 0.961913 1 1 1.000000
0  -25.449245 -98.055534 -2.662710  0.805229 -0.389992 -0.446668  0.647481 0.961913 1 1 1.000000
0  -25.253519 -98.224045 -1.919601  0.759894 -0.437344 -0.480928  0.645528 0.959960 1 1 1.000000
skin_0dam
0  -5.366909 -104.379402 7.147305  -0.004042 -0.717550 -0.696495  0.538102 0.931639 1 1 1.000000
0  -1.066502 -104.555519 7.422962  0.048588 -0.724923 -0.687115  0.514664 0.931639 1 1 1.000000
0  -1.074792 -104.624603 7.822223  0.014741 -0.989485 -0.143882  0.514664 0.929685 1 1 1.000000
skin_0dam
0  -1.074792 -104.624603 7.822223  0.014741 -0.989485 -0.143882  0.514664 0.929685 1 1 1.000000
0  -5.375200 -104.448486 7.546564  -0.053105 -0.986725 -0.153470  0.538102 0.929685 1 1 1.000000
0  -5.366909 -104.379402 7.147305  -0.004042 -0.717550 -0.696495  0.538102 0.931639 1 1 1.000000
skin_0dam
0  -5.375200 -104.448486 7.546564  -0.053105 -0.986725 -0.153470  0.538102 0.929685 1 1 1.000000
0  -1.074792 -104.624603 7.822223  0.014741 -0.989485 -0.143882  0.514664 0.929685 1 1 1.000000
0  -1.229502 -105.030205 10.983420  0.012091 -0.997389 -0.071202  0.514664 0.918943 1 1 1.000000
skin_0dam
0  -1.229502 -105.030205 10.983420  0.012091 -0.997389 -0.071202  0.514664 0.918943 1 1 1.000000
0  -5.459014 -104.877983 10.698460  -0.055047 -0.995485 -0.077327  0.537126 0.918943 1 1 1.000000
0  -5.375200 -104.448486 7.546564  -0.053105 -0.986725 -0.153470  0.538102 0.929685 1 1 1.000000
skin_0dam
0  -2.071011 -102.430405 6.936570  0.059293 -0.191026 -0.979793  0.519547 0.932615 1 1 1.000000
0  -1.066502 -104.555519 7.422962  0.048588 -0.724923 -0.687115  0.514664 0.931639 1 1 1.000000
0  -5.366909 -104.379402 7.147305  -0.004042 -0.717550 -0.696495  0.538102 0.931639 1 1 1.000000
skin_0dam
0  -5.459014 -104.877983 10.698460  -0.055047 -0.995485 -0.077327  0.537126 0.918943 1 1 1.000000
0  -1.229502 -105.030205 10.983420  0.012091 -0.997389 -0.071202  0.514664 0.918943 1 1 1.000000
0  -1.268702 -105.031693 11.808434  0.005713 -0.999379 0.034772  0.514664 0.916013 1 1 1.000000
skin_0dam
0  -1.268702 -105.031693 11.808434  0.005713 -0.999379 0.034772  0.514664 0.916013 1 1 1.000000
0  -5.484496 -104.878754 11.524354  -0.061154 -0.997645 0.031054  0.537126 0.916013 1 1 1.000000
0  -5.459014 -104.877983 10.698460  -0.055047 -0.995485 -0.077327  0.537126 0.918943 1 1 1.000000
skin_0dam
0  -2.010548 -104.765770 13.678632  -0.030551 -0.986305 0.162079  0.517594 0.909177 1 1 1.000000
0  -4.116220 -104.723640 13.529745  -0.041533 -0.989083 0.141382  0.529313 0.909177 1 1 1.000000
0  -5.511953 -104.824493 12.336479  -0.062391 -0.992240 0.107550  0.537126 0.913083 1 1 1.000000
skin_0dam
0  -2.010548 -104.765770 13.678632  -0.030551 -0.986305 0.162079  0.517594 0.909177 1 1 1.000000
0  -5.511953 -104.824493 12.336479  -0.062391 -0.992240 0.107550  0.537126 0.913083 1 1 1.000000
0  -1.323425 -104.965088 12.605047  -0.002590 -0.992880 0.119092  0.514664 0.913083 1 1 1.000000
skin_0dam
0  -2.010548 -104.765770 13.678632  -0.030551 -0.986305 0.162079  0.517594 0.909177 1 1 1.000000
0  -1.323425 -104.965088 12.605047  -0.002590 -0.992880 0.119092  0.514664 0.913083 1 1 1.000000
0  -0.635506 -104.749275 13.973849  0.018196 -0.985652 0.167809  0.509781 0.908200 1 1 1.000000
skin_0dam
0  -2.036277 -104.739433 13.842558  -0.085114 -0.855162 0.511326  0.517594 0.908200 1 1 1.000000
0  -2.010548 -104.765770 13.678632  -0.030551 -0.986305 0.162079  0.517594 0.909177 1 1 1.000000
0  -0.635506 -104.749275 13.973849  0.018196 -0.985652 0.167809  0.509781 0.908200 1 1 1.000000
skin_0dam
0  -0.635506 -104.749275 13.973849  0.018196 -0.985652 0.167809  0.509781 0.908200 1 1 1.000000
0  -0.689381 -104.710617 14.135999  -0.107499 -0.902451 0.417165  0.510758 0.907224 1 1 1.000000
0  -2.036277 -104.739433 13.842558  -0.085114 -0.855162 0.511326  0.517594 0.908200 1 1 1.000000
skin_0dam
0  0.523303 -104.081421 15.815444  -0.855074 -0.409618 0.317901  0.502945 0.901364 1 1 1.000000
0  0.115197 -103.082626 15.984994  -0.855111 -0.387283 0.344671  0.504898 0.901364 1 1 1.000000
0  -0.368739 -103.190964 15.222645  -0.584552 -0.429880 0.688115  0.507828 0.903317 1 1 1.000000
skin_0dam
0  -0.368739 -103.190964 15.222645  -0.584552 -0.429880 0.688115  0.507828 0.903317 1 1 1.000000
0  0.128700 -104.364418 14.879065  -0.614448 -0.457562 0.642721  0.505875 0.905271 1 1 1.000000
0  0.523303 -104.081421 15.815444  -0.855074 -0.409618 0.317901  0.502945 0.901364 1 1 1.000000
skin_0dam
0  0.597440 -102.972763 19.133297  0.020072 -0.906971 0.420714  0.500992 0.889645 1 1 1.000000
0  1.173554 -102.942810 19.170368  0.020078 -0.906931 0.420801  0.498062 0.889645 1 1 1.000000
0  1.285494 -102.246979 20.517262  0.013019 -0.866915 0.498286  0.497085 0.884762 1 1 1.000000
skin_0dam
0  1.285494 -102.246979 20.517262  0.013019 -0.866915 0.498286  0.497085 0.884762 1 1 1.000000
0  0.243002 -102.301170 20.450180  0.013001 -0.866908 0.498299  0.502945 0.884762 1 1 1.000000
0  0.597440 -102.972763 19.133297  0.020072 -0.906971 0.420714  0.500992 0.889645 1 1 1.000000
skin_0dam
0  -14.048430 -102.508385 16.925247  -0.196364 -0.904195 0.379306  0.580096 0.894528 1 1 1.000000
0  -13.839819 -102.552666 16.938522  0.322916 -0.770459 0.549653  0.579119 0.894528 1 1 1.000000
0  -14.349764 -101.834007 18.273129  0.316968 -0.771245 0.552007  0.581072 0.889645 1 1 1.000000
skin_0dam
0  -14.349764 -101.834007 18.273129  0.316968 -0.771245 0.552007  0.581072 0.889645 1 1 1.000000
0  -14.559090 -101.775970 18.259842  -0.230099 -0.864021 0.447797  0.583026 0.889645 1 1 1.000000
0  -14.048430 -102.508385 16.925247  -0.196364 -0.904195 0.379306  0.580096 0.894528 1 1 1.000000
skin_0dam
0  -18.810551 -100.039963 17.894939  -0.819823 -0.374772 -0.432940  0.604511 0.889645 1 1 1.000000
0  -18.562263 -100.702324 18.005661  -0.810463 -0.494920 -0.313375  0.603534 0.889645 1 1 1.000000
0  -19.788324 -99.497276 19.130074  -0.796125 -0.458133 -0.395348  0.609394 0.884762 1 1 1.000000
skin_0dam
0  -18.811718 -102.661697 13.377811  -0.259948 -0.960201 0.102178  0.607440 0.906247 1 1 1.000000
0  -23.128363 -101.301025 13.255983  -0.350134 -0.930474 0.107814  0.629902 0.905271 1 1 1.000000
0  -22.974476 -101.556068 11.499778  -0.344873 -0.935129 0.081215  0.629902 0.912107 1 1 1.000000
skin_0dam
0  -22.974476 -101.556068 11.499778  -0.344873 -0.935129 0.081215  0.629902 0.912107 1 1 1.000000
0  -18.717318 -102.864693 11.645508  -0.260000 -0.962195 0.081119  0.607440 0.912107 1 1 1.000000
0  -18.811718 -102.661697 13.377811  -0.259948 -0.960201 0.102178  0.607440 0.906247 1 1 1.000000
skin_0dam
0  -18.717318 -102.864693 11.645508  -0.260000 -0.962195 0.081119  0.607440 0.912107 1 1 1.000000
0  -22.974476 -101.556068 11.499778  -0.344873 -0.935129 0.081215  0.629902 0.912107 1 1 1.000000
0  -22.767954 -101.767319 9.319508  -0.339352 -0.940074 0.033180  0.629902 0.919919 1 1 1.000000
skin_0dam
0  -22.767954 -101.767319 9.319508  -0.339352 -0.940074 0.033180  0.629902 0.919919 1 1 1.000000
0  -18.575745 -103.037880 9.585299  -0.257821 -0.965309 0.041311  0.607440 0.919919 1 1 1.000000
0  -18.717318 -102.864693 11.645508  -0.260000 -0.962195 0.081119  0.607440 0.912107 1 1 1.000000
skin_0dam
0  -18.924135 -102.460602 13.674560  -0.174250 -0.494406 0.851586  0.607440 0.905271 1 1 1.000000
0  -23.172739 -101.068832 13.543390  -0.177153 -0.370890 0.911624  0.629902 0.904294 1 1 1.000000
0  -23.143732 -101.260345 13.461990  -0.301113 -0.760705 0.575030  0.629902 0.904294 1 1 1.000000
skin_0dam
0  -23.143732 -101.260345 13.461990  -0.301113 -0.760705 0.575030  0.629902 0.904294 1 1 1.000000
0  -18.868246 -102.623154 13.581167  -0.243635 -0.828511 0.504193  0.607440 0.905271 1 1 1.000000
0  -18.924135 -102.460602 13.674560  -0.174250 -0.494406 0.851586  0.607440 0.905271 1 1 1.000000
skin_0dam
0  -18.444458 -103.115082 7.607442  -0.260819 -0.965357 0.007717  0.607440 0.926756 1 1 1.000000
0  -22.605707 -101.842949 7.288472  -0.336840 -0.941556 -0.003286  0.629902 0.926756 1 1 1.000000
0  -22.573469 -101.841469 7.000910  -0.212189 -0.750231 -0.626202  0.628925 0.927732 1 1 1.000000
skin_0dam
0  -22.573469 -101.841469 7.000910  -0.212189 -0.750231 -0.626202  0.628925 0.927732 1 1 1.000000
0  -18.425940 -103.114304 7.318996  -0.169899 -0.764103 -0.622319  0.607440 0.927732 1 1 1.000000
0  -18.444458 -103.115082 7.607442  -0.260819 -0.965357 0.007717  0.607440 0.926756 1 1 1.000000
skin_0dam
0  -23.172739 -101.068832 13.543390  -0.177153 -0.370890 0.911624  0.629902 0.904294 1 1 1.000000
0  -27.892017 -98.943443 13.480503  -0.173284 -0.304354 0.936665  0.655293 0.903317 1 1 1.000000
0  -27.873877 -99.190636 13.398253  -0.389559 -0.699024 0.599675  0.655293 0.903317 1 1 1.000000
skin_0dam
0  -27.873877 -99.190636 13.398253  -0.389559 -0.699024 0.599675  0.655293 0.903317 1 1 1.000000
0  -23.143732 -101.260345 13.461990  -0.301113 -0.760705 0.575030  0.629902 0.904294 1 1 1.000000
0  -23.172739 -101.068832 13.543390  -0.177153 -0.370890 0.911624  0.629902 0.904294 1 1 1.000000
skin_0dam
0  -23.128363 -101.301025 13.255983  -0.350134 -0.930474 0.107814  0.629902 0.905271 1 1 1.000000
0  -27.830357 -99.243645 13.194024  -0.471162 -0.874381 0.116035  0.654317 0.904294 1 1 1.000000
0  -27.531757 -99.629150 11.226087  -0.465529 -0.881838 0.075130  0.654317 0.912107 1 1 1.000000
skin_0dam
0  -27.531757 -99.629150 11.226087  -0.465529 -0.881838 0.075130  0.654317 0.912107 1 1 1.000000
0  -22.974476 -101.556068 11.499778  -0.344873 -0.935129 0.081215  0.629902 0.912107 1 1 1.000000
0  -23.128363 -101.301025 13.255983  -0.350134 -0.930474 0.107814  0.629902 0.905271 1 1 1.000000
skin_0dam
0  -26.848389 -99.748421 6.497531  0.045270 -0.206424 -0.977415  0.652364 0.928709 1 1 1.000000
0  -27.665442 -95.656746 5.587070  0.122948 -0.213842 -0.969100  0.655293 0.931639 1 1 1.000000
0  -22.753277 -97.854477 6.144876  0.012744 -0.211103 -0.977381  0.629902 0.930662 1 1 1.000000
skin_0dam
0  -22.753277 -97.854477 6.144876  0.012744 -0.211103 -0.977381  0.629902 0.930662 1 1 1.000000
0  -22.586197 -101.511383 6.932012  0.012193 -0.209475 -0.977738  0.628925 0.928709 1 1 1.000000
0  -26.848389 -99.748421 6.497531  0.045270 -0.206424 -0.977415  0.652364 0.928709 1 1 1.000000
skin_0dam
0  -22.605707 -101.842949 7.288472  -0.336840 -0.941556 -0.003286  0.629902 0.926756 1 1 1.000000
0  -26.896049 -100.067650 6.852219  -0.445300 -0.895331 -0.009479  0.652364 0.927732 1 1 1.000000
0  -26.849382 -100.079201 6.565547  -0.274153 -0.731474 -0.624328  0.652364 0.928709 1 1 1.000000
skin_0dam
0  -26.849382 -100.079201 6.565547  -0.274153 -0.731474 -0.624328  0.652364 0.928709 1 1 1.000000
0  -22.573469 -101.841469 7.000910  -0.212189 -0.750231 -0.626202  0.628925 0.927732 1 1 1.000000
0  -22.605707 -101.842949 7.288472  -0.336840 -0.941556 -0.003286  0.629902 0.926756 1 1 1.000000
skin_0dam
0  -22.974476 -101.556068 11.499778  -0.344873 -0.935129 0.081215  0.629902 0.912107 1 1 1.000000
0  -27.531757 -99.629150 11.226087  -0.465529 -0.881838 0.075130  0.654317 0.912107 1 1 1.000000
0  -27.211048 -99.903374 9.039187  -0.455268 -0.890024 0.024277  0.653340 0.919919 1 1 1.000000
skin_0dam
0  -27.211048 -99.903374 9.039187  -0.455268 -0.890024 0.024277  0.653340 0.919919 1 1 1.000000
0  -22.767954 -101.767319 9.319508  -0.339352 -0.940074 0.033180  0.629902 0.919919 1 1 1.000000
0  -22.974476 -101.556068 11.499778  -0.344873 -0.935129 0.081215  0.629902 0.912107 1 1 1.000000
skin_0dam
0  -18.488850 -100.808754 18.023884  -0.569645 -0.794976 0.208612  0.603534 0.889645 1 1 1.000000
0  -18.307676 -100.854462 18.035393  -0.243166 -0.820010 0.518126  0.602557 0.889645 1 1 1.000000
0  -19.437782 -99.754776 19.041561  -0.263017 -0.780873 0.566621  0.607440 0.885739 1 1 1.000000
skin_0dam
0  -19.437782 -99.754776 19.041561  -0.263017 -0.780873 0.566621  0.607440 0.885739 1 1 1.000000
0  -19.743769 -99.577644 19.146511  -0.645264 -0.745149 0.168486  0.609394 0.884762 1 1 1.000000
0  -18.488850 -100.808754 18.023884  -0.569645 -0.794976 0.208612  0.603534 0.889645 1 1 1.000000
skin_0dam
0  -15.898277 -103.254288 13.866733  -0.269324 -0.920463 0.283217  0.591815 0.905271 1 1 1.000000
0  -16.387390 -103.183327 13.683800  -0.257921 -0.869506 0.421232  0.594745 0.905271 1 1 1.000000
0  -16.302719 -103.234207 13.482218  -0.205854 -0.970535 0.125245  0.593768 0.906247 1 1 1.000000
skin_0dam
0  -16.302719 -103.234207 13.482218  -0.205854 -0.970535 0.125245  0.593768 0.906247 1 1 1.000000
0  -15.749435 -103.301773 13.738240  -0.151462 -0.973490 0.171394  0.590838 0.905271 1 1 1.000000
0  -15.898277 -103.254288 13.866733  -0.269324 -0.920463 0.283217  0.591815 0.905271 1 1 1.000000
skin_0dam
0  -33.199657 -94.739655 13.799147  -0.614050 -0.565797 0.550288  0.819361 0.850581 1 1 1.000000
0  -34.692142 -92.335770 14.661389  -0.583847 -0.568591 0.579506  0.814478 0.841792 1 1 1.000000
0  -34.811268 -92.204247 14.474792  -0.844804 -0.513456 0.150567  0.815455 0.840815 1 1 1.000000
skin_0dam
0  -34.811268 -92.204247 14.474792  -0.844804 -0.513456 0.150567  0.815455 0.840815 1 1 1.000000
0  -33.141155 -94.833214 13.609563  -0.763100 -0.641129 0.081443  0.820338 0.850581 1 1 1.000000
0  -33.199657 -94.739655 13.799147  -0.614050 -0.565797 0.550288  0.819361 0.850581 1 1 1.000000
skin_0dam
0  -16.387390 -103.183327 13.683800  -0.257921 -0.869506 0.421232  0.594745 0.905271 1 1 1.000000
0  -18.868246 -102.623154 13.581167  -0.243635 -0.828511 0.504193  0.607440 0.905271 1 1 1.000000
0  -18.811718 -102.661697 13.377811  -0.259948 -0.960201 0.102178  0.607440 0.906247 1 1 1.000000
skin_0dam
0  -18.811718 -102.661697 13.377811  -0.259948 -0.960201 0.102178  0.607440 0.906247 1 1 1.000000
0  -16.302719 -103.234207 13.482218  -0.205854 -0.970535 0.125245  0.593768 0.906247 1 1 1.000000
0  -16.387390 -103.183327 13.683800  -0.257921 -0.869506 0.421232  0.594745 0.905271 1 1 1.000000
skin_0dam
0  -27.873877 -99.190636 13.398253  -0.389559 -0.699024 0.599675  0.655293 0.903317 1 1 1.000000
0  -30.737938 -97.299583 13.453864  -0.511674 -0.638911 0.574441  0.669942 0.903317 1 1 1.000000
0  -30.680700 -97.351883 13.250518  -0.624544 -0.776919 0.079640  0.669942 0.903317 1 1 1.000000
skin_0dam
0  -30.680700 -97.351883 13.250518  -0.624544 -0.776919 0.079640  0.669942 0.903317 1 1 1.000000
0  -27.830357 -99.243645 13.194024  -0.471162 -0.874381 0.116035  0.654317 0.904294 1 1 1.000000
0  -27.873877 -99.190636 13.398253  -0.389559 -0.699024 0.599675  0.655293 0.903317 1 1 1.000000
skin_0dam
0  -17.147301 -101.897659 16.727898  -0.209566 -0.881831 0.422441  0.596698 0.894528 1 1 1.000000
0  -17.314049 -101.864983 16.717278  -0.534179 -0.828957 0.165780  0.597674 0.894528 1 1 1.000000
0  -16.174416 -102.826813 15.022481  -0.514948 -0.846418 0.135665  0.592792 0.900388 1 1 1.000000
skin_0dam
0  -16.174416 -102.826813 15.022481  -0.514948 -0.846418 0.135665  0.592792 0.900388 1 1 1.000000
0  -15.995548 -102.845070 15.047709  -0.180492 -0.916613 0.356712  0.591815 0.900388 1 1 1.000000
0  -17.147301 -101.897659 16.727898  -0.209566 -0.881831 0.422441  0.596698 0.894528 1 1 1.000000
skin_0dam
0  -15.995548 -102.845070 15.047709  -0.180492 -0.916613 0.356712  0.591815 0.900388 1 1 1.000000
0  -16.174416 -102.826813 15.022481  -0.514948 -0.846418 0.135665  0.592792 0.900388 1 1 1.000000
0  -15.806452 -103.166519 14.300422  -0.388861 -0.882123 0.265794  0.590838 0.903317 1 1 1.000000
skin_0dam
0  -15.806452 -103.166519 14.300422  -0.388861 -0.882123 0.265794  0.590838 0.903317 1 1 1.000000
0  -15.626704 -103.184753 14.311914  -0.160268 -0.947762 0.275792  0.589862 0.903317 1 1 1.000000
0  -15.995548 -102.845070 15.047709  -0.180492 -0.916613 0.356712  0.591815 0.900388 1 1 1.000000
skin_0dam
0  -34.811268 -92.204247 14.474792  -0.844804 -0.513456 0.150567  0.815455 0.840815 1 1 1.000000
0  -34.692142 -92.335770 14.661389  -0.583847 -0.568591 0.579506  0.814478 0.841792 1 1 1.000000
0  -35.530621 -90.049072 16.185963  -0.505234 -0.613483 0.606941  0.805689 0.833003 1 1 1.000000
skin_0dam
0  -35.530621 -90.049072 16.185963  -0.505234 -0.613483 0.606941  0.805689 0.833003 1 1 1.000000
0  -35.689945 -89.809326 16.107414  -0.834751 -0.462937 0.298128  0.806665 0.832026 1 1 1.000000
0  -34.811268 -92.204247 14.474792  -0.844804 -0.513456 0.150567  0.815455 0.840815 1 1 1.000000
skin_0dam
0  -32.355740 -95.993279 10.926038  -0.718105 -0.693808 0.054371  0.678732 0.912107 1 1 1.000000
0  -30.106642 -97.985077 11.065139  -0.599265 -0.798756 0.053575  0.667013 0.912107 1 1 1.000000
0  -30.680700 -97.351883 13.250518  -0.624544 -0.776919 0.079640  0.669942 0.903317 1 1 1.000000
skin_0dam
0  -30.680700 -97.351883 13.250518  -0.624544 -0.776919 0.079640  0.669942 0.903317 1 1 1.000000
0  -33.141155 -94.833214 13.609563  -0.763100 -0.641129 0.081443  0.681661 0.902341 1 1 1.000000
0  -32.355740 -95.993279 10.926038  -0.718105 -0.693808 0.054371  0.678732 0.912107 1 1 1.000000
skin_0dam
0  -15.626704 -103.184753 14.311914  -0.160268 -0.947762 0.275792  0.589862 0.903317 1 1 1.000000
0  -15.806452 -103.166519 14.300422  -0.388861 -0.882123 0.265794  0.590838 0.903317 1 1 1.000000
0  -15.898277 -103.254288 13.866733  -0.269324 -0.920463 0.283217  0.591815 0.905271 1 1 1.000000
skin_0dam
0  -15.898277 -103.254288 13.866733  -0.269324 -0.920463 0.283217  0.591815 0.905271 1 1 1.000000
0  -15.749435 -103.301773 13.738240  -0.151462 -0.973490 0.171394  0.590838 0.905271 1 1 1.000000
0  -15.626704 -103.184753 14.311914  -0.160268 -0.947762 0.275792  0.589862 0.903317 1 1 1.000000
skin_0dam
0  -35.932079 -91.272636 10.750366  -0.827932 -0.553702 0.089122  0.834986 0.837886 1 1 1.000000
0  -34.248753 -93.707336 10.810583  -0.802479 -0.592250 0.072570  0.834986 0.846675 1 1 1.000000
0  -34.811268 -92.204247 14.474792  -0.844804 -0.513456 0.150567  0.815455 0.840815 1 1 1.000000
skin_0dam
0  -34.811268 -92.204247 14.474792  -0.844804 -0.513456 0.150567  0.815455 0.840815 1 1 1.000000
0  -36.365238 -89.915001 13.594958  -0.843827 -0.503439 0.185757  0.819361 0.833003 1 1 1.000000
0  -35.932079 -91.272636 10.750366  -0.827932 -0.553702 0.089122  0.834986 0.837886 1 1 1.000000
skin_0dam
0  -35.689945 -89.809326 16.107414  -0.834751 -0.462937 0.298128  0.806665 0.832026 1 1 1.000000
0  -35.530621 -90.049072 16.185963  -0.505234 -0.613483 0.606941  0.805689 0.833003 1 1 1.000000
0  -35.886356 -88.026588 17.933926  -0.512107 -0.588462 0.625667  0.796899 0.826167 1 1 1.000000
skin_0dam
0  -35.886356 -88.026588 17.933926  -0.512107 -0.588462 0.625667  0.796899 0.826167 1 1 1.000000
0  -36.062588 -87.760132 17.881947  -0.809422 -0.424657 0.405589  0.796899 0.825190 1 1 1.000000
0  -35.689945 -89.809326 16.107414  -0.834751 -0.462937 0.298128  0.806665 0.832026 1 1 1.000000
skin_0dam
0  -18.307676 -100.854462 18.035393  -0.243166 -0.820010 0.518126  0.602557 0.889645 1 1 1.000000
0  -18.488850 -100.808754 18.023884  -0.569645 -0.794976 0.208612  0.603534 0.889645 1 1 1.000000
0  -17.314049 -101.864983 16.717278  -0.534179 -0.828957 0.165780  0.597674 0.894528 1 1 1.000000
skin_0dam
0  -17.314049 -101.864983 16.717278  -0.534179 -0.828957 0.165780  0.597674 0.894528 1 1 1.000000
0  -17.147301 -101.897659 16.727898  -0.209566 -0.881831 0.422441  0.596698 0.894528 1 1 1.000000
0  -18.307676 -100.854462 18.035393  -0.243166 -0.820010 0.518126  0.602557 0.889645 1 1 1.000000
skin_0dam
0  -18.868246 -102.623154 13.581167  -0.243635 -0.828511 0.504193  0.607440 0.905271 1 1 1.000000
0  -23.143732 -101.260345 13.461990  -0.301113 -0.760705 0.575030  0.629902 0.904294 1 1 1.000000
0  -23.128363 -101.301025 13.255983  -0.350134 -0.930474 0.107814  0.629902 0.905271 1 1 1.000000
skin_0dam
0  -23.128363 -101.301025 13.255983  -0.350134 -0.930474 0.107814  0.629902 0.905271 1 1 1.000000
0  -18.811718 -102.661697 13.377811  -0.259948 -0.960201 0.102178  0.607440 0.906247 1 1 1.000000
0  -18.868246 -102.623154 13.581167  -0.243635 -0.828511 0.504193  0.607440 0.905271 1 1 1.000000
skin_0dam
0  -23.143732 -101.260345 13.461990  -0.301113 -0.760705 0.575030  0.629902 0.904294 1 1 1.000000
0  -27.873877 -99.190636 13.398253  -0.389559 -0.699024 0.599675  0.655293 0.903317 1 1 1.000000
0  -27.830357 -99.243645 13.194024  -0.471162 -0.874381 0.116035  0.654317 0.904294 1 1 1.000000
skin_0dam
0  -27.830357 -99.243645 13.194024  -0.471162 -0.874381 0.116035  0.654317 0.904294 1 1 1.000000
0  -23.128363 -101.301025 13.255983  -0.350134 -0.930474 0.107814  0.629902 0.905271 1 1 1.000000
0  -23.143732 -101.260345 13.461990  -0.301113 -0.760705 0.575030  0.629902 0.904294 1 1 1.000000
skin_0dam
0  -18.307676 -100.854462 18.035393  -0.243166 -0.820010 0.518126  0.602557 0.889645 1 1 1.000000
0  -14.559090 -101.775970 18.259842  -0.230099 -0.864021 0.447797  0.583026 0.889645 1 1 1.000000
0  -14.862001 -101.046715 19.373302  -0.263730 -0.836540 0.480258  0.584002 0.884762 1 1 1.000000
skin_0dam
0  -14.862001 -101.046715 19.373302  -0.263730 -0.836540 0.480258  0.584002 0.884762 1 1 1.000000
0  -19.437782 -99.754776 19.041561  -0.263017 -0.780873 0.566621  0.607440 0.885739 1 1 1.000000
0  -18.307676 -100.854462 18.035393  -0.243166 -0.820010 0.518126  0.602557 0.889645 1 1 1.000000
skin_0dam
0  -15.887859 -103.364479 13.149910  -0.186696 -0.974762 0.122405  0.591815 0.907224 1 1 1.000000
0  -11.904885 -103.998177 13.362588  -0.147238 -0.974871 0.167177  0.570330 0.907224 1 1 1.000000
0  -11.503362 -103.935585 13.940227  -0.146661 -0.973250 0.176845  0.568377 0.905271 1 1 1.000000
skin_0dam
0  -11.503362 -103.935585 13.940227  -0.146661 -0.973250 0.176845  0.568377 0.905271 1 1 1.000000
0  -15.749435 -103.301773 13.738240  -0.151462 -0.973490 0.171394  0.590838 0.905271 1 1 1.000000
0  -15.887859 -103.364479 13.149910  -0.186696 -0.974762 0.122405  0.591815 0.907224 1 1 1.000000
skin_0dam
0  -4.128231 -104.696594 13.694552  -0.064775 -0.798252 0.598831  0.529313 0.908200 1 1 1.000000
0  -6.945020 -104.553566 13.569240  -0.075195 -0.808267 0.583995  0.543962 0.908200 1 1 1.000000
0  -6.933009 -104.580620 13.404431  -0.085808 -0.987353 0.133309  0.543962 0.908200 1 1 1.000000
skin_0dam
0  -6.933009 -104.580620 13.404431  -0.085808 -0.987353 0.133309  0.543962 0.908200 1 1 1.000000
0  -4.116220 -104.723640 13.529745  -0.041533 -0.989083 0.141382  0.529313 0.909177 1 1 1.000000
0  -4.128231 -104.696594 13.694552  -0.064775 -0.798252 0.598831  0.529313 0.908200 1 1 1.000000
skin_0dam
0  -9.648746 -104.211548 13.672390  -0.036979 -0.809203 0.586364  0.558611 0.907224 1 1 1.000000
0  -11.390491 -103.929611 14.112992  0.038831 -0.829003 0.557895  0.567400 0.905271 1 1 1.000000
0  -11.503362 -103.935585 13.940227  -0.146661 -0.973250 0.176845  0.568377 0.905271 1 1 1.000000
skin_0dam
0  -11.503362 -103.935585 13.940227  -0.146661 -0.973250 0.176845  0.568377 0.905271 1 1 1.000000
0  -9.663286 -104.239990 13.492081  -0.117457 -0.979395 0.164283  0.558611 0.907224 1 1 1.000000
0  -9.648746 -104.211548 13.672390  -0.036979 -0.809203 0.586364  0.558611 0.907224 1 1 1.000000
skin_0dam
0  -9.849792 -104.457367 12.058928  -0.111333 -0.986916 0.116623  0.560564 0.913083 1 1 1.000000
0  -5.511953 -104.824493 12.336479  -0.062391 -0.992240 0.107550  0.537126 0.913083 1 1 1.000000
0  -6.933009 -104.580620 13.404431  -0.085808 -0.987353 0.133309  0.543962 0.908200 1 1 1.000000
skin_0dam
0  -6.933009 -104.580620 13.404431  -0.085808 -0.987353 0.133309  0.543962 0.908200 1 1 1.000000
0  -9.663286 -104.239990 13.492081  -0.117457 -0.979395 0.164283  0.558611 0.907224 1 1 1.000000
0  -9.849792 -104.457367 12.058928  -0.111333 -0.986916 0.116623  0.560564 0.913083 1 1 1.000000
skin_0dam
0  -14.048430 -102.508385 16.925247  -0.196364 -0.904195 0.379306  0.580096 0.894528 1 1 1.000000
0  -17.147301 -101.897659 16.727898  -0.209566 -0.881831 0.422441  0.596698 0.894528 1 1 1.000000
0  -15.995548 -102.845070 15.047709  -0.180492 -0.916613 0.356712  0.591815 0.900388 1 1 1.000000
skin_0dam
0  -15.995548 -102.845070 15.047709  -0.180492 -0.916613 0.356712  0.591815 0.900388 1 1 1.000000
0  -13.081426 -103.341354 15.233502  -0.167701 -0.933587 0.316690  0.576189 0.900388 1 1 1.000000
0  -14.048430 -102.508385 16.925247  -0.196364 -0.904195 0.379306  0.580096 0.894528 1 1 1.000000
skin_0dam
0  -13.081426 -103.341354 15.233502  -0.167701 -0.933587 0.316690  0.576189 0.900388 1 1 1.000000
0  -15.995548 -102.845070 15.047709  -0.180492 -0.916613 0.356712  0.591815 0.900388 1 1 1.000000
0  -15.626704 -103.184753 14.311914  -0.160268 -0.947762 0.275792  0.589862 0.903317 1 1 1.000000
skin_0dam
0  -15.626704 -103.184753 14.311914  -0.160268 -0.947762 0.275792  0.589862 0.903317 1 1 1.000000
0  -12.367178 -103.676880 14.492311  -0.161531 -0.957185 0.240216  0.572283 0.903317 1 1 1.000000
0  -13.081426 -103.341354 15.233502  -0.167701 -0.933587 0.316690  0.576189 0.900388 1 1 1.000000
skin_0dam
0  -12.367178 -103.676880 14.492311  -0.161531 -0.957185 0.240216  0.572283 0.903317 1 1 1.000000
0  -15.626704 -103.184753 14.311914  -0.160268 -0.947762 0.275792  0.589862 0.903317 1 1 1.000000
0  -15.749435 -103.301773 13.738240  -0.151462 -0.973490 0.171394  0.590838 0.905271 1 1 1.000000
skin_0dam
0  -15.749435 -103.301773 13.738240  -0.151462 -0.973490 0.171394  0.590838 0.905271 1 1 1.000000
0  -11.503362 -103.935585 13.940227  -0.146661 -0.973250 0.176845  0.568377 0.905271 1 1 1.000000
0  -12.367178 -103.676880 14.492311  -0.161531 -0.957185 0.240216  0.572283 0.903317 1 1 1.000000
skin_0dam
0  -14.559090 -101.775970 18.259842  -0.230099 -0.864021 0.447797  0.583026 0.889645 1 1 1.000000
0  -18.307676 -100.854462 18.035393  -0.243166 -0.820010 0.518126  0.602557 0.889645 1 1 1.000000
0  -17.147301 -101.897659 16.727898  -0.209566 -0.881831 0.422441  0.596698 0.894528 1 1 1.000000
skin_0dam
0  -17.147301 -101.897659 16.727898  -0.209566 -0.881831 0.422441  0.596698 0.894528 1 1 1.000000
0  -14.048430 -102.508385 16.925247  -0.196364 -0.904195 0.379306  0.580096 0.894528 1 1 1.000000
0  -14.559090 -101.775970 18.259842  -0.230099 -0.864021 0.447797  0.583026 0.889645 1 1 1.000000
skin_0dam
0  -0.165985 -101.880951 21.100861  0.025253 -0.853550 0.520398  0.504898 0.882809 1 1 1.000000
0  -0.409086 -101.838379 21.195702  -0.490691 -0.758784 0.428333  0.505875 0.881832 1 1 1.000000
0  0.064681 -102.310440 20.438705  -0.533593 -0.809132 0.246137  0.503922 0.884762 1 1 1.000000
skin_0dam
0  0.064681 -102.310440 20.438705  -0.533593 -0.809132 0.246137  0.503922 0.884762 1 1 1.000000
0  0.243002 -102.301170 20.450180  0.013001 -0.866908 0.498299  0.502945 0.884762 1 1 1.000000
0  -0.165985 -101.880951 21.100861  0.025253 -0.853550 0.520398  0.504898 0.882809 1 1 1.000000
skin_0dam
0  0.809403 -104.259529 15.805757  0.030690 -0.952773 0.302130  0.501968 0.901364 1 1 1.000000
0  0.603648 -104.270218 15.792518  -0.428157 -0.824310 0.370397  0.502945 0.901364 1 1 1.000000
0  0.210809 -104.553139 14.828663  -0.257140 -0.856159 0.448186  0.504898 0.905271 1 1 1.000000
skin_0dam
0  0.210809 -104.553139 14.828663  -0.257140 -0.856159 0.448186  0.504898 0.905271 1 1 1.000000
0  0.405493 -104.543045 14.799814  0.040557 -0.974047 0.222682  0.503922 0.905271 1 1 1.000000
0  0.809403 -104.259529 15.805757  0.030690 -0.952773 0.302130  0.501968 0.901364 1 1 1.000000
skin_0dam
0  0.800126 -103.611053 17.572296  0.025085 -0.931503 0.362867  0.500992 0.895505 1 1 1.000000
0  0.608088 -103.621040 17.559940  -0.554872 -0.783413 0.279966  0.501968 0.895505 1 1 1.000000
0  0.603648 -104.270218 15.792518  -0.428157 -0.824310 0.370397  0.502945 0.901364 1 1 1.000000
skin_0dam
0  0.603648 -104.270218 15.792518  -0.428157 -0.824310 0.370397  0.502945 0.901364 1 1 1.000000
0  0.809403 -104.259529 15.805757  0.030690 -0.952773 0.302130  0.501968 0.901364 1 1 1.000000
0  0.800126 -103.611053 17.572296  0.025085 -0.931503 0.362867  0.500992 0.895505 1 1 1.000000
skin_0dam
0  0.597440 -102.972763 19.133297  0.020072 -0.906971 0.420714  0.500992 0.889645 1 1 1.000000
0  0.405403 -102.982742 19.120941  -0.569328 -0.781790 0.254302  0.501968 0.889645 1 1 1.000000
0  0.608088 -103.621040 17.559940  -0.554872 -0.783413 0.279966  0.501968 0.895505 1 1 1.000000
skin_0dam
0  0.608088 -103.621040 17.559940  -0.554872 -0.783413 0.279966  0.501968 0.895505 1 1 1.000000
0  0.800126 -103.611053 17.572296  0.025085 -0.931503 0.362867  0.500992 0.895505 1 1 1.000000
0  0.597440 -102.972763 19.133297  0.020072 -0.906971 0.420714  0.500992 0.889645 1 1 1.000000
skin_0dam
0  0.243002 -102.301170 20.450180  0.013001 -0.866908 0.498299  0.502945 0.884762 1 1 1.000000
0  0.064681 -102.310440 20.438705  -0.533593 -0.809132 0.246137  0.503922 0.884762 1 1 1.000000
0  0.405403 -102.982742 19.120941  -0.569328 -0.781790 0.254302  0.501968 0.889645 1 1 1.000000
skin_0dam
0  0.405403 -102.982742 19.120941  -0.569328 -0.781790 0.254302  0.501968 0.889645 1 1 1.000000
0  0.597440 -102.972763 19.133297  0.020072 -0.906971 0.420714  0.500992 0.889645 1 1 1.000000
0  0.243002 -102.301170 20.450180  0.013001 -0.866908 0.498299  0.502945 0.884762 1 1 1.000000
skin_0dam
0  0.405493 -104.543045 14.799814  0.040557 -0.974047 0.222682  0.503922 0.905271 1 1 1.000000
0  0.210809 -104.553139 14.828663  -0.257140 -0.856159 0.448186  0.504898 0.905271 1 1 1.000000
0  -0.689381 -104.710617 14.135999  -0.107499 -0.902451 0.417165  0.510758 0.907224 1 1 1.000000
skin_0dam
0  -0.689381 -104.710617 14.135999  -0.107499 -0.902451 0.417165  0.510758 0.907224 1 1 1.000000
0  -0.635506 -104.749275 13.973849  0.018196 -0.985652 0.167809  0.509781 0.908200 1 1 1.000000
0  0.405493 -104.543045 14.799814  0.040557 -0.974047 0.222682  0.503922 0.905271 1 1 1.000000
skin_0dam
0  -25.625914 -98.106201 -2.881071  0.263646 -0.539815 -0.799432  0.648457 0.962889 1 1 1.000000
0  -26.057753 -98.059570 -2.646622  -0.419777 -0.836553 -0.352088  0.650410 0.961913 1 1 1.000000
0  -28.663574 -96.665161 -2.768846  -0.478059 -0.831086 -0.284176  0.664083 0.961913 1 1 1.000000
skin_0dam
0  -28.663574 -96.665161 -2.768846  -0.478059 -0.831086 -0.284176  0.664083 0.961913 1 1 1.000000
0  -28.636505 -96.581245 -3.042729  -0.282451 -0.559383 -0.779303  0.664083 0.962889 1 1 1.000000
0  -25.625914 -98.106201 -2.881071  0.263646 -0.539815 -0.799432  0.648457 0.962889 1 1 1.000000
skin_0dam
0  -22.830208 -100.370308 1.002515  -0.194529 -0.349889 0.916371  0.632832 0.949217 1 1 1.000000
0  -25.327164 -99.218323 0.886635  -0.217040 -0.344385 0.913396  0.645528 0.949217 1 1 1.000000
0  -25.356071 -99.550705 0.745971  -0.371592 -0.672005 0.640569  0.645528 0.950194 1 1 1.000000
skin_0dam
0  -25.356071 -99.550705 0.745971  -0.371592 -0.672005 0.640569  0.645528 0.950194 1 1 1.000000
0  -22.802113 -100.741066 0.865409  -0.340967 -0.748075 0.569320  0.632832 0.950194 1 1 1.000000
0  -22.830208 -100.370308 1.002515  -0.194529 -0.349889 0.916371  0.632832 0.949217 1 1 1.000000
skin_0dam
0  -23.896490 -99.613350 -0.208688  -0.126405 -0.661197 -0.739486  0.638691 0.954100 1 1 1.000000
0  -23.776608 -99.248924 -0.434487  0.185089 -0.388774 -0.902550  0.637715 0.955077 1 1 1.000000
0  -22.683666 -99.908646 -0.145394  -0.062408 -0.398735 -0.914940  0.631855 0.954100 1 1 1.000000
skin_0dam
0  -22.683666 -99.908646 -0.145394  -0.062408 -0.398735 -0.914940  0.631855 0.954100 1 1 1.000000
0  -22.706226 -100.378220 0.155335  -0.188428 -0.617745 -0.763470  0.631855 0.953124 1 1 1.000000
0  -23.896490 -99.613350 -0.208688  -0.126405 -0.661197 -0.739486  0.638691 0.954100 1 1 1.000000
skin_0dam
0  -29.863403 -97.783127 5.619566  0.407080 -0.213263 -0.888147  0.667989 0.931639 1 1 1.000000
0  -29.657339 -94.561554 4.965569  0.473870 -0.214005 -0.854195  0.666036 0.933592 1 1 1.000000
0  -27.665442 -95.656746 5.587070  0.122948 -0.213842 -0.969100  0.655293 0.931639 1 1 1.000000
skin_0dam
0  -27.665442 -95.656746 5.587070  0.122948 -0.213842 -0.969100  0.655293 0.931639 1 1 1.000000
0  -28.563108 -98.735130 6.141872  0.158007 -0.208368 -0.965203  0.661153 0.929685 1 1 1.000000
0  -29.863403 -97.783127 5.619566  0.407080 -0.213263 -0.888147  0.667989 0.931639 1 1 1.000000
skin_0dam
0  -18.562263 -100.702324 18.005661  -0.810463 -0.494920 -0.313375  0.603534 0.889645 1 1 1.000000
0  -18.810551 -100.039963 17.894939  -0.819823 -0.374772 -0.432940  0.604511 0.889645 1 1 1.000000
0  -18.058212 -100.360123 16.549377  -0.835765 -0.470317 -0.283372  0.601581 0.894528 1 1 1.000000
skin_0dam
0  -18.058212 -100.360123 16.549377  -0.835765 -0.470317 -0.283372  0.601581 0.894528 1 1 1.000000
0  -17.415442 -101.732452 16.683537  -0.808733 -0.520966 -0.273028  0.598651 0.894528 1 1 1.000000
0  -18.562263 -100.702324 18.005661  -0.810463 -0.494920 -0.313375  0.603534 0.889645 1 1 1.000000
skin_0dam
0  -30.643076 -93.517570 14.504458  -0.146545 -0.265783 0.952829  0.667989 0.899411 1 1 1.000000
0  -32.744770 -91.876236 14.718694  0.012076 -0.330285 0.943804  0.678732 0.898434 1 1 1.000000
0  -33.161495 -94.517090 13.884943  -0.074035 -0.311970 0.947203  0.681661 0.900388 1 1 1.000000
skin_0dam
0  -33.161495 -94.517090 13.884943  -0.074035 -0.311970 0.947203  0.681661 0.900388 1 1 1.000000
0  -30.728645 -97.050964 13.537877  -0.168617 -0.280191 0.945019  0.669942 0.902341 1 1 1.000000
0  -30.643076 -93.517570 14.504458  -0.146545 -0.265783 0.952829  0.667989 0.899411 1 1 1.000000
skin_0dam
0  -34.070515 -90.607750 15.409319  0.229000 -0.460603 0.857557  0.810572 0.835932 1 1 1.000000
0  -34.885464 -89.519211 16.463276  0.240815 -0.604172 0.759595  0.804712 0.831050 1 1 1.000000
0  -35.373112 -89.971939 16.251453  0.125681 -0.601562 0.788877  0.805689 0.833003 1 1 1.000000
skin_0dam
0  -35.373112 -89.971939 16.251453  0.125681 -0.601562 0.788877  0.805689 0.833003 1 1 1.000000
0  -34.600170 -92.124168 14.778197  0.096652 -0.440006 0.892778  0.813501 0.840815 1 1 1.000000
0  -34.070515 -90.607750 15.409319  0.229000 -0.460603 0.857557  0.810572 0.835932 1 1 1.000000
skin_0dam
0  -15.948721 -102.980881 14.429701  -0.761342 -0.645998 0.055185  0.591815 0.902341 1 1 1.000000
0  -18.037758 -100.345497 16.219715  -0.754446 -0.649762 0.092848  0.601581 0.895505 1 1 1.000000
0  -18.251308 -100.232689 16.013218  -0.591013 -0.719921 0.363892  0.602557 0.896481 1 1 1.000000
skin_0dam
0  -18.251308 -100.232689 16.013218  -0.591013 -0.719921 0.363892  0.602557 0.896481 1 1 1.000000
0  -16.009211 -103.108368 13.970334  -0.514939 -0.725066 0.457294  0.591815 0.904294 1 1 1.000000
0  -15.948721 -102.980881 14.429701  -0.761342 -0.645998 0.055185  0.591815 0.902341 1 1 1.000000
skin_0dam
0  -28.085711 -95.217751 14.553795  -0.180495 -0.271593 0.945335  0.654317 0.899411 1 1 1.000000
0  -30.643076 -93.517570 14.504458  -0.146545 -0.265783 0.952829  0.667989 0.899411 1 1 1.000000
0  -30.728645 -97.050964 13.537877  -0.168617 -0.280191 0.945019  0.669942 0.902341 1 1 1.000000
skin_0dam
0  -30.728645 -97.050964 13.537877  -0.168617 -0.280191 0.945019  0.669942 0.902341 1 1 1.000000
0  -27.892017 -98.943443 13.480503  -0.173284 -0.304354 0.936665  0.655293 0.903317 1 1 1.000000
0  -28.085711 -95.217751 14.553795  -0.180495 -0.271593 0.945335  0.654317 0.899411 1 1 1.000000
skin_0dam
0  -32.744770 -91.876236 14.718694  0.012076 -0.330285 0.943804  0.814478 0.839839 1 1 1.000000
0  -34.070515 -90.607750 15.409319  0.229000 -0.460603 0.857557  0.810572 0.835932 1 1 1.000000
0  -34.600170 -92.124168 14.778197  0.096652 -0.440006 0.892778  0.813501 0.840815 1 1 1.000000
skin_0dam
0  -34.600170 -92.124168 14.778197  0.096652 -0.440006 0.892778  0.813501 0.840815 1 1 1.000000
0  -33.161495 -94.517090 13.884943  -0.074035 -0.311970 0.947203  0.819361 0.849605 1 1 1.000000
0  -32.744770 -91.876236 14.718694  0.012076 -0.330285 0.943804  0.814478 0.839839 1 1 1.000000
skin_0dam
0  -16.296415 -102.681511 15.083997  -0.805092 -0.559205 -0.197779  0.592792 0.900388 1 1 1.000000
0  -16.174416 -102.826813 15.022481  -0.514948 -0.846418 0.135665  0.592792 0.900388 1 1 1.000000
0  -17.314049 -101.864983 16.717278  -0.534179 -0.828957 0.165780  0.597674 0.894528 1 1 1.000000
skin_0dam
0  -17.314049 -101.864983 16.717278  -0.534179 -0.828957 0.165780  0.597674 0.894528 1 1 1.000000
0  -17.415442 -101.732452 16.683537  -0.808733 -0.520966 -0.273028  0.598651 0.894528 1 1 1.000000
0  -16.296415 -102.681511 15.083997  -0.805092 -0.559205 -0.197779  0.592792 0.900388 1 1 1.000000
skin_0dam
0  -16.009211 -103.108368 13.970334  -0.514939 -0.725066 0.457294  0.591815 0.904294 1 1 1.000000
0  -18.251308 -100.232689 16.013218  -0.591013 -0.719921 0.363892  0.602557 0.896481 1 1 1.000000
0  -18.982086 -99.857399 15.691448  -0.543310 -0.707301 0.452260  0.606464 0.897458 1 1 1.000000
skin_0dam
0  -18.982086 -99.857399 15.691448  -0.543310 -0.707301 0.452260  0.606464 0.897458 1 1 1.000000
0  -16.497437 -103.037384 13.773667  -0.271464 -0.633207 0.724814  0.594745 0.905271 1 1 1.000000
0  -16.009211 -103.108368 13.970334  -0.514939 -0.725066 0.457294  0.591815 0.904294 1 1 1.000000
skin_0dam
0  -34.885464 -89.519211 16.463276  0.240815 -0.604172 0.759595  0.804712 0.831050 1 1 1.000000
0  -35.549297 -87.912582 17.969662  0.370972 -0.536100 0.758272  0.796899 0.825190 1 1 1.000000
0  -35.706600 -88.044807 17.945419  0.124339 -0.614799 0.778821  0.796899 0.826167 1 1 1.000000
skin_0dam
0  -35.706600 -88.044807 17.945419  0.124339 -0.614799 0.778821  0.796899 0.826167 1 1 1.000000
0  -35.373112 -89.971939 16.251453  0.125681 -0.601562 0.788877  0.805689 0.833003 1 1 1.000000
0  -34.885464 -89.519211 16.463276  0.240815 -0.604172 0.759595  0.804712 0.831050 1 1 1.000000
skin_0dam
0  -35.912281 -85.407990 19.870155  -0.135660 -0.203445 0.969643  0.786157 0.816401 1 1 1.000000
0  -35.706600 -88.044807 17.945419  0.124339 -0.614799 0.778821  0.796899 0.826167 1 1 1.000000
0  -35.549297 -87.912582 17.969662  0.370972 -0.536100 0.758272  0.796899 0.825190 1 1 1.000000
skin_0dam
0  -18.924135 -102.460602 13.674560  -0.174250 -0.494406 0.851586  0.607440 0.905271 1 1 1.000000
0  -20.413462 -99.063782 15.187886  -0.431233 -0.555745 0.710764  0.614277 0.899411 1 1 1.000000
0  -21.376480 -98.590225 14.961806  -0.259239 -0.406777 0.875972  0.619160 0.899411 1 1 1.000000
skin_0dam
0  -21.376480 -98.590225 14.961806  -0.259239 -0.406777 0.875972  0.619160 0.899411 1 1 1.000000
0  -23.172739 -101.068832 13.543390  -0.177153 -0.370890 0.911624  0.629902 0.904294 1 1 1.000000
0  -18.924135 -102.460602 13.674560  -0.174250 -0.494406 0.851586  0.607440 0.905271 1 1 1.000000
skin_0dam
0  -25.037571 -96.851074 14.648616  -0.183292 -0.309299 0.933133  0.638691 0.900388 1 1 1.000000
0  -28.085711 -95.217751 14.553795  -0.180495 -0.271593 0.945335  0.654317 0.899411 1 1 1.000000
0  -27.892017 -98.943443 13.480503  -0.173284 -0.304354 0.936665  0.655293 0.903317 1 1 1.000000
skin_0dam
0  -27.892017 -98.943443 13.480503  -0.173284 -0.304354 0.936665  0.655293 0.903317 1 1 1.000000
0  -23.172739 -101.068832 13.543390  -0.177153 -0.370890 0.911624  0.629902 0.904294 1 1 1.000000
0  -25.037571 -96.851074 14.648616  -0.183292 -0.309299 0.933133  0.638691 0.900388 1 1 1.000000
skin_0dam
0  -17.415442 -101.732452 16.683537  -0.808733 -0.520966 -0.273028  0.598651 0.894528 1 1 1.000000
0  -17.314049 -101.864983 16.717278  -0.534179 -0.828957 0.165780  0.597674 0.894528 1 1 1.000000
0  -18.488850 -100.808754 18.023884  -0.569645 -0.794976 0.208612  0.603534 0.889645 1 1 1.000000
skin_0dam
0  -18.488850 -100.808754 18.023884  -0.569645 -0.794976 0.208612  0.603534 0.889645 1 1 1.000000
0  -18.562263 -100.702324 18.005661  -0.810463 -0.494920 -0.313375  0.603534 0.889645 1 1 1.000000
0  -17.415442 -101.732452 16.683537  -0.808733 -0.520966 -0.273028  0.598651 0.894528 1 1 1.000000
skin_0dam
0  -16.174416 -102.826813 15.022481  -0.514948 -0.846418 0.135665  0.592792 0.900388 1 1 1.000000
0  -16.296415 -102.681511 15.083997  -0.805092 -0.559205 -0.197779  0.592792 0.900388 1 1 1.000000
0  -15.948721 -102.980881 14.429701  -0.761342 -0.645998 0.055185  0.591815 0.902341 1 1 1.000000
skin_0dam
0  -15.948721 -102.980881 14.429701  -0.761342 -0.645998 0.055185  0.591815 0.902341 1 1 1.000000
0  -15.806452 -103.166519 14.300422  -0.388861 -0.882123 0.265794  0.590838 0.903317 1 1 1.000000
0  -16.174416 -102.826813 15.022481  -0.514948 -0.846418 0.135665  0.592792 0.900388 1 1 1.000000
skin_0dam
0  -18.037758 -100.345497 16.219715  -0.754446 -0.649762 0.092848  0.601581 0.895505 1 1 1.000000
0  -15.948721 -102.980881 14.429701  -0.761342 -0.645998 0.055185  0.591815 0.902341 1 1 1.000000
0  -16.296415 -102.681511 15.083997  -0.805092 -0.559205 -0.197779  0.592792 0.900388 1 1 1.000000
skin_0dam
0  -16.296415 -102.681511 15.083997  -0.805092 -0.559205 -0.197779  0.592792 0.900388 1 1 1.000000
0  -18.058212 -100.360123 16.549377  -0.835765 -0.470317 -0.283372  0.601581 0.894528 1 1 1.000000
0  -18.037758 -100.345497 16.219715  -0.754446 -0.649762 0.092848  0.601581 0.895505 1 1 1.000000
skin_0dam
0  -16.497437 -103.037384 13.773667  -0.271464 -0.633207 0.724814  0.594745 0.905271 1 1 1.000000
0  -18.982086 -99.857399 15.691448  -0.543310 -0.707301 0.452260  0.606464 0.897458 1 1 1.000000
0  -20.413462 -99.063782 15.187886  -0.431233 -0.555745 0.710764  0.614277 0.899411 1 1 1.000000
skin_0dam
0  -20.413462 -99.063782 15.187886  -0.431233 -0.555745 0.710764  0.614277 0.899411 1 1 1.000000
0  -18.924135 -102.460602 13.674560  -0.174250 -0.494406 0.851586  0.607440 0.905271 1 1 1.000000
0  -16.497437 -103.037384 13.773667  -0.271464 -0.633207 0.724814  0.594745 0.905271 1 1 1.000000
skin_0dam
0  -7.074587 -102.961044 14.296157  -0.039072 -0.417369 0.907897  0.543962 0.905271 1 1 1.000000
0  -9.548718 -102.717407 14.344826  0.069417 -0.407393 0.910611  0.557634 0.904294 1 1 1.000000
0  -9.634289 -104.045364 13.742723  0.069837 -0.414200 0.907503  0.558611 0.906247 1 1 1.000000
skin_0dam
0  -9.634289 -104.045364 13.742723  0.069837 -0.414200 0.907503  0.558611 0.906247 1 1 1.000000
0  -6.959596 -104.375084 13.651533  -0.040996 -0.418574 0.907257  0.543962 0.907224 1 1 1.000000
0  -7.074587 -102.961044 14.296157  -0.039072 -0.417369 0.907897  0.543962 0.905271 1 1 1.000000
skin_0dam
0  -9.548718 -102.717407 14.344826  0.069417 -0.407393 0.910611  0.557634 0.904294 1 1 1.000000
0  -11.112926 -102.522789 14.672467  0.256784 -0.388117 0.885114  0.565447 0.903317 1 1 1.000000
0  -11.348600 -103.761993 14.185096  0.261645 -0.411553 0.873021  0.567400 0.904294 1 1 1.000000
skin_0dam
0  -11.348600 -103.761993 14.185096  0.261645 -0.411553 0.873021  0.567400 0.904294 1 1 1.000000
0  -9.634289 -104.045364 13.742723  0.069837 -0.414200 0.907503  0.558611 0.906247 1 1 1.000000
0  -9.548718 -102.717407 14.344826  0.069417 -0.407393 0.910611  0.557634 0.904294 1 1 1.000000
skin_0dam
0  -4.255487 -103.131531 14.407752  -0.068880 -0.417994 0.905835  0.529313 0.905271 1 1 1.000000
0  -7.074587 -102.961044 14.296157  -0.039072 -0.417369 0.907897  0.543962 0.905271 1 1 1.000000
0  -6.959596 -104.375084 13.651533  -0.040996 -0.418574 0.907257  0.543962 0.907224 1 1 1.000000
skin_0dam
0  -6.959596 -104.375084 13.651533  -0.040996 -0.418574 0.907257  0.543962 0.907224 1 1 1.000000
0  -4.142091 -104.531868 13.776856  -0.070149 -0.418639 0.905439  0.529313 0.908200 1 1 1.000000
0  -4.255487 -103.131531 14.407752  -0.068880 -0.417994 0.905835  0.529313 0.905271 1 1 1.000000
skin_0dam
0  0.358498 -102.806053 19.063232  -0.949426 -0.311524 -0.039289  0.502945 0.889645 1 1 1.000000
0  0.220849 -102.386047 18.931385  -0.948470 -0.314375 -0.039658  0.502945 0.890622 1 1 1.000000
0  0.332395 -102.780884 17.516891  -0.948531 -0.304313 0.087655  0.502945 0.895505 1 1 1.000000
skin_0dam
0  0.332395 -102.780884 17.516891  -0.948531 -0.304313 0.087655  0.502945 0.895505 1 1 1.000000
0  0.558537 -103.444450 17.543438  -0.946319 -0.313102 0.080299  0.501968 0.895505 1 1 1.000000
0  0.358498 -102.806053 19.063232  -0.949426 -0.311524 -0.039289  0.502945 0.889645 1 1 1.000000
skin_0dam
0  -2.366264 -103.226273 14.528806  -0.142922 -0.414299 0.898849  0.518571 0.905271 1 1 1.000000
0  -4.255487 -103.131531 14.407752  -0.068880 -0.417994 0.905835  0.529313 0.905271 1 1 1.000000
0  -4.142091 -104.531868 13.776856  -0.070149 -0.418639 0.905439  0.529313 0.908200 1 1 1.000000
skin_0dam
0  -4.142091 -104.531868 13.776856  -0.070149 -0.418639 0.905439  0.529313 0.908200 1 1 1.000000
0  -2.079334 -104.576210 13.950564  -0.144268 -0.500232 0.853788  0.517594 0.908200 1 1 1.000000
0  -2.366264 -103.226273 14.528806  -0.142922 -0.414299 0.898849  0.518571 0.905271 1 1 1.000000
skin_0dam
0  -0.790667 -104.536613 14.281674  -0.286978 -0.574334 0.766671  0.510758 0.907224 1 1 1.000000
0  -0.689381 -104.710617 14.135999  -0.107499 -0.902451 0.417165  0.510758 0.907224 1 1 1.000000
0  0.210809 -104.553139 14.828663  -0.257140 -0.856159 0.448186  0.504898 0.905271 1 1 1.000000
skin_0dam
0  0.210809 -104.553139 14.828663  -0.257140 -0.856159 0.448186  0.504898 0.905271 1 1 1.000000
0  0.128700 -104.364418 14.879065  -0.614448 -0.457562 0.642721  0.505875 0.905271 1 1 1.000000
0  -0.790667 -104.536613 14.281674  -0.286978 -0.574334 0.766671  0.510758 0.907224 1 1 1.000000
skin_0dam
0  0.523303 -104.081421 15.815444  -0.855074 -0.409618 0.317901  0.502945 0.901364 1 1 1.000000
0  0.603648 -104.270218 15.792518  -0.428157 -0.824310 0.370397  0.502945 0.901364 1 1 1.000000
0  0.608088 -103.621040 17.559940  -0.554872 -0.783413 0.279966  0.501968 0.895505 1 1 1.000000
skin_0dam
0  0.608088 -103.621040 17.559940  -0.554872 -0.783413 0.279966  0.501968 0.895505 1 1 1.000000
0  0.558537 -103.444450 17.543438  -0.946319 -0.313102 0.080299  0.501968 0.895505 1 1 1.000000
0  0.523303 -104.081421 15.815444  -0.855074 -0.409618 0.317901  0.502945 0.901364 1 1 1.000000
skin_0dam
0  0.358498 -102.806053 19.063232  -0.949426 -0.311524 -0.039289  0.502945 0.889645 1 1 1.000000
0  0.405403 -102.982742 19.120941  -0.569328 -0.781790 0.254302  0.501968 0.889645 1 1 1.000000
0  0.064681 -102.310440 20.438705  -0.533593 -0.809132 0.246137  0.503922 0.884762 1 1 1.000000
skin_0dam
0  0.064681 -102.310440 20.438705  -0.533593 -0.809132 0.246137  0.503922 0.884762 1 1 1.000000
0  0.019918 -102.174980 20.381023  -0.898047 -0.401089 -0.180661  0.503922 0.884762 1 1 1.000000
0  0.358498 -102.806053 19.063232  -0.949426 -0.311524 -0.039289  0.502945 0.889645 1 1 1.000000
skin_0dam
0  -11.112926 -102.522789 14.672467  0.256784 -0.388117 0.885114  0.565447 0.903317 1 1 1.000000
0  -11.946730 -102.372887 15.060681  0.461003 -0.363130 0.809699  0.569353 0.901364 1 1 1.000000
0  -12.151543 -103.513947 14.658305  0.461598 -0.392333 0.795614  0.571307 0.903317 1 1 1.000000
skin_0dam
0  -12.151543 -103.513947 14.658305  0.461598 -0.392333 0.795614  0.571307 0.903317 1 1 1.000000
0  -11.348600 -103.761993 14.185096  0.261645 -0.411553 0.873021  0.567400 0.904294 1 1 1.000000
0  -11.112926 -102.522789 14.672467  0.256784 -0.388117 0.885114  0.565447 0.903317 1 1 1.000000
skin_0dam
0  -13.503985 -101.749672 16.865685  0.794487 -0.271637 0.543142  0.577166 0.894528 1 1 1.000000
0  -14.122388 -101.326096 18.192535  0.860253 -0.268222 0.433616  0.580096 0.889645 1 1 1.000000
0  -14.259835 -101.677742 18.251736  0.824282 -0.329686 0.460290  0.581072 0.889645 1 1 1.000000
skin_0dam
0  -14.259835 -101.677742 18.251736  0.824282 -0.329686 0.460290  0.581072 0.889645 1 1 1.000000
0  -13.750607 -102.382652 16.917122  0.780812 -0.308749 0.543146  0.579119 0.894528 1 1 1.000000
0  -13.503985 -101.749672 16.865685  0.794487 -0.271637 0.543142  0.577166 0.894528 1 1 1.000000
skin_0dam
0  -12.614056 -102.172882 15.611432  0.663228 -0.317465 0.677750  0.573260 0.899411 1 1 1.000000
0  -13.503985 -101.749672 16.865685  0.794487 -0.271637 0.543142  0.577166 0.894528 1 1 1.000000
0  -13.750607 -102.382652 16.917122  0.780812 -0.308749 0.543146  0.579119 0.894528 1 1 1.000000
skin_0dam
0  -13.750607 -102.382652 16.917122  0.780812 -0.308749 0.543146  0.579119 0.894528 1 1 1.000000
0  -12.818635 -103.189827 15.319741  0.640913 -0.359556 0.678196  0.574236 0.900388 1 1 1.000000
0  -12.614056 -102.172882 15.611432  0.663228 -0.317465 0.677750  0.573260 0.899411 1 1 1.000000
skin_0dam
0  -11.946730 -102.372887 15.060681  0.461003 -0.363130 0.809699  0.569353 0.901364 1 1 1.000000
0  -12.614056 -102.172882 15.611432  0.663228 -0.317465 0.677750  0.573260 0.899411 1 1 1.000000
0  -12.818635 -103.189827 15.319741  0.640913 -0.359556 0.678196  0.574236 0.900388 1 1 1.000000
skin_0dam
0  -12.818635 -103.189827 15.319741  0.640913 -0.359556 0.678196  0.574236 0.900388 1 1 1.000000
0  -12.151543 -103.513947 14.658305  0.461598 -0.392333 0.795614  0.571307 0.903317 1 1 1.000000
0  -11.946730 -102.372887 15.060681  0.461003 -0.363130 0.809699  0.569353 0.901364 1 1 1.000000
skin_0dam
0  0.128700 -104.364418 14.879065  -0.614448 -0.457562 0.642721  0.505875 0.905271 1 1 1.000000
0  0.210809 -104.553139 14.828663  -0.257140 -0.856159 0.448186  0.504898 0.905271 1 1 1.000000
0  0.603648 -104.270218 15.792518  -0.428157 -0.824310 0.370397  0.502945 0.901364 1 1 1.000000
skin_0dam
0  0.603648 -104.270218 15.792518  -0.428157 -0.824310 0.370397  0.502945 0.901364 1 1 1.000000
0  0.523303 -104.081421 15.815444  -0.855074 -0.409618 0.317901  0.502945 0.901364 1 1 1.000000
0  0.128700 -104.364418 14.879065  -0.614448 -0.457562 0.642721  0.505875 0.905271 1 1 1.000000
skin_0dam
0  -2.036277 -104.739433 13.842558  -0.085114 -0.855162 0.511326  0.517594 0.908200 1 1 1.000000
0  -0.689381 -104.710617 14.135999  -0.107499 -0.902451 0.417165  0.510758 0.907224 1 1 1.000000
0  -0.790667 -104.536613 14.281674  -0.286978 -0.574334 0.766671  0.510758 0.907224 1 1 1.000000
skin_0dam
0  -0.790667 -104.536613 14.281674  -0.286978 -0.574334 0.766671  0.510758 0.907224 1 1 1.000000
0  -2.079334 -104.576210 13.950564  -0.144268 -0.500232 0.853788  0.517594 0.908200 1 1 1.000000
0  -2.036277 -104.739433 13.842558  -0.085114 -0.855162 0.511326  0.517594 0.908200 1 1 1.000000
skin_0dam
0  -4.128231 -104.696594 13.694552  -0.064775 -0.798252 0.598831  0.529313 0.908200 1 1 1.000000
0  -4.116220 -104.723640 13.529745  -0.041533 -0.989083 0.141382  0.529313 0.909177 1 1 1.000000
0  -2.010548 -104.765770 13.678632  -0.030551 -0.986305 0.162079  0.517594 0.909177 1 1 1.000000
skin_0dam
0  -2.010548 -104.765770 13.678632  -0.030551 -0.986305 0.162079  0.517594 0.909177 1 1 1.000000
0  -2.036277 -104.739433 13.842558  -0.085114 -0.855162 0.511326  0.517594 0.908200 1 1 1.000000
0  -4.128231 -104.696594 13.694552  -0.064775 -0.798252 0.598831  0.529313 0.908200 1 1 1.000000
skin_0dam
0  -2.079334 -104.576210 13.950564  -0.144268 -0.500232 0.853788  0.517594 0.908200 1 1 1.000000
0  -0.790667 -104.536613 14.281674  -0.286978 -0.574334 0.766671  0.510758 0.907224 1 1 1.000000
0  -1.264679 -103.224007 14.792639  -0.299893 -0.426780 0.853184  0.512711 0.905271 1 1 1.000000
skin_0dam
0  -1.264679 -103.224007 14.792639  -0.299893 -0.426780 0.853184  0.512711 0.905271 1 1 1.000000
0  -2.366264 -103.226273 14.528806  -0.142922 -0.414299 0.898849  0.518571 0.905271 1 1 1.000000
0  -2.079334 -104.576210 13.950564  -0.144268 -0.500232 0.853788  0.517594 0.908200 1 1 1.000000
skin_0dam
0  -15.541884 -103.720886 9.778281  -0.215184 -0.975251 0.050816  0.590838 0.919919 1 1 1.000000
0  -18.575745 -103.037880 9.585299  -0.257821 -0.965309 0.041311  0.607440 0.919919 1 1 1.000000
0  -18.444458 -103.115082 7.607442  -0.260819 -0.965357 0.007717  0.607440 0.926756 1 1 1.000000
skin_0dam
0  -18.444458 -103.115082 7.607442  -0.260819 -0.965357 0.007717  0.607440 0.926756 1 1 1.000000
0  -15.587871 -103.793533 7.761469  -0.216485 -0.975589 0.036885  0.591815 0.926756 1 1 1.000000
0  -15.541884 -103.720886 9.778281  -0.215184 -0.975251 0.050816  0.590838 0.919919 1 1 1.000000
skin_0dam
0  -18.575745 -103.037880 9.585299  -0.257821 -0.965309 0.041311  0.607440 0.919919 1 1 1.000000
0  -22.767954 -101.767319 9.319508  -0.339352 -0.940074 0.033180  0.629902 0.919919 1 1 1.000000
0  -22.605707 -101.842949 7.288472  -0.336840 -0.941556 -0.003286  0.629902 0.926756 1 1 1.000000
skin_0dam
0  -22.605707 -101.842949 7.288472  -0.336840 -0.941556 -0.003286  0.629902 0.926756 1 1 1.000000
0  -18.444458 -103.115082 7.607442  -0.260819 -0.965357 0.007717  0.607440 0.926756 1 1 1.000000
0  -18.575745 -103.037880 9.585299  -0.257821 -0.965309 0.041311  0.607440 0.919919 1 1 1.000000
skin_0dam
0  -22.767954 -101.767319 9.319508  -0.339352 -0.940074 0.033180  0.629902 0.919919 1 1 1.000000
0  -27.211048 -99.903374 9.039187  -0.455268 -0.890024 0.024277  0.653340 0.919919 1 1 1.000000
0  -26.896049 -100.067650 6.852219  -0.445300 -0.895331 -0.009479  0.652364 0.927732 1 1 1.000000
skin_0dam
0  -26.896049 -100.067650 6.852219  -0.445300 -0.895331 -0.009479  0.652364 0.927732 1 1 1.000000
0  -22.605707 -101.842949 7.288472  -0.336840 -0.941556 -0.003286  0.629902 0.926756 1 1 1.000000
0  -22.767954 -101.767319 9.319508  -0.339352 -0.940074 0.033180  0.629902 0.919919 1 1 1.000000
skin_0dam
0  -14.756101 -104.150002 7.786340  -0.483072 -0.857757 0.175767  0.587909 0.926756 1 1 1.000000
0  -15.201817 -104.160339 6.350885  -0.505126 -0.850843 0.144617  0.590838 0.931639 1 1 1.000000
0  -14.875325 -104.253677 6.288846  0.479535 -0.866898 -0.136136  0.588885 0.932615 1 1 1.000000
skin_0dam
0  -14.875325 -104.253677 6.288846  0.479535 -0.866898 -0.136136  0.588885 0.932615 1 1 1.000000
0  -14.432631 -104.202148 7.738011  0.346433 -0.933058 -0.096885  0.585955 0.927732 1 1 1.000000
0  -14.756101 -104.150002 7.786340  -0.483072 -0.857757 0.175767  0.587909 0.926756 1 1 1.000000
skin_0dam
0  -30.054655 -97.985786 5.965345  -0.621542 -0.782820 -0.029626  0.668966 0.929685 1 1 1.000000
0  -29.878990 -98.114655 5.700436  -0.239086 -0.742064 -0.626242  0.667989 0.930662 1 1 1.000000
0  -28.564096 -99.065918 6.209889  -0.294916 -0.712000 -0.637244  0.661153 0.929685 1 1 1.000000
skin_0dam
0  -28.564096 -99.065918 6.209889  -0.294916 -0.712000 -0.637244  0.661153 0.929685 1 1 1.000000
0  -28.683086 -99.002983 6.505845  -0.548916 -0.835601 -0.021519  0.661153 0.928709 1 1 1.000000
0  -30.054655 -97.985786 5.965345  -0.621542 -0.782820 -0.029626  0.668966 0.929685 1 1 1.000000
skin_0dam
0  -31.099821 -97.062210 4.935241  -0.680063 -0.732087 -0.039541  0.674825 0.933592 1 1 1.000000
0  -30.054655 -97.985786 5.965345  -0.621542 -0.782820 -0.029626  0.668966 0.929685 1 1 1.000000
0  -31.708584 -96.719292 8.538220  -0.678418 -0.734667 -0.003632  0.676778 0.920896 1 1 1.000000
skin_0dam
0  -31.694490 -96.349945 3.299057  0.099906 -0.873975 -0.475592  0.876003 0.856441 1 1 1.000000
0  -30.937878 -97.191795 4.669449  -0.073260 -0.798262 -0.597838  0.869167 0.859371 1 1 1.000000
0  -31.099821 -97.062210 4.935241  -0.680063 -0.732087 -0.039541  0.868191 0.859371 1 1 1.000000
skin_0dam
0  -31.099821 -97.062210 4.935241  -0.680063 -0.732087 -0.039541  0.868191 0.859371 1 1 1.000000
0  -31.919613 -96.141045 3.409290  -0.699184 -0.708646 -0.094670  0.876003 0.855464 1 1 1.000000
0  -31.694490 -96.349945 3.299057  0.099906 -0.873975 -0.475592  0.876003 0.856441 1 1 1.000000
skin_0dam
0  -31.708584 -96.719292 8.538220  -0.678418 -0.734667 -0.003632  0.848659 0.857418 1 1 1.000000
0  -33.836010 -94.473068 8.448987  -0.774117 -0.632957 0.010406  0.847682 0.849605 1 1 1.000000
0  -33.176853 -95.074898 5.345075  -0.742061 -0.667819 -0.058004  0.865261 0.851558 1 1 1.000000
skin_0dam
0  -33.176853 -95.074898 5.345075  -0.742061 -0.667819 -0.058004  0.865261 0.851558 1 1 1.000000
0  -31.099821 -97.062210 4.935241  -0.680063 -0.732087 -0.039541  0.868191 0.859371 1 1 1.000000
0  -31.708584 -96.719292 8.538220  -0.678418 -0.734667 -0.003632  0.848659 0.857418 1 1 1.000000
skin_0dam
0  -32.260975 -95.278358 0.934652  -0.732886 -0.664236 -0.147203  0.888699 0.852535 1 1 1.000000
0  -31.919613 -96.141045 3.409290  -0.699184 -0.708646 -0.094670  0.876003 0.855464 1 1 1.000000
0  -32.811069 -95.250122 3.450970  -0.731155 -0.674027 -0.105355  0.875027 0.852535 1 1 1.000000
skin_0dam
0  -32.131397 -94.997192 -0.876855  -0.355016 -0.898895 -0.256810  0.898465 0.851558 1 1 1.000000
0  -32.011028 -95.554810 0.922380  0.161948 -0.965439 -0.204207  0.888699 0.853511 1 1 1.000000
0  -32.260975 -95.278358 0.934652  -0.732886 -0.664236 -0.147203  0.888699 0.852535 1 1 1.000000
skin_0dam
0  -32.260975 -95.278358 0.934652  -0.732886 -0.664236 -0.147203  0.888699 0.852535 1 1 1.000000
0  -32.307598 -94.799606 -0.873847  -0.725299 -0.666621 -0.171924  0.898465 0.850581 1 1 1.000000
0  -32.131397 -94.997192 -0.876855  -0.355016 -0.898895 -0.256810  0.898465 0.851558 1 1 1.000000
skin_0dam
0  -27.211048 -99.903374 9.039187  -0.455268 -0.890024 0.024277  0.653340 0.919919 1 1 1.000000
0  -29.478304 -98.519012 8.814547  -0.575340 -0.817886 0.006776  0.665059 0.919919 1 1 1.000000
0  -28.683086 -99.002983 6.505845  -0.548916 -0.835601 -0.021519  0.661153 0.928709 1 1 1.000000
skin_0dam
0  -28.683086 -99.002983 6.505845  -0.548916 -0.835601 -0.021519  0.661153 0.928709 1 1 1.000000
0  -26.896049 -100.067650 6.852219  -0.445300 -0.895331 -0.009479  0.652364 0.927732 1 1 1.000000
0  -27.211048 -99.903374 9.039187  -0.455268 -0.890024 0.024277  0.653340 0.919919 1 1 1.000000
skin_0dam
0  -30.054655 -97.985786 5.965345  -0.621542 -0.782820 -0.029626  0.668966 0.929685 1 1 1.000000
0  -28.683086 -99.002983 6.505845  -0.548916 -0.835601 -0.021519  0.661153 0.928709 1 1 1.000000
0  -29.478304 -98.519012 8.814547  -0.575340 -0.817886 0.006776  0.665059 0.919919 1 1 1.000000
skin_0dam
0  -29.478304 -98.519012 8.814547  -0.575340 -0.817886 0.006776  0.665059 0.919919 1 1 1.000000
0  -31.708584 -96.719292 8.538220  -0.678418 -0.734667 -0.003632  0.676778 0.920896 1 1 1.000000
0  -30.054655 -97.985786 5.965345  -0.621542 -0.782820 -0.029626  0.668966 0.929685 1 1 1.000000
skin_0dam
0  -32.233700 -94.562225 -1.999433  -0.710323 -0.669366 -0.217694  0.904324 0.849605 1 1 1.000000
0  -33.999630 -92.655533 -2.066362  -0.782098 -0.584220 -0.216816  0.904324 0.842769 1 1 1.000000
0  -33.761547 -92.588684 -3.030146  -0.785082 -0.567941 -0.247164  0.910184 0.842769 1 1 1.000000
skin_0dam
0  -33.761547 -92.588684 -3.030146  -0.785082 -0.567941 -0.247164  0.910184 0.842769 1 1 1.000000
0  -32.131001 -94.323196 -2.930074  -0.623973 -0.737540 -0.258249  0.910184 0.849605 1 1 1.000000
0  -32.233700 -94.562225 -1.999433  -0.710323 -0.669366 -0.217694  0.904324 0.849605 1 1 1.000000
skin_0dam
0  -40.033527 -81.833618 17.284176  -0.990623 -0.110267 -0.080672  0.798853 0.802728 1 1 1.000000
0  -40.074940 -80.843987 16.484207  -0.990745 -0.109520 -0.080182  0.802759 0.799799 1 1 1.000000
0  -39.719265 -82.838783 14.929409  -0.988650 -0.116994 -0.094249  0.811548 0.806635 1 1 1.000000
skin_0dam
0  -39.719265 -82.838783 14.929409  -0.988650 -0.116994 -0.094249  0.811548 0.806635 1 1 1.000000
0  -39.658131 -83.841232 15.647857  -0.988727 -0.115830 -0.094879  0.807642 0.810541 1 1 1.000000
0  -40.033527 -81.833618 17.284176  -0.990623 -0.110267 -0.080672  0.798853 0.802728 1 1 1.000000
skin_0dam
0  -39.940075 -81.966492 17.441536  -0.701873 -0.487868 0.518998  0.797876 0.803705 1 1 1.000000
0  -40.033825 -81.930054 17.366653  -0.909030 -0.335708 0.246911  0.797876 0.803705 1 1 1.000000
0  -39.657719 -83.951416 15.730348  -0.911698 -0.363218 0.192039  0.806665 0.810541 1 1 1.000000
skin_0dam
0  -39.657719 -83.951416 15.730348  -0.911698 -0.363218 0.192039  0.806665 0.810541 1 1 1.000000
0  -39.574657 -84.029755 15.790637  -0.722351 -0.544549 0.426234  0.806665 0.810541 1 1 1.000000
0  -39.940075 -81.966492 17.441536  -0.701873 -0.487868 0.518998  0.797876 0.803705 1 1 1.000000
skin_0dam
0  -40.033825 -81.930054 17.366653  -0.909030 -0.335708 0.246911  0.797876 0.803705 1 1 1.000000
0  -39.940075 -81.966492 17.441536  -0.701873 -0.487868 0.518998  0.797876 0.803705 1 1 1.000000
0  -40.231312 -80.189133 18.599918  -0.703841 -0.464152 0.537746  0.792016 0.796869 1 1 1.000000
skin_0dam
0  -40.231312 -80.189133 18.599918  -0.703841 -0.464152 0.537746  0.792016 0.796869 1 1 1.000000
0  -40.350803 -79.878265 18.703411  -0.888022 -0.198625 0.414687  0.791040 0.795892 1 1 1.000000
0  -40.033825 -81.930054 17.366653  -0.909030 -0.335708 0.246911  0.797876 0.803705 1 1 1.000000
skin_0dam
0  -37.943600 -88.760437 7.786706  -0.809239 -0.587355 0.012084  0.850612 0.828120 1 1 1.000000
0  -36.029118 -91.389587 8.275012  -0.816030 -0.577260 0.029443  0.848659 0.837886 1 1 1.000000
0  -36.441456 -90.485939 10.733550  -0.818712 -0.564182 0.106815  0.834986 0.834956 1 1 1.000000
skin_0dam
0  -36.441456 -90.485939 10.733550  -0.818712 -0.564182 0.106815  0.834986 0.834956 1 1 1.000000
0  -38.374958 -87.995758 10.009183  -0.795939 -0.597212 0.099092  0.837916 0.825190 1 1 1.000000
0  -37.943600 -88.760437 7.786706  -0.809239 -0.587355 0.012084  0.850612 0.828120 1 1 1.000000
skin_0dam
0  -36.610409 -89.715683 0.932264  -0.816143 -0.554599 -0.162268  0.887722 0.832026 1 1 1.000000
0  -34.668736 -92.605553 0.994063  -0.787677 -0.600665 -0.136989  0.887722 0.842769 1 1 1.000000
0  -35.131863 -92.407555 3.309536  -0.798638 -0.595136 -0.089389  0.875027 0.841792 1 1 1.000000
skin_0dam
0  -35.131863 -92.407555 3.309536  -0.798638 -0.595136 -0.089389  0.875027 0.841792 1 1 1.000000
0  -37.051289 -89.613022 3.193741  -0.815941 -0.568387 -0.105714  0.875027 0.831050 1 1 1.000000
0  -36.610409 -89.715683 0.932264  -0.816143 -0.554599 -0.162268  0.887722 0.832026 1 1 1.000000
skin_0dam
0  -37.051289 -89.613022 3.193741  -0.815941 -0.568387 -0.105714  0.875027 0.831050 1 1 1.000000
0  -35.131863 -92.407555 3.309536  -0.798638 -0.595136 -0.089389  0.875027 0.841792 1 1 1.000000
0  -35.535801 -92.068756 5.449884  -0.807814 -0.588144 -0.039034  0.863308 0.840815 1 1 1.000000
skin_0dam
0  -35.535801 -92.068756 5.449884  -0.807814 -0.588144 -0.039034  0.863308 0.840815 1 1 1.000000
0  -37.466808 -89.316177 5.333235  -0.815350 -0.576769 -0.050415  0.863308 0.830073 1 1 1.000000
0  -37.051289 -89.613022 3.193741  -0.815941 -0.568387 -0.105714  0.875027 0.831050 1 1 1.000000
skin_0dam
0  -38.797184 -86.955063 12.081268  -0.787056 -0.586701 0.190589  0.827174 0.821284 1 1 1.000000
0  -36.854298 -89.196327 13.317212  -0.822905 -0.529744 0.205426  0.821314 0.830073 1 1 1.000000
0  -37.104420 -87.788475 15.208238  -0.808424 -0.499696 0.311053  0.810572 0.825190 1 1 1.000000
skin_0dam
0  -37.104420 -87.788475 15.208238  -0.808424 -0.499696 0.311053  0.810572 0.825190 1 1 1.000000
0  -39.173420 -85.732956 13.936114  -0.754465 -0.580528 0.306217  0.816431 0.817377 1 1 1.000000
0  -38.797184 -86.955063 12.081268  -0.787056 -0.586701 0.190589  0.827174 0.821284 1 1 1.000000
skin_0dam
0  -35.848736 -89.609283 -2.190759  -0.803063 -0.497359 -0.328214  0.904324 0.832026 1 1 1.000000
0  -35.954037 -89.435585 -2.197058  -0.885451 -0.312450 -0.344022  0.904324 0.831050 1 1 1.000000
0  -35.526768 -89.303772 -3.148522  -0.843248 -0.282527 -0.457286  0.910184 0.830073 1 1 1.000000
skin_0dam
0  -35.526768 -89.303772 -3.148522  -0.843248 -0.282527 -0.457286  0.910184 0.830073 1 1 1.000000
0  -35.435184 -89.478180 -3.143107  -0.779112 -0.449337 -0.437128  0.910184 0.831050 1 1 1.000000
0  -35.848736 -89.609283 -2.190759  -0.803063 -0.497359 -0.328214  0.904324 0.832026 1 1 1.000000
skin_0dam
0  -37.943600 -88.760437 7.786706  -0.809239 -0.587355 0.012084  0.850612 0.828120 1 1 1.000000
0  -38.045872 -88.627953 7.766700  -0.925500 -0.371555 -0.073466  0.850612 0.828120 1 1 1.000000
0  -37.571400 -89.156227 5.326946  -0.923566 -0.366831 -0.111631  0.863308 0.830073 1 1 1.000000
skin_0dam
0  -37.571400 -89.156227 5.326946  -0.923566 -0.366831 -0.111631  0.863308 0.830073 1 1 1.000000
0  -37.466808 -89.316177 5.333235  -0.815350 -0.576769 -0.050415  0.863308 0.830073 1 1 1.000000
0  -37.943600 -88.760437 7.786706  -0.809239 -0.587355 0.012084  0.850612 0.828120 1 1 1.000000
skin_0dam
0  -39.574657 -84.029755 15.790637  -0.722351 -0.544549 0.426234  0.806665 0.810541 1 1 1.000000
0  -39.657719 -83.951416 15.730348  -0.911698 -0.363218 0.192039  0.806665 0.810541 1 1 1.000000
0  -39.271801 -85.641624 13.888664  -0.919086 -0.379306 0.106807  0.817408 0.816401 1 1 1.000000
skin_0dam
0  -39.271801 -85.641624 13.888664  -0.919086 -0.379306 0.106807  0.817408 0.816401 1 1 1.000000
0  -39.173420 -85.732956 13.936114  -0.754465 -0.580528 0.306217  0.816431 0.817377 1 1 1.000000
0  -39.574657 -84.029755 15.790637  -0.722351 -0.544549 0.426234  0.806665 0.810541 1 1 1.000000
skin_0dam
0  -36.167576 -89.666435 -1.052837  -0.815903 -0.533747 -0.222299  0.898465 0.832026 1 1 1.000000
0  -34.252750 -92.654137 -0.924063  -0.783934 -0.597975 -0.166953  0.898465 0.842769 1 1 1.000000
0  -34.668736 -92.605553 0.994063  -0.787677 -0.600665 -0.136989  0.887722 0.842769 1 1 1.000000
skin_0dam
0  -34.668736 -92.605553 0.994063  -0.787677 -0.600665 -0.136989  0.887722 0.842769 1 1 1.000000
0  -36.610409 -89.715683 0.932264  -0.816143 -0.554599 -0.162268  0.887722 0.832026 1 1 1.000000
0  -36.167576 -89.666435 -1.052837  -0.815903 -0.533747 -0.222299  0.898465 0.832026 1 1 1.000000
skin_0dam
0  -38.797184 -86.955063 12.081268  -0.787056 -0.586701 0.190589  0.827174 0.821284 1 1 1.000000
0  -38.881672 -86.849236 12.020958  -0.926352 -0.375539 0.029039  0.827174 0.821284 1 1 1.000000
0  -38.475636 -87.876984 9.975449  -0.921538 -0.387910 -0.017151  0.837916 0.825190 1 1 1.000000
skin_0dam
0  -38.475636 -87.876984 9.975449  -0.921538 -0.387910 -0.017151  0.837916 0.825190 1 1 1.000000
0  -38.374958 -87.995758 10.009183  -0.795939 -0.597212 0.099092  0.837916 0.825190 1 1 1.000000
0  -38.797184 -86.955063 12.081268  -0.787056 -0.586701 0.190589  0.827174 0.821284 1 1 1.000000
skin_0dam
0  -35.356304 -89.281334 -3.454740  -0.523640 -0.205587 -0.826762  0.911161 0.830073 1 1 1.000000
0  -33.689754 -92.571358 -3.301334  -0.527693 -0.408699 -0.744651  0.911161 0.842769 1 1 1.000000
0  -33.761547 -92.588684 -3.030146  -0.785082 -0.567941 -0.247164  0.910184 0.842769 1 1 1.000000
skin_0dam
0  -33.761547 -92.588684 -3.030146  -0.785082 -0.567941 -0.247164  0.910184 0.842769 1 1 1.000000
0  -35.435184 -89.478180 -3.143107  -0.779112 -0.449337 -0.437128  0.910184 0.831050 1 1 1.000000
0  -35.356304 -89.281334 -3.454740  -0.523640 -0.205587 -0.826762  0.911161 0.830073 1 1 1.000000
skin_0dam
0  -39.940075 -81.966492 17.441536  -0.701873 -0.487868 0.518998  0.797876 0.803705 1 1 1.000000
0  -39.574657 -84.029755 15.790637  -0.722351 -0.544549 0.426234  0.806665 0.810541 1 1 1.000000
0  -37.342167 -85.814743 17.308445  -0.774861 -0.474884 0.417224  0.799829 0.817377 1 1 1.000000
skin_0dam
0  -37.342167 -85.814743 17.308445  -0.774861 -0.474884 0.417224  0.799829 0.817377 1 1 1.000000
0  -37.566143 -83.440689 19.300274  -0.739291 -0.469417 0.482800  0.789087 0.809564 1 1 1.000000
0  -39.940075 -81.966492 17.441536  -0.701873 -0.487868 0.518998  0.797876 0.803705 1 1 1.000000
skin_0dam
0  -40.231312 -80.189133 18.599918  -0.703841 -0.464152 0.537746  0.792016 0.796869 1 1 1.000000
0  -39.940075 -81.966492 17.441536  -0.701873 -0.487868 0.518998  0.797876 0.803705 1 1 1.000000
0  -37.566143 -83.440689 19.300274  -0.739291 -0.469417 0.482800  0.789087 0.809564 1 1 1.000000
skin_0dam
0  -38.052677 -88.462936 7.739118  -0.980206 -0.123079 -0.155073  0.850612 0.827143 1 1 1.000000
0  -38.045872 -88.627953 7.766700  -0.925500 -0.371555 -0.073466  0.850612 0.828120 1 1 1.000000
0  -38.475636 -87.876984 9.975449  -0.921538 -0.387910 -0.017151  0.837916 0.825190 1 1 1.000000
skin_0dam
0  -38.475636 -87.876984 9.975449  -0.921538 -0.387910 -0.017151  0.837916 0.825190 1 1 1.000000
0  -38.481564 -87.711922 9.934132  -0.981422 -0.128707 -0.142287  0.838893 0.824213 1 1 1.000000
0  -38.052677 -88.462936 7.739118  -0.980206 -0.123079 -0.155073  0.850612 0.827143 1 1 1.000000
skin_0dam
0  -36.737988 -89.377747 0.924973  -0.972275 -0.117927 -0.201926  0.887722 0.831050 1 1 1.000000
0  -36.714993 -89.555725 0.925977  -0.918615 -0.347908 -0.187365  0.887722 0.831050 1 1 1.000000
0  -37.155880 -89.453064 3.187452  -0.921648 -0.359732 -0.145457  0.875027 0.831050 1 1 1.000000
skin_0dam
0  -37.155880 -89.453064 3.187452  -0.921648 -0.359732 -0.145457  0.875027 0.831050 1 1 1.000000
0  -37.178158 -89.288834 3.186460  -0.976537 -0.119092 -0.179422  0.875027 0.830073 1 1 1.000000
0  -36.737988 -89.377747 0.924973  -0.972275 -0.117927 -0.201926  0.887722 0.831050 1 1 1.000000
skin_0dam
0  -37.178158 -89.288834 3.186460  -0.976537 -0.119092 -0.179422  0.875027 0.830073 1 1 1.000000
0  -37.155880 -89.453064 3.187452  -0.921648 -0.359732 -0.145457  0.875027 0.831050 1 1 1.000000
0  -37.571400 -89.156227 5.326946  -0.923566 -0.366831 -0.111631  0.863308 0.830073 1 1 1.000000
skin_0dam
0  -37.571400 -89.156227 5.326946  -0.923566 -0.366831 -0.111631  0.863308 0.830073 1 1 1.000000
0  -37.593678 -88.992004 5.325953  -0.977679 -0.127154 -0.167257  0.863308 0.829096 1 1 1.000000
0  -37.178158 -89.288834 3.186460  -0.976537 -0.119092 -0.179422  0.875027 0.830073 1 1 1.000000
skin_0dam
0  -38.481564 -87.711922 9.934132  -0.981422 -0.128707 -0.142287  0.838893 0.824213 1 1 1.000000
0  -38.475636 -87.876984 9.975449  -0.921538 -0.387910 -0.017151  0.837916 0.825190 1 1 1.000000
0  -38.881672 -86.849236 12.020958  -0.926352 -0.375539 0.029039  0.827174 0.821284 1 1 1.000000
skin_0dam
0  -38.881672 -86.849236 12.020958  -0.926352 -0.375539 0.029039  0.827174 0.821284 1 1 1.000000
0  -38.899548 -86.684822 11.951284  -0.983837 -0.124159 -0.129035  0.827174 0.820307 1 1 1.000000
0  -38.481564 -87.711922 9.934132  -0.981422 -0.128707 -0.142287  0.838893 0.824213 1 1 1.000000
skin_0dam
0  -40.033527 -81.833618 17.284176  -0.990623 -0.110267 -0.080672  0.798853 0.802728 1 1 1.000000
0  -40.033825 -81.930054 17.366653  -0.909030 -0.335708 0.246911  0.797876 0.803705 1 1 1.000000
0  -40.350803 -79.878265 18.703411  -0.888022 -0.198625 0.414687  0.791040 0.795892 1 1 1.000000
skin_0dam
0  -40.350803 -79.878265 18.703411  -0.888022 -0.198625 0.414687  0.791040 0.795892 1 1 1.000000
0  -40.338795 -79.905319 18.538605  -0.991381 -0.105149 -0.078150  0.792016 0.795892 1 1 1.000000
0  -40.033527 -81.833618 17.284176  -0.990623 -0.110267 -0.080672  0.798853 0.802728 1 1 1.000000
skin_0dam
0  -35.976315 -89.271362 -2.198050  -0.929490 -0.122015 -0.348081  0.904324 0.830073 1 1 1.000000
0  -36.120052 -88.024666 -2.259126  -0.927700 -0.121790 -0.352903  0.905301 0.826167 1 1 1.000000
0  -35.693684 -87.892883 -3.196854  -0.882585 -0.119770 -0.454642  0.910184 0.825190 1 1 1.000000
skin_0dam
0  -35.693684 -87.892883 -3.196854  -0.882585 -0.119770 -0.454642  0.910184 0.825190 1 1 1.000000
0  -35.548336 -89.153282 -3.149506  -0.880113 -0.120692 -0.459167  0.910184 0.830073 1 1 1.000000
0  -35.976315 -89.271362 -2.198050  -0.929490 -0.122015 -0.348081  0.904324 0.830073 1 1 1.000000
skin_0dam
0  -38.052677 -88.462936 7.739118  -0.980206 -0.123079 -0.155073  0.850612 0.827143 1 1 1.000000
0  -38.189373 -87.215958 7.568160  -0.980171 -0.124060 -0.154513  0.851588 0.822260 1 1 1.000000
0  -37.755383 -87.732422 5.318929  -0.977665 -0.126927 -0.167515  0.863308 0.824213 1 1 1.000000
skin_0dam
0  -37.755383 -87.732422 5.318929  -0.977665 -0.126927 -0.167515  0.863308 0.824213 1 1 1.000000
0  -37.593678 -88.992004 5.325953  -0.977679 -0.127154 -0.167257  0.863308 0.829096 1 1 1.000000
0  -38.052677 -88.462936 7.739118  -0.980206 -0.123079 -0.155073  0.850612 0.827143 1 1 1.000000
skin_0dam
0  -39.658131 -83.841232 15.647857  -0.988727 -0.115830 -0.094879  0.807642 0.810541 1 1 1.000000
0  -39.719265 -82.838783 14.929409  -0.988650 -0.116994 -0.094249  0.811548 0.806635 1 1 1.000000
0  -39.334713 -84.391144 13.212139  -0.986412 -0.119468 -0.112780  0.820338 0.812494 1 1 1.000000
skin_0dam
0  -39.334713 -84.391144 13.212139  -0.986412 -0.119468 -0.112780  0.820338 0.812494 1 1 1.000000
0  -39.274364 -85.490211 13.806149  -0.986393 -0.118640 -0.113817  0.817408 0.816401 1 1 1.000000
0  -39.658131 -83.841232 15.647857  -0.988727 -0.115830 -0.094879  0.807642 0.810541 1 1 1.000000
skin_0dam
0  -36.294285 -89.328468 -1.073865  -0.961690 -0.119888 -0.246533  0.898465 0.830073 1 1 1.000000
0  -36.272167 -89.506477 -1.059127  -0.910912 -0.334722 -0.241247  0.898465 0.831050 1 1 1.000000
0  -36.714993 -89.555725 0.925977  -0.918615 -0.347908 -0.187365  0.887722 0.831050 1 1 1.000000
skin_0dam
0  -36.714993 -89.555725 0.925977  -0.918615 -0.347908 -0.187365  0.887722 0.831050 1 1 1.000000
0  -36.737988 -89.377747 0.924973  -0.972275 -0.117927 -0.201926  0.887722 0.831050 1 1 1.000000
0  -36.294285 -89.328468 -1.073865  -0.961690 -0.119888 -0.246533  0.898465 0.830073 1 1 1.000000
skin_0dam
0  -38.899548 -86.684822 11.951284  -0.983837 -0.124159 -0.129035  0.827174 0.820307 1 1 1.000000
0  -38.881672 -86.849236 12.020958  -0.926352 -0.375539 0.029039  0.827174 0.821284 1 1 1.000000
0  -39.271801 -85.641624 13.888664  -0.919086 -0.379306 0.106807  0.817408 0.816401 1 1 1.000000
skin_0dam
0  -39.271801 -85.641624 13.888664  -0.919086 -0.379306 0.106807  0.817408 0.816401 1 1 1.000000
0  -39.274364 -85.490211 13.806149  -0.986393 -0.118640 -0.113817  0.817408 0.816401 1 1 1.000000
0  -38.899548 -86.684822 11.951284  -0.983837 -0.124159 -0.129035  0.827174 0.820307 1 1 1.000000
skin_0dam
0  -35.548336 -89.153282 -3.149506  -0.880113 -0.120692 -0.459167  0.910184 0.830073 1 1 1.000000
0  -35.356304 -89.281334 -3.454740  -0.523640 -0.205587 -0.826762  0.911161 0.830073 1 1 1.000000
0  -35.526768 -89.303772 -3.148522  -0.843248 -0.282527 -0.457286  0.910184 0.830073 1 1 1.000000
skin_0dam
0  -4.626175 -102.305351 0.828382  -0.016476 -0.194688 0.980727  0.535173 0.954100 1 1 1.000000
0  -11.261226 -101.767876 0.914095  0.052872 -0.184827 0.981348  0.571307 0.952147 1 1 1.000000
0  -11.208727 -104.728752 0.344087  0.051731 -0.187879 0.980829  0.571307 0.955077 1 1 1.000000
skin_0dam
0  -11.208727 -104.728752 0.344087  0.051731 -0.187879 0.980829  0.571307 0.955077 1 1 1.000000
0  -4.442219 -105.149124 0.267128  -0.017048 -0.195283 0.980599  0.535173 0.956053 1 1 1.000000
0  -4.626175 -102.305351 0.828382  -0.016476 -0.194688 0.980727  0.535173 0.954100 1 1 1.000000
skin_0dam
0  -13.516919 -104.070274 10.141842  0.347713 -0.927680 -0.136033  0.580096 0.918943 1 1 1.000000
0  -13.635756 -104.131599 10.106462  0.226532 -0.972280 -0.057922  0.581072 0.918943 1 1 1.000000
0  -14.432631 -104.202148 7.738011  0.346433 -0.933058 -0.096885  0.585955 0.927732 1 1 1.000000
skin_0dam
0  -14.432631 -104.202148 7.738011  0.346433 -0.933058 -0.096885  0.585955 0.927732 1 1 1.000000
0  -14.358166 -104.005493 7.495055  0.761919 -0.593528 -0.259238  0.585955 0.927732 1 1 1.000000
0  -13.516919 -104.070274 10.141842  0.347713 -0.927680 -0.136033  0.580096 0.918943 1 1 1.000000
skin_0dam
0  -11.261226 -101.767876 0.914095  0.052872 -0.184827 0.981348  0.571307 0.952147 1 1 1.000000
0  -13.323738 -101.461372 1.168659  0.226046 -0.175339 0.958206  0.582049 0.951170 1 1 1.000000
0  -13.623910 -104.371597 0.672690  0.252036 -0.190690 0.948744  0.584002 0.953124 1 1 1.000000
skin_0dam
0  -13.623910 -104.371597 0.672690  0.252036 -0.190690 0.948744  0.584002 0.953124 1 1 1.000000
0  -11.208727 -104.728752 0.344087  0.051731 -0.187879 0.980829  0.571307 0.955077 1 1 1.000000
0  -11.261226 -101.767876 0.914095  0.052872 -0.184827 0.981348  0.571307 0.952147 1 1 1.000000
skin_0dam
0  -14.358166 -104.005493 7.495055  0.761919 -0.593528 -0.259238  0.585955 0.927732 1 1 1.000000
0  -14.820515 -103.933868 6.251843  0.894855 -0.289486 -0.339752  0.588885 0.932615 1 1 1.000000
0  -14.182014 -103.555649 6.969668  0.346793 -0.905612 -0.244134  0.584979 0.929685 1 1 1.000000
skin_0dam
0  -4.421387 -105.465096 0.198661  -0.030290 -0.809387 0.586494  0.535173 0.957030 1 1 1.000000
0  2.217377 -105.423294 0.445748  0.004986 -0.813231 0.581920  0.500015 0.957030 1 1 1.000000
0  2.198141 -105.121048 0.500488  -0.052460 -0.198910 0.978613  0.500015 0.957030 1 1 1.000000
skin_0dam
0  2.198141 -105.121048 0.500488  -0.052460 -0.198910 0.978613  0.500015 0.957030 1 1 1.000000
0  -4.442219 -105.149124 0.267128  -0.017048 -0.195283 0.980599  0.535173 0.956053 1 1 1.000000
0  -4.421387 -105.465096 0.198661  -0.030290 -0.809387 0.586494  0.535173 0.957030 1 1 1.000000
skin_0dam
0  -13.323738 -101.461372 1.168659  0.226046 -0.175339 0.958206  0.582049 0.951170 1 1 1.000000
0  -14.152419 -101.325027 1.488206  0.539961 -0.190927 0.819750  0.585955 0.950194 1 1 1.000000
0  -14.502222 -104.210197 1.099452  0.519439 -0.200559 0.830638  0.588885 0.951170 1 1 1.000000
skin_0dam
0  -14.502222 -104.210197 1.099452  0.519439 -0.200559 0.830638  0.588885 0.951170 1 1 1.000000
0  -13.623910 -104.371597 0.672690  0.252036 -0.190690 0.948744  0.584002 0.953124 1 1 1.000000
0  -13.323738 -101.461372 1.168659  0.226046 -0.175339 0.958206  0.582049 0.951170 1 1 1.000000
skin_0dam
0  -15.343104 -104.004929 2.411439  0.970437 -0.181879 0.158658  0.592792 0.946287 1 1 1.000000
0  -15.154906 -104.078323 1.692340  0.827439 -0.200533 0.524530  0.591815 0.949217 1 1 1.000000
0  -14.678626 -101.227928 2.075329  0.849699 -0.203543 0.486397  0.588885 0.947264 1 1 1.000000
skin_0dam
0  -14.678626 -101.227928 2.075329  0.849699 -0.203543 0.486397  0.588885 0.947264 1 1 1.000000
0  -14.869748 -101.209900 2.669962  0.970451 -0.188129 0.151103  0.589862 0.945311 1 1 1.000000
0  -15.343104 -104.004929 2.411439  0.970437 -0.181879 0.158658  0.592792 0.946287 1 1 1.000000
skin_0dam
0  -14.869748 -101.209900 2.669962  0.970451 -0.188129 0.151103  0.589862 0.945311 1 1 1.000000
0  -14.861304 -101.222603 3.622136  0.975884 -0.188838 -0.109501  0.588885 0.942381 1 1 1.000000
0  -15.383136 -103.937286 3.622766  0.979203 -0.183466 -0.086611  0.592792 0.942381 1 1 1.000000
skin_0dam
0  -15.383136 -103.937286 3.622766  0.979203 -0.183466 -0.086611  0.592792 0.942381 1 1 1.000000
0  -15.343104 -104.004929 2.411439  0.970437 -0.181879 0.158658  0.592792 0.946287 1 1 1.000000
0  -14.869748 -101.209900 2.669962  0.970451 -0.188129 0.151103  0.589862 0.945311 1 1 1.000000
skin_0dam
0  -14.861304 -101.222603 3.622136  0.975884 -0.188838 -0.109501  0.588885 0.942381 1 1 1.000000
0  -14.456056 -101.310516 5.551251  0.891804 -0.213846 -0.398691  0.585955 0.935545 1 1 1.000000
0  -14.820515 -103.933868 6.251843  0.894855 -0.289486 -0.339752  0.588885 0.932615 1 1 1.000000
skin_0dam
0  -14.820515 -103.933868 6.251843  0.894855 -0.289486 -0.339752  0.588885 0.932615 1 1 1.000000
0  -15.383136 -103.937286 3.622766  0.979203 -0.183466 -0.086611  0.592792 0.942381 1 1 1.000000
0  -14.861304 -101.222603 3.622136  0.975884 -0.188838 -0.109501  0.588885 0.942381 1 1 1.000000
skin_0dam
0  -14.456056 -101.310516 5.551251  0.891804 -0.213846 -0.398691  0.585955 0.935545 1 1 1.000000
0  -14.096085 -101.387985 6.029303  0.587706 -0.248296 -0.770033  0.584002 0.933592 1 1 1.000000
0  -14.284171 -103.478539 6.563341  0.489518 -0.579444 -0.651626  0.585955 0.931639 1 1 1.000000
skin_0dam
0  -14.284171 -103.478539 6.563341  0.489518 -0.579444 -0.651626  0.585955 0.931639 1 1 1.000000
0  -14.820515 -103.933868 6.251843  0.894855 -0.289486 -0.339752  0.588885 0.932615 1 1 1.000000
0  -14.456056 -101.310516 5.551251  0.891804 -0.213846 -0.398691  0.585955 0.935545 1 1 1.000000
skin_0dam
0  -14.542460 -103.930786 9.869478  -0.204063 -0.977531 0.052831  0.585955 0.919919 1 1 1.000000
0  -15.587871 -103.793533 7.761469  -0.216485 -0.975589 0.036885  0.591815 0.926756 1 1 1.000000
0  -15.065755 -103.904449 7.463683  -0.623148 -0.780017 0.057095  0.589862 0.927732 1 1 1.000000
skin_0dam
0  -15.065755 -103.904449 7.463683  -0.623148 -0.780017 0.057095  0.589862 0.927732 1 1 1.000000
0  -14.126121 -104.019394 9.909770  -0.322868 -0.937815 0.127511  0.584002 0.919919 1 1 1.000000
0  -14.542460 -103.930786 9.869478  -0.204063 -0.977531 0.052831  0.585955 0.919919 1 1 1.000000
skin_0dam
0  -15.065755 -103.904449 7.463683  -0.623148 -0.780017 0.057095  0.589862 0.927732 1 1 1.000000
0  -15.587871 -103.793533 7.761469  -0.216485 -0.975589 0.036885  0.591815 0.926756 1 1 1.000000
0  -15.651484 -103.783264 7.453982  -0.157649 -0.784994 -0.599109  0.592792 0.927732 1 1 1.000000
skin_0dam
0  -1.229502 -105.030205 10.983420  0.012091 -0.997389 -0.071202  0.514664 0.918943 1 1 1.000000
0  4.229861 -104.746384 11.334721  0.099434 -0.992923 -0.064930  0.485366 0.918943 1 1 1.000000
0  4.163228 -104.749298 12.157969  0.093112 -0.994835 0.040425  0.485366 0.916013 1 1 1.000000
skin_0dam
0  4.163228 -104.749298 12.157969  0.093112 -0.994835 0.040425  0.485366 0.916013 1 1 1.000000
0  -1.268702 -105.031693 11.808434  0.005713 -0.999379 0.034772  0.514664 0.916013 1 1 1.000000
0  -1.229502 -105.030205 10.983420  0.012091 -0.997389 -0.071202  0.514664 0.918943 1 1 1.000000
skin_0dam
0  -9.908183 -104.502838 10.427571  -0.097089 -0.992196 -0.078232  0.560564 0.918943 1 1 1.000000
0  -5.459014 -104.877983 10.698460  -0.055047 -0.995485 -0.077327  0.537126 0.918943 1 1 1.000000
0  -5.484496 -104.878754 11.524354  -0.061154 -0.997645 0.031054  0.537126 0.916013 1 1 1.000000
skin_0dam
0  -5.484496 -104.878754 11.524354  -0.061154 -0.997645 0.031054  0.537126 0.916013 1 1 1.000000
0  -9.864367 -104.513794 11.257892  -0.103249 -0.994199 0.030151  0.560564 0.916013 1 1 1.000000
0  -9.908183 -104.502838 10.427571  -0.097089 -0.992196 -0.078232  0.560564 0.918943 1 1 1.000000
skin_0dam
0  -13.192625 -104.094696 10.272936  -0.124124 -0.989321 -0.076396  0.578143 0.917966 1 1 1.000000
0  -9.908183 -104.502838 10.427571  -0.097089 -0.992196 -0.078232  0.560564 0.918943 1 1 1.000000
0  -9.864367 -104.513794 11.257892  -0.103249 -0.994199 0.030151  0.560564 0.916013 1 1 1.000000
skin_0dam
0  -9.864367 -104.513794 11.257892  -0.103249 -0.994199 0.030151  0.560564 0.916013 1 1 1.000000
0  -13.035168 -104.141113 11.082872  -0.124230 -0.991370 0.041864  0.577166 0.916013 1 1 1.000000
0  -13.192625 -104.094696 10.272936  -0.124124 -0.989321 -0.076396  0.578143 0.917966 1 1 1.000000
skin_0dam
0  -1.323425 -104.965088 12.605047  -0.002590 -0.992880 0.119092  0.514664 0.913083 1 1 1.000000
0  -5.511953 -104.824493 12.336479  -0.062391 -0.992240 0.107550  0.537126 0.913083 1 1 1.000000
0  -5.484496 -104.878754 11.524354  -0.061154 -0.997645 0.031054  0.537126 0.916013 1 1 1.000000
skin_0dam
0  -5.484496 -104.878754 11.524354  -0.061154 -0.997645 0.031054  0.537126 0.916013 1 1 1.000000
0  -1.268702 -105.031693 11.808434  0.005713 -0.999379 0.034772  0.514664 0.916013 1 1 1.000000
0  -1.323425 -104.965088 12.605047  -0.002590 -0.992880 0.119092  0.514664 0.913083 1 1 1.000000
skin_0dam
0  -13.229346 -104.109848 11.070487  -0.141818 -0.987812 0.064146  0.578143 0.916013 1 1 1.000000
0  -13.516919 -104.070274 10.141842  0.347713 -0.927680 -0.136033  0.580096 0.918943 1 1 1.000000
0  -13.412477 -104.064796 10.231315  0.047008 -0.993614 -0.102577  0.580096 0.918943 1 1 1.000000
skin_0dam
0  -13.412477 -104.064796 10.231315  0.047008 -0.993614 -0.102577  0.580096 0.918943 1 1 1.000000
0  -13.192625 -104.094696 10.272936  -0.124124 -0.989321 -0.076396  0.578143 0.917966 1 1 1.000000
0  -13.035168 -104.141113 11.082872  -0.124230 -0.991370 0.041864  0.577166 0.916013 1 1 1.000000
skin_0dam
0  -13.035168 -104.141113 11.082872  -0.124230 -0.991370 0.041864  0.577166 0.916013 1 1 1.000000
0  -13.229346 -104.109848 11.070487  -0.141818 -0.987812 0.064146  0.578143 0.916013 1 1 1.000000
0  -13.412477 -104.064796 10.231315  0.047008 -0.993614 -0.102577  0.580096 0.918943 1 1 1.000000
skin_0dam
0  -13.229346 -104.109848 11.070487  -0.141818 -0.987812 0.064146  0.578143 0.916013 1 1 1.000000
0  -13.427057 -104.078751 11.113044  -0.192334 -0.975480 0.106989  0.579119 0.915036 1 1 1.000000
0  -14.126121 -104.019394 9.909770  -0.322868 -0.937815 0.127511  0.584002 0.919919 1 1 1.000000
skin_0dam
0  -13.229346 -104.109848 11.070487  -0.141818 -0.987812 0.064146  0.578143 0.916013 1 1 1.000000
0  -14.126121 -104.019394 9.909770  -0.322868 -0.937815 0.127511  0.584002 0.919919 1 1 1.000000
0  -13.852412 -104.129120 10.037389  -0.273361 -0.948120 0.162300  0.582049 0.918943 1 1 1.000000
skin_0dam
0  -12.951672 -104.053551 11.860833  -0.161411 -0.976316 0.144061  0.577166 0.913083 1 1 1.000000
0  -13.427057 -104.078751 11.113044  -0.192334 -0.975480 0.106989  0.579119 0.915036 1 1 1.000000
0  -13.229346 -104.109848 11.070487  -0.141818 -0.987812 0.064146  0.578143 0.916013 1 1 1.000000
skin_0dam
0  -13.427057 -104.078751 11.113044  -0.192334 -0.975480 0.106989  0.579119 0.915036 1 1 1.000000
0  -13.669106 -104.022362 11.180407  -0.194790 -0.974813 0.108614  0.581072 0.915036 1 1 1.000000
0  -14.542460 -103.930786 9.869478  -0.204063 -0.977531 0.052831  0.585955 0.919919 1 1 1.000000
skin_0dam
0  -14.542460 -103.930786 9.869478  -0.204063 -0.977531 0.052831  0.585955 0.919919 1 1 1.000000
0  -14.126121 -104.019394 9.909770  -0.322868 -0.937815 0.127511  0.584002 0.919919 1 1 1.000000
0  -13.427057 -104.078751 11.113044  -0.192334 -0.975480 0.106989  0.579119 0.915036 1 1 1.000000
skin_0dam
0  -15.676572 -103.561180 11.742350  -0.203187 -0.974687 0.093271  0.590838 0.912107 1 1 1.000000
0  -12.951672 -104.053551 11.860833  -0.161411 -0.976316 0.144061  0.577166 0.913083 1 1 1.000000
0  -11.904885 -103.998177 13.362588  -0.147238 -0.974871 0.167177  0.570330 0.907224 1 1 1.000000
skin_0dam
0  -11.904885 -103.998177 13.362588  -0.147238 -0.974871 0.167177  0.570330 0.907224 1 1 1.000000
0  -15.887859 -103.364479 13.149910  -0.186696 -0.974762 0.122405  0.591815 0.907224 1 1 1.000000
0  -15.676572 -103.561180 11.742350  -0.203187 -0.974687 0.093271  0.590838 0.912107 1 1 1.000000
skin_0dam
0  -11.904885 -103.998177 13.362588  -0.147238 -0.974871 0.167177  0.570330 0.907224 1 1 1.000000
0  -9.663286 -104.239990 13.492081  -0.117457 -0.979395 0.164283  0.558611 0.907224 1 1 1.000000
0  -11.503362 -103.935585 13.940227  -0.146661 -0.973250 0.176845  0.568377 0.905271 1 1 1.000000
skin_0dam
0  -13.229346 -104.109848 11.070487  -0.141818 -0.987812 0.064146  0.578143 0.916013 1 1 1.000000
0  -13.852412 -104.129120 10.037389  -0.273361 -0.948120 0.162300  0.582049 0.918943 1 1 1.000000
0  -13.635756 -104.131599 10.106462  0.226532 -0.972280 -0.057922  0.581072 0.918943 1 1 1.000000
skin_0dam
0  -14.126121 -104.019394 9.909770  -0.322868 -0.937815 0.127511  0.584002 0.919919 1 1 1.000000
0  -15.065755 -103.904449 7.463683  -0.623148 -0.780017 0.057095  0.589862 0.927732 1 1 1.000000
0  -14.756101 -104.150002 7.786340  -0.483072 -0.857757 0.175767  0.587909 0.926756 1 1 1.000000
skin_0dam
0  -14.756101 -104.150002 7.786340  -0.483072 -0.857757 0.175767  0.587909 0.926756 1 1 1.000000
0  -13.852412 -104.129120 10.037389  -0.273361 -0.948120 0.162300  0.582049 0.918943 1 1 1.000000
0  -14.126121 -104.019394 9.909770  -0.322868 -0.937815 0.127511  0.584002 0.919919 1 1 1.000000
skin_0dam
0  -15.784986 -104.178665 3.623904  -0.532325 -0.842554 0.082053  0.594745 0.941404 1 1 1.000000
0  -16.038292 -103.888596 3.677374  -0.820329 -0.559130 0.120138  0.595721 0.941404 1 1 1.000000
0  -16.107643 -103.893188 2.183348  -0.777045 -0.628412 -0.036048  0.596698 0.947264 1 1 1.000000
skin_0dam
0  -16.107643 -103.893188 2.183348  -0.777045 -0.628412 -0.036048  0.596698 0.947264 1 1 1.000000
0  -15.763739 -104.261154 2.287202  -0.486012 -0.873857 -0.012884  0.594745 0.946287 1 1 1.000000
0  -15.784986 -104.178665 3.623904  -0.532325 -0.842554 0.082053  0.594745 0.941404 1 1 1.000000
skin_0dam
0  -15.201817 -104.160339 6.350885  -0.505126 -0.850843 0.144617  0.590838 0.931639 1 1 1.000000
0  -15.434852 -103.910599 6.336587  -0.800258 -0.558502 0.218315  0.591815 0.931639 1 1 1.000000
0  -16.038292 -103.888596 3.677374  -0.820329 -0.559130 0.120138  0.595721 0.941404 1 1 1.000000
skin_0dam
0  -16.038292 -103.888596 3.677374  -0.820329 -0.559130 0.120138  0.595721 0.941404 1 1 1.000000
0  -15.784986 -104.178665 3.623904  -0.532325 -0.842554 0.082053  0.594745 0.941404 1 1 1.000000
0  -15.201817 -104.160339 6.350885  -0.505126 -0.850843 0.144617  0.590838 0.931639 1 1 1.000000
skin_0dam
0  -15.545123 -104.305458 1.501172  -0.470508 -0.864772 -0.175475  0.594745 0.949217 1 1 1.000000
0  -15.902203 -103.965729 1.410187  -0.670532 -0.682835 -0.290040  0.595721 0.950194 1 1 1.000000
0  -15.179320 -104.066566 0.559838  -0.494712 -0.684750 -0.535142  0.592792 0.953124 1 1 1.000000
skin_0dam
0  -15.179320 -104.066566 0.559838  -0.494712 -0.684750 -0.535142  0.592792 0.953124 1 1 1.000000
0  -14.814488 -104.460930 0.789097  -0.362576 -0.882773 -0.298747  0.590838 0.952147 1 1 1.000000
0  -15.545123 -104.305458 1.501172  -0.470508 -0.864772 -0.175475  0.594745 0.949217 1 1 1.000000
skin_0dam
0  -4.396609 -105.023254 -0.543349  -0.008138 -0.580495 -0.814223  0.535173 0.958983 1 1 1.000000
0  2.243037 -104.981430 -0.309999  0.082156 -0.581013 -0.809737  0.500015 0.959960 1 1 1.000000
0  2.241525 -105.394737 0.047400  0.075233 -0.890024 -0.449663  0.500015 0.958983 1 1 1.000000
skin_0dam
0  2.241525 -105.394737 0.047400  0.075233 -0.890024 -0.449663  0.500015 0.958983 1 1 1.000000
0  -4.398121 -105.436577 -0.185950  -0.018670 -0.891091 -0.453440  0.535173 0.958007 1 1 1.000000
0  -4.396609 -105.023254 -0.543349  -0.008138 -0.580495 -0.814223  0.535173 0.958983 1 1 1.000000
skin_0dam
0  -11.233635 -104.620300 -0.429589  -0.111390 -0.568369 -0.815199  0.572283 0.957030 1 1 1.000000
0  -4.396609 -105.023254 -0.543349  -0.008138 -0.580495 -0.814223  0.535173 0.958983 1 1 1.000000
0  -4.398121 -105.436577 -0.185950  -0.018670 -0.891091 -0.453440  0.535173 0.958007 1 1 1.000000
skin_0dam
0  -4.398121 -105.436577 -0.185950  -0.018670 -0.891091 -0.453440  0.535173 0.958007 1 1 1.000000
0  -11.207544 -105.018402 -0.084168  -0.119834 -0.885137 -0.449636  0.571307 0.956053 1 1 1.000000
0  -11.233635 -104.620300 -0.429589  -0.111390 -0.568369 -0.815199  0.572283 0.957030 1 1 1.000000
skin_0dam
0  -13.731494 -104.226120 -0.133780  -0.278242 -0.578450 -0.766797  0.584979 0.956053 1 1 1.000000
0  -11.233635 -104.620300 -0.429589  -0.111390 -0.568369 -0.815199  0.572283 0.957030 1 1 1.000000
0  -11.207544 -105.018402 -0.084168  -0.119834 -0.885137 -0.449636  0.571307 0.956053 1 1 1.000000
skin_0dam
0  -11.207544 -105.018402 -0.084168  -0.119834 -0.885137 -0.449636  0.571307 0.956053 1 1 1.000000
0  -13.719458 -104.652496 0.238246  -0.260714 -0.862597 -0.433537  0.584979 0.954100 1 1 1.000000
0  -13.731494 -104.226120 -0.133780  -0.278242 -0.578450 -0.766797  0.584979 0.956053 1 1 1.000000
skin_0dam
0  -15.179320 -104.066566 0.559838  -0.494712 -0.684750 -0.535142  0.592792 0.953124 1 1 1.000000
0  -13.731494 -104.226120 -0.133780  -0.278242 -0.578450 -0.766797  0.584979 0.956053 1 1 1.000000
0  -13.719458 -104.652496 0.238246  -0.260714 -0.862597 -0.433537  0.584979 0.954100 1 1 1.000000
skin_0dam
0  -13.719458 -104.652496 0.238246  -0.260714 -0.862597 -0.433537  0.584979 0.954100 1 1 1.000000
0  -14.814488 -104.460930 0.789097  -0.362576 -0.882773 -0.298747  0.590838 0.952147 1 1 1.000000
0  -15.179320 -104.066566 0.559838  -0.494712 -0.684750 -0.535142  0.592792 0.953124 1 1 1.000000
skin_0dam
0  -15.065755 -103.904449 7.463683  -0.623148 -0.780017 0.057095  0.589862 0.927732 1 1 1.000000
0  -15.434852 -103.910599 6.336587  -0.800258 -0.558502 0.218315  0.591815 0.931639 1 1 1.000000
0  -15.201817 -104.160339 6.350885  -0.505126 -0.850843 0.144617  0.590838 0.931639 1 1 1.000000
skin_0dam
0  -15.201817 -104.160339 6.350885  -0.505126 -0.850843 0.144617  0.590838 0.931639 1 1 1.000000
0  -14.756101 -104.150002 7.786340  -0.483072 -0.857757 0.175767  0.587909 0.926756 1 1 1.000000
0  -15.065755 -103.904449 7.463683  -0.623148 -0.780017 0.057095  0.589862 0.927732 1 1 1.000000
skin_0dam
0  -15.587871 -103.793533 7.761469  -0.216485 -0.975589 0.036885  0.591815 0.926756 1 1 1.000000
0  -14.542460 -103.930786 9.869478  -0.204063 -0.977531 0.052831  0.585955 0.919919 1 1 1.000000
0  -15.541884 -103.720886 9.778281  -0.215184 -0.975251 0.050816  0.590838 0.919919 1 1 1.000000
skin_0dam
0  -13.669106 -104.022362 11.180407  -0.194790 -0.974813 0.108614  0.581072 0.915036 1 1 1.000000
0  -15.676572 -103.561180 11.742350  -0.203187 -0.974687 0.093271  0.590838 0.912107 1 1 1.000000
0  -15.541884 -103.720886 9.778281  -0.215184 -0.975251 0.050816  0.590838 0.919919 1 1 1.000000
skin_0dam
0  -15.541884 -103.720886 9.778281  -0.215184 -0.975251 0.050816  0.590838 0.919919 1 1 1.000000
0  -14.542460 -103.930786 9.869478  -0.204063 -0.977531 0.052831  0.585955 0.919919 1 1 1.000000
0  -13.669106 -104.022362 11.180407  -0.194790 -0.974813 0.108614  0.581072 0.915036 1 1 1.000000
skin_0dam
0  -12.951672 -104.053551 11.860833  -0.161411 -0.976316 0.144061  0.577166 0.913083 1 1 1.000000
0  -13.669106 -104.022362 11.180407  -0.194790 -0.974813 0.108614  0.581072 0.915036 1 1 1.000000
0  -13.427057 -104.078751 11.113044  -0.192334 -0.975480 0.106989  0.579119 0.915036 1 1 1.000000
skin_0dam
0  -14.358166 -104.005493 7.495055  0.761919 -0.593528 -0.259238  0.585955 0.927732 1 1 1.000000
0  -14.432631 -104.202148 7.738011  0.346433 -0.933058 -0.096885  0.585955 0.927732 1 1 1.000000
0  -14.875325 -104.253677 6.288846  0.479535 -0.866898 -0.136136  0.588885 0.932615 1 1 1.000000
skin_0dam
0  -14.875325 -104.253677 6.288846  0.479535 -0.866898 -0.136136  0.588885 0.932615 1 1 1.000000
0  -14.820515 -103.933868 6.251843  0.894855 -0.289486 -0.339752  0.588885 0.932615 1 1 1.000000
0  -14.358166 -104.005493 7.495055  0.761919 -0.593528 -0.259238  0.585955 0.927732 1 1 1.000000
skin_0dam
0  -14.182014 -103.555649 6.969668  0.346793 -0.905612 -0.244134  0.584979 0.929685 1 1 1.000000
0  -14.820515 -103.933868 6.251843  0.894855 -0.289486 -0.339752  0.588885 0.932615 1 1 1.000000
0  -14.284171 -103.478539 6.563341  0.489518 -0.579444 -0.651626  0.585955 0.931639 1 1 1.000000
skin_0dam
0  -15.887859 -103.364479 13.149910  -0.186696 -0.974762 0.122405  0.591815 0.907224 1 1 1.000000
0  -15.749435 -103.301773 13.738240  -0.151462 -0.973490 0.171394  0.590838 0.905271 1 1 1.000000
0  -16.302719 -103.234207 13.482218  -0.205854 -0.970535 0.125245  0.593768 0.906247 1 1 1.000000
skin_0dam
0  -15.951160 -102.536026 -0.271797  -0.390755 -0.399312 -0.829373  0.596698 0.956053 1 1 1.000000
0  -13.801484 -103.155159 -0.769861  -0.221685 -0.345687 -0.911787  0.584979 0.958007 1 1 1.000000
0  -13.731494 -104.226120 -0.133780  -0.278242 -0.578450 -0.766797  0.584979 0.956053 1 1 1.000000
skin_0dam
0  -13.731494 -104.226120 -0.133780  -0.278242 -0.578450 -0.766797  0.584979 0.956053 1 1 1.000000
0  -15.604480 -103.399780 0.189512  -0.454715 -0.598969 -0.659144  0.594745 0.954100 1 1 1.000000
0  -15.951160 -102.536026 -0.271797  -0.390755 -0.399312 -0.829373  0.596698 0.956053 1 1 1.000000
skin_0dam
0  -15.604480 -103.399780 0.189512  -0.454715 -0.598969 -0.659144  0.594745 0.954100 1 1 1.000000
0  -16.272381 -103.062187 0.423371  -0.542689 -0.666552 -0.511075  0.598651 0.953124 1 1 1.000000
0  -16.703672 -102.175255 -0.029516  -0.403595 -0.428806 -0.808230  0.600604 0.955077 1 1 1.000000
skin_0dam
0  -16.703672 -102.175255 -0.029516  -0.403595 -0.428806 -0.808230  0.600604 0.955077 1 1 1.000000
0  -15.951160 -102.536026 -0.271797  -0.390755 -0.399312 -0.829373  0.596698 0.956053 1 1 1.000000
0  -15.604480 -103.399780 0.189512  -0.454715 -0.598969 -0.659144  0.594745 0.954100 1 1 1.000000
skin_0dam
0  -16.960905 -102.656151 1.566376  -0.719515 -0.553351 0.419643  0.601581 0.949217 1 1 1.000000
0  -17.663874 -102.320724 1.273873  -0.364138 -0.444010 0.818693  0.605487 0.950194 1 1 1.000000
0  -17.381565 -102.802330 1.139001  -0.445344 -0.829317 0.337494  0.603534 0.950194 1 1 1.000000
skin_0dam
0  -17.381565 -102.802330 1.139001  -0.445344 -0.829317 0.337494  0.603534 0.950194 1 1 1.000000
0  -16.667189 -103.109573 1.446104  -0.692563 -0.720951 0.024190  0.599628 0.949217 1 1 1.000000
0  -16.960905 -102.656151 1.566376  -0.719515 -0.553351 0.419643  0.601581 0.949217 1 1 1.000000
skin_0dam
0  -14.814488 -104.460930 0.789097  -0.362576 -0.882773 -0.298747  0.590838 0.952147 1 1 1.000000
0  -14.552455 -104.516052 1.054035  0.179090 -0.842431 0.508170  0.588885 0.951170 1 1 1.000000
0  -15.204423 -104.397919 1.646930  0.313077 -0.887380 0.338438  0.592792 0.949217 1 1 1.000000
skin_0dam
0  -15.204423 -104.397919 1.646930  0.313077 -0.887380 0.338438  0.592792 0.949217 1 1 1.000000
0  -15.545123 -104.305458 1.501172  -0.470508 -0.864772 -0.175475  0.594745 0.949217 1 1 1.000000
0  -14.814488 -104.460930 0.789097  -0.362576 -0.882773 -0.298747  0.590838 0.952147 1 1 1.000000
skin_0dam
0  -15.154906 -104.078323 1.692340  0.827439 -0.200533 0.524530  0.591815 0.949217 1 1 1.000000
0  -15.343104 -104.004929 2.411439  0.970437 -0.181879 0.158658  0.592792 0.946287 1 1 1.000000
0  -15.393504 -104.324562 2.379766  0.525872 -0.839637 0.135902  0.592792 0.946287 1 1 1.000000
skin_0dam
0  -15.393504 -104.324562 2.379766  0.525872 -0.839637 0.135902  0.592792 0.946287 1 1 1.000000
0  -15.204423 -104.397919 1.646930  0.313077 -0.887380 0.338438  0.592792 0.949217 1 1 1.000000
0  -15.154906 -104.078323 1.692340  0.827439 -0.200533 0.524530  0.591815 0.949217 1 1 1.000000
skin_0dam
0  -15.154906 -104.078323 1.692340  0.827439 -0.200533 0.524530  0.591815 0.949217 1 1 1.000000
0  -14.502222 -104.210197 1.099452  0.519439 -0.200559 0.830638  0.588885 0.951170 1 1 1.000000
0  -14.152419 -101.325027 1.488206  0.539961 -0.190927 0.819750  0.585955 0.950194 1 1 1.000000
skin_0dam
0  -14.152419 -101.325027 1.488206  0.539961 -0.190927 0.819750  0.585955 0.950194 1 1 1.000000
0  -14.678626 -101.227928 2.075329  0.849699 -0.203543 0.486397  0.588885 0.947264 1 1 1.000000
0  -15.154906 -104.078323 1.692340  0.827439 -0.200533 0.524530  0.591815 0.949217 1 1 1.000000
skin_0dam
0  -15.763739 -104.261154 2.287202  -0.486012 -0.873857 -0.012884  0.594745 0.946287 1 1 1.000000
0  -16.107643 -103.893188 2.183348  -0.777045 -0.628412 -0.036048  0.596698 0.947264 1 1 1.000000
0  -15.902203 -103.965729 1.410187  -0.670532 -0.682835 -0.290040  0.595721 0.950194 1 1 1.000000
skin_0dam
0  -15.902203 -103.965729 1.410187  -0.670532 -0.682835 -0.290040  0.595721 0.950194 1 1 1.000000
0  -15.545123 -104.305458 1.501172  -0.470508 -0.864772 -0.175475  0.594745 0.949217 1 1 1.000000
0  -15.763739 -104.261154 2.287202  -0.486012 -0.873857 -0.012884  0.594745 0.946287 1 1 1.000000
skin_0dam
0  -16.667189 -103.109573 1.446104  -0.692563 -0.720951 0.024190  0.599628 0.949217 1 1 1.000000
0  -16.342775 -103.478645 1.424574  -0.738994 -0.642170 -0.203728  0.598651 0.949217 1 1 1.000000
0  -16.558535 -103.200043 1.976945  -0.831153 -0.553920 0.048554  0.599628 0.947264 1 1 1.000000
skin_0dam
0  -14.814488 -104.460930 0.789097  -0.362576 -0.882773 -0.298747  0.590838 0.952147 1 1 1.000000
0  -13.719458 -104.652496 0.238246  -0.260714 -0.862597 -0.433537  0.584979 0.954100 1 1 1.000000
0  -13.658828 -104.690445 0.614428  0.024820 -0.825332 0.564102  0.584979 0.953124 1 1 1.000000
skin_0dam
0  -13.658828 -104.690445 0.614428  0.024820 -0.825332 0.564102  0.584979 0.953124 1 1 1.000000
0  -14.552455 -104.516052 1.054035  0.179090 -0.842431 0.508170  0.588885 0.951170 1 1 1.000000
0  -14.814488 -104.460930 0.789097  -0.362576 -0.882773 -0.298747  0.590838 0.952147 1 1 1.000000
skin_0dam
0  -16.633614 -102.846596 0.497297  -0.512387 -0.708375 -0.485454  0.599628 0.953124 1 1 1.000000
0  -16.272381 -103.062187 0.423371  -0.542689 -0.666552 -0.511075  0.598651 0.953124 1 1 1.000000
0  -16.120626 -103.384766 0.901192  -0.630233 -0.692669 -0.350736  0.597674 0.951170 1 1 1.000000
skin_0dam
0  -16.120626 -103.384766 0.901192  -0.630233 -0.692669 -0.350736  0.597674 0.951170 1 1 1.000000
0  -16.545424 -103.089737 1.040208  -0.534165 -0.794315 -0.289362  0.599628 0.951170 1 1 1.000000
0  -16.633614 -102.846596 0.497297  -0.512387 -0.708375 -0.485454  0.599628 0.953124 1 1 1.000000
skin_0dam
0  -17.381565 -102.802330 1.139001  -0.445344 -0.829317 0.337494  0.603534 0.950194 1 1 1.000000
0  -17.321009 -102.799385 0.839469  -0.240827 -0.860267 -0.449381  0.603534 0.951170 1 1 1.000000
0  -16.545424 -103.089737 1.040208  -0.534165 -0.794315 -0.289362  0.599628 0.951170 1 1 1.000000
skin_0dam
0  -16.545424 -103.089737 1.040208  -0.534165 -0.794315 -0.289362  0.599628 0.951170 1 1 1.000000
0  -16.667189 -103.109573 1.446104  -0.692563 -0.720951 0.024190  0.599628 0.949217 1 1 1.000000
0  -17.381565 -102.802330 1.139001  -0.445344 -0.829317 0.337494  0.603534 0.950194 1 1 1.000000
skin_0dam
0  -28.872072 -97.556000 0.332437  -0.541997 -0.826306 -0.153160  0.664083 0.951170 1 1 1.000000
0  -28.814285 -97.346542 -0.090854  -0.488156 -0.795490 -0.359026  0.664083 0.952147 1 1 1.000000
0  -25.264671 -99.298386 -0.019854  -0.335391 -0.753168 -0.565907  0.645528 0.953124 1 1 1.000000
skin_0dam
0  -25.264671 -99.298386 -0.019854  -0.335391 -0.753168 -0.565907  0.645528 0.953124 1 1 1.000000
0  -25.330959 -99.659859 0.443863  -0.427819 -0.883154 -0.192381  0.645528 0.951170 1 1 1.000000
0  -28.872072 -97.556000 0.332437  -0.541997 -0.826306 -0.153160  0.664083 0.951170 1 1 1.000000
skin_0dam
0  -31.690428 -95.400726 0.322723  -0.614305 -0.780094 -0.118671  0.678732 0.950194 1 1 1.000000
0  -31.718395 -95.333450 0.059058  -0.584601 -0.800771 -0.130411  0.678732 0.951170 1 1 1.000000
0  -28.814285 -97.346542 -0.090854  -0.488156 -0.795490 -0.359026  0.664083 0.952147 1 1 1.000000
skin_0dam
0  -28.814285 -97.346542 -0.090854  -0.488156 -0.795490 -0.359026  0.664083 0.952147 1 1 1.000000
0  -28.872072 -97.556000 0.332437  -0.541997 -0.826306 -0.153160  0.664083 0.951170 1 1 1.000000
0  -31.690428 -95.400726 0.322723  -0.614305 -0.780094 -0.118671  0.678732 0.950194 1 1 1.000000
skin_0dam
0  -25.330959 -99.659859 0.443863  -0.427819 -0.883154 -0.192381  0.645528 0.951170 1 1 1.000000
0  -25.264671 -99.298386 -0.019854  -0.335391 -0.753168 -0.565907  0.645528 0.953124 1 1 1.000000
0  -23.493658 -100.047028 0.105659  -0.259184 -0.701346 -0.664031  0.635762 0.953124 1 1 1.000000
skin_0dam
0  -23.493658 -100.047028 0.105659  -0.259184 -0.701346 -0.664031  0.635762 0.953124 1 1 1.000000
0  -22.753134 -100.780075 0.565019  -0.335726 -0.878586 -0.339670  0.631855 0.951170 1 1 1.000000
0  -25.330959 -99.659859 0.443863  -0.427819 -0.883154 -0.192381  0.645528 0.951170 1 1 1.000000
skin_0dam
0  -17.321009 -102.799385 0.839469  -0.240827 -0.860267 -0.449381  0.603534 0.951170 1 1 1.000000
0  -22.753134 -100.780075 0.565019  -0.335726 -0.878586 -0.339670  0.631855 0.951170 1 1 1.000000
0  -22.706226 -100.378220 0.155335  -0.188428 -0.617745 -0.763470  0.631855 0.953124 1 1 1.000000
skin_0dam
0  -22.706226 -100.378220 0.155335  -0.188428 -0.617745 -0.763470  0.631855 0.953124 1 1 1.000000
0  -17.316685 -102.372169 0.427117  -0.253137 -0.641677 -0.723998  0.603534 0.953124 1 1 1.000000
0  -17.321009 -102.799385 0.839469  -0.240827 -0.860267 -0.449381  0.603534 0.951170 1 1 1.000000
skin_0dam
0  -17.316685 -102.372169 0.427117  -0.253137 -0.641677 -0.723998  0.603534 0.953124 1 1 1.000000
0  -16.633614 -102.846596 0.497297  -0.512387 -0.708375 -0.485454  0.599628 0.953124 1 1 1.000000
0  -16.545424 -103.089737 1.040208  -0.534165 -0.794315 -0.289362  0.599628 0.951170 1 1 1.000000
skin_0dam
0  -16.545424 -103.089737 1.040208  -0.534165 -0.794315 -0.289362  0.599628 0.951170 1 1 1.000000
0  -17.321009 -102.799385 0.839469  -0.240827 -0.860267 -0.449381  0.603534 0.951170 1 1 1.000000
0  -17.316685 -102.372169 0.427117  -0.253137 -0.641677 -0.723998  0.603534 0.953124 1 1 1.000000
skin_0dam
0  -16.342775 -103.478645 1.424574  -0.738994 -0.642170 -0.203728  0.598651 0.949217 1 1 1.000000
0  -16.667189 -103.109573 1.446104  -0.692563 -0.720951 0.024190  0.599628 0.949217 1 1 1.000000
0  -16.545424 -103.089737 1.040208  -0.534165 -0.794315 -0.289362  0.599628 0.951170 1 1 1.000000
skin_0dam
0  -16.545424 -103.089737 1.040208  -0.534165 -0.794315 -0.289362  0.599628 0.951170 1 1 1.000000
0  -16.120626 -103.384766 0.901192  -0.630233 -0.692669 -0.350736  0.597674 0.951170 1 1 1.000000
0  -16.342775 -103.478645 1.424574  -0.738994 -0.642170 -0.203728  0.598651 0.949217 1 1 1.000000
skin_0dam
0  -16.272381 -103.062187 0.423371  -0.542689 -0.666552 -0.511075  0.598651 0.953124 1 1 1.000000
0  -15.604480 -103.399780 0.189512  -0.454715 -0.598969 -0.659144  0.594745 0.954100 1 1 1.000000
0  -15.179320 -104.066566 0.559838  -0.494712 -0.684750 -0.535142  0.592792 0.953124 1 1 1.000000
skin_0dam
0  -15.179320 -104.066566 0.559838  -0.494712 -0.684750 -0.535142  0.592792 0.953124 1 1 1.000000
0  -16.120626 -103.384766 0.901192  -0.630233 -0.692669 -0.350736  0.597674 0.951170 1 1 1.000000
0  -16.272381 -103.062187 0.423371  -0.542689 -0.666552 -0.511075  0.598651 0.953124 1 1 1.000000
skin_0dam
0  -15.649907 -103.494499 6.337681  -0.843057 -0.488071 0.225924  0.592792 0.931639 1 1 1.000000
0  -18.265041 -99.605919 6.276681  -0.800390 -0.598577 -0.032874  0.605487 0.931639 1 1 1.000000
0  -18.654531 -99.461960 4.486649  -0.832131 -0.540723 0.123193  0.608417 0.938475 1 1 1.000000
skin_0dam
0  -18.654531 -99.461960 4.486649  -0.832131 -0.540723 0.123193  0.608417 0.938475 1 1 1.000000
0  -16.294971 -103.336761 3.786495  -0.858665 -0.494038 0.136458  0.597674 0.941404 1 1 1.000000
0  -15.649907 -103.494499 6.337681  -0.843057 -0.488071 0.225924  0.592792 0.931639 1 1 1.000000
skin_0dam
0  -15.301520 -103.517052 7.380617  -0.655191 -0.544934 -0.523233  0.590838 0.928709 1 1 1.000000
0  -15.418239 -103.509552 7.042129  -0.828930 -0.489797 0.270138  0.591815 0.929685 1 1 1.000000
0  -15.065755 -103.904449 7.463683  -0.623148 -0.780017 0.057095  0.589862 0.927732 1 1 1.000000
skin_0dam
0  -11.233635 -104.620300 -0.429589  -0.111390 -0.568369 -0.815199  0.572283 0.957030 1 1 1.000000
0  -13.731494 -104.226120 -0.133780  -0.278242 -0.578450 -0.766797  0.584979 0.956053 1 1 1.000000
0  -13.801484 -103.155159 -0.769861  -0.221685 -0.345687 -0.911787  0.584979 0.958007 1 1 1.000000
skin_0dam
0  -13.801484 -103.155159 -0.769861  -0.221685 -0.345687 -0.911787  0.584979 0.958007 1 1 1.000000
0  -11.334418 -103.537125 -1.026238  -0.084722 -0.320100 -0.943588  0.572283 0.959960 1 1 1.000000
0  -11.233635 -104.620300 -0.429589  -0.111390 -0.568369 -0.815199  0.572283 0.957030 1 1 1.000000
skin_0dam
0  -18.654531 -99.461960 4.486649  -0.832131 -0.540723 0.123193  0.608417 0.938475 1 1 1.000000
0  -18.986231 -99.259781 2.824612  -0.816015 -0.551895 0.171847  0.611347 0.944334 1 1 1.000000
0  -16.558535 -103.200043 1.976945  -0.831153 -0.553920 0.048554  0.599628 0.947264 1 1 1.000000
skin_0dam
0  -16.558535 -103.200043 1.976945  -0.831153 -0.553920 0.048554  0.599628 0.947264 1 1 1.000000
0  -16.294971 -103.336761 3.786495  -0.858665 -0.494038 0.136458  0.597674 0.941404 1 1 1.000000
0  -18.654531 -99.461960 4.486649  -0.832131 -0.540723 0.123193  0.608417 0.938475 1 1 1.000000
skin_0dam
0  -16.342775 -103.478645 1.424574  -0.738994 -0.642170 -0.203728  0.598651 0.949217 1 1 1.000000
0  -15.902203 -103.965729 1.410187  -0.670532 -0.682835 -0.290040  0.595721 0.950194 1 1 1.000000
0  -16.107643 -103.893188 2.183348  -0.777045 -0.628412 -0.036048  0.596698 0.947264 1 1 1.000000
skin_0dam
0  -16.107643 -103.893188 2.183348  -0.777045 -0.628412 -0.036048  0.596698 0.947264 1 1 1.000000
0  -16.558535 -103.200043 1.976945  -0.831153 -0.553920 0.048554  0.599628 0.947264 1 1 1.000000
0  -16.342775 -103.478645 1.424574  -0.738994 -0.642170 -0.203728  0.598651 0.949217 1 1 1.000000
skin_0dam
0  -15.418239 -103.509552 7.042129  -0.828930 -0.489797 0.270138  0.591815 0.929685 1 1 1.000000
0  -15.649907 -103.494499 6.337681  -0.843057 -0.488071 0.225924  0.592792 0.931639 1 1 1.000000
0  -15.434852 -103.910599 6.336587  -0.800258 -0.558502 0.218315  0.591815 0.931639 1 1 1.000000
skin_0dam
0  -15.434852 -103.910599 6.336587  -0.800258 -0.558502 0.218315  0.591815 0.931639 1 1 1.000000
0  -15.065755 -103.904449 7.463683  -0.623148 -0.780017 0.057095  0.589862 0.927732 1 1 1.000000
0  -15.418239 -103.509552 7.042129  -0.828930 -0.489797 0.270138  0.591815 0.929685 1 1 1.000000
skin_0dam
0  -15.301520 -103.517052 7.380617  -0.655191 -0.544934 -0.523233  0.590838 0.928709 1 1 1.000000
0  -18.362551 -99.555717 6.463645  -0.442115 -0.495099 -0.747938  0.606464 0.930662 1 1 1.000000
0  -18.265041 -99.605919 6.276681  -0.800390 -0.598577 -0.032874  0.605487 0.931639 1 1 1.000000
skin_0dam
0  -18.265041 -99.605919 6.276681  -0.800390 -0.598577 -0.032874  0.605487 0.931639 1 1 1.000000
0  -15.418239 -103.509552 7.042129  -0.828930 -0.489797 0.270138  0.591815 0.929685 1 1 1.000000
0  -15.301520 -103.517052 7.380617  -0.655191 -0.544934 -0.523233  0.590838 0.928709 1 1 1.000000
skin_0dam
0  -17.390017 -101.824944 0.051477  -0.201395 -0.404973 -0.891873  0.603534 0.954100 1 1 1.000000
0  -17.920925 -96.298988 -1.098839  -0.095360 -0.196748 -0.975806  0.605487 0.958007 1 1 1.000000
0  -16.703672 -102.175255 -0.029516  -0.403595 -0.428806 -0.808230  0.600604 0.955077 1 1 1.000000
skin_0dam
0  -16.633614 -102.846596 0.497297  -0.512387 -0.708375 -0.485454  0.599628 0.953124 1 1 1.000000
0  -17.316685 -102.372169 0.427117  -0.253137 -0.641677 -0.723998  0.603534 0.953124 1 1 1.000000
0  -17.390017 -101.824944 0.051477  -0.201395 -0.404973 -0.891873  0.603534 0.954100 1 1 1.000000
skin_0dam
0  -17.390017 -101.824944 0.051477  -0.201395 -0.404973 -0.891873  0.603534 0.954100 1 1 1.000000
0  -16.703672 -102.175255 -0.029516  -0.403595 -0.428806 -0.808230  0.600604 0.955077 1 1 1.000000
0  -16.633614 -102.846596 0.497297  -0.512387 -0.708375 -0.485454  0.599628 0.953124 1 1 1.000000
skin_0dam
0  -16.703672 -102.175255 -0.029516  -0.403595 -0.428806 -0.808230  0.600604 0.955077 1 1 1.000000
0  -16.272381 -103.062187 0.423371  -0.542689 -0.666552 -0.511075  0.598651 0.953124 1 1 1.000000
0  -16.633614 -102.846596 0.497297  -0.512387 -0.708375 -0.485454  0.599628 0.953124 1 1 1.000000
skin_0dam
0  -28.814285 -97.346542 -0.090854  -0.488156 -0.795490 -0.359026  0.664083 0.952147 1 1 1.000000
0  -28.773672 -97.124451 -0.901396  -0.483225 -0.846537 -0.223312  0.664083 0.955077 1 1 1.000000
0  -25.167990 -98.797745 -0.853639  -0.370711 -0.860277 -0.349996  0.645528 0.956053 1 1 1.000000
skin_0dam
0  -25.167990 -98.797745 -0.853639  -0.370711 -0.860277 -0.349996  0.645528 0.956053 1 1 1.000000
0  -25.264671 -99.298386 -0.019854  -0.335391 -0.753168 -0.565907  0.645528 0.953124 1 1 1.000000
0  -28.814285 -97.346542 -0.090854  -0.488156 -0.795490 -0.359026  0.664083 0.952147 1 1 1.000000
skin_0dam
0  -23.493658 -100.047028 0.105659  -0.259184 -0.701346 -0.664031  0.635762 0.953124 1 1 1.000000
0  -24.263422 -99.535896 -0.149289  -0.263565 -0.777630 -0.570811  0.640645 0.953124 1 1 1.000000
0  -23.896490 -99.613350 -0.208688  -0.126405 -0.661197 -0.739486  0.638691 0.954100 1 1 1.000000
skin_0dam
0  -23.896490 -99.613350 -0.208688  -0.126405 -0.661197 -0.739486  0.638691 0.954100 1 1 1.000000
0  -22.706226 -100.378220 0.155335  -0.188428 -0.617745 -0.763470  0.631855 0.953124 1 1 1.000000
0  -23.493658 -100.047028 0.105659  -0.259184 -0.701346 -0.664031  0.635762 0.953124 1 1 1.000000
skin_0dam
0  -28.733387 -96.888756 -1.932599  -0.484177 -0.842769 -0.235187  0.664083 0.958983 1 1 1.000000
0  -28.663574 -96.665161 -2.768846  -0.478059 -0.831086 -0.284176  0.664083 0.961913 1 1 1.000000
0  -26.057753 -98.059570 -2.646622  -0.419777 -0.836553 -0.352088  0.650410 0.961913 1 1 1.000000
skin_0dam
0  -26.057753 -98.059570 -2.646622  -0.419777 -0.836553 -0.352088  0.650410 0.961913 1 1 1.000000
0  -25.874651 -98.283844 -1.876891  -0.427576 -0.889537 -0.160942  0.649434 0.958983 1 1 1.000000
0  -28.733387 -96.888756 -1.932599  -0.484177 -0.842769 -0.235187  0.664083 0.958983 1 1 1.000000
skin_0dam
0  -25.167990 -98.797745 -0.853639  -0.370711 -0.860277 -0.349996  0.645528 0.956053 1 1 1.000000
0  -24.263422 -99.535896 -0.149289  -0.263565 -0.777630 -0.570811  0.640645 0.953124 1 1 1.000000
0  -25.264671 -99.298386 -0.019854  -0.335391 -0.753168 -0.565907  0.645528 0.953124 1 1 1.000000
skin_0dam
0  -24.263422 -99.535896 -0.149289  -0.263565 -0.777630 -0.570811  0.640645 0.953124 1 1 1.000000
0  -23.493658 -100.047028 0.105659  -0.259184 -0.701346 -0.664031  0.635762 0.953124 1 1 1.000000
0  -25.264671 -99.298386 -0.019854  -0.335391 -0.753168 -0.565907  0.645528 0.953124 1 1 1.000000
skin_0dam
0  -31.718395 -95.333450 0.059058  -0.584601 -0.800771 -0.130411  0.678732 0.951170 1 1 1.000000
0  -31.864189 -95.093567 -0.873743  -0.543019 -0.824466 -0.159331  0.679708 0.954100 1 1 1.000000
0  -28.773672 -97.124451 -0.901396  -0.483225 -0.846537 -0.223312  0.664083 0.955077 1 1 1.000000
skin_0dam
0  -28.773672 -97.124451 -0.901396  -0.483225 -0.846537 -0.223312  0.664083 0.955077 1 1 1.000000
0  -28.814285 -97.346542 -0.090854  -0.488156 -0.795490 -0.359026  0.664083 0.952147 1 1 1.000000
0  -31.718395 -95.333450 0.059058  -0.584601 -0.800771 -0.130411  0.678732 0.951170 1 1 1.000000
skin_0dam
0  -22.753134 -100.780075 0.565019  -0.335726 -0.878586 -0.339670  0.631855 0.951170 1 1 1.000000
0  -23.493658 -100.047028 0.105659  -0.259184 -0.701346 -0.664031  0.635762 0.953124 1 1 1.000000
0  -22.706226 -100.378220 0.155335  -0.188428 -0.617745 -0.763470  0.631855 0.953124 1 1 1.000000
skin_0dam
0  -18.452381 -102.784950 7.249215  0.003494 -0.210642 -0.977557  0.607440 0.927732 1 1 1.000000
0  -18.425940 -103.114304 7.318996  -0.169899 -0.764103 -0.622319  0.607440 0.927732 1 1 1.000000
0  -22.573469 -101.841469 7.000910  -0.212189 -0.750231 -0.626202  0.628925 0.927732 1 1 1.000000
skin_0dam
0  -22.573469 -101.841469 7.000910  -0.212189 -0.750231 -0.626202  0.628925 0.927732 1 1 1.000000
0  -22.586197 -101.511383 6.932012  0.012193 -0.209475 -0.977738  0.628925 0.928709 1 1 1.000000
0  -18.452381 -102.784950 7.249215  0.003494 -0.210642 -0.977557  0.607440 0.927732 1 1 1.000000
skin_0dam
0  -26.848389 -99.748421 6.497531  0.045270 -0.206424 -0.977415  0.652364 0.928709 1 1 1.000000
0  -26.849382 -100.079201 6.565547  -0.274153 -0.731474 -0.624328  0.652364 0.928709 1 1 1.000000
0  -28.564096 -99.065918 6.209889  -0.294916 -0.712000 -0.637244  0.661153 0.929685 1 1 1.000000
skin_0dam
0  -28.564096 -99.065918 6.209889  -0.294916 -0.712000 -0.637244  0.661153 0.929685 1 1 1.000000
0  -28.563108 -98.735130 6.141872  0.158007 -0.208368 -0.965203  0.661153 0.929685 1 1 1.000000
0  -26.848389 -99.748421 6.497531  0.045270 -0.206424 -0.977415  0.652364 0.928709 1 1 1.000000
skin_0dam
0  -30.910160 -96.845840 4.603192  0.706018 -0.204165 -0.678126  0.673849 0.934568 1 1 1.000000
0  -30.568422 -93.989273 4.067270  0.745906 -0.208142 -0.632694  0.670919 0.936522 1 1 1.000000
0  -29.657339 -94.561554 4.965569  0.473870 -0.214005 -0.854195  0.666036 0.933592 1 1 1.000000
skin_0dam
0  -29.657339 -94.561554 4.965569  0.473870 -0.214005 -0.854195  0.666036 0.933592 1 1 1.000000
0  -29.863403 -97.783127 5.619566  0.407080 -0.213263 -0.888147  0.667989 0.931639 1 1 1.000000
0  -30.910160 -96.845840 4.603192  0.706018 -0.204165 -0.678126  0.673849 0.934568 1 1 1.000000
skin_0dam
0  -31.614725 -96.015022 3.291281  0.895933 -0.213969 -0.389258  0.876980 0.855464 1 1 1.000000
0  -31.096132 -93.631363 3.179220  0.907084 -0.204561 -0.367903  0.876980 0.846675 1 1 1.000000
0  -30.568422 -93.989273 4.067270  0.745906 -0.208142 -0.632694  0.873074 0.848628 1 1 1.000000
skin_0dam
0  -30.568422 -93.989273 4.067270  0.745906 -0.208142 -0.632694  0.873074 0.848628 1 1 1.000000
0  -30.910160 -96.845840 4.603192  0.706018 -0.204165 -0.678126  0.870144 0.858394 1 1 1.000000
0  -31.614725 -96.015022 3.291281  0.895933 -0.213969 -0.389258  0.876980 0.855464 1 1 1.000000
skin_0dam
0  -31.934917 -95.302696 1.038277  0.948979 -0.314045 -0.028526  0.888699 0.852535 1 1 1.000000
0  -31.338102 -93.369072 2.005835  0.942237 -0.327366 0.070851  0.883816 0.845698 1 1 1.000000
0  -31.096132 -93.631363 3.179220  0.907084 -0.204561 -0.367903  0.876980 0.846675 1 1 1.000000
skin_0dam
0  -31.096132 -93.631363 3.179220  0.907084 -0.204561 -0.367903  0.876980 0.846675 1 1 1.000000
0  -31.614725 -96.015022 3.291281  0.895933 -0.213969 -0.389258  0.876980 0.855464 1 1 1.000000
0  -31.934917 -95.302696 1.038277  0.948979 -0.314045 -0.028526  0.888699 0.852535 1 1 1.000000
skin_0dam
0  -15.884563 -103.464638 7.384697  -0.016852 -0.226948 -0.973761  0.593768 0.927732 1 1 1.000000
0  -18.452381 -102.784950 7.249215  0.003494 -0.210642 -0.977557  0.607440 0.927732 1 1 1.000000
0  -18.816778 -99.386330 6.517684  -0.040595 -0.241926 -0.969445  0.608417 0.930662 1 1 1.000000
skin_0dam
0  -28.563108 -98.735130 6.141872  0.158007 -0.208368 -0.965203  0.661153 0.929685 1 1 1.000000
0  -28.564096 -99.065918 6.209889  -0.294916 -0.712000 -0.637244  0.661153 0.929685 1 1 1.000000
0  -29.878990 -98.114655 5.700436  -0.239086 -0.742064 -0.626242  0.667989 0.930662 1 1 1.000000
skin_0dam
0  -29.878990 -98.114655 5.700436  -0.239086 -0.742064 -0.626242  0.667989 0.930662 1 1 1.000000
0  -29.863403 -97.783127 5.619566  0.407080 -0.213263 -0.888147  0.667989 0.931639 1 1 1.000000
0  -28.563108 -98.735130 6.141872  0.158007 -0.208368 -0.965203  0.661153 0.929685 1 1 1.000000
skin_0dam
0  -22.586197 -101.511383 6.932012  0.012193 -0.209475 -0.977738  0.628925 0.928709 1 1 1.000000
0  -22.573469 -101.841469 7.000910  -0.212189 -0.750231 -0.626202  0.628925 0.927732 1 1 1.000000
0  -26.849382 -100.079201 6.565547  -0.274153 -0.731474 -0.624328  0.652364 0.928709 1 1 1.000000
skin_0dam
0  -26.849382 -100.079201 6.565547  -0.274153 -0.731474 -0.624328  0.652364 0.928709 1 1 1.000000
0  -26.848389 -99.748421 6.497531  0.045270 -0.206424 -0.977415  0.652364 0.928709 1 1 1.000000
0  -22.586197 -101.511383 6.932012  0.012193 -0.209475 -0.977738  0.628925 0.928709 1 1 1.000000
skin_0dam
0  -15.301520 -103.517052 7.380617  -0.655191 -0.544934 -0.523233  0.590838 0.928709 1 1 1.000000
0  -15.065755 -103.904449 7.463683  -0.623148 -0.780017 0.057095  0.589862 0.927732 1 1 1.000000
0  -15.651484 -103.783264 7.453982  -0.157649 -0.784994 -0.599109  0.592792 0.927732 1 1 1.000000
skin_0dam
0  -15.651484 -103.783264 7.453982  -0.157649 -0.784994 -0.599109  0.592792 0.927732 1 1 1.000000
0  -15.884563 -103.464638 7.384697  -0.016852 -0.226948 -0.973761  0.593768 0.927732 1 1 1.000000
0  -15.301520 -103.517052 7.380617  -0.655191 -0.544934 -0.523233  0.590838 0.928709 1 1 1.000000
skin_0dam
0  -31.934917 -95.302696 1.038277  0.948979 -0.314045 -0.028526  0.888699 0.852535 1 1 1.000000
0  -31.881741 -95.286430 0.627969  0.405001 -0.881301 0.243480  0.890652 0.852535 1 1 1.000000
0  -31.766239 -95.032249 0.773984  0.428764 -0.568342 0.702245  0.889676 0.851558 1 1 1.000000
skin_0dam
0  -31.564039 -95.200920 0.772724  -0.270365 -0.375760 0.886401  0.677755 0.948241 1 1 1.000000
0  -28.823549 -97.181053 0.777905  -0.245984 -0.359863 0.899995  0.664083 0.949217 1 1 1.000000
0  -28.431797 -95.023781 1.746683  -0.243028 -0.367897 0.897546  0.661153 0.945311 1 1 1.000000
skin_0dam
0  -28.431797 -95.023781 1.746683  -0.243028 -0.367897 0.897546  0.661153 0.945311 1 1 1.000000
0  -30.917366 -93.595535 1.659856  -0.261435 -0.383246 0.885875  0.673849 0.945311 1 1 1.000000
0  -31.564039 -95.200920 0.772724  -0.270365 -0.375760 0.886401  0.677755 0.948241 1 1 1.000000
skin_0dam
0  -31.690428 -95.400726 0.322723  -0.614305 -0.780094 -0.118671  0.678732 0.950194 1 1 1.000000
0  -28.872072 -97.556000 0.332437  -0.541997 -0.826306 -0.153160  0.664083 0.951170 1 1 1.000000
0  -28.867613 -97.486649 0.636338  -0.456540 -0.665825 0.590125  0.664083 0.949217 1 1 1.000000
skin_0dam
0  -28.867613 -97.486649 0.636338  -0.456540 -0.665825 0.590125  0.664083 0.949217 1 1 1.000000
0  -31.665827 -95.454376 0.627591  -0.523551 -0.704678 0.478878  0.678732 0.949217 1 1 1.000000
0  -31.690428 -95.400726 0.322723  -0.614305 -0.780094 -0.118671  0.678732 0.950194 1 1 1.000000
skin_0dam
0  -31.718395 -95.333450 0.059058  -0.584601 -0.800771 -0.130411  0.893582 0.852535 1 1 1.000000
0  -31.690428 -95.400726 0.322723  -0.614305 -0.780094 -0.118671  0.892605 0.853511 1 1 1.000000
0  -31.881741 -95.286430 0.627969  0.405001 -0.881301 0.243480  0.890652 0.852535 1 1 1.000000
skin_0dam
0  -31.718395 -95.333450 0.059058  -0.584601 -0.800771 -0.130411  0.893582 0.852535 1 1 1.000000
0  -31.881741 -95.286430 0.627969  0.405001 -0.881301 0.243480  0.890652 0.852535 1 1 1.000000
0  -32.007946 -94.990776 -0.868910  -0.227027 -0.944268 -0.238363  0.898465 0.851558 1 1 1.000000
skin_0dam
0  -32.007946 -94.990776 -0.868910  -0.227027 -0.944268 -0.238363  0.898465 0.851558 1 1 1.000000
0  -31.864189 -95.093567 -0.873743  -0.543019 -0.824466 -0.159331  0.898465 0.851558 1 1 1.000000
0  -31.718395 -95.333450 0.059058  -0.584601 -0.800771 -0.130411  0.893582 0.852535 1 1 1.000000
skin_0dam
0  -32.131001 -94.323196 -2.930074  -0.623973 -0.737540 -0.258249  0.910184 0.849605 1 1 1.000000
0  -31.974483 -94.769272 -1.997134  -0.530378 -0.814139 -0.236383  0.905301 0.850581 1 1 1.000000
0  -32.131969 -94.667191 -1.993180  -0.616215 -0.752135 -0.233609  0.904324 0.850581 1 1 1.000000
skin_0dam
0  -23.243614 -94.797714 -1.367643  0.261690 -0.232129 -0.936822  0.633808 0.958007 1 1 1.000000
0  -22.683666 -99.908646 -0.145394  -0.062408 -0.398735 -0.914940  0.631855 0.954100 1 1 1.000000
0  -23.776608 -99.248924 -0.434487  0.185089 -0.388774 -0.902550  0.637715 0.955077 1 1 1.000000
skin_0dam
0  -28.733387 -96.888756 -1.932599  -0.484177 -0.842769 -0.235187  0.664083 0.958983 1 1 1.000000
0  -28.773672 -97.124451 -0.901396  -0.483225 -0.846537 -0.223312  0.664083 0.955077 1 1 1.000000
0  -31.864189 -95.093567 -0.873743  -0.543019 -0.824466 -0.159331  0.679708 0.954100 1 1 1.000000
skin_0dam
0  -31.864189 -95.093567 -0.873743  -0.543019 -0.824466 -0.159331  0.679708 0.954100 1 1 1.000000
0  -31.974483 -94.769272 -1.997134  -0.530378 -0.814139 -0.236383  0.680685 0.958007 1 1 1.000000
0  -28.733387 -96.888756 -1.932599  -0.484177 -0.842769 -0.235187  0.664083 0.958983 1 1 1.000000
skin_0dam
0  -32.131969 -94.667191 -1.993180  -0.616215 -0.752135 -0.233609  0.904324 0.850581 1 1 1.000000
0  -32.131397 -94.997192 -0.876855  -0.355016 -0.898895 -0.256810  0.898465 0.851558 1 1 1.000000
0  -32.307598 -94.799606 -0.873847  -0.725299 -0.666621 -0.171924  0.898465 0.850581 1 1 1.000000
skin_0dam
0  -32.307598 -94.799606 -0.873847  -0.725299 -0.666621 -0.171924  0.898465 0.850581 1 1 1.000000
0  -32.233700 -94.562225 -1.999433  -0.710323 -0.669366 -0.217694  0.904324 0.849605 1 1 1.000000
0  -32.131969 -94.667191 -1.993180  -0.616215 -0.752135 -0.233609  0.904324 0.850581 1 1 1.000000
skin_0dam
0  -35.976315 -89.271362 -2.198050  -0.929490 -0.122015 -0.348081  0.904324 0.830073 1 1 1.000000
0  -35.954037 -89.435585 -2.197058  -0.885451 -0.312450 -0.344022  0.904324 0.831050 1 1 1.000000
0  -36.272167 -89.506477 -1.059127  -0.910912 -0.334722 -0.241247  0.898465 0.831050 1 1 1.000000
skin_0dam
0  -36.272167 -89.506477 -1.059127  -0.910912 -0.334722 -0.241247  0.898465 0.831050 1 1 1.000000
0  -36.294285 -89.328468 -1.073865  -0.961690 -0.119888 -0.246533  0.898465 0.830073 1 1 1.000000
0  -35.976315 -89.271362 -2.198050  -0.929490 -0.122015 -0.348081  0.904324 0.830073 1 1 1.000000
skin_0dam
0  -35.848736 -89.609283 -2.190759  -0.803063 -0.497359 -0.328214  0.904324 0.832026 1 1 1.000000
0  -33.999630 -92.655533 -2.066362  -0.782098 -0.584220 -0.216816  0.904324 0.842769 1 1 1.000000
0  -34.252750 -92.654137 -0.924063  -0.783934 -0.597975 -0.166953  0.898465 0.842769 1 1 1.000000
skin_0dam
0  -34.252750 -92.654137 -0.924063  -0.783934 -0.597975 -0.166953  0.898465 0.842769 1 1 1.000000
0  -36.167576 -89.666435 -1.052837  -0.815903 -0.533747 -0.222299  0.898465 0.832026 1 1 1.000000
0  -35.848736 -89.609283 -2.190759  -0.803063 -0.497359 -0.328214  0.904324 0.832026 1 1 1.000000
skin_0dam
0  -25.874651 -98.283844 -1.876891  -0.427576 -0.889537 -0.160942  0.649434 0.958983 1 1 1.000000
0  -26.057753 -98.059570 -2.646622  -0.419777 -0.836553 -0.352088  0.650410 0.961913 1 1 1.000000
0  -25.647820 -98.272560 -2.620869  0.080014 -0.916881 -0.391059  0.648457 0.961913 1 1 1.000000
skin_0dam
0  -25.647820 -98.272560 -2.620869  0.080014 -0.916881 -0.391059  0.648457 0.961913 1 1 1.000000
0  -25.464550 -98.483063 -1.864882  0.062729 -0.925983 -0.372316  0.647481 0.958983 1 1 1.000000
0  -25.874651 -98.283844 -1.876891  -0.427576 -0.889537 -0.160942  0.649434 0.958983 1 1 1.000000
skin_0dam
0  -32.131969 -94.667191 -1.993180  -0.616215 -0.752135 -0.233609  0.904324 0.850581 1 1 1.000000
0  -32.007946 -94.990776 -0.868910  -0.227027 -0.944268 -0.238363  0.898465 0.851558 1 1 1.000000
0  -32.131397 -94.997192 -0.876855  -0.355016 -0.898895 -0.256810  0.898465 0.851558 1 1 1.000000
skin_0dam
0  -25.449245 -98.055534 -2.662710  0.805229 -0.389992 -0.446668  0.647481 0.961913 1 1 1.000000
0  -25.236334 -93.965149 -3.051896  0.350446 -0.081414 -0.933038  0.644551 0.963866 1 1 1.000000
0  -24.370283 -94.319183 -2.059361  0.652235 -0.168953 -0.738948  0.639668 0.959960 1 1 1.000000
skin_0dam
0  -24.370283 -94.319183 -2.059361  0.652235 -0.168953 -0.738948  0.639668 0.959960 1 1 1.000000
0  -25.253519 -98.224045 -1.919601  0.759894 -0.437344 -0.480928  0.645528 0.959960 1 1 1.000000
0  -25.449245 -98.055534 -2.662710  0.805229 -0.389992 -0.446668  0.647481 0.961913 1 1 1.000000
skin_0dam
0  -24.747616 -98.555588 -1.143222  0.548254 -0.338747 -0.764636  0.642598 0.957030 1 1 1.000000
0  -24.862419 -98.864700 -1.041079  0.040010 -0.777707 -0.627352  0.643574 0.957030 1 1 1.000000
0  -25.464550 -98.483063 -1.864882  0.062729 -0.925983 -0.372316  0.647481 0.958983 1 1 1.000000
skin_0dam
0  -25.464550 -98.483063 -1.864882  0.062729 -0.925983 -0.372316  0.647481 0.958983 1 1 1.000000
0  -25.253519 -98.224045 -1.919601  0.759894 -0.437344 -0.480928  0.645528 0.959960 1 1 1.000000
0  -24.747616 -98.555588 -1.143222  0.548254 -0.338747 -0.764636  0.642598 0.957030 1 1 1.000000
skin_0dam
0  -33.999630 -92.655533 -2.066362  -0.782098 -0.584220 -0.216816  0.904324 0.842769 1 1 1.000000
0  -32.233700 -94.562225 -1.999433  -0.710323 -0.669366 -0.217694  0.904324 0.849605 1 1 1.000000
0  -32.307598 -94.799606 -0.873847  -0.725299 -0.666621 -0.171924  0.898465 0.850581 1 1 1.000000
skin_0dam
0  -32.307598 -94.799606 -0.873847  -0.725299 -0.666621 -0.171924  0.898465 0.850581 1 1 1.000000
0  -34.252750 -92.654137 -0.924063  -0.783934 -0.597975 -0.166953  0.898465 0.842769 1 1 1.000000
0  -33.999630 -92.655533 -2.066362  -0.782098 -0.584220 -0.216816  0.904324 0.842769 1 1 1.000000
skin_0dam
0  -35.954037 -89.435585 -2.197058  -0.885451 -0.312450 -0.344022  0.904324 0.831050 1 1 1.000000
0  -35.848736 -89.609283 -2.190759  -0.803063 -0.497359 -0.328214  0.904324 0.832026 1 1 1.000000
0  -36.167576 -89.666435 -1.052837  -0.815903 -0.533747 -0.222299  0.898465 0.832026 1 1 1.000000
skin_0dam
0  -36.167576 -89.666435 -1.052837  -0.815903 -0.533747 -0.222299  0.898465 0.832026 1 1 1.000000
0  -36.272167 -89.506477 -1.059127  -0.910912 -0.334722 -0.241247  0.898465 0.831050 1 1 1.000000
0  -35.954037 -89.435585 -2.197058  -0.885451 -0.312450 -0.344022  0.904324 0.831050 1 1 1.000000
skin_0dam
0  -36.120052 -88.024666 -2.259126  -0.927700 -0.121790 -0.352903  0.905301 0.826167 1 1 1.000000
0  -35.976315 -89.271362 -2.198050  -0.929490 -0.122015 -0.348081  0.904324 0.830073 1 1 1.000000
0  -36.294285 -89.328468 -1.073865  -0.961690 -0.119888 -0.246533  0.898465 0.830073 1 1 1.000000
skin_0dam
0  -36.294285 -89.328468 -1.073865  -0.961690 -0.119888 -0.246533  0.898465 0.830073 1 1 1.000000
0  -36.422718 -88.094772 -1.147781  -0.961583 -0.119661 -0.247061  0.898465 0.826167 1 1 1.000000
0  -36.120052 -88.024666 -2.259126  -0.927700 -0.121790 -0.352903  0.905301 0.826167 1 1 1.000000
skin_0dam
0  -25.874651 -98.283844 -1.876891  -0.427576 -0.889537 -0.160942  0.649434 0.958983 1 1 1.000000
0  -25.167990 -98.797745 -0.853639  -0.370711 -0.860277 -0.349996  0.645528 0.956053 1 1 1.000000
0  -28.773672 -97.124451 -0.901396  -0.483225 -0.846537 -0.223312  0.664083 0.955077 1 1 1.000000
skin_0dam
0  -28.773672 -97.124451 -0.901396  -0.483225 -0.846537 -0.223312  0.664083 0.955077 1 1 1.000000
0  -28.733387 -96.888756 -1.932599  -0.484177 -0.842769 -0.235187  0.664083 0.958983 1 1 1.000000
0  -25.874651 -98.283844 -1.876891  -0.427576 -0.889537 -0.160942  0.649434 0.958983 1 1 1.000000
skin_0dam
0  -32.131969 -94.667191 -1.993180  -0.616215 -0.752135 -0.233609  0.904324 0.850581 1 1 1.000000
0  -31.974483 -94.769272 -1.997134  -0.530378 -0.814139 -0.236383  0.905301 0.850581 1 1 1.000000
0  -31.864189 -95.093567 -0.873743  -0.543019 -0.824466 -0.159331  0.898465 0.851558 1 1 1.000000
skin_0dam
0  -31.864189 -95.093567 -0.873743  -0.543019 -0.824466 -0.159331  0.898465 0.851558 1 1 1.000000
0  -32.007946 -94.990776 -0.868910  -0.227027 -0.944268 -0.238363  0.898465 0.851558 1 1 1.000000
0  -32.131969 -94.667191 -1.993180  -0.616215 -0.752135 -0.233609  0.904324 0.850581 1 1 1.000000
skin_0dam
0  -23.776608 -99.248924 -0.434487  0.185089 -0.388774 -0.902550  0.637715 0.955077 1 1 1.000000
0  -23.896490 -99.613350 -0.208688  -0.126405 -0.661197 -0.739486  0.638691 0.954100 1 1 1.000000
0  -24.862419 -98.864700 -1.041079  0.040010 -0.777707 -0.627352  0.643574 0.957030 1 1 1.000000
skin_0dam
0  -24.862419 -98.864700 -1.041079  0.040010 -0.777707 -0.627352  0.643574 0.957030 1 1 1.000000
0  -24.747616 -98.555588 -1.143222  0.548254 -0.338747 -0.764636  0.642598 0.957030 1 1 1.000000
0  -23.776608 -99.248924 -0.434487  0.185089 -0.388774 -0.902550  0.637715 0.955077 1 1 1.000000
skin_0dam
0  -26.057753 -98.059570 -2.646622  -0.419777 -0.836553 -0.352088  0.650410 0.961913 1 1 1.000000
0  -25.625914 -98.106201 -2.881071  0.263646 -0.539815 -0.799432  0.648457 0.962889 1 1 1.000000
0  -25.647820 -98.272560 -2.620869  0.080014 -0.916881 -0.391059  0.648457 0.961913 1 1 1.000000
skin_0dam
0  -32.011028 -95.554810 0.922380  0.161948 -0.965439 -0.204207  0.888699 0.853511 1 1 1.000000
0  -32.131397 -94.997192 -0.876855  -0.355016 -0.898895 -0.256810  0.898465 0.851558 1 1 1.000000
0  -32.007946 -94.990776 -0.868910  -0.227027 -0.944268 -0.238363  0.898465 0.851558 1 1 1.000000
skin_0dam
0  -32.011028 -95.554810 0.922380  0.161948 -0.965439 -0.204207  0.888699 0.853511 1 1 1.000000
0  -32.007946 -94.990776 -0.868910  -0.227027 -0.944268 -0.238363  0.898465 0.851558 1 1 1.000000
0  -31.881741 -95.286430 0.627969  0.405001 -0.881301 0.243480  0.890652 0.852535 1 1 1.000000
skin_0dam
0  -32.011028 -95.554810 0.922380  0.161948 -0.965439 -0.204207  0.888699 0.853511 1 1 1.000000
0  -31.881741 -95.286430 0.627969  0.405001 -0.881301 0.243480  0.890652 0.852535 1 1 1.000000
0  -31.934917 -95.302696 1.038277  0.948979 -0.314045 -0.028526  0.888699 0.852535 1 1 1.000000
skin_0dam
0  -24.078867 -97.168114 1.937714  -0.210115 -0.346922 0.914055  0.637715 0.946287 1 1 1.000000
0  -28.431797 -95.023781 1.746683  -0.243028 -0.367897 0.897546  0.661153 0.945311 1 1 1.000000
0  -28.823549 -97.181053 0.777905  -0.245984 -0.359863 0.899995  0.664083 0.949217 1 1 1.000000
skin_0dam
0  -28.823549 -97.181053 0.777905  -0.245984 -0.359863 0.899995  0.664083 0.949217 1 1 1.000000
0  -25.327164 -99.218323 0.886635  -0.217040 -0.344385 0.913396  0.645528 0.949217 1 1 1.000000
0  -24.078867 -97.168114 1.937714  -0.210115 -0.346922 0.914055  0.637715 0.946287 1 1 1.000000
skin_0dam
0  -31.881741 -95.286430 0.627969  0.405001 -0.881301 0.243480  0.890652 0.852535 1 1 1.000000
0  -31.665827 -95.454376 0.627591  -0.523551 -0.704678 0.478878  0.890652 0.853511 1 1 1.000000
0  -31.564039 -95.200920 0.772724  -0.270365 -0.375760 0.886401  0.889676 0.852535 1 1 1.000000
skin_0dam
0  -31.564039 -95.200920 0.772724  -0.270365 -0.375760 0.886401  0.889676 0.852535 1 1 1.000000
0  -31.766239 -95.032249 0.773984  0.428764 -0.568342 0.702245  0.889676 0.851558 1 1 1.000000
0  -31.881741 -95.286430 0.627969  0.405001 -0.881301 0.243480  0.890652 0.852535 1 1 1.000000
skin_0dam
0  -18.986231 -99.259781 2.824612  -0.816015 -0.551895 0.171847  0.611347 0.944334 1 1 1.000000
0  -19.188316 -99.146484 2.439548  -0.683504 -0.543662 0.487088  0.612323 0.945311 1 1 1.000000
0  -16.960905 -102.656151 1.566376  -0.719515 -0.553351 0.419643  0.601581 0.949217 1 1 1.000000
skin_0dam
0  -16.960905 -102.656151 1.566376  -0.719515 -0.553351 0.419643  0.601581 0.949217 1 1 1.000000
0  -16.558535 -103.200043 1.976945  -0.831153 -0.553920 0.048554  0.599628 0.947264 1 1 1.000000
0  -18.986231 -99.259781 2.824612  -0.816015 -0.551895 0.171847  0.611347 0.944334 1 1 1.000000
skin_0dam
0  -24.078867 -97.168114 1.937714  -0.210115 -0.346922 0.914055  0.637715 0.946287 1 1 1.000000
0  -25.327164 -99.218323 0.886635  -0.217040 -0.344385 0.913396  0.645528 0.949217 1 1 1.000000
0  -22.830208 -100.370308 1.002515  -0.194529 -0.349889 0.916371  0.632832 0.949217 1 1 1.000000
skin_0dam
0  -31.665827 -95.454376 0.627591  -0.523551 -0.704678 0.478878  0.678732 0.949217 1 1 1.000000
0  -28.867613 -97.486649 0.636338  -0.456540 -0.665825 0.590125  0.664083 0.949217 1 1 1.000000
0  -28.823549 -97.181053 0.777905  -0.245984 -0.359863 0.899995  0.664083 0.949217 1 1 1.000000
skin_0dam
0  -28.823549 -97.181053 0.777905  -0.245984 -0.359863 0.899995  0.664083 0.949217 1 1 1.000000
0  -31.564039 -95.200920 0.772724  -0.270365 -0.375760 0.886401  0.677755 0.948241 1 1 1.000000
0  -31.665827 -95.454376 0.627591  -0.523551 -0.704678 0.478878  0.678732 0.949217 1 1 1.000000
skin_0dam
0  -19.188316 -99.146484 2.439548  -0.683504 -0.543662 0.487088  0.612323 0.945311 1 1 1.000000
0  -19.527460 -98.998863 2.225073  -0.319543 -0.417333 0.850720  0.614277 0.946287 1 1 1.000000
0  -17.663874 -102.320724 1.273873  -0.364138 -0.444010 0.818693  0.605487 0.950194 1 1 1.000000
skin_0dam
0  -17.663874 -102.320724 1.273873  -0.364138 -0.444010 0.818693  0.605487 0.950194 1 1 1.000000
0  -16.960905 -102.656151 1.566376  -0.719515 -0.553351 0.419643  0.601581 0.949217 1 1 1.000000
0  -19.188316 -99.146484 2.439548  -0.683504 -0.543662 0.487088  0.612323 0.945311 1 1 1.000000
skin_0dam
0  -31.116539 -93.468063 1.647408  0.341390 -0.514729 0.786452  0.885769 0.846675 1 1 1.000000
0  -31.338102 -93.369072 2.005835  0.942237 -0.327366 0.070851  0.883816 0.845698 1 1 1.000000
0  -31.934917 -95.302696 1.038277  0.948979 -0.314045 -0.028526  0.888699 0.852535 1 1 1.000000
skin_0dam
0  -31.934917 -95.302696 1.038277  0.948979 -0.314045 -0.028526  0.888699 0.852535 1 1 1.000000
0  -31.766239 -95.032249 0.773984  0.428764 -0.568342 0.702245  0.889676 0.851558 1 1 1.000000
0  -31.116539 -93.468063 1.647408  0.341390 -0.514729 0.786452  0.885769 0.846675 1 1 1.000000
skin_0dam
0  -39.658131 -83.841232 15.647857  -0.988727 -0.115830 -0.094879  0.807642 0.810541 1 1 1.000000
0  -39.657719 -83.951416 15.730348  -0.911698 -0.363218 0.192039  0.806665 0.810541 1 1 1.000000
0  -40.033825 -81.930054 17.366653  -0.909030 -0.335708 0.246911  0.797876 0.803705 1 1 1.000000
skin_0dam
0  -40.033825 -81.930054 17.366653  -0.909030 -0.335708 0.246911  0.797876 0.803705 1 1 1.000000
0  -40.033527 -81.833618 17.284176  -0.990623 -0.110267 -0.080672  0.798853 0.802728 1 1 1.000000
0  -39.658131 -83.841232 15.647857  -0.988727 -0.115830 -0.094879  0.807642 0.810541 1 1 1.000000
skin_0dam
0  -35.480343 -92.174210 8.321948  -0.817418 -0.575466 0.025837  0.848659 0.840815 1 1 1.000000
0  -33.836010 -94.473068 8.448987  -0.774117 -0.632957 0.010406  0.847682 0.849605 1 1 1.000000
0  -34.248753 -93.707336 10.810583  -0.802479 -0.592250 0.072570  0.834986 0.846675 1 1 1.000000
skin_0dam
0  -34.248753 -93.707336 10.810583  -0.802479 -0.592250 0.072570  0.834986 0.846675 1 1 1.000000
0  -35.932079 -91.272636 10.750366  -0.827932 -0.553702 0.089122  0.834986 0.837886 1 1 1.000000
0  -35.480343 -92.174210 8.321948  -0.817418 -0.575466 0.025837  0.848659 0.840815 1 1 1.000000
skin_0dam
0  -36.365238 -89.915001 13.594958  -0.843827 -0.503439 0.185757  0.819361 0.833003 1 1 1.000000
0  -34.811268 -92.204247 14.474792  -0.844804 -0.513456 0.150567  0.815455 0.840815 1 1 1.000000
0  -35.689945 -89.809326 16.107414  -0.834751 -0.462937 0.298128  0.806665 0.832026 1 1 1.000000
skin_0dam
0  -35.689945 -89.809326 16.107414  -0.834751 -0.462937 0.298128  0.806665 0.832026 1 1 1.000000
0  -36.632984 -88.466682 15.512544  -0.840416 -0.459717 0.286987  0.809595 0.827143 1 1 1.000000
0  -36.365238 -89.915001 13.594958  -0.843827 -0.503439 0.185757  0.819361 0.833003 1 1 1.000000
skin_0dam
0  -36.166805 -85.531624 19.632805  -0.777269 -0.424681 0.464219  0.787133 0.817377 1 1 1.000000
0  -36.992374 -84.279099 19.431423  -0.771840 -0.439632 0.459333  0.788110 0.812494 1 1 1.000000
0  -36.833729 -86.573792 17.532162  -0.816776 -0.426513 0.388540  0.798853 0.820307 1 1 1.000000
skin_0dam
0  -36.833729 -86.573792 17.532162  -0.816776 -0.426513 0.388540  0.798853 0.820307 1 1 1.000000
0  -36.062588 -87.760132 17.881947  -0.809422 -0.424657 0.405589  0.796899 0.825190 1 1 1.000000
0  -36.166805 -85.531624 19.632805  -0.777269 -0.424681 0.464219  0.787133 0.817377 1 1 1.000000
skin_0dam
0  -36.632984 -88.466682 15.512544  -0.840416 -0.459717 0.286987  0.809595 0.827143 1 1 1.000000
0  -35.689945 -89.809326 16.107414  -0.834751 -0.462937 0.298128  0.806665 0.832026 1 1 1.000000
0  -36.062588 -87.760132 17.881947  -0.809422 -0.424657 0.405589  0.796899 0.825190 1 1 1.000000
skin_0dam
0  -36.062588 -87.760132 17.881947  -0.809422 -0.424657 0.405589  0.796899 0.825190 1 1 1.000000
0  -36.833729 -86.573792 17.532162  -0.816776 -0.426513 0.388540  0.798853 0.820307 1 1 1.000000
0  -36.632984 -88.466682 15.512544  -0.840416 -0.459717 0.286987  0.809595 0.827143 1 1 1.000000
skin_0dam
0  -36.365238 -89.915001 13.594958  -0.843827 -0.503439 0.185757  0.819361 0.833003 1 1 1.000000
0  -36.854298 -89.196327 13.317212  -0.822905 -0.529744 0.205426  0.821314 0.830073 1 1 1.000000
0  -36.441456 -90.485939 10.733550  -0.818712 -0.564182 0.106815  0.834986 0.834956 1 1 1.000000
skin_0dam
0  -36.441456 -90.485939 10.733550  -0.818712 -0.564182 0.106815  0.834986 0.834956 1 1 1.000000
0  -35.932079 -91.272636 10.750366  -0.827932 -0.553702 0.089122  0.834986 0.837886 1 1 1.000000
0  -36.365238 -89.915001 13.594958  -0.843827 -0.503439 0.185757  0.819361 0.833003 1 1 1.000000
skin_0dam
0  -40.350803 -79.878265 18.703411  -0.888022 -0.198625 0.414687  0.791040 0.795892 1 1 1.000000
0  -40.408703 -78.682831 17.778801  -0.993164 0.040458 0.109489  0.795923 0.791986 1 1 1.000000
0  -40.380962 -78.833054 17.683640  -0.991546 -0.104148 -0.077389  0.796899 0.791986 1 1 1.000000
skin_0dam
0  -40.380962 -78.833054 17.683640  -0.991546 -0.104148 -0.077389  0.796899 0.791986 1 1 1.000000
0  -40.338795 -79.905319 18.538605  -0.991381 -0.105149 -0.078150  0.792016 0.795892 1 1 1.000000
0  -40.350803 -79.878265 18.703411  -0.888022 -0.198625 0.414687  0.791040 0.795892 1 1 1.000000
skin_0dam
0  -37.009762 -84.114510 19.568668  -0.672420 -0.363673 0.644666  0.787133 0.811518 1 1 1.000000
0  -37.583530 -83.276115 19.437519  -0.666465 -0.383075 0.639592  0.788110 0.808588 1 1 1.000000
0  -37.566143 -83.440689 19.300274  -0.739291 -0.469417 0.482800  0.789087 0.809564 1 1 1.000000
skin_0dam
0  -37.566143 -83.440689 19.300274  -0.739291 -0.469417 0.482800  0.789087 0.809564 1 1 1.000000
0  -36.992374 -84.279099 19.431423  -0.771840 -0.439632 0.459333  0.788110 0.812494 1 1 1.000000
0  -37.009762 -84.114510 19.568668  -0.672420 -0.363673 0.644666  0.787133 0.811518 1 1 1.000000
skin_0dam
0  -37.566143 -83.440689 19.300274  -0.739291 -0.469417 0.482800  0.789087 0.809564 1 1 1.000000
0  -37.583530 -83.276115 19.437519  -0.666465 -0.383075 0.639592  0.788110 0.808588 1 1 1.000000
0  -40.350803 -79.878265 18.703411  -0.888022 -0.198625 0.414687  0.791040 0.795892 1 1 1.000000
skin_0dam
0  -40.350803 -79.878265 18.703411  -0.888022 -0.198625 0.414687  0.791040 0.795892 1 1 1.000000
0  -40.231312 -80.189133 18.599918  -0.703841 -0.464152 0.537746  0.792016 0.796869 1 1 1.000000
0  -37.566143 -83.440689 19.300274  -0.739291 -0.469417 0.482800  0.789087 0.809564 1 1 1.000000
skin_0dam
0  -35.912281 -85.407990 19.870155  -0.135660 -0.203445 0.969643  0.786157 0.816401 1 1 1.000000
0  -36.969463 -83.933197 19.654495  -0.562931 -0.273705 0.779868  0.787133 0.811518 1 1 1.000000
0  -37.009762 -84.114510 19.568668  -0.672420 -0.363673 0.644666  0.787133 0.811518 1 1 1.000000
skin_0dam
0  -37.009762 -84.114510 19.568668  -0.672420 -0.363673 0.644666  0.787133 0.811518 1 1 1.000000
0  -36.023098 -85.606720 19.821136  -0.181834 -0.484493 0.855689  0.786157 0.817377 1 1 1.000000
0  -35.912281 -85.407990 19.870155  -0.135660 -0.203445 0.969643  0.786157 0.816401 1 1 1.000000
skin_0dam
0  -40.368580 -78.515289 17.878372  -0.967411 0.126984 0.219068  0.795923 0.791009 1 1 1.000000
0  -40.408703 -78.682831 17.778801  -0.993164 0.040458 0.109489  0.795923 0.791986 1 1 1.000000
0  -40.350803 -79.878265 18.703411  -0.888022 -0.198625 0.414687  0.791040 0.795892 1 1 1.000000
skin_0dam
0  -40.350803 -79.878265 18.703411  -0.888022 -0.198625 0.414687  0.791040 0.795892 1 1 1.000000
0  -40.324223 -79.697662 18.788353  -0.902877 -0.023795 0.429241  0.790063 0.794916 1 1 1.000000
0  -40.368580 -78.515289 17.878372  -0.967408 0.127015 0.219066  0.795923 0.791009 1 1 1.000000
skin_0dam
0  -37.543224 -83.094795 19.523338  -0.567558 -0.286367 0.771927  0.787133 0.807611 1 1 1.000000
0  -37.583530 -83.276115 19.437519  -0.666465 -0.383075 0.639592  0.788110 0.808588 1 1 1.000000
0  -37.009762 -84.114510 19.568668  -0.672420 -0.363673 0.644666  0.787133 0.811518 1 1 1.000000
skin_0dam
0  -37.009762 -84.114510 19.568668  -0.672420 -0.363673 0.644666  0.787133 0.811518 1 1 1.000000
0  -36.969463 -83.933197 19.654495  -0.562931 -0.273705 0.779868  0.787133 0.811518 1 1 1.000000
0  -37.543224 -83.094795 19.523338  -0.567558 -0.286367 0.771927  0.787133 0.807611 1 1 1.000000
skin_0dam
0  -40.324223 -79.697662 18.788353  -0.902877 -0.023795 0.429241  0.790063 0.794916 1 1 1.000000
0  -40.350803 -79.878265 18.703411  -0.888022 -0.198625 0.414687  0.791040 0.795892 1 1 1.000000
0  -37.583530 -83.276115 19.437519  -0.666465 -0.383075 0.639592  0.788110 0.808588 1 1 1.000000
skin_0dam
0  -37.583530 -83.276115 19.437519  -0.666465 -0.383075 0.639592  0.788110 0.808588 1 1 1.000000
0  -37.543224 -83.094795 19.523338  -0.567558 -0.286367 0.771927  0.787133 0.807611 1 1 1.000000
0  -40.324223 -79.697662 18.788353  -0.902877 -0.023795 0.429241  0.790063 0.794916 1 1 1.000000
skin_0dam
0  -19.743769 -99.577644 19.146511  -0.645264 -0.745149 0.168486  0.609394 0.884762 1 1 1.000000
0  -14.677902 -101.037056 19.509277  0.201155 -0.734854 0.647709  0.582049 0.884762 1 1 1.000000
0  -14.668571 -100.857315 19.648277  0.180105 -0.611859 0.770189  0.582049 0.884762 1 1 1.000000
skin_0dam
0  -14.668571 -100.857315 19.648277  0.180105 -0.611859 0.770189  0.582049 0.884762 1 1 1.000000
0  -19.944103 -99.367439 19.299717  -0.417899 -0.758810 0.499568  0.610370 0.884762 1 1 1.000000
0  -19.743769 -99.577644 19.146511  -0.645264 -0.745149 0.168486  0.609394 0.884762 1 1 1.000000
skin_0dam
0  -36.023098 -85.606720 19.821136  -0.181834 -0.484493 0.855689  0.786157 0.817377 1 1 1.000000
0  -36.166805 -85.531624 19.632805  -0.777269 -0.424681 0.464219  0.787133 0.817377 1 1 1.000000
0  -36.062588 -87.760132 17.881947  -0.809422 -0.424657 0.405589  0.796899 0.825190 1 1 1.000000
skin_0dam
0  -36.062588 -87.760132 17.881947  -0.809422 -0.424657 0.405589  0.796899 0.825190 1 1 1.000000
0  -35.886356 -88.026588 17.933926  -0.512107 -0.588462 0.625667  0.796899 0.826167 1 1 1.000000
0  -36.023098 -85.606720 19.821136  -0.181834 -0.484493 0.855689  0.786157 0.817377 1 1 1.000000
skin_0dam
0  -37.009762 -84.114510 19.568668  -0.672420 -0.363673 0.644666  0.787133 0.811518 1 1 1.000000
0  -36.992374 -84.279099 19.431423  -0.771840 -0.439632 0.459333  0.788110 0.812494 1 1 1.000000
0  -36.166805 -85.531624 19.632805  -0.777269 -0.424681 0.464219  0.787133 0.817377 1 1 1.000000
skin_0dam
0  -36.166805 -85.531624 19.632805  -0.777269 -0.424681 0.464219  0.787133 0.817377 1 1 1.000000
0  -36.023098 -85.606720 19.821136  -0.181834 -0.484493 0.855689  0.786157 0.817377 1 1 1.000000
0  -37.009762 -84.114510 19.568668  -0.672420 -0.363673 0.644666  0.787133 0.811518 1 1 1.000000
skin_0dam
0  -14.559090 -101.775970 18.259842  -0.230099 -0.864021 0.447797  0.583026 0.889645 1 1 1.000000
0  -14.349764 -101.834007 18.273129  0.316968 -0.771245 0.552007  0.581072 0.889645 1 1 1.000000
0  -14.677902 -101.037056 19.509277  0.201155 -0.734854 0.647709  0.582049 0.884762 1 1 1.000000
skin_0dam
0  -14.677902 -101.037056 19.509277  0.201155 -0.734854 0.647709  0.582049 0.884762 1 1 1.000000
0  -14.862001 -101.046715 19.373302  -0.263730 -0.836540 0.480258  0.584002 0.884762 1 1 1.000000
0  -14.559090 -101.775970 18.259842  -0.230099 -0.864021 0.447797  0.583026 0.889645 1 1 1.000000
skin_0dam
0  -14.677902 -101.037056 19.509277  0.201155 -0.734854 0.647709  0.582049 0.884762 1 1 1.000000
0  -14.559110 -100.906860 19.489666  0.720670 -0.518392 0.460330  0.582049 0.884762 1 1 1.000000
0  -14.561353 -100.769073 19.627811  0.632796 -0.534500 0.560249  0.582049 0.884762 1 1 1.000000
skin_0dam
0  -14.677902 -101.037056 19.509277  0.201155 -0.734854 0.647709  0.582049 0.884762 1 1 1.000000
0  -19.743769 -99.577644 19.146511  -0.645264 -0.745149 0.168486  0.609394 0.884762 1 1 1.000000
0  -19.437782 -99.754776 19.041561  -0.263017 -0.780873 0.566621  0.607440 0.885739 1 1 1.000000
skin_0dam
0  -19.437782 -99.754776 19.041561  -0.263017 -0.780873 0.566621  0.607440 0.885739 1 1 1.000000
0  -14.862001 -101.046715 19.373302  -0.263730 -0.836540 0.480258  0.584002 0.884762 1 1 1.000000
0  -14.677902 -101.037056 19.509277  0.201155 -0.734854 0.647709  0.582049 0.884762 1 1 1.000000
skin_0dam
0  -19.788324 -99.497276 19.130074  -0.796125 -0.458133 -0.395348  0.609394 0.884762 1 1 1.000000
0  -19.743769 -99.577644 19.146511  -0.645264 -0.745149 0.168486  0.609394 0.884762 1 1 1.000000
0  -19.944103 -99.367439 19.299717  -0.417899 -0.758810 0.499568  0.610370 0.884762 1 1 1.000000
skin_0dam
0  -0.409086 -101.838379 21.195702  -0.490691 -0.758784 0.428333  0.505875 0.881832 1 1 1.000000
0  -0.564021 -101.639626 21.296623  -0.626984 -0.740672 0.241445  0.506851 0.881832 1 1 1.000000
0  -0.467020 -101.731171 21.150890  -0.806688 -0.555464 -0.201777  0.505875 0.881832 1 1 1.000000
skin_0dam
0  -14.668571 -100.857315 19.648277  0.180105 -0.611859 0.770189  0.582049 0.884762 1 1 1.000000
0  -14.677902 -101.037056 19.509277  0.201155 -0.734854 0.647709  0.582049 0.884762 1 1 1.000000
0  -14.561353 -100.769073 19.627811  0.632796 -0.534500 0.560249  0.582049 0.884762 1 1 1.000000
skin_0dam
0  -19.788324 -99.497276 19.130074  -0.796125 -0.458133 -0.395348  0.609394 0.884762 1 1 1.000000
0  -18.562263 -100.702324 18.005661  -0.810463 -0.494920 -0.313375  0.603534 0.889645 1 1 1.000000
0  -18.488850 -100.808754 18.023884  -0.569645 -0.794976 0.208612  0.603534 0.889645 1 1 1.000000
skin_0dam
0  -18.488850 -100.808754 18.023884  -0.569645 -0.794976 0.208612  0.603534 0.889645 1 1 1.000000
0  -19.743769 -99.577644 19.146511  -0.645264 -0.745149 0.168486  0.609394 0.884762 1 1 1.000000
0  -19.788324 -99.497276 19.130074  -0.796125 -0.458133 -0.395348  0.609394 0.884762 1 1 1.000000
skin_0dam
0  0.019918 -102.174980 20.381023  -0.898047 -0.401089 -0.180661  0.503922 0.884762 1 1 1.000000
0  -0.467020 -101.731171 21.150890  -0.806688 -0.555464 -0.201777  0.505875 0.881832 1 1 1.000000
0  -0.516680 -101.596054 20.954971  -0.770329 -0.604944 -0.201584  0.505875 0.882809 1 1 1.000000
skin_0dam
0  -0.516680 -101.596054 20.954971  -0.770329 -0.604944 -0.201584  0.505875 0.882809 1 1 1.000000
0  -0.069776 -101.917847 20.279404  -0.884477 -0.416358 -0.210585  0.503922 0.885739 1 1 1.000000
0  0.019918 -102.174980 20.381023  -0.898047 -0.401089 -0.180661  0.503922 0.884762 1 1 1.000000
skin_0dam
0  -14.677902 -101.037056 19.509277  0.201155 -0.734854 0.647709  0.582049 0.884762 1 1 1.000000
0  -14.349764 -101.834007 18.273129  0.316968 -0.771245 0.552007  0.581072 0.889645 1 1 1.000000
0  -14.259835 -101.677742 18.251736  0.824282 -0.329686 0.460290  0.581072 0.889645 1 1 1.000000
skin_0dam
0  -14.259835 -101.677742 18.251736  0.824282 -0.329686 0.460290  0.581072 0.889645 1 1 1.000000
0  -14.559110 -100.906860 19.489666  0.720670 -0.518392 0.460330  0.582049 0.884762 1 1 1.000000
0  -14.677902 -101.037056 19.509277  0.201155 -0.734854 0.647709  0.582049 0.884762 1 1 1.000000
skin_0dam
0  -14.559110 -100.906860 19.489666  0.720670 -0.518392 0.460330  0.582049 0.884762 1 1 1.000000
0  -14.506217 -100.848999 19.479424  0.717782 -0.536010 0.444389  0.582049 0.884762 1 1 1.000000
0  -14.561353 -100.769073 19.627811  0.632796 -0.534500 0.560249  0.582049 0.884762 1 1 1.000000
skin_0dam
0  -14.122388 -101.326096 18.192535  0.860253 -0.268222 0.433616  0.580096 0.889645 1 1 1.000000
0  -14.506217 -100.848999 19.479424  0.717782 -0.536010 0.444389  0.582049 0.884762 1 1 1.000000
0  -14.559110 -100.906860 19.489666  0.720670 -0.518392 0.460330  0.582049 0.884762 1 1 1.000000
skin_0dam
0  -14.559110 -100.906860 19.489666  0.720670 -0.518392 0.460330  0.582049 0.884762 1 1 1.000000
0  -14.259835 -101.677742 18.251736  0.824282 -0.329686 0.460290  0.581072 0.889645 1 1 1.000000
0  -14.122388 -101.326096 18.192535  0.860253 -0.268222 0.433616  0.580096 0.889645 1 1 1.000000
skin_0dam
0  -0.564021 -101.639626 21.296623  -0.626984 -0.740672 0.241445  0.506851 0.881832 1 1 1.000000
0  -0.654119 -101.520401 21.098061  -0.616227 -0.765353 -0.185741  0.506851 0.881832 1 1 1.000000
0  -0.516680 -101.596054 20.954971  -0.770329 -0.604944 -0.201584  0.505875 0.882809 1 1 1.000000
skin_0dam
0  -0.516680 -101.596054 20.954971  -0.770329 -0.604944 -0.201584  0.505875 0.882809 1 1 1.000000
0  -0.467020 -101.731171 21.150890  -0.806688 -0.555464 -0.201777  0.505875 0.881832 1 1 1.000000
0  -0.564021 -101.639626 21.296623  -0.626984 -0.740672 0.241445  0.506851 0.881832 1 1 1.000000
skin_0dam
0  0.019918 -102.174980 20.381023  -0.898047 -0.401089 -0.180661  0.503922 0.884762 1 1 1.000000
0  0.064681 -102.310440 20.438705  -0.533593 -0.809132 0.246137  0.503922 0.884762 1 1 1.000000
0  -0.409086 -101.838379 21.195702  -0.490691 -0.758784 0.428333  0.505875 0.881832 1 1 1.000000
skin_0dam
0  -0.409086 -101.838379 21.195702  -0.490691 -0.758784 0.428333  0.505875 0.881832 1 1 1.000000
0  -0.467020 -101.731171 21.150890  -0.806688 -0.555464 -0.201777  0.505875 0.881832 1 1 1.000000
0  0.019918 -102.174980 20.381023  -0.898047 -0.401089 -0.180661  0.503922 0.884762 1 1 1.000000
skin_0dam
0  35.156475 -91.279312 2.322628  0.637418 -0.753479 -0.161145  0.318369 0.958007 1 1 1.000000
0  32.170063 -93.722549 1.986433  0.594676 -0.786731 -0.165577  0.334971 0.958983 1 1 1.000000
0  32.185001 -93.501808 1.146654  0.593740 -0.775266 -0.215489  0.335948 0.961913 1 1 1.000000
skin_0dam
0  32.185001 -93.501808 1.146654  0.593740 -0.775266 -0.215489  0.335948 0.961913 1 1 1.000000
0  35.384045 -90.813278 1.414402  0.724693 -0.667379 -0.171539  0.317392 0.961913 1 1 1.000000
0  35.156475 -91.279312 2.322628  0.637418 -0.753479 -0.161145  0.318369 0.958007 1 1 1.000000
skin_0dam
0  35.384045 -90.813278 1.414402  0.724693 -0.667379 -0.171539  0.089846 0.849605 1 1 1.000000
0  35.391071 -91.046585 2.352103  0.797636 -0.590948 -0.120652  0.094729 0.849605 1 1 1.000000
0  35.300770 -91.161545 2.345999  0.715389 -0.682891 -0.147916  0.094729 0.850581 1 1 1.000000
skin_0dam
0  33.644375 -93.696335 9.101419  0.751479 -0.657659 0.052585  0.325205 0.933592 1 1 1.000000
0  32.577133 -94.729729 9.995593  0.697651 -0.714304 0.055258  0.331065 0.929685 1 1 1.000000
0  32.451027 -94.874283 9.711266  0.392490 -0.709243 -0.585598  0.332041 0.930662 1 1 1.000000
skin_0dam
0  32.451027 -94.874283 9.711266  0.392490 -0.709243 -0.585598  0.332041 0.930662 1 1 1.000000
0  33.531994 -93.840187 8.817974  0.231115 -0.782447 -0.578241  0.326182 0.934568 1 1 1.000000
0  33.644375 -93.696335 9.101419  0.751479 -0.657659 0.052585  0.325205 0.933592 1 1 1.000000
skin_0dam
0  37.438610 -88.275009 10.145661  0.873912 -0.478488 0.085601  0.135746 0.840815 1 1 1.000000
0  37.327023 -87.470757 13.252556  0.896254 -0.425449 0.125385  0.151372 0.837886 1 1 1.000000
0  37.027683 -88.404709 12.987716  0.896603 -0.422178 0.133677  0.151372 0.840815 1 1 1.000000
skin_0dam
0  37.438610 -88.275009 10.145661  0.873912 -0.478488 0.085601  0.135746 0.840815 1 1 1.000000
0  37.027683 -88.404709 12.987716  0.896603 -0.422178 0.133677  0.151372 0.840815 1 1 1.000000
0  35.626850 -90.861877 12.918801  0.827497 -0.549928 0.113259  0.151372 0.849605 1 1 1.000000
skin_0dam
0  37.438610 -88.275009 10.145661  0.873912 -0.478488 0.085601  0.135746 0.840815 1 1 1.000000
0  35.626850 -90.861877 12.918801  0.827497 -0.549928 0.113259  0.151372 0.849605 1 1 1.000000
0  35.435551 -91.507927 9.760163  0.808360 -0.587202 0.041811  0.134770 0.851558 1 1 1.000000
skin_0dam
0  32.177486 -93.780640 17.585781  0.074433 -0.267517 0.960674  0.330088 0.902341 1 1 1.000000
0  32.223064 -94.026405 17.505299  0.497250 -0.586449 0.639390  0.330088 0.903317 1 1 1.000000
0  34.342815 -91.228310 18.145390  0.587108 -0.514793 0.624734  0.317392 0.901364 1 1 1.000000
skin_0dam
0  34.342815 -91.228310 18.145390  0.587108 -0.514793 0.624734  0.317392 0.901364 1 1 1.000000
0  34.271236 -91.011444 18.224125  -0.073378 -0.325034 0.942851  0.317392 0.900388 1 1 1.000000
0  32.177486 -93.780640 17.585781  0.074433 -0.267517 0.960674  0.330088 0.902341 1 1 1.000000
skin_0dam
0  35.406864 -88.321472 19.613544  -0.121133 -0.437417 0.891063  0.185553 0.840815 1 1 1.000000
0  35.523373 -88.525650 19.505764  0.545220 -0.510388 0.665011  0.185553 0.841792 1 1 1.000000
0  35.813541 -86.395676 20.604479  0.487240 -0.509736 0.709061  0.193365 0.833003 1 1 1.000000
skin_0dam
0  35.813541 -86.395676 20.604479  0.487240 -0.509736 0.709061  0.193365 0.833003 1 1 1.000000
0  35.648376 -86.326859 20.659534  -0.099394 -0.564285 0.819575  0.193365 0.833003 1 1 1.000000
0  35.406864 -88.321472 19.613544  -0.121133 -0.437417 0.891063  0.185553 0.840815 1 1 1.000000
skin_0dam
0  0.243002 -102.301170 20.450180  0.013001 -0.866908 0.498299  0.502945 0.884762 1 1 1.000000
0  1.285494 -102.246979 20.517262  0.013019 -0.866915 0.498286  0.497085 0.884762 1 1 1.000000
0  1.562356 -101.791092 21.212074  -0.003292 -0.854981 0.518648  0.495132 0.882809 1 1 1.000000
skin_0dam
0  1.562356 -101.791092 21.212074  -0.003292 -0.854981 0.518648  0.495132 0.882809 1 1 1.000000
0  -0.165985 -101.880951 21.100861  0.025253 -0.853550 0.520398  0.504898 0.882809 1 1 1.000000
0  0.243002 -102.301170 20.450180  0.013001 -0.866908 0.498299  0.502945 0.884762 1 1 1.000000
skin_0dam
0  3.232686 -104.548180 14.222761  0.062372 -0.983380 0.170507  0.489273 0.908200 1 1 1.000000
0  -0.635506 -104.749275 13.973849  0.018196 -0.985652 0.167809  0.509781 0.908200 1 1 1.000000
0  -1.323425 -104.965088 12.605047  -0.002590 -0.992880 0.119092  0.514664 0.913083 1 1 1.000000
skin_0dam
0  -1.323425 -104.965088 12.605047  -0.002590 -0.992880 0.119092  0.514664 0.913083 1 1 1.000000
0  4.108505 -104.682693 12.954584  0.089714 -0.988121 0.124776  0.485366 0.913083 1 1 1.000000
0  3.232686 -104.548180 14.222761  0.062372 -0.983380 0.170507  0.489273 0.908200 1 1 1.000000
skin_0dam
0  4.439439 -104.337936 8.177054  0.105095 -0.984755 -0.138613  0.484390 0.929685 1 1 1.000000
0  -1.074792 -104.624603 7.822223  0.014741 -0.989485 -0.143882  0.514664 0.929685 1 1 1.000000
0  -1.066502 -104.555519 7.422962  0.048588 -0.724923 -0.687115  0.514664 0.931639 1 1 1.000000
skin_0dam
0  -1.066502 -104.555519 7.422962  0.048588 -0.724923 -0.687115  0.514664 0.931639 1 1 1.000000
0  4.475163 -104.267426 7.779559  0.114467 -0.721408 -0.682985  0.484390 0.931639 1 1 1.000000
0  4.439439 -104.337936 8.177054  0.105095 -0.984755 -0.138613  0.484390 0.929685 1 1 1.000000
skin_0dam
0  26.401154 -94.176918 17.958611  0.093738 -0.294985 0.950893  0.361339 0.900388 1 1 1.000000
0  22.929405 -96.286880 17.812813  0.185662 -0.383665 0.904616  0.379894 0.899411 1 1 1.000000
0  25.138508 -98.557266 16.652138  0.096531 -0.356684 0.929225  0.369152 0.904294 1 1 1.000000
skin_0dam
0  12.065993 -102.917229 15.139101  -0.142248 -0.425289 0.893809  0.441420 0.906247 1 1 1.000000
0  9.473365 -103.520782 14.708966  -0.031968 -0.418733 0.907547  0.455092 0.907224 1 1 1.000000
0  9.487940 -103.699257 14.626674  0.083876 -0.800007 0.594099  0.455092 0.908200 1 1 1.000000
skin_0dam
0  9.487940 -103.699257 14.626674  0.083876 -0.800007 0.594099  0.455092 0.908200 1 1 1.000000
0  12.106405 -103.080551 15.072299  0.044604 -0.805079 0.591488  0.441420 0.907224 1 1 1.000000
0  12.065993 -102.917229 15.139101  -0.142248 -0.425289 0.893809  0.441420 0.906247 1 1 1.000000
skin_0dam
0  8.698436 -103.716835 8.452177  0.173753 -0.974855 -0.139527  0.461928 0.929685 1 1 1.000000
0  13.300341 -102.829803 8.763822  0.211451 -0.967559 -0.138272  0.436537 0.929685 1 1 1.000000
0  12.807158 -103.321930 11.889264  0.209516 -0.975960 -0.060040  0.438490 0.918943 1 1 1.000000
skin_0dam
0  12.807158 -103.321930 11.889264  0.209516 -0.975960 -0.060040  0.438490 0.918943 1 1 1.000000
0  8.422584 -104.156311 11.591716  0.167061 -0.984010 -0.061766  0.461928 0.918943 1 1 1.000000
0  8.698436 -103.716835 8.452177  0.173753 -0.974855 -0.139527  0.461928 0.929685 1 1 1.000000
skin_0dam
0  15.402239 -103.345322 2.056456  -0.156599 -0.197606 0.967692  0.427747 0.955077 1 1 1.000000
0  8.780963 -104.461685 1.118017  -0.088060 -0.198543 0.976128  0.463881 0.956053 1 1 1.000000
0  8.801795 -104.777664 1.049550  0.039051 -0.805888 0.590779  0.463881 0.957030 1 1 1.000000
skin_0dam
0  8.801795 -104.777664 1.049550  0.039051 -0.805888 0.590779  0.463881 0.957030 1 1 1.000000
0  15.435907 -103.660591 2.002607  0.051494 -0.801401 0.595906  0.427747 0.955077 1 1 1.000000
0  15.402239 -103.345322 2.056456  -0.156599 -0.197606 0.967692  0.427747 0.955077 1 1 1.000000
skin_0dam
0  34.007076 -92.543251 15.196369  0.773139 -0.616126 0.150483  0.164068 0.855464 1 1 1.000000
0  33.748905 -93.316330 12.750296  0.745891 -0.660160 0.088516  0.151372 0.857418 1 1 1.000000
0  35.626850 -90.861877 12.918801  0.827497 -0.549928 0.113259  0.151372 0.849605 1 1 1.000000
skin_0dam
0  35.626850 -90.861877 12.918801  0.827497 -0.549928 0.113259  0.151372 0.849605 1 1 1.000000
0  35.653049 -90.073318 15.308643  0.845954 -0.503352 0.176063  0.164068 0.846675 1 1 1.000000
0  34.007076 -92.543251 15.196369  0.773139 -0.616126 0.150483  0.164068 0.855464 1 1 1.000000
skin_0dam
0  39.359348 -83.630417 15.100235  0.996662 -0.057543 -0.057920  0.161138 0.824213 1 1 1.000000
0  39.173595 -84.405075 12.879549  0.996136 -0.052004 -0.070773  0.149419 0.827143 1 1 1.000000
0  39.234493 -83.151093 12.716150  0.996119 -0.053115 -0.070182  0.148442 0.822260 1 1 1.000000
skin_0dam
0  39.234493 -83.151093 12.716150  0.996119 -0.053115 -0.070182  0.148442 0.822260 1 1 1.000000
0  39.410770 -82.417931 14.771418  0.996553 -0.058739 -0.058586  0.159185 0.820307 1 1 1.000000
0  39.359348 -83.630417 15.100235  0.996662 -0.057543 -0.057920  0.161138 0.824213 1 1 1.000000
skin_0dam
0  16.709053 -102.540321 12.003966  0.346772 -0.915885 0.202249  0.417005 0.918943 1 1 1.000000
0  16.486767 -102.565613 12.044794  -0.115670 -0.990064 -0.079962  0.418958 0.918943 1 1 1.000000
0  17.582832 -102.537750 9.798151  -0.232953 -0.963190 -0.134158  0.413099 0.927732 1 1 1.000000
skin_0dam
0  17.582832 -102.537750 9.798151  -0.232953 -0.963190 -0.134158  0.413099 0.927732 1 1 1.000000
0  17.890343 -102.452805 9.887083  0.542614 -0.804440 0.241757  0.412122 0.926756 1 1 1.000000
0  16.709053 -102.540321 12.003966  0.346772 -0.915885 0.202249  0.417005 0.918943 1 1 1.000000
skin_0dam
0  39.060886 -85.325363 8.092309  0.999841 -0.016850 -0.005902  0.124027 0.830073 1 1 1.000000
0  38.924938 -85.444229 5.793752  0.997049 -0.015706 -0.075142  0.112308 0.831050 1 1 1.000000
0  38.932247 -84.175911 5.728642  0.997034 -0.015489 -0.075384  0.111332 0.826167 1 1 1.000000
skin_0dam
0  38.932247 -84.175911 5.728642  0.997034 -0.015489 -0.075384  0.111332 0.826167 1 1 1.000000
0  39.088352 -84.000824 8.097607  0.999710 -0.023239 -0.006378  0.124027 0.825190 1 1 1.000000
0  39.060886 -85.325363 8.092309  0.999841 -0.016850 -0.005902  0.124027 0.830073 1 1 1.000000
skin_0dam
0  19.598671 -102.422752 4.562711  0.571154 -0.818986 0.055184  0.404309 0.946287 1 1 1.000000
0  19.440250 -102.347404 5.890587  0.601638 -0.783574 0.155060  0.404309 0.941404 1 1 1.000000
0  19.117807 -102.460663 5.841997  -0.409323 -0.909324 -0.074724  0.406262 0.941404 1 1 1.000000
skin_0dam
0  19.117807 -102.460663 5.841997  -0.409323 -0.909324 -0.074724  0.406262 0.941404 1 1 1.000000
0  19.228188 -102.524666 4.607612  -0.449441 -0.890302 0.073246  0.406262 0.946287 1 1 1.000000
0  19.598671 -102.422752 4.562711  0.571154 -0.818986 0.055184  0.404309 0.946287 1 1 1.000000
skin_0dam
0  26.331491 -97.814522 4.165985  0.110497 -0.334189 0.936006  0.367199 0.949217 1 1 1.000000
0  27.112951 -94.506790 5.231818  0.119543 -0.328871 0.936778  0.361339 0.946287 1 1 1.000000
0  22.775749 -96.799629 4.947212  0.249552 -0.387749 0.887341  0.385754 0.946287 1 1 1.000000
skin_0dam
0  22.775749 -96.799629 4.947212  0.249552 -0.387749 0.887341  0.385754 0.946287 1 1 1.000000
0  21.402122 -100.289787 3.787704  0.300849 -0.409679 0.861193  0.394543 0.950194 1 1 1.000000
0  26.331491 -97.814522 4.165985  0.110497 -0.334189 0.936006  0.367199 0.949217 1 1 1.000000
skin_0dam
0  16.243662 -102.523056 12.139637  0.069360 -0.992453 -0.101129  0.419935 0.918943 1 1 1.000000
0  17.367073 -101.915504 8.999799  -0.217357 -0.934933 -0.280458  0.415052 0.929685 1 1 1.000000
0  17.520128 -102.348221 9.546370  -0.657095 -0.667337 -0.350552  0.414075 0.927732 1 1 1.000000
skin_0dam
0  17.520128 -102.348221 9.546370  -0.657095 -0.667337 -0.350552  0.414075 0.927732 1 1 1.000000
0  16.358692 -102.517120 12.064285  -0.229793 -0.957714 -0.173147  0.418958 0.918943 1 1 1.000000
0  16.243662 -102.523056 12.139637  0.069360 -0.992453 -0.101129  0.419935 0.918943 1 1 1.000000
skin_0dam
0  15.579674 -102.570282 13.696776  0.234805 -0.958936 0.159087  0.422864 0.913083 1 1 1.000000
0  15.770518 -102.643578 12.936468  0.218362 -0.973602 0.066460  0.421888 0.916013 1 1 1.000000
0  15.960410 -102.592354 12.948798  0.233684 -0.968299 0.088250  0.420911 0.916013 1 1 1.000000
skin_0dam
0  16.486767 -102.565613 12.044794  -0.115670 -0.990064 -0.079962  0.418958 0.918943 1 1 1.000000
0  15.960410 -102.592354 12.948798  0.233684 -0.968299 0.088250  0.420911 0.916013 1 1 1.000000
0  16.358692 -102.517120 12.064285  -0.229793 -0.957714 -0.173147  0.418958 0.918943 1 1 1.000000
skin_0dam
0  13.300341 -102.829803 8.763822  0.211451 -0.967559 -0.138272  0.436537 0.929685 1 1 1.000000
0  16.959129 -102.005615 8.973365  0.221655 -0.967281 -0.123434  0.417005 0.929685 1 1 1.000000
0  16.024565 -102.575768 12.153011  0.233418 -0.970753 -0.056172  0.420911 0.917966 1 1 1.000000
skin_0dam
0  16.024565 -102.575768 12.153011  0.233418 -0.970753 -0.056172  0.420911 0.917966 1 1 1.000000
0  12.807158 -103.321930 11.889264  0.209516 -0.975960 -0.060040  0.438490 0.918943 1 1 1.000000
0  13.300341 -102.829803 8.763822  0.211451 -0.967559 -0.138272  0.436537 0.929685 1 1 1.000000
skin_0dam
0  17.705706 -102.742851 2.688697  -0.350928 -0.215648 0.911233  0.415052 0.953124 1 1 1.000000
0  15.402239 -103.345322 2.056456  -0.156599 -0.197606 0.967692  0.427747 0.955077 1 1 1.000000
0  15.435907 -103.660591 2.002607  0.051494 -0.801401 0.595906  0.427747 0.955077 1 1 1.000000
skin_0dam
0  15.435907 -103.660591 2.002607  0.051494 -0.801401 0.595906  0.427747 0.955077 1 1 1.000000
0  17.780523 -103.056000 2.637496  -0.012094 -0.827794 0.560902  0.415052 0.953124 1 1 1.000000
0  17.705706 -102.742851 2.688697  -0.350928 -0.215648 0.911233  0.415052 0.953124 1 1 1.000000
skin_0dam
0  18.720455 -102.134949 8.534424  0.819164 -0.474184 0.322675  0.407239 0.931639 1 1 1.000000
0  19.653326 -102.033073 5.974069  0.851603 -0.472118 0.227766  0.403333 0.941404 1 1 1.000000
0  19.835583 -101.458427 6.111434  0.880302 -0.405699 0.245922  0.402356 0.941404 1 1 1.000000
skin_0dam
0  19.835583 -101.458427 6.111434  0.880302 -0.405699 0.245922  0.402356 0.941404 1 1 1.000000
0  18.889479 -101.698883 8.560231  0.851818 -0.401640 0.336291  0.406262 0.931639 1 1 1.000000
0  18.720455 -102.134949 8.534424  0.819164 -0.474184 0.322675  0.407239 0.931639 1 1 1.000000
skin_0dam
0  21.463078 -101.040588 9.885785  0.326035 -0.738282 -0.590459  0.392590 0.927732 1 1 1.000000
0  21.444557 -101.041359 10.174230  0.355978 -0.933292 0.047395  0.392590 0.926756 1 1 1.000000
0  18.677174 -102.012192 9.966366  0.309570 -0.948241 0.070741  0.407239 0.926756 1 1 1.000000
skin_0dam
0  18.677174 -102.012192 9.966366  0.309570 -0.948241 0.070741  0.407239 0.926756 1 1 1.000000
0  18.778170 -101.993362 9.669471  0.313157 -0.760511 -0.568819  0.407239 0.927732 1 1 1.000000
0  21.463078 -101.040588 9.885785  0.326035 -0.738282 -0.590459  0.392590 0.927732 1 1 1.000000
skin_0dam
0  19.440250 -102.347404 5.890587  0.601638 -0.783574 0.155060  0.404309 0.941404 1 1 1.000000
0  18.514551 -102.407509 8.520474  0.567690 -0.795031 0.213668  0.409192 0.931639 1 1 1.000000
0  18.210066 -102.533661 8.417836  -0.366177 -0.910873 -0.190327  0.410169 0.932615 1 1 1.000000
skin_0dam
0  18.210066 -102.533661 8.417836  -0.366177 -0.910873 -0.190327  0.410169 0.932615 1 1 1.000000
0  19.117807 -102.460663 5.841997  -0.409323 -0.909324 -0.074724  0.406262 0.941404 1 1 1.000000
0  19.440250 -102.347404 5.890587  0.601638 -0.783574 0.155060  0.404309 0.941404 1 1 1.000000
skin_0dam
0  13.300341 -102.829803 8.763822  0.211451 -0.967559 -0.138272  0.436537 0.929685 1 1 1.000000
0  8.698436 -103.716835 8.452177  0.173753 -0.974855 -0.139527  0.461928 0.929685 1 1 1.000000
0  8.734158 -103.646317 8.054685  0.166812 -0.708394 -0.685822  0.461928 0.931639 1 1 1.000000
skin_0dam
0  8.734158 -103.646317 8.054685  0.166812 -0.708394 -0.685822  0.461928 0.931639 1 1 1.000000
0  13.361902 -102.744164 8.381820  0.189299 -0.705764 -0.682688  0.436537 0.931639 1 1 1.000000
0  13.300341 -102.829803 8.763822  0.211451 -0.967559 -0.138272  0.436537 0.929685 1 1 1.000000
skin_0dam
0  33.644375 -93.696335 9.101419  0.751479 -0.657659 0.052585  0.131840 0.859371 1 1 1.000000
0  34.552944 -92.685310 7.686686  0.774963 -0.632006 0.000186  0.124027 0.855464 1 1 1.000000
0  35.334957 -91.707390 7.836051  0.804109 -0.594444 -0.006721  0.124027 0.852535 1 1 1.000000
skin_0dam
0  35.334957 -91.707390 7.836051  0.804109 -0.594444 -0.006721  0.124027 0.852535 1 1 1.000000
0  35.435551 -91.507927 9.760163  0.808360 -0.587202 0.041811  0.134770 0.851558 1 1 1.000000
0  33.644375 -93.696335 9.101419  0.751479 -0.657659 0.052585  0.131840 0.859371 1 1 1.000000
skin_0dam
0  38.960537 -84.960007 10.438113  0.998404 -0.053790 -0.017222  0.135746 0.829096 1 1 1.000000
0  39.060886 -85.325363 8.092309  0.999841 -0.016850 -0.005902  0.124027 0.830073 1 1 1.000000
0  39.088352 -84.000824 8.097607  0.999710 -0.023239 -0.006378  0.124027 0.825190 1 1 1.000000
skin_0dam
0  39.088352 -84.000824 8.097607  0.999710 -0.023239 -0.006378  0.124027 0.825190 1 1 1.000000
0  39.031452 -83.692055 10.440133  0.997977 -0.056254 -0.029609  0.135746 0.824213 1 1 1.000000
0  38.960537 -84.960007 10.438113  0.998404 -0.053790 -0.017222  0.135746 0.829096 1 1 1.000000
skin_0dam
0  21.566050 -97.286942 9.116249  0.189195 -0.230086 -0.954602  0.390637 0.930662 1 1 1.000000
0  25.338501 -95.354317 9.239500  0.134161 -0.204790 -0.969568  0.370128 0.930662 1 1 1.000000
0  25.450716 -99.014076 10.023105  0.134563 -0.203069 -0.969874  0.370128 0.928709 1 1 1.000000
skin_0dam
0  25.450716 -99.014076 10.023105  0.134563 -0.203069 -0.969874  0.370128 0.928709 1 1 1.000000
0  21.464067 -100.709808 9.817768  0.143252 -0.203333 -0.968573  0.391614 0.927732 1 1 1.000000
0  21.566050 -97.286942 9.116249  0.189195 -0.230086 -0.954602  0.390637 0.930662 1 1 1.000000
skin_0dam
0  19.816851 -102.108795 3.708646  0.769056 -0.607958 -0.197332  0.403333 0.950194 1 1 1.000000
0  19.222900 -102.278091 2.773562  0.626606 -0.625348 -0.465087  0.407239 0.953124 1 1 1.000000
0  20.037369 -101.505005 3.227895  0.725115 -0.622868 -0.293673  0.402356 0.951170 1 1 1.000000
skin_0dam
0  20.037369 -101.505005 3.227895  0.725115 -0.622868 -0.293673  0.402356 0.951170 1 1 1.000000
0  20.199295 -101.578926 3.775994  0.821293 -0.561063 -0.103373  0.401379 0.949217 1 1 1.000000
0  19.816851 -102.108795 3.708646  0.769056 -0.607958 -0.197332  0.403333 0.950194 1 1 1.000000
skin_0dam
0  34.319012 -91.326149 17.950508  0.806248 -0.562755 0.182405  0.178716 0.850581 1 1 1.000000
0  34.007076 -92.543251 15.196369  0.773139 -0.616126 0.150483  0.164068 0.855464 1 1 1.000000
0  35.653049 -90.073318 15.308643  0.845954 -0.503352 0.176063  0.164068 0.846675 1 1 1.000000
skin_0dam
0  35.653049 -90.073318 15.308643  0.845954 -0.503352 0.176063  0.164068 0.846675 1 1 1.000000
0  35.648190 -88.385468 19.329472  0.869543 -0.409904 0.275450  0.183599 0.840815 1 1 1.000000
0  34.319012 -91.326149 17.950508  0.806248 -0.562755 0.182405  0.178716 0.850581 1 1 1.000000
skin_0dam
0  39.529568 -82.580742 17.141739  0.999472 -0.032358 0.002847  0.171880 0.820307 1 1 1.000000
0  39.359348 -83.630417 15.100235  0.996662 -0.057543 -0.057920  0.161138 0.824213 1 1 1.000000
0  39.410770 -82.417931 14.771418  0.996553 -0.058739 -0.058586  0.159185 0.820307 1 1 1.000000
skin_0dam
0  39.410770 -82.417931 14.771418  0.996553 -0.058739 -0.058586  0.159185 0.820307 1 1 1.000000
0  39.572086 -81.437263 16.647507  0.999516 -0.030034 0.008141  0.168950 0.816401 1 1 1.000000
0  39.529568 -82.580742 17.141739  0.999472 -0.032358 0.002847  0.171880 0.820307 1 1 1.000000
skin_0dam
0  15.579674 -102.570282 13.696776  0.234805 -0.958936 0.159087  0.422864 0.913083 1 1 1.000000
0  16.371107 -102.460648 13.113443  0.278834 -0.950212 0.139099  0.418958 0.915036 1 1 1.000000
0  18.231836 -101.798370 13.924298  0.293542 -0.948175 0.121642  0.408216 0.912107 1 1 1.000000
skin_0dam
0  17.992218 -101.409416 16.475307  0.440719 -0.838979 0.319188  0.408216 0.903317 1 1 1.000000
0  18.147295 -101.484352 16.057503  0.324502 -0.889592 0.321441  0.408216 0.905271 1 1 1.000000
0  18.228405 -101.328445 16.173466  0.524365 -0.671034 0.524171  0.407239 0.904294 1 1 1.000000
skin_0dam
0  18.228405 -101.328445 16.173466  0.524365 -0.671034 0.524171  0.407239 0.904294 1 1 1.000000
0  18.096857 -101.210938 16.620476  0.810663 -0.564256 0.156338  0.408216 0.902341 1 1 1.000000
0  17.992218 -101.409416 16.475307  0.440719 -0.838979 0.319188  0.408216 0.903317 1 1 1.000000
skin_0dam
0  18.240025 -101.590263 15.345979  0.272225 -0.949718 0.154691  0.407239 0.907224 1 1 1.000000
0  18.231836 -101.798370 13.924298  0.293542 -0.948175 0.121642  0.408216 0.912107 1 1 1.000000
0  21.171700 -100.790962 14.212296  0.345461 -0.930719 0.120078  0.392590 0.912107 1 1 1.000000
skin_0dam
0  18.240025 -101.590263 15.345979  0.272225 -0.949718 0.154691  0.407239 0.907224 1 1 1.000000
0  21.171700 -100.790962 14.212296  0.345461 -0.930719 0.120078  0.392590 0.912107 1 1 1.000000
0  21.022425 -100.590828 15.941068  0.342545 -0.928874 0.140909  0.392590 0.906247 1 1 1.000000
skin_0dam
0  18.240025 -101.590263 15.345979  0.272225 -0.949718 0.154691  0.407239 0.907224 1 1 1.000000
0  21.022425 -100.590828 15.941068  0.342545 -0.928874 0.140909  0.392590 0.906247 1 1 1.000000
0  18.593311 -101.420059 15.727715  0.287270 -0.944899 0.156976  0.405286 0.906247 1 1 1.000000
skin_0dam
0  18.231836 -101.798370 13.924298  0.293542 -0.948175 0.121642  0.408216 0.912107 1 1 1.000000
0  18.366520 -101.958076 11.960229  0.306475 -0.948131 0.084385  0.408216 0.919919 1 1 1.000000
0  21.313271 -100.964157 12.152088  0.348721 -0.933777 0.080339  0.392590 0.919919 1 1 1.000000
skin_0dam
0  21.313271 -100.964157 12.152088  0.348721 -0.933777 0.080339  0.392590 0.919919 1 1 1.000000
0  21.171700 -100.790962 14.212296  0.345461 -0.930719 0.120078  0.392590 0.912107 1 1 1.000000
0  18.231836 -101.798370 13.924298  0.293542 -0.948175 0.121642  0.408216 0.912107 1 1 1.000000
skin_0dam
0  6.720203 -104.160286 14.227050  0.124789 -0.980479 0.151949  0.470717 0.909177 1 1 1.000000
0  8.259907 -104.108543 13.222674  0.150296 -0.981182 0.121218  0.462905 0.913083 1 1 1.000000
0  9.499949 -103.726311 14.461865  0.170049 -0.973996 0.149716  0.455092 0.908200 1 1 1.000000
skin_0dam
0  12.536342 -103.293579 13.499435  0.199165 -0.970605 0.135124  0.439467 0.913083 1 1 1.000000
0  15.579674 -102.570282 13.696776  0.234805 -0.958936 0.159087  0.422864 0.913083 1 1 1.000000
0  14.349439 -102.633286 15.052006  0.222534 -0.955879 0.191764  0.428724 0.907224 1 1 1.000000
skin_0dam
0  14.349439 -102.633286 15.052006  0.222534 -0.955879 0.191764  0.428724 0.907224 1 1 1.000000
0  12.146735 -103.106148 14.895520  0.195646 -0.963172 0.184453  0.440443 0.907224 1 1 1.000000
0  12.536342 -103.293579 13.499435  0.199165 -0.970605 0.135124  0.439467 0.913083 1 1 1.000000
skin_0dam
0  12.065993 -102.917229 15.139101  -0.142248 -0.425289 0.893809  0.441420 0.906247 1 1 1.000000
0  12.106405 -103.080551 15.072299  0.044604 -0.805079 0.591488  0.441420 0.907224 1 1 1.000000
0  13.739040 -102.623184 15.730039  -0.024005 -0.832256 0.553871  0.431654 0.905271 1 1 1.000000
skin_0dam
0  13.739040 -102.623184 15.730039  -0.024005 -0.832256 0.553871  0.431654 0.905271 1 1 1.000000
0  13.671193 -102.461281 15.795077  -0.327202 -0.442193 0.835107  0.432630 0.904294 1 1 1.000000
0  12.065993 -102.917229 15.139101  -0.142248 -0.425289 0.893809  0.441420 0.906247 1 1 1.000000
skin_0dam
0  9.499949 -103.726311 14.461865  0.170049 -0.973996 0.149716  0.455092 0.908200 1 1 1.000000
0  12.146735 -103.106148 14.895520  0.195646 -0.963172 0.184453  0.440443 0.907224 1 1 1.000000
0  12.106405 -103.080551 15.072299  0.044604 -0.805079 0.591488  0.441420 0.907224 1 1 1.000000
skin_0dam
0  12.106405 -103.080551 15.072299  0.044604 -0.805079 0.591488  0.441420 0.907224 1 1 1.000000
0  9.487940 -103.699257 14.626674  0.083876 -0.800007 0.594099  0.455092 0.908200 1 1 1.000000
0  9.499949 -103.726311 14.461865  0.170049 -0.973996 0.149716  0.455092 0.908200 1 1 1.000000
skin_0dam
0  8.342232 -104.159943 12.414080  0.160055 -0.986073 0.045183  0.462905 0.916013 1 1 1.000000
0  12.658936 -103.342865 12.707227  0.202201 -0.977941 0.052401  0.438490 0.916013 1 1 1.000000
0  12.536342 -103.293579 13.499435  0.199165 -0.970605 0.135124  0.439467 0.913083 1 1 1.000000
skin_0dam
0  12.536342 -103.293579 13.499435  0.199165 -0.970605 0.135124  0.439467 0.913083 1 1 1.000000
0  8.259907 -104.108543 13.222674  0.150296 -0.981182 0.121218  0.462905 0.913083 1 1 1.000000
0  8.342232 -104.159943 12.414080  0.160055 -0.986073 0.045183  0.462905 0.916013 1 1 1.000000
skin_0dam
0  29.582184 -95.955513 17.178871  0.082635 -0.291108 0.953115  0.344737 0.903317 1 1 1.000000
0  29.600330 -96.202705 17.096622  0.379828 -0.659058 0.649132  0.344737 0.903317 1 1 1.000000
0  32.223064 -94.026405 17.505299  0.497250 -0.586449 0.639390  0.330088 0.903317 1 1 1.000000
skin_0dam
0  32.223064 -94.026405 17.505299  0.497250 -0.586449 0.639390  0.330088 0.903317 1 1 1.000000
0  32.177486 -93.780640 17.585781  0.074433 -0.267517 0.960674  0.330088 0.902341 1 1 1.000000
0  29.582184 -95.955513 17.178871  0.082635 -0.291108 0.953115  0.344737 0.903317 1 1 1.000000
skin_0dam
0  29.588982 -96.258568 16.888863  0.540187 -0.821819 0.181141  0.344737 0.904294 1 1 1.000000
0  29.585798 -96.659760 14.901505  0.540631 -0.829533 0.139973  0.345714 0.912107 1 1 1.000000
0  31.976469 -94.757545 15.060081  0.666758 -0.732938 0.135040  0.332041 0.912107 1 1 1.000000
skin_0dam
0  31.976469 -94.757545 15.060081  0.666758 -0.732938 0.135040  0.332041 0.912107 1 1 1.000000
0  32.198002 -94.082977 17.296658  0.686100 -0.708780 0.164004  0.330088 0.903317 1 1 1.000000
0  29.588982 -96.258568 16.888863  0.540187 -0.821819 0.181141  0.344737 0.904294 1 1 1.000000
skin_0dam
0  31.160679 -95.630249 9.984995  -0.010944 -0.217195 -0.976067  0.338878 0.929685 1 1 1.000000
0  29.528450 -96.817528 10.125283  0.101591 -0.203497 -0.973791  0.347667 0.928709 1 1 1.000000
0  30.028229 -92.657402 9.299559  0.024725 -0.218956 -0.975421  0.343760 0.931639 1 1 1.000000
skin_0dam
0  29.563091 -97.132492 10.485267  0.532917 -0.844477 0.053468  0.347667 0.927732 1 1 1.000000
0  29.554893 -97.146889 10.195065  0.425791 -0.695112 -0.579242  0.347667 0.928709 1 1 1.000000
0  31.187119 -95.959610 10.054777  0.445859 -0.673494 -0.589589  0.338878 0.929685 1 1 1.000000
skin_0dam
0  31.187119 -95.959610 10.054777  0.445859 -0.673494 -0.589589  0.338878 0.929685 1 1 1.000000
0  31.260164 -95.886696 10.363091  0.630505 -0.774283 0.054310  0.337901 0.928709 1 1 1.000000
0  29.563091 -97.132492 10.485267  0.532917 -0.844477 0.053468  0.347667 0.927732 1 1 1.000000
skin_0dam
0  31.942722 -94.021973 4.688110  0.170305 -0.341060 0.924486  0.335948 0.949217 1 1 1.000000
0  28.690357 -96.410095 4.362570  0.131193 -0.330059 0.934799  0.353526 0.949217 1 1 1.000000
0  28.771177 -96.736778 4.228967  0.353993 -0.634526 0.687070  0.353526 0.950194 1 1 1.000000
skin_0dam
0  28.771177 -96.736778 4.228967  0.353993 -0.634526 0.687070  0.353526 0.950194 1 1 1.000000
0  32.035835 -94.320450 4.555369  0.444294 -0.618857 0.647780  0.334971 0.949217 1 1 1.000000
0  31.942722 -94.021973 4.688110  0.170305 -0.341060 0.924486  0.335948 0.949217 1 1 1.000000
skin_0dam
0  29.585798 -96.659760 14.901505  0.540631 -0.829533 0.139973  0.345714 0.912107 1 1 1.000000
0  29.577303 -96.951096 12.693421  0.537887 -0.838392 0.088187  0.346690 0.919919 1 1 1.000000
0  31.699490 -95.338539 12.751233  0.651115 -0.754125 0.085698  0.334971 0.919919 1 1 1.000000
skin_0dam
0  31.699490 -95.338539 12.751233  0.651115 -0.754125 0.085698  0.334971 0.919919 1 1 1.000000
0  31.976469 -94.757545 15.060081  0.666758 -0.732938 0.135040  0.332041 0.912107 1 1 1.000000
0  29.585798 -96.659760 14.901505  0.540631 -0.829533 0.139973  0.345714 0.912107 1 1 1.000000
skin_0dam
0  15.203013 -101.870918 17.053555  0.221393 -0.913432 0.341506  0.423841 0.900388 1 1 1.000000
0  15.854612 -100.953804 18.849453  0.238588 -0.881583 0.407293  0.418958 0.894528 1 1 1.000000
0  15.651714 -101.019478 18.836250  -0.309200 -0.803305 0.509014  0.419935 0.894528 1 1 1.000000
skin_0dam
0  15.651714 -101.019478 18.836250  -0.309200 -0.803305 0.509014  0.419935 0.894528 1 1 1.000000
0  14.984804 -101.923599 17.053196  -0.219620 -0.815601 0.535316  0.424818 0.900388 1 1 1.000000
0  15.203013 -101.870918 17.053555  0.221393 -0.913432 0.341506  0.423841 0.900388 1 1 1.000000
skin_0dam
0  14.627868 -102.273483 16.229393  0.227380 -0.936992 0.265226  0.426771 0.903317 1 1 1.000000
0  15.203013 -101.870918 17.053555  0.221393 -0.913432 0.341506  0.423841 0.900388 1 1 1.000000
0  14.984804 -101.923599 17.053196  -0.219620 -0.815601 0.535316  0.424818 0.900388 1 1 1.000000
skin_0dam
0  14.984804 -101.923599 17.053196  -0.219620 -0.815601 0.535316  0.424818 0.900388 1 1 1.000000
0  14.444968 -102.296715 16.300343  -0.128770 -0.817799 0.560913  0.427747 0.903317 1 1 1.000000
0  14.627868 -102.273483 16.229393  0.227380 -0.936992 0.265226  0.426771 0.903317 1 1 1.000000
skin_0dam
0  39.846348 -76.967445 21.168797  0.998187 -0.057959 -0.016221  0.196295 0.799799 1 1 1.000000
0  39.970222 -74.944153 22.380014  0.998529 -0.052525 -0.013429  0.203131 0.791986 1 1 1.000000
0  39.928932 -76.017731 23.233374  0.998465 -0.053534 -0.014200  0.208014 0.795892 1 1 1.000000
skin_0dam
0  39.928932 -76.017731 23.233374  0.998465 -0.053534 -0.014200  0.208014 0.795892 1 1 1.000000
0  39.805058 -77.958435 21.967098  0.998137 -0.058675 -0.016727  0.201178 0.802728 1 1 1.000000
0  39.846348 -76.967445 21.168797  0.998187 -0.057959 -0.016221  0.196295 0.799799 1 1 1.000000
skin_0dam
0  38.249081 -85.316750 1.599231  0.939304 -0.026129 -0.342090  0.089846 0.830073 1 1 1.000000
0  38.561825 -85.396324 2.598349  0.973945 -0.023127 -0.225602  0.094729 0.830073 1 1 1.000000
0  38.556675 -85.561966 2.597577  0.949649 -0.217072 -0.225935  0.094729 0.831050 1 1 1.000000
skin_0dam
0  38.556675 -85.561966 2.597577  0.949649 -0.217072 -0.225935  0.094729 0.831050 1 1 1.000000
0  38.243214 -85.468666 1.598450  0.919442 -0.190874 -0.343792  0.089846 0.830073 1 1 1.000000
0  38.249081 -85.316750 1.599231  0.939304 -0.026129 -0.342090  0.089846 0.830073 1 1 1.000000
skin_0dam
0  39.176327 -84.570213 12.907072  0.952663 -0.303952 0.006821  0.149419 0.828120 1 1 1.000000
0  38.950085 -85.125412 10.437825  0.953013 -0.300615 0.037376  0.135746 0.830073 1 1 1.000000
0  38.960537 -84.960007 10.438113  0.998404 -0.053790 -0.017222  0.135746 0.829096 1 1 1.000000
skin_0dam
0  38.960537 -84.960007 10.438113  0.998404 -0.053790 -0.017222  0.135746 0.829096 1 1 1.000000
0  39.173595 -84.405075 12.879549  0.996136 -0.052004 -0.070773  0.149419 0.827143 1 1 1.000000
0  39.176327 -84.570213 12.907072  0.952663 -0.303952 0.006821  0.149419 0.828120 1 1 1.000000
skin_0dam
0  39.176327 -84.570213 12.907072  0.952663 -0.303952 0.006821  0.149419 0.828120 1 1 1.000000
0  39.361790 -83.795570 15.141518  0.945082 -0.320767 0.062669  0.161138 0.825190 1 1 1.000000
0  39.267391 -83.921356 15.167021  0.825430 -0.538744 0.168581  0.161138 0.825190 1 1 1.000000
skin_0dam
0  39.267391 -83.921356 15.167021  0.825430 -0.538744 0.168581  0.161138 0.825190 1 1 1.000000
0  39.082493 -84.709763 12.918813  0.845366 -0.527704 0.082972  0.149419 0.828120 1 1 1.000000
0  39.176327 -84.570213 12.907072  0.952663 -0.303952 0.006821  0.149419 0.828120 1 1 1.000000
skin_0dam
0  38.920498 -85.623634 5.792989  0.966009 -0.249919 -0.066090  0.112308 0.831050 1 1 1.000000
0  39.055729 -85.491028 8.091537  0.964901 -0.261634 0.022662  0.124027 0.831050 1 1 1.000000
0  38.968281 -85.660973 8.085469  0.880722 -0.472167 0.037238  0.124027 0.831050 1 1 1.000000
skin_0dam
0  38.968281 -85.660973 8.085469  0.880722 -0.472167 0.037238  0.124027 0.831050 1 1 1.000000
0  38.833057 -85.793579 5.786921  0.883034 -0.466316 -0.052913  0.112308 0.832026 1 1 1.000000
0  38.920498 -85.623634 5.792989  0.966009 -0.249919 -0.066090  0.112308 0.831050 1 1 1.000000
skin_0dam
0  39.055729 -85.491028 8.091537  0.964901 -0.261634 0.022662  0.124027 0.831050 1 1 1.000000
0  38.950085 -85.125412 10.437825  0.953013 -0.300615 0.037376  0.135746 0.830073 1 1 1.000000
0  38.857082 -85.292480 10.435805  0.868033 -0.487805 0.092548  0.135746 0.830073 1 1 1.000000
skin_0dam
0  38.857082 -85.292480 10.435805  0.868033 -0.487805 0.092548  0.135746 0.830073 1 1 1.000000
0  38.968281 -85.660973 8.085469  0.880722 -0.472167 0.037238  0.124027 0.831050 1 1 1.000000
0  39.055729 -85.491028 8.091537  0.964901 -0.261634 0.022662  0.124027 0.831050 1 1 1.000000
skin_0dam
0  39.517681 -82.746170 17.210258  0.944773 -0.286650 0.158855  0.171880 0.821284 1 1 1.000000
0  39.460960 -81.798553 18.539900  0.926624 -0.300805 0.225574  0.182623 0.816401 1 1 1.000000
0  39.364616 -81.894897 18.581192  0.756753 -0.507116 0.412502  0.182623 0.817377 1 1 1.000000
skin_0dam
0  39.364616 -81.894897 18.581192  0.756753 -0.507116 0.412502  0.182623 0.817377 1 1 1.000000
0  39.436184 -82.857941 17.263569  0.805190 -0.505728 0.309691  0.172857 0.821284 1 1 1.000000
0  39.517681 -82.746170 17.210258  0.944773 -0.286650 0.158855  0.171880 0.821284 1 1 1.000000
skin_0dam
0  39.639893 -80.091835 20.398022  0.915086 -0.315604 0.251020  0.192389 0.810541 1 1 1.000000
0  39.460960 -81.798553 18.539900  0.926624 -0.300805 0.225574  0.182623 0.816401 1 1 1.000000
0  39.460960 -81.647156 18.457317  0.999319 -0.036139 0.007409  0.181646 0.816401 1 1 1.000000
skin_0dam
0  39.460960 -81.647156 18.457317  0.999319 -0.036139 0.007409  0.181646 0.816401 1 1 1.000000
0  39.639893 -79.981720 20.315435  0.997446 -0.064347 -0.031001  0.192389 0.810541 1 1 1.000000
0  39.639893 -80.091835 20.398022  0.915086 -0.315604 0.251020  0.192389 0.810541 1 1 1.000000
skin_0dam
0  38.170208 -85.651634 1.593274  0.870812 -0.363555 -0.330928  0.089846 0.831050 1 1 1.000000
0  38.469936 -85.745651 2.591516  0.885482 -0.409540 -0.219540  0.094729 0.832026 1 1 1.000000
0  36.944660 -88.967331 2.498780  0.859506 -0.498877 -0.111225  0.094729 0.842769 1 1 1.000000
skin_0dam
0  36.944660 -88.967331 2.498780  0.859506 -0.498877 -0.111225  0.094729 0.842769 1 1 1.000000
0  36.826107 -88.919022 1.512048  0.864661 -0.482170 -0.140974  0.089846 0.842769 1 1 1.000000
0  38.170208 -85.651634 1.593274  0.870812 -0.363555 -0.330928  0.089846 0.831050 1 1 1.000000
skin_0dam
0  37.327023 -87.470757 13.252556  0.896254 -0.425449 0.125385  0.151372 0.837886 1 1 1.000000
0  37.438610 -88.275009 10.145661  0.873912 -0.478488 0.085601  0.135746 0.840815 1 1 1.000000
0  38.857082 -85.292480 10.435805  0.868033 -0.487805 0.092548  0.135746 0.830073 1 1 1.000000
skin_0dam
0  38.857082 -85.292480 10.435805  0.868033 -0.487805 0.092548  0.135746 0.830073 1 1 1.000000
0  39.082493 -84.709763 12.918813  0.845366 -0.527704 0.082972  0.149419 0.828120 1 1 1.000000
0  37.327023 -87.470757 13.252556  0.896254 -0.425449 0.125385  0.151372 0.837886 1 1 1.000000
skin_0dam
0  37.327564 -82.073830 21.829462  0.772029 -0.430412 0.467672  0.200201 0.817377 1 1 1.000000
0  37.327564 -84.055824 19.723593  0.801366 -0.416510 0.429340  0.188482 0.825190 1 1 1.000000
0  39.364616 -81.894897 18.581192  0.756753 -0.507116 0.412502  0.182623 0.817377 1 1 1.000000
skin_0dam
0  39.364616 -81.894897 18.581192  0.756753 -0.507116 0.412502  0.182623 0.817377 1 1 1.000000
0  39.557308 -80.174416 20.453075  0.717107 -0.505713 0.479596  0.192389 0.810541 1 1 1.000000
0  37.327564 -82.073830 21.829462  0.772029 -0.430412 0.467672  0.200201 0.817377 1 1 1.000000
skin_0dam
0  37.327023 -87.470757 13.252556  0.896254 -0.425449 0.125385  0.151372 0.837886 1 1 1.000000
0  37.462986 -86.545654 15.733832  0.845031 -0.504188 0.178093  0.164068 0.834956 1 1 1.000000
0  37.011784 -87.366943 15.710261  0.866435 -0.467438 0.175476  0.164068 0.837886 1 1 1.000000
skin_0dam
0  37.011784 -87.366943 15.710261  0.866435 -0.467438 0.175476  0.164068 0.837886 1 1 1.000000
0  37.027683 -88.404709 12.987716  0.896603 -0.422178 0.133677  0.151372 0.840815 1 1 1.000000
0  37.327023 -87.470757 13.252556  0.896254 -0.425449 0.125385  0.151372 0.837886 1 1 1.000000
skin_0dam
0  37.208309 -88.868851 5.619227  0.856508 -0.515190 -0.031187  0.111332 0.842769 1 1 1.000000
0  37.348728 -88.639481 7.973535  0.860636 -0.508912 0.017724  0.124027 0.841792 1 1 1.000000
0  35.334957 -91.707390 7.836051  0.804109 -0.594444 -0.006721  0.124027 0.852535 1 1 1.000000
skin_0dam
0  35.334957 -91.707390 7.836051  0.804109 -0.594444 -0.006721  0.124027 0.852535 1 1 1.000000
0  35.116894 -91.775558 5.270301  0.810335 -0.584006 -0.047897  0.110355 0.852535 1 1 1.000000
0  37.208309 -88.868851 5.619227  0.856508 -0.515190 -0.031187  0.111332 0.842769 1 1 1.000000
skin_0dam
0  37.348728 -88.639481 7.973535  0.860636 -0.508912 0.017724  0.124027 0.841792 1 1 1.000000
0  37.438610 -88.275009 10.145661  0.873912 -0.478488 0.085601  0.135746 0.840815 1 1 1.000000
0  35.435551 -91.507927 9.760163  0.808360 -0.587202 0.041811  0.134770 0.851558 1 1 1.000000
skin_0dam
0  35.435551 -91.507927 9.760163  0.808360 -0.587202 0.041811  0.134770 0.851558 1 1 1.000000
0  35.334957 -91.707390 7.836051  0.804109 -0.594444 -0.006721  0.124027 0.852535 1 1 1.000000
0  37.348728 -88.639481 7.973535  0.860636 -0.508912 0.017724  0.124027 0.841792 1 1 1.000000
skin_0dam
0  37.561115 -85.235863 18.338379  0.830078 -0.440246 0.342278  0.178716 0.830073 1 1 1.000000
0  37.327564 -84.055824 19.723593  0.801366 -0.416510 0.429340  0.188482 0.825190 1 1 1.000000
0  36.873360 -84.757782 19.998869  0.828398 -0.377928 0.413433  0.190435 0.827143 1 1 1.000000
skin_0dam
0  36.873360 -84.757782 19.998869  0.828398 -0.377928 0.413433  0.190435 0.827143 1 1 1.000000
0  37.103046 -85.988449 18.576263  0.849536 -0.415705 0.324775  0.179693 0.833003 1 1 1.000000
0  37.561115 -85.235863 18.338379  0.830078 -0.440246 0.342278  0.178716 0.830073 1 1 1.000000
skin_0dam
0  37.327564 -82.073830 21.829462  0.772029 -0.430412 0.467672  0.200201 0.817377 1 1 1.000000
0  37.300037 -79.692680 23.825222  0.734177 -0.431229 0.524429  0.210944 0.809564 1 1 1.000000
0  36.763248 -80.559807 23.921568  0.762344 -0.399820 0.508896  0.210944 0.812494 1 1 1.000000
skin_0dam
0  36.763248 -80.559807 23.921568  0.762344 -0.399820 0.508896  0.210944 0.812494 1 1 1.000000
0  36.845833 -82.858368 22.022156  0.811344 -0.383640 0.441069  0.201178 0.820307 1 1 1.000000
0  37.327564 -82.073830 21.829462  0.772029 -0.430412 0.467672  0.200201 0.817377 1 1 1.000000
skin_0dam
0  34.271236 -91.011444 18.224125  -0.073378 -0.325034 0.942851  0.180670 0.849605 1 1 1.000000
0  34.342815 -91.228310 18.145390  0.587108 -0.514793 0.624734  0.179693 0.850581 1 1 1.000000
0  35.523373 -88.525650 19.505764  0.545220 -0.510388 0.665011  0.185553 0.841792 1 1 1.000000
skin_0dam
0  35.523373 -88.525650 19.505764  0.545220 -0.510388 0.665011  0.185553 0.841792 1 1 1.000000
0  35.406864 -88.321472 19.613544  -0.121133 -0.437417 0.891063  0.185553 0.840815 1 1 1.000000
0  34.271236 -91.011444 18.224125  -0.073378 -0.325034 0.942851  0.180670 0.849605 1 1 1.000000
skin_0dam
0  33.748905 -93.316330 12.750296  0.745891 -0.660160 0.088516  0.323252 0.920896 1 1 1.000000
0  34.007076 -92.543251 15.196369  0.773139 -0.616126 0.150483  0.320322 0.912107 1 1 1.000000
0  31.976469 -94.757545 15.060081  0.666758 -0.732938 0.135040  0.332041 0.912107 1 1 1.000000
skin_0dam
0  31.976469 -94.757545 15.060081  0.666758 -0.732938 0.135040  0.332041 0.912107 1 1 1.000000
0  31.699490 -95.338539 12.751233  0.651115 -0.754125 0.085698  0.334971 0.919919 1 1 1.000000
0  33.748905 -93.316330 12.750296  0.745891 -0.660160 0.088516  0.323252 0.920896 1 1 1.000000
skin_0dam
0  34.319012 -91.326149 17.950508  0.806248 -0.562755 0.182405  0.317392 0.902341 1 1 1.000000
0  34.342815 -91.228310 18.145390  0.587108 -0.514793 0.624734  0.317392 0.901364 1 1 1.000000
0  32.223064 -94.026405 17.505299  0.497250 -0.586449 0.639390  0.330088 0.903317 1 1 1.000000
skin_0dam
0  32.223064 -94.026405 17.505299  0.497250 -0.586449 0.639390  0.330088 0.903317 1 1 1.000000
0  32.198002 -94.082977 17.296658  0.686100 -0.708780 0.164004  0.330088 0.903317 1 1 1.000000
0  34.319012 -91.326149 17.950508  0.806248 -0.562755 0.182405  0.317392 0.902341 1 1 1.000000
skin_0dam
0  32.035835 -94.320450 4.555369  0.444294 -0.618857 0.647780  0.334971 0.949217 1 1 1.000000
0  28.771177 -96.736778 4.228967  0.353993 -0.634526 0.687070  0.353526 0.950194 1 1 1.000000
0  28.796293 -96.845932 3.926858  0.537830 -0.832946 -0.130157  0.353526 0.951170 1 1 1.000000
skin_0dam
0  28.796293 -96.845932 3.926858  0.537830 -0.832946 -0.130157  0.353526 0.951170 1 1 1.000000
0  32.086250 -94.386940 4.255000  0.639537 -0.764888 -0.077065  0.334971 0.951170 1 1 1.000000
0  32.035835 -94.320450 4.555369  0.444294 -0.618857 0.647780  0.334971 0.949217 1 1 1.000000
skin_0dam
0  35.116894 -91.775558 5.270301  0.810335 -0.584006 -0.047897  0.110355 0.852535 1 1 1.000000
0  34.552944 -92.685310 7.686686  0.774963 -0.632006 0.000186  0.124027 0.855464 1 1 1.000000
0  34.366550 -92.915611 7.549972  0.052548 -0.876449 -0.478619  0.123051 0.856441 1 1 1.000000
skin_0dam
0  34.366550 -92.915611 7.549972  0.052548 -0.876449 -0.478619  0.123051 0.856441 1 1 1.000000
0  34.900463 -92.076256 5.228020  -0.033968 -0.975611 -0.216861  0.110355 0.853511 1 1 1.000000
0  35.116894 -91.775558 5.270301  0.810335 -0.584006 -0.047897  0.110355 0.852535 1 1 1.000000
skin_0dam
0  34.442135 -91.769432 5.020109  0.196960 -0.352293 0.914930  0.109378 0.852535 1 1 1.000000
0  34.624004 -91.580795 5.046082  -0.453495 -0.614571 0.645480  0.109378 0.851558 1 1 1.000000
0  33.709965 -90.097916 5.818881  -0.384163 -0.551825 0.740208  0.114261 0.846675 1 1 1.000000
skin_0dam
0  33.709965 -90.097916 5.818881  -0.384163 -0.551825 0.740208  0.114261 0.846675 1 1 1.000000
0  33.525066 -90.245338 5.806615  0.185113 -0.353393 0.916977  0.114261 0.846675 1 1 1.000000
0  34.442135 -91.769432 5.020109  0.196960 -0.352293 0.914930  0.109378 0.852535 1 1 1.000000
skin_0dam
0  35.116894 -91.775558 5.270301  0.810335 -0.584006 -0.047897  0.110355 0.852535 1 1 1.000000
0  35.344608 -91.282547 3.479456  0.806322 -0.586910 -0.073354  0.100589 0.850581 1 1 1.000000
0  37.048176 -88.947388 3.664028  0.856370 -0.512723 -0.061198  0.101566 0.842769 1 1 1.000000
skin_0dam
0  37.048176 -88.947388 3.664028  0.856370 -0.512723 -0.061198  0.101566 0.842769 1 1 1.000000
0  37.208309 -88.868851 5.619227  0.856508 -0.515190 -0.031187  0.111332 0.842769 1 1 1.000000
0  35.116894 -91.775558 5.270301  0.810335 -0.584006 -0.047897  0.110355 0.852535 1 1 1.000000
skin_0dam
0  38.924938 -85.444229 5.793752  0.997049 -0.015706 -0.075142  0.112308 0.831050 1 1 1.000000
0  38.737667 -85.427765 3.754313  0.992510 -0.018290 -0.120784  0.100589 0.830073 1 1 1.000000
0  38.746410 -84.186928 3.689221  0.992449 -0.018080 -0.121321  0.100589 0.826167 1 1 1.000000
skin_0dam
0  38.746410 -84.186928 3.689221  0.992449 -0.018080 -0.121321  0.100589 0.826167 1 1 1.000000
0  38.932247 -84.175911 5.728642  0.997034 -0.015489 -0.075384  0.111332 0.826167 1 1 1.000000
0  38.924938 -85.444229 5.793752  0.997049 -0.015706 -0.075142  0.112308 0.831050 1 1 1.000000
skin_0dam
0  38.833057 -85.793579 5.786921  0.883034 -0.466316 -0.052913  0.112308 0.832026 1 1 1.000000
0  38.644901 -85.777122 3.761217  0.888331 -0.445171 -0.112649  0.101566 0.832026 1 1 1.000000
0  38.732357 -85.607201 3.767285  0.963939 -0.237225 -0.120608  0.101566 0.831050 1 1 1.000000
skin_0dam
0  38.732357 -85.607201 3.767285  0.963939 -0.237225 -0.120608  0.101566 0.831050 1 1 1.000000
0  38.920498 -85.623634 5.792989  0.966009 -0.249919 -0.066090  0.112308 0.831050 1 1 1.000000
0  38.833057 -85.793579 5.786921  0.883034 -0.466316 -0.052913  0.112308 0.832026 1 1 1.000000
skin_0dam
0  28.712360 -95.996651 2.613469  0.499249 -0.815065 -0.293972  0.354503 0.956053 1 1 1.000000
0  28.441816 -96.093552 2.388958  0.121033 -0.773494 -0.622139  0.355480 0.957030 1 1 1.000000
0  29.101648 -95.646309 1.646359  0.081340 -0.925012 -0.371128  0.352550 0.958983 1 1 1.000000
skin_0dam
0  29.101648 -95.646309 1.646359  0.081340 -0.925012 -0.371128  0.352550 0.958983 1 1 1.000000
0  29.487135 -95.405731 1.685544  0.534171 -0.839557 -0.099019  0.350597 0.958983 1 1 1.000000
0  28.712360 -95.996651 2.613469  0.499249 -0.815065 -0.293972  0.354503 0.956053 1 1 1.000000
skin_0dam
0  34.782848 -91.820709 4.917719  -0.339603 -0.920013 0.195564  0.108402 0.852535 1 1 1.000000
0  34.587254 -92.010056 4.890863  0.527984 -0.650035 0.546524  0.108402 0.853511 1 1 1.000000
0  34.644947 -91.952133 4.591292  0.701726 -0.711636 -0.033990  0.107425 0.853511 1 1 1.000000
skin_0dam
0  32.411751 -94.545601 9.626866  -0.266000 -0.248248 -0.931460  0.332041 0.931639 1 1 1.000000
0  33.477398 -93.498505 8.746420  -0.588663 -0.271464 -0.761435  0.326182 0.934568 1 1 1.000000
0  33.531994 -93.840187 8.817974  0.231115 -0.782447 -0.578241  0.326182 0.934568 1 1 1.000000
skin_0dam
0  33.531994 -93.840187 8.817974  0.231115 -0.782447 -0.578241  0.326182 0.934568 1 1 1.000000
0  32.451027 -94.874283 9.711266  0.392490 -0.709243 -0.585598  0.332041 0.930662 1 1 1.000000
0  32.411751 -94.545601 9.626866  -0.266000 -0.248248 -0.931460  0.332041 0.931639 1 1 1.000000
skin_0dam
0  33.477398 -93.498505 8.746420  -0.588663 -0.271464 -0.761435  0.129887 0.858394 1 1 1.000000
0  34.254276 -92.590668 7.529837  -0.811942 -0.299752 -0.500898  0.123051 0.855464 1 1 1.000000
0  34.366550 -92.915611 7.549972  0.052548 -0.876449 -0.478619  0.123051 0.856441 1 1 1.000000
skin_0dam
0  34.366550 -92.915611 7.549972  0.052548 -0.876449 -0.478619  0.123051 0.856441 1 1 1.000000
0  33.531994 -93.840187 8.817974  0.231115 -0.782447 -0.578241  0.129887 0.859371 1 1 1.000000
0  33.477398 -93.498505 8.746420  -0.588663 -0.271464 -0.761435  0.129887 0.858394 1 1 1.000000
skin_0dam
0  34.254276 -92.590668 7.529837  -0.811942 -0.299752 -0.500898  0.123051 0.855464 1 1 1.000000
0  34.784534 -91.834129 5.331560  -0.901404 -0.408326 -0.144017  0.111332 0.852535 1 1 1.000000
0  34.900463 -92.076256 5.228020  -0.033968 -0.975611 -0.216861  0.110355 0.853511 1 1 1.000000
skin_0dam
0  34.900463 -92.076256 5.228020  -0.033968 -0.975611 -0.216861  0.110355 0.853511 1 1 1.000000
0  34.366550 -92.915611 7.549972  0.052548 -0.876449 -0.478619  0.123051 0.856441 1 1 1.000000
0  34.254276 -92.590668 7.529837  -0.811942 -0.299752 -0.500898  0.123051 0.855464 1 1 1.000000
skin_0dam
0  21.190622 -100.797058 3.621055  0.481934 -0.781012 0.397190  0.395520 0.950194 1 1 1.000000
0  26.359591 -98.185280 4.028877  0.340083 -0.712691 0.613527  0.367199 0.950194 1 1 1.000000
0  26.331491 -97.814522 4.165985  0.110497 -0.334189 0.936006  0.367199 0.949217 1 1 1.000000
skin_0dam
0  26.331491 -97.814522 4.165985  0.110497 -0.334189 0.936006  0.367199 0.949217 1 1 1.000000
0  21.402122 -100.289787 3.787704  0.300849 -0.409679 0.861193  0.394543 0.950194 1 1 1.000000
0  21.190622 -100.797058 3.621055  0.481934 -0.781012 0.397190  0.395520 0.950194 1 1 1.000000
skin_0dam
0  20.312742 -101.283211 4.349548  0.870839 -0.465441 0.158125  0.400403 0.947264 1 1 1.000000
0  20.478428 -101.178474 3.836361  0.754519 -0.645712 0.117295  0.399426 0.949217 1 1 1.000000
0  20.705956 -100.697952 3.990173  0.713247 -0.478828 0.511862  0.398450 0.949217 1 1 1.000000
skin_0dam
0  19.488077 -102.484169 3.755496  0.575856 -0.810368 -0.108137  0.405286 0.949217 1 1 1.000000
0  19.598671 -102.422752 4.562711  0.571154 -0.818986 0.055184  0.404309 0.946287 1 1 1.000000
0  19.228188 -102.524666 4.607612  -0.449441 -0.890302 0.073246  0.406262 0.946287 1 1 1.000000
skin_0dam
0  19.228188 -102.524666 4.607612  -0.449441 -0.890302 0.073246  0.406262 0.946287 1 1 1.000000
0  19.142925 -102.612297 3.857123  -0.260427 -0.917194 0.301551  0.407239 0.949217 1 1 1.000000
0  19.488077 -102.484169 3.755496  0.575856 -0.810368 -0.108137  0.405286 0.949217 1 1 1.000000
skin_0dam
0  19.653326 -102.033073 5.974069  0.851603 -0.472118 0.227766  0.403333 0.941404 1 1 1.000000
0  19.913179 -102.020561 4.501225  0.835983 -0.544557 0.067749  0.402356 0.947264 1 1 1.000000
0  20.312742 -101.283211 4.349548  0.870839 -0.465441 0.158125  0.400403 0.947264 1 1 1.000000
skin_0dam
0  20.312742 -101.283211 4.349548  0.870839 -0.465441 0.158125  0.400403 0.947264 1 1 1.000000
0  19.835583 -101.458427 6.111434  0.880302 -0.405699 0.245922  0.402356 0.941404 1 1 1.000000
0  19.653326 -102.033073 5.974069  0.851603 -0.472118 0.227766  0.403333 0.941404 1 1 1.000000
skin_0dam
0  21.075294 -97.560715 8.808163  0.857982 -0.507386 0.080167  0.393567 0.931639 1 1 1.000000
0  18.572472 -101.742470 9.229373  0.833728 -0.403316 0.377138  0.408216 0.929685 1 1 1.000000
0  18.889479 -101.698883 8.560231  0.851818 -0.401640 0.336291  0.406262 0.931639 1 1 1.000000
skin_0dam
0  18.984032 -101.651917 9.628431  0.164525 -0.217515 -0.962091  0.405286 0.927732 1 1 1.000000
0  21.464067 -100.709808 9.817768  0.143252 -0.203333 -0.968573  0.391614 0.927732 1 1 1.000000
0  21.463078 -101.040588 9.885785  0.326035 -0.738282 -0.590459  0.392590 0.927732 1 1 1.000000
skin_0dam
0  21.463078 -101.040588 9.885785  0.326035 -0.738282 -0.590459  0.392590 0.927732 1 1 1.000000
0  18.778170 -101.993362 9.669471  0.313157 -0.760511 -0.568819  0.407239 0.927732 1 1 1.000000
0  18.984032 -101.651917 9.628431  0.164525 -0.217515 -0.962091  0.405286 0.927732 1 1 1.000000
skin_0dam
0  18.984032 -101.651917 9.628431  0.164525 -0.217515 -0.962091  0.405286 0.927732 1 1 1.000000
0  18.414846 -101.764221 9.550208  0.769400 -0.470867 -0.431634  0.409192 0.928709 1 1 1.000000
0  21.142393 -97.501961 9.005719  0.582852 -0.441806 -0.681976  0.393567 0.930662 1 1 1.000000
skin_0dam
0  21.142393 -97.501961 9.005719  0.582852 -0.441806 -0.681976  0.393567 0.930662 1 1 1.000000
0  21.566050 -97.286942 9.116249  0.189195 -0.230086 -0.954602  0.390637 0.930662 1 1 1.000000
0  18.984032 -101.651917 9.628431  0.164525 -0.217515 -0.962091  0.405286 0.927732 1 1 1.000000
skin_0dam
0  16.652376 -99.913376 8.186881  -0.020613 -0.227140 -0.973644  0.417982 0.932615 1 1 1.000000
0  17.178659 -99.762100 8.041779  -0.436071 -0.321560 -0.840501  0.415052 0.933592 1 1 1.000000
0  17.511818 -101.825546 8.609358  -0.330487 -0.613119 -0.717540  0.414075 0.931639 1 1 1.000000
skin_0dam
0  17.511818 -101.825546 8.609358  -0.330487 -0.613119 -0.717540  0.414075 0.931639 1 1 1.000000
0  17.009287 -101.948151 8.576764  0.195837 -0.700967 -0.685779  0.417005 0.931639 1 1 1.000000
0  16.652376 -99.913376 8.186881  -0.020613 -0.227140 -0.973644  0.417982 0.932615 1 1 1.000000
skin_0dam
0  2.198141 -105.121048 0.500488  -0.052460 -0.198910 0.978613  0.500015 0.957030 1 1 1.000000
0  8.780963 -104.461685 1.118017  -0.088060 -0.198543 0.976128  0.463881 0.956053 1 1 1.000000
0  8.597007 -101.617912 1.679271  -0.088048 -0.199274 0.975980  0.463881 0.954100 1 1 1.000000
skin_0dam
0  8.597007 -101.617912 1.679271  -0.088048 -0.199274 0.975980  0.463881 0.954100 1 1 1.000000
0  2.020065 -102.373451 1.048071  -0.052358 -0.198212 0.978760  0.500015 0.955077 1 1 1.000000
0  2.198141 -105.121048 0.500488  -0.052460 -0.198910 0.978613  0.500015 0.957030 1 1 1.000000
skin_0dam
0  18.500862 -102.494453 3.223145  -0.603815 -0.258785 0.753948  0.411145 0.951170 1 1 1.000000
0  17.705706 -102.742851 2.688697  -0.350928 -0.215648 0.911233  0.415052 0.953124 1 1 1.000000
0  17.780523 -103.056000 2.637496  -0.012094 -0.827794 0.560902  0.415052 0.953124 1 1 1.000000
skin_0dam
0  17.780523 -103.056000 2.637496  -0.012094 -0.827794 0.560902  0.415052 0.953124 1 1 1.000000
0  18.587805 -102.793175 3.186553  -0.153396 -0.859979 0.486730  0.410169 0.951170 1 1 1.000000
0  18.500862 -102.494453 3.223145  -0.603815 -0.258785 0.753948  0.411145 0.951170 1 1 1.000000
skin_0dam
0  18.500862 -102.494453 3.223145  -0.603815 -0.258785 0.753948  0.411145 0.951170 1 1 1.000000
0  18.587805 -102.793175 3.186553  -0.153396 -0.859979 0.486730  0.410169 0.951170 1 1 1.000000
0  19.142925 -102.612297 3.857123  -0.260427 -0.917194 0.301551  0.407239 0.949217 1 1 1.000000
skin_0dam
0  19.142925 -102.612297 3.857123  -0.260427 -0.917194 0.301551  0.407239 0.949217 1 1 1.000000
0  19.055271 -102.299828 3.893705  -0.858490 -0.292755 0.421057  0.407239 0.949217 1 1 1.000000
0  18.500862 -102.494453 3.223145  -0.603815 -0.258785 0.753948  0.411145 0.951170 1 1 1.000000
skin_0dam
0  19.141417 -102.212166 4.630459  -0.958758 -0.282593 0.030414  0.406262 0.946287 1 1 1.000000
0  19.228188 -102.524666 4.607612  -0.449441 -0.890302 0.073246  0.406262 0.946287 1 1 1.000000
0  19.117807 -102.460663 5.841997  -0.409323 -0.909324 -0.074724  0.406262 0.941404 1 1 1.000000
skin_0dam
0  19.117807 -102.460663 5.841997  -0.409323 -0.909324 -0.074724  0.406262 0.941404 1 1 1.000000
0  19.019085 -102.148811 5.836489  -0.935216 -0.287088 -0.207245  0.407239 0.942381 1 1 1.000000
0  19.141417 -102.212166 4.630459  -0.958758 -0.282593 0.030414  0.406262 0.946287 1 1 1.000000
skin_0dam
0  18.127701 -102.220978 8.372005  -0.811498 -0.374042 -0.448959  0.411145 0.932615 1 1 1.000000
0  19.019085 -102.148811 5.836489  -0.935216 -0.287088 -0.207245  0.407239 0.942381 1 1 1.000000
0  19.117807 -102.460663 5.841997  -0.409323 -0.909324 -0.074724  0.406262 0.941404 1 1 1.000000
skin_0dam
0  19.117807 -102.460663 5.841997  -0.409323 -0.909324 -0.074724  0.406262 0.941404 1 1 1.000000
0  18.210066 -102.533661 8.417836  -0.366177 -0.910873 -0.190327  0.410169 0.932615 1 1 1.000000
0  18.127701 -102.220978 8.372005  -0.811498 -0.374042 -0.448959  0.411145 0.932615 1 1 1.000000
skin_0dam
0  17.009287 -101.948151 8.576764  0.195837 -0.700967 -0.685779  0.417005 0.931639 1 1 1.000000
0  17.511818 -101.825546 8.609358  -0.330487 -0.613119 -0.717540  0.414075 0.931639 1 1 1.000000
0  17.367073 -101.915504 8.999799  -0.217357 -0.934933 -0.280458  0.415052 0.929685 1 1 1.000000
skin_0dam
0  17.367073 -101.915504 8.999799  -0.217357 -0.934933 -0.280458  0.415052 0.929685 1 1 1.000000
0  16.959129 -102.005615 8.973365  0.221655 -0.967281 -0.123434  0.417005 0.929685 1 1 1.000000
0  17.009287 -101.948151 8.576764  0.195837 -0.700967 -0.685779  0.417005 0.931639 1 1 1.000000
skin_0dam
0  8.734158 -103.646317 8.054685  0.166812 -0.708394 -0.685822  0.461928 0.931639 1 1 1.000000
0  11.731804 -101.037476 7.867935  0.101706 -0.190783 -0.976349  0.445326 0.932615 1 1 1.000000
0  13.361902 -102.744164 8.381820  0.189299 -0.705764 -0.682688  0.436537 0.931639 1 1 1.000000
skin_0dam
0  8.734158 -103.646317 8.054685  0.166812 -0.708394 -0.685822  0.461928 0.931639 1 1 1.000000
0  5.308731 -102.046745 7.411444  0.086463 -0.189706 -0.978027  0.479507 0.932615 1 1 1.000000
0  11.731804 -101.037476 7.867935  0.101706 -0.190783 -0.976349  0.445326 0.932615 1 1 1.000000
skin_0dam
0  12.658936 -103.342865 12.707227  0.202201 -0.977941 0.052401  0.438490 0.916013 1 1 1.000000
0  15.770518 -102.643578 12.936468  0.218362 -0.973602 0.066460  0.421888 0.916013 1 1 1.000000
0  15.579674 -102.570282 13.696776  0.234805 -0.958936 0.159087  0.422864 0.913083 1 1 1.000000
skin_0dam
0  15.579674 -102.570282 13.696776  0.234805 -0.958936 0.159087  0.422864 0.913083 1 1 1.000000
0  12.536342 -103.293579 13.499435  0.199165 -0.970605 0.135124  0.439467 0.913083 1 1 1.000000
0  12.658936 -103.342865 12.707227  0.202201 -0.977941 0.052401  0.438490 0.916013 1 1 1.000000
skin_0dam
0  16.243662 -102.523056 12.139637  0.069360 -0.992453 -0.101129  0.419935 0.918943 1 1 1.000000
0  16.024565 -102.575768 12.153011  0.233418 -0.970753 -0.056172  0.420911 0.917966 1 1 1.000000
0  16.959129 -102.005615 8.973365  0.221655 -0.967281 -0.123434  0.417005 0.929685 1 1 1.000000
skin_0dam
0  16.959129 -102.005615 8.973365  0.221655 -0.967281 -0.123434  0.417005 0.929685 1 1 1.000000
0  17.367073 -101.915504 8.999799  -0.217357 -0.934933 -0.280458  0.415052 0.929685 1 1 1.000000
0  16.243662 -102.523056 12.139637  0.069360 -0.992453 -0.101129  0.419935 0.918943 1 1 1.000000
skin_0dam
0  17.009287 -101.948151 8.576764  0.195837 -0.700967 -0.685779  0.417005 0.931639 1 1 1.000000
0  13.361902 -102.744164 8.381820  0.189299 -0.705764 -0.682688  0.436537 0.931639 1 1 1.000000
0  11.731804 -101.037476 7.867935  0.101706 -0.190783 -0.976349  0.445326 0.932615 1 1 1.000000
skin_0dam
0  11.731804 -101.037476 7.867935  0.101706 -0.190783 -0.976349  0.445326 0.932615 1 1 1.000000
0  16.652376 -99.913376 8.186881  -0.020613 -0.227140 -0.973644  0.417982 0.932615 1 1 1.000000
0  17.009287 -101.948151 8.576764  0.195837 -0.700967 -0.685779  0.417005 0.931639 1 1 1.000000
skin_0dam
0  16.959129 -102.005615 8.973365  0.221655 -0.967281 -0.123434  0.417005 0.929685 1 1 1.000000
0  13.300341 -102.829803 8.763822  0.211451 -0.967559 -0.138272  0.436537 0.929685 1 1 1.000000
0  13.361902 -102.744164 8.381820  0.189299 -0.705764 -0.682688  0.436537 0.931639 1 1 1.000000
skin_0dam
0  13.361902 -102.744164 8.381820  0.189299 -0.705764 -0.682688  0.436537 0.931639 1 1 1.000000
0  17.009287 -101.948151 8.576764  0.195837 -0.700967 -0.685779  0.417005 0.931639 1 1 1.000000
0  16.959129 -102.005615 8.973365  0.221655 -0.967281 -0.123434  0.417005 0.929685 1 1 1.000000
skin_0dam
0  13.873076 -102.616333 15.573155  0.222469 -0.954063 0.200676  0.431654 0.905271 1 1 1.000000
0  14.627868 -102.273483 16.229393  0.227380 -0.936992 0.265226  0.426771 0.903317 1 1 1.000000
0  14.444968 -102.296715 16.300343  -0.128770 -0.817799 0.560913  0.427747 0.903317 1 1 1.000000
skin_0dam
0  14.444968 -102.296715 16.300343  -0.128770 -0.817799 0.560913  0.427747 0.903317 1 1 1.000000
0  13.739040 -102.623184 15.730039  -0.024005 -0.832256 0.553871  0.431654 0.905271 1 1 1.000000
0  13.873076 -102.616333 15.573155  0.222469 -0.954063 0.200676  0.431654 0.905271 1 1 1.000000
skin_0dam
0  19.636089 -98.400497 18.974937  0.909127 -0.379799 -0.171002  0.398450 0.894528 1 1 1.000000
0  19.126627 -99.832726 19.034954  0.886439 -0.432844 -0.163927  0.401379 0.894528 1 1 1.000000
0  18.325274 -100.881615 17.311844  0.877199 -0.471711 -0.089504  0.406262 0.900388 1 1 1.000000
skin_0dam
0  18.727800 -101.206116 16.040352  0.240489 -0.606583 0.757774  0.404309 0.905271 1 1 1.000000
0  18.645809 -101.362053 15.938125  0.290359 -0.840994 0.456531  0.405286 0.905271 1 1 1.000000
0  21.048206 -100.547997 16.149723  0.261420 -0.802228 0.536740  0.391614 0.905271 1 1 1.000000
skin_0dam
0  21.048206 -100.547997 16.149723  0.261420 -0.802228 0.536740  0.391614 0.905271 1 1 1.000000
0  21.074619 -100.381180 16.248409  0.114090 -0.479430 0.870132  0.391614 0.905271 1 1 1.000000
0  18.727800 -101.206116 16.040352  0.240489 -0.606583 0.757774  0.404309 0.905271 1 1 1.000000
skin_0dam
0  18.727800 -101.206116 16.040352  0.240489 -0.606583 0.757774  0.404309 0.905271 1 1 1.000000
0  18.228405 -101.328445 16.173466  0.524365 -0.671034 0.524171  0.407239 0.904294 1 1 1.000000
0  18.147295 -101.484352 16.057503  0.324502 -0.889592 0.321441  0.408216 0.905271 1 1 1.000000
skin_0dam
0  18.147295 -101.484352 16.057503  0.324502 -0.889592 0.321441  0.408216 0.905271 1 1 1.000000
0  18.645809 -101.362053 15.938125  0.290359 -0.840994 0.456531  0.405286 0.905271 1 1 1.000000
0  18.727800 -101.206116 16.040352  0.240489 -0.606583 0.757774  0.404309 0.905271 1 1 1.000000
skin_0dam
0  39.460960 -81.647156 18.457317  0.999319 -0.036139 0.007409  0.181646 0.816401 1 1 1.000000
0  39.529568 -82.580742 17.141739  0.999472 -0.032358 0.002847  0.171880 0.820307 1 1 1.000000
0  39.572086 -81.437263 16.647507  0.999516 -0.030034 0.008141  0.168950 0.816401 1 1 1.000000
skin_0dam
0  39.572086 -81.437263 16.647507  0.999516 -0.030034 0.008141  0.168950 0.816401 1 1 1.000000
0  39.502254 -80.546043 17.865473  0.999172 -0.040591 0.002610  0.178716 0.812494 1 1 1.000000
0  39.460960 -81.647156 18.457317  0.999319 -0.036139 0.007409  0.181646 0.816401 1 1 1.000000
skin_0dam
0  39.267391 -83.921356 15.167021  0.825430 -0.538744 0.168581  0.161138 0.825190 1 1 1.000000
0  39.436184 -82.857941 17.263569  0.805190 -0.505728 0.309691  0.172857 0.821284 1 1 1.000000
0  37.561115 -85.235863 18.338379  0.830078 -0.440246 0.342278  0.178716 0.830073 1 1 1.000000
skin_0dam
0  37.561115 -85.235863 18.338379  0.830078 -0.440246 0.342278  0.178716 0.830073 1 1 1.000000
0  37.462986 -86.545654 15.733832  0.845031 -0.504188 0.178093  0.164068 0.834956 1 1 1.000000
0  39.267391 -83.921356 15.167021  0.825430 -0.538744 0.168581  0.161138 0.825190 1 1 1.000000
skin_0dam
0  35.648376 -86.326859 20.659534  -0.099394 -0.564285 0.819575  0.193365 0.833003 1 1 1.000000
0  35.813541 -86.395676 20.604479  0.487240 -0.509736 0.709061  0.193365 0.833003 1 1 1.000000
0  35.951183 -84.358627 22.366253  0.500731 -0.561524 0.658757  0.203131 0.826167 1 1 1.000000
skin_0dam
0  35.951183 -84.358627 22.366253  0.500731 -0.561524 0.658757  0.203131 0.826167 1 1 1.000000
0  35.772251 -84.386154 22.366253  -0.142013 -0.620942 0.770885  0.203131 0.826167 1 1 1.000000
0  35.648376 -86.326859 20.659534  -0.099394 -0.564285 0.819575  0.193365 0.833003 1 1 1.000000
skin_0dam
0  36.845833 -82.858368 22.022156  0.811344 -0.383640 0.441069  0.201178 0.820307 1 1 1.000000
0  36.873360 -84.757782 19.998869  0.828398 -0.377928 0.413433  0.190435 0.827143 1 1 1.000000
0  37.327564 -84.055824 19.723593  0.801366 -0.416510 0.429340  0.188482 0.825190 1 1 1.000000
skin_0dam
0  37.327564 -84.055824 19.723593  0.801366 -0.416510 0.429340  0.188482 0.825190 1 1 1.000000
0  37.327564 -82.073830 21.829462  0.772029 -0.430412 0.467672  0.200201 0.817377 1 1 1.000000
0  36.845833 -82.858368 22.022156  0.811344 -0.383640 0.441069  0.201178 0.820307 1 1 1.000000
skin_0dam
0  35.841072 -81.936188 24.251902  0.149715 -0.481713 0.863445  0.212897 0.817377 1 1 1.000000
0  35.717194 -81.743500 24.293192  0.048668 -0.203137 0.977940  0.212897 0.816401 1 1 1.000000
0  35.772251 -84.386154 22.366253  -0.142013 -0.620942 0.770885  0.203131 0.826167 1 1 1.000000
skin_0dam
0  35.772251 -84.386154 22.366253  -0.142013 -0.620942 0.770885  0.203131 0.826167 1 1 1.000000
0  35.951183 -84.358627 22.366253  0.500731 -0.561524 0.658757  0.203131 0.826167 1 1 1.000000
0  35.841072 -81.936188 24.251902  0.149715 -0.481713 0.863445  0.212897 0.817377 1 1 1.000000
skin_0dam
0  9.473365 -103.520782 14.708966  -0.031968 -0.418733 0.907547  0.455092 0.907224 1 1 1.000000
0  6.694333 -103.968506 14.474163  -0.003359 -0.415168 0.909739  0.470717 0.908200 1 1 1.000000
0  6.708192 -104.133232 14.391858  0.069253 -0.791256 0.607550  0.470717 0.908200 1 1 1.000000
skin_0dam
0  6.708192 -104.133232 14.391858  0.069253 -0.791256 0.607550  0.470717 0.908200 1 1 1.000000
0  9.487940 -103.699257 14.626674  0.083876 -0.800007 0.594099  0.455092 0.908200 1 1 1.000000
0  9.473365 -103.520782 14.708966  -0.031968 -0.418733 0.907547  0.455092 0.907224 1 1 1.000000
skin_0dam
0  1.365592 -102.932823 19.182728  0.609814 -0.720529 0.330099  0.497085 0.889645 1 1 1.000000
0  1.431108 -103.578247 17.612900  0.592462 -0.723770 0.353758  0.498062 0.895505 1 1 1.000000
0  1.463858 -103.397392 17.601692  0.955524 -0.214234 0.202675  0.497085 0.895505 1 1 1.000000
skin_0dam
0  1.463858 -103.397392 17.601692  0.955524 -0.214234 0.202675  0.497085 0.895505 1 1 1.000000
0  1.400989 -102.751854 19.130318  0.973714 -0.211537 0.084461  0.497085 0.889645 1 1 1.000000
0  1.365592 -102.932823 19.182728  0.609814 -0.720529 0.330099  0.497085 0.889645 1 1 1.000000
skin_0dam
0  4.630182 -104.392860 14.271533  0.101510 -0.843600 0.527290  0.481460 0.908200 1 1 1.000000
0  6.708192 -104.133232 14.391858  0.069253 -0.791256 0.607550  0.470717 0.908200 1 1 1.000000
0  6.694333 -103.968506 14.474163  -0.003359 -0.415168 0.909739  0.470717 0.908200 1 1 1.000000
skin_0dam
0  6.694333 -103.968506 14.474163  -0.003359 -0.415168 0.909739  0.470717 0.908200 1 1 1.000000
0  4.641993 -104.226784 14.383071  0.079909 -0.491473 0.867219  0.481460 0.908200 1 1 1.000000
0  4.630182 -104.392860 14.271533  0.101510 -0.843600 0.527290  0.481460 0.908200 1 1 1.000000
skin_0dam
0  2.323420 -104.250320 15.020292  0.571207 -0.395960 0.718984  0.494156 0.905271 1 1 1.000000
0  3.324430 -104.322678 14.546474  0.249162 -0.549460 0.797503  0.488296 0.907224 1 1 1.000000
0  3.591136 -102.971565 15.105103  0.230701 -0.399232 0.887350  0.486343 0.905271 1 1 1.000000
skin_0dam
0  3.591136 -102.971565 15.105103  0.230701 -0.399232 0.887350  0.486343 0.905271 1 1 1.000000
0  2.649000 -103.034081 15.416831  0.532886 -0.371606 0.760225  0.491226 0.903317 1 1 1.000000
0  2.323420 -104.250320 15.020292  0.571207 -0.395960 0.718984  0.494156 0.905271 1 1 1.000000
skin_0dam
0  1.463858 -103.397392 17.601692  0.955524 -0.214234 0.202675  0.497085 0.895505 1 1 1.000000
0  1.785267 -104.015816 15.896649  0.845143 -0.321195 0.427279  0.496109 0.901364 1 1 1.000000
0  2.063009 -102.981361 16.110336  0.839411 -0.299162 0.453752  0.494156 0.901364 1 1 1.000000
skin_0dam
0  2.063009 -102.981361 16.110336  0.839411 -0.299162 0.453752  0.494156 0.901364 1 1 1.000000
0  1.621792 -102.713844 17.599865  0.955859 -0.205302 0.210202  0.496109 0.895505 1 1 1.000000
0  1.463858 -103.397392 17.601692  0.955524 -0.214234 0.202675  0.497085 0.895505 1 1 1.000000
skin_0dam
0  0.405493 -104.543045 14.799814  0.040557 -0.974047 0.222682  0.503922 0.905271 1 1 1.000000
0  2.078967 -104.456047 14.907500  0.032097 -0.974482 0.222159  0.495132 0.905271 1 1 1.000000
0  1.522687 -104.222443 15.851655  0.029581 -0.952867 0.301943  0.498062 0.901364 1 1 1.000000
skin_0dam
0  1.522687 -104.222443 15.851655  0.029581 -0.952867 0.301943  0.498062 0.901364 1 1 1.000000
0  0.809403 -104.259529 15.805757  0.030690 -0.952773 0.302130  0.501968 0.901364 1 1 1.000000
0  0.405493 -104.543045 14.799814  0.040557 -0.974047 0.222682  0.503922 0.905271 1 1 1.000000
skin_0dam
0  0.809403 -104.259529 15.805757  0.030690 -0.952773 0.302130  0.501968 0.901364 1 1 1.000000
0  1.522687 -104.222443 15.851655  0.029581 -0.952867 0.301943  0.498062 0.901364 1 1 1.000000
0  1.239070 -103.588234 17.600544  0.025084 -0.931502 0.362870  0.499039 0.895505 1 1 1.000000
skin_0dam
0  1.239070 -103.588234 17.600544  0.025084 -0.931502 0.362870  0.499039 0.895505 1 1 1.000000
0  0.800126 -103.611053 17.572296  0.025085 -0.931503 0.362867  0.500992 0.895505 1 1 1.000000
0  0.809403 -104.259529 15.805757  0.030690 -0.952773 0.302130  0.501968 0.901364 1 1 1.000000
skin_0dam
0  1.501354 -102.097969 20.476349  0.950362 -0.304960 -0.061744  0.496109 0.884762 1 1 1.000000
0  1.400989 -102.751854 19.130318  0.973714 -0.211537 0.084461  0.497085 0.889645 1 1 1.000000
0  1.510246 -102.319008 19.014355  0.973112 -0.214474 0.083986  0.496109 0.890622 1 1 1.000000
skin_0dam
0  1.510246 -102.319008 19.014355  0.973112 -0.214474 0.083986  0.496109 0.890622 1 1 1.000000
0  1.576263 -101.832275 20.385323  0.942372 -0.321374 -0.093027  0.495132 0.885739 1 1 1.000000
0  1.501354 -102.097969 20.476349  0.950362 -0.304960 -0.061744  0.496109 0.884762 1 1 1.000000
skin_0dam
0  13.671193 -102.461281 15.795077  -0.327202 -0.442193 0.835107  0.432630 0.904294 1 1 1.000000
0  13.739040 -102.623184 15.730039  -0.024005 -0.832256 0.553871  0.431654 0.905271 1 1 1.000000
0  14.444968 -102.296715 16.300343  -0.128770 -0.817799 0.560913  0.427747 0.903317 1 1 1.000000
skin_0dam
0  14.444968 -102.296715 16.300343  -0.128770 -0.817799 0.560913  0.427747 0.903317 1 1 1.000000
0  14.377119 -102.134796 16.365376  -0.516492 -0.443183 0.732683  0.427747 0.903317 1 1 1.000000
0  13.671193 -102.461281 15.795077  -0.327202 -0.442193 0.835107  0.432630 0.904294 1 1 1.000000
skin_0dam
0  15.548893 -100.859451 18.802490  -0.807647 -0.391280 0.441143  0.420911 0.894528 1 1 1.000000
0  15.651714 -101.019478 18.836250  -0.309200 -0.803305 0.509014  0.419935 0.894528 1 1 1.000000
0  15.909922 -100.260887 20.220287  -0.303566 -0.803491 0.512103  0.417982 0.889645 1 1 1.000000
skin_0dam
0  15.909922 -100.260887 20.220287  -0.303566 -0.803491 0.512103  0.417982 0.889645 1 1 1.000000
0  15.807811 -100.114609 20.186535  -0.837908 -0.416082 0.353252  0.418958 0.889645 1 1 1.000000
0  15.548893 -100.859451 18.802490  -0.807647 -0.391280 0.441143  0.420911 0.894528 1 1 1.000000
skin_0dam
0  14.917125 -101.747917 17.104488  -0.681762 -0.428331 0.593072  0.424818 0.900388 1 1 1.000000
0  14.984804 -101.923599 17.053196  -0.219620 -0.815601 0.535316  0.424818 0.900388 1 1 1.000000
0  15.651714 -101.019478 18.836250  -0.309200 -0.803305 0.509014  0.419935 0.894528 1 1 1.000000
skin_0dam
0  15.651714 -101.019478 18.836250  -0.309200 -0.803305 0.509014  0.419935 0.894528 1 1 1.000000
0  15.548893 -100.859451 18.802490  -0.807647 -0.391280 0.441143  0.420911 0.894528 1 1 1.000000
0  14.917125 -101.747917 17.104488  -0.681762 -0.428331 0.593072  0.424818 0.900388 1 1 1.000000
skin_0dam
0  14.377119 -102.134796 16.365376  -0.516492 -0.443183 0.732683  0.427747 0.903317 1 1 1.000000
0  14.444968 -102.296715 16.300343  -0.128770 -0.817799 0.560913  0.427747 0.903317 1 1 1.000000
0  14.984804 -101.923599 17.053196  -0.219620 -0.815601 0.535316  0.424818 0.900388 1 1 1.000000
skin_0dam
0  14.984804 -101.923599 17.053196  -0.219620 -0.815601 0.535316  0.424818 0.900388 1 1 1.000000
0  14.917125 -101.747917 17.104488  -0.681762 -0.428331 0.593072  0.424818 0.900388 1 1 1.000000
0  14.377119 -102.134796 16.365376  -0.516492 -0.443183 0.732683  0.427747 0.903317 1 1 1.000000
skin_0dam
0  2.241525 -105.394737 0.047400  0.075233 -0.890024 -0.449663  0.500015 0.958983 1 1 1.000000
0  8.825062 -104.749138 0.664937  0.168415 -0.881577 -0.440974  0.463881 0.958007 1 1 1.000000
0  8.801795 -104.777664 1.049550  0.039051 -0.805888 0.590779  0.463881 0.957030 1 1 1.000000
skin_0dam
0  8.801795 -104.777664 1.049550  0.039051 -0.805888 0.590779  0.463881 0.957030 1 1 1.000000
0  2.217377 -105.423294 0.445748  0.004986 -0.813231 0.581920  0.500015 0.957030 1 1 1.000000
0  2.241525 -105.394737 0.047400  0.075233 -0.890024 -0.449663  0.500015 0.958983 1 1 1.000000
skin_0dam
0  26.353703 -98.227142 3.724958  0.465591 -0.836687 -0.288410  0.367199 0.951170 1 1 1.000000
0  28.796293 -96.845932 3.926858  0.537830 -0.832946 -0.130157  0.353526 0.951170 1 1 1.000000
0  28.771177 -96.736778 4.228967  0.353993 -0.634526 0.687070  0.353526 0.950194 1 1 1.000000
skin_0dam
0  28.771177 -96.736778 4.228967  0.353993 -0.634526 0.687070  0.353526 0.950194 1 1 1.000000
0  26.359591 -98.185280 4.028877  0.340083 -0.712691 0.613527  0.367199 0.950194 1 1 1.000000
0  26.353703 -98.227142 3.724958  0.465591 -0.836687 -0.288410  0.367199 0.951170 1 1 1.000000
skin_0dam
0  8.825062 -104.749138 0.664937  0.168415 -0.881577 -0.440974  0.463881 0.958007 1 1 1.000000
0  15.485724 -103.630692 1.633497  0.267808 -0.865066 -0.424193  0.427747 0.956053 1 1 1.000000
0  15.435907 -103.660591 2.002607  0.051494 -0.801401 0.595906  0.427747 0.955077 1 1 1.000000
skin_0dam
0  15.435907 -103.660591 2.002607  0.051494 -0.801401 0.595906  0.427747 0.955077 1 1 1.000000
0  8.801795 -104.777664 1.049550  0.039051 -0.805888 0.590779  0.463881 0.957030 1 1 1.000000
0  8.825062 -104.749138 0.664937  0.168415 -0.881577 -0.440974  0.463881 0.958007 1 1 1.000000
skin_0dam
0  15.485724 -103.630692 1.633497  0.267808 -0.865066 -0.424193  0.427747 0.956053 1 1 1.000000
0  17.884497 -103.009491 2.271905  0.414996 -0.820544 -0.393047  0.414075 0.954100 1 1 1.000000
0  17.780523 -103.056000 2.637496  -0.012094 -0.827794 0.560902  0.415052 0.953124 1 1 1.000000
skin_0dam
0  17.780523 -103.056000 2.637496  -0.012094 -0.827794 0.560902  0.415052 0.953124 1 1 1.000000
0  15.435907 -103.660591 2.002607  0.051494 -0.801401 0.595906  0.427747 0.955077 1 1 1.000000
0  15.485724 -103.630692 1.633497  0.267808 -0.865066 -0.424193  0.427747 0.956053 1 1 1.000000
skin_0dam
0  26.359591 -98.185280 4.028877  0.340083 -0.712691 0.613527  0.367199 0.950194 1 1 1.000000
0  21.190622 -100.797058 3.621055  0.481934 -0.781012 0.397190  0.395520 0.950194 1 1 1.000000
0  21.168873 -100.798401 3.316225  0.459641 -0.820840 -0.339046  0.395520 0.951170 1 1 1.000000
skin_0dam
0  21.168873 -100.798401 3.316225  0.459641 -0.820840 -0.339046  0.395520 0.951170 1 1 1.000000
0  26.353703 -98.227142 3.724958  0.465591 -0.836687 -0.288410  0.367199 0.951170 1 1 1.000000
0  26.359591 -98.185280 4.028877  0.340083 -0.712691 0.613527  0.367199 0.950194 1 1 1.000000
skin_0dam
0  32.184639 -93.419319 0.871008  0.435944 -0.522006 -0.733118  0.335948 0.962889 1 1 1.000000
0  35.372272 -90.758949 1.124154  0.551120 -0.473765 -0.686887  0.317392 0.962889 1 1 1.000000
0  35.384045 -90.813278 1.414402  0.724693 -0.667379 -0.171539  0.317392 0.961913 1 1 1.000000
skin_0dam
0  35.384045 -90.813278 1.414402  0.724693 -0.667379 -0.171539  0.317392 0.961913 1 1 1.000000
0  32.185001 -93.501808 1.146654  0.593740 -0.775266 -0.215489  0.335948 0.961913 1 1 1.000000
0  32.184639 -93.419319 0.871008  0.435944 -0.522006 -0.733118  0.335948 0.962889 1 1 1.000000
skin_0dam
0  35.384045 -90.813278 1.414402  0.724693 -0.667379 -0.171539  0.089846 0.849605 1 1 1.000000
0  35.372272 -90.758949 1.124154  0.551120 -0.473765 -0.686887  0.087893 0.848628 1 1 1.000000
0  36.788151 -88.907394 1.233798  0.657950 -0.346682 -0.668516  0.087893 0.842769 1 1 1.000000
skin_0dam
0  36.788151 -88.907394 1.233798  0.657950 -0.346682 -0.668516  0.087893 0.842769 1 1 1.000000
0  36.826107 -88.919022 1.512048  0.864661 -0.482170 -0.140974  0.089846 0.842769 1 1 1.000000
0  35.384045 -90.813278 1.414402  0.724693 -0.667379 -0.171539  0.089846 0.849605 1 1 1.000000
skin_0dam
0  38.249081 -85.316750 1.599231  0.939304 -0.026129 -0.342090  0.089846 0.830073 1 1 1.000000
0  38.111912 -85.461929 1.272815  0.643403 -0.144943 -0.751681  0.087893 0.830073 1 1 1.000000
0  38.123653 -84.014206 1.208467  0.733365 -0.039985 -0.678659  0.087893 0.825190 1 1 1.000000
skin_0dam
0  38.123653 -84.014206 1.208467  0.733365 -0.039985 -0.678659  0.087893 0.825190 1 1 1.000000
0  38.268345 -84.047791 1.562475  0.941089 -0.024962 -0.337236  0.089846 0.825190 1 1 1.000000
0  38.249081 -85.316750 1.599231  0.939304 -0.026129 -0.342090  0.089846 0.830073 1 1 1.000000
skin_0dam
0  38.243214 -85.468666 1.598450  0.919442 -0.190874 -0.343792  0.089846 0.830073 1 1 1.000000
0  38.170208 -85.651634 1.593274  0.870812 -0.363555 -0.330928  0.089846 0.831050 1 1 1.000000
0  38.111912 -85.461929 1.272815  0.643403 -0.144943 -0.751681  0.087893 0.830073 1 1 1.000000
skin_0dam
0  29.357321 -95.412987 0.918617  0.065733 -0.917623 -0.391978  0.351573 0.961913 1 1 1.000000
0  29.144384 -95.217354 0.850295  -0.696851 -0.468229 -0.543287  0.352550 0.961913 1 1 1.000000
0  29.351795 -95.248055 0.656649  -0.102133 -0.558823 -0.822974  0.351573 0.962889 1 1 1.000000
skin_0dam
0  21.337109 -94.258064 1.427348  0.250453 -0.187031 -0.949891  0.393567 0.958007 1 1 1.000000
0  19.932493 -100.670525 2.037253  0.534374 -0.359339 -0.765063  0.403333 0.956053 1 1 1.000000
0  17.939638 -101.505020 1.272624  0.375583 -0.320315 -0.869675  0.414075 0.958007 1 1 1.000000
skin_0dam
0  17.939638 -101.505020 1.272624  0.375583 -0.320315 -0.869675  0.414075 0.958007 1 1 1.000000
0  16.971952 -95.863892 0.163531  0.256696 -0.128833 -0.957867  0.417982 0.961913 1 1 1.000000
0  21.337109 -94.258064 1.427348  0.250453 -0.187031 -0.949891  0.393567 0.958007 1 1 1.000000
skin_0dam
0  26.285995 -97.362839 3.005720  0.213096 -0.380131 -0.900050  0.367199 0.954100 1 1 1.000000
0  21.237036 -99.816826 2.537061  0.358502 -0.369467 -0.857304  0.395520 0.954100 1 1 1.000000
0  21.337109 -94.258064 1.427348  0.250453 -0.187031 -0.949891  0.393567 0.958007 1 1 1.000000
skin_0dam
0  21.337109 -94.258064 1.427348  0.250453 -0.187031 -0.949891  0.393567 0.958007 1 1 1.000000
0  26.466766 -92.213409 1.831136  -0.117761 -0.256311 -0.959394  0.365246 0.958007 1 1 1.000000
0  26.285995 -97.362839 3.005720  0.213096 -0.380131 -0.900050  0.367199 0.954100 1 1 1.000000
skin_0dam
0  20.606552 -100.235588 2.371331  0.535029 -0.378042 -0.755532  0.399426 0.955077 1 1 1.000000
0  19.932493 -100.670525 2.037253  0.534374 -0.359339 -0.765063  0.403333 0.956053 1 1 1.000000
0  21.337109 -94.258064 1.427348  0.250453 -0.187031 -0.949891  0.393567 0.958007 1 1 1.000000
skin_0dam
0  35.372272 -90.758949 1.124154  0.551120 -0.473765 -0.686887  0.317392 0.962889 1 1 1.000000
0  32.184639 -93.419319 0.871008  0.435944 -0.522006 -0.733118  0.335948 0.962889 1 1 1.000000
0  33.009266 -88.497681 0.606066  0.133390 -0.064081 -0.988990  0.330088 0.963866 1 1 1.000000
skin_0dam
0  35.372272 -90.758949 1.124154  0.551120 -0.473765 -0.686887  0.087893 0.848628 1 1 1.000000
0  33.009266 -88.497681 0.606066  0.133390 -0.064081 -0.988990  0.085940 0.840815 1 1 1.000000
0  36.788151 -88.907394 1.233798  0.657950 -0.346682 -0.668516  0.087893 0.842769 1 1 1.000000
skin_0dam
0  32.184639 -93.419319 0.871008  0.435944 -0.522006 -0.733118  0.335948 0.962889 1 1 1.000000
0  29.351795 -95.248055 0.656649  -0.102133 -0.558823 -0.822974  0.351573 0.962889 1 1 1.000000
0  28.561708 -91.168327 0.409915  -0.218051 -0.111001 -0.969604  0.354503 0.963866 1 1 1.000000
skin_0dam
0  28.561708 -91.168327 0.409915  -0.218051 -0.111001 -0.969604  0.354503 0.963866 1 1 1.000000
0  33.009266 -88.497681 0.606066  0.133390 -0.064081 -0.988990  0.330088 0.963866 1 1 1.000000
0  32.184639 -93.419319 0.871008  0.435944 -0.522006 -0.733118  0.335948 0.962889 1 1 1.000000
skin_0dam
0  28.309711 -95.797287 2.270926  -0.408039 -0.388474 -0.826192  0.356456 0.957030 1 1 1.000000
0  27.332907 -96.591873 2.854322  -0.027062 -0.399854 -0.916179  0.362316 0.955077 1 1 1.000000
0  26.466766 -92.213409 1.831136  -0.117761 -0.256311 -0.959394  0.365246 0.958007 1 1 1.000000
skin_0dam
0  26.466766 -92.213409 1.831136  -0.117761 -0.256311 -0.959394  0.365246 0.958007 1 1 1.000000
0  27.617125 -91.616501 1.285939  -0.531561 -0.230396 -0.815083  0.359386 0.959960 1 1 1.000000
0  28.309711 -95.797287 2.270926  -0.408039 -0.388474 -0.826192  0.356456 0.957030 1 1 1.000000
skin_0dam
0  38.111912 -85.461929 1.272815  0.643403 -0.144943 -0.751681  0.087893 0.830073 1 1 1.000000
0  36.788151 -88.907394 1.233798  0.657950 -0.346682 -0.668516  0.087893 0.842769 1 1 1.000000
0  33.009266 -88.497681 0.606066  0.133390 -0.064081 -0.988990  0.085940 0.840815 1 1 1.000000
skin_0dam
0  33.009266 -88.497681 0.606066  0.133390 -0.064081 -0.988990  0.085940 0.840815 1 1 1.000000
0  38.123653 -84.014206 1.208467  0.733365 -0.039985 -0.678659  0.087893 0.825190 1 1 1.000000
0  38.111912 -85.461929 1.272815  0.643403 -0.144943 -0.751681  0.087893 0.830073 1 1 1.000000
skin_0dam
0  28.873735 -95.410110 1.563394  -0.642940 -0.510271 -0.571185  0.353526 0.959960 1 1 1.000000
0  28.309711 -95.797287 2.270926  -0.408039 -0.388474 -0.826192  0.356456 0.957030 1 1 1.000000
0  27.617125 -91.616501 1.285939  -0.531561 -0.230396 -0.815083  0.359386 0.959960 1 1 1.000000
skin_0dam
0  8.811871 -103.372185 -0.242526  0.152360 -0.318689 -0.935534  0.463881 0.961913 1 1 1.000000
0  2.228168 -104.031586 -0.846318  0.077732 -0.325095 -0.942481  0.500015 0.961913 1 1 1.000000
0  1.939712 -97.321373 -1.784821  0.071141 -0.135648 -0.988200  0.500015 0.965819 1 1 1.000000
skin_0dam
0  1.939712 -97.321373 -1.784821  0.071141 -0.135648 -0.988200  0.500015 0.965819 1 1 1.000000
0  8.532531 -96.854454 -1.167160  0.133939 -0.131342 -0.982247  0.463881 0.964843 1 1 1.000000
0  8.811871 -103.372185 -0.242526  0.152360 -0.318689 -0.935534  0.463881 0.961913 1 1 1.000000
skin_0dam
0  15.578322 -102.138000 0.705551  0.242833 -0.306468 -0.920386  0.426771 0.959960 1 1 1.000000
0  8.811871 -103.372185 -0.242526  0.152360 -0.318689 -0.935534  0.463881 0.961913 1 1 1.000000
0  8.532531 -96.854454 -1.167160  0.133939 -0.131342 -0.982247  0.463881 0.964843 1 1 1.000000
skin_0dam
0  8.532531 -96.854454 -1.167160  0.133939 -0.131342 -0.982247  0.463881 0.964843 1 1 1.000000
0  16.971952 -95.863892 0.163531  0.256696 -0.128833 -0.957867  0.417982 0.961913 1 1 1.000000
0  15.578322 -102.138000 0.705551  0.242833 -0.306468 -0.920386  0.426771 0.959960 1 1 1.000000
skin_0dam
0  15.578322 -102.138000 0.705551  0.242833 -0.306468 -0.920386  0.426771 0.959960 1 1 1.000000
0  16.971952 -95.863892 0.163531  0.256696 -0.128833 -0.957867  0.417982 0.961913 1 1 1.000000
0  17.939638 -101.505020 1.272624  0.375583 -0.320315 -0.869675  0.414075 0.958007 1 1 1.000000
skin_0dam
0  8.826571 -104.335823 0.307539  0.171190 -0.571401 -0.802617  0.463881 0.958983 1 1 1.000000
0  2.243037 -104.981430 -0.309999  0.082156 -0.581013 -0.809737  0.500015 0.959960 1 1 1.000000
0  2.228168 -104.031586 -0.846318  0.077732 -0.325095 -0.942481  0.500015 0.961913 1 1 1.000000
skin_0dam
0  2.228168 -104.031586 -0.846318  0.077732 -0.325095 -0.942481  0.500015 0.961913 1 1 1.000000
0  8.811871 -103.372185 -0.242526  0.152360 -0.318689 -0.935534  0.463881 0.961913 1 1 1.000000
0  8.826571 -104.335823 0.307539  0.171190 -0.571401 -0.802617  0.463881 0.958983 1 1 1.000000
skin_0dam
0  15.514502 -103.229729 1.291607  0.276800 -0.546943 -0.790086  0.427747 0.957030 1 1 1.000000
0  8.826571 -104.335823 0.307539  0.171190 -0.571401 -0.802617  0.463881 0.958983 1 1 1.000000
0  8.811871 -103.372185 -0.242526  0.152360 -0.318689 -0.935534  0.463881 0.961913 1 1 1.000000
skin_0dam
0  8.811871 -103.372185 -0.242526  0.152360 -0.318689 -0.935534  0.463881 0.961913 1 1 1.000000
0  15.578322 -102.138000 0.705551  0.242833 -0.306468 -0.920386  0.426771 0.959960 1 1 1.000000
0  15.514502 -103.229729 1.291607  0.276800 -0.546943 -0.790086  0.427747 0.957030 1 1 1.000000
skin_0dam
0  17.899893 -102.581696 1.901644  0.438629 -0.541419 -0.717266  0.414075 0.956053 1 1 1.000000
0  19.620754 -101.568512 2.456194  0.612829 -0.557034 -0.560494  0.404309 0.954100 1 1 1.000000
0  19.222900 -102.278091 2.773562  0.626606 -0.625348 -0.465087  0.407239 0.953124 1 1 1.000000
skin_0dam
0  21.237036 -99.816826 2.537061  0.358502 -0.369467 -0.857304  0.395520 0.954100 1 1 1.000000
0  26.285995 -97.362839 3.005720  0.213096 -0.380131 -0.900050  0.367199 0.954100 1 1 1.000000
0  26.318304 -97.829567 3.309980  0.347138 -0.590007 -0.728963  0.367199 0.953124 1 1 1.000000
skin_0dam
0  26.318304 -97.829567 3.309980  0.347138 -0.590007 -0.728963  0.367199 0.953124 1 1 1.000000
0  21.173197 -100.371185 2.903873  0.440898 -0.583541 -0.681974  0.395520 0.953124 1 1 1.000000
0  21.237036 -99.816826 2.537061  0.358502 -0.369467 -0.857304  0.395520 0.954100 1 1 1.000000
skin_0dam
0  27.806286 -96.828934 3.201307  0.413224 -0.742571 -0.527101  0.359386 0.953124 1 1 1.000000
0  27.459929 -96.943466 3.096009  0.287476 -0.639674 -0.712864  0.361339 0.954100 1 1 1.000000
0  28.441816 -96.093552 2.388958  0.121033 -0.773494 -0.622139  0.355480 0.957030 1 1 1.000000
skin_0dam
0  28.441816 -96.093552 2.388958  0.121033 -0.773494 -0.622139  0.355480 0.957030 1 1 1.000000
0  28.712360 -95.996651 2.613469  0.499249 -0.815065 -0.293972  0.354503 0.956053 1 1 1.000000
0  27.806286 -96.828934 3.201307  0.413224 -0.742571 -0.527101  0.359386 0.953124 1 1 1.000000
skin_0dam
0  29.351795 -95.248055 0.656649  -0.102133 -0.558823 -0.822974  0.351573 0.962889 1 1 1.000000
0  29.144384 -95.217354 0.850295  -0.696851 -0.468229 -0.543287  0.352550 0.961913 1 1 1.000000
0  28.561708 -91.168327 0.409915  -0.218051 -0.111001 -0.969604  0.354503 0.963866 1 1 1.000000
skin_0dam
0  28.873735 -95.410110 1.563394  -0.642940 -0.510271 -0.571185  0.353526 0.959960 1 1 1.000000
0  29.144384 -95.217354 0.850295  -0.696851 -0.468229 -0.543287  0.352550 0.961913 1 1 1.000000
0  29.357321 -95.412987 0.918617  0.065733 -0.917623 -0.391978  0.351573 0.961913 1 1 1.000000
skin_0dam
0  29.357321 -95.412987 0.918617  0.065733 -0.917623 -0.391978  0.351573 0.961913 1 1 1.000000
0  29.101648 -95.646309 1.646359  0.081340 -0.925012 -0.371128  0.352550 0.958983 1 1 1.000000
0  28.873735 -95.410110 1.563394  -0.642940 -0.510271 -0.571185  0.353526 0.959960 1 1 1.000000
skin_0dam
0  4.475163 -104.267426 7.779559  0.114467 -0.721408 -0.682985  0.484390 0.931639 1 1 1.000000
0  8.734158 -103.646317 8.054685  0.166812 -0.708394 -0.685822  0.461928 0.931639 1 1 1.000000
0  8.698436 -103.716835 8.452177  0.173753 -0.974855 -0.139527  0.461928 0.929685 1 1 1.000000
skin_0dam
0  8.698436 -103.716835 8.452177  0.173753 -0.974855 -0.139527  0.461928 0.929685 1 1 1.000000
0  4.439439 -104.337936 8.177054  0.105095 -0.984755 -0.138613  0.484390 0.929685 1 1 1.000000
0  4.475163 -104.267426 7.779559  0.114467 -0.721408 -0.682985  0.484390 0.931639 1 1 1.000000
skin_0dam
0  4.439439 -104.337936 8.177054  0.105095 -0.984755 -0.138613  0.484390 0.929685 1 1 1.000000
0  8.698436 -103.716835 8.452177  0.173753 -0.974855 -0.139527  0.461928 0.929685 1 1 1.000000
0  8.422584 -104.156311 11.591716  0.167061 -0.984010 -0.061766  0.461928 0.918943 1 1 1.000000
skin_0dam
0  8.422584 -104.156311 11.591716  0.167061 -0.984010 -0.061766  0.461928 0.918943 1 1 1.000000
0  4.229861 -104.746384 11.334721  0.099434 -0.992923 -0.064930  0.485366 0.918943 1 1 1.000000
0  4.439439 -104.337936 8.177054  0.105095 -0.984755 -0.138613  0.484390 0.929685 1 1 1.000000
skin_0dam
0  8.734158 -103.646317 8.054685  0.166812 -0.708394 -0.685822  0.461928 0.931639 1 1 1.000000
0  4.475163 -104.267426 7.779559  0.114467 -0.721408 -0.682985  0.484390 0.931639 1 1 1.000000
0  5.308731 -102.046745 7.411444  0.086463 -0.189706 -0.978027  0.479507 0.932615 1 1 1.000000
skin_0dam
0  4.229861 -104.746384 11.334721  0.099434 -0.992923 -0.064930  0.485366 0.918943 1 1 1.000000
0  8.422584 -104.156311 11.591716  0.167061 -0.984010 -0.061766  0.461928 0.918943 1 1 1.000000
0  8.342232 -104.159943 12.414080  0.160055 -0.986073 0.045183  0.462905 0.916013 1 1 1.000000
skin_0dam
0  8.342232 -104.159943 12.414080  0.160055 -0.986073 0.045183  0.462905 0.916013 1 1 1.000000
0  4.163228 -104.749298 12.157969  0.093112 -0.994835 0.040425  0.485366 0.916013 1 1 1.000000
0  4.229861 -104.746384 11.334721  0.099434 -0.992923 -0.064930  0.485366 0.918943 1 1 1.000000
skin_0dam
0  4.628477 -104.420624 14.105842  0.111260 -0.978925 0.171253  0.481460 0.909177 1 1 1.000000
0  3.232686 -104.548180 14.222761  0.062372 -0.983380 0.170507  0.489273 0.908200 1 1 1.000000
0  4.108505 -104.682693 12.954584  0.089714 -0.988121 0.124776  0.485366 0.913083 1 1 1.000000
skin_0dam
0  4.628477 -104.420624 14.105842  0.111260 -0.978925 0.171253  0.481460 0.909177 1 1 1.000000
0  4.108505 -104.682693 12.954584  0.089714 -0.988121 0.124776  0.485366 0.913083 1 1 1.000000
0  8.259907 -104.108543 13.222674  0.150296 -0.981182 0.121218  0.462905 0.913083 1 1 1.000000
skin_0dam
0  4.628477 -104.420624 14.105842  0.111260 -0.978925 0.171253  0.481460 0.909177 1 1 1.000000
0  8.259907 -104.108543 13.222674  0.150296 -0.981182 0.121218  0.462905 0.913083 1 1 1.000000
0  6.720203 -104.160286 14.227050  0.124789 -0.980479 0.151949  0.470717 0.909177 1 1 1.000000
skin_0dam
0  4.630182 -104.392860 14.271533  0.101510 -0.843600 0.527290  0.481460 0.908200 1 1 1.000000
0  3.261111 -104.505241 14.390207  0.149618 -0.888075 0.434670  0.489273 0.907224 1 1 1.000000
0  3.232686 -104.548180 14.222761  0.062372 -0.983380 0.170507  0.489273 0.908200 1 1 1.000000
skin_0dam
0  3.232686 -104.548180 14.222761  0.062372 -0.983380 0.170507  0.489273 0.908200 1 1 1.000000
0  4.628477 -104.420624 14.105842  0.111260 -0.978925 0.171253  0.481460 0.909177 1 1 1.000000
0  4.630182 -104.392860 14.271533  0.101510 -0.843600 0.527290  0.481460 0.908200 1 1 1.000000
skin_0dam
0  1.785267 -104.015816 15.896649  0.845143 -0.321195 0.427279  0.496109 0.901364 1 1 1.000000
0  2.323420 -104.250320 15.020292  0.571207 -0.395960 0.718984  0.494156 0.905271 1 1 1.000000
0  2.649000 -103.034081 15.416831  0.532886 -0.371606 0.760225  0.491226 0.903317 1 1 1.000000
skin_0dam
0  2.649000 -103.034081 15.416831  0.532886 -0.371606 0.760225  0.491226 0.903317 1 1 1.000000
0  2.063009 -102.981361 16.110336  0.839411 -0.299162 0.453752  0.494156 0.901364 1 1 1.000000
0  1.785267 -104.015816 15.896649  0.845143 -0.321195 0.427279  0.496109 0.901364 1 1 1.000000
skin_0dam
0  2.078967 -104.456047 14.907500  0.032097 -0.974482 0.222159  0.495132 0.905271 1 1 1.000000
0  0.405493 -104.543045 14.799814  0.040557 -0.974047 0.222682  0.503922 0.905271 1 1 1.000000
0  -0.635506 -104.749275 13.973849  0.018196 -0.985652 0.167809  0.509781 0.908200 1 1 1.000000
skin_0dam
0  -0.635506 -104.749275 13.973849  0.018196 -0.985652 0.167809  0.509781 0.908200 1 1 1.000000
0  3.232686 -104.548180 14.222761  0.062372 -0.983380 0.170507  0.489273 0.908200 1 1 1.000000
0  2.078967 -104.456047 14.907500  0.032097 -0.974482 0.222159  0.495132 0.905271 1 1 1.000000
skin_0dam
0  15.854612 -100.953804 18.849453  0.238588 -0.881583 0.407293  0.418958 0.894528 1 1 1.000000
0  16.112106 -100.181458 20.233479  0.258963 -0.838600 0.479258  0.417005 0.889645 1 1 1.000000
0  15.909922 -100.260887 20.220287  -0.303566 -0.803491 0.512103  0.417982 0.889645 1 1 1.000000
skin_0dam
0  15.909922 -100.260887 20.220287  -0.303566 -0.803491 0.512103  0.417982 0.889645 1 1 1.000000
0  15.651714 -101.019478 18.836250  -0.309200 -0.803305 0.509014  0.419935 0.894528 1 1 1.000000
0  15.854612 -100.953804 18.849453  0.238588 -0.881583 0.407293  0.418958 0.894528 1 1 1.000000
skin_0dam
0  20.173141 -98.013306 20.403473  0.902720 -0.285211 -0.322105  0.394543 0.889645 1 1 1.000000
0  20.923712 -97.380768 21.749825  0.883184 -0.370846 -0.287158  0.389660 0.884762 1 1 1.000000
0  19.982485 -98.698486 20.485950  0.890613 -0.406487 -0.203902  0.395520 0.889645 1 1 1.000000
skin_0dam
0  21.022425 -100.590828 15.941068  0.342545 -0.928874 0.140909  0.392590 0.906247 1 1 1.000000
0  21.171700 -100.790962 14.212296  0.345461 -0.930719 0.120078  0.392590 0.912107 1 1 1.000000
0  25.254473 -99.048775 14.603229  0.426373 -0.895035 0.130840  0.370128 0.912107 1 1 1.000000
skin_0dam
0  25.254473 -99.048775 14.603229  0.426373 -0.895035 0.130840  0.370128 0.912107 1 1 1.000000
0  25.155451 -98.790878 16.362965  0.427684 -0.890038 0.157859  0.369152 0.905271 1 1 1.000000
0  21.022425 -100.590828 15.941068  0.342545 -0.928874 0.140909  0.392590 0.906247 1 1 1.000000
skin_0dam
0  21.171700 -100.790962 14.212296  0.345461 -0.930719 0.120078  0.392590 0.912107 1 1 1.000000
0  21.313271 -100.964157 12.152088  0.348721 -0.933777 0.080339  0.392590 0.919919 1 1 1.000000
0  25.351257 -99.265724 12.415895  0.427419 -0.900315 0.082135  0.370128 0.919919 1 1 1.000000
skin_0dam
0  25.351257 -99.265724 12.415895  0.427419 -0.900315 0.082135  0.370128 0.919919 1 1 1.000000
0  25.254473 -99.048775 14.603229  0.426373 -0.895035 0.130840  0.370128 0.912107 1 1 1.000000
0  21.171700 -100.790962 14.212296  0.345461 -0.930719 0.120078  0.392590 0.912107 1 1 1.000000
skin_0dam
0  21.074619 -100.381180 16.248409  0.114090 -0.479430 0.870132  0.391614 0.905271 1 1 1.000000
0  21.048206 -100.547997 16.149723  0.261420 -0.802228 0.536740  0.391614 0.905271 1 1 1.000000
0  25.140083 -98.750198 16.568970  0.302090 -0.729358 0.613823  0.369152 0.904294 1 1 1.000000
skin_0dam
0  25.140083 -98.750198 16.568970  0.302090 -0.729358 0.613823  0.369152 0.904294 1 1 1.000000
0  25.138508 -98.557266 16.652138  0.096531 -0.356684 0.929225  0.369152 0.904294 1 1 1.000000
0  21.074619 -100.381180 16.248409  0.114090 -0.479430 0.870132  0.391614 0.905271 1 1 1.000000
skin_0dam
0  21.444557 -101.041359 10.174230  0.355978 -0.933292 0.047395  0.392590 0.926756 1 1 1.000000
0  21.463078 -101.040588 9.885785  0.326035 -0.738282 -0.590459  0.392590 0.927732 1 1 1.000000
0  25.463442 -99.344162 10.092002  0.366825 -0.720153 -0.588914  0.370128 0.927732 1 1 1.000000
skin_0dam
0  25.463442 -99.344162 10.092002  0.366825 -0.720153 -0.588914  0.370128 0.927732 1 1 1.000000
0  25.458637 -99.344215 10.381330  0.429909 -0.901695 0.046092  0.370128 0.926756 1 1 1.000000
0  21.444557 -101.041359 10.174230  0.355978 -0.933292 0.047395  0.392590 0.926756 1 1 1.000000
skin_0dam
0  25.138508 -98.557266 16.652138  0.096531 -0.356684 0.929225  0.369152 0.904294 1 1 1.000000
0  25.140083 -98.750198 16.568970  0.302090 -0.729358 0.613823  0.369152 0.904294 1 1 1.000000
0  29.600330 -96.202705 17.096622  0.379828 -0.659058 0.649132  0.344737 0.903317 1 1 1.000000
skin_0dam
0  29.600330 -96.202705 17.096622  0.379828 -0.659058 0.649132  0.344737 0.903317 1 1 1.000000
0  29.582184 -95.955513 17.178871  0.082635 -0.291108 0.953115  0.344737 0.903317 1 1 1.000000
0  25.138508 -98.557266 16.652138  0.096531 -0.356684 0.929225  0.369152 0.904294 1 1 1.000000
skin_0dam
0  25.155451 -98.790878 16.362965  0.427684 -0.890038 0.157859  0.369152 0.905271 1 1 1.000000
0  25.254473 -99.048775 14.603229  0.426373 -0.895035 0.130840  0.370128 0.912107 1 1 1.000000
0  29.585798 -96.659760 14.901505  0.540631 -0.829533 0.139973  0.345714 0.912107 1 1 1.000000
skin_0dam
0  29.585798 -96.659760 14.901505  0.540631 -0.829533 0.139973  0.345714 0.912107 1 1 1.000000
0  29.588982 -96.258568 16.888863  0.540187 -0.821819 0.181141  0.344737 0.904294 1 1 1.000000
0  25.155451 -98.790878 16.362965  0.427684 -0.890038 0.157859  0.369152 0.905271 1 1 1.000000
skin_0dam
0  29.528450 -96.817528 10.125283  0.101591 -0.203497 -0.973791  0.347667 0.928709 1 1 1.000000
0  25.450716 -99.014076 10.023105  0.134563 -0.203069 -0.969874  0.370128 0.928709 1 1 1.000000
0  25.338501 -95.354317 9.239500  0.134161 -0.204790 -0.969568  0.370128 0.930662 1 1 1.000000
skin_0dam
0  25.338501 -95.354317 9.239500  0.134161 -0.204790 -0.969568  0.370128 0.930662 1 1 1.000000
0  30.028229 -92.657402 9.299559  0.024725 -0.218956 -0.975421  0.343760 0.931639 1 1 1.000000
0  29.528450 -96.817528 10.125283  0.101591 -0.203497 -0.973791  0.347667 0.928709 1 1 1.000000
skin_0dam
0  25.458637 -99.344215 10.381330  0.429909 -0.901695 0.046092  0.370128 0.926756 1 1 1.000000
0  25.463442 -99.344162 10.092002  0.366825 -0.720153 -0.588914  0.370128 0.927732 1 1 1.000000
0  29.554893 -97.146889 10.195065  0.425791 -0.695112 -0.579242  0.347667 0.928709 1 1 1.000000
skin_0dam
0  29.554893 -97.146889 10.195065  0.425791 -0.695112 -0.579242  0.347667 0.928709 1 1 1.000000
0  29.563091 -97.132492 10.485267  0.532917 -0.844477 0.053468  0.347667 0.927732 1 1 1.000000
0  25.458637 -99.344215 10.381330  0.429909 -0.901695 0.046092  0.370128 0.926756 1 1 1.000000
skin_0dam
0  25.254473 -99.048775 14.603229  0.426373 -0.895035 0.130840  0.370128 0.912107 1 1 1.000000
0  25.351257 -99.265724 12.415895  0.427419 -0.900315 0.082135  0.370128 0.919919 1 1 1.000000
0  29.577303 -96.951096 12.693421  0.537887 -0.838392 0.088187  0.346690 0.919919 1 1 1.000000
skin_0dam
0  29.577303 -96.951096 12.693421  0.537887 -0.838392 0.088187  0.346690 0.919919 1 1 1.000000
0  29.585798 -96.659760 14.901505  0.540631 -0.829533 0.139973  0.345714 0.912107 1 1 1.000000
0  25.254473 -99.048775 14.603229  0.426373 -0.895035 0.130840  0.370128 0.912107 1 1 1.000000
skin_0dam
0  19.918730 -98.812042 20.495342  0.617342 -0.733293 0.284904  0.396496 0.889645 1 1 1.000000
0  20.885958 -97.465408 21.760967  0.691871 -0.675672 0.254524  0.389660 0.884762 1 1 1.000000
0  20.615837 -97.672493 21.618942  0.267660 -0.753270 0.600785  0.391614 0.885739 1 1 1.000000
skin_0dam
0  20.615837 -97.672493 21.618942  0.267660 -0.753270 0.600785  0.391614 0.885739 1 1 1.000000
0  19.743263 -98.876297 20.483906  0.258415 -0.793947 0.550336  0.397473 0.889645 1 1 1.000000
0  19.918730 -98.812042 20.495342  0.617342 -0.733293 0.284904  0.396496 0.889645 1 1 1.000000
skin_0dam
0  18.147295 -101.484352 16.057503  0.324502 -0.889592 0.321441  0.408216 0.905271 1 1 1.000000
0  18.021803 -101.546097 15.911361  0.227981 -0.953777 0.195790  0.408216 0.905271 1 1 1.000000
0  18.593311 -101.420059 15.727715  0.287270 -0.944899 0.156976  0.405286 0.906247 1 1 1.000000
skin_0dam
0  18.593311 -101.420059 15.727715  0.287270 -0.944899 0.156976  0.405286 0.906247 1 1 1.000000
0  18.645809 -101.362053 15.938125  0.290359 -0.840994 0.456531  0.405286 0.905271 1 1 1.000000
0  18.147295 -101.484352 16.057503  0.324502 -0.889592 0.321441  0.408216 0.905271 1 1 1.000000
skin_0dam
0  34.342815 -91.228310 18.145390  0.587108 -0.514793 0.624734  0.179693 0.850581 1 1 1.000000
0  34.319012 -91.326149 17.950508  0.806248 -0.562755 0.182405  0.178716 0.850581 1 1 1.000000
0  35.648190 -88.385468 19.329472  0.869543 -0.409904 0.275450  0.183599 0.840815 1 1 1.000000
skin_0dam
0  35.648190 -88.385468 19.329472  0.869543 -0.409904 0.275450  0.183599 0.840815 1 1 1.000000
0  35.523373 -88.525650 19.505764  0.545220 -0.510388 0.665011  0.185553 0.841792 1 1 1.000000
0  34.342815 -91.228310 18.145390  0.587108 -0.514793 0.624734  0.179693 0.850581 1 1 1.000000
skin_0dam
0  18.645809 -101.362053 15.938125  0.290359 -0.840994 0.456531  0.405286 0.905271 1 1 1.000000
0  18.593311 -101.420059 15.727715  0.287270 -0.944899 0.156976  0.405286 0.906247 1 1 1.000000
0  21.022425 -100.590828 15.941068  0.342545 -0.928874 0.140909  0.392590 0.906247 1 1 1.000000
skin_0dam
0  21.022425 -100.590828 15.941068  0.342545 -0.928874 0.140909  0.392590 0.906247 1 1 1.000000
0  21.048206 -100.547997 16.149723  0.261420 -0.802228 0.536740  0.391614 0.905271 1 1 1.000000
0  18.645809 -101.362053 15.938125  0.290359 -0.840994 0.456531  0.405286 0.905271 1 1 1.000000
skin_0dam
0  29.600330 -96.202705 17.096622  0.379828 -0.659058 0.649132  0.344737 0.903317 1 1 1.000000
0  29.588982 -96.258568 16.888863  0.540187 -0.821819 0.181141  0.344737 0.904294 1 1 1.000000
0  32.198002 -94.082977 17.296658  0.686100 -0.708780 0.164004  0.330088 0.903317 1 1 1.000000
skin_0dam
0  32.198002 -94.082977 17.296658  0.686100 -0.708780 0.164004  0.330088 0.903317 1 1 1.000000
0  32.223064 -94.026405 17.505299  0.497250 -0.586449 0.639390  0.330088 0.903317 1 1 1.000000
0  29.600330 -96.202705 17.096622  0.379828 -0.659058 0.649132  0.344737 0.903317 1 1 1.000000
skin_0dam
0  18.873520 -100.025032 19.045773  0.243887 -0.858198 0.451680  0.402356 0.894528 1 1 1.000000
0  18.050028 -101.075134 17.238483  0.227092 -0.895422 0.382946  0.408216 0.900388 1 1 1.000000
0  18.227804 -101.038338 17.236202  0.577971 -0.789600 0.206113  0.407239 0.900388 1 1 1.000000
skin_0dam
0  18.227804 -101.038338 17.236202  0.577971 -0.789600 0.206113  0.407239 0.900388 1 1 1.000000
0  19.035982 -99.975243 19.056335  0.591300 -0.770486 0.238151  0.401379 0.894528 1 1 1.000000
0  18.873520 -100.025032 19.045773  0.243887 -0.858198 0.451680  0.402356 0.894528 1 1 1.000000
skin_0dam
0  18.050028 -101.075134 17.238483  0.227092 -0.895422 0.382946  0.408216 0.900388 1 1 1.000000
0  17.815325 -101.446198 16.463852  0.220720 -0.927957 0.300299  0.409192 0.903317 1 1 1.000000
0  17.992218 -101.409416 16.475307  0.440719 -0.838979 0.319188  0.408216 0.903317 1 1 1.000000
skin_0dam
0  17.992218 -101.409416 16.475307  0.440719 -0.838979 0.319188  0.408216 0.903317 1 1 1.000000
0  18.227804 -101.038338 17.236202  0.577971 -0.789600 0.206113  0.407239 0.900388 1 1 1.000000
0  18.050028 -101.075134 17.238483  0.227092 -0.895422 0.382946  0.408216 0.900388 1 1 1.000000
skin_0dam
0  35.648190 -88.385468 19.329472  0.869543 -0.409904 0.275450  0.183599 0.840815 1 1 1.000000
0  35.964947 -86.147926 20.535660  0.820550 -0.382612 0.424625  0.193365 0.832026 1 1 1.000000
0  35.813541 -86.395676 20.604479  0.487240 -0.509736 0.709061  0.193365 0.833003 1 1 1.000000
skin_0dam
0  35.813541 -86.395676 20.604479  0.487240 -0.509736 0.709061  0.193365 0.833003 1 1 1.000000
0  35.523373 -88.525650 19.505764  0.545220 -0.510388 0.665011  0.185553 0.841792 1 1 1.000000
0  35.648190 -88.385468 19.329472  0.869543 -0.409904 0.275450  0.183599 0.840815 1 1 1.000000
skin_0dam
0  34.007076 -92.543251 15.196369  0.773139 -0.616126 0.150483  0.320322 0.912107 1 1 1.000000
0  34.319012 -91.326149 17.950508  0.806248 -0.562755 0.182405  0.317392 0.902341 1 1 1.000000
0  32.198002 -94.082977 17.296658  0.686100 -0.708780 0.164004  0.330088 0.903317 1 1 1.000000
skin_0dam
0  32.198002 -94.082977 17.296658  0.686100 -0.708780 0.164004  0.330088 0.903317 1 1 1.000000
0  31.976469 -94.757545 15.060081  0.666758 -0.732938 0.135040  0.332041 0.912107 1 1 1.000000
0  34.007076 -92.543251 15.196369  0.773139 -0.616126 0.150483  0.320322 0.912107 1 1 1.000000
skin_0dam
0  17.815325 -101.446198 16.463852  0.220720 -0.927957 0.300299  0.409192 0.903317 1 1 1.000000
0  18.021803 -101.546097 15.911361  0.227981 -0.953777 0.195790  0.408216 0.905271 1 1 1.000000
0  18.147295 -101.484352 16.057503  0.324502 -0.889592 0.321441  0.408216 0.905271 1 1 1.000000
skin_0dam
0  18.147295 -101.484352 16.057503  0.324502 -0.889592 0.321441  0.408216 0.905271 1 1 1.000000
0  17.992218 -101.409416 16.475307  0.440719 -0.838979 0.319188  0.408216 0.903317 1 1 1.000000
0  17.815325 -101.446198 16.463852  0.220720 -0.927957 0.300299  0.409192 0.903317 1 1 1.000000
skin_0dam
0  37.011784 -87.366943 15.710261  0.866435 -0.467438 0.175476  0.164068 0.837886 1 1 1.000000
0  37.103046 -85.988449 18.576263  0.849536 -0.415705 0.324775  0.179693 0.833003 1 1 1.000000
0  35.648190 -88.385468 19.329472  0.869543 -0.409904 0.275450  0.183599 0.840815 1 1 1.000000
skin_0dam
0  35.648190 -88.385468 19.329472  0.869543 -0.409904 0.275450  0.183599 0.840815 1 1 1.000000
0  35.653049 -90.073318 15.308643  0.845954 -0.503352 0.176063  0.164068 0.846675 1 1 1.000000
0  37.011784 -87.366943 15.710261  0.866435 -0.467438 0.175476  0.164068 0.837886 1 1 1.000000
skin_0dam
0  35.964947 -86.147926 20.535660  0.820550 -0.382612 0.424625  0.193365 0.832026 1 1 1.000000
0  36.116344 -84.083351 22.324963  0.802714 -0.382293 0.457713  0.203131 0.825190 1 1 1.000000
0  35.951183 -84.358627 22.366253  0.500731 -0.561524 0.658757  0.203131 0.826167 1 1 1.000000
skin_0dam
0  35.951183 -84.358627 22.366253  0.500731 -0.561524 0.658757  0.203131 0.826167 1 1 1.000000
0  35.813541 -86.395676 20.604479  0.487240 -0.509736 0.709061  0.193365 0.833003 1 1 1.000000
0  35.964947 -86.147926 20.535660  0.820550 -0.382612 0.424625  0.193365 0.832026 1 1 1.000000
skin_0dam
0  19.743263 -98.876297 20.483906  0.258415 -0.793947 0.550336  0.397473 0.889645 1 1 1.000000
0  18.873520 -100.025032 19.045773  0.243887 -0.858198 0.451680  0.402356 0.894528 1 1 1.000000
0  19.035982 -99.975243 19.056335  0.591300 -0.770486 0.238151  0.401379 0.894528 1 1 1.000000
skin_0dam
0  19.035982 -99.975243 19.056335  0.591300 -0.770486 0.238151  0.401379 0.894528 1 1 1.000000
0  19.918730 -98.812042 20.495342  0.617342 -0.733293 0.284904  0.396496 0.889645 1 1 1.000000
0  19.743263 -98.876297 20.483906  0.258415 -0.793947 0.550336  0.397473 0.889645 1 1 1.000000
skin_0dam
0  21.048206 -100.547997 16.149723  0.261420 -0.802228 0.536740  0.391614 0.905271 1 1 1.000000
0  21.022425 -100.590828 15.941068  0.342545 -0.928874 0.140909  0.392590 0.906247 1 1 1.000000
0  25.155451 -98.790878 16.362965  0.427684 -0.890038 0.157859  0.369152 0.905271 1 1 1.000000
skin_0dam
0  25.155451 -98.790878 16.362965  0.427684 -0.890038 0.157859  0.369152 0.905271 1 1 1.000000
0  25.140083 -98.750198 16.568970  0.302090 -0.729358 0.613823  0.369152 0.904294 1 1 1.000000
0  21.048206 -100.547997 16.149723  0.261420 -0.802228 0.536740  0.391614 0.905271 1 1 1.000000
skin_0dam
0  25.140083 -98.750198 16.568970  0.302090 -0.729358 0.613823  0.369152 0.904294 1 1 1.000000
0  25.155451 -98.790878 16.362965  0.427684 -0.890038 0.157859  0.369152 0.905271 1 1 1.000000
0  29.588982 -96.258568 16.888863  0.540187 -0.821819 0.181141  0.344737 0.904294 1 1 1.000000
skin_0dam
0  29.588982 -96.258568 16.888863  0.540187 -0.821819 0.181141  0.344737 0.904294 1 1 1.000000
0  29.600330 -96.202705 17.096622  0.379828 -0.659058 0.649132  0.344737 0.903317 1 1 1.000000
0  25.140083 -98.750198 16.568970  0.302090 -0.729358 0.613823  0.369152 0.904294 1 1 1.000000
skin_0dam
0  19.743263 -98.876297 20.483906  0.258415 -0.793947 0.550336  0.397473 0.889645 1 1 1.000000
0  20.615837 -97.672493 21.618942  0.267660 -0.753270 0.600785  0.391614 0.885739 1 1 1.000000
0  16.193268 -99.432236 21.371655  0.285154 -0.808007 0.515570  0.416028 0.884762 1 1 1.000000
skin_0dam
0  16.193268 -99.432236 21.371655  0.285154 -0.808007 0.515570  0.416028 0.884762 1 1 1.000000
0  16.112106 -100.181458 20.233479  0.258963 -0.838600 0.479258  0.417005 0.889645 1 1 1.000000
0  19.743263 -98.876297 20.483906  0.258415 -0.793947 0.550336  0.397473 0.889645 1 1 1.000000
skin_0dam
0  18.240025 -101.590263 15.345979  0.272225 -0.949718 0.154691  0.407239 0.907224 1 1 1.000000
0  18.021803 -101.546097 15.911361  0.227981 -0.953777 0.195790  0.408216 0.905271 1 1 1.000000
0  13.873076 -102.616333 15.573155  0.222469 -0.954063 0.200676  0.431654 0.905271 1 1 1.000000
skin_0dam
0  13.873076 -102.616333 15.573155  0.222469 -0.954063 0.200676  0.431654 0.905271 1 1 1.000000
0  14.349439 -102.633286 15.052006  0.222534 -0.955879 0.191764  0.428724 0.907224 1 1 1.000000
0  18.240025 -101.590263 15.345979  0.272225 -0.949718 0.154691  0.407239 0.907224 1 1 1.000000
skin_0dam
0  9.487940 -103.699257 14.626674  0.083876 -0.800007 0.594099  0.455092 0.908200 1 1 1.000000
0  6.708192 -104.133232 14.391858  0.069253 -0.791256 0.607550  0.470717 0.908200 1 1 1.000000
0  6.720203 -104.160286 14.227050  0.124789 -0.980479 0.151949  0.470717 0.909177 1 1 1.000000
skin_0dam
0  6.720203 -104.160286 14.227050  0.124789 -0.980479 0.151949  0.470717 0.909177 1 1 1.000000
0  9.499949 -103.726311 14.461865  0.170049 -0.973996 0.149716  0.455092 0.908200 1 1 1.000000
0  9.487940 -103.699257 14.626674  0.083876 -0.800007 0.594099  0.455092 0.908200 1 1 1.000000
skin_0dam
0  12.106405 -103.080551 15.072299  0.044604 -0.805079 0.591488  0.441420 0.907224 1 1 1.000000
0  12.146735 -103.106148 14.895520  0.195646 -0.963172 0.184453  0.440443 0.907224 1 1 1.000000
0  13.873076 -102.616333 15.573155  0.222469 -0.954063 0.200676  0.431654 0.905271 1 1 1.000000
skin_0dam
0  13.873076 -102.616333 15.573155  0.222469 -0.954063 0.200676  0.431654 0.905271 1 1 1.000000
0  13.739040 -102.623184 15.730039  -0.024005 -0.832256 0.553871  0.431654 0.905271 1 1 1.000000
0  12.106405 -103.080551 15.072299  0.044604 -0.805079 0.591488  0.441420 0.907224 1 1 1.000000
skin_0dam
0  9.499949 -103.726311 14.461865  0.170049 -0.973996 0.149716  0.455092 0.908200 1 1 1.000000
0  8.259907 -104.108543 13.222674  0.150296 -0.981182 0.121218  0.462905 0.913083 1 1 1.000000
0  12.536342 -103.293579 13.499435  0.199165 -0.970605 0.135124  0.439467 0.913083 1 1 1.000000
skin_0dam
0  12.536342 -103.293579 13.499435  0.199165 -0.970605 0.135124  0.439467 0.913083 1 1 1.000000
0  12.146735 -103.106148 14.895520  0.195646 -0.963172 0.184453  0.440443 0.907224 1 1 1.000000
0  9.499949 -103.726311 14.461865  0.170049 -0.973996 0.149716  0.455092 0.908200 1 1 1.000000
skin_0dam
0  15.854612 -100.953804 18.849453  0.238588 -0.881583 0.407293  0.418958 0.894528 1 1 1.000000
0  15.203013 -101.870918 17.053555  0.221393 -0.913432 0.341506  0.423841 0.900388 1 1 1.000000
0  18.050028 -101.075134 17.238483  0.227092 -0.895422 0.382946  0.408216 0.900388 1 1 1.000000
skin_0dam
0  18.050028 -101.075134 17.238483  0.227092 -0.895422 0.382946  0.408216 0.900388 1 1 1.000000
0  18.873520 -100.025032 19.045773  0.243887 -0.858198 0.451680  0.402356 0.894528 1 1 1.000000
0  15.854612 -100.953804 18.849453  0.238588 -0.881583 0.407293  0.418958 0.894528 1 1 1.000000
skin_0dam
0  15.203013 -101.870918 17.053555  0.221393 -0.913432 0.341506  0.423841 0.900388 1 1 1.000000
0  14.627868 -102.273483 16.229393  0.227380 -0.936992 0.265226  0.426771 0.903317 1 1 1.000000
0  17.815325 -101.446198 16.463852  0.220720 -0.927957 0.300299  0.409192 0.903317 1 1 1.000000
skin_0dam
0  17.815325 -101.446198 16.463852  0.220720 -0.927957 0.300299  0.409192 0.903317 1 1 1.000000
0  18.050028 -101.075134 17.238483  0.227092 -0.895422 0.382946  0.408216 0.900388 1 1 1.000000
0  15.203013 -101.870918 17.053555  0.221393 -0.913432 0.341506  0.423841 0.900388 1 1 1.000000
skin_0dam
0  14.627868 -102.273483 16.229393  0.227380 -0.936992 0.265226  0.426771 0.903317 1 1 1.000000
0  13.873076 -102.616333 15.573155  0.222469 -0.954063 0.200676  0.431654 0.905271 1 1 1.000000
0  18.021803 -101.546097 15.911361  0.227981 -0.953777 0.195790  0.408216 0.905271 1 1 1.000000
skin_0dam
0  18.021803 -101.546097 15.911361  0.227981 -0.953777 0.195790  0.408216 0.905271 1 1 1.000000
0  17.815325 -101.446198 16.463852  0.220720 -0.927957 0.300299  0.409192 0.903317 1 1 1.000000
0  14.627868 -102.273483 16.229393  0.227380 -0.936992 0.265226  0.426771 0.903317 1 1 1.000000
skin_0dam
0  16.112106 -100.181458 20.233479  0.258963 -0.838600 0.479258  0.417005 0.889645 1 1 1.000000
0  15.854612 -100.953804 18.849453  0.238588 -0.881583 0.407293  0.418958 0.894528 1 1 1.000000
0  18.873520 -100.025032 19.045773  0.243887 -0.858198 0.451680  0.402356 0.894528 1 1 1.000000
skin_0dam
0  18.873520 -100.025032 19.045773  0.243887 -0.858198 0.451680  0.402356 0.894528 1 1 1.000000
0  19.743263 -98.876297 20.483906  0.258415 -0.793947 0.550336  0.397473 0.889645 1 1 1.000000
0  16.112106 -100.181458 20.233479  0.258963 -0.838600 0.479258  0.417005 0.889645 1 1 1.000000
skin_0dam
0  1.562356 -101.791092 21.212074  -0.003292 -0.854981 0.518648  0.495132 0.882809 1 1 1.000000
0  1.285494 -102.246979 20.517262  0.013019 -0.866915 0.498286  0.497085 0.884762 1 1 1.000000
0  1.463815 -102.237701 20.528736  0.578385 -0.751395 0.317611  0.496109 0.884762 1 1 1.000000
skin_0dam
0  1.463815 -102.237701 20.528736  0.578385 -0.751395 0.317611  0.496109 0.884762 1 1 1.000000
0  1.785632 -101.724289 21.336929  0.507658 -0.706892 0.492531  0.494156 0.881832 1 1 1.000000
0  1.562356 -101.791092 21.212074  -0.003292 -0.854981 0.518648  0.495132 0.882809 1 1 1.000000
skin_0dam
0  1.522687 -104.222443 15.851655  0.029581 -0.952867 0.301943  0.498062 0.901364 1 1 1.000000
0  2.078967 -104.456047 14.907500  0.032097 -0.974482 0.222159  0.495132 0.905271 1 1 1.000000
0  2.268358 -104.446175 14.961063  0.284762 -0.827943 0.483137  0.494156 0.905271 1 1 1.000000
skin_0dam
0  2.268358 -104.446175 14.961063  0.284762 -0.827943 0.483137  0.494156 0.905271 1 1 1.000000
0  1.728442 -104.211746 15.864896  0.460007 -0.778187 0.427574  0.497085 0.901364 1 1 1.000000
0  1.522687 -104.222443 15.851655  0.029581 -0.952867 0.301943  0.498062 0.901364 1 1 1.000000
skin_0dam
0  1.239070 -103.588234 17.600544  0.025084 -0.931502 0.362870  0.499039 0.895505 1 1 1.000000
0  1.522687 -104.222443 15.851655  0.029581 -0.952867 0.301943  0.498062 0.901364 1 1 1.000000
0  1.728442 -104.211746 15.864896  0.460007 -0.778187 0.427574  0.497085 0.901364 1 1 1.000000
skin_0dam
0  1.728442 -104.211746 15.864896  0.460007 -0.778187 0.427574  0.497085 0.901364 1 1 1.000000
0  1.431108 -103.578247 17.612900  0.592462 -0.723770 0.353758  0.498062 0.895505 1 1 1.000000
0  1.239070 -103.588234 17.600544  0.025084 -0.931502 0.362870  0.499039 0.895505 1 1 1.000000
skin_0dam
0  1.173554 -102.942810 19.170368  0.020078 -0.906931 0.420801  0.498062 0.889645 1 1 1.000000
0  1.239070 -103.588234 17.600544  0.025084 -0.931502 0.362870  0.499039 0.895505 1 1 1.000000
0  1.431108 -103.578247 17.612900  0.592462 -0.723770 0.353758  0.498062 0.895505 1 1 1.000000
skin_0dam
0  1.431108 -103.578247 17.612900  0.592462 -0.723770 0.353758  0.498062 0.895505 1 1 1.000000
0  1.365592 -102.932823 19.182728  0.609814 -0.720529 0.330099  0.497085 0.889645 1 1 1.000000
0  1.173554 -102.942810 19.170368  0.020078 -0.906931 0.420801  0.498062 0.889645 1 1 1.000000
skin_0dam
0  1.285494 -102.246979 20.517262  0.013019 -0.866915 0.498286  0.497085 0.884762 1 1 1.000000
0  1.173554 -102.942810 19.170368  0.020078 -0.906931 0.420801  0.498062 0.889645 1 1 1.000000
0  1.365592 -102.932823 19.182728  0.609814 -0.720529 0.330099  0.497085 0.889645 1 1 1.000000
skin_0dam
0  1.365592 -102.932823 19.182728  0.609814 -0.720529 0.330099  0.497085 0.889645 1 1 1.000000
0  1.463815 -102.237701 20.528736  0.578385 -0.751395 0.317611  0.496109 0.884762 1 1 1.000000
0  1.285494 -102.246979 20.517262  0.013019 -0.866915 0.498286  0.497085 0.884762 1 1 1.000000
skin_0dam
0  2.078967 -104.456047 14.907500  0.032097 -0.974482 0.222159  0.495132 0.905271 1 1 1.000000
0  3.232686 -104.548180 14.222761  0.062372 -0.983380 0.170507  0.489273 0.908200 1 1 1.000000
0  3.261111 -104.505241 14.390207  0.149618 -0.888075 0.434670  0.489273 0.907224 1 1 1.000000
skin_0dam
0  3.261111 -104.505241 14.390207  0.149618 -0.888075 0.434670  0.489273 0.907224 1 1 1.000000
0  2.268358 -104.446175 14.961063  0.284762 -0.827943 0.483137  0.494156 0.905271 1 1 1.000000
0  2.078967 -104.456047 14.907500  0.032097 -0.974482 0.222159  0.495132 0.905271 1 1 1.000000
skin_0dam
0  29.351795 -95.248055 0.656649  -0.102133 -0.558823 -0.822974  0.351573 0.962889 1 1 1.000000
0  32.184639 -93.419319 0.871008  0.435944 -0.522006 -0.733118  0.335948 0.962889 1 1 1.000000
0  32.185001 -93.501808 1.146654  0.593740 -0.775266 -0.215489  0.335948 0.961913 1 1 1.000000
skin_0dam
0  32.185001 -93.501808 1.146654  0.593740 -0.775266 -0.215489  0.335948 0.961913 1 1 1.000000
0  29.742977 -95.158638 0.944058  0.545444 -0.786373 -0.290016  0.349620 0.961913 1 1 1.000000
0  29.351795 -95.248055 0.656649  -0.102133 -0.558823 -0.822974  0.351573 0.962889 1 1 1.000000
skin_0dam
0  28.690357 -96.410095 4.362570  0.131193 -0.330059 0.934799  0.353526 0.949217 1 1 1.000000
0  26.331491 -97.814522 4.165985  0.110497 -0.334189 0.936006  0.367199 0.949217 1 1 1.000000
0  26.359591 -98.185280 4.028877  0.340083 -0.712691 0.613527  0.367199 0.950194 1 1 1.000000
skin_0dam
0  26.359591 -98.185280 4.028877  0.340083 -0.712691 0.613527  0.367199 0.950194 1 1 1.000000
0  28.771177 -96.736778 4.228967  0.353993 -0.634526 0.687070  0.353526 0.950194 1 1 1.000000
0  28.690357 -96.410095 4.362570  0.131193 -0.330059 0.934799  0.353526 0.949217 1 1 1.000000
skin_0dam
0  27.459929 -96.943466 3.096009  0.287476 -0.639674 -0.712864  0.361339 0.954100 1 1 1.000000
0  26.318304 -97.829567 3.309980  0.347138 -0.590007 -0.728963  0.367199 0.953124 1 1 1.000000
0  26.285995 -97.362839 3.005720  0.213096 -0.380131 -0.900050  0.367199 0.954100 1 1 1.000000
skin_0dam
0  26.285995 -97.362839 3.005720  0.213096 -0.380131 -0.900050  0.367199 0.954100 1 1 1.000000
0  27.332907 -96.591873 2.854322  -0.027062 -0.399854 -0.916179  0.362316 0.955077 1 1 1.000000
0  27.459929 -96.943466 3.096009  0.287476 -0.639674 -0.712864  0.361339 0.954100 1 1 1.000000
skin_0dam
0  32.411751 -94.545601 9.626866  -0.266000 -0.248248 -0.931460  0.332041 0.931639 1 1 1.000000
0  31.160679 -95.630249 9.984995  -0.010944 -0.217195 -0.976067  0.338878 0.929685 1 1 1.000000
0  30.028229 -92.657402 9.299559  0.024725 -0.218956 -0.975421  0.343760 0.931639 1 1 1.000000
skin_0dam
0  30.028229 -92.657402 9.299559  0.024725 -0.218956 -0.975421  0.343760 0.931639 1 1 1.000000
0  31.959398 -91.358269 8.930502  -0.336296 -0.256029 -0.906286  0.333018 0.933592 1 1 1.000000
0  32.411751 -94.545601 9.626866  -0.266000 -0.248248 -0.931460  0.332041 0.931639 1 1 1.000000
skin_0dam
0  19.982485 -98.698486 20.485950  0.890613 -0.406487 -0.203902  0.395520 0.889645 1 1 1.000000
0  19.126627 -99.832726 19.034954  0.886439 -0.432844 -0.163927  0.401379 0.894528 1 1 1.000000
0  19.636089 -98.400497 18.974937  0.909127 -0.379799 -0.171002  0.398450 0.894528 1 1 1.000000
skin_0dam
0  19.636089 -98.400497 18.974937  0.909127 -0.379799 -0.171002  0.398450 0.894528 1 1 1.000000
0  20.173141 -98.013306 20.403473  0.902720 -0.285211 -0.322105  0.394543 0.889645 1 1 1.000000
0  19.982485 -98.698486 20.485950  0.890613 -0.406487 -0.203902  0.395520 0.889645 1 1 1.000000
skin_0dam
0  31.604637 -90.281479 18.509995  0.050323 -0.255303 0.965551  0.332041 0.899411 1 1 1.000000
0  32.177486 -93.780640 17.585781  0.074433 -0.267517 0.960674  0.330088 0.902341 1 1 1.000000
0  34.271236 -91.011444 18.224125  -0.073378 -0.325034 0.942851  0.317392 0.900388 1 1 1.000000
skin_0dam
0  34.271236 -91.011444 18.224125  -0.073378 -0.325034 0.942851  0.317392 0.900388 1 1 1.000000
0  33.480885 -88.433342 18.980202  -0.173481 -0.353389 0.919250  0.321299 0.898434 1 1 1.000000
0  31.604637 -90.281479 18.509995  0.050323 -0.255303 0.965551  0.332041 0.899411 1 1 1.000000
skin_0dam
0  34.718029 -86.848495 20.191696  -0.201523 -0.455428 0.867164  0.188482 0.835932 1 1 1.000000
0  35.406864 -88.321472 19.613544  -0.121133 -0.437417 0.891063  0.185553 0.840815 1 1 1.000000
0  35.648376 -86.326859 20.659534  -0.099394 -0.564285 0.819575  0.193365 0.833003 1 1 1.000000
skin_0dam
0  35.648376 -86.326859 20.659534  -0.099394 -0.564285 0.819575  0.193365 0.833003 1 1 1.000000
0  35.125351 -85.900177 20.838467  -0.222719 -0.588289 0.777376  0.194342 0.831050 1 1 1.000000
0  34.718029 -86.848495 20.191696  -0.201523 -0.455428 0.867164  0.188482 0.835932 1 1 1.000000
skin_0dam
0  19.881935 -98.250244 18.467022  0.610806 -0.657440 0.441236  0.396496 0.896481 1 1 1.000000
0  19.656544 -98.385872 18.645279  0.799506 -0.568967 0.192530  0.398450 0.895505 1 1 1.000000
0  18.096857 -101.210938 16.620476  0.810663 -0.564256 0.156338  0.408216 0.902341 1 1 1.000000
skin_0dam
0  18.096857 -101.210938 16.620476  0.810663 -0.564256 0.156338  0.408216 0.902341 1 1 1.000000
0  18.228405 -101.328445 16.173466  0.524365 -0.671034 0.524171  0.407239 0.904294 1 1 1.000000
0  19.881935 -98.250244 18.467022  0.610806 -0.657440 0.441236  0.396496 0.896481 1 1 1.000000
skin_0dam
0  29.251312 -92.236954 18.243336  0.085114 -0.257754 0.962454  0.344737 0.899411 1 1 1.000000
0  29.582184 -95.955513 17.178871  0.082635 -0.291108 0.953115  0.344737 0.903317 1 1 1.000000
0  32.177486 -93.780640 17.585781  0.074433 -0.267517 0.960674  0.330088 0.902341 1 1 1.000000
skin_0dam
0  32.177486 -93.780640 17.585781  0.074433 -0.267517 0.960674  0.330088 0.902341 1 1 1.000000
0  31.604637 -90.281479 18.509995  0.050323 -0.255303 0.965551  0.332041 0.899411 1 1 1.000000
0  29.251312 -92.236954 18.243336  0.085114 -0.257754 0.962454  0.344737 0.899411 1 1 1.000000
skin_0dam
0  33.480885 -88.433342 18.980202  -0.173481 -0.353389 0.919250  0.184576 0.839839 1 1 1.000000
0  34.271236 -91.011444 18.224125  -0.073378 -0.325034 0.942851  0.180670 0.849605 1 1 1.000000
0  35.406864 -88.321472 19.613544  -0.121133 -0.437417 0.891063  0.185553 0.840815 1 1 1.000000
skin_0dam
0  35.406864 -88.321472 19.613544  -0.121133 -0.437417 0.891063  0.185553 0.840815 1 1 1.000000
0  34.718029 -86.848495 20.191696  -0.201523 -0.455428 0.867164  0.188482 0.835932 1 1 1.000000
0  33.480885 -88.433342 18.980202  -0.173481 -0.353389 0.919250  0.184576 0.839839 1 1 1.000000
skin_0dam
0  18.325274 -100.881615 17.311844  0.877199 -0.471711 -0.089504  0.406262 0.900388 1 1 1.000000
0  19.126627 -99.832726 19.034954  0.886439 -0.432844 -0.163927  0.401379 0.894528 1 1 1.000000
0  19.035982 -99.975243 19.056335  0.591300 -0.770486 0.238151  0.401379 0.894528 1 1 1.000000
skin_0dam
0  19.035982 -99.975243 19.056335  0.591300 -0.770486 0.238151  0.401379 0.894528 1 1 1.000000
0  18.227804 -101.038338 17.236202  0.577971 -0.789600 0.206113  0.407239 0.900388 1 1 1.000000
0  18.325274 -100.881615 17.311844  0.877199 -0.471711 -0.089504  0.406262 0.900388 1 1 1.000000
skin_0dam
0  20.605156 -97.799362 18.238815  0.551002 -0.650386 0.522871  0.392590 0.897458 1 1 1.000000
0  19.881935 -98.250244 18.467022  0.610806 -0.657440 0.441236  0.396496 0.896481 1 1 1.000000
0  18.228405 -101.328445 16.173466  0.524365 -0.671034 0.524171  0.407239 0.904294 1 1 1.000000
skin_0dam
0  18.228405 -101.328445 16.173466  0.524365 -0.671034 0.524171  0.407239 0.904294 1 1 1.000000
0  18.727800 -101.206116 16.040352  0.240489 -0.606583 0.757774  0.404309 0.905271 1 1 1.000000
0  20.605156 -97.799362 18.238815  0.551002 -0.650386 0.522871  0.392590 0.897458 1 1 1.000000
skin_0dam
0  35.125351 -85.900177 20.838467  -0.222719 -0.588289 0.777376  0.194342 0.831050 1 1 1.000000
0  35.648376 -86.326859 20.659534  -0.099394 -0.564285 0.819575  0.193365 0.833003 1 1 1.000000
0  35.772251 -84.386154 22.366253  -0.142013 -0.620942 0.770885  0.203131 0.826167 1 1 1.000000
skin_0dam
0  35.772251 -84.386154 22.366253  -0.142013 -0.620942 0.770885  0.203131 0.826167 1 1 1.000000
0  35.607082 -84.262283 22.380016  -0.390569 -0.555102 0.734382  0.203131 0.825190 1 1 1.000000
0  35.125351 -85.900177 20.838467  -0.222719 -0.588289 0.777376  0.194342 0.831050 1 1 1.000000
skin_0dam
0  35.717194 -81.743500 24.293192  0.048668 -0.203137 0.977940  0.212897 0.816401 1 1 1.000000
0  35.607082 -84.262283 22.380016  -0.390569 -0.555102 0.734382  0.203131 0.825190 1 1 1.000000
0  35.772251 -84.386154 22.366253  -0.142013 -0.620942 0.770885  0.203131 0.826167 1 1 1.000000
skin_0dam
0  22.929405 -96.286880 17.812813  0.185662 -0.383665 0.904616  0.379894 0.899411 1 1 1.000000
0  21.999481 -96.858841 17.917088  0.391866 -0.512958 0.763751  0.385754 0.899411 1 1 1.000000
0  21.074619 -100.381180 16.248409  0.114090 -0.479430 0.870132  0.391614 0.905271 1 1 1.000000
skin_0dam
0  21.074619 -100.381180 16.248409  0.114090 -0.479430 0.870132  0.391614 0.905271 1 1 1.000000
0  25.138508 -98.557266 16.652138  0.096531 -0.356684 0.929225  0.369152 0.904294 1 1 1.000000
0  22.929405 -96.286880 17.812813  0.185662 -0.383665 0.904616  0.379894 0.899411 1 1 1.000000
skin_0dam
0  26.401154 -94.176918 17.958611  0.093738 -0.294985 0.950893  0.361339 0.900388 1 1 1.000000
0  25.138508 -98.557266 16.652138  0.096531 -0.356684 0.929225  0.369152 0.904294 1 1 1.000000
0  29.582184 -95.955513 17.178871  0.082635 -0.291108 0.953115  0.344737 0.903317 1 1 1.000000
skin_0dam
0  29.582184 -95.955513 17.178871  0.082635 -0.291108 0.953115  0.344737 0.903317 1 1 1.000000
0  29.251312 -92.236954 18.243336  0.085114 -0.257754 0.962454  0.344737 0.899411 1 1 1.000000
0  26.401154 -94.176918 17.958611  0.093738 -0.294985 0.950893  0.361339 0.900388 1 1 1.000000
skin_0dam
0  19.126627 -99.832726 19.034954  0.886439 -0.432844 -0.163927  0.401379 0.894528 1 1 1.000000
0  19.982485 -98.698486 20.485950  0.890613 -0.406487 -0.203902  0.395520 0.889645 1 1 1.000000
0  19.918730 -98.812042 20.495342  0.617342 -0.733293 0.284904  0.396496 0.889645 1 1 1.000000
skin_0dam
0  19.918730 -98.812042 20.495342  0.617342 -0.733293 0.284904  0.396496 0.889645 1 1 1.000000
0  19.035982 -99.975243 19.056335  0.591300 -0.770486 0.238151  0.401379 0.894528 1 1 1.000000
0  19.126627 -99.832726 19.034954  0.886439 -0.432844 -0.163927  0.401379 0.894528 1 1 1.000000
skin_0dam
0  18.227804 -101.038338 17.236202  0.577971 -0.789600 0.206113  0.407239 0.900388 1 1 1.000000
0  17.992218 -101.409416 16.475307  0.440719 -0.838979 0.319188  0.408216 0.903317 1 1 1.000000
0  18.096857 -101.210938 16.620476  0.810663 -0.564256 0.156338  0.408216 0.902341 1 1 1.000000
skin_0dam
0  18.096857 -101.210938 16.620476  0.810663 -0.564256 0.156338  0.408216 0.902341 1 1 1.000000
0  18.325274 -100.881615 17.311844  0.877199 -0.471711 -0.089504  0.406262 0.900388 1 1 1.000000
0  18.227804 -101.038338 17.236202  0.577971 -0.789600 0.206113  0.407239 0.900388 1 1 1.000000
skin_0dam
0  18.325274 -100.881615 17.311844  0.877199 -0.471711 -0.089504  0.406262 0.900388 1 1 1.000000
0  18.096857 -101.210938 16.620476  0.810663 -0.564256 0.156338  0.408216 0.902341 1 1 1.000000
0  19.656544 -98.385872 18.645279  0.799506 -0.568967 0.192530  0.398450 0.895505 1 1 1.000000
skin_0dam
0  19.656544 -98.385872 18.645279  0.799506 -0.568967 0.192530  0.398450 0.895505 1 1 1.000000
0  19.636089 -98.400497 18.974937  0.909127 -0.379799 -0.171002  0.398450 0.894528 1 1 1.000000
0  18.325274 -100.881615 17.311844  0.877199 -0.471711 -0.089504  0.406262 0.900388 1 1 1.000000
skin_0dam
0  21.999481 -96.858841 17.917088  0.391866 -0.512958 0.763751  0.385754 0.899411 1 1 1.000000
0  20.605156 -97.799362 18.238815  0.551002 -0.650386 0.522871  0.392590 0.897458 1 1 1.000000
0  18.727800 -101.206116 16.040352  0.240489 -0.606583 0.757774  0.404309 0.905271 1 1 1.000000
skin_0dam
0  18.727800 -101.206116 16.040352  0.240489 -0.606583 0.757774  0.404309 0.905271 1 1 1.000000
0  21.074619 -100.381180 16.248409  0.114090 -0.479430 0.870132  0.391614 0.905271 1 1 1.000000
0  21.999481 -96.858841 17.917088  0.391866 -0.512958 0.763751  0.385754 0.899411 1 1 1.000000
skin_0dam
0  9.358373 -102.106743 15.353591  -0.034403 -0.417085 0.908216  0.455092 0.905271 1 1 1.000000
0  9.473365 -103.520782 14.708966  -0.031968 -0.418733 0.907547  0.455092 0.907224 1 1 1.000000
0  12.065993 -102.917229 15.139101  -0.142248 -0.425289 0.893809  0.441420 0.906247 1 1 1.000000
skin_0dam
0  12.065993 -102.917229 15.139101  -0.142248 -0.425289 0.893809  0.441420 0.906247 1 1 1.000000
0  11.767488 -101.609230 15.716489  -0.142786 -0.418430 0.896955  0.442396 0.904294 1 1 1.000000
0  9.358373 -102.106743 15.353591  -0.034403 -0.417085 0.908216  0.455092 0.905271 1 1 1.000000
skin_0dam
0  11.767488 -101.609230 15.716489  -0.142786 -0.418430 0.896955  0.442396 0.904294 1 1 1.000000
0  12.065993 -102.917229 15.139101  -0.142248 -0.425289 0.893809  0.441420 0.906247 1 1 1.000000
0  13.671193 -102.461281 15.795077  -0.327202 -0.442193 0.835107  0.432630 0.904294 1 1 1.000000
skin_0dam
0  13.671193 -102.461281 15.795077  -0.327202 -0.442193 0.835107  0.432630 0.904294 1 1 1.000000
0  13.248453 -101.256302 16.240082  -0.326374 -0.418466 0.847565  0.433607 0.903317 1 1 1.000000
0  11.767488 -101.609230 15.716489  -0.142786 -0.418430 0.896955  0.442396 0.904294 1 1 1.000000
skin_0dam
0  6.580936 -102.568176 15.105060  -0.004690 -0.414702 0.909945  0.470717 0.905271 1 1 1.000000
0  6.694333 -103.968506 14.474163  -0.003359 -0.415168 0.909739  0.470717 0.908200 1 1 1.000000
0  9.473365 -103.520782 14.708966  -0.031968 -0.418733 0.907547  0.455092 0.907224 1 1 1.000000
skin_0dam
0  9.473365 -103.520782 14.708966  -0.031968 -0.418733 0.907547  0.455092 0.907224 1 1 1.000000
0  9.358373 -102.106743 15.353591  -0.034403 -0.417085 0.908216  0.455092 0.905271 1 1 1.000000
0  6.580936 -102.568176 15.105060  -0.004690 -0.414702 0.909945  0.470717 0.905271 1 1 1.000000
skin_0dam
0  1.400989 -102.751854 19.130318  0.973714 -0.211537 0.084461  0.497085 0.889645 1 1 1.000000
0  1.463858 -103.397392 17.601692  0.955524 -0.214234 0.202675  0.497085 0.895505 1 1 1.000000
0  1.621792 -102.713844 17.599865  0.955859 -0.205302 0.210202  0.496109 0.895505 1 1 1.000000
skin_0dam
0  1.621792 -102.713844 17.599865  0.955859 -0.205302 0.210202  0.496109 0.895505 1 1 1.000000
0  1.510246 -102.319008 19.014355  0.973112 -0.214474 0.083986  0.496109 0.890622 1 1 1.000000
0  1.400989 -102.751854 19.130318  0.973714 -0.211537 0.084461  0.497085 0.889645 1 1 1.000000
skin_0dam
0  4.711706 -102.858307 14.984262  0.068826 -0.403363 0.912448  0.480483 0.905271 1 1 1.000000
0  4.641993 -104.226784 14.383071  0.079909 -0.491473 0.867219  0.481460 0.908200 1 1 1.000000
0  6.694333 -103.968506 14.474163  -0.003359 -0.415168 0.909739  0.470717 0.908200 1 1 1.000000
skin_0dam
0  6.694333 -103.968506 14.474163  -0.003359 -0.415168 0.909739  0.470717 0.908200 1 1 1.000000
0  6.580936 -102.568176 15.105060  -0.004690 -0.414702 0.909945  0.470717 0.905271 1 1 1.000000
0  4.711706 -102.858307 14.984262  0.068826 -0.403363 0.912448  0.480483 0.905271 1 1 1.000000
skin_0dam
0  3.324430 -104.322678 14.546474  0.249162 -0.549460 0.797503  0.488296 0.907224 1 1 1.000000
0  2.323420 -104.250320 15.020292  0.571207 -0.395960 0.718984  0.494156 0.905271 1 1 1.000000
0  2.268358 -104.446175 14.961063  0.284762 -0.827943 0.483137  0.494156 0.905271 1 1 1.000000
skin_0dam
0  2.268358 -104.446175 14.961063  0.284762 -0.827943 0.483137  0.494156 0.905271 1 1 1.000000
0  3.261111 -104.505241 14.390207  0.149618 -0.888075 0.434670  0.489273 0.907224 1 1 1.000000
0  3.324430 -104.322678 14.546474  0.249162 -0.549460 0.797503  0.488296 0.907224 1 1 1.000000
skin_0dam
0  1.785267 -104.015816 15.896649  0.845143 -0.321195 0.427279  0.496109 0.901364 1 1 1.000000
0  1.463858 -103.397392 17.601692  0.955524 -0.214234 0.202675  0.497085 0.895505 1 1 1.000000
0  1.431108 -103.578247 17.612900  0.592462 -0.723770 0.353758  0.498062 0.895505 1 1 1.000000
skin_0dam
0  1.431108 -103.578247 17.612900  0.592462 -0.723770 0.353758  0.498062 0.895505 1 1 1.000000
0  1.728442 -104.211746 15.864896  0.460007 -0.778187 0.427574  0.497085 0.901364 1 1 1.000000
0  1.785267 -104.015816 15.896649  0.845143 -0.321195 0.427279  0.496109 0.901364 1 1 1.000000
skin_0dam
0  1.400989 -102.751854 19.130318  0.973714 -0.211537 0.084461  0.497085 0.889645 1 1 1.000000
0  1.501354 -102.097969 20.476349  0.950362 -0.304960 -0.061744  0.496109 0.884762 1 1 1.000000
0  1.463815 -102.237701 20.528736  0.578385 -0.751395 0.317611  0.496109 0.884762 1 1 1.000000
skin_0dam
0  1.463815 -102.237701 20.528736  0.578385 -0.751395 0.317611  0.496109 0.884762 1 1 1.000000
0  1.365592 -102.932823 19.182728  0.609814 -0.720529 0.330099  0.497085 0.889645 1 1 1.000000
0  1.400989 -102.751854 19.130318  0.973714 -0.211537 0.084461  0.497085 0.889645 1 1 1.000000
skin_0dam
0  13.248453 -101.256302 16.240082  -0.326374 -0.418466 0.847565  0.433607 0.903317 1 1 1.000000
0  13.671193 -102.461281 15.795077  -0.327202 -0.442193 0.835107  0.432630 0.904294 1 1 1.000000
0  14.377119 -102.134796 16.365376  -0.516492 -0.443183 0.732683  0.427747 0.903317 1 1 1.000000
skin_0dam
0  14.377119 -102.134796 16.365376  -0.516492 -0.443183 0.732683  0.427747 0.903317 1 1 1.000000
0  14.005823 -101.023689 16.730682  -0.520744 -0.414088 0.746564  0.429701 0.901364 1 1 1.000000
0  13.248453 -101.256302 16.240082  -0.326374 -0.418466 0.847565  0.433607 0.903317 1 1 1.000000
skin_0dam
0  15.246831 -100.254990 18.715744  -0.825044 -0.355873 0.438928  0.421888 0.894528 1 1 1.000000
0  15.548893 -100.859451 18.802490  -0.807647 -0.391280 0.441143  0.420911 0.894528 1 1 1.000000
0  15.807811 -100.114609 20.186535  -0.837908 -0.416082 0.353252  0.418958 0.889645 1 1 1.000000
skin_0dam
0  15.807811 -100.114609 20.186535  -0.837908 -0.416082 0.353252  0.418958 0.889645 1 1 1.000000
0  15.643488 -99.778648 20.107914  -0.876282 -0.358433 0.321956  0.419935 0.889645 1 1 1.000000
0  15.246831 -100.254990 18.715744  -0.825044 -0.355873 0.438928  0.421888 0.894528 1 1 1.000000
skin_0dam
0  14.573025 -100.759499 17.360874  -0.708033 -0.388756 0.589541  0.426771 0.899411 1 1 1.000000
0  14.917125 -101.747917 17.104488  -0.681762 -0.428331 0.593072  0.424818 0.900388 1 1 1.000000
0  15.548893 -100.859451 18.802490  -0.807647 -0.391280 0.441143  0.420911 0.894528 1 1 1.000000
skin_0dam
0  15.548893 -100.859451 18.802490  -0.807647 -0.391280 0.441143  0.420911 0.894528 1 1 1.000000
0  15.246831 -100.254990 18.715744  -0.825044 -0.355873 0.438928  0.421888 0.894528 1 1 1.000000
0  14.573025 -100.759499 17.360874  -0.708033 -0.388756 0.589541  0.426771 0.899411 1 1 1.000000
skin_0dam
0  14.005823 -101.023689 16.730682  -0.520744 -0.414088 0.746564  0.429701 0.901364 1 1 1.000000
0  14.377119 -102.134796 16.365376  -0.516492 -0.443183 0.732683  0.427747 0.903317 1 1 1.000000
0  14.917125 -101.747917 17.104488  -0.681762 -0.428331 0.593072  0.424818 0.900388 1 1 1.000000
skin_0dam
0  14.917125 -101.747917 17.104488  -0.681762 -0.428331 0.593072  0.424818 0.900388 1 1 1.000000
0  14.573025 -100.759499 17.360874  -0.708033 -0.388756 0.589541  0.426771 0.899411 1 1 1.000000
0  14.005823 -101.023689 16.730682  -0.520744 -0.414088 0.746564  0.429701 0.901364 1 1 1.000000
skin_0dam
0  2.323420 -104.250320 15.020292  0.571207 -0.395960 0.718984  0.494156 0.905271 1 1 1.000000
0  1.785267 -104.015816 15.896649  0.845143 -0.321195 0.427279  0.496109 0.901364 1 1 1.000000
0  1.728442 -104.211746 15.864896  0.460007 -0.778187 0.427574  0.497085 0.901364 1 1 1.000000
skin_0dam
0  1.728442 -104.211746 15.864896  0.460007 -0.778187 0.427574  0.497085 0.901364 1 1 1.000000
0  2.268358 -104.446175 14.961063  0.284762 -0.827943 0.483137  0.494156 0.905271 1 1 1.000000
0  2.323420 -104.250320 15.020292  0.571207 -0.395960 0.718984  0.494156 0.905271 1 1 1.000000
skin_0dam
0  3.261111 -104.505241 14.390207  0.149618 -0.888075 0.434670  0.489273 0.907224 1 1 1.000000
0  4.630182 -104.392860 14.271533  0.101510 -0.843600 0.527290  0.481460 0.908200 1 1 1.000000
0  4.641993 -104.226784 14.383071  0.079909 -0.491473 0.867219  0.481460 0.908200 1 1 1.000000
skin_0dam
0  4.641993 -104.226784 14.383071  0.079909 -0.491473 0.867219  0.481460 0.908200 1 1 1.000000
0  3.324430 -104.322678 14.546474  0.249162 -0.549460 0.797503  0.488296 0.907224 1 1 1.000000
0  3.261111 -104.505241 14.390207  0.149618 -0.888075 0.434670  0.489273 0.907224 1 1 1.000000
skin_0dam
0  6.708192 -104.133232 14.391858  0.069253 -0.791256 0.607550  0.470717 0.908200 1 1 1.000000
0  4.630182 -104.392860 14.271533  0.101510 -0.843600 0.527290  0.481460 0.908200 1 1 1.000000
0  4.628477 -104.420624 14.105842  0.111260 -0.978925 0.171253  0.481460 0.909177 1 1 1.000000
skin_0dam
0  4.628477 -104.420624 14.105842  0.111260 -0.978925 0.171253  0.481460 0.909177 1 1 1.000000
0  6.720203 -104.160286 14.227050  0.124789 -0.980479 0.151949  0.470717 0.909177 1 1 1.000000
0  6.708192 -104.133232 14.391858  0.069253 -0.791256 0.607550  0.470717 0.908200 1 1 1.000000
skin_0dam
0  4.641993 -104.226784 14.383071  0.079909 -0.491473 0.867219  0.481460 0.908200 1 1 1.000000
0  4.711706 -102.858307 14.984262  0.068826 -0.403363 0.912448  0.480483 0.905271 1 1 1.000000
0  3.591136 -102.971565 15.105103  0.230701 -0.399232 0.887350  0.486343 0.905271 1 1 1.000000
skin_0dam
0  3.591136 -102.971565 15.105103  0.230701 -0.399232 0.887350  0.486343 0.905271 1 1 1.000000
0  3.324430 -104.322678 14.546474  0.249162 -0.549460 0.797503  0.488296 0.907224 1 1 1.000000
0  4.641993 -104.226784 14.383071  0.079909 -0.491473 0.867219  0.481460 0.908200 1 1 1.000000
skin_0dam
0  18.366520 -101.958076 11.960229  0.306475 -0.948131 0.084385  0.408216 0.919919 1 1 1.000000
0  18.677174 -102.012192 9.966366  0.309570 -0.948241 0.070741  0.407239 0.926756 1 1 1.000000
0  21.444557 -101.041359 10.174230  0.355978 -0.933292 0.047395  0.392590 0.926756 1 1 1.000000
skin_0dam
0  21.444557 -101.041359 10.174230  0.355978 -0.933292 0.047395  0.392590 0.926756 1 1 1.000000
0  21.313271 -100.964157 12.152088  0.348721 -0.933777 0.080339  0.392590 0.919919 1 1 1.000000
0  18.366520 -101.958076 11.960229  0.306475 -0.948131 0.084385  0.408216 0.919919 1 1 1.000000
skin_0dam
0  21.313271 -100.964157 12.152088  0.348721 -0.933777 0.080339  0.392590 0.919919 1 1 1.000000
0  21.444557 -101.041359 10.174230  0.355978 -0.933292 0.047395  0.392590 0.926756 1 1 1.000000
0  25.458637 -99.344215 10.381330  0.429909 -0.901695 0.046092  0.370128 0.926756 1 1 1.000000
skin_0dam
0  25.458637 -99.344215 10.381330  0.429909 -0.901695 0.046092  0.370128 0.926756 1 1 1.000000
0  25.351257 -99.265724 12.415895  0.427419 -0.900315 0.082135  0.370128 0.919919 1 1 1.000000
0  21.313271 -100.964157 12.152088  0.348721 -0.933777 0.080339  0.392590 0.919919 1 1 1.000000
skin_0dam
0  25.351257 -99.265724 12.415895  0.427419 -0.900315 0.082135  0.370128 0.919919 1 1 1.000000
0  25.458637 -99.344215 10.381330  0.429909 -0.901695 0.046092  0.370128 0.926756 1 1 1.000000
0  29.563091 -97.132492 10.485267  0.532917 -0.844477 0.053468  0.347667 0.927732 1 1 1.000000
skin_0dam
0  29.563091 -97.132492 10.485267  0.532917 -0.844477 0.053468  0.347667 0.927732 1 1 1.000000
0  29.577303 -96.951096 12.693421  0.537887 -0.838392 0.088187  0.346690 0.919919 1 1 1.000000
0  25.351257 -99.265724 12.415895  0.427419 -0.900315 0.082135  0.370128 0.919919 1 1 1.000000
skin_0dam
0  17.890343 -102.452805 9.887083  0.542614 -0.804440 0.241757  0.412122 0.926756 1 1 1.000000
0  17.582832 -102.537750 9.798151  -0.232953 -0.963190 -0.134158  0.413099 0.927732 1 1 1.000000
0  18.210066 -102.533661 8.417836  -0.366177 -0.910873 -0.190327  0.410169 0.932615 1 1 1.000000
skin_0dam
0  18.210066 -102.533661 8.417836  -0.366177 -0.910873 -0.190327  0.410169 0.932615 1 1 1.000000
0  18.514551 -102.407509 8.520474  0.567690 -0.795031 0.213668  0.409192 0.931639 1 1 1.000000
0  17.890343 -102.452805 9.887083  0.542614 -0.804440 0.241757  0.412122 0.926756 1 1 1.000000
skin_0dam
0  32.577133 -94.729729 9.995593  0.697651 -0.714304 0.055258  0.331065 0.929685 1 1 1.000000
0  31.260164 -95.886696 10.363091  0.630505 -0.774283 0.054310  0.337901 0.928709 1 1 1.000000
0  31.187119 -95.959610 10.054777  0.445859 -0.673494 -0.589589  0.338878 0.929685 1 1 1.000000
skin_0dam
0  31.187119 -95.959610 10.054777  0.445859 -0.673494 -0.589589  0.338878 0.929685 1 1 1.000000
0  32.451027 -94.874283 9.711266  0.392490 -0.709243 -0.585598  0.332041 0.930662 1 1 1.000000
0  32.577133 -94.729729 9.995593  0.697651 -0.714304 0.055258  0.331065 0.929685 1 1 1.000000
skin_0dam
0  33.644375 -93.696335 9.101419  0.751479 -0.657659 0.052585  0.325205 0.933592 1 1 1.000000
0  33.748905 -93.316330 12.750296  0.745891 -0.660160 0.088516  0.323252 0.920896 1 1 1.000000
0  32.577133 -94.729729 9.995593  0.697651 -0.714304 0.055258  0.331065 0.929685 1 1 1.000000
skin_0dam
0  34.366550 -92.915611 7.549972  0.052548 -0.876449 -0.478619  0.123051 0.856441 1 1 1.000000
0  34.552944 -92.685310 7.686686  0.774963 -0.632006 0.000186  0.124027 0.855464 1 1 1.000000
0  33.644375 -93.696335 9.101419  0.751479 -0.657659 0.052585  0.131840 0.859371 1 1 1.000000
skin_0dam
0  33.644375 -93.696335 9.101419  0.751479 -0.657659 0.052585  0.131840 0.859371 1 1 1.000000
0  33.531994 -93.840187 8.817974  0.231115 -0.782447 -0.578241  0.129887 0.859371 1 1 1.000000
0  34.366550 -92.915611 7.549972  0.052548 -0.876449 -0.478619  0.123051 0.856441 1 1 1.000000
skin_0dam
0  33.748905 -93.316330 12.750296  0.745891 -0.660160 0.088516  0.151372 0.857418 1 1 1.000000
0  33.644375 -93.696335 9.101419  0.751479 -0.657659 0.052585  0.131840 0.859371 1 1 1.000000
0  35.435551 -91.507927 9.760163  0.808360 -0.587202 0.041811  0.134770 0.851558 1 1 1.000000
skin_0dam
0  35.435551 -91.507927 9.760163  0.808360 -0.587202 0.041811  0.134770 0.851558 1 1 1.000000
0  35.626850 -90.861877 12.918801  0.827497 -0.549928 0.113259  0.151372 0.849605 1 1 1.000000
0  33.748905 -93.316330 12.750296  0.745891 -0.660160 0.088516  0.151372 0.857418 1 1 1.000000
skin_0dam
0  35.116894 -91.775558 5.270301  0.810335 -0.584006 -0.047897  0.110355 0.852535 1 1 1.000000
0  35.334957 -91.707390 7.836051  0.804109 -0.594444 -0.006721  0.124027 0.852535 1 1 1.000000
0  34.552944 -92.685310 7.686686  0.774963 -0.632006 0.000186  0.124027 0.855464 1 1 1.000000
skin_0dam
0  35.191601 -91.497253 3.455265  0.475867 -0.855697 -0.203307  0.100589 0.851558 1 1 1.000000
0  35.344608 -91.282547 3.479456  0.806322 -0.586910 -0.073354  0.100589 0.850581 1 1 1.000000
0  35.116894 -91.775558 5.270301  0.810335 -0.584006 -0.047897  0.110355 0.852535 1 1 1.000000
skin_0dam
0  35.116894 -91.775558 5.270301  0.810335 -0.584006 -0.047897  0.110355 0.852535 1 1 1.000000
0  34.900463 -92.076256 5.228020  -0.033968 -0.975611 -0.216861  0.110355 0.853511 1 1 1.000000
0  35.191601 -91.497253 3.455265  0.475867 -0.855697 -0.203307  0.100589 0.851558 1 1 1.000000
skin_0dam
0  29.577303 -96.951096 12.693421  0.537887 -0.838392 0.088187  0.346690 0.919919 1 1 1.000000
0  29.563091 -97.132492 10.485267  0.532917 -0.844477 0.053468  0.347667 0.927732 1 1 1.000000
0  31.260164 -95.886696 10.363091  0.630505 -0.774283 0.054310  0.337901 0.928709 1 1 1.000000
skin_0dam
0  31.260164 -95.886696 10.363091  0.630505 -0.774283 0.054310  0.337901 0.928709 1 1 1.000000
0  31.699490 -95.338539 12.751233  0.651115 -0.754125 0.085698  0.334971 0.919919 1 1 1.000000
0  29.577303 -96.951096 12.693421  0.537887 -0.838392 0.088187  0.346690 0.919919 1 1 1.000000
skin_0dam
0  32.577133 -94.729729 9.995593  0.697651 -0.714304 0.055258  0.331065 0.929685 1 1 1.000000
0  33.748905 -93.316330 12.750296  0.745891 -0.660160 0.088516  0.323252 0.920896 1 1 1.000000
0  31.699490 -95.338539 12.751233  0.651115 -0.754125 0.085698  0.334971 0.919919 1 1 1.000000
skin_0dam
0  31.699490 -95.338539 12.751233  0.651115 -0.754125 0.085698  0.334971 0.919919 1 1 1.000000
0  31.260164 -95.886696 10.363091  0.630505 -0.774283 0.054310  0.337901 0.928709 1 1 1.000000
0  32.577133 -94.729729 9.995593  0.697651 -0.714304 0.055258  0.331065 0.929685 1 1 1.000000
skin_0dam
0  36.826107 -88.919022 1.512048  0.864661 -0.482170 -0.140974  0.089846 0.842769 1 1 1.000000
0  36.944660 -88.967331 2.498780  0.859506 -0.498877 -0.111225  0.094729 0.842769 1 1 1.000000
0  35.391071 -91.046585 2.352103  0.797636 -0.590948 -0.120652  0.094729 0.849605 1 1 1.000000
skin_0dam
0  35.391071 -91.046585 2.352103  0.797636 -0.590948 -0.120652  0.094729 0.849605 1 1 1.000000
0  35.384045 -90.813278 1.414402  0.724693 -0.667379 -0.171539  0.089846 0.849605 1 1 1.000000
0  36.826107 -88.919022 1.512048  0.864661 -0.482170 -0.140974  0.089846 0.842769 1 1 1.000000
skin_0dam
0  39.805058 -77.958435 21.967098  0.998137 -0.058675 -0.016727  0.201178 0.802728 1 1 1.000000
0  39.639893 -79.981720 20.315435  0.997446 -0.064347 -0.031001  0.192389 0.810541 1 1 1.000000
0  39.694946 -78.976967 19.599716  0.997393 -0.065440 -0.030422  0.188482 0.806635 1 1 1.000000
skin_0dam
0  39.694946 -78.976967 19.599716  0.997393 -0.065440 -0.030422  0.188482 0.806635 1 1 1.000000
0  39.846348 -76.967445 21.168797  0.998187 -0.057959 -0.016221  0.196295 0.799799 1 1 1.000000
0  39.805058 -77.958435 21.967098  0.998137 -0.058675 -0.016727  0.201178 0.802728 1 1 1.000000
skin_0dam
0  39.708710 -78.096077 22.118500  0.688903 -0.455490 0.563863  0.201178 0.803705 1 1 1.000000
0  39.557308 -80.174416 20.453075  0.717107 -0.505713 0.479596  0.192389 0.810541 1 1 1.000000
0  39.639893 -80.091835 20.398022  0.915086 -0.315604 0.251020  0.192389 0.810541 1 1 1.000000
skin_0dam
0  39.639893 -80.091835 20.398022  0.915086 -0.315604 0.251020  0.192389 0.810541 1 1 1.000000
0  39.805058 -78.054779 22.049683  0.907484 -0.288304 0.305537  0.201178 0.803705 1 1 1.000000
0  39.708710 -78.096077 22.118500  0.688903 -0.455490 0.563863  0.201178 0.803705 1 1 1.000000
skin_0dam
0  39.805058 -78.054779 22.049683  0.907484 -0.288304 0.305537  0.201178 0.803705 1 1 1.000000
0  39.928932 -75.990204 23.398540  0.868480 -0.153491 0.471363  0.208991 0.795892 1 1 1.000000
0  39.832584 -76.306778 23.288427  0.691009 -0.427404 0.582951  0.208014 0.796869 1 1 1.000000
skin_0dam
0  39.832584 -76.306778 23.288427  0.691009 -0.427404 0.582951  0.208014 0.796869 1 1 1.000000
0  39.708710 -78.096077 22.118500  0.688903 -0.455490 0.563863  0.201178 0.803705 1 1 1.000000
0  39.805058 -78.054779 22.049683  0.907484 -0.288304 0.305537  0.201178 0.803705 1 1 1.000000
skin_0dam
0  39.082493 -84.709763 12.918813  0.845366 -0.527704 0.082972  0.149419 0.828120 1 1 1.000000
0  39.267391 -83.921356 15.167021  0.825430 -0.538744 0.168581  0.161138 0.825190 1 1 1.000000
0  37.462986 -86.545654 15.733832  0.845031 -0.504188 0.178093  0.164068 0.834956 1 1 1.000000
skin_0dam
0  37.462986 -86.545654 15.733832  0.845031 -0.504188 0.178093  0.164068 0.834956 1 1 1.000000
0  37.327023 -87.470757 13.252556  0.896254 -0.425449 0.125385  0.151372 0.837886 1 1 1.000000
0  39.082493 -84.709763 12.918813  0.845366 -0.527704 0.082972  0.149419 0.828120 1 1 1.000000
skin_0dam
0  38.833057 -85.793579 5.786921  0.883034 -0.466316 -0.052913  0.112308 0.832026 1 1 1.000000
0  38.968281 -85.660973 8.085469  0.880722 -0.472167 0.037238  0.124027 0.831050 1 1 1.000000
0  37.348728 -88.639481 7.973535  0.860636 -0.508912 0.017724  0.124027 0.841792 1 1 1.000000
skin_0dam
0  37.348728 -88.639481 7.973535  0.860636 -0.508912 0.017724  0.124027 0.841792 1 1 1.000000
0  37.208309 -88.868851 5.619227  0.856508 -0.515190 -0.031187  0.111332 0.842769 1 1 1.000000
0  38.833057 -85.793579 5.786921  0.883034 -0.466316 -0.052913  0.112308 0.832026 1 1 1.000000
skin_0dam
0  38.968281 -85.660973 8.085469  0.880722 -0.472167 0.037238  0.124027 0.831050 1 1 1.000000
0  38.857082 -85.292480 10.435805  0.868033 -0.487805 0.092548  0.135746 0.830073 1 1 1.000000
0  37.438610 -88.275009 10.145661  0.873912 -0.478488 0.085601  0.135746 0.840815 1 1 1.000000
skin_0dam
0  37.438610 -88.275009 10.145661  0.873912 -0.478488 0.085601  0.135746 0.840815 1 1 1.000000
0  37.348728 -88.639481 7.973535  0.860636 -0.508912 0.017724  0.124027 0.841792 1 1 1.000000
0  38.968281 -85.660973 8.085469  0.880722 -0.472167 0.037238  0.124027 0.831050 1 1 1.000000
skin_0dam
0  39.436184 -82.857941 17.263569  0.805190 -0.505728 0.309691  0.172857 0.821284 1 1 1.000000
0  39.364616 -81.894897 18.581192  0.756753 -0.507116 0.412502  0.182623 0.817377 1 1 1.000000
0  37.327564 -84.055824 19.723593  0.801366 -0.416510 0.429340  0.188482 0.825190 1 1 1.000000
skin_0dam
0  37.327564 -84.055824 19.723593  0.801366 -0.416510 0.429340  0.188482 0.825190 1 1 1.000000
0  37.561115 -85.235863 18.338379  0.830078 -0.440246 0.342278  0.178716 0.830073 1 1 1.000000
0  39.436184 -82.857941 17.263569  0.805190 -0.505728 0.309691  0.172857 0.821284 1 1 1.000000
skin_0dam
0  38.243214 -85.468666 1.598450  0.919442 -0.190874 -0.343792  0.089846 0.830073 1 1 1.000000
0  38.556675 -85.561966 2.597577  0.949649 -0.217072 -0.225935  0.094729 0.831050 1 1 1.000000
0  38.469936 -85.745651 2.591516  0.885482 -0.409540 -0.219540  0.094729 0.832026 1 1 1.000000
skin_0dam
0  38.469936 -85.745651 2.591516  0.885482 -0.409540 -0.219540  0.094729 0.832026 1 1 1.000000
0  38.170208 -85.651634 1.593274  0.870812 -0.363555 -0.330928  0.089846 0.831050 1 1 1.000000
0  38.243214 -85.468666 1.598450  0.919442 -0.190874 -0.343792  0.089846 0.830073 1 1 1.000000
skin_0dam
0  39.082493 -84.709763 12.918813  0.845366 -0.527704 0.082972  0.149419 0.828120 1 1 1.000000
0  38.857082 -85.292480 10.435805  0.868033 -0.487805 0.092548  0.135746 0.830073 1 1 1.000000
0  38.950085 -85.125412 10.437825  0.953013 -0.300615 0.037376  0.135746 0.830073 1 1 1.000000
skin_0dam
0  38.950085 -85.125412 10.437825  0.953013 -0.300615 0.037376  0.135746 0.830073 1 1 1.000000
0  39.176327 -84.570213 12.907072  0.952663 -0.303952 0.006821  0.149419 0.828120 1 1 1.000000
0  39.082493 -84.709763 12.918813  0.845366 -0.527704 0.082972  0.149419 0.828120 1 1 1.000000
skin_0dam
0  39.557308 -80.174416 20.453075  0.717107 -0.505713 0.479596  0.192389 0.810541 1 1 1.000000
0  39.364616 -81.894897 18.581192  0.756753 -0.507116 0.412502  0.182623 0.817377 1 1 1.000000
0  39.460960 -81.798553 18.539900  0.926624 -0.300805 0.225574  0.182623 0.816401 1 1 1.000000
skin_0dam
0  39.460960 -81.798553 18.539900  0.926624 -0.300805 0.225574  0.182623 0.816401 1 1 1.000000
0  39.639893 -80.091835 20.398022  0.915086 -0.315604 0.251020  0.192389 0.810541 1 1 1.000000
0  39.557308 -80.174416 20.453075  0.717107 -0.505713 0.479596  0.192389 0.810541 1 1 1.000000
skin_0dam
0  38.644901 -85.777122 3.761217  0.888331 -0.445171 -0.112649  0.101566 0.832026 1 1 1.000000
0  38.833057 -85.793579 5.786921  0.883034 -0.466316 -0.052913  0.112308 0.832026 1 1 1.000000
0  37.208309 -88.868851 5.619227  0.856508 -0.515190 -0.031187  0.111332 0.842769 1 1 1.000000
skin_0dam
0  37.208309 -88.868851 5.619227  0.856508 -0.515190 -0.031187  0.111332 0.842769 1 1 1.000000
0  37.048176 -88.947388 3.664028  0.856370 -0.512723 -0.061198  0.101566 0.842769 1 1 1.000000
0  38.644901 -85.777122 3.761217  0.888331 -0.445171 -0.112649  0.101566 0.832026 1 1 1.000000
skin_0dam
0  39.436184 -82.857941 17.263569  0.805190 -0.505728 0.309691  0.172857 0.821284 1 1 1.000000
0  39.267391 -83.921356 15.167021  0.825430 -0.538744 0.168581  0.161138 0.825190 1 1 1.000000
0  39.361790 -83.795570 15.141518  0.945082 -0.320767 0.062669  0.161138 0.825190 1 1 1.000000
skin_0dam
0  39.361790 -83.795570 15.141518  0.945082 -0.320767 0.062669  0.161138 0.825190 1 1 1.000000
0  39.517681 -82.746170 17.210258  0.944773 -0.286650 0.158855  0.171880 0.821284 1 1 1.000000
0  39.436184 -82.857941 17.263569  0.805190 -0.505728 0.309691  0.172857 0.821284 1 1 1.000000
skin_0dam
0  36.826107 -88.919022 1.512048  0.864661 -0.482170 -0.140974  0.089846 0.842769 1 1 1.000000
0  36.788151 -88.907394 1.233798  0.657950 -0.346682 -0.668516  0.087893 0.842769 1 1 1.000000
0  38.111912 -85.461929 1.272815  0.643403 -0.144943 -0.751681  0.087893 0.830073 1 1 1.000000
skin_0dam
0  38.111912 -85.461929 1.272815  0.643403 -0.144943 -0.751681  0.087893 0.830073 1 1 1.000000
0  38.170208 -85.651634 1.593274  0.870812 -0.363555 -0.330928  0.089846 0.831050 1 1 1.000000
0  36.826107 -88.919022 1.512048  0.864661 -0.482170 -0.140974  0.089846 0.842769 1 1 1.000000
skin_0dam
0  39.557308 -80.174416 20.453075  0.717107 -0.505713 0.479596  0.192389 0.810541 1 1 1.000000
0  39.708710 -78.096077 22.118500  0.688903 -0.455490 0.563863  0.201178 0.803705 1 1 1.000000
0  37.300037 -79.692680 23.825222  0.734177 -0.431229 0.524429  0.210944 0.809564 1 1 1.000000
skin_0dam
0  37.300037 -79.692680 23.825222  0.734177 -0.431229 0.524429  0.210944 0.809564 1 1 1.000000
0  37.327564 -82.073830 21.829462  0.772029 -0.430412 0.467672  0.200201 0.817377 1 1 1.000000
0  39.557308 -80.174416 20.453075  0.717107 -0.505713 0.479596  0.192389 0.810541 1 1 1.000000
skin_0dam
0  39.832584 -76.306778 23.288427  0.691009 -0.427404 0.582951  0.208014 0.796869 1 1 1.000000
0  37.300037 -79.692680 23.825222  0.734177 -0.431229 0.524429  0.210944 0.809564 1 1 1.000000
0  39.708710 -78.096077 22.118500  0.688903 -0.455490 0.563863  0.201178 0.803705 1 1 1.000000
skin_0dam
0  39.173595 -84.405075 12.879549  0.996136 -0.052004 -0.070773  0.149419 0.827143 1 1 1.000000
0  39.359348 -83.630417 15.100235  0.996662 -0.057543 -0.057920  0.161138 0.824213 1 1 1.000000
0  39.361790 -83.795570 15.141518  0.945082 -0.320767 0.062669  0.161138 0.825190 1 1 1.000000
skin_0dam
0  39.361790 -83.795570 15.141518  0.945082 -0.320767 0.062669  0.161138 0.825190 1 1 1.000000
0  39.176327 -84.570213 12.907072  0.952663 -0.303952 0.006821  0.149419 0.828120 1 1 1.000000
0  39.173595 -84.405075 12.879549  0.996136 -0.052004 -0.070773  0.149419 0.827143 1 1 1.000000
skin_0dam
0  38.924938 -85.444229 5.793752  0.997049 -0.015706 -0.075142  0.112308 0.831050 1 1 1.000000
0  39.060886 -85.325363 8.092309  0.999841 -0.016850 -0.005902  0.124027 0.830073 1 1 1.000000
0  39.055729 -85.491028 8.091537  0.964901 -0.261634 0.022662  0.124027 0.831050 1 1 1.000000
skin_0dam
0  39.055729 -85.491028 8.091537  0.964901 -0.261634 0.022662  0.124027 0.831050 1 1 1.000000
0  38.920498 -85.623634 5.792989  0.966009 -0.249919 -0.066090  0.112308 0.831050 1 1 1.000000
0  38.924938 -85.444229 5.793752  0.997049 -0.015706 -0.075142  0.112308 0.831050 1 1 1.000000
skin_0dam
0  39.060886 -85.325363 8.092309  0.999841 -0.016850 -0.005902  0.124027 0.830073 1 1 1.000000
0  38.960537 -84.960007 10.438113  0.998404 -0.053790 -0.017222  0.135746 0.829096 1 1 1.000000
0  38.950085 -85.125412 10.437825  0.953013 -0.300615 0.037376  0.135746 0.830073 1 1 1.000000
skin_0dam
0  38.950085 -85.125412 10.437825  0.953013 -0.300615 0.037376  0.135746 0.830073 1 1 1.000000
0  39.055729 -85.491028 8.091537  0.964901 -0.261634 0.022662  0.124027 0.831050 1 1 1.000000
0  39.060886 -85.325363 8.092309  0.999841 -0.016850 -0.005902  0.124027 0.830073 1 1 1.000000
skin_0dam
0  39.359348 -83.630417 15.100235  0.996662 -0.057543 -0.057920  0.161138 0.824213 1 1 1.000000
0  39.529568 -82.580742 17.141739  0.999472 -0.032358 0.002847  0.171880 0.820307 1 1 1.000000
0  39.517681 -82.746170 17.210258  0.944773 -0.286650 0.158855  0.171880 0.821284 1 1 1.000000
skin_0dam
0  39.517681 -82.746170 17.210258  0.944773 -0.286650 0.158855  0.171880 0.821284 1 1 1.000000
0  39.361790 -83.795570 15.141518  0.945082 -0.320767 0.062669  0.161138 0.825190 1 1 1.000000
0  39.359348 -83.630417 15.100235  0.996662 -0.057543 -0.057920  0.161138 0.824213 1 1 1.000000
skin_0dam
0  39.805058 -77.958435 21.967098  0.998137 -0.058675 -0.016727  0.201178 0.802728 1 1 1.000000
0  39.928932 -76.017731 23.233374  0.998465 -0.053534 -0.014200  0.208014 0.795892 1 1 1.000000
0  39.928932 -75.990204 23.398540  0.868480 -0.153491 0.471363  0.208991 0.795892 1 1 1.000000
skin_0dam
0  39.928932 -75.990204 23.398540  0.868480 -0.153491 0.471363  0.208991 0.795892 1 1 1.000000
0  39.805058 -78.054779 22.049683  0.907484 -0.288304 0.305537  0.201178 0.803705 1 1 1.000000
0  39.805058 -77.958435 21.967098  0.998137 -0.058675 -0.016727  0.201178 0.802728 1 1 1.000000
skin_0dam
0  38.268345 -84.047791 1.562475  0.941089 -0.024962 -0.337236  0.089846 0.825190 1 1 1.000000
0  38.582684 -84.141068 2.547867  0.972717 -0.023087 -0.230843  0.094729 0.826167 1 1 1.000000
0  38.561825 -85.396324 2.598349  0.973945 -0.023127 -0.225602  0.094729 0.830073 1 1 1.000000
skin_0dam
0  38.561825 -85.396324 2.598349  0.973945 -0.023127 -0.225602  0.094729 0.830073 1 1 1.000000
0  38.249081 -85.316750 1.599231  0.939304 -0.026129 -0.342090  0.089846 0.830073 1 1 1.000000
0  38.268345 -84.047791 1.562475  0.941089 -0.024962 -0.337236  0.089846 0.825190 1 1 1.000000
skin_0dam
0  39.173595 -84.405075 12.879549  0.996136 -0.052004 -0.070773  0.149419 0.827143 1 1 1.000000
0  38.960537 -84.960007 10.438113  0.998404 -0.053790 -0.017222  0.135746 0.829096 1 1 1.000000
0  39.031452 -83.692055 10.440133  0.997977 -0.056254 -0.029609  0.135746 0.824213 1 1 1.000000
skin_0dam
0  39.031452 -83.692055 10.440133  0.997977 -0.056254 -0.029609  0.135746 0.824213 1 1 1.000000
0  39.234493 -83.151093 12.716150  0.996119 -0.053115 -0.070182  0.148442 0.822260 1 1 1.000000
0  39.173595 -84.405075 12.879549  0.996136 -0.052004 -0.070773  0.149419 0.827143 1 1 1.000000
skin_0dam
0  39.639893 -79.981720 20.315435  0.997446 -0.064347 -0.031001  0.192389 0.810541 1 1 1.000000
0  39.460960 -81.647156 18.457317  0.999319 -0.036139 0.007409  0.181646 0.816401 1 1 1.000000
0  39.502254 -80.546043 17.865473  0.999172 -0.040591 0.002610  0.178716 0.812494 1 1 1.000000
skin_0dam
0  39.502254 -80.546043 17.865473  0.999172 -0.040591 0.002610  0.178716 0.812494 1 1 1.000000
0  39.694946 -78.976967 19.599716  0.997393 -0.065440 -0.030422  0.188482 0.806635 1 1 1.000000
0  39.639893 -79.981720 20.315435  0.997446 -0.064347 -0.031001  0.192389 0.810541 1 1 1.000000
skin_0dam
0  38.920498 -85.623634 5.792989  0.966009 -0.249919 -0.066090  0.112308 0.831050 1 1 1.000000
0  38.732357 -85.607201 3.767285  0.963939 -0.237225 -0.120608  0.101566 0.831050 1 1 1.000000
0  38.737667 -85.427765 3.754313  0.992510 -0.018290 -0.120784  0.100589 0.830073 1 1 1.000000
skin_0dam
0  38.737667 -85.427765 3.754313  0.992510 -0.018290 -0.120784  0.100589 0.830073 1 1 1.000000
0  38.924938 -85.444229 5.793752  0.997049 -0.015706 -0.075142  0.112308 0.831050 1 1 1.000000
0  38.920498 -85.623634 5.792989  0.966009 -0.249919 -0.066090  0.112308 0.831050 1 1 1.000000
skin_0dam
0  39.529568 -82.580742 17.141739  0.999472 -0.032358 0.002847  0.171880 0.820307 1 1 1.000000
0  39.460960 -81.647156 18.457317  0.999319 -0.036139 0.007409  0.181646 0.816401 1 1 1.000000
0  39.460960 -81.798553 18.539900  0.926624 -0.300805 0.225574  0.182623 0.816401 1 1 1.000000
skin_0dam
0  39.460960 -81.798553 18.539900  0.926624 -0.300805 0.225574  0.182623 0.816401 1 1 1.000000
0  39.517681 -82.746170 17.210258  0.944773 -0.286650 0.158855  0.171880 0.821284 1 1 1.000000
0  39.529568 -82.580742 17.141739  0.999472 -0.032358 0.002847  0.171880 0.820307 1 1 1.000000
skin_0dam
0  38.249081 -85.316750 1.599231  0.939304 -0.026129 -0.342090  0.089846 0.830073 1 1 1.000000
0  38.243214 -85.468666 1.598450  0.919442 -0.190874 -0.343792  0.089846 0.830073 1 1 1.000000
0  38.111912 -85.461929 1.272815  0.643403 -0.144943 -0.751681  0.087893 0.830073 1 1 1.000000
skin_0dam
0  15.075401 -100.398697 2.608810  -0.155293 -0.199190 0.967578  0.428724 0.952147 1 1 1.000000
0  8.597007 -101.617912 1.679271  -0.088048 -0.199274 0.975980  0.463881 0.954100 1 1 1.000000
0  8.780963 -104.461685 1.118017  -0.088060 -0.198543 0.976128  0.463881 0.956053 1 1 1.000000
skin_0dam
0  8.780963 -104.461685 1.118017  -0.088060 -0.198543 0.976128  0.463881 0.956053 1 1 1.000000
0  15.402239 -103.345322 2.056456  -0.156599 -0.197606 0.967692  0.427747 0.955077 1 1 1.000000
0  15.075401 -100.398697 2.608810  -0.155293 -0.199190 0.967578  0.428724 0.952147 1 1 1.000000
skin_0dam
0  16.358692 -102.517120 12.064285  -0.229793 -0.957714 -0.173147  0.418958 0.918943 1 1 1.000000
0  17.520128 -102.348221 9.546370  -0.657095 -0.667337 -0.350552  0.414075 0.927732 1 1 1.000000
0  17.582832 -102.537750 9.798151  -0.232953 -0.963190 -0.134158  0.413099 0.927732 1 1 1.000000
skin_0dam
0  17.582832 -102.537750 9.798151  -0.232953 -0.963190 -0.134158  0.413099 0.927732 1 1 1.000000
0  16.486767 -102.565613 12.044794  -0.115670 -0.990064 -0.079962  0.418958 0.918943 1 1 1.000000
0  16.358692 -102.517120 12.064285  -0.229793 -0.957714 -0.173147  0.418958 0.918943 1 1 1.000000
skin_0dam
0  17.045683 -99.882545 3.122881  -0.316546 -0.216771 0.923476  0.417982 0.951170 1 1 1.000000
0  15.075401 -100.398697 2.608810  -0.155293 -0.199190 0.967578  0.428724 0.952147 1 1 1.000000
0  15.402239 -103.345322 2.056456  -0.156599 -0.197606 0.967692  0.427747 0.955077 1 1 1.000000
skin_0dam
0  15.402239 -103.345322 2.056456  -0.156599 -0.197606 0.967692  0.427747 0.955077 1 1 1.000000
0  17.705706 -102.742851 2.688697  -0.350928 -0.215648 0.911233  0.415052 0.953124 1 1 1.000000
0  17.045683 -99.882545 3.122881  -0.316546 -0.216771 0.923476  0.417982 0.951170 1 1 1.000000
skin_0dam
0  17.520128 -102.348221 9.546370  -0.657095 -0.667337 -0.350552  0.414075 0.927732 1 1 1.000000
0  17.367073 -101.915504 8.999799  -0.217357 -0.934933 -0.280458  0.415052 0.929685 1 1 1.000000
0  18.127701 -102.220978 8.372005  -0.811498 -0.374042 -0.448959  0.411145 0.932615 1 1 1.000000
skin_0dam
0  2.217377 -105.423294 0.445748  0.004986 -0.813231 0.581920  0.500015 0.957030 1 1 1.000000
0  8.801795 -104.777664 1.049550  0.039051 -0.805888 0.590779  0.463881 0.957030 1 1 1.000000
0  8.780963 -104.461685 1.118017  -0.088060 -0.198543 0.976128  0.463881 0.956053 1 1 1.000000
skin_0dam
0  8.780963 -104.461685 1.118017  -0.088060 -0.198543 0.976128  0.463881 0.956053 1 1 1.000000
0  2.198141 -105.121048 0.500488  -0.052460 -0.198910 0.978613  0.500015 0.957030 1 1 1.000000
0  2.217377 -105.423294 0.445748  0.004986 -0.813231 0.581920  0.500015 0.957030 1 1 1.000000
skin_0dam
0  17.808178 -99.663483 3.544816  -0.633004 -0.249475 0.732850  0.413099 0.950194 1 1 1.000000
0  17.045683 -99.882545 3.122881  -0.316546 -0.216771 0.923476  0.417982 0.951170 1 1 1.000000
0  17.705706 -102.742851 2.688697  -0.350928 -0.215648 0.911233  0.415052 0.953124 1 1 1.000000
skin_0dam
0  17.705706 -102.742851 2.688697  -0.350928 -0.215648 0.911233  0.415052 0.953124 1 1 1.000000
0  18.500862 -102.494453 3.223145  -0.603815 -0.258785 0.753948  0.411145 0.951170 1 1 1.000000
0  17.808178 -99.663483 3.544816  -0.633004 -0.249475 0.732850  0.413099 0.950194 1 1 1.000000
skin_0dam
0  19.055271 -102.299828 3.893705  -0.858490 -0.292755 0.421057  0.407239 0.949217 1 1 1.000000
0  19.141417 -102.212166 4.630459  -0.958758 -0.282593 0.030414  0.406262 0.946287 1 1 1.000000
0  18.352812 -99.482742 4.807776  -0.958725 -0.283832 0.016894  0.410169 0.945311 1 1 1.000000
skin_0dam
0  18.352812 -99.482742 4.807776  -0.958725 -0.283832 0.016894  0.410169 0.945311 1 1 1.000000
0  18.242157 -99.516464 4.193723  -0.875839 -0.287362 0.387722  0.411145 0.947264 1 1 1.000000
0  19.055271 -102.299828 3.893705  -0.858490 -0.292755 0.421057  0.407239 0.949217 1 1 1.000000
skin_0dam
0  18.224089 -99.502579 5.751123  -0.933279 -0.278599 -0.226656  0.410169 0.942381 1 1 1.000000
0  18.352812 -99.482742 4.807776  -0.958725 -0.283832 0.016894  0.410169 0.945311 1 1 1.000000
0  19.141417 -102.212166 4.630459  -0.958758 -0.282593 0.030414  0.406262 0.946287 1 1 1.000000
skin_0dam
0  19.141417 -102.212166 4.630459  -0.958758 -0.282593 0.030414  0.406262 0.946287 1 1 1.000000
0  19.019085 -102.148811 5.836489  -0.935216 -0.287088 -0.207245  0.407239 0.942381 1 1 1.000000
0  18.224089 -99.502579 5.751123  -0.933279 -0.278599 -0.226656  0.410169 0.942381 1 1 1.000000
skin_0dam
0  17.586842 -99.644691 7.613157  -0.809538 -0.312870 -0.496751  0.413099 0.935545 1 1 1.000000
0  18.224089 -99.502579 5.751123  -0.933279 -0.278599 -0.226656  0.410169 0.942381 1 1 1.000000
0  19.019085 -102.148811 5.836489  -0.935216 -0.287088 -0.207245  0.407239 0.942381 1 1 1.000000
skin_0dam
0  19.019085 -102.148811 5.836489  -0.935216 -0.287088 -0.207245  0.407239 0.942381 1 1 1.000000
0  18.127701 -102.220978 8.372005  -0.811498 -0.374042 -0.448959  0.411145 0.932615 1 1 1.000000
0  17.586842 -99.644691 7.613157  -0.809538 -0.312870 -0.496751  0.413099 0.935545 1 1 1.000000
skin_0dam
0  17.178659 -99.762100 8.041779  -0.436071 -0.321560 -0.840501  0.415052 0.933592 1 1 1.000000
0  17.586842 -99.644691 7.613157  -0.809538 -0.312870 -0.496751  0.413099 0.935545 1 1 1.000000
0  18.127701 -102.220978 8.372005  -0.811498 -0.374042 -0.448959  0.411145 0.932615 1 1 1.000000
skin_0dam
0  18.127701 -102.220978 8.372005  -0.811498 -0.374042 -0.448959  0.411145 0.932615 1 1 1.000000
0  17.511818 -101.825546 8.609358  -0.330487 -0.613119 -0.717540  0.414075 0.931639 1 1 1.000000
0  17.178659 -99.762100 8.041779  -0.436071 -0.321560 -0.840501  0.415052 0.933592 1 1 1.000000
skin_0dam
0  17.390703 -102.270660 11.924323  0.295398 -0.951591 0.084935  0.413099 0.919919 1 1 1.000000
0  16.984020 -102.402054 11.911654  0.399059 -0.900259 0.174029  0.416028 0.919919 1 1 1.000000
0  18.211674 -102.174446 9.605030  0.687923 -0.711860 0.141483  0.410169 0.927732 1 1 1.000000
skin_0dam
0  18.211674 -102.174446 9.605030  0.687923 -0.711860 0.141483  0.410169 0.927732 1 1 1.000000
0  18.677174 -102.012192 9.966366  0.309570 -0.948241 0.070741  0.407239 0.926756 1 1 1.000000
0  17.390703 -102.270660 11.924323  0.295398 -0.951591 0.084935  0.413099 0.919919 1 1 1.000000
skin_0dam
0  18.211674 -102.174446 9.605030  0.687923 -0.711860 0.141483  0.410169 0.927732 1 1 1.000000
0  18.778170 -101.993362 9.669471  0.313157 -0.760511 -0.568819  0.407239 0.927732 1 1 1.000000
0  18.677174 -102.012192 9.966366  0.309570 -0.948241 0.070741  0.407239 0.926756 1 1 1.000000
skin_0dam
0  8.422584 -104.156311 11.591716  0.167061 -0.984010 -0.061766  0.461928 0.918943 1 1 1.000000
0  12.807158 -103.321930 11.889264  0.209516 -0.975960 -0.060040  0.438490 0.918943 1 1 1.000000
0  12.658936 -103.342865 12.707227  0.202201 -0.977941 0.052401  0.438490 0.916013 1 1 1.000000
skin_0dam
0  12.658936 -103.342865 12.707227  0.202201 -0.977941 0.052401  0.438490 0.916013 1 1 1.000000
0  8.342232 -104.159943 12.414080  0.160055 -0.986073 0.045183  0.462905 0.916013 1 1 1.000000
0  8.422584 -104.156311 11.591716  0.167061 -0.984010 -0.061766  0.461928 0.918943 1 1 1.000000
skin_0dam
0  12.807158 -103.321930 11.889264  0.209516 -0.975960 -0.060040  0.438490 0.918943 1 1 1.000000
0  16.024565 -102.575768 12.153011  0.233418 -0.970753 -0.056172  0.420911 0.917966 1 1 1.000000
0  15.770518 -102.643578 12.936468  0.218362 -0.973602 0.066460  0.421888 0.916013 1 1 1.000000
skin_0dam
0  15.770518 -102.643578 12.936468  0.218362 -0.973602 0.066460  0.421888 0.916013 1 1 1.000000
0  12.658936 -103.342865 12.707227  0.202201 -0.977941 0.052401  0.438490 0.916013 1 1 1.000000
0  12.807158 -103.321930 11.889264  0.209516 -0.975960 -0.060040  0.438490 0.918943 1 1 1.000000
skin_0dam
0  8.259907 -104.108543 13.222674  0.150296 -0.981182 0.121218  0.462905 0.913083 1 1 1.000000
0  4.108505 -104.682693 12.954584  0.089714 -0.988121 0.124776  0.485366 0.913083 1 1 1.000000
0  4.163228 -104.749298 12.157969  0.093112 -0.994835 0.040425  0.485366 0.916013 1 1 1.000000
skin_0dam
0  4.163228 -104.749298 12.157969  0.093112 -0.994835 0.040425  0.485366 0.916013 1 1 1.000000
0  8.342232 -104.159943 12.414080  0.160055 -0.986073 0.045183  0.462905 0.916013 1 1 1.000000
0  8.259907 -104.108543 13.222674  0.150296 -0.981182 0.121218  0.462905 0.913083 1 1 1.000000
skin_0dam
0  15.960410 -102.592354 12.948798  0.233684 -0.968299 0.088250  0.420911 0.916013 1 1 1.000000
0  16.243662 -102.523056 12.139637  0.069360 -0.992453 -0.101129  0.419935 0.918943 1 1 1.000000
0  16.358692 -102.517120 12.064285  -0.229793 -0.957714 -0.173147  0.418958 0.918943 1 1 1.000000
skin_0dam
0  16.243662 -102.523056 12.139637  0.069360 -0.992453 -0.101129  0.419935 0.918943 1 1 1.000000
0  15.960410 -102.592354 12.948798  0.233684 -0.968299 0.088250  0.420911 0.916013 1 1 1.000000
0  15.770518 -102.643578 12.936468  0.218362 -0.973602 0.066460  0.421888 0.916013 1 1 1.000000
skin_0dam
0  15.770518 -102.643578 12.936468  0.218362 -0.973602 0.066460  0.421888 0.916013 1 1 1.000000
0  16.024565 -102.575768 12.153011  0.233418 -0.970753 -0.056172  0.420911 0.917966 1 1 1.000000
0  16.243662 -102.523056 12.139637  0.069360 -0.992453 -0.101129  0.419935 0.918943 1 1 1.000000
skin_0dam
0  15.960410 -102.592354 12.948798  0.233684 -0.968299 0.088250  0.420911 0.916013 1 1 1.000000
0  16.984020 -102.402054 11.911654  0.399059 -0.900259 0.174029  0.416028 0.919919 1 1 1.000000
0  16.146780 -102.541283 13.016069  0.276793 -0.951085 0.137196  0.419935 0.915036 1 1 1.000000
skin_0dam
0  15.960410 -102.592354 12.948798  0.233684 -0.968299 0.088250  0.420911 0.916013 1 1 1.000000
0  16.709053 -102.540321 12.003966  0.346772 -0.915885 0.202249  0.417005 0.918943 1 1 1.000000
0  16.984020 -102.402054 11.911654  0.399059 -0.900259 0.174029  0.416028 0.919919 1 1 1.000000
skin_0dam
0  15.579674 -102.570282 13.696776  0.234805 -0.958936 0.159087  0.422864 0.913083 1 1 1.000000
0  15.960410 -102.592354 12.948798  0.233684 -0.968299 0.088250  0.420911 0.916013 1 1 1.000000
0  16.146780 -102.541283 13.016069  0.276793 -0.951085 0.137196  0.419935 0.915036 1 1 1.000000
skin_0dam
0  16.146780 -102.541283 13.016069  0.276793 -0.951085 0.137196  0.419935 0.915036 1 1 1.000000
0  16.984020 -102.402054 11.911654  0.399059 -0.900259 0.174029  0.416028 0.919919 1 1 1.000000
0  17.390703 -102.270660 11.924323  0.295398 -0.951591 0.084935  0.413099 0.919919 1 1 1.000000
skin_0dam
0  17.390703 -102.270660 11.924323  0.295398 -0.951591 0.084935  0.413099 0.919919 1 1 1.000000
0  16.371107 -102.460648 13.113443  0.278834 -0.950212 0.139099  0.418958 0.915036 1 1 1.000000
0  16.146780 -102.541283 13.016069  0.276793 -0.951085 0.137196  0.419935 0.915036 1 1 1.000000
skin_0dam
0  15.579674 -102.570282 13.696776  0.234805 -0.958936 0.159087  0.422864 0.913083 1 1 1.000000
0  18.231836 -101.798370 13.924298  0.293542 -0.948175 0.121642  0.408216 0.912107 1 1 1.000000
0  18.240025 -101.590263 15.345979  0.272225 -0.949718 0.154691  0.407239 0.907224 1 1 1.000000
skin_0dam
0  18.240025 -101.590263 15.345979  0.272225 -0.949718 0.154691  0.407239 0.907224 1 1 1.000000
0  14.349439 -102.633286 15.052006  0.222534 -0.955879 0.191764  0.428724 0.907224 1 1 1.000000
0  15.579674 -102.570282 13.696776  0.234805 -0.958936 0.159087  0.422864 0.913083 1 1 1.000000
skin_0dam
0  14.349439 -102.633286 15.052006  0.222534 -0.955879 0.191764  0.428724 0.907224 1 1 1.000000
0  13.873076 -102.616333 15.573155  0.222469 -0.954063 0.200676  0.431654 0.905271 1 1 1.000000
0  12.146735 -103.106148 14.895520  0.195646 -0.963172 0.184453  0.440443 0.907224 1 1 1.000000
skin_0dam
0  15.960410 -102.592354 12.948798  0.233684 -0.968299 0.088250  0.420911 0.916013 1 1 1.000000
0  16.486767 -102.565613 12.044794  -0.115670 -0.990064 -0.079962  0.418958 0.918943 1 1 1.000000
0  16.709053 -102.540321 12.003966  0.346772 -0.915885 0.202249  0.417005 0.918943 1 1 1.000000
skin_0dam
0  16.984020 -102.402054 11.911654  0.399059 -0.900259 0.174029  0.416028 0.919919 1 1 1.000000
0  16.709053 -102.540321 12.003966  0.346772 -0.915885 0.202249  0.417005 0.918943 1 1 1.000000
0  17.890343 -102.452805 9.887083  0.542614 -0.804440 0.241757  0.412122 0.926756 1 1 1.000000
skin_0dam
0  17.890343 -102.452805 9.887083  0.542614 -0.804440 0.241757  0.412122 0.926756 1 1 1.000000
0  18.211674 -102.174446 9.605030  0.687923 -0.711860 0.141483  0.410169 0.927732 1 1 1.000000
0  16.984020 -102.402054 11.911654  0.399059 -0.900259 0.174029  0.416028 0.919919 1 1 1.000000
skin_0dam
0  19.440250 -102.347404 5.890587  0.601638 -0.783574 0.155060  0.404309 0.941404 1 1 1.000000
0  19.598671 -102.422752 4.562711  0.571154 -0.818986 0.055184  0.404309 0.946287 1 1 1.000000
0  19.913179 -102.020561 4.501225  0.835983 -0.544557 0.067749  0.402356 0.947264 1 1 1.000000
skin_0dam
0  19.913179 -102.020561 4.501225  0.835983 -0.544557 0.067749  0.402356 0.947264 1 1 1.000000
0  19.653326 -102.033073 5.974069  0.851603 -0.472118 0.227766  0.403333 0.941404 1 1 1.000000
0  19.440250 -102.347404 5.890587  0.601638 -0.783574 0.155060  0.404309 0.941404 1 1 1.000000
skin_0dam
0  18.514551 -102.407509 8.520474  0.567690 -0.795031 0.213668  0.409192 0.931639 1 1 1.000000
0  19.440250 -102.347404 5.890587  0.601638 -0.783574 0.155060  0.404309 0.941404 1 1 1.000000
0  19.653326 -102.033073 5.974069  0.851603 -0.472118 0.227766  0.403333 0.941404 1 1 1.000000
skin_0dam
0  19.653326 -102.033073 5.974069  0.851603 -0.472118 0.227766  0.403333 0.941404 1 1 1.000000
0  18.720455 -102.134949 8.534424  0.819164 -0.474184 0.322675  0.407239 0.931639 1 1 1.000000
0  18.514551 -102.407509 8.520474  0.567690 -0.795031 0.213668  0.409192 0.931639 1 1 1.000000
skin_0dam
0  19.488077 -102.484169 3.755496  0.575856 -0.810368 -0.108137  0.405286 0.949217 1 1 1.000000
0  18.874445 -102.709534 2.956921  0.482450 -0.833984 -0.267793  0.409192 0.952147 1 1 1.000000
0  19.222900 -102.278091 2.773562  0.626606 -0.625348 -0.465087  0.407239 0.953124 1 1 1.000000
skin_0dam
0  19.222900 -102.278091 2.773562  0.626606 -0.625348 -0.465087  0.407239 0.953124 1 1 1.000000
0  19.816851 -102.108795 3.708646  0.769056 -0.607958 -0.197332  0.403333 0.950194 1 1 1.000000
0  19.488077 -102.484169 3.755496  0.575856 -0.810368 -0.108137  0.405286 0.949217 1 1 1.000000
skin_0dam
0  2.243037 -104.981430 -0.309999  0.082156 -0.581013 -0.809737  0.500015 0.959960 1 1 1.000000
0  8.826571 -104.335823 0.307539  0.171190 -0.571401 -0.802617  0.463881 0.958983 1 1 1.000000
0  8.825062 -104.749138 0.664937  0.168415 -0.881577 -0.440974  0.463881 0.958007 1 1 1.000000
skin_0dam
0  8.825062 -104.749138 0.664937  0.168415 -0.881577 -0.440974  0.463881 0.958007 1 1 1.000000
0  2.241525 -105.394737 0.047400  0.075233 -0.890024 -0.449663  0.500015 0.958983 1 1 1.000000
0  2.243037 -104.981430 -0.309999  0.082156 -0.581013 -0.809737  0.500015 0.959960 1 1 1.000000
skin_0dam
0  8.826571 -104.335823 0.307539  0.171190 -0.571401 -0.802617  0.463881 0.958983 1 1 1.000000
0  15.514502 -103.229729 1.291607  0.276800 -0.546943 -0.790086  0.427747 0.957030 1 1 1.000000
0  15.485724 -103.630692 1.633497  0.267808 -0.865066 -0.424193  0.427747 0.956053 1 1 1.000000
skin_0dam
0  15.485724 -103.630692 1.633497  0.267808 -0.865066 -0.424193  0.427747 0.956053 1 1 1.000000
0  8.825062 -104.749138 0.664937  0.168415 -0.881577 -0.440974  0.463881 0.958007 1 1 1.000000
0  8.826571 -104.335823 0.307539  0.171190 -0.571401 -0.802617  0.463881 0.958983 1 1 1.000000
skin_0dam
0  15.514502 -103.229729 1.291607  0.276800 -0.546943 -0.790086  0.427747 0.957030 1 1 1.000000
0  17.899893 -102.581696 1.901644  0.438629 -0.541419 -0.717266  0.414075 0.956053 1 1 1.000000
0  17.884497 -103.009491 2.271905  0.414996 -0.820544 -0.393047  0.414075 0.954100 1 1 1.000000
skin_0dam
0  17.884497 -103.009491 2.271905  0.414996 -0.820544 -0.393047  0.414075 0.954100 1 1 1.000000
0  15.485724 -103.630692 1.633497  0.267808 -0.865066 -0.424193  0.427747 0.956053 1 1 1.000000
0  15.514502 -103.229729 1.291607  0.276800 -0.546943 -0.790086  0.427747 0.957030 1 1 1.000000
skin_0dam
0  17.899893 -102.581696 1.901644  0.438629 -0.541419 -0.717266  0.414075 0.956053 1 1 1.000000
0  19.222900 -102.278091 2.773562  0.626606 -0.625348 -0.465087  0.407239 0.953124 1 1 1.000000
0  18.874445 -102.709534 2.956921  0.482450 -0.833984 -0.267793  0.409192 0.952147 1 1 1.000000
skin_0dam
0  18.874445 -102.709534 2.956921  0.482450 -0.833984 -0.267793  0.409192 0.952147 1 1 1.000000
0  17.884497 -103.009491 2.271905  0.414996 -0.820544 -0.393047  0.414075 0.954100 1 1 1.000000
0  17.899893 -102.581696 1.901644  0.438629 -0.541419 -0.717266  0.414075 0.956053 1 1 1.000000
skin_0dam
0  18.211674 -102.174446 9.605030  0.687923 -0.711860 0.141483  0.410169 0.927732 1 1 1.000000
0  17.890343 -102.452805 9.887083  0.542614 -0.804440 0.241757  0.412122 0.926756 1 1 1.000000
0  18.514551 -102.407509 8.520474  0.567690 -0.795031 0.213668  0.409192 0.931639 1 1 1.000000
skin_0dam
0  18.514551 -102.407509 8.520474  0.567690 -0.795031 0.213668  0.409192 0.931639 1 1 1.000000
0  18.720455 -102.134949 8.534424  0.819164 -0.474184 0.322675  0.407239 0.931639 1 1 1.000000
0  18.211674 -102.174446 9.605030  0.687923 -0.711860 0.141483  0.410169 0.927732 1 1 1.000000
skin_0dam
0  18.677174 -102.012192 9.966366  0.309570 -0.948241 0.070741  0.407239 0.926756 1 1 1.000000
0  18.366520 -101.958076 11.960229  0.306475 -0.948131 0.084385  0.408216 0.919919 1 1 1.000000
0  17.390703 -102.270660 11.924323  0.295398 -0.951591 0.084935  0.413099 0.919919 1 1 1.000000
skin_0dam
0  16.371107 -102.460648 13.113443  0.278834 -0.950212 0.139099  0.418958 0.915036 1 1 1.000000
0  17.390703 -102.270660 11.924323  0.295398 -0.951591 0.084935  0.413099 0.919919 1 1 1.000000
0  18.366520 -101.958076 11.960229  0.306475 -0.948131 0.084385  0.408216 0.919919 1 1 1.000000
skin_0dam
0  18.366520 -101.958076 11.960229  0.306475 -0.948131 0.084385  0.408216 0.919919 1 1 1.000000
0  18.231836 -101.798370 13.924298  0.293542 -0.948175 0.121642  0.408216 0.912107 1 1 1.000000
0  16.371107 -102.460648 13.113443  0.278834 -0.950212 0.139099  0.418958 0.915036 1 1 1.000000
skin_0dam
0  15.579674 -102.570282 13.696776  0.234805 -0.958936 0.159087  0.422864 0.913083 1 1 1.000000
0  16.146780 -102.541283 13.016069  0.276793 -0.951085 0.137196  0.419935 0.915036 1 1 1.000000
0  16.371107 -102.460648 13.113443  0.278834 -0.950212 0.139099  0.418958 0.915036 1 1 1.000000
skin_0dam
0  17.520128 -102.348221 9.546370  -0.657095 -0.667337 -0.350552  0.414075 0.927732 1 1 1.000000
0  18.127701 -102.220978 8.372005  -0.811498 -0.374042 -0.448959  0.411145 0.932615 1 1 1.000000
0  18.210066 -102.533661 8.417836  -0.366177 -0.910873 -0.190327  0.410169 0.932615 1 1 1.000000
skin_0dam
0  18.210066 -102.533661 8.417836  -0.366177 -0.910873 -0.190327  0.410169 0.932615 1 1 1.000000
0  17.582832 -102.537750 9.798151  -0.232953 -0.963190 -0.134158  0.413099 0.927732 1 1 1.000000
0  17.520128 -102.348221 9.546370  -0.657095 -0.667337 -0.350552  0.414075 0.927732 1 1 1.000000
skin_0dam
0  17.367073 -101.915504 8.999799  -0.217357 -0.934933 -0.280458  0.415052 0.929685 1 1 1.000000
0  17.511818 -101.825546 8.609358  -0.330487 -0.613119 -0.717540  0.414075 0.931639 1 1 1.000000
0  18.127701 -102.220978 8.372005  -0.811498 -0.374042 -0.448959  0.411145 0.932615 1 1 1.000000
skin_0dam
0  18.240025 -101.590263 15.345979  0.272225 -0.949718 0.154691  0.407239 0.907224 1 1 1.000000
0  18.593311 -101.420059 15.727715  0.287270 -0.944899 0.156976  0.405286 0.906247 1 1 1.000000
0  18.021803 -101.546097 15.911361  0.227981 -0.953777 0.195790  0.408216 0.905271 1 1 1.000000
skin_0dam
0  17.939638 -101.505020 1.272624  0.375583 -0.320315 -0.869675  0.414075 0.958007 1 1 1.000000
0  19.932493 -100.670525 2.037253  0.534374 -0.359339 -0.765063  0.403333 0.956053 1 1 1.000000
0  19.620754 -101.568512 2.456194  0.612829 -0.557034 -0.560494  0.404309 0.954100 1 1 1.000000
skin_0dam
0  19.620754 -101.568512 2.456194  0.612829 -0.557034 -0.560494  0.404309 0.954100 1 1 1.000000
0  17.899893 -102.581696 1.901644  0.438629 -0.541419 -0.717266  0.414075 0.956053 1 1 1.000000
0  17.939638 -101.505020 1.272624  0.375583 -0.320315 -0.869675  0.414075 0.958007 1 1 1.000000
skin_0dam
0  20.214823 -101.165314 2.771259  0.652426 -0.618071 -0.438553  0.401379 0.953124 1 1 1.000000
0  19.620754 -101.568512 2.456194  0.612829 -0.557034 -0.560494  0.404309 0.954100 1 1 1.000000
0  19.932493 -100.670525 2.037253  0.534374 -0.359339 -0.765063  0.403333 0.956053 1 1 1.000000
skin_0dam
0  19.932493 -100.670525 2.037253  0.534374 -0.359339 -0.765063  0.403333 0.956053 1 1 1.000000
0  20.606552 -100.235588 2.371331  0.535029 -0.378042 -0.755532  0.399426 0.955077 1 1 1.000000
0  20.214823 -101.165314 2.771259  0.652426 -0.618071 -0.438553  0.401379 0.953124 1 1 1.000000
skin_0dam
0  20.705956 -100.697952 3.990173  0.713247 -0.478828 0.511862  0.398450 0.949217 1 1 1.000000
0  20.478428 -101.178474 3.836361  0.754519 -0.645712 0.117295  0.399426 0.949217 1 1 1.000000
0  21.190622 -100.797058 3.621055  0.481934 -0.781012 0.397190  0.395520 0.950194 1 1 1.000000
skin_0dam
0  21.190622 -100.797058 3.621055  0.481934 -0.781012 0.397190  0.395520 0.950194 1 1 1.000000
0  21.402122 -100.289787 3.787704  0.300849 -0.409679 0.861193  0.394543 0.950194 1 1 1.000000
0  20.705956 -100.697952 3.990173  0.713247 -0.478828 0.511862  0.398450 0.949217 1 1 1.000000
skin_0dam
0  18.874445 -102.709534 2.956921  0.482450 -0.833984 -0.267793  0.409192 0.952147 1 1 1.000000
0  19.488077 -102.484169 3.755496  0.575856 -0.810368 -0.108137  0.405286 0.949217 1 1 1.000000
0  19.142925 -102.612297 3.857123  -0.260427 -0.917194 0.301551  0.407239 0.949217 1 1 1.000000
skin_0dam
0  19.142925 -102.612297 3.857123  -0.260427 -0.917194 0.301551  0.407239 0.949217 1 1 1.000000
0  18.587805 -102.793175 3.186553  -0.153396 -0.859979 0.486730  0.410169 0.951170 1 1 1.000000
0  18.874445 -102.709534 2.956921  0.482450 -0.833984 -0.267793  0.409192 0.952147 1 1 1.000000
skin_0dam
0  19.055271 -102.299828 3.893705  -0.858490 -0.292755 0.421057  0.407239 0.949217 1 1 1.000000
0  19.142925 -102.612297 3.857123  -0.260427 -0.917194 0.301551  0.407239 0.949217 1 1 1.000000
0  19.228188 -102.524666 4.607612  -0.449441 -0.890302 0.073246  0.406262 0.946287 1 1 1.000000
skin_0dam
0  19.228188 -102.524666 4.607612  -0.449441 -0.890302 0.073246  0.406262 0.946287 1 1 1.000000
0  19.141417 -102.212166 4.630459  -0.958758 -0.282593 0.030414  0.406262 0.946287 1 1 1.000000
0  19.055271 -102.299828 3.893705  -0.858490 -0.292755 0.421057  0.407239 0.949217 1 1 1.000000
skin_0dam
0  18.500862 -102.494453 3.223145  -0.603815 -0.258785 0.753948  0.411145 0.951170 1 1 1.000000
0  19.055271 -102.299828 3.893705  -0.858490 -0.292755 0.421057  0.407239 0.949217 1 1 1.000000
0  18.242157 -99.516464 4.193723  -0.875839 -0.287362 0.387722  0.411145 0.947264 1 1 1.000000
skin_0dam
0  18.242157 -99.516464 4.193723  -0.875839 -0.287362 0.387722  0.411145 0.947264 1 1 1.000000
0  17.808178 -99.663483 3.544816  -0.633004 -0.249475 0.732850  0.413099 0.950194 1 1 1.000000
0  18.500862 -102.494453 3.223145  -0.603815 -0.258785 0.753948  0.411145 0.951170 1 1 1.000000
skin_0dam
0  19.598671 -102.422752 4.562711  0.571154 -0.818986 0.055184  0.404309 0.946287 1 1 1.000000
0  19.488077 -102.484169 3.755496  0.575856 -0.810368 -0.108137  0.405286 0.949217 1 1 1.000000
0  19.816851 -102.108795 3.708646  0.769056 -0.607958 -0.197332  0.403333 0.950194 1 1 1.000000
skin_0dam
0  19.816851 -102.108795 3.708646  0.769056 -0.607958 -0.197332  0.403333 0.950194 1 1 1.000000
0  19.913179 -102.020561 4.501225  0.835983 -0.544557 0.067749  0.402356 0.947264 1 1 1.000000
0  19.598671 -102.422752 4.562711  0.571154 -0.818986 0.055184  0.404309 0.946287 1 1 1.000000
skin_0dam
0  20.478428 -101.178474 3.836361  0.754519 -0.645712 0.117295  0.399426 0.949217 1 1 1.000000
0  20.312742 -101.283211 4.349548  0.870839 -0.465441 0.158125  0.400403 0.947264 1 1 1.000000
0  20.199295 -101.578926 3.775994  0.821293 -0.561063 -0.103373  0.401379 0.949217 1 1 1.000000
skin_0dam
0  17.884497 -103.009491 2.271905  0.414996 -0.820544 -0.393047  0.414075 0.954100 1 1 1.000000
0  18.874445 -102.709534 2.956921  0.482450 -0.833984 -0.267793  0.409192 0.952147 1 1 1.000000
0  18.587805 -102.793175 3.186553  -0.153396 -0.859979 0.486730  0.410169 0.951170 1 1 1.000000
skin_0dam
0  18.587805 -102.793175 3.186553  -0.153396 -0.859979 0.486730  0.410169 0.951170 1 1 1.000000
0  17.780523 -103.056000 2.637496  -0.012094 -0.827794 0.560902  0.415052 0.953124 1 1 1.000000
0  17.884497 -103.009491 2.271905  0.414996 -0.820544 -0.393047  0.414075 0.954100 1 1 1.000000
skin_0dam
0  20.539436 -100.914070 2.889318  0.571681 -0.662719 -0.483719  0.399426 0.953124 1 1 1.000000
0  20.408154 -101.168617 3.418108  0.626691 -0.754214 -0.196007  0.400403 0.951170 1 1 1.000000
0  20.037369 -101.505005 3.227895  0.725115 -0.622868 -0.293673  0.402356 0.951170 1 1 1.000000
skin_0dam
0  20.037369 -101.505005 3.227895  0.725115 -0.622868 -0.293673  0.402356 0.951170 1 1 1.000000
0  20.214823 -101.165314 2.771259  0.652426 -0.618071 -0.438553  0.401379 0.953124 1 1 1.000000
0  20.539436 -100.914070 2.889318  0.571681 -0.662719 -0.483719  0.399426 0.953124 1 1 1.000000
skin_0dam
0  21.190622 -100.797058 3.621055  0.481934 -0.781012 0.397190  0.395520 0.950194 1 1 1.000000
0  20.478428 -101.178474 3.836361  0.754519 -0.645712 0.117295  0.399426 0.949217 1 1 1.000000
0  20.408154 -101.168617 3.418108  0.626691 -0.754214 -0.196007  0.400403 0.951170 1 1 1.000000
skin_0dam
0  20.408154 -101.168617 3.418108  0.626691 -0.754214 -0.196007  0.400403 0.951170 1 1 1.000000
0  21.168873 -100.798401 3.316225  0.459641 -0.820840 -0.339046  0.395520 0.951170 1 1 1.000000
0  21.190622 -100.797058 3.621055  0.481934 -0.781012 0.397190  0.395520 0.950194 1 1 1.000000
skin_0dam
0  32.086250 -94.386940 4.255000  0.639537 -0.764888 -0.077065  0.334971 0.951170 1 1 1.000000
0  28.796293 -96.845932 3.926858  0.537830 -0.832946 -0.130157  0.353526 0.951170 1 1 1.000000
0  28.752850 -96.490158 3.456079  0.480878 -0.710861 -0.513257  0.353526 0.953124 1 1 1.000000
skin_0dam
0  28.752850 -96.490158 3.456079  0.480878 -0.710861 -0.513257  0.353526 0.953124 1 1 1.000000
0  32.061726 -94.181763 3.826412  0.609562 -0.738423 -0.288384  0.335948 0.952147 1 1 1.000000
0  32.086250 -94.386940 4.255000  0.639537 -0.764888 -0.077065  0.334971 0.951170 1 1 1.000000
skin_0dam
0  34.644947 -91.952133 4.591292  0.701726 -0.711636 -0.033990  0.320322 0.950194 1 1 1.000000
0  32.086250 -94.386940 4.255000  0.639537 -0.764888 -0.077065  0.334971 0.951170 1 1 1.000000
0  32.061726 -94.181763 3.826412  0.609562 -0.738423 -0.288384  0.335948 0.952147 1 1 1.000000
skin_0dam
0  32.061726 -94.181763 3.826412  0.609562 -0.738423 -0.288384  0.335948 0.952147 1 1 1.000000
0  34.699291 -91.880569 4.332922  0.676122 -0.735135 -0.049349  0.320322 0.951170 1 1 1.000000
0  34.644947 -91.952133 4.591292  0.701726 -0.711636 -0.033990  0.320322 0.950194 1 1 1.000000
skin_0dam
0  28.796293 -96.845932 3.926858  0.537830 -0.832946 -0.130157  0.353526 0.951170 1 1 1.000000
0  26.353703 -98.227142 3.724958  0.465591 -0.836687 -0.288410  0.367199 0.951170 1 1 1.000000
0  27.067179 -97.418503 3.359160  0.412964 -0.666400 -0.620784  0.363292 0.953124 1 1 1.000000
skin_0dam
0  27.067179 -97.418503 3.359160  0.412964 -0.666400 -0.620784  0.363292 0.953124 1 1 1.000000
0  28.752850 -96.490158 3.456079  0.480878 -0.710861 -0.513257  0.353526 0.953124 1 1 1.000000
0  28.796293 -96.845932 3.926858  0.537830 -0.832946 -0.130157  0.353526 0.951170 1 1 1.000000
skin_0dam
0  26.353703 -98.227142 3.724958  0.465591 -0.836687 -0.288410  0.367199 0.951170 1 1 1.000000
0  21.168873 -100.798401 3.316225  0.459641 -0.820840 -0.339046  0.395520 0.951170 1 1 1.000000
0  21.173197 -100.371185 2.903873  0.440898 -0.583541 -0.681974  0.395520 0.953124 1 1 1.000000
skin_0dam
0  21.173197 -100.371185 2.903873  0.440898 -0.583541 -0.681974  0.395520 0.953124 1 1 1.000000
0  26.318304 -97.829567 3.309980  0.347138 -0.590007 -0.728963  0.367199 0.953124 1 1 1.000000
0  26.353703 -98.227142 3.724958  0.465591 -0.836687 -0.288410  0.367199 0.951170 1 1 1.000000
skin_0dam
0  20.539436 -100.914070 2.889318  0.571681 -0.662719 -0.483719  0.399426 0.953124 1 1 1.000000
0  21.173197 -100.371185 2.903873  0.440898 -0.583541 -0.681974  0.395520 0.953124 1 1 1.000000
0  21.168873 -100.798401 3.316225  0.459641 -0.820840 -0.339046  0.395520 0.951170 1 1 1.000000
skin_0dam
0  21.168873 -100.798401 3.316225  0.459641 -0.820840 -0.339046  0.395520 0.951170 1 1 1.000000
0  20.408154 -101.168617 3.418108  0.626691 -0.754214 -0.196007  0.400403 0.951170 1 1 1.000000
0  20.539436 -100.914070 2.889318  0.571681 -0.662719 -0.483719  0.399426 0.953124 1 1 1.000000
skin_0dam
0  20.199295 -101.578926 3.775994  0.821293 -0.561063 -0.103373  0.401379 0.949217 1 1 1.000000
0  20.037369 -101.505005 3.227895  0.725115 -0.622868 -0.293673  0.402356 0.951170 1 1 1.000000
0  20.408154 -101.168617 3.418108  0.626691 -0.754214 -0.196007  0.400403 0.951170 1 1 1.000000
skin_0dam
0  20.408154 -101.168617 3.418108  0.626691 -0.754214 -0.196007  0.400403 0.951170 1 1 1.000000
0  20.478428 -101.178474 3.836361  0.754519 -0.645712 0.117295  0.399426 0.949217 1 1 1.000000
0  20.199295 -101.578926 3.775994  0.821293 -0.561063 -0.103373  0.401379 0.949217 1 1 1.000000
skin_0dam
0  19.620754 -101.568512 2.456194  0.612829 -0.557034 -0.560494  0.404309 0.954100 1 1 1.000000
0  20.214823 -101.165314 2.771259  0.652426 -0.618071 -0.438553  0.401379 0.953124 1 1 1.000000
0  20.037369 -101.505005 3.227895  0.725115 -0.622868 -0.293673  0.402356 0.951170 1 1 1.000000
skin_0dam
0  20.037369 -101.505005 3.227895  0.725115 -0.622868 -0.293673  0.402356 0.951170 1 1 1.000000
0  19.222900 -102.278091 2.773562  0.626606 -0.625348 -0.465087  0.407239 0.953124 1 1 1.000000
0  19.620754 -101.568512 2.456194  0.612829 -0.557034 -0.560494  0.404309 0.954100 1 1 1.000000
skin_0dam
0  21.075294 -97.560715 8.808163  0.857982 -0.507386 0.080167  0.393567 0.931639 1 1 1.000000
0  18.889479 -101.698883 8.560231  0.851818 -0.401640 0.336291  0.406262 0.931639 1 1 1.000000
0  19.835583 -101.458427 6.111434  0.880302 -0.405699 0.245922  0.402356 0.941404 1 1 1.000000
skin_0dam
0  19.835583 -101.458427 6.111434  0.880302 -0.405699 0.245922  0.402356 0.941404 1 1 1.000000
0  21.673429 -97.365417 7.081683  0.865006 -0.446578 0.228762  0.390637 0.938475 1 1 1.000000
0  21.075294 -97.560715 8.808163  0.857982 -0.507386 0.080167  0.393567 0.931639 1 1 1.000000
skin_0dam
0  18.414846 -101.764221 9.550208  0.769400 -0.470867 -0.431634  0.409192 0.928709 1 1 1.000000
0  18.211674 -102.174446 9.605030  0.687923 -0.711860 0.141483  0.410169 0.927732 1 1 1.000000
0  18.572472 -101.742470 9.229373  0.833728 -0.403316 0.377138  0.408216 0.929685 1 1 1.000000
skin_0dam
0  17.899893 -102.581696 1.901644  0.438629 -0.541419 -0.717266  0.414075 0.956053 1 1 1.000000
0  15.514502 -103.229729 1.291607  0.276800 -0.546943 -0.790086  0.427747 0.957030 1 1 1.000000
0  15.578322 -102.138000 0.705551  0.242833 -0.306468 -0.920386  0.426771 0.959960 1 1 1.000000
skin_0dam
0  15.578322 -102.138000 0.705551  0.242833 -0.306468 -0.920386  0.426771 0.959960 1 1 1.000000
0  17.939638 -101.505020 1.272624  0.375583 -0.320315 -0.869675  0.414075 0.958007 1 1 1.000000
0  17.899893 -102.581696 1.901644  0.438629 -0.541419 -0.717266  0.414075 0.956053 1 1 1.000000
skin_0dam
0  21.673429 -97.365417 7.081683  0.865006 -0.446578 0.228762  0.390637 0.938475 1 1 1.000000
0  19.835583 -101.458427 6.111434  0.880302 -0.405699 0.245922  0.402356 0.941404 1 1 1.000000
0  20.312742 -101.283211 4.349548  0.870839 -0.465441 0.158125  0.400403 0.947264 1 1 1.000000
skin_0dam
0  20.312742 -101.283211 4.349548  0.870839 -0.465441 0.158125  0.400403 0.947264 1 1 1.000000
0  22.192183 -97.119026 5.474373  0.839982 -0.465802 0.278314  0.388684 0.944334 1 1 1.000000
0  21.673429 -97.365417 7.081683  0.865006 -0.446578 0.228762  0.390637 0.938475 1 1 1.000000
skin_0dam
0  20.199295 -101.578926 3.775994  0.821293 -0.561063 -0.103373  0.401379 0.949217 1 1 1.000000
0  20.312742 -101.283211 4.349548  0.870839 -0.465441 0.158125  0.400403 0.947264 1 1 1.000000
0  19.913179 -102.020561 4.501225  0.835983 -0.544557 0.067749  0.402356 0.947264 1 1 1.000000
skin_0dam
0  19.913179 -102.020561 4.501225  0.835983 -0.544557 0.067749  0.402356 0.947264 1 1 1.000000
0  19.816851 -102.108795 3.708646  0.769056 -0.607958 -0.197332  0.403333 0.950194 1 1 1.000000
0  20.199295 -101.578926 3.775994  0.821293 -0.561063 -0.103373  0.401379 0.949217 1 1 1.000000
skin_0dam
0  18.572472 -101.742470 9.229373  0.833728 -0.403316 0.377138  0.408216 0.929685 1 1 1.000000
0  18.211674 -102.174446 9.605030  0.687923 -0.711860 0.141483  0.410169 0.927732 1 1 1.000000
0  18.720455 -102.134949 8.534424  0.819164 -0.474184 0.322675  0.407239 0.931639 1 1 1.000000
skin_0dam
0  18.720455 -102.134949 8.534424  0.819164 -0.474184 0.322675  0.407239 0.931639 1 1 1.000000
0  18.889479 -101.698883 8.560231  0.851818 -0.401640 0.336291  0.406262 0.931639 1 1 1.000000
0  18.572472 -101.742470 9.229373  0.833728 -0.403316 0.377138  0.408216 0.929685 1 1 1.000000
skin_0dam
0  18.414846 -101.764221 9.550208  0.769400 -0.470867 -0.431634  0.409192 0.928709 1 1 1.000000
0  18.572472 -101.742470 9.229373  0.833728 -0.403316 0.377138  0.408216 0.929685 1 1 1.000000
0  21.075294 -97.560715 8.808163  0.857982 -0.507386 0.080167  0.393567 0.931639 1 1 1.000000
skin_0dam
0  21.075294 -97.560715 8.808163  0.857982 -0.507386 0.080167  0.393567 0.931639 1 1 1.000000
0  21.142393 -97.501961 9.005719  0.582852 -0.441806 -0.681976  0.393567 0.930662 1 1 1.000000
0  18.414846 -101.764221 9.550208  0.769400 -0.470867 -0.431634  0.409192 0.928709 1 1 1.000000
skin_0dam
0  21.237036 -99.816826 2.537061  0.358502 -0.369467 -0.857304  0.395520 0.954100 1 1 1.000000
0  20.606552 -100.235588 2.371331  0.535029 -0.378042 -0.755532  0.399426 0.955077 1 1 1.000000
0  21.337109 -94.258064 1.427348  0.250453 -0.187031 -0.949891  0.393567 0.958007 1 1 1.000000
skin_0dam
0  21.173197 -100.371185 2.903873  0.440898 -0.583541 -0.681974  0.395520 0.953124 1 1 1.000000
0  20.539436 -100.914070 2.889318  0.571681 -0.662719 -0.483719  0.399426 0.953124 1 1 1.000000
0  20.606552 -100.235588 2.371331  0.535029 -0.378042 -0.755532  0.399426 0.955077 1 1 1.000000
skin_0dam
0  20.606552 -100.235588 2.371331  0.535029 -0.378042 -0.755532  0.399426 0.955077 1 1 1.000000
0  21.237036 -99.816826 2.537061  0.358502 -0.369467 -0.857304  0.395520 0.954100 1 1 1.000000
0  21.173197 -100.371185 2.903873  0.440898 -0.583541 -0.681974  0.395520 0.953124 1 1 1.000000
skin_0dam
0  20.606552 -100.235588 2.371331  0.535029 -0.378042 -0.755532  0.399426 0.955077 1 1 1.000000
0  20.539436 -100.914070 2.889318  0.571681 -0.662719 -0.483719  0.399426 0.953124 1 1 1.000000
0  20.214823 -101.165314 2.771259  0.652426 -0.618071 -0.438553  0.401379 0.953124 1 1 1.000000
skin_0dam
0  32.061726 -94.181763 3.826412  0.609562 -0.738423 -0.288384  0.335948 0.952147 1 1 1.000000
0  28.752850 -96.490158 3.456079  0.480878 -0.710861 -0.513257  0.353526 0.953124 1 1 1.000000
0  28.712360 -95.996651 2.613469  0.499249 -0.815065 -0.293972  0.354503 0.956053 1 1 1.000000
skin_0dam
0  28.712360 -95.996651 2.613469  0.499249 -0.815065 -0.293972  0.354503 0.956053 1 1 1.000000
0  32.102337 -93.959671 3.015870  0.592654 -0.790526 -0.154369  0.335948 0.955077 1 1 1.000000
0  32.061726 -94.181763 3.826412  0.609562 -0.738423 -0.288384  0.335948 0.952147 1 1 1.000000
skin_0dam
0  27.067179 -97.418503 3.359160  0.412964 -0.666400 -0.620784  0.363292 0.953124 1 1 1.000000
0  26.318304 -97.829567 3.309980  0.347138 -0.590007 -0.728963  0.367199 0.953124 1 1 1.000000
0  27.459929 -96.943466 3.096009  0.287476 -0.639674 -0.712864  0.361339 0.954100 1 1 1.000000
skin_0dam
0  27.459929 -96.943466 3.096009  0.287476 -0.639674 -0.712864  0.361339 0.954100 1 1 1.000000
0  27.806286 -96.828934 3.201307  0.413224 -0.742571 -0.527101  0.359386 0.953124 1 1 1.000000
0  27.067179 -97.418503 3.359160  0.412964 -0.666400 -0.620784  0.363292 0.953124 1 1 1.000000
skin_0dam
0  32.170063 -93.722549 1.986433  0.594676 -0.786731 -0.165577  0.334971 0.958983 1 1 1.000000
0  29.487135 -95.405731 1.685544  0.534171 -0.839557 -0.099019  0.350597 0.958983 1 1 1.000000
0  29.742977 -95.158638 0.944058  0.545444 -0.786373 -0.290016  0.349620 0.961913 1 1 1.000000
skin_0dam
0  29.742977 -95.158638 0.944058  0.545444 -0.786373 -0.290016  0.349620 0.961913 1 1 1.000000
0  32.185001 -93.501808 1.146654  0.593740 -0.775266 -0.215489  0.335948 0.961913 1 1 1.000000
0  32.170063 -93.722549 1.986433  0.594676 -0.786731 -0.165577  0.334971 0.958983 1 1 1.000000
skin_0dam
0  28.712360 -95.996651 2.613469  0.499249 -0.815065 -0.293972  0.354503 0.956053 1 1 1.000000
0  28.752850 -96.490158 3.456079  0.480878 -0.710861 -0.513257  0.353526 0.953124 1 1 1.000000
0  27.806286 -96.828934 3.201307  0.413224 -0.742571 -0.527101  0.359386 0.953124 1 1 1.000000
skin_0dam
0  27.806286 -96.828934 3.201307  0.413224 -0.742571 -0.527101  0.359386 0.953124 1 1 1.000000
0  28.752850 -96.490158 3.456079  0.480878 -0.710861 -0.513257  0.353526 0.953124 1 1 1.000000
0  27.067179 -97.418503 3.359160  0.412964 -0.666400 -0.620784  0.363292 0.953124 1 1 1.000000
skin_0dam
0  34.699291 -91.880569 4.332922  0.676122 -0.735135 -0.049349  0.320322 0.951170 1 1 1.000000
0  32.061726 -94.181763 3.826412  0.609562 -0.738423 -0.288384  0.335948 0.952147 1 1 1.000000
0  32.102337 -93.959671 3.015870  0.592654 -0.790526 -0.154369  0.335948 0.955077 1 1 1.000000
skin_0dam
0  32.102337 -93.959671 3.015870  0.592654 -0.790526 -0.154369  0.335948 0.955077 1 1 1.000000
0  34.937565 -91.620720 3.424833  0.641150 -0.762897 -0.083149  0.319346 0.954100 1 1 1.000000
0  34.699291 -91.880569 4.332922  0.676122 -0.735135 -0.049349  0.320322 0.951170 1 1 1.000000
skin_0dam
0  26.353703 -98.227142 3.724958  0.465591 -0.836687 -0.288410  0.367199 0.951170 1 1 1.000000
0  26.318304 -97.829567 3.309980  0.347138 -0.590007 -0.728963  0.367199 0.953124 1 1 1.000000
0  27.067179 -97.418503 3.359160  0.412964 -0.666400 -0.620784  0.363292 0.953124 1 1 1.000000
skin_0dam
0  21.464067 -100.709808 9.817768  0.143252 -0.203333 -0.968573  0.391614 0.927732 1 1 1.000000
0  25.450716 -99.014076 10.023105  0.134563 -0.203069 -0.969874  0.370128 0.928709 1 1 1.000000
0  25.463442 -99.344162 10.092002  0.366825 -0.720153 -0.588914  0.370128 0.927732 1 1 1.000000
skin_0dam
0  25.463442 -99.344162 10.092002  0.366825 -0.720153 -0.588914  0.370128 0.927732 1 1 1.000000
0  21.463078 -101.040588 9.885785  0.326035 -0.738282 -0.590459  0.392590 0.927732 1 1 1.000000
0  21.464067 -100.709808 9.817768  0.143252 -0.203333 -0.968573  0.391614 0.927732 1 1 1.000000
skin_0dam
0  29.528450 -96.817528 10.125283  0.101591 -0.203497 -0.973791  0.347667 0.928709 1 1 1.000000
0  31.160679 -95.630249 9.984995  -0.010944 -0.217195 -0.976067  0.338878 0.929685 1 1 1.000000
0  31.187119 -95.959610 10.054777  0.445859 -0.673494 -0.589589  0.338878 0.929685 1 1 1.000000
skin_0dam
0  31.187119 -95.959610 10.054777  0.445859 -0.673494 -0.589589  0.338878 0.929685 1 1 1.000000
0  29.554893 -97.146889 10.195065  0.425791 -0.695112 -0.579242  0.347667 0.928709 1 1 1.000000
0  29.528450 -96.817528 10.125283  0.101591 -0.203497 -0.973791  0.347667 0.928709 1 1 1.000000
skin_0dam
0  33.477398 -93.498505 8.746420  -0.588663 -0.271464 -0.761435  0.326182 0.934568 1 1 1.000000
0  32.411751 -94.545601 9.626866  -0.266000 -0.248248 -0.931460  0.332041 0.931639 1 1 1.000000
0  31.959398 -91.358269 8.930502  -0.336296 -0.256029 -0.906286  0.333018 0.933592 1 1 1.000000
skin_0dam
0  31.959398 -91.358269 8.930502  -0.336296 -0.256029 -0.906286  0.333018 0.933592 1 1 1.000000
0  32.913822 -90.689003 8.152243  -0.633335 -0.279846 -0.721508  0.328135 0.936522 1 1 1.000000
0  33.477398 -93.498505 8.746420  -0.588663 -0.271464 -0.761435  0.326182 0.934568 1 1 1.000000
skin_0dam
0  34.254276 -92.590668 7.529837  -0.811942 -0.299752 -0.500898  0.123051 0.855464 1 1 1.000000
0  33.477398 -93.498505 8.746420  -0.588663 -0.271464 -0.761435  0.129887 0.858394 1 1 1.000000
0  32.913822 -90.689003 8.152243  -0.633335 -0.279846 -0.721508  0.126957 0.848628 1 1 1.000000
skin_0dam
0  32.913822 -90.689003 8.152243  -0.633335 -0.279846 -0.721508  0.126957 0.848628 1 1 1.000000
0  33.510906 -90.272621 7.336572  -0.815905 -0.304647 -0.491416  0.122074 0.846675 1 1 1.000000
0  34.254276 -92.590668 7.529837  -0.811942 -0.299752 -0.500898  0.123051 0.855464 1 1 1.000000
skin_0dam
0  33.872471 -89.978951 6.202023  -0.896334 -0.441834 -0.036996  0.116214 0.845698 1 1 1.000000
0  34.784534 -91.834129 5.331560  -0.901404 -0.408326 -0.144017  0.111332 0.852535 1 1 1.000000
0  34.254276 -92.590668 7.529837  -0.811942 -0.299752 -0.500898  0.123051 0.855464 1 1 1.000000
skin_0dam
0  34.254276 -92.590668 7.529837  -0.811942 -0.299752 -0.500898  0.123051 0.855464 1 1 1.000000
0  33.510906 -90.272621 7.336572  -0.815905 -0.304647 -0.491416  0.122074 0.846675 1 1 1.000000
0  33.872471 -89.978951 6.202023  -0.896334 -0.441834 -0.036996  0.116214 0.845698 1 1 1.000000
skin_0dam
0  18.984032 -101.651917 9.628431  0.164525 -0.217515 -0.962091  0.405286 0.927732 1 1 1.000000
0  21.566050 -97.286942 9.116249  0.189195 -0.230086 -0.954602  0.390637 0.930662 1 1 1.000000
0  21.464067 -100.709808 9.817768  0.143252 -0.203333 -0.968573  0.391614 0.927732 1 1 1.000000
skin_0dam
0  31.160679 -95.630249 9.984995  -0.010944 -0.217195 -0.976067  0.338878 0.929685 1 1 1.000000
0  32.411751 -94.545601 9.626866  -0.266000 -0.248248 -0.931460  0.332041 0.931639 1 1 1.000000
0  32.451027 -94.874283 9.711266  0.392490 -0.709243 -0.585598  0.332041 0.930662 1 1 1.000000
skin_0dam
0  32.451027 -94.874283 9.711266  0.392490 -0.709243 -0.585598  0.332041 0.930662 1 1 1.000000
0  31.187119 -95.959610 10.054777  0.445859 -0.673494 -0.589589  0.338878 0.929685 1 1 1.000000
0  31.160679 -95.630249 9.984995  -0.010944 -0.217195 -0.976067  0.338878 0.929685 1 1 1.000000
skin_0dam
0  25.450716 -99.014076 10.023105  0.134563 -0.203069 -0.969874  0.370128 0.928709 1 1 1.000000
0  29.528450 -96.817528 10.125283  0.101591 -0.203497 -0.973791  0.347667 0.928709 1 1 1.000000
0  29.554893 -97.146889 10.195065  0.425791 -0.695112 -0.579242  0.347667 0.928709 1 1 1.000000
skin_0dam
0  29.554893 -97.146889 10.195065  0.425791 -0.695112 -0.579242  0.347667 0.928709 1 1 1.000000
0  25.463442 -99.344162 10.092002  0.366825 -0.720153 -0.588914  0.370128 0.927732 1 1 1.000000
0  25.450716 -99.014076 10.023105  0.134563 -0.203069 -0.969874  0.370128 0.928709 1 1 1.000000
skin_0dam
0  18.414846 -101.764221 9.550208  0.769400 -0.470867 -0.431634  0.409192 0.928709 1 1 1.000000
0  18.984032 -101.651917 9.628431  0.164525 -0.217515 -0.962091  0.405286 0.927732 1 1 1.000000
0  18.778170 -101.993362 9.669471  0.313157 -0.760511 -0.568819  0.407239 0.927732 1 1 1.000000
skin_0dam
0  18.778170 -101.993362 9.669471  0.313157 -0.760511 -0.568819  0.407239 0.927732 1 1 1.000000
0  18.211674 -102.174446 9.605030  0.687923 -0.711860 0.141483  0.410169 0.927732 1 1 1.000000
0  18.414846 -101.764221 9.550208  0.769400 -0.470867 -0.431634  0.409192 0.928709 1 1 1.000000
skin_0dam
0  34.784534 -91.834129 5.331560  -0.901404 -0.408326 -0.144017  0.111332 0.852535 1 1 1.000000
0  34.624004 -91.580795 5.046082  -0.453495 -0.614571 0.645480  0.109378 0.851558 1 1 1.000000
0  34.782848 -91.820709 4.917719  -0.339603 -0.920013 0.195564  0.108402 0.852535 1 1 1.000000
skin_0dam
0  31.942722 -94.021973 4.688110  0.170305 -0.341060 0.924486  0.335948 0.949217 1 1 1.000000
0  34.442135 -91.769432 5.020109  0.196960 -0.352293 0.914930  0.321299 0.948241 1 1 1.000000
0  33.525066 -90.245338 5.806615  0.185113 -0.353393 0.916977  0.326182 0.945311 1 1 1.000000
skin_0dam
0  33.525066 -90.245338 5.806615  0.185113 -0.353393 0.916977  0.326182 0.945311 1 1 1.000000
0  31.209692 -91.923180 5.584509  0.156049 -0.339585 0.927540  0.338878 0.945311 1 1 1.000000
0  31.942722 -94.021973 4.688110  0.170305 -0.341060 0.924486  0.335948 0.949217 1 1 1.000000
skin_0dam
0  34.644947 -91.952133 4.591292  0.701726 -0.711636 -0.033990  0.320322 0.950194 1 1 1.000000
0  34.587254 -92.010056 4.890863  0.527984 -0.650035 0.546524  0.321299 0.949217 1 1 1.000000
0  32.035835 -94.320450 4.555369  0.444294 -0.618857 0.647780  0.334971 0.949217 1 1 1.000000
skin_0dam
0  32.035835 -94.320450 4.555369  0.444294 -0.618857 0.647780  0.334971 0.949217 1 1 1.000000
0  32.086250 -94.386940 4.255000  0.639537 -0.764888 -0.077065  0.334971 0.951170 1 1 1.000000
0  34.644947 -91.952133 4.591292  0.701726 -0.711636 -0.033990  0.320322 0.950194 1 1 1.000000
skin_0dam
0  34.699291 -91.880569 4.332922  0.676122 -0.735135 -0.049349  0.105472 0.852535 1 1 1.000000
0  34.782848 -91.820709 4.917719  -0.339603 -0.920013 0.195564  0.108402 0.852535 1 1 1.000000
0  34.644947 -91.952133 4.591292  0.701726 -0.711636 -0.033990  0.107425 0.853511 1 1 1.000000
skin_0dam
0  34.699291 -91.880569 4.332922  0.676122 -0.735135 -0.049349  0.105472 0.852535 1 1 1.000000
0  34.937565 -91.620720 3.424833  0.641150 -0.762897 -0.083149  0.100589 0.851558 1 1 1.000000
0  35.068142 -91.503662 3.447321  0.351883 -0.914180 -0.201131  0.100589 0.851558 1 1 1.000000
skin_0dam
0  35.068142 -91.503662 3.447321  0.351883 -0.914180 -0.201131  0.100589 0.851558 1 1 1.000000
0  34.782848 -91.820709 4.917719  -0.339603 -0.920013 0.195564  0.108402 0.852535 1 1 1.000000
0  34.699291 -91.880569 4.332922  0.676122 -0.735135 -0.049349  0.105472 0.852535 1 1 1.000000
skin_0dam
0  35.384045 -90.813278 1.414402  0.724693 -0.667379 -0.171539  0.089846 0.849605 1 1 1.000000
0  35.300770 -91.161545 2.345999  0.715389 -0.682891 -0.147916  0.094729 0.850581 1 1 1.000000
0  35.156475 -91.279312 2.322628  0.637418 -0.753479 -0.161145  0.094729 0.850581 1 1 1.000000
skin_0dam
0  26.466766 -92.213409 1.831136  -0.117761 -0.256311 -0.959394  0.365246 0.958007 1 1 1.000000
0  27.332907 -96.591873 2.854322  -0.027062 -0.399854 -0.916179  0.362316 0.955077 1 1 1.000000
0  26.285995 -97.362839 3.005720  0.213096 -0.380131 -0.900050  0.367199 0.954100 1 1 1.000000
skin_0dam
0  32.170063 -93.722549 1.986433  0.594676 -0.786731 -0.165577  0.334971 0.958983 1 1 1.000000
0  35.156475 -91.279312 2.322628  0.637418 -0.753479 -0.161145  0.318369 0.958007 1 1 1.000000
0  34.937565 -91.620720 3.424833  0.641150 -0.762897 -0.083149  0.319346 0.954100 1 1 1.000000
skin_0dam
0  34.937565 -91.620720 3.424833  0.641150 -0.762897 -0.083149  0.319346 0.954100 1 1 1.000000
0  32.102337 -93.959671 3.015870  0.592654 -0.790526 -0.154369  0.335948 0.955077 1 1 1.000000
0  32.170063 -93.722549 1.986433  0.594676 -0.786731 -0.165577  0.334971 0.958983 1 1 1.000000
skin_0dam
0  35.300770 -91.161545 2.345999  0.715389 -0.682891 -0.147916  0.094729 0.850581 1 1 1.000000
0  35.391071 -91.046585 2.352103  0.797636 -0.590948 -0.120652  0.094729 0.849605 1 1 1.000000
0  35.344608 -91.282547 3.479456  0.806322 -0.586910 -0.073354  0.100589 0.850581 1 1 1.000000
skin_0dam
0  35.344608 -91.282547 3.479456  0.806322 -0.586910 -0.073354  0.100589 0.850581 1 1 1.000000
0  35.191601 -91.497253 3.455265  0.475867 -0.855697 -0.203307  0.100589 0.851558 1 1 1.000000
0  35.300770 -91.161545 2.345999  0.715389 -0.682891 -0.147916  0.094729 0.850581 1 1 1.000000
skin_0dam
0  38.732357 -85.607201 3.767285  0.963939 -0.237225 -0.120608  0.101566 0.831050 1 1 1.000000
0  38.556675 -85.561966 2.597577  0.949649 -0.217072 -0.225935  0.094729 0.831050 1 1 1.000000
0  38.561825 -85.396324 2.598349  0.973945 -0.023127 -0.225602  0.094729 0.830073 1 1 1.000000
skin_0dam
0  38.561825 -85.396324 2.598349  0.973945 -0.023127 -0.225602  0.094729 0.830073 1 1 1.000000
0  38.737667 -85.427765 3.754313  0.992510 -0.018290 -0.120784  0.100589 0.830073 1 1 1.000000
0  38.732357 -85.607201 3.767285  0.963939 -0.237225 -0.120608  0.101566 0.831050 1 1 1.000000
skin_0dam
0  37.048176 -88.947388 3.664028  0.856370 -0.512723 -0.061198  0.101566 0.842769 1 1 1.000000
0  36.944660 -88.967331 2.498780  0.859506 -0.498877 -0.111225  0.094729 0.842769 1 1 1.000000
0  38.469936 -85.745651 2.591516  0.885482 -0.409540 -0.219540  0.094729 0.832026 1 1 1.000000
skin_0dam
0  38.469936 -85.745651 2.591516  0.885482 -0.409540 -0.219540  0.094729 0.832026 1 1 1.000000
0  38.644901 -85.777122 3.761217  0.888331 -0.445171 -0.112649  0.101566 0.832026 1 1 1.000000
0  37.048176 -88.947388 3.664028  0.856370 -0.512723 -0.061198  0.101566 0.842769 1 1 1.000000
skin_0dam
0  29.487135 -95.405731 1.685544  0.534171 -0.839557 -0.099019  0.350597 0.958983 1 1 1.000000
0  29.101648 -95.646309 1.646359  0.081340 -0.925012 -0.371128  0.352550 0.958983 1 1 1.000000
0  29.357321 -95.412987 0.918617  0.065733 -0.917623 -0.391978  0.351573 0.961913 1 1 1.000000
skin_0dam
0  29.357321 -95.412987 0.918617  0.065733 -0.917623 -0.391978  0.351573 0.961913 1 1 1.000000
0  29.742977 -95.158638 0.944058  0.545444 -0.786373 -0.290016  0.349620 0.961913 1 1 1.000000
0  29.487135 -95.405731 1.685544  0.534171 -0.839557 -0.099019  0.350597 0.958983 1 1 1.000000
skin_0dam
0  35.300770 -91.161545 2.345999  0.715389 -0.682891 -0.147916  0.094729 0.850581 1 1 1.000000
0  35.191601 -91.497253 3.455265  0.475867 -0.855697 -0.203307  0.100589 0.851558 1 1 1.000000
0  35.068142 -91.503662 3.447321  0.351883 -0.914180 -0.201131  0.100589 0.851558 1 1 1.000000
skin_0dam
0  29.144384 -95.217354 0.850295  -0.696851 -0.468229 -0.543287  0.352550 0.961913 1 1 1.000000
0  28.873735 -95.410110 1.563394  -0.642940 -0.510271 -0.571185  0.353526 0.959960 1 1 1.000000
0  27.617125 -91.616501 1.285939  -0.531561 -0.230396 -0.815083  0.359386 0.959960 1 1 1.000000
skin_0dam
0  27.617125 -91.616501 1.285939  -0.531561 -0.230396 -0.815083  0.359386 0.959960 1 1 1.000000
0  28.561708 -91.168327 0.409915  -0.218051 -0.111001 -0.969604  0.354503 0.963866 1 1 1.000000
0  29.144384 -95.217354 0.850295  -0.696851 -0.468229 -0.543287  0.352550 0.961913 1 1 1.000000
skin_0dam
0  28.309711 -95.797287 2.270926  -0.408039 -0.388474 -0.826192  0.356456 0.957030 1 1 1.000000
0  28.873735 -95.410110 1.563394  -0.642940 -0.510271 -0.571185  0.353526 0.959960 1 1 1.000000
0  29.101648 -95.646309 1.646359  0.081340 -0.925012 -0.371128  0.352550 0.958983 1 1 1.000000
skin_0dam
0  29.101648 -95.646309 1.646359  0.081340 -0.925012 -0.371128  0.352550 0.958983 1 1 1.000000
0  28.441816 -96.093552 2.388958  0.121033 -0.773494 -0.622139  0.355480 0.957030 1 1 1.000000
0  28.309711 -95.797287 2.270926  -0.408039 -0.388474 -0.826192  0.356456 0.957030 1 1 1.000000
skin_0dam
0  35.344608 -91.282547 3.479456  0.806322 -0.586910 -0.073354  0.100589 0.850581 1 1 1.000000
0  35.391071 -91.046585 2.352103  0.797636 -0.590948 -0.120652  0.094729 0.849605 1 1 1.000000
0  36.944660 -88.967331 2.498780  0.859506 -0.498877 -0.111225  0.094729 0.842769 1 1 1.000000
skin_0dam
0  36.944660 -88.967331 2.498780  0.859506 -0.498877 -0.111225  0.094729 0.842769 1 1 1.000000
0  37.048176 -88.947388 3.664028  0.856370 -0.512723 -0.061198  0.101566 0.842769 1 1 1.000000
0  35.344608 -91.282547 3.479456  0.806322 -0.586910 -0.073354  0.100589 0.850581 1 1 1.000000
skin_0dam
0  38.644901 -85.777122 3.761217  0.888331 -0.445171 -0.112649  0.101566 0.832026 1 1 1.000000
0  38.469936 -85.745651 2.591516  0.885482 -0.409540 -0.219540  0.094729 0.832026 1 1 1.000000
0  38.556675 -85.561966 2.597577  0.949649 -0.217072 -0.225935  0.094729 0.831050 1 1 1.000000
skin_0dam
0  38.556675 -85.561966 2.597577  0.949649 -0.217072 -0.225935  0.094729 0.831050 1 1 1.000000
0  38.732357 -85.607201 3.767285  0.963939 -0.237225 -0.120608  0.101566 0.831050 1 1 1.000000
0  38.644901 -85.777122 3.761217  0.888331 -0.445171 -0.112649  0.101566 0.832026 1 1 1.000000
skin_0dam
0  38.737667 -85.427765 3.754313  0.992510 -0.018290 -0.120784  0.100589 0.830073 1 1 1.000000
0  38.561825 -85.396324 2.598349  0.973945 -0.023127 -0.225602  0.094729 0.830073 1 1 1.000000
0  38.582684 -84.141068 2.547867  0.972717 -0.023087 -0.230843  0.094729 0.826167 1 1 1.000000
skin_0dam
0  38.582684 -84.141068 2.547867  0.972717 -0.023087 -0.230843  0.094729 0.826167 1 1 1.000000
0  38.746410 -84.186928 3.689221  0.992449 -0.018080 -0.121321  0.100589 0.826167 1 1 1.000000
0  38.737667 -85.427765 3.754313  0.992510 -0.018290 -0.120784  0.100589 0.830073 1 1 1.000000
skin_0dam
0  29.487135 -95.405731 1.685544  0.534171 -0.839557 -0.099019  0.350597 0.958983 1 1 1.000000
0  32.170063 -93.722549 1.986433  0.594676 -0.786731 -0.165577  0.334971 0.958983 1 1 1.000000
0  32.102337 -93.959671 3.015870  0.592654 -0.790526 -0.154369  0.335948 0.955077 1 1 1.000000
skin_0dam
0  32.102337 -93.959671 3.015870  0.592654 -0.790526 -0.154369  0.335948 0.955077 1 1 1.000000
0  28.712360 -95.996651 2.613469  0.499249 -0.815065 -0.293972  0.354503 0.956053 1 1 1.000000
0  29.487135 -95.405731 1.685544  0.534171 -0.839557 -0.099019  0.350597 0.958983 1 1 1.000000
skin_0dam
0  35.300770 -91.161545 2.345999  0.715389 -0.682891 -0.147916  0.094729 0.850581 1 1 1.000000
0  35.068142 -91.503662 3.447321  0.351883 -0.914180 -0.201131  0.100589 0.851558 1 1 1.000000
0  34.937565 -91.620720 3.424833  0.641150 -0.762897 -0.083149  0.100589 0.851558 1 1 1.000000
skin_0dam
0  34.937565 -91.620720 3.424833  0.641150 -0.762897 -0.083149  0.100589 0.851558 1 1 1.000000
0  35.156475 -91.279312 2.322628  0.637418 -0.753479 -0.161145  0.094729 0.850581 1 1 1.000000
0  35.300770 -91.161545 2.345999  0.715389 -0.682891 -0.147916  0.094729 0.850581 1 1 1.000000
skin_0dam
0  27.332907 -96.591873 2.854322  -0.027062 -0.399854 -0.916179  0.362316 0.955077 1 1 1.000000
0  28.309711 -95.797287 2.270926  -0.408039 -0.388474 -0.826192  0.356456 0.957030 1 1 1.000000
0  28.441816 -96.093552 2.388958  0.121033 -0.773494 -0.622139  0.355480 0.957030 1 1 1.000000
skin_0dam
0  28.441816 -96.093552 2.388958  0.121033 -0.773494 -0.622139  0.355480 0.957030 1 1 1.000000
0  27.459929 -96.943466 3.096009  0.287476 -0.639674 -0.712864  0.361339 0.954100 1 1 1.000000
0  27.332907 -96.591873 2.854322  -0.027062 -0.399854 -0.916179  0.362316 0.955077 1 1 1.000000
skin_0dam
0  29.742977 -95.158638 0.944058  0.545444 -0.786373 -0.290016  0.349620 0.961913 1 1 1.000000
0  29.357321 -95.412987 0.918617  0.065733 -0.917623 -0.391978  0.351573 0.961913 1 1 1.000000
0  29.351795 -95.248055 0.656649  -0.102133 -0.558823 -0.822974  0.351573 0.962889 1 1 1.000000
skin_0dam
0  34.900463 -92.076256 5.228020  -0.033968 -0.975611 -0.216861  0.110355 0.853511 1 1 1.000000
0  34.784534 -91.834129 5.331560  -0.901404 -0.408326 -0.144017  0.111332 0.852535 1 1 1.000000
0  34.782848 -91.820709 4.917719  -0.339603 -0.920013 0.195564  0.108402 0.852535 1 1 1.000000
skin_0dam
0  34.900463 -92.076256 5.228020  -0.033968 -0.975611 -0.216861  0.110355 0.853511 1 1 1.000000
0  34.782848 -91.820709 4.917719  -0.339603 -0.920013 0.195564  0.108402 0.852535 1 1 1.000000
0  35.068142 -91.503662 3.447321  0.351883 -0.914180 -0.201131  0.100589 0.851558 1 1 1.000000
skin_0dam
0  34.900463 -92.076256 5.228020  -0.033968 -0.975611 -0.216861  0.110355 0.853511 1 1 1.000000
0  35.068142 -91.503662 3.447321  0.351883 -0.914180 -0.201131  0.100589 0.851558 1 1 1.000000
0  35.191601 -91.497253 3.455265  0.475867 -0.855697 -0.203307  0.100589 0.851558 1 1 1.000000
skin_0dam
0  31.209692 -91.923180 5.584509  0.156049 -0.339585 0.927540  0.338878 0.945311 1 1 1.000000
0  27.112951 -94.506790 5.231818  0.119543 -0.328871 0.936778  0.361339 0.946287 1 1 1.000000
0  28.690357 -96.410095 4.362570  0.131193 -0.330059 0.934799  0.353526 0.949217 1 1 1.000000
skin_0dam
0  28.690357 -96.410095 4.362570  0.131193 -0.330059 0.934799  0.353526 0.949217 1 1 1.000000
0  31.942722 -94.021973 4.688110  0.170305 -0.341060 0.924486  0.335948 0.949217 1 1 1.000000
0  31.209692 -91.923180 5.584509  0.156049 -0.339585 0.927540  0.338878 0.945311 1 1 1.000000
skin_0dam
0  34.782848 -91.820709 4.917719  -0.339603 -0.920013 0.195564  0.108402 0.852535 1 1 1.000000
0  34.624004 -91.580795 5.046082  -0.453495 -0.614571 0.645480  0.109378 0.851558 1 1 1.000000
0  34.442135 -91.769432 5.020109  0.196960 -0.352293 0.914930  0.109378 0.852535 1 1 1.000000
skin_0dam
0  34.442135 -91.769432 5.020109  0.196960 -0.352293 0.914930  0.109378 0.852535 1 1 1.000000
0  34.587254 -92.010056 4.890863  0.527984 -0.650035 0.546524  0.108402 0.853511 1 1 1.000000
0  34.782848 -91.820709 4.917719  -0.339603 -0.920013 0.195564  0.108402 0.852535 1 1 1.000000
skin_0dam
0  22.192183 -97.119026 5.474373  0.839982 -0.465802 0.278314  0.388684 0.944334 1 1 1.000000
0  20.312742 -101.283211 4.349548  0.870839 -0.465441 0.158125  0.400403 0.947264 1 1 1.000000
0  20.705956 -100.697952 3.990173  0.713247 -0.478828 0.511862  0.398450 0.949217 1 1 1.000000
skin_0dam
0  20.705956 -100.697952 3.990173  0.713247 -0.478828 0.511862  0.398450 0.949217 1 1 1.000000
0  22.429041 -96.982910 5.117554  0.668111 -0.473354 0.574076  0.387707 0.945311 1 1 1.000000
0  22.192183 -97.119026 5.474373  0.839982 -0.465802 0.278314  0.388684 0.944334 1 1 1.000000
skin_0dam
0  26.331491 -97.814522 4.165985  0.110497 -0.334189 0.936006  0.367199 0.949217 1 1 1.000000
0  28.690357 -96.410095 4.362570  0.131193 -0.330059 0.934799  0.353526 0.949217 1 1 1.000000
0  27.112951 -94.506790 5.231818  0.119543 -0.328871 0.936778  0.361339 0.946287 1 1 1.000000
skin_0dam
0  34.587254 -92.010056 4.890863  0.527984 -0.650035 0.546524  0.321299 0.949217 1 1 1.000000
0  34.442135 -91.769432 5.020109  0.196960 -0.352293 0.914930  0.321299 0.948241 1 1 1.000000
0  31.942722 -94.021973 4.688110  0.170305 -0.341060 0.924486  0.335948 0.949217 1 1 1.000000
skin_0dam
0  31.942722 -94.021973 4.688110  0.170305 -0.341060 0.924486  0.335948 0.949217 1 1 1.000000
0  32.035835 -94.320450 4.555369  0.444294 -0.618857 0.647780  0.334971 0.949217 1 1 1.000000
0  34.587254 -92.010056 4.890863  0.527984 -0.650035 0.546524  0.321299 0.949217 1 1 1.000000
skin_0dam
0  22.429041 -96.982910 5.117554  0.668111 -0.473354 0.574076  0.387707 0.945311 1 1 1.000000
0  20.705956 -100.697952 3.990173  0.713247 -0.478828 0.511862  0.398450 0.949217 1 1 1.000000
0  21.402122 -100.289787 3.787704  0.300849 -0.409679 0.861193  0.394543 0.950194 1 1 1.000000
skin_0dam
0  21.402122 -100.289787 3.787704  0.300849 -0.409679 0.861193  0.394543 0.950194 1 1 1.000000
0  22.775749 -96.799629 4.947212  0.249552 -0.387749 0.887341  0.385754 0.946287 1 1 1.000000
0  22.429041 -96.982910 5.117554  0.668111 -0.473354 0.574076  0.387707 0.945311 1 1 1.000000
skin_0dam
0  33.709965 -90.097916 5.818881  -0.384163 -0.551825 0.740208  0.114261 0.846675 1 1 1.000000
0  34.624004 -91.580795 5.046082  -0.453495 -0.614571 0.645480  0.109378 0.851558 1 1 1.000000
0  34.784534 -91.834129 5.331560  -0.901404 -0.408326 -0.144017  0.111332 0.852535 1 1 1.000000
skin_0dam
0  34.784534 -91.834129 5.331560  -0.901404 -0.408326 -0.144017  0.111332 0.852535 1 1 1.000000
0  33.872471 -89.978951 6.202023  -0.896334 -0.441834 -0.036996  0.116214 0.845698 1 1 1.000000
0  33.709965 -90.097916 5.818881  -0.384163 -0.551825 0.740208  0.114261 0.846675 1 1 1.000000
skin_0dam
0  39.639893 -79.981720 20.315435  0.997446 -0.064347 -0.031001  0.192389 0.810541 1 1 1.000000
0  39.805058 -77.958435 21.967098  0.998137 -0.058675 -0.016727  0.201178 0.802728 1 1 1.000000
0  39.805058 -78.054779 22.049683  0.907484 -0.288304 0.305537  0.201178 0.803705 1 1 1.000000
skin_0dam
0  39.805058 -78.054779 22.049683  0.907484 -0.288304 0.305537  0.201178 0.803705 1 1 1.000000
0  39.639893 -80.091835 20.398022  0.915086 -0.315604 0.251020  0.192389 0.810541 1 1 1.000000
0  39.639893 -79.981720 20.315435  0.997446 -0.064347 -0.031001  0.192389 0.810541 1 1 1.000000
skin_0dam
0  37.027683 -88.404709 12.987716  0.896603 -0.422178 0.133677  0.151372 0.840815 1 1 1.000000
0  37.011784 -87.366943 15.710261  0.866435 -0.467438 0.175476  0.164068 0.837886 1 1 1.000000
0  35.653049 -90.073318 15.308643  0.845954 -0.503352 0.176063  0.164068 0.846675 1 1 1.000000
skin_0dam
0  35.653049 -90.073318 15.308643  0.845954 -0.503352 0.176063  0.164068 0.846675 1 1 1.000000
0  35.626850 -90.861877 12.918801  0.827497 -0.549928 0.113259  0.151372 0.849605 1 1 1.000000
0  37.027683 -88.404709 12.987716  0.896603 -0.422178 0.133677  0.151372 0.840815 1 1 1.000000
skin_0dam
0  37.103046 -85.988449 18.576263  0.849536 -0.415705 0.324775  0.179693 0.833003 1 1 1.000000
0  36.873360 -84.757782 19.998869  0.828398 -0.377928 0.413433  0.190435 0.827143 1 1 1.000000
0  35.964947 -86.147926 20.535660  0.820550 -0.382612 0.424625  0.193365 0.832026 1 1 1.000000
skin_0dam
0  35.964947 -86.147926 20.535660  0.820550 -0.382612 0.424625  0.193365 0.832026 1 1 1.000000
0  35.648190 -88.385468 19.329472  0.869543 -0.409904 0.275450  0.183599 0.840815 1 1 1.000000
0  37.103046 -85.988449 18.576263  0.849536 -0.415705 0.324775  0.179693 0.833003 1 1 1.000000
skin_0dam
0  35.992474 -81.853607 24.072968  0.766862 -0.384105 0.514186  0.211921 0.817377 1 1 1.000000
0  36.116344 -84.083351 22.324963  0.802714 -0.382293 0.457713  0.203131 0.825190 1 1 1.000000
0  36.845833 -82.858368 22.022156  0.811344 -0.383640 0.441069  0.201178 0.820307 1 1 1.000000
skin_0dam
0  36.845833 -82.858368 22.022156  0.811344 -0.383640 0.441069  0.201178 0.820307 1 1 1.000000
0  36.763248 -80.559807 23.921568  0.762344 -0.399820 0.508896  0.210944 0.812494 1 1 1.000000
0  35.992474 -81.853607 24.072968  0.766862 -0.384105 0.514186  0.211921 0.817377 1 1 1.000000
skin_0dam
0  36.873360 -84.757782 19.998869  0.828398 -0.377928 0.413433  0.190435 0.827143 1 1 1.000000
0  36.845833 -82.858368 22.022156  0.811344 -0.383640 0.441069  0.201178 0.820307 1 1 1.000000
0  36.116344 -84.083351 22.324963  0.802714 -0.382293 0.457713  0.203131 0.825190 1 1 1.000000
skin_0dam
0  36.116344 -84.083351 22.324963  0.802714 -0.382293 0.457713  0.203131 0.825190 1 1 1.000000
0  35.964947 -86.147926 20.535660  0.820550 -0.382612 0.424625  0.193365 0.832026 1 1 1.000000
0  36.873360 -84.757782 19.998869  0.828398 -0.377928 0.413433  0.190435 0.827143 1 1 1.000000
skin_0dam
0  37.103046 -85.988449 18.576263  0.849536 -0.415705 0.324775  0.179693 0.833003 1 1 1.000000
0  37.011784 -87.366943 15.710261  0.866435 -0.467438 0.175476  0.164068 0.837886 1 1 1.000000
0  37.462986 -86.545654 15.733832  0.845031 -0.504188 0.178093  0.164068 0.834956 1 1 1.000000
skin_0dam
0  37.462986 -86.545654 15.733832  0.845031 -0.504188 0.178093  0.164068 0.834956 1 1 1.000000
0  37.561115 -85.235863 18.338379  0.830078 -0.440246 0.342278  0.178716 0.830073 1 1 1.000000
0  37.103046 -85.988449 18.576263  0.849536 -0.415705 0.324775  0.179693 0.833003 1 1 1.000000
skin_0dam
0  39.928932 -75.990204 23.398540  0.868480 -0.153491 0.471363  0.208991 0.795892 1 1 1.000000
0  39.928932 -76.017731 23.233374  0.998465 -0.053534 -0.014200  0.208014 0.795892 1 1 1.000000
0  39.970222 -74.944153 22.380014  0.998529 -0.052525 -0.013429  0.203131 0.791986 1 1 1.000000
skin_0dam
0  39.970222 -74.944153 22.380014  0.998529 -0.052525 -0.013429  0.203131 0.791986 1 1 1.000000
0  39.983986 -74.792755 22.476360  0.981305 0.092518 0.168761  0.203131 0.791986 1 1 1.000000
0  39.928932 -75.990204 23.398540  0.868480 -0.153491 0.471363  0.208991 0.795892 1 1 1.000000
skin_0dam
0  37.300037 -79.527512 23.962858  0.643243 -0.347935 0.682040  0.211921 0.808588 1 1 1.000000
0  36.763248 -80.394638 24.059204  0.661988 -0.324051 0.675842  0.211921 0.811518 1 1 1.000000
0  36.763248 -80.559807 23.921568  0.762344 -0.399820 0.508896  0.210944 0.812494 1 1 1.000000
skin_0dam
0  36.763248 -80.559807 23.921568  0.762344 -0.399820 0.508896  0.210944 0.812494 1 1 1.000000
0  37.300037 -79.692680 23.825222  0.734177 -0.431229 0.524429  0.210944 0.809564 1 1 1.000000
0  37.300037 -79.527512 23.962858  0.643243 -0.347935 0.682040  0.211921 0.808588 1 1 1.000000
skin_0dam
0  37.300037 -79.692680 23.825222  0.734177 -0.431229 0.524429  0.210944 0.809564 1 1 1.000000
0  39.832584 -76.306778 23.288427  0.691009 -0.427404 0.582951  0.208014 0.796869 1 1 1.000000
0  39.928932 -75.990204 23.398540  0.868480 -0.153491 0.471363  0.208991 0.795892 1 1 1.000000
skin_0dam
0  39.928932 -75.990204 23.398540  0.868480 -0.153491 0.471363  0.208991 0.795892 1 1 1.000000
0  37.300037 -79.527512 23.962858  0.643243 -0.347935 0.682040  0.211921 0.808588 1 1 1.000000
0  37.300037 -79.692680 23.825222  0.734177 -0.431229 0.524429  0.210944 0.809564 1 1 1.000000
skin_0dam
0  36.708191 -80.215706 24.141788  0.528269 -0.232990 0.816485  0.212897 0.811518 1 1 1.000000
0  35.717194 -81.743500 24.293192  0.048668 -0.203137 0.977940  0.212897 0.816401 1 1 1.000000
0  35.841072 -81.936188 24.251902  0.149715 -0.481713 0.863445  0.212897 0.817377 1 1 1.000000
skin_0dam
0  35.841072 -81.936188 24.251902  0.149715 -0.481713 0.863445  0.212897 0.817377 1 1 1.000000
0  36.763248 -80.394638 24.059204  0.661988 -0.324051 0.675842  0.211921 0.811518 1 1 1.000000
0  36.708191 -80.215706 24.141788  0.528269 -0.232990 0.816485  0.212897 0.811518 1 1 1.000000
skin_0dam
0  39.983986 -74.792755 22.476360  0.981305 0.092518 0.168761  0.203131 0.791986 1 1 1.000000
0  39.928932 -74.627586 22.572706  0.942846 0.181953 0.279167  0.204108 0.791009 1 1 1.000000
0  39.887638 -75.811279 23.481123  0.871175 0.022163 0.490471  0.208991 0.794916 1 1 1.000000
skin_0dam
0  39.887638 -75.811279 23.481123  0.871175 0.022163 0.490471  0.208991 0.794916 1 1 1.000000
0  39.928932 -75.990204 23.398540  0.868480 -0.153491 0.471363  0.208991 0.795892 1 1 1.000000
0  39.983986 -74.792755 22.476360  0.981305 0.092518 0.168761  0.203131 0.791986 1 1 1.000000
skin_0dam
0  37.244980 -79.348587 24.045441  0.531011 -0.257079 0.807426  0.211921 0.807611 1 1 1.000000
0  36.708191 -80.215706 24.141788  0.528269 -0.232990 0.816485  0.212897 0.811518 1 1 1.000000
0  36.763248 -80.394638 24.059204  0.661988 -0.324051 0.675842  0.211921 0.811518 1 1 1.000000
skin_0dam
0  36.763248 -80.394638 24.059204  0.661988 -0.324051 0.675842  0.211921 0.811518 1 1 1.000000
0  37.300037 -79.527512 23.962858  0.643243 -0.347935 0.682040  0.211921 0.808588 1 1 1.000000
0  37.244980 -79.348587 24.045441  0.531011 -0.257079 0.807426  0.211921 0.807611 1 1 1.000000
skin_0dam
0  39.887638 -75.811279 23.481123  0.871175 0.022163 0.490471  0.208991 0.794916 1 1 1.000000
0  37.244980 -79.348587 24.045441  0.531011 -0.257079 0.807426  0.211921 0.807611 1 1 1.000000
0  37.300037 -79.527512 23.962858  0.643243 -0.347935 0.682040  0.211921 0.808588 1 1 1.000000
skin_0dam
0  37.300037 -79.527512 23.962858  0.643243 -0.347935 0.682040  0.211921 0.808588 1 1 1.000000
0  39.928932 -75.990204 23.398540  0.868480 -0.153491 0.471363  0.208991 0.795892 1 1 1.000000
0  39.887638 -75.811279 23.481123  0.871175 0.022163 0.490471  0.208991 0.794916 1 1 1.000000
skin_0dam
0  20.885958 -97.465408 21.760967  0.691871 -0.675672 0.254524  0.389660 0.884762 1 1 1.000000
0  21.042273 -97.236656 21.937119  0.426681 -0.714955 0.553880  0.388684 0.884762 1 1 1.000000
0  15.947760 -99.265656 21.618385  -0.212951 -0.632274 0.744904  0.417005 0.884762 1 1 1.000000
skin_0dam
0  15.947760 -99.265656 21.618385  -0.212951 -0.632274 0.744904  0.417005 0.884762 1 1 1.000000
0  15.993293 -99.442551 21.482914  -0.205336 -0.755963 0.621577  0.417005 0.884762 1 1 1.000000
0  20.885958 -97.465408 21.760967  0.691871 -0.675672 0.254524  0.389660 0.884762 1 1 1.000000
skin_0dam
0  35.841072 -81.936188 24.251902  0.149715 -0.481713 0.863445  0.212897 0.817377 1 1 1.000000
0  35.951183 -84.358627 22.366253  0.500731 -0.561524 0.658757  0.203131 0.826167 1 1 1.000000
0  36.116344 -84.083351 22.324963  0.802714 -0.382293 0.457713  0.203131 0.825190 1 1 1.000000
skin_0dam
0  36.116344 -84.083351 22.324963  0.802714 -0.382293 0.457713  0.203131 0.825190 1 1 1.000000
0  35.992474 -81.853607 24.072968  0.766862 -0.384105 0.514186  0.211921 0.817377 1 1 1.000000
0  35.841072 -81.936188 24.251902  0.149715 -0.481713 0.863445  0.212897 0.817377 1 1 1.000000
skin_0dam
0  36.763248 -80.394638 24.059204  0.661988 -0.324051 0.675842  0.211921 0.811518 1 1 1.000000
0  35.841072 -81.936188 24.251902  0.149715 -0.481713 0.863445  0.212897 0.817377 1 1 1.000000
0  35.992474 -81.853607 24.072968  0.766862 -0.384105 0.514186  0.211921 0.817377 1 1 1.000000
skin_0dam
0  35.992474 -81.853607 24.072968  0.766862 -0.384105 0.514186  0.211921 0.817377 1 1 1.000000
0  36.763248 -80.559807 23.921568  0.762344 -0.399820 0.508896  0.210944 0.812494 1 1 1.000000
0  36.763248 -80.394638 24.059204  0.661988 -0.324051 0.675842  0.211921 0.811518 1 1 1.000000
skin_0dam
0  16.112106 -100.181458 20.233479  0.258963 -0.838600 0.479258  0.417005 0.889645 1 1 1.000000
0  16.193268 -99.432236 21.371655  0.285154 -0.808007 0.515570  0.416028 0.884762 1 1 1.000000
0  15.993293 -99.442551 21.482914  -0.205336 -0.755963 0.621577  0.417005 0.884762 1 1 1.000000
skin_0dam
0  15.993293 -99.442551 21.482914  -0.205336 -0.755963 0.621577  0.417005 0.884762 1 1 1.000000
0  15.909922 -100.260887 20.220287  -0.303566 -0.803491 0.512103  0.417982 0.889645 1 1 1.000000
0  16.112106 -100.181458 20.233479  0.258963 -0.838600 0.479258  0.417005 0.889645 1 1 1.000000
skin_0dam
0  15.993293 -99.442551 21.482914  -0.205336 -0.755963 0.621577  0.417005 0.884762 1 1 1.000000
0  15.835501 -99.188812 21.583797  -0.640682 -0.600717 0.478190  0.417982 0.884762 1 1 1.000000
0  15.865176 -99.325188 21.447414  -0.716201 -0.593083 0.367843  0.417982 0.884762 1 1 1.000000
skin_0dam
0  15.993293 -99.442551 21.482914  -0.205336 -0.755963 0.621577  0.417005 0.884762 1 1 1.000000
0  16.193268 -99.432236 21.371655  0.285154 -0.808007 0.515570  0.416028 0.884762 1 1 1.000000
0  20.615837 -97.672493 21.618942  0.267660 -0.753270 0.600785  0.391614 0.885739 1 1 1.000000
skin_0dam
0  20.615837 -97.672493 21.618942  0.267660 -0.753270 0.600785  0.391614 0.885739 1 1 1.000000
0  20.885958 -97.465408 21.760967  0.691871 -0.675672 0.254524  0.389660 0.884762 1 1 1.000000
0  15.993293 -99.442551 21.482914  -0.205336 -0.755963 0.621577  0.417005 0.884762 1 1 1.000000
skin_0dam
0  20.923712 -97.380768 21.749825  0.883184 -0.370846 -0.287158  0.389660 0.884762 1 1 1.000000
0  21.042273 -97.236656 21.937119  0.426681 -0.714955 0.553880  0.388684 0.884762 1 1 1.000000
0  20.885958 -97.465408 21.760967  0.691871 -0.675672 0.254524  0.389660 0.884762 1 1 1.000000
skin_0dam
0  1.785632 -101.724289 21.336929  0.507658 -0.706892 0.492531  0.494156 0.881832 1 1 1.000000
0  1.837435 -101.611366 21.299175  0.878875 -0.467837 -0.093309  0.493179 0.881832 1 1 1.000000
0  1.905037 -101.511261 21.455502  0.664062 -0.673569 0.324541  0.493179 0.881832 1 1 1.000000
skin_0dam
0  -0.409086 -101.838379 21.195702  -0.490691 -0.758784 0.428333  0.505875 0.881832 1 1 1.000000
0  1.785632 -101.724289 21.336929  0.507658 -0.706892 0.492531  0.494156 0.881832 1 1 1.000000
0  1.905037 -101.511261 21.455502  0.664062 -0.673569 0.324541  0.493179 0.881832 1 1 1.000000
skin_0dam
0  1.905037 -101.511261 21.455502  0.664062 -0.673569 0.324541  0.493179 0.881832 1 1 1.000000
0  -0.564021 -101.639626 21.296623  -0.626984 -0.740672 0.241445  0.506851 0.881832 1 1 1.000000
0  -0.409086 -101.838379 21.195702  -0.490691 -0.758784 0.428333  0.505875 0.881832 1 1 1.000000
skin_0dam
0  15.947760 -99.265656 21.618385  -0.212951 -0.632274 0.744904  0.417005 0.884762 1 1 1.000000
0  15.835501 -99.188812 21.583797  -0.640458 -0.600629 0.478600  0.417982 0.884762 1 1 1.000000
0  15.993293 -99.442551 21.482914  -0.205336 -0.755963 0.621577  0.417005 0.884762 1 1 1.000000
skin_0dam
0  -0.165985 -101.880951 21.100861  0.025253 -0.853550 0.520398  0.504898 0.882809 1 1 1.000000
0  1.562356 -101.791092 21.212074  -0.003292 -0.854981 0.518648  0.495132 0.882809 1 1 1.000000
0  1.785632 -101.724289 21.336929  0.507658 -0.706892 0.492531  0.494156 0.881832 1 1 1.000000
skin_0dam
0  1.785632 -101.724289 21.336929  0.507658 -0.706892 0.492531  0.494156 0.881832 1 1 1.000000
0  -0.409086 -101.838379 21.195702  -0.490691 -0.758784 0.428333  0.505875 0.881832 1 1 1.000000
0  -0.165985 -101.880951 21.100861  0.025253 -0.853550 0.520398  0.504898 0.882809 1 1 1.000000
skin_0dam
0  20.923712 -97.380768 21.749825  0.883184 -0.370846 -0.287158  0.389660 0.884762 1 1 1.000000
0  20.885958 -97.465408 21.760967  0.691871 -0.675672 0.254524  0.389660 0.884762 1 1 1.000000
0  19.918730 -98.812042 20.495342  0.617342 -0.733293 0.284904  0.396496 0.889645 1 1 1.000000
skin_0dam
0  19.918730 -98.812042 20.495342  0.617342 -0.733293 0.284904  0.396496 0.889645 1 1 1.000000
0  19.982485 -98.698486 20.485950  0.890613 -0.406487 -0.203902  0.395520 0.889645 1 1 1.000000
0  20.923712 -97.380768 21.749825  0.883184 -0.370846 -0.287158  0.389660 0.884762 1 1 1.000000
skin_0dam
0  1.501354 -102.097969 20.476349  0.950362 -0.304960 -0.061744  0.496109 0.884762 1 1 1.000000
0  1.576263 -101.832275 20.385323  0.942372 -0.321374 -0.093027  0.495132 0.885739 1 1 1.000000
0  1.897510 -101.470543 21.110321  0.848086 -0.520833 -0.097385  0.493179 0.882809 1 1 1.000000
skin_0dam
0  1.897510 -101.470543 21.110321  0.848086 -0.520833 -0.097385  0.493179 0.882809 1 1 1.000000
0  1.837435 -101.611366 21.299175  0.878875 -0.467837 -0.093309  0.493179 0.881832 1 1 1.000000
0  1.501354 -102.097969 20.476349  0.950362 -0.304960 -0.061744  0.496109 0.884762 1 1 1.000000
skin_0dam
0  15.993293 -99.442551 21.482914  -0.205336 -0.755963 0.621577  0.417005 0.884762 1 1 1.000000
0  15.865176 -99.325188 21.447414  -0.716201 -0.593083 0.367843  0.417982 0.884762 1 1 1.000000
0  15.807811 -100.114609 20.186535  -0.837908 -0.416082 0.353252  0.418958 0.889645 1 1 1.000000
skin_0dam
0  15.807811 -100.114609 20.186535  -0.837908 -0.416082 0.353252  0.418958 0.889645 1 1 1.000000
0  15.909922 -100.260887 20.220287  -0.303566 -0.803491 0.512103  0.417982 0.889645 1 1 1.000000
0  15.993293 -99.442551 21.482914  -0.205336 -0.755963 0.621577  0.417005 0.884762 1 1 1.000000
skin_0dam
0  15.865176 -99.325188 21.447414  -0.716201 -0.593083 0.367843  0.417982 0.884762 1 1 1.000000
0  15.835501 -99.188812 21.583797  -0.640682 -0.600717 0.478190  0.417982 0.884762 1 1 1.000000
0  15.808337 -99.273026 21.430111  -0.709505 -0.610193 0.352514  0.417982 0.884762 1 1 1.000000
skin_0dam
0  15.643488 -99.778648 20.107914  -0.876282 -0.358433 0.321956  0.419935 0.889645 1 1 1.000000
0  15.807811 -100.114609 20.186535  -0.837908 -0.416082 0.353252  0.418958 0.889645 1 1 1.000000
0  15.865176 -99.325188 21.447414  -0.716201 -0.593083 0.367843  0.417982 0.884762 1 1 1.000000
skin_0dam
0  15.865176 -99.325188 21.447414  -0.716201 -0.593083 0.367843  0.417982 0.884762 1 1 1.000000
0  15.808337 -99.273026 21.430111  -0.709505 -0.610193 0.352514  0.417982 0.884762 1 1 1.000000
0  15.643488 -99.778648 20.107914  -0.876282 -0.358433 0.321956  0.419935 0.889645 1 1 1.000000
skin_0dam
0  1.905037 -101.511261 21.455502  0.664062 -0.673569 0.324541  0.493179 0.881832 1 1 1.000000
0  1.837435 -101.611366 21.299175  0.878875 -0.467837 -0.093309  0.493179 0.881832 1 1 1.000000
0  1.897510 -101.470543 21.110321  0.848086 -0.520833 -0.097385  0.493179 0.882809 1 1 1.000000
skin_0dam
0  1.897510 -101.470543 21.110321  0.848086 -0.520833 -0.097385  0.493179 0.882809 1 1 1.000000
0  2.006979 -101.382057 21.269299  0.710616 -0.696394 -0.100296  0.492203 0.881832 1 1 1.000000
0  1.905037 -101.511261 21.455502  0.664062 -0.673569 0.324541  0.493179 0.881832 1 1 1.000000
skin_0dam
0  1.501354 -102.097969 20.476349  0.950362 -0.304960 -0.061744  0.496109 0.884762 1 1 1.000000
0  1.837435 -101.611366 21.299175  0.878875 -0.467837 -0.093309  0.493179 0.881832 1 1 1.000000
0  1.785632 -101.724289 21.336929  0.507658 -0.706892 0.492531  0.494156 0.881832 1 1 1.000000
skin_0dam
0  1.785632 -101.724289 21.336929  0.507658 -0.706892 0.492531  0.494156 0.881832 1 1 1.000000
0  1.463815 -102.237701 20.528736  0.578385 -0.751395 0.317611  0.496109 0.884762 1 1 1.000000
0  1.501354 -102.097969 20.476349  0.950362 -0.304960 -0.061744  0.496109 0.884762 1 1 1.000000
chrome
0  -0.491856 -103.459084 15.420906  0.331371 -0.905128 -0.266339  0.166021 0.115207 1 1 1.000000
0  -1.318328 -103.488525 14.981577  0.003207 -0.999533 0.030398  0.166021 0.124973 1 1 1.000000
0  -1.264679 -103.224007 14.792639  0.285631 -0.619803 -0.730931  0.166021 0.124973 1 1 1.000000
chrome
0  -1.264679 -103.224007 14.792639  0.285631 -0.619803 -0.730931  0.166021 0.124973 1 1 1.000000
0  -0.368739 -103.190964 15.222645  0.536129 -0.646931 -0.542261  0.166021 0.115207 1 1 1.000000
0  -0.491856 -103.459084 15.420906  0.331371 -0.905128 -0.266339  0.166021 0.115207 1 1 1.000000
chrome
0  -0.491856 -103.459084 15.420906  0.331371 -0.905128 -0.266339  0.166021 0.115207 1 1 1.000000
0  -0.368739 -103.190964 15.222645  0.536129 -0.646931 -0.542261  0.166021 0.115207 1 1 1.000000
0  0.115197 -103.082626 15.984994  0.774918 -0.606011 -0.179590  0.166021 0.104465 1 1 1.000000
chrome
0  0.115197 -103.082626 15.984994  0.774918 -0.606011 -0.179590  0.166021 0.104465 1 1 1.000000
0  -0.070499 -103.367836 16.096443  0.458175 -0.888600 -0.021569  0.166021 0.104465 1 1 1.000000
0  -0.491856 -103.459084 15.420906  0.331371 -0.905128 -0.266339  0.166021 0.115207 1 1 1.000000
chrome
0  0.102080 -103.096077 17.487473  0.416820 -0.889422 0.187587  0.166021 0.088839 1 1 1.000000
0  -0.070499 -103.367836 16.096443  0.458175 -0.888600 -0.021569  0.166021 0.104465 1 1 1.000000
0  0.115197 -103.082626 15.984994  0.774918 -0.606011 -0.179590  0.166021 0.104465 1 1 1.000000
chrome
0  0.115197 -103.082626 15.984994  0.774918 -0.606011 -0.179590  0.166021 0.104465 1 1 1.000000
0  0.332395 -102.780884 17.516891  0.780231 -0.608356 0.145407  0.166021 0.088839 1 1 1.000000
0  0.102080 -103.096077 17.487473  0.416820 -0.889422 0.187587  0.166021 0.088839 1 1 1.000000
chrome
0  -0.033542 -102.716293 18.859001  0.339504 -0.880261 0.331477  0.083010 0.083956 1 1 1.000000
0  0.102080 -103.096077 17.487473  0.416820 -0.889422 0.187587  0.166021 0.088839 1 1 1.000000
0  0.332395 -102.780884 17.516891  0.780231 -0.608356 0.145407  0.166021 0.088839 1 1 1.000000
chrome
0  0.332395 -102.780884 17.516891  0.780231 -0.608356 0.145407  0.166021 0.088839 1 1 1.000000
0  0.220849 -102.386047 18.931385  0.695765 -0.632434 0.340495  0.083010 0.083956 1 1 1.000000
0  -0.033542 -102.716293 18.859001  0.339504 -0.880261 0.331477  0.083010 0.083956 1 1 1.000000
chrome
0  -0.389223 -102.251518 20.147667  0.201454 -0.879274 0.431617  0.062502 0.083956 1 1 1.000000
0  -0.033542 -102.716293 18.859001  0.339504 -0.880261 0.331477  0.083010 0.083956 1 1 1.000000
0  0.220849 -102.386047 18.931385  0.695765 -0.632434 0.340495  0.083010 0.083956 1 1 1.000000
chrome
0  0.220849 -102.386047 18.931385  0.695765 -0.632434 0.340495  0.083010 0.083956 1 1 1.000000
0  -0.069776 -101.917847 20.279404  0.492758 -0.703463 0.512182  0.062502 0.083956 1 1 1.000000
0  -0.389223 -102.251518 20.147667  0.201454 -0.879274 0.431617  0.062502 0.083956 1 1 1.000000
chrome
0  -0.754272 -101.994476 20.676598  0.082388 -0.862189 0.499843  0.018555 0.082003 1 1 1.000000
0  -0.389223 -102.251518 20.147667  0.201454 -0.879274 0.431617  0.062502 0.083956 1 1 1.000000
0  -0.069776 -101.917847 20.279404  0.492758 -0.703463 0.512182  0.062502 0.083956 1 1 1.000000
chrome
0  -0.069776 -101.917847 20.279404  0.492758 -0.703463 0.512182  0.062502 0.083956 1 1 1.000000
0  -0.516680 -101.596054 20.954971  0.360248 -0.676624 0.642185  0.036134 0.081027 1 1 1.000000
0  -0.754272 -101.994476 20.676598  0.082388 -0.862189 0.499843  0.018555 0.082003 1 1 1.000000
chrome
0  -0.516680 -101.596054 20.954971  0.360248 -0.676624 0.642185  0.036134 0.081027 1 1 1.000000
0  -0.654119 -101.520401 21.098061  0.238597 -0.660836 0.711595  0.000000 0.083956 1 1 1.000000
0  -0.754272 -101.994476 20.676598  0.082388 -0.862189 0.499843  0.018555 0.082003 1 1 1.000000
chrome
0  -0.654119 -101.520401 21.098061  0.238597 -0.660836 0.711595  0.000000 0.083956 1 1 1.000000
0  -1.097565 -101.832970 20.944622  -0.023317 -0.838757 0.544006  0.000000 0.083956 1 1 1.000000
0  -0.754272 -101.994476 20.676598  0.082388 -0.862189 0.499843  0.018555 0.082003 1 1 1.000000
chrome
0  -1.567950 -101.719482 21.080231  -0.063465 -0.867425 0.493503  0.000000 0.083956 1 1 1.000000
0  -1.097565 -101.832970 20.944622  -0.023317 -0.838757 0.544006  0.000000 0.083956 1 1 1.000000
0  -0.846258 -101.433807 21.223877  0.133951 -0.632365 0.763001  0.000000 0.083956 1 1 1.000000
chrome
0  -0.846258 -101.433807 21.223877  0.133951 -0.632365 0.763001  0.000000 0.083956 1 1 1.000000
0  -1.411879 -101.228729 21.477741  0.038254 -0.634015 0.772374  0.000000 0.083956 1 1 1.000000
0  -1.567950 -101.719482 21.080231  -0.063465 -0.867425 0.493503  0.000000 0.083956 1 1 1.000000
chrome
0  -2.737564 -101.614807 21.143333  -0.064691 -0.896456 0.438386  0.000000 0.083956 1 1 1.000000
0  -1.567950 -101.719482 21.080231  -0.063465 -0.867425 0.493503  0.000000 0.083956 1 1 1.000000
0  -1.411879 -101.228729 21.477741  0.038254 -0.634015 0.772374  0.000000 0.083956 1 1 1.000000
chrome
0  -1.411879 -101.228729 21.477741  0.038254 -0.634015 0.772374  0.000000 0.083956 1 1 1.000000
0  -2.780630 -101.065453 21.583385  -0.039184 -0.626834 0.778167  0.000000 0.083956 1 1 1.000000
0  -2.737564 -101.614807 21.143333  -0.064691 -0.896456 0.438386  0.000000 0.083956 1 1 1.000000
chrome
0  -4.550324 -101.488480 21.096233  -0.074175 -0.910643 0.406481  0.000000 0.083956 1 1 1.000000
0  -2.737564 -101.614807 21.143333  -0.064691 -0.896456 0.438386  0.000000 0.083956 1 1 1.000000
0  -2.780630 -101.065453 21.583385  -0.039184 -0.626834 0.778167  0.000000 0.083956 1 1 1.000000
chrome
0  -2.780630 -101.065453 21.583385  -0.039184 -0.626834 0.778167  0.000000 0.083956 1 1 1.000000
0  -4.650735 -100.928314 21.560211  -0.072964 -0.633072 0.770647  0.000000 0.083956 1 1 1.000000
0  -4.550324 -101.488480 21.096233  -0.074175 -0.910643 0.406481  0.000000 0.083956 1 1 1.000000
chrome
0  -7.573077 -101.301056 20.916435  -0.096898 -0.907795 0.408067  0.000000 0.083956 1 1 1.000000
0  -4.550324 -101.488480 21.096233  -0.074175 -0.910643 0.406481  0.000000 0.083956 1 1 1.000000
0  -4.650735 -100.928314 21.560211  -0.072964 -0.633072 0.770647  0.000000 0.083956 1 1 1.000000
chrome
0  -4.650735 -100.928314 21.560211  -0.072964 -0.633072 0.770647  0.000000 0.083956 1 1 1.000000
0  -7.688633 -100.714096 21.379517  -0.110262 -0.627859 0.770478  0.000000 0.083956 1 1 1.000000
0  -7.573077 -101.301056 20.916435  -0.096898 -0.907795 0.408067  0.000000 0.083956 1 1 1.000000
chrome
0  -10.384447 -101.075150 20.639973  -0.112276 -0.902970 0.414776  0.000000 0.333964 1 1 1.000000
0  -7.573077 -101.301056 20.916435  -0.096898 -0.907795 0.408067  0.000000 0.083956 1 1 1.000000
0  -7.688633 -100.714096 21.379517  -0.110262 -0.627859 0.770478  0.000000 0.083956 1 1 1.000000
chrome
0  -7.688633 -100.714096 21.379517  -0.110262 -0.627859 0.770478  0.000000 0.083956 1 1 1.000000
0  -10.523362 -100.517014 21.060101  -0.146674 -0.622320 0.768898  0.000000 0.333964 1 1 1.000000
0  -10.384447 -101.075150 20.639973  -0.112276 -0.902970 0.414776  0.000000 0.333964 1 1 1.000000
chrome
0  -12.369297 -100.985527 20.292095  -0.104042 -0.906463 0.409267  0.000000 0.333964 1 1 1.000000
0  -10.384447 -101.075150 20.639973  -0.112276 -0.902970 0.414776  0.000000 0.333964 1 1 1.000000
0  -10.523362 -100.517014 21.060101  -0.146674 -0.622320 0.768898  0.000000 0.333964 1 1 1.000000
chrome
0  -10.523362 -100.517014 21.060101  -0.146674 -0.622320 0.768898  0.000000 0.333964 1 1 1.000000
0  -12.549362 -100.429520 20.709572  -0.171033 -0.625509 0.761240  0.000000 0.333964 1 1 1.000000
0  -12.369297 -100.985527 20.292095  -0.104042 -0.906463 0.409267  0.000000 0.333964 1 1 1.000000
chrome
0  -13.239624 -100.989532 20.084484  -0.095270 -0.896958 0.431728  0.000000 0.333964 1 1 1.000000
0  -12.369297 -100.985527 20.292095  -0.104042 -0.906463 0.409267  0.000000 0.333964 1 1 1.000000
0  -12.549362 -100.429520 20.709572  -0.171033 -0.625509 0.761240  0.000000 0.333964 1 1 1.000000
chrome
0  -12.549362 -100.429520 20.709572  -0.171033 -0.625509 0.761240  0.000000 0.333964 1 1 1.000000
0  -13.460843 -100.435661 20.499317  -0.191809 -0.638191 0.745602  0.000000 0.333964 1 1 1.000000
0  -13.239624 -100.989532 20.084484  -0.095270 -0.896958 0.431728  0.000000 0.333964 1 1 1.000000
chrome
0  -13.655318 -101.025017 19.919777  -0.130068 -0.875793 0.464832  0.000000 0.333964 1 1 1.000000
0  -13.239624 -100.989532 20.084484  -0.095270 -0.896958 0.431728  0.000000 0.333964 1 1 1.000000
0  -13.460843 -100.435661 20.499317  -0.191809 -0.638191 0.745602  0.000000 0.333964 1 1 1.000000
chrome
0  -13.460843 -100.435661 20.499317  -0.191809 -0.638191 0.745602  0.000000 0.333964 1 1 1.000000
0  -13.919283 -100.459587 20.345688  -0.218802 -0.655703 0.722620  0.000000 0.333964 1 1 1.000000
0  -13.655318 -101.025017 19.919777  -0.130068 -0.875793 0.464832  0.000000 0.333964 1 1 1.000000
chrome
0  -13.919283 -100.459587 20.345688  -0.218802 -0.655703 0.722620  0.000000 0.333964 1 1 1.000000
0  -14.198857 -100.501755 20.217281  -0.287957 -0.693184 0.660739  0.000000 0.333964 1 1 1.000000
0  -13.655318 -101.025017 19.919777  -0.130068 -0.875793 0.464832  0.000000 0.333964 1 1 1.000000
chrome
0  -13.822509 -101.061371 19.757229  -0.173489 -0.869825 0.461850  0.000000 0.333964 1 1 1.000000
0  -13.655318 -101.025017 19.919777  -0.130068 -0.875793 0.464832  0.000000 0.333964 1 1 1.000000
0  -14.198857 -100.501755 20.217281  -0.287957 -0.693184 0.660739  0.000000 0.333964 1 1 1.000000
chrome
0  -14.198857 -100.501755 20.217281  -0.287957 -0.693184 0.660739  0.000000 0.333964 1 1 1.000000
0  -14.432323 -100.569130 20.036606  -0.315173 -0.719276 0.619119  0.000000 0.333964 1 1 1.000000
0  -13.822509 -101.061371 19.757229  -0.173489 -0.869825 0.461850  0.000000 0.333964 1 1 1.000000
chrome
0  -13.822509 -101.061371 19.757229  -0.173489 -0.869825 0.461850  0.000000 0.333964 1 1 1.000000
0  -14.432323 -100.569130 20.036606  -0.315173 -0.719276 0.619119  0.000000 0.333964 1 1 1.000000
0  -14.564268 -100.686394 19.820938  -0.375025 -0.770225 0.515859  0.000000 0.333964 1 1 1.000000
chrome
0  -14.564268 -100.686394 19.820938  -0.375025 -0.770225 0.515859  0.000000 0.333964 1 1 1.000000
0  -13.930926 -101.136047 19.570770  -0.206344 -0.887312 0.412431  0.000000 0.333964 1 1 1.000000
0  -13.822509 -101.061371 19.757229  -0.173489 -0.869825 0.461850  0.000000 0.333964 1 1 1.000000
chrome
0  -14.564268 -100.686394 19.820938  -0.375025 -0.770225 0.515859  0.000000 0.333964 1 1 1.000000
0  -14.561353 -100.769073 19.627811  -0.449011 -0.827060 0.338174  0.000000 0.333964 1 1 1.000000
0  -13.930926 -101.136047 19.570770  -0.206344 -0.887312 0.412431  0.000000 0.333964 1 1 1.000000
chrome
0  -13.930926 -101.136047 19.570770  -0.206344 -0.887312 0.412431  0.000000 0.333964 1 1 1.000000
0  -14.561353 -100.769073 19.627811  -0.449039 -0.827046 0.338169  0.000000 0.333964 1 1 1.000000
0  -14.506217 -100.848999 19.479424  -0.495622 -0.836078 0.235229  0.016602 0.294900 1 1 1.000000
chrome
0  -14.506217 -100.848999 19.479424  -0.495622 -0.836078 0.235229  0.016602 0.294900 1 1 1.000000
0  -13.963326 -101.248161 19.306339  -0.286745 -0.905617 0.312467  0.016602 0.294900 1 1 1.000000
0  -13.930926 -101.136047 19.570770  -0.206344 -0.887312 0.412431  0.000000 0.333964 1 1 1.000000
chrome
0  -13.963326 -101.248161 19.306339  -0.286745 -0.905617 0.312467  0.016602 0.294900 1 1 1.000000
0  -14.506217 -100.848999 19.479424  -0.495622 -0.836078 0.235229  0.016602 0.294900 1 1 1.000000
0  -14.122388 -101.326096 18.192535  -0.643264 -0.763045 0.063040  0.020508 0.291971 1 1 1.000000
chrome
0  -14.122388 -101.326096 18.192535  -0.643264 -0.763045 0.063040  0.020508 0.291971 1 1 1.000000
0  -13.708847 -101.676674 18.273323  -0.368737 -0.906071 0.207531  0.020508 0.291971 1 1 1.000000
0  -13.963326 -101.248161 19.306339  -0.286745 -0.905617 0.312467  0.016602 0.294900 1 1 1.000000
chrome
0  -13.708847 -101.676674 18.273323  -0.368737 -0.906071 0.207531  0.020508 0.291971 1 1 1.000000
0  -14.122388 -101.326096 18.192535  -0.643264 -0.763045 0.063040  0.020508 0.291971 1 1 1.000000
0  -13.503985 -101.749672 16.865685  -0.696873 -0.704453 -0.134589  0.041017 0.291971 1 1 1.000000
chrome
0  -13.503985 -101.749672 16.865685  -0.696873 -0.704453 -0.134589  0.041017 0.291971 1 1 1.000000
0  -13.147579 -102.144516 17.011646  -0.423203 -0.903225 0.071293  0.041017 0.291971 1 1 1.000000
0  -13.708847 -101.676674 18.273323  -0.368737 -0.906071 0.207531  0.020508 0.291971 1 1 1.000000
chrome
0  -13.147579 -102.144516 17.011646  -0.423203 -0.903225 0.071293  0.041017 0.291971 1 1 1.000000
0  -13.503985 -101.749672 16.865685  -0.696873 -0.704453 -0.134589  0.041017 0.291971 1 1 1.000000
0  -12.614056 -102.172882 15.611432  -0.628065 -0.710425 -0.317537  0.083010 0.291971 1 1 1.000000
chrome
0  -12.614056 -102.172882 15.611432  -0.628065 -0.710425 -0.317537  0.083010 0.291971 1 1 1.000000
0  -12.303925 -102.556313 15.823415  -0.378591 -0.923743 -0.058043  0.083010 0.291971 1 1 1.000000
0  -13.147579 -102.144516 17.011646  -0.423203 -0.903225 0.071293  0.041017 0.291971 1 1 1.000000
chrome
0  -12.303925 -102.556313 15.823415  -0.378591 -0.923743 -0.058043  0.083010 0.291971 1 1 1.000000
0  -12.614056 -102.172882 15.611432  -0.628065 -0.710425 -0.317537  0.083010 0.291971 1 1 1.000000
0  -11.946730 -102.372887 15.060681  -0.521121 -0.681942 -0.513214  0.125004 0.291971 1 1 1.000000
chrome
0  -11.946730 -102.372887 15.060681  -0.521121 -0.681942 -0.513214  0.125004 0.291971 1 1 1.000000
0  -11.707325 -102.718643 15.268223  -0.341430 -0.913612 -0.220768  0.125004 0.291971 1 1 1.000000
0  -12.303925 -102.556313 15.823415  -0.378591 -0.923743 -0.058043  0.083010 0.291971 1 1 1.000000
chrome
0  -11.707325 -102.718643 15.268223  -0.341430 -0.913612 -0.220768  0.125004 0.291971 1 1 1.000000
0  -11.946730 -102.372887 15.060681  -0.521121 -0.681942 -0.513214  0.125004 0.291971 1 1 1.000000
0  -11.112926 -102.522789 14.672467  -0.353483 -0.652957 -0.669848  0.166021 0.291971 1 1 1.000000
chrome
0  -11.112926 -102.522789 14.672467  -0.353483 -0.652957 -0.669848  0.166021 0.291971 1 1 1.000000
0  -10.930866 -102.857735 14.903939  -0.246536 -0.909705 -0.334151  0.166021 0.291971 1 1 1.000000
0  -11.707325 -102.718643 15.268223  -0.341430 -0.913612 -0.220768  0.125004 0.291971 1 1 1.000000
chrome
0  -10.930866 -102.857735 14.903939  -0.246536 -0.909705 -0.334151  0.166021 0.291971 1 1 1.000000
0  -11.112926 -102.522789 14.672467  -0.353483 -0.652957 -0.669848  0.166021 0.291971 1 1 1.000000
0  -9.548718 -102.717407 14.344826  -0.176316 -0.576529 -0.797826  0.166021 0.249977 1 1 1.000000
chrome
0  -9.548718 -102.717407 14.344826  -0.176316 -0.576529 -0.797826  0.166021 0.249977 1 1 1.000000
0  -9.461963 -103.071091 14.570128  -0.148432 -0.886782 -0.437704  0.166021 0.249977 1 1 1.000000
0  -10.930866 -102.857735 14.903939  -0.246536 -0.909705 -0.334151  0.166021 0.291971 1 1 1.000000
chrome
0  -9.461963 -103.071091 14.570128  -0.148432 -0.886782 -0.437704  0.166021 0.249977 1 1 1.000000
0  -9.548718 -102.717407 14.344826  -0.176316 -0.576529 -0.797826  0.166021 0.249977 1 1 1.000000
0  -7.074587 -102.961044 14.296157  -0.039952 -0.499320 -0.865496  0.166021 0.166967 1 1 1.000000
chrome
0  -7.074587 -102.961044 14.296157  -0.039952 -0.499320 -0.865496  0.166021 0.166967 1 1 1.000000
0  -7.055200 -103.290695 14.475821  -0.064787 -0.997891 0.004120  0.166021 0.166967 1 1 1.000000
0  -9.461963 -103.071091 14.570128  -0.148432 -0.886782 -0.437704  0.166021 0.249977 1 1 1.000000
chrome
0  -7.055200 -103.290695 14.475821  -0.064787 -0.997891 0.004120  0.166021 0.166967 1 1 1.000000
0  -7.074587 -102.961044 14.296157  -0.039952 -0.499320 -0.865496  0.166021 0.166967 1 1 1.000000
0  -4.255487 -103.131531 14.407752  0.016191 -0.549254 -0.835499  0.166021 0.146458 1 1 1.000000
chrome
0  -4.255487 -103.131531 14.407752  0.016191 -0.549254 -0.835499  0.166021 0.146458 1 1 1.000000
0  -4.252841 -103.420700 14.600245  -0.056243 -0.997241 0.048445  0.166021 0.146458 1 1 1.000000
0  -7.055200 -103.290695 14.475821  -0.064787 -0.997891 0.004120  0.166021 0.166967 1 1 1.000000
chrome
0  -4.252841 -103.420700 14.600245  -0.056243 -0.997241 0.048445  0.166021 0.146458 1 1 1.000000
0  -4.255487 -103.131531 14.407752  0.016191 -0.549254 -0.835499  0.166021 0.146458 1 1 1.000000
0  -2.366264 -103.226273 14.528806  0.110552 -0.613071 -0.782255  0.166021 0.135716 1 1 1.000000
chrome
0  -2.366264 -103.226273 14.528806  0.110552 -0.613071 -0.782255  0.166021 0.135716 1 1 1.000000
0  -2.406910 -103.476341 14.718623  0.047499 -0.912749 -0.405750  0.166021 0.135716 1 1 1.000000
0  -4.252841 -103.420700 14.600245  -0.056243 -0.997241 0.048445  0.166021 0.146458 1 1 1.000000
chrome
0  -2.406910 -103.476341 14.718623  0.047499 -0.912749 -0.405750  0.166021 0.135716 1 1 1.000000
0  -2.366264 -103.226273 14.528806  0.110552 -0.613071 -0.782255  0.166021 0.135716 1 1 1.000000
0  -1.264679 -103.224007 14.792639  0.285631 -0.619803 -0.730931  0.166021 0.124973 1 1 1.000000
chrome
0  -1.264679 -103.224007 14.792639  0.285631 -0.619803 -0.730931  0.166021 0.124973 1 1 1.000000
0  -1.318328 -103.488525 14.981577  0.003207 -0.999533 0.030398  0.166021 0.124973 1 1 1.000000
0  -2.406910 -103.476341 14.718623  0.047499 -0.912749 -0.405750  0.166021 0.135716 1 1 1.000000
chrome
0  -1.361646 -102.815208 15.325397  -0.339691 -0.438665 0.831975  0.166021 0.124973 1 1 1.000000
0  -1.318328 -103.488525 14.981577  0.003207 -0.999533 0.030398  0.166021 0.124973 1 1 1.000000
0  -0.523531 -103.446907 15.474072  -0.324767 -0.838738 0.437087  0.166021 0.115207 1 1 1.000000
chrome
0  -0.523531 -103.446907 15.474072  -0.324767 -0.838738 0.437087  0.166021 0.115207 1 1 1.000000
0  -0.655435 -102.819595 15.729333  -0.637011 -0.419331 0.646822  0.166021 0.115207 1 1 1.000000
0  -1.361646 -102.815208 15.325397  -0.339691 -0.438665 0.831975  0.166021 0.124973 1 1 1.000000
chrome
0  -0.655435 -102.819595 15.729333  -0.637011 -0.419331 0.646822  0.166021 0.115207 1 1 1.000000
0  -0.523531 -103.446907 15.474072  -0.324767 -0.838738 0.437087  0.166021 0.115207 1 1 1.000000
0  -0.113415 -103.370049 16.121265  -0.459202 -0.832908 0.308866  0.166021 0.104465 1 1 1.000000
chrome
0  -0.113415 -103.370049 16.121265  -0.459202 -0.832908 0.308866  0.166021 0.104465 1 1 1.000000
0  -0.320186 -102.788033 16.288837  -0.856421 -0.411096 0.312321  0.166021 0.104465 1 1 1.000000
0  -0.655435 -102.819595 15.729333  -0.637011 -0.419331 0.646822  0.166021 0.115207 1 1 1.000000
chrome
0  -0.320186 -102.788033 16.288837  -0.856421 -0.411096 0.312321  0.166021 0.104465 1 1 1.000000
0  -0.113415 -103.370049 16.121265  -0.459202 -0.832908 0.308866  0.166021 0.104465 1 1 1.000000
0  0.046330 -103.098969 17.497677  -0.541328 -0.816422 0.201044  0.166021 0.088839 1 1 1.000000
chrome
0  0.046330 -103.098969 17.497677  -0.541328 -0.816422 0.201044  0.166021 0.088839 1 1 1.000000
0  -0.176872 -102.628120 17.581146  -0.893692 -0.441575 0.079530  0.166021 0.088839 1 1 1.000000
0  -0.320186 -102.788033 16.288837  -0.856421 -0.411096 0.312321  0.166021 0.104465 1 1 1.000000
chrome
0  -0.176872 -102.628120 17.581146  -0.893692 -0.441575 0.079530  0.166021 0.088839 1 1 1.000000
0  0.046330 -103.098969 17.497677  -0.541328 -0.816422 0.201044  0.166021 0.088839 1 1 1.000000
0  -0.089292 -102.719177 18.869202  -0.558229 -0.813723 0.161970  0.083010 0.083956 1 1 1.000000
chrome
0  -0.089292 -102.719177 18.869202  -0.558229 -0.813723 0.161970  0.083010 0.083956 1 1 1.000000
0  -0.306445 -102.330734 18.925259  -0.871558 -0.488666 -0.039896  0.083010 0.083956 1 1 1.000000
0  -0.176872 -102.628120 17.581146  -0.893692 -0.441575 0.079530  0.166021 0.088839 1 1 1.000000
chrome
0  -0.306445 -102.330734 18.925259  -0.871558 -0.488666 -0.039896  0.083010 0.083956 1 1 1.000000
0  -0.089292 -102.719177 18.869202  -0.558229 -0.813723 0.161970  0.083010 0.083956 1 1 1.000000
0  -0.457640 -102.241302 20.129505  -0.523415 -0.844049 0.116695  0.062502 0.083956 1 1 1.000000
chrome
0  -0.457640 -102.241302 20.129505  -0.523415 -0.844049 0.116695  0.062502 0.083956 1 1 1.000000
0  -0.679103 -101.949608 20.116066  -0.771306 -0.615035 -0.163766  0.062502 0.083956 1 1 1.000000
0  -0.306445 -102.330734 18.925259  -0.871558 -0.488666 -0.039896  0.083010 0.083956 1 1 1.000000
chrome
0  -0.679103 -101.949608 20.116066  -0.771306 -0.615035 -0.163766  0.062502 0.083956 1 1 1.000000
0  -0.457640 -102.241302 20.129505  -0.523415 -0.844049 0.116695  0.062502 0.083956 1 1 1.000000
0  -0.792777 -101.996513 20.632744  -0.501114 -0.865381 0.000558  0.020508 0.082003 1 1 1.000000
chrome
0  -0.792777 -101.996513 20.632744  -0.501114 -0.865381 0.000558  0.020508 0.082003 1 1 1.000000
0  -0.964059 -101.757401 20.525837  -0.656992 -0.670556 -0.344553  0.036134 0.081027 1 1 1.000000
0  -0.679103 -101.949608 20.116066  -0.771306 -0.615035 -0.163766  0.062502 0.083956 1 1 1.000000
chrome
0  -0.964059 -101.757401 20.525837  -0.656992 -0.670556 -0.344553  0.036134 0.081027 1 1 1.000000
0  -0.792777 -101.996513 20.632744  -0.501114 -0.865381 0.000558  0.020508 0.082003 1 1 1.000000
0  -1.136070 -101.834999 20.900768  -0.373263 -0.918339 -0.131637  0.000000 0.083956 1 1 1.000000
chrome
0  -1.136070 -101.834999 20.900768  -0.373263 -0.918339 -0.131637  0.000000 0.083956 1 1 1.000000
0  -1.243455 -101.647758 20.701283  -0.463370 -0.725605 -0.508710  0.000000 0.083956 1 1 1.000000
0  -0.964059 -101.757401 20.525837  -0.656992 -0.670556 -0.344553  0.036134 0.081027 1 1 1.000000
chrome
0  -1.243455 -101.647758 20.701283  -0.463370 -0.725605 -0.508710  0.000000 0.083956 1 1 1.000000
0  -1.136070 -101.834999 20.900768  -0.373263 -0.918339 -0.131637  0.000000 0.083956 1 1 1.000000
0  -1.591856 -101.720764 21.023525  -0.228779 -0.921578 -0.313615  0.000000 0.083956 1 1 1.000000
chrome
0  -1.591856 -101.720764 21.023525  -0.228779 -0.921578 -0.313615  0.000000 0.083956 1 1 1.000000
0  -1.674453 -101.532196 20.867004  -0.236482 -0.673128 -0.700696  0.000000 0.083956 1 1 1.000000
0  -1.243455 -101.647758 20.701283  -0.463370 -0.725605 -0.508710  0.000000 0.083956 1 1 1.000000
chrome
0  -1.674453 -101.532196 20.867004  -0.236482 -0.673128 -0.700696  0.000000 0.083956 1 1 1.000000
0  -1.591856 -101.720764 21.023525  -0.228779 -0.921578 -0.313615  0.000000 0.083956 1 1 1.000000
0  -2.734037 -101.614662 21.088390  -0.086864 -0.896586 -0.434268  0.000000 0.083956 1 1 1.000000
chrome
0  -2.734037 -101.614662 21.088390  -0.086864 -0.896586 -0.434268  0.000000 0.083956 1 1 1.000000
0  -2.748217 -101.436317 20.950031  -0.068552 -0.607224 -0.791568  0.000000 0.083956 1 1 1.000000
0  -1.674453 -101.532196 20.867004  -0.236482 -0.673128 -0.700696  0.000000 0.083956 1 1 1.000000
chrome
0  -2.748217 -101.436317 20.950031  -0.068552 -0.607224 -0.791568  0.000000 0.083956 1 1 1.000000
0  -2.734037 -101.614662 21.088390  -0.086864 -0.896586 -0.434268  0.000000 0.083956 1 1 1.000000
0  -4.547678 -101.488373 21.055027  -0.038409 -0.869432 -0.492556  0.000000 0.083956 1 1 1.000000
chrome
0  -4.547678 -101.488373 21.055027  -0.038409 -0.869432 -0.492556  0.000000 0.083956 1 1 1.000000
0  -4.507158 -101.320961 20.933945  -0.007083 -0.550399 -0.834871  0.000000 0.083956 1 1 1.000000
0  -2.748217 -101.436317 20.950031  -0.068552 -0.607224 -0.791568  0.000000 0.083956 1 1 1.000000
chrome
0  -4.507158 -101.320961 20.933945  -0.007083 -0.550399 -0.834871  0.000000 0.083956 1 1 1.000000
0  -4.547678 -101.488373 21.055027  -0.038409 -0.869432 -0.492556  0.000000 0.083956 1 1 1.000000
0  -7.569549 -101.300911 20.861492  -0.025192 -0.874545 -0.484290  0.000000 0.083956 1 1 1.000000
chrome
0  -7.569549 -101.300911 20.861492  -0.025192 -0.874545 -0.484290  0.000000 0.083956 1 1 1.000000
0  -7.585493 -101.122643 20.750607  0.027742 -0.561188 -0.827223  0.000000 0.083956 1 1 1.000000
0  -4.507158 -101.320961 20.933945  -0.007083 -0.550399 -0.834871  0.000000 0.083956 1 1 1.000000
chrome
0  -7.585493 -101.122643 20.750607  0.027742 -0.561188 -0.827223  0.000000 0.083956 1 1 1.000000
0  -7.569549 -101.300911 20.861492  -0.025192 -0.874545 -0.484290  0.000000 0.083956 1 1 1.000000
0  -10.367203 -101.074287 20.585918  0.009162 -0.874900 -0.484217  0.000000 0.333964 1 1 1.000000
chrome
0  -10.367203 -101.074287 20.585918  0.009162 -0.874900 -0.484217  0.000000 0.333964 1 1 1.000000
0  -10.368714 -100.909058 20.475918  0.080396 -0.557103 -0.826542  0.000000 0.333964 1 1 1.000000
0  -7.585493 -101.122643 20.750607  0.027742 -0.561188 -0.827223  0.000000 0.083956 1 1 1.000000
chrome
0  -10.368714 -100.909058 20.475918  0.080396 -0.557103 -0.826542  0.000000 0.333964 1 1 1.000000
0  -10.367203 -101.074287 20.585918  0.009162 -0.874900 -0.484217  0.000000 0.333964 1 1 1.000000
0  -12.352934 -100.984703 20.251770  0.079013 -0.870406 -0.485954  0.000000 0.333964 1 1 1.000000
chrome
0  -12.352934 -100.984703 20.251770  0.079013 -0.870406 -0.485954  0.000000 0.333964 1 1 1.000000
0  -12.340561 -100.804977 20.128914  0.160779 -0.551577 -0.818482  0.000000 0.333964 1 1 1.000000
0  -10.368714 -100.909058 20.475918  0.080396 -0.557103 -0.826542  0.000000 0.333964 1 1 1.000000
chrome
0  -12.340561 -100.804977 20.128914  0.160779 -0.551577 -0.818482  0.000000 0.333964 1 1 1.000000
0  -12.352934 -100.984703 20.251770  0.079013 -0.870406 -0.485954  0.000000 0.333964 1 1 1.000000
0  -13.222380 -100.988663 20.030426  0.195013 -0.904620 -0.378989  0.000000 0.333964 1 1 1.000000
chrome
0  -13.222380 -100.988663 20.030426  0.195013 -0.904620 -0.378989  0.000000 0.333964 1 1 1.000000
0  -13.196290 -100.808228 19.908451  0.365209 -0.592942 -0.717664  0.000000 0.333964 1 1 1.000000
0  -12.340561 -100.804977 20.128914  0.160779 -0.551577 -0.818482  0.000000 0.333964 1 1 1.000000
chrome
0  -13.472503 -100.864037 19.738853  0.574235 -0.735803 -0.358955  0.000000 0.333964 1 1 1.000000
0  -13.196290 -100.808228 19.908451  0.365209 -0.592942 -0.717664  0.000000 0.333964 1 1 1.000000
0  -13.222380 -100.988663 20.030426  0.195013 -0.904620 -0.378989  0.000000 0.333964 1 1 1.000000
chrome
0  -13.222380 -100.988663 20.030426  0.195013 -0.904620 -0.378989  0.000000 0.333964 1 1 1.000000
0  -13.597806 -101.022057 19.882099  0.265431 -0.962584 -0.054582  0.000000 0.333964 1 1 1.000000
0  -13.472503 -100.864037 19.738853  0.574235 -0.735803 -0.358955  0.000000 0.333964 1 1 1.000000
chrome
0  -13.564893 -100.965446 19.539555  0.565002 -0.824478 0.031749  0.000000 0.333964 1 1 1.000000
0  -13.472503 -100.864037 19.738853  0.574235 -0.735803 -0.358955  0.000000 0.333964 1 1 1.000000
0  -13.597806 -101.022057 19.882099  0.265431 -0.962584 -0.054582  0.000000 0.333964 1 1 1.000000
chrome
0  -13.597806 -101.022057 19.882099  0.265431 -0.962584 -0.054582  0.000000 0.333964 1 1 1.000000
0  -13.764283 -101.072151 19.719566  0.262125 -0.951701 0.159860  0.000000 0.333964 1 1 1.000000
0  -13.564893 -100.965446 19.539555  0.565002 -0.824478 0.031749  0.000000 0.333964 1 1 1.000000
chrome
0  -13.626868 -101.037750 19.273331  0.584723 -0.764105 0.272477  0.016602 0.294900 1 1 1.000000
0  -13.564893 -100.965446 19.539555  0.565002 -0.824478 0.031749  0.000000 0.333964 1 1 1.000000
0  -13.847029 -101.145477 19.562340  0.304993 -0.912518 0.272564  0.000000 0.333964 1 1 1.000000
chrome
0  -13.847029 -101.145477 19.562340  0.304993 -0.912518 0.272564  0.000000 0.333964 1 1 1.000000
0  -13.879428 -101.257591 19.297909  0.327396 -0.867485 0.374543  0.016602 0.294900 1 1 1.000000
0  -13.626868 -101.037750 19.273331  0.584723 -0.764105 0.272477  0.016602 0.294900 1 1 1.000000
chrome
0  -13.410111 -101.371704 18.320904  0.677877 -0.585625 0.444440  0.020508 0.291971 1 1 1.000000
0  -13.626868 -101.037750 19.273331  0.584723 -0.764105 0.272477  0.016602 0.294900 1 1 1.000000
0  -13.879428 -101.257591 19.297909  0.327396 -0.867485 0.374543  0.016602 0.294900 1 1 1.000000
chrome
0  -13.879428 -101.257591 19.297909  0.327396 -0.867485 0.374543  0.016602 0.294900 1 1 1.000000
0  -13.641143 -101.673141 18.291473  0.360995 -0.819692 0.444734  0.020508 0.291971 1 1 1.000000
0  -13.410111 -101.371704 18.320904  0.677877 -0.585625 0.444440  0.020508 0.291971 1 1 1.000000
chrome
0  -12.860728 -101.729851 17.155300  0.659054 -0.524291 0.539228  0.041017 0.291971 1 1 1.000000
0  -13.410111 -101.371704 18.320904  0.677877 -0.585625 0.444440  0.020508 0.291971 1 1 1.000000
0  -13.641143 -101.673141 18.291473  0.360995 -0.819692 0.444734  0.020508 0.291971 1 1 1.000000
chrome
0  -13.641143 -101.673141 18.291473  0.360995 -0.819692 0.444734  0.020508 0.291971 1 1 1.000000
0  -13.094475 -102.141739 17.042645  0.318726 -0.820702 0.474196  0.041017 0.291971 1 1 1.000000
0  -12.860728 -101.729851 17.155300  0.659054 -0.524291 0.539228  0.041017 0.291971 1 1 1.000000
chrome
0  -12.068517 -102.047768 16.046772  0.587272 -0.474100 0.656003  0.083010 0.291971 1 1 1.000000
0  -12.860728 -101.729851 17.155300  0.659054 -0.524291 0.539228  0.041017 0.291971 1 1 1.000000
0  -13.094475 -102.141739 17.042645  0.318726 -0.820702 0.474196  0.041017 0.291971 1 1 1.000000
chrome
0  -13.094475 -102.141739 17.042645  0.318726 -0.820702 0.474196  0.041017 0.291971 1 1 1.000000
0  -12.266133 -102.540550 15.867261  0.278943 -0.811114 0.514086  0.083010 0.291971 1 1 1.000000
0  -12.068517 -102.047768 16.046772  0.587272 -0.474100 0.656003  0.083010 0.291971 1 1 1.000000
chrome
0  -11.521214 -102.157486 15.571304  0.426633 -0.468429 0.773666  0.125004 0.291971 1 1 1.000000
0  -12.068517 -102.047768 16.046772  0.587272 -0.474100 0.656003  0.083010 0.291971 1 1 1.000000
0  -12.266133 -102.540550 15.867261  0.278943 -0.811114 0.514086  0.083010 0.291971 1 1 1.000000
chrome
0  -12.266133 -102.540550 15.867261  0.278943 -0.811114 0.514086  0.083010 0.291971 1 1 1.000000
0  -11.668818 -102.716621 15.312078  0.158795 -0.830808 0.533425  0.125004 0.291971 1 1 1.000000
0  -11.521214 -102.157486 15.571304  0.426633 -0.468429 0.773666  0.125004 0.291971 1 1 1.000000
chrome
0  -10.761666 -102.269875 15.233592  0.221588 -0.469156 0.854863  0.166021 0.291971 1 1 1.000000
0  -11.521214 -102.157486 15.571304  0.426633 -0.468429 0.773666  0.125004 0.291971 1 1 1.000000
0  -11.668818 -102.716621 15.312078  0.158795 -0.830808 0.533425  0.125004 0.291971 1 1 1.000000
chrome
0  -11.668818 -102.716621 15.312078  0.158795 -0.830808 0.533425  0.125004 0.291971 1 1 1.000000
0  -10.906077 -102.856422 14.946912  0.049933 -0.836503 0.545683  0.166021 0.291971 1 1 1.000000
0  -10.761666 -102.269875 15.233592  0.221588 -0.469156 0.854863  0.166021 0.291971 1 1 1.000000
chrome
0  -9.366851 -102.431908 14.936538  0.072783 -0.454706 0.887663  0.166021 0.249977 1 1 1.000000
0  -10.761666 -102.269875 15.233592  0.221588 -0.469156 0.854863  0.166021 0.291971 1 1 1.000000
0  -10.906077 -102.856422 14.946912  0.049933 -0.836503 0.545683  0.166021 0.291971 1 1 1.000000
chrome
0  -10.906077 -102.856422 14.946912  0.049933 -0.836503 0.545683  0.166021 0.291971 1 1 1.000000
0  -9.437176 -103.069778 14.613099  -0.024128 -0.843022 0.537337  0.166021 0.249977 1 1 1.000000
0  -9.366851 -102.431908 14.936538  0.072783 -0.454706 0.887663  0.166021 0.249977 1 1 1.000000
chrome
0  -7.085514 -102.602921 14.820515  -0.023189 -0.446806 0.894330  0.166021 0.166967 1 1 1.000000
0  -9.366851 -102.431908 14.936538  0.072783 -0.454706 0.887663  0.166021 0.249977 1 1 1.000000
0  -9.437176 -103.069778 14.613099  -0.024128 -0.843022 0.537337  0.166021 0.249977 1 1 1.000000
chrome
0  -9.437176 -103.069778 14.613099  -0.024128 -0.843022 0.537337  0.166021 0.249977 1 1 1.000000
0  -7.055200 -103.290695 14.475821  -0.064787 -0.997891 0.004120  0.166021 0.166967 1 1 1.000000
0  -7.085514 -102.602921 14.820515  -0.023189 -0.446806 0.894330  0.166021 0.166967 1 1 1.000000
chrome
0  -4.253412 -102.758949 14.932985  -0.073997 -0.446715 0.891611  0.166021 0.146458 1 1 1.000000
0  -7.085514 -102.602921 14.820515  -0.023189 -0.446806 0.894330  0.166021 0.166967 1 1 1.000000
0  -7.055200 -103.290695 14.475821  -0.064787 -0.997891 0.004120  0.166021 0.166967 1 1 1.000000
chrome
0  -7.055200 -103.290695 14.475821  -0.064787 -0.997891 0.004120  0.166021 0.166967 1 1 1.000000
0  -4.252841 -103.420700 14.600245  -0.056243 -0.997241 0.048445  0.166021 0.146458 1 1 1.000000
0  -4.253412 -102.758949 14.932985  -0.073997 -0.446715 0.891611  0.166021 0.146458 1 1 1.000000
chrome
0  -4.253412 -102.758949 14.932985  -0.073997 -0.446715 0.891611  0.166021 0.146458 1 1 1.000000
0  -4.252841 -103.420700 14.600245  -0.056243 -0.997241 0.048445  0.166021 0.146458 1 1 1.000000
0  -2.409556 -103.476448 14.759830  -0.095276 -0.821809 0.561741  0.166021 0.135716 1 1 1.000000
chrome
0  -2.409556 -103.476448 14.759830  -0.095276 -0.821809 0.561741  0.166021 0.135716 1 1 1.000000
0  -2.396242 -102.800201 15.079707  -0.140727 -0.429156 0.892200  0.166021 0.135716 1 1 1.000000
0  -4.253412 -102.758949 14.932985  -0.073997 -0.446715 0.891611  0.166021 0.146458 1 1 1.000000
chrome
0  -2.396242 -102.800201 15.079707  -0.140727 -0.429156 0.892200  0.166021 0.135716 1 1 1.000000
0  -2.409556 -103.476448 14.759830  -0.095276 -0.821809 0.561741  0.166021 0.135716 1 1 1.000000
0  -1.318328 -103.488525 14.981577  0.003207 -0.999533 0.030398  0.166021 0.124973 1 1 1.000000
chrome
0  -1.318328 -103.488525 14.981577  0.003207 -0.999533 0.030398  0.166021 0.124973 1 1 1.000000
0  -1.361646 -102.815208 15.325397  -0.339691 -0.438665 0.831975  0.166021 0.124973 1 1 1.000000
0  -2.396242 -102.800201 15.079707  -0.140727 -0.429156 0.892200  0.166021 0.135716 1 1 1.000000
chrome
0  -0.654119 -101.520401 21.098061  0.238597 -0.660836 0.711595  0.000000 0.083956 1 1 1.000000
0  -0.846258 -101.433807 21.223877  0.133951 -0.632365 0.763001  0.000000 0.083956 1 1 1.000000
0  -1.097565 -101.832970 20.944622  -0.023317 -0.838757 0.544006  0.000000 0.083956 1 1 1.000000
chrome
0  -13.764283 -101.072151 19.719566  0.262125 -0.951701 0.159860  0.000000 0.333964 1 1 1.000000
0  -13.847029 -101.145477 19.562340  0.304993 -0.912518 0.272564  0.000000 0.333964 1 1 1.000000
0  -13.564893 -100.965446 19.539555  0.565002 -0.824478 0.031749  0.000000 0.333964 1 1 1.000000
chrome
0  2.772789 -103.289360 15.630980  -0.199507 -0.932768 -0.300234  0.166021 0.115207 1 1 1.000000
0  2.649000 -103.034081 15.416831  -0.392720 -0.695232 -0.602016  0.166021 0.115207 1 1 1.000000
0  3.591136 -102.971565 15.105103  -0.124305 -0.641094 -0.757328  0.166021 0.124973 1 1 1.000000
chrome
0  3.591136 -102.971565 15.105103  -0.124305 -0.641094 -0.757328  0.166021 0.124973 1 1 1.000000
0  3.647223 -103.230377 15.301101  0.096163 -0.994702 0.036349  0.166021 0.124973 1 1 1.000000
0  2.772789 -103.289360 15.630980  -0.199507 -0.932768 -0.300234  0.166021 0.115207 1 1 1.000000
chrome
0  2.772789 -103.289360 15.630980  -0.199507 -0.932768 -0.300234  0.166021 0.115207 1 1 1.000000
0  2.261389 -103.246605 16.246494  -0.356941 -0.931193 -0.073977  0.166021 0.104465 1 1 1.000000
0  2.063009 -102.981361 16.110336  -0.678847 -0.681583 -0.273150  0.166021 0.104465 1 1 1.000000
chrome
0  2.063009 -102.981361 16.110336  -0.678847 -0.681583 -0.273150  0.166021 0.104465 1 1 1.000000
0  2.649000 -103.034081 15.416831  -0.392720 -0.695232 -0.602016  0.166021 0.115207 1 1 1.000000
0  2.772789 -103.289360 15.630980  -0.199507 -0.932768 -0.300234  0.166021 0.115207 1 1 1.000000
chrome
0  1.885289 -103.003380 17.602219  -0.342658 -0.929159 0.138742  0.166021 0.088839 1 1 1.000000
0  1.621792 -102.713844 17.599865  -0.725400 -0.686615 0.048529  0.166021 0.088839 1 1 1.000000
0  2.063009 -102.981361 16.110336  -0.678847 -0.681583 -0.273150  0.166021 0.104465 1 1 1.000000
chrome
0  2.063009 -102.981361 16.110336  -0.678847 -0.681583 -0.273150  0.166021 0.104465 1 1 1.000000
0  2.261389 -103.246605 16.246494  -0.356941 -0.931193 -0.073977  0.166021 0.104465 1 1 1.000000
0  1.885289 -103.003380 17.602219  -0.342658 -0.929159 0.138742  0.166021 0.088839 1 1 1.000000
chrome
0  1.804535 -102.620735 18.977276  -0.285711 -0.912950 0.291362  0.083010 0.083956 1 1 1.000000
0  1.510246 -102.319008 19.014355  -0.664528 -0.703143 0.252967  0.083010 0.083956 1 1 1.000000
0  1.621792 -102.713844 17.599865  -0.725400 -0.686615 0.048529  0.166021 0.088839 1 1 1.000000
chrome
0  1.621792 -102.713844 17.599865  -0.725400 -0.686615 0.048529  0.166021 0.088839 1 1 1.000000
0  1.885289 -103.003380 17.602219  -0.342658 -0.929159 0.138742  0.166021 0.088839 1 1 1.000000
0  1.804535 -102.620735 18.977276  -0.285711 -0.912950 0.291362  0.083010 0.083956 1 1 1.000000
chrome
0  1.942665 -102.130295 20.297718  -0.161776 -0.898327 0.408457  0.062502 0.083956 1 1 1.000000
0  1.576263 -101.832275 20.385323  -0.478889 -0.753974 0.449655  0.062502 0.083956 1 1 1.000000
0  1.510246 -102.319008 19.014355  -0.664528 -0.703143 0.252967  0.083010 0.083956 1 1 1.000000
chrome
0  1.510246 -102.319008 19.014355  -0.664528 -0.703143 0.252967  0.083010 0.083956 1 1 1.000000
0  1.804535 -102.620735 18.977276  -0.285711 -0.912950 0.291362  0.083010 0.083956 1 1 1.000000
0  1.942665 -102.130295 20.297718  -0.161776 -0.898327 0.408457  0.062502 0.083956 1 1 1.000000
chrome
0  2.208599 -101.840454 20.867256  -0.054790 -0.870126 0.489774  0.035157 0.081027 1 1 1.000000
0  1.897510 -101.470543 21.110321  -0.367565 -0.714449 0.595365  0.036134 0.081027 1 1 1.000000
0  1.576263 -101.832275 20.385323  -0.478889 -0.753974 0.449655  0.062502 0.083956 1 1 1.000000
chrome
0  1.576263 -101.832275 20.385323  -0.478889 -0.753974 0.449655  0.062502 0.083956 1 1 1.000000
0  1.942665 -102.130295 20.297718  -0.161776 -0.898327 0.408457  0.062502 0.083956 1 1 1.000000
0  2.208599 -101.840454 20.867256  -0.054790 -0.870126 0.489774  0.035157 0.081027 1 1 1.000000
chrome
0  1.897510 -101.470543 21.110321  -0.367565 -0.714449 0.595365  0.036134 0.081027 1 1 1.000000
0  2.208599 -101.840454 20.867256  -0.054790 -0.870126 0.489774  0.035157 0.081027 1 1 1.000000
0  2.006979 -101.382057 21.269299  -0.258080 -0.686651 0.679636  0.000000 0.083956 1 1 1.000000
chrome
0  2.006979 -101.382057 21.269299  -0.258080 -0.686651 0.679636  0.000000 0.083956 1 1 1.000000
0  2.208599 -101.840454 20.867256  -0.054790 -0.870126 0.489774  0.035157 0.081027 1 1 1.000000
0  2.496287 -101.646133 21.175880  0.041595 -0.835920 0.547273  0.000000 0.083956 1 1 1.000000
chrome
0  2.931224 -101.485580 21.369743  0.088318 -0.860933 0.500993  0.000000 0.083956 1 1 1.000000
0  2.675785 -101.016220 21.740776  -0.071016 -0.639722 0.765318  0.000000 0.083956 1 1 1.000000
0  2.171481 -101.276924 21.418064  -0.164361 -0.647877 0.743801  0.000000 0.083956 1 1 1.000000
chrome
0  2.171481 -101.276924 21.418064  -0.164361 -0.647877 0.743801  0.000000 0.083956 1 1 1.000000
0  2.496287 -101.646133 21.175880  0.041595 -0.835920 0.547273  0.000000 0.083956 1 1 1.000000
0  2.931224 -101.485580 21.369743  0.088318 -0.860933 0.500993  0.000000 0.083956 1 1 1.000000
chrome
0  4.066064 -101.261108 21.581139  0.099638 -0.888227 0.448470  0.000000 0.083956 1 1 1.000000
0  3.995564 -100.713181 22.019421  0.003988 -0.624648 0.780896  0.000000 0.083956 1 1 1.000000
0  2.675785 -101.016220 21.740776  -0.071016 -0.639722 0.765318  0.000000 0.083956 1 1 1.000000
chrome
0  2.675785 -101.016220 21.740776  -0.071016 -0.639722 0.765318  0.000000 0.083956 1 1 1.000000
0  2.931224 -101.485580 21.369743  0.088318 -0.860933 0.500993  0.000000 0.083956 1 1 1.000000
0  4.066064 -101.261108 21.581139  0.099638 -0.888227 0.448470  0.000000 0.083956 1 1 1.000000
chrome
0  5.847157 -100.947945 21.765293  0.114894 -0.900909 0.418524  0.000000 0.083956 1 1 1.000000
0  5.829048 -100.383507 22.234570  0.038843 -0.627259 0.777841  0.000000 0.083956 1 1 1.000000
0  3.995564 -100.713181 22.019421  0.003988 -0.624648 0.780896  0.000000 0.083956 1 1 1.000000
chrome
0  3.995564 -100.713181 22.019421  0.003988 -0.624648 0.780896  0.000000 0.083956 1 1 1.000000
0  4.066064 -101.261108 21.581139  0.099638 -0.888227 0.448470  0.000000 0.083956 1 1 1.000000
0  5.847157 -100.947945 21.765293  0.114894 -0.900909 0.418524  0.000000 0.083956 1 1 1.000000
chrome
0  8.832447 -100.448181 21.972103  0.137197 -0.895591 0.423195  0.000000 0.083956 1 1 1.000000
0  8.826627 -99.855522 22.442245  0.075116 -0.618219 0.782408  0.000000 0.083956 1 1 1.000000
0  5.829048 -100.383507 22.234570  0.038843 -0.627259 0.777841  0.000000 0.083956 1 1 1.000000
chrome
0  5.829048 -100.383507 22.234570  0.038843 -0.627259 0.777841  0.000000 0.083956 1 1 1.000000
0  5.847157 -100.947945 21.765293  0.114894 -0.900909 0.418524  0.000000 0.083956 1 1 1.000000
0  8.832447 -100.448181 21.972103  0.137197 -0.895591 0.423195  0.000000 0.083956 1 1 1.000000
chrome
0  11.617609 -99.931320 22.055767  0.151044 -0.889291 0.431680  0.000000 0.333964 1 1 1.000000
0  11.643296 -99.364632 22.486492  0.110667 -0.608951 0.785450  0.000000 0.333964 1 1 1.000000
0  8.826627 -99.855522 22.442245  0.075116 -0.618219 0.782408  0.000000 0.083956 1 1 1.000000
chrome
0  8.826627 -99.855522 22.442245  0.075116 -0.618219 0.782408  0.000000 0.083956 1 1 1.000000
0  8.832447 -100.448181 21.972103  0.137197 -0.895591 0.423195  0.000000 0.083956 1 1 1.000000
0  11.617609 -99.931320 22.055767  0.151044 -0.889291 0.431680  0.000000 0.333964 1 1 1.000000
chrome
0  13.610688 -99.634895 21.963860  0.143444 -0.893582 0.425364  0.000000 0.333964 1 1 1.000000
0  13.677527 -99.066055 22.397228  0.136036 -0.609526 0.781008  0.000000 0.333964 1 1 1.000000
0  11.643296 -99.364632 22.486492  0.110667 -0.608951 0.785450  0.000000 0.333964 1 1 1.000000
chrome
0  11.643296 -99.364632 22.486492  0.110667 -0.608951 0.785450  0.000000 0.333964 1 1 1.000000
0  11.617609 -99.931320 22.055767  0.151044 -0.889291 0.431680  0.000000 0.333964 1 1 1.000000
0  13.610688 -99.634895 21.963860  0.143444 -0.893582 0.425364  0.000000 0.333964 1 1 1.000000
chrome
0  14.496135 -99.547623 21.869228  0.129240 -0.883985 0.449297  0.000000 0.333964 1 1 1.000000
0  14.604126 -98.976639 22.305248  0.159773 -0.619910 0.768234  0.000000 0.333964 1 1 1.000000
0  13.677527 -99.066055 22.397228  0.136036 -0.609526 0.781008  0.000000 0.333964 1 1 1.000000
chrome
0  13.677527 -99.066055 22.397228  0.136036 -0.609526 0.781008  0.000000 0.333964 1 1 1.000000
0  13.610688 -99.634895 21.963860  0.143444 -0.893582 0.425364  0.000000 0.333964 1 1 1.000000
0  14.496135 -99.547623 21.869228  0.129240 -0.883985 0.449297  0.000000 0.333964 1 1 1.000000
chrome
0  14.930897 -99.538895 21.759247  0.157830 -0.855344 0.493434  0.000000 0.333964 1 1 1.000000
0  15.078439 -98.952065 22.211639  0.191202 -0.634314 0.749057  0.000000 0.333964 1 1 1.000000
0  14.604126 -98.976639 22.305248  0.159773 -0.619910 0.768234  0.000000 0.333964 1 1 1.000000
chrome
0  14.604126 -98.976639 22.305248  0.159773 -0.619910 0.768234  0.000000 0.333964 1 1 1.000000
0  14.496135 -99.547623 21.869228  0.129240 -0.883985 0.449297  0.000000 0.333964 1 1 1.000000
0  14.930897 -99.538895 21.759247  0.157830 -0.855344 0.493434  0.000000 0.333964 1 1 1.000000
chrome
0  15.078439 -98.952065 22.211639  0.191202 -0.634314 0.749057  0.000000 0.333964 1 1 1.000000
0  14.930897 -99.538895 21.759247  0.157830 -0.855344 0.493434  0.000000 0.333964 1 1 1.000000
0  15.374983 -98.964294 22.120308  0.271156 -0.664106 0.696733  0.000000 0.333964 1 1 1.000000
chrome
0  15.120345 -99.556709 21.619648  0.209743 -0.848573 0.485727  0.000000 0.333964 1 1 1.000000
0  15.635326 -99.005997 21.971405  0.306041 -0.686996 0.659072  0.000000 0.333964 1 1 1.000000
0  15.374983 -98.964294 22.120308  0.271156 -0.664106 0.696733  0.000000 0.333964 1 1 1.000000
chrome
0  15.374983 -98.964294 22.120308  0.271156 -0.664106 0.696733  0.000000 0.333964 1 1 1.000000
0  14.930897 -99.538895 21.759247  0.157830 -0.855344 0.493434  0.000000 0.333964 1 1 1.000000
0  15.120345 -99.556709 21.619648  0.209743 -0.848573 0.485727  0.000000 0.333964 1 1 1.000000
chrome
0  15.120345 -99.556709 21.619648  0.209743 -0.848573 0.485727  0.000000 0.333964 1 1 1.000000
0  15.258834 -99.618546 21.449078  0.243550 -0.863325 0.441989  0.000000 0.333964 1 1 1.000000
0  15.805153 -99.107574 21.775154  0.383542 -0.730805 0.564641  0.000000 0.333964 1 1 1.000000
chrome
0  15.805153 -99.107574 21.775154  0.383542 -0.730805 0.564641  0.000000 0.333964 1 1 1.000000
0  15.635326 -99.005997 21.971405  0.306041 -0.686996 0.659072  0.000000 0.333964 1 1 1.000000
0  15.120345 -99.556709 21.619648  0.209743 -0.848573 0.485727  0.000000 0.333964 1 1 1.000000
chrome
0  15.805153 -99.107574 21.775154  0.383542 -0.730805 0.564641  0.000000 0.333964 1 1 1.000000
0  15.258834 -99.618546 21.449078  0.243550 -0.863325 0.441989  0.000000 0.333964 1 1 1.000000
0  15.835501 -99.188812 21.583797  0.485092 -0.778459 0.398357  0.000000 0.333964 1 1 1.000000
chrome
0  15.258834 -99.618546 21.449078  0.243550 -0.863325 0.441989  0.000000 0.333964 1 1 1.000000
0  15.336172 -99.724960 21.191708  0.337797 -0.872928 0.351981  0.016602 0.294900 1 1 1.000000
0  15.808337 -99.273026 21.430111  0.545130 -0.781937 0.302337  0.016602 0.294900 1 1 1.000000
chrome
0  15.808337 -99.273026 21.430111  0.545130 -0.781937 0.302337  0.016602 0.294900 1 1 1.000000
0  15.835501 -99.188812 21.583797  0.485092 -0.778459 0.398357  0.000000 0.333964 1 1 1.000000
0  15.258834 -99.618546 21.449078  0.243550 -0.863325 0.441989  0.000000 0.333964 1 1 1.000000
chrome
0  15.336172 -99.724960 21.191708  0.337797 -0.872928 0.351981  0.016602 0.294900 1 1 1.000000
0  15.261444 -100.170586 20.137512  0.431598 -0.864230 0.258515  0.020508 0.291971 1 1 1.000000
0  15.643488 -99.778648 20.107914  0.705261 -0.692940 0.149805  0.020508 0.291971 1 1 1.000000
chrome
0  15.643488 -99.778648 20.107914  0.705261 -0.692940 0.149805  0.020508 0.291971 1 1 1.000000
0  15.808337 -99.273026 21.430111  0.545130 -0.781937 0.302337  0.016602 0.294900 1 1 1.000000
0  15.336172 -99.724960 21.191708  0.337797 -0.872928 0.351981  0.016602 0.294900 1 1 1.000000
chrome
0  15.261444 -100.170586 20.137512  0.431598 -0.864230 0.258515  0.020508 0.291971 1 1 1.000000
0  14.917389 -100.685493 18.817577  0.501902 -0.855102 0.129986  0.041017 0.291971 1 1 1.000000
0  15.246831 -100.254990 18.715744  0.777372 -0.627783 -0.039764  0.041017 0.291971 1 1 1.000000
chrome
0  15.246831 -100.254990 18.715744  0.777372 -0.627783 -0.039764  0.041017 0.291971 1 1 1.000000
0  15.643488 -99.778648 20.107914  0.705261 -0.692940 0.149805  0.020508 0.291971 1 1 1.000000
0  15.261444 -100.170586 20.137512  0.431598 -0.864230 0.258515  0.020508 0.291971 1 1 1.000000
chrome
0  14.917389 -100.685493 18.817577  0.501902 -0.855102 0.129986  0.041017 0.291971 1 1 1.000000
0  14.279610 -101.174316 17.534019  0.477315 -0.878728 -0.002699  0.083010 0.291971 1 1 1.000000
0  14.573025 -100.759499 17.360874  0.733489 -0.639630 -0.229929  0.083010 0.291971 1 1 1.000000
chrome
0  14.573025 -100.759499 17.360874  0.733489 -0.639630 -0.229929  0.083010 0.291971 1 1 1.000000
0  15.246831 -100.254990 18.715744  0.777372 -0.627783 -0.039764  0.041017 0.291971 1 1 1.000000
0  14.917389 -100.685493 18.817577  0.501902 -0.855102 0.129986  0.041017 0.291971 1 1 1.000000
chrome
0  14.279610 -101.174316 17.534019  0.477315 -0.878728 -0.002699  0.083010 0.291971 1 1 1.000000
0  13.778851 -101.393684 16.908215  0.459728 -0.871538 -0.170505  0.125004 0.291971 1 1 1.000000
0  14.005823 -101.023689 16.730682  0.650066 -0.621026 -0.437882  0.125004 0.291971 1 1 1.000000
chrome
0  14.005823 -101.023689 16.730682  0.650066 -0.621026 -0.437882  0.125004 0.291971 1 1 1.000000
0  14.573025 -100.759499 17.360874  0.733489 -0.639630 -0.229929  0.083010 0.291971 1 1 1.000000
0  14.279610 -101.174316 17.534019  0.477315 -0.878728 -0.002699  0.083010 0.291971 1 1 1.000000
chrome
0  13.778851 -101.393684 16.908215  0.459728 -0.871538 -0.170505  0.125004 0.291971 1 1 1.000000
0  13.073874 -101.609787 16.448605  0.379660 -0.876927 -0.294716  0.166021 0.291971 1 1 1.000000
0  13.248453 -101.256302 16.240082  0.501725 -0.608498 -0.614819  0.166021 0.291971 1 1 1.000000
chrome
0  13.248453 -101.256302 16.240082  0.501725 -0.608498 -0.614819  0.166021 0.291971 1 1 1.000000
0  14.005823 -101.023689 16.730682  0.650066 -0.621026 -0.437882  0.125004 0.291971 1 1 1.000000
0  13.778851 -101.393684 16.908215  0.459728 -0.871538 -0.170505  0.125004 0.291971 1 1 1.000000
chrome
0  13.073874 -101.609787 16.448605  0.379660 -0.876927 -0.294716  0.166021 0.291971 1 1 1.000000
0  11.689640 -101.971481 15.931199  0.293368 -0.863807 -0.409601  0.166021 0.249977 1 1 1.000000
0  11.767488 -101.609230 15.716489  0.335447 -0.549927 -0.764889  0.166021 0.249977 1 1 1.000000
chrome
0  11.767488 -101.609230 15.716489  0.335447 -0.549927 -0.764889  0.166021 0.249977 1 1 1.000000
0  13.248453 -101.256302 16.240082  0.501725 -0.608498 -0.614819  0.166021 0.291971 1 1 1.000000
0  13.073874 -101.609787 16.448605  0.379660 -0.876927 -0.294716  0.166021 0.291971 1 1 1.000000
chrome
0  11.689640 -101.971481 15.931199  0.293368 -0.863807 -0.409601  0.166021 0.249977 1 1 1.000000
0  9.350324 -102.437820 15.531489  0.166427 -0.985870 0.019007  0.166021 0.166967 1 1 1.000000
0  9.358373 -102.106743 15.353591  0.201603 -0.486765 -0.849950  0.166021 0.166967 1 1 1.000000
chrome
0  9.358373 -102.106743 15.353591  0.201603 -0.486765 -0.849950  0.166021 0.166967 1 1 1.000000
0  11.767488 -101.609230 15.716489  0.335447 -0.549927 -0.764889  0.166021 0.249977 1 1 1.000000
0  11.689640 -101.971481 15.931199  0.293368 -0.863807 -0.409601  0.166021 0.249977 1 1 1.000000
chrome
0  9.350324 -102.437820 15.531489  0.166427 -0.985870 0.019007  0.166021 0.166967 1 1 1.000000
0  6.583582 -102.857338 15.297549  0.152213 -0.986403 0.061964  0.166021 0.146458 1 1 1.000000
0  6.580936 -102.568176 15.105060  0.147512 -0.542458 -0.827031  0.166021 0.146458 1 1 1.000000
chrome
0  6.580936 -102.568176 15.105060  0.147512 -0.542458 -0.827031  0.166021 0.146458 1 1 1.000000
0  9.358373 -102.106743 15.353591  0.201603 -0.486765 -0.849950  0.166021 0.166967 1 1 1.000000
0  9.350324 -102.437820 15.531489  0.166427 -0.985870 0.019007  0.166021 0.166967 1 1 1.000000
chrome
0  6.583582 -102.857338 15.297549  0.152213 -0.986403 0.061964  0.166021 0.146458 1 1 1.000000
0  4.753360 -103.104095 15.179374  0.099264 -0.910036 -0.402469  0.166021 0.135716 1 1 1.000000
0  4.711706 -102.858307 14.984262  0.054252 -0.615993 -0.785881  0.166021 0.135716 1 1 1.000000
chrome
0  4.711706 -102.858307 14.984262  0.054252 -0.615993 -0.785881  0.166021 0.135716 1 1 1.000000
0  6.580936 -102.568176 15.105060  0.147512 -0.542458 -0.827031  0.166021 0.146458 1 1 1.000000
0  6.583582 -102.857338 15.297549  0.152213 -0.986403 0.061964  0.166021 0.146458 1 1 1.000000
chrome
0  4.753360 -103.104095 15.179374  0.099264 -0.910036 -0.402469  0.166021 0.135716 1 1 1.000000
0  3.647223 -103.230377 15.301101  0.096163 -0.994702 0.036349  0.166021 0.124973 1 1 1.000000
0  3.591136 -102.971565 15.105103  -0.124305 -0.641094 -0.757328  0.166021 0.124973 1 1 1.000000
chrome
0  3.591136 -102.971565 15.105103  -0.124305 -0.641094 -0.757328  0.166021 0.124973 1 1 1.000000
0  4.711706 -102.858307 14.984262  0.054252 -0.615993 -0.785881  0.166021 0.135716 1 1 1.000000
0  4.753360 -103.104095 15.179374  0.099264 -0.910036 -0.402469  0.166021 0.135716 1 1 1.000000
chrome
0  3.576472 -102.558479 15.643157  0.274027 -0.406751 0.871472  0.166021 0.124973 1 1 1.000000
0  2.828682 -102.638466 15.953530  0.589002 -0.355697 0.725642  0.166021 0.115207 1 1 1.000000
0  2.795981 -103.274338 15.687678  0.350256 -0.803896 0.480700  0.166021 0.115207 1 1 1.000000
chrome
0  2.795981 -103.274338 15.687678  0.350256 -0.803896 0.480700  0.166021 0.115207 1 1 1.000000
0  3.647223 -103.230377 15.301101  0.096163 -0.994702 0.036349  0.166021 0.124973 1 1 1.000000
0  3.576472 -102.558479 15.643157  0.274027 -0.406751 0.871472  0.166021 0.124973 1 1 1.000000
chrome
0  2.828682 -102.638466 15.953530  0.589002 -0.355697 0.725642  0.166021 0.115207 1 1 1.000000
0  2.423213 -102.645409 16.465370  0.847329 -0.322477 0.421950  0.166021 0.104465 1 1 1.000000
0  2.300776 -103.244537 16.276615  0.498739 -0.783530 0.370594  0.166021 0.104465 1 1 1.000000
chrome
0  2.300776 -103.244537 16.276615  0.498739 -0.783530 0.370594  0.166021 0.104465 1 1 1.000000
0  2.795981 -103.274338 15.687678  0.350256 -0.803896 0.480700  0.166021 0.115207 1 1 1.000000
0  2.828682 -102.638466 15.953530  0.589002 -0.355697 0.725642  0.166021 0.115207 1 1 1.000000
chrome
0  2.423213 -102.645409 16.465370  0.847329 -0.322477 0.421950  0.166021 0.104465 1 1 1.000000
0  2.100148 -102.509743 17.727669  0.916948 -0.347522 0.196049  0.166021 0.088839 1 1 1.000000
0  1.939275 -103.000565 17.619484  0.592106 -0.757794 0.274151  0.166021 0.088839 1 1 1.000000
chrome
0  1.939275 -103.000565 17.619484  0.592106 -0.757794 0.274151  0.166021 0.088839 1 1 1.000000
0  2.300776 -103.244537 16.276615  0.498739 -0.783530 0.370594  0.166021 0.104465 1 1 1.000000
0  2.423213 -102.645409 16.465370  0.847329 -0.322477 0.421950  0.166021 0.104465 1 1 1.000000
chrome
0  2.100148 -102.509743 17.727669  0.916948 -0.347522 0.196049  0.166021 0.088839 1 1 1.000000
0  2.025443 -102.209496 19.075314  0.915260 -0.395803 0.075093  0.083010 0.083956 1 1 1.000000
0  1.858521 -102.617920 18.994541  0.613239 -0.753117 0.238226  0.083010 0.083956 1 1 1.000000
chrome
0  1.858521 -102.617920 18.994541  0.613239 -0.753117 0.238226  0.083010 0.083956 1 1 1.000000
0  1.939275 -103.000565 17.619484  0.592106 -0.757794 0.274151  0.166021 0.088839 1 1 1.000000
0  2.100148 -102.509743 17.727669  0.916948 -0.347522 0.196049  0.166021 0.088839 1 1 1.000000
chrome
0  2.025443 -102.209496 19.075314  0.915260 -0.395803 0.075093  0.083010 0.083956 1 1 1.000000
0  2.201466 -101.799850 20.301426  0.845272 -0.530989 -0.059713  0.062502 0.083956 1 1 1.000000
0  2.011419 -102.112946 20.288387  0.587640 -0.786385 0.190468  0.062502 0.083956 1 1 1.000000
chrome
0  2.011419 -102.112946 20.288387  0.587640 -0.786385 0.190468  0.062502 0.083956 1 1 1.000000
0  1.858521 -102.617920 18.994541  0.613239 -0.753117 0.238226  0.083010 0.083956 1 1 1.000000
0  2.025443 -102.209496 19.075314  0.915260 -0.395803 0.075093  0.083010 0.083956 1 1 1.000000
chrome
0  2.201466 -101.799850 20.301426  0.845272 -0.530989 -0.059713  0.062502 0.083956 1 1 1.000000
0  2.410322 -101.581978 20.742973  0.761322 -0.596870 -0.253249  0.036134 0.081027 1 1 1.000000
0  2.252396 -101.838196 20.828697  0.582177 -0.809986 0.070662  0.036134 0.081027 1 1 1.000000
chrome
0  2.252396 -101.838196 20.828697  0.582177 -0.809986 0.070662  0.036134 0.081027 1 1 1.000000
0  2.011419 -102.112946 20.288387  0.587640 -0.786385 0.190468  0.062502 0.083956 1 1 1.000000
0  2.201466 -101.799850 20.301426  0.845272 -0.530989 -0.059713  0.062502 0.083956 1 1 1.000000
chrome
0  2.410322 -101.581978 20.742973  0.761322 -0.596870 -0.253249  0.036134 0.081027 1 1 1.000000
0  2.652171 -101.445236 20.951962  0.597025 -0.670474 -0.440484  0.000000 0.083956 1 1 1.000000
0  2.540083 -101.643883 21.137321  0.480527 -0.873920 -0.073201  0.000000 0.083956 1 1 1.000000
chrome
0  2.540083 -101.643883 21.137321  0.480527 -0.873920 -0.073201  0.000000 0.083956 1 1 1.000000
0  2.252396 -101.838196 20.828697  0.582177 -0.809986 0.070662  0.036134 0.081027 1 1 1.000000
0  2.410322 -101.581978 20.742973  0.761322 -0.596870 -0.253249  0.036134 0.081027 1 1 1.000000
chrome
0  2.652171 -101.445236 20.951962  0.597025 -0.670474 -0.440484  0.000000 0.083956 1 1 1.000000
0  3.044193 -101.286880 21.170643  0.392340 -0.640393 -0.660278  0.000000 0.083956 1 1 1.000000
0  2.962185 -101.484009 21.316570  0.359509 -0.891743 -0.274859  0.000000 0.083956 1 1 1.000000
chrome
0  2.962185 -101.484009 21.316570  0.359509 -0.891743 -0.274859  0.000000 0.083956 1 1 1.000000
0  2.540083 -101.643883 21.137321  0.480527 -0.873920 -0.073201  0.000000 0.083956 1 1 1.000000
0  2.652171 -101.445236 20.951962  0.597025 -0.670474 -0.440484  0.000000 0.083956 1 1 1.000000
chrome
0  3.044193 -101.286880 21.170643  0.392340 -0.640393 -0.660278  0.000000 0.083956 1 1 1.000000
0  4.082846 -101.081184 21.389599  0.231513 -0.591600 -0.772276  0.000000 0.083956 1 1 1.000000
0  4.069592 -101.260971 21.526192  0.233508 -0.880185 -0.413217  0.000000 0.083956 1 1 1.000000
chrome
0  4.069592 -101.260971 21.526192  0.233508 -0.880185 -0.413217  0.000000 0.083956 1 1 1.000000
0  2.962185 -101.484009 21.316570  0.359509 -0.891743 -0.274859  0.000000 0.083956 1 1 1.000000
0  3.044193 -101.286880 21.170643  0.392340 -0.640393 -0.660278  0.000000 0.083956 1 1 1.000000
chrome
0  4.082846 -101.081184 21.389599  0.231513 -0.591600 -0.772276  0.000000 0.083956 1 1 1.000000
0  5.808021 -100.784698 21.597713  0.170521 -0.541108 -0.823483  0.000000 0.083956 1 1 1.000000
0  5.849803 -100.947838 21.724087  0.190163 -0.857765 -0.477574  0.000000 0.083956 1 1 1.000000
chrome
0  5.849803 -100.947838 21.724087  0.190163 -0.857765 -0.477574  0.000000 0.083956 1 1 1.000000
0  4.069592 -101.260971 21.526192  0.233508 -0.880185 -0.413217  0.000000 0.083956 1 1 1.000000
0  4.082846 -101.081184 21.389599  0.231513 -0.591600 -0.772276  0.000000 0.083956 1 1 1.000000
chrome
0  5.808021 -100.784698 21.597713  0.170521 -0.541108 -0.823483  0.000000 0.083956 1 1 1.000000
0  8.847466 -100.268341 21.808041  0.136330 -0.555570 -0.820217  0.000000 0.083956 1 1 1.000000
0  8.835974 -100.448036 21.917160  0.177253 -0.864057 -0.471154  0.000000 0.083956 1 1 1.000000
chrome
0  8.835974 -100.448036 21.917160  0.177253 -0.864057 -0.471154  0.000000 0.083956 1 1 1.000000
0  5.849803 -100.947838 21.724087  0.190163 -0.857765 -0.477574  0.000000 0.083956 1 1 1.000000
0  5.808021 -100.784698 21.597713  0.170521 -0.541108 -0.823483  0.000000 0.083956 1 1 1.000000
chrome
0  8.847466 -100.268341 21.808041  0.136330 -0.555570 -0.820217  0.000000 0.083956 1 1 1.000000
0  11.605907 -99.766655 21.889950  0.083872 -0.556923 -0.826318  0.000000 0.333964 1 1 1.000000
0  11.607420 -99.931885 21.999947  0.143470 -0.868027 -0.475336  0.000000 0.333964 1 1 1.000000
chrome
0  11.607420 -99.931885 21.999947  0.143470 -0.868027 -0.475336  0.000000 0.333964 1 1 1.000000
0  8.835974 -100.448036 21.917160  0.177253 -0.864057 -0.471154  0.000000 0.083956 1 1 1.000000
0  8.847466 -100.268341 21.808041  0.136330 -0.555570 -0.820217  0.000000 0.083956 1 1 1.000000
chrome
0  11.605907 -99.766655 21.889950  0.083872 -0.556923 -0.826318  0.000000 0.333964 1 1 1.000000
0  13.584557 -99.457199 21.797146  0.002985 -0.559792 -0.828628  0.000000 0.333964 1 1 1.000000
0  13.599618 -99.635498 21.921772  0.073497 -0.870579 -0.486509  0.000000 0.333964 1 1 1.000000
chrome
0  13.599618 -99.635498 21.921772  0.073497 -0.870579 -0.486509  0.000000 0.333964 1 1 1.000000
0  11.607420 -99.931885 21.999947  0.143470 -0.868027 -0.475336  0.000000 0.333964 1 1 1.000000
0  11.605907 -99.766655 21.889950  0.083872 -0.556923 -0.826318  0.000000 0.333964 1 1 1.000000
chrome
0  13.584557 -99.457199 21.797146  0.002985 -0.559792 -0.828628  0.000000 0.333964 1 1 1.000000
0  14.457170 -99.370598 21.687901  -0.207281 -0.622697 -0.754509  0.000000 0.333964 1 1 1.000000
0  14.485946 -99.548187 21.813408  -0.053951 -0.916553 -0.396257  0.000000 0.333964 1 1 1.000000
chrome
0  14.485946 -99.548187 21.813408  -0.053951 -0.916553 -0.396257  0.000000 0.333964 1 1 1.000000
0  13.599618 -99.635498 21.921772  0.073497 -0.870579 -0.486509  0.000000 0.333964 1 1 1.000000
0  13.584557 -99.457199 21.797146  0.002985 -0.559792 -0.828628  0.000000 0.333964 1 1 1.000000
chrome
0  14.757068 -99.396461 21.555374  -0.444540 -0.788790 -0.424494  0.000000 0.333964 1 1 1.000000
0  14.878675 -99.541634 21.714508  -0.163686 -0.982754 -0.086035  0.000000 0.333964 1 1 1.000000
0  14.485946 -99.548187 21.813408  -0.053951 -0.916553 -0.396257  0.000000 0.333964 1 1 1.000000
chrome
0  14.485946 -99.548187 21.813408  -0.053951 -0.916553 -0.396257  0.000000 0.333964 1 1 1.000000
0  14.457170 -99.370598 21.687901  -0.207281 -0.622697 -0.754509  0.000000 0.333964 1 1 1.000000
0  14.757068 -99.396461 21.555374  -0.444540 -0.788790 -0.424494  0.000000 0.333964 1 1 1.000000
chrome
0  14.884150 -99.486450 21.370201  -0.476242 -0.878607 -0.035259  0.000000 0.333964 1 1 1.000000
0  15.068837 -99.573196 21.574924  -0.179547 -0.976348 0.120442  0.000000 0.333964 1 1 1.000000
0  14.878675 -99.541634 21.714508  -0.163686 -0.982754 -0.086035  0.000000 0.333964 1 1 1.000000
chrome
0  14.878675 -99.541634 21.714508  -0.163686 -0.982754 -0.086035  0.000000 0.333964 1 1 1.000000
0  14.757068 -99.396461 21.555374  -0.444540 -0.788790 -0.424494  0.000000 0.333964 1 1 1.000000
0  14.884150 -99.486450 21.370201  -0.476242 -0.878607 -0.035259  0.000000 0.333964 1 1 1.000000
chrome
0  14.986777 -99.550201 21.114567  -0.532694 -0.822197 0.200571  0.016602 0.294900 1 1 1.000000
0  15.255466 -99.742943 21.172688  -0.282423 -0.898908 0.334966  0.016602 0.294900 1 1 1.000000
0  15.178128 -99.636536 21.430058  -0.242774 -0.940818 0.236479  0.000000 0.333964 1 1 1.000000
chrome
0  15.178128 -99.636536 21.430058  -0.242774 -0.940818 0.236479  0.000000 0.333964 1 1 1.000000
0  14.884150 -99.486450 21.370201  -0.476242 -0.878607 -0.035259  0.000000 0.333964 1 1 1.000000
0  14.986777 -99.550201 21.114567  -0.532694 -0.822197 0.200571  0.016602 0.294900 1 1 1.000000
chrome
0  14.929195 -99.898415 20.144485  -0.664999 -0.655416 0.358058  0.020508 0.291971 1 1 1.000000
0  15.191977 -100.174187 20.146832  -0.329208 -0.855145 0.400436  0.020508 0.291971 1 1 1.000000
0  15.255466 -99.742943 21.172688  -0.282423 -0.898908 0.334966  0.016602 0.294900 1 1 1.000000
chrome
0  15.255466 -99.742943 21.172688  -0.282423 -0.898908 0.334966  0.016602 0.294900 1 1 1.000000
0  14.986777 -99.550201 21.114567  -0.532694 -0.822197 0.200571  0.016602 0.294900 1 1 1.000000
0  14.929195 -99.898415 20.144485  -0.664999 -0.655416 0.358058  0.020508 0.291971 1 1 1.000000
chrome
0  14.573254 -100.303619 18.920628  -0.664793 -0.593151 0.454117  0.041017 0.291971 1 1 1.000000
0  14.860758 -100.688423 18.841515  -0.290987 -0.852387 0.434468  0.041017 0.291971 1 1 1.000000
0  15.191977 -100.174187 20.146832  -0.329208 -0.855145 0.400436  0.020508 0.291971 1 1 1.000000
chrome
0  15.191977 -100.174187 20.146832  -0.329208 -0.855145 0.400436  0.020508 0.291971 1 1 1.000000
0  14.929195 -99.898415 20.144485  -0.664999 -0.655416 0.358058  0.020508 0.291971 1 1 1.000000
0  14.573254 -100.303619 18.920628  -0.664793 -0.593151 0.454117  0.041017 0.291971 1 1 1.000000
chrome
0  13.966335 -100.694283 17.722065  -0.614098 -0.536668 0.578681  0.083010 0.291971 1 1 1.000000
0  14.235098 -101.162811 17.572567  -0.257260 -0.838117 0.481018  0.083010 0.291971 1 1 1.000000
0  14.860758 -100.688423 18.841515  -0.290987 -0.852387 0.434468  0.041017 0.291971 1 1 1.000000
chrome
0  14.860758 -100.688423 18.841515  -0.290987 -0.852387 0.434468  0.041017 0.291971 1 1 1.000000
0  14.573254 -100.303619 18.920628  -0.664793 -0.593151 0.454117  0.041017 0.291971 1 1 1.000000
0  13.966335 -100.694283 17.722065  -0.614098 -0.536668 0.578681  0.083010 0.291971 1 1 1.000000
chrome
0  13.498580 -100.856781 17.181286  -0.471325 -0.515158 0.715866  0.125004 0.291971 1 1 1.000000
0  13.735051 -101.395935 16.946774  -0.140241 -0.845723 0.514865  0.125004 0.291971 1 1 1.000000
0  14.235098 -101.162811 17.572567  -0.257260 -0.838117 0.481018  0.083010 0.291971 1 1 1.000000
chrome
0  14.235098 -101.162811 17.572567  -0.257260 -0.838117 0.481018  0.083010 0.291971 1 1 1.000000
0  13.966335 -100.694283 17.722065  -0.614098 -0.536668 0.578681  0.083010 0.291971 1 1 1.000000
0  13.498580 -100.856781 17.181286  -0.471325 -0.515158 0.715866  0.125004 0.291971 1 1 1.000000
chrome
0  12.804129 -101.044746 16.750011  -0.279393 -0.495202 0.822626  0.166021 0.291971 1 1 1.000000
0  13.043793 -101.611320 16.488045  -0.033263 -0.840261 0.541161  0.166021 0.291971 1 1 1.000000
0  13.735051 -101.395935 16.946774  -0.140241 -0.845723 0.514865  0.125004 0.291971 1 1 1.000000
chrome
0  13.735051 -101.395935 16.946774  -0.140241 -0.845723 0.514865  0.125004 0.291971 1 1 1.000000
0  13.498580 -100.856781 17.181286  -0.471325 -0.515158 0.715866  0.125004 0.291971 1 1 1.000000
0  12.804129 -101.044746 16.750011  -0.279393 -0.495202 0.822626  0.166021 0.291971 1 1 1.000000
chrome
0  11.482978 -101.347984 16.278191  -0.138314 -0.465765 0.874032  0.166021 0.249977 1 1 1.000000
0  11.659560 -101.973015 15.970643  0.040876 -0.839621 0.541632  0.166021 0.249977 1 1 1.000000
0  13.043793 -101.611320 16.488045  -0.033263 -0.840261 0.541161  0.166021 0.291971 1 1 1.000000
chrome
0  13.043793 -101.611320 16.488045  -0.033263 -0.840261 0.541161  0.166021 0.291971 1 1 1.000000
0  12.804129 -101.044746 16.750011  -0.279393 -0.495202 0.822626  0.166021 0.291971 1 1 1.000000
0  11.482978 -101.347984 16.278191  -0.138314 -0.465765 0.874032  0.166021 0.249977 1 1 1.000000
chrome
0  9.265142 -101.752884 15.872651  -0.045302 -0.447821 0.892975  0.166021 0.166967 1 1 1.000000
0  9.350324 -102.437820 15.531489  0.166427 -0.985870 0.019007  0.166021 0.166967 1 1 1.000000
0  11.659560 -101.973015 15.970643  0.040876 -0.839621 0.541632  0.166021 0.249977 1 1 1.000000
chrome
0  11.659560 -101.973015 15.970643  0.040876 -0.839621 0.541632  0.166021 0.249977 1 1 1.000000
0  11.482978 -101.347984 16.278191  -0.138314 -0.465765 0.874032  0.166021 0.249977 1 1 1.000000
0  9.265142 -101.752884 15.872651  -0.045302 -0.447821 0.892975  0.166021 0.166967 1 1 1.000000
chrome
0  6.473277 -102.201302 15.623229  0.005153 -0.442476 0.896766  0.166021 0.146458 1 1 1.000000
0  6.583582 -102.857338 15.297549  0.152213 -0.986403 0.061964  0.166021 0.146458 1 1 1.000000
0  9.350324 -102.437820 15.531489  0.166427 -0.985870 0.019007  0.166021 0.166967 1 1 1.000000
chrome
0  9.350324 -102.437820 15.531489  0.166427 -0.985870 0.019007  0.166021 0.166967 1 1 1.000000
0  9.265142 -101.752884 15.872651  -0.045302 -0.447821 0.892975  0.166021 0.166967 1 1 1.000000
0  6.473277 -102.201302 15.623229  0.005153 -0.442476 0.896766  0.166021 0.146458 1 1 1.000000
chrome
0  6.473277 -102.201302 15.623229  0.005153 -0.442476 0.896766  0.166021 0.146458 1 1 1.000000
0  4.626859 -102.435089 15.531632  0.069090 -0.418246 0.905702  0.166021 0.135716 1 1 1.000000
0  4.750714 -103.104202 15.220581  0.107064 -0.811361 0.574658  0.166021 0.135716 1 1 1.000000
chrome
0  4.750714 -103.104202 15.220581  0.107064 -0.811361 0.574658  0.166021 0.135716 1 1 1.000000
0  6.583582 -102.857338 15.297549  0.152213 -0.986403 0.061964  0.166021 0.146458 1 1 1.000000
0  6.473277 -102.201302 15.623229  0.005153 -0.442476 0.896766  0.166021 0.146458 1 1 1.000000
chrome
0  4.626859 -102.435089 15.531632  0.069090 -0.418246 0.905702  0.166021 0.135716 1 1 1.000000
0  3.576472 -102.558479 15.643157  0.274027 -0.406751 0.871472  0.166021 0.124973 1 1 1.000000
0  3.647223 -103.230377 15.301101  0.096163 -0.994702 0.036349  0.166021 0.124973 1 1 1.000000
chrome
0  3.647223 -103.230377 15.301101  0.096163 -0.994702 0.036349  0.166021 0.124973 1 1 1.000000
0  4.750714 -103.104202 15.220581  0.107064 -0.811361 0.574658  0.166021 0.135716 1 1 1.000000
0  4.626859 -102.435089 15.531632  0.069090 -0.418246 0.905702  0.166021 0.135716 1 1 1.000000
chrome
0  2.006979 -101.382057 21.269299  -0.258018 -0.686621 0.679690  0.000000 0.083956 1 1 1.000000
0  2.496287 -101.646133 21.175880  0.041595 -0.835920 0.547273  0.000000 0.083956 1 1 1.000000
0  2.171481 -101.276924 21.418064  -0.164361 -0.647877 0.743801  0.000000 0.083956 1 1 1.000000
chrome
0  15.068837 -99.573196 21.574924  -0.179547 -0.976348 0.120442  0.000000 0.333964 1 1 1.000000
0  14.884150 -99.486450 21.370201  -0.476242 -0.878607 -0.035259  0.000000 0.333964 1 1 1.000000
0  15.178128 -99.636536 21.430058  -0.242774 -0.940818 0.236479  0.000000 0.333964 1 1 1.000000
chrome
0  2.793998 -102.543915 15.772254  0.049484 -0.998067 0.037591  0.951201 0.213843 1 1 1.000000
0  2.958602 -102.535355 15.782845  0.049474 -0.998060 0.037783  0.978545 0.214820 1 1 1.000000
0  2.872222 -102.469788 17.501503  0.046512 -0.995591 0.081461  0.978545 0.449202 1 1 1.000000
chrome
0  2.872222 -102.469788 17.501503  0.046512 -0.995591 0.081461  0.978545 0.449202 1 1 1.000000
0  2.707618 -102.478340 17.490913  0.046538 -0.995649 0.080728  0.951201 0.449202 1 1 1.000000
0  2.793998 -102.543915 15.772254  0.049484 -0.998067 0.037591  0.951201 0.213843 1 1 1.000000
chrome
0  2.622808 -102.316429 18.892708  0.036382 -0.974353 0.222066  0.951201 0.640614 1 1 1.000000
0  2.707618 -102.478340 17.490913  0.046538 -0.995649 0.080728  0.951201 0.449202 1 1 1.000000
0  2.872222 -102.469788 17.501503  0.046512 -0.995591 0.081461  0.978545 0.449202 1 1 1.000000
chrome
0  2.872222 -102.469788 17.501503  0.046512 -0.995591 0.081461  0.978545 0.449202 1 1 1.000000
0  2.787412 -102.307869 18.903301  0.036282 -0.973985 0.223689  0.978545 0.641591 1 1 1.000000
0  2.622808 -102.316429 18.892708  0.036382 -0.974353 0.222066  0.951201 0.640614 1 1 1.000000
chrome
0  2.537771 -101.851318 20.267712  0.020002 -0.906409 0.421927  0.951201 0.828120 1 1 1.000000
0  2.688658 -101.843468 20.277420  0.019860 -0.905644 0.423574  0.978545 0.828120 1 1 1.000000
0  2.630307 -101.391190 21.033451  0.010790 -0.853287 0.521331  0.978545 0.930662 1 1 1.000000
chrome
0  2.630307 -101.391190 21.033451  0.010790 -0.853287 0.521331  0.978545 0.930662 1 1 1.000000
0  2.465703 -101.399742 21.022858  0.010787 -0.853286 0.521331  0.951201 0.930662 1 1 1.000000
0  2.537771 -101.851318 20.267712  0.020002 -0.906409 0.421927  0.951201 0.828120 1 1 1.000000
chrome
0  2.537771 -101.851318 20.267712  0.020002 -0.906409 0.421927  0.951201 0.828120 1 1 1.000000
0  2.622808 -102.316429 18.892708  0.036382 -0.974353 0.222066  0.951201 0.640614 1 1 1.000000
0  2.787412 -102.307869 18.903301  0.036282 -0.973985 0.223689  0.978545 0.641591 1 1 1.000000
chrome
0  2.787412 -102.307869 18.903301  0.036282 -0.973985 0.223689  0.978545 0.641591 1 1 1.000000
0  2.688658 -101.843468 20.277420  0.019860 -0.905644 0.423574  0.978545 0.828120 1 1 1.000000
0  2.537771 -101.851318 20.267712  0.020002 -0.906409 0.421927  0.951201 0.828120 1 1 1.000000
chrome
0  3.660831 -102.457703 15.538507  0.049853 -0.998245 0.031967  0.951201 0.176733 1 1 1.000000
0  3.825435 -102.449142 15.549098  0.049854 -0.998243 0.032015  0.978545 0.176733 1 1 1.000000
0  3.734964 -102.397377 17.557095  0.046804 -0.995976 0.076423  0.978545 0.451155 1 1 1.000000
chrome
0  3.734964 -102.397377 17.557095  0.046804 -0.995976 0.076423  0.978545 0.451155 1 1 1.000000
0  3.584078 -102.405212 17.547382  0.046890 -0.996072 0.075108  0.951201 0.451155 1 1 1.000000
0  3.660831 -102.457703 15.538507  0.049853 -0.998245 0.031967  0.951201 0.176733 1 1 1.000000
chrome
0  3.512271 -102.228836 18.950054  0.036736 -0.975535 0.216755  0.951201 0.642567 1 1 1.000000
0  3.584078 -102.405212 17.547382  0.046890 -0.996072 0.075108  0.951201 0.451155 1 1 1.000000
0  3.734964 -102.397377 17.557095  0.046804 -0.995976 0.076423  0.978545 0.451155 1 1 1.000000
chrome
0  3.734964 -102.397377 17.557095  0.046804 -0.995976 0.076423  0.978545 0.451155 1 1 1.000000
0  3.676874 -102.220284 18.960648  0.036542 -0.974963 0.219345  0.978545 0.642567 1 1 1.000000
0  3.512271 -102.228836 18.950054  0.036736 -0.975535 0.216755  0.951201 0.642567 1 1 1.000000
chrome
0  3.427948 -101.777473 20.325066  0.019417 -0.903263 0.428648  0.951201 0.829096 1 1 1.000000
0  3.592551 -101.768913 20.335659  0.019172 -0.901922 0.431474  0.978545 0.833003 1 1 1.000000
0  3.507447 -101.124878 21.352535  0.009110 -0.842086 0.539266  0.978545 0.967772 1 1 1.000000
chrome
0  3.507447 -101.124878 21.352535  0.009110 -0.842086 0.539266  0.978545 0.967772 1 1 1.000000
0  3.356560 -101.132729 21.342827  0.009108 -0.842061 0.539306  0.951201 0.967772 1 1 1.000000
0  3.427948 -101.777473 20.325066  0.019417 -0.903263 0.428648  0.951201 0.829096 1 1 1.000000
chrome
0  3.427948 -101.777473 20.325066  0.019417 -0.903263 0.428648  0.951201 0.829096 1 1 1.000000
0  3.512271 -102.228836 18.950054  0.036736 -0.975535 0.216755  0.951201 0.642567 1 1 1.000000
0  3.676874 -102.220284 18.960648  0.036542 -0.974963 0.219345  0.978545 0.642567 1 1 1.000000
chrome
0  3.676874 -102.220284 18.960648  0.036542 -0.974963 0.219345  0.978545 0.642567 1 1 1.000000
0  3.592551 -101.768913 20.335659  0.019172 -0.901922 0.431474  0.978545 0.833003 1 1 1.000000
0  3.427948 -101.777473 20.325066  0.019417 -0.903263 0.428648  0.951201 0.829096 1 1 1.000000
chrome
0  4.516198 -102.371956 15.483319  0.049817 -0.998249 0.031905  0.951201 0.164037 1 1 1.000000
0  4.680801 -102.363403 15.493913  0.049790 -0.998238 0.032288  0.978545 0.164037 1 1 1.000000
0  4.609997 -102.296753 17.613548  0.046901 -0.996001 0.076044  0.978545 0.452132 1 1 1.000000
chrome
0  4.609997 -102.296753 17.613548  0.046901 -0.996001 0.076044  0.978545 0.452132 1 1 1.000000
0  4.445394 -102.305313 17.602955  0.046992 -0.996096 0.074730  0.951201 0.452132 1 1 1.000000
0  4.516198 -102.371956 15.483319  0.049817 -0.998249 0.031905  0.951201 0.164037 1 1 1.000000
chrome
0  4.388017 -102.141968 19.006516  0.036838 -0.975683 0.216070  0.951201 0.644520 1 1 1.000000
0  4.445394 -102.305313 17.602955  0.046992 -0.996096 0.074730  0.951201 0.452132 1 1 1.000000
0  4.609997 -102.296753 17.613548  0.046901 -0.996001 0.076044  0.978545 0.452132 1 1 1.000000
chrome
0  4.609997 -102.296753 17.613548  0.046901 -0.996001 0.076044  0.978545 0.452132 1 1 1.000000
0  4.552620 -102.133408 19.017109  0.036578 -0.974928 0.219495  0.978545 0.644520 1 1 1.000000
0  4.388017 -102.141968 19.006516  0.036838 -0.975683 0.216070  0.951201 0.644520 1 1 1.000000
chrome
0  4.317411 -101.689888 20.382412  0.019282 -0.902578 0.430094  0.951201 0.831050 1 1 1.000000
0  4.482014 -101.681328 20.393005  0.018928 -0.900668 0.434096  0.978545 0.831050 1 1 1.000000
0  4.403361 -100.981781 21.479408  0.008740 -0.839779 0.542859  0.978545 0.978515 1 1 1.000000
chrome
0  4.403361 -100.981781 21.479408  0.008740 -0.839779 0.542859  0.978545 0.978515 1 1 1.000000
0  4.238757 -100.990341 21.468815  0.008729 -0.839701 0.542979  0.951201 0.978515 1 1 1.000000
0  4.317411 -101.689888 20.382412  0.019282 -0.902578 0.430094  0.951201 0.831050 1 1 1.000000
chrome
0  4.317411 -101.689888 20.382412  0.019282 -0.902578 0.430094  0.951201 0.831050 1 1 1.000000
0  4.388017 -102.141968 19.006516  0.036838 -0.975683 0.216070  0.951201 0.644520 1 1 1.000000
0  4.552620 -102.133408 19.017109  0.036578 -0.974928 0.219495  0.978545 0.644520 1 1 1.000000
chrome
0  4.552620 -102.133408 19.017109  0.036578 -0.974928 0.219495  0.978545 0.644520 1 1 1.000000
0  4.482014 -101.681328 20.393005  0.018928 -0.900668 0.434096  0.978545 0.831050 1 1 1.000000
0  4.317411 -101.689888 20.382412  0.019282 -0.902578 0.430094  0.951201 0.831050 1 1 1.000000
chrome
0  5.377514 -102.272057 15.538892  0.050136 -0.998346 0.028122  0.951201 0.165990 1 1 1.000000
0  5.542118 -102.263496 15.549483  0.050139 -0.998346 0.028121  0.978545 0.165990 1 1 1.000000
0  5.485028 -102.196136 17.670002  0.047090 -0.996245 0.072653  0.978545 0.454085 1 1 1.000000
chrome
0  5.485028 -102.196136 17.670002  0.047090 -0.996245 0.072653  0.978545 0.454085 1 1 1.000000
0  5.320425 -102.204689 17.659409  0.047213 -0.996373 0.070799  0.951201 0.454085 1 1 1.000000
0  5.377514 -102.272057 15.538892  0.050136 -0.998346 0.028122  0.951201 0.165990 1 1 1.000000
chrome
0  5.277478 -102.054367 19.063862  0.037169 -0.976645 0.211619  0.951201 0.645497 1 1 1.000000
0  5.320425 -102.204689 17.659409  0.047213 -0.996373 0.070799  0.951201 0.454085 1 1 1.000000
0  5.485028 -102.196136 17.670002  0.047090 -0.996245 0.072653  0.978545 0.454085 1 1 1.000000
chrome
0  5.485028 -102.196136 17.670002  0.047090 -0.996245 0.072653  0.978545 0.454085 1 1 1.000000
0  5.442084 -102.045807 19.074455  0.036801 -0.975592 0.216485  0.978545 0.646474 1 1 1.000000
0  5.277478 -102.054367 19.063862  0.037169 -0.976645 0.211619  0.951201 0.645497 1 1 1.000000
chrome
0  5.220590 -101.601585 20.440643  0.019420 -0.903599 0.427938  0.951201 0.833003 1 1 1.000000
0  5.385195 -101.593033 20.451233  0.018956 -0.901139 0.433115  0.978545 0.833003 1 1 1.000000
0  5.315301 -100.865425 21.593441  0.008767 -0.839615 0.543111  0.978545 0.987304 1 1 1.000000
chrome
0  5.315301 -100.865425 21.593441  0.008767 -0.839615 0.543111  0.978545 0.987304 1 1 1.000000
0  5.164413 -100.873276 21.583733  0.008770 -0.839616 0.543110  0.951201 0.987304 1 1 1.000000
0  5.220590 -101.601585 20.440643  0.019420 -0.903599 0.427938  0.951201 0.833003 1 1 1.000000
chrome
0  5.220590 -101.601585 20.440643  0.019420 -0.903599 0.427938  0.951201 0.833003 1 1 1.000000
0  5.277478 -102.054367 19.063862  0.037169 -0.976645 0.211619  0.951201 0.645497 1 1 1.000000
0  5.442084 -102.045807 19.074455  0.036801 -0.975592 0.216485  0.978545 0.646474 1 1 1.000000
chrome
0  5.442084 -102.045807 19.074455  0.036801 -0.975592 0.216485  0.978545 0.646474 1 1 1.000000
0  5.385195 -101.593033 20.451233  0.018956 -0.901139 0.433115  0.978545 0.833003 1 1 1.000000
0  5.220590 -101.601585 20.440643  0.019420 -0.903599 0.427938  0.951201 0.833003 1 1 1.000000
chrome
0  6.237400 -102.144661 15.594444  0.050107 -0.998348 0.028122  0.951201 0.166967 1 1 1.000000
0  6.402004 -102.136101 15.605036  0.050106 -0.998347 0.028170  0.978545 0.166967 1 1 1.000000
0  6.358632 -102.068024 17.726437  0.047095 -0.996227 0.072894  0.978545 0.456038 1 1 1.000000
chrome
0  6.358632 -102.068024 17.726437  0.047095 -0.996227 0.072894  0.978545 0.456038 1 1 1.000000
0  6.207746 -102.075867 17.716728  0.047289 -0.996424 0.070021  0.951201 0.455061 1 1 1.000000
0  6.237400 -102.144661 15.594444  0.050107 -0.998348 0.028122  0.951201 0.166967 1 1 1.000000
chrome
0  6.164799 -101.925545 19.121181  0.037204 -0.976736 0.211193  0.951201 0.647450 1 1 1.000000
0  6.207746 -102.075867 17.716728  0.047289 -0.996424 0.070021  0.951201 0.455061 1 1 1.000000
0  6.358632 -102.068024 17.726437  0.047095 -0.996227 0.072894  0.978545 0.456038 1 1 1.000000
chrome
0  6.358632 -102.068024 17.726437  0.047095 -0.996227 0.072894  0.978545 0.456038 1 1 1.000000
0  6.329404 -101.916985 19.131775  0.036776 -0.975520 0.216816  0.978545 0.647450 1 1 1.000000
0  6.164799 -101.925545 19.121181  0.037204 -0.976736 0.211193  0.951201 0.647450 1 1 1.000000
chrome
0  6.121628 -101.472046 20.498840  0.019386 -0.903686 0.427756  0.951201 0.833979 1 1 1.000000
0  6.286232 -101.463501 20.509434  0.018822 -0.900705 0.434023  0.978545 0.834956 1 1 1.000000
0  6.229341 -100.721436 21.652519  0.008650 -0.839499 0.543292  0.978545 0.989257 1 1 1.000000
chrome
0  6.229341 -100.721436 21.652519  0.008650 -0.839499 0.543292  0.978545 0.989257 1 1 1.000000
0  6.064737 -100.729988 21.641926  0.008657 -0.839525 0.543252  0.951201 0.989257 1 1 1.000000
0  6.121628 -101.472046 20.498840  0.019386 -0.903686 0.427756  0.951201 0.833979 1 1 1.000000
chrome
0  6.121628 -101.472046 20.498840  0.019386 -0.903686 0.427756  0.951201 0.833979 1 1 1.000000
0  6.164799 -101.925545 19.121181  0.037204 -0.976736 0.211193  0.951201 0.647450 1 1 1.000000
0  6.329404 -101.916985 19.131775  0.036776 -0.975520 0.216816  0.978545 0.647450 1 1 1.000000
chrome
0  6.329404 -101.916985 19.131775  0.036776 -0.975520 0.216816  0.978545 0.647450 1 1 1.000000
0  6.286232 -101.463501 20.509434  0.018822 -0.900705 0.434023  0.978545 0.834956 1 1 1.000000
0  6.121628 -101.472046 20.498840  0.019386 -0.903686 0.427756  0.951201 0.833979 1 1 1.000000
chrome
0  7.097286 -102.017258 15.649997  0.050267 -0.998421 0.025059  0.951201 0.167943 1 1 1.000000
0  7.261890 -102.008705 15.660589  0.050280 -0.998427 0.024820  0.978545 0.168920 1 1 1.000000
0  7.246666 -101.952934 17.783764  0.047331 -0.996441 0.069755  0.978545 0.457015 1 1 1.000000
chrome
0  7.246666 -101.952934 17.783764  0.047331 -0.996441 0.069755  0.978545 0.457015 1 1 1.000000
0  7.082063 -101.961494 17.773174  0.047569 -0.996668 0.066252  0.951201 0.457015 1 1 1.000000
0  7.097286 -102.017258 15.649997  0.050267 -0.998421 0.025059  0.951201 0.167943 1 1 1.000000
chrome
0  7.066550 -101.809761 19.179390  0.037488 -0.977536 0.207408  0.951201 0.648427 1 1 1.000000
0  7.082063 -101.961494 17.773174  0.047569 -0.996668 0.066252  0.951201 0.457015 1 1 1.000000
0  7.246666 -101.952934 17.783764  0.047331 -0.996441 0.069755  0.978545 0.457015 1 1 1.000000
chrome
0  7.246666 -101.952934 17.783764  0.047331 -0.996441 0.069755  0.978545 0.457015 1 1 1.000000
0  7.231156 -101.801201 19.189983  0.036960 -0.976048 0.214393  0.978545 0.649403 1 1 1.000000
0  7.066550 -101.809761 19.179390  0.037488 -0.977536 0.207408  0.951201 0.648427 1 1 1.000000
chrome
0  7.037811 -101.369301 20.557941  0.019756 -0.905232 0.424459  0.951201 0.835932 1 1 1.000000
0  7.202415 -101.360741 20.568535  0.019077 -0.901619 0.432110  0.978545 0.835932 1 1 1.000000
0  7.159242 -100.617958 21.712498  0.008910 -0.841017 0.540935  0.978545 0.991211 1 1 1.000000
chrome
0  7.159242 -100.617958 21.712498  0.008910 -0.841017 0.540935  0.978545 0.991211 1 1 1.000000
0  6.994638 -100.626511 21.701912  0.008905 -0.840991 0.540976  0.951201 0.990234 1 1 1.000000
0  7.037811 -101.369301 20.557941  0.019756 -0.905232 0.424459  0.951201 0.835932 1 1 1.000000
chrome
0  7.037811 -101.369301 20.557941  0.019756 -0.905232 0.424459  0.951201 0.835932 1 1 1.000000
0  7.066550 -101.809761 19.179390  0.037488 -0.977536 0.207408  0.951201 0.648427 1 1 1.000000
0  7.231156 -101.801201 19.189983  0.036960 -0.976048 0.214393  0.978545 0.649403 1 1 1.000000
chrome
0  7.231156 -101.801201 19.189983  0.036960 -0.976048 0.214393  0.978545 0.649403 1 1 1.000000
0  7.202415 -101.360741 20.568535  0.019077 -0.901619 0.432110  0.978545 0.835932 1 1 1.000000
0  7.037811 -101.369301 20.557941  0.019756 -0.905232 0.424459  0.951201 0.835932 1 1 1.000000
chrome
0  7.982298 -101.860977 15.721031  0.050342 -0.998430 0.024580  0.951201 0.171850 1 1 1.000000
0  8.146901 -101.852417 15.731624  0.050342 -0.998429 0.024579  0.978545 0.171850 1 1 1.000000
0  8.133274 -101.810371 17.841072  0.047309 -0.996421 0.070055  0.978545 0.459944 1 1 1.000000
chrome
0  8.133274 -101.810371 17.841072  0.047309 -0.996421 0.070055  0.978545 0.459944 1 1 1.000000
0  7.968668 -101.818932 17.830479  0.047510 -0.996616 0.067078  0.951201 0.458968 1 1 1.000000
0  7.982298 -101.860977 15.721031  0.050342 -0.998430 0.024580  0.951201 0.171850 1 1 1.000000
chrome
0  7.951562 -101.653473 19.250423  0.037434 -0.977385 0.208130  0.951201 0.651357 1 1 1.000000
0  7.968668 -101.818932 17.830479  0.047510 -0.996616 0.067078  0.951201 0.458968 1 1 1.000000
0  8.133274 -101.810371 17.841072  0.047309 -0.996421 0.070055  0.978545 0.459944 1 1 1.000000
chrome
0  8.133274 -101.810371 17.841072  0.047309 -0.996421 0.070055  0.978545 0.459944 1 1 1.000000
0  8.116166 -101.644913 19.261017  0.036888 -0.975841 0.215343  0.978545 0.651357 1 1 1.000000
0  7.951562 -101.653473 19.250423  0.037434 -0.977385 0.208130  0.951201 0.651357 1 1 1.000000
chrome
0  7.923703 -101.212975 20.615242  0.019718 -0.905201 0.424525  0.951201 0.837886 1 1 1.000000
0  8.088307 -101.204422 20.625835  0.019008 -0.901440 0.432486  0.978545 0.837886 1 1 1.000000
0  8.045847 -100.475388 21.769810  0.008840 -0.840547 0.541667  0.978545 0.992187 1 1 1.000000
chrome
0  8.045847 -100.475388 21.769810  0.008840 -0.840547 0.541667  0.978545 0.992187 1 1 1.000000
0  7.881244 -100.483948 21.759216  0.008844 -0.840546 0.541668  0.951201 0.992187 1 1 1.000000
0  7.923703 -101.212975 20.615242  0.019718 -0.905201 0.424525  0.951201 0.837886 1 1 1.000000
chrome
0  7.923703 -101.212975 20.615242  0.019718 -0.905201 0.424525  0.951201 0.837886 1 1 1.000000
0  7.951562 -101.653473 19.250423  0.037434 -0.977385 0.208130  0.951201 0.651357 1 1 1.000000
0  8.116166 -101.644913 19.261017  0.036888 -0.975841 0.215343  0.978545 0.651357 1 1 1.000000
chrome
0  8.116166 -101.644913 19.261017  0.036888 -0.975841 0.215343  0.978545 0.651357 1 1 1.000000
0  8.088307 -101.204422 20.625835  0.019008 -0.901440 0.432486  0.978545 0.837886 1 1 1.000000
0  7.923703 -101.212975 20.615242  0.019718 -0.905201 0.424525  0.951201 0.837886 1 1 1.000000
chrome
0  8.838823 -101.719948 15.817782  0.050325 -0.998425 0.024811  0.951201 0.178686 1 1 1.000000
0  9.003427 -101.711388 15.828374  0.050326 -0.998425 0.024810  0.978545 0.179662 1 1 1.000000
0  9.001921 -101.654907 17.952431  0.047229 -0.996362 0.070935  0.978545 0.468734 1 1 1.000000
chrome
0  9.001921 -101.654907 17.952431  0.047229 -0.996362 0.070935  0.978545 0.468734 1 1 1.000000
0  8.851034 -101.662750 17.942722  0.047502 -0.996630 0.066882  0.951201 0.468734 1 1 1.000000
0  8.838823 -101.719948 15.817782  0.050325 -0.998425 0.024811  0.951201 0.178686 1 1 1.000000
chrome
0  8.849240 -101.510307 19.349827  0.037387 -0.977186 0.209070  0.951201 0.658193 1 1 1.000000
0  8.851034 -101.662750 17.942722  0.047502 -0.996630 0.066882  0.951201 0.468734 1 1 1.000000
0  9.001921 -101.654907 17.952431  0.047229 -0.996362 0.070935  0.978545 0.468734 1 1 1.000000
chrome
0  9.001921 -101.654907 17.952431  0.047229 -0.996362 0.070935  0.978545 0.468734 1 1 1.000000
0  9.000128 -101.502457 19.359535  0.036747 -0.975356 0.217556  0.978545 0.658193 1 1 1.000000
0  8.849240 -101.510307 19.349827  0.037387 -0.977186 0.209070  0.951201 0.658193 1 1 1.000000
chrome
0  8.822263 -101.069771 20.700905  0.019490 -0.903797 0.427518  0.951201 0.842769 1 1 1.000000
0  8.986865 -101.061211 20.711498  0.018657 -0.899341 0.436850  0.978545 0.843745 1 1 1.000000
0  8.958294 -100.317688 21.842609  0.008498 -0.838100 0.545450  0.978545 0.996094 1 1 1.000000
chrome
0  8.958294 -100.317688 21.842609  0.008498 -0.838100 0.545450  0.978545 0.996094 1 1 1.000000
0  8.793690 -100.326248 21.832020  0.008491 -0.838049 0.545529  0.951201 0.996094 1 1 1.000000
0  8.822263 -101.069771 20.700905  0.019490 -0.903797 0.427518  0.951201 0.842769 1 1 1.000000
chrome
0  8.822263 -101.069771 20.700905  0.019490 -0.903797 0.427518  0.951201 0.842769 1 1 1.000000
0  8.849240 -101.510307 19.349827  0.037387 -0.977186 0.209070  0.951201 0.658193 1 1 1.000000
0  9.000128 -101.502457 19.359535  0.036747 -0.975356 0.217556  0.978545 0.658193 1 1 1.000000
chrome
0  9.000128 -101.502457 19.359535  0.036747 -0.975356 0.217556  0.978545 0.658193 1 1 1.000000
0  8.986865 -101.061211 20.711498  0.018657 -0.899341 0.436850  0.978545 0.843745 1 1 1.000000
0  8.822263 -101.069771 20.700905  0.019490 -0.903797 0.427518  0.951201 0.842769 1 1 1.000000
chrome
0  9.721189 -101.563766 15.930024  0.050229 -0.998421 0.025133  0.951201 0.188452 1 1 1.000000
0  9.872076 -101.555931 15.939734  0.050215 -0.998417 0.025325  0.978545 0.188452 1 1 1.000000
0  9.900651 -101.497925 18.024349  0.047171 -0.996328 0.071449  0.978545 0.471664 1 1 1.000000
chrome
0  9.900651 -101.497925 18.024349  0.047171 -0.996328 0.071449  0.978545 0.471664 1 1 1.000000
0  9.736045 -101.506477 18.013756  0.047473 -0.996626 0.066961  0.951201 0.471664 1 1 1.000000
0  9.721189 -101.563766 15.930024  0.050229 -0.998421 0.025133  0.951201 0.188452 1 1 1.000000
chrome
0  9.748849 -101.353279 19.408005  0.037335 -0.977049 0.209715  0.951201 0.660146 1 1 1.000000
0  9.736045 -101.506477 18.013756  0.047473 -0.996626 0.066961  0.951201 0.471664 1 1 1.000000
0  9.900651 -101.497925 18.024349  0.047171 -0.996328 0.071449  0.978545 0.471664 1 1 1.000000
chrome
0  9.900651 -101.497925 18.024349  0.047171 -0.996328 0.071449  0.978545 0.471664 1 1 1.000000
0  9.899735 -101.345428 19.417717  0.036608 -0.974958 0.219355  0.978545 0.660146 1 1 1.000000
0  9.748849 -101.353279 19.408005  0.037335 -0.977049 0.209715  0.951201 0.660146 1 1 1.000000
chrome
0  9.736471 -100.911980 20.746235  0.019328 -0.902912 0.429391  0.951201 0.843745 1 1 1.000000
0  9.901074 -100.903419 20.756824  0.018453 -0.898203 0.439193  0.978545 0.843745 1 1 1.000000
0  9.872501 -100.159920 21.887939  0.008199 -0.836327 0.548170  0.978545 0.996094 1 1 1.000000
chrome
0  9.872501 -100.159920 21.887939  0.008199 -0.836327 0.548170  0.978545 0.996094 1 1 1.000000
0  9.707897 -100.168472 21.877350  0.008193 -0.836300 0.548211  0.951201 0.995117 1 1 1.000000
0  9.736471 -100.911980 20.746235  0.019328 -0.902912 0.429391  0.951201 0.843745 1 1 1.000000
chrome
0  9.736471 -100.911980 20.746235  0.019328 -0.902912 0.429391  0.951201 0.843745 1 1 1.000000
0  9.748849 -101.353279 19.408005  0.037335 -0.977049 0.209715  0.951201 0.660146 1 1 1.000000
0  9.899735 -101.345428 19.417717  0.036608 -0.974958 0.219355  0.978545 0.660146 1 1 1.000000
chrome
0  9.899735 -101.345428 19.417717  0.036608 -0.974958 0.219355  0.978545 0.660146 1 1 1.000000
0  9.901074 -100.903419 20.756824  0.018453 -0.898203 0.439193  0.978545 0.843745 1 1 1.000000
0  9.736471 -100.911980 20.746235  0.019328 -0.902912 0.429391  0.951201 0.843745 1 1 1.000000
chrome
0  10.599646 -101.366447 16.069710  0.050294 -0.998415 0.025272  0.951201 0.201147 1 1 1.000000
0  10.764250 -101.357887 16.080303  0.050317 -0.998422 0.024937  0.978545 0.202124 1 1 1.000000
0  10.782635 -101.300446 18.109093  0.047201 -0.996334 0.071347  0.978545 0.476547 1 1 1.000000
chrome
0  10.782635 -101.300446 18.109093  0.047201 -0.996334 0.071347  0.978545 0.476547 1 1 1.000000
0  10.631747 -101.308289 18.099384  0.047510 -0.996638 0.066756  0.951201 0.476547 1 1 1.000000
0  10.599646 -101.366447 16.069710  0.050294 -0.998415 0.025272  0.951201 0.201147 1 1 1.000000
chrome
0  10.645436 -101.155060 19.479897  0.037277 -0.976872 0.210551  0.951201 0.663076 1 1 1.000000
0  10.631747 -101.308289 18.099384  0.047510 -0.996638 0.066756  0.951201 0.476547 1 1 1.000000
0  10.782635 -101.300446 18.109093  0.047201 -0.996334 0.071347  0.978545 0.476547 1 1 1.000000
chrome
0  10.782635 -101.300446 18.109093  0.047201 -0.996334 0.071347  0.978545 0.476547 1 1 1.000000
0  10.796323 -101.147209 19.489605  0.036530 -0.974720 0.220421  0.978545 0.664052 1 1 1.000000
0  10.645436 -101.155060 19.479897  0.037277 -0.976872 0.210551  0.951201 0.663076 1 1 1.000000
chrome
0  10.633058 -100.713760 20.818123  0.019198 -0.902237 0.430812  0.951201 0.845698 1 1 1.000000
0  10.797661 -100.705200 20.828716  0.018244 -0.897089 0.441472  0.978545 0.846675 1 1 1.000000
0  10.770683 -99.975388 21.946102  0.008013 -0.834994 0.550201  0.978545 0.997070 1 1 1.000000
chrome
0  10.770683 -99.975388 21.946102  0.008013 -0.834994 0.550201  0.978545 0.997070 1 1 1.000000
0  10.619796 -99.983231 21.936398  0.008016 -0.835020 0.550161  0.951201 0.997070 1 1 1.000000
0  10.633058 -100.713760 20.818123  0.019198 -0.902237 0.430812  0.951201 0.845698 1 1 1.000000
chrome
0  10.633058 -100.713760 20.818123  0.019198 -0.902237 0.430812  0.951201 0.845698 1 1 1.000000
0  10.645436 -101.155060 19.479897  0.037277 -0.976872 0.210551  0.951201 0.663076 1 1 1.000000
0  10.796323 -101.147209 19.489605  0.036530 -0.974720 0.220421  0.978545 0.664052 1 1 1.000000
chrome
0  10.796323 -101.147209 19.489605  0.036530 -0.974720 0.220421  0.978545 0.664052 1 1 1.000000
0  10.797661 -100.705200 20.828716  0.018244 -0.897089 0.441472  0.978545 0.846675 1 1 1.000000
0  10.633058 -100.713760 20.818123  0.019198 -0.902237 0.430812  0.951201 0.845698 1 1 1.000000
chrome
0  11.461911 -101.156158 16.235973  0.050294 -0.998414 0.025309  0.951201 0.217750 1 1 1.000000
0  11.626514 -101.147598 16.246563  0.050296 -0.998414 0.025308  0.978545 0.218726 1 1 1.000000
0  11.665670 -101.089157 18.166355  0.047139 -0.996274 0.072222  0.978545 0.478500 1 1 1.000000
chrome
0  11.665670 -101.089157 18.166355  0.047139 -0.996274 0.072222  0.978545 0.478500 1 1 1.000000
0  11.514785 -101.097000 18.156647  0.047474 -0.996602 0.067306  0.951201 0.477523 1 1 1.000000
0  11.461911 -101.156158 16.235973  0.050294 -0.998414 0.025309  0.951201 0.217750 1 1 1.000000
chrome
0  11.542190 -100.943039 19.538044  0.037212 -0.976960 0.210151  0.951201 0.665029 1 1 1.000000
0  11.514785 -101.097000 18.156647  0.047474 -0.996602 0.067306  0.951201 0.477523 1 1 1.000000
0  11.665670 -101.089157 18.166355  0.047139 -0.996274 0.072222  0.978545 0.478500 1 1 1.000000
chrome
0  11.665670 -101.089157 18.166355  0.047139 -0.996274 0.072222  0.978545 0.478500 1 1 1.000000
0  11.693075 -100.935204 19.547752  0.036364 -0.974507 0.221389  0.978545 0.665029 1 1 1.000000
0  11.542190 -100.943039 19.538044  0.037212 -0.976960 0.210151  0.951201 0.665029 1 1 1.000000
chrome
0  11.543530 -100.501038 20.877155  0.019226 -0.902370 0.430533  0.951201 0.847652 1 1 1.000000
0  11.708134 -100.492477 20.887745  0.018153 -0.896561 0.442548  0.978545 0.847652 1 1 1.000000
0  11.694156 -99.748199 22.006004  0.008014 -0.834885 0.550366  0.978545 0.999023 1 1 1.000000
chrome
0  11.694156 -99.748199 22.006004  0.008014 -0.834885 0.550366  0.978545 0.999023 1 1 1.000000
0  11.529552 -99.756760 21.995415  0.008011 -0.834859 0.550405  0.951201 0.999023 1 1 1.000000
0  11.543530 -100.501038 20.877155  0.019226 -0.902370 0.430533  0.951201 0.847652 1 1 1.000000
chrome
0  11.543530 -100.501038 20.877155  0.019226 -0.902370 0.430533  0.951201 0.847652 1 1 1.000000
0  11.542190 -100.943039 19.538044  0.037212 -0.976960 0.210151  0.951201 0.665029 1 1 1.000000
0  11.693075 -100.935204 19.547752  0.036364 -0.974507 0.221389  0.978545 0.665029 1 1 1.000000
chrome
0  11.693075 -100.935204 19.547752  0.036364 -0.974507 0.221389  0.978545 0.665029 1 1 1.000000
0  11.708134 -100.492477 20.887745  0.018153 -0.896561 0.442548  0.978545 0.847652 1 1 1.000000
0  11.543530 -100.501038 20.877155  0.019226 -0.902370 0.430533  0.951201 0.847652 1 1 1.000000
chrome
0  12.330668 -100.959229 16.526749  0.049665 -0.998157 0.034858  0.951201 0.250954 1 1 1.000000
0  12.495272 -100.950668 16.537342  0.049662 -0.998156 0.034907  0.978545 0.250954 1 1 1.000000
0  12.549421 -100.891602 18.223629  0.046463 -0.995507 0.082498  0.978545 0.479476 1 1 1.000000
chrome
0  12.549421 -100.891602 18.223629  0.046463 -0.995507 0.082498  0.978545 0.479476 1 1 1.000000
0  12.384817 -100.900162 18.213039  0.046836 -0.995928 0.077029  0.951201 0.479476 1 1 1.000000
0  12.330668 -100.959229 16.526749  0.049665 -0.998157 0.034858  0.951201 0.250954 1 1 1.000000
chrome
0  12.410794 -100.718704 19.594414  0.036587 -0.974953 0.219382  0.951201 0.666982 1 1 1.000000
0  12.384817 -100.900162 18.213039  0.046836 -0.995928 0.077029  0.951201 0.479476 1 1 1.000000
0  12.549421 -100.891602 18.223629  0.046463 -0.995507 0.082498  0.978545 0.479476 1 1 1.000000
chrome
0  12.549421 -100.891602 18.223629  0.046463 -0.995507 0.082498  0.978545 0.479476 1 1 1.000000
0  12.575399 -100.710144 19.605003  0.035708 -0.972327 0.230879  0.978545 0.666982 1 1 1.000000
0  12.410794 -100.718704 19.594414  0.036587 -0.974953 0.219382  0.951201 0.666982 1 1 1.000000
chrome
0  12.438854 -100.261536 20.935280  0.018811 -0.900473 0.434505  0.951201 0.849605 1 1 1.000000
0  12.589742 -100.253700 20.944988  0.017691 -0.894399 0.446921  0.978545 0.849605 1 1 1.000000
0  12.599225 -99.577179 21.968029  0.007888 -0.834123 0.551521  0.978545 0.989257 1 1 1.000000
chrome
0  12.599225 -99.577179 21.968029  0.007888 -0.834123 0.551521  0.978545 0.989257 1 1 1.000000
0  12.434622 -99.585739 21.957439  0.007894 -0.834122 0.551523  0.951201 0.989257 1 1 1.000000
0  12.438854 -100.261536 20.935280  0.018811 -0.900473 0.434505  0.951201 0.849605 1 1 1.000000
chrome
0  12.438854 -100.261536 20.935280  0.018811 -0.900473 0.434505  0.951201 0.849605 1 1 1.000000
0  12.410794 -100.718704 19.594414  0.036587 -0.974953 0.219382  0.951201 0.666982 1 1 1.000000
0  12.575399 -100.710144 19.605003  0.035708 -0.972327 0.230879  0.978545 0.666982 1 1 1.000000
chrome
0  12.575399 -100.710144 19.605003  0.035708 -0.972327 0.230879  0.978545 0.666982 1 1 1.000000
0  12.589742 -100.253700 20.944988  0.017691 -0.894399 0.446921  0.978545 0.849605 1 1 1.000000
0  12.438854 -100.261536 20.935280  0.018811 -0.900473 0.434505  0.951201 0.849605 1 1 1.000000
chrome
0  13.216234 -100.692429 16.929131  0.049384 -0.998012 0.039163  0.951201 0.298807 1 1 1.000000
0  13.380836 -100.683868 16.939720  0.049385 -0.998012 0.039163  0.978545 0.298807 1 1 1.000000
0  13.430315 -100.639061 18.280865  0.046171 -0.995158 0.086771  0.978545 0.481429 1 1 1.000000
chrome
0  13.430315 -100.639061 18.280865  0.046171 -0.995158 0.086771  0.978545 0.481429 1 1 1.000000
0  13.265711 -100.647621 18.270275  0.046562 -0.995622 0.081049  0.951201 0.480453 1 1 1.000000
0  13.216234 -100.692429 16.929131  0.049384 -0.998012 0.039163  0.951201 0.298807 1 1 1.000000
chrome
0  13.319123 -100.464760 19.653412  0.036355 -0.974196 0.222756  0.951201 0.667959 1 1 1.000000
0  13.265711 -100.647621 18.270275  0.046562 -0.995622 0.081049  0.951201 0.480453 1 1 1.000000
0  13.430315 -100.639061 18.280865  0.046171 -0.995158 0.086771  0.978545 0.481429 1 1 1.000000
chrome
0  13.430315 -100.639061 18.280865  0.046171 -0.995158 0.086771  0.978545 0.481429 1 1 1.000000
0  13.470012 -100.456909 19.663120  0.035396 -0.971281 0.235288  0.978545 0.668935 1 1 1.000000
0  13.319123 -100.464760 19.653412  0.036355 -0.974196 0.222756  0.951201 0.667959 1 1 1.000000
chrome
0  13.346469 -99.993843 20.994270  0.018791 -0.900158 0.435158  0.951201 0.850581 1 1 1.000000
0  13.497356 -99.986000 21.003979  0.017638 -0.893862 0.447995  0.978545 0.851558 1 1 1.000000
0  13.500391 -99.364998 21.957497  0.008006 -0.835288 0.549755  0.978545 0.981445 1 1 1.000000
chrome
0  13.500391 -99.364998 21.957497  0.008006 -0.835288 0.549755  0.978545 0.981445 1 1 1.000000
0  13.349503 -99.372833 21.947788  0.007999 -0.835260 0.549797  0.951201 0.980468 1 1 1.000000
0  13.346469 -99.993843 20.994270  0.018791 -0.900158 0.435158  0.951201 0.850581 1 1 1.000000
chrome
0  13.346469 -99.993843 20.994270  0.018791 -0.900158 0.435158  0.951201 0.850581 1 1 1.000000
0  13.319123 -100.464760 19.653412  0.036355 -0.974196 0.222756  0.951201 0.667959 1 1 1.000000
0  13.470012 -100.456909 19.663120  0.035396 -0.971281 0.235288  0.978545 0.668935 1 1 1.000000
chrome
0  13.470012 -100.456909 19.663120  0.035396 -0.971281 0.235288  0.978545 0.668935 1 1 1.000000
0  13.497356 -99.986000 21.003979  0.017638 -0.893862 0.447995  0.978545 0.851558 1 1 1.000000
0  13.346469 -99.993843 20.994270  0.018791 -0.900158 0.435158  0.951201 0.850581 1 1 1.000000
chrome
0  14.211593 -100.170273 19.711502  0.036445 -0.978330 0.203820  0.951201 0.669912 1 1 1.000000
0  14.164917 -100.339233 17.997818  0.006973 -0.994933 0.100297  0.951201 0.437483 1 1 1.000000
0  14.312279 -100.331543 18.062469  0.008763 -0.994914 0.100345  0.978545 0.446272 1 1 1.000000
chrome
0  14.312279 -100.331543 18.062469  0.008840 -0.994901 0.100464  0.978545 0.446272 1 1 1.000000
0  14.376197 -100.161713 19.722095  0.036697 -0.975286 0.217876  0.978545 0.669912 1 1 1.000000
0  14.211593 -100.170273 19.711502  0.036785 -0.978268 0.204055  0.951201 0.669912 1 1 1.000000
chrome
0  14.240366 -99.726845 21.052380  0.020040 -0.906678 0.421347  0.951201 0.852535 1 1 1.000000
0  14.404968 -99.718285 21.062969  0.018902 -0.900638 0.434159  0.978545 0.852535 1 1 1.000000
0  14.408105 -99.193855 21.878311  0.009774 -0.846461 0.532361  0.978545 0.963866 1 1 1.000000
chrome
0  14.408105 -99.193855 21.878311  0.009774 -0.846461 0.532361  0.978545 0.963866 1 1 1.000000
0  14.243503 -99.202415 21.867722  0.009775 -0.846463 0.532358  0.951201 0.963866 1 1 1.000000
0  14.240366 -99.726845 21.052380  0.020040 -0.906678 0.421347  0.951201 0.852535 1 1 1.000000
chrome
0  14.240366 -99.726845 21.052380  0.020040 -0.906678 0.421347  0.951201 0.852535 1 1 1.000000
0  14.211593 -100.170273 19.711502  0.036785 -0.978268 0.204055  0.951201 0.669912 1 1 1.000000
0  14.376197 -100.161713 19.722095  0.036697 -0.975286 0.217876  0.978545 0.669912 1 1 1.000000
chrome
0  14.376197 -100.161713 19.722095  0.036697 -0.975286 0.217876  0.978545 0.669912 1 1 1.000000
0  14.404968 -99.718285 21.062969  0.018902 -0.900638 0.434159  0.978545 0.852535 1 1 1.000000
0  14.240366 -99.726845 21.052380  0.020040 -0.906678 0.421347  0.951201 0.852535 1 1 1.000000
chrome
0  -0.607816 -102.720772 15.553353  0.049440 -0.998070 0.037585  0.951201 0.213843 1 1 1.000000
0  -0.749064 -102.658051 17.268482  0.046509 -0.995642 0.080835  0.951201 0.449202 1 1 1.000000
0  -0.913668 -102.666603 17.257889  0.046509 -0.995614 0.081177  0.978545 0.449202 1 1 1.000000
chrome
0  -0.913668 -102.666603 17.257889  0.046481 -0.995583 0.081577  0.978545 0.449202 1 1 1.000000
0  -0.772419 -102.729324 15.542760  0.049439 -0.998069 0.037599  0.978545 0.214820 1 1 1.000000
0  -0.607816 -102.720772 15.553353  0.049439 -0.998069 0.037599  0.951201 0.213843 1 1 1.000000
chrome
0  -0.861308 -102.497559 18.668510  0.036368 -0.974321 0.222205  0.951201 0.640614 1 1 1.000000
0  -1.025912 -102.506119 18.657917  0.036269 -0.974022 0.223528  0.978545 0.641591 1 1 1.000000
0  -0.913668 -102.666603 17.257889  0.046509 -0.995614 0.081177  0.978545 0.449202 1 1 1.000000
chrome
0  -0.913668 -102.666603 17.257889  0.046509 -0.995614 0.081177  0.978545 0.449202 1 1 1.000000
0  -0.749064 -102.658051 17.268482  0.046509 -0.995642 0.080835  0.951201 0.449202 1 1 1.000000
0  -0.861308 -102.497559 18.668510  0.036368 -0.974321 0.222205  0.951201 0.640614 1 1 1.000000
chrome
0  -1.001213 -102.035294 20.039982  0.019924 -0.906271 0.422228  0.951201 0.828120 1 1 1.000000
0  -1.073281 -101.583725 20.795132  0.010790 -0.853316 0.521282  0.951201 0.930662 1 1 1.000000
0  -1.237885 -101.592278 20.784538  0.010788 -0.853316 0.521282  0.978545 0.930662 1 1 1.000000
chrome
0  -1.237885 -101.592278 20.784538  0.010842 -0.853285 0.521332  0.978545 0.930662 1 1 1.000000
0  -1.152099 -102.043144 20.030273  0.019856 -0.905619 0.423627  0.978545 0.828120 1 1 1.000000
0  -1.001213 -102.035294 20.039982  0.019996 -0.906359 0.422035  0.951201 0.828120 1 1 1.000000
chrome
0  -1.001213 -102.035294 20.039982  0.019996 -0.906359 0.422035  0.951201 0.828120 1 1 1.000000
0  -1.152099 -102.043144 20.030273  0.019856 -0.905619 0.423627  0.978545 0.828120 1 1 1.000000
0  -1.025912 -102.506119 18.657917  0.036269 -0.974022 0.223528  0.978545 0.641591 1 1 1.000000
chrome
0  -1.025912 -102.506119 18.657917  0.036269 -0.974022 0.223528  0.978545 0.641591 1 1 1.000000
0  -0.861308 -102.497559 18.668510  0.036368 -0.974321 0.222205  0.951201 0.640614 1 1 1.000000
0  -1.001213 -102.035294 20.039982  0.019996 -0.906359 0.422035  0.951201 0.828120 1 1 1.000000
chrome
0  -1.441891 -102.722977 15.210156  0.049828 -0.998245 0.032010  0.951201 0.176733 1 1 1.000000
0  -1.628380 -102.676201 17.211971  0.046939 -0.996065 0.075169  0.951201 0.451155 1 1 1.000000
0  -1.779266 -102.684044 17.202263  0.046843 -0.995961 0.076605  0.978545 0.451155 1 1 1.000000
chrome
0  -1.779266 -102.684044 17.202263  0.046885 -0.995982 0.076306  0.978545 0.451155 1 1 1.000000
0  -1.606495 -102.731537 15.199563  0.049861 -0.998247 0.031883  0.978545 0.176733 1 1 1.000000
0  -1.441891 -102.722977 15.210156  0.049861 -0.998247 0.031883  0.951201 0.176733 1 1 1.000000
chrome
0  -1.755054 -102.502670 18.611111  0.036783 -0.975544 0.216703  0.951201 0.642567 1 1 1.000000
0  -1.919658 -102.511230 18.600517  0.036582 -0.974951 0.219388  0.978545 0.642567 1 1 1.000000
0  -1.779266 -102.684044 17.202263  0.046843 -0.995961 0.076605  0.978545 0.451155 1 1 1.000000
chrome
0  -1.779266 -102.684044 17.202263  0.046843 -0.995961 0.076605  0.978545 0.451155 1 1 1.000000
0  -1.628380 -102.676201 17.211971  0.046939 -0.996065 0.075169  0.951201 0.451155 1 1 1.000000
0  -1.755054 -102.502670 18.611111  0.036783 -0.975544 0.216703  0.951201 0.642567 1 1 1.000000
chrome
0  -1.894245 -102.054161 19.982594  0.019315 -0.903090 0.429017  0.951201 0.829096 1 1 1.000000
0  -2.020502 -101.412262 20.996822  0.009096 -0.842055 0.539315  0.951201 0.967772 1 1 1.000000
0  -2.171390 -101.420113 20.987110  0.009100 -0.842081 0.539275  0.978545 0.967772 1 1 1.000000
chrome
0  -2.171390 -101.420113 20.987110  0.009091 -0.842112 0.539226  0.978545 0.967772 1 1 1.000000
0  -2.058850 -102.062721 19.972000  0.019093 -0.901863 0.431599  0.978545 0.833003 1 1 1.000000
0  -1.894245 -102.054161 19.982594  0.019313 -0.903219 0.428745  0.951201 0.829096 1 1 1.000000
chrome
0  -1.894245 -102.054161 19.982594  0.019313 -0.903219 0.428745  0.951201 0.829096 1 1 1.000000
0  -2.058850 -102.062721 19.972000  0.019093 -0.901863 0.431599  0.978545 0.833003 1 1 1.000000
0  -1.919658 -102.511230 18.600517  0.036582 -0.974951 0.219388  0.978545 0.642567 1 1 1.000000
chrome
0  -1.919658 -102.511230 18.600517  0.036582 -0.974951 0.219388  0.978545 0.642567 1 1 1.000000
0  -1.755054 -102.502670 18.611111  0.036783 -0.975544 0.216703  0.951201 0.642567 1 1 1.000000
0  -1.894245 -102.054161 19.982594  0.019313 -0.903219 0.428745  0.951201 0.829096 1 1 1.000000
chrome
0  -2.287431 -102.725662 15.045518  0.049824 -0.998230 0.032457  0.951201 0.164037 1 1 1.000000
0  -2.495406 -102.666145 17.156326  0.047016 -0.996120 0.074396  0.951201 0.452132 1 1 1.000000
0  -2.660010 -102.674706 17.145737  0.046828 -0.995920 0.077137  0.978545 0.452132 1 1 1.000000
chrome
0  -2.660010 -102.674706 17.145737  0.046870 -0.995964 0.076540  0.978545 0.452132 1 1 1.000000
0  -2.452035 -102.734222 15.034926  0.049841 -0.998238 0.032214  0.978545 0.164037 1 1 1.000000
0  -2.287431 -102.725662 15.045518  0.049816 -0.998226 0.032596  0.951201 0.164037 1 1 1.000000
chrome
0  -2.635084 -102.507080 18.554592  0.036788 -0.975673 0.216124  0.951201 0.644520 1 1 1.000000
0  -2.799688 -102.515633 18.543999  0.036531 -0.974929 0.219495  0.978545 0.644520 1 1 1.000000
0  -2.660010 -102.674706 17.145737  0.046828 -0.995920 0.077137  0.978545 0.452132 1 1 1.000000
chrome
0  -2.660010 -102.674706 17.145737  0.046828 -0.995920 0.077137  0.978545 0.452132 1 1 1.000000
0  -2.495406 -102.666145 17.156326  0.047016 -0.996120 0.074396  0.951201 0.452132 1 1 1.000000
0  -2.635084 -102.507080 18.554592  0.036788 -0.975673 0.216124  0.951201 0.644520 1 1 1.000000
chrome
0  -2.787992 -102.059280 19.925190  0.019212 -0.902415 0.430439  0.951201 0.831050 1 1 1.000000
0  -2.921514 -101.362587 21.008064  0.008743 -0.839811 0.542809  0.951201 0.978515 1 1 1.000000
0  -3.086117 -101.371147 20.997471  0.008743 -0.839811 0.542809  0.978545 0.978515 1 1 1.000000
chrome
0  -3.086117 -101.371147 20.997471  0.008705 -0.839759 0.542889  0.978545 0.978515 1 1 1.000000
0  -2.952597 -102.067833 19.914600  0.018853 -0.900722 0.433986  0.978545 0.831050 1 1 1.000000
0  -2.787992 -102.059280 19.925190  0.019195 -0.902528 0.430202  0.951201 0.831050 1 1 1.000000
chrome
0  -2.787992 -102.059280 19.925190  0.019195 -0.902528 0.430202  0.951201 0.831050 1 1 1.000000
0  -2.952597 -102.067833 19.914600  0.018853 -0.900722 0.433986  0.978545 0.831050 1 1 1.000000
0  -2.799688 -102.515633 18.543999  0.036531 -0.974929 0.219495  0.978545 0.644520 1 1 1.000000
chrome
0  -2.799688 -102.515633 18.543999  0.036531 -0.974929 0.219495  0.978545 0.644520 1 1 1.000000
0  -2.635084 -102.507080 18.554592  0.036788 -0.975673 0.216124  0.951201 0.644520 1 1 1.000000
0  -2.787992 -102.059280 19.925190  0.019195 -0.902528 0.430202  0.951201 0.831050 1 1 1.000000
chrome
0  -3.154457 -102.715607 14.989872  0.050034 -0.998352 0.028089  0.951201 0.165990 1 1 1.000000
0  -3.376151 -102.656807 17.099800  0.047217 -0.996376 0.070751  0.951201 0.454085 1 1 1.000000
0  -3.540753 -102.665359 17.089207  0.047114 -0.996269 0.072306  0.978545 0.454085 1 1 1.000000
chrome
0  -3.540753 -102.665359 17.089207  0.047075 -0.996233 0.072834  0.978545 0.454085 1 1 1.000000
0  -3.319061 -102.724159 14.979280  0.050034 -0.998352 0.028115  0.978545 0.165990 1 1 1.000000
0  -3.154457 -102.715607 14.989872  0.050034 -0.998352 0.028115  0.951201 0.165990 1 1 1.000000
chrome
0  -3.528831 -102.512184 18.497192  0.037156 -0.976614 0.211765  0.951201 0.645497 1 1 1.000000
0  -3.693436 -102.520744 18.486599  0.036795 -0.975571 0.216580  0.978545 0.646474 1 1 1.000000
0  -3.540753 -102.665359 17.089207  0.047114 -0.996269 0.072306  0.978545 0.454085 1 1 1.000000
chrome
0  -3.540753 -102.665359 17.089207  0.047114 -0.996269 0.072306  0.978545 0.454085 1 1 1.000000
0  -3.376151 -102.656807 17.099800  0.047217 -0.996376 0.070751  0.951201 0.454085 1 1 1.000000
0  -3.528831 -102.512184 18.497192  0.037156 -0.976614 0.211765  0.951201 0.645497 1 1 1.000000
chrome
0  -3.695456 -102.065109 19.866905  0.019460 -0.903428 0.428298  0.951201 0.833003 1 1 1.000000
0  -3.861367 -101.342499 21.002937  0.008707 -0.839571 0.543181  0.951201 0.987304 1 1 1.000000
0  -4.012253 -101.350349 20.993229  0.008707 -0.839571 0.543181  0.978545 0.987304 1 1 1.000000
chrome
0  -4.012253 -101.350349 20.993229  0.008687 -0.839601 0.543134  0.978545 0.987304 1 1 1.000000
0  -3.860059 -102.073669 19.856316  0.018989 -0.901076 0.433244  0.978545 0.833003 1 1 1.000000
0  -3.695456 -102.065109 19.866905  0.019452 -0.903554 0.428033  0.951201 0.833003 1 1 1.000000
chrome
0  -3.695456 -102.065109 19.866905  0.019452 -0.903554 0.428033  0.951201 0.833003 1 1 1.000000
0  -3.860059 -102.073669 19.856316  0.018989 -0.901076 0.433244  0.978545 0.833003 1 1 1.000000
0  -3.693436 -102.520744 18.486599  0.036795 -0.975571 0.216580  0.978545 0.646474 1 1 1.000000
chrome
0  -3.693436 -102.520744 18.486599  0.036795 -0.975571 0.216580  0.978545 0.646474 1 1 1.000000
0  -3.528831 -102.512184 18.497192  0.037156 -0.976614 0.211765  0.951201 0.645497 1 1 1.000000
0  -3.695456 -102.065109 19.866905  0.019452 -0.903554 0.428033  0.951201 0.833003 1 1 1.000000
chrome
0  -4.022911 -102.678070 14.934209  0.050034 -0.998352 0.028115  0.951201 0.166967 1 1 1.000000
0  -4.272038 -102.620689 17.042370  0.047245 -0.996434 0.069910  0.951201 0.455061 1 1 1.000000
0  -4.422925 -102.628525 17.032661  0.047072 -0.996258 0.072489  0.978545 0.456038 1 1 1.000000
chrome
0  -4.422925 -102.628525 17.032661  0.047058 -0.996215 0.073083  0.978545 0.456038 1 1 1.000000
0  -4.187514 -102.686623 14.923618  0.050064 -0.998350 0.028128  0.978545 0.166967 1 1 1.000000
0  -4.022911 -102.678070 14.934209  0.050063 -0.998350 0.028128  0.951201 0.166967 1 1 1.000000
chrome
0  -4.424719 -102.476067 18.439762  0.037206 -0.976755 0.211105  0.951201 0.647450 1 1 1.000000
0  -4.589323 -102.484627 18.429169  0.036761 -0.975475 0.217020  0.978545 0.647450 1 1 1.000000
0  -4.422925 -102.628525 17.032661  0.047072 -0.996258 0.072489  0.978545 0.456038 1 1 1.000000
chrome
0  -4.422925 -102.628525 17.032661  0.047072 -0.996258 0.072489  0.978545 0.456038 1 1 1.000000
0  -4.272038 -102.620689 17.042370  0.047245 -0.996434 0.069910  0.951201 0.455061 1 1 1.000000
0  -4.424719 -102.476067 18.439762  0.037206 -0.976755 0.211105  0.951201 0.647450 1 1 1.000000
chrome
0  -4.605061 -102.029701 19.808598  0.019420 -0.903670 0.427788  0.951201 0.833979 1 1 1.000000
0  -4.771686 -101.293350 20.944618  0.008662 -0.839512 0.543272  0.951201 0.989257 1 1 1.000000
0  -4.936291 -101.301903 20.934025  0.008666 -0.839538 0.543232  0.978545 0.989257 1 1 1.000000
chrome
0  -4.936291 -101.301903 20.934025  0.008691 -0.839498 0.543293  0.978545 0.989257 1 1 1.000000
0  -4.769665 -102.038261 19.798004  0.018919 -0.900767 0.433891  0.978545 0.834956 1 1 1.000000
0  -4.605061 -102.029701 19.808598  0.019488 -0.903805 0.427501  0.951201 0.833979 1 1 1.000000
chrome
0  -4.605061 -102.029701 19.808598  0.019488 -0.903805 0.427501  0.951201 0.833979 1 1 1.000000
0  -4.769665 -102.038261 19.798004  0.018919 -0.900767 0.433891  0.978545 0.834956 1 1 1.000000
0  -4.589323 -102.484627 18.429169  0.036761 -0.975475 0.217020  0.978545 0.647450 1 1 1.000000
chrome
0  -4.589323 -102.484627 18.429169  0.036761 -0.975475 0.217020  0.978545 0.647450 1 1 1.000000
0  -4.424719 -102.476067 18.439762  0.037206 -0.976755 0.211105  0.951201 0.647450 1 1 1.000000
0  -4.605061 -102.029701 19.808598  0.019488 -0.903805 0.427501  0.951201 0.833979 1 1 1.000000
chrome
0  -4.891364 -102.640518 14.878547  0.050320 -0.998422 0.024937  0.951201 0.167943 1 1 1.000000
0  -5.153495 -102.597588 16.985832  0.047569 -0.996667 0.066266  0.951201 0.457015 1 1 1.000000
0  -5.318098 -102.606148 16.975243  0.047331 -0.996441 0.069756  0.978545 0.457015 1 1 1.000000
chrome
0  -5.318098 -102.606148 16.975243  0.047321 -0.996435 0.069844  0.978545 0.457015 1 1 1.000000
0  -5.055969 -102.649078 14.867953  0.050320 -0.998423 0.024882  0.978545 0.168920 1 1 1.000000
0  -4.891364 -102.640518 14.878547  0.050321 -0.998423 0.024882  0.951201 0.167943 1 1 1.000000
chrome
0  -5.333610 -102.454407 18.381462  0.037448 -0.977535 0.207421  0.951201 0.648427 1 1 1.000000
0  -5.498213 -102.462959 18.370869  0.036916 -0.976037 0.214452  0.978545 0.649403 1 1 1.000000
0  -5.318098 -102.606148 16.975243  0.047331 -0.996441 0.069756  0.978545 0.457015 1 1 1.000000
chrome
0  -5.318098 -102.606148 16.975243  0.047331 -0.996441 0.069756  0.978545 0.457015 1 1 1.000000
0  -5.153495 -102.597588 16.985832  0.047569 -0.996667 0.066266  0.951201 0.457015 1 1 1.000000
0  -5.333610 -102.454407 18.381462  0.037448 -0.977535 0.207421  0.951201 0.648427 1 1 1.000000
chrome
0  -5.526954 -102.022499 19.749424  0.019719 -0.905128 0.424682  0.951201 0.835932 1 1 1.000000
0  -5.707298 -101.286858 20.884560  0.008899 -0.841058 0.540872  0.951201 0.990234 1 1 1.000000
0  -5.871902 -101.295410 20.873970  0.008899 -0.841058 0.540872  0.978545 0.991211 1 1 1.000000
chrome
0  -5.871902 -101.295410 20.873970  0.008924 -0.841006 0.540953  0.978545 0.991211 1 1 1.000000
0  -5.691559 -102.031059 19.738831  0.019061 -0.901529 0.432298  0.978545 0.835932 1 1 1.000000
0  -5.526954 -102.022499 19.749424  0.019758 -0.905244 0.424434  0.951201 0.835932 1 1 1.000000
chrome
0  -5.526954 -102.022499 19.749424  0.019758 -0.905244 0.424434  0.951201 0.835932 1 1 1.000000
0  -5.691559 -102.031059 19.738831  0.019061 -0.901529 0.432298  0.978545 0.835932 1 1 1.000000
0  -5.498213 -102.462959 18.370869  0.036916 -0.976037 0.214452  0.978545 0.649403 1 1 1.000000
chrome
0  -5.498213 -102.462959 18.370869  0.036916 -0.976037 0.214452  0.978545 0.649403 1 1 1.000000
0  -5.333610 -102.454407 18.381462  0.037448 -0.977535 0.207421  0.951201 0.648427 1 1 1.000000
0  -5.526954 -102.022499 19.749424  0.019758 -0.905244 0.424434  0.951201 0.835932 1 1 1.000000
chrome
0  -5.789564 -102.576935 14.834834  0.050295 -0.998432 0.024572  0.951201 0.171850 1 1 1.000000
0  -6.050097 -102.547729 16.928394  0.047507 -0.996656 0.066478  0.951201 0.458968 1 1 1.000000
0  -6.214702 -102.556282 16.917805  0.047246 -0.996401 0.070375  0.978545 0.459944 1 1 1.000000
chrome
0  -6.214702 -102.556282 16.917805  0.047317 -0.996422 0.070036  0.978545 0.459944 1 1 1.000000
0  -5.954167 -102.585495 14.824244  0.050342 -0.998429 0.024595  0.978545 0.171850 1 1 1.000000
0  -5.789564 -102.576935 14.834834  0.050342 -0.998429 0.024595  0.951201 0.171850 1 1 1.000000
chrome
0  -6.231810 -102.390831 18.337749  0.037445 -0.977417 0.207978  0.951201 0.651357 1 1 1.000000
0  -6.396413 -102.399391 18.327156  0.036892 -0.975843 0.215336  0.978545 0.651357 1 1 1.000000
0  -6.214702 -102.556282 16.917805  0.047246 -0.996401 0.070375  0.978545 0.459944 1 1 1.000000
chrome
0  -6.214702 -102.556282 16.917805  0.047246 -0.996401 0.070375  0.978545 0.459944 1 1 1.000000
0  -6.050097 -102.547729 16.928394  0.047507 -0.996656 0.066478  0.951201 0.458968 1 1 1.000000
0  -6.231810 -102.390831 18.337749  0.037445 -0.977417 0.207978  0.951201 0.651357 1 1 1.000000
chrome
0  -6.424273 -101.958885 19.691975  0.019717 -0.905027 0.424897  0.951201 0.837886 1 1 1.000000
0  -6.603900 -101.236992 20.827122  0.008861 -0.840568 0.541633  0.951201 0.992187 1 1 1.000000
0  -6.768505 -101.245552 20.816532  0.008861 -0.840568 0.541633  0.978545 0.992187 1 1 1.000000
chrome
0  -6.768505 -101.245552 20.816532  0.008854 -0.840545 0.541670  0.978545 0.992187 1 1 1.000000
0  -6.588876 -101.967445 19.681381  0.019046 -0.901436 0.432493  0.978545 0.837886 1 1 1.000000
0  -6.424273 -101.958885 19.691975  0.019751 -0.905180 0.424569  0.951201 0.837886 1 1 1.000000
chrome
0  -6.424273 -101.958885 19.691975  0.019751 -0.905180 0.424569  0.951201 0.837886 1 1 1.000000
0  -6.588876 -101.967445 19.681381  0.019046 -0.901436 0.432493  0.978545 0.837886 1 1 1.000000
0  -6.396413 -102.399391 18.327156  0.036892 -0.975843 0.215336  0.978545 0.651357 1 1 1.000000
chrome
0  -6.396413 -102.399391 18.327156  0.036892 -0.975843 0.215336  0.978545 0.651357 1 1 1.000000
0  -6.231810 -102.390831 18.337749  0.037445 -0.977417 0.207978  0.951201 0.651357 1 1 1.000000
0  -6.424273 -101.958885 19.691975  0.019751 -0.905180 0.424569  0.951201 0.837886 1 1 1.000000
chrome
0  -6.661379 -102.525757 14.820371  0.050301 -0.998426 0.024806  0.951201 0.178686 1 1 1.000000
0  -6.950942 -102.484253 16.925892  0.047497 -0.996627 0.066925  0.951201 0.468734 1 1 1.000000
0  -7.101830 -102.492096 16.916183  0.047293 -0.996429 0.069945  0.978545 0.468734 1 1 1.000000
chrome
0  -7.101830 -102.492096 16.916183  0.047251 -0.996362 0.070927  0.978545 0.468734 1 1 1.000000
0  -6.825983 -102.534317 14.809777  0.050326 -0.998424 0.024819  0.978545 0.179662 1 1 1.000000
0  -6.661379 -102.525757 14.820371  0.050326 -0.998424 0.024819  0.951201 0.178686 1 1 1.000000
chrome
0  -7.144774 -102.341789 18.320633  0.037348 -0.977206 0.208984  0.951201 0.658193 1 1 1.000000
0  -7.295660 -102.349632 18.310925  0.036723 -0.975420 0.217274  0.978545 0.658193 1 1 1.000000
0  -7.101830 -102.492096 16.916183  0.047293 -0.996429 0.069945  0.978545 0.468734 1 1 1.000000
chrome
0  -7.101830 -102.492096 16.916183  0.047293 -0.996429 0.069945  0.978545 0.468734 1 1 1.000000
0  -6.950942 -102.484253 16.925892  0.047497 -0.996627 0.066925  0.951201 0.468734 1 1 1.000000
0  -7.144774 -102.341789 18.320633  0.037348 -0.977206 0.208984  0.951201 0.658193 1 1 1.000000
chrome
0  -7.336355 -101.909813 19.661125  0.019432 -0.903756 0.427606  0.951201 0.842769 1 1 1.000000
0  -7.529532 -101.174850 20.781647  0.008440 -0.838089 0.545469  0.951201 0.996094 1 1 1.000000
0  -7.694135 -101.183403 20.771053  0.008440 -0.838089 0.545469  0.978545 0.996094 1 1 1.000000
chrome
0  -7.694135 -101.183403 20.771053  0.008482 -0.838071 0.545496  0.978545 0.996094 1 1 1.000000
0  -7.500958 -101.918373 19.650532  0.018656 -0.899325 0.436883  0.978545 0.843745 1 1 1.000000
0  -7.336355 -101.909813 19.661125  0.019502 -0.903861 0.427382  0.951201 0.842769 1 1 1.000000
chrome
0  -7.336355 -101.909813 19.661125  0.019502 -0.903861 0.427382  0.951201 0.842769 1 1 1.000000
0  -7.500958 -101.918373 19.650532  0.018656 -0.899325 0.436883  0.978545 0.843745 1 1 1.000000
0  -7.295660 -102.349632 18.310925  0.036723 -0.975420 0.217274  0.978545 0.658193 1 1 1.000000
chrome
0  -7.295660 -102.349632 18.310925  0.036723 -0.975420 0.217274  0.978545 0.658193 1 1 1.000000
0  -7.144774 -102.341789 18.320633  0.037348 -0.977206 0.208984  0.951201 0.658193 1 1 1.000000
0  -7.336355 -101.909813 19.661125  0.019502 -0.903861 0.427382  0.951201 0.842769 1 1 1.000000
chrome
0  -7.562224 -102.462288 14.817865  0.050296 -0.998414 0.025289  0.951201 0.188452 1 1 1.000000
0  -7.849141 -102.420685 16.882179  0.047520 -0.996623 0.066960  0.951201 0.471664 1 1 1.000000
0  -8.013744 -102.429245 16.871586  0.047206 -0.996318 0.071572  0.978545 0.471664 1 1 1.000000
chrome
0  -8.013744 -102.429245 16.871586  0.047179 -0.996316 0.071614  0.978545 0.471664 1 1 1.000000
0  -7.713109 -102.470131 14.808156  0.050280 -0.998419 0.025125  0.978545 0.188452 1 1 1.000000
0  -7.562224 -102.462288 14.817865  0.050280 -0.998419 0.025125  0.951201 0.188452 1 1 1.000000
chrome
0  -8.055808 -102.278893 18.262306  0.037295 -0.977050 0.209719  0.951201 0.660146 1 1 1.000000
0  -8.206694 -102.286736 18.252598  0.036578 -0.974992 0.219209  0.978545 0.660146 1 1 1.000000
0  -8.013744 -102.429245 16.871586  0.047206 -0.996318 0.071572  0.978545 0.471664 1 1 1.000000
chrome
0  -8.013744 -102.429245 16.871586  0.047206 -0.996318 0.071572  0.978545 0.471664 1 1 1.000000
0  -7.849141 -102.420685 16.882179  0.047520 -0.996623 0.066960  0.951201 0.471664 1 1 1.000000
0  -8.055808 -102.278893 18.262306  0.037295 -0.977050 0.209719  0.951201 0.660146 1 1 1.000000
chrome
0  -8.260223 -101.847580 19.588177  0.019304 -0.902894 0.429429  0.951201 0.843745 1 1 1.000000
0  -8.453401 -101.112625 20.708698  0.008224 -0.836411 0.548041  0.951201 0.995117 1 1 1.000000
0  -8.618004 -101.121185 20.698105  0.008216 -0.836359 0.548121  0.978545 0.996094 1 1 1.000000
chrome
0  -8.618004 -101.121185 20.698105  0.008227 -0.836392 0.548070  0.978545 0.996094 1 1 1.000000
0  -8.424828 -101.856140 19.577583  0.018413 -0.898024 0.439561  0.978545 0.843745 1 1 1.000000
0  -8.260223 -101.847580 19.588177  0.019344 -0.903033 0.429135  0.951201 0.843745 1 1 1.000000
chrome
0  -8.260223 -101.847580 19.588177  0.019344 -0.903033 0.429135  0.951201 0.843745 1 1 1.000000
0  -8.424828 -101.856140 19.577583  0.018413 -0.898024 0.439561  0.978545 0.843745 1 1 1.000000
0  -8.206694 -102.286736 18.252598  0.036578 -0.974992 0.219209  0.978545 0.660146 1 1 1.000000
chrome
0  -8.206694 -102.286736 18.252598  0.036578 -0.974992 0.219209  0.978545 0.660146 1 1 1.000000
0  -8.055808 -102.278893 18.262306  0.037295 -0.977050 0.209719  0.951201 0.660146 1 1 1.000000
0  -8.260223 -101.847580 19.588177  0.019344 -0.903033 0.429135  0.951201 0.843745 1 1 1.000000
chrome
0  -8.466974 -102.357666 14.842803  0.050278 -0.998419 0.025143  0.951201 0.201147 1 1 1.000000
0  -8.764080 -102.316628 16.851295  0.047508 -0.996637 0.066761  0.951201 0.476547 1 1 1.000000
0  -8.914968 -102.324471 16.841587  0.047155 -0.996290 0.071994  0.978545 0.476547 1 1 1.000000
chrome
0  -8.914968 -102.324471 16.841587  0.047179 -0.996290 0.071977  0.978545 0.476547 1 1 1.000000
0  -8.631577 -102.366226 14.832211  0.050296 -0.998414 0.025297  0.978545 0.202124 1 1 1.000000
0  -8.466974 -102.357666 14.842803  0.050297 -0.998414 0.025297  0.951201 0.201147 1 1 1.000000
chrome
0  -8.969864 -102.174797 18.217682  0.037271 -0.976851 0.210647  0.951201 0.663076 1 1 1.000000
0  -9.120749 -102.182648 18.207973  0.036520 -0.974688 0.220566  0.978545 0.664052 1 1 1.000000
0  -8.914968 -102.324471 16.841587  0.047155 -0.996290 0.071994  0.978545 0.476547 1 1 1.000000
chrome
0  -8.914968 -102.324471 16.841587  0.047155 -0.996290 0.071994  0.978545 0.476547 1 1 1.000000
0  -8.764080 -102.316628 16.851295  0.047508 -0.996637 0.066761  0.951201 0.476547 1 1 1.000000
0  -8.969864 -102.174797 18.217682  0.037271 -0.976851 0.210647  0.951201 0.663076 1 1 1.000000
chrome
0  -9.174280 -101.743484 19.543556  0.019167 -0.902135 0.431028  0.951201 0.845698 1 1 1.000000
0  -9.379580 -101.022942 20.649467  0.008005 -0.834996 0.550197  0.951201 0.997070 1 1 1.000000
0  -9.530465 -101.030785 20.639759  0.008005 -0.834996 0.550197  0.978545 0.997070 1 1 1.000000
chrome
0  -9.530465 -101.030785 20.639759  0.008007 -0.834991 0.550206  0.978545 0.997070 1 1 1.000000
0  -9.338884 -101.752045 19.532963  0.018245 -0.897127 0.441396  0.978545 0.846675 1 1 1.000000
0  -9.174280 -101.743484 19.543556  0.019195 -0.902244 0.430798  0.951201 0.845698 1 1 1.000000
chrome
0  -9.174280 -101.743484 19.543556  0.019195 -0.902244 0.430798  0.951201 0.845698 1 1 1.000000
0  -9.338884 -101.752045 19.532963  0.018245 -0.897127 0.441396  0.978545 0.846675 1 1 1.000000
0  -9.120749 -102.182648 18.207973  0.036520 -0.974688 0.220566  0.978545 0.664052 1 1 1.000000
chrome
0  -9.120749 -102.182648 18.207973  0.036520 -0.974688 0.220566  0.978545 0.664052 1 1 1.000000
0  -8.969864 -102.174797 18.217682  0.037271 -0.976851 0.210647  0.951201 0.663076 1 1 1.000000
0  -9.174280 -101.743484 19.543556  0.019195 -0.902244 0.430798  0.951201 0.845698 1 1 1.000000
chrome
0  -9.360483 -102.238655 14.896087  0.050324 -0.998414 0.025235  0.951201 0.217750 1 1 1.000000
0  -9.664252 -102.198036 16.793812  0.047522 -0.996599 0.067318  0.951201 0.477523 1 1 1.000000
0  -9.815140 -102.205887 16.784103  0.047132 -0.996212 0.073071  0.978545 0.478500 1 1 1.000000
chrome
0  -9.815140 -102.205887 16.784103  0.047155 -0.996265 0.072343  0.978545 0.478500 1 1 1.000000
0  -9.525087 -102.247215 14.885493  0.050294 -0.998414 0.025282  0.978545 0.218726 1 1 1.000000
0  -9.360483 -102.238655 14.896087  0.050299 -0.998417 0.025187  0.951201 0.217750 1 1 1.000000
chrome
0  -9.883754 -102.056915 18.159317  0.037305 -0.976943 0.210215  0.951201 0.665029 1 1 1.000000
0  -10.034640 -102.064766 18.149609  0.036453 -0.974489 0.221453  0.978545 0.665029 1 1 1.000000
0  -9.815140 -102.205887 16.784103  0.047132 -0.996212 0.073071  0.978545 0.478500 1 1 1.000000
chrome
0  -9.815140 -102.205887 16.784103  0.047132 -0.996212 0.073071  0.978545 0.478500 1 1 1.000000
0  -9.664252 -102.198036 16.793812  0.047522 -0.996599 0.067318  0.951201 0.477523 1 1 1.000000
0  -9.883754 -102.056915 18.159317  0.037305 -0.976943 0.210215  0.951201 0.665029 1 1 1.000000
chrome
0  -10.101888 -101.626328 19.484306  0.019184 -0.902269 0.430746  0.951201 0.847652 1 1 1.000000
0  -10.307901 -100.892029 20.590210  0.007982 -0.834826 0.550456  0.951201 0.999023 1 1 1.000000
0  -10.472505 -100.900589 20.579617  0.007983 -0.834826 0.550456  0.978545 0.999023 1 1 1.000000
chrome
0  -10.472505 -100.900589 20.579617  0.007993 -0.834820 0.550465  0.978545 0.999023 1 1 1.000000
0  -10.266490 -101.634888 19.473713  0.018151 -0.896584 0.442502  0.978545 0.847652 1 1 1.000000
0  -10.101888 -101.626328 19.484306  0.019228 -0.902397 0.430477  0.951201 0.847652 1 1 1.000000
chrome
0  -10.101888 -101.626328 19.484306  0.019228 -0.902397 0.430477  0.951201 0.847652 1 1 1.000000
0  -10.266490 -101.634888 19.473713  0.018151 -0.896584 0.442502  0.978545 0.847652 1 1 1.000000
0  -10.034640 -102.064766 18.149609  0.036453 -0.974489 0.221453  0.978545 0.665029 1 1 1.000000
chrome
0  -10.034640 -102.064766 18.149609  0.036453 -0.974489 0.221453  0.978545 0.665029 1 1 1.000000
0  -9.883754 -102.056915 18.159317  0.037305 -0.976943 0.210215  0.951201 0.665029 1 1 1.000000
0  -10.101888 -101.626328 19.484306  0.019228 -0.902397 0.430477  0.951201 0.847652 1 1 1.000000
chrome
0  -10.274937 -102.134430 15.072115  0.049667 -0.998158 0.034832  0.951201 0.250954 1 1 1.000000
0  -10.549994 -102.092484 16.737221  0.046832 -0.995925 0.077075  0.951201 0.479476 1 1 1.000000
0  -10.714599 -102.101044 16.726627  0.046460 -0.995507 0.082501  0.978545 0.479476 1 1 1.000000
chrome
0  -10.714599 -102.101044 16.726627  0.046466 -0.995510 0.082470  0.978545 0.479476 1 1 1.000000
0  -10.439539 -102.142990 15.061523  0.049667 -0.998157 0.034860  0.978545 0.250954 1 1 1.000000
0  -10.274937 -102.134430 15.072115  0.049667 -0.998157 0.034860  0.951201 0.250954 1 1 1.000000
chrome
0  -10.770923 -101.923866 18.102707  0.036557 -0.975009 0.219139  0.951201 0.666982 1 1 1.000000
0  -10.935528 -101.932419 18.092113  0.035642 -0.972271 0.231125  0.978545 0.666982 1 1 1.000000
0  -10.714599 -102.101044 16.726627  0.046460 -0.995507 0.082501  0.978545 0.479476 1 1 1.000000
chrome
0  -10.714599 -102.101044 16.726627  0.046460 -0.995507 0.082501  0.978545 0.479476 1 1 1.000000
0  -10.549994 -102.092484 16.737221  0.046832 -0.995925 0.077075  0.951201 0.479476 1 1 1.000000
0  -10.770923 -101.923866 18.102707  0.036557 -0.975009 0.219139  0.951201 0.666982 1 1 1.000000
chrome
0  -11.017204 -101.480957 19.425922  0.018818 -0.900223 0.435022  0.951201 0.849605 1 1 1.000000
0  -11.213473 -100.815132 20.435722  0.007889 -0.834111 0.551540  0.951201 0.989257 1 1 1.000000
0  -11.378077 -100.823692 20.425129  0.007889 -0.834111 0.551540  0.978545 0.989257 1 1 1.000000
chrome
0  -11.378077 -100.823692 20.425129  0.007860 -0.834130 0.551511  0.978545 0.989257 1 1 1.000000
0  -11.168091 -101.488800 19.416210  0.017725 -0.894398 0.446921  0.978545 0.849605 1 1 1.000000
0  -11.017204 -101.480957 19.425922  0.018827 -0.900416 0.434623  0.951201 0.849605 1 1 1.000000
chrome
0  -11.017204 -101.480957 19.425922  0.018827 -0.900416 0.434623  0.951201 0.849605 1 1 1.000000
0  -11.168091 -101.488800 19.416210  0.017725 -0.894398 0.446921  0.978545 0.849605 1 1 1.000000
0  -10.935528 -101.932419 18.092113  0.035642 -0.972271 0.231125  0.978545 0.666982 1 1 1.000000
chrome
0  -10.935528 -101.932419 18.092113  0.035642 -0.972271 0.231125  0.978545 0.666982 1 1 1.000000
0  -10.770923 -101.923866 18.102707  0.036557 -0.975009 0.219139  0.951201 0.666982 1 1 1.000000
0  -11.017204 -101.480957 19.425922  0.018827 -0.900416 0.434623  0.951201 0.849605 1 1 1.000000
chrome
0  -11.227449 -101.963188 15.356217  0.049381 -0.998012 0.039171  0.951201 0.298807 1 1 1.000000
0  -11.452310 -101.932640 16.679707  0.046563 -0.995622 0.081052  0.951201 0.480453 1 1 1.000000
0  -11.616914 -101.941200 16.669117  0.046169 -0.995160 0.086746  0.978545 0.481429 1 1 1.000000
chrome
0  -11.616914 -101.941200 16.669117  0.046175 -0.995162 0.086721  0.978545 0.481429 1 1 1.000000
0  -11.392052 -101.971748 15.345627  0.049383 -0.998011 0.039172  0.978545 0.298807 1 1 1.000000
0  -11.227449 -101.963188 15.356217  0.049383 -0.998012 0.039172  0.951201 0.298807 1 1 1.000000
chrome
0  -11.700671 -101.765472 18.043430  0.036279 -0.974247 0.222545  0.951201 0.667959 1 1 1.000000
0  -11.851559 -101.773308 18.033726  0.035315 -0.971322 0.235131  0.978545 0.668935 1 1 1.000000
0  -11.616914 -101.941200 16.669117  0.046169 -0.995160 0.086746  0.978545 0.481429 1 1 1.000000
chrome
0  -11.616914 -101.941200 16.669117  0.046169 -0.995160 0.086746  0.978545 0.481429 1 1 1.000000
0  -11.452310 -101.932640 16.679707  0.046563 -0.995622 0.081052  0.951201 0.480453 1 1 1.000000
0  -11.700671 -101.765472 18.043430  0.036279 -0.974247 0.222545  0.951201 0.667959 1 1 1.000000
chrome
0  -11.947666 -101.308823 19.366638  0.018812 -0.900044 0.435393  0.951201 0.850581 1 1 1.000000
0  -12.136671 -100.697792 20.307796  0.008086 -0.835276 0.549771  0.951201 0.980468 1 1 1.000000
0  -12.287556 -100.705643 20.298088  0.008093 -0.835328 0.549692  0.978545 0.981445 1 1 1.000000
chrome
0  -12.287556 -100.705643 20.298088  0.008009 -0.835287 0.549756  0.978545 0.981445 1 1 1.000000
0  -12.098552 -101.316658 19.356930  0.017622 -0.894017 0.447687  0.978545 0.851558 1 1 1.000000
0  -11.947666 -101.308823 19.366638  0.018746 -0.900161 0.435153  0.951201 0.850581 1 1 1.000000
chrome
0  -11.947666 -101.308823 19.366638  0.018746 -0.900161 0.435153  0.951201 0.850581 1 1 1.000000
0  -12.098552 -101.316658 19.356930  0.017622 -0.894017 0.447687  0.978545 0.851558 1 1 1.000000
0  -11.851559 -101.773308 18.033726  0.035315 -0.971322 0.235131  0.978545 0.668935 1 1 1.000000
chrome
0  -11.851559 -101.773308 18.033726  0.035315 -0.971322 0.235131  0.978545 0.668935 1 1 1.000000
0  -11.700671 -101.765472 18.043430  0.036279 -0.974247 0.222545  0.951201 0.667959 1 1 1.000000
0  -11.947666 -101.308823 19.366638  0.018746 -0.900161 0.435153  0.951201 0.850581 1 1 1.000000
chrome
0  -12.618846 -101.565117 17.985012  0.038844 -0.978163 0.204176  0.951201 0.669912 1 1 1.000000
0  -12.783447 -101.573669 17.974419  0.036654 -0.975290 0.217867  0.978545 0.669912 1 1 1.000000
0  -12.490727 -101.724953 16.337746  0.081275 -0.991127 0.105178  0.978545 0.446272 1 1 1.000000
chrome
0  -12.490727 -101.724953 16.337746  0.081275 -0.991127 0.105178  0.978545 0.446272 1 1 1.000000
0  -12.336312 -101.716957 16.292511  0.082982 -0.990992 0.105111  0.951201 0.437483 1 1 1.000000
0  -12.618846 -101.565117 17.985012  0.038844 -0.978163 0.204176  0.951201 0.669912 1 1 1.000000
chrome
0  -12.864412 -101.135948 19.308235  0.020039 -0.906615 0.421482  0.951201 0.852535 1 1 1.000000
0  -13.025882 -100.620071 20.112984  0.009770 -0.846458 0.532366  0.951201 0.963866 1 1 1.000000
0  -13.190484 -100.628632 20.102394  0.009771 -0.846458 0.532366  0.978545 0.963866 1 1 1.000000
chrome
0  -13.190484 -100.628632 20.102394  0.009716 -0.846435 0.532404  0.978545 0.963866 1 1 1.000000
0  -13.029016 -101.144501 19.297642  0.018855 -0.900644 0.434149  0.978545 0.852535 1 1 1.000000
0  -12.864412 -101.135948 19.308235  0.020015 -0.906794 0.421100  0.951201 0.852535 1 1 1.000000
chrome
0  -12.864412 -101.135948 19.308235  0.020015 -0.906794 0.421100  0.951201 0.852535 1 1 1.000000
0  -13.029016 -101.144501 19.297642  0.018855 -0.900644 0.434149  0.978545 0.852535 1 1 1.000000
0  -12.783447 -101.573669 17.974419  0.036654 -0.975290 0.217867  0.978545 0.669912 1 1 1.000000
chrome
0  -12.783447 -101.573669 17.974419  0.036654 -0.975290 0.217867  0.978545 0.669912 1 1 1.000000
0  -12.618846 -101.565117 17.985012  0.038844 -0.978163 0.204176  0.951201 0.669912 1 1 1.000000
0  -12.864412 -101.135948 19.308235  0.020015 -0.906794 0.421100  0.951201 0.852535 1 1 1.000000
chrome
0  -0.491856 -103.459084 15.420906  0.331371 -0.905128 -0.266339  0.166021 0.115207 1 1 1.000000
0  -0.523531 -103.446907 15.474072  -0.324767 -0.838738 0.437087  0.166021 0.115207 1 1 1.000000
0  -1.318328 -103.488525 14.981577  0.003207 -0.999533 0.030398  0.166021 0.124973 1 1 1.000000
chrome
0  -0.070499 -103.367836 16.096443  0.458175 -0.888600 -0.021569  0.166021 0.104465 1 1 1.000000
0  -0.113415 -103.370049 16.121265  -0.459202 -0.832908 0.308866  0.166021 0.104465 1 1 1.000000
0  -0.523531 -103.446907 15.474072  -0.324767 -0.838738 0.437087  0.166021 0.115207 1 1 1.000000
chrome
0  -0.523531 -103.446907 15.474072  -0.324767 -0.838738 0.437087  0.166021 0.115207 1 1 1.000000
0  -0.491856 -103.459084 15.420906  0.331371 -0.905128 -0.266339  0.166021 0.115207 1 1 1.000000
0  -0.070499 -103.367836 16.096443  0.458175 -0.888600 -0.021569  0.166021 0.104465 1 1 1.000000
chrome
0  0.102080 -103.096077 17.487473  0.416820 -0.889422 0.187587  0.166021 0.088839 1 1 1.000000
0  0.046330 -103.098969 17.497677  -0.541328 -0.816422 0.201044  0.166021 0.088839 1 1 1.000000
0  -0.113415 -103.370049 16.121265  -0.459202 -0.832908 0.308866  0.166021 0.104465 1 1 1.000000
chrome
0  -0.113415 -103.370049 16.121265  -0.459202 -0.832908 0.308866  0.166021 0.104465 1 1 1.000000
0  -0.070499 -103.367836 16.096443  0.458175 -0.888600 -0.021569  0.166021 0.104465 1 1 1.000000
0  0.102080 -103.096077 17.487473  0.416820 -0.889422 0.187587  0.166021 0.088839 1 1 1.000000
chrome
0  -0.033542 -102.716293 18.859001  0.339504 -0.880261 0.331477  0.083010 0.083956 1 1 1.000000
0  -0.089292 -102.719177 18.869202  -0.558229 -0.813723 0.161970  0.083010 0.083956 1 1 1.000000
0  0.046330 -103.098969 17.497677  -0.541328 -0.816422 0.201044  0.166021 0.088839 1 1 1.000000
chrome
0  0.046330 -103.098969 17.497677  -0.541328 -0.816422 0.201044  0.166021 0.088839 1 1 1.000000
0  0.102080 -103.096077 17.487473  0.416820 -0.889422 0.187587  0.166021 0.088839 1 1 1.000000
0  -0.033542 -102.716293 18.859001  0.339504 -0.880261 0.331477  0.083010 0.083956 1 1 1.000000
chrome
0  -0.389223 -102.251518 20.147667  0.201454 -0.879274 0.431617  0.062502 0.083956 1 1 1.000000
0  -0.457640 -102.241302 20.129505  -0.523415 -0.844049 0.116695  0.062502 0.083956 1 1 1.000000
0  -0.089292 -102.719177 18.869202  -0.558229 -0.813723 0.161970  0.083010 0.083956 1 1 1.000000
chrome
0  -0.089292 -102.719177 18.869202  -0.558229 -0.813723 0.161970  0.083010 0.083956 1 1 1.000000
0  -0.033542 -102.716293 18.859001  0.339504 -0.880261 0.331477  0.083010 0.083956 1 1 1.000000
0  -0.389223 -102.251518 20.147667  0.201454 -0.879274 0.431617  0.062502 0.083956 1 1 1.000000
chrome
0  -0.754272 -101.994476 20.676598  0.082388 -0.862189 0.499843  0.018555 0.082003 1 1 1.000000
0  -0.792777 -101.996513 20.632744  -0.501114 -0.865381 0.000558  0.020508 0.082003 1 1 1.000000
0  -0.457640 -102.241302 20.129505  -0.523415 -0.844049 0.116695  0.062502 0.083956 1 1 1.000000
chrome
0  -0.457640 -102.241302 20.129505  -0.523415 -0.844049 0.116695  0.062502 0.083956 1 1 1.000000
0  -0.389223 -102.251518 20.147667  0.201454 -0.879274 0.431617  0.062502 0.083956 1 1 1.000000
0  -0.754272 -101.994476 20.676598  0.082388 -0.862189 0.499843  0.018555 0.082003 1 1 1.000000
chrome
0  -1.097565 -101.832970 20.944622  -0.023317 -0.838757 0.544006  0.000000 0.083956 1 1 1.000000
0  -1.136070 -101.834999 20.900768  -0.373263 -0.918339 -0.131637  0.000000 0.083956 1 1 1.000000
0  -0.792777 -101.996513 20.632744  -0.501114 -0.865381 0.000558  0.020508 0.082003 1 1 1.000000
chrome
0  -0.792777 -101.996513 20.632744  -0.501114 -0.865381 0.000558  0.020508 0.082003 1 1 1.000000
0  -0.754272 -101.994476 20.676598  0.082388 -0.862189 0.499843  0.018555 0.082003 1 1 1.000000
0  -1.097565 -101.832970 20.944622  -0.023317 -0.838757 0.544006  0.000000 0.083956 1 1 1.000000
chrome
0  -1.567950 -101.719482 21.080231  -0.063465 -0.867425 0.493503  0.000000 0.083956 1 1 1.000000
0  -1.591856 -101.720764 21.023525  -0.228779 -0.921578 -0.313615  0.000000 0.083956 1 1 1.000000
0  -1.136070 -101.834999 20.900768  -0.373263 -0.918339 -0.131637  0.000000 0.083956 1 1 1.000000
chrome
0  -1.136070 -101.834999 20.900768  -0.373263 -0.918339 -0.131637  0.000000 0.083956 1 1 1.000000
0  -1.097565 -101.832970 20.944622  -0.023317 -0.838757 0.544006  0.000000 0.083956 1 1 1.000000
0  -1.567950 -101.719482 21.080231  -0.063465 -0.867425 0.493503  0.000000 0.083956 1 1 1.000000
chrome
0  -2.737564 -101.614807 21.143333  -0.064691 -0.896456 0.438386  0.000000 0.083956 1 1 1.000000
0  -2.734037 -101.614662 21.088390  -0.086864 -0.896586 -0.434268  0.000000 0.083956 1 1 1.000000
0  -1.591856 -101.720764 21.023525  -0.228779 -0.921578 -0.313615  0.000000 0.083956 1 1 1.000000
chrome
0  -1.591856 -101.720764 21.023525  -0.228779 -0.921578 -0.313615  0.000000 0.083956 1 1 1.000000
0  -1.567950 -101.719482 21.080231  -0.063465 -0.867425 0.493503  0.000000 0.083956 1 1 1.000000
0  -2.737564 -101.614807 21.143333  -0.064691 -0.896456 0.438386  0.000000 0.083956 1 1 1.000000
chrome
0  -4.550324 -101.488480 21.096233  -0.074175 -0.910643 0.406481  0.000000 0.083956 1 1 1.000000
0  -4.547678 -101.488373 21.055027  -0.038409 -0.869432 -0.492556  0.000000 0.083956 1 1 1.000000
0  -2.734037 -101.614662 21.088390  -0.086864 -0.896586 -0.434268  0.000000 0.083956 1 1 1.000000
chrome
0  -2.734037 -101.614662 21.088390  -0.086864 -0.896586 -0.434268  0.000000 0.083956 1 1 1.000000
0  -2.737564 -101.614807 21.143333  -0.064691 -0.896456 0.438386  0.000000 0.083956 1 1 1.000000
0  -4.550324 -101.488480 21.096233  -0.074175 -0.910643 0.406481  0.000000 0.083956 1 1 1.000000
chrome
0  -7.573077 -101.301056 20.916435  -0.096898 -0.907795 0.408067  0.000000 0.083956 1 1 1.000000
0  -7.569549 -101.300911 20.861492  -0.025192 -0.874545 -0.484290  0.000000 0.083956 1 1 1.000000
0  -4.547678 -101.488373 21.055027  -0.038409 -0.869432 -0.492556  0.000000 0.083956 1 1 1.000000
chrome
0  -4.547678 -101.488373 21.055027  -0.038409 -0.869432 -0.492556  0.000000 0.083956 1 1 1.000000
0  -4.550324 -101.488480 21.096233  -0.074175 -0.910643 0.406481  0.000000 0.083956 1 1 1.000000
0  -7.573077 -101.301056 20.916435  -0.096898 -0.907795 0.408067  0.000000 0.083956 1 1 1.000000
chrome
0  -10.384447 -101.075150 20.639973  -0.112276 -0.902970 0.414776  0.000000 0.333964 1 1 1.000000
0  -10.367203 -101.074287 20.585918  0.009162 -0.874900 -0.484217  0.000000 0.333964 1 1 1.000000
0  -7.569549 -101.300911 20.861492  -0.025192 -0.874545 -0.484290  0.000000 0.083956 1 1 1.000000
chrome
0  -7.569549 -101.300911 20.861492  -0.025192 -0.874545 -0.484290  0.000000 0.083956 1 1 1.000000
0  -7.573077 -101.301056 20.916435  -0.096898 -0.907795 0.408067  0.000000 0.083956 1 1 1.000000
0  -10.384447 -101.075150 20.639973  -0.112276 -0.902970 0.414776  0.000000 0.333964 1 1 1.000000
chrome
0  -12.369297 -100.985527 20.292095  -0.104042 -0.906463 0.409267  0.000000 0.333964 1 1 1.000000
0  -12.352934 -100.984703 20.251770  0.079013 -0.870406 -0.485954  0.000000 0.333964 1 1 1.000000
0  -10.367203 -101.074287 20.585918  0.009162 -0.874900 -0.484217  0.000000 0.333964 1 1 1.000000
chrome
0  -10.367203 -101.074287 20.585918  0.009162 -0.874900 -0.484217  0.000000 0.333964 1 1 1.000000
0  -10.384447 -101.075150 20.639973  -0.112276 -0.902970 0.414776  0.000000 0.333964 1 1 1.000000
0  -12.369297 -100.985527 20.292095  -0.104042 -0.906463 0.409267  0.000000 0.333964 1 1 1.000000
chrome
0  -13.239624 -100.989532 20.084484  -0.095270 -0.896958 0.431728  0.000000 0.333964 1 1 1.000000
0  -13.222380 -100.988663 20.030426  0.195013 -0.904620 -0.378989  0.000000 0.333964 1 1 1.000000
0  -12.352934 -100.984703 20.251770  0.079013 -0.870406 -0.485954  0.000000 0.333964 1 1 1.000000
chrome
0  -12.352934 -100.984703 20.251770  0.079013 -0.870406 -0.485954  0.000000 0.333964 1 1 1.000000
0  -12.369297 -100.985527 20.292095  -0.104042 -0.906463 0.409267  0.000000 0.333964 1 1 1.000000
0  -13.239624 -100.989532 20.084484  -0.095270 -0.896958 0.431728  0.000000 0.333964 1 1 1.000000
chrome
0  -13.655318 -101.025017 19.919777  -0.130068 -0.875793 0.464832  0.000000 0.333964 1 1 1.000000
0  -13.597806 -101.022057 19.882099  0.265431 -0.962584 -0.054582  0.000000 0.333964 1 1 1.000000
0  -13.222380 -100.988663 20.030426  0.195013 -0.904620 -0.378989  0.000000 0.333964 1 1 1.000000
chrome
0  -13.222380 -100.988663 20.030426  0.195013 -0.904620 -0.378989  0.000000 0.333964 1 1 1.000000
0  -13.239624 -100.989532 20.084484  -0.095270 -0.896958 0.431728  0.000000 0.333964 1 1 1.000000
0  -13.655318 -101.025017 19.919777  -0.130068 -0.875793 0.464832  0.000000 0.333964 1 1 1.000000
chrome
0  -13.822509 -101.061371 19.757229  -0.173489 -0.869825 0.461850  0.000000 0.333964 1 1 1.000000
0  -13.764283 -101.072151 19.719566  0.262125 -0.951701 0.159860  0.000000 0.333964 1 1 1.000000
0  -13.597806 -101.022057 19.882099  0.265431 -0.962584 -0.054582  0.000000 0.333964 1 1 1.000000
chrome
0  -13.597806 -101.022057 19.882099  0.265431 -0.962584 -0.054582  0.000000 0.333964 1 1 1.000000
0  -13.655318 -101.025017 19.919777  -0.130068 -0.875793 0.464832  0.000000 0.333964 1 1 1.000000
0  -13.822509 -101.061371 19.757229  -0.173489 -0.869825 0.461850  0.000000 0.333964 1 1 1.000000
chrome
0  -13.963326 -101.248161 19.306339  -0.286745 -0.905617 0.312467  0.016602 0.294900 1 1 1.000000
0  -13.879428 -101.257591 19.297909  0.327396 -0.867485 0.374543  0.016602 0.294900 1 1 1.000000
0  -13.847029 -101.145477 19.562340  0.304993 -0.912518 0.272564  0.000000 0.333964 1 1 1.000000
chrome
0  -13.847029 -101.145477 19.562340  0.304993 -0.912518 0.272564  0.000000 0.333964 1 1 1.000000
0  -13.930926 -101.136047 19.570770  -0.206344 -0.887312 0.412431  0.000000 0.333964 1 1 1.000000
0  -13.963326 -101.248161 19.306339  -0.286745 -0.905617 0.312467  0.016602 0.294900 1 1 1.000000
chrome
0  -13.708847 -101.676674 18.273323  -0.368737 -0.906071 0.207531  0.020508 0.291971 1 1 1.000000
0  -13.641143 -101.673141 18.291473  0.360995 -0.819692 0.444734  0.020508 0.291971 1 1 1.000000
0  -13.879428 -101.257591 19.297909  0.327396 -0.867485 0.374543  0.016602 0.294900 1 1 1.000000
chrome
0  -13.879428 -101.257591 19.297909  0.327396 -0.867485 0.374543  0.016602 0.294900 1 1 1.000000
0  -13.963326 -101.248161 19.306339  -0.286745 -0.905617 0.312467  0.016602 0.294900 1 1 1.000000
0  -13.708847 -101.676674 18.273323  -0.368737 -0.906071 0.207531  0.020508 0.291971 1 1 1.000000
chrome
0  -13.147579 -102.144516 17.011646  -0.423203 -0.903225 0.071293  0.041017 0.291971 1 1 1.000000
0  -13.094475 -102.141739 17.042645  0.318726 -0.820702 0.474196  0.041017 0.291971 1 1 1.000000
0  -13.641143 -101.673141 18.291473  0.360995 -0.819692 0.444734  0.020508 0.291971 1 1 1.000000
chrome
0  -13.641143 -101.673141 18.291473  0.360995 -0.819692 0.444734  0.020508 0.291971 1 1 1.000000
0  -13.708847 -101.676674 18.273323  -0.368737 -0.906071 0.207531  0.020508 0.291971 1 1 1.000000
0  -13.147579 -102.144516 17.011646  -0.423203 -0.903225 0.071293  0.041017 0.291971 1 1 1.000000
chrome
0  -12.303925 -102.556313 15.823415  -0.378591 -0.923743 -0.058043  0.083010 0.291971 1 1 1.000000
0  -12.266133 -102.540550 15.867261  0.278943 -0.811114 0.514086  0.083010 0.291971 1 1 1.000000
0  -13.094475 -102.141739 17.042645  0.318726 -0.820702 0.474196  0.041017 0.291971 1 1 1.000000
chrome
0  -13.094475 -102.141739 17.042645  0.318726 -0.820702 0.474196  0.041017 0.291971 1 1 1.000000
0  -13.147579 -102.144516 17.011646  -0.423203 -0.903225 0.071293  0.041017 0.291971 1 1 1.000000
0  -12.303925 -102.556313 15.823415  -0.378591 -0.923743 -0.058043  0.083010 0.291971 1 1 1.000000
chrome
0  -11.707325 -102.718643 15.268223  -0.341430 -0.913612 -0.220768  0.125004 0.291971 1 1 1.000000
0  -11.668818 -102.716621 15.312078  0.158795 -0.830808 0.533425  0.125004 0.291971 1 1 1.000000
0  -12.266133 -102.540550 15.867261  0.278943 -0.811114 0.514086  0.083010 0.291971 1 1 1.000000
chrome
0  -12.266133 -102.540550 15.867261  0.278943 -0.811114 0.514086  0.083010 0.291971 1 1 1.000000
0  -12.303925 -102.556313 15.823415  -0.378591 -0.923743 -0.058043  0.083010 0.291971 1 1 1.000000
0  -11.707325 -102.718643 15.268223  -0.341430 -0.913612 -0.220768  0.125004 0.291971 1 1 1.000000
chrome
0  -10.930866 -102.857735 14.903939  -0.246536 -0.909705 -0.334151  0.166021 0.291971 1 1 1.000000
0  -10.906077 -102.856422 14.946912  0.049933 -0.836503 0.545683  0.166021 0.291971 1 1 1.000000
0  -11.668818 -102.716621 15.312078  0.158795 -0.830808 0.533425  0.125004 0.291971 1 1 1.000000
chrome
0  -11.668818 -102.716621 15.312078  0.158795 -0.830808 0.533425  0.125004 0.291971 1 1 1.000000
0  -11.707325 -102.718643 15.268223  -0.341430 -0.913612 -0.220768  0.125004 0.291971 1 1 1.000000
0  -10.930866 -102.857735 14.903939  -0.246536 -0.909705 -0.334151  0.166021 0.291971 1 1 1.000000
chrome
0  -9.461963 -103.071091 14.570128  -0.148432 -0.886782 -0.437704  0.166021 0.249977 1 1 1.000000
0  -9.437176 -103.069778 14.613099  -0.024128 -0.843022 0.537337  0.166021 0.249977 1 1 1.000000
0  -10.906077 -102.856422 14.946912  0.049933 -0.836503 0.545683  0.166021 0.291971 1 1 1.000000
chrome
0  -10.906077 -102.856422 14.946912  0.049933 -0.836503 0.545683  0.166021 0.291971 1 1 1.000000
0  -10.930866 -102.857735 14.903939  -0.246536 -0.909705 -0.334151  0.166021 0.291971 1 1 1.000000
0  -9.461963 -103.071091 14.570128  -0.148432 -0.886782 -0.437704  0.166021 0.249977 1 1 1.000000
chrome
0  -7.055200 -103.290695 14.475821  -0.064787 -0.997891 0.004120  0.166021 0.166967 1 1 1.000000
0  -9.437176 -103.069778 14.613099  -0.024128 -0.843022 0.537337  0.166021 0.249977 1 1 1.000000
0  -9.461963 -103.071091 14.570128  -0.148432 -0.886782 -0.437704  0.166021 0.249977 1 1 1.000000
chrome
0  -2.406910 -103.476341 14.718623  0.047499 -0.912749 -0.405750  0.166021 0.135716 1 1 1.000000
0  -2.409556 -103.476448 14.759830  -0.095276 -0.821809 0.561741  0.166021 0.135716 1 1 1.000000
0  -4.252841 -103.420700 14.600245  -0.056243 -0.997241 0.048445  0.166021 0.146458 1 1 1.000000
chrome
0  -1.318328 -103.488525 14.981577  0.003207 -0.999533 0.030398  0.166021 0.124973 1 1 1.000000
0  -2.409556 -103.476448 14.759830  -0.095276 -0.821809 0.561741  0.166021 0.135716 1 1 1.000000
0  -2.406910 -103.476341 14.718623  0.047499 -0.912749 -0.405750  0.166021 0.135716 1 1 1.000000
chrome
0  -13.764283 -101.072151 19.719566  0.262125 -0.951701 0.159860  0.000000 0.333964 1 1 1.000000
0  -13.822509 -101.061371 19.757229  -0.173489 -0.869825 0.461850  0.000000 0.333964 1 1 1.000000
0  -13.930926 -101.136047 19.570770  -0.206344 -0.887312 0.412431  0.000000 0.333964 1 1 1.000000
chrome
0  -13.930926 -101.136047 19.570770  -0.206344 -0.887312 0.412431  0.000000 0.333964 1 1 1.000000
0  -13.847029 -101.145477 19.562340  0.304993 -0.912518 0.272564  0.000000 0.333964 1 1 1.000000
0  -13.764283 -101.072151 19.719566  0.262125 -0.951701 0.159860  0.000000 0.333964 1 1 1.000000
chrome
0  3.647223 -103.230377 15.301101  0.096163 -0.994702 0.036349  0.166021 0.124973 1 1 1.000000
0  2.795981 -103.274338 15.687678  0.350256 -0.803896 0.480700  0.166021 0.115207 1 1 1.000000
0  2.772789 -103.289360 15.630980  -0.199507 -0.932768 -0.300234  0.166021 0.115207 1 1 1.000000
chrome
0  2.772789 -103.289360 15.630980  -0.199507 -0.932768 -0.300234  0.166021 0.115207 1 1 1.000000
0  2.795981 -103.274338 15.687678  0.350256 -0.803896 0.480700  0.166021 0.115207 1 1 1.000000
0  2.300776 -103.244537 16.276615  0.498739 -0.783530 0.370594  0.166021 0.104465 1 1 1.000000
chrome
0  2.300776 -103.244537 16.276615  0.498739 -0.783530 0.370594  0.166021 0.104465 1 1 1.000000
0  2.261389 -103.246605 16.246494  -0.356941 -0.931193 -0.073977  0.166021 0.104465 1 1 1.000000
0  2.772789 -103.289360 15.630980  -0.199507 -0.932768 -0.300234  0.166021 0.115207 1 1 1.000000
chrome
0  2.261389 -103.246605 16.246494  -0.356941 -0.931193 -0.073977  0.166021 0.104465 1 1 1.000000
0  2.300776 -103.244537 16.276615  0.498739 -0.783530 0.370594  0.166021 0.104465 1 1 1.000000
0  1.939275 -103.000565 17.619484  0.592106 -0.757794 0.274151  0.166021 0.088839 1 1 1.000000
chrome
0  1.939275 -103.000565 17.619484  0.592106 -0.757794 0.274151  0.166021 0.088839 1 1 1.000000
0  1.885289 -103.003380 17.602219  -0.342658 -0.929159 0.138742  0.166021 0.088839 1 1 1.000000
0  2.261389 -103.246605 16.246494  -0.356941 -0.931193 -0.073977  0.166021 0.104465 1 1 1.000000
chrome
0  1.885289 -103.003380 17.602219  -0.342658 -0.929159 0.138742  0.166021 0.088839 1 1 1.000000
0  1.939275 -103.000565 17.619484  0.592106 -0.757794 0.274151  0.166021 0.088839 1 1 1.000000
0  1.858521 -102.617920 18.994541  0.613239 -0.753117 0.238226  0.083010 0.083956 1 1 1.000000
chrome
0  1.858521 -102.617920 18.994541  0.613239 -0.753117 0.238226  0.083010 0.083956 1 1 1.000000
0  1.804535 -102.620735 18.977276  -0.285711 -0.912950 0.291362  0.083010 0.083956 1 1 1.000000
0  1.885289 -103.003380 17.602219  -0.342658 -0.929159 0.138742  0.166021 0.088839 1 1 1.000000
chrome
0  1.804535 -102.620735 18.977276  -0.285711 -0.912950 0.291362  0.083010 0.083956 1 1 1.000000
0  1.858521 -102.617920 18.994541  0.613239 -0.753117 0.238226  0.083010 0.083956 1 1 1.000000
0  2.011419 -102.112946 20.288387  0.587640 -0.786385 0.190468  0.062502 0.083956 1 1 1.000000
chrome
0  2.011419 -102.112946 20.288387  0.587640 -0.786385 0.190468  0.062502 0.083956 1 1 1.000000
0  1.942665 -102.130295 20.297718  -0.161776 -0.898327 0.408457  0.062502 0.083956 1 1 1.000000
0  1.804535 -102.620735 18.977276  -0.285711 -0.912950 0.291362  0.083010 0.083956 1 1 1.000000
chrome
0  1.942665 -102.130295 20.297718  -0.161776 -0.898327 0.408457  0.062502 0.083956 1 1 1.000000
0  2.011419 -102.112946 20.288387  0.587640 -0.786385 0.190468  0.062502 0.083956 1 1 1.000000
0  2.252396 -101.838196 20.828697  0.582177 -0.809986 0.070662  0.036134 0.081027 1 1 1.000000
chrome
0  2.252396 -101.838196 20.828697  0.582177 -0.809986 0.070662  0.036134 0.081027 1 1 1.000000
0  2.208599 -101.840454 20.867256  -0.054790 -0.870126 0.489774  0.035157 0.081027 1 1 1.000000
0  1.942665 -102.130295 20.297718  -0.161776 -0.898327 0.408457  0.062502 0.083956 1 1 1.000000
chrome
0  2.208599 -101.840454 20.867256  -0.054790 -0.870126 0.489774  0.035157 0.081027 1 1 1.000000
0  2.252396 -101.838196 20.828697  0.582177 -0.809986 0.070662  0.036134 0.081027 1 1 1.000000
0  2.540083 -101.643883 21.137321  0.480527 -0.873920 -0.073201  0.000000 0.083956 1 1 1.000000
chrome
0  2.540083 -101.643883 21.137321  0.480527 -0.873920 -0.073201  0.000000 0.083956 1 1 1.000000
0  2.496287 -101.646133 21.175880  0.041595 -0.835920 0.547273  0.000000 0.083956 1 1 1.000000
0  2.208599 -101.840454 20.867256  -0.054790 -0.870126 0.489774  0.035157 0.081027 1 1 1.000000
chrome
0  2.496287 -101.646133 21.175880  0.041595 -0.835920 0.547273  0.000000 0.083956 1 1 1.000000
0  2.540083 -101.643883 21.137321  0.480527 -0.873920 -0.073201  0.000000 0.083956 1 1 1.000000
0  2.962185 -101.484009 21.316570  0.359509 -0.891743 -0.274859  0.000000 0.083956 1 1 1.000000
chrome
0  2.962185 -101.484009 21.316570  0.359509 -0.891743 -0.274859  0.000000 0.083956 1 1 1.000000
0  2.931224 -101.485580 21.369743  0.088318 -0.860933 0.500993  0.000000 0.083956 1 1 1.000000
0  2.496287 -101.646133 21.175880  0.041595 -0.835920 0.547273  0.000000 0.083956 1 1 1.000000
chrome
0  2.931224 -101.485580 21.369743  0.088318 -0.860933 0.500993  0.000000 0.083956 1 1 1.000000
0  2.962185 -101.484009 21.316570  0.359509 -0.891743 -0.274859  0.000000 0.083956 1 1 1.000000
0  4.069592 -101.260971 21.526192  0.233508 -0.880185 -0.413217  0.000000 0.083956 1 1 1.000000
chrome
0  4.069592 -101.260971 21.526192  0.233508 -0.880185 -0.413217  0.000000 0.083956 1 1 1.000000
0  4.066064 -101.261108 21.581139  0.099638 -0.888227 0.448470  0.000000 0.083956 1 1 1.000000
0  2.931224 -101.485580 21.369743  0.088318 -0.860933 0.500993  0.000000 0.083956 1 1 1.000000
chrome
0  4.066064 -101.261108 21.581139  0.099638 -0.888227 0.448470  0.000000 0.083956 1 1 1.000000
0  4.069592 -101.260971 21.526192  0.233508 -0.880185 -0.413217  0.000000 0.083956 1 1 1.000000
0  5.849803 -100.947838 21.724087  0.190163 -0.857765 -0.477574  0.000000 0.083956 1 1 1.000000
chrome
0  5.849803 -100.947838 21.724087  0.190163 -0.857765 -0.477574  0.000000 0.083956 1 1 1.000000
0  5.847157 -100.947945 21.765293  0.114894 -0.900909 0.418524  0.000000 0.083956 1 1 1.000000
0  4.066064 -101.261108 21.581139  0.099638 -0.888227 0.448470  0.000000 0.083956 1 1 1.000000
chrome
0  5.847157 -100.947945 21.765293  0.114894 -0.900909 0.418524  0.000000 0.083956 1 1 1.000000
0  5.849803 -100.947838 21.724087  0.190163 -0.857765 -0.477574  0.000000 0.083956 1 1 1.000000
0  8.835974 -100.448036 21.917160  0.177253 -0.864057 -0.471154  0.000000 0.083956 1 1 1.000000
chrome
0  8.835974 -100.448036 21.917160  0.177253 -0.864057 -0.471154  0.000000 0.083956 1 1 1.000000
0  8.832447 -100.448181 21.972103  0.137197 -0.895591 0.423195  0.000000 0.083956 1 1 1.000000
0  5.847157 -100.947945 21.765293  0.114894 -0.900909 0.418524  0.000000 0.083956 1 1 1.000000
chrome
0  8.832447 -100.448181 21.972103  0.137197 -0.895591 0.423195  0.000000 0.083956 1 1 1.000000
0  8.835974 -100.448036 21.917160  0.177253 -0.864057 -0.471154  0.000000 0.083956 1 1 1.000000
0  11.607420 -99.931885 21.999947  0.143470 -0.868027 -0.475336  0.000000 0.333964 1 1 1.000000
chrome
0  11.607420 -99.931885 21.999947  0.143470 -0.868027 -0.475336  0.000000 0.333964 1 1 1.000000
0  11.617609 -99.931320 22.055767  0.151044 -0.889291 0.431680  0.000000 0.333964 1 1 1.000000
0  8.832447 -100.448181 21.972103  0.137197 -0.895591 0.423195  0.000000 0.083956 1 1 1.000000
chrome
0  11.617609 -99.931320 22.055767  0.151044 -0.889291 0.431680  0.000000 0.333964 1 1 1.000000
0  11.607420 -99.931885 21.999947  0.143470 -0.868027 -0.475336  0.000000 0.333964 1 1 1.000000
0  13.599618 -99.635498 21.921772  0.073497 -0.870579 -0.486509  0.000000 0.333964 1 1 1.000000
chrome
0  13.599618 -99.635498 21.921772  0.073497 -0.870579 -0.486509  0.000000 0.333964 1 1 1.000000
0  13.610688 -99.634895 21.963860  0.143444 -0.893582 0.425364  0.000000 0.333964 1 1 1.000000
0  11.617609 -99.931320 22.055767  0.151044 -0.889291 0.431680  0.000000 0.333964 1 1 1.000000
chrome
0  13.610688 -99.634895 21.963860  0.143444 -0.893582 0.425364  0.000000 0.333964 1 1 1.000000
0  13.599618 -99.635498 21.921772  0.073497 -0.870579 -0.486509  0.000000 0.333964 1 1 1.000000
0  14.485946 -99.548187 21.813408  -0.053951 -0.916553 -0.396257  0.000000 0.333964 1 1 1.000000
chrome
0  14.485946 -99.548187 21.813408  -0.053951 -0.916553 -0.396257  0.000000 0.333964 1 1 1.000000
0  14.496135 -99.547623 21.869228  0.129240 -0.883985 0.449297  0.000000 0.333964 1 1 1.000000
0  13.610688 -99.634895 21.963860  0.143444 -0.893582 0.425364  0.000000 0.333964 1 1 1.000000
chrome
0  14.496135 -99.547623 21.869228  0.129240 -0.883985 0.449297  0.000000 0.333964 1 1 1.000000
0  14.485946 -99.548187 21.813408  -0.053951 -0.916553 -0.396257  0.000000 0.333964 1 1 1.000000
0  14.878675 -99.541634 21.714508  -0.163686 -0.982754 -0.086035  0.000000 0.333964 1 1 1.000000
chrome
0  14.878675 -99.541634 21.714508  -0.163686 -0.982754 -0.086035  0.000000 0.333964 1 1 1.000000
0  14.930897 -99.538895 21.759247  0.157830 -0.855344 0.493434  0.000000 0.333964 1 1 1.000000
0  14.496135 -99.547623 21.869228  0.129240 -0.883985 0.449297  0.000000 0.333964 1 1 1.000000
chrome
0  14.930897 -99.538895 21.759247  0.157830 -0.855344 0.493434  0.000000 0.333964 1 1 1.000000
0  14.878675 -99.541634 21.714508  -0.163686 -0.982754 -0.086035  0.000000 0.333964 1 1 1.000000
0  15.068837 -99.573196 21.574924  -0.179547 -0.976348 0.120442  0.000000 0.333964 1 1 1.000000
chrome
0  15.068837 -99.573196 21.574924  -0.179547 -0.976348 0.120442  0.000000 0.333964 1 1 1.000000
0  15.120345 -99.556709 21.619648  0.209743 -0.848573 0.485727  0.000000 0.333964 1 1 1.000000
0  14.930897 -99.538895 21.759247  0.157830 -0.855344 0.493434  0.000000 0.333964 1 1 1.000000
chrome
0  15.258834 -99.618546 21.449078  0.243550 -0.863325 0.441989  0.000000 0.333964 1 1 1.000000
0  15.178128 -99.636536 21.430058  -0.242774 -0.940818 0.236479  0.000000 0.333964 1 1 1.000000
0  15.255466 -99.742943 21.172688  -0.282423 -0.898908 0.334966  0.016602 0.294900 1 1 1.000000
chrome
0  15.255466 -99.742943 21.172688  -0.282423 -0.898908 0.334966  0.016602 0.294900 1 1 1.000000
0  15.336172 -99.724960 21.191708  0.337797 -0.872928 0.351981  0.016602 0.294900 1 1 1.000000
0  15.258834 -99.618546 21.449078  0.243550 -0.863325 0.441989  0.000000 0.333964 1 1 1.000000
chrome
0  15.336172 -99.724960 21.191708  0.337797 -0.872928 0.351981  0.016602 0.294900 1 1 1.000000
0  15.255466 -99.742943 21.172688  -0.282423 -0.898908 0.334966  0.016602 0.294900 1 1 1.000000
0  15.191977 -100.174187 20.146832  -0.329208 -0.855145 0.400436  0.020508 0.291971 1 1 1.000000
chrome
0  15.191977 -100.174187 20.146832  -0.329208 -0.855145 0.400436  0.020508 0.291971 1 1 1.000000
0  15.261444 -100.170586 20.137512  0.431598 -0.864230 0.258515  0.020508 0.291971 1 1 1.000000
0  15.336172 -99.724960 21.191708  0.337797 -0.872928 0.351981  0.016602 0.294900 1 1 1.000000
chrome
0  15.261444 -100.170586 20.137512  0.431598 -0.864230 0.258515  0.020508 0.291971 1 1 1.000000
0  15.191977 -100.174187 20.146832  -0.329208 -0.855145 0.400436  0.020508 0.291971 1 1 1.000000
0  14.860758 -100.688423 18.841515  -0.290987 -0.852387 0.434468  0.041017 0.291971 1 1 1.000000
chrome
0  14.860758 -100.688423 18.841515  -0.290987 -0.852387 0.434468  0.041017 0.291971 1 1 1.000000
0  14.917389 -100.685493 18.817577  0.501902 -0.855102 0.129986  0.041017 0.291971 1 1 1.000000
0  15.261444 -100.170586 20.137512  0.431598 -0.864230 0.258515  0.020508 0.291971 1 1 1.000000
chrome
0  14.917389 -100.685493 18.817577  0.501902 -0.855102 0.129986  0.041017 0.291971 1 1 1.000000
0  14.860758 -100.688423 18.841515  -0.290987 -0.852387 0.434468  0.041017 0.291971 1 1 1.000000
0  14.235098 -101.162811 17.572567  -0.257260 -0.838117 0.481018  0.083010 0.291971 1 1 1.000000
chrome
0  14.235098 -101.162811 17.572567  -0.257260 -0.838117 0.481018  0.083010 0.291971 1 1 1.000000
0  14.279610 -101.174316 17.534019  0.477315 -0.878728 -0.002699  0.083010 0.291971 1 1 1.000000
0  14.917389 -100.685493 18.817577  0.501902 -0.855102 0.129986  0.041017 0.291971 1 1 1.000000
chrome
0  14.279610 -101.174316 17.534019  0.477315 -0.878728 -0.002699  0.083010 0.291971 1 1 1.000000
0  14.235098 -101.162811 17.572567  -0.257260 -0.838117 0.481018  0.083010 0.291971 1 1 1.000000
0  13.735051 -101.395935 16.946774  -0.140241 -0.845723 0.514865  0.125004 0.291971 1 1 1.000000
chrome
0  13.735051 -101.395935 16.946774  -0.140241 -0.845723 0.514865  0.125004 0.291971 1 1 1.000000
0  13.778851 -101.393684 16.908215  0.459728 -0.871538 -0.170505  0.125004 0.291971 1 1 1.000000
0  14.279610 -101.174316 17.534019  0.477315 -0.878728 -0.002699  0.083010 0.291971 1 1 1.000000
chrome
0  13.778851 -101.393684 16.908215  0.459728 -0.871538 -0.170505  0.125004 0.291971 1 1 1.000000
0  13.735051 -101.395935 16.946774  -0.140241 -0.845723 0.514865  0.125004 0.291971 1 1 1.000000
0  13.043793 -101.611320 16.488045  -0.033263 -0.840261 0.541161  0.166021 0.291971 1 1 1.000000
chrome
0  13.043793 -101.611320 16.488045  -0.033263 -0.840261 0.541161  0.166021 0.291971 1 1 1.000000
0  13.073874 -101.609787 16.448605  0.379660 -0.876927 -0.294716  0.166021 0.291971 1 1 1.000000
0  13.778851 -101.393684 16.908215  0.459728 -0.871538 -0.170505  0.125004 0.291971 1 1 1.000000
chrome
0  13.073874 -101.609787 16.448605  0.379660 -0.876927 -0.294716  0.166021 0.291971 1 1 1.000000
0  13.043793 -101.611320 16.488045  -0.033263 -0.840261 0.541161  0.166021 0.291971 1 1 1.000000
0  11.659560 -101.973015 15.970643  0.040876 -0.839621 0.541632  0.166021 0.249977 1 1 1.000000
chrome
0  11.659560 -101.973015 15.970643  0.040876 -0.839621 0.541632  0.166021 0.249977 1 1 1.000000
0  11.689640 -101.971481 15.931199  0.293368 -0.863807 -0.409601  0.166021 0.249977 1 1 1.000000
0  13.073874 -101.609787 16.448605  0.379660 -0.876927 -0.294716  0.166021 0.291971 1 1 1.000000
chrome
0  11.689640 -101.971481 15.931199  0.293368 -0.863807 -0.409601  0.166021 0.249977 1 1 1.000000
0  11.659560 -101.973015 15.970643  0.040876 -0.839621 0.541632  0.166021 0.249977 1 1 1.000000
0  9.350324 -102.437820 15.531489  0.166427 -0.985870 0.019007  0.166021 0.166967 1 1 1.000000
chrome
0  6.583582 -102.857338 15.297549  0.152213 -0.986403 0.061964  0.166021 0.146458 1 1 1.000000
0  4.750714 -103.104202 15.220581  0.107064 -0.811361 0.574658  0.166021 0.135716 1 1 1.000000
0  4.753360 -103.104095 15.179374  0.099264 -0.910036 -0.402469  0.166021 0.135716 1 1 1.000000
chrome
0  4.753360 -103.104095 15.179374  0.099264 -0.910036 -0.402469  0.166021 0.135716 1 1 1.000000
0  4.750714 -103.104202 15.220581  0.107064 -0.811361 0.574658  0.166021 0.135716 1 1 1.000000
0  3.647223 -103.230377 15.301101  0.096163 -0.994702 0.036349  0.166021 0.124973 1 1 1.000000
chrome
0  15.178128 -99.636536 21.430058  -0.242774 -0.940818 0.236479  0.000000 0.333964 1 1 1.000000
0  15.258834 -99.618546 21.449078  0.243550 -0.863325 0.441989  0.000000 0.333964 1 1 1.000000
0  15.120345 -99.556709 21.619648  0.209743 -0.848573 0.485727  0.000000 0.333964 1 1 1.000000
chrome
0  15.120345 -99.556709 21.619648  0.209743 -0.848573 0.485727  0.000000 0.333964 1 1 1.000000
0  15.068837 -99.573196 21.574924  -0.179547 -0.976348 0.120442  0.000000 0.333964 1 1 1.000000
0  15.178128 -99.636536 21.430058  -0.242774 -0.940818 0.236479  0.000000 0.333964 1 1 1.000000
black
0  -19.571312 -97.412834 7.205488  -0.428894 -0.900955 -0.065808  0.750023 0.583972 1 1 1.000000
0  -31.362978 -92.196228 5.951947  -0.383561 -0.907514 -0.171169  0.750023 0.916990 1 1 1.000000
0  -31.496485 -91.337677 1.752823  -0.397696 -0.906856 -0.139465  0.041017 0.166967 1 1 1.000000
black
0  -31.496485 -91.337677 1.752823  -0.397696 -0.906856 -0.139465  0.041017 0.166967 1 1 1.000000
0  -19.378077 -97.295753 2.390922  -0.439195 -0.897525 -0.039457  0.833033 0.583972 1 1 1.000000
0  -19.571312 -97.412834 7.205488  -0.428894 -0.900955 -0.065808  0.750023 0.583972 1 1 1.000000
black
0  22.018610 -95.250679 9.881726  0.524440 -0.851439 -0.003752  0.750023 0.583972 1 1 1.000000
0  22.431318 -95.122192 5.081285  0.530954 -0.847089 0.022974  0.833033 0.583972 1 1 1.000000
0  33.851269 -87.940414 5.957838  0.503774 -0.859995 -0.081365  0.041017 0.166967 1 1 1.000000
black
0  33.851269 -87.940414 5.957838  0.503774 -0.859995 -0.081365  0.041017 0.166967 1 1 1.000000
0  33.271496 -88.836052 10.111063  0.493930 -0.861890 -0.114801  0.750023 0.916990 1 1 1.000000
0  22.018610 -95.250679 9.881726  0.524440 -0.851439 -0.003752  0.750023 0.583972 1 1 1.000000
black
0  -14.303115 -100.952621 13.616695  -0.095531 -0.968267 0.230940  0.000000 -0.000031 1 1 1.000000
0  0.132530 -102.159264 14.540384  -0.095373 -0.968304 0.230849  1.000031 -0.000031 1 1 1.000000
0  -0.374891 -100.541107 21.118599  -0.095827 -0.968217 0.231025  1.000031 1.000000 1 1 1.000000
black
0  -14.303115 -100.952621 13.616695  -0.095531 -0.968267 0.230940  0.000000 -0.000031 1 1 1.000000
0  -0.374891 -100.541107 21.118599  -0.095827 -0.968217 0.231025  1.000031 1.000000 1 1 1.000000
0  -7.632624 -99.829323 21.082043  -0.094937 -0.968367 0.230762  0.500015 1.000000 1 1 1.000000
black
0  -14.303115 -100.952621 13.616695  -0.095531 -0.968267 0.230940  0.000000 -0.000031 1 1 1.000000
0  -7.632624 -99.829323 21.082043  -0.094937 -0.968367 0.230762  0.500015 1.000000 1 1 1.000000
0  -14.776602 -99.443260 19.755451  -0.095179 -0.968346 0.230751  0.000000 1.000000 1 1 1.000000
black
0  16.368082 -99.358109 15.590333  0.164703 -0.954738 0.247686  0.000000 -0.000031 1 1 1.000000
0  15.894595 -97.848755 21.729088  0.164388 -0.954853 0.247453  0.000000 1.000000 1 1 1.000000
0  8.718033 -98.979294 22.134182  0.164362 -0.954816 0.247613  0.500015 1.000000 1 1 1.000000
black
0  16.368082 -99.358109 15.590333  0.164703 -0.954738 0.247686  0.000000 -0.000031 1 1 1.000000
0  8.718033 -98.979294 22.134182  0.164362 -0.954816 0.247613  0.500015 1.000000 1 1 1.000000
0  1.627790 -100.436996 21.247471  0.164980 -0.954659 0.247808  1.000031 1.000000 1 1 1.000000
black
0  16.368082 -99.358109 15.590333  0.164703 -0.954738 0.247686  0.000000 -0.000031 1 1 1.000000
0  1.627790 -100.436996 21.247471  0.164980 -0.954659 0.247808  1.000031 1.000000 1 1 1.000000
0  2.135211 -102.055145 14.669255  0.164894 -0.954734 0.247573  1.000031 -0.000031 1 1 1.000000
black
0  18.888466 -98.243996 1.921519  0.051874 -0.998653 0.000669  -0.860378 0.686514 1 1 1.000000
0  18.436905 -98.262749 8.954103  0.051874 -0.998653 0.000669  -0.860378 1.025391 1 1 1.000000
0  1.414114 -99.147720 7.858716  0.051874 -0.998653 0.000669  0.077151 1.024415 1 1 1.000000
black
0  1.414114 -99.147720 7.858716  0.051874 -0.998653 0.000669  0.077151 1.024415 1 1 1.000000
0  1.865674 -99.128960 0.826133  0.051874 -0.998653 0.000668  0.077151 0.685537 1 1 1.000000
0  18.888466 -98.243996 1.921519  0.051874 -0.998653 0.000669  -0.860378 0.686514 1 1 1.000000
black
0  18.995562 -100.305786 1.922898  -0.064078 -0.002661 0.997941  -0.860378 0.686514 1 1 1.000000
0  18.888466 -98.243996 1.921519  -0.064078 -0.002661 0.997941  -0.860378 0.686514 1 1 1.000000
0  1.865674 -99.128960 0.826133  -0.064078 -0.002661 0.997941  0.077151 0.685537 1 1 1.000000
black
0  1.865674 -99.128960 0.826133  -0.064077 -0.002661 0.997941  0.077151 0.685537 1 1 1.000000
0  2.033463 -102.359116 0.828292  -0.064077 -0.002661 0.997941  0.077151 0.685537 1 1 1.000000
0  18.995562 -100.305786 1.922898  -0.064077 -0.002661 0.997941  -0.860378 0.686514 1 1 1.000000
black
0  -15.157114 -100.013931 -0.269256  0.996596 0.051811 0.064130  1.015656 0.685537 1 1 1.000000
0  -15.608676 -100.032684 6.763329  0.996596 0.051811 0.064129  1.015656 1.024415 1 1 1.000000
0  -15.501575 -102.094482 6.764707  0.996596 0.051811 0.064129  1.015656 1.024415 1 1 1.000000
black
0  -15.501575 -102.094482 6.764707  0.996596 0.051811 0.064129  1.015656 1.024415 1 1 1.000000
0  -15.050014 -102.075729 -0.267878  0.996596 0.051811 0.064130  1.015656 0.685537 1 1 1.000000
0  -15.157114 -100.013931 -0.269256  0.996596 0.051811 0.064130  1.015656 0.685537 1 1 1.000000
black
0  -15.501575 -102.094482 6.764707  0.064077 0.002661 -0.997941  1.015656 1.024415 1 1 1.000000
0  -15.608676 -100.032684 6.763329  0.064077 0.002661 -0.997941  1.015656 1.024415 1 1 1.000000
0  1.414114 -99.147720 7.858716  0.064077 0.002661 -0.997941  0.077151 1.024415 1 1 1.000000
black
0  1.414114 -99.147720 7.858716  0.064077 0.002661 -0.997941  0.077151 1.024415 1 1 1.000000
0  1.581902 -102.377869 7.860875  0.064077 0.002661 -0.997941  0.077151 1.024415 1 1 1.000000
0  -15.501575 -102.094482 6.764707  0.064078 0.002661 -0.997941  1.015656 1.024415 1 1 1.000000
black
0  18.436905 -98.262749 8.954103  -0.996596 -0.051811 -0.064129  -0.860378 1.025391 1 1 1.000000
0  18.888466 -98.243996 1.921519  -0.996596 -0.051809 -0.064130  -0.860378 0.686514 1 1 1.000000
0  18.995562 -100.305786 1.922898  -0.996596 -0.051809 -0.064130  -0.860378 0.686514 1 1 1.000000
black
0  18.995562 -100.305786 1.922898  -0.996596 -0.051809 -0.064130  -0.860378 0.686514 1 1 1.000000
0  18.544003 -100.324547 8.955482  -0.996596 -0.051811 -0.064129  -0.860378 1.025391 1 1 1.000000
0  18.436905 -98.262749 8.954103  -0.996596 -0.051811 -0.064129  -0.860378 1.025391 1 1 1.000000
black
0  -13.287735 -97.437012 -1.783628  0.039722 0.999135 -0.012340  1.000031 0.271462 1 1 1.000000
0  -17.920925 -96.298988 -1.098839  0.349048 0.838626 0.418176  1.000031 0.499985 1 1 1.000000
0  -16.895931 -97.278770 -0.139142  0.259850 0.869300 0.420470  1.000031 0.499985 1 1 1.000000
black
0  -21.424957 -95.033417 -0.465338  0.315554 0.894737 -0.316025  1.000031 0.749992 1 1 1.000000
0  -16.895931 -97.278770 -0.139142  0.259850 0.869300 0.420470  1.000031 0.499985 1 1 1.000000
0  -17.920925 -96.298988 -1.098839  0.349048 0.838626 0.418176  1.000031 0.499985 1 1 1.000000
black
0  -17.920925 -96.298988 -1.098839  0.349048 0.838626 0.418176  1.000031 0.499985 1 1 1.000000
0  -23.243614 -94.797714 -1.367643  0.432341 0.627844 -0.647220  1.000031 0.749992 1 1 1.000000
0  -21.424957 -95.033417 -0.465338  0.315554 0.894737 -0.316025  1.000031 0.749992 1 1 1.000000
black
0  -25.236334 -93.965149 -3.051896  0.427075 0.902797 -0.050635  1.000031 0.823237 1 1 1.000000
0  -29.924299 -91.769432 -3.443601  0.448371 0.638160 -0.625872  1.000031 0.958983 1 1 1.000000
0  -24.370283 -94.319183 -2.059361  0.497909 0.831279 -0.247108  1.000031 0.796869 1 1 1.000000
black
0  -23.243614 -94.797714 -1.367643  0.432341 0.627844 -0.647220  -0.148442 0.000946 1 1 1.000000
0  -35.509167 -87.842178 -3.529675  0.460867 0.642820 -0.611869  0.666036 -0.000031 1 1 1.000000
0  -21.424957 -95.033417 -0.465338  0.315554 0.894737 -0.316025  -0.177740 0.000946 1 1 1.000000
black
0  1.939712 -97.321373 -1.784821  -0.048285 0.997276 -0.055763  1.000031 -0.000031 1 1 1.000000
0  -4.690652 -97.541901 -2.018049  -0.001873 0.993719 -0.111889  1.000031 0.124973 1 1 1.000000
0  1.743288 -97.164230 1.140734  -0.047109 0.996208 -0.073149  1.000031 0.124973 1 1 1.000000
black
0  -16.895931 -97.278770 -0.139142  0.259850 0.869300 0.420470  1.000031 0.499985 1 1 1.000000
0  1.743288 -97.164230 1.140734  -0.047109 0.996208 -0.073149  1.000031 0.124973 1 1 1.000000
0  -4.690652 -97.541901 -2.018049  -0.001873 0.993719 -0.111889  1.000031 0.124973 1 1 1.000000
black
0  -4.690652 -97.541901 -2.018049  -0.001873 0.993719 -0.111889  1.000031 0.124973 1 1 1.000000
0  -13.287735 -97.437012 -1.783628  0.039722 0.999135 -0.012340  1.000031 0.271462 1 1 1.000000
0  -16.895931 -97.278770 -0.139142  0.259850 0.869300 0.420470  1.000031 0.499985 1 1 1.000000
black
0  -35.509167 -87.842178 -3.529675  0.171698 -0.082287 -0.981707  0.666036 -0.000031 1 1 1.000000
0  -21.654963 -88.251053 -1.082671  0.171648 -0.082369 -0.981709  0.187506 -0.000031 1 1 1.000000
0  -21.424957 -95.033417 -0.465338  0.171672 -0.082327 -0.981708  -0.177740 0.000946 1 1 1.000000
black
0  16.971952 -95.863892 0.163531  -0.140826 0.989743 -0.024014  1.000031 0.271462 1 1 1.000000
0  20.304554 -95.344818 2.254645  -0.399834 0.835005 0.378021  1.000031 0.499985 1 1 1.000000
0  21.337109 -94.258064 1.427348  -0.484147 0.795138 0.365181  1.000031 0.499985 1 1 1.000000
black
0  24.581839 -92.641632 2.495120  -0.363301 0.859469 -0.359619  1.000031 0.749992 1 1 1.000000
0  26.466766 -92.213409 1.831136  -0.408611 0.584036 -0.701384  1.000031 0.749992 1 1 1.000000
0  21.337109 -94.258064 1.427348  -0.484167 0.795024 0.365402  1.000031 0.499985 1 1 1.000000
black
0  21.337109 -94.258064 1.427348  -0.484147 0.795138 0.365181  1.000031 0.499985 1 1 1.000000
0  20.304554 -95.344818 2.254645  -0.399834 0.835005 0.378021  1.000031 0.499985 1 1 1.000000
0  24.581839 -92.641632 2.495120  -0.363143 0.859444 -0.359838  1.000031 0.749992 1 1 1.000000
black
0  26.466766 -92.213409 1.831136  -0.408611 0.584036 -0.701384  -0.126957 0.000946 1 1 1.000000
0  38.123653 -84.014206 1.208467  -0.442775 0.595841 -0.670018  0.666036 -0.000031 1 1 1.000000
0  27.617125 -91.616501 1.285939  -0.545401 0.777041 -0.314238  -0.106449 0.000946 1 1 1.000000
black
0  1.939712 -97.321373 -1.784821  -0.048285 0.997276 -0.055763  1.000031 -0.000031 1 1 1.000000
0  1.743288 -97.164230 1.140734  -0.047109 0.996208 -0.073149  1.000031 0.124973 1 1 1.000000
0  8.532531 -96.854454 -1.167160  -0.086528 0.989332 -0.117198  1.000031 0.124973 1 1 1.000000
black
0  20.304554 -95.344818 2.254645  -0.399834 0.835005 0.378021  1.000031 0.499985 1 1 1.000000
0  16.971952 -95.863892 0.163531  -0.140826 0.989743 -0.024014  1.000031 0.271462 1 1 1.000000
0  8.532531 -96.854454 -1.167160  -0.086528 0.989332 -0.117198  1.000031 0.124973 1 1 1.000000
black
0  8.532531 -96.854454 -1.167160  -0.086528 0.989332 -0.117198  1.000031 0.124973 1 1 1.000000
0  1.743288 -97.164230 1.140734  -0.047109 0.996208 -0.073149  1.000031 0.124973 1 1 1.000000
0  20.304554 -95.344818 2.254645  -0.399834 0.835005 0.378021  1.000031 0.499985 1 1 1.000000
black
0  1.865674 -99.128960 0.826133  0.051874 -0.998653 0.000668  0.077151 0.685537 1 1 1.000000
0  1.414114 -99.147720 7.858716  0.051874 -0.998653 0.000669  0.077151 1.024415 1 1 1.000000
0  -15.608676 -100.032684 6.763329  0.051874 -0.998653 0.000668  1.015656 1.024415 1 1 1.000000
black
0  -15.608676 -100.032684 6.763329  0.051874 -0.998653 0.000668  1.015656 1.024415 1 1 1.000000
0  -15.157114 -100.013931 -0.269256  0.051874 -0.998653 0.000667  1.015656 0.685537 1 1 1.000000
0  1.865674 -99.128960 0.826133  0.051874 -0.998653 0.000668  0.077151 0.685537 1 1 1.000000
black
0  -15.050014 -102.075729 -0.267878  -0.064078 -0.002662 0.997941  1.015656 0.685537 1 1 1.000000
0  2.033463 -102.359116 0.828292  -0.064077 -0.002661 0.997941  0.077151 0.685537 1 1 1.000000
0  1.865674 -99.128960 0.826133  -0.064077 -0.002661 0.997941  0.077151 0.685537 1 1 1.000000
black
0  1.865674 -99.128960 0.826133  -0.064077 -0.002661 0.997941  0.077151 0.685537 1 1 1.000000
0  -15.157114 -100.013931 -0.269256  -0.064078 -0.002662 0.997941  1.015656 0.685537 1 1 1.000000
0  -15.050014 -102.075729 -0.267878  -0.064078 -0.002662 0.997941  1.015656 0.685537 1 1 1.000000
black
0  18.544003 -100.324547 8.955482  0.064077 0.002661 -0.997941  -0.860378 1.025391 1 1 1.000000
0  1.581902 -102.377869 7.860875  0.064077 0.002661 -0.997941  0.077151 1.024415 1 1 1.000000
0  1.414114 -99.147720 7.858716  0.064077 0.002661 -0.997941  0.077151 1.024415 1 1 1.000000
black
0  1.414114 -99.147720 7.858716  0.064077 0.002661 -0.997941  0.077151 1.024415 1 1 1.000000
0  18.436905 -98.262749 8.954103  0.064078 0.002661 -0.997941  -0.860378 1.025391 1 1 1.000000
0  18.544003 -100.324547 8.955482  0.064077 0.002661 -0.997941  -0.860378 1.025391 1 1 1.000000
black
0  -23.243614 -94.797714 -1.367643  0.432341 0.627844 -0.647220  -0.148442 0.000946 1 1 1.000000
0  -24.370283 -94.319183 -2.059361  0.497909 0.831279 -0.247108  -0.114261 0.000946 1 1 1.000000
0  -35.509167 -87.842178 -3.529675  0.460867 0.642820 -0.611869  0.666036 -0.000031 1 1 1.000000
black
0  -24.370283 -94.319183 -2.059361  0.497909 0.831279 -0.247108  -0.114261 0.000946 1 1 1.000000
0  -29.924299 -91.769432 -3.443601  0.448371 0.638160 -0.625872  0.187506 -0.000031 1 1 1.000000
0  -35.509167 -87.842178 -3.529675  0.460867 0.642820 -0.611869  0.666036 -0.000031 1 1 1.000000
black
0  26.466766 -92.213409 1.831136  -0.408611 0.584036 -0.701384  -0.126957 0.000946 1 1 1.000000
0  24.581839 -92.641632 2.495120  -0.363301 0.859469 -0.359619  -0.177740 0.000946 1 1 1.000000
0  38.123653 -84.014206 1.208467  -0.442775 0.595841 -0.670018  0.666036 -0.000031 1 1 1.000000
black
0  38.123653 -84.014206 1.208467  -0.442775 0.595841 -0.670018  0.666036 -0.000031 1 1 1.000000
0  33.009266 -88.497681 0.606066  -0.428236 0.592623 -0.682211  0.187506 -0.000031 1 1 1.000000
0  27.617125 -91.616501 1.285939  -0.545401 0.777041 -0.314238  -0.106449 0.000946 1 1 1.000000
black
0  33.009266 -88.497681 0.606066  -0.428236 0.592623 -0.682211  0.187506 -0.000031 1 1 1.000000
0  28.561708 -91.168327 0.409915  -0.508030 0.854183 -0.110802  -0.112308 0.000946 1 1 1.000000
0  27.617125 -91.616501 1.285939  -0.545401 0.777041 -0.314238  -0.106449 0.000946 1 1 1.000000
black
0  38.123653 -84.014206 1.208467  -0.035352 -0.093090 -0.995030  0.666036 -0.000031 1 1 1.000000
0  24.581839 -92.641632 2.495120  -0.035268 -0.093206 -0.995022  -0.177740 0.000946 1 1 1.000000
0  24.187223 -85.867844 1.867194  -0.035296 -0.093167 -0.995025  0.187506 -0.000031 1 1 1.000000
black
0  -38.189373 -87.215958 7.568160  -0.086729 0.958461 -0.271717  0.851588 0.822260 1 1 1.000000
0  -38.591824 -86.505028 9.599257  -0.085388 0.898505 -0.430579  0.840846 0.820307 1 1 1.000000
0  -36.916821 -86.776962 8.685459  -0.078570 0.936218 -0.342524  0.845729 0.821284 1 1 1.000000
black
0  -36.867855 -88.116562 0.851037  -0.080336 0.995180 -0.056242  0.887722 0.826167 1 1 1.000000
0  -37.342724 -87.974281 3.179398  -0.073564 0.992883 -0.093656  0.875027 0.825190 1 1 1.000000
0  -36.061558 -87.769119 4.351795  -0.077257 0.986725 -0.142845  0.869167 0.825190 1 1 1.000000
black
0  -36.061558 -87.769119 4.351795  -0.077257 0.986725 -0.142845  0.869167 0.825190 1 1 1.000000
0  -35.171146 -88.029030 -0.046619  -0.068948 0.997569 -0.010070  0.893582 0.826167 1 1 1.000000
0  -36.867855 -88.116562 0.851037  -0.080336 0.995180 -0.056242  0.887722 0.826167 1 1 1.000000
black
0  -37.342724 -87.974281 3.179398  -0.073564 0.992883 -0.093656  0.875027 0.825190 1 1 1.000000
0  -37.755383 -87.732422 5.318929  -0.093306 0.972986 -0.211167  0.863308 0.824213 1 1 1.000000
0  -36.061558 -87.769119 4.351795  -0.077257 0.986725 -0.142845  0.869167 0.825190 1 1 1.000000
black
0  -38.591824 -86.505028 9.599257  -0.085388 0.898505 -0.430579  0.840846 0.820307 1 1 1.000000
0  -38.981922 -85.545502 11.452514  -0.066273 0.864422 -0.498381  0.830103 0.816401 1 1 1.000000
0  -37.683819 -84.898552 12.434085  -0.065976 0.819848 -0.568767  0.825221 0.814447 1 1 1.000000
black
0  -37.683819 -84.898552 12.434085  -0.065976 0.819848 -0.568767  0.825221 0.814447 1 1 1.000000
0  -36.916821 -86.776962 8.685459  -0.078570 0.936218 -0.342524  0.845729 0.821284 1 1 1.000000
0  -38.591824 -86.505028 9.599257  -0.085388 0.898505 -0.430579  0.840846 0.820307 1 1 1.000000
black
0  -40.074940 -80.843987 16.484207  -0.014791 0.557915 -0.829766  0.802759 0.799799 1 1 1.000000
0  -40.380962 -78.833054 17.683640  0.028301 0.515224 -0.856588  0.796899 0.791986 1 1 1.000000
0  -38.927273 -78.605812 17.874130  0.006015 0.523478 -0.852018  0.795923 0.791009 1 1 1.000000
black
0  -38.927273 -78.605812 17.874130  0.006015 0.523478 -0.852018  0.795923 0.791009 1 1 1.000000
0  -38.422527 -81.764709 15.801694  -0.039900 0.630584 -0.775095  0.807642 0.802728 1 1 1.000000
0  -40.074940 -80.843987 16.484207  -0.014791 0.557915 -0.829766  0.802759 0.799799 1 1 1.000000
black
0  -36.422718 -88.094772 -1.147781  -0.078126 0.996529 0.028754  0.898465 0.826167 1 1 1.000000
0  -36.867855 -88.116562 0.851037  -0.080336 0.995180 -0.056242  0.887722 0.826167 1 1 1.000000
0  -35.171146 -88.029030 -0.046619  -0.068948 0.997569 -0.010070  0.893582 0.826167 1 1 1.000000
black
0  -38.981922 -85.545502 11.452514  -0.066273 0.864422 -0.498381  0.830103 0.816401 1 1 1.000000
0  -39.334713 -84.391144 13.212139  -0.082044 0.754363 -0.651310  0.820338 0.812494 1 1 1.000000
0  -37.683819 -84.898552 12.434085  -0.065976 0.819848 -0.568767  0.825221 0.814447 1 1 1.000000
black
0  -35.509167 -87.842178 -3.529675  -0.015472 0.996564 0.081371  0.912137 0.825190 1 1 1.000000
0  -34.638630 -87.947647 -2.163797  -0.018620 0.997965 0.060980  0.905301 0.826167 1 1 1.000000
0  -21.654963 -88.251053 -1.082671  0.018948 0.998032 0.059782  0.912137 0.825190 1 1 1.000000
black
0  -39.719265 -82.838783 14.929409  -0.096018 0.694652 -0.712909  0.811548 0.806635 1 1 1.000000
0  -40.074940 -80.843987 16.484207  -0.014791 0.557915 -0.829766  0.802759 0.799799 1 1 1.000000
0  -38.422527 -81.764709 15.801694  -0.039900 0.630584 -0.775095  0.807642 0.802728 1 1 1.000000
black
0  -35.693684 -87.892883 -3.196854  -0.049011 0.993270 0.104940  0.910184 0.825190 1 1 1.000000
0  -36.120052 -88.024666 -2.259126  -0.064635 0.995636 0.067312  0.905301 0.826167 1 1 1.000000
0  -34.638630 -87.947647 -2.163797  -0.018620 0.997965 0.060980  0.905301 0.826167 1 1 1.000000
black
0  -37.755383 -87.732422 5.318929  -0.093306 0.972986 -0.211167  0.863308 0.824213 1 1 1.000000
0  -38.189373 -87.215958 7.568160  -0.086729 0.958461 -0.271717  0.851588 0.822260 1 1 1.000000
0  -36.916821 -86.776962 8.685459  -0.078570 0.936218 -0.342524  0.845729 0.821284 1 1 1.000000
black
0  -36.916821 -86.776962 8.685459  -0.078570 0.936218 -0.342524  0.845729 0.821284 1 1 1.000000
0  -36.061558 -87.769119 4.351795  -0.077257 0.986725 -0.142845  0.869167 0.825190 1 1 1.000000
0  -37.755383 -87.732422 5.318929  -0.093306 0.972986 -0.211167  0.863308 0.824213 1 1 1.000000
black
0  -39.334713 -84.391144 13.212139  -0.082044 0.754363 -0.651310  0.820338 0.812494 1 1 1.000000
0  -39.719265 -82.838783 14.929409  -0.096018 0.694652 -0.712909  0.811548 0.806635 1 1 1.000000
0  -38.422527 -81.764709 15.801694  -0.039900 0.630584 -0.775095  0.807642 0.802728 1 1 1.000000
black
0  -38.422527 -81.764709 15.801694  -0.039900 0.630584 -0.775095  0.807642 0.802728 1 1 1.000000
0  -37.683819 -84.898552 12.434085  -0.065976 0.819848 -0.568767  0.825221 0.814447 1 1 1.000000
0  -39.334713 -84.391144 13.212139  -0.082044 0.754363 -0.651310  0.820338 0.812494 1 1 1.000000
black
0  -36.120052 -88.024666 -2.259126  -0.064635 0.995636 0.067312  0.905301 0.826167 1 1 1.000000
0  -36.422718 -88.094772 -1.147781  -0.078126 0.996529 0.028754  0.898465 0.826167 1 1 1.000000
0  -35.171146 -88.029030 -0.046619  -0.068948 0.997569 -0.010070  0.893582 0.826167 1 1 1.000000
black
0  -35.171146 -88.029030 -0.046619  -0.068948 0.997569 -0.010070  0.893582 0.826167 1 1 1.000000
0  -34.638630 -87.947647 -2.163797  -0.018620 0.997965 0.060980  0.905301 0.826167 1 1 1.000000
0  -36.120052 -88.024666 -2.259126  -0.064635 0.995636 0.067312  0.905301 0.826167 1 1 1.000000
black
0  -40.380962 -78.833054 17.683640  0.028301 0.515224 -0.856588  0.796899 0.791986 1 1 1.000000
0  -40.408703 -78.682831 17.778801  0.028537 0.512587 -0.858161  0.795923 0.791986 1 1 1.000000
0  -38.927273 -78.605812 17.874130  0.006015 0.523478 -0.852018  0.795923 0.791009 1 1 1.000000
black
0  -40.408703 -78.682831 17.778801  0.028537 0.512587 -0.858161  0.795923 0.791986 1 1 1.000000
0  -40.368580 -78.515289 17.878372  0.028837 0.509322 -0.860093  0.795923 0.791009 1 1 1.000000
0  -38.927273 -78.605812 17.874130  0.006015 0.523478 -0.852018  0.795923 0.791009 1 1 1.000000
black
0  -35.509167 -87.842178 -3.529675  -0.015472 0.996564 0.081371  0.912137 0.825190 1 1 1.000000
0  -35.693684 -87.892883 -3.196854  -0.049011 0.993270 0.104940  0.910184 0.825190 1 1 1.000000
0  -34.638630 -87.947647 -2.163797  -0.018620 0.997965 0.060980  0.905301 0.826167 1 1 1.000000
black
0  39.234493 -83.151093 12.716150  0.040458 0.962857 -0.266962  0.851588 0.822260 1 1 1.000000
0  37.843365 -82.807274 13.719648  0.039973 0.940253 -0.338123  0.845729 0.821284 1 1 1.000000
0  39.410770 -82.417931 14.771418  0.057034 0.903322 -0.425154  0.840846 0.820307 1 1 1.000000
black
0  38.932247 -84.175911 5.728642  -0.003956 0.998106 -0.061398  0.887722 0.826167 1 1 1.000000
0  37.364315 -84.258102 4.620913  -0.030192 0.999457 -0.013238  0.893582 0.826167 1 1 1.000000
0  37.432987 -83.848007 9.332742  0.021192 0.988793 -0.147780  0.869167 0.825190 1 1 1.000000
black
0  37.432987 -83.848007 9.332742  0.021192 0.988793 -0.147780  0.869167 0.825190 1 1 1.000000
0  39.088352 -84.000824 8.097607  0.022324 0.995359 -0.093606  0.875027 0.825190 1 1 1.000000
0  38.932247 -84.175911 5.728642  -0.003956 0.998106 -0.061398  0.887722 0.826167 1 1 1.000000
black
0  39.088352 -84.000824 8.097607  0.022324 0.995359 -0.093606  0.875027 0.825190 1 1 1.000000
0  37.432987 -83.848007 9.332742  0.021192 0.988793 -0.147780  0.869167 0.825190 1 1 1.000000
0  39.031452 -83.692055 10.440133  0.040891 0.977595 -0.206483  0.863308 0.824213 1 1 1.000000
black
0  39.410770 -82.417931 14.771418  0.057034 0.903322 -0.425154  0.840846 0.820307 1 1 1.000000
0  37.843365 -82.807274 13.719648  0.039973 0.940253 -0.338123  0.845729 0.821284 1 1 1.000000
0  38.152180 -80.887527 17.512817  0.015845 0.798257 -0.602109  0.825221 0.814447 1 1 1.000000
black
0  38.152180 -80.887527 17.512817  0.015845 0.798257 -0.602109  0.825221 0.814447 1 1 1.000000
0  39.572086 -81.437263 16.647507  0.036519 0.862127 -0.505374  0.830103 0.816401 1 1 1.000000
0  39.410770 -82.417931 14.771418  0.057034 0.903322 -0.425154  0.840846 0.820307 1 1 1.000000
black
0  39.846348 -76.967445 21.168797  0.039013 0.558470 -0.828607  0.802759 0.799799 1 1 1.000000
0  38.291035 -77.972198 20.384254  0.043939 0.628252 -0.776769  0.807642 0.802728 1 1 1.000000
0  38.497494 -74.792755 22.476360  0.021590 0.522923 -0.852106  0.795923 0.791009 1 1 1.000000
black
0  38.497494 -74.792755 22.476360  0.021590 0.522923 -0.852106  0.795923 0.791009 1 1 1.000000
0  39.970222 -74.944153 22.380014  -0.000032 0.513678 -0.857983  0.796899 0.791986 1 1 1.000000
0  39.846348 -76.967445 21.168797  0.039013 0.558470 -0.828607  0.802759 0.799799 1 1 1.000000
black
0  38.746410 -84.186928 3.689221  -0.029645 0.999055 0.031795  0.898465 0.826167 1 1 1.000000
0  37.364315 -84.258102 4.620913  -0.030192 0.999457 -0.013238  0.893582 0.826167 1 1 1.000000
0  38.932247 -84.175911 5.728642  -0.003956 0.998106 -0.061398  0.887722 0.826167 1 1 1.000000
black
0  39.572086 -81.437263 16.647507  0.036519 0.862127 -0.505374  0.830103 0.816401 1 1 1.000000
0  38.152180 -80.887527 17.512817  0.015845 0.798257 -0.602109  0.825221 0.814447 1 1 1.000000
0  39.502254 -80.546043 17.865473  0.004992 0.748227 -0.663424  0.820338 0.812494 1 1 1.000000
black
0  38.123653 -84.014206 1.208467  -0.098129 0.992267 0.076007  0.912137 0.825190 1 1 1.000000
0  24.187223 -85.867844 1.867194  -0.129459 0.990313 0.050201  0.912137 0.825190 1 1 1.000000
0  37.101254 -84.218086 2.452539  -0.092474 0.994118 0.056380  0.905301 0.826167 1 1 1.000000
black
0  39.694946 -78.976967 19.599716  0.105415 0.699217 -0.707095  0.811548 0.806635 1 1 1.000000
0  38.291035 -77.972198 20.384254  0.043939 0.628252 -0.776769  0.807642 0.802728 1 1 1.000000
0  39.846348 -76.967445 21.168797  0.039013 0.558470 -0.828607  0.802759 0.799799 1 1 1.000000
black
0  38.268345 -84.047791 1.562475  -0.067715 0.992301 0.103697  0.910184 0.825190 1 1 1.000000
0  37.101254 -84.218086 2.452539  -0.092474 0.994118 0.056380  0.905301 0.826167 1 1 1.000000
0  38.582684 -84.141068 2.547867  -0.047757 0.996522 0.068283  0.905301 0.826167 1 1 1.000000
black
0  39.031452 -83.692055 10.440133  0.040891 0.977595 -0.206483  0.863308 0.824213 1 1 1.000000
0  37.432987 -83.848007 9.332742  0.021192 0.988793 -0.147780  0.869167 0.825190 1 1 1.000000
0  37.843365 -82.807274 13.719648  0.039973 0.940253 -0.338123  0.845729 0.821284 1 1 1.000000
black
0  37.843365 -82.807274 13.719648  0.039973 0.940253 -0.338123  0.845729 0.821284 1 1 1.000000
0  39.234493 -83.151093 12.716150  0.040458 0.962857 -0.266962  0.851588 0.822260 1 1 1.000000
0  39.031452 -83.692055 10.440133  0.040891 0.977595 -0.206483  0.863308 0.824213 1 1 1.000000
black
0  39.502254 -80.546043 17.865473  0.004992 0.748227 -0.663424  0.820338 0.812494 1 1 1.000000
0  38.152180 -80.887527 17.512817  0.015845 0.798257 -0.602109  0.825221 0.814447 1 1 1.000000
0  38.291035 -77.972198 20.384254  0.043939 0.628252 -0.776769  0.807642 0.802728 1 1 1.000000
black
0  38.291035 -77.972198 20.384254  0.043939 0.628252 -0.776769  0.807642 0.802728 1 1 1.000000
0  39.694946 -78.976967 19.599716  0.105415 0.699217 -0.707095  0.811548 0.806635 1 1 1.000000
0  39.502254 -80.546043 17.865473  0.004992 0.748227 -0.663424  0.820338 0.812494 1 1 1.000000
black
0  38.582684 -84.141068 2.547867  -0.047757 0.996522 0.068283  0.905301 0.826167 1 1 1.000000
0  37.101254 -84.218086 2.452539  -0.092474 0.994118 0.056380  0.905301 0.826167 1 1 1.000000
0  37.364315 -84.258102 4.620913  -0.030192 0.999457 -0.013238  0.893582 0.826167 1 1 1.000000
black
0  37.364315 -84.258102 4.620913  -0.030192 0.999457 -0.013238  0.893582 0.826167 1 1 1.000000
0  38.746410 -84.186928 3.689221  -0.029645 0.999055 0.031795  0.898465 0.826167 1 1 1.000000
0  38.582684 -84.141068 2.547867  -0.047757 0.996522 0.068283  0.905301 0.826167 1 1 1.000000
black
0  39.970222 -74.944153 22.380014  -0.000032 0.513678 -0.857983  0.796899 0.791986 1 1 1.000000
0  38.497494 -74.792755 22.476360  0.021590 0.522923 -0.852106  0.795923 0.791009 1 1 1.000000
0  39.983986 -74.792755 22.476360  -0.000031 0.511012 -0.859574  0.795923 0.791986 1 1 1.000000
black
0  39.983986 -74.792755 22.476360  -0.000031 0.511012 -0.859574  0.795923 0.791986 1 1 1.000000
0  38.497494 -74.792755 22.476360  0.021590 0.522923 -0.852106  0.795923 0.791009 1 1 1.000000
0  39.928932 -74.627586 22.572706  -0.000031 0.507786 -0.861483  0.795923 0.791009 1 1 1.000000
black
0  38.123653 -84.014206 1.208467  -0.098129 0.992267 0.076007  0.912137 0.825190 1 1 1.000000
0  37.101254 -84.218086 2.452539  -0.092474 0.994118 0.056380  0.905301 0.826167 1 1 1.000000
0  38.268345 -84.047791 1.562475  -0.067715 0.992301 0.103697  0.910184 0.825190 1 1 1.000000
misc
0  -19.423294 -99.048630 2.148876  -0.516508 -0.404867 0.754521  0.064455 0.809564 1 1 1.000000
0  -19.071314 -99.195595 2.377969  -0.775492 -0.451861 0.440945  0.060549 0.809564 1 1 1.000000
0  -20.352283 -96.243256 3.158710  -0.809984 -0.481015 0.335485  0.057619 0.998047 1 1 1.000000
misc
0  -20.352283 -96.243256 3.158710  -0.809984 -0.481015 0.335485  0.057619 0.998047 1 1 1.000000
0  -20.807531 -96.005318 2.743931  -0.357187 -0.332580 0.872816  0.065432 0.998047 1 1 1.000000
0  -19.423294 -99.048630 2.148876  -0.516508 -0.404867 0.754521  0.064455 0.809564 1 1 1.000000
misc
0  -19.071314 -99.195595 2.377969  -0.775492 -0.451861 0.440945  0.060549 0.809564 1 1 1.000000
0  -18.870110 -99.308914 2.776769  -0.873051 -0.444731 0.199993  0.055666 0.809564 1 1 1.000000
0  -20.352283 -96.243256 3.158710  -0.809984 -0.481015 0.335485  0.057619 0.998047 1 1 1.000000
misc
0  -18.194542 -99.629684 6.488028  -0.830803 -0.468301 -0.300768  0.014649 0.809564 1 1 1.000000
0  -20.401634 -96.326088 6.782681  -0.512900 -0.269764 -0.814961  0.002930 0.998047 1 1 1.000000
0  -20.352283 -96.243256 3.158710  -0.809984 -0.481015 0.335485  0.057619 0.998047 1 1 1.000000
misc
0  -20.352283 -96.243256 3.158710  -0.809984 -0.481015 0.335485  0.057619 0.998047 1 1 1.000000
0  -18.870110 -99.308914 2.776769  -0.873051 -0.444731 0.199993  0.055666 0.809564 1 1 1.000000
0  -18.194542 -99.629684 6.488028  -0.830803 -0.468301 -0.300768  0.014649 0.809564 1 1 1.000000
misc
0  -18.194542 -99.629684 6.488028  -0.830803 -0.468301 -0.300768  0.342784 0.809564 1 1 1.000000
0  -18.710527 -99.449646 6.634676  -0.240097 -0.094075 -0.966180  0.339854 0.809564 1 1 1.000000
0  -20.742390 -96.205940 6.830083  0.089684 0.116058 -0.989185  0.331065 0.998047 1 1 1.000000
misc
0  -20.742390 -96.205940 6.830083  0.089684 0.116058 -0.989185  0.331065 0.998047 1 1 1.000000
0  -20.401634 -96.326088 6.782681  -0.512900 -0.269764 -0.814961  0.333018 0.998047 1 1 1.000000
0  -18.194542 -99.629684 6.488028  -0.830803 -0.468301 -0.300768  0.342784 0.809564 1 1 1.000000
misc
0  -27.736015 -95.646469 5.817033  0.231614 0.158506 -0.959808  0.250984 0.809564 1 1 1.000000
0  -29.117857 -92.189804 6.040952  0.465688 0.180371 -0.866372  0.238289 0.998047 1 1 1.000000
0  -20.742390 -96.205940 6.830083  0.089684 0.116058 -0.989185  0.331065 0.998047 1 1 1.000000
misc
0  -20.742390 -96.205940 6.830083  0.089684 0.116058 -0.989185  0.331065 0.998047 1 1 1.000000
0  -18.710527 -99.449646 6.634676  -0.240097 -0.094075 -0.966180  0.339854 0.809564 1 1 1.000000
0  -27.736015 -95.646469 5.817033  0.231614 0.158506 -0.959808  0.250984 0.809564 1 1 1.000000
misc
0  -29.117857 -92.189804 6.040952  0.465688 0.180371 -0.866372  0.238289 0.998047 1 1 1.000000
0  -27.736015 -95.646469 5.817033  0.231614 0.158506 -0.959808  0.250984 0.809564 1 1 1.000000
0  -29.760790 -94.525536 5.041777  0.583387 0.226992 -0.779830  0.223640 0.809564 1 1 1.000000
misc
0  -29.760790 -94.525536 5.041777  0.583387 0.226992 -0.779830  0.223640 0.809564 1 1 1.000000
0  -30.863346 -91.219986 4.910836  0.858322 0.128812 -0.496680  0.213874 0.998047 1 1 1.000000
0  -29.117857 -92.189804 6.040952  0.465688 0.180371 -0.866372  0.238289 0.998047 1 1 1.000000
misc
0  -29.760790 -94.525536 5.041777  0.583387 0.226992 -0.779830  0.223640 0.809564 1 1 1.000000
0  -30.682777 -93.940071 4.087643  0.822044 0.213733 -0.527789  0.208014 0.809564 1 1 1.000000
0  -30.863346 -91.219986 4.910836  0.858322 0.128812 -0.496680  0.213874 0.998047 1 1 1.000000
misc
0  -30.863346 -91.219986 4.910836  0.858322 0.128812 -0.496680  0.213874 0.998047 1 1 1.000000
0  -30.682777 -93.940071 4.087643  0.822044 0.213733 -0.527789  0.208014 0.809564 1 1 1.000000
0  -31.208557 -93.568314 3.158378  0.951083 0.093703 -0.294382  0.196295 0.809564 1 1 1.000000
misc
0  -31.208557 -93.568314 3.158378  0.951083 0.093703 -0.294382  0.196295 0.809564 1 1 1.000000
0  -31.308414 -90.637817 3.201158  0.970935 -0.166603 0.171838  0.191412 0.999023 1 1 1.000000
0  -30.863346 -91.219986 4.910836  0.858322 0.128812 -0.496680  0.213874 0.998047 1 1 1.000000
misc
0  -31.208557 -93.568314 3.158378  0.951083 0.093703 -0.294382  0.196295 0.809564 1 1 1.000000
0  -31.460718 -93.306587 1.929168  0.935943 -0.193982 0.293908  0.182623 0.809564 1 1 1.000000
0  -31.308414 -90.637817 3.201158  0.970935 -0.166603 0.171838  0.191412 0.999023 1 1 1.000000
misc
0  -31.308414 -90.637817 3.201158  0.970935 -0.166603 0.171838  0.191412 0.999023 1 1 1.000000
0  -31.460718 -93.306587 1.929168  0.935943 -0.193982 0.293908  0.182623 0.809564 1 1 1.000000
0  -31.239155 -93.405579 1.570739  0.212730 -0.325362 0.921350  0.177740 0.809564 1 1 1.000000
misc
0  -31.239155 -93.405579 1.570739  0.212730 -0.325362 0.921350  0.177740 0.809564 1 1 1.000000
0  -30.410933 -90.922531 2.361530  0.243875 -0.368118 0.897226  0.177740 0.998047 1 1 1.000000
0  -31.308414 -90.637817 3.201158  0.970935 -0.166603 0.171838  0.191412 0.999023 1 1 1.000000
misc
0  -31.239155 -93.405579 1.570739  0.212730 -0.325362 0.921350  0.177740 0.809564 1 1 1.000000
0  -29.658062 -94.384659 1.614480  -0.164696 -0.242821 0.955988  0.168950 0.809564 1 1 1.000000
0  -30.410933 -90.922531 2.361530  0.243875 -0.368118 0.897226  0.177740 0.998047 1 1 1.000000
misc
0  -22.780739 -97.679558 1.923155  -0.174001 -0.261808 0.949305  0.096683 0.809564 1 1 1.000000
0  -19.423294 -99.048630 2.148876  -0.516508 -0.404867 0.754521  0.064455 0.809564 1 1 1.000000
0  -20.807531 -96.005318 2.743931  -0.357187 -0.332580 0.872816  0.065432 0.998047 1 1 1.000000
misc
0  -22.780739 -97.679558 1.923155  -0.174001 -0.261808 0.949305  0.096683 0.809564 1 1 1.000000
0  -20.807531 -96.005318 2.743931  -0.357187 -0.332580 0.872816  0.065432 0.998047 1 1 1.000000
0  -30.410933 -90.922531 2.361530  0.243875 -0.368118 0.897226  0.177740 0.998047 1 1 1.000000
misc
0  -22.780739 -97.679558 1.923155  -0.174001 -0.261808 0.949305  0.096683 0.809564 1 1 1.000000
0  -30.410933 -90.922531 2.361530  0.243875 -0.368118 0.897226  0.177740 0.998047 1 1 1.000000
0  -29.658062 -94.384659 1.614480  -0.164696 -0.242821 0.955988  0.168950 0.809564 1 1 1.000000
misc
0  25.887152 -95.149452 5.054850  0.077328 -0.248740 0.965478  0.096683 0.809564 1 1 1.000000
0  32.370182 -91.159973 5.605892  0.065415 -0.230915 0.970773  0.168950 0.809564 1 1 1.000000
0  32.659794 -87.643654 6.420023  -0.317124 -0.397344 0.861133  0.177740 0.998047 1 1 1.000000
misc
0  25.887152 -95.149452 5.054850  0.077328 -0.248740 0.965478  0.096683 0.809564 1 1 1.000000
0  32.659794 -87.643654 6.420023  -0.317124 -0.397344 0.861133  0.177740 0.998047 1 1 1.000000
0  23.662958 -93.693413 5.605530  0.275094 -0.299675 0.913520  0.065432 0.998047 1 1 1.000000
misc
0  25.887152 -95.149452 5.054850  0.077328 -0.248740 0.965478  0.096683 0.809564 1 1 1.000000
0  23.662958 -93.693413 5.605530  0.275094 -0.299675 0.913520  0.065432 0.998047 1 1 1.000000
0  22.687874 -96.859383 4.858657  0.454853 -0.354369 0.817026  0.064455 0.809564 1 1 1.000000
misc
0  22.687874 -96.859383 4.858657  0.454853 -0.354369 0.817026  0.064455 0.809564 1 1 1.000000
0  23.662958 -93.693413 5.605530  0.275094 -0.299675 0.913520  0.065432 0.998047 1 1 1.000000
0  23.185452 -93.979851 5.960288  0.805725 -0.397020 0.439525  0.057619 0.998047 1 1 1.000000
misc
0  23.185452 -93.979851 5.960288  0.805725 -0.397020 0.439525  0.057619 0.998047 1 1 1.000000
0  22.326572 -97.043427 5.041852  0.755172 -0.372317 0.539532  0.060549 0.809564 1 1 1.000000
0  22.687874 -96.859383 4.858657  0.454853 -0.354369 0.817026  0.064455 0.809564 1 1 1.000000
misc
0  22.326572 -97.043427 5.041852  0.755172 -0.372317 0.539532  0.060549 0.809564 1 1 1.000000
0  23.185452 -93.979851 5.960288  0.805725 -0.397020 0.439525  0.057619 0.998047 1 1 1.000000
0  22.088831 -97.179565 5.412406  0.881588 -0.353437 0.312865  0.055666 0.809564 1 1 1.000000
misc
0  20.981190 -97.593033 9.008918  0.906305 -0.377992 -0.189033  0.014649 0.809564 1 1 1.000000
0  22.088831 -97.179565 5.412406  0.881588 -0.353437 0.312865  0.055666 0.809564 1 1 1.000000
0  23.185452 -93.979851 5.960288  0.805725 -0.397020 0.439525  0.057619 0.998047 1 1 1.000000
misc
0  23.185452 -93.979851 5.960288  0.805725 -0.397020 0.439525  0.057619 0.998047 1 1 1.000000
0  22.779461 -94.081215 9.561308  0.637913 -0.209964 -0.740933  0.002930 0.998047 1 1 1.000000
0  20.981190 -97.593033 9.008918  0.906305 -0.377992 -0.189033  0.014649 0.809564 1 1 1.000000
misc
0  20.981190 -97.593033 9.008918  0.906305 -0.377992 -0.189033  0.342784 0.809564 1 1 1.000000
0  22.779461 -94.081215 9.561308  0.637913 -0.209964 -0.740933  0.333018 0.998047 1 1 1.000000
0  23.097120 -93.926834 9.651078  0.025991 0.112743 -0.993284  0.331065 0.998047 1 1 1.000000
misc
0  23.097120 -93.926834 9.651078  0.025991 0.112743 -0.993284  0.331065 0.998047 1 1 1.000000
0  21.452827 -97.361656 9.219117  0.370043 -0.062351 -0.926920  0.339854 0.809564 1 1 1.000000
0  20.981190 -97.593033 9.008918  0.906305 -0.377992 -0.189033  0.342784 0.809564 1 1 1.000000
misc
0  30.067390 -92.641426 9.536583  -0.122113 0.139892 -0.982608  0.250984 0.809564 1 1 1.000000
0  21.452827 -97.361656 9.219117  0.370043 -0.062351 -0.926920  0.339854 0.809564 1 1 1.000000
0  23.097120 -93.926834 9.651078  0.025991 0.112743 -0.993284  0.331065 0.998047 1 1 1.000000
misc
0  23.097120 -93.926834 9.651078  0.025991 0.112743 -0.993284  0.331065 0.998047 1 1 1.000000
0  31.044868 -89.062103 9.912321  -0.367286 0.137018 -0.919960  0.238289 0.998047 1 1 1.000000
0  30.067390 -92.641426 9.536583  -0.122113 0.139892 -0.982608  0.250984 0.809564 1 1 1.000000
misc
0  32.047977 -91.312263 9.019066  -0.499290 0.170656 -0.849463  0.223640 0.809564 1 1 1.000000
0  30.067390 -92.641426 9.536583  -0.122113 0.139892 -0.982608  0.250984 0.809564 1 1 1.000000
0  31.044868 -89.062103 9.912321  -0.367286 0.137018 -0.919960  0.238289 0.998047 1 1 1.000000
misc
0  31.044868 -89.062103 9.912321  -0.367286 0.137018 -0.919960  0.238289 0.998047 1 1 1.000000
0  32.810932 -87.909729 9.008165  -0.796388 0.043006 -0.603255  0.213874 0.998047 1 1 1.000000
0  32.047977 -91.312263 9.019066  -0.499290 0.170656 -0.849463  0.223640 0.809564 1 1 1.000000
misc
0  32.047977 -91.312263 9.019066  -0.499290 0.170656 -0.849463  0.223640 0.809564 1 1 1.000000
0  32.810932 -87.909729 9.008165  -0.796388 0.043006 -0.603255  0.213874 0.998047 1 1 1.000000
0  33.018925 -90.628387 8.186738  -0.765511 0.131192 -0.629906  0.208014 0.809564 1 1 1.000000
misc
0  33.617947 -90.198151 7.329853  -0.910229 -0.003128 -0.414094  0.196295 0.809564 1 1 1.000000
0  33.018925 -90.628387 8.186738  -0.765511 0.131192 -0.629906  0.208014 0.809564 1 1 1.000000
0  32.810932 -87.909729 9.008165  -0.796388 0.043006 -0.603255  0.213874 0.998047 1 1 1.000000
misc
0  32.810932 -87.909729 9.008165  -0.796388 0.043006 -0.603255  0.213874 0.998047 1 1 1.000000
0  33.408360 -87.273361 7.365570  -0.962479 -0.267170 0.047482  0.191412 0.999023 1 1 1.000000
0  33.617947 -90.198151 7.329853  -0.910229 -0.003128 -0.414094  0.196295 0.809564 1 1 1.000000
misc
0  33.617947 -90.198151 7.329853  -0.910229 -0.003128 -0.414094  0.196295 0.809564 1 1 1.000000
0  33.408360 -87.273361 7.365570  -0.962479 -0.267170 0.047482  0.191412 0.999023 1 1 1.000000
0  33.996769 -89.903625 6.141244  -0.940757 -0.291544 0.173146  0.182623 0.809564 1 1 1.000000
misc
0  33.834255 -90.022583 5.758101  -0.293933 -0.351713 0.888764  0.177740 0.809564 1 1 1.000000
0  33.996769 -89.903625 6.141244  -0.940757 -0.291544 0.173146  0.182623 0.809564 1 1 1.000000
0  33.408360 -87.273361 7.365570  -0.962479 -0.267170 0.047482  0.191412 0.999023 1 1 1.000000
misc
0  33.408360 -87.273361 7.365570  -0.962479 -0.267170 0.047482  0.191412 0.999023 1 1 1.000000
0  32.659794 -87.643654 6.420023  -0.317124 -0.397344 0.861133  0.177740 0.998047 1 1 1.000000
0  33.834255 -90.022583 5.758101  -0.293933 -0.351713 0.888764  0.177740 0.809564 1 1 1.000000
misc
0  33.834255 -90.022583 5.758101  -0.293933 -0.351713 0.888764  0.177740 0.809564 1 1 1.000000
0  32.659794 -87.643654 6.420023  -0.317124 -0.397344 0.861133  0.177740 0.998047 1 1 1.000000
0  32.370182 -91.159973 5.605892  0.065415 -0.230915 0.970773  0.168950 0.809564 1 1 1.000000
misc
0  -1.216160 -102.849045 15.238104  -0.322276 -0.430725 0.842979  0.004883 0.791009 1 1 1.000000
0  -0.484111 -102.838318 15.657528  -0.612372 -0.434762 0.660290  0.004883 0.790033 1 1 1.000000
0  -1.236948 -101.788536 15.777493  -0.411491 -0.457659 0.788177  0.152348 0.789056 1 1 1.000000
misc
0  -0.484111 -102.838318 15.657528  -0.612372 -0.434762 0.660290  0.004883 0.790033 1 1 1.000000
0  -0.158336 -102.821060 16.161221  -0.841105 -0.414315 0.347686  0.004883 0.787103 1 1 1.000000
0  -0.592762 -101.699501 16.425953  -0.824664 -0.438403 0.357396  0.152348 0.786126 1 1 1.000000
misc
0  -0.592762 -101.699501 16.425953  -0.824664 -0.438403 0.357396  0.152348 0.786126 1 1 1.000000
0  -1.236948 -101.788536 15.777493  -0.411491 -0.457659 0.788177  0.152348 0.789056 1 1 1.000000
0  -0.484111 -102.838318 15.657528  -0.612372 -0.434762 0.660290  0.004883 0.790033 1 1 1.000000
misc
0  -0.158336 -102.821060 16.161221  -0.841105 -0.414315 0.347686  0.004883 0.787103 1 1 1.000000
0  0.018358 -102.645546 17.566051  -0.905872 -0.408531 0.111797  0.004883 0.781243 1 1 1.000000
0  -0.480013 -101.306396 18.434116  -0.922433 -0.385045 -0.029286  0.152348 0.777337 1 1 1.000000
misc
0  -0.480013 -101.306396 18.434116  -0.922433 -0.385045 -0.029286  0.152348 0.777337 1 1 1.000000
0  -0.592762 -101.699501 16.425953  -0.824664 -0.438403 0.357396  0.152348 0.786126 1 1 1.000000
0  -0.158336 -102.821060 16.161221  -0.841105 -0.414315 0.347686  0.004883 0.787103 1 1 1.000000
misc
0  0.018358 -102.645546 17.566051  -0.905872 -0.408531 0.111797  0.004883 0.781243 1 1 1.000000
0  -0.162505 -102.281708 19.224266  -0.920910 -0.374114 -0.109379  0.004883 0.774407 1 1 1.000000
0  -0.480013 -101.306396 18.434116  -0.922433 -0.385045 -0.029286  0.152348 0.777337 1 1 1.000000
misc
0  -0.162505 -102.281708 19.224266  -0.920910 -0.374114 -0.109379  0.004883 0.774407 1 1 1.000000
0  -0.502714 -101.954185 20.168755  -0.883037 -0.359977 -0.301102  0.004883 0.769524 1 1 1.000000
0  -1.057147 -100.701172 20.260628  -0.743850 -0.386674 -0.545134  0.152348 0.769524 1 1 1.000000
misc
0  -1.057147 -100.701172 20.260628  -0.743850 -0.386674 -0.545134  0.152348 0.769524 1 1 1.000000
0  -0.480013 -101.306396 18.434116  -0.922433 -0.385045 -0.029286  0.152348 0.777337 1 1 1.000000
0  -0.162505 -102.281708 19.224266  -0.920910 -0.374114 -0.109379  0.004883 0.774407 1 1 1.000000
misc
0  -0.502714 -101.954185 20.168755  -0.883037 -0.359977 -0.301102  0.004883 0.769524 1 1 1.000000
0  -0.949182 -101.701393 20.678658  -0.676919 -0.324689 -0.660574  0.004883 0.767571 1 1 1.000000
0  -1.057147 -100.701172 20.260628  -0.743850 -0.386674 -0.545134  0.152348 0.769524 1 1 1.000000
misc
0  -0.949182 -101.701393 20.678658  -0.676919 -0.324689 -0.660574  0.004883 0.767571 1 1 1.000000
0  -1.527975 -101.524536 20.945396  -0.329937 -0.279900 -0.901553  0.004883 0.765618 1 1 1.000000
0  -1.832489 -100.437912 20.721855  -0.272405 -0.283741 -0.919395  0.152348 0.766594 1 1 1.000000
misc
0  -1.832489 -100.437912 20.721855  -0.272405 -0.283741 -0.919395  0.152348 0.766594 1 1 1.000000
0  -1.057147 -100.701172 20.260628  -0.743850 -0.386674 -0.545134  0.152348 0.769524 1 1 1.000000
0  -0.949182 -101.701393 20.678658  -0.676919 -0.324689 -0.660574  0.004883 0.767571 1 1 1.000000
misc
0  -1.527975 -101.524536 20.945396  -0.329937 -0.279900 -0.901553  0.004883 0.765618 1 1 1.000000
0  -2.629887 -101.416336 21.026646  -0.049902 -0.218776 -0.974498  0.004883 0.765618 1 1 1.000000
0  -2.863127 -100.394905 20.821301  -0.027574 -0.224164 -0.974161  0.152348 0.765618 1 1 1.000000
misc
0  -2.863127 -100.394905 20.821301  -0.027574 -0.224164 -0.974161  0.152348 0.765618 1 1 1.000000
0  -1.832489 -100.437912 20.721855  -0.272405 -0.283741 -0.919395  0.152348 0.766594 1 1 1.000000
0  -1.527975 -101.524536 20.945396  -0.329937 -0.279900 -0.901553  0.004883 0.765618 1 1 1.000000
misc
0  -2.629887 -101.416336 21.026646  -0.049902 -0.218776 -0.974498  0.004883 0.765618 1 1 1.000000
0  -6.031313 -101.207191 20.919136  0.041913 -0.278280 -0.959585  0.004883 0.764641 1 1 1.000000
0  -2.863127 -100.394905 20.821301  -0.027574 -0.224164 -0.974161  0.152348 0.765618 1 1 1.000000
misc
0  -6.031313 -101.207191 20.919136  0.041913 -0.278280 -0.959585  0.004883 0.764641 1 1 1.000000
0  -10.485003 -100.873703 20.537514  0.119132 -0.232173 -0.965351  0.004883 0.764641 1 1 1.000000
0  -10.286967 -99.912567 20.332111  0.111615 -0.232954 -0.966061  0.152348 0.765618 1 1 1.000000
misc
0  -10.485003 -100.873703 20.537514  0.119132 -0.232173 -0.965351  0.004883 0.764641 1 1 1.000000
0  -12.511716 -100.772484 20.186970  0.185847 -0.249483 -0.950378  0.004883 0.766594 1 1 1.000000
0  -13.009764 -99.778702 19.826630  0.391744 -0.284991 -0.874824  0.152348 0.766594 1 1 1.000000
misc
0  -13.009764 -99.778702 19.826630  0.391744 -0.284991 -0.874824  0.152348 0.766594 1 1 1.000000
0  -10.286967 -99.912567 20.332111  0.111615 -0.232954 -0.966061  0.152348 0.765618 1 1 1.000000
0  -10.485003 -100.873703 20.537514  0.119132 -0.232173 -0.965351  0.004883 0.764641 1 1 1.000000
misc
0  -12.511716 -100.772484 20.186970  0.185847 -0.249483 -0.950378  0.004883 0.766594 1 1 1.000000
0  -13.380280 -100.776413 19.951889  0.514728 -0.290114 -0.806777  0.004883 0.766594 1 1 1.000000
0  -13.009764 -99.778702 19.826630  0.391744 -0.284991 -0.874824  0.152348 0.766594 1 1 1.000000
misc
0  -13.380280 -100.776413 19.951889  0.514728 -0.290114 -0.806777  0.004883 0.766594 1 1 1.000000
0  -13.716048 -100.890511 19.681767  0.859849 -0.356894 -0.365086  0.004883 0.767571 1 1 1.000000
0  -13.322382 -99.808899 19.558212  0.789968 -0.356242 -0.499042  0.152348 0.768548 1 1 1.000000
misc
0  -13.322382 -99.808899 19.558212  0.789968 -0.356242 -0.499042  0.152348 0.768548 1 1 1.000000
0  -13.009764 -99.778702 19.826630  0.391744 -0.284991 -0.874824  0.152348 0.766594 1 1 1.000000
0  -13.380280 -100.776413 19.951889  0.514728 -0.290114 -0.806777  0.004883 0.766594 1 1 1.000000
misc
0  -13.716048 -100.890511 19.681767  0.859849 -0.356894 -0.365086  0.004883 0.767571 1 1 1.000000
0  -13.823861 -101.020393 19.315899  0.928335 -0.333991 0.163230  0.004883 0.769524 1 1 1.000000
0  -13.431958 -99.938850 19.219818  0.936289 -0.341934 0.080278  0.152348 0.770501 1 1 1.000000
misc
0  -13.431958 -99.938850 19.219818  0.936289 -0.341934 0.080278  0.152348 0.770501 1 1 1.000000
0  -13.322382 -99.808899 19.558212  0.789968 -0.356242 -0.499042  0.152348 0.768548 1 1 1.000000
0  -13.716048 -100.890511 19.681767  0.859849 -0.356894 -0.365086  0.004883 0.767571 1 1 1.000000
misc
0  -13.823861 -101.020393 19.315899  0.928335 -0.333991 0.163230  0.004883 0.769524 1 1 1.000000
0  -13.335474 -101.547379 17.732159  0.810297 -0.306933 0.499210  0.004883 0.776360 1 1 1.000000
0  -12.956125 -100.411263 17.787132  0.824659 -0.294483 0.482926  0.152348 0.776360 1 1 1.000000
misc
0  -12.956125 -100.411263 17.787132  0.824659 -0.294483 0.482926  0.152348 0.776360 1 1 1.000000
0  -13.431958 -99.938850 19.219818  0.936289 -0.341934 0.080278  0.152348 0.770501 1 1 1.000000
0  -13.823861 -101.020393 19.315899  0.928335 -0.333991 0.163230  0.004883 0.769524 1 1 1.000000
misc
0  -13.335474 -101.547379 17.732159  0.810297 -0.306933 0.499210  0.004883 0.776360 1 1 1.000000
0  -12.230307 -102.042427 15.981227  0.606903 -0.385431 0.695063  0.004883 0.785150 1 1 1.000000
0  -11.940041 -100.855644 16.306461  0.628447 -0.333856 0.702563  0.152348 0.783197 1 1 1.000000
misc
0  -11.940041 -100.855644 16.306461  0.628447 -0.333856 0.702563  0.152348 0.783197 1 1 1.000000
0  -12.956125 -100.411263 17.787132  0.824659 -0.294483 0.482926  0.152348 0.776360 1 1 1.000000
0  -13.335474 -101.547379 17.732159  0.810297 -0.306933 0.499210  0.004883 0.776360 1 1 1.000000
misc
0  -12.230307 -102.042427 15.981227  0.606903 -0.385431 0.695063  0.004883 0.785150 1 1 1.000000
0  -11.667693 -102.165146 15.492922  0.443658 -0.432835 0.784743  0.004883 0.787103 1 1 1.000000
0  -10.993419 -101.068726 15.718436  0.330430 -0.396389 0.856558  0.152348 0.786126 1 1 1.000000
misc
0  -10.993419 -101.068726 15.718436  0.330430 -0.396389 0.856558  0.152348 0.786126 1 1 1.000000
0  -11.940041 -100.855644 16.306461  0.628447 -0.333856 0.702563  0.152348 0.783197 1 1 1.000000
0  -12.230307 -102.042427 15.981227  0.606903 -0.385431 0.695063  0.004883 0.785150 1 1 1.000000
misc
0  -11.667693 -102.165146 15.492922  0.443658 -0.432835 0.784743  0.004883 0.787103 1 1 1.000000
0  -10.879826 -102.276070 15.143236  0.226366 -0.392232 0.891579  0.004883 0.789056 1 1 1.000000
0  -10.993419 -101.068726 15.718436  0.330430 -0.396389 0.856558  0.152348 0.786126 1 1 1.000000
misc
0  -10.879826 -102.276070 15.143236  0.226366 -0.392232 0.891579  0.004883 0.789056 1 1 1.000000
0  -9.455984 -102.450394 14.834219  0.069125 -0.378124 0.923171  0.004883 0.791009 1 1 1.000000
0  -9.284439 -101.283447 15.303491  0.069780 -0.392121 0.917263  0.152348 0.789056 1 1 1.000000
misc
0  -9.284439 -101.283447 15.303491  0.069780 -0.392121 0.917263  0.152348 0.789056 1 1 1.000000
0  -10.993419 -101.068726 15.718436  0.330430 -0.396389 0.856558  0.152348 0.786126 1 1 1.000000
0  -10.879826 -102.276070 15.143236  0.226366 -0.392232 0.891579  0.004883 0.789056 1 1 1.000000
misc
0  -9.455984 -102.450394 14.834219  0.069125 -0.378124 0.923171  0.004883 0.791009 1 1 1.000000
0  -5.641013 -102.720863 14.788820  -0.047017 -0.433675 0.899842  0.004883 0.791986 1 1 1.000000
0  -9.284439 -101.283447 15.303491  0.069780 -0.392121 0.917263  0.152348 0.789056 1 1 1.000000
misc
0  -5.641013 -102.720863 14.788820  -0.047017 -0.433675 0.899842  0.004883 0.791986 1 1 1.000000
0  -2.278192 -102.835480 14.990649  -0.158864 -0.418003 0.894447  0.004883 0.791986 1 1 1.000000
0  -2.609011 -101.777351 15.413580  -0.135009 -0.415224 0.899645  0.152348 0.790033 1 1 1.000000
misc
0  -2.278192 -102.835480 14.990649  -0.158864 -0.418003 0.894447  0.004883 0.791986 1 1 1.000000
0  -1.216160 -102.849045 15.238104  -0.322276 -0.430725 0.842979  0.004883 0.791009 1 1 1.000000
0  -1.236948 -101.788536 15.777493  -0.411491 -0.457659 0.788177  0.152348 0.789056 1 1 1.000000
misc
0  -1.236948 -101.788536 15.777493  -0.411491 -0.457659 0.788177  0.152348 0.789056 1 1 1.000000
0  -2.609011 -101.777351 15.413580  -0.135009 -0.415224 0.899645  0.152348 0.790033 1 1 1.000000
0  -2.278192 -102.835480 14.990649  -0.158864 -0.418003 0.894447  0.004883 0.791986 1 1 1.000000
misc
0  -2.863127 -100.394905 20.821301  -0.027574 -0.224164 -0.974161  0.152348 0.765618 1 1 1.000000
0  -6.031313 -101.207191 20.919136  0.041913 -0.278280 -0.959585  0.004883 0.764641 1 1 1.000000
0  -10.286967 -99.912567 20.332111  0.111615 -0.232954 -0.966061  0.152348 0.765618 1 1 1.000000
misc
0  -9.284439 -101.283447 15.303491  0.069780 -0.392121 0.917263  0.152348 0.789056 1 1 1.000000
0  -5.641013 -102.720863 14.788820  -0.047017 -0.433675 0.899842  0.004883 0.791986 1 1 1.000000
0  -2.609011 -101.777351 15.413580  -0.135009 -0.415224 0.899645  0.152348 0.790033 1 1 1.000000
misc
0  3.447616 -102.606590 15.538212  0.254611 -0.400724 0.880110  0.004883 0.791009 1 1 1.000000
0  3.289659 -101.553207 16.068775  0.352428 -0.417866 0.837366  0.152348 0.789056 1 1 1.000000
0  2.670799 -102.674301 15.860543  0.564564 -0.373539 0.736027  0.004883 0.790033 1 1 1.000000
misc
0  2.670799 -102.674301 15.860543  0.564564 -0.373539 0.736027  0.004883 0.790033 1 1 1.000000
0  3.289659 -101.553207 16.068775  0.352428 -0.417866 0.837366  0.152348 0.789056 1 1 1.000000
0  2.562148 -101.535492 16.628967  0.813031 -0.353304 0.462770  0.152348 0.786126 1 1 1.000000
misc
0  2.562148 -101.535492 16.628967  0.813031 -0.353304 0.462770  0.152348 0.786126 1 1 1.000000
0  2.283288 -102.694130 16.318336  0.827912 -0.327729 0.455142  0.004883 0.787103 1 1 1.000000
0  2.670799 -102.674301 15.860543  0.564564 -0.373539 0.736027  0.004883 0.790033 1 1 1.000000
misc
0  2.283288 -102.694130 16.318336  0.827912 -0.327729 0.455142  0.004883 0.787103 1 1 1.000000
0  2.562148 -101.535492 16.628967  0.813031 -0.353304 0.462770  0.152348 0.786126 1 1 1.000000
0  2.153649 -101.169479 18.603588  0.953411 -0.287468 0.091488  0.152348 0.777337 1 1 1.000000
misc
0  2.153649 -101.169479 18.603588  0.953411 -0.287468 0.091488  0.152348 0.777337 1 1 1.000000
0  1.911303 -102.547142 17.687859  0.921456 -0.313532 0.229380  0.004883 0.781243 1 1 1.000000
0  2.283288 -102.694130 16.318336  0.827912 -0.327729 0.455142  0.004883 0.787103 1 1 1.000000
misc
0  1.911303 -102.547142 17.687859  0.921456 -0.313532 0.229380  0.004883 0.781243 1 1 1.000000
0  2.153649 -101.169479 18.603588  0.953411 -0.287468 0.091488  0.152348 0.777337 1 1 1.000000
0  1.840176 -102.177589 19.353138  0.960987 -0.276348 0.011660  0.004883 0.774407 1 1 1.000000
misc
0  1.840176 -102.177589 19.353138  0.960987 -0.276348 0.011660  0.004883 0.774407 1 1 1.000000
0  2.153649 -101.169479 18.603588  0.953411 -0.287468 0.091488  0.152348 0.777337 1 1 1.000000
0  2.426970 -100.520042 20.484825  0.843390 -0.304203 -0.442893  0.152348 0.769524 1 1 1.000000
misc
0  2.426970 -100.520042 20.484825  0.843390 -0.304203 -0.442893  0.152348 0.769524 1 1 1.000000
0  2.021213 -101.822975 20.331165  0.946697 -0.264855 -0.183351  0.004883 0.769524 1 1 1.000000
0  1.840176 -102.177589 19.353138  0.960987 -0.276348 0.011660  0.004883 0.774407 1 1 1.000000
misc
0  2.021213 -101.822975 20.331165  0.946697 -0.264855 -0.183351  0.004883 0.769524 1 1 1.000000
0  2.426970 -100.520042 20.484825  0.843390 -0.304203 -0.442893  0.152348 0.769524 1 1 1.000000
0  2.370330 -101.528816 20.892262  0.785637 -0.248720 -0.566492  0.004883 0.767571 1 1 1.000000
misc
0  2.370330 -101.528816 20.892262  0.785637 -0.248720 -0.566492  0.004883 0.767571 1 1 1.000000
0  2.426970 -100.520042 20.484825  0.843390 -0.304203 -0.442893  0.152348 0.769524 1 1 1.000000
0  3.105629 -100.181190 21.039612  0.415370 -0.248035 -0.875184  0.152348 0.766594 1 1 1.000000
misc
0  3.105629 -100.181190 21.039612  0.415370 -0.248035 -0.875184  0.152348 0.766594 1 1 1.000000
0  2.888896 -101.294914 21.229614  0.469589 -0.238323 -0.850111  0.004883 0.765618 1 1 1.000000
0  2.370330 -101.528816 20.892262  0.785637 -0.248720 -0.566492  0.004883 0.767571 1 1 1.000000
misc
0  2.888896 -101.294914 21.229614  0.469589 -0.238323 -0.850111  0.004883 0.765618 1 1 1.000000
0  3.105629 -100.181190 21.039612  0.415370 -0.248035 -0.875184  0.152348 0.766594 1 1 1.000000
0  4.105106 -100.032646 21.269695  0.174868 -0.213636 -0.961135  0.152348 0.765618 1 1 1.000000
misc
0  4.105106 -100.032646 21.269695  0.174868 -0.213636 -0.961135  0.152348 0.765618 1 1 1.000000
0  3.954269 -101.074043 21.450321  0.196375 -0.205969 -0.958652  0.004883 0.765618 1 1 1.000000
0  2.888896 -101.294914 21.229614  0.469589 -0.238323 -0.850111  0.004883 0.765618 1 1 1.000000
misc
0  3.954269 -101.074043 21.450321  0.196375 -0.205969 -0.958652  0.004883 0.765618 1 1 1.000000
0  4.105106 -100.032646 21.269695  0.174868 -0.213636 -0.961135  0.152348 0.765618 1 1 1.000000
0  7.301602 -100.514046 21.777088  0.110066 -0.274780 -0.955187  0.004883 0.764641 1 1 1.000000
misc
0  7.301602 -100.514046 21.777088  0.110066 -0.274780 -0.955187  0.004883 0.764641 1 1 1.000000
0  11.440749 -98.783005 21.730255  0.037483 -0.236940 -0.970801  0.152348 0.765618 1 1 1.000000
0  11.709092 -99.719887 21.965664  0.029855 -0.236815 -0.971096  0.004883 0.764641 1 1 1.000000
misc
0  11.709092 -99.719887 21.965664  0.029855 -0.236815 -0.971096  0.004883 0.764641 1 1 1.000000
0  11.440749 -98.783005 21.730255  0.037483 -0.236940 -0.970801  0.152348 0.765618 1 1 1.000000
0  14.177318 -98.365318 21.576065  -0.245101 -0.318159 -0.915806  0.152348 0.766594 1 1 1.000000
misc
0  14.177318 -98.365318 21.576065  -0.245101 -0.318159 -0.915806  0.152348 0.766594 1 1 1.000000
0  13.742607 -99.407593 21.876389  -0.036077 -0.261020 -0.964659  0.004883 0.766594 1 1 1.000000
0  11.709092 -99.719887 21.965664  0.029855 -0.236815 -0.971096  0.004883 0.764641 1 1 1.000000
misc
0  13.742607 -99.407593 21.876389  -0.036077 -0.261020 -0.964659  0.004883 0.766594 1 1 1.000000
0  14.177318 -98.365318 21.576065  -0.245101 -0.318159 -0.915806  0.152348 0.766594 1 1 1.000000
0  14.629819 -99.320244 21.754288  -0.374638 -0.336394 -0.863994  0.004883 0.766594 1 1 1.000000
misc
0  14.629819 -99.320244 21.754288  -0.374638 -0.336394 -0.863994  0.004883 0.766594 1 1 1.000000
0  14.177318 -98.365318 21.576065  -0.245101 -0.318159 -0.915806  0.152348 0.766594 1 1 1.000000
0  14.523116 -98.361282 21.350018  -0.678651 -0.432593 -0.593546  0.152348 0.768548 1 1 1.000000
misc
0  14.523116 -98.361282 21.350018  -0.678651 -0.432593 -0.593546  0.152348 0.768548 1 1 1.000000
0  15.007335 -99.397255 21.530064  -0.764612 -0.441425 -0.469587  0.004883 0.767571 1 1 1.000000
0  14.629819 -99.320244 21.754288  -0.374638 -0.336394 -0.863994  0.004883 0.766594 1 1 1.000000
misc
0  15.007335 -99.397255 21.530064  -0.764612 -0.441425 -0.469587  0.004883 0.767571 1 1 1.000000
0  14.523116 -98.361282 21.350018  -0.678651 -0.432593 -0.593546  0.152348 0.768548 1 1 1.000000
0  14.687875 -98.476974 21.029278  -0.898529 -0.437284 -0.037787  0.152348 0.770501 1 1 1.000000
misc
0  14.687875 -98.476974 21.029278  -0.898529 -0.437284 -0.037787  0.152348 0.770501 1 1 1.000000
0  15.173860 -99.512871 21.181850  -0.902105 -0.429119 0.045423  0.004883 0.769524 1 1 1.000000
0  15.007335 -99.397255 21.530064  -0.764612 -0.441425 -0.469587  0.004883 0.767571 1 1 1.000000
misc
0  15.173860 -99.512871 21.181850  -0.902105 -0.429119 0.045423  0.004883 0.769524 1 1 1.000000
0  14.687875 -98.476974 21.029278  -0.898529 -0.437284 -0.037787  0.152348 0.770501 1 1 1.000000
0  14.450425 -98.986465 19.550697  -0.844862 -0.381199 0.375360  0.152348 0.776360 1 1 1.000000
misc
0  14.450425 -98.986465 19.550697  -0.844862 -0.381199 0.375360  0.152348 0.776360 1 1 1.000000
0  14.948965 -100.076950 19.552216  -0.831412 -0.392290 0.393526  0.004883 0.776360 1 1 1.000000
0  15.173860 -99.512871 21.181850  -0.902105 -0.429119 0.045423  0.004883 0.769524 1 1 1.000000
misc
0  14.948965 -100.076950 19.552216  -0.831412 -0.392290 0.393526  0.004883 0.776360 1 1 1.000000
0  14.450425 -98.986465 19.550697  -0.844862 -0.381199 0.375360  0.152348 0.776360 1 1 1.000000
0  13.683304 -99.523552 17.955276  -0.675181 -0.401606 0.618743  0.152348 0.783197 1 1 1.000000
misc
0  13.683304 -99.523552 17.955276  -0.675181 -0.401606 0.618743  0.152348 0.783197 1 1 1.000000
0  14.133755 -100.671837 17.677708  -0.647689 -0.450664 0.614330  0.004883 0.785150 1 1 1.000000
0  14.948965 -100.076950 19.552216  -0.831412 -0.392290 0.393526  0.004883 0.776360 1 1 1.000000
misc
0  14.133755 -100.671837 17.677708  -0.647689 -0.450664 0.614330  0.004883 0.785150 1 1 1.000000
0  13.683304 -99.523552 17.955276  -0.675181 -0.401606 0.618743  0.152348 0.783197 1 1 1.000000
0  12.846715 -99.829338 17.252510  -0.394524 -0.434045 0.809911  0.152348 0.786126 1 1 1.000000
misc
0  12.846715 -99.829338 17.252510  -0.394524 -0.434045 0.809911  0.152348 0.786126 1 1 1.000000
0  13.653875 -100.848747 17.122318  -0.493196 -0.481553 0.724475  0.004883 0.787103 1 1 1.000000
0  14.133755 -100.671837 17.677708  -0.647689 -0.450664 0.614330  0.004883 0.785150 1 1 1.000000
misc
0  13.653875 -100.848747 17.122318  -0.493196 -0.481553 0.724475  0.004883 0.787103 1 1 1.000000
0  12.846715 -99.829338 17.252510  -0.394524 -0.434045 0.809911  0.152348 0.786126 1 1 1.000000
0  12.932874 -101.038116 16.675545  -0.296736 -0.419349 0.857959  0.004883 0.789056 1 1 1.000000
misc
0  12.932874 -101.038116 16.675545  -0.296736 -0.419349 0.857959  0.004883 0.789056 1 1 1.000000
0  12.846715 -99.829338 17.252510  -0.394524 -0.434045 0.809911  0.152348 0.786126 1 1 1.000000
0  11.236183 -100.216637 16.623959  -0.145623 -0.403297 0.903408  0.152348 0.789056 1 1 1.000000
misc
0  11.236183 -100.216637 16.623959  -0.145623 -0.403297 0.903408  0.152348 0.789056 1 1 1.000000
0  11.585885 -101.356476 16.188229  -0.147138 -0.389372 0.909252  0.004883 0.791009 1 1 1.000000
0  12.932874 -101.038116 16.675545  -0.296736 -0.419349 0.857959  0.004883 0.789056 1 1 1.000000
misc
0  11.585885 -101.356476 16.188229  -0.147138 -0.389372 0.909252  0.004883 0.791009 1 1 1.000000
0  11.236183 -100.216637 16.623959  -0.145623 -0.403297 0.903408  0.152348 0.789056 1 1 1.000000
0  7.856510 -102.019173 15.657365  -0.023848 -0.432508 0.901314  0.004883 0.791986 1 1 1.000000
misc
0  7.856510 -102.019173 15.657365  -0.023848 -0.432508 0.901314  0.004883 0.791986 1 1 1.000000
0  4.688430 -101.397972 15.883161  0.061055 -0.405072 0.912244  0.152348 0.790033 1 1 1.000000
0  4.525438 -102.481773 15.428451  0.085538 -0.405209 0.910214  0.004883 0.791986 1 1 1.000000
misc
0  4.525438 -102.481773 15.428451  0.085538 -0.405209 0.910214  0.004883 0.791986 1 1 1.000000
0  4.688430 -101.397972 15.883161  0.061055 -0.405072 0.912244  0.152348 0.790033 1 1 1.000000
0  3.289659 -101.553207 16.068775  0.352428 -0.417866 0.837366  0.152348 0.789056 1 1 1.000000
misc
0  3.289659 -101.553207 16.068775  0.352428 -0.417866 0.837366  0.152348 0.789056 1 1 1.000000
0  3.447616 -102.606590 15.538212  0.254611 -0.400724 0.880110  0.004883 0.791009 1 1 1.000000
0  4.525438 -102.481773 15.428451  0.085538 -0.405209 0.910214  0.004883 0.791986 1 1 1.000000
misc
0  4.105106 -100.032646 21.269695  0.174868 -0.213636 -0.961135  0.152348 0.765618 1 1 1.000000
0  11.440749 -98.783005 21.730255  0.037483 -0.236940 -0.970801  0.152348 0.765618 1 1 1.000000
0  7.301602 -100.514046 21.777088  0.110066 -0.274780 -0.955187  0.004883 0.764641 1 1 1.000000
misc
0  11.236183 -100.216637 16.623959  -0.145623 -0.403297 0.903408  0.152348 0.789056 1 1 1.000000
0  4.688430 -101.397972 15.883161  0.061055 -0.405072 0.912244  0.152348 0.790033 1 1 1.000000
0  7.856510 -102.019173 15.657365  -0.023848 -0.432508 0.901314  0.004883 0.791986 1 1 1.000000
misc
0  2.711781 -101.583237 16.059174  -0.995998 -0.074843 -0.048859  0.931669 0.253883 1 1 1.000000
0  2.793998 -102.543915 15.772254  -0.995889 -0.075882 -0.049474  0.951201 0.213843 1 1 1.000000
0  2.707618 -102.478340 17.490913  -0.996122 -0.073647 -0.048143  0.951201 0.449202 1 1 1.000000
misc
0  2.707618 -102.478340 17.490913  -0.996122 -0.073647 -0.048143  0.951201 0.449202 1 1 1.000000
0  2.548276 -101.231430 18.959778  -0.996374 -0.072616 -0.044326  0.931669 0.649403 1 1 1.000000
0  2.711781 -101.583237 16.059174  -0.995998 -0.074843 -0.048859  0.931669 0.253883 1 1 1.000000
misc
0  2.548276 -101.231430 18.959778  -0.996374 -0.072616 -0.044326  0.931669 0.649403 1 1 1.000000
0  2.707618 -102.478340 17.490913  -0.996122 -0.073647 -0.048143  0.951201 0.449202 1 1 1.000000
0  2.622808 -102.316429 18.892708  -0.996244 -0.073462 -0.045848  0.951201 0.640614 1 1 1.000000
misc
0  2.548276 -101.231430 18.959778  -0.996374 -0.072616 -0.044326  0.931669 0.649403 1 1 1.000000
0  2.537771 -101.851318 20.267712  -0.996725 -0.069606 -0.041167  0.951201 0.828120 1 1 1.000000
0  2.465703 -101.399742 21.022858  -0.996675 -0.070614 -0.040652  0.951201 0.930662 1 1 1.000000
misc
0  2.465703 -101.399742 21.022858  -0.996675 -0.070614 -0.040652  0.951201 0.930662 1 1 1.000000
0  2.404567 -100.300423 20.870155  -0.996590 -0.071763 -0.040719  0.931669 0.911130 1 1 1.000000
0  2.548276 -101.231430 18.959778  -0.996374 -0.072616 -0.044326  0.931669 0.649403 1 1 1.000000
misc
0  2.917536 -101.572540 16.072414  0.998247 0.028751 0.051737  1.000031 0.253883 1 1 1.000000
0  2.754031 -101.220734 18.973019  0.997918 0.031072 0.056516  1.000031 0.650380 1 1 1.000000
0  2.872222 -102.469788 17.501503  0.998154 0.030265 0.052664  0.978545 0.449202 1 1 1.000000
misc
0  2.872222 -102.469788 17.501503  0.998154 0.030265 0.052664  0.978545 0.449202 1 1 1.000000
0  2.958602 -102.535355 15.782845  0.998307 0.027727 0.051129  0.978545 0.214820 1 1 1.000000
0  2.917536 -101.572540 16.072414  0.998247 0.028751 0.051737  1.000031 0.253883 1 1 1.000000
misc
0  2.872222 -102.469788 17.501503  0.998154 0.030265 0.052664  0.978545 0.449202 1 1 1.000000
0  2.754031 -101.220734 18.973019  0.997918 0.031072 0.056516  1.000031 0.650380 1 1 1.000000
0  2.787412 -102.307869 18.903301  0.998025 0.030056 0.055160  0.978545 0.641591 1 1 1.000000
misc
0  2.754031 -101.220734 18.973019  0.997918 0.031033 0.056540  1.000031 0.650380 1 1 1.000000
0  2.610323 -100.289726 20.883392  0.997683 0.031813 0.060135  1.000031 0.911130 1 1 1.000000
0  2.630307 -101.391190 21.033451  0.997640 0.033000 0.060210  0.978545 0.930662 1 1 1.000000
misc
0  2.630307 -101.391190 21.033451  0.997640 0.033007 0.060210  0.978545 0.930662 1 1 1.000000
0  2.688658 -101.843468 20.277420  0.997634 0.034068 0.059716  0.978545 0.828120 1 1 1.000000
0  2.754031 -101.220734 18.973019  0.997918 0.031072 0.056516  1.000031 0.650380 1 1 1.000000
misc
0  2.537771 -101.851318 20.267712  -0.996725 -0.069606 -0.041167  0.951201 0.828120 1 1 1.000000
0  2.548276 -101.231430 18.959778  -0.996374 -0.072616 -0.044326  0.931669 0.649403 1 1 1.000000
0  2.622808 -102.316429 18.892708  -0.996244 -0.073462 -0.045848  0.951201 0.640614 1 1 1.000000
misc
0  2.787412 -102.307869 18.903301  0.998025 0.030056 0.055160  0.978545 0.641591 1 1 1.000000
0  2.754031 -101.220734 18.973019  0.997918 0.031072 0.056516  1.000031 0.650380 1 1 1.000000
0  2.688658 -101.843468 20.277420  0.997634 0.034068 0.059716  0.978545 0.828120 1 1 1.000000
misc
0  3.578614 -101.497009 15.825427  -0.996322 -0.075203 -0.041072  0.931669 0.215796 1 1 1.000000
0  3.660831 -102.457703 15.538507  -0.996233 -0.076097 -0.041595  0.951201 0.176733 1 1 1.000000
0  3.584078 -102.405212 17.547382  -0.996470 -0.073685 -0.040226  0.951201 0.451155 1 1 1.000000
misc
0  3.584078 -102.405212 17.547382  -0.996470 -0.073685 -0.040226  0.951201 0.451155 1 1 1.000000
0  3.424735 -101.158302 19.016247  -0.996710 -0.072477 -0.036270  0.931669 0.651357 1 1 1.000000
0  3.578614 -101.497009 15.825427  -0.996322 -0.075203 -0.041072  0.931669 0.215796 1 1 1.000000
misc
0  3.424735 -101.158302 19.016247  -0.996710 -0.072477 -0.036270  0.931669 0.651357 1 1 1.000000
0  3.584078 -102.405212 17.547382  -0.996470 -0.073685 -0.040226  0.951201 0.451155 1 1 1.000000
0  3.512271 -102.228836 18.950054  -0.996577 -0.073464 -0.037917  0.951201 0.642567 1 1 1.000000
misc
0  3.424735 -101.158302 19.016247  -0.996710 -0.072477 -0.036270  0.931669 0.651357 1 1 1.000000
0  3.427948 -101.777473 20.325066  -0.997058 -0.069228 -0.032918  0.951201 0.829096 1 1 1.000000
0  3.356560 -101.132729 21.342827  -0.996969 -0.070817 -0.032209  0.951201 0.967772 1 1 1.000000
misc
0  3.356560 -101.132729 21.342827  -0.996969 -0.070817 -0.032209  0.951201 0.967772 1 1 1.000000
0  3.283136 -100.061615 21.189251  -0.996881 -0.072033 -0.032233  0.931669 0.948241 1 1 1.000000
0  3.424735 -101.158302 19.016247  -0.996710 -0.072477 -0.036270  0.931669 0.651357 1 1 1.000000
misc
0  3.784369 -101.486313 15.838666  0.998628 0.028728 0.043782  1.000031 0.215796 1 1 1.000000
0  3.630491 -101.147606 19.029488  0.998337 0.031192 0.048472  1.000031 0.651357 1 1 1.000000
0  3.734964 -102.397377 17.557095  0.998556 0.030337 0.044329  0.978545 0.451155 1 1 1.000000
misc
0  3.734964 -102.397377 17.557095  0.998556 0.030337 0.044329  0.978545 0.451155 1 1 1.000000
0  3.825435 -102.449142 15.549098  0.998680 0.027708 0.043241  0.978545 0.176733 1 1 1.000000
0  3.784369 -101.486313 15.838666  0.998628 0.028728 0.043782  1.000031 0.215796 1 1 1.000000
misc
0  3.734964 -102.397377 17.557095  0.998556 0.030337 0.044329  0.978545 0.451155 1 1 1.000000
0  3.630491 -101.147606 19.029488  0.998337 0.031192 0.048472  1.000031 0.651357 1 1 1.000000
0  3.676874 -102.220284 18.960648  0.998445 0.030187 0.046857  0.978545 0.642567 1 1 1.000000
misc
0  3.630491 -101.147606 19.029488  0.998337 0.031210 0.048465  1.000031 0.651357 1 1 1.000000
0  3.488890 -100.050919 21.202496  0.998117 0.031647 0.052553  1.000031 0.949217 1 1 1.000000
0  3.507447 -101.124878 21.352535  0.998084 0.032701 0.052528  0.978545 0.967772 1 1 1.000000
misc
0  3.507447 -101.124878 21.352535  0.998084 0.032718 0.052525  0.978545 0.967772 1 1 1.000000
0  3.592551 -101.768913 20.335659  0.998067 0.034441 0.051730  0.978545 0.833003 1 1 1.000000
0  3.630491 -101.147606 19.029488  0.998337 0.031192 0.048472  1.000031 0.651357 1 1 1.000000
misc
0  3.427948 -101.777473 20.325066  -0.997058 -0.069228 -0.032918  0.951201 0.829096 1 1 1.000000
0  3.424735 -101.158302 19.016247  -0.996710 -0.072477 -0.036270  0.931669 0.651357 1 1 1.000000
0  3.512271 -102.228836 18.950054  -0.996577 -0.073464 -0.037917  0.951201 0.642567 1 1 1.000000
misc
0  3.676874 -102.220284 18.960648  0.998445 0.030187 0.046857  0.978545 0.642567 1 1 1.000000
0  3.630491 -101.147606 19.029488  0.998337 0.031192 0.048472  1.000031 0.651357 1 1 1.000000
0  3.592551 -101.768913 20.335659  0.998067 0.034441 0.051730  0.978545 0.833003 1 1 1.000000
misc
0  4.433980 -101.411270 15.770238  -0.996598 -0.075379 -0.033312  0.931669 0.203101 1 1 1.000000
0  4.516198 -102.371956 15.483319  -0.996521 -0.076144 -0.033869  0.951201 0.164037 1 1 1.000000
0  4.445394 -102.305313 17.602955  -0.996748 -0.073715 -0.032555  0.951201 0.452132 1 1 1.000000
misc
0  4.445394 -102.305313 17.602955  -0.996748 -0.073715 -0.032555  0.951201 0.452132 1 1 1.000000
0  4.299768 -101.057678 19.072701  -0.996964 -0.072422 -0.028613  0.931669 0.653310 1 1 1.000000
0  4.433980 -101.411270 15.770238  -0.996598 -0.075379 -0.033312  0.931669 0.203101 1 1 1.000000
misc
0  4.299768 -101.057678 19.072701  -0.996964 -0.072422 -0.028613  0.931669 0.653310 1 1 1.000000
0  4.445394 -102.305313 17.602955  -0.996748 -0.073715 -0.032555  0.951201 0.452132 1 1 1.000000
0  4.388017 -102.141968 19.006516  -0.996834 -0.073549 -0.030207  0.951201 0.644520 1 1 1.000000
misc
0  4.299768 -101.057678 19.072701  -0.996964 -0.072422 -0.028613  0.931669 0.653310 1 1 1.000000
0  4.317411 -101.689888 20.382412  -0.997281 -0.069204 -0.025310  0.951201 0.831050 1 1 1.000000
0  4.238757 -100.990341 21.468815  -0.997180 -0.070979 -0.024379  0.951201 0.978515 1 1 1.000000
misc
0  4.238757 -100.990341 21.468815  -0.997180 -0.070979 -0.024379  0.951201 0.978515 1 1 1.000000
0  4.165333 -99.919235 21.315243  -0.997101 -0.072085 -0.024357  0.931669 0.958983 1 1 1.000000
0  4.299768 -101.057678 19.072701  -0.996964 -0.072422 -0.028613  0.931669 0.653310 1 1 1.000000
misc
0  4.639736 -101.400574 15.783479  0.998949 0.028441 0.035931  1.000031 0.204077 1 1 1.000000
0  4.519239 -101.046272 19.086826  0.998653 0.031766 0.041034  1.000031 0.653310 1 1 1.000000
0  4.609997 -102.296753 17.613548  0.998870 0.030244 0.036658  0.978545 0.452132 1 1 1.000000
misc
0  4.609997 -102.296753 17.613548  0.998870 0.030244 0.036658  0.978545 0.452132 1 1 1.000000
0  4.680801 -102.363403 15.493913  0.998991 0.027554 0.035476  0.978545 0.164037 1 1 1.000000
0  4.639736 -101.400574 15.783479  0.998949 0.028441 0.035931  1.000031 0.204077 1 1 1.000000
misc
0  4.609997 -102.296753 17.613548  0.998870 0.030244 0.036658  0.978545 0.452132 1 1 1.000000
0  4.519239 -101.046272 19.086826  0.998653 0.031766 0.041034  1.000031 0.653310 1 1 1.000000
0  4.552620 -102.133408 19.017109  0.998776 0.030197 0.039170  0.978545 0.644520 1 1 1.000000
misc
0  4.519239 -101.046272 19.086826  0.998664 0.031628 0.040854  1.000031 0.653310 1 1 1.000000
0  4.371087 -99.908539 21.328484  0.998484 0.031628 0.045045  1.000031 0.959960 1 1 1.000000
0  4.403361 -100.981781 21.479408  0.998439 0.032965 0.045077  0.978545 0.978515 1 1 1.000000
misc
0  4.403361 -100.981781 21.479408  0.998447 0.032833 0.045001  0.978545 0.978515 1 1 1.000000
0  4.482014 -101.681328 20.393005  0.998424 0.034590 0.044182  0.978545 0.831050 1 1 1.000000
0  4.519239 -101.046272 19.086826  0.998653 0.031766 0.041034  1.000031 0.653310 1 1 1.000000
misc
0  4.317411 -101.689888 20.382412  -0.997281 -0.069204 -0.025310  0.951201 0.831050 1 1 1.000000
0  4.299768 -101.057678 19.072701  -0.996964 -0.072422 -0.028613  0.931669 0.653310 1 1 1.000000
0  4.388017 -102.141968 19.006516  -0.996834 -0.073549 -0.030207  0.951201 0.644520 1 1 1.000000
misc
0  4.552620 -102.133408 19.017109  0.998776 0.030197 0.039170  0.978545 0.644520 1 1 1.000000
0  4.519239 -101.046272 19.086826  0.998653 0.031766 0.041034  1.000031 0.653310 1 1 1.000000
0  4.482014 -101.681328 20.393005  0.998424 0.034590 0.044182  0.978545 0.831050 1 1 1.000000
misc
0  5.309013 -101.310646 15.826692  -0.996873 -0.075244 -0.024124  0.931669 0.205054 1 1 1.000000
0  5.377514 -102.272057 15.538892  -0.996796 -0.076128 -0.024544  0.951201 0.165990 1 1 1.000000
0  5.320425 -102.204689 17.659409  -0.997019 -0.073580 -0.023209  0.951201 0.454085 1 1 1.000000
misc
0  5.320425 -102.204689 17.659409  -0.997019 -0.073580 -0.023209  0.951201 0.454085 1 1 1.000000
0  5.202947 -100.969383 19.130932  -0.997187 -0.072448 -0.019205  0.931669 0.654286 1 1 1.000000
0  5.309013 -101.310646 15.826692  -0.996873 -0.075244 -0.024124  0.931669 0.205054 1 1 1.000000
misc
0  5.202947 -100.969383 19.130932  -0.997187 -0.072448 -0.019205  0.931669 0.654286 1 1 1.000000
0  5.320425 -102.204689 17.659409  -0.997019 -0.073580 -0.023209  0.951201 0.454085 1 1 1.000000
0  5.277478 -102.054367 19.063862  -0.997083 -0.073414 -0.020861  0.951201 0.645497 1 1 1.000000
misc
0  5.202947 -100.969383 19.130932  -0.997187 -0.072448 -0.019205  0.931669 0.654286 1 1 1.000000
0  5.220590 -101.601585 20.440643  -0.997483 -0.069102 -0.015912  0.951201 0.833003 1 1 1.000000
0  5.164413 -100.873276 21.583733  -0.997367 -0.070957 -0.014945  0.951201 0.987304 1 1 1.000000
misc
0  5.164413 -100.873276 21.583733  -0.997367 -0.070957 -0.014945  0.951201 0.987304 1 1 1.000000
0  5.077274 -99.802872 21.429276  -0.997281 -0.072160 -0.014933  0.931669 0.967772 1 1 1.000000
0  5.202947 -100.969383 19.130932  -0.997187 -0.072448 -0.019205  0.931669 0.654286 1 1 1.000000
misc
0  5.514767 -101.299950 15.839934  0.999251 0.028279 0.026401  1.000031 0.205054 1 1 1.000000
0  5.408703 -100.958687 19.144169  0.999024 0.031209 0.031273  1.000031 0.655263 1 1 1.000000
0  5.485028 -102.196136 17.670002  0.999179 0.029904 0.027332  0.978545 0.454085 1 1 1.000000
misc
0  5.485028 -102.196136 17.670002  0.999179 0.029904 0.027332  0.978545 0.454085 1 1 1.000000
0  5.542118 -102.263496 15.549483  0.999285 0.027539 0.025923  0.978545 0.165990 1 1 1.000000
0  5.514767 -101.299950 15.839934  0.999251 0.028279 0.026401  1.000031 0.205054 1 1 1.000000
misc
0  5.485028 -102.196136 17.670002  0.999179 0.029904 0.027332  0.978545 0.454085 1 1 1.000000
0  5.408703 -100.958687 19.144169  0.999024 0.031209 0.031273  1.000031 0.655263 1 1 1.000000
0  5.442084 -102.045807 19.074455  0.999113 0.030013 0.029554  0.978545 0.646474 1 1 1.000000
misc
0  5.408703 -100.958687 19.144169  0.999020 0.031290 0.031295  1.000031 0.655263 1 1 1.000000
0  5.296746 -99.791473 21.443398  0.998869 0.031562 0.035568  1.000031 0.968749 1 1 1.000000
0  5.315301 -100.865425 21.593441  0.998832 0.032769 0.035516  0.978545 0.987304 1 1 1.000000
misc
0  5.315301 -100.865425 21.593441  0.998832 0.032752 0.035515  0.978545 0.987304 1 1 1.000000
0  5.385195 -101.593033 20.451233  0.998784 0.034937 0.034795  0.978545 0.833003 1 1 1.000000
0  5.408703 -100.958687 19.144169  0.999024 0.031209 0.031273  1.000031 0.655263 1 1 1.000000
misc
0  5.220590 -101.601585 20.440643  -0.997483 -0.069102 -0.015912  0.951201 0.833003 1 1 1.000000
0  5.202947 -100.969383 19.130932  -0.997187 -0.072448 -0.019205  0.931669 0.654286 1 1 1.000000
0  5.277478 -102.054367 19.063862  -0.997083 -0.073414 -0.020861  0.951201 0.645497 1 1 1.000000
misc
0  5.442084 -102.045807 19.074455  0.999113 0.030013 0.029554  0.978545 0.646474 1 1 1.000000
0  5.408703 -100.958687 19.144169  0.999024 0.031209 0.031273  1.000031 0.655263 1 1 1.000000
0  5.385195 -101.593033 20.451233  0.998784 0.034937 0.034795  0.978545 0.833003 1 1 1.000000
misc
0  6.168898 -101.183258 15.882245  -0.997040 -0.075163 -0.016186  0.931669 0.206030 1 1 1.000000
0  6.237400 -102.144661 15.594444  -0.996956 -0.076159 -0.016667  0.951201 0.166967 1 1 1.000000
0  6.207746 -102.075867 17.716728  -0.997173 -0.073531 -0.015452  0.951201 0.455061 1 1 1.000000
misc
0  6.207746 -102.075867 17.716728  -0.997173 -0.073531 -0.015452  0.951201 0.455061 1 1 1.000000
0  6.090268 -100.840561 19.188251  -0.997325 -0.072201 -0.011422  0.931669 0.656240 1 1 1.000000
0  6.168898 -101.183258 15.882245  -0.997040 -0.075163 -0.016186  0.931669 0.206030 1 1 1.000000
misc
0  6.090268 -100.840561 19.188251  -0.997325 -0.072201 -0.011422  0.931669 0.656240 1 1 1.000000
0  6.207746 -102.075867 17.716728  -0.997173 -0.073531 -0.015452  0.951201 0.455061 1 1 1.000000
0  6.164799 -101.925545 19.121181  -0.997214 -0.073455 -0.012985  0.951201 0.647450 1 1 1.000000
misc
0  6.090268 -100.840561 19.188251  -0.997325 -0.072201 -0.011422  0.931669 0.656240 1 1 1.000000
0  6.121628 -101.472046 20.498840  -0.997577 -0.069107 -0.008028  0.951201 0.833979 1 1 1.000000
0  6.064737 -100.729988 21.641926  -0.997468 -0.070756 -0.007122  0.951201 0.989257 1 1 1.000000
misc
0  6.064737 -100.729988 21.641926  -0.997468 -0.070756 -0.007122  0.951201 0.989257 1 1 1.000000
0  5.992028 -99.672630 21.488361  -0.997384 -0.071936 -0.007064  0.931669 0.969726 1 1 1.000000
0  6.090268 -100.840561 19.188251  -0.997325 -0.072201 -0.011422  0.931669 0.656240 1 1 1.000000
misc
0  6.374654 -101.172562 15.895486  0.999423 0.028479 0.018503  1.000031 0.207007 1 1 1.000000
0  6.296022 -100.829865 19.201488  0.999241 0.031216 0.023292  1.000031 0.656240 1 1 1.000000
0  6.358632 -102.068024 17.726437  0.999362 0.029980 0.019416  0.978545 0.456038 1 1 1.000000
misc
0  6.358632 -102.068024 17.726437  0.999362 0.029980 0.019416  0.978545 0.456038 1 1 1.000000
0  6.402004 -102.136101 15.605036  0.999457 0.027578 0.018039  0.978545 0.166967 1 1 1.000000
0  6.374654 -101.172562 15.895486  0.999423 0.028479 0.018503  1.000031 0.207007 1 1 1.000000
misc
0  6.358632 -102.068024 17.726437  0.999362 0.029980 0.019416  0.978545 0.456038 1 1 1.000000
0  6.296022 -100.829865 19.201488  0.999241 0.031216 0.023292  1.000031 0.656240 1 1 1.000000
0  6.329404 -101.916985 19.131775  0.999308 0.030235 0.021675  0.978545 0.647450 1 1 1.000000
misc
0  6.296022 -100.829865 19.201488  0.999234 0.031336 0.023455  1.000031 0.656240 1 1 1.000000
0  6.197783 -99.661934 21.501598  0.999118 0.031655 0.027596  1.000031 0.969726 1 1 1.000000
0  6.229341 -100.721436 21.652519  0.999083 0.032926 0.027356  0.978545 0.989257 1 1 1.000000
misc
0  6.229341 -100.721436 21.652519  0.999079 0.032875 0.027575  0.978545 0.989257 1 1 1.000000
0  6.286232 -101.463501 20.509434  0.999046 0.034635 0.026601  0.978545 0.834956 1 1 1.000000
0  6.296022 -100.829865 19.201488  0.999241 0.031216 0.023292  1.000031 0.656240 1 1 1.000000
misc
0  6.121628 -101.472046 20.498840  -0.997577 -0.069107 -0.008028  0.951201 0.833979 1 1 1.000000
0  6.090268 -100.840561 19.188251  -0.997325 -0.072201 -0.011422  0.931669 0.656240 1 1 1.000000
0  6.164799 -101.925545 19.121181  -0.997214 -0.073455 -0.012985  0.951201 0.647450 1 1 1.000000
misc
0  6.329404 -101.916985 19.131775  0.999308 0.030235 0.021675  0.978545 0.647450 1 1 1.000000
0  6.296022 -100.829865 19.201488  0.999241 0.031216 0.023292  1.000031 0.656240 1 1 1.000000
0  6.286232 -101.463501 20.509434  0.999046 0.034635 0.026601  0.978545 0.834956 1 1 1.000000
misc
0  7.028785 -101.055847 15.937800  -0.997154 -0.075224 -0.004964  0.931669 0.207984 1 1 1.000000
0  7.097286 -102.017258 15.649997  -0.997087 -0.076081 -0.005386  0.951201 0.167943 1 1 1.000000
0  7.082063 -101.961494 17.773174  -0.997291 -0.073449 -0.004053  0.951201 0.457015 1 1 1.000000
misc
0  7.082063 -101.961494 17.773174  -0.997291 -0.073449 -0.004053  0.951201 0.457015 1 1 1.000000
0  6.992020 -100.724777 19.246460  -0.997376 -0.072395 -0.000043  0.931669 0.657216 1 1 1.000000
0  7.028785 -101.055847 15.937800  -0.997154 -0.075224 -0.004964  0.931669 0.207984 1 1 1.000000
misc
0  6.992020 -100.724777 19.246460  -0.997376 -0.072395 -0.000043  0.931669 0.657216 1 1 1.000000
0  7.082063 -101.961494 17.773174  -0.997291 -0.073449 -0.004053  0.951201 0.457015 1 1 1.000000
0  7.066550 -101.809761 19.179390  -0.997304 -0.073356 -0.001692  0.951201 0.648427 1 1 1.000000
misc
0  6.992020 -100.724777 19.246460  -0.997376 -0.072395 -0.000043  0.931669 0.657216 1 1 1.000000
0  7.037811 -101.369301 20.557941  -0.997610 -0.069012 0.003249  0.951201 0.835932 1 1 1.000000
0  6.994638 -100.626511 21.701912  -0.997479 -0.070844 0.004170  0.951201 0.990234 1 1 1.000000
misc
0  6.994638 -100.626511 21.701912  -0.997479 -0.070844 0.004170  0.951201 0.990234 1 1 1.000000
0  6.921928 -99.569160 21.548344  -0.997392 -0.072049 0.004226  0.931669 0.970702 1 1 1.000000
0  6.992020 -100.724777 19.246460  -0.997376 -0.072395 -0.000043  0.931669 0.657216 1 1 1.000000
misc
0  7.234539 -101.045143 15.951037  0.999574 0.028331 0.007029  1.000031 0.207984 1 1 1.000000
0  7.197774 -100.714081 19.259697  0.999438 0.031316 0.011920  1.000031 0.658193 1 1 1.000000
0  7.246666 -101.952934 17.783764  0.999540 0.029315 0.007796  0.978545 0.457015 1 1 1.000000
misc
0  7.246666 -101.952934 17.783764  0.999540 0.029315 0.007796  0.978545 0.457015 1 1 1.000000
0  7.261890 -102.008705 15.660589  0.999597 0.027616 0.006583  0.978545 0.168920 1 1 1.000000
0  7.234539 -101.045143 15.951037  0.999574 0.028331 0.007029  1.000031 0.207984 1 1 1.000000
misc
0  7.246666 -101.952934 17.783764  0.999540 0.029315 0.007796  0.978545 0.457015 1 1 1.000000
0  7.197774 -100.714081 19.259697  0.999438 0.031316 0.011920  1.000031 0.658193 1 1 1.000000
0  7.231156 -101.801201 19.189983  0.999489 0.030260 0.010330  0.978545 0.649403 1 1 1.000000
misc
0  7.197774 -100.714081 19.259697  0.999435 0.031352 0.012103  1.000031 0.658193 1 1 1.000000
0  7.127683 -99.558464 21.561584  0.999370 0.031566 0.016255  1.000031 0.971679 1 1 1.000000
0  7.159242 -100.617958 21.712498  0.999330 0.032807 0.016210  0.978545 0.991211 1 1 1.000000
misc
0  7.159242 -100.617958 21.712498  0.999330 0.032786 0.016241  0.978545 0.991211 1 1 1.000000
0  7.202415 -101.360741 20.568535  0.999282 0.034629 0.015339  0.978545 0.835932 1 1 1.000000
0  7.197774 -100.714081 19.259697  0.999438 0.031316 0.011920  1.000031 0.658193 1 1 1.000000
misc
0  7.037811 -101.369301 20.557941  -0.997610 -0.069012 0.003249  0.951201 0.835932 1 1 1.000000
0  6.992020 -100.724777 19.246460  -0.997376 -0.072395 -0.000043  0.931669 0.657216 1 1 1.000000
0  7.066550 -101.809761 19.179390  -0.997304 -0.073356 -0.001692  0.951201 0.648427 1 1 1.000000
misc
0  7.231156 -101.801201 19.189983  0.999489 0.030260 0.010330  0.978545 0.649403 1 1 1.000000
0  7.197774 -100.714081 19.259697  0.999438 0.031316 0.011920  1.000031 0.658193 1 1 1.000000
0  7.202415 -101.360741 20.568535  0.999282 0.034629 0.015339  0.978545 0.835932 1 1 1.000000
misc
0  7.914511 -100.913315 16.008842  -0.997158 -0.075267 -0.003210  0.931669 0.210913 1 1 1.000000
0  7.982298 -101.860977 15.721031  -0.997091 -0.076128 -0.003673  0.951201 0.171850 1 1 1.000000
0  7.968668 -101.818932 17.830479  -0.997290 -0.073527 -0.002317  0.951201 0.458968 1 1 1.000000
misc
0  7.968668 -101.818932 17.830479  -0.997290 -0.073527 -0.002317  0.951201 0.458968 1 1 1.000000
0  7.878627 -100.582207 19.303768  -0.997375 -0.072388 0.001694  0.931669 0.660146 1 1 1.000000
0  7.914511 -100.913315 16.008842  -0.997158 -0.075267 -0.003210  0.931669 0.210913 1 1 1.000000
misc
0  7.878627 -100.582207 19.303768  -0.997375 -0.072388 0.001694  0.931669 0.660146 1 1 1.000000
0  7.968668 -101.818932 17.830479  -0.997290 -0.073527 -0.002317  0.951201 0.458968 1 1 1.000000
0  7.951562 -101.653473 19.250423  -0.997300 -0.073435 0.000050  0.951201 0.651357 1 1 1.000000
misc
0  7.878627 -100.582207 19.303768  -0.997375 -0.072388 0.001694  0.931669 0.660146 1 1 1.000000
0  7.923703 -101.212975 20.615242  -0.997601 -0.069042 0.004978  0.951201 0.837886 1 1 1.000000
0  7.881244 -100.483948 21.759216  -0.997468 -0.070873 0.005914  0.951201 0.992187 1 1 1.000000
misc
0  7.881244 -100.483948 21.759216  -0.997468 -0.070873 0.005914  0.951201 0.992187 1 1 1.000000
0  7.807819 -99.412834 21.605644  -0.997379 -0.072103 0.005969  0.931669 0.972655 1 1 1.000000
0  7.878627 -100.582207 19.303768  -0.997375 -0.072388 0.001694  0.931669 0.660146 1 1 1.000000
misc
0  8.120267 -100.902618 16.022083  0.999582 0.028376 0.005438  1.000031 0.210913 1 1 1.000000
0  8.084381 -100.571503 19.317009  0.999469 0.030907 0.010343  1.000031 0.660146 1 1 1.000000
0  8.133274 -101.810371 17.841072  0.999528 0.030066 0.006384  0.978545 0.459944 1 1 1.000000
misc
0  8.133274 -101.810371 17.841072  0.999528 0.030066 0.006384  0.978545 0.459944 1 1 1.000000
0  8.146901 -101.852417 15.731624  0.999607 0.027623 0.004854  0.978545 0.171850 1 1 1.000000
0  8.120267 -100.902618 16.022083  0.999582 0.028376 0.005438  1.000031 0.210913 1 1 1.000000
misc
0  8.133274 -101.810371 17.841072  0.999528 0.030066 0.006384  0.978545 0.459944 1 1 1.000000
0  8.084381 -100.571503 19.317009  0.999469 0.030907 0.010343  1.000031 0.660146 1 1 1.000000
0  8.116166 -101.644913 19.261017  0.999503 0.030355 0.008516  0.978545 0.651357 1 1 1.000000
misc
0  8.084381 -100.571503 19.317009  0.999461 0.031162 0.010327  1.000031 0.660146 1 1 1.000000
0  8.013576 -99.402138 21.618885  0.999381 0.032081 0.014444  1.000031 0.973632 1 1 1.000000
0  8.045847 -100.475388 21.769810  0.999352 0.032990 0.014408  0.978545 0.992187 1 1 1.000000
misc
0  8.045847 -100.475388 21.769810  0.999344 0.033228 0.014398  0.978545 0.992187 1 1 1.000000
0  8.088307 -101.204422 20.625835  0.999332 0.033983 0.013435  0.978545 0.837886 1 1 1.000000
0  8.084381 -100.571503 19.317009  0.999469 0.030907 0.010343  1.000031 0.660146 1 1 1.000000
misc
0  7.923703 -101.212975 20.615242  -0.997601 -0.069042 0.004978  0.951201 0.837886 1 1 1.000000
0  7.878627 -100.582207 19.303768  -0.997375 -0.072388 0.001694  0.931669 0.660146 1 1 1.000000
0  7.951562 -101.653473 19.250423  -0.997300 -0.073435 0.000050  0.951201 0.651357 1 1 1.000000
misc
0  8.116166 -101.644913 19.261017  0.999503 0.030355 0.008516  0.978545 0.651357 1 1 1.000000
0  8.084381 -100.571503 19.317009  0.999469 0.030907 0.010343  1.000031 0.660146 1 1 1.000000
0  8.088307 -101.204422 20.625835  0.999332 0.033983 0.013435  0.978545 0.837886 1 1 1.000000
misc
0  8.769274 -100.772354 16.133064  -0.997048 -0.076608 0.005198  0.931669 0.222633 1 1 1.000000
0  8.838823 -101.719948 15.817782  -0.996952 -0.077882 0.004573  0.951201 0.178686 1 1 1.000000
0  8.851034 -101.662750 17.942722  -0.997240 -0.073951 0.006538  0.951201 0.468734 1 1 1.000000
misc
0  8.851034 -101.662750 17.942722  -0.997240 -0.073951 0.006538  0.951201 0.468734 1 1 1.000000
0  8.761873 -100.426003 19.402275  -0.997319 -0.072393 0.010712  0.931669 0.666982 1 1 1.000000
0  8.769274 -100.772354 16.133064  -0.997048 -0.076608 0.005198  0.931669 0.222633 1 1 1.000000
misc
0  8.761873 -100.426003 19.402275  -0.997319 -0.072393 0.010712  0.931669 0.666982 1 1 1.000000
0  8.851034 -101.662750 17.942722  -0.997240 -0.073951 0.006538  0.951201 0.468734 1 1 1.000000
0  8.849240 -101.510307 19.349827  -0.997256 -0.073476 0.009060  0.951201 0.658193 1 1 1.000000
misc
0  8.761873 -100.426003 19.402275  -0.997319 -0.072393 0.010712  0.931669 0.666982 1 1 1.000000
0  8.822263 -101.069771 20.700905  -0.997523 -0.068936 0.013990  0.951201 0.842769 1 1 1.000000
0  8.793690 -100.326248 21.832020  -0.997373 -0.070869 0.015006  0.951201 0.996094 1 1 1.000000
misc
0  8.793690 -100.326248 21.832020  -0.997373 -0.070869 0.015006  0.951201 0.996094 1 1 1.000000
0  8.720979 -99.268875 21.678455  -0.997287 -0.072053 0.015045  0.931669 0.976562 1 1 1.000000
0  8.761873 -100.426003 19.402275  -0.997319 -0.072393 0.010712  0.931669 0.666982 1 1 1.000000
misc
0  8.975026 -100.761665 16.146305  0.999549 0.029861 -0.003038  1.000031 0.222633 1 1 1.000000
0  8.967628 -100.415306 19.415516  0.999511 0.031253 0.001214  1.000031 0.666982 1 1 1.000000
0  9.001921 -101.654907 17.952431  0.999533 0.030459 -0.002585  0.978545 0.468734 1 1 1.000000
misc
0  9.001921 -101.654907 17.952431  0.999533 0.030459 -0.002585  0.978545 0.468734 1 1 1.000000
0  9.003427 -101.711388 15.828374  0.999560 0.029508 -0.003031  0.978545 0.179662 1 1 1.000000
0  8.975026 -100.761665 16.146305  0.999549 0.029861 -0.003038  1.000031 0.222633 1 1 1.000000
misc
0  9.001921 -101.654907 17.952431  0.999533 0.030459 -0.002585  0.978545 0.468734 1 1 1.000000
0  8.967628 -100.415306 19.415516  0.999511 0.031253 0.001214  1.000031 0.666982 1 1 1.000000
0  9.000128 -101.502457 19.359535  0.999551 0.029941 -0.001143  0.978545 0.658193 1 1 1.000000
misc
0  8.967628 -100.415306 19.415516  0.999513 0.031176 0.001428  1.000031 0.666982 1 1 1.000000
0  8.926734 -99.258179 21.691692  0.999487 0.031546 0.005523  1.000031 0.977538 1 1 1.000000
0  8.958294 -100.317688 21.842609  0.999447 0.032790 0.005476  0.978545 0.996094 1 1 1.000000
misc
0  8.958294 -100.317688 21.842609  0.999445 0.032853 0.005434  0.978545 0.996094 1 1 1.000000
0  8.986865 -101.061211 20.711498  0.999389 0.034627 0.004658  0.978545 0.843745 1 1 1.000000
0  8.967628 -100.415306 19.415516  0.999511 0.031253 0.001214  1.000031 0.666982 1 1 1.000000
misc
0  8.822263 -101.069771 20.700905  -0.997523 -0.068936 0.013990  0.951201 0.842769 1 1 1.000000
0  8.761873 -100.426003 19.402275  -0.997319 -0.072393 0.010712  0.931669 0.666982 1 1 1.000000
0  8.849240 -101.510307 19.349827  -0.997256 -0.073476 0.009060  0.951201 0.658193 1 1 1.000000
misc
0  9.000128 -101.502457 19.359535  0.999551 0.029941 -0.001143  0.978545 0.658193 1 1 1.000000
0  8.967628 -100.415306 19.415516  0.999511 0.031253 0.001214  1.000031 0.666982 1 1 1.000000
0  8.986865 -101.061211 20.711498  0.999389 0.034627 0.004658  0.978545 0.843745 1 1 1.000000
misc
0  9.638970 -100.603088 16.216946  -0.997084 -0.075147 0.013275  0.931669 0.226539 1 1 1.000000
0  9.721189 -101.563766 15.930024  -0.997018 -0.076103 0.012808  0.951201 0.188452 1 1 1.000000
0  9.736045 -101.506477 18.013756  -0.997192 -0.073522 0.014216  0.951201 0.471664 1 1 1.000000
misc
0  9.736045 -101.506477 18.013756  -0.997192 -0.073522 0.014216  0.951201 0.471664 1 1 1.000000
0  9.661482 -100.268974 19.460457  -0.997202 -0.072479 0.018286  0.931669 0.668935 1 1 1.000000
0  9.638970 -100.603088 16.216946  -0.997084 -0.075147 0.013275  0.931669 0.226539 1 1 1.000000
misc
0  9.661482 -100.268974 19.460457  -0.997202 -0.072479 0.018286  0.931669 0.668935 1 1 1.000000
0  9.736045 -101.506477 18.013756  -0.997192 -0.073522 0.014216  0.951201 0.471664 1 1 1.000000
0  9.748849 -101.353279 19.408005  -0.997166 -0.073376 0.016600  0.951201 0.660146 1 1 1.000000
misc
0  9.661482 -100.268974 19.460457  -0.997202 -0.072479 0.018286  0.931669 0.668935 1 1 1.000000
0  9.736471 -100.911980 20.746235  -0.997377 -0.069087 0.021612  0.951201 0.843745 1 1 1.000000
0  9.707897 -100.168472 21.877350  -0.997240 -0.070738 0.022555  0.951201 0.995117 1 1 1.000000
misc
0  9.707897 -100.168472 21.877350  -0.997240 -0.070738 0.022555  0.951201 0.995117 1 1 1.000000
0  9.635187 -99.111107 21.723785  -0.997143 -0.072080 0.022601  0.931669 0.976562 1 1 1.000000
0  9.661482 -100.268974 19.460457  -0.997202 -0.072479 0.018286  0.931669 0.668935 1 1 1.000000
misc
0  9.858443 -100.591675 16.231068  0.999531 0.028518 -0.011154  1.000031 0.227515 1 1 1.000000
0  9.880954 -100.257561 19.474579  0.999491 0.031314 -0.006127  1.000031 0.668935 1 1 1.000000
0  9.900651 -101.497925 18.024349  0.999499 0.029981 -0.010198  0.978545 0.471664 1 1 1.000000
misc
0  9.900651 -101.497925 18.024349  0.999499 0.029981 -0.010198  0.978545 0.471664 1 1 1.000000
0  9.872076 -101.555931 15.939734  0.999551 0.027608 -0.011621  0.978545 0.188452 1 1 1.000000
0  9.858443 -100.591675 16.231068  0.999531 0.028518 -0.011154  1.000031 0.227515 1 1 1.000000
misc
0  9.900651 -101.497925 18.024349  0.999499 0.029981 -0.010198  0.978545 0.471664 1 1 1.000000
0  9.880954 -100.257561 19.474579  0.999491 0.031314 -0.006127  1.000031 0.668935 1 1 1.000000
0  9.899735 -101.345428 19.417717  0.999511 0.030281 -0.007854  0.978545 0.660146 1 1 1.000000
misc
0  9.880954 -100.257561 19.474579  0.999490 0.031327 -0.006112  1.000031 0.668935 1 1 1.000000
0  9.840942 -99.100410 21.737022  0.999499 0.031591 -0.001816  1.000031 0.976562 1 1 1.000000
0  9.872501 -100.159920 21.887939  0.999459 0.032840 -0.001823  0.978545 0.996094 1 1 1.000000
misc
0  9.872501 -100.159920 21.887939  0.999460 0.032816 -0.001832  0.978545 0.996094 1 1 1.000000
0  9.901074 -100.903419 20.756824  0.999400 0.034530 -0.002781  0.978545 0.843745 1 1 1.000000
0  9.880954 -100.257561 19.474579  0.999491 0.031314 -0.006127  1.000031 0.668935 1 1 1.000000
misc
0  9.736471 -100.911980 20.746235  -0.997377 -0.069087 0.021612  0.951201 0.843745 1 1 1.000000
0  9.661482 -100.268974 19.460457  -0.997202 -0.072479 0.018286  0.931669 0.668935 1 1 1.000000
0  9.748849 -101.353279 19.408005  -0.997166 -0.073376 0.016600  0.951201 0.660146 1 1 1.000000
misc
0  9.899735 -101.345428 19.417717  0.999511 0.030281 -0.007854  0.978545 0.660146 1 1 1.000000
0  9.880954 -100.257561 19.474579  0.999491 0.031314 -0.006127  1.000031 0.668935 1 1 1.000000
0  9.901074 -100.903419 20.756824  0.999400 0.034530 -0.002781  0.978545 0.843745 1 1 1.000000
misc
0  10.531146 -100.405045 16.357510  -0.997041 -0.075040 0.016691  0.931669 0.240211 1 1 1.000000
0  10.599646 -101.366447 16.069710  -0.996968 -0.076067 0.016411  0.951201 0.201147 1 1 1.000000
0  10.631747 -101.308289 18.099384  -0.997137 -0.073534 0.017643  0.951201 0.476547 1 1 1.000000
misc
0  10.631747 -101.308289 18.099384  -0.997137 -0.073534 0.017643  0.951201 0.476547 1 1 1.000000
0  10.558068 -100.070755 19.532345  -0.997141 -0.072376 0.021733  0.931669 0.671865 1 1 1.000000
0  10.531146 -100.405045 16.357510  -0.997041 -0.075040 0.016691  0.931669 0.240211 1 1 1.000000
misc
0  10.558068 -100.070755 19.532345  -0.997141 -0.072376 0.021733  0.931669 0.671865 1 1 1.000000
0  10.631747 -101.308289 18.099384  -0.997137 -0.073534 0.017643  0.951201 0.476547 1 1 1.000000
0  10.645436 -101.155060 19.479897  -0.997103 -0.073383 0.020035  0.951201 0.663076 1 1 1.000000
misc
0  10.558068 -100.070755 19.532345  -0.997141 -0.072376 0.021733  0.931669 0.671865 1 1 1.000000
0  10.633058 -100.713760 20.818123  -0.997301 -0.069013 0.025075  0.951201 0.845698 1 1 1.000000
0  10.619796 -99.983231 21.936398  -0.997132 -0.070977 0.026254  0.951201 0.997070 1 1 1.000000
misc
0  10.619796 -99.983231 21.936398  -0.997132 -0.070977 0.026254  0.951201 0.997070 1 1 1.000000
0  10.532655 -98.912834 21.781937  -0.997060 -0.072049 0.026087  0.931669 0.978515 1 1 1.000000
0  10.558068 -100.070755 19.532345  -0.997141 -0.072376 0.021733  0.931669 0.671865 1 1 1.000000
misc
0  10.736902 -100.394348 16.370750  0.999486 0.028563 -0.014574  1.000031 0.240211 1 1 1.000000
0  10.763824 -100.060051 19.545586  0.999456 0.031553 -0.009594  1.000031 0.672842 1 1 1.000000
0  10.782635 -101.300446 18.109093  0.999456 0.030083 -0.013500  0.978545 0.476547 1 1 1.000000
misc
0  10.782635 -101.300446 18.109093  0.999456 0.030083 -0.013500  0.978545 0.476547 1 1 1.000000
0  10.764250 -101.357887 16.080303  0.999505 0.027661 -0.015017  0.978545 0.202124 1 1 1.000000
0  10.736902 -100.394348 16.370750  0.999486 0.028563 -0.014574  1.000031 0.240211 1 1 1.000000
misc
0  10.782635 -101.300446 18.109093  0.999456 0.030083 -0.013500  0.978545 0.476547 1 1 1.000000
0  10.763824 -100.060051 19.545586  0.999456 0.031553 -0.009594  1.000031 0.672842 1 1 1.000000
0  10.796323 -101.147209 19.489605  0.999477 0.030292 -0.011348  0.978545 0.664052 1 1 1.000000
misc
0  10.763824 -100.060051 19.545586  0.999455 0.031584 -0.009619  1.000031 0.672842 1 1 1.000000
0  10.738411 -98.902138 21.795177  0.999492 0.031463 -0.005110  1.000031 0.978515 1 1 1.000000
0  10.770683 -99.975388 21.946102  0.999450 0.032740 -0.005235  0.978545 0.997070 1 1 1.000000
misc
0  10.770683 -99.975388 21.946102  0.999446 0.032865 -0.005270  0.978545 0.997070 1 1 1.000000
0  10.797661 -100.705200 20.828716  0.999379 0.034680 -0.006199  0.978545 0.846675 1 1 1.000000
0  10.763824 -100.060051 19.545586  0.999456 0.031553 -0.009594  1.000031 0.672842 1 1 1.000000
misc
0  10.633058 -100.713760 20.818123  -0.997301 -0.069013 0.025075  0.951201 0.845698 1 1 1.000000
0  10.558068 -100.070755 19.532345  -0.997141 -0.072376 0.021733  0.931669 0.671865 1 1 1.000000
0  10.645436 -101.155060 19.479897  -0.997103 -0.073383 0.020035  0.951201 0.663076 1 1 1.000000
misc
0  10.796323 -101.147209 19.489605  0.999477 0.030292 -0.011348  0.978545 0.664052 1 1 1.000000
0  10.763824 -100.060051 19.545586  0.999456 0.031553 -0.009594  1.000031 0.672842 1 1 1.000000
0  10.797661 -100.705200 20.828716  0.999379 0.034680 -0.006199  0.978545 0.846675 1 1 1.000000
misc
0  11.393412 -100.194756 16.523777  -0.996836 -0.075024 0.026255  0.931669 0.256813 1 1 1.000000
0  11.461911 -101.156158 16.235973  -0.996778 -0.075959 0.025760  0.951201 0.217750 1 1 1.000000
0  11.514785 -101.097000 18.156647  -0.996922 -0.073552 0.027138  0.951201 0.477523 1 1 1.000000
misc
0  11.514785 -101.097000 18.156647  -0.996922 -0.073552 0.027138  0.951201 0.477523 1 1 1.000000
0  11.454821 -99.858734 19.590492  -0.996889 -0.072365 0.031228  0.931669 0.673818 1 1 1.000000
0  11.393412 -100.194756 16.523777  -0.996836 -0.075024 0.026255  0.931669 0.256813 1 1 1.000000
misc
0  11.454821 -99.858734 19.590492  -0.996889 -0.072365 0.031228  0.931669 0.673818 1 1 1.000000
0  11.514785 -101.097000 18.156647  -0.996922 -0.073552 0.027138  0.951201 0.477523 1 1 1.000000
0  11.542190 -100.943039 19.538044  -0.996865 -0.073401 0.029525  0.951201 0.665029 1 1 1.000000
misc
0  11.454821 -99.858734 19.590492  -0.996889 -0.072365 0.031228  0.931669 0.673818 1 1 1.000000
0  11.543530 -100.501038 20.877155  -0.997013 -0.069089 0.034517  0.951201 0.847652 1 1 1.000000
0  11.529552 -99.756760 21.995415  -0.996859 -0.070796 0.035509  0.951201 0.999023 1 1 1.000000
misc
0  11.529552 -99.756760 21.995415  -0.996859 -0.070796 0.035509  0.951201 0.999023 1 1 1.000000
0  11.456843 -98.699402 21.841850  -0.996771 -0.071997 0.035558  0.931669 0.979492 1 1 1.000000
0  11.454821 -99.858734 19.590492  -0.996889 -0.072365 0.031228  0.931669 0.673818 1 1 1.000000
misc
0  11.599166 -100.184059 16.537014  0.999302 0.028643 -0.023982  1.000031 0.256813 1 1 1.000000
0  11.660575 -99.848030 19.603733  0.999326 0.031367 -0.019084  1.000031 0.673818 1 1 1.000000
0  11.665670 -101.089157 18.166355  0.999269 0.030447 -0.023112  0.978545 0.478500 1 1 1.000000
misc
0  11.665670 -101.089157 18.166355  0.999269 0.030447 -0.023112  0.978545 0.478500 1 1 1.000000
0  11.626514 -101.147598 16.246563  0.999315 0.027739 -0.024497  0.978545 0.218726 1 1 1.000000
0  11.599166 -100.184059 16.537014  0.999302 0.028643 -0.023982  1.000031 0.256813 1 1 1.000000
misc
0  11.665670 -101.089157 18.166355  0.999269 0.030447 -0.023112  0.978545 0.478500 1 1 1.000000
0  11.660575 -99.848030 19.603733  0.999326 0.031367 -0.019084  1.000031 0.673818 1 1 1.000000
0  11.693075 -100.935204 19.547752  0.999321 0.030356 -0.020901  0.978545 0.665029 1 1 1.000000
misc
0  11.660575 -99.848030 19.603733  0.999326 0.031369 -0.019088  1.000031 0.673818 1 1 1.000000
0  11.662598 -98.688705 21.855087  0.999397 0.031474 -0.014692  1.000031 0.980468 1 1 1.000000
0  11.694156 -99.748199 22.006004  0.999354 0.032779 -0.014767  0.978545 0.999023 1 1 1.000000
misc
0  11.694156 -99.748199 22.006004  0.999353 0.032811 -0.014764  0.978545 0.999023 1 1 1.000000
0  11.708134 -100.492477 20.887745  0.999276 0.034646 -0.015701  0.978545 0.847652 1 1 1.000000
0  11.660575 -99.848030 19.603733  0.999326 0.031367 -0.019084  1.000031 0.673818 1 1 1.000000
misc
0  11.543530 -100.501038 20.877155  -0.997013 -0.069089 0.034517  0.951201 0.847652 1 1 1.000000
0  11.454821 -99.858734 19.590492  -0.996889 -0.072365 0.031228  0.931669 0.673818 1 1 1.000000
0  11.542190 -100.943039 19.538044  -0.996865 -0.073401 0.029525  0.951201 0.665029 1 1 1.000000
misc
0  11.693075 -100.935204 19.547752  0.999321 0.030356 -0.020901  0.978545 0.665029 1 1 1.000000
0  11.660575 -99.848030 19.603733  0.999326 0.031367 -0.019084  1.000031 0.673818 1 1 1.000000
0  11.708134 -100.492477 20.887745  0.999276 0.034646 -0.015701  0.978545 0.847652 1 1 1.000000
misc
0  12.276767 -99.997078 16.801697  -0.996669 -0.074857 0.032346  0.931669 0.289041 1 1 1.000000
0  12.330668 -100.959229 16.526749  -0.996619 -0.075786 0.031741  0.951201 0.250954 1 1 1.000000
0  12.384817 -100.900162 18.213039  -0.996746 -0.073521 0.033042  0.951201 0.479476 1 1 1.000000
misc
0  12.384817 -100.900162 18.213039  -0.996746 -0.073521 0.033042  0.951201 0.479476 1 1 1.000000
0  12.337858 -99.647430 19.647755  -0.996690 -0.072240 0.037282  0.931669 0.675771 1 1 1.000000
0  12.276767 -99.997078 16.801697  -0.996669 -0.074857 0.032346  0.931669 0.289041 1 1 1.000000
misc
0  12.337858 -99.647430 19.647755  -0.996690 -0.072240 0.037282  0.931669 0.675771 1 1 1.000000
0  12.384817 -100.900162 18.213039  -0.996746 -0.073521 0.033042  0.951201 0.479476 1 1 1.000000
0  12.410794 -100.718704 19.594414  -0.996685 -0.073221 0.035453  0.951201 0.666982 1 1 1.000000
misc
0  12.337858 -99.647430 19.647755  -0.996690 -0.072240 0.037282  0.931669 0.675771 1 1 1.000000
0  12.438854 -100.261536 20.935280  -0.996784 -0.069139 0.040513  0.951201 0.849605 1 1 1.000000
0  12.434622 -99.585739 21.957439  -0.996645 -0.070663 0.041300  0.951201 0.989257 1 1 1.000000
misc
0  12.434622 -99.585739 21.957439  -0.996645 -0.070663 0.041300  0.951201 0.989257 1 1 1.000000
0  12.346601 -98.515381 21.816715  -0.996556 -0.071894 0.041320  0.931669 0.969726 1 1 1.000000
0  12.337858 -99.647430 19.647755  -0.996690 -0.072240 0.037282  0.931669 0.675771 1 1 1.000000
misc
0  12.482521 -99.986382 16.814938  0.999155 0.028641 -0.029496  1.000031 0.289041 1 1 1.000000
0  12.543612 -99.636742 19.660995  0.999216 0.031174 -0.024396  1.000031 0.675771 1 1 1.000000
0  12.549421 -100.891602 18.223629  0.999142 0.030039 -0.028514  0.978545 0.479476 1 1 1.000000
misc
0  12.549421 -100.891602 18.223629  0.999142 0.030039 -0.028514  0.978545 0.479476 1 1 1.000000
0  12.495272 -100.950668 16.537342  0.999161 0.027807 -0.030070  0.978545 0.250954 1 1 1.000000
0  12.482521 -99.986382 16.814938  0.999155 0.028641 -0.029496  1.000031 0.289041 1 1 1.000000
misc
0  12.549421 -100.891602 18.223629  0.999142 0.030039 -0.028514  0.978545 0.479476 1 1 1.000000
0  12.543612 -99.636742 19.660995  0.999216 0.031174 -0.024396  1.000031 0.675771 1 1 1.000000
0  12.575399 -100.710144 19.605003  0.999199 0.030299 -0.026157  0.978545 0.666982 1 1 1.000000
misc
0  12.543612 -99.636742 19.660995  0.999208 0.031286 -0.024566  1.000031 0.675771 1 1 1.000000
0  12.552355 -98.504684 21.829956  0.999289 0.031686 -0.020430  1.000031 0.969726 1 1 1.000000
0  12.599225 -99.577179 21.968029  0.999248 0.032944 -0.020456  0.978545 0.989257 1 1 1.000000
misc
0  12.599225 -99.577179 21.968029  0.999248 0.032935 -0.020455  0.978545 0.989257 1 1 1.000000
0  12.589742 -100.253700 20.944988  0.999176 0.034533 -0.021349  0.978545 0.849605 1 1 1.000000
0  12.543612 -99.636742 19.660995  0.999216 0.031174 -0.024396  1.000031 0.675771 1 1 1.000000
misc
0  12.438854 -100.261536 20.935280  -0.996784 -0.069139 0.040513  0.951201 0.849605 1 1 1.000000
0  12.337858 -99.647430 19.647755  -0.996690 -0.072240 0.037282  0.931669 0.675771 1 1 1.000000
0  12.410794 -100.718704 19.594414  -0.996685 -0.073221 0.035453  0.951201 0.666982 1 1 1.000000
misc
0  12.575399 -100.710144 19.605003  0.999199 0.030299 -0.026157  0.978545 0.666982 1 1 1.000000
0  12.543612 -99.636742 19.660995  0.999216 0.031174 -0.024396  1.000031 0.675771 1 1 1.000000
0  12.589742 -100.253700 20.944988  0.999176 0.034533 -0.021349  0.978545 0.849605 1 1 1.000000
misc
0  13.161619 -99.716545 17.204071  -0.996423 -0.074589 0.039729  0.931669 0.336894 1 1 1.000000
0  13.216234 -100.692429 16.929131  -0.996380 -0.075586 0.038911  0.951201 0.298807 1 1 1.000000
0  13.265711 -100.647621 18.270275  -0.996469 -0.073646 0.040324  0.951201 0.480453 1 1 1.000000
misc
0  13.265711 -100.647621 18.270275  -0.996469 -0.073646 0.040324  0.951201 0.480453 1 1 1.000000
0  13.231754 -99.380455 19.705864  -0.996391 -0.072361 0.044367  0.931669 0.676748 1 1 1.000000
0  13.161619 -99.716545 17.204071  -0.996423 -0.074589 0.039729  0.931669 0.336894 1 1 1.000000
misc
0  13.231754 -99.380455 19.705864  -0.996391 -0.072361 0.044367  0.931669 0.676748 1 1 1.000000
0  13.265711 -100.647621 18.270275  -0.996469 -0.073646 0.040324  0.951201 0.480453 1 1 1.000000
0  13.319123 -100.464760 19.653412  -0.996399 -0.073307 0.042617  0.951201 0.667959 1 1 1.000000
misc
0  13.231754 -99.380455 19.705864  -0.996391 -0.072361 0.044367  0.931669 0.676748 1 1 1.000000
0  13.346469 -99.993843 20.994270  -0.996473 -0.069135 0.047551  0.951201 0.850581 1 1 1.000000
0  13.349503 -99.372833 21.947788  -0.996333 -0.070595 0.048332  0.951201 0.980468 1 1 1.000000
misc
0  13.349503 -99.372833 21.947788  -0.996333 -0.070595 0.048332  0.951201 0.980468 1 1 1.000000
0  13.260766 -98.288734 21.807056  -0.996247 -0.071804 0.048337  0.931669 0.961913 1 1 1.000000
0  13.231754 -99.380455 19.705864  -0.996391 -0.072361 0.044367  0.931669 0.676748 1 1 1.000000
misc
0  13.367374 -99.705841 17.217308  0.998924 0.028948 -0.036219  1.000031 0.336894 1 1 1.000000
0  13.451228 -99.369041 19.719986  0.999015 0.031197 -0.031552  1.000031 0.677725 1 1 1.000000
0  13.430315 -100.639061 18.280865  0.998923 0.029753 -0.035598  0.978545 0.481429 1 1 1.000000
misc
0  13.430315 -100.639061 18.280865  0.998923 0.029753 -0.035598  0.978545 0.481429 1 1 1.000000
0  13.380836 -100.683868 16.939720  0.998924 0.027885 -0.037064  0.978545 0.298807 1 1 1.000000
0  13.367374 -99.705841 17.217308  0.998924 0.028948 -0.036219  1.000031 0.336894 1 1 1.000000
misc
0  13.430315 -100.639061 18.280865  0.998923 0.029753 -0.035598  0.978545 0.481429 1 1 1.000000
0  13.451228 -99.369041 19.719986  0.999015 0.031197 -0.031552  1.000031 0.677725 1 1 1.000000
0  13.470012 -100.456909 19.663120  0.998985 0.030300 -0.033332  0.978545 0.668935 1 1 1.000000
misc
0  13.451228 -99.369041 19.719986  0.999014 0.031228 -0.031553  1.000031 0.677725 1 1 1.000000
0  13.466521 -98.278038 21.820293  0.999115 0.031753 -0.027572  1.000031 0.961913 1 1 1.000000
0  13.500391 -99.364998 21.957497  0.999075 0.032978 -0.027577  0.978545 0.981445 1 1 1.000000
misc
0  13.500391 -99.364998 21.957497  0.999077 0.032947 -0.027547  0.978545 0.981445 1 1 1.000000
0  13.497356 -99.986000 21.003979  0.999002 0.034467 -0.028398  0.978545 0.851558 1 1 1.000000
0  13.451228 -99.369041 19.719986  0.999015 0.031197 -0.031552  1.000031 0.677725 1 1 1.000000
misc
0  13.346469 -99.993843 20.994270  -0.996473 -0.069135 0.047551  0.951201 0.850581 1 1 1.000000
0  13.231754 -99.380455 19.705864  -0.996391 -0.072361 0.044367  0.931669 0.676748 1 1 1.000000
0  13.319123 -100.464760 19.653412  -0.996399 -0.073307 0.042617  0.951201 0.667959 1 1 1.000000
misc
0  13.470012 -100.456909 19.663120  0.998985 0.030300 -0.033332  0.978545 0.668935 1 1 1.000000
0  13.451228 -99.369041 19.719986  0.999015 0.031197 -0.031552  1.000031 0.677725 1 1 1.000000
0  13.497356 -99.986000 21.003979  0.999002 0.034467 -0.028398  0.978545 0.851558 1 1 1.000000
misc
0  14.108969 -99.335556 18.700306  -0.996155 -0.077231 0.041362  0.931669 0.534166 1 1 1.000000
0  14.164917 -100.339233 17.997818  -0.996036 -0.079950 0.039001  0.951201 0.437483 1 1 1.000000
0  14.211593 -100.170273 19.711502  -0.996197 -0.075258 0.043902  0.951201 0.669912 1 1 1.000000
misc
0  14.166976 -98.862648 20.636208  -0.996099 -0.072919 0.049705  0.931669 0.796869 1 1 1.000000
0  14.240366 -99.726845 21.052380  -0.996026 -0.073554 0.050222  0.951201 0.852535 1 1 1.000000
0  14.243503 -99.202415 21.867722  -0.996022 -0.071650 0.052973  0.951201 0.963866 1 1 1.000000
misc
0  14.243503 -99.202415 21.867722  -0.996022 -0.071650 0.052973  0.951201 0.963866 1 1 1.000000
0  14.168481 -98.117592 21.727875  -0.996050 -0.071164 0.053102  0.931669 0.944334 1 1 1.000000
0  14.166976 -98.862648 20.636208  -0.996099 -0.072919 0.049705  0.931669 0.796869 1 1 1.000000
misc
0  14.312279 -100.331543 18.062469  0.998918 0.027553 -0.037456  0.978545 0.446272 1 1 1.000000
0  14.314724 -99.324860 18.713547  0.998922 0.028708 -0.036479  1.000031 0.534166 1 1 1.000000
0  14.376197 -100.161713 19.722095  0.998958 0.029216 -0.035054  0.978545 0.669912 1 1 1.000000
misc
0  14.372729 -98.851952 20.649448  0.999078 0.030609 -0.030089  1.000031 0.796869 1 1 1.000000
0  14.374237 -98.106895 21.741116  0.999120 0.032350 -0.026682  1.000031 0.945311 1 1 1.000000
0  14.408105 -99.193855 21.878311  0.999134 0.031862 -0.026756  0.978545 0.963866 1 1 1.000000
misc
0  14.408105 -99.193855 21.878311  0.999134 0.031868 -0.026767  0.978545 0.963866 1 1 1.000000
0  14.404968 -99.718285 21.062969  0.999112 0.029992 -0.029584  0.978545 0.852535 1 1 1.000000
0  14.372729 -98.851952 20.649448  0.999082 0.030521 -0.030061  1.000031 0.796869 1 1 1.000000
misc
0  14.166976 -98.862648 20.636208  -0.996099 -0.072919 0.049705  0.931669 0.796869 1 1 1.000000
0  14.108969 -99.335556 18.700306  -0.996155 -0.077231 0.041362  0.931669 0.534166 1 1 1.000000
0  14.211593 -100.170273 19.711502  -0.996197 -0.075258 0.043902  0.951201 0.669912 1 1 1.000000
misc
0  14.211593 -100.170273 19.711502  -0.996197 -0.075258 0.043902  0.951201 0.669912 1 1 1.000000
0  14.240366 -99.726845 21.052380  -0.996026 -0.073554 0.050222  0.951201 0.852535 1 1 1.000000
0  14.166976 -98.862648 20.636208  -0.996099 -0.072919 0.049705  0.931669 0.796869 1 1 1.000000
misc
0  14.376197 -100.161713 19.722095  0.998958 0.029216 -0.035054  0.978545 0.669912 1 1 1.000000
0  14.314724 -99.324860 18.713547  0.998922 0.028708 -0.036479  1.000031 0.534166 1 1 1.000000
0  14.372729 -98.851952 20.649448  0.999082 0.030521 -0.030061  1.000031 0.796869 1 1 1.000000
misc
0  14.372729 -98.851952 20.649448  0.999082 0.030521 -0.030061  1.000031 0.796869 1 1 1.000000
0  14.404968 -99.718285 21.062969  0.999112 0.029992 -0.029584  0.978545 0.852535 1 1 1.000000
0  14.376197 -100.161713 19.722095  0.998958 0.029216 -0.035054  0.978545 0.669912 1 1 1.000000
misc
0  -0.662599 -101.758659 15.842038  0.996435 0.028696 0.079329  0.931669 0.253883 1 1 1.000000
0  -0.908406 -101.411133 18.737347  0.995995 0.030940 0.083886  0.931669 0.649403 1 1 1.000000
0  -0.749064 -102.658051 17.268482  0.996336 0.030126 0.080048  0.951201 0.449202 1 1 1.000000
misc
0  -0.749064 -102.658051 17.268482  0.996336 0.030126 0.080048  0.951201 0.449202 1 1 1.000000
0  -0.607816 -102.720772 15.553353  0.996514 0.027654 0.078713  0.951201 0.213843 1 1 1.000000
0  -0.662599 -101.758659 15.842038  0.996435 0.028696 0.079329  0.931669 0.253883 1 1 1.000000
misc
0  -0.908406 -101.411133 18.737347  0.995995 0.030940 0.083886  0.931669 0.649403 1 1 1.000000
0  -0.861308 -102.497559 18.668510  0.996148 0.030115 0.082357  0.951201 0.640614 1 1 1.000000
0  -0.749064 -102.658051 17.268482  0.996336 0.030126 0.080048  0.951201 0.449202 1 1 1.000000
misc
0  -0.908406 -101.411133 18.737347  0.995995 0.030948 0.083878  0.931669 0.649403 1 1 1.000000
0  -1.106982 -100.482979 20.644192  0.995659 0.031807 0.087474  0.931669 0.911130 1 1 1.000000
0  -1.073281 -101.583725 20.795132  0.995615 0.032945 0.087556  0.951201 0.930662 1 1 1.000000
misc
0  -1.073281 -101.583725 20.795132  0.995614 0.032974 0.087557  0.951201 0.930662 1 1 1.000000
0  -1.001213 -102.035294 20.039982  0.995626 0.033969 0.087037  0.951201 0.828120 1 1 1.000000
0  -0.908406 -101.411133 18.737347  0.995995 0.030940 0.083886  0.931669 0.649403 1 1 1.000000
misc
0  -0.868354 -101.769356 15.828797  -0.994264 -0.074900 -0.076349  1.000031 0.253883 1 1 1.000000
0  -0.772419 -102.729324 15.542760  -0.994128 -0.075852 -0.077178  0.978545 0.214820 1 1 1.000000
0  -0.913668 -102.666603 17.257889  -0.994414 -0.073753 -0.075511  0.978545 0.449202 1 1 1.000000
misc
0  -0.913668 -102.666603 17.257889  -0.994414 -0.073753 -0.075511  0.978545 0.449202 1 1 1.000000
0  -1.114161 -101.421837 18.724106  -0.994784 -0.072568 -0.071678  1.000031 0.650380 1 1 1.000000
0  -0.868354 -101.769356 15.828797  -0.994264 -0.074900 -0.076349  1.000031 0.253883 1 1 1.000000
misc
0  -0.913668 -102.666603 17.257889  -0.994414 -0.073753 -0.075511  0.978545 0.449202 1 1 1.000000
0  -1.025912 -102.506119 18.657917  -0.994611 -0.073479 -0.073141  0.978545 0.641591 1 1 1.000000
0  -1.114161 -101.421837 18.724106  -0.994784 -0.072568 -0.071678  1.000031 0.650380 1 1 1.000000
misc
0  -1.114161 -101.421837 18.724106  -0.994784 -0.072568 -0.071678  1.000031 0.650380 1 1 1.000000
0  -1.152099 -102.043144 20.030273  -0.995223 -0.069535 -0.068520  0.978545 0.828120 1 1 1.000000
0  -1.237885 -101.592278 20.784538  -0.995183 -0.070599 -0.068022  0.978545 0.930662 1 1 1.000000
misc
0  -1.237885 -101.592278 20.784538  -0.995183 -0.070599 -0.068022  0.978545 0.930662 1 1 1.000000
0  -1.312737 -100.493675 20.630951  -0.995093 -0.071786 -0.068098  1.000031 0.911130 1 1 1.000000
0  -1.114161 -101.421837 18.724106  -0.994784 -0.072568 -0.071678  1.000031 0.650380 1 1 1.000000
misc
0  -1.001213 -102.035294 20.039982  0.995626 0.033969 0.087037  0.951201 0.828120 1 1 1.000000
0  -0.861308 -102.497559 18.668510  0.996148 0.030115 0.082357  0.951201 0.640614 1 1 1.000000
0  -0.908406 -101.411133 18.737347  0.995995 0.030940 0.083886  0.931669 0.649403 1 1 1.000000
misc
0  -1.025912 -102.506119 18.657917  -0.994611 -0.073479 -0.073141  0.978545 0.641591 1 1 1.000000
0  -1.152099 -102.043144 20.030273  -0.995223 -0.069535 -0.068520  0.978545 0.828120 1 1 1.000000
0  -1.114161 -101.421837 18.724106  -0.994784 -0.072568 -0.071678  1.000031 0.650380 1 1 1.000000
misc
0  -1.496674 -101.760864 15.498839  0.995783 0.028320 0.087254  0.931669 0.215796 1 1 1.000000
0  -1.787722 -101.429283 18.680836  0.995281 0.031113 0.091909  0.931669 0.651357 1 1 1.000000
0  -1.628380 -102.676201 17.211971  0.995675 0.029881 0.087965  0.951201 0.451155 1 1 1.000000
misc
0  -1.628380 -102.676201 17.211971  0.995675 0.029881 0.087965  0.951201 0.451155 1 1 1.000000
0  -1.441891 -102.722977 15.210156  0.995865 0.027464 0.086594  0.951201 0.176733 1 1 1.000000
0  -1.496674 -101.760864 15.498839  0.995783 0.028320 0.087254  0.931669 0.215796 1 1 1.000000
misc
0  -1.787722 -101.429283 18.680836  0.995281 0.031113 0.091909  0.931669 0.651357 1 1 1.000000
0  -1.755054 -102.502670 18.611111  0.995463 0.030098 0.090267  0.951201 0.642567 1 1 1.000000
0  -1.628380 -102.676201 17.211971  0.995675 0.029881 0.087965  0.951201 0.451155 1 1 1.000000
misc
0  -1.787722 -101.429283 18.680836  0.995282 0.031079 0.091908  0.931669 0.651357 1 1 1.000000
0  -2.039057 -100.338303 20.846779  0.994893 0.031519 0.095888  0.931669 0.948241 1 1 1.000000
0  -2.020502 -101.412262 20.996822  0.994847 0.032735 0.095955  0.951201 0.967772 1 1 1.000000
misc
0  -2.020502 -101.412262 20.996822  0.994841 0.032796 0.096002  0.951201 0.967772 1 1 1.000000
0  -1.894245 -102.054161 19.982594  0.994851 0.034332 0.095353  0.951201 0.829096 1 1 1.000000
0  -1.787722 -101.429283 18.680836  0.995281 0.031113 0.091909  0.931669 0.651357 1 1 1.000000
misc
0  -1.702429 -101.771561 15.485599  -0.993611 -0.074882 -0.084443  1.000031 0.215796 1 1 1.000000
0  -1.606495 -102.731537 15.199563  -0.993493 -0.075859 -0.084953  0.978545 0.176733 1 1 1.000000
0  -1.779266 -102.684044 17.202263  -0.993780 -0.073281 -0.083850  0.978545 0.451155 1 1 1.000000
misc
0  -1.779266 -102.684044 17.202263  -0.993780 -0.073281 -0.083850  0.978545 0.451155 1 1 1.000000
0  -1.993477 -101.439987 18.667595  -0.994187 -0.072297 -0.079780  1.000031 0.651357 1 1 1.000000
0  -1.702429 -101.771561 15.485599  -0.993611 -0.074882 -0.084443  1.000031 0.215796 1 1 1.000000
misc
0  -1.779266 -102.684044 17.202263  -0.993780 -0.073281 -0.083850  0.978545 0.451155 1 1 1.000000
0  -1.919658 -102.511230 18.600517  -0.993980 -0.073393 -0.081353  0.978545 0.642567 1 1 1.000000
0  -1.993477 -101.439987 18.667595  -0.994187 -0.072297 -0.079780  1.000031 0.651357 1 1 1.000000
misc
0  -1.993477 -101.439987 18.667595  -0.994187 -0.072297 -0.079780  1.000031 0.651357 1 1 1.000000
0  -2.058850 -102.062721 19.972000  -0.994669 -0.069155 -0.076496  0.978545 0.833003 1 1 1.000000
0  -2.171390 -101.420113 20.987110  -0.994578 -0.071320 -0.075687  0.978545 0.967772 1 1 1.000000
misc
0  -2.171390 -101.420113 20.987110  -0.994578 -0.071320 -0.075687  0.978545 0.967772 1 1 1.000000
0  -2.244812 -100.348999 20.833538  -0.994534 -0.071945 -0.075669  1.000031 0.949217 1 1 1.000000
0  -1.993477 -101.439987 18.667595  -0.994187 -0.072297 -0.079780  1.000031 0.651357 1 1 1.000000
misc
0  -1.894245 -102.054161 19.982594  0.994851 0.034332 0.095353  0.951201 0.829096 1 1 1.000000
0  -1.755054 -102.502670 18.611111  0.995463 0.030098 0.090267  0.951201 0.642567 1 1 1.000000
0  -1.787722 -101.429283 18.680836  0.995281 0.031113 0.091909  0.931669 0.651357 1 1 1.000000
misc
0  -1.919658 -102.511230 18.600517  -0.993980 -0.073393 -0.081353  0.978545 0.642567 1 1 1.000000
0  -2.058850 -102.062721 19.972000  -0.994669 -0.069155 -0.076496  0.978545 0.833003 1 1 1.000000
0  -1.993477 -101.439987 18.667595  -0.994187 -0.072297 -0.079780  1.000031 0.651357 1 1 1.000000
misc
0  -2.342214 -101.763550 15.334201  0.995102 0.028246 0.094730  0.931669 0.203101 1 1 1.000000
0  -2.668467 -101.419945 18.624306  0.994547 0.031110 0.099538  0.931669 0.653310 1 1 1.000000
0  -2.495406 -102.666145 17.156326  0.994972 0.029831 0.095608  0.951201 0.452132 1 1 1.000000
misc
0  -2.495406 -102.666145 17.156326  0.994972 0.029831 0.095608  0.951201 0.452132 1 1 1.000000
0  -2.287431 -102.725662 15.045518  0.995167 0.027401 0.094292  0.951201 0.164037 1 1 1.000000
0  -2.342214 -101.763550 15.334201  0.995102 0.028246 0.094730  0.931669 0.203101 1 1 1.000000
misc
0  -2.668467 -101.419945 18.624306  0.994547 0.031110 0.099538  0.931669 0.653310 1 1 1.000000
0  -2.635084 -102.507080 18.554592  0.994740 0.029989 0.097947  0.951201 0.644520 1 1 1.000000
0  -2.495406 -102.666145 17.156326  0.994972 0.029831 0.095608  0.951201 0.452132 1 1 1.000000
misc
0  -2.668467 -101.419945 18.624306  0.994541 0.031120 0.099602  0.931669 0.653310 1 1 1.000000
0  -2.940070 -100.288628 20.858025  0.994073 0.031535 0.104040  0.931669 0.958983 1 1 1.000000
0  -2.921514 -101.362587 21.008064  0.994037 0.032289 0.104157  0.951201 0.978515 1 1 1.000000
misc
0  -2.921514 -101.362587 21.008064  0.994074 0.032666 0.103686  0.951201 0.978515 1 1 1.000000
0  -2.787992 -102.059280 19.925190  0.994107 0.034322 0.102826  0.951201 0.831050 1 1 1.000000
0  -2.668467 -101.419945 18.624306  0.994547 0.031110 0.099538  0.931669 0.653310 1 1 1.000000
misc
0  -2.547970 -101.774239 15.320961  -0.992901 -0.075031 -0.092297  1.000031 0.204077 1 1 1.000000
0  -2.452035 -102.734222 15.034926  -0.992791 -0.075952 -0.092718  0.978545 0.164037 1 1 1.000000
0  -2.660010 -102.674706 17.145737  -0.993102 -0.073343 -0.091484  0.978545 0.452132 1 1 1.000000
misc
0  -2.660010 -102.674706 17.145737  -0.993102 -0.073343 -0.091484  0.978545 0.452132 1 1 1.000000
0  -2.887938 -101.431358 18.610188  -0.993575 -0.071956 -0.087359  1.000031 0.653310 1 1 1.000000
0  -2.547970 -101.774239 15.320961  -0.992901 -0.075031 -0.092297  1.000031 0.204077 1 1 1.000000
misc
0  -2.660010 -102.674706 17.145737  -0.993102 -0.073343 -0.091484  0.978545 0.452132 1 1 1.000000
0  -2.799688 -102.515633 18.543999  -0.993324 -0.073366 -0.089018  0.978545 0.644520 1 1 1.000000
0  -2.887938 -101.431358 18.610188  -0.993575 -0.071956 -0.087359  1.000031 0.653310 1 1 1.000000
misc
0  -2.887938 -101.431358 18.610188  -0.993575 -0.071956 -0.087359  1.000031 0.653310 1 1 1.000000
0  -2.952597 -102.067833 19.914600  -0.994082 -0.068936 -0.083955  0.978545 0.831050 1 1 1.000000
0  -3.086117 -101.371147 20.997471  -0.994029 -0.070649 -0.083161  0.978545 0.978515 1 1 1.000000
misc
0  -3.086117 -101.371147 20.997471  -0.994029 -0.070649 -0.083161  0.978545 0.978515 1 1 1.000000
0  -3.145825 -100.299316 20.844784  -0.993930 -0.071999 -0.083181  1.000031 0.959960 1 1 1.000000
0  -2.887938 -101.431358 18.610188  -0.993575 -0.071956 -0.087359  1.000031 0.653310 1 1 1.000000
misc
0  -2.787992 -102.059280 19.925190  0.994107 0.034322 0.102826  0.951201 0.831050 1 1 1.000000
0  -2.635084 -102.507080 18.554592  0.994740 0.029989 0.097947  0.951201 0.644520 1 1 1.000000
0  -2.668467 -101.419945 18.624306  0.994547 0.031110 0.099538  0.931669 0.653310 1 1 1.000000
misc
0  -2.799688 -102.515633 18.543999  -0.993324 -0.073366 -0.089018  0.978545 0.644520 1 1 1.000000
0  -2.952597 -102.067833 19.914600  -0.994082 -0.068936 -0.083955  0.978545 0.831050 1 1 1.000000
0  -2.887938 -101.431358 18.610188  -0.993575 -0.071956 -0.087359  1.000031 0.653310 1 1 1.000000
misc
0  -3.222958 -101.754204 15.277675  0.994175 0.028266 0.104001  0.931669 0.205054 1 1 1.000000
0  -3.575929 -101.425774 18.566025  0.993567 0.031101 0.108892  0.931669 0.654286 1 1 1.000000
0  -3.376151 -102.656807 17.099800  0.994031 0.029930 0.104912  0.951201 0.454085 1 1 1.000000
misc
0  -3.376151 -102.656807 17.099800  0.994031 0.029930 0.104912  0.951201 0.454085 1 1 1.000000
0  -3.154457 -102.715607 14.989872  0.994246 0.027334 0.103575  0.951201 0.165990 1 1 1.000000
0  -3.222958 -101.754204 15.277675  0.994175 0.028266 0.104001  0.931669 0.205054 1 1 1.000000
misc
0  -3.575929 -101.425774 18.566025  0.993567 0.031101 0.108892  0.931669 0.654286 1 1 1.000000
0  -3.528831 -102.512184 18.497192  0.993778 0.030036 0.107254  0.951201 0.645497 1 1 1.000000
0  -3.376151 -102.656807 17.099800  0.994031 0.029930 0.104912  0.951201 0.454085 1 1 1.000000
misc
0  -3.575929 -101.425774 18.566025  0.993566 0.031068 0.108910  0.931669 0.654286 1 1 1.000000
0  -3.866207 -100.267822 20.853779  0.993085 0.031313 0.113145  0.931669 0.967772 1 1 1.000000
0  -3.861367 -101.342499 21.002937  0.993048 0.032534 0.113122  0.951201 0.987304 1 1 1.000000
misc
0  -3.861367 -101.342499 21.002937  0.993049 0.032561 0.113112  0.951201 0.987304 1 1 1.000000
0  -3.695456 -102.065109 19.866905  0.993094 0.034383 0.112174  0.951201 0.833003 1 1 1.000000
0  -3.575929 -101.425774 18.566025  0.993567 0.031101 0.108892  0.931669 0.654286 1 1 1.000000
misc
0  -3.428713 -101.764900 15.264434  -0.991965 -0.075193 -0.101738  1.000031 0.205054 1 1 1.000000
0  -3.319061 -102.724159 14.979280  -0.991861 -0.075930 -0.102209  0.978545 0.165990 1 1 1.000000
0  -3.540753 -102.665359 17.089207  -0.992180 -0.073576 -0.100822  0.978545 0.454085 1 1 1.000000
misc
0  -3.540753 -102.665359 17.089207  -0.992180 -0.073576 -0.100822  0.978545 0.454085 1 1 1.000000
0  -3.781684 -101.436470 18.552784  -0.992666 -0.072342 -0.096850  1.000031 0.655263 1 1 1.000000
0  -3.428713 -101.764900 15.264434  -0.991965 -0.075193 -0.101738  1.000031 0.205054 1 1 1.000000
misc
0  -3.540753 -102.665359 17.089207  -0.992180 -0.073576 -0.100822  0.978545 0.454085 1 1 1.000000
0  -3.693436 -102.520744 18.486599  -0.992426 -0.073335 -0.098549  0.978545 0.646474 1 1 1.000000
0  -3.781684 -101.436470 18.552784  -0.992666 -0.072342 -0.096850  1.000031 0.655263 1 1 1.000000
misc
0  -3.781684 -101.436470 18.552784  -0.992666 -0.072342 -0.096850  1.000031 0.655263 1 1 1.000000
0  -3.860059 -102.073669 19.856316  -0.993236 -0.068826 -0.093514  0.978545 0.833003 1 1 1.000000
0  -4.012253 -101.350349 20.993229  -0.993176 -0.070803 -0.092669  0.978545 0.987304 1 1 1.000000
misc
0  -4.012253 -101.350349 20.993229  -0.993176 -0.070803 -0.092669  0.978545 0.987304 1 1 1.000000
0  -4.085678 -100.279228 20.839657  -0.993096 -0.071995 -0.092612  1.000031 0.968749 1 1 1.000000
0  -3.781684 -101.436470 18.552784  -0.992666 -0.072342 -0.096850  1.000031 0.655263 1 1 1.000000
misc
0  -3.695456 -102.065109 19.866905  0.993094 0.034383 0.112174  0.951201 0.833003 1 1 1.000000
0  -3.528831 -102.512184 18.497192  0.993778 0.030036 0.107254  0.951201 0.645497 1 1 1.000000
0  -3.575929 -101.425774 18.566025  0.993567 0.031101 0.108892  0.931669 0.654286 1 1 1.000000
misc
0  -3.693436 -102.520744 18.486599  -0.992426 -0.073335 -0.098549  0.978545 0.646474 1 1 1.000000
0  -3.860059 -102.073669 19.856316  -0.993236 -0.068826 -0.093514  0.978545 0.833003 1 1 1.000000
0  -3.781684 -101.436470 18.552784  -0.992666 -0.072342 -0.096850  1.000031 0.655263 1 1 1.000000
misc
0  -4.091411 -101.716660 15.222012  0.993325 0.028232 0.111838  0.931669 0.206030 1 1 1.000000
0  -4.471817 -101.389656 18.508598  0.992683 0.031164 0.116656  0.931669 0.656240 1 1 1.000000
0  -4.272038 -102.620689 17.042370  0.993182 0.029921 0.112665  0.951201 0.455061 1 1 1.000000
misc
0  -4.272038 -102.620689 17.042370  0.993182 0.029921 0.112665  0.951201 0.455061 1 1 1.000000
0  -4.022911 -102.678070 14.934209  0.993399 0.027316 0.111411  0.951201 0.166967 1 1 1.000000
0  -4.091411 -101.716660 15.222012  0.993325 0.028232 0.111838  0.931669 0.206030 1 1 1.000000
misc
0  -4.471817 -101.389656 18.508598  0.992683 0.031164 0.116656  0.931669 0.656240 1 1 1.000000
0  -4.424719 -102.476067 18.439762  0.992903 0.030005 0.115075  0.951201 0.647450 1 1 1.000000
0  -4.272038 -102.620689 17.042370  0.993182 0.029921 0.112665  0.951201 0.455061 1 1 1.000000
misc
0  -4.471817 -101.389656 18.508598  0.992680 0.031076 0.116706  0.931669 0.656240 1 1 1.000000
0  -4.789528 -100.233131 20.794582  0.992158 0.031495 0.120961  0.931669 0.969726 1 1 1.000000
0  -4.771686 -101.293350 20.944618  0.992127 0.032644 0.120904  0.951201 0.989257 1 1 1.000000
misc
0  -4.771686 -101.293350 20.944618  0.992129 0.032540 0.120915  0.951201 0.989257 1 1 1.000000
0  -4.605061 -102.029701 19.808598  0.992179 0.034336 0.120007  0.951201 0.833979 1 1 1.000000
0  -4.471817 -101.389656 18.508598  0.992683 0.031164 0.116656  0.931669 0.656240 1 1 1.000000
misc
0  -4.297166 -101.727356 15.208772  -0.991143 -0.075005 -0.109588  1.000031 0.207007 1 1 1.000000
0  -4.187514 -102.686623 14.923618  -0.991022 -0.075948 -0.110034  0.978545 0.166967 1 1 1.000000
0  -4.422925 -102.628525 17.032661  -0.991360 -0.073417 -0.108700  0.978545 0.456038 1 1 1.000000
misc
0  -4.422925 -102.628525 17.032661  -0.991360 -0.073417 -0.108700  0.978545 0.456038 1 1 1.000000
0  -4.677570 -101.400352 18.495358  -0.991856 -0.072302 -0.104855  1.000031 0.656240 1 1 1.000000
0  -4.297166 -101.727356 15.208772  -0.991143 -0.075005 -0.109588  1.000031 0.207007 1 1 1.000000
misc
0  -4.422925 -102.628525 17.032661  -0.991360 -0.073417 -0.108700  0.978545 0.456038 1 1 1.000000
0  -4.589323 -102.484627 18.429169  -0.991599 -0.073298 -0.106578  0.978545 0.647450 1 1 1.000000
0  -4.677570 -101.400352 18.495358  -0.991856 -0.072302 -0.104855  1.000031 0.656240 1 1 1.000000
misc
0  -4.677570 -101.400352 18.495358  -0.991856 -0.072302 -0.104855  1.000031 0.656240 1 1 1.000000
0  -4.769665 -102.038261 19.798004  -0.992450 -0.068919 -0.101457  0.978545 0.834956 1 1 1.000000
0  -4.936291 -101.301903 20.934025  -0.992412 -0.070583 -0.100679  0.978545 0.989257 1 1 1.000000
misc
0  -4.936291 -101.301903 20.934025  -0.992412 -0.070583 -0.100679  0.978545 0.989257 1 1 1.000000
0  -4.995283 -100.243828 20.781345  -0.992333 -0.071908 -0.100517  1.000031 0.969726 1 1 1.000000
0  -4.677570 -101.400352 18.495358  -0.991856 -0.072302 -0.104855  1.000031 0.656240 1 1 1.000000
misc
0  -4.605061 -102.029701 19.808598  0.992179 0.034336 0.120007  0.951201 0.833979 1 1 1.000000
0  -4.424719 -102.476067 18.439762  0.992903 0.030005 0.115075  0.951201 0.647450 1 1 1.000000
0  -4.471817 -101.389656 18.508598  0.992683 0.031164 0.116656  0.931669 0.656240 1 1 1.000000
misc
0  -4.589323 -102.484627 18.429169  -0.991599 -0.073298 -0.106578  0.978545 0.647450 1 1 1.000000
0  -4.769665 -102.038261 19.798004  -0.992450 -0.068919 -0.101457  0.978545 0.834956 1 1 1.000000
0  -4.677570 -101.400352 18.495358  -0.991856 -0.072302 -0.104855  1.000031 0.656240 1 1 1.000000
misc
0  -4.959866 -101.679100 15.166348  0.992001 0.028189 0.123041  0.931669 0.207984 1 1 1.000000
0  -5.380708 -101.368004 18.450294  0.991300 0.031015 0.127919  0.931669 0.657216 1 1 1.000000
0  -5.153495 -102.597588 16.985832  0.991839 0.029865 0.123948  0.951201 0.457015 1 1 1.000000
misc
0  -5.153495 -102.597588 16.985832  0.991839 0.029865 0.123948  0.951201 0.457015 1 1 1.000000
0  -4.891364 -102.640518 14.878547  0.992080 0.027285 0.122612  0.951201 0.167943 1 1 1.000000
0  -4.959866 -101.679100 15.166348  0.992001 0.028189 0.123041  0.931669 0.207984 1 1 1.000000
misc
0  -5.380708 -101.368004 18.450294  0.991300 0.031015 0.127919  0.931669 0.657216 1 1 1.000000
0  -5.333610 -102.454407 18.381462  0.991540 0.029989 0.126288  0.951201 0.648427 1 1 1.000000
0  -5.153495 -102.597588 16.985832  0.991839 0.029865 0.123948  0.951201 0.457015 1 1 1.000000
misc
0  -5.380708 -101.368004 18.450294  0.991300 0.030987 0.127922  0.931669 0.657216 1 1 1.000000
0  -5.725139 -100.226646 20.734528  0.990734 0.031262 0.132167  0.931669 0.970702 1 1 1.000000
0  -5.707298 -101.286858 20.884560  0.990701 0.032604 0.132094  0.951201 0.990234 1 1 1.000000
misc
0  -5.707298 -101.286858 20.884560  0.990703 0.032504 0.132106  0.951201 0.990234 1 1 1.000000
0  -5.526954 -102.022499 19.749424  0.990758 0.034454 0.131189  0.951201 0.835932 1 1 1.000000
0  -5.380708 -101.368004 18.450294  0.991300 0.031015 0.127919  0.931669 0.657216 1 1 1.000000
misc
0  -5.165621 -101.689796 15.153109  -0.989794 -0.075283 -0.121001  1.000031 0.207984 1 1 1.000000
0  -5.055969 -102.649078 14.867953  -0.989694 -0.075898 -0.121432  0.978545 0.168920 1 1 1.000000
0  -5.318098 -102.606148 16.975243  -0.989976 -0.074115 -0.120226  0.978545 0.457015 1 1 1.000000
misc
0  -5.318098 -102.606148 16.975243  -0.989976 -0.074115 -0.120226  0.978545 0.457015 1 1 1.000000
0  -5.586462 -101.378700 18.437054  -0.990554 -0.072224 -0.116561  1.000031 0.658193 1 1 1.000000
0  -5.165621 -101.689796 15.153109  -0.989794 -0.075283 -0.121001  1.000031 0.207984 1 1 1.000000
misc
0  -5.318098 -102.606148 16.975243  -0.989976 -0.074115 -0.120226  0.978545 0.457015 1 1 1.000000
0  -5.498213 -102.462959 18.370869  -0.990323 -0.073211 -0.117901  0.978545 0.649403 1 1 1.000000
0  -5.586462 -101.378700 18.437054  -0.990554 -0.072224 -0.116561  1.000031 0.658193 1 1 1.000000
misc
0  -5.586462 -101.378700 18.437054  -0.990554 -0.072224 -0.116561  1.000031 0.658193 1 1 1.000000
0  -5.691559 -102.031059 19.738831  -0.991206 -0.068876 -0.112986  0.978545 0.835932 1 1 1.000000
0  -5.871902 -101.295410 20.873970  -0.991202 -0.070663 -0.111914  0.978545 0.991211 1 1 1.000000
misc
0  -5.871902 -101.295410 20.873970  -0.991202 -0.070663 -0.111914  0.978545 0.991211 1 1 1.000000
0  -5.930894 -100.237335 20.721287  -0.991112 -0.071900 -0.111924  1.000031 0.971679 1 1 1.000000
0  -5.586462 -101.378700 18.437054  -0.990554 -0.072224 -0.116561  1.000031 0.658193 1 1 1.000000
misc
0  -5.526954 -102.022499 19.749424  0.990758 0.034454 0.131189  0.951201 0.835932 1 1 1.000000
0  -5.333610 -102.454407 18.381462  0.991540 0.029989 0.126288  0.951201 0.648427 1 1 1.000000
0  -5.380708 -101.368004 18.450294  0.991300 0.031015 0.127919  0.931669 0.657216 1 1 1.000000
misc
0  -5.498213 -102.462959 18.370869  -0.990323 -0.073211 -0.117901  0.978545 0.649403 1 1 1.000000
0  -5.691559 -102.031059 19.738831  -0.991206 -0.068876 -0.112986  0.978545 0.835932 1 1 1.000000
0  -5.586462 -101.378700 18.437054  -0.990554 -0.072224 -0.116561  1.000031 0.658193 1 1 1.000000
misc
0  -5.857350 -101.629280 15.122646  0.991786 0.028132 0.124776  0.931669 0.210913 1 1 1.000000
0  -6.277311 -101.318130 18.392857  0.991076 0.030979 0.129652  0.931669 0.660146 1 1 1.000000
0  -6.050097 -102.547729 16.928394  0.991623 0.029915 0.125651  0.951201 0.458968 1 1 1.000000
misc
0  -6.050097 -102.547729 16.928394  0.991623 0.029915 0.125651  0.951201 0.458968 1 1 1.000000
0  -5.789564 -102.576935 14.834834  0.991868 0.027274 0.124316  0.951201 0.171850 1 1 1.000000
0  -5.857350 -101.629280 15.122646  0.991786 0.028132 0.124776  0.931669 0.210913 1 1 1.000000
misc
0  -6.277311 -101.318130 18.392857  0.991076 0.030979 0.129652  0.931669 0.660146 1 1 1.000000
0  -6.231810 -102.390831 18.337749  0.991321 0.029992 0.127999  0.951201 0.651357 1 1 1.000000
0  -6.050097 -102.547729 16.928394  0.991623 0.029915 0.125651  0.951201 0.458968 1 1 1.000000
misc
0  -6.277311 -101.318130 18.392857  0.991078 0.030961 0.129635  0.931669 0.660146 1 1 1.000000
0  -6.622457 -100.163025 20.677078  0.990504 0.031244 0.133883  0.931669 0.972655 1 1 1.000000
0  -6.603900 -101.236992 20.827122  0.990470 0.032452 0.133851  0.951201 0.992187 1 1 1.000000
misc
0  -6.603900 -101.236992 20.827122  0.990471 0.032495 0.133831  0.951201 0.992187 1 1 1.000000
0  -6.424273 -101.958885 19.691975  0.990533 0.034313 0.132913  0.951201 0.837886 1 1 1.000000
0  -6.277311 -101.318130 18.392857  0.991076 0.030979 0.129652  0.931669 0.660146 1 1 1.000000
misc
0  -6.063105 -101.639977 15.109406  -0.989613 -0.074900 -0.122699  1.000031 0.210913 1 1 1.000000
0  -5.954167 -102.585495 14.824244  -0.989491 -0.075784 -0.123142  0.978545 0.171850 1 1 1.000000
0  -6.214702 -102.556282 16.917805  -0.989871 -0.073430 -0.121506  0.978545 0.459944 1 1 1.000000
misc
0  -6.214702 -102.556282 16.917805  -0.989871 -0.073430 -0.121506  0.978545 0.459944 1 1 1.000000
0  -6.483066 -101.328827 18.379616  -0.990425 -0.072903 -0.117237  1.000031 0.660146 1 1 1.000000
0  -6.063105 -101.639977 15.109406  -0.989613 -0.074900 -0.122699  1.000031 0.210913 1 1 1.000000
misc
0  -6.214702 -102.556282 16.917805  -0.989871 -0.073430 -0.121506  0.978545 0.459944 1 1 1.000000
0  -6.396413 -102.399391 18.327156  -0.990142 -0.073190 -0.119421  0.978545 0.651357 1 1 1.000000
0  -6.483066 -101.328827 18.379616  -0.990425 -0.072903 -0.117237  1.000031 0.660146 1 1 1.000000
misc
0  -6.483066 -101.328827 18.379616  -0.990425 -0.072903 -0.117237  1.000031 0.660146 1 1 1.000000
0  -6.588876 -101.967445 19.681381  -0.990974 -0.069491 -0.114640  0.978545 0.837886 1 1 1.000000
0  -6.768505 -101.245552 20.816532  -0.991019 -0.070418 -0.113676  0.978545 0.992187 1 1 1.000000
misc
0  -6.768505 -101.245552 20.816532  -0.991019 -0.070418 -0.113676  0.978545 0.992187 1 1 1.000000
0  -6.828212 -100.173714 20.663837  -0.990930 -0.071859 -0.113550  1.000031 0.973632 1 1 1.000000
0  -6.483066 -101.328827 18.379616  -0.990425 -0.072903 -0.117237  1.000031 0.660146 1 1 1.000000
misc
0  -6.424273 -101.958885 19.691975  0.990533 0.034313 0.132913  0.951201 0.837886 1 1 1.000000
0  -6.231810 -102.390831 18.337749  0.991321 0.029992 0.127999  0.951201 0.651357 1 1 1.000000
0  -6.277311 -101.318130 18.392857  0.991076 0.030979 0.129652  0.931669 0.660146 1 1 1.000000
misc
0  -6.396413 -102.399391 18.327156  -0.990142 -0.073190 -0.119421  0.978545 0.651357 1 1 1.000000
0  -6.588876 -101.967445 19.681381  -0.990974 -0.069491 -0.114640  0.978545 0.837886 1 1 1.000000
0  -6.483066 -101.328827 18.379616  -0.990425 -0.072903 -0.117237  1.000031 0.660146 1 1 1.000000
misc
0  -6.730930 -101.578171 15.135652  0.990735 0.026728 0.133156  0.931669 0.222633 1 1 1.000000
0  -7.177274 -101.254631 18.376617  0.989868 0.030916 0.138585  0.931669 0.666982 1 1 1.000000
0  -6.950942 -102.484253 16.925892  0.990488 0.029291 0.134448  0.951201 0.468734 1 1 1.000000
misc
0  -6.950942 -102.484253 16.925892  0.990488 0.029291 0.134448  0.951201 0.468734 1 1 1.000000
0  -6.661379 -102.525757 14.820371  0.990864 0.025433 0.132444  0.951201 0.178686 1 1 1.000000
0  -6.730930 -101.578171 15.135652  0.990735 0.026728 0.133156  0.931669 0.222633 1 1 1.000000
misc
0  -7.177274 -101.254631 18.376617  0.989868 0.030916 0.138585  0.931669 0.666982 1 1 1.000000
0  -7.144774 -102.341789 18.320633  0.990125 0.029889 0.136962  0.951201 0.658193 1 1 1.000000
0  -6.950942 -102.484253 16.925892  0.990488 0.029291 0.134448  0.951201 0.468734 1 1 1.000000
misc
0  -7.177274 -101.254631 18.376617  0.989866 0.030931 0.138592  0.931669 0.666982 1 1 1.000000
0  -7.547375 -100.114624 20.631611  0.989251 0.031176 0.142867  0.931669 0.976562 1 1 1.000000
0  -7.529532 -101.174850 20.781647  0.989214 0.032440 0.142839  0.951201 0.996094 1 1 1.000000
misc
0  -7.529532 -101.174850 20.781647  0.989211 0.032481 0.142851  0.951201 0.996094 1 1 1.000000
0  -7.336355 -101.909813 19.661125  0.989291 0.034267 0.141879  0.951201 0.842769 1 1 1.000000
0  -7.177274 -101.254631 18.376617  0.989868 0.030916 0.138585  0.931669 0.666982 1 1 1.000000
misc
0  -6.936685 -101.588867 15.122411  -0.988657 -0.073501 -0.130974  1.000031 0.222633 1 1 1.000000
0  -6.825983 -102.534317 14.809777  -0.988626 -0.073857 -0.131013  0.978545 0.179662 1 1 1.000000
0  -7.101830 -102.492096 16.916183  -0.988776 -0.073093 -0.130307  0.978545 0.468734 1 1 1.000000
misc
0  -7.101830 -102.492096 16.916183  -0.988776 -0.073093 -0.130307  0.978545 0.468734 1 1 1.000000
0  -7.383028 -101.265327 18.363377  -0.989305 -0.072157 -0.126765  1.000031 0.666982 1 1 1.000000
0  -6.936685 -101.588867 15.122411  -0.988657 -0.073501 -0.130974  1.000031 0.222633 1 1 1.000000
misc
0  -7.101830 -102.492096 16.916183  -0.988776 -0.073093 -0.130307  0.978545 0.468734 1 1 1.000000
0  -7.295660 -102.349632 18.310925  -0.989008 -0.073172 -0.128488  0.978545 0.658193 1 1 1.000000
0  -7.383028 -101.265327 18.363377  -0.989305 -0.072157 -0.126765  1.000031 0.666982 1 1 1.000000
misc
0  -7.383028 -101.265327 18.363377  -0.989305 -0.072157 -0.126765  1.000031 0.666982 1 1 1.000000
0  -7.500958 -101.918373 19.650532  -0.989975 -0.068789 -0.123356  0.978545 0.843745 1 1 1.000000
0  -7.694135 -101.183403 20.771053  -0.989952 -0.070609 -0.122512  0.978545 0.996094 1 1 1.000000
misc
0  -7.694135 -101.183403 20.771053  -0.989952 -0.070609 -0.122512  0.978545 0.996094 1 1 1.000000
0  -7.753129 -100.125320 20.618370  -0.989857 -0.071897 -0.122530  1.000031 0.977538 1 1 1.000000
0  -7.383028 -101.265327 18.363377  -0.989305 -0.072157 -0.126765  1.000031 0.666982 1 1 1.000000
misc
0  -7.336355 -101.909813 19.661125  0.989291 0.034267 0.141879  0.951201 0.842769 1 1 1.000000
0  -7.144774 -102.341789 18.320633  0.990125 0.029889 0.136962  0.951201 0.658193 1 1 1.000000
0  -7.177274 -101.254631 18.376617  0.989868 0.030916 0.138585  0.931669 0.666982 1 1 1.000000
misc
0  -7.295660 -102.349632 18.310925  -0.989008 -0.073172 -0.128488  0.978545 0.658193 1 1 1.000000
0  -7.500958 -101.918373 19.650532  -0.989975 -0.068789 -0.123356  0.978545 0.843745 1 1 1.000000
0  -7.383028 -101.265327 18.363377  -0.989305 -0.072157 -0.126765  1.000031 0.666982 1 1 1.000000
misc
0  -7.617007 -101.500183 15.106549  0.989593 0.028135 0.141115  0.931669 0.226539 1 1 1.000000
0  -8.088309 -101.191734 18.318287  0.988794 0.030772 0.146078  0.931669 0.668935 1 1 1.000000
0  -7.849141 -102.420685 16.882179  0.989413 0.029711 0.142054  0.951201 0.471664 1 1 1.000000
misc
0  -7.849141 -102.420685 16.882179  0.989413 0.029711 0.142054  0.951201 0.471664 1 1 1.000000
0  -7.562224 -102.462288 14.817865  0.989686 0.027179 0.140650  0.951201 0.188452 1 1 1.000000
0  -7.617007 -101.500183 15.106549  0.989593 0.028135 0.141115  0.931669 0.226539 1 1 1.000000
misc
0  -8.088309 -101.191734 18.318287  0.988794 0.030772 0.146078  0.931669 0.668935 1 1 1.000000
0  -8.055808 -102.278893 18.262306  0.989066 0.029886 0.144411  0.951201 0.660146 1 1 1.000000
0  -7.849141 -102.420685 16.882179  0.989413 0.029711 0.142054  0.951201 0.471664 1 1 1.000000
misc
0  -8.088309 -101.191734 18.318287  0.988791 0.030836 0.146090  0.931669 0.668935 1 1 1.000000
0  -8.471243 -100.052406 20.558666  0.988142 0.031178 0.150347  0.931669 0.976562 1 1 1.000000
0  -8.453401 -101.112625 20.708698  0.988106 0.032476 0.150306  0.951201 0.995117 1 1 1.000000
misc
0  -8.453401 -101.112625 20.708698  0.988113 0.032390 0.150278  0.951201 0.995117 1 1 1.000000
0  -8.260223 -101.847580 19.588177  0.988190 0.034141 0.149378  0.951201 0.843745 1 1 1.000000
0  -8.088309 -101.191734 18.318287  0.988794 0.030772 0.146078  0.931669 0.668935 1 1 1.000000
misc
0  -7.836478 -101.511589 15.092427  -0.987457 -0.074829 -0.139027  1.000031 0.227515 1 1 1.000000
0  -7.713109 -102.470131 14.808156  -0.987329 -0.075687 -0.139474  0.978545 0.188452 1 1 1.000000
0  -8.013744 -102.429245 16.871586  -0.987706 -0.073283 -0.138082  0.978545 0.471664 1 1 1.000000
misc
0  -8.013744 -102.429245 16.871586  -0.987706 -0.073283 -0.138082  0.978545 0.471664 1 1 1.000000
0  -8.307779 -101.203148 18.304165  -0.988355 -0.072016 -0.134046  1.000031 0.668935 1 1 1.000000
0  -7.836478 -101.511589 15.092427  -0.987457 -0.074829 -0.139027  1.000031 0.227515 1 1 1.000000
misc
0  -8.013744 -102.429245 16.871586  -0.987706 -0.073283 -0.138082  0.978545 0.471664 1 1 1.000000
0  -8.206694 -102.286736 18.252598  -0.988047 -0.073047 -0.135750  0.978545 0.660146 1 1 1.000000
0  -8.307779 -101.203148 18.304165  -0.988355 -0.072016 -0.134046  1.000031 0.668935 1 1 1.000000
misc
0  -8.307779 -101.203148 18.304165  -0.988355 -0.072016 -0.134046  1.000031 0.668935 1 1 1.000000
0  -8.424828 -101.856140 19.577583  -0.989025 -0.068884 -0.130708  0.978545 0.843745 1 1 1.000000
0  -8.618004 -101.121185 20.698105  -0.989031 -0.070542 -0.129773  0.978545 0.996094 1 1 1.000000
misc
0  -8.618004 -101.121185 20.698105  -0.989031 -0.070542 -0.129773  0.978545 0.996094 1 1 1.000000
0  -8.676997 -100.063103 20.545425  -0.988943 -0.071782 -0.129769  1.000031 0.976562 1 1 1.000000
0  -8.307779 -101.203148 18.304165  -0.988355 -0.072016 -0.134046  1.000031 0.668935 1 1 1.000000
misc
0  -8.260223 -101.847580 19.588177  0.988190 0.034141 0.149378  0.951201 0.843745 1 1 1.000000
0  -8.055808 -102.278893 18.262306  0.989066 0.029886 0.144411  0.951201 0.660146 1 1 1.000000
0  -8.088309 -101.191734 18.318287  0.988794 0.030772 0.146078  0.931669 0.668935 1 1 1.000000
misc
0  -8.206694 -102.286736 18.252598  -0.988047 -0.073047 -0.135750  0.978545 0.660146 1 1 1.000000
0  -8.424828 -101.856140 19.577583  -0.989025 -0.068884 -0.130708  0.978545 0.843745 1 1 1.000000
0  -8.307779 -101.203148 18.304165  -0.988355 -0.072016 -0.134046  1.000031 0.668935 1 1 1.000000
misc
0  -8.535473 -101.396263 15.130605  0.989099 0.028079 0.144551  0.931669 0.240211 1 1 1.000000
0  -9.002363 -101.087646 18.273666  0.988281 0.030866 0.149491  0.931669 0.671865 1 1 1.000000
0  -8.764080 -102.316628 16.851295  0.988922 0.029668 0.145440  0.951201 0.476547 1 1 1.000000
misc
0  -8.764080 -102.316628 16.851295  0.988922 0.029668 0.145440  0.951201 0.476547 1 1 1.000000
0  -8.466974 -102.357666 14.842803  0.989186 0.027202 0.144121  0.951201 0.201147 1 1 1.000000
0  -8.535473 -101.396263 15.130605  0.989099 0.028079 0.144551  0.931669 0.240211 1 1 1.000000
misc
0  -9.002363 -101.087646 18.273666  0.988281 0.030866 0.149491  0.931669 0.671865 1 1 1.000000
0  -8.969864 -102.174797 18.217682  0.988566 0.029848 0.147808  0.951201 0.663076 1 1 1.000000
0  -8.764080 -102.316628 16.851295  0.988922 0.029668 0.145440  0.951201 0.476547 1 1 1.000000
misc
0  -9.002363 -101.087646 18.273666  0.988277 0.030878 0.149518  0.931669 0.671865 1 1 1.000000
0  -9.384418 -99.948273 20.500305  0.987611 0.031127 0.153802  0.931669 0.978515 1 1 1.000000
0  -9.379580 -101.022942 20.649467  0.987579 0.032354 0.153759  0.951201 0.997070 1 1 1.000000
misc
0  -9.379580 -101.022942 20.649467  0.987579 0.032388 0.153748  0.951201 0.997070 1 1 1.000000
0  -9.174280 -101.743484 19.543556  0.987664 0.034230 0.152801  0.951201 0.845698 1 1 1.000000
0  -9.002363 -101.087646 18.273666  0.988281 0.030866 0.149491  0.931669 0.671865 1 1 1.000000
misc
0  -8.741228 -101.406960 15.117364  -0.986986 -0.074704 -0.142402  1.000031 0.240211 1 1 1.000000
0  -8.631577 -102.366226 14.832211  -0.986855 -0.075601 -0.142838  0.978545 0.202124 1 1 1.000000
0  -8.914968 -102.324471 16.841587  -0.987246 -0.073183 -0.141384  0.978545 0.476547 1 1 1.000000
misc
0  -8.914968 -102.324471 16.841587  -0.987246 -0.073183 -0.141384  0.978545 0.476547 1 1 1.000000
0  -9.208119 -101.098343 18.260426  -0.987899 -0.071423 -0.137675  1.000031 0.672842 1 1 1.000000
0  -8.741228 -101.406960 15.117364  -0.986986 -0.074704 -0.142402  1.000031 0.240211 1 1 1.000000
misc
0  -8.914968 -102.324471 16.841587  -0.987246 -0.073183 -0.141384  0.978545 0.476547 1 1 1.000000
0  -9.120749 -102.182648 18.207973  -0.987579 -0.073032 -0.139116  0.978545 0.664052 1 1 1.000000
0  -9.208119 -101.098343 18.260426  -0.987899 -0.071423 -0.137675  1.000031 0.672842 1 1 1.000000
misc
0  -9.208119 -101.098343 18.260426  -0.987899 -0.071423 -0.137675  1.000031 0.672842 1 1 1.000000
0  -9.338884 -101.752045 19.532963  -0.988576 -0.068763 -0.134121  0.978545 0.846675 1 1 1.000000
0  -9.530465 -101.030785 20.639759  -0.988642 -0.070361 -0.132802  0.978545 0.997070 1 1 1.000000
misc
0  -9.530465 -101.030785 20.639759  -0.988642 -0.070361 -0.132802  0.978545 0.997070 1 1 1.000000
0  -9.590175 -99.958969 20.487068  -0.988501 -0.071891 -0.133030  1.000031 0.978515 1 1 1.000000
0  -9.208119 -101.098343 18.260426  -0.987899 -0.071423 -0.137675  1.000031 0.672842 1 1 1.000000
misc
0  -9.174280 -101.743484 19.543556  0.987664 0.034230 0.152801  0.951201 0.845698 1 1 1.000000
0  -8.969864 -102.174797 18.217682  0.988566 0.029848 0.147808  0.951201 0.663076 1 1 1.000000
0  -9.002363 -101.087646 18.273666  0.988281 0.030866 0.149491  0.931669 0.671865 1 1 1.000000
misc
0  -9.120749 -102.182648 18.207973  -0.987579 -0.073032 -0.139116  0.978545 0.664052 1 1 1.000000
0  -9.338884 -101.752045 19.532963  -0.988576 -0.068763 -0.134121  0.978545 0.846675 1 1 1.000000
0  -9.208119 -101.098343 18.260426  -0.987899 -0.071423 -0.137675  1.000031 0.672842 1 1 1.000000
misc
0  -9.428984 -101.277260 15.183888  0.987677 0.028145 0.153954  0.931669 0.256813 1 1 1.000000
0  -9.916254 -100.969757 18.215298  0.986816 0.030814 0.158886  0.931669 0.673818 1 1 1.000000
0  -9.664252 -102.198036 16.793812  0.987497 0.029612 0.154831  0.951201 0.477523 1 1 1.000000
misc
0  -9.664252 -102.198036 16.793812  0.987497 0.029612 0.154831  0.951201 0.477523 1 1 1.000000
0  -9.360483 -102.238655 14.896087  0.987780 0.027214 0.153462  0.951201 0.217750 1 1 1.000000
0  -9.428984 -101.277260 15.183888  0.987677 0.028145 0.153954  0.931669 0.256813 1 1 1.000000
misc
0  -9.916254 -100.969757 18.215298  0.986816 0.030814 0.158886  0.931669 0.673818 1 1 1.000000
0  -9.883754 -102.056915 18.159317  0.987118 0.029793 0.157195  0.951201 0.665029 1 1 1.000000
0  -9.664252 -102.198036 16.793812  0.987497 0.029612 0.154831  0.951201 0.477523 1 1 1.000000
misc
0  -9.916254 -100.969757 18.215298  0.986814 0.030827 0.158894  0.931669 0.673818 1 1 1.000000
0  -10.325741 -99.831825 20.440174  0.986110 0.031088 0.163155  0.931669 0.979492 1 1 1.000000
0  -10.307901 -100.892029 20.590210  0.986080 0.032354 0.163092  0.951201 0.999023 1 1 1.000000
misc
0  -10.307901 -100.892029 20.590210  0.986104 0.032450 0.162929  0.951201 0.999023 1 1 1.000000
0  -10.101888 -101.626328 19.484306  0.986178 0.034057 0.162153  0.951201 0.847652 1 1 1.000000
0  -9.916254 -100.969757 18.215298  0.986816 0.030814 0.158886  0.931669 0.673818 1 1 1.000000
misc
0  -9.634739 -101.287956 15.170648  -0.985610 -0.074548 -0.151708  1.000031 0.256813 1 1 1.000000
0  -9.525087 -102.247215 14.885493  -0.985464 -0.075446 -0.152214  0.978545 0.218726 1 1 1.000000
0  -9.815140 -102.205887 16.784103  -0.985879 -0.072707 -0.150851  0.978545 0.478500 1 1 1.000000
misc
0  -9.815140 -102.205887 16.784103  -0.985879 -0.072707 -0.150851  0.978545 0.478500 1 1 1.000000
0  -10.122010 -100.980453 18.202061  -0.986528 -0.071800 -0.146992  1.000031 0.673818 1 1 1.000000
0  -9.634739 -101.287956 15.170648  -0.985610 -0.074548 -0.151708  1.000031 0.256813 1 1 1.000000
misc
0  -9.815140 -102.205887 16.784103  -0.985879 -0.072707 -0.150851  0.978545 0.478500 1 1 1.000000
0  -10.034640 -102.064766 18.149609  -0.986194 -0.072848 -0.148707  0.978545 0.665029 1 1 1.000000
0  -10.122010 -100.980453 18.202061  -0.986528 -0.071800 -0.146992  1.000031 0.673818 1 1 1.000000
misc
0  -10.122010 -100.980453 18.202061  -0.986528 -0.071800 -0.146992  1.000031 0.673818 1 1 1.000000
0  -10.266490 -101.634888 19.473713  -0.987262 -0.068682 -0.143513  0.978545 0.847652 1 1 1.000000
0  -10.472505 -100.900589 20.579617  -0.987262 -0.070524 -0.142619  0.978545 0.999023 1 1 1.000000
misc
0  -10.472505 -100.900589 20.579617  -0.987262 -0.070524 -0.142619  0.978545 0.999023 1 1 1.000000
0  -10.531496 -99.842522 20.426933  -0.987196 -0.071659 -0.142510  1.000031 0.980468 1 1 1.000000
0  -10.122010 -100.980453 18.202061  -0.986528 -0.071800 -0.146992  1.000031 0.673818 1 1 1.000000
misc
0  -10.101888 -101.626328 19.484306  0.986178 0.034057 0.162153  0.951201 0.847652 1 1 1.000000
0  -9.883754 -102.056915 18.159317  0.987118 0.029793 0.157195  0.951201 0.665029 1 1 1.000000
0  -9.916254 -100.969757 18.215298  0.986816 0.030814 0.158886  0.931669 0.673818 1 1 1.000000
misc
0  -10.034640 -102.064766 18.149609  -0.986194 -0.072848 -0.148707  0.978545 0.665029 1 1 1.000000
0  -10.266490 -101.634888 19.473713  -0.987262 -0.068682 -0.143513  0.978545 0.847652 1 1 1.000000
0  -10.122010 -100.980453 18.202061  -0.986528 -0.071800 -0.146992  1.000031 0.673818 1 1 1.000000
misc
0  -10.356271 -101.173714 15.345298  0.986717 0.028253 0.159976  0.931669 0.289041 1 1 1.000000
0  -10.816426 -100.851166 18.157814  0.985839 0.031036 0.164800  0.931669 0.675771 1 1 1.000000
0  -10.549994 -102.092484 16.737221  0.986562 0.029546 0.160693  0.951201 0.479476 1 1 1.000000
misc
0  -10.549994 -102.092484 16.737221  0.986562 0.029546 0.160693  0.951201 0.479476 1 1 1.000000
0  -10.274937 -102.134430 15.072115  0.986840 0.027330 0.159374  0.951201 0.250954 1 1 1.000000
0  -10.356271 -101.173714 15.345298  0.986717 0.028253 0.159976  0.931669 0.289041 1 1 1.000000
misc
0  -10.816426 -100.851166 18.157814  0.985839 0.031036 0.164800  0.931669 0.675771 1 1 1.000000
0  -10.770923 -101.923866 18.102707  0.986167 0.029861 0.163043  0.951201 0.666982 1 1 1.000000
0  -10.549994 -102.092484 16.737221  0.986562 0.029546 0.160693  0.951201 0.479476 1 1 1.000000
misc
0  -10.816426 -100.851166 18.157814  0.985850 0.030758 0.164785  0.931669 0.675771 1 1 1.000000
0  -11.219194 -99.740494 20.300297  0.985149 0.031088 0.168862  0.931669 0.969726 1 1 1.000000
0  -11.213473 -100.815132 20.435722  0.985116 0.032354 0.168821  0.951201 0.989257 1 1 1.000000
misc
0  -11.213473 -100.815132 20.435722  0.985119 0.032378 0.168795  0.951201 0.989257 1 1 1.000000
0  -11.017204 -101.480957 19.425922  0.985201 0.033931 0.168011  0.951201 0.849605 1 1 1.000000
0  -10.816426 -100.851166 18.157814  0.985839 0.031036 0.164800  0.931669 0.675771 1 1 1.000000
misc
0  -10.562024 -101.184418 15.332059  -0.984772 -0.074409 -0.157123  1.000031 0.289041 1 1 1.000000
0  -10.439539 -102.142990 15.061523  -0.984607 -0.075327 -0.157720  0.978545 0.250954 1 1 1.000000
0  -10.714599 -102.101044 16.726627  -0.985025 -0.073089 -0.156152  0.978545 0.479476 1 1 1.000000
misc
0  -10.714599 -102.101044 16.726627  -0.985025 -0.073089 -0.156152  0.978545 0.479476 1 1 1.000000
0  -11.022183 -100.861862 18.144577  -0.985717 -0.071903 -0.152289  1.000031 0.675771 1 1 1.000000
0  -10.562024 -101.184418 15.332059  -0.984772 -0.074409 -0.157123  1.000031 0.289041 1 1 1.000000
misc
0  -10.714599 -102.101044 16.726627  -0.985025 -0.073089 -0.156152  0.978545 0.479476 1 1 1.000000
0  -10.935528 -101.932419 18.092113  -0.985378 -0.072897 -0.154000  0.978545 0.666982 1 1 1.000000
0  -11.022183 -100.861862 18.144577  -0.985717 -0.071903 -0.152289  1.000031 0.675771 1 1 1.000000
misc
0  -11.022183 -100.861862 18.144577  -0.985717 -0.071903 -0.152289  1.000031 0.675771 1 1 1.000000
0  -11.168091 -101.488800 19.416210  -0.986425 -0.068744 -0.149133  0.978545 0.849605 1 1 1.000000
0  -11.378077 -100.823692 20.425129  -0.986452 -0.070293 -0.148225  0.978545 0.989257 1 1 1.000000
misc
0  -11.378077 -100.823692 20.425129  -0.986452 -0.070293 -0.148225  0.978545 0.989257 1 1 1.000000
0  -11.424948 -99.751198 20.287056  -0.986366 -0.071499 -0.148222  1.000031 0.969726 1 1 1.000000
0  -11.022183 -100.861862 18.144577  -0.985717 -0.071903 -0.152289  1.000031 0.675771 1 1 1.000000
misc
0  -11.017204 -101.480957 19.425922  0.985201 0.033931 0.168011  0.951201 0.849605 1 1 1.000000
0  -10.770923 -101.923866 18.102707  0.986167 0.029861 0.163043  0.951201 0.666982 1 1 1.000000
0  -10.816426 -100.851166 18.157814  0.985839 0.031036 0.164800  0.931669 0.675771 1 1 1.000000
misc
0  -10.935528 -101.932419 18.092113  -0.985378 -0.072897 -0.154000  0.978545 0.666982 1 1 1.000000
0  -11.168091 -101.488800 19.416210  -0.986425 -0.068744 -0.149133  0.978545 0.849605 1 1 1.000000
0  -11.022183 -100.861862 18.144577  -0.985717 -0.071903 -0.152289  1.000031 0.675771 1 1 1.000000
misc
0  -11.309497 -100.988724 15.629394  0.985502 0.028444 0.167263  0.931669 0.336894 1 1 1.000000
0  -11.733170 -100.678307 18.099415  0.984647 0.030605 0.171854  0.931669 0.676748 1 1 1.000000
0  -11.452310 -101.932640 16.679707  0.985375 0.029240 0.167870  0.951201 0.480453 1 1 1.000000
misc
0  -11.452310 -101.932640 16.679707  0.985375 0.029240 0.167870  0.951201 0.480453 1 1 1.000000
0  -11.227449 -101.963188 15.356217  0.985666 0.027501 0.166454  0.951201 0.298807 1 1 1.000000
0  -11.309497 -100.988724 15.629394  0.985502 0.028444 0.167263  0.931669 0.336894 1 1 1.000000
misc
0  -11.733170 -100.678307 18.099415  0.984647 0.030605 0.171854  0.931669 0.676748 1 1 1.000000
0  -11.700671 -101.765472 18.043430  0.984977 0.029699 0.170114  0.951201 0.667959 1 1 1.000000
0  -11.452310 -101.932640 16.679707  0.985375 0.029240 0.167870  0.951201 0.480453 1 1 1.000000
misc
0  -11.733170 -100.678307 18.099415  0.984648 0.030630 0.171844  0.931669 0.676748 1 1 1.000000
0  -12.143105 -99.609406 20.172363  0.983940 0.031142 0.175759  0.931669 0.961913 1 1 1.000000
0  -12.136671 -100.697792 20.307796  0.983900 0.032350 0.175767  0.951201 0.980468 1 1 1.000000
misc
0  -12.136671 -100.697792 20.307796  0.983902 0.032364 0.175754  0.951201 0.980468 1 1 1.000000
0  -11.947666 -101.308823 19.366638  0.983988 0.033828 0.174992  0.951201 0.850581 1 1 1.000000
0  -11.733170 -100.678307 18.099415  0.984647 0.030605 0.171854  0.931669 0.676748 1 1 1.000000
misc
0  -11.515251 -100.999428 15.616154  -0.983700 -0.074166 -0.163810  1.000031 0.336894 1 1 1.000000
0  -11.392052 -101.971748 15.345627  -0.983502 -0.075029 -0.164605  0.978545 0.298807 1 1 1.000000
0  -11.616914 -101.941200 16.669117  -0.983867 -0.073325 -0.163186  0.978545 0.481429 1 1 1.000000
misc
0  -11.616914 -101.941200 16.669117  -0.983867 -0.073325 -0.163186  0.978545 0.481429 1 1 1.000000
0  -11.952644 -100.689720 18.085293  -0.984625 -0.071944 -0.159181  1.000031 0.677725 1 1 1.000000
0  -11.515251 -100.999428 15.616154  -0.983700 -0.074166 -0.163810  1.000031 0.336894 1 1 1.000000
misc
0  -11.616914 -101.941200 16.669117  -0.983867 -0.073325 -0.163186  0.978545 0.481429 1 1 1.000000
0  -11.851559 -101.773308 18.033726  -0.984274 -0.072808 -0.160949  0.978545 0.668935 1 1 1.000000
0  -11.952644 -100.689720 18.085293  -0.984625 -0.071944 -0.159181  1.000031 0.677725 1 1 1.000000
misc
0  -11.952644 -100.689720 18.085293  -0.984625 -0.071944 -0.159181  1.000031 0.677725 1 1 1.000000
0  -12.098552 -101.316658 19.356930  -0.985351 -0.068698 -0.156088  0.978545 0.851558 1 1 1.000000
0  -12.287556 -100.705643 20.298088  -0.985374 -0.070190 -0.155277  0.978545 0.981445 1 1 1.000000
misc
0  -12.287556 -100.705643 20.298088  -0.985374 -0.070190 -0.155277  0.978545 0.981445 1 1 1.000000
0  -12.348859 -99.620110 20.159122  -0.985289 -0.071411 -0.155263  1.000031 0.961913 1 1 1.000000
0  -11.952644 -100.689720 18.085293  -0.984625 -0.071944 -0.159181  1.000031 0.677725 1 1 1.000000
misc
0  -11.947666 -101.308823 19.366638  0.983988 0.033828 0.174992  0.951201 0.850581 1 1 1.000000
0  -11.700671 -101.765472 18.043430  0.984977 0.029699 0.170114  0.951201 0.667959 1 1 1.000000
0  -11.733170 -100.678307 18.099415  0.984647 0.030605 0.171854  0.931669 0.676748 1 1 1.000000
misc
0  -11.851559 -101.773308 18.033726  -0.984274 -0.072808 -0.160949  0.978545 0.668935 1 1 1.000000
0  -12.098552 -101.316658 19.356930  -0.985351 -0.068698 -0.156088  0.978545 0.851558 1 1 1.000000
0  -11.952644 -100.689720 18.085293  -0.984625 -0.071944 -0.159181  1.000031 0.677725 1 1 1.000000
misc
0  -12.474565 -100.717560 16.989700  0.985311 0.025854 0.168803  0.931669 0.534166 1 1 1.000000
0  -12.618846 -101.565117 17.985012  0.984817 0.027822 0.171350  0.951201 0.669912 1 1 1.000000
0  -12.336312 -101.716957 16.292511  0.985767 0.023078 0.166525  0.951201 0.437483 1 1 1.000000
misc
0  -12.828069 -100.266045 18.899124  0.983736 0.030027 0.177095  0.931669 0.796869 1 1 1.000000
0  -13.046031 -99.532410 19.976669  0.983072 0.031725 0.180454  0.931669 0.944334 1 1 1.000000
0  -13.025882 -100.620071 20.112984  0.983111 0.031245 0.180324  0.951201 0.963866 1 1 1.000000
misc
0  -13.025882 -100.620071 20.112984  0.983110 0.031235 0.180331  0.951201 0.963866 1 1 1.000000
0  -12.864412 -101.135948 19.308235  0.983662 0.029367 0.177613  0.951201 0.852535 1 1 1.000000
0  -12.828069 -100.266045 18.899124  0.983736 0.030012 0.177095  0.931669 0.796869 1 1 1.000000
misc
0  -12.490727 -101.724953 16.337746  -0.983398 -0.075505 -0.165009  0.978545 0.446272 1 1 1.000000
0  -12.783447 -101.573669 17.974419  -0.983928 -0.073783 -0.162609  0.978545 0.669912 1 1 1.000000
0  -12.680320 -100.728256 16.976463  -0.983645 -0.074362 -0.164052  1.000031 0.534166 1 1 1.000000
misc
0  -13.033822 -100.276741 18.885883  -0.984812 -0.072529 -0.157747  1.000031 0.796869 1 1 1.000000
0  -13.029016 -101.144501 19.297642  -0.984853 -0.073257 -0.157155  0.978545 0.852535 1 1 1.000000
0  -13.190484 -100.628632 20.102394  -0.985425 -0.071330 -0.154431  0.978545 0.963866 1 1 1.000000
misc
0  -13.190484 -100.628632 20.102394  -0.985425 -0.071330 -0.154431  0.978545 0.963866 1 1 1.000000
0  -13.251788 -99.543106 19.963428  -0.985474 -0.070847 -0.154343  1.000031 0.945311 1 1 1.000000
0  -13.033822 -100.276741 18.885883  -0.984812 -0.072529 -0.157747  1.000031 0.796869 1 1 1.000000
misc
0  -12.828069 -100.266045 18.899124  0.983736 0.030012 0.177095  0.931669 0.796869 1 1 1.000000
0  -12.864412 -101.135948 19.308235  0.983662 0.029367 0.177613  0.951201 0.852535 1 1 1.000000
0  -12.618846 -101.565117 17.985012  0.984817 0.027822 0.171350  0.951201 0.669912 1 1 1.000000
misc
0  -12.618846 -101.565117 17.985012  0.984817 0.027822 0.171350  0.951201 0.669912 1 1 1.000000
0  -12.474565 -100.717560 16.989700  0.985311 0.025854 0.168803  0.931669 0.534166 1 1 1.000000
0  -12.828069 -100.266045 18.899124  0.983736 0.030012 0.177095  0.931669 0.796869 1 1 1.000000
misc
0  -12.783447 -101.573669 17.974419  -0.983928 -0.073783 -0.162609  0.978545 0.669912 1 1 1.000000
0  -13.029016 -101.144501 19.297642  -0.984853 -0.073257 -0.157155  0.978545 0.852535 1 1 1.000000
0  -13.033822 -100.276741 18.885883  -0.984812 -0.072529 -0.157747  1.000031 0.796869 1 1 1.000000
misc
0  -13.033822 -100.276741 18.885883  -0.984812 -0.072529 -0.157747  1.000031 0.796869 1 1 1.000000
0  -12.680320 -100.728256 16.976463  -0.983645 -0.074362 -0.164052  1.000031 0.534166 1 1 1.000000
0  -12.783447 -101.573669 17.974419  -0.983928 -0.073783 -0.162609  0.978545 0.669912 1 1 1.000000
misc
0  20.305861 -95.208160 0.406933  0.178835 -0.605248 -0.775689  0.640645 0.970702 1 1 1.000000
0  18.065742 -95.738113 0.234098  0.199326 -0.598757 -0.775732  0.671896 0.970702 1 1 1.000000
0  18.060278 -93.437912 -1.539317  0.191457 -0.605987 -0.772091  0.671896 0.961913 1 1 1.000000
misc
0  18.060278 -93.437912 -1.539317  0.191457 -0.605987 -0.772091  0.671896 0.961913 1 1 1.000000
0  21.351229 -92.715538 -1.326080  0.050023 -0.518646 -0.853525  0.625996 0.961913 1 1 1.000000
0  20.305861 -95.208160 0.406933  0.178835 -0.605248 -0.775689  0.640645 0.970702 1 1 1.000000
misc
0  30.620232 -90.138832 -0.861973  0.032841 -0.088698 -0.995517  0.493179 0.960936 1 1 1.000000
0  30.486036 -88.726288 -0.990952  0.031284 -0.095311 -0.994956  0.494156 0.960936 1 1 1.000000
0  33.527622 -87.961899 -1.014291  0.010595 -0.076416 -0.997020  0.451186 0.959960 1 1 1.000000
misc
0  26.608459 -92.152702 -0.849092  0.106250 -0.169860 -0.979724  0.553728 0.962889 1 1 1.000000
0  26.224775 -90.780807 -1.145915  0.113841 -0.176318 -0.977728  0.558611 0.961913 1 1 1.000000
0  30.486036 -88.726288 -0.990952  0.031284 -0.095311 -0.994956  0.494156 0.960936 1 1 1.000000
misc
0  30.486036 -88.726288 -0.990952  0.031284 -0.095311 -0.994956  0.494156 0.960936 1 1 1.000000
0  30.620232 -90.138832 -0.861973  0.032841 -0.088698 -0.995517  0.493179 0.960936 1 1 1.000000
0  26.608459 -92.152702 -0.849092  0.106250 -0.169860 -0.979724  0.553728 0.962889 1 1 1.000000
misc
0  21.505144 -94.773811 0.305798  0.078636 -0.613388 -0.785857  0.624043 0.969726 1 1 1.000000
0  20.305861 -95.208160 0.406933  0.178835 -0.605248 -0.775689  0.640645 0.970702 1 1 1.000000
0  21.351229 -92.715538 -1.326080  0.050023 -0.518646 -0.853525  0.625996 0.961913 1 1 1.000000
misc
0  33.527622 -87.961899 -1.014291  0.010595 -0.076416 -0.997020  0.451186 0.959960 1 1 1.000000
0  30.486036 -88.726288 -0.990952  0.031284 -0.095311 -0.994956  0.494156 0.960936 1 1 1.000000
0  35.494999 -85.778656 -1.157988  0.010009 -0.074182 -0.997194  0.422864 0.958007 1 1 1.000000
misc
0  22.295078 -94.360909 -0.069940  -0.166317 -0.654446 -0.737590  0.613300 0.967772 1 1 1.000000
0  21.351229 -92.715538 -1.326080  0.050023 -0.518646 -0.853525  0.625996 0.961913 1 1 1.000000
0  22.892120 -93.875656 -0.940598  -0.101718 -0.432746 -0.895759  0.605487 0.963866 1 1 1.000000
misc
0  20.529339 -95.346397 3.055232  0.258508 -0.964263 -0.058057  0.640645 0.983398 1 1 1.000000
0  17.896072 -95.772705 2.898806  0.117442 -0.993053 -0.007323  0.676778 0.983398 1 1 1.000000
0  18.065742 -95.738113 0.234098  0.136038 -0.990398 -0.024625  0.671896 0.970702 1 1 1.000000
misc
0  18.065742 -95.738113 0.234098  0.136038 -0.990398 -0.024625  0.671896 0.970702 1 1 1.000000
0  20.305861 -95.208160 0.406933  0.276259 -0.957898 -0.078189  0.640645 0.970702 1 1 1.000000
0  20.529339 -95.346397 3.055232  0.258508 -0.964263 -0.058057  0.640645 0.983398 1 1 1.000000
misc
0  33.903179 -88.298279 2.650079  0.671113 -0.729936 -0.129615  0.448256 0.977538 1 1 1.000000
0  30.760164 -90.542534 2.869841  0.513183 -0.849707 -0.121004  0.493179 0.979492 1 1 1.000000
0  30.620232 -90.138832 -0.861973  0.516412 -0.848090 -0.118585  0.493179 0.960936 1 1 1.000000
misc
0  30.620232 -90.138832 -0.861973  0.516412 -0.848090 -0.118585  0.493179 0.960936 1 1 1.000000
0  33.527622 -87.961899 -1.014291  0.671594 -0.729811 -0.127816  0.451186 0.959960 1 1 1.000000
0  33.903179 -88.298279 2.650079  0.671113 -0.729936 -0.129615  0.448256 0.977538 1 1 1.000000
misc
0  26.672392 -92.767052 2.946241  0.442439 -0.884215 -0.149707  0.554704 0.981445 1 1 1.000000
0  22.715178 -94.626427 3.059582  0.385857 -0.914446 -0.122075  0.610370 0.982421 1 1 1.000000
0  22.892120 -93.875656 -0.940598  0.441110 -0.885198 -0.147809  0.605487 0.963866 1 1 1.000000
misc
0  22.892120 -93.875656 -0.940598  0.441110 -0.885198 -0.147809  0.605487 0.963866 1 1 1.000000
0  26.608459 -92.152702 -0.849092  0.440036 -0.886620 -0.142383  0.553728 0.962889 1 1 1.000000
0  26.672392 -92.767052 2.946241  0.442439 -0.884215 -0.149707  0.554704 0.981445 1 1 1.000000
misc
0  22.715178 -94.626427 3.059582  0.385857 -0.914446 -0.122075  0.610370 0.982421 1 1 1.000000
0  20.529339 -95.346397 3.055232  0.258508 -0.964263 -0.058057  0.640645 0.983398 1 1 1.000000
0  20.305861 -95.208160 0.406933  0.276259 -0.957898 -0.078189  0.640645 0.970702 1 1 1.000000
misc
0  20.305861 -95.208160 0.406933  0.276259 -0.957898 -0.078189  0.640645 0.970702 1 1 1.000000
0  21.505144 -94.773811 0.305798  0.365371 -0.924600 -0.107788  0.624043 0.969726 1 1 1.000000
0  22.715178 -94.626427 3.059582  0.385857 -0.914446 -0.122075  0.610370 0.982421 1 1 1.000000
misc
0  36.089191 -85.745232 2.673120  0.746251 -0.653952 -0.124324  0.417005 0.976562 1 1 1.000000
0  33.903179 -88.298279 2.650079  0.671113 -0.729936 -0.129615  0.448256 0.977538 1 1 1.000000
0  33.527622 -87.961899 -1.014291  0.671594 -0.729811 -0.127816  0.451186 0.959960 1 1 1.000000
misc
0  33.527622 -87.961899 -1.014291  0.671594 -0.729811 -0.127816  0.451186 0.959960 1 1 1.000000
0  35.494999 -85.778656 -1.157988  0.736043 -0.668181 -0.108514  0.422864 0.958007 1 1 1.000000
0  36.089191 -85.745232 2.673120  0.746251 -0.653952 -0.124324  0.417005 0.976562 1 1 1.000000
misc
0  21.505144 -94.773811 0.305798  0.365371 -0.924600 -0.107788  0.624043 0.969726 1 1 1.000000
0  22.295078 -94.360909 -0.069940  0.475370 -0.869318 -0.135316  0.613300 0.967772 1 1 1.000000
0  22.715178 -94.626427 3.059582  0.385857 -0.914446 -0.122075  0.610370 0.982421 1 1 1.000000
misc
0  17.896072 -95.772705 2.898806  0.117412 -0.993056 -0.007328  0.676778 0.983398 1 1 1.000000
0  1.685121 -96.946243 1.868569  0.051875 -0.998653 0.000668  0.899442 0.983398 1 1 1.000000
0  1.855337 -96.939171 -0.782384  0.051943 -0.998650 -0.000395  0.893582 0.970702 1 1 1.000000
misc
0  1.855337 -96.939171 -0.782384  0.051943 -0.998650 -0.000395  0.893582 0.970702 1 1 1.000000
0  18.065742 -95.738113 0.234098  0.136020 -0.990400 -0.024625  0.671896 0.970702 1 1 1.000000
0  17.896072 -95.772705 2.898806  0.117412 -0.993056 -0.007328  0.676778 0.983398 1 1 1.000000
misc
0  30.760164 -90.542534 2.869841  0.513183 -0.849707 -0.121004  0.493179 0.979492 1 1 1.000000
0  26.672392 -92.767052 2.946241  0.442439 -0.884215 -0.149707  0.554704 0.981445 1 1 1.000000
0  26.608459 -92.152702 -0.849092  0.440036 -0.886620 -0.142383  0.553728 0.962889 1 1 1.000000
misc
0  26.608459 -92.152702 -0.849092  0.440036 -0.886620 -0.142383  0.553728 0.962889 1 1 1.000000
0  30.620232 -90.138832 -0.861973  0.516412 -0.848090 -0.118585  0.493179 0.960936 1 1 1.000000
0  30.760164 -90.542534 2.869841  0.513183 -0.849707 -0.121004  0.493179 0.979492 1 1 1.000000
misc
0  22.295078 -94.360909 -0.069940  0.475370 -0.869318 -0.135316  0.613300 0.967772 1 1 1.000000
0  22.892120 -93.875656 -0.940598  0.441110 -0.885198 -0.147809  0.605487 0.963866 1 1 1.000000
0  22.715178 -94.626427 3.059582  0.385857 -0.914446 -0.122075  0.610370 0.982421 1 1 1.000000
misc
0  22.295078 -94.360909 -0.069940  -0.166317 -0.654446 -0.737590  0.613300 0.967772 1 1 1.000000
0  21.505144 -94.773811 0.305798  0.078636 -0.613388 -0.785857  0.624043 0.969726 1 1 1.000000
0  21.351229 -92.715538 -1.326080  0.050023 -0.518646 -0.853525  0.625996 0.961913 1 1 1.000000
misc
0  21.351229 -92.715538 -1.326080  0.050023 -0.518646 -0.853525  0.625996 0.961913 1 1 1.000000
0  26.224775 -90.780807 -1.145915  0.113841 -0.176318 -0.977728  0.558611 0.961913 1 1 1.000000
0  26.608459 -92.152702 -0.849092  0.106250 -0.169860 -0.979724  0.553728 0.962889 1 1 1.000000
misc
0  26.608459 -92.152702 -0.849092  0.106250 -0.169860 -0.979724  0.553728 0.962889 1 1 1.000000
0  22.892120 -93.875656 -0.940598  -0.101718 -0.432746 -0.895759  0.605487 0.963866 1 1 1.000000
0  21.351229 -92.715538 -1.326080  0.050023 -0.518646 -0.853525  0.625996 0.961913 1 1 1.000000
misc
0  18.096863 -95.282249 -0.617806  0.121315 -0.728279 -0.674457  0.671896 0.966796 1 1 1.000000
0  18.065742 -95.738113 0.234098  0.094603 -0.879176 -0.467012  0.671896 0.970702 1 1 1.000000
0  17.421757 -95.785378 0.192621  0.112757 -0.883117 -0.455401  0.680685 0.970702 1 1 1.000000
misc
0  17.421757 -95.785378 0.192621  0.112743 -0.883123 -0.455394  0.680685 0.970702 1 1 1.000000
0  17.454306 -95.356995 -0.659265  0.137567 -0.739116 -0.659380  0.680685 0.966796 1 1 1.000000
0  18.096863 -95.282249 -0.617806  0.121330 -0.728070 -0.674680  0.671896 0.966796 1 1 1.000000
misc
0  18.090857 -94.690170 -1.002797  0.093038 -0.467521 -0.879072  0.671896 0.964843 1 1 1.000000
0  17.446867 -94.737434 -1.044272  0.099161 -0.464545 -0.879980  0.680685 0.964843 1 1 1.000000
0  17.416290 -93.485176 -1.580794  0.090326 -0.392759 -0.915195  0.680685 0.961913 1 1 1.000000
misc
0  17.416290 -93.485176 -1.580794  0.090326 -0.392759 -0.915195  0.680685 0.961913 1 1 1.000000
0  18.060278 -93.437912 -1.539317  0.090557 -0.392647 -0.915220  0.671896 0.961913 1 1 1.000000
0  18.090857 -94.690170 -1.002797  0.093038 -0.467521 -0.879072  0.671896 0.964843 1 1 1.000000
misc
0  17.446867 -94.737434 -1.044272  0.099161 -0.464545 -0.879980  0.680685 0.964843 1 1 1.000000
0  18.090857 -94.690170 -1.002797  0.093038 -0.467521 -0.879072  0.671896 0.964843 1 1 1.000000
0  18.096863 -95.282249 -0.617806  0.121330 -0.728070 -0.674680  0.671896 0.966796 1 1 1.000000
misc
0  18.096863 -95.282249 -0.617806  0.121330 -0.728070 -0.674680  0.671896 0.966796 1 1 1.000000
0  17.454306 -95.356995 -0.659265  0.137567 -0.739116 -0.659380  0.680685 0.966796 1 1 1.000000
0  17.446867 -94.737434 -1.044272  0.099161 -0.464545 -0.879980  0.680685 0.964843 1 1 1.000000
misc
0  17.446867 -94.737434 -1.044272  -0.996596 -0.051809 -0.064128  0.680685 0.964843 1 1 1.000000
0  17.454306 -95.356995 -0.659265  -0.996595 -0.051819 -0.064137  0.680685 0.966796 1 1 1.000000
0  17.421757 -95.785378 0.192621  -0.996596 -0.051811 -0.064130  0.680685 0.970702 1 1 1.000000
misc
0  17.446867 -94.737434 -1.044272  -0.996596 -0.051809 -0.064128  0.680685 0.964843 1 1 1.000000
0  17.421757 -95.785378 0.192621  -0.996596 -0.051811 -0.064130  0.680685 0.970702 1 1 1.000000
0  17.376856 -93.610794 -0.866465  -0.996596 -0.051810 -0.064128  0.680685 0.966796 1 1 1.000000
misc
0  17.446867 -94.737434 -1.044272  -0.996596 -0.051809 -0.064128  0.680685 0.964843 1 1 1.000000
0  17.376856 -93.610794 -0.866465  -0.996596 -0.051810 -0.064128  0.680685 0.966796 1 1 1.000000
0  17.416290 -93.485176 -1.580794  -0.996596 -0.051812 -0.064128  0.680685 0.961913 1 1 1.000000
misc
0  18.060278 -93.437912 -1.539317  0.996596 0.051809 0.064132  0.671896 0.961913 1 1 1.000000
0  18.065742 -95.738113 0.234098  0.996596 0.051813 0.064131  0.671896 0.970702 1 1 1.000000
0  18.096863 -95.282249 -0.617806  0.996596 0.051813 0.064131  0.671896 0.966796 1 1 1.000000
misc
0  18.096863 -95.282249 -0.617806  0.996596 0.051813 0.064131  0.671896 0.966796 1 1 1.000000
0  18.090857 -94.690170 -1.002797  0.996596 0.051797 0.064136  0.671896 0.964843 1 1 1.000000
0  18.060278 -93.437912 -1.539317  0.996596 0.051809 0.064132  0.671896 0.961913 1 1 1.000000
misc
0  17.438761 -95.040825 -0.673212  0.084113 -0.294894 -0.951820  0.680685 0.966796 1 1 1.000000
0  1.876083 -96.249557 -1.661918  0.077206 -0.313704 -0.946377  0.893582 0.966796 1 1 1.000000
0  1.816485 -94.847000 -1.868887  0.070893 -0.141494 -0.987397  0.893582 0.965819 1 1 1.000000
misc
0  1.816485 -94.847000 -1.868887  0.070893 -0.141494 -0.987397  0.893582 0.965819 1 1 1.000000
0  17.376856 -93.610794 -0.866465  0.074054 -0.130406 -0.988691  0.680685 0.965819 1 1 1.000000
0  17.438761 -95.040825 -0.673212  0.084113 -0.294894 -0.951820  0.680685 0.966796 1 1 1.000000
misc
0  17.442797 -95.288605 -0.535692  0.097301 -0.662362 -0.742839  0.680685 0.966796 1 1 1.000000
0  17.421757 -95.785378 0.192621  0.096524 -0.830220 -0.549015  0.680685 0.970702 1 1 1.000000
0  1.855337 -96.939171 -0.782384  0.077674 -0.850795 -0.519726  0.893582 0.970702 1 1 1.000000
misc
0  1.855337 -96.939171 -0.782384  0.077674 -0.850795 -0.519726  0.893582 0.970702 1 1 1.000000
0  1.880284 -96.483566 -1.538142  0.082171 -0.687276 -0.721734  0.893582 0.967772 1 1 1.000000
0  17.442797 -95.288605 -0.535692  0.097301 -0.662362 -0.742839  0.680685 0.966796 1 1 1.000000
misc
0  17.442797 -95.288605 -0.535692  0.097301 -0.662362 -0.742839  0.680685 0.966796 1 1 1.000000
0  1.880284 -96.483566 -1.538142  0.082171 -0.687276 -0.721734  0.893582 0.967772 1 1 1.000000
0  1.876083 -96.249557 -1.661918  0.077206 -0.313704 -0.946377  0.893582 0.966796 1 1 1.000000
misc
0  1.876083 -96.249557 -1.661918  0.077206 -0.313704 -0.946377  0.893582 0.966796 1 1 1.000000
0  17.438761 -95.040825 -0.673212  0.084113 -0.294894 -0.951820  0.680685 0.966796 1 1 1.000000
0  17.442797 -95.288605 -0.535692  0.097301 -0.662362 -0.742839  0.680685 0.966796 1 1 1.000000
misc
0  17.197567 -93.783546 2.059309  -0.224563 0.974283 0.018565  0.685568 0.979492 1 1 1.000000
0  23.562420 -92.046883 2.403666  -0.352531 0.935455 0.025430  0.597674 0.979492 1 1 1.000000
0  21.351229 -92.715538 -1.326080  -0.286119 0.958000 0.019292  0.625996 0.961913 1 1 1.000000
misc
0  21.351229 -92.715538 -1.326080  -0.286119 0.958000 0.019292  0.625996 0.961913 1 1 1.000000
0  18.060278 -93.437912 -1.539317  -0.159638 0.985580 0.056106  0.671896 0.961913 1 1 1.000000
0  17.197567 -93.783546 2.059309  -0.224563 0.974283 0.018565  0.685568 0.979492 1 1 1.000000
misc
0  26.224775 -90.780807 -1.145915  -0.415467 0.909500 0.014062  0.558611 0.961913 1 1 1.000000
0  21.351229 -92.715538 -1.326080  -0.286119 0.958000 0.019292  0.625996 0.961913 1 1 1.000000
0  23.562420 -92.046883 2.403666  -0.352531 0.935455 0.025430  0.597674 0.979492 1 1 1.000000
misc
0  30.268744 -89.052147 2.649170  -0.453083 0.889601 0.057663  0.499039 0.978515 1 1 1.000000
0  36.089191 -85.745232 2.673120  -0.493514 0.866908 0.070097  0.417005 0.976562 1 1 1.000000
0  35.494999 -85.778656 -1.157988  -0.497258 0.865296 0.063227  0.422864 0.958007 1 1 1.000000
misc
0  35.494999 -85.778656 -1.157988  -0.497258 0.865296 0.063227  0.422864 0.958007 1 1 1.000000
0  30.486036 -88.726288 -0.990952  -0.464029 0.884683 0.044855  0.494156 0.960936 1 1 1.000000
0  30.268744 -89.052147 2.649170  -0.453083 0.889601 0.057663  0.499039 0.978515 1 1 1.000000
misc
0  23.562420 -92.046883 2.403666  -0.352531 0.935455 0.025430  0.597674 0.979492 1 1 1.000000
0  30.268744 -89.052147 2.649170  -0.453083 0.889601 0.057663  0.499039 0.978515 1 1 1.000000
0  30.486036 -88.726288 -0.990952  -0.464029 0.884683 0.044855  0.494156 0.960936 1 1 1.000000
misc
0  30.486036 -88.726288 -0.990952  -0.464029 0.884683 0.044855  0.494156 0.960936 1 1 1.000000
0  26.224775 -90.780807 -1.145915  -0.415467 0.909500 0.014062  0.558611 0.961913 1 1 1.000000
0  23.562420 -92.046883 2.403666  -0.352531 0.935455 0.025430  0.597674 0.979492 1 1 1.000000
misc
0  18.060278 -93.437912 -1.539317  -0.159638 0.985580 0.056106  0.671896 0.961913 1 1 1.000000
0  17.416290 -93.485176 -1.580794  -0.084432 0.993621 0.074751  0.680685 0.961913 1 1 1.000000
0  17.197567 -93.783546 2.059309  -0.224563 0.974283 0.018565  0.685568 0.979492 1 1 1.000000
misc
0  1.638793 -95.033447 1.043162  -0.055563 0.996803 0.057414  0.899442 0.979492 1 1 1.000000
0  17.197567 -93.783546 2.059309  -0.083352 0.994984 0.055308  0.685568 0.979492 1 1 1.000000
0  17.376856 -93.610794 -0.866465  -0.083328 0.994986 0.055307  0.680685 0.965819 1 1 1.000000
misc
0  17.376856 -93.610794 -0.866465  -0.083317 0.994975 0.055524  0.680685 0.965819 1 1 1.000000
0  1.816485 -94.847000 -1.868887  -0.055548 0.996802 0.057440  0.893582 0.965819 1 1 1.000000
0  1.638793 -95.033447 1.043162  -0.055493 0.996801 0.057522  0.899442 0.979492 1 1 1.000000
misc
0  -16.675148 -97.130707 -1.972732  -0.014667 -0.615278 -0.788174  0.640645 0.970702 1 1 1.000000
0  -17.742197 -94.747894 -3.841676  0.113316 -0.515355 -0.849452  0.625996 0.961913 1 1 1.000000
0  -14.394129 -95.125137 -3.627702  -0.027586 -0.617377 -0.786184  0.671896 0.961913 1 1 1.000000
misc
0  -14.394129 -95.125137 -3.627702  -0.027586 -0.617377 -0.786184  0.671896 0.961913 1 1 1.000000
0  -14.388664 -97.425331 -1.854287  -0.035584 -0.610991 -0.790837  0.671896 0.970702 1 1 1.000000
0  -16.675148 -97.130707 -1.972732  -0.014667 -0.615278 -0.788174  0.640645 0.970702 1 1 1.000000
misc
0  -27.210611 -93.145294 -4.583287  0.104050 -0.084968 -0.990936  0.493179 0.960936 1 1 1.000000
0  -30.283825 -91.279282 -5.120446  0.125000 -0.070324 -0.989661  0.451186 0.959960 1 1 1.000000
0  -27.207634 -91.725632 -4.703439  0.106161 -0.091420 -0.990137  0.494156 0.960936 1 1 1.000000
misc
0  -23.047054 -94.734161 -4.044339  0.037995 -0.173322 -0.984132  0.553728 0.962889 1 1 1.000000
0  -27.210611 -93.145294 -4.583287  0.104050 -0.084968 -0.990936  0.493179 0.960936 1 1 1.000000
0  -27.207634 -91.725632 -4.703439  0.106161 -0.091420 -0.990137  0.494156 0.960936 1 1 1.000000
misc
0  -27.207634 -91.725632 -4.703439  0.106161 -0.091420 -0.990137  0.494156 0.960936 1 1 1.000000
0  -22.772320 -93.328033 -4.298795  0.030889 -0.180632 -0.983066  0.558611 0.961913 1 1 1.000000
0  -23.047054 -94.734161 -4.044339  0.037995 -0.173322 -0.984132  0.553728 0.962889 1 1 1.000000
misc
0  -17.890059 -96.821869 -2.229216  0.086267 -0.612971 -0.785382  0.624043 0.969726 1 1 1.000000
0  -17.742197 -94.747894 -3.841676  0.113316 -0.515355 -0.849452  0.625996 0.961913 1 1 1.000000
0  -16.675148 -97.130707 -1.972732  -0.014667 -0.615278 -0.788174  0.640645 0.970702 1 1 1.000000
misc
0  -30.283825 -91.279282 -5.120446  0.125000 -0.070324 -0.989661  0.451186 0.959960 1 1 1.000000
0  -32.431553 -89.309975 -5.528943  0.125224 -0.068230 -0.989779  0.422864 0.958007 1 1 1.000000
0  -27.207634 -91.725632 -4.703439  0.106161 -0.091420 -0.990137  0.494156 0.960936 1 1 1.000000
misc
0  -18.663862 -96.490257 -2.705576  0.325920 -0.628856 -0.705916  0.613300 0.967772 1 1 1.000000
0  -19.191614 -96.063477 -3.648614  0.259850 -0.413467 -0.872653  0.605487 0.963866 1 1 1.000000
0  -17.742197 -94.747894 -3.841676  0.113316 -0.515355 -0.849452  0.625996 0.961913 1 1 1.000000
misc
0  -17.219828 -97.308884 0.626139  -0.147959 -0.985409 -0.084129  0.640645 0.983398 1 1 1.000000
0  -16.675148 -97.130707 -1.972732  -0.163543 -0.980773 -0.106477  0.640645 0.970702 1 1 1.000000
0  -14.388664 -97.425331 -1.854287  -0.028789 -0.998975 -0.034932  0.671896 0.970702 1 1 1.000000
misc
0  -14.388664 -97.425331 -1.854287  -0.028789 -0.998975 -0.034932  0.671896 0.970702 1 1 1.000000
0  -14.558333 -97.459930 0.810420  -0.012355 -0.999802 -0.015630  0.676778 0.983398 1 1 1.000000
0  -17.219828 -97.308884 0.626139  -0.147959 -0.985409 -0.084129  0.640645 0.983398 1 1 1.000000
misc
0  -31.087929 -91.676994 -1.531987  -0.570043 -0.794461 -0.209480  0.448256 0.977538 1 1 1.000000
0  -30.283825 -91.279282 -5.120446  -0.570761 -0.794396 -0.207765  0.451186 0.959960 1 1 1.000000
0  -27.210611 -93.145294 -4.583287  -0.406700 -0.896074 -0.177894  0.493179 0.960936 1 1 1.000000
misc
0  -27.210611 -93.145294 -4.583287  -0.406700 -0.896074 -0.177894  0.493179 0.960936 1 1 1.000000
0  -27.783966 -93.586082 -0.897373  -0.403120 -0.897333 -0.179689  0.493179 0.979492 1 1 1.000000
0  -31.087929 -91.676994 -1.531987  -0.570043 -0.794461 -0.209480  0.448256 0.977538 1 1 1.000000
misc
0  -23.531803 -95.377037 -0.284313  -0.326141 -0.924089 -0.199227  0.554704 0.981445 1 1 1.000000
0  -23.047054 -94.734161 -4.044339  -0.323528 -0.926676 -0.191316  0.553728 0.962889 1 1 1.000000
0  -19.191614 -96.063477 -3.648614  -0.324899 -0.924985 -0.197086  0.605487 0.963866 1 1 1.000000
misc
0  -19.191614 -96.063477 -3.648614  -0.324899 -0.924985 -0.197086  0.605487 0.963866 1 1 1.000000
0  -19.450857 -96.818527 0.346271  -0.270577 -0.948574 -0.164303  0.610370 0.982421 1 1 1.000000
0  -23.531803 -95.377037 -0.284313  -0.326141 -0.924089 -0.199227  0.554704 0.981445 1 1 1.000000
misc
0  -19.450857 -96.818527 0.346271  -0.270577 -0.948574 -0.164303  0.610370 0.982421 1 1 1.000000
0  -17.890059 -96.821869 -2.229216  -0.251148 -0.956652 -0.147454  0.624043 0.969726 1 1 1.000000
0  -16.675148 -97.130707 -1.972732  -0.163543 -0.980773 -0.106477  0.640645 0.970702 1 1 1.000000
misc
0  -16.675148 -97.130707 -1.972732  -0.163543 -0.980773 -0.106477  0.640645 0.970702 1 1 1.000000
0  -17.219828 -97.308884 0.626139  -0.147959 -0.985409 -0.084129  0.640645 0.983398 1 1 1.000000
0  -19.450857 -96.818527 0.346271  -0.270577 -0.948574 -0.164303  0.610370 0.982421 1 1 1.000000
misc
0  -33.510822 -89.363541 -1.805522  -0.652741 -0.726626 -0.214344  0.417005 0.976562 1 1 1.000000
0  -32.431553 -89.309975 -5.528943  -0.643034 -0.740012 -0.197204  0.422864 0.958007 1 1 1.000000
0  -30.283825 -91.279282 -5.120446  -0.570811 -0.794366 -0.207746  0.451186 0.959960 1 1 1.000000
misc
0  -30.283825 -91.279282 -5.120446  -0.570761 -0.794396 -0.207765  0.451186 0.959960 1 1 1.000000
0  -31.087929 -91.676994 -1.531987  -0.570043 -0.794461 -0.209480  0.448256 0.977538 1 1 1.000000
0  -33.510822 -89.363541 -1.805522  -0.652746 -0.726620 -0.214352  0.417005 0.976562 1 1 1.000000
misc
0  -17.890059 -96.821869 -2.229216  -0.251148 -0.956652 -0.147454  0.624043 0.969726 1 1 1.000000
0  -19.450857 -96.818527 0.346271  -0.270577 -0.948574 -0.164303  0.610370 0.982421 1 1 1.000000
0  -18.663862 -96.490257 -2.705576  -0.361843 -0.912840 -0.189190  0.613300 0.967772 1 1 1.000000
misc
0  -14.558333 -97.459930 0.810420  -0.012355 -0.999802 -0.015630  0.676778 0.983398 1 1 1.000000
0  -14.388664 -97.425331 -1.854287  -0.028789 -0.998975 -0.034932  0.671896 0.970702 1 1 1.000000
0  1.855337 -96.939171 -0.782384  0.051943 -0.998650 -0.000395  0.893582 0.970702 1 1 1.000000
misc
0  1.855337 -96.939171 -0.782384  0.051943 -0.998650 -0.000395  0.893582 0.970702 1 1 1.000000
0  1.685121 -96.946243 1.868569  0.051875 -0.998653 0.000668  0.899442 0.983398 1 1 1.000000
0  -14.558333 -97.459930 0.810420  -0.012355 -0.999802 -0.015630  0.676778 0.983398 1 1 1.000000
misc
0  -27.783966 -93.586082 -0.897373  -0.403120 -0.897333 -0.179689  0.493179 0.979492 1 1 1.000000
0  -27.210611 -93.145294 -4.583287  -0.406700 -0.896074 -0.177894  0.493179 0.960936 1 1 1.000000
0  -23.047054 -94.734161 -4.044339  -0.323528 -0.926676 -0.191316  0.553728 0.962889 1 1 1.000000
misc
0  -23.047054 -94.734161 -4.044339  -0.323528 -0.926676 -0.191316  0.553728 0.962889 1 1 1.000000
0  -23.531803 -95.377037 -0.284313  -0.326141 -0.924089 -0.199227  0.554704 0.981445 1 1 1.000000
0  -27.783966 -93.586082 -0.897373  -0.403120 -0.897333 -0.179689  0.493179 0.979492 1 1 1.000000
misc
0  -18.663862 -96.490257 -2.705576  -0.361843 -0.912840 -0.189190  0.613300 0.967772 1 1 1.000000
0  -19.450857 -96.818527 0.346271  -0.270577 -0.948574 -0.164303  0.610370 0.982421 1 1 1.000000
0  -19.191614 -96.063477 -3.648614  -0.324899 -0.924985 -0.197086  0.605487 0.963866 1 1 1.000000
misc
0  -18.663862 -96.490257 -2.705576  0.325920 -0.628856 -0.705916  0.613300 0.967772 1 1 1.000000
0  -17.742197 -94.747894 -3.841676  0.113316 -0.515355 -0.849452  0.625996 0.961913 1 1 1.000000
0  -17.890059 -96.821869 -2.229216  0.086267 -0.612971 -0.785382  0.624043 0.969726 1 1 1.000000
misc
0  -17.742197 -94.747894 -3.841676  0.113316 -0.515355 -0.849452  0.625996 0.961913 1 1 1.000000
0  -19.191614 -96.063477 -3.648614  0.259850 -0.413467 -0.872653  0.605487 0.963866 1 1 1.000000
0  -23.047054 -94.734161 -4.044339  0.037995 -0.173322 -0.984132  0.553728 0.962889 1 1 1.000000
misc
0  -23.047054 -94.734161 -4.044339  0.037995 -0.173322 -0.984132  0.553728 0.962889 1 1 1.000000
0  -22.772320 -93.328033 -4.298795  0.030889 -0.180632 -0.983066  0.558611 0.961913 1 1 1.000000
0  -17.742197 -94.747894 -3.841676  0.113316 -0.515355 -0.849452  0.625996 0.961913 1 1 1.000000
misc
0  -14.357546 -96.969467 -2.706191  0.041737 -0.732234 -0.679773  0.671896 0.966796 1 1 1.000000
0  -13.710705 -96.977188 -2.664678  0.024905 -0.744973 -0.666630  0.680685 0.966796 1 1 1.000000
0  -13.743252 -97.405563 -1.812792  0.038181 -0.886996 -0.460196  0.680685 0.970702 1 1 1.000000
misc
0  -13.743252 -97.405563 -1.812792  0.038181 -0.886996 -0.460196  0.680685 0.970702 1 1 1.000000
0  -14.388664 -97.425331 -1.854287  0.057167 -0.881122 -0.469422  0.671896 0.970702 1 1 1.000000
0  -14.357546 -96.969467 -2.706191  0.041737 -0.732234 -0.679773  0.671896 0.966796 1 1 1.000000
misc
0  -14.363552 -96.377388 -3.091182  0.068777 -0.468808 -0.880619  0.671896 0.964843 1 1 1.000000
0  -14.394129 -95.125137 -3.627702  0.068174 -0.393837 -0.916649  0.671896 0.961913 1 1 1.000000
0  -13.748717 -95.105362 -3.586209  0.068444 -0.393894 -0.916604  0.680685 0.961913 1 1 1.000000
misc
0  -13.748717 -95.105362 -3.586209  0.068444 -0.393894 -0.916604  0.680685 0.961913 1 1 1.000000
0  -13.718140 -96.357620 -3.049686  0.062591 -0.466458 -0.882326  0.680685 0.964843 1 1 1.000000
0  -14.363552 -96.377388 -3.091182  0.068777 -0.468808 -0.880619  0.671896 0.964843 1 1 1.000000
misc
0  -13.718140 -96.357620 -3.049686  0.062591 -0.466458 -0.882326  0.680685 0.964843 1 1 1.000000
0  -13.710705 -96.977188 -2.664678  0.024905 -0.744973 -0.666630  0.680685 0.966796 1 1 1.000000
0  -14.357546 -96.969467 -2.706191  0.041737 -0.732234 -0.679773  0.671896 0.966796 1 1 1.000000
misc
0  -14.357546 -96.969467 -2.706191  0.041737 -0.732234 -0.679773  0.671896 0.966796 1 1 1.000000
0  -14.363552 -96.377388 -3.091182  0.068777 -0.468808 -0.880619  0.671896 0.964843 1 1 1.000000
0  -13.718140 -96.357620 -3.049686  0.062591 -0.466458 -0.882326  0.680685 0.964843 1 1 1.000000
misc
0  -13.718140 -96.357620 -3.049686  0.996596 0.051811 0.064129  0.680685 0.964843 1 1 1.000000
0  -13.748717 -95.105362 -3.586209  0.996596 0.051809 0.064129  0.680685 0.961913 1 1 1.000000
0  -13.788153 -95.230980 -2.871878  0.996596 0.051810 0.064129  0.680685 0.966796 1 1 1.000000
misc
0  -13.718140 -96.357620 -3.049686  0.996596 0.051811 0.064129  0.680685 0.964843 1 1 1.000000
0  -13.788153 -95.230980 -2.871878  0.996596 0.051810 0.064129  0.680685 0.966796 1 1 1.000000
0  -13.743252 -97.405563 -1.812792  0.996596 0.051811 0.064129  0.680685 0.970702 1 1 1.000000
misc
0  -13.718140 -96.357620 -3.049686  0.996596 0.051807 0.064129  0.680685 0.964843 1 1 1.000000
0  -13.743252 -97.405563 -1.812792  0.996596 0.051807 0.064129  0.680685 0.970702 1 1 1.000000
0  -13.710705 -96.977188 -2.664678  0.996596 0.051807 0.064129  0.680685 0.966796 1 1 1.000000
misc
0  -14.394129 -95.125137 -3.627702  -0.996596 -0.051807 -0.064129  0.671896 0.961913 1 1 1.000000
0  -14.363552 -96.377388 -3.091182  -0.996596 -0.051803 -0.064134  0.671896 0.964843 1 1 1.000000
0  -14.357546 -96.969467 -2.706191  -0.996596 -0.051809 -0.064128  0.671896 0.966796 1 1 1.000000
misc
0  -14.357546 -96.969467 -2.706191  -0.996596 -0.051809 -0.064128  0.671896 0.966796 1 1 1.000000
0  -14.388664 -97.425331 -1.854287  -0.996596 -0.051809 -0.064127  0.671896 0.970702 1 1 1.000000
0  -14.394129 -95.125137 -3.627702  -0.996596 -0.051807 -0.064129  0.671896 0.961913 1 1 1.000000
misc
0  -13.726245 -96.661003 -2.678626  0.068950 -0.295665 -0.952800  0.680685 0.966796 1 1 1.000000
0  -13.788153 -95.230980 -2.871878  0.066796 -0.130782 -0.989158  0.680685 0.965819 1 1 1.000000
0  1.816485 -94.847000 -1.868887  0.070893 -0.141494 -0.987397  0.893582 0.965819 1 1 1.000000
misc
0  1.816485 -94.847000 -1.868887  0.070893 -0.141494 -0.987397  0.893582 0.965819 1 1 1.000000
0  1.876083 -96.249557 -1.661918  0.077206 -0.313704 -0.946377  0.893582 0.966796 1 1 1.000000
0  -13.726245 -96.661003 -2.678626  0.068950 -0.295665 -0.952800  0.680685 0.966796 1 1 1.000000
misc
0  -13.722212 -96.908783 -2.541105  0.067487 -0.663903 -0.744767  0.680685 0.966796 1 1 1.000000
0  1.880284 -96.483566 -1.538142  0.082171 -0.687276 -0.721734  0.893582 0.967772 1 1 1.000000
0  1.855337 -96.939171 -0.782384  0.077674 -0.850795 -0.519726  0.893582 0.970702 1 1 1.000000
misc
0  1.855337 -96.939171 -0.782384  0.077674 -0.850795 -0.519726  0.893582 0.970702 1 1 1.000000
0  -13.743252 -97.405563 -1.812792  0.060699 -0.832088 -0.551313  0.680685 0.970702 1 1 1.000000
0  -13.722212 -96.908783 -2.541105  0.067487 -0.663903 -0.744767  0.680685 0.966796 1 1 1.000000
misc
0  -13.722212 -96.908783 -2.541105  0.067487 -0.663903 -0.744767  0.680685 0.966796 1 1 1.000000
0  -13.726245 -96.661003 -2.678626  0.068950 -0.295665 -0.952800  0.680685 0.966796 1 1 1.000000
0  1.876083 -96.249557 -1.661918  0.077206 -0.313704 -0.946377  0.893582 0.966796 1 1 1.000000
misc
0  1.876083 -96.249557 -1.661918  0.077206 -0.313704 -0.946377  0.893582 0.966796 1 1 1.000000
0  1.880284 -96.483566 -1.538142  0.082171 -0.687276 -0.721734  0.893582 0.967772 1 1 1.000000
0  -13.722212 -96.908783 -2.541105  0.067487 -0.663903 -0.744767  0.680685 0.966796 1 1 1.000000
misc
0  -13.967440 -95.403732 0.053896  0.118081 0.992178 0.040499  0.685568 0.979492 1 1 1.000000
0  -14.394129 -95.125137 -3.627702  0.048467 0.996404 0.069492  0.671896 0.961913 1 1 1.000000
0  -17.742197 -94.747894 -3.841676  0.180799 0.982300 0.048970  0.625996 0.961913 1 1 1.000000
misc
0  -17.742197 -94.747894 -3.841676  0.180799 0.982300 0.048970  0.625996 0.961913 1 1 1.000000
0  -20.469128 -94.335968 -0.429688  0.247883 0.966679 0.063921  0.597674 0.979492 1 1 1.000000
0  -13.967440 -95.403732 0.053896  0.118081 0.992178 0.040499  0.685568 0.979492 1 1 1.000000
misc
0  -22.772320 -93.328033 -4.298795  0.314037 0.947447 0.061038  0.558611 0.961913 1 1 1.000000
0  -20.469128 -94.335968 -0.429688  0.247883 0.966679 0.063921  0.597674 0.979492 1 1 1.000000
0  -17.742197 -94.747894 -3.841676  0.180799 0.982300 0.048970  0.625996 0.961913 1 1 1.000000
misc
0  -27.424927 -92.051491 -1.063318  0.347616 0.931243 0.109316  0.499039 0.978515 1 1 1.000000
0  -27.207634 -91.725632 -4.703439  0.360649 0.927577 0.097634  0.494156 0.960936 1 1 1.000000
0  -32.431553 -89.309975 -5.528943  0.393018 0.911598 0.120525  0.422864 0.958007 1 1 1.000000
misc
0  -32.431553 -89.309975 -5.528943  0.393018 0.911598 0.120525  0.422864 0.958007 1 1 1.000000
0  -33.510822 -89.363541 -1.805522  0.388221 0.912824 0.126632  0.417005 0.976562 1 1 1.000000
0  -27.424927 -92.051491 -1.063318  0.347616 0.931243 0.109316  0.499039 0.978515 1 1 1.000000
misc
0  -20.469128 -94.335968 -0.429688  0.247883 0.966679 0.063921  0.597674 0.979492 1 1 1.000000
0  -22.772320 -93.328033 -4.298795  0.314037 0.947447 0.061038  0.558611 0.961913 1 1 1.000000
0  -27.207634 -91.725632 -4.703439  0.360649 0.927577 0.097634  0.494156 0.960936 1 1 1.000000
misc
0  -27.207634 -91.725632 -4.703439  0.360649 0.927577 0.097634  0.494156 0.960936 1 1 1.000000
0  -27.424927 -92.051491 -1.063318  0.347616 0.931243 0.109316  0.499039 0.978515 1 1 1.000000
0  -20.469128 -94.335968 -0.429688  0.247883 0.966679 0.063921  0.597674 0.979492 1 1 1.000000
misc
0  -14.394129 -95.125137 -3.627702  0.048467 0.996404 0.069492  0.671896 0.961913 1 1 1.000000
0  -13.967440 -95.403732 0.053896  0.118081 0.992178 0.040499  0.685568 0.979492 1 1 1.000000
0  -13.748717 -95.105362 -3.586209  -0.028988 0.996506 0.078331  0.680685 0.961913 1 1 1.000000
misc
0  1.638793 -95.033447 1.043162  -0.055493 0.996801 0.057522  0.899442 0.979492 1 1 1.000000
0  1.816485 -94.847000 -1.868887  -0.055548 0.996802 0.057440  0.893582 0.965819 1 1 1.000000
0  -13.788153 -95.230980 -2.871878  -0.027675 0.997883 0.058852  0.680685 0.965819 1 1 1.000000
misc
0  -13.788153 -95.230980 -2.871878  -0.027675 0.997883 0.058852  0.680685 0.965819 1 1 1.000000
0  -13.967440 -95.403732 0.053896  -0.027687 0.997872 0.059026  0.685568 0.979492 1 1 1.000000
0  1.638793 -95.033447 1.043162  -0.055493 0.996801 0.057522  0.899442 0.979492 1 1 1.000000
end
