version 1
nodes
0 "blender_implicit" -1
1 "root" -1
2 "steering_wheel" 1
end
skeleton
time 0
0  0.000000 0.000000 0.000000  0.000000 -0.000000 0.000000
1  0.000000 0.000000 0.000000  1.570796 -0.000000 0.000000
2  0.000004 24.183062 22.214848  0.000000 -0.000002 -0.000002
end
triangles
grill_1
0  10.749563 66.640068 34.636677  0.073464 -0.012082 0.997225  1.982482 -0.064486 1 1 1.000000
0  12.772848 66.653267 34.485847  0.076479 -0.012325 0.996995  1.982482 0.382794 1 1 1.000000
0  12.772847 81.075317 34.669937  0.050558 -0.008826 0.998682  -1.207068 0.383770 1 1 1.000000
grill_1
0  -12.800384 81.075317 34.669937  -0.049827 -0.009285 0.998715  -1.207068 0.383770 1 1 1.000000
0  -12.800383 66.653267 34.485847  -0.075636 -0.012498 0.997057  1.982482 0.382794 1 1 1.000000
0  -10.777097 66.640068 34.636677  -0.073466 -0.012090 0.997224  1.982482 -0.064486 1 1 1.000000
grill_1
0  -10.777097 66.640068 34.636677  -0.073466 -0.012090 0.997224  1.982482 -0.064486 1 1 1.000000
0  -10.777098 81.066925 34.765919  -0.048174 -0.008436 0.998803  -1.207068 -0.063509 1 1 1.000000
0  -12.800384 81.075317 34.669937  -0.049827 -0.009285 0.998715  -1.207068 0.383770 1 1 1.000000
grill_1
0  15.855949 79.745300 34.553574  0.053342 -0.018853 0.998398  -0.678732 1.066408 1 1 1.000000
0  13.832664 79.736900 34.649555  0.049743 -0.018341 0.998594  -0.678732 0.619129 1 1 1.000000
0  13.832664 65.983803 34.399647  0.081002 -0.022872 0.996451  1.901425 0.618152 1 1 1.000000
grill_1
0  13.832664 65.983803 34.399647  0.081002 -0.022872 0.996451  1.901425 0.618152 1 1 1.000000
0  15.855950 65.999397 34.221397  0.084212 -0.023349 0.996174  1.901425 1.065432 1 1 1.000000
0  15.855949 79.745300 34.553574  0.053342 -0.018853 0.998398  -0.678732 1.066408 1 1 1.000000
grill_1
0  -15.883486 79.745300 34.553574  -0.053295 -0.018845 0.998401  -0.678732 1.066408 1 1 1.000000
0  -15.883485 65.999397 34.221397  -0.084168 -0.023330 0.996179  1.901425 1.065432 1 1 1.000000
0  -13.860199 65.983803 34.399647  -0.081146 -0.022889 0.996439  1.901425 0.618152 1 1 1.000000
grill_1
0  -13.860199 65.983803 34.399647  -0.081146 -0.022889 0.996439  1.901425 0.618152 1 1 1.000000
0  -13.860200 79.736900 34.649555  -0.049743 -0.018339 0.998594  -0.678732 0.619129 1 1 1.000000
0  -15.883486 79.745300 34.553574  -0.053295 -0.018845 0.998401  -0.678732 1.066408 1 1 1.000000
grill_1
0  12.772847 81.075317 34.669937  0.050558 -0.008826 0.998682  -1.207068 0.383770 1 1 1.000000
0  10.749562 81.066925 34.765919  0.047691 -0.008750 0.998824  -1.207068 -0.063509 1 1 1.000000
0  10.749563 66.640068 34.636677  0.073464 -0.012082 0.997225  1.982482 -0.064486 1 1 1.000000
misc
0  9.662219 75.625351 34.110229  0.000000 -0.547804 0.836606  0.983428 0.455061 1 1 1.000000
0  9.662219 76.513344 34.699127  0.000000 -0.547717 0.836664  0.983428 0.483383 1 1 1.000000
0  -9.689753 76.513344 34.699127  -0.000000 -0.547711 0.836668  0.983428 0.483383 1 1 1.000000
misc
0  -9.689753 76.513344 34.699127  -0.000000 -0.547711 0.836668  0.983428 0.483383 1 1 1.000000
0  -9.689753 75.625351 34.110229  0.000000 -0.547764 0.836633  0.983428 0.455061 1 1 1.000000
0  9.662219 75.625351 34.110229  0.000000 -0.547804 0.836606  0.983428 0.455061 1 1 1.000000
misc
0  9.662219 77.029587 34.799557  -0.000031 0.960327 0.278877  0.984405 0.492172 1 1 1.000000
0  -9.689753 77.029587 34.799557  0.000000 0.960333 0.278855  0.984405 0.492172 1 1 1.000000
0  -9.689753 76.630745 34.778477  0.000000 -0.320478 0.947256  0.983428 0.492172 1 1 1.000000
misc
0  -9.689753 76.630745 34.778477  0.000000 -0.320478 0.947256  0.983428 0.492172 1 1 1.000000
0  9.662219 76.630745 34.778477  0.000000 -0.320083 0.947389  0.983428 0.492172 1 1 1.000000
0  9.662219 77.029587 34.799557  -0.000031 0.960327 0.278877  0.984405 0.492172 1 1 1.000000
misc
0  9.662219 75.894783 34.189064  -0.000028 0.472672 -0.881239  0.985382 0.456038 1 1 1.000000
0  -9.689753 75.894783 34.189064  -0.000028 0.472664 -0.881243  0.985382 0.456038 1 1 1.000000
0  -9.689753 77.029587 34.799557  0.000000 0.960333 0.278855  0.984405 0.492172 1 1 1.000000
misc
0  -9.689753 77.029587 34.799557  0.000000 0.960333 0.278855  0.984405 0.492172 1 1 1.000000
0  9.662219 77.029587 34.799557  -0.000031 0.960327 0.278877  0.984405 0.492172 1 1 1.000000
0  9.662219 75.894783 34.189064  -0.000028 0.472672 -0.881239  0.985382 0.456038 1 1 1.000000
misc
0  9.662218 77.089561 34.113979  -0.000000 -0.547682 0.836687  0.983428 0.455061 1 1 1.000000
0  9.662218 77.978752 34.689171  0.000000 -0.547745 0.836646  0.983428 0.483383 1 1 1.000000
0  -9.689754 77.978752 34.689171  0.000002 -0.547759 0.836636  0.983428 0.483383 1 1 1.000000
misc
0  -9.689754 77.978752 34.689171  0.000002 -0.547759 0.836636  0.983428 0.483383 1 1 1.000000
0  -9.689754 77.089561 34.113979  0.000000 -0.547722 0.836660  0.983428 0.455061 1 1 1.000000
0  9.662218 77.089561 34.113979  -0.000000 -0.547682 0.836687  0.983428 0.455061 1 1 1.000000
misc
0  9.662218 78.494995 34.789600  -0.000027 0.960328 0.278873  0.984405 0.492172 1 1 1.000000
0  -9.689754 78.494995 34.789600  0.000000 0.960335 0.278850  0.984405 0.492172 1 1 1.000000
0  -9.689754 78.096161 34.768524  0.000000 -0.320385 0.947287  0.983428 0.492172 1 1 1.000000
misc
0  -9.689754 78.096161 34.768524  0.000000 -0.320385 0.947287  0.983428 0.492172 1 1 1.000000
0  9.662218 78.096161 34.768524  -0.000001 -0.320511 0.947245  0.983428 0.492172 1 1 1.000000
0  9.662218 78.494995 34.789600  -0.000027 0.960328 0.278873  0.984405 0.492172 1 1 1.000000
misc
0  9.662218 77.360191 34.179108  -0.000017 0.473094 -0.881012  0.985382 0.456038 1 1 1.000000
0  -9.689754 77.360191 34.179108  -0.000030 0.472579 -0.881288  0.985382 0.456038 1 1 1.000000
0  -9.689754 78.494995 34.789600  0.000000 0.960335 0.278850  0.984405 0.492172 1 1 1.000000
misc
0  -9.689754 78.494995 34.789600  0.000000 0.960335 0.278850  0.984405 0.492172 1 1 1.000000
0  9.662218 78.494995 34.789600  -0.000027 0.960328 0.278873  0.984405 0.492172 1 1 1.000000
0  9.662218 77.360191 34.179108  -0.000017 0.473094 -0.881012  0.985382 0.456038 1 1 1.000000
misc
0  9.662218 78.553780 34.117733  0.000000 -0.547804 0.836606  0.983428 0.455061 1 1 1.000000
0  9.662218 79.441765 34.706631  0.000000 -0.547736 0.836652  0.983428 0.483383 1 1 1.000000
0  -9.689754 79.441765 34.706631  -0.000000 -0.547750 0.836642  0.983428 0.483383 1 1 1.000000
misc
0  -9.689754 79.441765 34.706631  -0.000000 -0.547750 0.836642  0.983428 0.483383 1 1 1.000000
0  -9.689754 78.553780 34.117733  0.000000 -0.547965 0.836501  0.983428 0.455061 1 1 1.000000
0  9.662218 78.553780 34.117733  0.000000 -0.547804 0.836606  0.983428 0.455061 1 1 1.000000
misc
0  9.662218 79.958000 34.807060  -0.000030 0.960330 0.278866  0.984405 0.492172 1 1 1.000000
0  -9.689754 79.958000 34.807060  0.000000 0.960336 0.278845  0.984405 0.492172 1 1 1.000000
0  -9.689754 79.559166 34.785988  0.000000 -0.320464 0.947261  0.983428 0.492172 1 1 1.000000
misc
0  -9.689754 79.559166 34.785988  0.000000 -0.320464 0.947261  0.983428 0.492172 1 1 1.000000
0  9.662218 79.559166 34.785988  -0.000001 -0.320491 0.947252  0.983428 0.492172 1 1 1.000000
0  9.662218 79.958000 34.807060  -0.000030 0.960330 0.278866  0.984405 0.492172 1 1 1.000000
misc
0  9.662218 78.823204 34.196575  -0.000011 0.473343 -0.880878  0.985382 0.456038 1 1 1.000000
0  -9.689754 78.823204 34.196575  -0.000029 0.472621 -0.881266  0.985382 0.456038 1 1 1.000000
0  -9.689754 79.958000 34.807060  0.000000 0.960336 0.278845  0.984405 0.492172 1 1 1.000000
misc
0  -9.689754 79.958000 34.807060  0.000000 0.960336 0.278845  0.984405 0.492172 1 1 1.000000
0  9.662218 79.958000 34.807060  -0.000030 0.960330 0.278866  0.984405 0.492172 1 1 1.000000
0  9.662218 78.823204 34.196575  -0.000011 0.473343 -0.880878  0.985382 0.456038 1 1 1.000000
misc
0  9.662218 80.017982 34.121487  0.000000 -0.547761 0.836635  0.983428 0.455061 1 1 1.000000
0  9.662218 80.905983 34.710388  0.000000 -0.547744 0.836646  0.983428 0.483383 1 1 1.000000
0  -9.689754 80.905983 34.710388  -0.000005 -0.547718 0.836663  0.983428 0.483383 1 1 1.000000
misc
0  -9.689754 80.905983 34.710388  -0.000005 -0.547718 0.836663  0.983428 0.483383 1 1 1.000000
0  -9.689754 80.017982 34.121487  0.000000 -0.547721 0.836661  0.983428 0.455061 1 1 1.000000
0  9.662218 80.017982 34.121487  0.000000 -0.547761 0.836635  0.983428 0.455061 1 1 1.000000
misc
0  9.662218 81.422218 34.810818  -0.000031 0.960329 0.278868  0.984405 0.492172 1 1 1.000000
0  -9.689754 81.422218 34.810818  0.000000 0.960334 0.278854  0.984405 0.492172 1 1 1.000000
0  -9.689754 81.023392 34.789742  0.000000 -0.320484 0.947254  0.983428 0.492172 1 1 1.000000
misc
0  -9.689754 81.023392 34.789742  0.000000 -0.320484 0.947254  0.983428 0.492172 1 1 1.000000
0  9.662218 81.023392 34.789742  0.000000 -0.320362 0.947295  0.983428 0.492172 1 1 1.000000
0  9.662218 81.422218 34.810818  -0.000031 0.960329 0.278868  0.984405 0.492172 1 1 1.000000
misc
0  9.662218 80.287415 34.200329  -0.000024 0.472831 -0.881153  0.985382 0.456038 1 1 1.000000
0  -9.689754 80.287415 34.200329  -0.000030 0.472585 -0.881285  0.985382 0.456038 1 1 1.000000
0  -9.689754 81.422218 34.810818  0.000000 0.960334 0.278854  0.984405 0.492172 1 1 1.000000
misc
0  -9.689754 81.422218 34.810818  0.000000 0.960334 0.278854  0.984405 0.492172 1 1 1.000000
0  9.662218 81.422218 34.810818  -0.000031 0.960329 0.278868  0.984405 0.492172 1 1 1.000000
0  9.662218 80.287415 34.200329  -0.000024 0.472831 -0.881153  0.985382 0.456038 1 1 1.000000
misc
0  9.662218 82.945213 34.142708  -0.000000 -0.547714 0.836665  0.983428 0.455061 1 1 1.000000
0  9.662218 83.834404 34.717896  0.000000 -0.547766 0.836632  0.983428 0.483383 1 1 1.000000
0  -9.689754 83.834404 34.717896  -0.000035 -0.547729 0.836656  0.983428 0.483383 1 1 1.000000
misc
0  -9.689754 83.834404 34.717896  -0.000035 -0.547729 0.836656  0.983428 0.483383 1 1 1.000000
0  -9.689754 82.945213 34.142708  0.000000 -0.547720 0.836662  0.983428 0.455061 1 1 1.000000
0  9.662218 82.945213 34.142708  -0.000000 -0.547714 0.836665  0.983428 0.455061 1 1 1.000000
misc
0  9.662218 84.349442 34.832039  0.000000 0.960325 0.278885  0.984405 0.492172 1 1 1.000000
0  -9.689754 84.349442 34.832039  -0.000030 0.960314 0.278920  0.984405 0.492172 1 1 1.000000
0  -9.689754 83.938095 34.796047  -0.000042 -0.320554 0.947230  0.983428 0.492172 1 1 1.000000
misc
0  -9.689754 83.938095 34.796047  -0.000042 -0.320554 0.947230  0.983428 0.492172 1 1 1.000000
0  9.662218 83.938095 34.796047  0.000000 -0.320632 0.947204  0.983428 0.492172 1 1 1.000000
0  9.662218 84.349442 34.832039  0.000000 0.960325 0.278885  0.984405 0.492172 1 1 1.000000
misc
0  9.662218 83.200928 34.220352  -0.000027 0.472405 -0.881381  0.985382 0.456038 1 1 1.000000
0  -9.689754 83.200928 34.220352  0.000000 0.472359 -0.881406  0.985382 0.456038 1 1 1.000000
0  -9.689754 84.349442 34.832039  -0.000030 0.960314 0.278920  0.984405 0.492172 1 1 1.000000
misc
0  -9.689754 84.349442 34.832039  -0.000030 0.960314 0.278920  0.984405 0.492172 1 1 1.000000
0  9.662218 84.349442 34.832039  0.000000 0.960325 0.278885  0.984405 0.492172 1 1 1.000000
0  9.662218 83.200928 34.220352  -0.000027 0.472405 -0.881381  0.985382 0.456038 1 1 1.000000
misc
0  9.662218 81.480995 34.138958  -0.000000 -0.547717 0.836664  0.983428 0.455061 1 1 1.000000
0  9.662218 82.370193 34.714142  0.000000 -0.547763 0.836634  0.983428 0.483383 1 1 1.000000
0  -9.689754 82.370193 34.714142  0.000000 -0.547733 0.836653  0.983428 0.483383 1 1 1.000000
misc
0  -9.689754 82.370193 34.714142  0.000000 -0.547733 0.836653  0.983428 0.483383 1 1 1.000000
0  -9.689754 81.480995 34.138958  0.000000 -0.547712 0.836667  0.983428 0.455061 1 1 1.000000
0  9.662218 81.480995 34.138958  -0.000000 -0.547717 0.836664  0.983428 0.455061 1 1 1.000000
misc
0  9.662218 82.885231 34.828281  0.000000 0.960321 0.278899  0.984405 0.492172 1 1 1.000000
0  -9.689754 82.885231 34.828281  -0.000033 0.960332 0.278860  0.984405 0.492172 1 1 1.000000
0  -9.689754 82.487602 34.793495  -0.000000 -0.320614 0.947210  0.983428 0.492172 1 1 1.000000
misc
0  -9.689754 82.487602 34.793495  -0.000000 -0.320614 0.947210  0.983428 0.492172 1 1 1.000000
0  9.662218 82.487602 34.793495  0.000000 -0.320645 0.947199  0.983428 0.492172 1 1 1.000000
0  9.662218 82.885231 34.828281  0.000000 0.960321 0.278899  0.984405 0.492172 1 1 1.000000
misc
0  9.662218 81.750435 34.217793  -0.000020 0.473007 -0.881059  0.985382 0.456038 1 1 1.000000
0  -9.689754 81.750435 34.217793  -0.000031 0.472539 -0.881310  0.985382 0.456038 1 1 1.000000
0  -9.689754 82.885231 34.828281  -0.000033 0.960332 0.278860  0.984405 0.492172 1 1 1.000000
misc
0  -9.689754 82.885231 34.828281  -0.000033 0.960332 0.278860  0.984405 0.492172 1 1 1.000000
0  9.662218 82.885231 34.828281  0.000000 0.960321 0.278899  0.984405 0.492172 1 1 1.000000
0  9.662218 81.750435 34.217793  -0.000020 0.473007 -0.881059  0.985382 0.456038 1 1 1.000000
misc
0  9.662219 76.630745 34.778477  0.000000 -0.320083 0.947389  0.983428 0.492172 1 1 1.000000
0  -9.689753 76.630745 34.778477  0.000000 -0.320478 0.947256  0.983428 0.492172 1 1 1.000000
0  -9.689753 76.513344 34.699127  -0.000000 -0.547711 0.836668  0.983428 0.483383 1 1 1.000000
misc
0  -9.689753 76.513344 34.699127  -0.000000 -0.547711 0.836668  0.983428 0.483383 1 1 1.000000
0  9.662219 76.513344 34.699127  0.000000 -0.547717 0.836664  0.983428 0.483383 1 1 1.000000
0  9.662219 76.630745 34.778477  0.000000 -0.320083 0.947389  0.983428 0.492172 1 1 1.000000
misc
0  9.662218 78.096161 34.768524  -0.000001 -0.320511 0.947245  0.983428 0.492172 1 1 1.000000
0  -9.689754 78.096161 34.768524  0.000000 -0.320385 0.947287  0.983428 0.492172 1 1 1.000000
0  -9.689754 77.978752 34.689171  0.000002 -0.547759 0.836636  0.983428 0.483383 1 1 1.000000
misc
0  -9.689754 77.978752 34.689171  0.000002 -0.547759 0.836636  0.983428 0.483383 1 1 1.000000
0  9.662218 77.978752 34.689171  0.000000 -0.547745 0.836646  0.983428 0.483383 1 1 1.000000
0  9.662218 78.096161 34.768524  -0.000001 -0.320511 0.947245  0.983428 0.492172 1 1 1.000000
misc
0  9.662218 79.559166 34.785988  -0.000001 -0.320491 0.947252  0.983428 0.492172 1 1 1.000000
0  -9.689754 79.559166 34.785988  0.000000 -0.320464 0.947261  0.983428 0.492172 1 1 1.000000
0  -9.689754 79.441765 34.706631  -0.000000 -0.547750 0.836642  0.983428 0.483383 1 1 1.000000
misc
0  -9.689754 79.441765 34.706631  -0.000000 -0.547750 0.836642  0.983428 0.483383 1 1 1.000000
0  9.662218 79.441765 34.706631  0.000000 -0.547736 0.836652  0.983428 0.483383 1 1 1.000000
0  9.662218 79.559166 34.785988  -0.000001 -0.320491 0.947252  0.983428 0.492172 1 1 1.000000
misc
0  9.662218 81.023392 34.789742  0.000000 -0.320362 0.947295  0.983428 0.492172 1 1 1.000000
0  -9.689754 81.023392 34.789742  0.000000 -0.320484 0.947254  0.983428 0.492172 1 1 1.000000
0  -9.689754 80.905983 34.710388  -0.000005 -0.547718 0.836663  0.983428 0.483383 1 1 1.000000
misc
0  -9.689754 80.905983 34.710388  -0.000005 -0.547718 0.836663  0.983428 0.483383 1 1 1.000000
0  9.662218 80.905983 34.710388  0.000000 -0.547744 0.836646  0.983428 0.483383 1 1 1.000000
0  9.662218 81.023392 34.789742  0.000000 -0.320362 0.947295  0.983428 0.492172 1 1 1.000000
misc
0  9.662218 83.938095 34.796047  0.000000 -0.320632 0.947204  0.983428 0.492172 1 1 1.000000
0  -9.689754 83.938095 34.796047  -0.000042 -0.320554 0.947230  0.983428 0.492172 1 1 1.000000
0  -9.689754 83.834404 34.717896  -0.000035 -0.547729 0.836656  0.983428 0.483383 1 1 1.000000
misc
0  -9.689754 83.834404 34.717896  -0.000035 -0.547729 0.836656  0.983428 0.483383 1 1 1.000000
0  9.662218 83.834404 34.717896  0.000000 -0.547766 0.836632  0.983428 0.483383 1 1 1.000000
0  9.662218 83.938095 34.796047  0.000000 -0.320632 0.947204  0.983428 0.492172 1 1 1.000000
misc
0  9.662218 82.487602 34.793495  0.000000 -0.320645 0.947199  0.983428 0.492172 1 1 1.000000
0  -9.689754 82.487602 34.793495  -0.000000 -0.320614 0.947210  0.983428 0.492172 1 1 1.000000
0  -9.689754 82.370193 34.714142  0.000000 -0.547733 0.836653  0.983428 0.483383 1 1 1.000000
misc
0  -9.689754 82.370193 34.714142  0.000000 -0.547733 0.836653  0.983428 0.483383 1 1 1.000000
0  9.662218 82.370193 34.714142  0.000000 -0.547763 0.836634  0.983428 0.483383 1 1 1.000000
0  9.662218 82.487602 34.793495  0.000000 -0.320645 0.947199  0.983428 0.492172 1 1 1.000000
misc
0  -0.013768 87.671227 35.081207  0.001161 0.174526 -0.984652  0.959014 0.272439 1 1 1.000000
0  14.176761 87.674820 35.040070  0.015824 0.138174 -0.990281  0.967803 0.272439 1 1 1.000000
0  9.565871 84.623840 34.538265  0.007446 0.109971 -0.993907  0.964873 0.275369 1 1 1.000000
misc
0  9.565871 84.623840 34.538265  0.007446 0.109971 -0.993907  0.964873 0.275369 1 1 1.000000
0  -0.013768 84.623840 34.538265  0.001251 0.174510 -0.984655  0.959014 0.275369 1 1 1.000000
0  -0.013768 87.671227 35.081207  0.001161 0.174526 -0.984652  0.959014 0.272439 1 1 1.000000
misc
0  14.176761 87.674820 35.040070  0.015824 0.138174 -0.990281  0.967803 0.272439 1 1 1.000000
0  15.181521 87.194916 34.998085  0.025339 0.122101 -0.992194  0.968780 0.273415 1 1 1.000000
0  9.565871 84.623840 34.538265  0.007446 0.109971 -0.993907  0.964873 0.275369 1 1 1.000000
misc
0  15.828423 81.980957 34.583374  0.002136 0.031816 -0.999491  0.968780 0.278298 1 1 1.000000
0  9.565872 75.891014 34.547962  0.056948 0.108974 -0.992412  0.964873 0.284158 1 1 1.000000
0  9.565871 84.623840 34.538265  0.007430 0.109405 -0.993970  0.964873 0.275369 1 1 1.000000
misc
0  9.565871 84.623840 34.538265  0.007446 0.109971 -0.993907  0.964873 0.275369 1 1 1.000000
0  15.745839 86.236313 34.900402  0.032933 0.096039 -0.994833  0.968780 0.274392 1 1 1.000000
0  15.828423 81.980957 34.583374  0.002124 0.031809 -0.999492  0.968780 0.278298 1 1 1.000000
misc
0  15.181521 87.194916 34.998085  0.025339 0.122101 -0.992194  0.968780 0.273415 1 1 1.000000
0  15.745839 86.236313 34.900402  0.032933 0.096039 -0.994833  0.968780 0.274392 1 1 1.000000
0  9.565871 84.623840 34.538265  0.007446 0.109971 -0.993907  0.964873 0.275369 1 1 1.000000
misc
0  13.584917 64.670418 34.409092  -0.081225 -0.050300 -0.995426  0.967803 0.294900 1 1 1.000000
0  9.538345 65.733223 34.736950  -0.130233 -0.189930 -0.973122  0.964873 0.293924 1 1 1.000000
0  7.322364 73.367928 33.539684  0.123938 0.211850 -0.969411  0.963897 0.287088 1 1 1.000000
misc
0  7.322364 73.367928 33.539684  0.123938 0.211850 -0.969411  0.963897 0.287088 1 1 1.000000
0  9.565872 75.891014 34.547962  0.056948 0.108974 -0.992412  0.964873 0.284158 1 1 1.000000
0  13.584917 64.670418 34.409092  -0.081225 -0.050300 -0.995426  0.967803 0.294900 1 1 1.000000
misc
0  7.570115 66.985947 35.578827  -0.420280 -0.289358 -0.860021  0.963897 0.292947 1 1 1.000000
0  4.280555 67.840515 36.233879  -0.148992 -0.306896 -0.940009  0.961943 0.291971 1 1 1.000000
0  4.294317 74.610703 34.021458  -0.132448 -0.308827 -0.941851  0.961943 0.285134 1 1 1.000000
misc
0  4.294317 74.610703 34.021458  -0.132448 -0.308827 -0.941851  0.961943 0.285134 1 1 1.000000
0  7.322364 73.367928 33.539684  -0.300408 -0.299606 -0.905534  0.963897 0.287088 1 1 1.000000
0  7.570115 66.985947 35.578827  -0.420280 -0.289358 -0.860021  0.963897 0.292947 1 1 1.000000
misc
0  4.280555 67.840515 36.233879  -0.148992 -0.306896 -0.940009  0.961943 0.291971 1 1 1.000000
0  -0.013766 67.859543 36.332256  -0.000013 -0.310610 -0.950538  0.959014 0.291971 1 1 1.000000
0  -0.013767 74.629723 34.119835  -0.000013 -0.310610 -0.950538  0.959014 0.285134 1 1 1.000000
misc
0  -0.013767 74.629723 34.119835  -0.000013 -0.310610 -0.950538  0.959014 0.285134 1 1 1.000000
0  4.294317 74.610703 34.021458  -0.132448 -0.308827 -0.941851  0.961943 0.285134 1 1 1.000000
0  4.280555 67.840515 36.233879  -0.148992 -0.306896 -0.940009  0.961943 0.291971 1 1 1.000000
misc
0  9.538345 65.733223 34.736950  -0.520508 -0.277115 -0.807638  0.964873 0.293924 1 1 1.000000
0  7.570115 66.985947 35.578827  -0.420280 -0.289358 -0.860021  0.963897 0.292947 1 1 1.000000
0  7.322364 73.367928 33.539684  -0.300408 -0.299606 -0.905534  0.963897 0.287088 1 1 1.000000
misc
0  17.067171 63.153919 34.055351  -0.074406 0.022935 -0.996964  0.969756 0.296854 1 1 1.000000
0  13.584917 64.670418 34.409092  -0.081225 -0.050300 -0.995426  0.967803 0.294900 1 1 1.000000
0  9.565872 75.891014 34.547962  0.056948 0.108974 -0.992412  0.964873 0.284158 1 1 1.000000
misc
0  -14.204295 87.674820 35.040070  -0.016296 0.138949 -0.990165  0.967803 0.272439 1 1 1.000000
0  -0.013768 87.671227 35.081207  0.001161 0.174526 -0.984652  0.959014 0.272439 1 1 1.000000
0  -0.013768 84.623840 34.538265  0.001251 0.174510 -0.984655  0.959014 0.275369 1 1 1.000000
misc
0  -0.013768 84.623840 34.538265  0.001251 0.174510 -0.984655  0.959014 0.275369 1 1 1.000000
0  -9.593407 84.623840 34.538265  -0.008787 0.106702 -0.994252  0.964873 0.275369 1 1 1.000000
0  -14.204295 87.674820 35.040070  -0.016296 0.138949 -0.990165  0.967803 0.272439 1 1 1.000000
misc
0  -15.209056 87.194916 34.998085  -0.025340 0.122103 -0.992194  0.968780 0.273415 1 1 1.000000
0  -14.204295 87.674820 35.040070  -0.016296 0.138949 -0.990165  0.967803 0.272439 1 1 1.000000
0  -9.593407 84.623840 34.538265  -0.008787 0.106702 -0.994252  0.964873 0.275369 1 1 1.000000
misc
0  -15.773376 86.236313 34.900402  -0.033261 0.095955 -0.994830  0.968780 0.274392 1 1 1.000000
0  -15.209056 87.194916 34.998085  -0.025340 0.122103 -0.992194  0.968780 0.273415 1 1 1.000000
0  -9.593407 84.623840 34.538265  -0.008787 0.106702 -0.994252  0.964873 0.275369 1 1 1.000000
misc
0  -9.565877 65.733223 34.736950  0.012348 -0.019028 -0.999743  0.964873 0.293924 1 1 1.000000
0  -13.612448 64.670418 34.409092  0.105044 -0.025321 -0.994145  0.967803 0.294900 1 1 1.000000
0  -9.593406 75.891014 34.547962  -0.052922 0.077202 -0.995610  0.964873 0.284158 1 1 1.000000
misc
0  -9.593406 75.891014 34.547962  -0.052922 0.077202 -0.995610  0.964873 0.284158 1 1 1.000000
0  -7.349898 73.367928 33.539684  -0.234726 0.170284 -0.957030  0.962920 0.287088 1 1 1.000000
0  -9.565877 65.733223 34.736950  0.012348 -0.019028 -0.999743  0.964873 0.293924 1 1 1.000000
misc
0  -4.308087 67.840515 36.233879  0.150889 -0.307870 -0.939388  0.961943 0.291971 1 1 1.000000
0  -7.597647 66.985947 35.578827  0.419590 -0.289994 -0.860144  0.963897 0.292947 1 1 1.000000
0  -7.349898 73.367928 33.539684  0.299244 -0.298198 -0.906383  0.962920 0.287088 1 1 1.000000
misc
0  -7.349898 73.367928 33.539684  0.299244 -0.298198 -0.906383  0.962920 0.287088 1 1 1.000000
0  -4.321852 74.610703 34.021458  0.133234 -0.307625 -0.942134  0.961943 0.285134 1 1 1.000000
0  -4.308087 67.840515 36.233879  0.150889 -0.307870 -0.939388  0.961943 0.291971 1 1 1.000000
misc
0  -0.013766 67.859543 36.332256  -0.000013 -0.310610 -0.950538  0.959014 0.291971 1 1 1.000000
0  -4.308087 67.840515 36.233879  0.150889 -0.307870 -0.939388  0.961943 0.291971 1 1 1.000000
0  -4.321852 74.610703 34.021458  0.133234 -0.307625 -0.942134  0.961943 0.285134 1 1 1.000000
misc
0  -4.321852 74.610703 34.021458  0.133234 -0.307625 -0.942134  0.961943 0.285134 1 1 1.000000
0  -0.013767 74.629723 34.119835  -0.000013 -0.310610 -0.950538  0.959014 0.285134 1 1 1.000000
0  -0.013766 67.859543 36.332256  -0.000013 -0.310610 -0.950538  0.959014 0.291971 1 1 1.000000
misc
0  -7.597647 66.985947 35.578827  0.419590 -0.289994 -0.860144  0.963897 0.292947 1 1 1.000000
0  -9.565877 65.733223 34.736950  0.520442 -0.277074 -0.807694  0.964873 0.293924 1 1 1.000000
0  -7.349898 73.367928 33.539684  0.299244 -0.298198 -0.906383  0.962920 0.287088 1 1 1.000000
misc
0  -13.612448 64.670418 34.409092  0.105044 -0.025321 -0.994145  0.967803 0.294900 1 1 1.000000
0  -17.094704 63.153919 34.055351  0.075151 0.023105 -0.996905  0.969756 0.296854 1 1 1.000000
0  -9.593406 75.891014 34.547962  -0.052922 0.077202 -0.995610  0.964873 0.284158 1 1 1.000000
misc
0  -17.094704 63.153919 34.055351  0.075151 0.023105 -0.996905  0.969756 0.296854 1 1 1.000000
0  -15.855957 81.980957 34.583374  -0.002128 0.031806 -0.999492  0.968780 0.278298 1 1 1.000000
0  -9.593406 75.891014 34.547962  -0.052922 0.077202 -0.995610  0.964873 0.284158 1 1 1.000000
misc
0  -15.855957 81.980957 34.583374  -0.002128 0.031806 -0.999492  0.968780 0.278298 1 1 1.000000
0  -15.773376 86.236313 34.900402  -0.033261 0.095955 -0.994830  0.968780 0.274392 1 1 1.000000
0  -9.593407 84.623840 34.538265  -0.008787 0.106702 -0.994252  0.964873 0.275369 1 1 1.000000
misc
0  -9.593407 84.623840 34.538265  -0.008787 0.106702 -0.994252  0.964873 0.275369 1 1 1.000000
0  -9.593406 75.891014 34.547962  -0.052922 0.077202 -0.995610  0.964873 0.284158 1 1 1.000000
0  -15.855957 81.980957 34.583374  -0.002128 0.031806 -0.999492  0.968780 0.278298 1 1 1.000000
misc
0  15.828423 81.980957 34.583374  0.002136 0.031816 -0.999491  0.968780 0.278298 1 1 1.000000
0  17.067171 63.153919 34.055351  -0.074406 0.022935 -0.996964  0.969756 0.296854 1 1 1.000000
0  9.565872 75.891014 34.547962  0.056948 0.108974 -0.992412  0.964873 0.284158 1 1 1.000000
misc
0  9.565872 75.891014 34.547962  0.056948 0.108974 -0.992412  0.964873 0.284158 1 1 1.000000
0  7.322364 73.367928 33.539684  0.123938 0.211850 -0.969411  0.963897 0.287088 1 1 1.000000
0  4.294317 74.610703 34.021458  -0.014235 0.429771 -0.902826  0.961943 0.285134 1 1 1.000000
misc
0  4.294317 74.610703 34.021458  -0.014235 0.429771 -0.902826  0.961943 0.285134 1 1 1.000000
0  -0.013767 75.715683 34.656971  -0.000030 0.439750 -0.898120  0.959014 0.284158 1 1 1.000000
0  9.565872 75.891014 34.547962  0.056948 0.108974 -0.992412  0.964873 0.284158 1 1 1.000000
misc
0  4.294317 74.610703 34.021458  -0.014235 0.429771 -0.902826  0.961943 0.285134 1 1 1.000000
0  -0.013767 74.629723 34.119835  -0.000030 0.438354 -0.898803  0.959014 0.285134 1 1 1.000000
0  -0.013767 75.715683 34.656971  -0.000030 0.439750 -0.898120  0.959014 0.284158 1 1 1.000000
misc
0  -4.321852 74.610703 34.021458  0.014235 0.429772 -0.902825  0.961943 0.285134 1 1 1.000000
0  -7.349898 73.367928 33.539684  -0.234726 0.170284 -0.957030  0.962920 0.287088 1 1 1.000000
0  -9.593406 75.891014 34.547962  -0.052922 0.077202 -0.995610  0.964873 0.284158 1 1 1.000000
misc
0  -9.593406 75.891014 34.547962  -0.052922 0.077202 -0.995610  0.964873 0.284158 1 1 1.000000
0  -0.013767 75.715683 34.656971  -0.000030 0.439750 -0.898120  0.959014 0.284158 1 1 1.000000
0  -4.321852 74.610703 34.021458  0.014235 0.429772 -0.902825  0.961943 0.285134 1 1 1.000000
misc
0  -0.013767 74.629723 34.119835  -0.000030 0.438354 -0.898803  0.959014 0.285134 1 1 1.000000
0  -4.321852 74.610703 34.021458  0.014235 0.429772 -0.902825  0.961943 0.285134 1 1 1.000000
0  -0.013767 75.715683 34.656971  -0.000030 0.439750 -0.898120  0.959014 0.284158 1 1 1.000000
misc
0  20.480602 81.505852 34.486538  -0.025115 0.028150 -0.999288  0.971709 0.279275 1 1 1.000000
0  20.384256 61.401932 33.708641  -0.081889 0.038553 -0.995895  0.971709 0.297830 1 1 1.000000
0  17.067171 63.153919 34.055351  -0.074406 0.022935 -0.996964  0.969756 0.296854 1 1 1.000000
misc
0  17.067171 63.153919 34.055351  -0.074406 0.022935 -0.996964  0.969756 0.296854 1 1 1.000000
0  15.828423 81.980957 34.583374  0.002136 0.031816 -0.999491  0.968780 0.278298 1 1 1.000000
0  20.480602 81.505852 34.486538  -0.025115 0.028150 -0.999288  0.971709 0.279275 1 1 1.000000
misc
0  -17.094704 63.153919 34.055351  0.075151 0.023105 -0.996905  0.969756 0.296854 1 1 1.000000
0  -20.411791 61.401932 33.708641  0.081936 0.038563 -0.995891  0.971709 0.297830 1 1 1.000000
0  -20.508139 81.505852 34.486538  0.025116 0.028150 -0.999288  0.971709 0.279275 1 1 1.000000
misc
0  -20.508139 81.505852 34.486538  0.025116 0.028150 -0.999288  0.971709 0.279275 1 1 1.000000
0  -15.855957 81.980957 34.583374  -0.002128 0.031806 -0.999492  0.968780 0.278298 1 1 1.000000
0  -17.094704 63.153919 34.055351  0.075151 0.023105 -0.996905  0.969756 0.296854 1 1 1.000000
skin_0dam
0  6.111146 70.575264 36.086273  0.101250 -0.139713 0.985002  0.464858 0.277322 1 1 1.000000
0  6.386423 71.055168 36.128262  0.250917 0.091820 0.963644  0.463881 0.276345 1 1 1.000000
0  4.225499 71.756691 36.479782  0.104406 0.202184 0.973766  0.475600 0.273415 1 1 1.000000
skin_0dam
0  4.225499 71.756691 36.479782  0.104406 0.202184 0.973766  0.475600 0.273415 1 1 1.000000
0  4.156680 71.180809 36.429398  0.085704 -0.096301 0.991656  0.476577 0.275369 1 1 1.000000
0  6.111146 70.575264 36.086273  0.101250 -0.139713 0.985002  0.464858 0.277322 1 1 1.000000
skin_0dam
0  4.156680 71.180809 36.429398  0.085704 -0.096301 0.991656  0.476577 0.275369 1 1 1.000000
0  4.225499 71.756691 36.479782  0.104406 0.202184 0.973766  0.475600 0.273415 1 1 1.000000
0  -0.013767 72.020119 36.627178  0.007024 0.243549 0.969863  0.500015 0.272439 1 1 1.000000
skin_0dam
0  -0.013767 72.020119 36.627178  0.007024 0.243549 0.969863  0.500015 0.272439 1 1 1.000000
0  -0.013767 71.444237 36.576794  0.000000 -0.087159 0.996194  0.500015 0.274392 1 1 1.000000
0  4.156680 71.180809 36.429398  0.085704 -0.096301 0.991656  0.476577 0.275369 1 1 1.000000
skin_0dam
0  6.909450 69.475433 35.865707  0.091083 -0.095386 0.991265  0.460952 0.282205 1 1 1.000000
0  7.308601 69.766983 35.849766  0.329608 0.001900 0.944116  0.458022 0.281228 1 1 1.000000
0  6.386423 71.055168 36.128262  0.250917 0.091820 0.963644  0.463881 0.276345 1 1 1.000000
skin_0dam
0  6.386423 71.055168 36.128262  0.250917 0.091820 0.963644  0.463881 0.276345 1 1 1.000000
0  6.111146 70.575264 36.086273  0.101250 -0.139713 0.985002  0.464858 0.277322 1 1 1.000000
0  6.909450 69.475433 35.865707  0.091083 -0.095386 0.991265  0.460952 0.282205 1 1 1.000000
skin_0dam
0  7.322365 67.403809 35.698280  0.182090 -0.044658 0.982267  0.458022 0.290017 1 1 1.000000
0  7.556351 67.352562 35.652348  0.279221 -0.030622 0.959738  0.457045 0.290017 1 1 1.000000
0  7.308601 69.766983 35.849766  0.329608 0.001900 0.944116  0.458022 0.281228 1 1 1.000000
skin_0dam
0  7.308601 69.766983 35.849766  0.329608 0.001900 0.944116  0.458022 0.281228 1 1 1.000000
0  6.909450 69.475433 35.865707  0.091083 -0.095386 0.991265  0.460952 0.282205 1 1 1.000000
0  7.322365 67.403809 35.698280  0.182090 -0.044658 0.982267  0.458022 0.290017 1 1 1.000000
skin_0dam
0  4.294317 74.583107 34.336819  0.128301 0.277538 0.952109  0.475600 0.263649 1 1 1.000000
0  4.294318 68.175598 36.194111  0.141670 0.277237 0.950300  0.475600 0.287088 1 1 1.000000
0  7.349893 67.385979 35.586189  0.271516 0.404064 0.873505  0.458022 0.290017 1 1 1.000000
skin_0dam
0  7.349893 67.385979 35.586189  0.271516 0.404064 0.873505  0.458022 0.290017 1 1 1.000000
0  7.322364 73.340332 33.855049  0.255749 0.270769 0.928050  0.458022 0.268532 1 1 1.000000
0  4.294317 74.583107 34.336819  0.128301 0.277538 0.952109  0.475600 0.263649 1 1 1.000000
skin_0dam
0  4.294318 68.175598 36.194111  0.141670 0.277237 0.950300  0.475600 0.287088 1 1 1.000000
0  4.294317 74.583107 34.336819  0.128301 0.277538 0.952109  0.475600 0.263649 1 1 1.000000
0  -0.013767 74.602135 34.435200  0.000545 0.279662 0.960098  0.500015 0.263649 1 1 1.000000
skin_0dam
0  -0.013767 74.602135 34.435200  0.000545 0.279662 0.960098  0.500015 0.263649 1 1 1.000000
0  -0.013766 68.193428 36.306202  -0.000028 0.280011 0.959997  0.500015 0.287088 1 1 1.000000
0  4.294318 68.175598 36.194111  0.141670 0.277237 0.950300  0.475600 0.287088 1 1 1.000000
skin_0dam
0  9.263067 75.856224 34.945595  0.184106 0.622234 0.760874  0.447279 0.258766 1 1 1.000000
0  9.263067 75.891014 34.547962  0.002002 0.996068 0.088568  0.447279 0.258766 1 1 1.000000
0  -9.290601 75.891014 34.547962  -0.002021 0.996071 0.088540  0.551775 0.258766 1 1 1.000000
skin_0dam
0  -9.290601 75.891014 34.547962  -0.002021 0.996071 0.088540  0.551775 0.258766 1 1 1.000000
0  -9.290601 75.856224 34.945595  -0.184129 0.622255 0.760852  0.551775 0.258766 1 1 1.000000
0  9.263067 75.856224 34.945595  0.184106 0.622234 0.760874  0.447279 0.258766 1 1 1.000000
skin_0dam
0  9.662218 84.680923 34.833405  -0.464311 -0.185205 0.866092  0.445326 0.225562 1 1 1.000000
0  9.923731 84.708344 34.835804  0.003495 -0.027910 0.999604  0.443373 0.225562 1 1 1.000000
0  9.441997 85.271713 34.871277  -0.007075 -0.097154 0.995244  0.446303 0.222633 1 1 1.000000
skin_0dam
0  9.441997 85.271713 34.871277  -0.007075 -0.097154 0.995244  0.446303 0.222633 1 1 1.000000
0  9.428233 84.971252 34.831173  -0.130670 -0.336796 0.932467  0.446303 0.223609 1 1 1.000000
0  9.662218 84.680923 34.833405  -0.464311 -0.185205 0.866092  0.445326 0.225562 1 1 1.000000
skin_0dam
0  20.122744 81.197006 34.542419  0.028026 -0.029347 0.999176  0.385754 0.238258 1 1 1.000000
0  20.053925 61.971813 33.827583  0.084911 -0.039944 0.995587  0.386731 0.310526 1 1 1.000000
0  20.219091 61.683872 33.802391  0.156464 -0.176940 0.971705  0.385754 0.311502 1 1 1.000000
skin_0dam
0  20.219091 61.683872 33.802391  0.156464 -0.176940 0.971705  0.385754 0.311502 1 1 1.000000
0  20.301672 81.349022 34.541901  0.171808 0.109400 0.979037  0.384777 0.238258 1 1 1.000000
0  20.122744 81.197006 34.542419  0.028026 -0.029347 0.999176  0.385754 0.238258 1 1 1.000000
skin_0dam
0  20.480602 81.505852 34.486538  0.231024 0.153057 0.960834  0.990265 0.665029 1 1 1.000000
0  20.301672 81.349022 34.541901  0.171808 0.109400 0.979037  0.021485 0.613269 1 1 1.000000
0  20.219091 61.683872 33.802391  0.156464 -0.176940 0.971705  0.021485 0.055635 1 1 1.000000
skin_0dam
0  20.219091 61.683872 33.802391  0.156464 -0.176940 0.971705  0.021485 0.055635 1 1 1.000000
0  20.384256 61.401932 33.708641  0.179791 -0.201774 0.962789  0.986358 0.340800 1 1 1.000000
0  20.480602 81.505852 34.486538  0.231024 0.153057 0.960834  0.990265 0.665029 1 1 1.000000
skin_0dam
0  9.428233 84.971252 34.831173  -0.130670 -0.336796 0.932467  0.446303 0.223609 1 1 1.000000
0  9.565871 84.623840 34.538265  -0.725085 -0.416219 0.548646  0.445326 0.225562 1 1 1.000000
0  9.662218 84.680923 34.833405  -0.464311 -0.185205 0.866092  0.445326 0.225562 1 1 1.000000
skin_0dam
0  9.662219 75.863419 34.863327  -0.313114 -0.003147 0.949710  0.445326 0.258766 1 1 1.000000
0  9.538345 65.906677 34.807396  -0.637432 -0.122721 0.760671  0.445326 0.295877 1 1 1.000000
0  9.896205 66.003860 34.802074  0.061346 -0.039211 0.997346  0.443373 0.294900 1 1 1.000000
skin_0dam
0  9.662219 75.863419 34.863327  -0.313114 -0.003147 0.949710  0.445326 0.258766 1 1 1.000000
0  9.896205 66.003860 34.802074  0.061346 -0.039211 0.997346  0.443373 0.294900 1 1 1.000000
0  9.909967 82.065460 34.880909  0.031926 0.010023 0.999440  0.443373 0.235328 1 1 1.000000
skin_0dam
0  9.662219 75.863419 34.863327  -0.313114 -0.003147 0.949710  0.445326 0.258766 1 1 1.000000
0  9.909967 82.065460 34.880909  0.031926 0.010023 0.999440  0.443373 0.235328 1 1 1.000000
0  9.648455 82.244911 34.882793  -0.570864 0.194504 0.797673  0.445326 0.234352 1 1 1.000000
skin_0dam
0  9.263067 75.690491 34.944912  0.249364 0.002651 0.968406  0.447279 0.258766 1 1 1.000000
0  9.263067 69.306602 34.952869  0.217911 0.001402 0.975968  0.447279 0.283181 1 1 1.000000
0  9.414470 66.037788 34.887943  0.479743 -0.169925 0.860797  0.446303 0.294900 1 1 1.000000
skin_0dam
0  9.414470 66.037788 34.887943  0.479743 -0.169925 0.860797  0.446303 0.294900 1 1 1.000000
0  9.400706 75.863419 34.863327  0.271749 0.699375 0.661080  0.446303 0.258766 1 1 1.000000
0  9.263067 75.690491 34.944912  0.249364 0.002651 0.968406  0.447279 0.258766 1 1 1.000000
skin_0dam
0  9.648455 82.244911 34.882793  -0.570864 0.194504 0.797673  0.445326 0.234352 1 1 1.000000
0  9.565871 82.286209 34.568626  -0.943632 0.195914 0.266789  0.445326 0.234352 1 1 1.000000
0  9.565872 75.891014 34.547962  -0.996960 0.008582 0.077440  0.445326 0.258766 1 1 1.000000
skin_0dam
0  9.565872 75.891014 34.547962  -0.997014 0.008602 0.076744  0.445326 0.258766 1 1 1.000000
0  9.593400 75.869423 34.794769  -0.805623 0.003076 0.592420  0.445326 0.258766 1 1 1.000000
0  9.648455 82.244911 34.882793  -0.570864 0.194504 0.797673  0.445326 0.234352 1 1 1.000000
skin_0dam
0  9.593400 75.869423 34.794769  -0.805623 0.003076 0.592420  0.445326 0.258766 1 1 1.000000
0  9.662219 75.863419 34.863327  -0.313114 -0.003147 0.949710  0.445326 0.258766 1 1 1.000000
0  9.648455 82.244911 34.882793  -0.570864 0.194504 0.797673  0.445326 0.234352 1 1 1.000000
skin_0dam
0  9.593400 75.869423 34.794769  -0.805623 0.003076 0.592420  0.984405 0.087863 1 1 1.000000
0  9.538345 65.733223 34.736950  -0.216125 -0.353291 0.910206  0.984405 0.181616 1 1 1.000000
0  9.538345 65.906677 34.807396  -0.637432 -0.122721 0.760671  0.012696 0.180639 1 1 1.000000
skin_0dam
0  9.538345 65.906677 34.807396  -0.637432 -0.122721 0.760671  0.012696 0.180639 1 1 1.000000
0  9.662219 75.863419 34.863327  -0.313114 -0.003147 0.949710  0.012696 0.087863 1 1 1.000000
0  9.593400 75.869423 34.794769  -0.805623 0.003076 0.592420  0.984405 0.087863 1 1 1.000000
skin_0dam
0  9.414470 66.037788 34.887943  0.479743 -0.169925 0.860797  0.012696 0.180639 1 1 1.000000
0  9.538345 65.733223 34.736950  0.481221 -0.212798 0.850379  0.984405 0.181616 1 1 1.000000
0  9.593400 75.869423 34.794769  0.234773 0.716909 0.656447  0.984405 0.087863 1 1 1.000000
skin_0dam
0  9.593400 75.869423 34.794769  0.234773 0.716909 0.656447  0.984405 0.087863 1 1 1.000000
0  9.400706 75.863419 34.863327  0.271749 0.699375 0.661080  0.012696 0.087863 1 1 1.000000
0  9.414470 66.037788 34.887943  0.479743 -0.169925 0.860797  0.012696 0.180639 1 1 1.000000
skin_0dam
0  -9.290601 75.856224 34.945595  -0.184129 0.622255 0.760852  0.551775 0.258766 1 1 1.000000
0  -9.290601 75.690491 34.944912  -0.249428 0.002651 0.968390  0.551775 0.258766 1 1 1.000000
0  9.263067 75.690491 34.944912  0.249364 0.002651 0.968406  0.447279 0.258766 1 1 1.000000
skin_0dam
0  9.263067 75.690491 34.944912  0.249364 0.002651 0.968406  0.447279 0.258766 1 1 1.000000
0  9.263067 75.856224 34.945595  0.184106 0.622234 0.760874  0.447279 0.258766 1 1 1.000000
0  -9.290601 75.856224 34.945595  -0.184129 0.622255 0.760852  0.551775 0.258766 1 1 1.000000
skin_0dam
0  9.428233 84.971252 34.831173  -0.130670 -0.336796 0.932467  0.446303 0.223609 1 1 1.000000
0  9.441997 85.271713 34.871277  -0.007075 -0.097154 0.995244  0.446303 0.222633 1 1 1.000000
0  -0.013768 85.299133 34.873676  0.000000 -0.115457 0.993313  0.500015 0.222633 1 1 1.000000
skin_0dam
0  -0.013768 85.299133 34.873676  0.000000 -0.115457 0.993313  0.500015 0.222633 1 1 1.000000
0  -0.013768 84.971252 34.831173  0.000000 -0.402917 0.915237  0.500015 0.223609 1 1 1.000000
0  9.428233 84.971252 34.831173  -0.130670 -0.336796 0.932467  0.446303 0.223609 1 1 1.000000
skin_0dam
0  9.565871 84.623840 34.538265  -0.725085 -0.416219 0.548646  0.445326 0.225562 1 1 1.000000
0  9.428233 84.971252 34.831173  -0.130670 -0.336796 0.932467  0.446303 0.223609 1 1 1.000000
0  -0.013768 84.971252 34.831173  0.000000 -0.402917 0.915237  0.500015 0.223609 1 1 1.000000
skin_0dam
0  -0.013768 84.971252 34.831173  0.000000 -0.402917 0.915237  0.500015 0.223609 1 1 1.000000
0  -0.013768 84.623840 34.538265  -0.000000 -0.652325 0.757939  0.500015 0.225562 1 1 1.000000
0  9.565871 84.623840 34.538265  -0.725085 -0.416219 0.548646  0.445326 0.225562 1 1 1.000000
skin_0dam
0  -0.013768 87.309921 35.104862  -0.000037 -0.113897 0.993493  0.500015 0.214820 1 1 1.000000
0  -0.013768 85.299133 34.873676  0.000000 -0.115457 0.993313  0.500015 0.222633 1 1 1.000000
0  9.441997 85.271713 34.871277  -0.007075 -0.097154 0.995244  0.446303 0.222633 1 1 1.000000
skin_0dam
0  9.441997 85.271713 34.871277  -0.007075 -0.097154 0.995244  0.446303 0.222633 1 1 1.000000
0  15.429270 86.079491 34.955765  0.000423 -0.086538 0.996248  0.412122 0.219703 1 1 1.000000
0  14.975063 86.914696 35.042652  0.007895 -0.094393 0.995504  0.415052 0.216773 1 1 1.000000
skin_0dam
0  -0.013768 87.309921 35.104862  -0.000037 -0.113897 0.993493  0.500015 0.214820 1 1 1.000000
0  9.441997 85.271713 34.871277  -0.007075 -0.097154 0.995244  0.446303 0.222633 1 1 1.000000
0  14.975063 86.914696 35.042652  0.007895 -0.094393 0.995504  0.415052 0.216773 1 1 1.000000
skin_0dam
0  -0.013768 87.309921 35.104862  -0.000037 -0.113897 0.993493  0.500015 0.214820 1 1 1.000000
0  14.975063 86.914696 35.042652  0.007895 -0.094393 0.995504  0.415052 0.216773 1 1 1.000000
0  14.107941 87.326035 35.078640  0.002412 -0.080237 0.996773  0.419935 0.214820 1 1 1.000000
skin_0dam
0  4.294318 74.550720 34.707031  -0.114942 -0.438560 -0.891321  0.475600 0.263649 1 1 1.000000
0  7.652697 72.905853 34.715103  -0.931028 -0.154491 -0.330634  0.456069 0.269509 1 1 1.000000
0  6.111146 70.575264 36.086273  -0.366850 -0.304862 -0.878909  0.464858 0.277322 1 1 1.000000
skin_0dam
0  6.111146 70.575264 36.086273  -0.366850 -0.304862 -0.878909  0.464858 0.277322 1 1 1.000000
0  4.156680 71.180809 36.429398  -0.169151 -0.451027 -0.876335  0.476577 0.275369 1 1 1.000000
0  4.294318 74.550720 34.707031  -0.114942 -0.438560 -0.891321  0.475600 0.263649 1 1 1.000000
skin_0dam
0  -0.013767 74.568550 34.819122  -0.000000 -0.473529 -0.880778  0.500015 0.263649 1 1 1.000000
0  4.294318 74.550720 34.707031  -0.114942 -0.438560 -0.891321  0.475600 0.263649 1 1 1.000000
0  4.156680 71.180809 36.429398  -0.169151 -0.451027 -0.876335  0.476577 0.275369 1 1 1.000000
skin_0dam
0  4.156680 71.180809 36.429398  -0.169151 -0.451027 -0.876335  0.476577 0.275369 1 1 1.000000
0  -0.013767 71.444237 36.576794  0.000000 -0.488359 -0.872643  0.500015 0.274392 1 1 1.000000
0  -0.013767 74.568550 34.819122  -0.000000 -0.473529 -0.880778  0.500015 0.263649 1 1 1.000000
skin_0dam
0  6.909450 69.475433 35.865707  -0.650721 -0.110963 -0.751165  0.460952 0.282205 1 1 1.000000
0  6.111146 70.575264 36.086273  -0.366850 -0.304862 -0.878909  0.464858 0.277322 1 1 1.000000
0  7.652697 72.905853 34.715103  -0.931028 -0.154491 -0.330634  0.456069 0.269509 1 1 1.000000
skin_0dam
0  7.652697 72.905853 34.715103  -0.931028 -0.154491 -0.330634  0.456069 0.269509 1 1 1.000000
0  7.322364 73.340332 33.855049  -0.909875 0.112507 0.399336  0.458022 0.268532 1 1 1.000000
0  7.349893 67.385979 35.586189  -0.989811 -0.036616 -0.137597  0.458022 0.290017 1 1 1.000000
skin_0dam
0  7.652697 72.905853 34.715103  -0.931028 -0.154491 -0.330634  0.456069 0.269509 1 1 1.000000
0  7.349893 67.385979 35.586189  -0.989811 -0.036616 -0.137597  0.458022 0.290017 1 1 1.000000
0  7.322365 67.403809 35.698280  -0.972372 -0.048099 -0.228427  0.458022 0.290017 1 1 1.000000
skin_0dam
0  7.652697 72.905853 34.715103  -0.931028 -0.154491 -0.330634  0.456069 0.269509 1 1 1.000000
0  7.322365 67.403809 35.698280  -0.972372 -0.048099 -0.228427  0.458022 0.290017 1 1 1.000000
0  6.909450 69.475433 35.865707  -0.650721 -0.110963 -0.751165  0.460952 0.282205 1 1 1.000000
skin_0dam
0  9.923731 84.708344 34.835804  0.003495 -0.027910 0.999604  0.443373 0.225562 1 1 1.000000
0  9.909967 82.743324 34.871136  0.031614 0.013604 0.999408  0.443373 0.232398 1 1 1.000000
0  15.484325 82.345169 34.684319  0.025863 -0.065996 0.997485  0.412122 0.234352 1 1 1.000000
skin_0dam
0  9.923731 84.708344 34.835804  0.003495 -0.027910 0.999604  0.443373 0.225562 1 1 1.000000
0  15.484325 82.345169 34.684319  0.025863 -0.065996 0.997485  0.412122 0.234352 1 1 1.000000
0  15.429270 86.079491 34.955765  0.000423 -0.086538 0.996248  0.412122 0.219703 1 1 1.000000
skin_0dam
0  9.923731 84.708344 34.835804  0.003495 -0.027910 0.999604  0.443373 0.225562 1 1 1.000000
0  15.429270 86.079491 34.955765  0.000423 -0.086538 0.996248  0.412122 0.219703 1 1 1.000000
0  9.441997 85.271713 34.871277  -0.007075 -0.097154 0.995244  0.446303 0.222633 1 1 1.000000
skin_0dam
0  9.662218 82.590096 34.885361  -0.570134 -0.149280 0.807875  0.445326 0.233375 1 1 1.000000
0  9.909967 82.743324 34.871136  0.031614 0.013604 0.999408  0.443373 0.232398 1 1 1.000000
0  9.923731 84.708344 34.835804  0.003495 -0.027910 0.999604  0.443373 0.225562 1 1 1.000000
skin_0dam
0  9.923731 84.708344 34.835804  0.003495 -0.027910 0.999604  0.443373 0.225562 1 1 1.000000
0  9.662218 84.680923 34.833405  -0.464311 -0.185205 0.866092  0.445326 0.225562 1 1 1.000000
0  9.662218 82.590096 34.885361  -0.570134 -0.149280 0.807875  0.445326 0.233375 1 1 1.000000
skin_0dam
0  9.565871 82.617683 34.569996  -0.968296 -0.127912 0.214571  0.445326 0.233375 1 1 1.000000
0  9.662218 82.590096 34.885361  -0.570134 -0.149280 0.807875  0.445326 0.233375 1 1 1.000000
0  9.662218 84.680923 34.833405  -0.464311 -0.185205 0.866092  0.445326 0.225562 1 1 1.000000
skin_0dam
0  9.662218 84.680923 34.833405  -0.464311 -0.185205 0.866092  0.445326 0.225562 1 1 1.000000
0  9.565871 84.623840 34.538265  -0.725085 -0.416219 0.548646  0.445326 0.225562 1 1 1.000000
0  9.565871 82.617683 34.569996  -0.968296 -0.127912 0.214571  0.445326 0.233375 1 1 1.000000
skin_0dam
0  16.434032 81.576118 34.630856  0.026951 -0.012354 0.999560  0.407239 0.237281 1 1 1.000000
0  20.122744 81.197006 34.542419  0.028026 -0.029347 0.999176  0.385754 0.238258 1 1 1.000000
0  20.301672 81.349022 34.541901  0.171808 0.109400 0.979037  0.384777 0.238258 1 1 1.000000
skin_0dam
0  20.301672 81.349022 34.541901  0.171808 0.109400 0.979037  0.384777 0.238258 1 1 1.000000
0  15.842186 81.809227 34.651249  0.050803 0.210515 0.976270  0.410169 0.236305 1 1 1.000000
0  16.434032 81.576118 34.630856  0.026951 -0.012354 0.999560  0.407239 0.237281 1 1 1.000000
skin_0dam
0  15.842186 81.809227 34.651249  0.050803 0.210515 0.976270  0.410169 0.236305 1 1 1.000000
0  9.648455 82.244911 34.882793  -0.570864 0.194504 0.797673  0.445326 0.234352 1 1 1.000000
0  9.909967 82.065460 34.880909  0.031926 0.010023 0.999440  0.443373 0.235328 1 1 1.000000
skin_0dam
0  9.909967 82.065460 34.880909  0.031926 0.010023 0.999440  0.443373 0.235328 1 1 1.000000
0  16.434032 81.576118 34.630856  0.026951 -0.012354 0.999560  0.407239 0.237281 1 1 1.000000
0  15.842186 81.809227 34.651249  0.050803 0.210515 0.976270  0.410169 0.236305 1 1 1.000000
skin_0dam
0  15.484325 82.345169 34.684319  0.025863 -0.065996 0.997485  0.412122 0.234352 1 1 1.000000
0  9.909967 82.743324 34.871136  0.031614 0.013604 0.999408  0.443373 0.232398 1 1 1.000000
0  9.662218 82.590096 34.885361  -0.570134 -0.149280 0.807875  0.445326 0.233375 1 1 1.000000
skin_0dam
0  9.662218 82.590096 34.885361  -0.570134 -0.149280 0.807875  0.445326 0.233375 1 1 1.000000
0  15.663257 82.153206 34.667522  0.171092 -0.210928 0.962412  0.411145 0.234352 1 1 1.000000
0  15.484325 82.345169 34.684319  0.025863 -0.065996 0.997485  0.412122 0.234352 1 1 1.000000
skin_0dam
0  20.301672 81.349022 34.541901  0.171808 0.109400 0.979037  0.026368 0.116184 1 1 1.000000
0  20.480602 81.505852 34.486538  0.231024 0.153057 0.960834  0.990265 0.287088 1 1 1.000000
0  15.828423 81.980957 34.583374  0.060642 0.369138 0.927394  0.894559 0.469710 1 1 1.000000
skin_0dam
0  15.828423 81.980957 34.583374  0.060642 0.369138 0.927394  0.894559 0.469710 1 1 1.000000
0  15.842186 81.809227 34.651249  0.050803 0.210515 0.976270  0.026368 0.467757 1 1 1.000000
0  20.301672 81.349022 34.541901  0.171808 0.109400 0.979037  0.026368 0.116184 1 1 1.000000
skin_0dam
0  15.842186 81.809227 34.651249  0.050803 0.210515 0.976270  0.026368 0.467757 1 1 1.000000
0  15.828423 81.980957 34.583374  0.060642 0.369138 0.927394  0.894559 0.469710 1 1 1.000000
0  9.675982 82.416641 34.814922  -0.689808 0.335891 0.641360  0.985382 0.946287 1 1 1.000000
skin_0dam
0  9.675982 82.416641 34.814922  -0.689808 0.335891 0.641360  0.985382 0.946287 1 1 1.000000
0  9.648455 82.244911 34.882793  -0.570864 0.194504 0.797673  0.026368 0.947264 1 1 1.000000
0  15.842186 81.809227 34.651249  0.050803 0.210515 0.976270  0.026368 0.467757 1 1 1.000000
skin_0dam
0  9.648455 82.244911 34.882793  -0.570864 0.194504 0.797673  0.026368 0.947264 1 1 1.000000
0  9.675982 82.416641 34.814922  -0.689808 0.335891 0.641360  0.985382 0.946287 1 1 1.000000
0  9.634690 82.451942 34.569313  -0.921738 0.308012 0.235643  0.985382 0.957030 1 1 1.000000
skin_0dam
0  9.634690 82.451942 34.569313  -0.921738 0.308012 0.235643  0.985382 0.957030 1 1 1.000000
0  9.565871 82.286209 34.568626  -0.943632 0.195914 0.266789  0.026368 0.961913 1 1 1.000000
0  9.648455 82.244911 34.882793  -0.570864 0.194504 0.797673  0.026368 0.947264 1 1 1.000000
skin_0dam
0  15.828423 81.980957 34.583374  0.208909 -0.258946 0.943029  0.894559 0.469710 1 1 1.000000
0  15.663257 82.153206 34.667522  0.171092 -0.210928 0.962412  0.026368 0.497055 1 1 1.000000
0  9.662218 82.590096 34.885361  -0.570134 -0.149280 0.807875  0.026368 0.956053 1 1 1.000000
skin_0dam
0  9.662218 82.590096 34.885361  -0.570134 -0.149280 0.807875  0.026368 0.956053 1 1 1.000000
0  9.675982 82.416641 34.814922  -0.609921 -0.362117 0.704888  0.985382 0.946287 1 1 1.000000
0  15.828423 81.980957 34.583374  0.208909 -0.258946 0.943029  0.894559 0.469710 1 1 1.000000
skin_0dam
0  9.565871 82.617683 34.569996  -0.968296 -0.127912 0.214571  0.026368 0.962889 1 1 1.000000
0  9.634690 82.451942 34.569313  -0.927386 -0.368795 0.062816  0.985382 0.957030 1 1 1.000000
0  9.675982 82.416641 34.814922  -0.609921 -0.362117 0.704888  0.985382 0.946287 1 1 1.000000
skin_0dam
0  9.675982 82.416641 34.814922  -0.609921 -0.362117 0.704888  0.985382 0.946287 1 1 1.000000
0  9.662218 82.590096 34.885361  -0.570134 -0.149280 0.807875  0.026368 0.956053 1 1 1.000000
0  9.565871 82.617683 34.569996  -0.968296 -0.127912 0.214571  0.026368 0.962889 1 1 1.000000
skin_0dam
0  9.565872 75.891014 34.547962  0.015968 0.995503 0.093373  0.984405 0.087863 1 1 1.000000
0  9.400706 75.891014 34.547962  0.003602 0.996136 0.087749  0.012696 0.087863 1 1 1.000000
0  9.400706 75.863419 34.863327  0.271749 0.699375 0.661080  0.012696 0.087863 1 1 1.000000
skin_0dam
0  9.400706 75.863419 34.863327  0.271749 0.699375 0.661080  0.012696 0.087863 1 1 1.000000
0  9.593400 75.869423 34.794769  0.234773 0.716909 0.656447  0.984405 0.087863 1 1 1.000000
0  9.565872 75.891014 34.547962  0.015968 0.995503 0.093373  0.984405 0.087863 1 1 1.000000
skin_0dam
0  -0.013768 87.309921 35.104862  -0.000037 -0.113897 0.993493  0.500015 0.214820 1 1 1.000000
0  14.107941 87.326035 35.078640  0.002412 -0.080237 0.996773  0.419935 0.214820 1 1 1.000000
0  14.149232 87.490570 35.093033  0.048285 0.125366 0.990935  0.419935 0.214820 1 1 1.000000
skin_0dam
0  14.149232 87.490570 35.093033  0.048285 0.125366 0.990935  0.419935 0.214820 1 1 1.000000
0  -0.013768 87.486969 35.134167  -0.000021 0.082615 0.996582  0.500015 0.214820 1 1 1.000000
0  -0.013768 87.309921 35.104862  -0.000037 -0.113897 0.993493  0.500015 0.214820 1 1 1.000000
skin_0dam
0  15.663257 82.153206 34.667522  0.171092 -0.210928 0.962412  0.411145 0.234352 1 1 1.000000
0  15.594437 86.162956 34.949249  0.215600 -0.032161 0.975952  0.411145 0.219703 1 1 1.000000
0  15.429270 86.079491 34.955765  0.000423 -0.086538 0.996248  0.412122 0.219703 1 1 1.000000
skin_0dam
0  15.429270 86.079491 34.955765  0.000423 -0.086538 0.996248  0.412122 0.219703 1 1 1.000000
0  15.484325 82.345169 34.684319  0.025863 -0.065996 0.997485  0.412122 0.234352 1 1 1.000000
0  15.663257 82.153206 34.667522  0.171092 -0.210928 0.962412  0.411145 0.234352 1 1 1.000000
skin_0dam
0  14.149232 87.490570 35.093033  0.048285 0.125366 0.990935  0.419935 0.214820 1 1 1.000000
0  14.107941 87.326035 35.078640  0.002412 -0.080237 0.996773  0.419935 0.214820 1 1 1.000000
0  14.975063 86.914696 35.042652  0.007895 -0.094393 0.995504  0.415052 0.216773 1 1 1.000000
skin_0dam
0  14.975063 86.914696 35.042652  0.007895 -0.094393 0.995504  0.415052 0.216773 1 1 1.000000
0  15.085174 87.051804 35.054646  0.167597 0.074168 0.983062  0.414075 0.215796 1 1 1.000000
0  14.149232 87.490570 35.093033  0.048285 0.125366 0.990935  0.419935 0.214820 1 1 1.000000
skin_0dam
0  14.975063 86.914696 35.042652  0.007895 -0.094393 0.995504  0.415052 0.216773 1 1 1.000000
0  15.429270 86.079491 34.955765  0.000423 -0.086538 0.996248  0.412122 0.219703 1 1 1.000000
0  15.594437 86.162956 34.949249  0.215600 -0.032161 0.975952  0.411145 0.219703 1 1 1.000000
skin_0dam
0  15.594437 86.162956 34.949249  0.215600 -0.032161 0.975952  0.411145 0.219703 1 1 1.000000
0  15.085174 87.051804 35.054646  0.167597 0.074168 0.983062  0.414075 0.215796 1 1 1.000000
0  14.975063 86.914696 35.042652  0.007895 -0.094393 0.995504  0.415052 0.216773 1 1 1.000000
skin_0dam
0  -0.013768 87.671227 35.081207  -0.000022 0.276766 0.960937  0.983428 0.051729 1 1 1.000000
0  -0.013768 87.486969 35.134167  -0.000021 0.082615 0.996582  0.021485 0.051729 1 1 1.000000
0  14.149232 87.490570 35.093033  0.048285 0.125366 0.990935  0.021485 0.736320 1 1 1.000000
skin_0dam
0  14.149232 87.490570 35.093033  0.048285 0.125366 0.990935  0.021485 0.736320 1 1 1.000000
0  14.176761 87.674820 35.040070  0.081609 0.278995 0.956819  0.983428 0.738273 1 1 1.000000
0  -0.013768 87.671227 35.081207  -0.000022 0.276766 0.960937  0.983428 0.051729 1 1 1.000000
skin_0dam
0  15.745839 86.236313 34.900402  0.358598 0.024070 0.933182  0.983428 0.830073 1 1 1.000000
0  15.594437 86.162956 34.949249  0.215600 -0.032161 0.975952  0.021485 0.822260 1 1 1.000000
0  15.663257 82.153206 34.667522  0.171092 -0.210928 0.962412  0.021485 0.833003 1 1 1.000000
skin_0dam
0  15.663257 82.153206 34.667522  0.171092 -0.210928 0.962412  0.021485 0.833003 1 1 1.000000
0  15.828423 81.980957 34.583374  0.208909 -0.258946 0.943029  0.983428 0.841792 1 1 1.000000
0  15.745839 86.236313 34.900402  0.358598 0.024070 0.933182  0.983428 0.830073 1 1 1.000000
skin_0dam
0  15.085174 87.051804 35.054646  0.167597 0.074168 0.983062  0.021485 0.791009 1 1 1.000000
0  15.181521 87.194916 34.998085  0.256149 0.190029 0.947775  0.983428 0.795892 1 1 1.000000
0  14.176761 87.674820 35.040070  0.081609 0.278995 0.956819  0.983428 0.738273 1 1 1.000000
skin_0dam
0  14.176761 87.674820 35.040070  0.081609 0.278995 0.956819  0.983428 0.738273 1 1 1.000000
0  14.149232 87.490570 35.093033  0.048285 0.125366 0.990935  0.021485 0.736320 1 1 1.000000
0  15.085174 87.051804 35.054646  0.167597 0.074168 0.983062  0.021485 0.791009 1 1 1.000000
skin_0dam
0  15.594437 86.162956 34.949249  0.215600 -0.032161 0.975952  0.021485 0.822260 1 1 1.000000
0  15.745839 86.236313 34.900402  0.358598 0.024070 0.933182  0.983428 0.830073 1 1 1.000000
0  15.181521 87.194916 34.998085  0.256149 0.190029 0.947775  0.983428 0.795892 1 1 1.000000
skin_0dam
0  15.181521 87.194916 34.998085  0.256149 0.190029 0.947775  0.983428 0.795892 1 1 1.000000
0  15.085174 87.051804 35.054646  0.167597 0.074168 0.983062  0.021485 0.791009 1 1 1.000000
0  15.594437 86.162956 34.949249  0.215600 -0.032161 0.975952  0.021485 0.822260 1 1 1.000000
skin_0dam
0  13.681264 64.995880 34.479015  0.083155 -0.022852 0.996275  0.421888 0.298807 1 1 1.000000
0  9.896205 66.003860 34.802074  0.061346 -0.039211 0.997346  0.443373 0.294900 1 1 1.000000
0  9.538345 65.906677 34.807396  -0.637432 -0.122721 0.760671  0.445326 0.295877 1 1 1.000000
skin_0dam
0  9.538345 65.906677 34.807396  -0.637432 -0.122721 0.760671  0.445326 0.295877 1 1 1.000000
0  13.639973 64.830147 34.478329  0.021801 -0.196513 0.980259  0.422864 0.299783 1 1 1.000000
0  13.681264 64.995880 34.479015  0.083155 -0.022852 0.996275  0.421888 0.298807 1 1 1.000000
skin_0dam
0  7.556351 67.352562 35.652348  0.279221 -0.030622 0.959738  0.457045 0.290017 1 1 1.000000
0  7.322365 67.403809 35.698280  0.182090 -0.044658 0.982267  0.458022 0.290017 1 1 1.000000
0  7.349893 67.225555 35.682686  0.169297 -0.072117 0.982923  0.458022 0.290017 1 1 1.000000
skin_0dam
0  7.349893 67.225555 35.682686  0.169297 -0.072117 0.982923  0.458022 0.290017 1 1 1.000000
0  7.570115 67.174309 35.636753  0.237035 -0.156316 0.958843  0.457045 0.290994 1 1 1.000000
0  7.556351 67.352562 35.652348  0.279221 -0.030622 0.959738  0.457045 0.290017 1 1 1.000000
skin_0dam
0  7.349893 67.385979 35.586189  0.271516 0.404064 0.873505  0.458022 0.290017 1 1 1.000000
0  4.294318 68.175598 36.194111  0.141670 0.277237 0.950300  0.475600 0.287088 1 1 1.000000
0  4.294318 68.018776 36.249474  0.124302 0.102803 0.986905  0.475600 0.287088 1 1 1.000000
skin_0dam
0  4.294318 68.018776 36.249474  0.124302 0.102803 0.986905  0.475600 0.287088 1 1 1.000000
0  7.349893 67.225555 35.682686  0.169297 -0.072117 0.982923  0.458022 0.290017 1 1 1.000000
0  7.349893 67.385979 35.586189  0.271516 0.404064 0.873505  0.458022 0.290017 1 1 1.000000
skin_0dam
0  4.294318 68.175598 36.194111  0.141670 0.277237 0.950300  0.475600 0.287088 1 1 1.000000
0  -0.013766 68.193428 36.306202  -0.000028 0.280011 0.959997  0.500015 0.287088 1 1 1.000000
0  -0.013766 68.036598 36.361565  -0.000029 0.089714 0.995968  0.500015 0.287088 1 1 1.000000
skin_0dam
0  -0.013766 68.036598 36.361565  -0.000029 0.089714 0.995968  0.500015 0.287088 1 1 1.000000
0  4.294318 68.018776 36.249474  0.124302 0.102803 0.986905  0.475600 0.287088 1 1 1.000000
0  4.294318 68.175598 36.194111  0.141670 0.277237 0.950300  0.475600 0.287088 1 1 1.000000
skin_0dam
0  9.414470 66.037788 34.887943  0.479743 -0.169925 0.860797  0.446303 0.294900 1 1 1.000000
0  9.263067 66.335854 34.955475  0.389171 -0.011842 0.921090  0.447279 0.293924 1 1 1.000000
0  7.556351 67.352562 35.652348  0.279221 -0.030622 0.959738  0.457045 0.290017 1 1 1.000000
skin_0dam
0  7.556351 67.352562 35.652348  0.279221 -0.030622 0.959738  0.457045 0.290017 1 1 1.000000
0  7.570115 67.174309 35.636753  0.237035 -0.156316 0.958843  0.457045 0.290994 1 1 1.000000
0  9.414470 66.037788 34.887943  0.479743 -0.169925 0.860797  0.446303 0.294900 1 1 1.000000
skin_0dam
0  7.322365 67.403809 35.698280  -0.972372 -0.048099 -0.228427  0.458022 0.290017 1 1 1.000000
0  7.349893 67.385979 35.586189  -0.989811 -0.036616 -0.137597  0.458022 0.290017 1 1 1.000000
0  7.349893 67.225555 35.682686  -0.981446 -0.126900 -0.143740  0.458022 0.290017 1 1 1.000000
skin_0dam
0  13.639973 64.830147 34.478329  0.021801 -0.196513 0.980259  0.422864 0.299783 1 1 1.000000
0  17.149754 63.299946 34.123390  0.002647 -0.202895 0.979197  0.402356 0.305643 1 1 1.000000
0  17.232336 63.451965 34.122875  0.080788 -0.037266 0.996034  0.402356 0.305643 1 1 1.000000
skin_0dam
0  17.232336 63.451965 34.122875  0.080788 -0.037266 0.996034  0.402356 0.305643 1 1 1.000000
0  13.681264 64.995880 34.479015  0.083155 -0.022852 0.996275  0.421888 0.298807 1 1 1.000000
0  13.639973 64.830147 34.478329  0.021801 -0.196513 0.980259  0.422864 0.299783 1 1 1.000000
skin_0dam
0  20.053925 61.971813 33.827583  0.084911 -0.039944 0.995587  0.386731 0.310526 1 1 1.000000
0  17.232336 63.451965 34.122875  0.080788 -0.037266 0.996034  0.402356 0.305643 1 1 1.000000
0  17.149754 63.299946 34.123390  0.002647 -0.202895 0.979197  0.402356 0.305643 1 1 1.000000
skin_0dam
0  17.149754 63.299946 34.123390  0.002647 -0.202895 0.979197  0.402356 0.305643 1 1 1.000000
0  20.219091 61.683872 33.802391  0.156464 -0.176940 0.971705  0.385754 0.311502 1 1 1.000000
0  20.053925 61.971813 33.827583  0.084911 -0.039944 0.995587  0.386731 0.310526 1 1 1.000000
skin_0dam
0  9.538345 65.906677 34.807396  -0.637432 -0.122721 0.760671  0.029298 0.449202 1 1 1.000000
0  9.538345 65.733223 34.736950  -0.216125 -0.353291 0.910206  0.980499 0.449202 1 1 1.000000
0  13.584917 64.670418 34.409092  -0.043022 -0.368098 0.928791  0.980499 0.580065 1 1 1.000000
skin_0dam
0  13.584917 64.670418 34.409092  -0.043022 -0.368098 0.928791  0.980499 0.580065 1 1 1.000000
0  13.639973 64.830147 34.478329  0.021801 -0.196513 0.980259  0.029298 0.582018 1 1 1.000000
0  9.538345 65.906677 34.807396  -0.637432 -0.122721 0.760671  0.029298 0.449202 1 1 1.000000
skin_0dam
0  7.349893 67.225555 35.682686  0.169297 -0.072117 0.982923  0.029298 0.377911 1 1 1.000000
0  7.570115 66.985947 35.578827  0.146688 -0.341403 0.928400  0.980499 0.377911 1 1 1.000000
0  7.570115 67.174309 35.636753  0.237035 -0.156316 0.958843  0.029298 0.390606 1 1 1.000000
skin_0dam
0  4.294318 68.018776 36.249474  0.124302 0.102803 0.986905  0.029298 0.278298 1 1 1.000000
0  4.280555 67.840515 36.233879  0.100460 -0.102413 0.989656  0.980499 0.278298 1 1 1.000000
0  7.570115 66.985947 35.578827  0.146688 -0.341403 0.928400  0.980499 0.377911 1 1 1.000000
skin_0dam
0  7.570115 66.985947 35.578827  0.146688 -0.341403 0.928400  0.980499 0.377911 1 1 1.000000
0  7.349893 67.225555 35.682686  0.169297 -0.072117 0.982923  0.029298 0.377911 1 1 1.000000
0  4.294318 68.018776 36.249474  0.124302 0.102803 0.986905  0.029298 0.278298 1 1 1.000000
skin_0dam
0  -0.013766 68.036598 36.361565  -0.000029 0.089714 0.995968  0.029298 0.138646 1 1 1.000000
0  -0.013766 67.859543 36.332256  0.000003 -0.104058 0.994571  0.980499 0.138646 1 1 1.000000
0  4.280555 67.840515 36.233879  0.100460 -0.102413 0.989656  0.980499 0.278298 1 1 1.000000
skin_0dam
0  4.280555 67.840515 36.233879  0.100460 -0.102413 0.989656  0.980499 0.278298 1 1 1.000000
0  4.294318 68.018776 36.249474  0.124302 0.102803 0.986905  0.029298 0.278298 1 1 1.000000
0  -0.013766 68.036598 36.361565  -0.000029 0.089714 0.995968  0.029298 0.138646 1 1 1.000000
skin_0dam
0  7.570115 67.174309 35.636753  0.237035 -0.156316 0.958843  0.029298 0.390606 1 1 1.000000
0  7.570115 66.985947 35.578827  0.146688 -0.341403 0.928400  0.980499 0.377911 1 1 1.000000
0  9.538345 65.733223 34.736950  0.481221 -0.212798 0.850379  0.980499 0.449202 1 1 1.000000
skin_0dam
0  9.538345 65.733223 34.736950  0.481221 -0.212798 0.850379  0.980499 0.449202 1 1 1.000000
0  9.414470 66.037788 34.887943  0.479743 -0.169925 0.860797  0.029298 0.445296 1 1 1.000000
0  7.570115 67.174309 35.636753  0.237035 -0.156316 0.958843  0.029298 0.390606 1 1 1.000000
skin_0dam
0  13.639973 64.830147 34.478329  0.021801 -0.196513 0.980259  0.029298 0.582018 1 1 1.000000
0  13.584917 64.670418 34.409092  -0.043022 -0.368098 0.928791  0.980499 0.580065 1 1 1.000000
0  17.067171 63.153919 34.055351  -0.078404 -0.361839 0.928938  0.980499 0.692373 1 1 1.000000
skin_0dam
0  17.067171 63.153919 34.055351  -0.078404 -0.361839 0.928938  0.980499 0.692373 1 1 1.000000
0  17.149754 63.299946 34.123390  0.002647 -0.202895 0.979197  0.029298 0.695303 1 1 1.000000
0  13.639973 64.830147 34.478329  0.021801 -0.196513 0.980259  0.029298 0.582018 1 1 1.000000
skin_0dam
0  17.149754 63.299946 34.123390  0.002647 -0.202895 0.979197  0.029298 0.695303 1 1 1.000000
0  17.067171 63.153919 34.055351  -0.078404 -0.361839 0.928938  0.980499 0.692373 1 1 1.000000
0  20.384256 61.401932 33.708641  0.179791 -0.201774 0.962789  0.980499 0.800775 1 1 1.000000
skin_0dam
0  20.384256 61.401932 33.708641  0.179791 -0.201774 0.962789  0.980499 0.800775 1 1 1.000000
0  20.219091 61.683872 33.802391  0.156464 -0.176940 0.971705  0.029298 0.794916 1 1 1.000000
0  17.149754 63.299946 34.123390  0.002647 -0.202895 0.979197  0.029298 0.695303 1 1 1.000000
skin_0dam
0  20.122744 81.197006 34.542419  0.028026 -0.029347 0.999176  0.385754 0.238258 1 1 1.000000
0  16.434032 81.576118 34.630856  0.026951 -0.012354 0.999560  0.407239 0.237281 1 1 1.000000
0  17.232336 63.451965 34.122875  0.080788 -0.037266 0.996034  0.402356 0.305643 1 1 1.000000
skin_0dam
0  17.232336 63.451965 34.122875  0.080788 -0.037266 0.996034  0.402356 0.305643 1 1 1.000000
0  20.053925 61.971813 33.827583  0.084911 -0.039944 0.995587  0.386731 0.310526 1 1 1.000000
0  20.122744 81.197006 34.542419  0.028026 -0.029347 0.999176  0.385754 0.238258 1 1 1.000000
skin_0dam
0  10.598160 79.678978 34.837921  0.044846 -0.005974 0.998976  0.439467 0.244118 1 1 1.000000
0  9.909967 82.065460 34.880909  0.031926 0.010023 0.999440  0.443373 0.235328 1 1 1.000000
0  9.896205 66.003860 34.802074  0.061346 -0.039211 0.997346  0.443373 0.294900 1 1 1.000000
skin_0dam
0  9.896205 66.003860 34.802074  0.061346 -0.039211 0.997346  0.443373 0.294900 1 1 1.000000
0  10.598161 68.011208 34.756638  0.081149 -0.007476 0.996674  0.439467 0.288064 1 1 1.000000
0  10.598160 79.678978 34.837921  0.044846 -0.005974 0.998976  0.439467 0.244118 1 1 1.000000
skin_0dam
0  13.681262 78.684036 34.681786  0.041813 -0.015044 0.999012  0.422864 0.248024 1 1 1.000000
0  12.924251 79.688576 34.728222  0.041931 -0.017124 0.998974  0.426771 0.244118 1 1 1.000000
0  12.924252 68.026802 34.578384  0.076066 -0.014222 0.997001  0.426771 0.288064 1 1 1.000000
skin_0dam
0  12.924252 68.026802 34.578384  0.076066 -0.014222 0.997001  0.426771 0.288064 1 1 1.000000
0  13.681263 67.024673 34.504528  0.077307 -0.015430 0.996888  0.422864 0.291971 1 1 1.000000
0  13.681262 78.684036 34.681786  0.041813 -0.015044 0.999012  0.422864 0.248024 1 1 1.000000
skin_0dam
0  17.232336 63.451965 34.122875  0.080788 -0.037266 0.996034  0.402356 0.305643 1 1 1.000000
0  16.434032 81.576118 34.630856  0.026951 -0.012354 0.999560  0.407239 0.237281 1 1 1.000000
0  16.021116 78.693634 34.572098  0.031433 -0.026206 0.999162  0.409192 0.248024 1 1 1.000000
skin_0dam
0  16.021116 78.693634 34.572098  0.031433 -0.026206 0.999162  0.409192 0.248024 1 1 1.000000
0  16.021118 67.042664 34.298859  0.085998 -0.022586 0.996039  0.409192 0.291971 1 1 1.000000
0  17.232336 63.451965 34.122875  0.080788 -0.037266 0.996034  0.402356 0.305643 1 1 1.000000
skin_0dam
0  12.800376 80.268059 34.737473  0.038310 -0.019126 0.999083  0.427747 0.242164 1 1 1.000000
0  16.434032 81.576118 34.630856  0.026951 -0.012354 0.999560  0.407239 0.237281 1 1 1.000000
0  12.401224 80.694313 34.760952  0.037738 -0.021514 0.999056  0.429701 0.240211 1 1 1.000000
skin_0dam
0  11.768087 80.871361 34.790257  0.040252 -0.015730 0.999066  0.433607 0.239235 1 1 1.000000
0  12.401224 80.694313 34.760952  0.037738 -0.021514 0.999056  0.429701 0.240211 1 1 1.000000
0  16.434032 81.576118 34.630856  0.026951 -0.012354 0.999560  0.407239 0.237281 1 1 1.000000
skin_0dam
0  16.434032 81.576118 34.630856  0.026951 -0.012354 0.999560  0.407239 0.237281 1 1 1.000000
0  9.909967 82.065460 34.880909  0.031926 0.010023 0.999440  0.443373 0.235328 1 1 1.000000
0  11.768087 80.871361 34.790257  0.040252 -0.015730 0.999066  0.433607 0.239235 1 1 1.000000
skin_0dam
0  11.768087 80.871361 34.790257  0.040252 -0.015730 0.999066  0.433607 0.239235 1 1 1.000000
0  9.909967 82.065460 34.880909  0.031926 0.010023 0.999440  0.443373 0.235328 1 1 1.000000
0  11.121185 80.689514 34.815796  0.044037 -0.006942 0.999006  0.436537 0.240211 1 1 1.000000
skin_0dam
0  11.121185 80.689514 34.815796  0.044037 -0.006942 0.999006  0.436537 0.240211 1 1 1.000000
0  9.909967 82.065460 34.880909  0.031926 0.010023 0.999440  0.443373 0.235328 1 1 1.000000
0  10.735798 80.287086 34.835850  0.044460 -0.005566 0.998996  0.439467 0.242164 1 1 1.000000
skin_0dam
0  10.735798 80.287086 34.835850  0.044460 -0.005566 0.998996  0.439467 0.242164 1 1 1.000000
0  9.909967 82.065460 34.880909  0.031926 0.010023 0.999440  0.443373 0.235328 1 1 1.000000
0  10.598160 79.678978 34.837921  0.044846 -0.005974 0.998976  0.439467 0.244118 1 1 1.000000
skin_0dam
0  15.484325 79.698166 34.618534  0.037025 -0.029151 0.998889  0.412122 0.244118 1 1 1.000000
0  16.434032 81.576118 34.630856  0.026951 -0.012354 0.999560  0.407239 0.237281 1 1 1.000000
0  14.851190 79.875221 34.647842  0.042816 -0.028548 0.998675  0.416028 0.243141 1 1 1.000000
skin_0dam
0  15.883478 79.300545 34.583748  0.034400 -0.028479 0.999002  0.410169 0.245094 1 1 1.000000
0  16.434032 81.576118 34.630856  0.026951 -0.012354 0.999560  0.407239 0.237281 1 1 1.000000
0  15.484325 79.698166 34.618534  0.037025 -0.029151 0.998889  0.412122 0.244118 1 1 1.000000
skin_0dam
0  15.883478 79.300545 34.583748  0.034400 -0.028479 0.999002  0.410169 0.245094 1 1 1.000000
0  16.021116 78.693634 34.572098  0.031433 -0.026206 0.999162  0.409192 0.248024 1 1 1.000000
0  16.434032 81.576118 34.630856  0.026951 -0.012354 0.999560  0.407239 0.237281 1 1 1.000000
skin_0dam
0  9.896205 66.003860 34.802074  0.061346 -0.039211 0.997346  0.443373 0.294900 1 1 1.000000
0  10.722035 67.432938 34.733681  0.081432 -0.007111 0.996653  0.439467 0.290017 1 1 1.000000
0  10.598161 68.011208 34.756638  0.081149 -0.007476 0.996674  0.439467 0.288064 1 1 1.000000
skin_0dam
0  10.722035 67.432938 34.733681  0.081432 -0.007111 0.996653  0.439467 0.290017 1 1 1.000000
0  9.896205 66.003860 34.802074  0.061346 -0.039211 0.997346  0.443373 0.294900 1 1 1.000000
0  11.134951 67.007874 34.696491  0.081734 -0.006682 0.996632  0.436537 0.291971 1 1 1.000000
skin_0dam
0  11.134951 67.007874 34.696491  0.081734 -0.006682 0.996632  0.436537 0.291971 1 1 1.000000
0  9.896205 66.003860 34.802074  0.061346 -0.039211 0.997346  0.443373 0.294900 1 1 1.000000
0  11.768088 66.832024 34.653473  0.080132 -0.008088 0.996751  0.433607 0.291971 1 1 1.000000
skin_0dam
0  11.768088 66.832024 34.653473  0.080132 -0.008088 0.996751  0.433607 0.291971 1 1 1.000000
0  9.896205 66.003860 34.802074  0.061346 -0.039211 0.997346  0.443373 0.294900 1 1 1.000000
0  13.681264 64.995880 34.479015  0.083155 -0.022852 0.996275  0.421888 0.298807 1 1 1.000000
skin_0dam
0  13.681264 64.995880 34.479015  0.083155 -0.022852 0.996275  0.421888 0.298807 1 1 1.000000
0  12.401225 67.016273 34.600513  0.077693 -0.012335 0.996901  0.429701 0.291971 1 1 1.000000
0  11.768088 66.832024 34.653473  0.080132 -0.008088 0.996751  0.433607 0.291971 1 1 1.000000
skin_0dam
0  12.814140 67.461044 34.570335  0.077431 -0.013465 0.996907  0.427747 0.290017 1 1 1.000000
0  12.401225 67.016273 34.600513  0.077693 -0.012335 0.996901  0.429701 0.291971 1 1 1.000000
0  13.681263 67.024673 34.504528  0.077307 -0.015430 0.996888  0.422864 0.291971 1 1 1.000000
skin_0dam
0  13.681263 67.024673 34.504528  0.077307 -0.015430 0.996888  0.422864 0.291971 1 1 1.000000
0  12.924252 68.026802 34.578384  0.076066 -0.014222 0.997001  0.426771 0.288064 1 1 1.000000
0  12.814140 67.461044 34.570335  0.077431 -0.013465 0.996907  0.427747 0.290017 1 1 1.000000
skin_0dam
0  12.772848 68.026802 34.578384  -0.643567 0.071152 0.762076  0.427747 0.288064 1 1 1.000000
0  12.924252 68.026802 34.578384  0.076066 -0.014222 0.997001  0.426771 0.288064 1 1 1.000000
0  12.924251 79.688576 34.728222  0.041931 -0.017124 0.998974  0.426771 0.244118 1 1 1.000000
skin_0dam
0  12.924251 79.688576 34.728222  0.041931 -0.017124 0.998974  0.426771 0.244118 1 1 1.000000
0  12.772847 79.688576 34.728222  -0.664106 -0.083871 0.742919  0.427747 0.244118 1 1 1.000000
0  12.772848 68.026802 34.578384  -0.643567 0.071152 0.762076  0.427747 0.288064 1 1 1.000000
skin_0dam
0  10.598161 68.011208 34.756638  0.081149 -0.007476 0.996674  0.439467 0.288064 1 1 1.000000
0  10.749563 68.012405 34.742928  0.701738 0.068924 0.709093  0.438490 0.288064 1 1 1.000000
0  10.749562 79.678978 34.837921  0.696796 -0.072313 0.713614  0.438490 0.244118 1 1 1.000000
skin_0dam
0  10.749562 79.678978 34.837921  0.696796 -0.072313 0.713614  0.438490 0.244118 1 1 1.000000
0  10.598160 79.678978 34.837921  0.044846 -0.005974 0.998976  0.439467 0.244118 1 1 1.000000
0  10.598161 68.011208 34.756638  0.081149 -0.007476 0.996674  0.439467 0.288064 1 1 1.000000
skin_0dam
0  12.772847 79.688576 34.728222  -0.664106 -0.083871 0.742919  0.427747 0.244118 1 1 1.000000
0  12.924251 79.688576 34.728222  0.041931 -0.017124 0.998974  0.426771 0.244118 1 1 1.000000
0  12.800376 80.268059 34.737473  0.038310 -0.019126 0.999083  0.427747 0.242164 1 1 1.000000
skin_0dam
0  12.800376 80.268059 34.737473  0.038310 -0.019126 0.999083  0.427747 0.242164 1 1 1.000000
0  12.662738 80.184586 34.743988  -0.556840 -0.317603 0.767501  0.427747 0.242164 1 1 1.000000
0  12.772847 79.688576 34.728222  -0.664106 -0.083871 0.742919  0.427747 0.244118 1 1 1.000000
skin_0dam
0  12.662738 80.184586 34.743988  -0.556840 -0.317603 0.767501  0.427747 0.242164 1 1 1.000000
0  12.800376 80.268059 34.737473  0.038310 -0.019126 0.999083  0.427747 0.242164 1 1 1.000000
0  12.401224 80.694313 34.760952  0.037738 -0.021514 0.999056  0.429701 0.240211 1 1 1.000000
skin_0dam
0  12.401224 80.694313 34.760952  0.037738 -0.021514 0.999056  0.429701 0.240211 1 1 1.000000
0  12.318641 80.556000 34.762665  -0.312907 -0.583572 0.749355  0.429701 0.241188 1 1 1.000000
0  12.662738 80.184586 34.743988  -0.556840 -0.317603 0.767501  0.427747 0.242164 1 1 1.000000
skin_0dam
0  12.318641 80.556000 34.762665  -0.312907 -0.583572 0.749355  0.429701 0.241188 1 1 1.000000
0  12.401224 80.694313 34.760952  0.037738 -0.021514 0.999056  0.429701 0.240211 1 1 1.000000
0  11.768087 80.871361 34.790257  0.040252 -0.015730 0.999066  0.433607 0.239235 1 1 1.000000
skin_0dam
0  11.768087 80.871361 34.790257  0.040252 -0.015730 0.999066  0.433607 0.239235 1 1 1.000000
0  11.768087 80.705627 34.789574  0.039550 -0.674074 0.737605  0.433607 0.240211 1 1 1.000000
0  12.318641 80.556000 34.762665  -0.312907 -0.583572 0.749355  0.429701 0.241188 1 1 1.000000
skin_0dam
0  11.768087 80.705627 34.789574  0.039550 -0.674074 0.737605  0.433607 0.240211 1 1 1.000000
0  11.768087 80.871361 34.790257  0.040252 -0.015730 0.999066  0.433607 0.239235 1 1 1.000000
0  11.121185 80.689514 34.815796  0.044037 -0.006942 0.999006  0.436537 0.240211 1 1 1.000000
skin_0dam
0  11.121185 80.689514 34.815796  0.044037 -0.006942 0.999006  0.436537 0.240211 1 1 1.000000
0  11.203769 80.551201 34.817509  0.379153 -0.557445 0.738578  0.436537 0.241188 1 1 1.000000
0  11.768087 80.705627 34.789574  0.039550 -0.674074 0.737605  0.433607 0.240211 1 1 1.000000
skin_0dam
0  11.203769 80.551201 34.817509  0.379153 -0.557445 0.738578  0.436537 0.241188 1 1 1.000000
0  11.121185 80.689514 34.815796  0.044037 -0.006942 0.999006  0.436537 0.240211 1 1 1.000000
0  10.735798 80.287086 34.835850  0.044460 -0.005566 0.998996  0.439467 0.242164 1 1 1.000000
skin_0dam
0  10.735798 80.287086 34.835850  0.044460 -0.005566 0.998996  0.439467 0.242164 1 1 1.000000
0  10.859674 80.177391 34.826252  0.599750 -0.290660 0.745531  0.438490 0.242164 1 1 1.000000
0  11.203769 80.551201 34.817509  0.379153 -0.557445 0.738578  0.436537 0.241188 1 1 1.000000
skin_0dam
0  10.859674 80.177391 34.826252  0.599750 -0.290660 0.745531  0.438490 0.242164 1 1 1.000000
0  10.735798 80.287086 34.835850  0.044460 -0.005566 0.998996  0.439467 0.242164 1 1 1.000000
0  10.598160 79.678978 34.837921  0.044846 -0.005974 0.998976  0.439467 0.244118 1 1 1.000000
skin_0dam
0  10.598160 79.678978 34.837921  0.044846 -0.005974 0.998976  0.439467 0.244118 1 1 1.000000
0  10.749562 79.678978 34.837921  0.696796 -0.072313 0.713614  0.438490 0.244118 1 1 1.000000
0  10.859674 80.177391 34.826252  0.599750 -0.290660 0.745531  0.438490 0.242164 1 1 1.000000
skin_0dam
0  10.749563 68.012405 34.742928  0.701738 0.068924 0.709093  0.438490 0.288064 1 1 1.000000
0  10.598161 68.011208 34.756638  0.081149 -0.007476 0.996674  0.439467 0.288064 1 1 1.000000
0  10.722035 67.432938 34.733681  0.081432 -0.007111 0.996653  0.439467 0.290017 1 1 1.000000
skin_0dam
0  10.722035 67.432938 34.733681  0.081432 -0.007111 0.996653  0.439467 0.290017 1 1 1.000000
0  10.859674 67.516403 34.727165  0.585722 0.276532 0.761879  0.438490 0.290017 1 1 1.000000
0  10.749563 68.012405 34.742928  0.701738 0.068924 0.709093  0.438490 0.288064 1 1 1.000000
skin_0dam
0  10.859674 67.516403 34.727165  0.585722 0.276532 0.761879  0.438490 0.290017 1 1 1.000000
0  10.722035 67.432938 34.733681  0.081432 -0.007111 0.996653  0.439467 0.290017 1 1 1.000000
0  11.134951 67.007874 34.696491  0.081734 -0.006682 0.996632  0.436537 0.291971 1 1 1.000000
skin_0dam
0  11.134951 67.007874 34.696491  0.081734 -0.006682 0.996632  0.436537 0.291971 1 1 1.000000
0  11.203770 67.146187 34.694778  0.370115 0.501816 0.781790  0.436537 0.290994 1 1 1.000000
0  10.859674 67.516403 34.727165  0.585722 0.276532 0.761879  0.438490 0.290017 1 1 1.000000
skin_0dam
0  11.203770 67.146187 34.694778  0.370115 0.501816 0.781790  0.436537 0.290994 1 1 1.000000
0  11.134951 67.007874 34.696491  0.081734 -0.006682 0.996632  0.436537 0.291971 1 1 1.000000
0  11.768088 66.832024 34.653473  0.080132 -0.008088 0.996751  0.433607 0.291971 1 1 1.000000
skin_0dam
0  11.768088 66.832024 34.653473  0.080132 -0.008088 0.996751  0.433607 0.291971 1 1 1.000000
0  11.768088 66.997765 34.654156  0.067198 0.599280 0.797714  0.433607 0.291971 1 1 1.000000
0  11.203770 67.146187 34.694778  0.370115 0.501816 0.781790  0.436537 0.290994 1 1 1.000000
skin_0dam
0  11.768088 66.997765 34.654156  0.067198 0.599280 0.797714  0.433607 0.291971 1 1 1.000000
0  11.768088 66.832024 34.653473  0.080132 -0.008088 0.996751  0.433607 0.291971 1 1 1.000000
0  12.401225 67.016273 34.600513  0.077693 -0.012335 0.996901  0.429701 0.291971 1 1 1.000000
skin_0dam
0  12.401225 67.016273 34.600513  0.077693 -0.012335 0.996901  0.429701 0.291971 1 1 1.000000
0  12.318642 67.153381 34.612507  -0.253846 0.530012 0.809104  0.429701 0.290994 1 1 1.000000
0  11.768088 66.997765 34.654156  0.067198 0.599280 0.797714  0.433607 0.291971 1 1 1.000000
skin_0dam
0  12.318642 67.153381 34.612507  -0.253846 0.530012 0.809104  0.429701 0.290994 1 1 1.000000
0  12.401225 67.016273 34.600513  0.077693 -0.012335 0.996901  0.429701 0.291971 1 1 1.000000
0  12.814140 67.461044 34.570335  0.077431 -0.013465 0.996907  0.427747 0.290017 1 1 1.000000
skin_0dam
0  12.814140 67.461044 34.570335  0.077431 -0.013465 0.996907  0.427747 0.290017 1 1 1.000000
0  12.662739 67.528397 34.590046  -0.506715 0.302280 0.807383  0.427747 0.290017 1 1 1.000000
0  12.318642 67.153381 34.612507  -0.253846 0.530012 0.809104  0.429701 0.290994 1 1 1.000000
skin_0dam
0  12.662739 67.528397 34.590046  -0.506715 0.302280 0.807383  0.427747 0.290017 1 1 1.000000
0  12.814140 67.461044 34.570335  0.077431 -0.013465 0.996907  0.427747 0.290017 1 1 1.000000
0  12.924252 68.026802 34.578384  0.076066 -0.014222 0.997001  0.426771 0.288064 1 1 1.000000
skin_0dam
0  12.924252 68.026802 34.578384  0.076066 -0.014222 0.997001  0.426771 0.288064 1 1 1.000000
0  12.772848 68.026802 34.578384  -0.643567 0.071152 0.762076  0.427747 0.288064 1 1 1.000000
0  12.662739 67.528397 34.590046  -0.506715 0.302280 0.807383  0.427747 0.290017 1 1 1.000000
skin_0dam
0  12.772847 79.688576 34.728222  -0.664106 -0.083871 0.742919  0.427747 0.244118 1 1 1.000000
0  12.662738 80.184586 34.743988  -0.556840 -0.317603 0.767501  0.427747 0.242164 1 1 1.000000
0  12.662738 80.220573 34.332645  -0.880496 -0.472252 -0.041302  0.427747 0.242164 1 1 1.000000
skin_0dam
0  12.662738 80.220573 34.332645  -0.880496 -0.472252 -0.041302  0.427747 0.242164 1 1 1.000000
0  12.772847 79.724564 34.316879  -0.993669 -0.111916 -0.009789  0.427747 0.244118 1 1 1.000000
0  12.772847 79.688576 34.728222  -0.664106 -0.083871 0.742919  0.427747 0.244118 1 1 1.000000
skin_0dam
0  12.662738 80.184586 34.743988  -0.556840 -0.317603 0.767501  0.427747 0.242164 1 1 1.000000
0  12.318641 80.556000 34.762665  -0.312907 -0.583572 0.749355  0.429701 0.241188 1 1 1.000000
0  12.318641 80.591988 34.351322  -0.515305 -0.853744 -0.074710  0.429701 0.241188 1 1 1.000000
skin_0dam
0  12.318641 80.591988 34.351322  -0.515305 -0.853744 -0.074710  0.429701 0.241188 1 1 1.000000
0  12.662738 80.220573 34.332645  -0.880496 -0.472252 -0.041302  0.427747 0.242164 1 1 1.000000
0  12.662738 80.184586 34.743988  -0.556840 -0.317603 0.767501  0.427747 0.242164 1 1 1.000000
skin_0dam
0  12.318641 80.556000 34.762665  -0.312907 -0.583572 0.749355  0.429701 0.241188 1 1 1.000000
0  11.768087 80.705627 34.789574  0.039550 -0.674074 0.737605  0.433607 0.240211 1 1 1.000000
0  11.768087 80.741615 34.378227  -0.007841 -0.996164 -0.087151  0.433607 0.240211 1 1 1.000000
skin_0dam
0  11.768087 80.741615 34.378227  -0.007841 -0.996164 -0.087151  0.433607 0.240211 1 1 1.000000
0  12.318641 80.591988 34.351322  -0.515305 -0.853744 -0.074710  0.429701 0.241188 1 1 1.000000
0  12.318641 80.556000 34.762665  -0.312907 -0.583572 0.749355  0.429701 0.241188 1 1 1.000000
skin_0dam
0  11.768087 80.705627 34.789574  0.039550 -0.674074 0.737605  0.433607 0.240211 1 1 1.000000
0  11.203769 80.551201 34.817509  0.379153 -0.557445 0.738578  0.436537 0.241188 1 1 1.000000
0  11.203769 80.588387 34.392456  0.504184 -0.860313 -0.075231  0.436537 0.241188 1 1 1.000000
skin_0dam
0  11.203769 80.588387 34.392456  0.504184 -0.860313 -0.075231  0.436537 0.241188 1 1 1.000000
0  11.768087 80.741615 34.378227  -0.007841 -0.996164 -0.087151  0.433607 0.240211 1 1 1.000000
0  11.768087 80.705627 34.789574  0.039550 -0.674074 0.737605  0.433607 0.240211 1 1 1.000000
skin_0dam
0  11.203769 80.551201 34.817509  0.379153 -0.557445 0.738578  0.436537 0.241188 1 1 1.000000
0  10.859674 80.177391 34.826252  0.599750 -0.290660 0.745531  0.438490 0.242164 1 1 1.000000
0  10.859674 80.213379 34.414913  0.876707 -0.479195 -0.041916  0.438490 0.242164 1 1 1.000000
skin_0dam
0  10.859674 80.213379 34.414913  0.876707 -0.479195 -0.041916  0.438490 0.242164 1 1 1.000000
0  11.203769 80.588387 34.392456  0.504184 -0.860313 -0.075231  0.436537 0.241188 1 1 1.000000
0  11.203769 80.551201 34.817509  0.379153 -0.557445 0.738578  0.436537 0.241188 1 1 1.000000
skin_0dam
0  10.859674 80.177391 34.826252  0.599750 -0.290660 0.745531  0.438490 0.242164 1 1 1.000000
0  10.749562 79.678978 34.837921  0.696796 -0.072313 0.713614  0.438490 0.244118 1 1 1.000000
0  10.749562 79.716164 34.412861  0.993402 -0.114245 -0.009994  0.438490 0.244118 1 1 1.000000
skin_0dam
0  10.749562 79.716164 34.412861  0.993402 -0.114245 -0.009994  0.438490 0.244118 1 1 1.000000
0  10.859674 80.213379 34.414913  0.876707 -0.479195 -0.041916  0.438490 0.242164 1 1 1.000000
0  10.859674 80.177391 34.826252  0.599750 -0.290660 0.745531  0.438490 0.242164 1 1 1.000000
skin_0dam
0  10.749563 68.012405 34.742928  0.701738 0.068924 0.709093  0.438490 0.288064 1 1 1.000000
0  10.859674 67.516403 34.727165  0.585722 0.276532 0.761879  0.438490 0.290017 1 1 1.000000
0  10.859674 67.553589 34.302109  0.885447 0.462972 0.040510  0.438490 0.290017 1 1 1.000000
skin_0dam
0  10.859674 67.553589 34.302109  0.885447 0.462972 0.040510  0.438490 0.290017 1 1 1.000000
0  10.749563 68.049591 34.317867  0.994522 0.104129 0.009109  0.438490 0.288064 1 1 1.000000
0  10.749563 68.012405 34.742928  0.701738 0.068924 0.709093  0.438490 0.288064 1 1 1.000000
skin_0dam
0  10.859674 67.516403 34.727165  0.585722 0.276532 0.761879  0.438490 0.290017 1 1 1.000000
0  11.203770 67.146187 34.694778  0.370115 0.501816 0.781790  0.436537 0.290994 1 1 1.000000
0  11.203770 67.183372 34.269718  0.511206 0.856188 0.074907  0.436537 0.290994 1 1 1.000000
skin_0dam
0  11.203770 67.183372 34.269718  0.511206 0.856188 0.074907  0.436537 0.290994 1 1 1.000000
0  10.859674 67.553589 34.302109  0.885447 0.462972 0.040510  0.438490 0.290017 1 1 1.000000
0  10.859674 67.516403 34.727165  0.585722 0.276532 0.761879  0.438490 0.290017 1 1 1.000000
skin_0dam
0  11.203770 67.146187 34.694778  0.370115 0.501816 0.781790  0.436537 0.290994 1 1 1.000000
0  11.768088 66.997765 34.654156  0.067198 0.599280 0.797714  0.433607 0.291971 1 1 1.000000
0  11.768088 67.034950 34.229099  -0.013410 0.996106 0.087135  0.433607 0.291971 1 1 1.000000
skin_0dam
0  11.768088 67.034950 34.229099  -0.013410 0.996106 0.087135  0.433607 0.291971 1 1 1.000000
0  11.203770 67.183372 34.269718  0.511206 0.856188 0.074907  0.436537 0.290994 1 1 1.000000
0  11.203770 67.146187 34.694778  0.370115 0.501816 0.781790  0.436537 0.290994 1 1 1.000000
skin_0dam
0  11.768088 66.997765 34.654156  0.067198 0.599280 0.797714  0.433607 0.291971 1 1 1.000000
0  12.318642 67.153381 34.612507  -0.253846 0.530012 0.809104  0.429701 0.290994 1 1 1.000000
0  12.318642 67.190575 34.187450  -0.530605 0.844393 0.073881  0.429701 0.290994 1 1 1.000000
skin_0dam
0  12.318642 67.190575 34.187450  -0.530605 0.844393 0.073881  0.429701 0.290994 1 1 1.000000
0  11.768088 67.034950 34.229099  -0.013410 0.996106 0.087135  0.433607 0.291971 1 1 1.000000
0  11.768088 66.997765 34.654156  0.067198 0.599280 0.797714  0.433607 0.291971 1 1 1.000000
skin_0dam
0  12.318642 67.153381 34.612507  -0.253846 0.530012 0.809104  0.429701 0.290994 1 1 1.000000
0  12.662739 67.528397 34.590046  -0.506715 0.302280 0.807383  0.427747 0.290017 1 1 1.000000
0  12.662739 67.565582 34.164989  -0.890947 0.452379 0.039584  0.427747 0.290017 1 1 1.000000
skin_0dam
0  12.662739 67.565582 34.164989  -0.890947 0.452379 0.039584  0.427747 0.290017 1 1 1.000000
0  12.318642 67.190575 34.187450  -0.530605 0.844393 0.073881  0.429701 0.290994 1 1 1.000000
0  12.318642 67.153381 34.612507  -0.253846 0.530012 0.809104  0.429701 0.290994 1 1 1.000000
skin_0dam
0  12.662739 67.528397 34.590046  -0.506715 0.302280 0.807383  0.427747 0.290017 1 1 1.000000
0  12.772848 68.026802 34.578384  -0.643567 0.071152 0.762076  0.427747 0.288064 1 1 1.000000
0  12.772848 68.062790 34.167042  -0.994608 0.103308 0.009037  0.427747 0.288064 1 1 1.000000
skin_0dam
0  12.772848 68.062790 34.167042  -0.994608 0.103308 0.009037  0.427747 0.288064 1 1 1.000000
0  12.662739 67.565582 34.164989  -0.890947 0.452379 0.039584  0.427747 0.290017 1 1 1.000000
0  12.662739 67.528397 34.590046  -0.506715 0.302280 0.807383  0.427747 0.290017 1 1 1.000000
skin_0dam
0  12.772848 68.026802 34.578384  -0.643567 0.071152 0.762076  0.427747 0.288064 1 1 1.000000
0  12.772847 79.688576 34.728222  -0.664106 -0.083871 0.742919  0.427747 0.244118 1 1 1.000000
0  12.772847 79.724564 34.316879  -0.993669 -0.111916 -0.009789  0.427747 0.244118 1 1 1.000000
skin_0dam
0  12.772847 79.724564 34.316879  -0.993669 -0.111916 -0.009789  0.427747 0.244118 1 1 1.000000
0  12.772848 68.062790 34.167042  -0.994608 0.103308 0.009037  0.427747 0.288064 1 1 1.000000
0  12.772848 68.026802 34.578384  -0.643567 0.071152 0.762076  0.427747 0.288064 1 1 1.000000
skin_0dam
0  10.749562 79.716164 34.412861  0.993402 -0.114245 -0.009994  0.438490 0.244118 1 1 1.000000
0  10.749562 79.678978 34.837921  0.696796 -0.072313 0.713614  0.438490 0.244118 1 1 1.000000
0  10.749563 68.012405 34.742928  0.701738 0.068924 0.709093  0.438490 0.288064 1 1 1.000000
skin_0dam
0  10.749563 68.012405 34.742928  0.701738 0.068924 0.709093  0.438490 0.288064 1 1 1.000000
0  10.749563 68.049591 34.317867  0.994522 0.104129 0.009109  0.438490 0.288064 1 1 1.000000
0  10.749562 79.716164 34.412861  0.993402 -0.114245 -0.009994  0.438490 0.244118 1 1 1.000000
skin_0dam
0  14.851190 79.875221 34.647842  0.042816 -0.028548 0.998675  0.416028 0.243141 1 1 1.000000
0  16.434032 81.576118 34.630856  0.026951 -0.012354 0.999560  0.407239 0.237281 1 1 1.000000
0  12.800376 80.268059 34.737473  0.038310 -0.019126 0.999083  0.427747 0.242164 1 1 1.000000
skin_0dam
0  12.800376 80.268059 34.737473  0.038310 -0.019126 0.999083  0.427747 0.242164 1 1 1.000000
0  14.176761 79.679657 34.672180  0.047406 -0.014594 0.998769  0.419935 0.244118 1 1 1.000000
0  14.851190 79.875221 34.647842  0.042816 -0.028548 0.998675  0.416028 0.243141 1 1 1.000000
skin_0dam
0  12.800376 80.268059 34.737473  0.038310 -0.019126 0.999083  0.427747 0.242164 1 1 1.000000
0  12.924251 79.688576 34.728222  0.041931 -0.017124 0.998974  0.426771 0.244118 1 1 1.000000
0  13.805137 79.263519 34.691036  0.042251 -0.013869 0.999011  0.421888 0.246071 1 1 1.000000
skin_0dam
0  13.805137 79.263519 34.691036  0.042251 -0.013869 0.999011  0.421888 0.246071 1 1 1.000000
0  14.176761 79.679657 34.672180  0.047406 -0.014594 0.998769  0.419935 0.244118 1 1 1.000000
0  12.800376 80.268059 34.737473  0.038310 -0.019126 0.999083  0.427747 0.242164 1 1 1.000000
skin_0dam
0  13.805137 79.263519 34.691036  0.042251 -0.013869 0.999011  0.421888 0.246071 1 1 1.000000
0  12.924251 79.688576 34.728222  0.041931 -0.017124 0.998974  0.426771 0.244118 1 1 1.000000
0  13.681262 78.684036 34.681786  0.041813 -0.015044 0.999012  0.422864 0.248024 1 1 1.000000
skin_0dam
0  13.681263 67.024673 34.504528  0.077307 -0.015430 0.996888  0.422864 0.291971 1 1 1.000000
0  12.401225 67.016273 34.600513  0.077693 -0.012335 0.996901  0.429701 0.291971 1 1 1.000000
0  13.805138 66.446396 34.481567  0.082164 -0.014614 0.996512  0.421888 0.293924 1 1 1.000000
skin_0dam
0  13.805138 66.446396 34.481567  0.082164 -0.014614 0.996512  0.421888 0.293924 1 1 1.000000
0  12.401225 67.016273 34.600513  0.077693 -0.012335 0.996901  0.429701 0.291971 1 1 1.000000
0  13.681264 64.995880 34.479015  0.083155 -0.022852 0.996275  0.421888 0.298807 1 1 1.000000
skin_0dam
0  13.681264 64.995880 34.479015  0.083155 -0.022852 0.996275  0.421888 0.298807 1 1 1.000000
0  14.218052 66.021332 34.444378  0.091001 -0.012270 0.995775  0.418958 0.295877 1 1 1.000000
0  13.805138 66.446396 34.481567  0.082164 -0.014614 0.996512  0.421888 0.293924 1 1 1.000000
skin_0dam
0  13.681264 64.995880 34.479015  0.083155 -0.022852 0.996275  0.421888 0.298807 1 1 1.000000
0  17.232336 63.451965 34.122875  0.080788 -0.037266 0.996034  0.402356 0.305643 1 1 1.000000
0  14.851191 65.861595 34.375137  0.089353 -0.015938 0.995873  0.416028 0.295877 1 1 1.000000
skin_0dam
0  14.851191 65.861595 34.375137  0.089353 -0.015938 0.995873  0.416028 0.295877 1 1 1.000000
0  14.218052 66.021332 34.444378  0.091001 -0.012270 0.995775  0.418958 0.295877 1 1 1.000000
0  13.681264 64.995880 34.479015  0.083155 -0.022852 0.996275  0.421888 0.298807 1 1 1.000000
skin_0dam
0  14.851191 65.861595 34.375137  0.089353 -0.015938 0.995873  0.416028 0.295877 1 1 1.000000
0  17.232336 63.451965 34.122875  0.080788 -0.037266 0.996034  0.402356 0.305643 1 1 1.000000
0  15.470563 66.030930 34.334690  0.086422 -0.021636 0.996024  0.412122 0.295877 1 1 1.000000
skin_0dam
0  15.883479 66.461990 34.303322  0.086129 -0.022472 0.996031  0.410169 0.293924 1 1 1.000000
0  17.232336 63.451965 34.122875  0.080788 -0.037266 0.996034  0.402356 0.305643 1 1 1.000000
0  16.021118 67.042664 34.298859  0.085998 -0.022586 0.996039  0.409192 0.291971 1 1 1.000000
skin_0dam
0  15.470563 66.030930 34.334690  0.086422 -0.021636 0.996024  0.412122 0.295877 1 1 1.000000
0  17.232336 63.451965 34.122875  0.080788 -0.037266 0.996034  0.402356 0.305643 1 1 1.000000
0  15.883479 66.461990 34.303322  0.086129 -0.022472 0.996031  0.410169 0.293924 1 1 1.000000
skin_0dam
0  16.021116 78.693634 34.572098  0.031433 -0.026206 0.999162  0.409192 0.248024 1 1 1.000000
0  15.855949 78.707344 34.573296  -0.668867 -0.090900 0.737803  0.410169 0.248024 1 1 1.000000
0  15.855950 67.041466 34.312569  -0.640606 0.064214 0.765180  0.410169 0.291971 1 1 1.000000
skin_0dam
0  15.855950 67.041466 34.312569  -0.640606 0.064214 0.765180  0.410169 0.291971 1 1 1.000000
0  16.021118 67.042664 34.298859  0.085998 -0.022586 0.996039  0.409192 0.291971 1 1 1.000000
0  16.021116 78.693634 34.572098  0.031433 -0.026206 0.999162  0.409192 0.248024 1 1 1.000000
skin_0dam
0  13.832664 67.025871 34.490814  0.701681 0.062837 0.709715  0.421888 0.291971 1 1 1.000000
0  13.832664 78.698944 34.669273  0.695033 -0.079999 0.714513  0.421888 0.248024 1 1 1.000000
0  13.681262 78.684036 34.681786  0.041813 -0.015044 0.999012  0.422864 0.248024 1 1 1.000000
skin_0dam
0  13.681262 78.684036 34.681786  0.041813 -0.015044 0.999012  0.422864 0.248024 1 1 1.000000
0  13.681263 67.024673 34.504528  0.077307 -0.015430 0.996888  0.422864 0.291971 1 1 1.000000
0  13.832664 67.025871 34.490814  0.701681 0.062837 0.709715  0.421888 0.291971 1 1 1.000000
skin_0dam
0  15.401743 79.559853 34.620251  -0.311252 -0.588559 0.746137  0.413099 0.244118 1 1 1.000000
0  15.484325 79.698166 34.618534  0.037025 -0.029151 0.998889  0.412122 0.244118 1 1 1.000000
0  14.851190 79.875221 34.647842  0.042816 -0.028548 0.998675  0.416028 0.243141 1 1 1.000000
skin_0dam
0  14.851190 79.875221 34.647842  0.042816 -0.028548 0.998675  0.416028 0.243141 1 1 1.000000
0  14.851190 79.709480 34.647156  0.040776 -0.678883 0.733113  0.416028 0.244118 1 1 1.000000
0  15.401743 79.559853 34.620251  -0.311252 -0.588559 0.746137  0.413099 0.244118 1 1 1.000000
skin_0dam
0  15.745839 79.203362 34.589062  -0.555926 -0.325654 0.764785  0.411145 0.246071 1 1 1.000000
0  15.883478 79.300545 34.583748  0.034400 -0.028479 0.999002  0.410169 0.245094 1 1 1.000000
0  15.484325 79.698166 34.618534  0.037025 -0.029151 0.998889  0.412122 0.244118 1 1 1.000000
skin_0dam
0  15.484325 79.698166 34.618534  0.037025 -0.029151 0.998889  0.412122 0.244118 1 1 1.000000
0  15.401743 79.559853 34.620251  -0.311252 -0.588559 0.746137  0.413099 0.244118 1 1 1.000000
0  15.745839 79.203362 34.589062  -0.555926 -0.325654 0.764785  0.411145 0.246071 1 1 1.000000
skin_0dam
0  15.855949 78.707344 34.573296  -0.668867 -0.090900 0.737803  0.410169 0.248024 1 1 1.000000
0  16.021116 78.693634 34.572098  0.031433 -0.026206 0.999162  0.409192 0.248024 1 1 1.000000
0  15.883478 79.300545 34.583748  0.034400 -0.028479 0.999002  0.410169 0.245094 1 1 1.000000
skin_0dam
0  15.883478 79.300545 34.583748  0.034400 -0.028479 0.999002  0.410169 0.245094 1 1 1.000000
0  15.745839 79.203362 34.589062  -0.555926 -0.325654 0.764785  0.411145 0.246071 1 1 1.000000
0  15.855949 78.707344 34.573296  -0.668867 -0.090900 0.737803  0.410169 0.248024 1 1 1.000000
skin_0dam
0  14.851190 79.709480 34.647156  0.040776 -0.678883 0.733113  0.416028 0.244118 1 1 1.000000
0  14.851190 79.875221 34.647842  0.042816 -0.028548 0.998675  0.416028 0.243141 1 1 1.000000
0  14.176761 79.679657 34.672180  0.047406 -0.014594 0.998769  0.419935 0.244118 1 1 1.000000
skin_0dam
0  14.176761 79.679657 34.672180  0.047406 -0.014594 0.998769  0.419935 0.244118 1 1 1.000000
0  14.286872 79.556252 34.661385  0.380475 -0.561369 0.734918  0.418958 0.244118 1 1 1.000000
0  14.851190 79.709480 34.647156  0.040776 -0.678883 0.733113  0.416028 0.244118 1 1 1.000000
skin_0dam
0  14.286872 79.556252 34.661385  0.380475 -0.561369 0.734918  0.418958 0.244118 1 1 1.000000
0  14.176761 79.679657 34.672180  0.047406 -0.014594 0.998769  0.419935 0.244118 1 1 1.000000
0  13.805137 79.263519 34.691036  0.042251 -0.013869 0.999011  0.421888 0.246071 1 1 1.000000
skin_0dam
0  13.805137 79.263519 34.691036  0.042251 -0.013869 0.999011  0.421888 0.246071 1 1 1.000000
0  13.942776 79.194969 34.685040  0.596291 -0.295191 0.746525  0.420911 0.246071 1 1 1.000000
0  14.286872 79.556252 34.661385  0.380475 -0.561369 0.734918  0.418958 0.244118 1 1 1.000000
skin_0dam
0  13.942776 79.194969 34.685040  0.596291 -0.295191 0.746525  0.420911 0.246071 1 1 1.000000
0  13.805137 79.263519 34.691036  0.042251 -0.013869 0.999011  0.421888 0.246071 1 1 1.000000
0  13.681262 78.684036 34.681786  0.041813 -0.015044 0.999012  0.422864 0.248024 1 1 1.000000
skin_0dam
0  13.681262 78.684036 34.681786  0.041813 -0.015044 0.999012  0.422864 0.248024 1 1 1.000000
0  13.832664 78.698944 34.669273  0.695033 -0.079999 0.714513  0.421888 0.248024 1 1 1.000000
0  13.942776 79.194969 34.685040  0.596291 -0.295191 0.746525  0.420911 0.246071 1 1 1.000000
skin_0dam
0  13.832664 67.025871 34.490814  0.701681 0.062837 0.709715  0.421888 0.291971 1 1 1.000000
0  13.681263 67.024673 34.504528  0.077307 -0.015430 0.996888  0.422864 0.291971 1 1 1.000000
0  13.805138 66.446396 34.481567  0.082164 -0.014614 0.996512  0.421888 0.293924 1 1 1.000000
skin_0dam
0  13.805138 66.446396 34.481567  0.082164 -0.014614 0.996512  0.421888 0.293924 1 1 1.000000
0  13.942777 66.529861 34.475052  0.588542 0.268366 0.762626  0.420911 0.293924 1 1 1.000000
0  13.832664 67.025871 34.490814  0.701681 0.062837 0.709715  0.421888 0.291971 1 1 1.000000
skin_0dam
0  13.942777 66.529861 34.475052  0.588542 0.268366 0.762626  0.420911 0.293924 1 1 1.000000
0  13.805138 66.446396 34.481567  0.082164 -0.014614 0.996512  0.421888 0.293924 1 1 1.000000
0  14.218052 66.021332 34.444378  0.091001 -0.012270 0.995775  0.418958 0.295877 1 1 1.000000
skin_0dam
0  14.218052 66.021332 34.444378  0.091001 -0.012270 0.995775  0.418958 0.295877 1 1 1.000000
0  14.286873 66.174553 34.430153  0.379035 0.497235 0.780442  0.418958 0.294900 1 1 1.000000
0  13.942777 66.529861 34.475052  0.588542 0.268366 0.762626  0.420911 0.293924 1 1 1.000000
skin_0dam
0  14.286873 66.174553 34.430153  0.379035 0.497235 0.780442  0.418958 0.294900 1 1 1.000000
0  14.218052 66.021332 34.444378  0.091001 -0.012270 0.995775  0.418958 0.295877 1 1 1.000000
0  14.851191 65.861595 34.375137  0.089353 -0.015938 0.995873  0.416028 0.295877 1 1 1.000000
skin_0dam
0  14.851191 65.861595 34.375137  0.089353 -0.015938 0.995873  0.416028 0.295877 1 1 1.000000
0  14.851191 66.013618 34.374622  0.074126 0.595750 0.799742  0.416028 0.295877 1 1 1.000000
0  14.286873 66.174553 34.430153  0.379035 0.497235 0.780442  0.418958 0.294900 1 1 1.000000
skin_0dam
0  14.851191 66.013618 34.374622  0.074126 0.595750 0.799742  0.416028 0.295877 1 1 1.000000
0  14.851191 65.861595 34.375137  0.089353 -0.015938 0.995873  0.416028 0.295877 1 1 1.000000
0  15.470563 66.030930 34.334690  0.086422 -0.021636 0.996024  0.412122 0.295877 1 1 1.000000
skin_0dam
0  15.470563 66.030930 34.334690  0.086422 -0.021636 0.996024  0.412122 0.295877 1 1 1.000000
0  15.401744 66.182953 34.334175  -0.248846 0.527061 0.812578  0.413099 0.294900 1 1 1.000000
0  14.851191 66.013618 34.374622  0.074126 0.595750 0.799742  0.416028 0.295877 1 1 1.000000
skin_0dam
0  15.745840 66.544250 34.310520  -0.503896 0.297048 0.811080  0.411145 0.293924 1 1 1.000000
0  15.883479 66.461990 34.303322  0.086129 -0.022472 0.996031  0.410169 0.293924 1 1 1.000000
0  16.021118 67.042664 34.298859  0.085998 -0.022586 0.996039  0.409192 0.291971 1 1 1.000000
skin_0dam
0  16.021118 67.042664 34.298859  0.085998 -0.022586 0.996039  0.409192 0.291971 1 1 1.000000
0  15.855950 67.041466 34.312569  -0.640606 0.064214 0.765180  0.410169 0.291971 1 1 1.000000
0  15.745840 66.544250 34.310520  -0.503896 0.297048 0.811080  0.411145 0.293924 1 1 1.000000
skin_0dam
0  15.401744 66.182953 34.334175  -0.248846 0.527061 0.812578  0.413099 0.294900 1 1 1.000000
0  15.470563 66.030930 34.334690  0.086422 -0.021636 0.996024  0.412122 0.295877 1 1 1.000000
0  15.883479 66.461990 34.303322  0.086129 -0.022472 0.996031  0.410169 0.293924 1 1 1.000000
skin_0dam
0  15.883479 66.461990 34.303322  0.086129 -0.022472 0.996031  0.410169 0.293924 1 1 1.000000
0  15.745840 66.544250 34.310520  -0.503896 0.297048 0.811080  0.411145 0.293924 1 1 1.000000
0  15.401744 66.182953 34.334175  -0.248846 0.527061 0.812578  0.413099 0.294900 1 1 1.000000
skin_0dam
0  15.855949 78.707344 34.573296  -0.668867 -0.090900 0.737803  0.410169 0.248024 1 1 1.000000
0  15.745839 79.203362 34.589062  -0.555926 -0.325654 0.764785  0.411145 0.246071 1 1 1.000000
0  15.745839 79.244148 34.122871  -0.881173 -0.470996 -0.041198  0.411145 0.246071 1 1 1.000000
skin_0dam
0  15.745839 79.244148 34.122871  -0.881173 -0.470996 -0.041198  0.411145 0.246071 1 1 1.000000
0  15.855949 78.748131 34.107105  -0.993755 -0.111157 -0.009723  0.410169 0.248024 1 1 1.000000
0  15.855949 78.707344 34.573296  -0.668867 -0.090900 0.737803  0.410169 0.248024 1 1 1.000000
skin_0dam
0  15.745839 79.203362 34.589062  -0.555926 -0.325654 0.764785  0.411145 0.246071 1 1 1.000000
0  15.401743 79.559853 34.620251  -0.311252 -0.588559 0.746137  0.413099 0.244118 1 1 1.000000
0  15.401743 79.601837 34.140347  -0.515597 -0.853571 -0.074675  0.413099 0.244118 1 1 1.000000
skin_0dam
0  15.401743 79.601837 34.140347  -0.515597 -0.853571 -0.074675  0.413099 0.244118 1 1 1.000000
0  15.745839 79.244148 34.122871  -0.881173 -0.470996 -0.041198  0.411145 0.246071 1 1 1.000000
0  15.745839 79.203362 34.589062  -0.555926 -0.325654 0.764785  0.411145 0.246071 1 1 1.000000
skin_0dam
0  15.401743 79.559853 34.620251  -0.311252 -0.588559 0.746137  0.413099 0.244118 1 1 1.000000
0  14.851190 79.709480 34.647156  0.040776 -0.678883 0.733113  0.416028 0.244118 1 1 1.000000
0  14.851190 79.751465 34.167255  -0.007999 -0.996163 -0.087154  0.416028 0.244118 1 1 1.000000
skin_0dam
0  14.851190 79.751465 34.167255  -0.007999 -0.996163 -0.087154  0.416028 0.244118 1 1 1.000000
0  15.401743 79.601837 34.140347  -0.515597 -0.853571 -0.074675  0.413099 0.244118 1 1 1.000000
0  15.401743 79.559853 34.620251  -0.311252 -0.588559 0.746137  0.413099 0.244118 1 1 1.000000
skin_0dam
0  14.851190 79.709480 34.647156  0.040776 -0.678883 0.733113  0.416028 0.244118 1 1 1.000000
0  14.286872 79.556252 34.661385  0.380475 -0.561369 0.734918  0.418958 0.244118 1 1 1.000000
0  14.286872 79.597038 34.195190  0.503345 -0.860798 -0.075306  0.418958 0.244118 1 1 1.000000
skin_0dam
0  14.286872 79.597038 34.195190  0.503345 -0.860798 -0.075306  0.418958 0.244118 1 1 1.000000
0  14.851190 79.751465 34.167255  -0.007999 -0.996163 -0.087154  0.416028 0.244118 1 1 1.000000
0  14.851190 79.709480 34.647156  0.040776 -0.678883 0.733113  0.416028 0.244118 1 1 1.000000
skin_0dam
0  14.286872 79.556252 34.661385  0.380475 -0.561369 0.734918  0.418958 0.244118 1 1 1.000000
0  13.942776 79.194969 34.685040  0.596291 -0.295191 0.746525  0.420911 0.246071 1 1 1.000000
0  13.942776 79.236954 34.205139  0.877055 -0.478563 -0.041864  0.420911 0.246071 1 1 1.000000
skin_0dam
0  13.942776 79.236954 34.205139  0.877055 -0.478563 -0.041864  0.420911 0.246071 1 1 1.000000
0  14.286872 79.597038 34.195190  0.503345 -0.860798 -0.075306  0.418958 0.244118 1 1 1.000000
0  14.286872 79.556252 34.661385  0.380475 -0.561369 0.734918  0.418958 0.244118 1 1 1.000000
skin_0dam
0  13.942776 79.194969 34.685040  0.596291 -0.295191 0.746525  0.420911 0.246071 1 1 1.000000
0  13.832664 78.698944 34.669273  0.695033 -0.079999 0.714513  0.421888 0.248024 1 1 1.000000
0  13.832664 78.739731 34.203087  0.993541 -0.113040 -0.009889  0.421888 0.248024 1 1 1.000000
skin_0dam
0  13.832664 78.739731 34.203087  0.993541 -0.113040 -0.009889  0.421888 0.248024 1 1 1.000000
0  13.942776 79.236954 34.205139  0.877055 -0.478563 -0.041864  0.420911 0.246071 1 1 1.000000
0  13.942776 79.194969 34.685040  0.596291 -0.295191 0.746525  0.420911 0.246071 1 1 1.000000
skin_0dam
0  13.832664 78.739731 34.203087  0.993541 -0.113040 -0.009889  0.421888 0.248024 1 1 1.000000
0  13.832664 78.698944 34.669273  0.695033 -0.079999 0.714513  0.421888 0.248024 1 1 1.000000
0  13.832664 67.025871 34.490814  0.701681 0.062837 0.709715  0.421888 0.291971 1 1 1.000000
skin_0dam
0  13.832664 67.025871 34.490814  0.701681 0.062837 0.709715  0.421888 0.291971 1 1 1.000000
0  13.832664 67.066658 34.024628  0.994435 0.104954 0.009180  0.421888 0.291971 1 1 1.000000
0  13.832664 78.739731 34.203087  0.993541 -0.113040 -0.009889  0.421888 0.248024 1 1 1.000000
skin_0dam
0  13.832664 67.025871 34.490814  0.701681 0.062837 0.709715  0.421888 0.291971 1 1 1.000000
0  13.942777 66.529861 34.475052  0.588542 0.268366 0.762626  0.420911 0.293924 1 1 1.000000
0  13.942777 66.570648 34.008865  0.884432 0.464895 0.040665  0.420911 0.293924 1 1 1.000000
skin_0dam
0  13.942777 66.570648 34.008865  0.884432 0.464895 0.040665  0.420911 0.293924 1 1 1.000000
0  13.832664 67.066658 34.024628  0.994435 0.104954 0.009180  0.421888 0.291971 1 1 1.000000
0  13.832664 67.025871 34.490814  0.701681 0.062837 0.709715  0.421888 0.291971 1 1 1.000000
skin_0dam
0  13.942777 66.529861 34.475052  0.588542 0.268366 0.762626  0.420911 0.293924 1 1 1.000000
0  14.286873 66.174553 34.430153  0.379035 0.497235 0.780442  0.418958 0.294900 1 1 1.000000
0  14.286873 66.215340 33.963963  0.509587 0.857144 0.074997  0.418958 0.294900 1 1 1.000000
skin_0dam
0  14.286873 66.215340 33.963963  0.509587 0.857144 0.074997  0.418958 0.294900 1 1 1.000000
0  13.942777 66.570648 34.008865  0.884432 0.464895 0.040665  0.420911 0.293924 1 1 1.000000
0  13.942777 66.529861 34.475052  0.588542 0.268366 0.762626  0.420911 0.293924 1 1 1.000000
skin_0dam
0  14.286873 66.174553 34.430153  0.379035 0.497235 0.780442  0.418958 0.294900 1 1 1.000000
0  14.851191 66.013618 34.374622  0.074126 0.595750 0.799742  0.416028 0.295877 1 1 1.000000
0  14.851191 66.054405 33.908432  -0.014538 0.996091 0.087130  0.416028 0.295877 1 1 1.000000
skin_0dam
0  14.851191 66.054405 33.908432  -0.014538 0.996091 0.087130  0.416028 0.295877 1 1 1.000000
0  14.286873 66.215340 33.963963  0.509587 0.857144 0.074997  0.418958 0.294900 1 1 1.000000
0  14.286873 66.174553 34.430153  0.379035 0.497235 0.780442  0.418958 0.294900 1 1 1.000000
skin_0dam
0  14.851191 66.013618 34.374622  0.074126 0.595750 0.799742  0.416028 0.295877 1 1 1.000000
0  15.401744 66.182953 34.334175  -0.248846 0.527061 0.812578  0.413099 0.294900 1 1 1.000000
0  15.401744 66.223740 33.867981  -0.531144 0.844058 0.073843  0.413099 0.294900 1 1 1.000000
skin_0dam
0  15.401744 66.223740 33.867981  -0.531144 0.844058 0.073843  0.413099 0.294900 1 1 1.000000
0  14.851191 66.054405 33.908432  -0.014538 0.996091 0.087130  0.416028 0.295877 1 1 1.000000
0  14.851191 66.013618 34.374622  0.074126 0.595750 0.799742  0.416028 0.295877 1 1 1.000000
skin_0dam
0  15.401744 66.182953 34.334175  -0.248846 0.527061 0.812578  0.413099 0.294900 1 1 1.000000
0  15.745840 66.544250 34.310520  -0.503896 0.297048 0.811080  0.411145 0.293924 1 1 1.000000
0  15.745840 66.585037 33.844330  -0.890656 0.452947 0.039629  0.411145 0.293924 1 1 1.000000
skin_0dam
0  15.745840 66.585037 33.844330  -0.890656 0.452947 0.039629  0.411145 0.293924 1 1 1.000000
0  15.401744 66.223740 33.867981  -0.531144 0.844058 0.073843  0.413099 0.294900 1 1 1.000000
0  15.401744 66.182953 34.334175  -0.248846 0.527061 0.812578  0.413099 0.294900 1 1 1.000000
skin_0dam
0  15.745840 66.544250 34.310520  -0.503896 0.297048 0.811080  0.411145 0.293924 1 1 1.000000
0  15.855950 67.041466 34.312569  -0.640606 0.064214 0.765180  0.410169 0.291971 1 1 1.000000
0  15.855950 67.082253 33.846382  -0.994504 0.104298 0.009124  0.410169 0.291971 1 1 1.000000
skin_0dam
0  15.855950 67.082253 33.846382  -0.994504 0.104298 0.009124  0.410169 0.291971 1 1 1.000000
0  15.745840 66.585037 33.844330  -0.890656 0.452947 0.039629  0.411145 0.293924 1 1 1.000000
0  15.745840 66.544250 34.310520  -0.503896 0.297048 0.811080  0.411145 0.293924 1 1 1.000000
skin_0dam
0  15.855950 67.082253 33.846382  -0.994504 0.104298 0.009124  0.410169 0.291971 1 1 1.000000
0  15.855950 67.041466 34.312569  -0.640606 0.064214 0.765180  0.410169 0.291971 1 1 1.000000
0  15.855949 78.707344 34.573296  -0.668867 -0.090900 0.737803  0.410169 0.248024 1 1 1.000000
skin_0dam
0  15.855949 78.707344 34.573296  -0.668867 -0.090900 0.737803  0.410169 0.248024 1 1 1.000000
0  15.855949 78.748131 34.107105  -0.993755 -0.111157 -0.009723  0.410169 0.248024 1 1 1.000000
0  15.855950 67.082253 33.846382  -0.994504 0.104298 0.009124  0.410169 0.291971 1 1 1.000000
skin_0dam
0  -0.013767 75.088898 35.030441  0.001862 0.104773 0.994494  0.500015 0.260720 1 1 1.000000
0  6.592880 74.971497 34.951092  0.009490 -0.005508 0.999940  0.462905 0.261696 1 1 1.000000
0  9.263067 75.690491 34.944912  0.249364 0.002651 0.968406  0.447279 0.258766 1 1 1.000000
skin_0dam
0  -0.013767 75.088898 35.030441  0.001862 0.104773 0.994494  0.500015 0.260720 1 1 1.000000
0  9.263067 75.690491 34.944912  0.249364 0.002651 0.968406  0.447279 0.258766 1 1 1.000000
0  -9.290601 75.690491 34.944912  -0.249428 0.002651 0.968390  0.551775 0.258766 1 1 1.000000
skin_0dam
0  -0.013767 75.088898 35.030441  0.001862 0.104773 0.994494  0.500015 0.260720 1 1 1.000000
0  -9.290601 75.690491 34.944912  -0.249428 0.002651 0.968390  0.551775 0.258766 1 1 1.000000
0  -6.620415 74.971497 34.951092  -0.010408 -0.004423 0.999936  0.537126 0.261696 1 1 1.000000
skin_0dam
0  8.712514 73.355255 34.947853  0.004555 0.001634 0.999988  0.450209 0.267556 1 1 1.000000
0  9.263067 75.690491 34.944912  0.249364 0.002651 0.968406  0.447279 0.258766 1 1 1.000000
0  8.051848 74.419434 34.944241  0.005238 0.000693 0.999986  0.454115 0.263649 1 1 1.000000
skin_0dam
0  9.263067 69.306602 34.952869  0.217911 0.001402 0.975968  0.447279 0.283181 1 1 1.000000
0  9.263067 75.690491 34.944912  0.249364 0.002651 0.968406  0.447279 0.258766 1 1 1.000000
0  8.712514 73.355255 34.947853  0.004555 0.001634 0.999988  0.450209 0.267556 1 1 1.000000
skin_0dam
0  7.308601 69.766983 35.849766  0.329608 0.001900 0.944116  0.458022 0.281228 1 1 1.000000
0  7.556351 67.352562 35.652348  0.279221 -0.030622 0.959738  0.457045 0.290017 1 1 1.000000
0  9.263067 66.335854 34.955475  0.389171 -0.011842 0.921090  0.447279 0.293924 1 1 1.000000
skin_0dam
0  9.263067 66.335854 34.955475  0.389171 -0.011842 0.921090  0.447279 0.293924 1 1 1.000000
0  8.437237 72.152756 34.953175  0.199141 0.079918 0.976707  0.452162 0.272439 1 1 1.000000
0  7.308601 69.766983 35.849766  0.329608 0.001900 0.944116  0.458022 0.281228 1 1 1.000000
skin_0dam
0  6.386423 71.055168 36.128262  0.250917 0.091820 0.963644  0.463881 0.276345 1 1 1.000000
0  7.308601 69.766983 35.849766  0.329608 0.001900 0.944116  0.458022 0.281228 1 1 1.000000
0  8.437237 72.152756 34.953175  0.199141 0.079918 0.976707  0.452162 0.272439 1 1 1.000000
skin_0dam
0  8.437237 72.152756 34.953175  0.199141 0.079918 0.976707  0.452162 0.272439 1 1 1.000000
0  7.583878 73.562126 34.952137  0.116328 0.128757 0.984830  0.457045 0.266579 1 1 1.000000
0  6.386423 71.055168 36.128262  0.250917 0.091820 0.963644  0.463881 0.276345 1 1 1.000000
skin_0dam
0  6.111146 74.321053 34.963264  0.070092 0.180896 0.981001  0.464858 0.263649 1 1 1.000000
0  4.225499 71.756691 36.479782  0.104406 0.202184 0.973766  0.475600 0.273415 1 1 1.000000
0  6.386423 71.055168 36.128262  0.250917 0.091820 0.963644  0.463881 0.276345 1 1 1.000000
skin_0dam
0  6.386423 71.055168 36.128262  0.250917 0.091820 0.963644  0.463881 0.276345 1 1 1.000000
0  7.583878 73.562126 34.952137  0.116328 0.128757 0.984830  0.457045 0.266579 1 1 1.000000
0  6.111146 74.321053 34.963264  0.070092 0.180896 0.981001  0.464858 0.263649 1 1 1.000000
skin_0dam
0  -0.013767 74.436058 35.070042  0.007262 0.310666 0.950491  0.500015 0.263649 1 1 1.000000
0  -0.013767 72.020119 36.627178  0.007024 0.243549 0.969863  0.500015 0.272439 1 1 1.000000
0  4.225499 71.756691 36.479782  0.104406 0.202184 0.973766  0.475600 0.273415 1 1 1.000000
skin_0dam
0  4.225499 71.756691 36.479782  0.104406 0.202184 0.973766  0.475600 0.273415 1 1 1.000000
0  6.111146 74.321053 34.963264  0.070092 0.180896 0.981001  0.464858 0.263649 1 1 1.000000
0  -0.013767 74.436058 35.070042  0.007262 0.310666 0.950491  0.500015 0.263649 1 1 1.000000
skin_0dam
0  9.263067 69.306602 34.952869  0.217911 0.001402 0.975968  0.447279 0.283181 1 1 1.000000
0  9.263067 66.335854 34.955475  0.389171 -0.011842 0.921090  0.447279 0.293924 1 1 1.000000
0  9.414470 66.037788 34.887943  0.479743 -0.169925 0.860797  0.446303 0.294900 1 1 1.000000
skin_0dam
0  6.111146 74.321053 34.963264  0.070092 0.180896 0.981001  0.464858 0.263649 1 1 1.000000
0  6.592880 74.971497 34.951092  0.009490 -0.005508 0.999940  0.462905 0.261696 1 1 1.000000
0  -0.013767 75.088898 35.030441  0.001862 0.104773 0.994494  0.500015 0.260720 1 1 1.000000
skin_0dam
0  -0.013767 75.088898 35.030441  0.001862 0.104773 0.994494  0.500015 0.260720 1 1 1.000000
0  -0.013767 74.436058 35.070042  0.007262 0.310666 0.950491  0.500015 0.263649 1 1 1.000000
0  6.111146 74.321053 34.963264  0.070092 0.180896 0.981001  0.464858 0.263649 1 1 1.000000
skin_0dam
0  8.437237 72.152756 34.953175  0.199141 0.079918 0.976707  0.452162 0.272439 1 1 1.000000
0  8.712514 73.355255 34.947853  0.004555 0.001634 0.999988  0.450209 0.267556 1 1 1.000000
0  8.051848 74.419434 34.944241  0.005238 0.000693 0.999986  0.454115 0.263649 1 1 1.000000
skin_0dam
0  8.051848 74.419434 34.944241  0.005238 0.000693 0.999986  0.454115 0.263649 1 1 1.000000
0  7.583878 73.562126 34.952137  0.116328 0.128757 0.984830  0.457045 0.266579 1 1 1.000000
0  8.437237 72.152756 34.953175  0.199141 0.079918 0.976707  0.452162 0.272439 1 1 1.000000
skin_0dam
0  6.592880 74.971497 34.951092  0.009490 -0.005508 0.999940  0.462905 0.261696 1 1 1.000000
0  6.111146 74.321053 34.963264  0.070092 0.180896 0.981001  0.464858 0.263649 1 1 1.000000
0  7.583878 73.562126 34.952137  0.116328 0.128757 0.984830  0.457045 0.266579 1 1 1.000000
skin_0dam
0  7.583878 73.562126 34.952137  0.116328 0.128757 0.984830  0.457045 0.266579 1 1 1.000000
0  8.051848 74.419434 34.944241  0.005238 0.000693 0.999986  0.454115 0.263649 1 1 1.000000
0  6.592880 74.971497 34.951092  0.009490 -0.005508 0.999940  0.462905 0.261696 1 1 1.000000
skin_0dam
0  9.263067 69.306602 34.952869  0.217911 0.001402 0.975968  0.447279 0.283181 1 1 1.000000
0  8.712514 73.355255 34.947853  0.004555 0.001634 0.999988  0.450209 0.267556 1 1 1.000000
0  8.437237 72.152756 34.953175  0.199141 0.079918 0.976707  0.452162 0.272439 1 1 1.000000
skin_0dam
0  8.437237 72.152756 34.953175  0.199141 0.079918 0.976707  0.452162 0.272439 1 1 1.000000
0  9.263067 66.335854 34.955475  0.389171 -0.011842 0.921090  0.447279 0.293924 1 1 1.000000
0  9.263067 69.306602 34.952869  0.217911 0.001402 0.975968  0.447279 0.283181 1 1 1.000000
skin_0dam
0  9.263067 75.690491 34.944912  0.249364 0.002651 0.968406  0.447279 0.258766 1 1 1.000000
0  9.400706 75.863419 34.863327  0.271749 0.699375 0.661080  0.446303 0.258766 1 1 1.000000
0  9.263067 75.856224 34.945595  0.184106 0.622234 0.760874  0.447279 0.258766 1 1 1.000000
skin_0dam
0  9.263067 75.856224 34.945595  0.184106 0.622234 0.760874  0.447279 0.258766 1 1 1.000000
0  9.400706 75.863419 34.863327  0.271749 0.699375 0.661080  0.446303 0.258766 1 1 1.000000
0  9.400706 75.891014 34.547962  0.003602 0.996136 0.087749  0.446303 0.258766 1 1 1.000000
skin_0dam
0  9.400706 75.891014 34.547962  0.003602 0.996136 0.087749  0.446303 0.258766 1 1 1.000000
0  9.263067 75.891014 34.547962  0.002002 0.996068 0.088568  0.447279 0.258766 1 1 1.000000
0  9.263067 75.856224 34.945595  0.184106 0.622234 0.760874  0.447279 0.258766 1 1 1.000000
skin_0dam
0  -6.138680 70.575264 36.086273  -0.101165 -0.139679 0.985015  0.534196 0.277322 1 1 1.000000
0  -4.184213 71.180809 36.429398  -0.085658 -0.096281 0.991661  0.523453 0.275369 1 1 1.000000
0  -4.253032 71.756691 36.479782  -0.106741 0.188894 0.976179  0.523453 0.273415 1 1 1.000000
skin_0dam
0  -4.253032 71.756691 36.479782  -0.106741 0.188894 0.976179  0.523453 0.273415 1 1 1.000000
0  -6.413956 71.055168 36.128262  -0.253913 0.081924 0.963751  0.536149 0.276345 1 1 1.000000
0  -6.138680 70.575264 36.086273  -0.101165 -0.139679 0.985015  0.534196 0.277322 1 1 1.000000
skin_0dam
0  -4.184213 71.180809 36.429398  -0.085658 -0.096281 0.991661  0.523453 0.275369 1 1 1.000000
0  -0.013767 71.444237 36.576794  0.000000 -0.087159 0.996194  0.500015 0.274392 1 1 1.000000
0  -0.013767 72.020119 36.627178  0.007024 0.243549 0.969863  0.500015 0.272439 1 1 1.000000
skin_0dam
0  -0.013767 72.020119 36.627178  0.007024 0.243549 0.969863  0.500015 0.272439 1 1 1.000000
0  -4.253032 71.756691 36.479782  -0.106741 0.188894 0.976179  0.523453 0.273415 1 1 1.000000
0  -4.184213 71.180809 36.429398  -0.085658 -0.096281 0.991661  0.523453 0.275369 1 1 1.000000
skin_0dam
0  -6.936982 69.475433 35.865707  -0.091085 -0.095383 0.991265  0.539079 0.282205 1 1 1.000000
0  -6.138680 70.575264 36.086273  -0.101165 -0.139679 0.985015  0.534196 0.277322 1 1 1.000000
0  -6.413956 71.055168 36.128262  -0.253913 0.081924 0.963751  0.536149 0.276345 1 1 1.000000
skin_0dam
0  -6.413956 71.055168 36.128262  -0.253913 0.081924 0.963751  0.536149 0.276345 1 1 1.000000
0  -7.336135 69.766983 35.849766  -0.329623 0.001875 0.944111  0.541032 0.281228 1 1 1.000000
0  -6.936982 69.475433 35.865707  -0.091085 -0.095383 0.991265  0.539079 0.282205 1 1 1.000000
skin_0dam
0  -7.349898 67.403809 35.698280  -0.182136 -0.044683 0.982258  0.541032 0.290017 1 1 1.000000
0  -6.936982 69.475433 35.865707  -0.091085 -0.095383 0.991265  0.539079 0.282205 1 1 1.000000
0  -7.336135 69.766983 35.849766  -0.329623 0.001875 0.944111  0.541032 0.281228 1 1 1.000000
skin_0dam
0  -7.336135 69.766983 35.849766  -0.329623 0.001875 0.944111  0.541032 0.281228 1 1 1.000000
0  -7.583883 67.352562 35.652348  -0.279281 -0.030591 0.959722  0.542985 0.290017 1 1 1.000000
0  -7.349898 67.403809 35.698280  -0.182136 -0.044683 0.982258  0.541032 0.290017 1 1 1.000000
skin_0dam
0  -7.349898 73.340332 33.855049  -0.255859 0.270620 0.928063  0.541032 0.268532 1 1 1.000000
0  -7.377425 67.385979 35.586189  -0.271539 0.404023 0.873517  0.541032 0.290017 1 1 1.000000
0  -4.321851 68.175598 36.194111  -0.141793 0.277271 0.950271  0.524430 0.287088 1 1 1.000000
skin_0dam
0  -4.321851 68.175598 36.194111  -0.141793 0.277271 0.950271  0.524430 0.287088 1 1 1.000000
0  -4.321852 74.583107 34.336819  -0.128486 0.277422 0.952118  0.524430 0.263649 1 1 1.000000
0  -7.349898 73.340332 33.855049  -0.255859 0.270620 0.928063  0.541032 0.268532 1 1 1.000000
skin_0dam
0  -0.013766 68.193428 36.306202  -0.000028 0.280011 0.959997  0.500015 0.287088 1 1 1.000000
0  -0.013767 74.602135 34.435200  0.000545 0.279662 0.960098  0.500015 0.263649 1 1 1.000000
0  -4.321852 74.583107 34.336819  -0.128486 0.277422 0.952118  0.524430 0.263649 1 1 1.000000
skin_0dam
0  -4.321852 74.583107 34.336819  -0.128486 0.277422 0.952118  0.524430 0.263649 1 1 1.000000
0  -4.321851 68.175598 36.194111  -0.141793 0.277271 0.950271  0.524430 0.287088 1 1 1.000000
0  -0.013766 68.193428 36.306202  -0.000028 0.280011 0.959997  0.500015 0.287088 1 1 1.000000
skin_0dam
0  -9.689754 84.680923 34.833405  0.464378 -0.185192 0.866058  0.554704 0.225562 1 1 1.000000
0  -9.455769 84.971252 34.831173  0.130669 -0.336805 0.932464  0.552751 0.223609 1 1 1.000000
0  -9.469532 85.271713 34.871277  0.006894 -0.095425 0.995413  0.552751 0.222633 1 1 1.000000
skin_0dam
0  -9.469532 85.271713 34.871277  0.006894 -0.095425 0.995413  0.552751 0.222633 1 1 1.000000
0  -9.951266 84.708344 34.835804  -0.003561 -0.027888 0.999605  0.555681 0.225562 1 1 1.000000
0  -9.689754 84.680923 34.833405  0.464378 -0.185192 0.866058  0.554704 0.225562 1 1 1.000000
skin_0dam
0  -20.150278 81.197006 34.542419  -0.028032 -0.029347 0.999176  0.613300 0.238258 1 1 1.000000
0  -20.329206 81.349022 34.541901  -0.172190 0.108780 0.979039  0.614277 0.238258 1 1 1.000000
0  -20.246624 61.683872 33.802391  -0.156461 -0.176939 0.971706  0.614277 0.311502 1 1 1.000000
skin_0dam
0  -20.246624 61.683872 33.802391  -0.156461 -0.176939 0.971706  0.614277 0.311502 1 1 1.000000
0  -20.081457 61.971813 33.827583  -0.084932 -0.040329 0.995570  0.613300 0.310526 1 1 1.000000
0  -20.150278 81.197006 34.542419  -0.028032 -0.029347 0.999176  0.613300 0.238258 1 1 1.000000
skin_0dam
0  -20.508139 81.505852 34.486538  -0.231578 0.153162 0.960684  0.987335 0.622059 1 1 1.000000
0  -20.411791 61.401932 33.708641  -0.179793 -0.201771 0.962789  0.986358 0.340800 1 1 1.000000
0  -20.246624 61.683872 33.802391  -0.156461 -0.176939 0.971706  0.021485 0.055635 1 1 1.000000
skin_0dam
0  -20.246624 61.683872 33.802391  -0.156461 -0.176939 0.971706  0.021485 0.055635 1 1 1.000000
0  -20.329206 81.349022 34.541901  -0.172190 0.108780 0.979039  0.021485 0.613269 1 1 1.000000
0  -20.508139 81.505852 34.486538  -0.231578 0.153162 0.960684  0.987335 0.622059 1 1 1.000000
skin_0dam
0  -9.455769 84.971252 34.831173  0.130669 -0.336805 0.932464  0.552751 0.223609 1 1 1.000000
0  -9.689754 84.680923 34.833405  0.464378 -0.185192 0.866058  0.554704 0.225562 1 1 1.000000
0  -9.593407 84.623840 34.538265  0.725167 -0.416494 0.548330  0.553728 0.225562 1 1 1.000000
skin_0dam
0  -9.689753 75.863419 34.863327  0.200442 -0.005413 0.979691  0.554704 0.258766 1 1 1.000000
0  -9.675990 82.244911 34.882793  0.570846 0.194543 0.797677  0.554704 0.234352 1 1 1.000000
0  -9.937502 82.065460 34.880909  -0.031996 0.009998 0.999438  0.555681 0.235328 1 1 1.000000
skin_0dam
0  -9.689753 75.863419 34.863327  0.200442 -0.005413 0.979691  0.554704 0.258766 1 1 1.000000
0  -9.937502 82.065460 34.880909  -0.031996 0.009998 0.999438  0.555681 0.235328 1 1 1.000000
0  -9.923738 66.003860 34.802074  -0.061414 -0.039195 0.997343  0.555681 0.294900 1 1 1.000000
skin_0dam
0  -9.689753 75.863419 34.863327  0.200442 -0.005413 0.979691  0.554704 0.258766 1 1 1.000000
0  -9.923738 66.003860 34.802074  -0.061414 -0.039195 0.997343  0.555681 0.294900 1 1 1.000000
0  -9.565877 65.906677 34.807396  -0.019152 -0.173556 0.984638  0.553728 0.295877 1 1 1.000000
skin_0dam
0  -9.290601 75.690491 34.944912  -0.249428 0.002651 0.968390  0.551775 0.258766 1 1 1.000000
0  -9.428240 75.863419 34.863327  -0.271864 0.699378 0.661030  0.552751 0.258766 1 1 1.000000
0  -9.442003 66.037788 34.887943  -0.479746 -0.169926 0.860795  0.552751 0.294900 1 1 1.000000
skin_0dam
0  -9.442003 66.037788 34.887943  -0.479746 -0.169926 0.860795  0.552751 0.294900 1 1 1.000000
0  -9.290601 69.306602 34.952869  -0.217914 0.001397 0.975967  0.551775 0.283181 1 1 1.000000
0  -9.290601 75.690491 34.944912  -0.249428 0.002651 0.968390  0.551775 0.258766 1 1 1.000000
skin_0dam
0  -9.675990 82.244911 34.882793  0.570846 0.194543 0.797677  0.554704 0.234352 1 1 1.000000
0  -9.620934 75.869423 34.794769  0.886480 0.002402 0.462761  0.553728 0.258766 1 1 1.000000
0  -9.593406 75.891014 34.547962  0.997009 0.008584 0.076810  0.553728 0.258766 1 1 1.000000
skin_0dam
0  -9.593406 75.891014 34.547962  0.997009 0.008584 0.076810  0.553728 0.258766 1 1 1.000000
0  -9.593407 82.286209 34.568626  0.943616 0.195920 0.266841  0.553728 0.234352 1 1 1.000000
0  -9.675990 82.244911 34.882793  0.570846 0.194543 0.797677  0.554704 0.234352 1 1 1.000000
skin_0dam
0  -9.620934 75.869423 34.794769  0.886480 0.002402 0.462761  0.553728 0.258766 1 1 1.000000
0  -9.675990 82.244911 34.882793  0.570846 0.194543 0.797677  0.554704 0.234352 1 1 1.000000
0  -9.689753 75.863419 34.863327  0.200442 -0.005413 0.979691  0.554704 0.258766 1 1 1.000000
skin_0dam
0  -9.620934 75.869423 34.794769  0.127631 0.522925 0.842769  0.984405 0.087863 1 1 1.000000
0  -9.689753 75.863419 34.863327  0.630254 0.003999 0.776378  0.012696 0.087863 1 1 1.000000
0  -9.565877 65.906677 34.807396  0.997895 0.005174 0.064652  0.012696 0.180639 1 1 1.000000
skin_0dam
0  -9.565877 65.906677 34.807396  0.997895 0.005174 0.064652  0.012696 0.180639 1 1 1.000000
0  -9.565877 65.733223 34.736950  -0.142351 -0.232667 0.962082  0.984405 0.181616 1 1 1.000000
0  -9.620934 75.869423 34.794769  0.127631 0.522925 0.842769  0.984405 0.087863 1 1 1.000000
skin_0dam
0  -9.442003 66.037788 34.887943  -0.479746 -0.169926 0.860795  0.012696 0.180639 1 1 1.000000
0  -9.428240 75.863419 34.863327  -0.271864 0.699378 0.661030  0.012696 0.087863 1 1 1.000000
0  -9.620934 75.869423 34.794769  0.127631 0.522925 0.842769  0.984405 0.087863 1 1 1.000000
skin_0dam
0  -9.620934 75.869423 34.794769  0.127631 0.522925 0.842769  0.984405 0.087863 1 1 1.000000
0  -9.565877 65.733223 34.736950  -0.142351 -0.232667 0.962082  0.984405 0.181616 1 1 1.000000
0  -9.442003 66.037788 34.887943  -0.479746 -0.169926 0.860795  0.012696 0.180639 1 1 1.000000
skin_0dam
0  -9.455769 84.971252 34.831173  0.130669 -0.336805 0.932464  0.552751 0.223609 1 1 1.000000
0  -0.013768 84.971252 34.831173  0.000000 -0.402917 0.915237  0.500015 0.223609 1 1 1.000000
0  -0.013768 85.299133 34.873676  0.000000 -0.115457 0.993313  0.500015 0.222633 1 1 1.000000
skin_0dam
0  -0.013768 85.299133 34.873676  0.000000 -0.115457 0.993313  0.500015 0.222633 1 1 1.000000
0  -9.469532 85.271713 34.871277  0.006894 -0.095425 0.995413  0.552751 0.222633 1 1 1.000000
0  -9.455769 84.971252 34.831173  0.130669 -0.336805 0.932464  0.552751 0.223609 1 1 1.000000
skin_0dam
0  -9.593407 84.623840 34.538265  0.725167 -0.416494 0.548330  0.553728 0.225562 1 1 1.000000
0  -0.013768 84.623840 34.538265  -0.000000 -0.652325 0.757939  0.500015 0.225562 1 1 1.000000
0  -0.013768 84.971252 34.831173  0.000000 -0.402917 0.915237  0.500015 0.223609 1 1 1.000000
skin_0dam
0  -0.013768 84.971252 34.831173  0.000000 -0.402917 0.915237  0.500015 0.223609 1 1 1.000000
0  -9.455769 84.971252 34.831173  0.130669 -0.336805 0.932464  0.552751 0.223609 1 1 1.000000
0  -9.593407 84.623840 34.538265  0.725167 -0.416494 0.548330  0.553728 0.225562 1 1 1.000000
skin_0dam
0  -9.469532 85.271713 34.871277  0.006894 -0.095425 0.995413  0.552751 0.222633 1 1 1.000000
0  -0.013768 85.299133 34.873676  0.000000 -0.115457 0.993313  0.500015 0.222633 1 1 1.000000
0  -0.013768 87.309921 35.104862  -0.000037 -0.113897 0.993493  0.500015 0.214820 1 1 1.000000
skin_0dam
0  -9.469532 85.271713 34.871277  0.006894 -0.095425 0.995413  0.552751 0.222633 1 1 1.000000
0  -0.013768 87.309921 35.104862  -0.000037 -0.113897 0.993493  0.500015 0.214820 1 1 1.000000
0  -14.135476 87.326035 35.078640  -0.000434 -0.086220 0.996276  0.579119 0.214820 1 1 1.000000
skin_0dam
0  -9.469532 85.271713 34.871277  0.006894 -0.095425 0.995413  0.552751 0.222633 1 1 1.000000
0  -14.135476 87.326035 35.078640  -0.000434 -0.086220 0.996276  0.579119 0.214820 1 1 1.000000
0  -15.002599 86.914696 35.042652  -0.007253 -0.094238 0.995523  0.584002 0.216773 1 1 1.000000
skin_0dam
0  -9.469532 85.271713 34.871277  0.006894 -0.095425 0.995413  0.552751 0.222633 1 1 1.000000
0  -15.002599 86.914696 35.042652  -0.007253 -0.094238 0.995523  0.584002 0.216773 1 1 1.000000
0  -15.456806 86.079491 34.955765  0.000007 -0.086057 0.996290  0.586932 0.219703 1 1 1.000000
skin_0dam
0  -4.321851 74.550720 34.707031  0.115233 -0.437288 -0.891909  0.524430 0.263649 1 1 1.000000
0  -4.184213 71.180809 36.429398  0.167722 -0.451615 -0.876306  0.523453 0.275369 1 1 1.000000
0  -6.138680 70.575264 36.086273  0.367137 -0.304887 -0.878780  0.534196 0.277322 1 1 1.000000
skin_0dam
0  -6.138680 70.575264 36.086273  0.367137 -0.304887 -0.878780  0.534196 0.277322 1 1 1.000000
0  -7.680231 72.905853 34.715103  0.930924 -0.154556 -0.330897  0.542985 0.269509 1 1 1.000000
0  -4.321851 74.550720 34.707031  0.115233 -0.437288 -0.891909  0.524430 0.263649 1 1 1.000000
skin_0dam
0  -0.013767 74.568550 34.819122  -0.000000 -0.473529 -0.880778  0.500015 0.263649 1 1 1.000000
0  -0.013767 71.444237 36.576794  0.000000 -0.488359 -0.872643  0.500015 0.274392 1 1 1.000000
0  -4.184213 71.180809 36.429398  0.167722 -0.451615 -0.876306  0.523453 0.275369 1 1 1.000000
skin_0dam
0  -4.184213 71.180809 36.429398  0.167722 -0.451615 -0.876306  0.523453 0.275369 1 1 1.000000
0  -4.321851 74.550720 34.707031  0.115233 -0.437288 -0.891909  0.524430 0.263649 1 1 1.000000
0  -0.013767 74.568550 34.819122  -0.000000 -0.473529 -0.880778  0.500015 0.263649 1 1 1.000000
skin_0dam
0  -6.936982 69.475433 35.865707  0.650989 -0.111024 -0.750924  0.539079 0.282205 1 1 1.000000
0  -7.680231 72.905853 34.715103  0.930924 -0.154556 -0.330897  0.542985 0.269509 1 1 1.000000
0  -6.138680 70.575264 36.086273  0.367137 -0.304887 -0.878780  0.534196 0.277322 1 1 1.000000
skin_0dam
0  -7.680231 72.905853 34.715103  0.930924 -0.154556 -0.330897  0.542985 0.269509 1 1 1.000000
0  -6.936982 69.475433 35.865707  0.650989 -0.111024 -0.750924  0.539079 0.282205 1 1 1.000000
0  -7.349898 67.403809 35.698280  0.972361 -0.048149 -0.228463  0.541032 0.290017 1 1 1.000000
skin_0dam
0  -7.680231 72.905853 34.715103  0.930924 -0.154556 -0.330897  0.542985 0.269509 1 1 1.000000
0  -7.349898 67.403809 35.698280  0.972361 -0.048149 -0.228463  0.541032 0.290017 1 1 1.000000
0  -7.377425 67.385979 35.586189  0.989812 -0.036603 -0.137594  0.541032 0.290017 1 1 1.000000
skin_0dam
0  -7.680231 72.905853 34.715103  0.930924 -0.154556 -0.330897  0.542985 0.269509 1 1 1.000000
0  -7.377425 67.385979 35.586189  0.989812 -0.036603 -0.137594  0.541032 0.290017 1 1 1.000000
0  -7.349898 73.340332 33.855049  0.909875 0.112508 0.399336  0.541032 0.268532 1 1 1.000000
skin_0dam
0  -9.951266 84.708344 34.835804  -0.003561 -0.027888 0.999605  0.555681 0.225562 1 1 1.000000
0  -9.469532 85.271713 34.871277  0.006894 -0.095425 0.995413  0.552751 0.222633 1 1 1.000000
0  -15.456806 86.079491 34.955765  0.000007 -0.086057 0.996290  0.586932 0.219703 1 1 1.000000
skin_0dam
0  -9.951266 84.708344 34.835804  -0.003561 -0.027888 0.999605  0.555681 0.225562 1 1 1.000000
0  -15.456806 86.079491 34.955765  0.000007 -0.086057 0.996290  0.586932 0.219703 1 1 1.000000
0  -15.511861 82.345169 34.684319  -0.024968 -0.066565 0.997470  0.586932 0.234352 1 1 1.000000
skin_0dam
0  -9.951266 84.708344 34.835804  -0.003561 -0.027888 0.999605  0.555681 0.225562 1 1 1.000000
0  -15.511861 82.345169 34.684319  -0.024968 -0.066565 0.997470  0.586932 0.234352 1 1 1.000000
0  -9.937502 82.743324 34.871136  -0.031681 0.013618 0.999405  0.555681 0.232398 1 1 1.000000
skin_0dam
0  -9.689754 82.590096 34.885361  0.570134 -0.149282 0.807875  0.554704 0.233375 1 1 1.000000
0  -9.689754 84.680923 34.833405  0.464378 -0.185192 0.866058  0.554704 0.225562 1 1 1.000000
0  -9.951266 84.708344 34.835804  -0.003561 -0.027888 0.999605  0.555681 0.225562 1 1 1.000000
skin_0dam
0  -9.951266 84.708344 34.835804  -0.003561 -0.027888 0.999605  0.555681 0.225562 1 1 1.000000
0  -9.937502 82.743324 34.871136  -0.031681 0.013618 0.999405  0.555681 0.232398 1 1 1.000000
0  -9.689754 82.590096 34.885361  0.570134 -0.149282 0.807875  0.554704 0.233375 1 1 1.000000
skin_0dam
0  -9.593407 82.617683 34.569996  0.968298 -0.127904 0.214569  0.553728 0.233375 1 1 1.000000
0  -9.593407 84.623840 34.538265  0.724954 -0.416052 0.548947  0.553728 0.225562 1 1 1.000000
0  -9.689754 84.680923 34.833405  0.464378 -0.185192 0.866058  0.554704 0.225562 1 1 1.000000
skin_0dam
0  -9.689754 84.680923 34.833405  0.464378 -0.185192 0.866058  0.554704 0.225562 1 1 1.000000
0  -9.689754 82.590096 34.885361  0.570134 -0.149282 0.807875  0.554704 0.233375 1 1 1.000000
0  -9.593407 82.617683 34.569996  0.968298 -0.127904 0.214569  0.553728 0.233375 1 1 1.000000
skin_0dam
0  -16.461567 81.576118 34.630856  -0.027011 -0.012356 0.999559  0.592792 0.237281 1 1 1.000000
0  -15.869720 81.809227 34.651249  -0.050529 0.210330 0.976324  0.588885 0.236305 1 1 1.000000
0  -20.329206 81.349022 34.541901  -0.172190 0.108780 0.979039  0.614277 0.238258 1 1 1.000000
skin_0dam
0  -20.329206 81.349022 34.541901  -0.172190 0.108780 0.979039  0.614277 0.238258 1 1 1.000000
0  -20.150278 81.197006 34.542419  -0.028032 -0.029347 0.999176  0.613300 0.238258 1 1 1.000000
0  -16.461567 81.576118 34.630856  -0.027011 -0.012356 0.999559  0.592792 0.237281 1 1 1.000000
skin_0dam
0  -15.869720 81.809227 34.651249  -0.050529 0.210330 0.976324  0.588885 0.236305 1 1 1.000000
0  -16.461567 81.576118 34.630856  -0.027011 -0.012356 0.999559  0.592792 0.237281 1 1 1.000000
0  -9.937502 82.065460 34.880909  -0.031996 0.009998 0.999438  0.555681 0.235328 1 1 1.000000
skin_0dam
0  -9.937502 82.065460 34.880909  -0.031996 0.009998 0.999438  0.555681 0.235328 1 1 1.000000
0  -9.675990 82.244911 34.882793  0.570846 0.194543 0.797677  0.554704 0.234352 1 1 1.000000
0  -15.869720 81.809227 34.651249  -0.050529 0.210330 0.976324  0.588885 0.236305 1 1 1.000000
skin_0dam
0  -15.511861 82.345169 34.684319  -0.024968 -0.066565 0.997470  0.586932 0.234352 1 1 1.000000
0  -15.690791 82.153206 34.667522  -0.171198 -0.211123 0.962350  0.587909 0.234352 1 1 1.000000
0  -9.689754 82.590096 34.885361  0.570134 -0.149282 0.807875  0.554704 0.233375 1 1 1.000000
skin_0dam
0  -9.689754 82.590096 34.885361  0.570134 -0.149282 0.807875  0.554704 0.233375 1 1 1.000000
0  -9.937502 82.743324 34.871136  -0.031681 0.013618 0.999405  0.555681 0.232398 1 1 1.000000
0  -15.511861 82.345169 34.684319  -0.024968 -0.066565 0.997470  0.586932 0.234352 1 1 1.000000
skin_0dam
0  -15.869720 81.809227 34.651249  -0.050529 0.210330 0.976324  0.026368 0.467757 1 1 1.000000
0  -15.855957 81.980957 34.583374  -0.059990 0.368823 0.927562  0.990265 0.360332 1 1 1.000000
0  -20.508139 81.505852 34.486538  -0.231578 0.153162 0.960684  0.990265 0.287088 1 1 1.000000
skin_0dam
0  -20.508139 81.505852 34.486538  -0.231578 0.153162 0.960684  0.990265 0.287088 1 1 1.000000
0  -20.329206 81.349022 34.541901  -0.172190 0.108780 0.979039  0.026368 0.116184 1 1 1.000000
0  -15.869720 81.809227 34.651249  -0.050529 0.210330 0.976324  0.026368 0.467757 1 1 1.000000
skin_0dam
0  -15.869720 81.809227 34.651249  -0.050529 0.210330 0.976324  0.026368 0.467757 1 1 1.000000
0  -9.675990 82.244911 34.882793  0.570846 0.194543 0.797677  0.026368 0.947264 1 1 1.000000
0  -9.703517 82.416641 34.814922  0.689756 0.335897 0.641412  0.985382 0.946287 1 1 1.000000
skin_0dam
0  -9.703517 82.416641 34.814922  0.689756 0.335897 0.641412  0.985382 0.946287 1 1 1.000000
0  -15.855957 81.980957 34.583374  -0.059990 0.368823 0.927562  0.990265 0.360332 1 1 1.000000
0  -15.869720 81.809227 34.651249  -0.050529 0.210330 0.976324  0.026368 0.467757 1 1 1.000000
skin_0dam
0  -9.675990 82.244911 34.882793  0.570846 0.194543 0.797677  0.026368 0.947264 1 1 1.000000
0  -9.593407 82.286209 34.568626  0.943616 0.195920 0.266841  0.026368 0.961913 1 1 1.000000
0  -9.662226 82.451942 34.569313  0.921730 0.308015 0.235669  0.985382 0.957030 1 1 1.000000
skin_0dam
0  -9.662226 82.451942 34.569313  0.921978 0.307504 0.235366  0.985382 0.957030 1 1 1.000000
0  -9.703517 82.416641 34.814922  0.689756 0.335897 0.641412  0.985382 0.946287 1 1 1.000000
0  -9.675990 82.244911 34.882793  0.570846 0.194543 0.797677  0.026368 0.947264 1 1 1.000000
skin_0dam
0  -15.855957 81.980957 34.583374  -0.208915 -0.258961 0.943024  0.990265 0.360332 1 1 1.000000
0  -9.703517 82.416641 34.814922  0.609930 -0.362103 0.704888  0.985382 0.946287 1 1 1.000000
0  -9.689754 82.590096 34.885361  0.570134 -0.149282 0.807875  0.026368 0.956053 1 1 1.000000
skin_0dam
0  -9.689754 82.590096 34.885361  0.570134 -0.149282 0.807875  0.026368 0.956053 1 1 1.000000
0  -15.690791 82.153206 34.667522  -0.171198 -0.211123 0.962350  0.026368 0.497055 1 1 1.000000
0  -15.855957 81.980957 34.583374  -0.208915 -0.258961 0.943024  0.990265 0.360332 1 1 1.000000
skin_0dam
0  -9.593407 82.617683 34.569996  0.968298 -0.127904 0.214569  0.026368 0.962889 1 1 1.000000
0  -9.689754 82.590096 34.885361  0.570134 -0.149282 0.807875  0.026368 0.956053 1 1 1.000000
0  -9.703517 82.416641 34.814922  0.609930 -0.362103 0.704888  0.985382 0.946287 1 1 1.000000
skin_0dam
0  -9.703517 82.416641 34.814922  0.609930 -0.362103 0.704888  0.985382 0.946287 1 1 1.000000
0  -9.662226 82.451942 34.569313  0.927396 -0.368773 0.062791  0.985382 0.957030 1 1 1.000000
0  -9.593407 82.617683 34.569996  0.968298 -0.127904 0.214569  0.026368 0.962889 1 1 1.000000
skin_0dam
0  -9.593406 75.891014 34.547962  -0.015997 0.995506 0.093338  0.984405 0.087863 1 1 1.000000
0  -9.620934 75.869423 34.794769  0.127631 0.522925 0.842769  0.984405 0.087863 1 1 1.000000
0  -9.428240 75.863419 34.863327  -0.271864 0.699378 0.661030  0.012696 0.087863 1 1 1.000000
skin_0dam
0  -9.428240 75.863419 34.863327  -0.271864 0.699378 0.661030  0.012696 0.087863 1 1 1.000000
0  -9.428240 75.891014 34.547962  -0.003651 0.996136 0.087747  0.012696 0.087863 1 1 1.000000
0  -9.593406 75.891014 34.547962  -0.016030 0.995499 0.093408  0.984405 0.087863 1 1 1.000000
skin_0dam
0  -14.176768 87.490570 35.093033  -0.048340 0.125363 0.990933  0.580096 0.214820 1 1 1.000000
0  -14.135476 87.326035 35.078640  -0.000434 -0.086220 0.996276  0.579119 0.214820 1 1 1.000000
0  -0.013768 87.309921 35.104862  -0.000037 -0.113897 0.993493  0.500015 0.214820 1 1 1.000000
skin_0dam
0  -0.013768 87.309921 35.104862  -0.000037 -0.113897 0.993493  0.500015 0.214820 1 1 1.000000
0  -0.013768 87.486969 35.134167  -0.000021 0.082615 0.996582  0.500015 0.214820 1 1 1.000000
0  -14.176768 87.490570 35.093033  -0.048340 0.125363 0.990933  0.580096 0.214820 1 1 1.000000
skin_0dam
0  -15.511861 82.345169 34.684319  -0.024968 -0.066565 0.997470  0.586932 0.234352 1 1 1.000000
0  -15.456806 86.079491 34.955765  0.000007 -0.086057 0.996290  0.586932 0.219703 1 1 1.000000
0  -15.621972 86.162956 34.949249  -0.215999 -0.032003 0.975869  0.587909 0.219703 1 1 1.000000
skin_0dam
0  -15.621972 86.162956 34.949249  -0.215999 -0.032003 0.975869  0.587909 0.219703 1 1 1.000000
0  -15.690791 82.153206 34.667522  -0.171198 -0.211123 0.962350  0.587909 0.234352 1 1 1.000000
0  -15.511861 82.345169 34.684319  -0.024968 -0.066565 0.997470  0.586932 0.234352 1 1 1.000000
skin_0dam
0  -14.176768 87.490570 35.093033  -0.048340 0.125363 0.990933  0.580096 0.214820 1 1 1.000000
0  -15.112711 87.051804 35.054646  -0.167658 0.074161 0.983052  0.584979 0.215796 1 1 1.000000
0  -15.002599 86.914696 35.042652  -0.007253 -0.094238 0.995523  0.584002 0.216773 1 1 1.000000
skin_0dam
0  -15.002599 86.914696 35.042652  -0.007253 -0.094238 0.995523  0.584002 0.216773 1 1 1.000000
0  -14.135476 87.326035 35.078640  -0.000434 -0.086220 0.996276  0.579119 0.214820 1 1 1.000000
0  -14.176768 87.490570 35.093033  -0.048340 0.125363 0.990933  0.580096 0.214820 1 1 1.000000
skin_0dam
0  -15.002599 86.914696 35.042652  -0.007253 -0.094238 0.995523  0.584002 0.216773 1 1 1.000000
0  -15.112711 87.051804 35.054646  -0.167658 0.074161 0.983052  0.584979 0.215796 1 1 1.000000
0  -15.621972 86.162956 34.949249  -0.215999 -0.032003 0.975869  0.587909 0.219703 1 1 1.000000
skin_0dam
0  -15.621972 86.162956 34.949249  -0.215999 -0.032003 0.975869  0.587909 0.219703 1 1 1.000000
0  -15.456806 86.079491 34.955765  0.000007 -0.086057 0.996290  0.586932 0.219703 1 1 1.000000
0  -15.002599 86.914696 35.042652  -0.007253 -0.094238 0.995523  0.584002 0.216773 1 1 1.000000
skin_0dam
0  -0.013768 87.671227 35.081207  -0.000022 0.276766 0.960937  0.983428 0.051729 1 1 1.000000
0  -14.204295 87.674820 35.040070  -0.081669 0.279019 0.956806  0.983428 0.738273 1 1 1.000000
0  -14.176768 87.490570 35.093033  -0.048340 0.125363 0.990933  0.021485 0.736320 1 1 1.000000
skin_0dam
0  -14.176768 87.490570 35.093033  -0.048340 0.125363 0.990933  0.021485 0.736320 1 1 1.000000
0  -0.013768 87.486969 35.134167  -0.000021 0.082615 0.996582  0.021485 0.051729 1 1 1.000000
0  -0.013768 87.671227 35.081207  -0.000022 0.276766 0.960937  0.983428 0.051729 1 1 1.000000
skin_0dam
0  -15.690791 82.153206 34.667522  -0.171198 -0.211123 0.962350  0.021485 0.833003 1 1 1.000000
0  -15.621972 86.162956 34.949249  -0.215999 -0.032003 0.975869  0.021485 0.822260 1 1 1.000000
0  -15.773376 86.236313 34.900402  -0.358639 0.024062 0.933166  0.983428 0.830073 1 1 1.000000
skin_0dam
0  -15.773376 86.236313 34.900402  -0.358639 0.024062 0.933166  0.983428 0.830073 1 1 1.000000
0  -15.855957 81.980957 34.583374  -0.208915 -0.258961 0.943024  0.983428 0.841792 1 1 1.000000
0  -15.690791 82.153206 34.667522  -0.171198 -0.211123 0.962350  0.021485 0.833003 1 1 1.000000
skin_0dam
0  -15.112711 87.051804 35.054646  -0.167658 0.074161 0.983052  0.021485 0.791009 1 1 1.000000
0  -14.176768 87.490570 35.093033  -0.048340 0.125363 0.990933  0.021485 0.736320 1 1 1.000000
0  -14.204295 87.674820 35.040070  -0.081669 0.279019 0.956806  0.983428 0.738273 1 1 1.000000
skin_0dam
0  -14.204295 87.674820 35.040070  -0.081669 0.279019 0.956806  0.983428 0.738273 1 1 1.000000
0  -15.209056 87.194916 34.998085  -0.256184 0.190006 0.947770  0.983428 0.795892 1 1 1.000000
0  -15.112711 87.051804 35.054646  -0.167658 0.074161 0.983052  0.021485 0.791009 1 1 1.000000
skin_0dam
0  -15.621972 86.162956 34.949249  -0.215999 -0.032003 0.975869  0.021485 0.822260 1 1 1.000000
0  -15.112711 87.051804 35.054646  -0.167658 0.074161 0.983052  0.021485 0.791009 1 1 1.000000
0  -15.209056 87.194916 34.998085  -0.256184 0.190006 0.947770  0.983428 0.795892 1 1 1.000000
skin_0dam
0  -15.209056 87.194916 34.998085  -0.256184 0.190006 0.947770  0.983428 0.795892 1 1 1.000000
0  -15.773376 86.236313 34.900402  -0.358639 0.024062 0.933166  0.983428 0.830073 1 1 1.000000
0  -15.621972 86.162956 34.949249  -0.215999 -0.032003 0.975869  0.021485 0.822260 1 1 1.000000
skin_0dam
0  -13.708795 64.995880 34.479015  -0.083257 -0.022737 0.996269  0.577166 0.298807 1 1 1.000000
0  -13.667504 64.830147 34.478329  -0.021718 -0.196632 0.980237  0.577166 0.299783 1 1 1.000000
0  -9.565877 65.906677 34.807396  -0.019152 -0.173556 0.984638  0.553728 0.295877 1 1 1.000000
skin_0dam
0  -9.565877 65.906677 34.807396  -0.019152 -0.173556 0.984638  0.553728 0.295877 1 1 1.000000
0  -9.923738 66.003860 34.802074  -0.061414 -0.039195 0.997343  0.555681 0.294900 1 1 1.000000
0  -13.708795 64.995880 34.479015  -0.083257 -0.022737 0.996269  0.577166 0.298807 1 1 1.000000
skin_0dam
0  -7.583883 67.352562 35.652348  -0.279281 -0.030591 0.959722  0.542985 0.290017 1 1 1.000000
0  -7.597647 67.174309 35.636753  -0.237051 -0.156318 0.958839  0.542985 0.290994 1 1 1.000000
0  -7.377425 67.225555 35.682686  -0.169343 -0.072088 0.982917  0.541032 0.290017 1 1 1.000000
skin_0dam
0  -7.377425 67.225555 35.682686  -0.169343 -0.072088 0.982917  0.541032 0.290017 1 1 1.000000
0  -7.349898 67.403809 35.698280  -0.182136 -0.044683 0.982258  0.541032 0.290017 1 1 1.000000
0  -7.583883 67.352562 35.652348  -0.279281 -0.030591 0.959722  0.542985 0.290017 1 1 1.000000
skin_0dam
0  -7.377425 67.385979 35.586189  -0.271539 0.404023 0.873517  0.541032 0.290017 1 1 1.000000
0  -7.377425 67.225555 35.682686  -0.169343 -0.072088 0.982917  0.541032 0.290017 1 1 1.000000
0  -4.321851 68.018776 36.249474  -0.124371 0.102792 0.986897  0.524430 0.287088 1 1 1.000000
skin_0dam
0  -4.321851 68.018776 36.249474  -0.124371 0.102792 0.986897  0.524430 0.287088 1 1 1.000000
0  -4.321851 68.175598 36.194111  -0.141793 0.277271 0.950271  0.524430 0.287088 1 1 1.000000
0  -7.377425 67.385979 35.586189  -0.271539 0.404023 0.873517  0.541032 0.290017 1 1 1.000000
skin_0dam
0  -4.321851 68.175598 36.194111  -0.141793 0.277271 0.950271  0.524430 0.287088 1 1 1.000000
0  -4.321851 68.018776 36.249474  -0.124371 0.102792 0.986897  0.524430 0.287088 1 1 1.000000
0  -0.013766 68.036598 36.361565  -0.000029 0.089714 0.995968  0.500015 0.287088 1 1 1.000000
skin_0dam
0  -0.013766 68.036598 36.361565  -0.000029 0.089714 0.995968  0.500015 0.287088 1 1 1.000000
0  -0.013766 68.193428 36.306202  -0.000028 0.280011 0.959997  0.500015 0.287088 1 1 1.000000
0  -4.321851 68.175598 36.194111  -0.141793 0.277271 0.950271  0.524430 0.287088 1 1 1.000000
skin_0dam
0  -9.442003 66.037788 34.887943  -0.479746 -0.169926 0.860795  0.552751 0.294900 1 1 1.000000
0  -7.597647 67.174309 35.636753  -0.237051 -0.156318 0.958839  0.542985 0.290994 1 1 1.000000
0  -7.583883 67.352562 35.652348  -0.279281 -0.030591 0.959722  0.542985 0.290017 1 1 1.000000
skin_0dam
0  -7.583883 67.352562 35.652348  -0.279281 -0.030591 0.959722  0.542985 0.290017 1 1 1.000000
0  -9.290601 66.335854 34.955475  -0.389178 -0.011828 0.921086  0.551775 0.293924 1 1 1.000000
0  -9.442003 66.037788 34.887943  -0.479746 -0.169926 0.860795  0.552751 0.294900 1 1 1.000000
skin_0dam
0  -7.349898 67.403809 35.698280  0.972361 -0.048149 -0.228463  0.541032 0.290017 1 1 1.000000
0  -7.377425 67.225555 35.682686  0.981448 -0.126884 -0.143741  0.541032 0.290017 1 1 1.000000
0  -7.377425 67.385979 35.586189  0.989812 -0.036603 -0.137594  0.541032 0.290017 1 1 1.000000
skin_0dam
0  -13.667504 64.830147 34.478329  -0.021718 -0.196632 0.980237  0.577166 0.299783 1 1 1.000000
0  -13.708795 64.995880 34.479015  -0.083257 -0.022737 0.996269  0.577166 0.298807 1 1 1.000000
0  -17.259869 63.451965 34.122875  -0.080873 -0.037203 0.996030  0.596698 0.305643 1 1 1.000000
skin_0dam
0  -17.259869 63.451965 34.122875  -0.080873 -0.037203 0.996030  0.596698 0.305643 1 1 1.000000
0  -17.177284 63.299946 34.123390  -0.002665 -0.202906 0.979195  0.596698 0.305643 1 1 1.000000
0  -13.667504 64.830147 34.478329  -0.021718 -0.196632 0.980237  0.577166 0.299783 1 1 1.000000
skin_0dam
0  -20.081457 61.971813 33.827583  -0.084932 -0.040329 0.995570  0.613300 0.310526 1 1 1.000000
0  -20.246624 61.683872 33.802391  -0.156461 -0.176939 0.971706  0.614277 0.311502 1 1 1.000000
0  -17.177284 63.299946 34.123390  -0.002665 -0.202906 0.979195  0.596698 0.305643 1 1 1.000000
skin_0dam
0  -17.177284 63.299946 34.123390  -0.002665 -0.202906 0.979195  0.596698 0.305643 1 1 1.000000
0  -17.259869 63.451965 34.122875  -0.080873 -0.037203 0.996030  0.596698 0.305643 1 1 1.000000
0  -20.081457 61.971813 33.827583  -0.084932 -0.040329 0.995570  0.613300 0.310526 1 1 1.000000
skin_0dam
0  -9.565877 65.906677 34.807396  -0.019152 -0.173556 0.984638  0.029298 0.449202 1 1 1.000000
0  -13.667504 64.830147 34.478329  -0.021718 -0.196632 0.980237  0.029298 0.582018 1 1 1.000000
0  -13.612448 64.670418 34.409092  0.043042 -0.368131 0.928777  0.980499 0.580065 1 1 1.000000
skin_0dam
0  -13.612448 64.670418 34.409092  0.043042 -0.368131 0.928777  0.980499 0.580065 1 1 1.000000
0  -9.565877 65.733223 34.736950  0.019415 -0.366979 0.930027  0.980499 0.449202 1 1 1.000000
0  -9.565877 65.906677 34.807396  -0.019152 -0.173556 0.984638  0.029298 0.449202 1 1 1.000000
skin_0dam
0  -7.377425 67.225555 35.682686  -0.169343 -0.072088 0.982917  0.029298 0.377911 1 1 1.000000
0  -7.597647 67.174309 35.636753  -0.237051 -0.156318 0.958839  0.029298 0.390606 1 1 1.000000
0  -7.597647 66.985947 35.578827  -0.146695 -0.341404 0.928399  0.980499 0.377911 1 1 1.000000
skin_0dam
0  -4.321851 68.018776 36.249474  -0.124371 0.102792 0.986897  0.029298 0.278298 1 1 1.000000
0  -7.377425 67.225555 35.682686  -0.169343 -0.072088 0.982917  0.029298 0.377911 1 1 1.000000
0  -7.597647 66.985947 35.578827  -0.146695 -0.341404 0.928399  0.980499 0.377911 1 1 1.000000
skin_0dam
0  -7.597647 66.985947 35.578827  -0.146695 -0.341404 0.928399  0.980499 0.377911 1 1 1.000000
0  -4.308087 67.840515 36.233879  -0.100460 -0.102416 0.989656  0.980499 0.278298 1 1 1.000000
0  -4.321851 68.018776 36.249474  -0.124371 0.102792 0.986897  0.029298 0.278298 1 1 1.000000
skin_0dam
0  -0.013766 68.036598 36.361565  -0.000029 0.089714 0.995968  0.029298 0.138646 1 1 1.000000
0  -4.321851 68.018776 36.249474  -0.124371 0.102792 0.986897  0.029298 0.278298 1 1 1.000000
0  -4.308087 67.840515 36.233879  -0.100460 -0.102416 0.989656  0.980499 0.278298 1 1 1.000000
skin_0dam
0  -4.308087 67.840515 36.233879  -0.100460 -0.102416 0.989656  0.980499 0.278298 1 1 1.000000
0  -0.013766 67.859543 36.332256  0.000003 -0.104058 0.994571  0.980499 0.138646 1 1 1.000000
0  -0.013766 68.036598 36.361565  -0.000029 0.089714 0.995968  0.029298 0.138646 1 1 1.000000
skin_0dam
0  -7.597647 67.174309 35.636753  -0.237051 -0.156318 0.958839  0.029298 0.390606 1 1 1.000000
0  -9.442003 66.037788 34.887943  -0.479746 -0.169926 0.860795  0.029298 0.445296 1 1 1.000000
0  -9.565877 65.733223 34.736950  -0.142351 -0.232667 0.962082  0.980499 0.449202 1 1 1.000000
skin_0dam
0  -9.565877 65.733223 34.736950  -0.142351 -0.232667 0.962082  0.980499 0.449202 1 1 1.000000
0  -7.597647 66.985947 35.578827  -0.146695 -0.341404 0.928399  0.980499 0.377911 1 1 1.000000
0  -7.597647 67.174309 35.636753  -0.237051 -0.156318 0.958839  0.029298 0.390606 1 1 1.000000
skin_0dam
0  -13.667504 64.830147 34.478329  -0.021718 -0.196632 0.980237  0.029298 0.582018 1 1 1.000000
0  -17.177284 63.299946 34.123390  -0.002665 -0.202906 0.979195  0.029298 0.695303 1 1 1.000000
0  -17.094704 63.153919 34.055351  0.078412 -0.361842 0.928936  0.980499 0.692373 1 1 1.000000
skin_0dam
0  -17.094704 63.153919 34.055351  0.078412 -0.361842 0.928936  0.980499 0.692373 1 1 1.000000
0  -13.612448 64.670418 34.409092  0.043042 -0.368131 0.928777  0.980499 0.580065 1 1 1.000000
0  -13.667504 64.830147 34.478329  -0.021718 -0.196632 0.980237  0.029298 0.582018 1 1 1.000000
skin_0dam
0  -17.177284 63.299946 34.123390  -0.002665 -0.202906 0.979195  0.029298 0.695303 1 1 1.000000
0  -20.246624 61.683872 33.802391  -0.156461 -0.176939 0.971706  0.029298 0.794916 1 1 1.000000
0  -20.411791 61.401932 33.708641  -0.179793 -0.201771 0.962789  0.980499 0.800775 1 1 1.000000
skin_0dam
0  -20.411791 61.401932 33.708641  -0.179793 -0.201771 0.962789  0.980499 0.800775 1 1 1.000000
0  -17.094704 63.153919 34.055351  0.078412 -0.361842 0.928936  0.980499 0.692373 1 1 1.000000
0  -17.177284 63.299946 34.123390  -0.002665 -0.202906 0.979195  0.029298 0.695303 1 1 1.000000
skin_0dam
0  -20.150278 81.197006 34.542419  -0.028032 -0.029347 0.999176  0.613300 0.238258 1 1 1.000000
0  -20.081457 61.971813 33.827583  -0.084932 -0.040329 0.995570  0.613300 0.310526 1 1 1.000000
0  -17.259869 63.451965 34.122875  -0.080873 -0.037203 0.996030  0.596698 0.305643 1 1 1.000000
skin_0dam
0  -17.259869 63.451965 34.122875  -0.080873 -0.037203 0.996030  0.596698 0.305643 1 1 1.000000
0  -16.461567 81.576118 34.630856  -0.027011 -0.012356 0.999559  0.592792 0.237281 1 1 1.000000
0  -20.150278 81.197006 34.542419  -0.028032 -0.029347 0.999176  0.613300 0.238258 1 1 1.000000
skin_0dam
0  -10.625694 79.678978 34.837921  -0.044897 -0.005971 0.998974  0.559587 0.244118 1 1 1.000000
0  -10.625693 68.011208 34.756638  -0.081244 -0.007493 0.996666  0.559587 0.288064 1 1 1.000000
0  -9.923738 66.003860 34.802074  -0.061414 -0.039195 0.997343  0.555681 0.294900 1 1 1.000000
skin_0dam
0  -9.923738 66.003860 34.802074  -0.061414 -0.039195 0.997343  0.555681 0.294900 1 1 1.000000
0  -9.937502 82.065460 34.880909  -0.031996 0.009998 0.999438  0.555681 0.235328 1 1 1.000000
0  -10.625694 79.678978 34.837921  -0.044897 -0.005971 0.998974  0.559587 0.244118 1 1 1.000000
skin_0dam
0  -13.708797 78.684036 34.681786  -0.041866 -0.015040 0.999010  0.577166 0.248024 1 1 1.000000
0  -13.708796 67.024673 34.504528  -0.077400 -0.015458 0.996880  0.577166 0.291971 1 1 1.000000
0  -12.951784 68.026802 34.578384  -0.076112 -0.014221 0.996998  0.573260 0.288064 1 1 1.000000
skin_0dam
0  -12.951784 68.026802 34.578384  -0.076112 -0.014221 0.996998  0.573260 0.288064 1 1 1.000000
0  -12.951785 79.688576 34.728222  -0.041980 -0.017121 0.998972  0.573260 0.244118 1 1 1.000000
0  -13.708797 78.684036 34.681786  -0.041866 -0.015040 0.999010  0.577166 0.248024 1 1 1.000000
skin_0dam
0  -17.259869 63.451965 34.122875  -0.080873 -0.037203 0.996030  0.596698 0.305643 1 1 1.000000
0  -16.048651 67.042664 34.298859  -0.086090 -0.022591 0.996031  0.589862 0.291971 1 1 1.000000
0  -16.048653 78.693634 34.572098  -0.031483 -0.026204 0.999161  0.589862 0.248024 1 1 1.000000
skin_0dam
0  -16.048653 78.693634 34.572098  -0.031483 -0.026204 0.999161  0.589862 0.248024 1 1 1.000000
0  -16.461567 81.576118 34.630856  -0.027011 -0.012356 0.999559  0.592792 0.237281 1 1 1.000000
0  -17.259869 63.451965 34.122875  -0.080873 -0.037203 0.996030  0.596698 0.305643 1 1 1.000000
skin_0dam
0  -12.827910 80.268059 34.737473  -0.038377 -0.019124 0.999080  0.572283 0.242164 1 1 1.000000
0  -12.428759 80.694313 34.760952  -0.037793 -0.021513 0.999054  0.570330 0.240211 1 1 1.000000
0  -16.461567 81.576118 34.630856  -0.027011 -0.012356 0.999559  0.592792 0.237281 1 1 1.000000
skin_0dam
0  -11.795622 80.871361 34.790257  -0.040318 -0.015638 0.999064  0.566424 0.239235 1 1 1.000000
0  -9.937502 82.065460 34.880909  -0.031996 0.009998 0.999438  0.555681 0.235328 1 1 1.000000
0  -16.461567 81.576118 34.630856  -0.027011 -0.012356 0.999559  0.592792 0.237281 1 1 1.000000
skin_0dam
0  -16.461567 81.576118 34.630856  -0.027011 -0.012356 0.999559  0.592792 0.237281 1 1 1.000000
0  -12.428759 80.694313 34.760952  -0.037793 -0.021513 0.999054  0.570330 0.240211 1 1 1.000000
0  -11.795622 80.871361 34.790257  -0.040318 -0.015638 0.999064  0.566424 0.239235 1 1 1.000000
skin_0dam
0  -11.795622 80.871361 34.790257  -0.040318 -0.015638 0.999064  0.566424 0.239235 1 1 1.000000
0  -11.148721 80.689514 34.815796  -0.044102 -0.006977 0.999003  0.562517 0.240211 1 1 1.000000
0  -9.937502 82.065460 34.880909  -0.031996 0.009998 0.999438  0.555681 0.235328 1 1 1.000000
skin_0dam
0  -11.148721 80.689514 34.815796  -0.044102 -0.006977 0.999003  0.562517 0.240211 1 1 1.000000
0  -10.763333 80.287086 34.835850  -0.044512 -0.005564 0.998993  0.560564 0.242164 1 1 1.000000
0  -9.937502 82.065460 34.880909  -0.031996 0.009998 0.999438  0.555681 0.235328 1 1 1.000000
skin_0dam
0  -10.763333 80.287086 34.835850  -0.044512 -0.005564 0.998993  0.560564 0.242164 1 1 1.000000
0  -10.625694 79.678978 34.837921  -0.044897 -0.005971 0.998974  0.559587 0.244118 1 1 1.000000
0  -9.937502 82.065460 34.880909  -0.031996 0.009998 0.999438  0.555681 0.235328 1 1 1.000000
skin_0dam
0  -15.511861 79.698166 34.618534  -0.037120 -0.029143 0.998886  0.586932 0.244118 1 1 1.000000
0  -14.878724 79.875221 34.647842  -0.042875 -0.028534 0.998673  0.584002 0.243141 1 1 1.000000
0  -16.461567 81.576118 34.630856  -0.027011 -0.012356 0.999559  0.592792 0.237281 1 1 1.000000
skin_0dam
0  -15.911013 79.300545 34.583748  -0.034502 -0.028504 0.998998  0.589862 0.245094 1 1 1.000000
0  -15.511861 79.698166 34.618534  -0.037120 -0.029143 0.998886  0.586932 0.244118 1 1 1.000000
0  -16.461567 81.576118 34.630856  -0.027011 -0.012356 0.999559  0.592792 0.237281 1 1 1.000000
skin_0dam
0  -15.911013 79.300545 34.583748  -0.034502 -0.028504 0.998998  0.589862 0.245094 1 1 1.000000
0  -16.461567 81.576118 34.630856  -0.027011 -0.012356 0.999559  0.592792 0.237281 1 1 1.000000
0  -16.048653 78.693634 34.572098  -0.031483 -0.026204 0.999161  0.589862 0.248024 1 1 1.000000
skin_0dam
0  -9.923738 66.003860 34.802074  -0.061414 -0.039195 0.997343  0.555681 0.294900 1 1 1.000000
0  -10.625693 68.011208 34.756638  -0.081244 -0.007493 0.996666  0.559587 0.288064 1 1 1.000000
0  -10.749569 67.432938 34.733681  -0.081475 -0.007087 0.996650  0.560564 0.290017 1 1 1.000000
skin_0dam
0  -10.749569 67.432938 34.733681  -0.081475 -0.007087 0.996650  0.560564 0.290017 1 1 1.000000
0  -11.162485 67.007874 34.696491  -0.081786 -0.006679 0.996628  0.562517 0.291971 1 1 1.000000
0  -9.923738 66.003860 34.802074  -0.061414 -0.039195 0.997343  0.555681 0.294900 1 1 1.000000
skin_0dam
0  -11.162485 67.007874 34.696491  -0.081786 -0.006679 0.996628  0.562517 0.291971 1 1 1.000000
0  -11.795621 66.832024 34.653473  -0.080203 -0.008175 0.996745  0.566424 0.291971 1 1 1.000000
0  -9.923738 66.003860 34.802074  -0.061414 -0.039195 0.997343  0.555681 0.294900 1 1 1.000000
skin_0dam
0  -11.795621 66.832024 34.653473  -0.080203 -0.008175 0.996745  0.566424 0.291971 1 1 1.000000
0  -12.428758 67.016273 34.600513  -0.077742 -0.012333 0.996897  0.570330 0.291971 1 1 1.000000
0  -13.708795 64.995880 34.479015  -0.083257 -0.022737 0.996269  0.577166 0.298807 1 1 1.000000
skin_0dam
0  -13.708795 64.995880 34.479015  -0.083257 -0.022737 0.996269  0.577166 0.298807 1 1 1.000000
0  -9.923738 66.003860 34.802074  -0.061414 -0.039195 0.997343  0.555681 0.294900 1 1 1.000000
0  -11.795621 66.832024 34.653473  -0.080203 -0.008175 0.996745  0.566424 0.291971 1 1 1.000000
skin_0dam
0  -12.841674 67.461044 34.570335  -0.077465 -0.013434 0.996905  0.572283 0.290017 1 1 1.000000
0  -12.951784 68.026802 34.578384  -0.076112 -0.014221 0.996998  0.573260 0.288064 1 1 1.000000
0  -13.708796 67.024673 34.504528  -0.077400 -0.015458 0.996880  0.577166 0.291971 1 1 1.000000
skin_0dam
0  -13.708796 67.024673 34.504528  -0.077400 -0.015458 0.996880  0.577166 0.291971 1 1 1.000000
0  -12.428758 67.016273 34.600513  -0.077742 -0.012333 0.996897  0.570330 0.291971 1 1 1.000000
0  -12.841674 67.461044 34.570335  -0.077465 -0.013434 0.996905  0.572283 0.290017 1 1 1.000000
skin_0dam
0  -12.800383 68.026802 34.578384  0.643530 0.071126 0.762109  0.572283 0.288064 1 1 1.000000
0  -12.800384 79.688576 34.728222  0.664104 -0.084137 0.742891  0.572283 0.244118 1 1 1.000000
0  -12.951785 79.688576 34.728222  -0.041980 -0.017121 0.998972  0.573260 0.244118 1 1 1.000000
skin_0dam
0  -12.951785 79.688576 34.728222  -0.041980 -0.017121 0.998972  0.573260 0.244118 1 1 1.000000
0  -12.951784 68.026802 34.578384  -0.076112 -0.014221 0.996998  0.573260 0.288064 1 1 1.000000
0  -12.800383 68.026802 34.578384  0.643530 0.071126 0.762109  0.572283 0.288064 1 1 1.000000
skin_0dam
0  -10.625693 68.011208 34.756638  -0.081244 -0.007493 0.996666  0.559587 0.288064 1 1 1.000000
0  -10.625694 79.678978 34.837921  -0.044897 -0.005971 0.998974  0.559587 0.244118 1 1 1.000000
0  -10.777098 79.678978 34.837921  -0.696802 -0.072297 0.713611  0.560564 0.244118 1 1 1.000000
skin_0dam
0  -10.777098 79.678978 34.837921  -0.696802 -0.072297 0.713611  0.560564 0.244118 1 1 1.000000
0  -10.777097 68.012405 34.742928  -0.701762 0.068952 0.709067  0.560564 0.288064 1 1 1.000000
0  -10.625693 68.011208 34.756638  -0.081244 -0.007493 0.996666  0.559587 0.288064 1 1 1.000000
skin_0dam
0  -12.800384 79.688576 34.728222  0.664104 -0.084137 0.742891  0.572283 0.244118 1 1 1.000000
0  -12.690272 80.184586 34.743988  0.556804 -0.317565 0.767543  0.571307 0.242164 1 1 1.000000
0  -12.827910 80.268059 34.737473  -0.038377 -0.019124 0.999080  0.572283 0.242164 1 1 1.000000
skin_0dam
0  -12.827910 80.268059 34.737473  -0.038377 -0.019124 0.999080  0.572283 0.242164 1 1 1.000000
0  -12.951785 79.688576 34.728222  -0.041980 -0.017121 0.998972  0.573260 0.244118 1 1 1.000000
0  -12.800384 79.688576 34.728222  0.664104 -0.084137 0.742891  0.572283 0.244118 1 1 1.000000
skin_0dam
0  -12.690272 80.184586 34.743988  0.556804 -0.317565 0.767543  0.571307 0.242164 1 1 1.000000
0  -12.346177 80.556000 34.762665  0.312924 -0.583567 0.749352  0.569353 0.241188 1 1 1.000000
0  -12.428759 80.694313 34.760952  -0.037793 -0.021513 0.999054  0.570330 0.240211 1 1 1.000000
skin_0dam
0  -12.428759 80.694313 34.760952  -0.037793 -0.021513 0.999054  0.570330 0.240211 1 1 1.000000
0  -12.827910 80.268059 34.737473  -0.038377 -0.019124 0.999080  0.572283 0.242164 1 1 1.000000
0  -12.690272 80.184586 34.743988  0.556804 -0.317565 0.767543  0.571307 0.242164 1 1 1.000000
skin_0dam
0  -12.346177 80.556000 34.762665  0.312924 -0.583567 0.749352  0.569353 0.241188 1 1 1.000000
0  -11.795622 80.705627 34.789574  -0.039516 -0.674080 0.737600  0.566424 0.240211 1 1 1.000000
0  -11.795622 80.871361 34.790257  -0.040318 -0.015638 0.999064  0.566424 0.239235 1 1 1.000000
skin_0dam
0  -11.795622 80.871361 34.790257  -0.040318 -0.015638 0.999064  0.566424 0.239235 1 1 1.000000
0  -12.428759 80.694313 34.760952  -0.037793 -0.021513 0.999054  0.570330 0.240211 1 1 1.000000
0  -12.346177 80.556000 34.762665  0.312924 -0.583567 0.749352  0.569353 0.241188 1 1 1.000000
skin_0dam
0  -11.795622 80.705627 34.789574  -0.039516 -0.674080 0.737600  0.566424 0.240211 1 1 1.000000
0  -11.231304 80.551201 34.817509  -0.379145 -0.557456 0.738575  0.563494 0.241188 1 1 1.000000
0  -11.148721 80.689514 34.815796  -0.044102 -0.006977 0.999003  0.562517 0.240211 1 1 1.000000
skin_0dam
0  -11.148721 80.689514 34.815796  -0.044102 -0.006977 0.999003  0.562517 0.240211 1 1 1.000000
0  -11.795622 80.871361 34.790257  -0.040318 -0.015638 0.999064  0.566424 0.239235 1 1 1.000000
0  -11.795622 80.705627 34.789574  -0.039516 -0.674080 0.737600  0.566424 0.240211 1 1 1.000000
skin_0dam
0  -11.231304 80.551201 34.817509  -0.379145 -0.557456 0.738575  0.563494 0.241188 1 1 1.000000
0  -10.887208 80.177391 34.826252  -0.599732 -0.290684 0.745536  0.561541 0.242164 1 1 1.000000
0  -10.763333 80.287086 34.835850  -0.044512 -0.005564 0.998993  0.560564 0.242164 1 1 1.000000
skin_0dam
0  -10.763333 80.287086 34.835850  -0.044512 -0.005564 0.998993  0.560564 0.242164 1 1 1.000000
0  -11.148721 80.689514 34.815796  -0.044102 -0.006977 0.999003  0.562517 0.240211 1 1 1.000000
0  -11.231304 80.551201 34.817509  -0.379145 -0.557456 0.738575  0.563494 0.241188 1 1 1.000000
skin_0dam
0  -10.887208 80.177391 34.826252  -0.599732 -0.290684 0.745536  0.561541 0.242164 1 1 1.000000
0  -10.777098 79.678978 34.837921  -0.696802 -0.072297 0.713611  0.560564 0.244118 1 1 1.000000
0  -10.625694 79.678978 34.837921  -0.044897 -0.005971 0.998974  0.559587 0.244118 1 1 1.000000
skin_0dam
0  -10.625694 79.678978 34.837921  -0.044897 -0.005971 0.998974  0.559587 0.244118 1 1 1.000000
0  -10.763333 80.287086 34.835850  -0.044512 -0.005564 0.998993  0.560564 0.242164 1 1 1.000000
0  -10.887208 80.177391 34.826252  -0.599732 -0.290684 0.745536  0.561541 0.242164 1 1 1.000000
skin_0dam
0  -10.777097 68.012405 34.742928  -0.701762 0.068952 0.709067  0.560564 0.288064 1 1 1.000000
0  -10.887207 67.516403 34.727165  -0.585745 0.276513 0.761868  0.561541 0.290017 1 1 1.000000
0  -10.749569 67.432938 34.733681  -0.081475 -0.007087 0.996650  0.560564 0.290017 1 1 1.000000
skin_0dam
0  -10.749569 67.432938 34.733681  -0.081475 -0.007087 0.996650  0.560564 0.290017 1 1 1.000000
0  -10.625693 68.011208 34.756638  -0.081244 -0.007493 0.996666  0.559587 0.288064 1 1 1.000000
0  -10.777097 68.012405 34.742928  -0.701762 0.068952 0.709067  0.560564 0.288064 1 1 1.000000
skin_0dam
0  -10.887207 67.516403 34.727165  -0.585745 0.276513 0.761868  0.561541 0.290017 1 1 1.000000
0  -11.231303 67.146187 34.694778  -0.370142 0.501790 0.781794  0.563494 0.290994 1 1 1.000000
0  -11.162485 67.007874 34.696491  -0.081786 -0.006679 0.996628  0.562517 0.291971 1 1 1.000000
skin_0dam
0  -11.162485 67.007874 34.696491  -0.081786 -0.006679 0.996628  0.562517 0.291971 1 1 1.000000
0  -10.749569 67.432938 34.733681  -0.081475 -0.007087 0.996650  0.560564 0.290017 1 1 1.000000
0  -10.887207 67.516403 34.727165  -0.585745 0.276513 0.761868  0.561541 0.290017 1 1 1.000000
skin_0dam
0  -11.231303 67.146187 34.694778  -0.370142 0.501790 0.781794  0.563494 0.290994 1 1 1.000000
0  -11.795621 66.997765 34.654156  -0.067145 0.599292 0.797710  0.566424 0.291971 1 1 1.000000
0  -11.795621 66.832024 34.653473  -0.080203 -0.008175 0.996745  0.566424 0.291971 1 1 1.000000
skin_0dam
0  -11.795621 66.832024 34.653473  -0.080203 -0.008175 0.996745  0.566424 0.291971 1 1 1.000000
0  -11.162485 67.007874 34.696491  -0.081786 -0.006679 0.996628  0.562517 0.291971 1 1 1.000000
0  -11.231303 67.146187 34.694778  -0.370142 0.501790 0.781794  0.563494 0.290994 1 1 1.000000
skin_0dam
0  -11.795621 66.997765 34.654156  -0.067145 0.599292 0.797710  0.566424 0.291971 1 1 1.000000
0  -12.346176 67.153381 34.612507  0.253774 0.530067 0.809091  0.569353 0.290994 1 1 1.000000
0  -12.428758 67.016273 34.600513  -0.077742 -0.012333 0.996897  0.570330 0.291971 1 1 1.000000
skin_0dam
0  -12.428758 67.016273 34.600513  -0.077742 -0.012333 0.996897  0.570330 0.291971 1 1 1.000000
0  -11.795621 66.832024 34.653473  -0.080203 -0.008175 0.996745  0.566424 0.291971 1 1 1.000000
0  -11.795621 66.997765 34.654156  -0.067145 0.599292 0.797710  0.566424 0.291971 1 1 1.000000
skin_0dam
0  -12.346176 67.153381 34.612507  0.253774 0.530067 0.809091  0.569353 0.290994 1 1 1.000000
0  -12.690271 67.528397 34.590046  0.506618 0.302313 0.807431  0.571307 0.290017 1 1 1.000000
0  -12.841674 67.461044 34.570335  -0.077465 -0.013434 0.996905  0.572283 0.290017 1 1 1.000000
skin_0dam
0  -12.841674 67.461044 34.570335  -0.077465 -0.013434 0.996905  0.572283 0.290017 1 1 1.000000
0  -12.428758 67.016273 34.600513  -0.077742 -0.012333 0.996897  0.570330 0.291971 1 1 1.000000
0  -12.346176 67.153381 34.612507  0.253774 0.530067 0.809091  0.569353 0.290994 1 1 1.000000
skin_0dam
0  -12.690271 67.528397 34.590046  0.506618 0.302313 0.807431  0.571307 0.290017 1 1 1.000000
0  -12.800383 68.026802 34.578384  0.643530 0.071126 0.762109  0.572283 0.288064 1 1 1.000000
0  -12.951784 68.026802 34.578384  -0.076112 -0.014221 0.996998  0.573260 0.288064 1 1 1.000000
skin_0dam
0  -12.951784 68.026802 34.578384  -0.076112 -0.014221 0.996998  0.573260 0.288064 1 1 1.000000
0  -12.841674 67.461044 34.570335  -0.077465 -0.013434 0.996905  0.572283 0.290017 1 1 1.000000
0  -12.690271 67.528397 34.590046  0.506618 0.302313 0.807431  0.571307 0.290017 1 1 1.000000
skin_0dam
0  -12.800384 79.688576 34.728222  0.664104 -0.084137 0.742891  0.572283 0.244118 1 1 1.000000
0  -12.800384 79.724564 34.316879  0.993624 -0.112321 -0.009824  0.572283 0.244118 1 1 1.000000
0  -12.690272 80.220573 34.332645  0.880496 -0.472251 -0.041302  0.571307 0.242164 1 1 1.000000
skin_0dam
0  -12.690272 80.220573 34.332645  0.880496 -0.472251 -0.041302  0.571307 0.242164 1 1 1.000000
0  -12.690272 80.184586 34.743988  0.556804 -0.317565 0.767543  0.571307 0.242164 1 1 1.000000
0  -12.800384 79.688576 34.728222  0.664104 -0.084137 0.742891  0.572283 0.244118 1 1 1.000000
skin_0dam
0  -12.690272 80.184586 34.743988  0.556804 -0.317565 0.767543  0.571307 0.242164 1 1 1.000000
0  -12.690272 80.220573 34.332645  0.880496 -0.472251 -0.041302  0.571307 0.242164 1 1 1.000000
0  -12.346177 80.591988 34.351322  0.515018 -0.853916 -0.074725  0.569353 0.241188 1 1 1.000000
skin_0dam
0  -12.346177 80.591988 34.351322  0.515018 -0.853916 -0.074725  0.569353 0.241188 1 1 1.000000
0  -12.346177 80.556000 34.762665  0.312924 -0.583567 0.749352  0.569353 0.241188 1 1 1.000000
0  -12.690272 80.184586 34.743988  0.556804 -0.317565 0.767543  0.571307 0.242164 1 1 1.000000
skin_0dam
0  -12.346177 80.556000 34.762665  0.312924 -0.583567 0.749352  0.569353 0.241188 1 1 1.000000
0  -12.346177 80.591988 34.351322  0.515018 -0.853916 -0.074725  0.569353 0.241188 1 1 1.000000
0  -11.795622 80.741615 34.378227  0.009321 -0.996152 -0.087150  0.566424 0.240211 1 1 1.000000
skin_0dam
0  -11.795622 80.741615 34.378227  0.009321 -0.996152 -0.087150  0.566424 0.240211 1 1 1.000000
0  -11.795622 80.705627 34.789574  -0.039516 -0.674080 0.737600  0.566424 0.240211 1 1 1.000000
0  -12.346177 80.556000 34.762665  0.312924 -0.583567 0.749352  0.569353 0.241188 1 1 1.000000
skin_0dam
0  -11.795622 80.705627 34.789574  -0.039516 -0.674080 0.737600  0.566424 0.240211 1 1 1.000000
0  -11.795622 80.741615 34.378227  0.009321 -0.996152 -0.087150  0.566424 0.240211 1 1 1.000000
0  -11.231304 80.588387 34.392456  -0.504181 -0.860313 -0.075250  0.563494 0.241188 1 1 1.000000
skin_0dam
0  -11.231304 80.588387 34.392456  -0.504181 -0.860313 -0.075250  0.563494 0.241188 1 1 1.000000
0  -11.231304 80.551201 34.817509  -0.379145 -0.557456 0.738575  0.563494 0.241188 1 1 1.000000
0  -11.795622 80.705627 34.789574  -0.039516 -0.674080 0.737600  0.566424 0.240211 1 1 1.000000
skin_0dam
0  -11.231304 80.551201 34.817509  -0.379145 -0.557456 0.738575  0.563494 0.241188 1 1 1.000000
0  -11.231304 80.588387 34.392456  -0.504181 -0.860313 -0.075250  0.563494 0.241188 1 1 1.000000
0  -10.887208 80.213379 34.414913  -0.876606 -0.479379 -0.041936  0.561541 0.242164 1 1 1.000000
skin_0dam
0  -10.887208 80.213379 34.414913  -0.876606 -0.479379 -0.041936  0.561541 0.242164 1 1 1.000000
0  -10.887208 80.177391 34.826252  -0.599732 -0.290684 0.745536  0.561541 0.242164 1 1 1.000000
0  -11.231304 80.551201 34.817509  -0.379145 -0.557456 0.738575  0.563494 0.241188 1 1 1.000000
skin_0dam
0  -10.887208 80.177391 34.826252  -0.599732 -0.290684 0.745536  0.561541 0.242164 1 1 1.000000
0  -10.887208 80.213379 34.414913  -0.876606 -0.479379 -0.041936  0.561541 0.242164 1 1 1.000000
0  -10.777098 79.716164 34.412861  -0.993542 -0.113029 -0.009888  0.560564 0.244118 1 1 1.000000
skin_0dam
0  -10.777098 79.716164 34.412861  -0.993542 -0.113029 -0.009888  0.560564 0.244118 1 1 1.000000
0  -10.777098 79.678978 34.837921  -0.696802 -0.072297 0.713611  0.560564 0.244118 1 1 1.000000
0  -10.887208 80.177391 34.826252  -0.599732 -0.290684 0.745536  0.561541 0.242164 1 1 1.000000
skin_0dam
0  -10.777097 68.012405 34.742928  -0.701762 0.068952 0.709067  0.560564 0.288064 1 1 1.000000
0  -10.777097 68.049591 34.317867  -0.994522 0.104128 0.009111  0.560564 0.288064 1 1 1.000000
0  -10.887207 67.553589 34.302109  -0.885466 0.462936 0.040506  0.561541 0.290017 1 1 1.000000
skin_0dam
0  -10.887207 67.553589 34.302109  -0.885466 0.462936 0.040506  0.561541 0.290017 1 1 1.000000
0  -10.887207 67.516403 34.727165  -0.585745 0.276513 0.761868  0.561541 0.290017 1 1 1.000000
0  -10.777097 68.012405 34.742928  -0.701762 0.068952 0.709067  0.560564 0.288064 1 1 1.000000
skin_0dam
0  -10.887207 67.516403 34.727165  -0.585745 0.276513 0.761868  0.561541 0.290017 1 1 1.000000
0  -10.887207 67.553589 34.302109  -0.885466 0.462936 0.040506  0.561541 0.290017 1 1 1.000000
0  -11.231303 67.183372 34.269718  -0.511964 0.855739 0.074852  0.563494 0.290994 1 1 1.000000
skin_0dam
0  -11.231303 67.183372 34.269718  -0.511964 0.855739 0.074852  0.563494 0.290994 1 1 1.000000
0  -11.231303 67.146187 34.694778  -0.370142 0.501790 0.781794  0.563494 0.290994 1 1 1.000000
0  -10.887207 67.516403 34.727165  -0.585745 0.276513 0.761868  0.561541 0.290017 1 1 1.000000
skin_0dam
0  -11.231303 67.146187 34.694778  -0.370142 0.501790 0.781794  0.563494 0.290994 1 1 1.000000
0  -11.231303 67.183372 34.269718  -0.511964 0.855739 0.074852  0.563494 0.290994 1 1 1.000000
0  -11.795621 67.034950 34.229099  0.013620 0.996102 0.087155  0.566424 0.291971 1 1 1.000000
skin_0dam
0  -11.795621 67.034950 34.229099  0.013620 0.996102 0.087155  0.566424 0.291971 1 1 1.000000
0  -11.795621 66.997765 34.654156  -0.067145 0.599292 0.797710  0.566424 0.291971 1 1 1.000000
0  -11.231303 67.146187 34.694778  -0.370142 0.501790 0.781794  0.563494 0.290994 1 1 1.000000
skin_0dam
0  -11.795621 66.997765 34.654156  -0.067145 0.599292 0.797710  0.566424 0.291971 1 1 1.000000
0  -11.795621 67.034950 34.229099  0.013620 0.996102 0.087155  0.566424 0.291971 1 1 1.000000
0  -12.346176 67.190575 34.187450  0.530535 0.844436 0.073892  0.569353 0.290994 1 1 1.000000
skin_0dam
0  -12.346176 67.190575 34.187450  0.530535 0.844436 0.073892  0.569353 0.290994 1 1 1.000000
0  -12.346176 67.153381 34.612507  0.253774 0.530067 0.809091  0.569353 0.290994 1 1 1.000000
0  -11.795621 66.997765 34.654156  -0.067145 0.599292 0.797710  0.566424 0.291971 1 1 1.000000
skin_0dam
0  -12.346176 67.153381 34.612507  0.253774 0.530067 0.809091  0.569353 0.290994 1 1 1.000000
0  -12.346176 67.190575 34.187450  0.530535 0.844436 0.073892  0.569353 0.290994 1 1 1.000000
0  -12.690271 67.565582 34.164989  0.890964 0.452346 0.039580  0.571307 0.290017 1 1 1.000000
skin_0dam
0  -12.690271 67.565582 34.164989  0.890964 0.452346 0.039580  0.571307 0.290017 1 1 1.000000
0  -12.690271 67.528397 34.590046  0.506618 0.302313 0.807431  0.571307 0.290017 1 1 1.000000
0  -12.346176 67.153381 34.612507  0.253774 0.530067 0.809091  0.569353 0.290994 1 1 1.000000
skin_0dam
0  -12.690271 67.528397 34.590046  0.506618 0.302313 0.807431  0.571307 0.290017 1 1 1.000000
0  -12.690271 67.565582 34.164989  0.890964 0.452346 0.039580  0.571307 0.290017 1 1 1.000000
0  -12.800383 68.062790 34.167042  0.994570 0.103673 0.009069  0.572283 0.288064 1 1 1.000000
skin_0dam
0  -12.800383 68.062790 34.167042  0.994570 0.103673 0.009069  0.572283 0.288064 1 1 1.000000
0  -12.800383 68.026802 34.578384  0.643530 0.071126 0.762109  0.572283 0.288064 1 1 1.000000
0  -12.690271 67.528397 34.590046  0.506618 0.302313 0.807431  0.571307 0.290017 1 1 1.000000
skin_0dam
0  -12.800383 68.026802 34.578384  0.643530 0.071126 0.762109  0.572283 0.288064 1 1 1.000000
0  -12.800383 68.062790 34.167042  0.994570 0.103673 0.009069  0.572283 0.288064 1 1 1.000000
0  -12.800384 79.724564 34.316879  0.993624 -0.112321 -0.009824  0.572283 0.244118 1 1 1.000000
skin_0dam
0  -12.800384 79.724564 34.316879  0.993624 -0.112321 -0.009824  0.572283 0.244118 1 1 1.000000
0  -12.800384 79.688576 34.728222  0.664104 -0.084137 0.742891  0.572283 0.244118 1 1 1.000000
0  -12.800383 68.026802 34.578384  0.643530 0.071126 0.762109  0.572283 0.288064 1 1 1.000000
skin_0dam
0  -10.777098 79.716164 34.412861  -0.993542 -0.113029 -0.009888  0.560564 0.244118 1 1 1.000000
0  -10.777097 68.049591 34.317867  -0.994522 0.104128 0.009111  0.560564 0.288064 1 1 1.000000
0  -10.777097 68.012405 34.742928  -0.701762 0.068952 0.709067  0.560564 0.288064 1 1 1.000000
skin_0dam
0  -10.777097 68.012405 34.742928  -0.701762 0.068952 0.709067  0.560564 0.288064 1 1 1.000000
0  -10.777098 79.678978 34.837921  -0.696802 -0.072297 0.713611  0.560564 0.244118 1 1 1.000000
0  -10.777098 79.716164 34.412861  -0.993542 -0.113029 -0.009888  0.560564 0.244118 1 1 1.000000
skin_0dam
0  -14.878724 79.875221 34.647842  -0.042875 -0.028534 0.998673  0.584002 0.243141 1 1 1.000000
0  -14.204295 79.679657 34.672180  -0.047551 -0.014731 0.998760  0.580096 0.244118 1 1 1.000000
0  -12.827910 80.268059 34.737473  -0.038377 -0.019124 0.999080  0.572283 0.242164 1 1 1.000000
skin_0dam
0  -12.827910 80.268059 34.737473  -0.038377 -0.019124 0.999080  0.572283 0.242164 1 1 1.000000
0  -16.461567 81.576118 34.630856  -0.027011 -0.012356 0.999559  0.592792 0.237281 1 1 1.000000
0  -14.878724 79.875221 34.647842  -0.042875 -0.028534 0.998673  0.584002 0.243141 1 1 1.000000
skin_0dam
0  -12.827910 80.268059 34.737473  -0.038377 -0.019124 0.999080  0.572283 0.242164 1 1 1.000000
0  -14.204295 79.679657 34.672180  -0.047551 -0.014731 0.998760  0.580096 0.244118 1 1 1.000000
0  -13.832671 79.263519 34.691036  -0.042283 -0.013762 0.999011  0.578143 0.246071 1 1 1.000000
skin_0dam
0  -13.832671 79.263519 34.691036  -0.042283 -0.013762 0.999011  0.578143 0.246071 1 1 1.000000
0  -12.951785 79.688576 34.728222  -0.041980 -0.017121 0.998972  0.573260 0.244118 1 1 1.000000
0  -12.827910 80.268059 34.737473  -0.038377 -0.019124 0.999080  0.572283 0.242164 1 1 1.000000
skin_0dam
0  -13.832671 79.263519 34.691036  -0.042283 -0.013762 0.999011  0.578143 0.246071 1 1 1.000000
0  -13.708797 78.684036 34.681786  -0.041866 -0.015040 0.999010  0.577166 0.248024 1 1 1.000000
0  -12.951785 79.688576 34.728222  -0.041980 -0.017121 0.998972  0.573260 0.244118 1 1 1.000000
skin_0dam
0  -13.708796 67.024673 34.504528  -0.077400 -0.015458 0.996880  0.577166 0.291971 1 1 1.000000
0  -13.832670 66.446396 34.481567  -0.082259 -0.014606 0.996504  0.578143 0.293924 1 1 1.000000
0  -12.428758 67.016273 34.600513  -0.077742 -0.012333 0.996897  0.570330 0.291971 1 1 1.000000
skin_0dam
0  -13.832670 66.446396 34.481567  -0.082259 -0.014606 0.996504  0.578143 0.293924 1 1 1.000000
0  -14.245586 66.021332 34.444378  -0.091062 -0.012265 0.995770  0.580096 0.295877 1 1 1.000000
0  -13.708795 64.995880 34.479015  -0.083257 -0.022737 0.996269  0.577166 0.298807 1 1 1.000000
skin_0dam
0  -13.708795 64.995880 34.479015  -0.083257 -0.022737 0.996269  0.577166 0.298807 1 1 1.000000
0  -12.428758 67.016273 34.600513  -0.077742 -0.012333 0.996897  0.570330 0.291971 1 1 1.000000
0  -13.832670 66.446396 34.481567  -0.082259 -0.014606 0.996504  0.578143 0.293924 1 1 1.000000
skin_0dam
0  -13.708795 64.995880 34.479015  -0.083257 -0.022737 0.996269  0.577166 0.298807 1 1 1.000000
0  -14.245586 66.021332 34.444378  -0.091062 -0.012265 0.995770  0.580096 0.295877 1 1 1.000000
0  -14.878723 65.861595 34.375137  -0.089423 -0.015975 0.995866  0.584002 0.295877 1 1 1.000000
skin_0dam
0  -14.878723 65.861595 34.375137  -0.089423 -0.015975 0.995866  0.584002 0.295877 1 1 1.000000
0  -17.259869 63.451965 34.122875  -0.080873 -0.037203 0.996030  0.596698 0.305643 1 1 1.000000
0  -13.708795 64.995880 34.479015  -0.083257 -0.022737 0.996269  0.577166 0.298807 1 1 1.000000
skin_0dam
0  -14.878723 65.861595 34.375137  -0.089423 -0.015975 0.995866  0.584002 0.295877 1 1 1.000000
0  -15.498096 66.030930 34.334690  -0.086490 -0.021646 0.996017  0.586932 0.295877 1 1 1.000000
0  -17.259869 63.451965 34.122875  -0.080873 -0.037203 0.996030  0.596698 0.305643 1 1 1.000000
skin_0dam
0  -15.911012 66.461990 34.303322  -0.086179 -0.022447 0.996027  0.589862 0.293924 1 1 1.000000
0  -16.048651 67.042664 34.298859  -0.086090 -0.022591 0.996031  0.589862 0.291971 1 1 1.000000
0  -17.259869 63.451965 34.122875  -0.080873 -0.037203 0.996030  0.596698 0.305643 1 1 1.000000
skin_0dam
0  -15.498096 66.030930 34.334690  -0.086490 -0.021646 0.996017  0.586932 0.295877 1 1 1.000000
0  -15.911012 66.461990 34.303322  -0.086179 -0.022447 0.996027  0.589862 0.293924 1 1 1.000000
0  -17.259869 63.451965 34.122875  -0.080873 -0.037203 0.996030  0.596698 0.305643 1 1 1.000000
skin_0dam
0  -16.048653 78.693634 34.572098  -0.031483 -0.026204 0.999161  0.589862 0.248024 1 1 1.000000
0  -16.048651 67.042664 34.298859  -0.086090 -0.022591 0.996031  0.589862 0.291971 1 1 1.000000
0  -15.883485 67.041466 34.312569  0.640633 0.064130 0.765165  0.589862 0.291971 1 1 1.000000
skin_0dam
0  -15.883485 67.041466 34.312569  0.640633 0.064130 0.765165  0.589862 0.291971 1 1 1.000000
0  -15.883486 78.707344 34.573296  0.668836 -0.090949 0.737825  0.589862 0.248024 1 1 1.000000
0  -16.048653 78.693634 34.572098  -0.031483 -0.026204 0.999161  0.589862 0.248024 1 1 1.000000
skin_0dam
0  -13.860199 67.025871 34.490814  -0.701684 0.062864 0.709710  0.578143 0.291971 1 1 1.000000
0  -13.708796 67.024673 34.504528  -0.077400 -0.015458 0.996880  0.577166 0.291971 1 1 1.000000
0  -13.708797 78.684036 34.681786  -0.041866 -0.015040 0.999010  0.577166 0.248024 1 1 1.000000
skin_0dam
0  -13.708797 78.684036 34.681786  -0.041866 -0.015040 0.999010  0.577166 0.248024 1 1 1.000000
0  -13.860200 78.698944 34.669273  -0.695048 -0.079963 0.714503  0.578143 0.248024 1 1 1.000000
0  -13.860199 67.025871 34.490814  -0.701684 0.062864 0.709710  0.578143 0.291971 1 1 1.000000
skin_0dam
0  -15.429277 79.559853 34.620251  0.311310 -0.588560 0.746112  0.586932 0.244118 1 1 1.000000
0  -14.878724 79.709480 34.647156  -0.040770 -0.678884 0.733112  0.584002 0.244118 1 1 1.000000
0  -14.878724 79.875221 34.647842  -0.042875 -0.028534 0.998673  0.584002 0.243141 1 1 1.000000
skin_0dam
0  -14.878724 79.875221 34.647842  -0.042875 -0.028534 0.998673  0.584002 0.243141 1 1 1.000000
0  -15.511861 79.698166 34.618534  -0.037120 -0.029143 0.998886  0.586932 0.244118 1 1 1.000000
0  -15.429277 79.559853 34.620251  0.311310 -0.588560 0.746112  0.586932 0.244118 1 1 1.000000
skin_0dam
0  -15.773376 79.203362 34.589062  0.555961 -0.325590 0.764787  0.588885 0.246071 1 1 1.000000
0  -15.429277 79.559853 34.620251  0.311310 -0.588560 0.746112  0.586932 0.244118 1 1 1.000000
0  -15.511861 79.698166 34.618534  -0.037120 -0.029143 0.998886  0.586932 0.244118 1 1 1.000000
skin_0dam
0  -15.511861 79.698166 34.618534  -0.037120 -0.029143 0.998886  0.586932 0.244118 1 1 1.000000
0  -15.911013 79.300545 34.583748  -0.034502 -0.028504 0.998998  0.589862 0.245094 1 1 1.000000
0  -15.773376 79.203362 34.589062  0.555961 -0.325590 0.764787  0.588885 0.246071 1 1 1.000000
skin_0dam
0  -15.883486 78.707344 34.573296  0.668836 -0.090949 0.737825  0.589862 0.248024 1 1 1.000000
0  -15.773376 79.203362 34.589062  0.555961 -0.325590 0.764787  0.588885 0.246071 1 1 1.000000
0  -15.911013 79.300545 34.583748  -0.034502 -0.028504 0.998998  0.589862 0.245094 1 1 1.000000
skin_0dam
0  -15.911013 79.300545 34.583748  -0.034502 -0.028504 0.998998  0.589862 0.245094 1 1 1.000000
0  -16.048653 78.693634 34.572098  -0.031483 -0.026204 0.999161  0.589862 0.248024 1 1 1.000000
0  -15.883486 78.707344 34.573296  0.668836 -0.090949 0.737825  0.589862 0.248024 1 1 1.000000
skin_0dam
0  -14.878724 79.709480 34.647156  -0.040770 -0.678884 0.733112  0.584002 0.244118 1 1 1.000000
0  -14.314406 79.556252 34.661385  -0.380428 -0.561376 0.734936  0.580096 0.244118 1 1 1.000000
0  -14.204295 79.679657 34.672180  -0.047551 -0.014731 0.998760  0.580096 0.244118 1 1 1.000000
skin_0dam
0  -14.204295 79.679657 34.672180  -0.047551 -0.014731 0.998760  0.580096 0.244118 1 1 1.000000
0  -14.878724 79.875221 34.647842  -0.042875 -0.028534 0.998673  0.584002 0.243141 1 1 1.000000
0  -14.878724 79.709480 34.647156  -0.040770 -0.678884 0.733112  0.584002 0.244118 1 1 1.000000
skin_0dam
0  -14.314406 79.556252 34.661385  -0.380428 -0.561376 0.734936  0.580096 0.244118 1 1 1.000000
0  -13.970311 79.194969 34.685040  -0.596306 -0.295177 0.746519  0.579119 0.246071 1 1 1.000000
0  -13.832671 79.263519 34.691036  -0.042283 -0.013762 0.999011  0.578143 0.246071 1 1 1.000000
skin_0dam
0  -13.832671 79.263519 34.691036  -0.042283 -0.013762 0.999011  0.578143 0.246071 1 1 1.000000
0  -14.204295 79.679657 34.672180  -0.047551 -0.014731 0.998760  0.580096 0.244118 1 1 1.000000
0  -14.314406 79.556252 34.661385  -0.380428 -0.561376 0.734936  0.580096 0.244118 1 1 1.000000
skin_0dam
0  -13.970311 79.194969 34.685040  -0.596306 -0.295177 0.746519  0.579119 0.246071 1 1 1.000000
0  -13.860200 78.698944 34.669273  -0.695048 -0.079963 0.714503  0.578143 0.248024 1 1 1.000000
0  -13.708797 78.684036 34.681786  -0.041866 -0.015040 0.999010  0.577166 0.248024 1 1 1.000000
skin_0dam
0  -13.708797 78.684036 34.681786  -0.041866 -0.015040 0.999010  0.577166 0.248024 1 1 1.000000
0  -13.832671 79.263519 34.691036  -0.042283 -0.013762 0.999011  0.578143 0.246071 1 1 1.000000
0  -13.970311 79.194969 34.685040  -0.596306 -0.295177 0.746519  0.579119 0.246071 1 1 1.000000
skin_0dam
0  -13.860199 67.025871 34.490814  -0.701684 0.062864 0.709710  0.578143 0.291971 1 1 1.000000
0  -13.970310 66.529861 34.475052  -0.588591 0.268346 0.762595  0.579119 0.293924 1 1 1.000000
0  -13.832670 66.446396 34.481567  -0.082259 -0.014606 0.996504  0.578143 0.293924 1 1 1.000000
skin_0dam
0  -13.832670 66.446396 34.481567  -0.082259 -0.014606 0.996504  0.578143 0.293924 1 1 1.000000
0  -13.708796 67.024673 34.504528  -0.077400 -0.015458 0.996880  0.577166 0.291971 1 1 1.000000
0  -13.860199 67.025871 34.490814  -0.701684 0.062864 0.709710  0.578143 0.291971 1 1 1.000000
skin_0dam
0  -13.970310 66.529861 34.475052  -0.588591 0.268346 0.762595  0.579119 0.293924 1 1 1.000000
0  -14.314405 66.174553 34.430153  -0.379044 0.497222 0.780446  0.580096 0.294900 1 1 1.000000
0  -14.245586 66.021332 34.444378  -0.091062 -0.012265 0.995770  0.580096 0.295877 1 1 1.000000
skin_0dam
0  -14.245586 66.021332 34.444378  -0.091062 -0.012265 0.995770  0.580096 0.295877 1 1 1.000000
0  -13.832670 66.446396 34.481567  -0.082259 -0.014606 0.996504  0.578143 0.293924 1 1 1.000000
0  -13.970310 66.529861 34.475052  -0.588591 0.268346 0.762595  0.579119 0.293924 1 1 1.000000
skin_0dam
0  -14.314405 66.174553 34.430153  -0.379044 0.497222 0.780446  0.580096 0.294900 1 1 1.000000
0  -14.878723 66.013618 34.374622  -0.074158 0.595769 0.799725  0.584002 0.295877 1 1 1.000000
0  -14.878723 65.861595 34.375137  -0.089423 -0.015975 0.995866  0.584002 0.295877 1 1 1.000000
skin_0dam
0  -14.878723 65.861595 34.375137  -0.089423 -0.015975 0.995866  0.584002 0.295877 1 1 1.000000
0  -14.245586 66.021332 34.444378  -0.091062 -0.012265 0.995770  0.580096 0.295877 1 1 1.000000
0  -14.314405 66.174553 34.430153  -0.379044 0.497222 0.780446  0.580096 0.294900 1 1 1.000000
skin_0dam
0  -14.878723 66.013618 34.374622  -0.074158 0.595769 0.799725  0.584002 0.295877 1 1 1.000000
0  -15.429276 66.182953 34.334175  0.248787 0.527046 0.812605  0.586932 0.294900 1 1 1.000000
0  -15.498096 66.030930 34.334690  -0.086490 -0.021646 0.996017  0.586932 0.295877 1 1 1.000000
skin_0dam
0  -15.498096 66.030930 34.334690  -0.086490 -0.021646 0.996017  0.586932 0.295877 1 1 1.000000
0  -14.878723 65.861595 34.375137  -0.089423 -0.015975 0.995866  0.584002 0.295877 1 1 1.000000
0  -14.878723 66.013618 34.374622  -0.074158 0.595769 0.799725  0.584002 0.295877 1 1 1.000000
skin_0dam
0  -15.773375 66.544250 34.310520  0.503815 0.297062 0.811126  0.588885 0.293924 1 1 1.000000
0  -15.883485 67.041466 34.312569  0.640633 0.064130 0.765165  0.589862 0.291971 1 1 1.000000
0  -16.048651 67.042664 34.298859  -0.086090 -0.022591 0.996031  0.589862 0.291971 1 1 1.000000
skin_0dam
0  -16.048651 67.042664 34.298859  -0.086090 -0.022591 0.996031  0.589862 0.291971 1 1 1.000000
0  -15.911012 66.461990 34.303322  -0.086179 -0.022447 0.996027  0.589862 0.293924 1 1 1.000000
0  -15.773375 66.544250 34.310520  0.503815 0.297062 0.811126  0.588885 0.293924 1 1 1.000000
skin_0dam
0  -15.429276 66.182953 34.334175  0.248787 0.527046 0.812605  0.586932 0.294900 1 1 1.000000
0  -15.773375 66.544250 34.310520  0.503815 0.297062 0.811126  0.588885 0.293924 1 1 1.000000
0  -15.911012 66.461990 34.303322  -0.086179 -0.022447 0.996027  0.589862 0.293924 1 1 1.000000
skin_0dam
0  -15.911012 66.461990 34.303322  -0.086179 -0.022447 0.996027  0.589862 0.293924 1 1 1.000000
0  -15.498096 66.030930 34.334690  -0.086490 -0.021646 0.996017  0.586932 0.295877 1 1 1.000000
0  -15.429276 66.182953 34.334175  0.248787 0.527046 0.812605  0.586932 0.294900 1 1 1.000000
skin_0dam
0  -15.883486 78.707344 34.573296  0.668836 -0.090949 0.737825  0.589862 0.248024 1 1 1.000000
0  -15.883486 78.748131 34.107105  0.993756 -0.111155 -0.009723  0.589862 0.248024 1 1 1.000000
0  -15.773376 79.244148 34.122871  0.881091 -0.471147 -0.041211  0.588885 0.246071 1 1 1.000000
skin_0dam
0  -15.773376 79.244148 34.122871  0.881091 -0.471147 -0.041211  0.588885 0.246071 1 1 1.000000
0  -15.773376 79.203362 34.589062  0.555961 -0.325590 0.764787  0.588885 0.246071 1 1 1.000000
0  -15.883486 78.707344 34.573296  0.668836 -0.090949 0.737825  0.589862 0.248024 1 1 1.000000
skin_0dam
0  -15.773376 79.203362 34.589062  0.555961 -0.325590 0.764787  0.588885 0.246071 1 1 1.000000
0  -15.773376 79.244148 34.122871  0.881091 -0.471147 -0.041211  0.588885 0.246071 1 1 1.000000
0  -15.429277 79.601837 34.140347  0.515705 -0.853506 -0.074669  0.586932 0.244118 1 1 1.000000
skin_0dam
0  -15.429277 79.601837 34.140347  0.515705 -0.853506 -0.074669  0.586932 0.244118 1 1 1.000000
0  -15.429277 79.559853 34.620251  0.311310 -0.588560 0.746112  0.586932 0.244118 1 1 1.000000
0  -15.773376 79.203362 34.589062  0.555961 -0.325590 0.764787  0.588885 0.246071 1 1 1.000000
skin_0dam
0  -15.429277 79.559853 34.620251  0.311310 -0.588560 0.746112  0.586932 0.244118 1 1 1.000000
0  -15.429277 79.601837 34.140347  0.515705 -0.853506 -0.074669  0.586932 0.244118 1 1 1.000000
0  -14.878724 79.751465 34.167255  0.007999 -0.996163 -0.087154  0.584002 0.244118 1 1 1.000000
skin_0dam
0  -14.878724 79.751465 34.167255  0.007999 -0.996163 -0.087154  0.584002 0.244118 1 1 1.000000
0  -14.878724 79.709480 34.647156  -0.040770 -0.678884 0.733112  0.584002 0.244118 1 1 1.000000
0  -15.429277 79.559853 34.620251  0.311310 -0.588560 0.746112  0.586932 0.244118 1 1 1.000000
skin_0dam
0  -14.878724 79.709480 34.647156  -0.040770 -0.678884 0.733112  0.584002 0.244118 1 1 1.000000
0  -14.878724 79.751465 34.167255  0.007999 -0.996163 -0.087154  0.584002 0.244118 1 1 1.000000
0  -14.314406 79.597038 34.195190  -0.503308 -0.860820 -0.075300  0.580096 0.244118 1 1 1.000000
skin_0dam
0  -14.314406 79.597038 34.195190  -0.503308 -0.860820 -0.075300  0.580096 0.244118 1 1 1.000000
0  -14.314406 79.556252 34.661385  -0.380428 -0.561376 0.734936  0.580096 0.244118 1 1 1.000000
0  -14.878724 79.709480 34.647156  -0.040770 -0.678884 0.733112  0.584002 0.244118 1 1 1.000000
skin_0dam
0  -14.314406 79.556252 34.661385  -0.380428 -0.561376 0.734936  0.580096 0.244118 1 1 1.000000
0  -14.314406 79.597038 34.195190  -0.503308 -0.860820 -0.075300  0.580096 0.244118 1 1 1.000000
0  -13.970311 79.236954 34.205139  -0.877034 -0.478601 -0.041868  0.579119 0.246071 1 1 1.000000
skin_0dam
0  -13.970311 79.236954 34.205139  -0.877034 -0.478601 -0.041868  0.579119 0.246071 1 1 1.000000
0  -13.970311 79.194969 34.685040  -0.596306 -0.295177 0.746519  0.579119 0.246071 1 1 1.000000
0  -14.314406 79.556252 34.661385  -0.380428 -0.561376 0.734936  0.580096 0.244118 1 1 1.000000
skin_0dam
0  -13.970311 79.194969 34.685040  -0.596306 -0.295177 0.746519  0.579119 0.246071 1 1 1.000000
0  -13.970311 79.236954 34.205139  -0.877034 -0.478601 -0.041868  0.579119 0.246071 1 1 1.000000
0  -13.860200 78.739731 34.203087  -0.993624 -0.112319 -0.009826  0.578143 0.248024 1 1 1.000000
skin_0dam
0  -13.860200 78.739731 34.203087  -0.993624 -0.112319 -0.009826  0.578143 0.248024 1 1 1.000000
0  -13.860200 78.698944 34.669273  -0.695048 -0.079963 0.714503  0.578143 0.248024 1 1 1.000000
0  -13.970311 79.194969 34.685040  -0.596306 -0.295177 0.746519  0.579119 0.246071 1 1 1.000000
skin_0dam
0  -13.860200 78.739731 34.203087  -0.993624 -0.112319 -0.009826  0.578143 0.248024 1 1 1.000000
0  -13.860199 67.066658 34.024628  -0.994497 0.104362 0.009126  0.578143 0.291971 1 1 1.000000
0  -13.860199 67.025871 34.490814  -0.701684 0.062864 0.709710  0.578143 0.291971 1 1 1.000000
skin_0dam
0  -13.860199 67.025871 34.490814  -0.701684 0.062864 0.709710  0.578143 0.291971 1 1 1.000000
0  -13.860200 78.698944 34.669273  -0.695048 -0.079963 0.714503  0.578143 0.248024 1 1 1.000000
0  -13.860200 78.739731 34.203087  -0.993624 -0.112319 -0.009826  0.578143 0.248024 1 1 1.000000
skin_0dam
0  -13.860199 67.025871 34.490814  -0.701684 0.062864 0.709710  0.578143 0.291971 1 1 1.000000
0  -13.860199 67.066658 34.024628  -0.994497 0.104362 0.009126  0.578143 0.291971 1 1 1.000000
0  -13.970310 66.570648 34.008865  -0.884590 0.464597 0.040630  0.579119 0.293924 1 1 1.000000
skin_0dam
0  -13.970310 66.570648 34.008865  -0.884590 0.464597 0.040630  0.579119 0.293924 1 1 1.000000
0  -13.970310 66.529861 34.475052  -0.588591 0.268346 0.762595  0.579119 0.293924 1 1 1.000000
0  -13.860199 67.025871 34.490814  -0.701684 0.062864 0.709710  0.578143 0.291971 1 1 1.000000
skin_0dam
0  -13.970310 66.529861 34.475052  -0.588591 0.268346 0.762595  0.579119 0.293924 1 1 1.000000
0  -13.970310 66.570648 34.008865  -0.884590 0.464597 0.040630  0.579119 0.293924 1 1 1.000000
0  -14.314405 66.215340 33.963963  -0.510319 0.856712 0.074956  0.580096 0.294900 1 1 1.000000
skin_0dam
0  -14.314405 66.215340 33.963963  -0.510319 0.856712 0.074956  0.580096 0.294900 1 1 1.000000
0  -14.314405 66.174553 34.430153  -0.379044 0.497222 0.780446  0.580096 0.294900 1 1 1.000000
0  -13.970310 66.529861 34.475052  -0.588591 0.268346 0.762595  0.579119 0.293924 1 1 1.000000
skin_0dam
0  -14.314405 66.174553 34.430153  -0.379044 0.497222 0.780446  0.580096 0.294900 1 1 1.000000
0  -14.314405 66.215340 33.963963  -0.510319 0.856712 0.074956  0.580096 0.294900 1 1 1.000000
0  -14.878723 66.054405 33.908432  0.014456 0.996092 0.087130  0.584002 0.295877 1 1 1.000000
skin_0dam
0  -14.878723 66.054405 33.908432  0.014456 0.996092 0.087130  0.584002 0.295877 1 1 1.000000
0  -14.878723 66.013618 34.374622  -0.074158 0.595769 0.799725  0.584002 0.295877 1 1 1.000000
0  -14.314405 66.174553 34.430153  -0.379044 0.497222 0.780446  0.580096 0.294900 1 1 1.000000
skin_0dam
0  -14.878723 66.013618 34.374622  -0.074158 0.595769 0.799725  0.584002 0.295877 1 1 1.000000
0  -14.878723 66.054405 33.908432  0.014456 0.996092 0.087130  0.584002 0.295877 1 1 1.000000
0  -15.429276 66.223740 33.867981  0.530962 0.844171 0.073853  0.586932 0.294900 1 1 1.000000
skin_0dam
0  -15.429276 66.223740 33.867981  0.530962 0.844171 0.073853  0.586932 0.294900 1 1 1.000000
0  -15.429276 66.182953 34.334175  0.248787 0.527046 0.812605  0.586932 0.294900 1 1 1.000000
0  -14.878723 66.013618 34.374622  -0.074158 0.595769 0.799725  0.584002 0.295877 1 1 1.000000
skin_0dam
0  -15.429276 66.182953 34.334175  0.248787 0.527046 0.812605  0.586932 0.294900 1 1 1.000000
0  -15.429276 66.223740 33.867981  0.530962 0.844171 0.073853  0.586932 0.294900 1 1 1.000000
0  -15.773375 66.585037 33.844330  0.890598 0.453061 0.039639  0.588885 0.293924 1 1 1.000000
skin_0dam
0  -15.773375 66.585037 33.844330  0.890598 0.453061 0.039639  0.588885 0.293924 1 1 1.000000
0  -15.773375 66.544250 34.310520  0.503815 0.297062 0.811126  0.588885 0.293924 1 1 1.000000
0  -15.429276 66.182953 34.334175  0.248787 0.527046 0.812605  0.586932 0.294900 1 1 1.000000
skin_0dam
0  -15.773375 66.544250 34.310520  0.503815 0.297062 0.811126  0.588885 0.293924 1 1 1.000000
0  -15.773375 66.585037 33.844330  0.890598 0.453061 0.039639  0.588885 0.293924 1 1 1.000000
0  -15.883485 67.082253 33.846382  0.994537 0.103983 0.009097  0.589862 0.291971 1 1 1.000000
skin_0dam
0  -15.883485 67.082253 33.846382  0.994537 0.103983 0.009097  0.589862 0.291971 1 1 1.000000
0  -15.883485 67.041466 34.312569  0.640633 0.064130 0.765165  0.589862 0.291971 1 1 1.000000
0  -15.773375 66.544250 34.310520  0.503815 0.297062 0.811126  0.588885 0.293924 1 1 1.000000
skin_0dam
0  -15.883485 67.082253 33.846382  0.994537 0.103983 0.009097  0.589862 0.291971 1 1 1.000000
0  -15.883486 78.748131 34.107105  0.993756 -0.111155 -0.009723  0.589862 0.248024 1 1 1.000000
0  -15.883486 78.707344 34.573296  0.668836 -0.090949 0.737825  0.589862 0.248024 1 1 1.000000
skin_0dam
0  -15.883486 78.707344 34.573296  0.668836 -0.090949 0.737825  0.589862 0.248024 1 1 1.000000
0  -15.883485 67.041466 34.312569  0.640633 0.064130 0.765165  0.589862 0.291971 1 1 1.000000
0  -15.883485 67.082253 33.846382  0.994537 0.103983 0.009097  0.589862 0.291971 1 1 1.000000
skin_0dam
0  -8.740047 73.355255 34.947853  -0.004698 0.001617 0.999988  0.548845 0.267556 1 1 1.000000
0  -8.079383 74.419434 34.944241  -0.005003 0.001031 0.999987  0.544939 0.263649 1 1 1.000000
0  -9.290601 75.690491 34.944912  -0.249428 0.002651 0.968390  0.551775 0.258766 1 1 1.000000
skin_0dam
0  -9.290601 69.306602 34.952869  -0.217914 0.001397 0.975967  0.551775 0.283181 1 1 1.000000
0  -8.740047 73.355255 34.947853  -0.004698 0.001617 0.999988  0.548845 0.267556 1 1 1.000000
0  -9.290601 75.690491 34.944912  -0.249428 0.002651 0.968390  0.551775 0.258766 1 1 1.000000
skin_0dam
0  -7.336135 69.766983 35.849766  -0.329623 0.001875 0.944111  0.541032 0.281228 1 1 1.000000
0  -8.464770 72.152756 34.953175  -0.199140 0.079918 0.976707  0.547868 0.272439 1 1 1.000000
0  -9.290601 66.335854 34.955475  -0.389178 -0.011828 0.921086  0.551775 0.293924 1 1 1.000000
skin_0dam
0  -9.290601 66.335854 34.955475  -0.389178 -0.011828 0.921086  0.551775 0.293924 1 1 1.000000
0  -7.583883 67.352562 35.652348  -0.279281 -0.030591 0.959722  0.542985 0.290017 1 1 1.000000
0  -7.336135 69.766983 35.849766  -0.329623 0.001875 0.944111  0.541032 0.281228 1 1 1.000000
skin_0dam
0  -6.413956 71.055168 36.128262  -0.253913 0.081924 0.963751  0.536149 0.276345 1 1 1.000000
0  -7.611411 73.562126 34.952137  -0.126385 0.132044 0.983154  0.542985 0.266579 1 1 1.000000
0  -8.464770 72.152756 34.953175  -0.199140 0.079918 0.976707  0.547868 0.272439 1 1 1.000000
skin_0dam
0  -8.464770 72.152756 34.953175  -0.199140 0.079918 0.976707  0.547868 0.272439 1 1 1.000000
0  -7.336135 69.766983 35.849766  -0.329623 0.001875 0.944111  0.541032 0.281228 1 1 1.000000
0  -6.413956 71.055168 36.128262  -0.253913 0.081924 0.963751  0.536149 0.276345 1 1 1.000000
skin_0dam
0  -7.611411 73.562126 34.952137  -0.126385 0.132044 0.983154  0.542985 0.266579 1 1 1.000000
0  -6.413956 71.055168 36.128262  -0.253913 0.081924 0.963751  0.536149 0.276345 1 1 1.000000
0  -4.253032 71.756691 36.479782  -0.106741 0.188894 0.976179  0.523453 0.273415 1 1 1.000000
skin_0dam
0  -4.253032 71.756691 36.479782  -0.106741 0.188894 0.976179  0.523453 0.273415 1 1 1.000000
0  -6.138680 74.321053 34.963264  -0.072966 0.189906 0.979087  0.534196 0.263649 1 1 1.000000
0  -7.611411 73.562126 34.952137  -0.126385 0.132044 0.983154  0.542985 0.266579 1 1 1.000000
skin_0dam
0  -6.138680 74.321053 34.963264  -0.072966 0.189906 0.979087  0.534196 0.263649 1 1 1.000000
0  -4.253032 71.756691 36.479782  -0.106741 0.188894 0.976179  0.523453 0.273415 1 1 1.000000
0  -0.013767 72.020119 36.627178  0.007024 0.243549 0.969863  0.500015 0.272439 1 1 1.000000
skin_0dam
0  -0.013767 72.020119 36.627178  0.007024 0.243549 0.969863  0.500015 0.272439 1 1 1.000000
0  -0.013767 74.436058 35.070042  0.007262 0.310666 0.950491  0.500015 0.263649 1 1 1.000000
0  -6.138680 74.321053 34.963264  -0.072966 0.189906 0.979087  0.534196 0.263649 1 1 1.000000
skin_0dam
0  -9.290601 69.306602 34.952869  -0.217914 0.001397 0.975967  0.551775 0.283181 1 1 1.000000
0  -9.442003 66.037788 34.887943  -0.479746 -0.169926 0.860795  0.552751 0.294900 1 1 1.000000
0  -9.290601 66.335854 34.955475  -0.389178 -0.011828 0.921086  0.551775 0.293924 1 1 1.000000
skin_0dam
0  -0.013767 74.436058 35.070042  0.007262 0.310666 0.950491  0.500015 0.263649 1 1 1.000000
0  -0.013767 75.088898 35.030441  0.001862 0.104773 0.994494  0.500015 0.260720 1 1 1.000000
0  -6.620415 74.971497 34.951092  -0.010408 -0.004423 0.999936  0.537126 0.261696 1 1 1.000000
skin_0dam
0  -6.620415 74.971497 34.951092  -0.010408 -0.004423 0.999936  0.537126 0.261696 1 1 1.000000
0  -6.138680 74.321053 34.963264  -0.072966 0.189906 0.979087  0.534196 0.263649 1 1 1.000000
0  -0.013767 74.436058 35.070042  0.007262 0.310666 0.950491  0.500015 0.263649 1 1 1.000000
skin_0dam
0  -8.464770 72.152756 34.953175  -0.199140 0.079918 0.976707  0.547868 0.272439 1 1 1.000000
0  -7.611411 73.562126 34.952137  -0.126385 0.132044 0.983154  0.542985 0.266579 1 1 1.000000
0  -8.079383 74.419434 34.944241  -0.005003 0.001031 0.999987  0.544939 0.263649 1 1 1.000000
skin_0dam
0  -8.079383 74.419434 34.944241  -0.005003 0.001031 0.999987  0.544939 0.263649 1 1 1.000000
0  -8.740047 73.355255 34.947853  -0.004698 0.001617 0.999988  0.548845 0.267556 1 1 1.000000
0  -8.464770 72.152756 34.953175  -0.199140 0.079918 0.976707  0.547868 0.272439 1 1 1.000000
skin_0dam
0  -8.079383 74.419434 34.944241  -0.005003 0.001031 0.999987  0.544939 0.263649 1 1 1.000000
0  -7.611411 73.562126 34.952137  -0.126385 0.132044 0.983154  0.542985 0.266579 1 1 1.000000
0  -6.138680 74.321053 34.963264  -0.072966 0.189906 0.979087  0.534196 0.263649 1 1 1.000000
skin_0dam
0  -6.138680 74.321053 34.963264  -0.072966 0.189906 0.979087  0.534196 0.263649 1 1 1.000000
0  -6.620415 74.971497 34.951092  -0.010408 -0.004423 0.999936  0.537126 0.261696 1 1 1.000000
0  -8.079383 74.419434 34.944241  -0.005003 0.001031 0.999987  0.544939 0.263649 1 1 1.000000
skin_0dam
0  -9.290601 69.306602 34.952869  -0.217914 0.001397 0.975967  0.551775 0.283181 1 1 1.000000
0  -9.290601 66.335854 34.955475  -0.389178 -0.011828 0.921086  0.551775 0.293924 1 1 1.000000
0  -8.464770 72.152756 34.953175  -0.199140 0.079918 0.976707  0.547868 0.272439 1 1 1.000000
skin_0dam
0  -8.464770 72.152756 34.953175  -0.199140 0.079918 0.976707  0.547868 0.272439 1 1 1.000000
0  -8.740047 73.355255 34.947853  -0.004698 0.001617 0.999988  0.548845 0.267556 1 1 1.000000
0  -9.290601 69.306602 34.952869  -0.217914 0.001397 0.975967  0.551775 0.283181 1 1 1.000000
skin_0dam
0  -9.290601 75.690491 34.944912  -0.249428 0.002651 0.968390  0.551775 0.258766 1 1 1.000000
0  -9.290601 75.856224 34.945595  -0.184129 0.622255 0.760852  0.551775 0.258766 1 1 1.000000
0  -9.428240 75.863419 34.863327  -0.271864 0.699378 0.661030  0.552751 0.258766 1 1 1.000000
skin_0dam
0  -9.290601 75.856224 34.945595  -0.184129 0.622255 0.760852  0.551775 0.258766 1 1 1.000000
0  -9.290601 75.891014 34.547962  -0.002021 0.996071 0.088540  0.551775 0.258766 1 1 1.000000
0  -9.428240 75.891014 34.547962  -0.003651 0.996136 0.087747  0.552751 0.258766 1 1 1.000000
skin_0dam
0  -9.428240 75.891014 34.547962  -0.003651 0.996136 0.087747  0.552751 0.258766 1 1 1.000000
0  -9.428240 75.863419 34.863327  -0.271864 0.699378 0.661030  0.552751 0.258766 1 1 1.000000
0  -9.290601 75.856224 34.945595  -0.184129 0.622255 0.760852  0.551775 0.258766 1 1 1.000000
skin_0dam
0  -9.290601 75.690491 34.944912  -0.249428 0.002651 0.968390  0.551775 0.258766 1 1 1.000000
0  -8.079383 74.419434 34.944241  -0.005003 0.001031 0.999987  0.544939 0.263649 1 1 1.000000
0  -6.620415 74.971497 34.951092  -0.010408 -0.004423 0.999936  0.537126 0.261696 1 1 1.000000
skin_0dam
0  6.592880 74.971497 34.951092  0.009490 -0.005508 0.999940  0.462905 0.261696 1 1 1.000000
0  8.051848 74.419434 34.944241  0.005238 0.000693 0.999986  0.454115 0.263649 1 1 1.000000
0  9.263067 75.690491 34.944912  0.249364 0.002651 0.968406  0.447279 0.258766 1 1 1.000000
black
0  7.652697 72.905853 34.715103  -0.405921 -0.871924 -0.273820  0.299814 0.541978 1 1 1.000000
0  4.294318 74.550720 34.707031  -0.229079 -0.969708 -0.084794  0.292978 0.518540 1 1 1.000000
0  4.294317 74.583107 34.336819  -0.236203 -0.966302 -0.102320  0.292978 0.518540 1 1 1.000000
black
0  -0.013767 74.602135 34.435200  0.000000 -0.996193 -0.087177  0.292978 0.488266 1 1 1.000000
0  4.294317 74.583107 34.336819  -0.236203 -0.966302 -0.102320  0.292978 0.518540 1 1 1.000000
0  4.294318 74.550720 34.707031  -0.229079 -0.969708 -0.084794  0.292978 0.518540 1 1 1.000000
black
0  4.294318 74.550720 34.707031  -0.229079 -0.969708 -0.084794  0.292978 0.518540 1 1 1.000000
0  -0.013767 74.568550 34.819122  0.000000 -0.996193 -0.087180  0.292978 0.488266 1 1 1.000000
0  -0.013767 74.602135 34.435200  0.000000 -0.996193 -0.087177  0.292978 0.488266 1 1 1.000000
black
0  -4.321852 74.583107 34.336819  0.234991 -0.966673 -0.101602  0.292978 0.457991 1 1 1.000000
0  -4.321851 74.550720 34.707031  0.230453 -0.969381 -0.084803  0.292978 0.457991 1 1 1.000000
0  -7.680231 72.905853 34.715103  0.405921 -0.871924 -0.273820  0.299814 0.433576 1 1 1.000000
black
0  -7.680231 72.905853 34.715103  0.405921 -0.871924 -0.273820  0.299814 0.433576 1 1 1.000000
0  -7.349898 73.340332 33.855049  0.401507 -0.867639 -0.293247  0.297861 0.436506 1 1 1.000000
0  -4.321852 74.583107 34.336819  0.234991 -0.966673 -0.101602  0.292978 0.457991 1 1 1.000000
black
0  -0.013767 74.602135 34.435200  0.000000 -0.996193 -0.087177  0.292978 0.488266 1 1 1.000000
0  -0.013767 74.568550 34.819122  0.000000 -0.996193 -0.087180  0.292978 0.488266 1 1 1.000000
0  -4.321851 74.550720 34.707031  0.230453 -0.969381 -0.084803  0.292978 0.457991 1 1 1.000000
black
0  -4.321851 74.550720 34.707031  0.230453 -0.969381 -0.084803  0.292978 0.457991 1 1 1.000000
0  -4.321852 74.583107 34.336819  0.234991 -0.966673 -0.101602  0.292978 0.457991 1 1 1.000000
0  -0.013767 74.602135 34.435200  0.000000 -0.996193 -0.087177  0.292978 0.488266 1 1 1.000000
black
0  4.294317 74.583107 34.336819  -0.236203 -0.966302 -0.102320  0.292978 0.518540 1 1 1.000000
0  7.322364 73.340332 33.855049  -0.401506 -0.867639 -0.293249  0.297861 0.540025 1 1 1.000000
0  7.652697 72.905853 34.715103  -0.405921 -0.871924 -0.273820  0.299814 0.541978 1 1 1.000000
end
