version 1
nodes
0 "blender_implicit" -1
1 "root" -1
2 "steering_wheel" 1
end
skeleton
time 0
0  0.000000 0.000000 0.000000  0.000000 -0.000000 0.000000
1  0.000000 0.000000 0.000000  1.570796 -0.000000 0.000000
2  19.104225 25.848501 19.062937  0.000000 -0.000000 0.000000
end
triangles
misc
0  -36.914639 -29.895082 28.036961  -0.621436 -0.036080 0.782634  0.296884 0.005829 1 1 1.000000
0  -36.914639 -30.101536 28.023197  -0.526815 -0.195405 0.827214  0.296884 0.005829 1 1 1.000000
0  -36.281502 -29.537220 28.683863  -0.681335 -0.088532 0.726598  0.296884 0.062471 1 1 1.000000
misc
0  -36.281502 -29.537220 28.683863  -0.681335 -0.088532 0.726598  0.296884 0.062471 1 1 1.000000
0  -36.281502 -29.330761 28.697626  -0.684740 -0.081030 0.724269  0.296884 0.062471 1 1 1.000000
0  -36.914639 -29.895082 28.036961  -0.621436 -0.036080 0.782634  0.296884 0.005829 1 1 1.000000
misc
0  -36.914639 -29.895082 28.036961  -0.621436 -0.036080 0.782634  0.296884 0.005829 1 1 1.000000
0  -36.281502 -29.330761 28.697626  -0.684740 -0.081030 0.724269  0.296884 0.062471 1 1 1.000000
0  -36.350319 -28.036961 28.821503  -0.772815 -0.029323 0.633953  0.296884 0.062471 1 1 1.000000
misc
0  -36.721947 -24.114265 28.463642  -0.639732 -0.027064 0.768122  0.295907 0.005829 1 1 1.000000
0  -36.914639 -29.895082 28.036961  -0.621436 -0.036080 0.782634  0.296884 0.005829 1 1 1.000000
0  -36.350319 -28.036961 28.821503  -0.772815 -0.029323 0.633953  0.296884 0.062471 1 1 1.000000
misc
0  -36.350319 -28.036961 28.821503  -0.772815 -0.029323 0.633953  0.296884 0.062471 1 1 1.000000
0  -36.295265 -27.169840 28.890320  -0.718408 -0.002650 0.695617  0.296884 0.062471 1 1 1.000000
0  -36.721947 -24.114265 28.463642  -0.639732 -0.027064 0.768122  0.295907 0.005829 1 1 1.000000
misc
0  -36.721947 -24.114265 28.463642  -0.639732 -0.027064 0.768122  0.295907 0.005829 1 1 1.000000
0  -36.295265 -27.169840 28.890320  -0.718408 -0.002650 0.695617  0.296884 0.062471 1 1 1.000000
0  -36.075043 -24.224375 29.096777  -0.703312 -0.008361 0.710832  0.295907 0.062471 1 1 1.000000
misc
0  -36.295265 -15.112710 29.124306  -0.610690 -0.024309 0.791497  0.294931 0.005829 1 1 1.000000
0  -36.721947 -24.114265 28.463642  -0.639732 -0.027064 0.768122  0.295907 0.005829 1 1 1.000000
0  -36.075043 -24.224375 29.096777  -0.703312 -0.008361 0.710832  0.295907 0.062471 1 1 1.000000
misc
0  -36.075043 -24.224375 29.096777  -0.703312 -0.008361 0.710832  0.295907 0.062471 1 1 1.000000
0  -35.648365 -15.085180 29.743679  -0.695631 -0.006181 0.718373  0.294931 0.062471 1 1 1.000000
0  -36.295265 -15.112710 29.124306  -0.610690 -0.024309 0.791497  0.294931 0.005829 1 1 1.000000
misc
0  -35.429840 -4.818289 29.895082  -0.561479 -0.040350 0.826507  0.292978 0.005829 1 1 1.000000
0  -36.295265 -15.112710 29.124306  -0.610690 -0.024309 0.791497  0.294931 0.005829 1 1 1.000000
0  -35.648365 -15.085180 29.743679  -0.695631 -0.006181 0.718373  0.294931 0.062471 1 1 1.000000
misc
0  -35.648365 -15.085180 29.743679  -0.695631 -0.006181 0.718373  0.294931 0.062471 1 1 1.000000
0  -34.771088 -4.768061 30.500689  -0.673200 -0.023924 0.739073  0.292978 0.062471 1 1 1.000000
0  -35.429840 -4.818289 29.895082  -0.561479 -0.040350 0.826507  0.292978 0.005829 1 1 1.000000
misc
0  -35.236546 4.776287 30.693386  -0.513500 -0.064590 0.855655  0.292001 0.005829 1 1 1.000000
0  -35.429840 -4.818289 29.895082  -0.561479 -0.040350 0.826507  0.292978 0.005829 1 1 1.000000
0  -34.771088 -4.768061 30.500689  -0.673200 -0.023924 0.739073  0.292978 0.062471 1 1 1.000000
misc
0  -34.771088 -4.768061 30.500689  -0.673200 -0.023924 0.739073  0.292978 0.062471 1 1 1.000000
0  -34.576744 4.812791 31.271465  -0.655393 -0.043813 0.754017  0.291025 0.062471 1 1 1.000000
0  -35.236546 4.776287 30.693386  -0.513500 -0.064590 0.855655  0.292001 0.005829 1 1 1.000000
misc
0  -34.967953 11.753881 31.312756  -0.469330 -0.061640 0.880869  0.291025 0.005829 1 1 1.000000
0  -35.236546 4.776287 30.693386  -0.513500 -0.064590 0.855655  0.292001 0.005829 1 1 1.000000
0  -34.576744 4.812791 31.271465  -0.655393 -0.043813 0.754017  0.291025 0.062471 1 1 1.000000
misc
0  -34.576744 4.812791 31.271465  -0.655393 -0.043813 0.754017  0.291025 0.062471 1 1 1.000000
0  -34.308155 11.790385 31.863310  -0.642166 -0.038010 0.765623  0.291025 0.062471 1 1 1.000000
0  -34.967953 11.753881 31.312756  -0.469330 -0.061640 0.880869  0.291025 0.005829 1 1 1.000000
misc
0  -34.537804 18.785206 32.000954  -0.442054 -0.060481 0.894947  0.289071 0.005829 1 1 1.000000
0  -34.967953 11.753881 31.312756  -0.469330 -0.061640 0.880869  0.291025 0.005829 1 1 1.000000
0  -34.308155 11.790385 31.863310  -0.642166 -0.038010 0.765623  0.291025 0.062471 1 1 1.000000
misc
0  -34.308155 11.790385 31.863310  -0.642166 -0.038010 0.765623  0.291025 0.062471 1 1 1.000000
0  -33.957249 17.145409 32.400105  -0.634258 -0.035455 0.772308  0.290048 0.062471 1 1 1.000000
0  -34.537804 18.785206 32.000954  -0.442054 -0.060481 0.894947  0.289071 0.005829 1 1 1.000000
misc
0  -33.957249 17.145409 32.400105  -0.634258 -0.035455 0.772308  0.290048 0.062471 1 1 1.000000
0  -33.891167 18.089102 32.496449  -0.634323 -0.035573 0.772249  0.290048 0.062471 1 1 1.000000
0  -34.537804 18.785206 32.000954  -0.442054 -0.060481 0.894947  0.289071 0.005829 1 1 1.000000
misc
0  -33.891167 18.089102 32.496449  -0.634323 -0.035573 0.772249  0.290048 0.062471 1 1 1.000000
0  -33.857075 18.547228 32.537743  -0.634940 -0.036113 0.771717  0.290048 0.062471 1 1 1.000000
0  -34.537804 18.785206 32.000954  -0.442054 -0.060481 0.894947  0.289071 0.005829 1 1 1.000000
misc
0  -34.537804 18.785206 32.000954  -0.442054 -0.060481 0.894947  0.289071 0.005829 1 1 1.000000
0  -33.857075 18.547228 32.537743  -0.634940 -0.036113 0.771717  0.290048 0.062471 1 1 1.000000
0  -33.855907 18.712963 32.551506  -0.592774 0.128161 0.795106  0.290048 0.062471 1 1 1.000000
misc
0  -33.855907 18.712963 32.551506  -0.592774 0.128161 0.795106  0.290048 0.062471 1 1 1.000000
0  -34.523960 18.965710 32.014717  -0.381511 0.111727 0.917587  0.289071 0.005829 1 1 1.000000
0  -34.537804 18.785206 32.000954  -0.442054 -0.060481 0.894947  0.289071 0.005829 1 1 1.000000
doorjam
0  -36.240208 -29.743679 28.656334  0.596157 -0.797455 0.093078  0.333018 0.159154 1 1 1.000000
0  -36.887112 -30.294233 27.954380  0.580196 -0.810712 0.078216  0.373058 0.137669 1 1 1.000000
0  -33.446148 -27.679100 28.381058  0.598341 -0.797742 0.074800  0.375988 0.237281 1 1 1.000000
doorjam
0  -37.975002 12.449455 7.707758  -0.129011 0.986712 -0.098770  0.497085 0.185522 1 1 1.000000
0  -41.662933 11.574698 3.840117  -0.129277 0.986701 -0.098532  0.503922 0.062471 1 1 1.000000
0  -41.677704 11.587377 3.936464  -0.127491 0.986764 -0.100219  0.504898 0.062471 1 1 1.000000
doorjam
0  -37.975002 12.449455 7.707758  -0.129011 0.986712 -0.098770  0.497085 0.185522 1 1 1.000000
0  -41.580593 11.580976 3.798824  -0.130533 0.986655 -0.097327  0.502945 0.062471 1 1 1.000000
0  -41.662933 11.574698 3.840117  -0.129277 0.986701 -0.098532  0.503922 0.062471 1 1 1.000000
doorjam
0  -37.506485 -30.321760 6.565359  0.584953 -0.577624 -0.569368  0.375988 0.135716 1 1 1.000000
0  -40.507004 -33.363575 2.972994  0.640436 -0.760339 0.108290  0.347667 0.031220 1 1 1.000000
0  -40.493240 -33.363575 2.862884  0.627394 -0.768444 0.125977  0.347667 0.031220 1 1 1.000000
doorjam
0  -37.506485 -30.321760 6.565359  0.584953 -0.577624 -0.569368  0.375988 0.135716 1 1 1.000000
0  -40.672165 -33.404865 3.991519  0.656820 -0.753504 0.028622  0.348643 0.031220 1 1 1.000000
0  -40.507004 -33.363575 2.972994  0.640436 -0.760339 0.108290  0.347667 0.031220 1 1 1.000000
doorjam
0  -33.776482 -28.339764 23.866516  0.601337 -0.791552 0.108811  0.375011 0.236305 1 1 1.000000
0  -33.446148 -27.679100 28.381058  0.598341 -0.797742 0.074800  0.375011 0.236305 1 1 1.000000
0  -36.887112 -30.294233 27.954380  0.580196 -0.810712 0.078216  0.376965 0.139622 1 1 1.000000
doorjam
0  -36.887112 -30.294233 27.954380  0.580196 -0.810712 0.078216  0.376965 0.139622 1 1 1.000000
0  -37.217442 -30.831022 24.774929  0.535765 -0.842244 0.059838  0.377941 0.136692 1 1 1.000000
0  -33.776482 -28.339764 23.866516  0.601337 -0.791552 0.108811  0.375011 0.236305 1 1 1.000000
doorjam
0  -36.887112 -30.294233 27.954380  0.580196 -0.810712 0.078216  0.376965 0.139622 1 1 1.000000
0  -38.346077 -31.326525 27.073496  0.529131 -0.844844 0.079116  0.369152 0.082003 1 1 1.000000
0  -37.217442 -30.831022 24.774929  0.535765 -0.842244 0.059838  0.377941 0.136692 1 1 1.000000
doorjam
0  -38.346077 -31.326525 27.073496  0.529131 -0.844844 0.079116  0.369152 0.082003 1 1 1.000000
0  -39.736225 -32.262463 26.137552  0.503958 -0.863378 0.024581  0.356456 0.057588 1 1 1.000000
0  -37.217442 -30.831022 24.774929  0.535765 -0.842244 0.059838  0.377941 0.136692 1 1 1.000000
doorjam
0  -39.736225 -32.262463 26.137552  0.503958 -0.863378 0.024581  0.356456 0.057588 1 1 1.000000
0  -40.245491 -32.551506 25.490650  0.488663 -0.872018 -0.028151  0.352550 0.041963 1 1 1.000000
0  -37.217442 -30.831022 24.774929  0.535765 -0.842244 0.059838  0.377941 0.136692 1 1 1.000000
doorjam
0  -40.768513 -32.785492 24.430836  0.482631 -0.875812 0.004480  0.350597 0.032197 1 1 1.000000
0  -37.217442 -30.831022 24.774929  0.535765 -0.842244 0.059838  0.377941 0.136692 1 1 1.000000
0  -40.245491 -32.551506 25.490650  0.488663 -0.872018 -0.028151  0.352550 0.041963 1 1 1.000000
doorjam
0  -37.217442 -30.831022 24.774929  0.535765 -0.842244 0.059838  0.377941 0.136692 1 1 1.000000
0  -40.768513 -32.785492 24.430836  0.482631 -0.875812 0.004480  0.350597 0.032197 1 1 1.000000
0  -41.057556 -33.019478 22.352495  0.471009 -0.880764 0.049035  0.350597 0.029267 1 1 1.000000
doorjam
0  -37.217442 -30.831022 24.774929  0.535765 -0.842244 0.059838  0.377941 0.136692 1 1 1.000000
0  -41.057556 -33.019478 22.352495  0.471009 -0.880764 0.049035  0.350597 0.029267 1 1 1.000000
0  -41.319069 -33.336048 19.544668  0.534342 -0.845208 0.010079  0.349620 0.026337 1 1 1.000000
doorjam
0  -41.319069 -33.336048 19.544668  0.534342 -0.845208 0.010079  0.349620 0.026337 1 1 1.000000
0  -37.547775 -30.844786 15.704554  0.390353 -0.920551 0.014496  0.376965 0.136692 1 1 1.000000
0  -37.217442 -30.831022 24.774929  0.535765 -0.842244 0.059838  0.377941 0.136692 1 1 1.000000
doorjam
0  -41.319069 -33.336048 19.544668  0.534342 -0.845208 0.010079  0.349620 0.026337 1 1 1.000000
0  -41.442944 -33.570030 15.057653  0.571226 -0.820369 0.026388  0.349620 0.027314 1 1 1.000000
0  -37.547775 -30.844786 15.704554  0.390353 -0.920551 0.014496  0.376965 0.136692 1 1 1.000000
doorjam
0  -37.547775 -30.844786 15.704554  0.390353 -0.920551 0.014496  0.376965 0.136692 1 1 1.000000
0  -41.442944 -33.570030 15.057653  0.571226 -0.820369 0.026388  0.349620 0.027314 1 1 1.000000
0  -41.250252 -33.597557 9.648461  0.568818 -0.822003 0.027523  0.348643 0.031220 1 1 1.000000
doorjam
0  -41.250252 -33.597557 9.648461  0.568818 -0.822003 0.027523  0.348643 0.031220 1 1 1.000000
0  -37.602833 -31.120066 8.382187  0.453364 -0.884917 -0.106693  0.375988 0.135716 1 1 1.000000
0  -37.547775 -30.844786 15.704554  0.390353 -0.920551 0.014496  0.376965 0.136692 1 1 1.000000
doorjam
0  -37.602833 -31.120066 8.382187  0.453364 -0.884917 -0.106693  0.375988 0.135716 1 1 1.000000
0  -41.250252 -33.597557 9.648461  0.568818 -0.822003 0.027523  0.348643 0.031220 1 1 1.000000
0  -40.672165 -33.404865 3.991519  0.656820 -0.753504 0.028622  0.348643 0.031220 1 1 1.000000
doorjam
0  -40.672165 -33.404865 3.991519  0.656820 -0.753504 0.028622  0.348643 0.031220 1 1 1.000000
0  -37.506485 -30.321760 6.565359  0.584953 -0.577624 -0.569368  0.375988 0.135716 1 1 1.000000
0  -37.602833 -31.120066 8.382187  0.453364 -0.884917 -0.106693  0.375988 0.135716 1 1 1.000000
doorjam
0  -34.960175 -30.528215 8.285839  0.199561 -0.964219 -0.174523  0.373058 0.212867 1 1 1.000000
0  -37.602833 -31.120066 8.382187  0.453364 -0.884917 -0.106693  0.375988 0.135716 1 1 1.000000
0  -37.506485 -30.321760 6.565359  0.584953 -0.577624 -0.569368  0.375988 0.135716 1 1 1.000000
doorjam
0  -37.506485 -30.321760 6.565359  0.584953 -0.577624 -0.569368  0.375988 0.135716 1 1 1.000000
0  -34.946407 -29.853790 6.510303  0.093220 -0.622853 -0.776765  0.375011 0.215796 1 1 1.000000
0  -34.960175 -30.528215 8.285839  0.199561 -0.964219 -0.174523  0.373058 0.212867 1 1 1.000000
doorjam
0  -34.175632 -30.142830 15.718319  0.269314 -0.962419 0.034916  0.375011 0.228492 1 1 1.000000
0  -33.776482 -28.339764 23.866516  0.601337 -0.791552 0.108811  0.375011 0.236305 1 1 1.000000
0  -37.217442 -30.831022 24.774929  0.535765 -0.842244 0.059838  0.377941 0.136692 1 1 1.000000
doorjam
0  -37.217442 -30.831022 24.774929  0.535765 -0.842244 0.059838  0.377941 0.136692 1 1 1.000000
0  -37.547775 -30.844786 15.704554  0.390353 -0.920551 0.014496  0.376965 0.136692 1 1 1.000000
0  -34.175632 -30.142830 15.718319  0.269314 -0.962419 0.034916  0.375011 0.228492 1 1 1.000000
doorjam
0  -34.175632 -30.142830 15.718319  0.269314 -0.962419 0.034916  0.375011 0.228492 1 1 1.000000
0  -37.547775 -30.844786 15.704554  0.390353 -0.920551 0.014496  0.376965 0.136692 1 1 1.000000
0  -37.602833 -31.120066 8.382187  0.453364 -0.884917 -0.106693  0.375988 0.135716 1 1 1.000000
doorjam
0  -37.602833 -31.120066 8.382187  0.453364 -0.884917 -0.106693  0.375988 0.135716 1 1 1.000000
0  -34.960175 -30.528215 8.285839  0.199561 -0.964219 -0.174523  0.373058 0.212867 1 1 1.000000
0  -34.175632 -30.142830 15.718319  0.269314 -0.962419 0.034916  0.375011 0.228492 1 1 1.000000
doorjam
0  -34.918880 -27.885561 6.028569  0.009854 -0.138858 -0.990263  0.380871 0.232398 1 1 1.000000
0  -34.946407 -29.853790 6.510303  0.093220 -0.622853 -0.776765  0.380871 0.222633 1 1 1.000000
0  -37.506485 -30.321760 6.565359  0.584953 -0.577624 -0.569368  0.374035 0.133763 1 1 1.000000
doorjam
0  -37.506485 -30.321760 6.565359  0.584953 -0.577624 -0.569368  0.374035 0.133763 1 1 1.000000
0  -37.437664 -28.367294 6.056096  0.433031 -0.116305 -0.893844  0.375988 0.136692 1 1 1.000000
0  -34.918880 -27.885561 6.028569  0.009854 -0.138858 -0.990263  0.380871 0.232398 1 1 1.000000
doorjam
0  -34.863827 -24.017916 5.808347  -0.022678 -0.020874 -0.999525  0.379894 0.242164 1 1 1.000000
0  -34.918880 -27.885561 6.028569  0.009854 -0.138858 -0.990263  0.380871 0.232398 1 1 1.000000
0  -37.437664 -28.367294 6.056096  0.433031 -0.116305 -0.893844  0.375988 0.136692 1 1 1.000000
doorjam
0  -40.438183 -33.225937 2.752773  0.817234 -0.071605 -0.571840  0.349620 0.031220 1 1 1.000000
0  -37.506485 -30.321760 6.565359  0.584953 -0.577624 -0.569368  0.374035 0.133763 1 1 1.000000
0  -40.410656 -33.377338 2.821592  0.829995 -0.119949 -0.544721  0.348643 0.031220 1 1 1.000000
doorjam
0  -40.438183 -33.047005 2.766536  0.782479 -0.005813 -0.622650  0.349620 0.031220 1 1 1.000000
0  -37.506485 -30.321760 6.565359  0.584953 -0.577624 -0.569368  0.374035 0.133763 1 1 1.000000
0  -40.438183 -33.225937 2.752773  0.817234 -0.071605 -0.571840  0.349620 0.031220 1 1 1.000000
doorjam
0  -37.437664 -28.367294 6.056096  0.433031 -0.116305 -0.893844  0.375988 0.136692 1 1 1.000000
0  -37.506485 -30.321760 6.565359  0.584953 -0.577624 -0.569368  0.374035 0.133763 1 1 1.000000
0  -40.438183 -33.047005 2.766536  0.782479 -0.005813 -0.622650  0.349620 0.031220 1 1 1.000000
doorjam
0  -37.437664 -28.367294 6.056096  0.433031 -0.116305 -0.893844  0.375988 0.136692 1 1 1.000000
0  -40.438183 -33.047005 2.766536  0.782479 -0.005813 -0.622650  0.349620 0.031220 1 1 1.000000
0  -40.438183 -24.458363 2.917939  0.709059 -0.004371 -0.705136  0.380871 0.034150 1 1 1.000000
doorjam
0  -40.438183 -24.458363 2.917939  0.709059 -0.004371 -0.705136  0.380871 0.034150 1 1 1.000000
0  -37.478954 -24.334486 5.890930  0.376610 -0.021989 -0.926111  0.383801 0.138646 1 1 1.000000
0  -37.437664 -28.367294 6.056096  0.433031 -0.116305 -0.893844  0.375988 0.136692 1 1 1.000000
doorjam
0  -37.437664 -28.367294 6.056096  0.433031 -0.116305 -0.893844  0.375988 0.136692 1 1 1.000000
0  -37.478954 -24.334486 5.890930  0.376610 -0.021989 -0.926111  0.383801 0.138646 1 1 1.000000
0  -34.863827 -24.017916 5.808347  -0.022678 -0.020874 -0.999525  0.379894 0.242164 1 1 1.000000
doorjam
0  -37.478954 -24.334486 5.890930  0.376610 -0.021989 -0.926111  0.383801 0.138646 1 1 1.000000
0  -37.313793 -15.181528 5.890930  0.348800 -0.001878 -0.937195  0.400403 0.145482 1 1 1.000000
0  -34.863827 -24.017916 5.808347  -0.022678 -0.020874 -0.999525  0.379894 0.242164 1 1 1.000000
doorjam
0  -34.863827 -24.017916 5.808347  -0.022678 -0.020874 -0.999525  0.379894 0.242164 1 1 1.000000
0  -37.313793 -15.181528 5.890930  0.348800 -0.001878 -0.937195  0.400403 0.145482 1 1 1.000000
0  -34.657372 -9.648461 5.835874  -0.036052 0.005767 -0.999333  0.386731 0.250954 1 1 1.000000
doorjam
0  -37.313793 -15.181528 5.890930  0.348800 -0.001878 -0.937195  0.400403 0.145482 1 1 1.000000
0  -36.956230 -4.713810 5.945985  0.301939 0.015419 -0.953202  0.418958 0.152318 1 1 1.000000
0  -34.657372 -9.648461 5.835874  -0.036052 0.005767 -0.999333  0.386731 0.250954 1 1 1.000000
doorjam
0  -34.657372 -9.648461 5.835874  -0.036052 0.005767 -0.999333  0.386731 0.250954 1 1 1.000000
0  -36.956230 -4.713810 5.945985  0.301939 0.015419 -0.953202  0.418958 0.152318 1 1 1.000000
0  -34.967903 3.968540 5.918458  -0.036135 0.034104 -0.998765  0.392590 0.257790 1 1 1.000000
doorjam
0  -36.956230 -4.713810 5.945985  0.301939 0.015419 -0.953202  0.418958 0.152318 1 1 1.000000
0  -37.470100 3.474072 6.001040  0.291740 0.048149 -0.955285  0.443373 0.161107 1 1 1.000000
0  -34.967903 3.968540 5.918458  -0.036135 0.034104 -0.998765  0.392590 0.257790 1 1 1.000000
doorjam
0  -35.333065 10.387074 6.317609  -0.027267 0.312770 -0.949438  0.404309 0.271462 1 1 1.000000
0  -34.967903 3.968540 5.918458  -0.036135 0.034104 -0.998765  0.392590 0.257790 1 1 1.000000
0  -37.470100 3.474072 6.001040  0.291740 0.048149 -0.955285  0.443373 0.161107 1 1 1.000000
doorjam
0  -37.470100 3.474072 6.001040  0.291740 0.048149 -0.955285  0.443373 0.161107 1 1 1.000000
0  -37.856194 10.167084 6.303844  0.329746 0.280714 -0.901370  0.479507 0.175756 1 1 1.000000
0  -35.333065 10.387074 6.317609  -0.027267 0.312770 -0.949438  0.404309 0.271462 1 1 1.000000
doorjam
0  -37.856194 10.167084 6.303844  0.329746 0.280714 -0.901370  0.479507 0.175756 1 1 1.000000
0  -37.470100 3.474072 6.001040  0.291740 0.048149 -0.955285  0.443373 0.161107 1 1 1.000000
0  -41.032391 4.210135 3.551077  0.575826 0.066640 -0.814852  0.475600 0.057588 1 1 1.000000
doorjam
0  -41.032391 4.210135 3.551077  0.575826 0.066640 -0.814852  0.475600 0.057588 1 1 1.000000
0  -41.581879 11.235785 3.730005  0.582023 0.065221 -0.810553  0.521500 0.069308 1 1 1.000000
0  -37.856194 10.167084 6.303844  0.329746 0.280714 -0.901370  0.479507 0.175756 1 1 1.000000
doorjam
0  -37.856194 10.167084 6.303844  0.329746 0.280714 -0.901370  0.479507 0.175756 1 1 1.000000
0  -41.581879 11.235785 3.730005  0.582023 0.065221 -0.810553  0.521500 0.069308 1 1 1.000000
0  -41.595482 11.414195 3.730005  0.599752 0.184806 -0.778553  0.522477 0.069308 1 1 1.000000
doorjam
0  -37.856194 10.167084 6.303844  0.329746 0.280714 -0.901370  0.479507 0.175756 1 1 1.000000
0  -41.595482 11.414195 3.730005  0.599752 0.184806 -0.778553  0.522477 0.069308 1 1 1.000000
0  -41.580593 11.580976 3.798824  0.609993 0.318719 -0.725484  0.524430 0.069308 1 1 1.000000
doorjam
0  -40.268147 -5.270020 3.344618  0.609608 0.027511 -0.792226  0.441420 0.048799 1 1 1.000000
0  -41.032391 4.210135 3.551077  0.575826 0.066640 -0.814852  0.473647 0.058565 1 1 1.000000
0  -37.470100 3.474072 6.001040  0.291740 0.048149 -0.955285  0.443373 0.161107 1 1 1.000000
doorjam
0  -37.470100 3.474072 6.001040  0.291740 0.048149 -0.955285  0.443373 0.161107 1 1 1.000000
0  -36.956230 -4.713810 5.945985  0.301939 0.015419 -0.953202  0.418958 0.152318 1 1 1.000000
0  -40.268147 -5.270020 3.344618  0.609608 0.027511 -0.792226  0.441420 0.048799 1 1 1.000000
doorjam
0  -40.451950 -15.387986 3.096869  0.659351 0.002426 -0.751832  0.410169 0.040986 1 1 1.000000
0  -40.268147 -5.270020 3.344618  0.609608 0.027511 -0.792226  0.441420 0.048799 1 1 1.000000
0  -36.956230 -4.713810 5.945985  0.301939 0.015419 -0.953202  0.418958 0.152318 1 1 1.000000
doorjam
0  -36.956230 -4.713810 5.945985  0.301939 0.015419 -0.953202  0.418958 0.152318 1 1 1.000000
0  -37.313793 -15.181528 5.890930  0.348800 -0.001878 -0.937195  0.400403 0.145482 1 1 1.000000
0  -40.451950 -15.387986 3.096869  0.659351 0.002426 -0.751832  0.410169 0.040986 1 1 1.000000
doorjam
0  -40.438183 -24.458363 2.917939  0.709059 -0.004371 -0.705136  0.380871 0.034150 1 1 1.000000
0  -40.451950 -15.387986 3.096869  0.659351 0.002426 -0.751832  0.410169 0.040986 1 1 1.000000
0  -37.313793 -15.181528 5.890930  0.348800 -0.001878 -0.937195  0.400403 0.145482 1 1 1.000000
doorjam
0  -37.313793 -15.181528 5.890930  0.348800 -0.001878 -0.937195  0.400403 0.145482 1 1 1.000000
0  -37.478954 -24.334486 5.890930  0.376610 -0.021989 -0.926111  0.383801 0.138646 1 1 1.000000
0  -40.438183 -24.458363 2.917939  0.709059 -0.004371 -0.705136  0.380871 0.034150 1 1 1.000000
doorjam
0  -37.975002 12.449455 7.707758  0.384305 0.649218 -0.656373  0.497085 0.185522 1 1 1.000000
0  -41.677704 11.587377 3.936464  -0.814650 0.443444 -0.373769  0.504898 0.062471 1 1 1.000000
0  -41.857243 13.036890 5.959750  0.366859 0.731454 -0.574796  0.526383 0.068331 1 1 1.000000
doorjam
0  -41.857243 13.036890 5.959750  0.366859 0.731454 -0.574796  0.526383 0.068331 1 1 1.000000
0  -41.870846 13.215302 6.152443  0.388679 0.646014 -0.656958  0.529313 0.071261 1 1 1.000000
0  -37.975002 12.449455 7.707758  0.384305 0.649218 -0.656373  0.497085 0.185522 1 1 1.000000
doorjam
0  -37.975002 12.449455 7.707758  0.384305 0.649218 -0.656373  0.497085 0.185522 1 1 1.000000
0  -41.870846 13.215302 6.152443  0.388679 0.646014 -0.656958  0.529313 0.071261 1 1 1.000000
0  -41.810600 13.330325 6.290082  0.396182 0.576503 -0.714622  0.531266 0.073214 1 1 1.000000
doorjam
0  -37.975002 12.449455 7.707758  0.384305 0.649218 -0.656373  0.497085 0.185522 1 1 1.000000
0  -41.810600 13.330325 6.290082  0.396182 0.576503 -0.714622  0.531266 0.073214 1 1 1.000000
0  -40.751156 14.280745 7.460009  0.411417 0.521773 -0.747321  0.546892 0.089816 1 1 1.000000
doorjam
0  -37.975002 12.449455 7.707758  0.384305 0.649218 -0.656373  0.497085 0.185522 1 1 1.000000
0  -40.751156 14.280745 7.460009  0.411417 0.521773 -0.747321  0.546892 0.089816 1 1 1.000000
0  -40.632870 14.358783 7.583883  0.429330 0.553585 -0.713596  0.548845 0.091769 1 1 1.000000
doorjam
0  -37.975002 12.449455 7.707758  0.254566 0.707791 -0.658960  0.497085 0.185522 1 1 1.000000
0  -37.856194 10.167084 6.303844  0.329746 0.280714 -0.901370  0.455092 0.165990 1 1 1.000000
0  -41.580593 11.580976 3.798824  0.609993 0.318719 -0.725484  0.502945 0.062471 1 1 1.000000
doorjam
0  -40.648685 14.385184 7.749050  0.558774 0.778413 -0.286087  0.552751 0.094699 1 1 1.000000
0  -37.975002 12.449455 7.707758  0.254566 0.707791 -0.658960  0.497085 0.185522 1 1 1.000000
0  -40.632870 14.358783 7.583883  0.583755 0.807569 -0.084039  0.548845 0.091769 1 1 1.000000
doorjam
0  -37.975002 12.449455 7.707758  0.254566 0.707791 -0.658960  0.497085 0.185522 1 1 1.000000
0  -40.648685 14.385184 7.749050  0.558774 0.778413 -0.286087  0.552751 0.094699 1 1 1.000000
0  -41.575081 18.207220 13.405991  0.405137 0.778626 -0.479171  0.728538 0.196265 1 1 1.000000
doorjam
0  -41.575081 18.207220 13.405991  0.405137 0.778626 -0.479171  0.728538 0.196265 1 1 1.000000
0  -37.836113 18.050587 16.158762  0.327322 0.833517 -0.445095  0.642598 0.296854 1 1 1.000000
0  -37.975002 12.449455 7.707758  0.254566 0.707791 -0.658960  0.497085 0.185522 1 1 1.000000
doorjam
0  -41.898102 21.357464 18.842712  0.407325 0.814236 -0.413650  0.828150 0.306619 1 1 1.000000
0  -37.836113 18.050587 16.158762  0.327322 0.833517 -0.445095  0.642598 0.296854 1 1 1.000000
0  -41.575081 18.207220 13.405991  0.405137 0.778626 -0.479171  0.728538 0.196265 1 1 1.000000
doorjam
0  -36.794060 21.401539 24.293196  0.440212 0.874849 -0.202122  0.750023 0.553697 1 1 1.000000
0  -37.836113 18.050587 16.158762  0.327322 0.833517 -0.445095  0.642598 0.296854 1 1 1.000000
0  -41.898102 21.357464 18.842712  0.407325 0.814236 -0.413650  0.828150 0.306619 1 1 1.000000
doorjam
0  -41.898102 21.357464 18.842712  0.407325 0.814236 -0.413650  0.828150 0.306619 1 1 1.000000
0  -41.934322 24.005032 23.880281  0.417159 0.902826 -0.104321  0.951201 0.493149 1 1 1.000000
0  -36.794060 21.401539 24.293196  0.440212 0.874849 -0.202122  0.750023 0.553697 1 1 1.000000
doorjam
0  -36.794060 21.401539 24.293196  0.440212 0.874849 -0.202122  0.750023 0.553697 1 1 1.000000
0  -41.934322 24.005032 23.880281  0.417159 0.902826 -0.104321  0.951201 0.493149 1 1 1.000000
0  -36.009941 21.074818 28.601280  0.404440 0.896975 0.178508  0.792016 0.674795 1 1 1.000000
doorjam
0  -41.934322 24.005032 23.880281  0.417159 0.902826 -0.104321  0.951201 0.493149 1 1 1.000000
0  -43.105858 24.343624 24.747404  0.277125 0.960823 -0.004531  0.965850 0.561510 1 1 1.000000
0  -43.092133 24.344669 24.857513  0.322734 0.941478 0.097273  0.965850 0.564440 1 1 1.000000
doorjam
0  -43.092133 24.344669 24.857513  0.322734 0.941478 0.097273  0.965850 0.564440 1 1 1.000000
0  -36.009941 21.074818 28.601280  0.404440 0.896975 0.178508  0.792016 0.674795 1 1 1.000000
0  -41.934322 24.005032 23.880281  0.417159 0.902826 -0.104321  0.951201 0.493149 1 1 1.000000
doorjam
0  -36.009941 21.074818 28.601280  0.404440 0.896975 0.178508  0.792016 0.674795 1 1 1.000000
0  -43.092133 24.344669 24.857513  0.322734 0.941478 0.097273  0.965850 0.564440 1 1 1.000000
0  -42.275696 23.413048 27.692865  0.307331 0.918851 0.247508  0.965850 0.594714 1 1 1.000000
doorjam
0  -42.275696 23.413048 27.692865  0.307331 0.918851 0.247508  0.965850 0.594714 1 1 1.000000
0  -41.201881 22.183561 30.170359  0.289172 0.902963 0.317863  0.965850 0.614246 1 1 1.000000
0  -36.009941 21.074818 28.601280  0.404440 0.896975 0.178508  0.792016 0.674795 1 1 1.000000
doorjam
0  -36.009941 21.074818 28.601280  0.404440 0.896975 0.178508  0.792016 0.674795 1 1 1.000000
0  -41.201881 22.183561 30.170359  0.289172 0.902963 0.317863  0.965850 0.614246 1 1 1.000000
0  -39.658997 21.500584 30.762203  0.289157 0.905758 0.309823  0.964873 0.698233 1 1 1.000000
doorjam
0  -36.009941 21.074818 28.601280  0.404440 0.896975 0.178508  0.792016 0.674795 1 1 1.000000
0  -39.658997 21.500584 30.762203  0.289157 0.905758 0.309823  0.964873 0.698233 1 1 1.000000
0  -37.516682 20.559624 31.395340  0.317645 0.888187 0.332003  0.939482 0.753899 1 1 1.000000
doorjam
0  -36.009941 21.074818 28.601280  0.404440 0.896975 0.178508  0.792016 0.674795 1 1 1.000000
0  -37.516682 20.559624 31.395340  0.317645 0.888187 0.332003  0.939482 0.753899 1 1 1.000000
0  -34.482666 19.148308 31.973419  0.328206 0.916605 0.228292  0.797876 0.828120 1 1 1.000000
doorjam
0  -34.482666 19.148308 31.973419  0.328206 0.916605 0.228292  0.797876 0.828120 1 1 1.000000
0  -32.548626 19.309578 27.885561  0.452951 0.886505 0.094579  0.589862 0.693350 1 1 1.000000
0  -36.009941 21.074818 28.601280  0.404440 0.896975 0.178508  0.792016 0.674795 1 1 1.000000
doorjam
0  -36.794060 21.401539 24.293196  0.440212 0.874849 -0.202122  0.750023 0.553697 1 1 1.000000
0  -36.009941 21.074818 28.601280  0.404440 0.896975 0.178508  0.792016 0.674795 1 1 1.000000
0  -32.548626 19.309578 27.885561  0.452951 0.886505 0.094579  0.589862 0.693350 1 1 1.000000
doorjam
0  -32.548626 19.309578 27.885561  0.452951 0.886505 0.094579  0.589862 0.693350 1 1 1.000000
0  -32.972900 19.442873 23.921572  0.413067 0.887457 -0.204441  0.534196 0.545885 1 1 1.000000
0  -36.794060 21.401539 24.293196  0.440212 0.874849 -0.202122  0.750023 0.553697 1 1 1.000000
doorjam
0  -37.836113 18.050587 16.158762  0.327322 0.833517 -0.445095  0.642598 0.296854 1 1 1.000000
0  -36.794060 21.401539 24.293196  0.440212 0.874849 -0.202122  0.750023 0.553697 1 1 1.000000
0  -32.972900 19.442873 23.921572  0.413067 0.887457 -0.204441  0.534196 0.545885 1 1 1.000000
doorjam
0  -32.972900 19.442873 23.921572  0.413067 0.887457 -0.204441  0.534196 0.545885 1 1 1.000000
0  -34.452484 16.942001 15.704554  0.208897 0.873060 -0.440600  0.450209 0.345683 1 1 1.000000
0  -37.836113 18.050587 16.158762  0.327322 0.833517 -0.445095  0.642598 0.296854 1 1 1.000000
doorjam
0  -37.975002 12.449455 7.707758  0.254566 0.707791 -0.658960  0.497085 0.185522 1 1 1.000000
0  -37.836113 18.050587 16.158762  0.327322 0.833517 -0.445095  0.642598 0.296854 1 1 1.000000
0  -34.452484 16.942001 15.704554  0.208897 0.873060 -0.440600  0.450209 0.345683 1 1 1.000000
doorjam
0  -34.452484 16.942001 15.704554  0.208897 0.873060 -0.440600  0.450209 0.345683 1 1 1.000000
0  -35.297894 12.460325 7.638939  -0.025266 0.729852 -0.683139  0.414075 0.283181 1 1 1.000000
0  -37.975002 12.449455 7.707758  0.254566 0.707791 -0.658960  0.497085 0.185522 1 1 1.000000
doorjam
0  -37.856194 10.167084 6.303844  0.329746 0.280714 -0.901370  0.455092 0.165990 1 1 1.000000
0  -37.975002 12.449455 7.707758  0.254566 0.707791 -0.658960  0.497085 0.185522 1 1 1.000000
0  -35.297894 12.460325 7.638939  -0.025266 0.729852 -0.683139  0.414075 0.283181 1 1 1.000000
doorjam
0  -35.297894 12.460325 7.638939  -0.025266 0.729852 -0.683139  0.414075 0.283181 1 1 1.000000
0  -35.333065 10.387074 6.317609  -0.027267 0.312770 -0.949438  0.393567 0.256813 1 1 1.000000
0  -37.856194 10.167084 6.303844  0.329746 0.280714 -0.901370  0.455092 0.165990 1 1 1.000000
doorjam
0  -33.799847 18.882885 32.523975  0.235568 0.959925 0.151825  0.604511 0.829096 1 1 1.000000
0  -32.548626 19.309578 27.885561  0.452951 0.886505 0.094579  0.589862 0.693350 1 1 1.000000
0  -34.482666 19.148308 31.973419  0.328206 0.916605 0.228292  0.797876 0.828120 1 1 1.000000
doorjam
0  -37.506485 -30.321760 6.565359  0.173257 -0.825313 0.537438  0.375988 0.135716 1 1 1.000000
0  -40.493240 -33.363575 2.862884  0.173257 -0.825314 0.537438  0.347667 0.031220 1 1 1.000000
0  -40.410656 -33.377338 2.821592  0.173256 -0.825314 0.537438  0.347667 0.031220 1 1 1.000000
interior
0  -31.805355 17.889242 31.835783  0.495666 0.842459 0.211135  0.959990 0.213843 1 1 1.000000
0  -32.548626 19.309578 27.885561  0.495627 0.842484 0.211126  0.973663 0.179662 1 1 1.000000
0  -33.799847 18.882885 32.523975  0.495787 0.842383 0.211154  0.972686 0.213843 1 1 1.000000
interior
0  -34.450909 -23.054449 17.782894  0.996871 -0.007036 -0.078729  0.659200 0.121067 1 1 1.000000
0  -34.960175 -30.528215 8.285839  0.999105 -0.028756 -0.031034  0.595721 0.052705 1 1 1.000000
0  -34.946407 -29.853790 6.510303  0.999147 -0.034922 -0.022060  0.599628 0.038057 1 1 1.000000
interior
0  -34.175632 -30.142830 15.718319  0.993597 0.066083 -0.091641  0.602557 0.109348 1 1 1.000000
0  -34.960175 -30.528215 8.285839  0.999105 -0.028756 -0.031034  0.595721 0.052705 1 1 1.000000
0  -34.450909 -23.054449 17.782894  0.996871 -0.007036 -0.078729  0.659200 0.121067 1 1 1.000000
interior
0  -34.450909 -23.054449 17.782894  0.996871 -0.007036 -0.078729  0.659200 0.121067 1 1 1.000000
0  -33.776482 -28.339764 23.866516  0.996378 0.041329 -0.074321  0.615253 0.166967 1 1 1.000000
0  -34.175632 -30.142830 15.718319  0.993597 0.066083 -0.091641  0.602557 0.109348 1 1 1.000000
interior
0  -34.450909 -23.054449 17.782894  0.996871 -0.007036 -0.078729  0.659200 0.121067 1 1 1.000000
0  -33.446148 -27.679100 28.381058  0.993938 -0.027452 -0.106461  0.630879 0.213843 1 1 1.000000
0  -33.776482 -28.339764 23.866516  0.996378 0.041329 -0.074321  0.615253 0.166967 1 1 1.000000
interior
0  -33.225929 -24.375778 28.670097  0.991141 -0.054163 -0.121265  0.657247 0.213843 1 1 1.000000
0  -33.446148 -27.679100 28.381058  0.993938 -0.027452 -0.106461  0.630879 0.213843 1 1 1.000000
0  -34.450909 -23.054449 17.782894  0.996871 -0.007036 -0.078729  0.659200 0.121067 1 1 1.000000
interior
0  -33.225929 -24.375778 28.670097  0.991141 -0.054163 -0.121265  0.657247 0.213843 1 1 1.000000
0  -34.450909 -23.054449 17.782894  0.996871 -0.007036 -0.078729  0.659200 0.121067 1 1 1.000000
0  -33.459503 -4.046886 18.223337  0.993222 -0.009407 -0.115852  0.794946 0.113254 1 1 1.000000
interior
0  -33.459503 -4.046886 18.223337  0.993222 -0.009407 -0.115852  0.794946 0.113254 1 1 1.000000
0  -31.863813 -4.698231 30.074009  0.990510 -0.026631 -0.134836  0.797876 0.212867 1 1 1.000000
0  -33.225929 -24.375778 28.670097  0.991141 -0.054163 -0.121265  0.657247 0.213843 1 1 1.000000
interior
0  -31.764339 11.376977 31.354050  0.985505 0.023217 -0.168050  0.916044 0.212867 1 1 1.000000
0  -31.863813 -4.698231 30.074009  0.990510 -0.026631 -0.134836  0.797876 0.212867 1 1 1.000000
0  -33.459503 -4.046886 18.223337  0.993222 -0.009407 -0.115852  0.794946 0.113254 1 1 1.000000
interior
0  -33.459503 -4.046886 18.223337  0.993222 -0.009407 -0.115852  0.794946 0.113254 1 1 1.000000
0  -33.655075 12.820250 21.058691  0.988542 0.016176 -0.150078  0.919950 0.124973 1 1 1.000000
0  -31.764339 11.376977 31.354050  0.985505 0.023217 -0.168050  0.916044 0.212867 1 1 1.000000
interior
0  -31.805355 17.889242 31.835783  0.983836 0.019457 -0.178012  0.959990 0.213843 1 1 1.000000
0  -31.764339 11.376977 31.354050  0.985505 0.023217 -0.168050  0.916044 0.212867 1 1 1.000000
0  -33.655075 12.820250 21.058691  0.988542 0.016176 -0.150078  0.919950 0.124973 1 1 1.000000
interior
0  -33.655075 12.820250 21.058691  0.988542 0.016176 -0.150078  0.919950 0.124973 1 1 1.000000
0  -32.548626 19.309578 27.885561  0.987311 -0.001289 -0.158791  0.973663 0.179662 1 1 1.000000
0  -31.805355 17.889242 31.835783  0.983836 0.019457 -0.178012  0.959990 0.213843 1 1 1.000000
interior
0  -32.972900 19.442873 23.921572  0.990809 -0.047272 -0.126738  0.971709 0.147435 1 1 1.000000
0  -32.548626 19.309578 27.885561  0.987311 -0.001289 -0.158791  0.973663 0.179662 1 1 1.000000
0  -33.655075 12.820250 21.058691  0.988542 0.016176 -0.150078  0.919950 0.124973 1 1 1.000000
interior
0  -34.452484 16.942001 15.704554  0.990567 0.011496 -0.136547  0.944365 0.082003 1 1 1.000000
0  -32.972900 19.442873 23.921572  0.990809 -0.047272 -0.126738  0.971709 0.147435 1 1 1.000000
0  -33.655075 12.820250 21.058691  0.988542 0.016176 -0.150078  0.919950 0.124973 1 1 1.000000
interior
0  -34.452484 16.942001 15.704554  0.990567 0.011496 -0.136547  0.944365 0.082003 1 1 1.000000
0  -33.655075 12.820250 21.058691  0.988542 0.016176 -0.150078  0.919950 0.124973 1 1 1.000000
0  -35.297894 12.460325 7.638939  0.991041 0.053333 -0.122451  0.907254 0.019501 1 1 1.000000
interior
0  -35.297894 12.460325 7.638939  0.991041 0.053333 -0.122451  0.907254 0.019501 1 1 1.000000
0  -33.655075 12.820250 21.058691  0.988542 0.016176 -0.150078  0.919950 0.124973 1 1 1.000000
0  -35.333065 10.387074 6.317609  0.990370 0.063213 -0.123169  0.890652 0.010712 1 1 1.000000
interior
0  -35.333065 10.387074 6.317609  0.990370 0.063213 -0.123169  0.890652 0.010712 1 1 1.000000
0  -33.655075 12.820250 21.058691  0.988542 0.016176 -0.150078  0.919950 0.124973 1 1 1.000000
0  -34.967903 3.968540 5.918458  0.993113 0.038307 -0.110725  0.842799 0.012665 1 1 1.000000
interior
0  -33.655075 12.820250 21.058691  0.988542 0.016176 -0.150078  0.919950 0.124973 1 1 1.000000
0  -33.459503 -4.046886 18.223337  0.993222 -0.009407 -0.115852  0.794946 0.113254 1 1 1.000000
0  -34.967903 3.968540 5.918458  0.993113 0.038307 -0.110725  0.842799 0.012665 1 1 1.000000
interior
0  -34.967903 3.968540 5.918458  0.993113 0.038307 -0.110725  0.842799 0.012665 1 1 1.000000
0  -33.459503 -4.046886 18.223337  0.993222 -0.009407 -0.115852  0.794946 0.113254 1 1 1.000000
0  -34.657372 -9.648461 5.835874  0.996967 -0.015118 -0.076342  0.745140 0.020478 1 1 1.000000
interior
0  -33.459503 -4.046886 18.223337  0.993222 -0.009407 -0.115852  0.794946 0.113254 1 1 1.000000
0  -34.450909 -23.054449 17.782894  0.996871 -0.007036 -0.078729  0.659200 0.121067 1 1 1.000000
0  -34.657372 -9.648461 5.835874  0.996967 -0.015118 -0.076342  0.745140 0.020478 1 1 1.000000
interior
0  -34.450909 -23.054449 17.782894  0.996871 -0.007036 -0.078729  0.659200 0.121067 1 1 1.000000
0  -34.863827 -24.017916 5.808347  0.999331 -0.015235 -0.033234  0.641621 0.028291 1 1 1.000000
0  -34.657372 -9.648461 5.835874  0.996967 -0.015118 -0.076342  0.745140 0.020478 1 1 1.000000
interior
0  -34.450909 -23.054449 17.782894  0.996871 -0.007036 -0.078729  0.659200 0.121067 1 1 1.000000
0  -34.918880 -27.885561 6.028569  0.999329 -0.016868 -0.032527  0.613300 0.032197 1 1 1.000000
0  -34.863827 -24.017916 5.808347  0.999331 -0.015235 -0.033234  0.641621 0.028291 1 1 1.000000
interior
0  -34.946407 -29.853790 6.510303  0.999147 -0.034922 -0.022060  0.599628 0.038057 1 1 1.000000
0  -34.918880 -27.885561 6.028569  0.999329 -0.016868 -0.032527  0.613300 0.032197 1 1 1.000000
0  -34.450909 -23.054449 17.782894  0.996871 -0.007036 -0.078729  0.659200 0.121067 1 1 1.000000
interior
0  -36.240208 -29.743679 28.656334  0.166359 -0.092789 0.981690  0.618183 0.213843 1 1 1.000000
0  -33.446148 -27.679100 28.381058  0.154333 -0.086875 0.984192  0.630879 0.213843 1 1 1.000000
0  -36.281502 -29.537220 28.683863  0.162519 -0.086777 0.982882  0.619160 0.213843 1 1 1.000000
interior
0  -36.281502 -29.537220 28.683863  0.162519 -0.086777 0.982882  0.619160 0.213843 1 1 1.000000
0  -33.446148 -27.679100 28.381058  0.154333 -0.086875 0.984192  0.630879 0.213843 1 1 1.000000
0  -36.281502 -29.330761 28.697626  0.156682 -0.077831 0.984578  0.621113 0.213843 1 1 1.000000
interior
0  -33.446148 -27.679100 28.381058  0.154333 -0.086875 0.984192  0.630879 0.213843 1 1 1.000000
0  -36.350319 -28.036961 28.821503  0.159735 -0.082060 0.983743  0.630879 0.213843 1 1 1.000000
0  -36.281502 -29.330761 28.697626  0.156682 -0.077831 0.984578  0.621113 0.213843 1 1 1.000000
interior
0  -33.446148 -27.679100 28.381058  0.154333 -0.086875 0.984192  0.630879 0.213843 1 1 1.000000
0  -36.295265 -27.169840 28.890320  0.159517 -0.080501 0.983907  0.636738 0.213843 1 1 1.000000
0  -36.350319 -28.036961 28.821503  0.159735 -0.082060 0.983743  0.630879 0.213843 1 1 1.000000
interior
0  -33.446148 -27.679100 28.381058  0.154333 -0.086875 0.984192  0.630879 0.213843 1 1 1.000000
0  -36.075043 -24.224375 29.096777  0.145801 -0.082950 0.985830  0.658223 0.213843 1 1 1.000000
0  -36.295265 -27.169840 28.890320  0.159517 -0.080501 0.983907  0.636738 0.213843 1 1 1.000000
interior
0  -33.446148 -27.679100 28.381058  0.154333 -0.086875 0.984192  0.630879 0.213843 1 1 1.000000
0  -33.225929 -24.375778 28.670097  0.141578 -0.086467 0.986144  0.657247 0.213843 1 1 1.000000
0  -36.075043 -24.224375 29.096777  0.145801 -0.082950 0.985830  0.658223 0.213843 1 1 1.000000
interior
0  -36.075043 -24.224375 29.096777  0.145801 -0.082950 0.985830  0.658223 0.213843 1 1 1.000000
0  -33.225929 -24.375778 28.670097  0.141578 -0.086467 0.986144  0.657247 0.213843 1 1 1.000000
0  -35.648365 -15.085180 29.743679  0.134716 -0.079793 0.987666  0.725608 0.212867 1 1 1.000000
interior
0  -33.225929 -24.375778 28.670097  0.141578 -0.086467 0.986144  0.657247 0.213843 1 1 1.000000
0  -31.863813 -4.698231 30.074009  0.145076 -0.082581 0.985968  0.797876 0.212867 1 1 1.000000
0  -35.648365 -15.085180 29.743679  0.134716 -0.079793 0.987666  0.725608 0.212867 1 1 1.000000
interior
0  -31.863813 -4.698231 30.074009  0.145076 -0.082581 0.985968  0.797876 0.212867 1 1 1.000000
0  -34.771088 -4.768061 30.500689  0.145035 -0.083275 0.985916  0.799829 0.212867 1 1 1.000000
0  -35.648365 -15.085180 29.743679  0.134716 -0.079793 0.987666  0.725608 0.212867 1 1 1.000000
interior
0  -34.771088 -4.768061 30.500689  0.145035 -0.083275 0.985916  0.799829 0.212867 1 1 1.000000
0  -31.863813 -4.698231 30.074009  0.145076 -0.082581 0.985968  0.797876 0.212867 1 1 1.000000
0  -34.576744 4.812791 31.271465  0.158398 -0.080921 0.984054  0.870144 0.212867 1 1 1.000000
interior
0  -34.576744 4.812791 31.271465  0.158398 -0.080921 0.984054  0.870144 0.212867 1 1 1.000000
0  -31.863813 -4.698231 30.074009  0.145076 -0.082581 0.985968  0.797876 0.212867 1 1 1.000000
0  -31.764339 11.376977 31.354050  0.188156 -0.092735 0.977751  0.916044 0.212867 1 1 1.000000
interior
0  -34.308155 11.790385 31.863310  0.179550 -0.100656 0.978586  0.920927 0.212867 1 1 1.000000
0  -34.576744 4.812791 31.271465  0.158398 -0.080921 0.984054  0.870144 0.212867 1 1 1.000000
0  -31.764339 11.376977 31.354050  0.188156 -0.092735 0.977751  0.916044 0.212867 1 1 1.000000
interior
0  -33.957249 17.145409 32.400105  0.267778 -0.093334 0.958949  0.959990 0.213843 1 1 1.000000
0  -34.308155 11.790385 31.863310  0.179550 -0.100656 0.978586  0.920927 0.212867 1 1 1.000000
0  -31.764339 11.376977 31.354050  0.188156 -0.092735 0.977751  0.916044 0.212867 1 1 1.000000
interior
0  -31.764339 11.376977 31.354050  0.188156 -0.092735 0.977751  0.916044 0.212867 1 1 1.000000
0  -31.805355 17.889242 31.835783  0.283672 -0.078791 0.955679  0.959990 0.213843 1 1 1.000000
0  -33.957249 17.145409 32.400105  0.267778 -0.093334 0.958949  0.959990 0.213843 1 1 1.000000
interior
0  -31.805355 17.889242 31.835783  0.283672 -0.078791 0.955679  0.959990 0.213843 1 1 1.000000
0  -33.891167 18.089102 32.496449  0.289681 -0.114120 0.950295  0.966826 0.214820 1 1 1.000000
0  -33.957249 17.145409 32.400105  0.267778 -0.093334 0.958949  0.959990 0.213843 1 1 1.000000
interior
0  -31.805355 17.889242 31.835783  0.283672 -0.078791 0.955679  0.959990 0.213843 1 1 1.000000
0  -33.857075 18.547228 32.537743  0.289651 -0.113677 0.950358  0.969756 0.214820 1 1 1.000000
0  -33.891167 18.089102 32.496449  0.289681 -0.114120 0.950295  0.966826 0.214820 1 1 1.000000
interior
0  -33.857075 18.547228 32.537743  0.289651 -0.113677 0.950358  0.969756 0.214820 1 1 1.000000
0  -31.805355 17.889242 31.835783  0.283672 -0.078791 0.955679  0.959990 0.213843 1 1 1.000000
0  -33.855907 18.712963 32.551506  0.330655 -0.006670 0.943728  0.971709 0.214820 1 1 1.000000
interior
0  -31.805355 17.889242 31.835783  0.283672 -0.078791 0.955679  0.959990 0.213843 1 1 1.000000
0  -33.799847 18.882885 32.523975  0.359636 0.077087 0.929903  0.972686 0.213843 1 1 1.000000
0  -33.855907 18.712963 32.551506  0.330655 -0.006670 0.943728  0.971709 0.214820 1 1 1.000000
windowmask
0  -32.854301 -29.757442 36.088814  -0.915376 0.055028 0.398822  0.234382 0.529283 1 1 1.000000
0  -32.083527 -26.467884 37.272507  -0.891667 0.023100 0.452102  0.288095 0.613269 1 1 1.000000
0  -33.102051 -28.656334 35.386856  -0.899483 0.023018 0.436350  0.252937 0.479476 1 1 1.000000
windowmask
0  -33.102051 -28.656334 35.386856  -0.899483 0.023018 0.436350  0.252937 0.479476 1 1 1.000000
0  -32.083527 -26.467884 37.272507  -0.891667 0.023100 0.452102  0.288095 0.613269 1 1 1.000000
0  -34.395851 -27.279951 32.978188  -0.892831 -0.035119 0.449021  0.275399 0.310526 1 1 1.000000
windowmask
0  -34.395851 -27.279951 32.978188  -0.892831 -0.035119 0.449021  0.275399 0.310526 1 1 1.000000
0  -34.395851 -29.124306 32.785492  -0.902207 -0.024712 0.430595  0.245125 0.296854 1 1 1.000000
0  -33.102051 -28.656334 35.386856  -0.899483 0.023018 0.436350  0.252937 0.479476 1 1 1.000000
windowmask
0  -34.395851 -29.124306 32.785492  -0.902207 -0.024712 0.430595  0.245125 0.296854 1 1 1.000000
0  -34.395851 -27.279951 32.978188  -0.892831 -0.035119 0.449021  0.275399 0.310526 1 1 1.000000
0  -36.350319 -28.036961 28.821503  -0.894037 -0.109110 0.434502  0.262703 0.017548 1 1 1.000000
windowmask
0  -36.350319 -28.036961 28.821503  -0.894037 -0.109110 0.434502  0.262703 0.017548 1 1 1.000000
0  -35.813530 -29.702389 29.427111  -0.891276 -0.042435 0.451472  0.235359 0.059542 1 1 1.000000
0  -34.395851 -29.124306 32.785492  -0.902207 -0.024712 0.430595  0.245125 0.296854 1 1 1.000000
windowmask
0  -36.240208 -29.743679 28.656334  -0.870167 0.121953 0.477427  0.235359 0.005829 1 1 1.000000
0  -35.813530 -29.702389 29.427111  -0.891276 -0.042435 0.451472  0.235359 0.059542 1 1 1.000000
0  -36.350319 -28.036961 28.821503  -0.894037 -0.109110 0.434502  0.262703 0.017548 1 1 1.000000
windowmask
0  -35.813530 -29.702389 29.427111  -0.891276 -0.042435 0.451472  0.235359 0.059542 1 1 1.000000
0  -36.240208 -29.743679 28.656334  -0.870167 0.121953 0.477427  0.235359 0.005829 1 1 1.000000
0  -36.295265 -29.936373 28.711390  -0.845120 0.150767 0.512876  0.231452 0.008759 1 1 1.000000
windowmask
0  -36.295265 -30.129066 28.711390  -0.833706 0.014335 0.552022  0.228523 0.008759 1 1 1.000000
0  -35.813530 -29.702389 29.427111  -0.891276 -0.042435 0.451472  0.235359 0.059542 1 1 1.000000
0  -36.295265 -29.936373 28.711390  -0.845120 0.150767 0.512876  0.231452 0.008759 1 1 1.000000
windowmask
0  -36.295265 -30.129066 28.711390  -0.833706 0.014335 0.552022  0.228523 0.008759 1 1 1.000000
0  -35.827293 -31.780729 29.468403  -0.880239 0.014347 0.474313  0.201178 0.062471 1 1 1.000000
0  -35.813530 -29.702389 29.427111  -0.891276 -0.042435 0.451472  0.235359 0.059542 1 1 1.000000
windowmask
0  -35.827293 -31.780729 29.468403  -0.880239 0.014347 0.474313  0.201178 0.062471 1 1 1.000000
0  -36.295265 -30.129066 28.711390  -0.833706 0.014335 0.552022  0.228523 0.008759 1 1 1.000000
0  -36.350319 -32.991951 28.725153  -0.835775 0.025654 0.548472  0.181646 0.009735 1 1 1.000000
windowmask
0  -35.786003 -36.680660 29.771206  -0.872519 0.033884 0.487404  0.122074 0.083956 1 1 1.000000
0  -35.827293 -31.780729 29.468403  -0.880239 0.014347 0.474313  0.201178 0.062471 1 1 1.000000
0  -36.350319 -32.991951 28.725153  -0.835775 0.025654 0.548472  0.181646 0.009735 1 1 1.000000
windowmask
0  -36.350319 -32.991951 28.725153  -0.835775 0.025654 0.548472  0.181646 0.009735 1 1 1.000000
0  -36.377846 -36.763245 28.931612  -0.817535 0.043791 0.574212  0.120121 0.024384 1 1 1.000000
0  -35.786003 -36.680660 29.771206  -0.872519 0.033884 0.487404  0.122074 0.083956 1 1 1.000000
windowmask
0  -35.730949 -40.644646 30.170357  -0.911603 0.084081 0.402382  0.056642 0.112278 1 1 1.000000
0  -35.786003 -36.680660 29.771206  -0.872519 0.033884 0.487404  0.122074 0.083956 1 1 1.000000
0  -36.377846 -36.763245 28.931612  -0.817535 0.043791 0.574212  0.120121 0.024384 1 1 1.000000
windowmask
0  -36.377846 -36.763245 28.931612  -0.817535 0.043791 0.574212  0.120121 0.024384 1 1 1.000000
0  -36.336555 -40.603355 29.330761  -0.813193 0.049928 0.579849  0.057619 0.052705 1 1 1.000000
0  -35.730949 -40.644646 30.170357  -0.911603 0.084081 0.402382  0.056642 0.112278 1 1 1.000000
windowmask
0  -36.336555 -40.603355 29.330761  -0.813193 0.049928 0.579849  0.057619 0.052705 1 1 1.000000
0  -36.253971 -43.796574 29.702389  -0.908407 0.089644 0.408364  0.004883 0.079073 1 1 1.000000
0  -35.730949 -40.644646 30.170357  -0.911603 0.084081 0.402382  0.056642 0.112278 1 1 1.000000
windowmask
0  -35.896114 -42.337605 30.459398  -0.966452 0.125418 0.224143  0.029298 0.132786 1 1 1.000000
0  -35.730949 -40.644646 30.170357  -0.911603 0.084081 0.402382  0.056642 0.112278 1 1 1.000000
0  -36.253971 -43.796574 29.702389  -0.908407 0.089644 0.408364  0.004883 0.079073 1 1 1.000000
windowmask
0  -34.574783 -35.552025 32.510212  -0.936983 0.054384 0.345117  0.139653 0.277322 1 1 1.000000
0  -35.730949 -40.644646 30.170357  -0.911603 0.084081 0.402382  0.056642 0.112278 1 1 1.000000
0  -35.896114 -42.337605 30.459398  -0.966452 0.125418 0.224143  0.029298 0.132786 1 1 1.000000
windowmask
0  -35.896114 -42.337605 30.459398  -0.966452 0.125418 0.224143  0.029298 0.132786 1 1 1.000000
0  -34.299507 -35.813538 33.487446  -0.951306 0.087824 0.295471  0.135746 0.346660 1 1 1.000000
0  -34.574783 -35.552025 32.510212  -0.936983 0.054384 0.345117  0.139653 0.277322 1 1 1.000000
windowmask
0  -33.102051 -28.656334 35.386856  -0.899483 0.023018 0.436350  0.252937 0.479476 1 1 1.000000
0  -34.574783 -35.552025 32.510212  -0.936983 0.054384 0.345117  0.139653 0.277322 1 1 1.000000
0  -34.299507 -35.813538 33.487446  -0.951306 0.087824 0.295471  0.135746 0.346660 1 1 1.000000
windowmask
0  -34.299507 -35.813538 33.487446  -0.951306 0.087824 0.295471  0.135746 0.346660 1 1 1.000000
0  -32.854301 -29.757442 36.088814  -0.915376 0.055028 0.398822  0.234382 0.529283 1 1 1.000000
0  -33.102051 -28.656334 35.386856  -0.899483 0.023018 0.436350  0.252937 0.479476 1 1 1.000000
rightwindow
0  -34.574783 -35.552025 32.510212  -0.936983 0.054384 0.345117  0.139653 0.277322 1 1 1.000000
0  -33.102051 -28.656334 35.386856  -0.899483 0.023018 0.436350  0.252937 0.479476 1 1 1.000000
0  -34.395851 -29.124306 32.785492  -0.902207 -0.024712 0.430595  0.245125 0.296854 1 1 1.000000
rightwindow
0  -34.574783 -35.552025 32.510212  -0.936983 0.054384 0.345117  0.139653 0.277322 1 1 1.000000
0  -35.786003 -36.680660 29.771206  -0.872519 0.033884 0.487404  0.122074 0.083956 1 1 1.000000
0  -35.730949 -40.644646 30.170357  -0.911603 0.084081 0.402382  0.056642 0.112278 1 1 1.000000
rightwindow
0  -35.827293 -31.780729 29.468403  -0.880239 0.014347 0.474313  0.201178 0.062471 1 1 1.000000
0  -35.786003 -36.680660 29.771206  -0.872519 0.033884 0.487404  0.122074 0.083956 1 1 1.000000
0  -34.574783 -35.552025 32.510212  -0.936983 0.054384 0.345117  0.139653 0.277322 1 1 1.000000
rightwindow
0  -34.574783 -35.552025 32.510212  -0.936983 0.054384 0.345117  0.139653 0.277322 1 1 1.000000
0  -34.395851 -29.124306 32.785492  -0.902207 -0.024712 0.430595  0.245125 0.296854 1 1 1.000000
0  -35.827293 -31.780729 29.468403  -0.880239 0.014347 0.474313  0.201178 0.062471 1 1 1.000000
rightwindow
0  -35.827293 -31.780729 29.468403  -0.880239 0.014347 0.474313  0.201178 0.062471 1 1 1.000000
0  -34.395851 -29.124306 32.785492  -0.902207 -0.024712 0.430595  0.245125 0.296854 1 1 1.000000
0  -35.813530 -29.702389 29.427111  -0.891276 -0.042435 0.451472  0.235359 0.059542 1 1 1.000000
rightwindow
0  -30.941128 -21.650536 38.951694  -0.864647 0.035809 0.501102  0.367199 0.731437 1 1 1.000000
0  -29.206881 -14.121711 40.988743  -0.843375 0.058078 0.534177  0.490249 0.875973 1 1 1.000000
0  -33.005707 -12.951784 34.863834  -0.871056 0.042081 0.489378  0.509781 0.443342 1 1 1.000000
rightwindow
0  -33.005707 -12.951784 34.863834  -0.871056 0.042081 0.489378  0.509781 0.443342 1 1 1.000000
0  -29.206881 -14.121711 40.988743  -0.843375 0.058078 0.534177  0.490249 0.875973 1 1 1.000000
0  -28.078247 -8.409714 42.076088  -0.836174 0.046826 0.546462  0.584002 0.952147 1 1 1.000000
rightwindow
0  -31.943907 -2.923648 35.827301  -0.856549 0.014915 0.515850  0.665059 0.510727 1 1 1.000000
0  -33.005707 -12.951784 34.863834  -0.871056 0.042081 0.489378  0.509781 0.443342 1 1 1.000000
0  -28.078247 -8.409714 42.076088  -0.836174 0.046826 0.546462  0.584002 0.952147 1 1 1.000000
rightwindow
0  -28.078247 -8.409714 42.076088  -0.836174 0.046826 0.546462  0.584002 0.952147 1 1 1.000000
0  -27.270014 -0.496707 42.654171  -0.825444 0.012210 0.564351  0.698264 0.993164 1 1 1.000000
0  -31.943907 -2.923648 35.827301  -0.856549 0.014915 0.515850  0.665059 0.510727 1 1 1.000000
rightwindow
0  -31.570707 5.759789 36.556786  -0.844184 -0.004008 0.536039  0.805689 0.562487 1 1 1.000000
0  -31.943907 -2.923648 35.827301  -0.856549 0.014915 0.515850  0.665059 0.510727 1 1 1.000000
0  -27.270014 -0.496707 42.654171  -0.825444 0.012210 0.564351  0.698264 0.993164 1 1 1.000000
rightwindow
0  -27.270014 -0.496707 42.654171  -0.825444 0.012210 0.564351  0.698264 0.993164 1 1 1.000000
0  -27.280888 6.887497 42.681698  -0.817818 0.000903 0.575476  0.818384 0.995117 1 1 1.000000
0  -31.570707 5.759789 36.556786  -0.844184 -0.004008 0.536039  0.805689 0.562487 1 1 1.000000
rightwindow
0  -31.184872 12.829147 37.121101  -0.837153 0.010341 0.546871  0.920927 0.602527 1 1 1.000000
0  -31.570707 5.759789 36.556786  -0.844184 -0.004008 0.536039  0.805689 0.562487 1 1 1.000000
0  -27.280888 6.887497 42.681698  -0.817818 0.000903 0.575476  0.818384 0.995117 1 1 1.000000
rightwindow
0  -27.280888 6.887497 42.681698  -0.817818 0.000903 0.575476  0.818384 0.995117 1 1 1.000000
0  -27.536942 13.866500 42.199963  -0.813206 0.014365 0.581799  0.932646 0.960936 1 1 1.000000
0  -31.184872 12.829147 37.121101  -0.837153 0.010341 0.546871  0.920927 0.602527 1 1 1.000000
rightwindow
0  -36.075043 -24.224375 29.096777  -0.906412 0.023911 0.421718  0.325205 0.036103 1 1 1.000000
0  -36.295265 -27.169840 28.890320  -0.904204 0.036526 0.425536  0.277352 0.021455 1 1 1.000000
0  -34.148106 -26.330244 33.377338  -0.896890 0.019249 0.441835  0.291025 0.337870 1 1 1.000000
rightwindow
0  -34.148106 -26.330244 33.377338  -0.896890 0.019249 0.441835  0.291025 0.337870 1 1 1.000000
0  -33.900356 -22.985628 33.762726  -0.890595 0.020751 0.454323  0.345714 0.366192 1 1 1.000000
0  -36.075043 -24.224375 29.096777  -0.906412 0.023911 0.421718  0.325205 0.036103 1 1 1.000000
rightwindow
0  -33.900356 -22.985628 33.762726  -0.890595 0.020751 0.454323  0.345714 0.366192 1 1 1.000000
0  -34.148106 -26.330244 33.377338  -0.896890 0.019249 0.441835  0.291025 0.337870 1 1 1.000000
0  -31.863304 -25.518177 37.616604  -0.875588 0.032018 0.481996  0.303720 0.637684 1 1 1.000000
rightwindow
0  -31.863304 -25.518177 37.616604  -0.875588 0.032018 0.481996  0.303720 0.637684 1 1 1.000000
0  -30.941128 -21.650536 38.951694  -0.864647 0.035809 0.501102  0.367199 0.731437 1 1 1.000000
0  -33.900356 -22.985628 33.762726  -0.890595 0.020751 0.454323  0.345714 0.366192 1 1 1.000000
rightwindow
0  -33.005707 -12.951784 34.863834  -0.871056 0.042081 0.489378  0.509781 0.443342 1 1 1.000000
0  -33.900356 -22.985628 33.762726  -0.890595 0.020751 0.454323  0.345714 0.366192 1 1 1.000000
0  -30.941128 -21.650536 38.951694  -0.864647 0.035809 0.501102  0.367199 0.731437 1 1 1.000000
rightwindow
0  -33.900356 -22.985628 33.762726  -0.890595 0.020751 0.454323  0.345714 0.366192 1 1 1.000000
0  -33.005707 -12.951784 34.863834  -0.871056 0.042081 0.489378  0.509781 0.443342 1 1 1.000000
0  -35.648365 -15.085180 29.743679  -0.896755 0.031759 0.441386  0.474624 0.082003 1 1 1.000000
rightwindow
0  -34.771088 -4.768061 30.500689  -0.887567 0.022444 0.460132  0.637715 0.134739 1 1 1.000000
0  -35.648365 -15.085180 29.743679  -0.896755 0.031759 0.441386  0.474624 0.082003 1 1 1.000000
0  -33.005707 -12.951784 34.863834  -0.871056 0.042081 0.489378  0.509781 0.443342 1 1 1.000000
rightwindow
0  -33.005707 -12.951784 34.863834  -0.871056 0.042081 0.489378  0.509781 0.443342 1 1 1.000000
0  -31.943907 -2.923648 35.827301  -0.856549 0.014915 0.515850  0.665059 0.510727 1 1 1.000000
0  -34.771088 -4.768061 30.500689  -0.887567 0.022444 0.460132  0.637715 0.134739 1 1 1.000000
rightwindow
0  -34.576744 4.812791 31.271465  -0.871255 -0.009558 0.490737  0.793970 0.189428 1 1 1.000000
0  -34.771088 -4.768061 30.500689  -0.887567 0.022444 0.460132  0.637715 0.134739 1 1 1.000000
0  -31.943907 -2.923648 35.827301  -0.856549 0.014915 0.515850  0.665059 0.510727 1 1 1.000000
rightwindow
0  -31.943907 -2.923648 35.827301  -0.856549 0.014915 0.515850  0.665059 0.510727 1 1 1.000000
0  -31.570707 5.759789 36.556786  -0.844184 -0.004008 0.536039  0.805689 0.562487 1 1 1.000000
0  -34.576744 4.812791 31.271465  -0.871255 -0.009558 0.490737  0.793970 0.189428 1 1 1.000000
rightwindow
0  -34.308155 11.790385 31.863310  -0.862475 0.001904 0.506096  0.907254 0.231422 1 1 1.000000
0  -34.576744 4.812791 31.271465  -0.871255 -0.009558 0.490737  0.793970 0.189428 1 1 1.000000
0  -31.570707 5.759789 36.556786  -0.844184 -0.004008 0.536039  0.805689 0.562487 1 1 1.000000
rightwindow
0  -31.570707 5.759789 36.556786  -0.844184 -0.004008 0.536039  0.805689 0.562487 1 1 1.000000
0  -31.184872 12.829147 37.121101  -0.837153 0.010341 0.546871  0.920927 0.602527 1 1 1.000000
0  -34.308155 11.790385 31.863310  -0.862475 0.001904 0.506096  0.907254 0.231422 1 1 1.000000
rightwindow
0  -33.957249 17.145409 32.400105  -0.857690 0.011342 0.514042  0.994171 0.269509 1 1 1.000000
0  -34.308155 11.790385 31.863310  -0.862475 0.001904 0.506096  0.907254 0.231422 1 1 1.000000
0  -31.184872 12.829147 37.121101  -0.837153 0.010341 0.546871  0.920927 0.602527 1 1 1.000000
rightwindow
0  -31.184872 12.829147 37.121101  -0.837153 0.010341 0.546871  0.920927 0.602527 1 1 1.000000
0  -30.946011 16.394936 37.355087  -0.834166 0.019949 0.551152  0.978545 0.619129 1 1 1.000000
0  -33.957249 17.145409 32.400105  -0.857690 0.011342 0.514042  0.994171 0.269509 1 1 1.000000
rightwindow
0  -30.946011 16.394936 37.355087  -0.834166 0.019949 0.551152  0.978545 0.619129 1 1 1.000000
0  -31.184872 12.829147 37.121101  -0.837153 0.010341 0.546871  0.920927 0.602527 1 1 1.000000
0  -27.536942 13.866500 42.199963  -0.813206 0.014365 0.581799  0.932646 0.960936 1 1 1.000000
rightwindow
0  -27.536942 13.866500 42.199963  -0.813206 0.014365 0.581799  0.932646 0.960936 1 1 1.000000
0  -27.632849 15.667484 42.007271  -0.813091 0.021694 0.581732  0.962920 0.947264 1 1 1.000000
0  -30.946011 16.394936 37.355087  -0.834166 0.019949 0.551152  0.978545 0.619129 1 1 1.000000
rightwindow
0  -35.648365 -15.085180 29.743679  -0.896755 0.031759 0.441386  0.474624 0.082003 1 1 1.000000
0  -36.075043 -24.224375 29.096777  -0.906412 0.023911 0.421718  0.325205 0.036103 1 1 1.000000
0  -33.900356 -22.985628 33.762726  -0.890595 0.020751 0.454323  0.345714 0.366192 1 1 1.000000
skin_0dam
0  -41.731674 11.390007 3.922701  -0.982451 0.061166 -0.176208  0.893582 0.485336 1 1 1.000000
0  -41.705273 11.405824 3.798824  -0.812711 0.139214 -0.565792  0.894559 0.485336 1 1 1.000000
0  -41.678993 11.242184 3.798824  -0.811238 -0.049102 -0.582650  0.894559 0.485336 1 1 1.000000
skin_0dam
0  -41.905861 12.950359 6.138680  -0.976901 0.057975 0.205677  0.880886 0.478500 1 1 1.000000
0  -41.889118 12.730776 6.124915  -0.945853 -0.097930 0.309469  0.880886 0.479476 1 1 1.000000
0  -41.801422 12.847893 6.276318  -0.770276 -0.085733 0.631921  0.879910 0.479476 1 1 1.000000
skin_0dam
0  -41.889118 12.730776 6.124915  -0.945853 -0.097930 0.309469  0.880886 0.479476 1 1 1.000000
0  -41.905861 12.950359 6.138680  -0.976901 0.057975 0.205677  0.880886 0.478500 1 1 1.000000
0  -41.908073 12.798348 5.959750  -0.994165 0.044790 -0.098130  0.881863 0.479476 1 1 1.000000
skin_0dam
0  -41.908073 12.798348 5.959750  -0.994165 0.044790 -0.098130  0.881863 0.479476 1 1 1.000000
0  -41.879700 12.607259 5.959750  -0.994099 -0.108269 -0.006715  0.881863 0.480453 1 1 1.000000
0  -41.889118 12.730776 6.124915  -0.945853 -0.097930 0.309469  0.880886 0.479476 1 1 1.000000
skin_0dam
0  -41.879700 12.607259 5.959750  -0.994099 -0.108269 -0.006715  0.881863 0.480453 1 1 1.000000
0  -41.908073 12.798348 5.959750  -0.994165 0.044790 -0.098130  0.881863 0.479476 1 1 1.000000
0  -41.731674 11.390007 3.922701  -0.982451 0.061166 -0.176208  0.893582 0.485336 1 1 1.000000
skin_0dam
0  -41.731674 11.390007 3.922701  -0.982451 0.061166 -0.176208  0.893582 0.485336 1 1 1.000000
0  -41.717022 11.197871 3.922701  -0.986192 -0.072482 -0.148899  0.893582 0.485336 1 1 1.000000
0  -41.879700 12.607259 5.959750  -0.994099 -0.108269 -0.006715  0.881863 0.480453 1 1 1.000000
skin_0dam
0  -41.678993 11.242184 3.798824  -0.811238 -0.049102 -0.582650  0.894559 0.485336 1 1 1.000000
0  -41.717022 11.197871 3.922701  -0.986192 -0.072482 -0.148899  0.893582 0.485336 1 1 1.000000
0  -41.731674 11.390007 3.922701  -0.982451 0.061166 -0.176208  0.893582 0.485336 1 1 1.000000
skin_0dam
0  -41.717022 11.197871 3.922701  -0.986192 -0.072482 -0.148899  0.893582 0.485336 1 1 1.000000
0  -41.678993 11.242184 3.798824  -0.811238 -0.049102 -0.582650  0.894559 0.485336 1 1 1.000000
0  -41.142181 4.201764 3.619894  -0.811129 -0.049842 -0.582740  0.895535 0.513657 1 1 1.000000
skin_0dam
0  -41.142181 4.201764 3.619894  -0.811129 -0.049842 -0.582740  0.895535 0.513657 1 1 1.000000
0  -41.169628 4.199671 3.757534  -0.985307 -0.073140 -0.154337  0.894559 0.513657 1 1 1.000000
0  -41.717022 11.197871 3.922701  -0.986192 -0.072482 -0.148899  0.893582 0.485336 1 1 1.000000
skin_0dam
0  -40.418060 -5.295252 3.537312  -0.987140 -0.022882 -0.158210  0.895535 0.550768 1 1 1.000000
0  -41.169628 4.199671 3.757534  -0.985307 -0.073140 -0.154337  0.894559 0.513657 1 1 1.000000
0  -41.142181 4.201764 3.619894  -0.811129 -0.049842 -0.582740  0.895535 0.513657 1 1 1.000000
skin_0dam
0  -41.169628 4.199671 3.757534  -0.985307 -0.073140 -0.154337  0.894559 0.513657 1 1 1.000000
0  -40.418060 -5.295252 3.537312  -0.987140 -0.022882 -0.158210  0.895535 0.550768 1 1 1.000000
0  -40.494007 -5.204416 5.188972  -0.998352 -0.026085 -0.051122  0.885769 0.550768 1 1 1.000000
skin_0dam
0  -40.699699 -15.277876 4.789822  -0.997170 0.012807 -0.074081  0.888699 0.590808 1 1 1.000000
0  -40.494007 -5.204416 5.188972  -0.998352 -0.026085 -0.051122  0.885769 0.550768 1 1 1.000000
0  -40.418060 -5.295252 3.537312  -0.987140 -0.022882 -0.158210  0.895535 0.550768 1 1 1.000000
skin_0dam
0  -40.494007 -5.204416 5.188972  -0.998352 -0.026085 -0.051122  0.885769 0.550768 1 1 1.000000
0  -40.699699 -15.277876 4.789822  -0.997170 0.012807 -0.074081  0.888699 0.590808 1 1 1.000000
0  -40.713463 -15.264110 4.913697  -0.998476 0.016113 -0.052783  0.887722 0.590808 1 1 1.000000
skin_0dam
0  -40.713463 -15.264110 4.913697  -0.998476 0.016113 -0.052783  0.887722 0.590808 1 1 1.000000
0  -40.699699 -15.277876 4.789822  -0.997170 0.012807 -0.074081  0.888699 0.590808 1 1 1.000000
0  -40.699696 -24.389544 4.294323  -0.995912 0.004703 -0.090205  0.891629 0.626942 1 1 1.000000
skin_0dam
0  -40.699696 -24.389544 4.294323  -0.995912 0.004703 -0.090205  0.891629 0.626942 1 1 1.000000
0  -40.713459 -24.389544 4.431962  -0.996614 0.006044 -0.082002  0.890652 0.625965 1 1 1.000000
0  -40.713463 -15.264110 4.913697  -0.998476 0.016113 -0.052783  0.887722 0.590808 1 1 1.000000
skin_0dam
0  -40.713459 -24.389544 4.431962  -0.996614 0.006044 -0.082002  0.890652 0.625965 1 1 1.000000
0  -40.699696 -24.389544 4.294323  -0.995912 0.004703 -0.090205  0.891629 0.626942 1 1 1.000000
0  -40.740986 -33.088295 4.005283  -0.992158 0.007711 -0.124754  0.893582 0.661122 1 1 1.000000
skin_0dam
0  -40.713459 -24.389544 4.431962  -0.996614 0.006044 -0.082002  0.890652 0.625965 1 1 1.000000
0  -40.740986 -33.088295 4.005283  -0.992158 0.007711 -0.124754  0.893582 0.661122 1 1 1.000000
0  -40.727222 -24.389544 4.555837  -0.996053 0.008608 -0.088342  0.889676 0.625965 1 1 1.000000
skin_0dam
0  -40.727222 -24.389544 4.555837  -0.996053 0.008608 -0.088342  0.889676 0.625965 1 1 1.000000
0  -40.740986 -33.088295 4.005283  -0.992158 0.007711 -0.124754  0.893582 0.661122 1 1 1.000000
0  -41.305305 -33.267227 9.662225  -0.997664 0.016396 -0.066315  0.859401 0.661122 1 1 1.000000
skin_0dam
0  -41.305305 -33.267227 9.662225  -0.997664 0.016396 -0.066315  0.859401 0.661122 1 1 1.000000
0  -41.167667 -24.389544 9.965029  -0.998141 0.008558 -0.060341  0.858425 0.625965 1 1 1.000000
0  -40.727222 -24.389544 4.555837  -0.996053 0.008608 -0.088342  0.889676 0.625965 1 1 1.000000
skin_0dam
0  -40.418060 -5.295252 3.537312  -0.987140 -0.022882 -0.158210  0.895535 0.550768 1 1 1.000000
0  -40.589588 -15.415513 3.303327  -0.985027 0.012157 -0.171973  0.897488 0.590808 1 1 1.000000
0  -40.699699 -15.277876 4.789822  -0.997170 0.012807 -0.074081  0.888699 0.590808 1 1 1.000000
skin_0dam
0  -40.699696 -24.389544 4.294323  -0.995912 0.004703 -0.090205  0.891629 0.626942 1 1 1.000000
0  -40.699699 -15.277876 4.789822  -0.997170 0.012807 -0.074081  0.888699 0.590808 1 1 1.000000
0  -40.589588 -15.415513 3.303327  -0.985027 0.012157 -0.171973  0.897488 0.590808 1 1 1.000000
skin_0dam
0  -40.589588 -15.415513 3.303327  -0.985027 0.012157 -0.171973  0.897488 0.590808 1 1 1.000000
0  -40.575821 -24.472126 3.124397  -0.981822 0.004305 -0.189753  0.898465 0.626942 1 1 1.000000
0  -40.699696 -24.389544 4.294323  -0.995912 0.004703 -0.090205  0.891629 0.626942 1 1 1.000000
skin_0dam
0  -40.740986 -33.088295 4.005283  -0.992158 0.007711 -0.124754  0.893582 0.661122 1 1 1.000000
0  -40.699696 -24.389544 4.294323  -0.995912 0.004703 -0.090205  0.891629 0.626942 1 1 1.000000
0  -40.575821 -24.472126 3.124397  -0.981822 0.004305 -0.189753  0.898465 0.626942 1 1 1.000000
skin_0dam
0  -40.575821 -24.472126 3.124397  -0.981822 0.004305 -0.189753  0.898465 0.626942 1 1 1.000000
0  -40.575821 -33.033241 2.959231  -0.977543 0.004148 -0.210693  0.899442 0.660146 1 1 1.000000
0  -40.740986 -33.088295 4.005283  -0.992158 0.007711 -0.124754  0.893582 0.661122 1 1 1.000000
skin_0dam
0  -40.740986 -33.088295 4.005283  -0.992158 0.007711 -0.124754  0.893582 0.661122 1 1 1.000000
0  -40.740986 -33.253464 3.991519  -0.971292 -0.198445 -0.131188  0.893582 0.661122 1 1 1.000000
0  -41.305305 -33.432392 9.648461  -0.982895 -0.170566 -0.069460  0.859401 0.662099 1 1 1.000000
skin_0dam
0  -40.740986 -33.253464 3.991519  -0.971292 -0.198445 -0.131188  0.893582 0.661122 1 1 1.000000
0  -40.740986 -33.088295 4.005283  -0.992158 0.007711 -0.124754  0.893582 0.661122 1 1 1.000000
0  -40.575821 -33.033241 2.959231  -0.977543 0.004148 -0.210693  0.899442 0.660146 1 1 1.000000
skin_0dam
0  -40.575821 -33.033241 2.959231  -0.977543 0.004148 -0.210693  0.899442 0.660146 1 1 1.000000
0  -40.575821 -33.225937 2.959231  -0.952911 -0.215610 -0.213245  0.899442 0.661122 1 1 1.000000
0  -40.740986 -33.253464 3.991519  -0.971292 -0.198445 -0.131188  0.893582 0.661122 1 1 1.000000
skin_0dam
0  -40.575821 -33.225937 2.959231  -0.952911 -0.215610 -0.213245  0.899442 0.661122 1 1 1.000000
0  -40.575821 -33.033241 2.959231  -0.977543 0.004148 -0.210693  0.899442 0.660146 1 1 1.000000
0  -40.548294 -33.033241 2.835356  -0.811867 0.010634 -0.583745  0.900418 0.660146 1 1 1.000000
skin_0dam
0  -40.548294 -33.033241 2.835356  -0.811867 0.010634 -0.583745  0.900418 0.660146 1 1 1.000000
0  -40.575821 -33.033241 2.959231  -0.977543 0.004148 -0.210693  0.899442 0.660146 1 1 1.000000
0  -40.575821 -24.472126 3.124397  -0.981822 0.004305 -0.189753  0.898465 0.626942 1 1 1.000000
skin_0dam
0  -40.575821 -24.472126 3.124397  -0.981822 0.004305 -0.189753  0.898465 0.626942 1 1 1.000000
0  -40.548294 -24.458363 2.986758  -0.812490 0.010681 -0.582878  0.899442 0.626942 1 1 1.000000
0  -40.548294 -33.033241 2.835356  -0.811867 0.010634 -0.583745  0.900418 0.660146 1 1 1.000000
skin_0dam
0  -40.562061 -15.401750 3.179452  -0.813361 0.019537 -0.581431  0.898465 0.590808 1 1 1.000000
0  -40.548294 -24.458363 2.986758  -0.812490 0.010681 -0.582878  0.899442 0.626942 1 1 1.000000
0  -40.575821 -24.472126 3.124397  -0.981822 0.004305 -0.189753  0.898465 0.626942 1 1 1.000000
skin_0dam
0  -40.575821 -24.472126 3.124397  -0.981822 0.004305 -0.189753  0.898465 0.626942 1 1 1.000000
0  -40.589588 -15.415513 3.303327  -0.985027 0.012157 -0.171973  0.897488 0.590808 1 1 1.000000
0  -40.562061 -15.401750 3.179452  -0.813361 0.019537 -0.581431  0.898465 0.590808 1 1 1.000000
skin_0dam
0  -40.377937 -5.278391 3.413439  -0.810307 -0.011078 -0.585901  0.896512 0.550768 1 1 1.000000
0  -40.562061 -15.401750 3.179452  -0.813361 0.019537 -0.581431  0.898465 0.590808 1 1 1.000000
0  -40.589588 -15.415513 3.303327  -0.985027 0.012157 -0.171973  0.897488 0.590808 1 1 1.000000
skin_0dam
0  -40.589588 -15.415513 3.303327  -0.985027 0.012157 -0.171973  0.897488 0.590808 1 1 1.000000
0  -40.418060 -5.295252 3.537312  -0.987140 -0.022882 -0.158210  0.895535 0.550768 1 1 1.000000
0  -40.377937 -5.278391 3.413439  -0.810307 -0.011078 -0.585901  0.896512 0.550768 1 1 1.000000
skin_0dam
0  -41.142181 4.201764 3.619894  -0.811129 -0.049842 -0.582740  0.895535 0.513657 1 1 1.000000
0  -40.377937 -5.278391 3.413439  -0.810307 -0.011078 -0.585901  0.896512 0.550768 1 1 1.000000
0  -40.418060 -5.295252 3.537312  -0.987140 -0.022882 -0.158210  0.895535 0.550768 1 1 1.000000
skin_0dam
0  -40.548294 -33.033241 2.835356  -0.811867 0.010634 -0.583745  0.900418 0.660146 1 1 1.000000
0  -40.548294 -33.212173 2.835356  -0.801469 -0.197255 -0.564569  0.900418 0.661122 1 1 1.000000
0  -40.575821 -33.225937 2.959231  -0.952911 -0.215610 -0.213245  0.899442 0.661122 1 1 1.000000
skin_0dam
0  -39.901390 -24.279434 26.137552  -0.687516 -0.030335 0.725535  0.761742 0.625965 1 1 1.000000
0  -40.204197 -15.291639 26.385300  -0.703779 -0.038222 0.709390  0.760765 0.590808 1 1 1.000000
0  -40.438183 -24.375780 25.490650  -0.741789 -0.036280 0.669651  0.765648 0.625965 1 1 1.000000
skin_0dam
0  -40.438183 -24.375780 25.490650  -0.741789 -0.036280 0.669651  0.765648 0.625965 1 1 1.000000
0  -40.204197 -15.291639 26.385300  -0.703779 -0.038222 0.709390  0.760765 0.590808 1 1 1.000000
0  -40.314308 -15.305403 26.261427  -0.876714 -0.013386 0.480826  0.761742 0.590808 1 1 1.000000
skin_0dam
0  -40.314308 -15.305403 26.261427  -0.876714 -0.013386 0.480826  0.761742 0.590808 1 1 1.000000
0  -40.575821 -24.389544 25.353014  -0.872294 -0.022558 0.488462  0.766625 0.625965 1 1 1.000000
0  -40.438183 -24.375780 25.490650  -0.741789 -0.036280 0.669651  0.765648 0.625965 1 1 1.000000
skin_0dam
0  -40.575821 -24.389544 25.353014  -0.872294 -0.022558 0.488462  0.766625 0.625965 1 1 1.000000
0  -40.314308 -15.305403 26.261427  -0.876714 -0.013386 0.480826  0.761742 0.590808 1 1 1.000000
0  -40.355602 -15.332932 26.110023  -0.966221 0.009039 0.257557  0.762719 0.590808 1 1 1.000000
skin_0dam
0  -40.355602 -15.332932 26.110023  -0.966221 0.009039 0.257557  0.762719 0.590808 1 1 1.000000
0  -40.617111 -24.389544 25.174084  -0.979498 0.005831 0.201370  0.767602 0.625965 1 1 1.000000
0  -40.575821 -24.389544 25.353014  -0.872294 -0.022558 0.488462  0.766625 0.625965 1 1 1.000000
skin_0dam
0  -40.617111 -24.389544 25.174084  -0.979498 0.005831 0.201370  0.767602 0.625965 1 1 1.000000
0  -40.355602 -15.332932 26.110023  -0.966221 0.009039 0.257557  0.762719 0.590808 1 1 1.000000
0  -40.727222 -15.443042 24.210613  -0.985391 0.011201 0.169938  0.773461 0.590808 1 1 1.000000
skin_0dam
0  -40.727222 -15.443042 24.210613  -0.985391 0.011201 0.169938  0.773461 0.590808 1 1 1.000000
0  -40.906155 -24.389544 23.288435  -0.991142 0.007049 0.132618  0.779321 0.625965 1 1 1.000000
0  -40.617111 -24.389544 25.174084  -0.979498 0.005831 0.201370  0.767602 0.625965 1 1 1.000000
skin_0dam
0  -40.906155 -24.389544 23.288435  -0.991142 0.007049 0.132618  0.779321 0.625965 1 1 1.000000
0  -40.727222 -15.443042 24.210613  -0.985391 0.011201 0.169938  0.773461 0.590808 1 1 1.000000
0  -41.126377 -15.443042 21.595482  -0.994936 0.009583 0.100053  0.789087 0.590808 1 1 1.000000
skin_0dam
0  -41.126377 -15.443042 21.595482  -0.994936 0.009583 0.100053  0.789087 0.590808 1 1 1.000000
0  -41.208958 -24.389544 20.659540  -0.997258 0.005726 0.073778  0.794946 0.625965 1 1 1.000000
0  -40.906155 -24.389544 23.288435  -0.991142 0.007049 0.132618  0.779321 0.625965 1 1 1.000000
skin_0dam
0  -41.208958 -24.389544 20.659540  -0.997258 0.005726 0.073778  0.794946 0.625965 1 1 1.000000
0  -41.126377 -15.443042 21.595482  -0.994936 0.009583 0.100053  0.789087 0.590808 1 1 1.000000
0  -41.401653 -15.443042 16.172527  -0.999909 0.011041 0.007738  0.821314 0.590808 1 1 1.000000
skin_0dam
0  -41.401653 -15.443042 16.172527  -0.999909 0.011041 0.007738  0.821314 0.590808 1 1 1.000000
0  -41.374126 -24.389544 15.498096  -0.999981 0.005506 -0.002820  0.825221 0.625965 1 1 1.000000
0  -41.208958 -24.389544 20.659540  -0.997258 0.005726 0.073778  0.794946 0.625965 1 1 1.000000
skin_0dam
0  -41.374126 -24.389544 15.498096  -0.999981 0.005506 -0.002820  0.825221 0.625965 1 1 1.000000
0  -41.401653 -15.443042 16.172527  -0.999909 0.011041 0.007738  0.821314 0.590808 1 1 1.000000
0  -41.222721 -15.305403 10.474292  -0.997811 0.014637 -0.064484  0.854518 0.590808 1 1 1.000000
skin_0dam
0  -41.222721 -15.305403 10.474292  -0.997811 0.014637 -0.064484  0.854518 0.590808 1 1 1.000000
0  -41.167667 -24.389544 9.965029  -0.998141 0.008558 -0.060341  0.858425 0.625965 1 1 1.000000
0  -41.374126 -24.389544 15.498096  -0.999981 0.005506 -0.002820  0.825221 0.625965 1 1 1.000000
skin_0dam
0  -41.167667 -24.389544 9.965029  -0.998141 0.008558 -0.060341  0.858425 0.625965 1 1 1.000000
0  -41.222721 -15.305403 10.474292  -0.997811 0.014637 -0.064484  0.854518 0.590808 1 1 1.000000
0  -40.713463 -15.264110 5.051335  -0.997864 0.018919 -0.062527  0.886746 0.590808 1 1 1.000000
skin_0dam
0  -40.713463 -15.264110 5.051335  -0.997864 0.018919 -0.062527  0.886746 0.590808 1 1 1.000000
0  -40.727222 -24.389544 4.555837  -0.996053 0.008608 -0.088342  0.889676 0.625965 1 1 1.000000
0  -41.167667 -24.389544 9.965029  -0.998141 0.008558 -0.060341  0.858425 0.625965 1 1 1.000000
skin_0dam
0  -40.713459 -24.389544 4.431962  -0.996614 0.006044 -0.082002  0.890652 0.625965 1 1 1.000000
0  -40.727222 -24.389544 4.555837  -0.996053 0.008608 -0.088342  0.889676 0.625965 1 1 1.000000
0  -40.713463 -15.264110 5.051335  -0.997864 0.018919 -0.062527  0.886746 0.590808 1 1 1.000000
skin_0dam
0  -40.713463 -15.264110 5.051335  -0.997864 0.018919 -0.062527  0.886746 0.590808 1 1 1.000000
0  -40.713463 -15.264110 4.913697  -0.998476 0.016113 -0.052783  0.887722 0.590808 1 1 1.000000
0  -40.713459 -24.389544 4.431962  -0.996614 0.006044 -0.082002  0.890652 0.625965 1 1 1.000000
skin_0dam
0  -40.713463 -15.264110 4.913697  -0.998476 0.016113 -0.052783  0.887722 0.590808 1 1 1.000000
0  -40.713463 -15.264110 5.051335  -0.997864 0.018919 -0.062527  0.886746 0.590808 1 1 1.000000
0  -40.385262 -5.182322 5.670710  -0.994745 0.005473 -0.102242  0.883816 0.550768 1 1 1.000000
skin_0dam
0  -40.749294 4.480189 6.592886  -0.992573 -0.005229 -0.121538  0.877957 0.512680 1 1 1.000000
0  -40.385262 -5.182322 5.670710  -0.994745 0.005473 -0.102242  0.883816 0.550768 1 1 1.000000
0  -40.975395 -5.227318 11.313887  -0.997430 -0.003991 -0.071536  0.849635 0.550768 1 1 1.000000
skin_0dam
0  -40.385262 -5.182322 5.670710  -0.994745 0.005473 -0.102242  0.883816 0.550768 1 1 1.000000
0  -40.713463 -15.264110 5.051335  -0.997864 0.018919 -0.062527  0.886746 0.590808 1 1 1.000000
0  -41.222721 -15.305403 10.474292  -0.997811 0.014637 -0.064484  0.854518 0.590808 1 1 1.000000
skin_0dam
0  -41.222721 -15.305403 10.474292  -0.997811 0.014637 -0.064484  0.854518 0.590808 1 1 1.000000
0  -40.975395 -5.227318 11.313887  -0.997430 -0.003991 -0.071536  0.849635 0.550768 1 1 1.000000
0  -40.385262 -5.182322 5.670710  -0.994745 0.005473 -0.102242  0.883816 0.550768 1 1 1.000000
skin_0dam
0  -40.975395 -5.227318 11.313887  -0.997430 -0.003991 -0.071536  0.849635 0.550768 1 1 1.000000
0  -41.222721 -15.305403 10.474292  -0.997811 0.014637 -0.064484  0.854518 0.590808 1 1 1.000000
0  -41.401653 -15.443042 16.172527  -0.999909 0.011041 0.007738  0.821314 0.590808 1 1 1.000000
skin_0dam
0  -41.401653 -15.443042 16.172527  -0.999909 0.011041 0.007738  0.821314 0.590808 1 1 1.000000
0  -41.181255 -5.243015 16.943302  -0.999855 -0.014669 0.008642  0.816431 0.550768 1 1 1.000000
0  -40.975395 -5.227318 11.313887  -0.997430 -0.003991 -0.071536  0.849635 0.550768 1 1 1.000000
skin_0dam
0  -41.433407 4.400420 12.153481  -0.995988 -0.020767 -0.087045  0.844752 0.512680 1 1 1.000000
0  -40.975395 -5.227318 11.313887  -0.997430 -0.003991 -0.071536  0.849635 0.550768 1 1 1.000000
0  -41.181255 -5.243015 16.943302  -0.999855 -0.014669 0.008642  0.816431 0.550768 1 1 1.000000
skin_0dam
0  -40.975395 -5.227318 11.313887  -0.997430 -0.003991 -0.071536  0.849635 0.550768 1 1 1.000000
0  -41.433407 4.400420 12.153481  -0.995988 -0.020767 -0.087045  0.844752 0.512680 1 1 1.000000
0  -40.749294 4.480189 6.592886  -0.992573 -0.005229 -0.121538  0.877957 0.512680 1 1 1.000000
skin_0dam
0  -40.719643 14.048483 7.707758  -0.987057 0.015551 -0.159613  0.871120 0.474593 1 1 1.000000
0  -40.749294 4.480189 6.592886  -0.992573 -0.005229 -0.121538  0.877957 0.512680 1 1 1.000000
0  -41.433407 4.400420 12.153481  -0.995988 -0.020767 -0.087045  0.844752 0.512680 1 1 1.000000
skin_0dam
0  -41.433407 4.400420 12.153481  -0.995988 -0.020767 -0.087045  0.844752 0.512680 1 1 1.000000
0  -41.593994 15.196551 13.116951  -0.993497 -0.007860 -0.113588  0.838893 0.469710 1 1 1.000000
0  -40.719643 14.048483 7.707758  -0.987057 0.015551 -0.159613  0.871120 0.474593 1 1 1.000000
skin_0dam
0  -41.593994 15.196551 13.116951  -0.993497 -0.007860 -0.113588  0.838893 0.469710 1 1 1.000000
0  -41.638710 17.774450 13.364700  -0.993758 -0.003546 -0.111497  0.837916 0.459944 1 1 1.000000
0  -40.719643 14.048483 7.707758  -0.987057 0.015551 -0.159613  0.871120 0.474593 1 1 1.000000
skin_0dam
0  -41.638710 17.774450 13.364700  -0.993758 -0.003546 -0.111497  0.837916 0.459944 1 1 1.000000
0  -41.593994 15.196551 13.116951  -0.993497 -0.007860 -0.113588  0.838893 0.469710 1 1 1.000000
0  -41.979073 15.539891 18.443562  -0.999683 -0.013892 -0.020990  0.807642 0.468734 1 1 1.000000
skin_0dam
0  -41.692070 4.353090 17.645258  -0.999284 -0.037810 0.001224  0.812525 0.512680 1 1 1.000000
0  -41.979073 15.539891 18.443562  -0.999683 -0.013892 -0.020990  0.807642 0.468734 1 1 1.000000
0  -41.593994 15.196551 13.116951  -0.993497 -0.007860 -0.113588  0.838893 0.469710 1 1 1.000000
skin_0dam
0  -41.593994 15.196551 13.116951  -0.993497 -0.007860 -0.113588  0.838893 0.469710 1 1 1.000000
0  -41.433407 4.400420 12.153481  -0.995988 -0.020767 -0.087045  0.844752 0.512680 1 1 1.000000
0  -41.692070 4.353090 17.645258  -0.999284 -0.037810 0.001224  0.812525 0.512680 1 1 1.000000
skin_0dam
0  -41.181255 -5.243015 16.943302  -0.999855 -0.014669 0.008642  0.816431 0.550768 1 1 1.000000
0  -41.692070 4.353090 17.645258  -0.999284 -0.037810 0.001224  0.812525 0.512680 1 1 1.000000
0  -41.433407 4.400420 12.153481  -0.995988 -0.020767 -0.087045  0.844752 0.512680 1 1 1.000000
skin_0dam
0  -41.181255 -5.243015 16.943302  -0.999855 -0.014669 0.008642  0.816431 0.550768 1 1 1.000000
0  -41.401653 -15.443042 16.172527  -0.999909 0.011041 0.007738  0.821314 0.590808 1 1 1.000000
0  -41.126377 -15.443042 21.595482  -0.994936 0.009583 0.100053  0.789087 0.590808 1 1 1.000000
skin_0dam
0  -41.126377 -15.443042 21.595482  -0.994936 0.009583 0.100053  0.789087 0.590808 1 1 1.000000
0  -40.868736 -5.177776 22.490133  -0.998182 -0.020375 0.056730  0.784204 0.549791 1 1 1.000000
0  -41.181255 -5.243015 16.943302  -0.999855 -0.014669 0.008642  0.816431 0.550768 1 1 1.000000
skin_0dam
0  -41.692070 4.353090 17.645258  -0.999284 -0.037810 0.001224  0.812525 0.512680 1 1 1.000000
0  -41.181255 -5.243015 16.943302  -0.999855 -0.014669 0.008642  0.816431 0.550768 1 1 1.000000
0  -40.868736 -5.177776 22.490133  -0.998182 -0.020375 0.056730  0.784204 0.549791 1 1 1.000000
skin_0dam
0  -40.868736 -5.177776 22.490133  -0.998182 -0.020375 0.056730  0.784204 0.549791 1 1 1.000000
0  -41.415497 4.346570 22.903048  -0.997790 -0.045690 0.048249  0.781274 0.512680 1 1 1.000000
0  -41.692070 4.353090 17.645258  -0.999284 -0.037810 0.001224  0.812525 0.512680 1 1 1.000000
skin_0dam
0  -41.979073 15.539891 18.443562  -0.999683 -0.013892 -0.020990  0.807642 0.468734 1 1 1.000000
0  -41.692070 4.353090 17.645258  -0.999284 -0.037810 0.001224  0.812525 0.512680 1 1 1.000000
0  -41.415497 4.346570 22.903048  -0.997790 -0.045690 0.048249  0.781274 0.512680 1 1 1.000000
skin_0dam
0  -41.415497 4.346570 22.903048  -0.997790 -0.045690 0.048249  0.781274 0.512680 1 1 1.000000
0  -41.870331 15.561988 23.467365  -0.999578 -0.023398 0.017244  0.778344 0.468734 1 1 1.000000
0  -41.979073 15.539891 18.443562  -0.999683 -0.013892 -0.020990  0.807642 0.468734 1 1 1.000000
skin_0dam
0  -41.964870 20.965868 18.815186  -0.999551 0.001670 -0.029923  0.805689 0.447249 1 1 1.000000
0  -41.979073 15.539891 18.443562  -0.999683 -0.013892 -0.020990  0.807642 0.468734 1 1 1.000000
0  -41.870331 15.561988 23.467365  -0.999578 -0.023398 0.017244  0.778344 0.468734 1 1 1.000000
skin_0dam
0  -41.979073 15.539891 18.443562  -0.999683 -0.013892 -0.020990  0.807642 0.468734 1 1 1.000000
0  -41.964870 20.965868 18.815186  -0.999551 0.001670 -0.029923  0.805689 0.447249 1 1 1.000000
0  -41.638710 17.774450 13.364700  -0.993758 -0.003546 -0.111497  0.837916 0.459944 1 1 1.000000
skin_0dam
0  -41.641731 17.995079 13.378464  -0.964879 0.159323 -0.208864  0.837916 0.458968 1 1 1.000000
0  -41.638710 17.774450 13.364700  -0.993758 -0.003546 -0.111497  0.837916 0.459944 1 1 1.000000
0  -41.964870 20.965868 18.815186  -0.999551 0.001670 -0.029923  0.805689 0.447249 1 1 1.000000
skin_0dam
0  -40.719643 14.048483 7.707758  -0.987057 0.015551 -0.159613  0.871120 0.474593 1 1 1.000000
0  -41.638710 17.774450 13.364700  -0.993758 -0.003546 -0.111497  0.837916 0.459944 1 1 1.000000
0  -41.641731 17.995079 13.378464  -0.964879 0.159323 -0.208864  0.837916 0.458968 1 1 1.000000
skin_0dam
0  -41.641731 17.995079 13.378464  -0.964879 0.159323 -0.208864  0.837916 0.458968 1 1 1.000000
0  -40.718475 14.214218 7.721521  -0.957137 0.186210 -0.221845  0.871120 0.474593 1 1 1.000000
0  -40.719643 14.048483 7.707758  -0.987057 0.015551 -0.159613  0.871120 0.474593 1 1 1.000000
skin_0dam
0  -40.719643 14.048483 7.707758  -0.987057 0.015551 -0.159613  0.871120 0.474593 1 1 1.000000
0  -40.718475 14.214218 7.721521  -0.957137 0.186210 -0.221845  0.871120 0.474593 1 1 1.000000
0  -40.702660 14.187816 7.583883  -0.959717 0.190321 0.206688  0.872097 0.474593 1 1 1.000000
skin_0dam
0  -40.702660 14.187816 7.583883  -0.959717 0.190321 0.206688  0.872097 0.474593 1 1 1.000000
0  -40.701733 13.994632 7.570120  -0.949168 -0.034044 0.312923  0.872097 0.475570 1 1 1.000000
0  -40.719643 14.048483 7.707758  -0.987057 0.015551 -0.159613  0.871120 0.474593 1 1 1.000000
skin_0dam
0  -40.701733 13.994632 7.570120  -0.949168 -0.034044 0.312923  0.872097 0.475570 1 1 1.000000
0  -40.702660 14.187816 7.583883  -0.959717 0.190321 0.206688  0.872097 0.474593 1 1 1.000000
0  -40.791405 14.084421 7.473773  -0.772732 0.089027 0.628458  0.873074 0.474593 1 1 1.000000
skin_0dam
0  -40.791405 14.084421 7.473773  -0.772732 0.089027 0.628458  0.873074 0.474593 1 1 1.000000
0  -40.789429 13.877516 7.460009  -0.708999 -0.081414 0.700494  0.873074 0.475570 1 1 1.000000
0  -40.701733 13.994632 7.570120  -0.949168 -0.034044 0.312923  0.872097 0.475570 1 1 1.000000
skin_0dam
0  -40.789429 13.877516 7.460009  -0.708999 -0.081414 0.700494  0.873074 0.475570 1 1 1.000000
0  -40.791405 14.084421 7.473773  -0.772732 0.089027 0.628458  0.873074 0.474593 1 1 1.000000
0  -41.819210 13.081201 6.276318  -0.822092 -0.001115 0.569353  0.879910 0.478500 1 1 1.000000
skin_0dam
0  -41.819210 13.081201 6.276318  -0.822092 -0.001115 0.569353  0.879910 0.478500 1 1 1.000000
0  -41.801422 12.847893 6.276318  -0.770276 -0.085733 0.631921  0.879910 0.479476 1 1 1.000000
0  -40.789429 13.877516 7.460009  -0.708999 -0.081414 0.700494  0.873074 0.475570 1 1 1.000000
skin_0dam
0  -41.801422 12.847893 6.276318  -0.770276 -0.085733 0.631921  0.879910 0.479476 1 1 1.000000
0  -41.819210 13.081201 6.276318  -0.822092 -0.001115 0.569353  0.879910 0.478500 1 1 1.000000
0  -41.905861 12.950359 6.138680  -0.976901 0.057975 0.205677  0.880886 0.478500 1 1 1.000000
skin_0dam
0  -41.964870 20.965868 18.815186  -0.999551 0.001670 -0.029923  0.805689 0.447249 1 1 1.000000
0  -41.965797 21.159050 18.828949  -0.976473 0.173300 -0.128322  0.805689 0.446272 1 1 1.000000
0  -41.641731 17.995079 13.378464  -0.964879 0.159323 -0.208864  0.837916 0.458968 1 1 1.000000
skin_0dam
0  -41.965797 21.159050 18.828949  -0.976473 0.173300 -0.128322  0.805689 0.446272 1 1 1.000000
0  -41.964870 20.965868 18.815186  -0.999551 0.001670 -0.029923  0.805689 0.447249 1 1 1.000000
0  -41.989460 23.641928 23.825228  -0.999905 -0.013481 0.002778  0.775414 0.436506 1 1 1.000000
skin_0dam
0  -41.870331 15.561988 23.467365  -0.999578 -0.023398 0.017244  0.778344 0.468734 1 1 1.000000
0  -41.989460 23.641928 23.825228  -0.999905 -0.013481 0.002778  0.775414 0.436506 1 1 1.000000
0  -41.964870 20.965868 18.815186  -0.999551 0.001670 -0.029923  0.805689 0.447249 1 1 1.000000
skin_0dam
0  -41.989460 23.641928 23.825228  -0.999905 -0.013481 0.002778  0.775414 0.436506 1 1 1.000000
0  -41.989342 23.821386 23.838991  -0.967265 0.222211 -0.122554  0.775414 0.436506 1 1 1.000000
0  -41.965797 21.159050 18.828949  -0.976473 0.173300 -0.128322  0.805689 0.446272 1 1 1.000000
skin_0dam
0  -40.385262 -5.182322 5.670710  -0.994745 0.005473 -0.102242  0.883816 0.550768 1 1 1.000000
0  -40.371536 -5.181276 5.533070  -0.966319 -0.021465 0.256450  0.883816 0.550768 1 1 1.000000
0  -40.713463 -15.264110 4.913697  -0.998476 0.016113 -0.052783  0.887722 0.590808 1 1 1.000000
skin_0dam
0  -40.371536 -5.181276 5.533070  -0.966319 -0.021465 0.256450  0.883816 0.550768 1 1 1.000000
0  -40.385262 -5.182322 5.670710  -0.994745 0.005473 -0.102242  0.883816 0.550768 1 1 1.000000
0  -40.749294 4.480189 6.592886  -0.992573 -0.005229 -0.121538  0.877957 0.512680 1 1 1.000000
skin_0dam
0  -40.749294 4.480189 6.592886  -0.992573 -0.005229 -0.121538  0.877957 0.512680 1 1 1.000000
0  -40.735573 4.481236 6.455248  -0.971581 -0.041651 0.233014  0.878933 0.512680 1 1 1.000000
0  -40.371536 -5.181276 5.533070  -0.966319 -0.021465 0.256450  0.883816 0.550768 1 1 1.000000
skin_0dam
0  -40.735573 4.481236 6.455248  -0.971581 -0.041651 0.233014  0.878933 0.512680 1 1 1.000000
0  -40.749294 4.480189 6.592886  -0.992573 -0.005229 -0.121538  0.877957 0.512680 1 1 1.000000
0  -40.719643 14.048483 7.707758  -0.987057 0.015551 -0.159613  0.871120 0.474593 1 1 1.000000
skin_0dam
0  -40.719643 14.048483 7.707758  -0.987057 0.015551 -0.159613  0.871120 0.474593 1 1 1.000000
0  -40.701733 13.994632 7.570120  -0.949168 -0.034044 0.312923  0.872097 0.475570 1 1 1.000000
0  -40.735573 4.481236 6.455248  -0.971581 -0.041651 0.233014  0.878933 0.512680 1 1 1.000000
skin_0dam
0  -40.735573 4.481236 6.455248  -0.971581 -0.041651 0.233014  0.878933 0.512680 1 1 1.000000
0  -40.701733 13.994632 7.570120  -0.949168 -0.034044 0.312923  0.872097 0.475570 1 1 1.000000
0  -40.789429 13.877516 7.460009  -0.708999 -0.081414 0.700494  0.873074 0.475570 1 1 1.000000
skin_0dam
0  -40.789429 13.877516 7.460009  -0.708999 -0.081414 0.700494  0.873074 0.475570 1 1 1.000000
0  -40.805241 4.489727 6.345137  -0.799765 -0.080147 0.594938  0.878933 0.512680 1 1 1.000000
0  -40.735573 4.481236 6.455248  -0.971581 -0.041651 0.233014  0.878933 0.512680 1 1 1.000000
skin_0dam
0  -40.805241 4.489727 6.345137  -0.799765 -0.080147 0.594938  0.878933 0.512680 1 1 1.000000
0  -40.789429 13.877516 7.460009  -0.708999 -0.081414 0.700494  0.873074 0.475570 1 1 1.000000
0  -41.801422 12.847893 6.276318  -0.770276 -0.085733 0.631921  0.879910 0.479476 1 1 1.000000
skin_0dam
0  -41.801422 12.847893 6.276318  -0.770276 -0.085733 0.631921  0.879910 0.479476 1 1 1.000000
0  -41.173813 4.254567 5.863401  -0.816808 -0.087867 0.570179  0.881863 0.513657 1 1 1.000000
0  -40.805241 4.489727 6.345137  -0.799765 -0.080147 0.594938  0.878933 0.512680 1 1 1.000000
skin_0dam
0  -41.173813 4.254567 5.863401  -0.816808 -0.087867 0.570179  0.881863 0.513657 1 1 1.000000
0  -41.801422 12.847893 6.276318  -0.770276 -0.085733 0.631921  0.879910 0.479476 1 1 1.000000
0  -41.889118 12.730776 6.124915  -0.945853 -0.097930 0.309469  0.880886 0.479476 1 1 1.000000
skin_0dam
0  -41.889118 12.730776 6.124915  -0.945853 -0.097930 0.309469  0.880886 0.479476 1 1 1.000000
0  -41.251972 4.193393 5.712000  -0.966075 -0.085204 0.243804  0.882839 0.513657 1 1 1.000000
0  -41.173813 4.254567 5.863401  -0.816808 -0.087867 0.570179  0.881863 0.513657 1 1 1.000000
skin_0dam
0  -41.251972 4.193393 5.712000  -0.966075 -0.085204 0.243804  0.882839 0.513657 1 1 1.000000
0  -41.889118 12.730776 6.124915  -0.945853 -0.097930 0.309469  0.880886 0.479476 1 1 1.000000
0  -41.879700 12.607259 5.959750  -0.994099 -0.108269 -0.006715  0.881863 0.480453 1 1 1.000000
skin_0dam
0  -41.879700 12.607259 5.959750  -0.994099 -0.108269 -0.006715  0.881863 0.480453 1 1 1.000000
0  -41.238247 4.194439 5.588126  -0.996401 -0.075450 -0.038642  0.883816 0.513657 1 1 1.000000
0  -41.251972 4.193393 5.712000  -0.966075 -0.085204 0.243804  0.882839 0.513657 1 1 1.000000
skin_0dam
0  -41.238247 4.194439 5.588126  -0.996401 -0.075450 -0.038642  0.883816 0.513657 1 1 1.000000
0  -41.879700 12.607259 5.959750  -0.994099 -0.108269 -0.006715  0.881863 0.480453 1 1 1.000000
0  -41.717022 11.197871 3.922701  -0.986192 -0.072482 -0.148899  0.893582 0.485336 1 1 1.000000
skin_0dam
0  -41.717022 11.197871 3.922701  -0.986192 -0.072482 -0.148899  0.893582 0.485336 1 1 1.000000
0  -41.169628 4.199671 3.757534  -0.985307 -0.073140 -0.154337  0.894559 0.513657 1 1 1.000000
0  -41.238247 4.194439 5.588126  -0.996401 -0.075450 -0.038642  0.883816 0.513657 1 1 1.000000
skin_0dam
0  -40.494007 -5.204416 5.188972  -0.998352 -0.026085 -0.051122  0.885769 0.550768 1 1 1.000000
0  -41.238247 4.194439 5.588126  -0.996401 -0.075450 -0.038642  0.883816 0.513657 1 1 1.000000
0  -41.169628 4.199671 3.757534  -0.985307 -0.073140 -0.154337  0.894559 0.513657 1 1 1.000000
skin_0dam
0  -41.238247 4.194439 5.588126  -0.996401 -0.075450 -0.038642  0.883816 0.513657 1 1 1.000000
0  -40.494007 -5.204416 5.188972  -0.998352 -0.026085 -0.051122  0.885769 0.550768 1 1 1.000000
0  -40.508778 -5.191740 5.312848  -0.977304 -0.037847 0.208433  0.885769 0.550768 1 1 1.000000
skin_0dam
0  -40.713463 -15.264110 4.913697  -0.998476 0.016113 -0.052783  0.887722 0.590808 1 1 1.000000
0  -40.508778 -5.191740 5.312848  -0.977304 -0.037847 0.208433  0.885769 0.550768 1 1 1.000000
0  -40.494007 -5.204416 5.188972  -0.998352 -0.026085 -0.051122  0.885769 0.550768 1 1 1.000000
skin_0dam
0  -40.508778 -5.191740 5.312848  -0.977304 -0.037847 0.208433  0.885769 0.550768 1 1 1.000000
0  -40.713463 -15.264110 4.913697  -0.998476 0.016113 -0.052783  0.887722 0.590808 1 1 1.000000
0  -40.426430 -5.185461 5.464251  -0.852970 -0.046264 0.519905  0.884793 0.550768 1 1 1.000000
skin_0dam
0  -40.713463 -15.264110 4.913697  -0.998476 0.016113 -0.052783  0.887722 0.590808 1 1 1.000000
0  -40.371536 -5.181276 5.533070  -0.966319 -0.021465 0.256450  0.883816 0.550768 1 1 1.000000
0  -40.426430 -5.185461 5.464251  -0.852970 -0.046264 0.519905  0.884793 0.550768 1 1 1.000000
skin_0dam
0  -40.426430 -5.185461 5.464251  -0.852970 -0.046264 0.519905  0.884793 0.550768 1 1 1.000000
0  -40.371536 -5.181276 5.533070  -0.966319 -0.021465 0.256450  0.883816 0.550768 1 1 1.000000
0  -40.735573 4.481236 6.455248  -0.971581 -0.041651 0.233014  0.878933 0.512680 1 1 1.000000
skin_0dam
0  -40.735573 4.481236 6.455248  -0.971581 -0.041651 0.233014  0.878933 0.512680 1 1 1.000000
0  -40.805241 4.489727 6.345137  -0.799765 -0.080147 0.594938  0.878933 0.512680 1 1 1.000000
0  -40.426430 -5.185461 5.464251  -0.852970 -0.046264 0.519905  0.884793 0.550768 1 1 1.000000
skin_0dam
0  -40.805241 4.489727 6.345137  -0.799765 -0.080147 0.594938  0.878933 0.512680 1 1 1.000000
0  -41.173813 4.254567 5.863401  -0.816808 -0.087867 0.570179  0.881863 0.513657 1 1 1.000000
0  -40.426430 -5.185461 5.464251  -0.852970 -0.046264 0.519905  0.884793 0.550768 1 1 1.000000
skin_0dam
0  -40.508778 -5.191740 5.312848  -0.977304 -0.037847 0.208433  0.885769 0.550768 1 1 1.000000
0  -40.426430 -5.185461 5.464251  -0.852970 -0.046264 0.519905  0.884793 0.550768 1 1 1.000000
0  -41.173813 4.254567 5.863401  -0.816808 -0.087867 0.570179  0.881863 0.513657 1 1 1.000000
skin_0dam
0  -41.173813 4.254567 5.863401  -0.816808 -0.087867 0.570179  0.881863 0.513657 1 1 1.000000
0  -41.251972 4.193393 5.712000  -0.966075 -0.085204 0.243804  0.882839 0.513657 1 1 1.000000
0  -40.508778 -5.191740 5.312848  -0.977304 -0.037847 0.208433  0.885769 0.550768 1 1 1.000000
skin_0dam
0  -40.508778 -5.191740 5.312848  -0.977304 -0.037847 0.208433  0.885769 0.550768 1 1 1.000000
0  -41.251972 4.193393 5.712000  -0.966075 -0.085204 0.243804  0.882839 0.513657 1 1 1.000000
0  -41.238247 4.194439 5.588126  -0.996401 -0.075450 -0.038642  0.883816 0.513657 1 1 1.000000
skin_0dam
0  -39.863747 -5.142557 27.128550  -0.953713 -0.032658 0.298939  0.755882 0.550768 1 1 1.000000
0  -39.808846 -5.138372 27.279953  -0.816168 -0.058170 0.574880  0.755882 0.550768 1 1 1.000000
0  -40.301754 4.403882 28.270948  -0.795262 -0.103920 0.597293  0.750023 0.512680 1 1 1.000000
skin_0dam
0  -40.301754 4.403882 28.270948  -0.795262 -0.103920 0.597293  0.750023 0.512680 1 1 1.000000
0  -40.342930 4.400743 28.119545  -0.956547 -0.081686 0.279901  0.750023 0.512680 1 1 1.000000
0  -39.863747 -5.142557 27.128550  -0.953713 -0.032658 0.298939  0.755882 0.550768 1 1 1.000000
skin_0dam
0  -40.888962 15.001838 29.399586  -0.787716 -0.109631 0.606205  0.743187 0.470687 1 1 1.000000
0  -40.932228 15.026149 29.275709  -0.942741 -0.088931 0.321452  0.743187 0.470687 1 1 1.000000
0  -40.342930 4.400743 28.119545  -0.956547 -0.081686 0.279901  0.750023 0.512680 1 1 1.000000
skin_0dam
0  -40.342930 4.400743 28.119545  -0.956547 -0.081686 0.279901  0.750023 0.512680 1 1 1.000000
0  -40.301754 4.403882 28.270948  -0.795262 -0.103920 0.597293  0.750023 0.512680 1 1 1.000000
0  -40.888962 15.001838 29.399586  -0.787716 -0.109631 0.606205  0.743187 0.470687 1 1 1.000000
skin_0dam
0  -40.888962 15.001838 29.399586  -0.787716 -0.109631 0.606205  0.743187 0.470687 1 1 1.000000
0  -40.301754 4.403882 28.270948  -0.795262 -0.103920 0.597293  0.750023 0.512680 1 1 1.000000
0  -40.178242 4.413300 28.353533  -0.510834 -0.110020 0.852610  0.749046 0.512680 1 1 1.000000
skin_0dam
0  -39.685329 -5.128954 27.376299  -0.613284 -0.076590 0.786141  0.754906 0.550768 1 1 1.000000
0  -40.178242 4.413300 28.353533  -0.510834 -0.110020 0.852610  0.749046 0.512680 1 1 1.000000
0  -40.301754 4.403882 28.270948  -0.795262 -0.103920 0.597293  0.750023 0.512680 1 1 1.000000
skin_0dam
0  -40.301754 4.403882 28.270948  -0.795262 -0.103920 0.597293  0.750023 0.512680 1 1 1.000000
0  -39.808846 -5.138372 27.279953  -0.816168 -0.058170 0.574880  0.755882 0.550768 1 1 1.000000
0  -39.685329 -5.128954 27.376299  -0.613284 -0.076590 0.786141  0.754906 0.550768 1 1 1.000000
skin_0dam
0  -40.204197 -15.291639 26.385300  -0.703779 -0.038222 0.709390  0.760765 0.590808 1 1 1.000000
0  -39.685329 -5.128954 27.376299  -0.613284 -0.076590 0.786141  0.754906 0.550768 1 1 1.000000
0  -39.808846 -5.138372 27.279953  -0.816168 -0.058170 0.574880  0.755882 0.550768 1 1 1.000000
skin_0dam
0  -39.808846 -5.138372 27.279953  -0.816168 -0.058170 0.574880  0.755882 0.550768 1 1 1.000000
0  -40.314308 -15.305403 26.261427  -0.876714 -0.013386 0.480826  0.761742 0.590808 1 1 1.000000
0  -40.204197 -15.291639 26.385300  -0.703779 -0.038222 0.709390  0.760765 0.590808 1 1 1.000000
skin_0dam
0  -40.314308 -15.305403 26.261427  -0.876714 -0.013386 0.480826  0.761742 0.590808 1 1 1.000000
0  -39.808846 -5.138372 27.279953  -0.816168 -0.058170 0.574880  0.755882 0.550768 1 1 1.000000
0  -39.863747 -5.142557 27.128550  -0.953713 -0.032658 0.298939  0.755882 0.550768 1 1 1.000000
skin_0dam
0  -39.863747 -5.142557 27.128550  -0.953713 -0.032658 0.298939  0.755882 0.550768 1 1 1.000000
0  -40.355602 -15.332932 26.110023  -0.966221 0.009039 0.257557  0.762719 0.590808 1 1 1.000000
0  -40.314308 -15.305403 26.261427  -0.876714 -0.013386 0.480826  0.761742 0.590808 1 1 1.000000
skin_0dam
0  -40.344086 -5.179182 25.201611  -0.975900 -0.031309 0.215960  0.767602 0.550768 1 1 1.000000
0  -40.727222 -15.443042 24.210613  -0.985391 0.011201 0.169938  0.773461 0.590808 1 1 1.000000
0  -40.355602 -15.332932 26.110023  -0.966221 0.009039 0.257557  0.762719 0.590808 1 1 1.000000
skin_0dam
0  -40.355602 -15.332932 26.110023  -0.966221 0.009039 0.257557  0.762719 0.590808 1 1 1.000000
0  -39.863747 -5.142557 27.128550  -0.953713 -0.032658 0.298939  0.755882 0.550768 1 1 1.000000
0  -40.344086 -5.179182 25.201611  -0.975900 -0.031309 0.215960  0.767602 0.550768 1 1 1.000000
skin_0dam
0  -40.961555 4.367378 25.999912  -0.964669 -0.087354 0.248561  0.762719 0.512680 1 1 1.000000
0  -40.344086 -5.179182 25.201611  -0.975900 -0.031309 0.215960  0.767602 0.550768 1 1 1.000000
0  -39.863747 -5.142557 27.128550  -0.953713 -0.032658 0.298939  0.755882 0.550768 1 1 1.000000
skin_0dam
0  -39.863747 -5.142557 27.128550  -0.953713 -0.032658 0.298939  0.755882 0.550768 1 1 1.000000
0  -40.342930 4.400743 28.119545  -0.956547 -0.081686 0.279901  0.750023 0.512680 1 1 1.000000
0  -40.961555 4.367378 25.999912  -0.964669 -0.087354 0.248561  0.762719 0.512680 1 1 1.000000
skin_0dam
0  -41.756233 15.694921 27.004675  -0.953276 -0.092645 0.287543  0.756859 0.467757 1 1 1.000000
0  -40.961555 4.367378 25.999912  -0.964669 -0.087354 0.248561  0.762719 0.512680 1 1 1.000000
0  -40.342930 4.400743 28.119545  -0.956547 -0.081686 0.279901  0.750023 0.512680 1 1 1.000000
skin_0dam
0  -40.342930 4.400743 28.119545  -0.956547 -0.081686 0.279901  0.750023 0.512680 1 1 1.000000
0  -40.932228 15.026149 29.275709  -0.942741 -0.088931 0.321452  0.743187 0.470687 1 1 1.000000
0  -41.756233 15.694921 27.004675  -0.953276 -0.092645 0.287543  0.756859 0.467757 1 1 1.000000
skin_0dam
0  -42.303383 23.052040 27.679102  -0.949886 -0.096506 0.297326  0.752953 0.439436 1 1 1.000000
0  -41.756233 15.694921 27.004675  -0.953276 -0.092645 0.287543  0.756859 0.467757 1 1 1.000000
0  -40.932228 15.026149 29.275709  -0.942741 -0.088931 0.321452  0.743187 0.470687 1 1 1.000000
skin_0dam
0  -40.932228 15.026149 29.275709  -0.942741 -0.088931 0.321452  0.743187 0.470687 1 1 1.000000
0  -41.302376 21.872215 30.046484  -0.930903 -0.090114 0.353976  0.739280 0.444319 1 1 1.000000
0  -42.303383 23.052040 27.679102  -0.949886 -0.096506 0.297326  0.752953 0.439436 1 1 1.000000
skin_0dam
0  -41.243294 21.821507 30.170359  -0.735151 -0.114295 0.668199  0.738304 0.444319 1 1 1.000000
0  -41.302376 21.872215 30.046484  -0.930903 -0.090114 0.353976  0.739280 0.444319 1 1 1.000000
0  -40.932228 15.026149 29.275709  -0.942741 -0.088931 0.321452  0.743187 0.470687 1 1 1.000000
skin_0dam
0  -40.932228 15.026149 29.275709  -0.942741 -0.088931 0.321452  0.743187 0.470687 1 1 1.000000
0  -40.888962 15.001838 29.399586  -0.787716 -0.109631 0.606205  0.743187 0.470687 1 1 1.000000
0  -41.243294 21.821507 30.170359  -0.735151 -0.114295 0.668199  0.738304 0.444319 1 1 1.000000
skin_0dam
0  -41.243294 21.821507 30.170359  -0.735151 -0.114295 0.668199  0.738304 0.444319 1 1 1.000000
0  -40.888962 15.001838 29.399586  -0.787716 -0.109631 0.606205  0.743187 0.470687 1 1 1.000000
0  -40.744396 14.916234 29.482168  -0.481828 -0.116711 0.868459  0.742210 0.471664 1 1 1.000000
skin_0dam
0  -40.178242 4.413300 28.353533  -0.510834 -0.110020 0.852610  0.749046 0.512680 1 1 1.000000
0  -40.744396 14.916234 29.482168  -0.481828 -0.116711 0.868459  0.742210 0.471664 1 1 1.000000
0  -40.888962 15.001838 29.399586  -0.787716 -0.109631 0.606205  0.743187 0.470687 1 1 1.000000
skin_0dam
0  -40.744396 14.916234 29.482168  -0.481828 -0.116711 0.868459  0.742210 0.471664 1 1 1.000000
0  -40.178242 4.413300 28.353533  -0.510834 -0.110020 0.852610  0.749046 0.512680 1 1 1.000000
0  -37.981354 4.567002 29.592276  -0.424941 -0.094394 0.900286  0.742210 0.512680 1 1 1.000000
skin_0dam
0  -37.721752 -4.993040 28.766445  -0.504525 -0.067503 0.860754  0.747093 0.550768 1 1 1.000000
0  -37.981354 4.567002 29.592276  -0.424941 -0.094394 0.900286  0.742210 0.512680 1 1 1.000000
0  -40.178242 4.413300 28.353533  -0.510834 -0.110020 0.852610  0.749046 0.512680 1 1 1.000000
skin_0dam
0  -40.178242 4.413300 28.353533  -0.510834 -0.110020 0.852610  0.749046 0.512680 1 1 1.000000
0  -39.685329 -5.128954 27.376299  -0.613284 -0.076590 0.786141  0.754906 0.550768 1 1 1.000000
0  -37.721752 -4.993040 28.766445  -0.504525 -0.067503 0.860754  0.747093 0.550768 1 1 1.000000
skin_0dam
0  -38.291023 -15.181528 27.885563  -0.571728 -0.042522 0.819340  0.751976 0.589831 1 1 1.000000
0  -37.721752 -4.993040 28.766445  -0.504525 -0.067503 0.860754  0.747093 0.550768 1 1 1.000000
0  -39.685329 -5.128954 27.376299  -0.613284 -0.076590 0.786141  0.754906 0.550768 1 1 1.000000
skin_0dam
0  -39.685329 -5.128954 27.376299  -0.613284 -0.076590 0.786141  0.754906 0.550768 1 1 1.000000
0  -40.204197 -15.291639 26.385300  -0.703779 -0.038222 0.709390  0.760765 0.590808 1 1 1.000000
0  -38.291023 -15.181528 27.885563  -0.571728 -0.042522 0.819340  0.751976 0.589831 1 1 1.000000
skin_0dam
0  -39.901390 -24.279434 26.137552  -0.687516 -0.030335 0.725535  0.761742 0.625965 1 1 1.000000
0  -38.291023 -15.181528 27.885563  -0.571728 -0.042522 0.819340  0.751976 0.589831 1 1 1.000000
0  -40.204197 -15.291639 26.385300  -0.703779 -0.038222 0.709390  0.760765 0.590808 1 1 1.000000
skin_0dam
0  -40.744396 14.916234 29.482168  -0.481828 -0.116711 0.868459  0.742210 0.471664 1 1 1.000000
0  -41.098728 21.735901 30.225418  -0.419658 -0.122105 0.899432  0.738304 0.444319 1 1 1.000000
0  -41.243294 21.821507 30.170359  -0.735151 -0.114295 0.668199  0.738304 0.444319 1 1 1.000000
skin_0dam
0  -41.098728 21.735901 30.225418  -0.419658 -0.122105 0.899432  0.738304 0.444319 1 1 1.000000
0  -40.744396 14.916234 29.482168  -0.481828 -0.116711 0.868459  0.742210 0.471664 1 1 1.000000
0  -39.658192 21.127941 30.789732  -0.367345 -0.113398 0.923146  0.734397 0.447249 1 1 1.000000
skin_0dam
0  -37.981354 4.567002 29.592276  -0.424941 -0.094394 0.900286  0.742210 0.512680 1 1 1.000000
0  -38.055454 13.685664 30.541979  -0.353066 -0.100702 0.930163  0.736351 0.477523 1 1 1.000000
0  -40.744396 14.916234 29.482168  -0.481828 -0.116711 0.868459  0.742210 0.471664 1 1 1.000000
skin_0dam
0  -40.744396 14.916234 29.482168  -0.481828 -0.116711 0.868459  0.742210 0.471664 1 1 1.000000
0  -38.055454 13.685664 30.541979  -0.353066 -0.100702 0.930163  0.736351 0.477523 1 1 1.000000
0  -39.658192 21.127941 30.789732  -0.367345 -0.113398 0.923146  0.734397 0.447249 1 1 1.000000
skin_0dam
0  -38.055454 13.685664 30.541979  -0.353066 -0.100702 0.930163  0.736351 0.477523 1 1 1.000000
0  -37.530647 20.199661 31.422867  -0.280398 -0.095754 0.955096  0.730491 0.452132 1 1 1.000000
0  -39.658192 21.127941 30.789732  -0.367345 -0.113398 0.923146  0.734397 0.447249 1 1 1.000000
skin_0dam
0  -39.901390 -24.279434 26.137552  -0.687516 -0.030335 0.725535  0.761742 0.625965 1 1 1.000000
0  -39.763752 -31.890841 26.137552  -0.687011 0.004791 0.726631  0.761742 0.656240 1 1 1.000000
0  -39.626118 -31.780731 26.233900  -0.594582 0.005640 0.804015  0.761742 0.655263 1 1 1.000000
skin_0dam
0  -39.901390 -24.279434 26.137552  -0.687516 -0.030335 0.725535  0.761742 0.625965 1 1 1.000000
0  -39.626118 -31.780731 26.233900  -0.594582 0.005640 0.804015  0.761742 0.655263 1 1 1.000000
0  -38.346077 -30.899845 27.156076  -0.549282 -0.010388 0.835572  0.755882 0.652333 1 1 1.000000
skin_0dam
0  -38.346077 -30.899845 27.156076  -0.549282 -0.010388 0.835572  0.755882 0.652333 1 1 1.000000
0  -38.387371 -24.100504 27.307480  -0.587209 -0.038213 0.808533  0.754906 0.624989 1 1 1.000000
0  -39.901390 -24.279434 26.137552  -0.687516 -0.030335 0.725535  0.761742 0.625965 1 1 1.000000
skin_0dam
0  -38.387371 -24.100504 27.307480  -0.587209 -0.038213 0.808533  0.754906 0.624989 1 1 1.000000
0  -38.291023 -15.181528 27.885563  -0.571728 -0.042522 0.819340  0.751976 0.589831 1 1 1.000000
0  -39.901390 -24.279434 26.137552  -0.687516 -0.030335 0.725535  0.761742 0.625965 1 1 1.000000
skin_0dam
0  -39.626118 -31.959658 26.247663  -0.548904 -0.069748 0.832971  0.761742 0.656240 1 1 1.000000
0  -39.626118 -31.780731 26.233900  -0.594582 0.005640 0.804015  0.761742 0.655263 1 1 1.000000
0  -39.763752 -31.890841 26.137552  -0.687011 0.004791 0.726631  0.761742 0.656240 1 1 1.000000
skin_0dam
0  -39.626118 -31.780731 26.233900  -0.594582 0.005640 0.804015  0.761742 0.655263 1 1 1.000000
0  -39.626118 -31.959658 26.247663  -0.548904 -0.069748 0.832971  0.761742 0.656240 1 1 1.000000
0  -38.346077 -31.092535 27.156076  -0.455577 -0.170327 0.873750  0.755882 0.653310 1 1 1.000000
skin_0dam
0  -38.346077 -31.092535 27.156076  -0.455577 -0.170327 0.873750  0.755882 0.653310 1 1 1.000000
0  -38.346077 -30.899845 27.156076  -0.549282 -0.010388 0.835572  0.755882 0.652333 1 1 1.000000
0  -39.626118 -31.780731 26.233900  -0.594582 0.005640 0.804015  0.761742 0.655263 1 1 1.000000
skin_0dam
0  -38.346077 -30.899845 27.156076  -0.549282 -0.010388 0.835572  0.755882 0.652333 1 1 1.000000
0  -38.346077 -31.092535 27.156076  -0.455577 -0.170327 0.873750  0.755882 0.653310 1 1 1.000000
0  -36.914639 -30.101536 28.023197  -0.526815 -0.195405 0.827214  0.751000 0.648427 1 1 1.000000
skin_0dam
0  -36.914639 -30.101536 28.023197  -0.526815 -0.195405 0.827214  0.751000 0.648427 1 1 1.000000
0  -36.914639 -29.895082 28.036961  -0.621436 -0.036080 0.782634  0.751000 0.648427 1 1 1.000000
0  -38.346077 -30.899845 27.156076  -0.549282 -0.010388 0.835572  0.755882 0.652333 1 1 1.000000
skin_0dam
0  -38.387371 -24.100504 27.307480  -0.587209 -0.038213 0.808533  0.754906 0.624989 1 1 1.000000
0  -38.346077 -30.899845 27.156076  -0.549282 -0.010388 0.835572  0.755882 0.652333 1 1 1.000000
0  -36.914639 -29.895082 28.036961  -0.621436 -0.036080 0.782634  0.751000 0.648427 1 1 1.000000
skin_0dam
0  -36.914639 -29.895082 28.036961  -0.621436 -0.036080 0.782634  0.751000 0.648427 1 1 1.000000
0  -36.721947 -24.114265 28.463642  -0.639732 -0.027064 0.768122  0.748070 0.624989 1 1 1.000000
0  -38.387371 -24.100504 27.307480  -0.587209 -0.038213 0.808533  0.754906 0.624989 1 1 1.000000
skin_0dam
0  -38.291023 -15.181528 27.885563  -0.571728 -0.042522 0.819340  0.751976 0.589831 1 1 1.000000
0  -38.387371 -24.100504 27.307480  -0.587209 -0.038213 0.808533  0.754906 0.624989 1 1 1.000000
0  -36.721947 -24.114265 28.463642  -0.639732 -0.027064 0.768122  0.748070 0.624989 1 1 1.000000
skin_0dam
0  -36.721947 -24.114265 28.463642  -0.639732 -0.027064 0.768122  0.748070 0.624989 1 1 1.000000
0  -36.295265 -15.112710 29.124306  -0.610690 -0.024309 0.791497  0.744163 0.589831 1 1 1.000000
0  -38.291023 -15.181528 27.885563  -0.571728 -0.042522 0.819340  0.751976 0.589831 1 1 1.000000
skin_0dam
0  -37.721752 -4.993040 28.766445  -0.504525 -0.067503 0.860754  0.747093 0.550768 1 1 1.000000
0  -38.291023 -15.181528 27.885563  -0.571728 -0.042522 0.819340  0.751976 0.589831 1 1 1.000000
0  -36.295265 -15.112710 29.124306  -0.610690 -0.024309 0.791497  0.744163 0.589831 1 1 1.000000
skin_0dam
0  -36.295265 -15.112710 29.124306  -0.610690 -0.024309 0.791497  0.744163 0.589831 1 1 1.000000
0  -35.429840 -4.818289 29.895082  -0.561479 -0.040350 0.826507  0.740257 0.550768 1 1 1.000000
0  -37.721752 -4.993040 28.766445  -0.504525 -0.067503 0.860754  0.747093 0.550768 1 1 1.000000
skin_0dam
0  -37.981354 4.567002 29.592276  -0.424941 -0.094394 0.900286  0.742210 0.512680 1 1 1.000000
0  -37.721752 -4.993040 28.766445  -0.504525 -0.067503 0.860754  0.747093 0.550768 1 1 1.000000
0  -35.429840 -4.818289 29.895082  -0.561479 -0.040350 0.826507  0.740257 0.550768 1 1 1.000000
skin_0dam
0  -35.429840 -4.818289 29.895082  -0.561479 -0.040350 0.826507  0.740257 0.550768 1 1 1.000000
0  -35.236546 4.776287 30.693386  -0.513500 -0.064590 0.855655  0.735374 0.512680 1 1 1.000000
0  -37.981354 4.567002 29.592276  -0.424941 -0.094394 0.900286  0.742210 0.512680 1 1 1.000000
skin_0dam
0  -38.055454 13.685664 30.541979  -0.353066 -0.100702 0.930163  0.736351 0.477523 1 1 1.000000
0  -37.981354 4.567002 29.592276  -0.424941 -0.094394 0.900286  0.742210 0.512680 1 1 1.000000
0  -35.236546 4.776287 30.693386  -0.513500 -0.064590 0.855655  0.735374 0.512680 1 1 1.000000
skin_0dam
0  -35.236546 4.776287 30.693386  -0.513500 -0.064590 0.855655  0.735374 0.512680 1 1 1.000000
0  -34.967953 11.753881 31.312756  -0.469330 -0.061640 0.880869  0.731468 0.485336 1 1 1.000000
0  -38.055454 13.685664 30.541979  -0.353066 -0.100702 0.930163  0.736351 0.477523 1 1 1.000000
skin_0dam
0  -37.530647 20.199661 31.422867  -0.280398 -0.095754 0.955096  0.730491 0.452132 1 1 1.000000
0  -38.055454 13.685664 30.541979  -0.353066 -0.100702 0.930163  0.736351 0.477523 1 1 1.000000
0  -34.967953 11.753881 31.312756  -0.469330 -0.061640 0.880869  0.731468 0.485336 1 1 1.000000
skin_0dam
0  -34.967953 11.753881 31.312756  -0.469330 -0.061640 0.880869  0.731468 0.485336 1 1 1.000000
0  -34.537804 18.785206 32.000954  -0.442054 -0.060481 0.894947  0.727561 0.457991 1 1 1.000000
0  -37.530647 20.199661 31.422867  -0.280398 -0.095754 0.955096  0.730491 0.452132 1 1 1.000000
skin_0dam
0  -37.530647 20.199661 31.422867  -0.280398 -0.095754 0.955096  0.730491 0.452132 1 1 1.000000
0  -34.537804 18.785206 32.000954  -0.442054 -0.060481 0.894947  0.727561 0.457991 1 1 1.000000
0  -34.523960 18.965710 32.014717  -0.381511 0.111727 0.917587  0.727561 0.457015 1 1 1.000000
skin_0dam
0  -41.167667 -24.389544 9.965029  -0.998141 0.008558 -0.060341  0.858425 0.625965 1 1 1.000000
0  -41.305305 -33.267227 9.662225  -0.997664 0.016396 -0.066315  0.859401 0.661122 1 1 1.000000
0  -41.497997 -33.239700 15.071417  -0.999872 0.015368 -0.004547  0.828150 0.661122 1 1 1.000000
skin_0dam
0  -41.497997 -33.239700 15.071417  -0.999872 0.015368 -0.004547  0.828150 0.661122 1 1 1.000000
0  -41.374126 -24.389544 15.498096  -0.999981 0.005506 -0.002820  0.825221 0.625965 1 1 1.000000
0  -41.167667 -24.389544 9.965029  -0.998141 0.008558 -0.060341  0.858425 0.625965 1 1 1.000000
skin_0dam
0  -41.374126 -24.389544 15.498096  -0.999981 0.005506 -0.002820  0.825221 0.625965 1 1 1.000000
0  -41.497997 -33.239700 15.071417  -0.999872 0.015368 -0.004547  0.828150 0.661122 1 1 1.000000
0  -41.374126 -32.991951 19.585960  -0.998155 0.013740 0.059146  0.800806 0.660146 1 1 1.000000
skin_0dam
0  -41.374126 -32.991951 19.585960  -0.998155 0.013740 0.059146  0.800806 0.660146 1 1 1.000000
0  -41.208958 -24.389544 20.659540  -0.997258 0.005726 0.073778  0.794946 0.625965 1 1 1.000000
0  -41.374126 -24.389544 15.498096  -0.999981 0.005506 -0.002820  0.825221 0.625965 1 1 1.000000
skin_0dam
0  -41.208958 -24.389544 20.659540  -0.997258 0.005726 0.073778  0.794946 0.625965 1 1 1.000000
0  -41.374126 -32.991951 19.585960  -0.998155 0.013740 0.059146  0.800806 0.660146 1 1 1.000000
0  -41.126377 -32.675381 22.393785  -0.993326 0.013620 0.114533  0.784204 0.659169 1 1 1.000000
skin_0dam
0  -41.126377 -32.675381 22.393785  -0.993326 0.013620 0.114533  0.784204 0.659169 1 1 1.000000
0  -40.906155 -24.389544 23.288435  -0.991142 0.007049 0.132618  0.779321 0.625965 1 1 1.000000
0  -41.208958 -24.389544 20.659540  -0.997258 0.005726 0.073778  0.794946 0.625965 1 1 1.000000
skin_0dam
0  -40.906155 -24.389544 23.288435  -0.991142 0.007049 0.132618  0.779321 0.625965 1 1 1.000000
0  -41.126377 -32.675381 22.393785  -0.993326 0.013620 0.114533  0.784204 0.659169 1 1 1.000000
0  -40.851101 -32.468922 24.293198  -0.990404 0.014756 0.137415  0.773461 0.658193 1 1 1.000000
skin_0dam
0  -40.851101 -32.468922 24.293198  -0.990404 0.014756 0.137415  0.773461 0.658193 1 1 1.000000
0  -40.617111 -24.389544 25.174084  -0.979498 0.005831 0.201370  0.767602 0.625965 1 1 1.000000
0  -40.906155 -24.389544 23.288435  -0.991142 0.007049 0.132618  0.779321 0.625965 1 1 1.000000
skin_0dam
0  -40.617111 -24.389544 25.174084  -0.979498 0.005831 0.201370  0.767602 0.625965 1 1 1.000000
0  -40.851101 -32.468922 24.293198  -0.990404 0.014756 0.137415  0.773461 0.658193 1 1 1.000000
0  -40.823574 -32.441395 24.485889  -0.955987 -0.000920 0.293407  0.771508 0.658193 1 1 1.000000
skin_0dam
0  -40.823574 -32.441395 24.485889  -0.955987 -0.000920 0.293407  0.771508 0.658193 1 1 1.000000
0  -40.575821 -24.389544 25.353014  -0.872294 -0.022558 0.488462  0.766625 0.625965 1 1 1.000000
0  -40.617111 -24.389544 25.174084  -0.979498 0.005831 0.201370  0.767602 0.625965 1 1 1.000000
skin_0dam
0  -40.575821 -24.389544 25.353014  -0.872294 -0.022558 0.488462  0.766625 0.625965 1 1 1.000000
0  -40.823574 -32.441395 24.485889  -0.955987 -0.000920 0.293407  0.771508 0.658193 1 1 1.000000
0  -40.740986 -32.400105 24.651056  -0.891445 -0.015253 0.452872  0.770531 0.658193 1 1 1.000000
skin_0dam
0  -40.740986 -32.400105 24.651056  -0.891445 -0.015253 0.452872  0.770531 0.658193 1 1 1.000000
0  -40.438183 -24.375780 25.490650  -0.741789 -0.036280 0.669651  0.765648 0.625965 1 1 1.000000
0  -40.575821 -24.389544 25.353014  -0.872294 -0.022558 0.488462  0.766625 0.625965 1 1 1.000000
skin_0dam
0  -40.740986 -32.400105 24.651056  -0.891445 -0.015253 0.452872  0.770531 0.658193 1 1 1.000000
0  -40.286781 -32.193645 25.531942  -0.826857 0.000854 0.562411  0.765648 0.657216 1 1 1.000000
0  -40.438183 -24.375780 25.490650  -0.741789 -0.036280 0.669651  0.765648 0.625965 1 1 1.000000
skin_0dam
0  -39.901390 -24.279434 26.137552  -0.687516 -0.030335 0.725535  0.761742 0.625965 1 1 1.000000
0  -40.438183 -24.375780 25.490650  -0.741789 -0.036280 0.669651  0.765648 0.625965 1 1 1.000000
0  -40.286781 -32.193645 25.531942  -0.826857 0.000854 0.562411  0.765648 0.657216 1 1 1.000000
skin_0dam
0  -40.286781 -32.193645 25.531942  -0.826857 0.000854 0.562411  0.765648 0.657216 1 1 1.000000
0  -39.846336 -31.945894 26.041206  -0.755919 0.000786 0.654665  0.762719 0.656240 1 1 1.000000
0  -39.901390 -24.279434 26.137552  -0.687516 -0.030335 0.725535  0.761742 0.625965 1 1 1.000000
skin_0dam
0  -39.846336 -31.945894 26.041206  -0.755919 0.000786 0.654665  0.762719 0.656240 1 1 1.000000
0  -39.763752 -31.890841 26.137552  -0.687011 0.004791 0.726631  0.761742 0.656240 1 1 1.000000
0  -39.901390 -24.279434 26.137552  -0.687516 -0.030335 0.725535  0.761742 0.625965 1 1 1.000000
skin_0dam
0  -39.763752 -32.069771 26.137552  -0.660416 -0.065174 0.748067  0.761742 0.656240 1 1 1.000000
0  -39.763752 -31.890841 26.137552  -0.687011 0.004791 0.726631  0.761742 0.656240 1 1 1.000000
0  -39.846336 -31.945894 26.041206  -0.755919 0.000786 0.654665  0.762719 0.656240 1 1 1.000000
skin_0dam
0  -39.763752 -31.890841 26.137552  -0.687011 0.004791 0.726631  0.761742 0.656240 1 1 1.000000
0  -39.763752 -32.069771 26.137552  -0.660416 -0.065174 0.748067  0.761742 0.656240 1 1 1.000000
0  -39.626118 -31.959658 26.247663  -0.548904 -0.069748 0.832971  0.761742 0.656240 1 1 1.000000
skin_0dam
0  -39.846336 -31.945894 26.041206  -0.755919 0.000786 0.654665  0.762719 0.656240 1 1 1.000000
0  -39.846336 -32.124828 26.041206  -0.737616 -0.068917 0.671694  0.762719 0.657216 1 1 1.000000
0  -39.763752 -32.069771 26.137552  -0.660416 -0.065174 0.748067  0.761742 0.656240 1 1 1.000000
skin_0dam
0  -39.846336 -32.124828 26.041206  -0.737616 -0.068917 0.671694  0.762719 0.657216 1 1 1.000000
0  -39.846336 -31.945894 26.041206  -0.755919 0.000786 0.654665  0.762719 0.656240 1 1 1.000000
0  -40.286781 -32.193645 25.531942  -0.826857 0.000854 0.562411  0.765648 0.657216 1 1 1.000000
skin_0dam
0  -40.286781 -32.193645 25.531942  -0.826857 0.000854 0.562411  0.765648 0.657216 1 1 1.000000
0  -40.300545 -32.358814 25.531942  -0.796381 -0.164844 0.581897  0.765648 0.658193 1 1 1.000000
0  -39.846336 -32.124828 26.041206  -0.737616 -0.068917 0.671694  0.762719 0.657216 1 1 1.000000
skin_0dam
0  -40.300545 -32.358814 25.531942  -0.796381 -0.164844 0.581897  0.765648 0.658193 1 1 1.000000
0  -40.286781 -32.193645 25.531942  -0.826857 0.000854 0.562411  0.765648 0.657216 1 1 1.000000
0  -40.740986 -32.400105 24.651056  -0.891445 -0.015253 0.452872  0.770531 0.658193 1 1 1.000000
skin_0dam
0  -40.740986 -32.400105 24.651056  -0.891445 -0.015253 0.452872  0.770531 0.658193 1 1 1.000000
0  -40.754749 -32.579033 24.637293  -0.857800 -0.201073 0.473021  0.771508 0.658193 1 1 1.000000
0  -40.300545 -32.358814 25.531942  -0.796381 -0.164844 0.581897  0.765648 0.658193 1 1 1.000000
skin_0dam
0  -40.754749 -32.579033 24.637293  -0.857800 -0.201073 0.473021  0.771508 0.658193 1 1 1.000000
0  -40.740986 -32.400105 24.651056  -0.891445 -0.015253 0.452872  0.770531 0.658193 1 1 1.000000
0  -40.823574 -32.441395 24.485889  -0.955987 -0.000920 0.293407  0.771508 0.658193 1 1 1.000000
skin_0dam
0  -40.823574 -32.441395 24.485889  -0.955987 -0.000920 0.293407  0.771508 0.658193 1 1 1.000000
0  -40.837337 -32.620323 24.472126  -0.931857 -0.187074 0.310879  0.772485 0.659169 1 1 1.000000
0  -40.754749 -32.579033 24.637293  -0.857800 -0.201073 0.473021  0.771508 0.658193 1 1 1.000000
skin_0dam
0  -40.837337 -32.620323 24.472126  -0.931857 -0.187074 0.310879  0.772485 0.659169 1 1 1.000000
0  -40.823574 -32.441395 24.485889  -0.955987 -0.000920 0.293407  0.771508 0.658193 1 1 1.000000
0  -40.851101 -32.468922 24.293198  -0.990404 0.014756 0.137415  0.773461 0.658193 1 1 1.000000
skin_0dam
0  -40.851101 -32.468922 24.293198  -0.990404 0.014756 0.137415  0.773461 0.658193 1 1 1.000000
0  -40.864864 -32.634087 24.265671  -0.973281 -0.169816 0.154556  0.773461 0.659169 1 1 1.000000
0  -40.837337 -32.620323 24.472126  -0.931857 -0.187074 0.310879  0.772485 0.659169 1 1 1.000000
skin_0dam
0  -40.864864 -32.634087 24.265671  -0.973281 -0.169816 0.154556  0.773461 0.659169 1 1 1.000000
0  -40.851101 -32.468922 24.293198  -0.990404 0.014756 0.137415  0.773461 0.658193 1 1 1.000000
0  -41.126377 -32.675381 22.393785  -0.993326 0.013620 0.114533  0.784204 0.659169 1 1 1.000000
skin_0dam
0  -41.126377 -32.675381 22.393785  -0.993326 0.013620 0.114533  0.784204 0.659169 1 1 1.000000
0  -41.126377 -32.840546 22.380022  -0.976737 -0.169451 0.131417  0.784204 0.660146 1 1 1.000000
0  -40.864864 -32.634087 24.265671  -0.973281 -0.169816 0.154556  0.773461 0.659169 1 1 1.000000
skin_0dam
0  -41.126377 -32.840546 22.380022  -0.976737 -0.169451 0.131417  0.784204 0.660146 1 1 1.000000
0  -41.126377 -32.675381 22.393785  -0.993326 0.013620 0.114533  0.784204 0.659169 1 1 1.000000
0  -41.374126 -32.991951 19.585960  -0.998155 0.013740 0.059146  0.800806 0.660146 1 1 1.000000
skin_0dam
0  -41.374126 -32.991951 19.585960  -0.998155 0.013740 0.059146  0.800806 0.660146 1 1 1.000000
0  -41.387890 -33.157112 19.572197  -0.982093 -0.173574 0.073251  0.800806 0.661122 1 1 1.000000
0  -41.126377 -32.840546 22.380022  -0.976737 -0.169451 0.131417  0.784204 0.660146 1 1 1.000000
skin_0dam
0  -41.387890 -33.157112 19.572197  -0.982093 -0.173574 0.073251  0.800806 0.661122 1 1 1.000000
0  -41.374126 -32.991951 19.585960  -0.998155 0.013740 0.059146  0.800806 0.660146 1 1 1.000000
0  -41.497997 -33.239700 15.071417  -0.999872 0.015368 -0.004547  0.828150 0.661122 1 1 1.000000
skin_0dam
0  -41.497997 -33.239700 15.071417  -0.999872 0.015368 -0.004547  0.828150 0.661122 1 1 1.000000
0  -41.511761 -33.404865 15.057653  -0.984977 -0.172682 0.001095  0.828150 0.662099 1 1 1.000000
0  -41.387890 -33.157112 19.572197  -0.982093 -0.173574 0.073251  0.800806 0.661122 1 1 1.000000
skin_0dam
0  -41.511761 -33.404865 15.057653  -0.984977 -0.172682 0.001095  0.828150 0.662099 1 1 1.000000
0  -41.497997 -33.239700 15.071417  -0.999872 0.015368 -0.004547  0.828150 0.661122 1 1 1.000000
0  -41.305305 -33.267227 9.662225  -0.997664 0.016396 -0.066315  0.859401 0.661122 1 1 1.000000
skin_0dam
0  -41.305305 -33.267227 9.662225  -0.997664 0.016396 -0.066315  0.859401 0.661122 1 1 1.000000
0  -41.305305 -33.432392 9.648461  -0.982895 -0.170566 -0.069460  0.859401 0.662099 1 1 1.000000
0  -41.511761 -33.404865 15.057653  -0.984977 -0.172682 0.001095  0.828150 0.662099 1 1 1.000000
skin_0dam
0  -41.305305 -33.432392 9.648461  -0.982895 -0.170566 -0.069460  0.859401 0.662099 1 1 1.000000
0  -41.305305 -33.267227 9.662225  -0.997664 0.016396 -0.066315  0.859401 0.661122 1 1 1.000000
0  -40.740986 -33.088295 4.005283  -0.992158 0.007711 -0.124754  0.893582 0.661122 1 1 1.000000
skin_0dam
0  -42.598267 16.238085 24.045446  -0.995314 -0.078793 0.056052  0.774438 0.465804 1 1 1.000000
0  -42.471649 14.577479 23.907808  -0.994899 -0.075865 0.066489  0.775414 0.472640 1 1 1.000000
0  -42.471649 14.577479 24.017918  -0.984834 -0.095692 0.144725  0.774438 0.472640 1 1 1.000000
skin_0dam
0  -43.207279 24.225460 24.788694  -0.986089 -0.087490 0.141327  0.770531 0.434553 1 1 1.000000
0  -43.223095 24.251862 24.623528  -0.995071 -0.082333 0.055266  0.771508 0.434553 1 1 1.000000
0  -42.598267 16.238085 24.045446  -0.995314 -0.078793 0.056052  0.774438 0.465804 1 1 1.000000
skin_0dam
0  -42.598267 16.238085 24.045446  -0.995314 -0.078793 0.056052  0.774438 0.465804 1 1 1.000000
0  -42.584541 16.239132 24.169321  -0.986635 -0.083277 0.140056  0.773461 0.465804 1 1 1.000000
0  -43.207279 24.225460 24.788694  -0.986089 -0.087490 0.141327  0.770531 0.434553 1 1 1.000000
skin_0dam
0  -42.471649 14.577479 24.017918  -0.984834 -0.095692 0.144725  0.774438 0.472640 1 1 1.000000
0  -42.584541 16.239132 24.169321  -0.986635 -0.083277 0.140056  0.773461 0.465804 1 1 1.000000
0  -42.598267 16.238085 24.045446  -0.995314 -0.078793 0.056052  0.774438 0.465804 1 1 1.000000
skin_0dam
0  -42.334045 15.126320 24.898804  -0.954998 -0.119583 0.271437  0.769555 0.469710 1 1 1.000000
0  -42.584541 16.239132 24.169321  -0.986635 -0.083277 0.140056  0.773461 0.465804 1 1 1.000000
0  -42.471649 14.577479 24.017918  -0.984834 -0.095692 0.144725  0.774438 0.472640 1 1 1.000000
skin_0dam
0  -42.334045 15.126320 24.898804  -0.954998 -0.119583 0.271437  0.769555 0.469710 1 1 1.000000
0  -42.471649 14.577479 24.017918  -0.984834 -0.095692 0.144725  0.774438 0.472640 1 1 1.000000
0  -42.249969 14.566774 24.816223  -0.945256 -0.167535 0.280040  0.769555 0.472640 1 1 1.000000
skin_0dam
0  -42.334045 15.126320 24.898804  -0.954998 -0.119583 0.271437  0.769555 0.469710 1 1 1.000000
0  -42.249969 14.566774 24.816223  -0.945256 -0.167535 0.280040  0.769555 0.472640 1 1 1.000000
0  -42.125294 14.741927 25.270430  -0.933692 -0.177051 0.311242  0.767602 0.471664 1 1 1.000000
skin_0dam
0  -42.125294 14.741927 25.270430  -0.933692 -0.177051 0.311242  0.767602 0.471664 1 1 1.000000
0  -42.096550 15.089211 25.573236  -0.944773 -0.125144 0.302890  0.765648 0.470687 1 1 1.000000
0  -42.334045 15.126320 24.898804  -0.954998 -0.119583 0.271437  0.769555 0.469710 1 1 1.000000
skin_0dam
0  -42.373447 16.186207 25.036444  -0.962436 -0.090894 0.255843  0.768578 0.465804 1 1 1.000000
0  -42.334045 15.126320 24.898804  -0.954998 -0.119583 0.271437  0.769555 0.469710 1 1 1.000000
0  -42.096550 15.089211 25.573236  -0.944773 -0.125144 0.302890  0.765648 0.470687 1 1 1.000000
skin_0dam
0  -42.096550 15.089211 25.573236  -0.944773 -0.125144 0.302890  0.765648 0.470687 1 1 1.000000
0  -42.163399 16.147007 25.765926  -0.955944 -0.101306 0.275513  0.764672 0.465804 1 1 1.000000
0  -42.373447 16.186207 25.036444  -0.962436 -0.090894 0.255843  0.768578 0.465804 1 1 1.000000
skin_0dam
0  -42.951996 23.955044 25.724636  -0.961496 -0.093684 0.258357  0.764672 0.435530 1 1 1.000000
0  -42.373447 16.186207 25.036444  -0.962436 -0.090894 0.255843  0.768578 0.465804 1 1 1.000000
0  -42.163399 16.147007 25.765926  -0.955944 -0.101306 0.275513  0.764672 0.465804 1 1 1.000000
skin_0dam
0  -42.163399 16.147007 25.765926  -0.955944 -0.101306 0.275513  0.764672 0.465804 1 1 1.000000
0  -42.684032 23.699400 26.536703  -0.955863 -0.094822 0.278091  0.759789 0.436506 1 1 1.000000
0  -42.951996 23.955044 25.724636  -0.961496 -0.093684 0.258357  0.764672 0.435530 1 1 1.000000
skin_0dam
0  -42.334045 15.126320 24.898804  -0.954998 -0.119583 0.271437  0.769555 0.469710 1 1 1.000000
0  -42.373447 16.186207 25.036444  -0.962436 -0.090894 0.255843  0.768578 0.465804 1 1 1.000000
0  -42.584541 16.239132 24.169321  -0.986635 -0.083277 0.140056  0.773461 0.465804 1 1 1.000000
skin_0dam
0  -43.207279 24.225460 24.788694  -0.986089 -0.087490 0.141327  0.770531 0.434553 1 1 1.000000
0  -42.584541 16.239132 24.169321  -0.986635 -0.083277 0.140056  0.773461 0.465804 1 1 1.000000
0  -42.373447 16.186207 25.036444  -0.962436 -0.090894 0.255843  0.768578 0.465804 1 1 1.000000
skin_0dam
0  -42.373447 16.186207 25.036444  -0.962436 -0.090894 0.255843  0.768578 0.465804 1 1 1.000000
0  -42.951996 23.955044 25.724636  -0.961496 -0.093684 0.258357  0.764672 0.435530 1 1 1.000000
0  -43.207279 24.225460 24.788694  -0.986089 -0.087490 0.141327  0.770531 0.434553 1 1 1.000000
skin_0dam
0  -34.523960 18.965710 32.014717  -0.381511 0.111727 0.917587  0.009766 0.976562 1 1 1.000000
0  -33.855907 18.712963 32.551506  -0.592774 0.128161 0.795106  0.009766 0.982421 1 1 1.000000
0  -33.799847 18.882885 32.523975  -0.517837 0.322710 0.792278  0.990265 0.982421 1 1 1.000000
skin_0dam
0  -33.799847 18.882885 32.523975  -0.517837 0.322710 0.792278  0.990265 0.982421 1 1 1.000000
0  -34.482666 19.148308 31.973419  -0.266932 0.284399 0.920795  0.990265 0.976562 1 1 1.000000
0  -34.523960 18.965710 32.014717  -0.381511 0.111727 0.917587  0.009766 0.976562 1 1 1.000000
skin_0dam
0  -37.530525 20.379120 31.436634  -0.201629 0.080657 0.976135  0.009766 0.973632 1 1 1.000000
0  -34.523960 18.965710 32.014717  -0.381511 0.111727 0.917587  0.009766 0.976562 1 1 1.000000
0  -34.482666 19.148308 31.973419  -0.266932 0.284399 0.920795  0.990265 0.976562 1 1 1.000000
skin_0dam
0  -34.482666 19.148308 31.973419  -0.266932 0.284399 0.920795  0.990265 0.976562 1 1 1.000000
0  -37.516682 20.559624 31.395340  -0.133792 0.251308 0.958616  0.990265 0.972655 1 1 1.000000
0  -37.530525 20.379120 31.436634  -0.201629 0.080657 0.976135  0.009766 0.973632 1 1 1.000000
skin_0dam
0  -39.671795 21.306355 30.803495  -0.297895 0.064044 0.952448  0.009766 0.967772 1 1 1.000000
0  -37.530525 20.379120 31.436634  -0.201629 0.080657 0.976135  0.009766 0.973632 1 1 1.000000
0  -37.516682 20.559624 31.395340  -0.133792 0.251308 0.958616  0.990265 0.972655 1 1 1.000000
skin_0dam
0  -37.516682 20.559624 31.395340  -0.133792 0.251308 0.958616  0.990265 0.972655 1 1 1.000000
0  -39.658997 21.500584 30.762203  -0.233557 0.233763 0.943825  0.990265 0.967772 1 1 1.000000
0  -39.671795 21.306355 30.803495  -0.297895 0.064044 0.952448  0.009766 0.967772 1 1 1.000000
skin_0dam
0  -41.112331 21.914314 30.239182  -0.364320 0.010451 0.931215  0.009766 0.962889 1 1 1.000000
0  -39.671795 21.306355 30.803495  -0.297895 0.064044 0.952448  0.009766 0.967772 1 1 1.000000
0  -39.658997 21.500584 30.762203  -0.233557 0.233763 0.943825  0.990265 0.967772 1 1 1.000000
skin_0dam
0  -39.658997 21.500584 30.762203  -0.233557 0.233763 0.943825  0.990265 0.967772 1 1 1.000000
0  -41.201881 22.183561 30.170359  -0.653176 0.226948 0.722396  0.990265 0.962889 1 1 1.000000
0  -41.112331 21.914314 30.239182  -0.364320 0.010451 0.931215  0.009766 0.962889 1 1 1.000000
skin_0dam
0  -41.112331 21.914314 30.239182  -0.364320 0.010451 0.931215  0.009766 0.962889 1 1 1.000000
0  -41.201881 22.183561 30.170359  -0.653176 0.226948 0.722396  0.990265 0.962889 1 1 1.000000
0  -41.256897 21.999916 30.184122  -0.688630 0.051964 0.723248  0.009766 0.962889 1 1 1.000000
skin_0dam
0  -41.256897 21.999916 30.184122  -0.688630 0.051964 0.723248  0.009766 0.962889 1 1 1.000000
0  -41.201881 22.183561 30.170359  -0.653176 0.226948 0.722396  0.990265 0.962889 1 1 1.000000
0  -41.302254 22.051672 30.060247  -0.900262 0.083115 0.427342  0.009766 0.960936 1 1 1.000000
skin_0dam
0  -42.316986 23.230452 27.692865  -0.926430 0.085047 0.366734  0.009766 0.936522 1 1 1.000000
0  -41.302254 22.051672 30.060247  -0.900262 0.083115 0.427342  0.009766 0.960936 1 1 1.000000
0  -41.201881 22.183561 30.170359  -0.653176 0.226948 0.722396  0.990265 0.962889 1 1 1.000000
skin_0dam
0  -41.201881 22.183561 30.170359  -0.653176 0.226948 0.722396  0.990265 0.962889 1 1 1.000000
0  -42.275696 23.413048 27.692865  -0.879495 0.254931 0.401869  0.990265 0.936522 1 1 1.000000
0  -42.316986 23.230452 27.692865  -0.926430 0.085047 0.366734  0.009766 0.936522 1 1 1.000000
skin_0dam
0  -43.148193 24.174747 24.843750  -0.945067 0.110612 0.307594  0.009766 0.905271 1 1 1.000000
0  -42.316986 23.230452 27.692865  -0.926430 0.085047 0.366734  0.009766 0.936522 1 1 1.000000
0  -42.275696 23.413048 27.692865  -0.879495 0.254931 0.401869  0.990265 0.936522 1 1 1.000000
skin_0dam
0  -42.275696 23.413048 27.692865  -0.879495 0.254931 0.401869  0.990265 0.936522 1 1 1.000000
0  -43.092133 24.344669 24.857513  -0.902162 0.260225 0.344073  0.990265 0.905271 1 1 1.000000
0  -43.148193 24.174747 24.843750  -0.945067 0.110612 0.307594  0.009766 0.905271 1 1 1.000000
skin_0dam
0  -43.149361 24.009014 24.719877  -0.927681 -0.037447 -0.371490  0.770531 0.435530 1 1 1.000000
0  -43.161919 24.173702 24.733641  -0.923762 0.138745 -0.356952  0.770531 0.434553 1 1 1.000000
0  -41.989342 23.821386 23.838991  -0.569959 0.164048 -0.805131  0.775414 0.436506 1 1 1.000000
skin_0dam
0  -41.989342 23.821386 23.838991  -0.569959 0.164048 -0.805131  0.775414 0.436506 1 1 1.000000
0  -41.989460 23.641928 23.825228  -0.607867 0.022542 -0.793719  0.775414 0.436506 1 1 1.000000
0  -43.149361 24.009014 24.719877  -0.927681 -0.037447 -0.371490  0.770531 0.435530 1 1 1.000000
skin_0dam
0  -42.562569 15.950928 24.100504  -0.940701 -0.042616 -0.336549  0.774438 0.466781 1 1 1.000000
0  -43.149361 24.009014 24.719877  -0.927681 -0.037447 -0.371490  0.770531 0.435530 1 1 1.000000
0  -41.989460 23.641928 23.825228  -0.607867 0.022542 -0.793719  0.775414 0.436506 1 1 1.000000
skin_0dam
0  -41.989460 23.641928 23.825228  -0.607867 0.022542 -0.793719  0.775414 0.436506 1 1 1.000000
0  -41.870331 15.561988 23.467365  -0.671839 0.007568 -0.740658  0.778344 0.468734 1 1 1.000000
0  -42.562569 15.950928 24.100504  -0.940701 -0.042616 -0.336549  0.774438 0.466781 1 1 1.000000
skin_0dam
0  -41.566460 4.335060 23.219618  -0.985636 -0.058912 -0.158277  0.779321 0.512680 1 1 1.000000
0  -42.562569 15.950928 24.100504  -0.940701 -0.042616 -0.336549  0.774438 0.466781 1 1 1.000000
0  -41.870331 15.561988 23.467365  -0.671839 0.007568 -0.740658  0.778344 0.468734 1 1 1.000000
skin_0dam
0  -41.870331 15.561988 23.467365  -0.671839 0.007568 -0.740658  0.778344 0.468734 1 1 1.000000
0  -41.415497 4.346570 22.903048  -0.892151 -0.022728 -0.451165  0.781274 0.512680 1 1 1.000000
0  -41.566460 4.335060 23.219618  -0.985636 -0.058912 -0.158277  0.779321 0.512680 1 1 1.000000
skin_0dam
0  -40.868736 -5.177776 22.490133  -0.987481 -0.034098 0.154005  0.784204 0.549791 1 1 1.000000
0  -41.566460 4.335060 23.219618  -0.985636 -0.058912 -0.158277  0.779321 0.512680 1 1 1.000000
0  -41.415497 4.346570 22.903048  -0.892151 -0.022728 -0.451165  0.781274 0.512680 1 1 1.000000
skin_0dam
0  -41.566460 4.335060 23.219618  -0.985636 -0.058912 -0.158277  0.779321 0.512680 1 1 1.000000
0  -40.868736 -5.177776 22.490133  -0.987481 -0.034098 0.154005  0.784204 0.549791 1 1 1.000000
0  -40.841290 -5.175682 22.600245  -0.984114 -0.035300 0.173993  0.783227 0.549791 1 1 1.000000
skin_0dam
0  -40.868736 -5.177776 22.490133  -0.987481 -0.034098 0.154005  0.784204 0.549791 1 1 1.000000
0  -41.126377 -15.443042 21.595482  -0.994936 0.009583 0.100053  0.789087 0.590808 1 1 1.000000
0  -40.841290 -5.175682 22.600245  -0.984114 -0.035300 0.173993  0.783227 0.549791 1 1 1.000000
skin_0dam
0  -40.841290 -5.175682 22.600245  -0.984114 -0.035300 0.173993  0.783227 0.549791 1 1 1.000000
0  -41.126377 -15.443042 21.595482  -0.994936 0.009583 0.100053  0.789087 0.590808 1 1 1.000000
0  -40.727222 -15.443042 24.210613  -0.985391 0.011201 0.169938  0.773461 0.590808 1 1 1.000000
skin_0dam
0  -40.727222 -15.443042 24.210613  -0.985391 0.011201 0.169938  0.773461 0.590808 1 1 1.000000
0  -40.344086 -5.179182 25.201611  -0.975900 -0.031309 0.215960  0.767602 0.550768 1 1 1.000000
0  -40.841290 -5.175682 22.600245  -0.984114 -0.035300 0.173993  0.783227 0.549791 1 1 1.000000
skin_0dam
0  -41.552734 4.336106 23.315964  -0.978212 -0.090104 0.187037  0.779321 0.512680 1 1 1.000000
0  -40.841290 -5.175682 22.600245  -0.984114 -0.035300 0.173993  0.783227 0.549791 1 1 1.000000
0  -40.344086 -5.179182 25.201611  -0.975900 -0.031309 0.215960  0.767602 0.550768 1 1 1.000000
skin_0dam
0  -40.344086 -5.179182 25.201611  -0.975900 -0.031309 0.215960  0.767602 0.550768 1 1 1.000000
0  -40.961555 4.367378 25.999912  -0.964669 -0.087354 0.248561  0.762719 0.512680 1 1 1.000000
0  -41.552734 4.336106 23.315964  -0.978212 -0.090104 0.187037  0.779321 0.512680 1 1 1.000000
skin_0dam
0  -42.547798 15.938248 24.196850  -0.973636 -0.090490 0.209389  0.773461 0.466781 1 1 1.000000
0  -41.552734 4.336106 23.315964  -0.978212 -0.090104 0.187037  0.779321 0.512680 1 1 1.000000
0  -40.961555 4.367378 25.999912  -0.964669 -0.087354 0.248561  0.762719 0.512680 1 1 1.000000
skin_0dam
0  -40.961555 4.367378 25.999912  -0.964669 -0.087354 0.248561  0.762719 0.512680 1 1 1.000000
0  -41.756233 15.694921 27.004675  -0.953276 -0.092645 0.287543  0.756859 0.467757 1 1 1.000000
0  -42.547798 15.938248 24.196850  -0.973636 -0.090490 0.209389  0.773461 0.466781 1 1 1.000000
skin_0dam
0  -43.134590 23.996336 24.829987  -0.975060 -0.087134 0.204124  0.769555 0.435530 1 1 1.000000
0  -42.547798 15.938248 24.196850  -0.973636 -0.090490 0.209389  0.773461 0.466781 1 1 1.000000
0  -41.756233 15.694921 27.004675  -0.953276 -0.092645 0.287543  0.756859 0.467757 1 1 1.000000
skin_0dam
0  -41.756233 15.694921 27.004675  -0.953276 -0.092645 0.287543  0.756859 0.467757 1 1 1.000000
0  -42.303383 23.052040 27.679102  -0.949886 -0.096506 0.297326  0.752953 0.439436 1 1 1.000000
0  -43.134590 23.996336 24.829987  -0.975060 -0.087134 0.204124  0.769555 0.435530 1 1 1.000000
skin_0dam
0  -40.841290 -5.175682 22.600245  -0.984114 -0.035300 0.173993  0.783227 0.549791 1 1 1.000000
0  -41.552734 4.336106 23.315964  -0.978212 -0.090104 0.187037  0.779321 0.512680 1 1 1.000000
0  -41.566460 4.335060 23.219618  -0.985636 -0.058912 -0.158277  0.779321 0.512680 1 1 1.000000
skin_0dam
0  -42.562569 15.950928 24.100504  -0.940701 -0.042616 -0.336549  0.774438 0.466781 1 1 1.000000
0  -41.566460 4.335060 23.219618  -0.985636 -0.058912 -0.158277  0.779321 0.512680 1 1 1.000000
0  -41.552734 4.336106 23.315964  -0.978212 -0.090104 0.187037  0.779321 0.512680 1 1 1.000000
skin_0dam
0  -41.552734 4.336106 23.315964  -0.978212 -0.090104 0.187037  0.779321 0.512680 1 1 1.000000
0  -42.547798 15.938248 24.196850  -0.973636 -0.090490 0.209389  0.773461 0.466781 1 1 1.000000
0  -42.562569 15.950928 24.100504  -0.940701 -0.042616 -0.336549  0.774438 0.466781 1 1 1.000000
skin_0dam
0  -43.149361 24.009014 24.719877  -0.927681 -0.037447 -0.371490  0.770531 0.435530 1 1 1.000000
0  -42.562569 15.950928 24.100504  -0.940701 -0.042616 -0.336549  0.774438 0.466781 1 1 1.000000
0  -42.547798 15.938248 24.196850  -0.973636 -0.090490 0.209389  0.773461 0.466781 1 1 1.000000
skin_0dam
0  -42.547798 15.938248 24.196850  -0.973636 -0.090490 0.209389  0.773461 0.466781 1 1 1.000000
0  -43.134590 23.996336 24.829987  -0.975060 -0.087134 0.204124  0.769555 0.435530 1 1 1.000000
0  -43.149361 24.009014 24.719877  -0.927681 -0.037447 -0.371490  0.770531 0.435530 1 1 1.000000
skin_0dam
0  -43.161919 24.173702 24.733641  -0.923762 0.138745 -0.356952  0.770531 0.434553 1 1 1.000000
0  -43.149361 24.009014 24.719877  -0.927681 -0.037447 -0.371490  0.770531 0.435530 1 1 1.000000
0  -43.134590 23.996336 24.829987  -0.975060 -0.087134 0.204124  0.769555 0.435530 1 1 1.000000
skin_0dam
0  -43.134590 23.996336 24.829987  -0.975060 -0.087134 0.204124  0.769555 0.435530 1 1 1.000000
0  -43.148193 24.174747 24.843750  -0.980081 0.108214 0.166524  0.769555 0.434553 1 1 1.000000
0  -43.161919 24.173702 24.733641  -0.923762 0.138745 -0.356952  0.770531 0.434553 1 1 1.000000
skin_0dam
0  -34.523960 18.965710 32.014717  -0.381511 0.111727 0.917587  0.727561 0.457015 1 1 1.000000
0  -37.530525 20.379120 31.436634  -0.201629 0.080657 0.976135  0.730491 0.451155 1 1 1.000000
0  -37.530647 20.199661 31.422867  -0.280398 -0.095754 0.955096  0.730491 0.452132 1 1 1.000000
skin_0dam
0  -39.658192 21.127941 30.789732  -0.367345 -0.113398 0.923146  0.734397 0.447249 1 1 1.000000
0  -37.530647 20.199661 31.422867  -0.280398 -0.095754 0.955096  0.730491 0.452132 1 1 1.000000
0  -37.530525 20.379120 31.436634  -0.201629 0.080657 0.976135  0.730491 0.451155 1 1 1.000000
skin_0dam
0  -37.530525 20.379120 31.436634  -0.201629 0.080657 0.976135  0.730491 0.451155 1 1 1.000000
0  -39.671795 21.306355 30.803495  -0.297895 0.064044 0.952448  0.734397 0.446272 1 1 1.000000
0  -39.658192 21.127941 30.789732  -0.367345 -0.113398 0.923146  0.734397 0.447249 1 1 1.000000
skin_0dam
0  -41.098728 21.735901 30.225418  -0.419658 -0.122105 0.899432  0.738304 0.444319 1 1 1.000000
0  -39.658192 21.127941 30.789732  -0.367345 -0.113398 0.923146  0.734397 0.447249 1 1 1.000000
0  -39.671795 21.306355 30.803495  -0.297895 0.064044 0.952448  0.734397 0.446272 1 1 1.000000
skin_0dam
0  -39.671795 21.306355 30.803495  -0.297895 0.064044 0.952448  0.734397 0.446272 1 1 1.000000
0  -41.112331 21.914314 30.239182  -0.364320 0.010451 0.931215  0.738304 0.444319 1 1 1.000000
0  -41.098728 21.735901 30.225418  -0.419658 -0.122105 0.899432  0.738304 0.444319 1 1 1.000000
skin_0dam
0  -41.243294 21.821507 30.170359  -0.735151 -0.114295 0.668199  0.738304 0.444319 1 1 1.000000
0  -41.098728 21.735901 30.225418  -0.419658 -0.122105 0.899432  0.738304 0.444319 1 1 1.000000
0  -41.112331 21.914314 30.239182  -0.364320 0.010451 0.931215  0.738304 0.444319 1 1 1.000000
skin_0dam
0  -41.112331 21.914314 30.239182  -0.364320 0.010451 0.931215  0.738304 0.444319 1 1 1.000000
0  -41.256897 21.999916 30.184122  -0.688630 0.051964 0.723248  0.738304 0.443342 1 1 1.000000
0  -41.243294 21.821507 30.170359  -0.735151 -0.114295 0.668199  0.738304 0.444319 1 1 1.000000
skin_0dam
0  -41.302376 21.872215 30.046484  -0.930903 -0.090114 0.353976  0.739280 0.444319 1 1 1.000000
0  -41.243294 21.821507 30.170359  -0.735151 -0.114295 0.668199  0.738304 0.444319 1 1 1.000000
0  -41.256897 21.999916 30.184122  -0.688630 0.051964 0.723248  0.738304 0.443342 1 1 1.000000
skin_0dam
0  -41.256897 21.999916 30.184122  -0.688630 0.051964 0.723248  0.738304 0.443342 1 1 1.000000
0  -41.302254 22.051672 30.060247  -0.900262 0.083115 0.427342  0.739280 0.443342 1 1 1.000000
0  -41.302376 21.872215 30.046484  -0.930903 -0.090114 0.353976  0.739280 0.444319 1 1 1.000000
skin_0dam
0  -42.303383 23.052040 27.679102  -0.949886 -0.096506 0.297326  0.752953 0.439436 1 1 1.000000
0  -41.302376 21.872215 30.046484  -0.930903 -0.090114 0.353976  0.739280 0.444319 1 1 1.000000
0  -41.302254 22.051672 30.060247  -0.900262 0.083115 0.427342  0.739280 0.443342 1 1 1.000000
skin_0dam
0  -41.302254 22.051672 30.060247  -0.900262 0.083115 0.427342  0.739280 0.443342 1 1 1.000000
0  -42.316986 23.230452 27.692865  -0.926430 0.085047 0.366734  0.752953 0.438459 1 1 1.000000
0  -42.303383 23.052040 27.679102  -0.949886 -0.096506 0.297326  0.752953 0.439436 1 1 1.000000
skin_0dam
0  -43.134590 23.996336 24.829987  -0.975060 -0.087134 0.204124  0.769555 0.435530 1 1 1.000000
0  -42.303383 23.052040 27.679102  -0.949886 -0.096506 0.297326  0.752953 0.439436 1 1 1.000000
0  -42.316986 23.230452 27.692865  -0.926430 0.085047 0.366734  0.752953 0.438459 1 1 1.000000
skin_0dam
0  -42.316986 23.230452 27.692865  -0.926430 0.085047 0.366734  0.752953 0.438459 1 1 1.000000
0  -43.148193 24.174747 24.843750  -0.945067 0.110612 0.307594  0.769555 0.434553 1 1 1.000000
0  -43.134590 23.996336 24.829987  -0.975060 -0.087134 0.204124  0.769555 0.435530 1 1 1.000000
skin_0dam
0  -43.148193 24.174747 24.843750  -0.980081 0.108214 0.166524  0.009766 0.905271 1 1 1.000000
0  -43.092133 24.344669 24.857513  -0.943692 0.284955 0.168065  0.990265 0.905271 1 1 1.000000
0  -43.105858 24.343624 24.747404  -0.881496 0.300902 -0.363900  0.990265 0.904294 1 1 1.000000
skin_0dam
0  -43.105858 24.343624 24.747404  -0.881496 0.300902 -0.363900  0.990265 0.904294 1 1 1.000000
0  -43.161919 24.173702 24.733641  -0.923762 0.138745 -0.356952  0.009766 0.904294 1 1 1.000000
0  -43.148193 24.174747 24.843750  -0.980081 0.108214 0.166524  0.009766 0.905271 1 1 1.000000
skin_0dam
0  -43.161919 24.173702 24.733641  -0.923762 0.138745 -0.356952  0.009766 0.904294 1 1 1.000000
0  -43.105858 24.343624 24.747404  -0.881496 0.300902 -0.363900  0.990265 0.904294 1 1 1.000000
0  -41.934322 24.005032 23.880281  -0.511896 0.325063 -0.795171  0.990265 0.893551 1 1 1.000000
skin_0dam
0  -41.934322 24.005032 23.880281  -0.511896 0.325063 -0.795171  0.990265 0.893551 1 1 1.000000
0  -41.989342 23.821386 23.838991  -0.569959 0.164048 -0.805131  0.009766 0.892575 1 1 1.000000
0  -43.161919 24.173702 24.733641  -0.923762 0.138745 -0.356952  0.009766 0.904294 1 1 1.000000
skin_0dam
0  -41.989342 23.821386 23.838991  -0.967265 0.222211 -0.122554  0.009766 0.892575 1 1 1.000000
0  -41.934322 24.005032 23.880281  -0.928712 0.325686 -0.177265  0.990265 0.893551 1 1 1.000000
0  -41.898102 21.357464 18.842712  -0.921352 0.331949 -0.202288  0.990265 0.828120 1 1 1.000000
skin_0dam
0  -41.898102 21.357464 18.842712  -0.921352 0.331949 -0.202288  0.990265 0.828120 1 1 1.000000
0  -41.965797 21.159050 18.828949  -0.976473 0.173300 -0.128322  0.009766 0.828120 1 1 1.000000
0  -41.989342 23.821386 23.838991  -0.967265 0.222211 -0.122554  0.009766 0.892575 1 1 1.000000
skin_0dam
0  -41.965797 21.159050 18.828949  -0.976473 0.173300 -0.128322  0.009766 0.828120 1 1 1.000000
0  -41.898102 21.357464 18.842712  -0.921352 0.331949 -0.202288  0.990265 0.828120 1 1 1.000000
0  -41.575081 18.207220 13.405991  -0.909507 0.313381 -0.273112  0.990265 0.757805 1 1 1.000000
skin_0dam
0  -41.575081 18.207220 13.405991  -0.909507 0.313381 -0.273112  0.990265 0.757805 1 1 1.000000
0  -41.641731 17.995079 13.378464  -0.964879 0.159323 -0.208864  0.009766 0.756829 1 1 1.000000
0  -41.965797 21.159050 18.828949  -0.976473 0.173300 -0.128322  0.009766 0.828120 1 1 1.000000
skin_0dam
0  -41.641731 17.995079 13.378464  -0.964879 0.159323 -0.208864  0.009766 0.756829 1 1 1.000000
0  -41.575081 18.207220 13.405991  -0.909507 0.313381 -0.273112  0.990265 0.757805 1 1 1.000000
0  -40.648685 14.385184 7.749050  -0.858580 0.397022 -0.324367  0.990265 0.682608 1 1 1.000000
skin_0dam
0  -40.648685 14.385184 7.749050  -0.858580 0.397022 -0.324367  0.990265 0.682608 1 1 1.000000
0  -40.718475 14.214218 7.721521  -0.957137 0.186210 -0.221845  0.009766 0.681631 1 1 1.000000
0  -41.641731 17.995079 13.378464  -0.964879 0.159323 -0.208864  0.009766 0.756829 1 1 1.000000
skin_0dam
0  -40.718475 14.214218 7.721521  -0.957137 0.186210 -0.221845  0.009766 0.681631 1 1 1.000000
0  -40.648685 14.385184 7.749050  -0.858580 0.397022 -0.324367  0.990265 0.682608 1 1 1.000000
0  -40.632870 14.358783 7.583883  -0.927163 0.370996 0.052270  0.990265 0.680654 1 1 1.000000
skin_0dam
0  -40.632870 14.358783 7.583883  -0.927163 0.370996 0.052270  0.990265 0.680654 1 1 1.000000
0  -40.702660 14.187816 7.583883  -0.959717 0.190321 0.206688  0.009766 0.680654 1 1 1.000000
0  -40.718475 14.214218 7.721521  -0.957137 0.186210 -0.221845  0.009766 0.681631 1 1 1.000000
skin_0dam
0  -40.702660 14.187816 7.583883  -0.959717 0.190321 0.206688  0.009766 0.680654 1 1 1.000000
0  -40.632870 14.358783 7.583883  -0.927163 0.370996 0.052270  0.990265 0.680654 1 1 1.000000
0  -40.751156 14.280745 7.460009  -0.808632 0.280287 0.517256  0.990265 0.678701 1 1 1.000000
skin_0dam
0  -40.751156 14.280745 7.460009  -0.808632 0.280287 0.517256  0.990265 0.678701 1 1 1.000000
0  -40.791405 14.084421 7.473773  -0.772732 0.089027 0.628458  0.009766 0.678701 1 1 1.000000
0  -40.702660 14.187816 7.583883  -0.959717 0.190321 0.206688  0.009766 0.680654 1 1 1.000000
skin_0dam
0  -40.791405 14.084421 7.473773  -0.772732 0.089027 0.628458  0.009766 0.678701 1 1 1.000000
0  -40.751156 14.280745 7.460009  -0.808632 0.280287 0.517256  0.990265 0.678701 1 1 1.000000
0  -41.810600 13.330325 6.290082  -0.827461 0.040918 0.560031  0.990265 0.663076 1 1 1.000000
skin_0dam
0  -41.810600 13.330325 6.290082  -0.827461 0.040918 0.560031  0.990265 0.663076 1 1 1.000000
0  -41.819210 13.081201 6.276318  -0.822092 -0.001115 0.569353  0.009766 0.663076 1 1 1.000000
0  -40.791405 14.084421 7.473773  -0.772732 0.089027 0.628458  0.009766 0.678701 1 1 1.000000
skin_0dam
0  -41.819210 13.081201 6.276318  -0.822092 -0.001115 0.569353  0.009766 0.663076 1 1 1.000000
0  -41.810600 13.330325 6.290082  -0.827461 0.040918 0.560031  0.990265 0.663076 1 1 1.000000
0  -41.870846 13.215302 6.152443  -0.962477 0.113325 0.246569  0.990265 0.662099 1 1 1.000000
skin_0dam
0  -41.870846 13.215302 6.152443  -0.962477 0.113325 0.246569  0.990265 0.662099 1 1 1.000000
0  -41.905861 12.950359 6.138680  -0.976901 0.057975 0.205677  0.009766 0.661122 1 1 1.000000
0  -41.819210 13.081201 6.276318  -0.822092 -0.001115 0.569353  0.009766 0.663076 1 1 1.000000
skin_0dam
0  -41.905861 12.950359 6.138680  -0.976901 0.057975 0.205677  0.009766 0.661122 1 1 1.000000
0  -41.870846 13.215302 6.152443  -0.962477 0.113325 0.246569  0.990265 0.662099 1 1 1.000000
0  -41.857243 13.036890 5.959750  -0.953504 0.208202 -0.217904  0.990265 0.659169 1 1 1.000000
skin_0dam
0  -41.857243 13.036890 5.959750  -0.953504 0.208202 -0.217904  0.990265 0.659169 1 1 1.000000
0  -41.908073 12.798348 5.959750  -0.994165 0.044790 -0.098130  0.009766 0.658193 1 1 1.000000
0  -41.905861 12.950359 6.138680  -0.976901 0.057975 0.205677  0.009766 0.661122 1 1 1.000000
skin_0dam
0  -41.908073 12.798348 5.959750  -0.994165 0.044790 -0.098130  0.009766 0.658193 1 1 1.000000
0  -41.857243 13.036890 5.959750  -0.953504 0.208202 -0.217904  0.990265 0.659169 1 1 1.000000
0  -41.677704 11.587377 3.936464  -0.815093 0.443014 -0.373312  0.990265 0.631825 1 1 1.000000
skin_0dam
0  -41.677704 11.587377 3.936464  -0.815093 0.443014 -0.373312  0.990265 0.631825 1 1 1.000000
0  -41.731674 11.390007 3.922701  -0.982451 0.061166 -0.176208  0.009766 0.631825 1 1 1.000000
0  -41.908073 12.798348 5.959750  -0.994165 0.044790 -0.098130  0.009766 0.658193 1 1 1.000000
skin_0dam
0  -41.731674 11.390007 3.922701  -0.982451 0.061166 -0.176208  0.009766 0.631825 1 1 1.000000
0  -41.677704 11.587377 3.936464  -0.815093 0.443014 -0.373312  0.990265 0.631825 1 1 1.000000
0  -41.662933 11.574698 3.840117  -0.787947 0.318304 -0.527088  0.990265 0.630848 1 1 1.000000
skin_0dam
0  -41.662933 11.574698 3.840117  -0.787947 0.318304 -0.527088  0.990265 0.630848 1 1 1.000000
0  -41.705273 11.405824 3.798824  -0.812711 0.139214 -0.565792  0.009766 0.629871 1 1 1.000000
0  -41.731674 11.390007 3.922701  -0.982451 0.061166 -0.176208  0.009766 0.631825 1 1 1.000000
skin_0dam
0  -41.705273 11.405824 3.798824  -0.812711 0.139214 -0.565792  0.009766 0.629871 1 1 1.000000
0  -41.662933 11.574698 3.840117  -0.787947 0.318304 -0.527088  0.990265 0.630848 1 1 1.000000
0  -41.580593 11.580976 3.798824  -0.539446 0.329099 -0.775043  0.990265 0.630848 1 1 1.000000
skin_0dam
0  -41.705273 11.405824 3.798824  -0.812711 0.139214 -0.565792  0.009766 0.629871 1 1 1.000000
0  -41.580593 11.580976 3.798824  -0.539446 0.329099 -0.775043  0.990265 0.630848 1 1 1.000000
0  -41.595482 11.414195 3.730005  -0.562116 0.146015 -0.814067  0.990265 0.629871 1 1 1.000000
skin_0dam
0  -41.678993 11.242184 3.798824  -0.811238 -0.049102 -0.582650  0.009766 0.628895 1 1 1.000000
0  -41.705273 11.405824 3.798824  -0.812711 0.139214 -0.565792  0.009766 0.629871 1 1 1.000000
0  -41.595482 11.414195 3.730005  -0.562116 0.146015 -0.814067  0.990265 0.629871 1 1 1.000000
skin_0dam
0  -41.595482 11.414195 3.730005  -0.562116 0.146015 -0.814067  0.990265 0.629871 1 1 1.000000
0  -41.581879 11.235785 3.730005  -0.561853 -0.023638 -0.826899  0.990265 0.628895 1 1 1.000000
0  -41.678993 11.242184 3.798824  -0.811238 -0.049102 -0.582650  0.009766 0.628895 1 1 1.000000
skin_0dam
0  -41.678993 11.242184 3.798824  -0.811238 -0.049102 -0.582650  0.009766 0.628895 1 1 1.000000
0  -41.581879 11.235785 3.730005  -0.561853 -0.023638 -0.826899  0.990265 0.628895 1 1 1.000000
0  -41.032391 4.210135 3.551077  -0.561755 -0.024682 -0.826935  0.990265 0.582995 1 1 1.000000
skin_0dam
0  -41.032391 4.210135 3.551077  -0.561755 -0.024682 -0.826935  0.990265 0.582995 1 1 1.000000
0  -41.142181 4.201764 3.619894  -0.811129 -0.049842 -0.582740  0.009766 0.582995 1 1 1.000000
0  -41.678993 11.242184 3.798824  -0.811238 -0.049102 -0.582650  0.009766 0.628895 1 1 1.000000
skin_0dam
0  -40.377937 -5.278391 3.413439  -0.810307 -0.011078 -0.585901  0.009766 0.522446 1 1 1.000000
0  -41.142181 4.201764 3.619894  -0.811129 -0.049842 -0.582740  0.009766 0.582995 1 1 1.000000
0  -41.032391 4.210135 3.551077  -0.561755 -0.024682 -0.826935  0.990265 0.582995 1 1 1.000000
skin_0dam
0  -41.032391 4.210135 3.551077  -0.561755 -0.024682 -0.826935  0.990265 0.582995 1 1 1.000000
0  -40.268147 -5.270020 3.344618  -0.562902 0.001405 -0.826523  0.990265 0.522446 1 1 1.000000
0  -40.377937 -5.278391 3.413439  -0.810307 -0.011078 -0.585901  0.009766 0.522446 1 1 1.000000
skin_0dam
0  -40.562061 -15.401750 3.179452  -0.813361 0.019537 -0.581431  0.009766 0.457015 1 1 1.000000
0  -40.377937 -5.278391 3.413439  -0.810307 -0.011078 -0.585901  0.009766 0.522446 1 1 1.000000
0  -40.268147 -5.270020 3.344618  -0.562902 0.001405 -0.826523  0.990265 0.522446 1 1 1.000000
skin_0dam
0  -40.268147 -5.270020 3.344618  -0.562902 0.001405 -0.826523  0.990265 0.522446 1 1 1.000000
0  -40.451950 -15.387986 3.096869  -0.562385 0.022912 -0.826558  0.990265 0.457015 1 1 1.000000
0  -40.562061 -15.401750 3.179452  -0.813361 0.019537 -0.581431  0.009766 0.457015 1 1 1.000000
skin_0dam
0  -40.548294 -24.458363 2.986758  -0.812490 0.010681 -0.582878  0.009766 0.399396 1 1 1.000000
0  -40.562061 -15.401750 3.179452  -0.813361 0.019537 -0.581431  0.009766 0.457015 1 1 1.000000
0  -40.451950 -15.387986 3.096869  -0.562385 0.022912 -0.826558  0.990265 0.457015 1 1 1.000000
skin_0dam
0  -40.451950 -15.387986 3.096869  -0.562385 0.022912 -0.826558  0.990265 0.457015 1 1 1.000000
0  -40.438183 -24.458363 2.917939  -0.561983 0.015594 -0.827002  0.990265 0.399396 1 1 1.000000
0  -40.548294 -24.458363 2.986758  -0.812490 0.010681 -0.582878  0.009766 0.399396 1 1 1.000000
skin_0dam
0  -40.548294 -24.458363 2.986758  -0.812490 0.010681 -0.582878  0.009766 0.399396 1 1 1.000000
0  -40.438183 -24.458363 2.917939  -0.561983 0.015594 -0.827002  0.990265 0.399396 1 1 1.000000
0  -40.438183 -33.047005 2.766536  -0.560212 0.014985 -0.828214  0.990265 0.344707 1 1 1.000000
skin_0dam
0  -40.438183 -33.047005 2.766536  -0.560212 0.014985 -0.828214  0.990265 0.344707 1 1 1.000000
0  -40.548294 -33.033241 2.835356  -0.811867 0.010634 -0.583745  0.009766 0.344707 1 1 1.000000
0  -40.548294 -24.458363 2.986758  -0.812490 0.010681 -0.582878  0.009766 0.399396 1 1 1.000000
skin_0dam
0  -40.548294 -33.212173 2.835356  -0.801469 -0.197255 -0.564569  0.009766 0.343730 1 1 1.000000
0  -40.548294 -33.033241 2.835356  -0.811867 0.010634 -0.583745  0.009766 0.344707 1 1 1.000000
0  -40.438183 -33.047005 2.766536  -0.560212 0.014985 -0.828214  0.990265 0.344707 1 1 1.000000
skin_0dam
0  -40.438183 -33.047005 2.766536  -0.560212 0.014985 -0.828214  0.990265 0.344707 1 1 1.000000
0  -40.438183 -33.225937 2.752773  -0.570564 -0.203926 -0.795532  0.990265 0.342753 1 1 1.000000
0  -40.548294 -33.212173 2.835356  -0.801469 -0.197255 -0.564569  0.009766 0.343730 1 1 1.000000
skin_0dam
0  -40.493240 -33.363575 2.862884  -0.750751 -0.419510 -0.510279  0.990265 0.341777 1 1 1.000000
0  -40.548294 -33.212173 2.835356  -0.801469 -0.197255 -0.564569  0.009766 0.343730 1 1 1.000000
0  -40.438183 -33.225937 2.752773  -0.570564 -0.203926 -0.795532  0.990265 0.342753 1 1 1.000000
skin_0dam
0  -40.438183 -33.225937 2.752773  -0.570564 -0.203926 -0.795532  0.990265 0.342753 1 1 1.000000
0  -40.410656 -33.377338 2.821592  -0.564764 -0.391823 -0.726303  0.990265 0.342753 1 1 1.000000
0  -40.493240 -33.363575 2.862884  -0.750751 -0.419510 -0.510279  0.990265 0.341777 1 1 1.000000
skin_0dam
0  -41.319069 -33.336048 19.544668  -0.932864 -0.351304 0.079682  0.990265 0.133763 1 1 1.000000
0  -41.387890 -33.157112 19.572197  -0.982093 -0.173574 0.073251  0.009766 0.132786 1 1 1.000000
0  -41.511761 -33.404865 15.057653  -0.984977 -0.172682 0.001095  0.009766 0.189428 1 1 1.000000
skin_0dam
0  -41.511761 -33.404865 15.057653  -0.984977 -0.172682 0.001095  0.009766 0.189428 1 1 1.000000
0  -41.442944 -33.570030 15.057653  -0.936571 -0.350446 0.004731  0.990265 0.189428 1 1 1.000000
0  -41.319069 -33.336048 19.544668  -0.932864 -0.351304 0.079682  0.990265 0.133763 1 1 1.000000
skin_0dam
0  -41.442944 -33.570030 15.057653  -0.936571 -0.350446 0.004731  0.990265 0.189428 1 1 1.000000
0  -41.511761 -33.404865 15.057653  -0.984977 -0.172682 0.001095  0.009766 0.189428 1 1 1.000000
0  -41.305305 -33.432392 9.648461  -0.982895 -0.170566 -0.069460  0.009766 0.256813 1 1 1.000000
skin_0dam
0  -41.305305 -33.432392 9.648461  -0.982895 -0.170566 -0.069460  0.009766 0.256813 1 1 1.000000
0  -41.250252 -33.597557 9.648461  -0.933776 -0.351156 -0.068939  0.990265 0.256813 1 1 1.000000
0  -41.442944 -33.570030 15.057653  -0.936571 -0.350446 0.004731  0.990265 0.189428 1 1 1.000000
skin_0dam
0  -41.250252 -33.597557 9.648461  -0.933776 -0.351156 -0.068939  0.990265 0.256813 1 1 1.000000
0  -41.305305 -33.432392 9.648461  -0.982895 -0.170566 -0.069460  0.009766 0.256813 1 1 1.000000
0  -40.740986 -33.253464 3.991519  -0.971292 -0.198445 -0.131188  0.009766 0.328104 1 1 1.000000
skin_0dam
0  -40.740986 -33.253464 3.991519  -0.971292 -0.198445 -0.131188  0.009766 0.328104 1 1 1.000000
0  -40.672165 -33.404865 3.991519  -0.906704 -0.401068 -0.130508  0.990265 0.328104 1 1 1.000000
0  -41.250252 -33.597557 9.648461  -0.933776 -0.351156 -0.068939  0.990265 0.256813 1 1 1.000000
skin_0dam
0  -40.672165 -33.404865 3.991519  -0.906704 -0.401068 -0.130508  0.990265 0.328104 1 1 1.000000
0  -40.740986 -33.253464 3.991519  -0.971292 -0.198445 -0.131188  0.009766 0.328104 1 1 1.000000
0  -40.575821 -33.225937 2.959231  -0.952911 -0.215610 -0.213245  0.009766 0.340800 1 1 1.000000
skin_0dam
0  -40.575821 -33.225937 2.959231  -0.952911 -0.215610 -0.213245  0.009766 0.340800 1 1 1.000000
0  -40.507004 -33.363575 2.972994  -0.884395 -0.423357 -0.196507  0.990265 0.340800 1 1 1.000000
0  -40.672165 -33.404865 3.991519  -0.906704 -0.401068 -0.130508  0.990265 0.328104 1 1 1.000000
skin_0dam
0  -40.507004 -33.363575 2.972994  -0.884395 -0.423357 -0.196507  0.990265 0.340800 1 1 1.000000
0  -40.575821 -33.225937 2.959231  -0.952911 -0.215610 -0.213245  0.009766 0.340800 1 1 1.000000
0  -40.548294 -33.212173 2.835356  -0.801469 -0.197255 -0.564569  0.009766 0.343730 1 1 1.000000
skin_0dam
0  -40.548294 -33.212173 2.835356  -0.801469 -0.197255 -0.564569  0.009766 0.343730 1 1 1.000000
0  -40.493240 -33.363575 2.862884  -0.750751 -0.419510 -0.510279  0.990265 0.341777 1 1 1.000000
0  -40.507004 -33.363575 2.972994  -0.884395 -0.423357 -0.196507  0.990265 0.340800 1 1 1.000000
skin_0dam
0  -36.240208 -29.743679 28.656334  -0.599219 -0.233379 0.765814  0.990265 0.019501 1 1 1.000000
0  -36.281502 -29.537220 28.683863  -0.681335 -0.088532 0.726598  0.009766 0.019501 1 1 1.000000
0  -36.914639 -30.101536 28.023197  -0.526815 -0.195405 0.827214  0.009766 0.027314 1 1 1.000000
skin_0dam
0  -36.914639 -30.101536 28.023197  -0.526815 -0.195405 0.827214  0.009766 0.027314 1 1 1.000000
0  -36.887112 -30.294233 27.954380  -0.381256 -0.346700 0.856996  0.990265 0.028291 1 1 1.000000
0  -36.240208 -29.743679 28.656334  -0.599219 -0.233379 0.765814  0.990265 0.019501 1 1 1.000000
skin_0dam
0  -36.887112 -30.294233 27.954380  -0.381256 -0.346700 0.856996  0.990265 0.028291 1 1 1.000000
0  -36.914639 -30.101536 28.023197  -0.526815 -0.195405 0.827214  0.009766 0.027314 1 1 1.000000
0  -38.346077 -31.092535 27.156076  -0.455577 -0.170327 0.873750  0.009766 0.038057 1 1 1.000000
skin_0dam
0  -38.346077 -31.092535 27.156076  -0.455577 -0.170327 0.873750  0.009766 0.038057 1 1 1.000000
0  -38.346077 -31.326525 27.073496  -0.373568 -0.317304 0.871645  0.990265 0.039033 1 1 1.000000
0  -36.887112 -30.294233 27.954380  -0.381256 -0.346700 0.856996  0.990265 0.028291 1 1 1.000000
skin_0dam
0  -38.346077 -31.326525 27.073496  -0.373568 -0.317304 0.871645  0.990265 0.039033 1 1 1.000000
0  -38.346077 -31.092535 27.156076  -0.455577 -0.170327 0.873750  0.009766 0.038057 1 1 1.000000
0  -39.626118 -31.959658 26.247663  -0.548904 -0.069748 0.832971  0.009766 0.049776 1 1 1.000000
skin_0dam
0  -39.626118 -31.959658 26.247663  -0.548904 -0.069748 0.832971  0.009766 0.049776 1 1 1.000000
0  -39.736225 -32.262463 26.137552  -0.632412 -0.164439 0.756978  0.990265 0.051729 1 1 1.000000
0  -38.346077 -31.326525 27.073496  -0.373568 -0.317304 0.871645  0.990265 0.039033 1 1 1.000000
skin_0dam
0  -39.736225 -32.262463 26.137552  -0.632412 -0.164439 0.756978  0.990265 0.051729 1 1 1.000000
0  -39.626118 -31.959658 26.247663  -0.548904 -0.069748 0.832971  0.009766 0.049776 1 1 1.000000
0  -39.763752 -32.069771 26.137552  -0.660416 -0.065174 0.748067  0.009766 0.050752 1 1 1.000000
skin_0dam
0  -39.736225 -32.262463 26.137552  -0.632412 -0.164439 0.756978  0.990265 0.051729 1 1 1.000000
0  -39.763752 -32.069771 26.137552  -0.660416 -0.065174 0.748067  0.009766 0.050752 1 1 1.000000
0  -39.846336 -32.124828 26.041206  -0.737616 -0.068917 0.671694  0.009766 0.052705 1 1 1.000000
skin_0dam
0  -39.736225 -32.262463 26.137552  -0.632412 -0.164439 0.756978  0.990265 0.051729 1 1 1.000000
0  -39.846336 -32.124828 26.041206  -0.737616 -0.068917 0.671694  0.009766 0.052705 1 1 1.000000
0  -40.300545 -32.358814 25.531942  -0.796381 -0.164844 0.581897  0.009766 0.058565 1 1 1.000000
skin_0dam
0  -40.300545 -32.358814 25.531942  -0.796381 -0.164844 0.581897  0.009766 0.058565 1 1 1.000000
0  -40.245491 -32.551506 25.490650  -0.747999 -0.342642 0.568414  0.990265 0.059542 1 1 1.000000
0  -39.736225 -32.262463 26.137552  -0.632412 -0.164439 0.756978  0.990265 0.051729 1 1 1.000000
skin_0dam
0  -40.245491 -32.551506 25.490650  -0.747999 -0.342642 0.568414  0.990265 0.059542 1 1 1.000000
0  -40.300545 -32.358814 25.531942  -0.796381 -0.164844 0.581897  0.009766 0.058565 1 1 1.000000
0  -40.754749 -32.579033 24.637293  -0.857800 -0.201073 0.473021  0.009766 0.070284 1 1 1.000000
skin_0dam
0  -40.754749 -32.579033 24.637293  -0.857800 -0.201073 0.473021  0.009766 0.070284 1 1 1.000000
0  -40.768513 -32.785492 24.430836  -0.878796 -0.367818 0.304020  0.990265 0.072237 1 1 1.000000
0  -40.245491 -32.551506 25.490650  -0.747999 -0.342642 0.568414  0.990265 0.059542 1 1 1.000000
skin_0dam
0  -40.768513 -32.785492 24.430836  -0.878796 -0.367818 0.304020  0.990265 0.072237 1 1 1.000000
0  -40.754749 -32.579033 24.637293  -0.857800 -0.201073 0.473021  0.009766 0.070284 1 1 1.000000
0  -40.837337 -32.620323 24.472126  -0.931857 -0.187074 0.310879  0.009766 0.072237 1 1 1.000000
skin_0dam
0  -40.837337 -32.620323 24.472126  -0.931857 -0.187074 0.310879  0.009766 0.072237 1 1 1.000000
0  -40.864864 -32.634087 24.265671  -0.973281 -0.169816 0.154556  0.009766 0.074190 1 1 1.000000
0  -40.768513 -32.785492 24.430836  -0.878796 -0.367818 0.304020  0.990265 0.072237 1 1 1.000000
skin_0dam
0  -40.768513 -32.785492 24.430836  -0.878796 -0.367818 0.304020  0.990265 0.072237 1 1 1.000000
0  -40.864864 -32.634087 24.265671  -0.973281 -0.169816 0.154556  0.009766 0.074190 1 1 1.000000
0  -41.126377 -32.840546 22.380022  -0.976737 -0.169451 0.131417  0.009766 0.098605 1 1 1.000000
skin_0dam
0  -41.126377 -32.840546 22.380022  -0.976737 -0.169451 0.131417  0.009766 0.098605 1 1 1.000000
0  -41.057556 -33.019478 22.352495  -0.925195 -0.351601 0.142794  0.990265 0.098605 1 1 1.000000
0  -40.768513 -32.785492 24.430836  -0.878796 -0.367818 0.304020  0.990265 0.072237 1 1 1.000000
skin_0dam
0  -41.057556 -33.019478 22.352495  -0.925195 -0.351601 0.142794  0.990265 0.098605 1 1 1.000000
0  -41.126377 -32.840546 22.380022  -0.976737 -0.169451 0.131417  0.009766 0.098605 1 1 1.000000
0  -41.387890 -33.157112 19.572197  -0.982093 -0.173574 0.073251  0.009766 0.132786 1 1 1.000000
skin_0dam
0  -41.387890 -33.157112 19.572197  -0.982093 -0.173574 0.073251  0.009766 0.132786 1 1 1.000000
0  -41.319069 -33.336048 19.544668  -0.932864 -0.351304 0.079682  0.990265 0.133763 1 1 1.000000
0  -41.057556 -33.019478 22.352495  -0.925195 -0.351601 0.142794  0.990265 0.098605 1 1 1.000000
badges
0  -41.854069 14.624569 23.426075  -0.623623 0.021043 -0.781442  0.046876 0.637684 1 1 1.000000
0  -42.471649 14.577479 23.907808  -0.621606 0.022600 -0.783004  0.048830 0.799799 1 1 1.000000
0  -42.598267 16.238085 24.045446  -0.626922 0.012217 -0.778986  0.212897 0.799799 1 1 1.000000
badges
0  -42.598267 16.238085 24.045446  -0.626922 0.012217 -0.778986  0.212897 0.799799 1 1 1.000000
0  -41.912067 16.290405 23.494894  -0.623347 0.012810 -0.781841  0.210944 0.637684 1 1 1.000000
0  -41.854069 14.624569 23.426075  -0.623623 0.021043 -0.781442  0.046876 0.637684 1 1 1.000000
badges
0  -41.912067 16.290405 23.494894  -0.623347 0.012810 -0.781841  0.210944 0.637684 1 1 1.000000
0  -42.598267 16.238085 24.045446  -0.626922 0.012217 -0.778986  0.212897 0.799799 1 1 1.000000
0  -43.223095 24.251862 24.623528  -0.554222 0.025714 -0.831972  0.999054 0.799799 1 1 1.000000
badges
0  -43.223095 24.251862 24.623528  -0.554222 0.025714 -0.831972  0.999054 0.799799 1 1 1.000000
0  -41.995621 23.903730 23.811464  -0.546815 0.027684 -0.836796  0.763695 0.637684 1 1 1.000000
0  -41.912067 16.290405 23.494894  -0.623347 0.012810 -0.781841  0.210944 0.637684 1 1 1.000000
doorline
0  -42.179337 15.993952 25.779690  -0.951280 -0.118236 0.284756  0.265633 0.156224 1 1 1.000000
0  -42.203403 16.309605 25.820984  -0.951298 -0.119279 0.284261  0.515641 0.156224 1 1 1.000000
0  -42.427177 16.347755 25.063971  -0.964928 -0.111672 0.237578  0.515641 0.124973 1 1 1.000000
doorline
0  -42.427177 16.347755 25.063971  -0.964928 -0.111672 0.237578  0.515641 0.124973 1 1 1.000000
0  -42.404156 16.045826 25.022680  -0.965297 -0.111569 0.236125  0.265633 0.124973 1 1 1.000000
0  -42.179337 15.993952 25.779690  -0.951280 -0.118236 0.284756  0.265633 0.156224 1 1 1.000000
doorline
0  -42.404156 16.045826 25.022680  -0.965297 -0.111569 0.236125  0.265633 0.124973 1 1 1.000000
0  -42.427177 16.347755 25.063971  -0.964928 -0.111672 0.237578  0.515641 0.124973 1 1 1.000000
0  -42.624546 16.401728 24.059210  -0.976311 -0.111506 0.185429  0.515641 0.093722 1 1 1.000000
doorline
0  -42.624546 16.401728 24.059210  -0.976311 -0.111506 0.185429  0.515641 0.093722 1 1 1.000000
0  -42.601524 16.099796 24.031683  -0.976267 -0.112591 0.185001  0.265633 0.093722 1 1 1.000000
0  -42.404156 16.045826 25.022680  -0.965297 -0.111569 0.236125  0.265633 0.124973 1 1 1.000000
doorline
0  -42.140141 16.203997 25.944857  -0.972686 -0.090480 0.213765  0.265633 0.312479 1 1 1.000000
0  -42.667168 23.659275 26.701870  -0.976781 -0.088066 0.195305  0.265633 0.437483 1 1 1.000000
0  -42.730438 23.764881 26.399067  -0.976652 -0.088087 0.195935  0.500015 0.437483 1 1 1.000000
doorline
0  -42.730438 23.764881 26.399067  -0.976652 -0.088087 0.195935  0.500015 0.437483 1 1 1.000000
0  -42.208755 16.198765 25.642054  -0.971839 -0.090159 0.217716  0.500015 0.312479 1 1 1.000000
0  -42.140141 16.203997 25.944857  -0.972686 -0.090480 0.213765  0.265633 0.312479 1 1 1.000000
doorline
0  -42.082825 15.090258 25.765926  -0.964006 -0.107030 0.243385  0.265633 0.281228 1 1 1.000000
0  -42.140141 16.203997 25.944857  -0.972686 -0.090480 0.213765  0.265633 0.312479 1 1 1.000000
0  -42.208755 16.198765 25.642054  -0.971839 -0.090159 0.217716  0.500015 0.312479 1 1 1.000000
doorline
0  -42.208755 16.198765 25.642054  -0.971839 -0.090159 0.217716  0.500015 0.312479 1 1 1.000000
0  -42.170406 15.152601 25.435596  -0.962906 -0.112847 0.245106  0.500015 0.281228 1 1 1.000000
0  -42.082825 15.090258 25.765926  -0.964006 -0.107030 0.243385  0.265633 0.281228 1 1 1.000000
doorline
0  -42.109596 14.536067 25.325487  -0.959789 -0.118203 0.254623  0.265633 0.281228 1 1 1.000000
0  -42.082825 15.090258 25.765926  -0.964006 -0.107030 0.243385  0.265633 0.281228 1 1 1.000000
0  -42.170406 15.152601 25.435596  -0.962906 -0.112847 0.245106  0.500015 0.281228 1 1 1.000000
doorline
0  -42.170406 15.152601 25.435596  -0.962906 -0.112847 0.245106  0.500015 0.281228 1 1 1.000000
0  -42.199142 14.805313 25.132793  -0.958214 -0.121532 0.258951  0.500015 0.281228 1 1 1.000000
0  -42.109596 14.536067 25.325487  -0.959789 -0.118203 0.254623  0.265633 0.281228 1 1 1.000000
doorline
0  -42.268120 14.261707 24.651056  -0.954232 -0.129329 0.269658  0.265633 0.281228 1 1 1.000000
0  -42.109596 14.536067 25.325487  -0.959789 -0.118203 0.254623  0.265633 0.281228 1 1 1.000000
0  -42.199142 14.805313 25.132793  -0.958214 -0.121532 0.258951  0.500015 0.281228 1 1 1.000000
doorline
0  -42.199142 14.805313 25.132793  -0.958214 -0.121532 0.258951  0.500015 0.281228 1 1 1.000000
0  -42.323822 14.630161 24.678583  -0.951034 -0.130316 0.280271  0.500015 0.281228 1 1 1.000000
0  -42.268120 14.261707 24.651056  -0.954232 -0.129329 0.269658  0.265633 0.281228 1 1 1.000000
doorline
0  -42.477119 14.287182 23.880281  -0.964387 -0.106067 0.242297  0.265633 0.281228 1 1 1.000000
0  -42.268120 14.261707 24.651056  -0.954232 -0.129329 0.269658  0.265633 0.281228 1 1 1.000000
0  -42.323822 14.630161 24.678583  -0.951034 -0.130316 0.280271  0.500015 0.281228 1 1 1.000000
doorline
0  -42.323822 14.630161 24.678583  -0.951034 -0.130316 0.280271  0.500015 0.281228 1 1 1.000000
0  -42.518051 14.642962 23.880281  -0.966459 -0.095729 0.238314  0.500015 0.281228 1 1 1.000000
0  -42.477119 14.287182 23.880281  -0.964387 -0.106067 0.242297  0.265633 0.281228 1 1 1.000000
end
