version 1
nodes
0 "blender_implicit" -1
1 "root" -1
2 "steering_wheel" 1
end
skeleton
time 0
0  0.000000 0.000000 0.000000  0.000000 -0.000000 0.000000
1  0.000000 0.000000 0.000000  1.570796 -0.000000 0.000000
2  16.702593 33.588795 6.160704  0.000000 -0.000000 0.000000
end
triangles
brakelight2lit
0  27.724979 103.386787 27.154308  0.689283 0.720963 0.071427  0.480200 0.803900 1 1 1.000000
0  27.369457 103.742348 27.016665  0.689287 0.720964 0.071379  0.481500 0.804100 1 1 1.000000
0  27.185902 103.879951 27.337820  0.689284 0.720962 0.071427  0.482100 0.803600 1 1 1.000000
brakelight2lit
0  -30.873899 97.881287 33.244694  0.948699 -0.282781 -0.141440  0.615700 0.265000 1 1 1.000000
0  -30.495373 102.365936 27.200165  0.949104 -0.281769 -0.140740  0.619800 0.700200 1 1 1.000000
0  -30.483919 102.549454 27.326311  0.998365 -0.054962 0.015712  0.607700 0.707800 1 1 1.000000
brakelight2lit
0  -31.022999 101.115768 27.636011  0.836906 -0.469346 -0.281606  0.634600 0.606800 1 1 1.000000
0  -30.495373 102.365936 27.200165  0.949104 -0.281769 -0.140740  0.619800 0.700200 1 1 1.000000
0  -30.873899 97.881287 33.244694  0.948699 -0.282781 -0.141440  0.615700 0.265000 1 1 1.000000
brakelight2lit
0  -31.665316 97.158699 32.407413  0.836924 -0.469327 -0.281584  0.683100 0.232600 1 1 1.000000
0  -31.022999 101.115768 27.636011  0.836906 -0.469346 -0.281606  0.634600 0.606800 1 1 1.000000
0  -30.873899 97.881287 33.244694  0.948699 -0.282781 -0.141440  0.615700 0.265000 1 1 1.000000
brakelight2lit
0  -31.321199 100.335815 27.991581  0.855880 -0.447597 -0.259089  0.638600 0.546900 1 1 1.000000
0  -31.022999 101.115768 27.636011  0.836906 -0.469346 -0.281606  0.634600 0.606800 1 1 1.000000
0  -31.665316 97.158699 32.407413  0.836924 -0.469327 -0.281584  0.683100 0.232600 1 1 1.000000
brakelight2lit
0  -31.745592 97.456902 31.661909  0.855917 -0.447512 -0.259113  0.721700 0.269600 1 1 1.000000
0  -31.321199 100.335815 27.991581  0.855880 -0.447597 -0.259089  0.638600 0.546900 1 1 1.000000
0  -31.665316 97.158699 32.407413  0.836924 -0.469327 -0.281584  0.683100 0.232600 1 1 1.000000
brakelight2lit
0  25.947182 99.659096 33.588814  -0.810977 -0.511793 -0.283520  0.615200 0.216800 1 1 1.000000
0  26.853287 99.280609 31.902752  -0.810980 -0.511795 -0.283507  0.756900 0.234400 1 1 1.000000
0  26.692730 99.074135 32.740078  -0.774386 -0.561168 -0.292261  0.706500 0.195400 1 1 1.000000
brakelight2lit
0  26.853287 99.280609 31.902752  -0.810980 -0.511795 -0.283507  0.756900 0.234400 1 1 1.000000
0  25.947182 99.659096 33.588814  -0.810977 -0.511793 -0.283520  0.615200 0.216800 1 1 1.000000
0  26.405987 102.343033 27.980133  -0.844888 -0.458005 -0.276397  0.685300 0.568100 1 1 1.000000
brakelight2lit
0  25.947182 99.659096 33.588814  -0.810977 -0.511793 -0.283520  0.615200 0.216800 1 1 1.000000
0  25.660437 104.396118 27.257544  -0.844893 -0.457564 -0.277112  0.615200 0.734400 1 1 1.000000
0  26.405987 102.343033 27.980133  -0.844888 -0.458005 -0.276397  0.685300 0.568100 1 1 1.000000
brakelight2lit
0  25.660437 104.396118 27.257544  -0.844893 -0.457564 -0.277112  0.615200 0.734400 1 1 1.000000
0  25.557203 104.361710 27.131351  -0.844872 -0.458048 -0.276374  0.626000 0.739400 1 1 1.000000
0  26.405987 102.343033 27.980133  -0.844888 -0.458005 -0.276397  0.685300 0.568100 1 1 1.000000
brakelight2lit
0  25.557203 104.361710 27.131351  -0.844872 -0.458048 -0.276374  0.626000 0.739400 1 1 1.000000
0  26.119240 103.077080 27.658978  -0.845176 -0.457859 -0.275760  0.678000 0.630300 1 1 1.000000
0  26.405987 102.343033 27.980133  -0.844888 -0.458005 -0.276397  0.685300 0.568100 1 1 1.000000
brakelight2lit
0  29.743656 97.858383 32.338604  -0.276904 0.743436 -0.608791  0.239600 0.979500 1 1 1.000000
0  29.560146 97.720741 32.258324  -0.276715 0.743434 -0.608880  0.240100 0.979800 1 1 1.000000
0  29.181664 98.202446 33.026779  -0.118698 0.648817 -0.751630  0.241500 0.977100 1 1 1.000000
brakelight2lit
0  29.560146 97.720741 32.258324  -0.276715 0.743434 -0.608880  0.240100 0.979800 1 1 1.000000
0  29.009609 98.064804 32.946503  -0.118686 0.648823 -0.751626  0.242100 0.977400 1 1 1.000000
0  29.181664 98.202446 33.026779  -0.118698 0.648817 -0.751630  0.241500 0.977100 1 1 1.000000
brakelight2lit
0  29.181664 98.202446 33.026779  -0.118698 0.648817 -0.751630  0.241500 0.977100 1 1 1.000000
0  29.009609 98.064804 32.946503  -0.118686 0.648823 -0.751626  0.242100 0.977400 1 1 1.000000
0  27.793804 99.613220 33.841148  0.094596 0.575604 -0.812238  0.246300 0.974200 1 1 1.000000
brakelight2lit
0  29.009609 98.064804 32.946503  -0.118686 0.648823 -0.751626  0.242100 0.977400 1 1 1.000000
0  27.713528 99.464127 33.726460  0.078599 0.558441 -0.825812  0.246600 0.974600 1 1 1.000000
0  27.793804 99.613220 33.841148  0.094596 0.575604 -0.812238  0.246300 0.974200 1 1 1.000000
brakelight2lit
0  26.761555 100.186714 34.185261  0.125721 0.613223 -0.779841  0.249900 0.973000 1 1 1.000000
0  27.025345 100.106438 34.104939  0.125874 0.614000 -0.779204  0.249000 0.973300 1 1 1.000000
0  25.580158 100.530777 34.196716  0.125890 0.613968 -0.779227  0.254000 0.973000 1 1 1.000000
brakelight2lit
0  27.025345 100.106438 34.104939  0.125874 0.614000 -0.779204  0.249000 0.973300 1 1 1.000000
0  27.656158 99.716461 33.921429  0.126266 0.614177 -0.779002  0.246800 0.974000 1 1 1.000000
0  25.580158 100.530777 34.196716  0.125890 0.613968 -0.779227  0.254000 0.973000 1 1 1.000000
brakelight2lit
0  27.656158 99.716461 33.921429  0.126266 0.614177 -0.779002  0.246800 0.974000 1 1 1.000000
0  27.793804 99.613220 33.841148  0.094596 0.575604 -0.812238  0.246300 0.974200 1 1 1.000000
0  25.580158 100.530777 34.196716  0.125890 0.613968 -0.779227  0.254000 0.973000 1 1 1.000000
brakelight2lit
0  27.793804 99.613220 33.841148  0.094596 0.575604 -0.812238  0.246300 0.974200 1 1 1.000000
0  25.843948 99.704994 33.634682  0.055093 0.669709 -0.740577  0.253100 0.975000 1 1 1.000000
0  25.580158 100.530777 34.196716  0.125890 0.613968 -0.779227  0.254000 0.973000 1 1 1.000000
brakelight2lit
0  27.793804 99.613220 33.841148  0.094596 0.575604 -0.812238  0.246300 0.974200 1 1 1.000000
0  27.713528 99.464127 33.726460  0.078599 0.558441 -0.825812  0.246600 0.974600 1 1 1.000000
0  25.843948 99.704994 33.634682  0.055093 0.669709 -0.740577  0.253100 0.975000 1 1 1.000000
brakelight2lit
0  27.713528 99.464127 33.726460  0.078599 0.558441 -0.825812  0.246600 0.974600 1 1 1.000000
0  25.947182 99.659096 33.588814  0.015817 0.695462 -0.718389  0.252700 0.975100 1 1 1.000000
0  25.843948 99.704994 33.634682  0.055093 0.669709 -0.740577  0.253100 0.975000 1 1 1.000000
brakelight2lit
0  25.843948 99.704994 33.634682  0.055093 0.669709 -0.740577  0.253100 0.975000 1 1 1.000000
0  25.947182 99.659096 33.588814  0.015817 0.695462 -0.718389  0.252700 0.975100 1 1 1.000000
0  26.497719 98.970909 32.671253  -0.078816 0.772297 -0.630353  0.250800 0.978300 1 1 1.000000
brakelight2lit
0  25.947182 99.659096 33.588814  0.015817 0.695462 -0.718389  0.252700 0.975100 1 1 1.000000
0  26.692730 99.074135 32.740078  -0.078721 0.772295 -0.630367  0.250100 0.978100 1 1 1.000000
0  26.497719 98.970909 32.671253  -0.078816 0.772297 -0.630353  0.250800 0.978300 1 1 1.000000
brakelight2lit
0  25.843948 99.704994 33.634682  0.055093 0.669709 -0.740577  0.253100 0.975000 1 1 1.000000
0  25.453966 100.381683 34.070526  0.126007 0.613987 -0.779193  0.254500 0.973400 1 1 1.000000
0  25.580158 100.530777 34.196716  0.125890 0.613968 -0.779227  0.254000 0.973000 1 1 1.000000
brakelight2lit
0  -20.895210 105.933044 27.303400  0.825835 0.519118 -0.220258  0.245200 0.952400 1 1 1.000000
0  -20.849342 105.806892 27.165756  0.825813 0.519209 -0.220127  0.245600 0.952900 1 1 1.000000
0  -20.895210 105.852768 27.096933  0.825883 0.519083 -0.220158  0.245500 0.953100 1 1 1.000000
brakelight2lit
0  20.854624 105.806892 27.165762  -0.822347 -0.482906 -0.300910  0.627700 0.706500 1 1 1.000000
0  21.164326 105.026939 27.716299  -0.762205 -0.542217 -0.353616  0.710100 0.631000 1 1 1.000000
0  21.542807 101.218964 32.728577  -0.822672 -0.482525 -0.300633  0.700900 0.214900 1 1 1.000000
brakelight2lit
0  21.542807 101.218964 32.728577  -0.822672 -0.482525 -0.300633  0.700900 0.214900 1 1 1.000000
0  21.198690 101.092812 33.703503  -0.875932 -0.410823 -0.252917  0.617600 0.183000 1 1 1.000000
0  20.854624 105.806892 27.165762  -0.822347 -0.482906 -0.300910  0.627700 0.706500 1 1 1.000000
brakelight2lit
0  21.198690 101.092812 33.703503  -0.875932 -0.410823 -0.252917  0.617600 0.183000 1 1 1.000000
0  20.900492 105.933044 27.303406  -0.875896 -0.410658 -0.253311  0.614100 0.710400 1 1 1.000000
0  20.854624 105.806892 27.165762  -0.822347 -0.482906 -0.300910  0.627700 0.706500 1 1 1.000000
brakelight2lit
0  30.500660 102.365936 27.200174  -0.948277 -0.283992 -0.141842  0.619800 0.700200 1 1 1.000000
0  30.879185 97.881287 33.244705  -0.947908 -0.284875 -0.142540  0.615700 0.265000 1 1 1.000000
0  30.489204 102.549454 27.326321  -0.998338 -0.055417 0.015816  0.607700 0.707800 1 1 1.000000
brakelight2lit
0  30.500660 102.365936 27.200174  -0.948277 -0.283992 -0.141842  0.619800 0.700200 1 1 1.000000
0  31.028282 101.115768 27.636021  -0.834551 -0.472397 -0.283488  0.634600 0.606800 1 1 1.000000
0  30.879185 97.881287 33.244705  -0.947908 -0.284875 -0.142540  0.615700 0.265000 1 1 1.000000
brakelight2lit
0  31.028282 101.115768 27.636021  -0.834551 -0.472397 -0.283488  0.634600 0.606800 1 1 1.000000
0  31.670601 97.158699 32.407425  -0.834560 -0.472397 -0.283462  0.683100 0.232600 1 1 1.000000
0  30.879185 97.881287 33.244705  -0.947908 -0.284875 -0.142540  0.615700 0.265000 1 1 1.000000
brakelight2lit
0  31.028282 101.115768 27.636021  -0.834551 -0.472397 -0.283488  0.634600 0.606800 1 1 1.000000
0  31.326485 100.335815 27.991590  -0.853775 -0.450607 -0.260810  0.638600 0.546900 1 1 1.000000
0  31.670601 97.158699 32.407425  -0.834560 -0.472397 -0.283462  0.683100 0.232600 1 1 1.000000
brakelight2lit
0  31.326485 100.335815 27.991590  -0.853775 -0.450607 -0.260810  0.638600 0.546900 1 1 1.000000
0  31.750877 97.456902 31.661919  -0.853797 -0.450578 -0.260787  0.721700 0.269600 1 1 1.000000
0  31.670601 97.158699 32.407425  -0.834560 -0.472397 -0.283462  0.683100 0.232600 1 1 1.000000
brakelight2lit
0  -32.766384 101.023994 27.165754  -0.747683 0.485173 0.453406  0.481100 0.804500 1 1 1.000000
0  -32.066750 101.953056 27.314856  -0.747685 0.485171 0.453406  0.483500 0.804200 1 1 1.000000
0  -32.502594 101.471336 27.108389  -0.747703 0.485150 0.453399  0.482000 0.804500 1 1 1.000000
brakelight2lit
0  -25.448687 100.381683 34.070518  -0.118218 0.614594 -0.779935  0.254500 0.973400 1 1 1.000000
0  -25.850166 99.704994 33.634674  -0.047252 0.669930 -0.740919  0.253100 0.975000 1 1 1.000000
0  -25.586332 100.530777 34.196709  -0.118205 0.614462 -0.780041  0.254000 0.973000 1 1 1.000000
brakelight2lit
0  -25.850166 99.704994 33.634674  -0.047252 0.669930 -0.740919  0.253100 0.975000 1 1 1.000000
0  -27.800020 99.613220 33.841141  -0.086791 0.576069 -0.812781  0.246300 0.974200 1 1 1.000000
0  -25.586332 100.530777 34.196709  -0.118205 0.614462 -0.780041  0.254000 0.973000 1 1 1.000000
brakelight2lit
0  -27.800020 99.613220 33.841141  -0.086791 0.576069 -0.812781  0.246300 0.974200 1 1 1.000000
0  -27.650875 99.716461 33.921421  -0.118437 0.614871 -0.779684  0.246800 0.974000 1 1 1.000000
0  -25.586332 100.530777 34.196709  -0.118205 0.614462 -0.780041  0.254000 0.973000 1 1 1.000000
brakelight2lit
0  -27.650875 99.716461 33.921421  -0.118437 0.614871 -0.779684  0.246800 0.974000 1 1 1.000000
0  -27.020061 100.106438 34.104931  -0.118195 0.614578 -0.779951  0.249000 0.973300 1 1 1.000000
0  -25.586332 100.530777 34.196709  -0.118205 0.614462 -0.780041  0.254000 0.973000 1 1 1.000000
brakelight2lit
0  -27.020061 100.106438 34.104931  -0.118195 0.614578 -0.779951  0.249000 0.973300 1 1 1.000000
0  -26.756271 100.186714 34.185253  -0.118861 0.613985 -0.780317  0.249900 0.973000 1 1 1.000000
0  -25.586332 100.530777 34.196709  -0.118205 0.614462 -0.780041  0.254000 0.973000 1 1 1.000000
brakelight2lit
0  -26.687449 99.074135 32.740070  0.086701 0.771739 -0.630002  0.250100 0.978100 1 1 1.000000
0  -25.953356 99.659096 33.588806  -0.007311 0.695318 -0.718665  0.252700 0.975100 1 1 1.000000
0  -26.492437 98.970909 32.671246  0.086654 0.771751 -0.629993  0.250800 0.978300 1 1 1.000000
brakelight2lit
0  -25.953356 99.659096 33.588806  -0.008184 0.695510 -0.718470  0.252700 0.975100 1 1 1.000000
0  -25.850166 99.704994 33.634674  -0.047252 0.669930 -0.740919  0.253100 0.975000 1 1 1.000000
0  -26.492437 98.970909 32.671246  0.086031 0.771969 -0.629811  0.250800 0.978300 1 1 1.000000
brakelight2lit
0  -25.953356 99.659096 33.588806  -0.008184 0.695510 -0.718470  0.252700 0.975100 1 1 1.000000
0  -27.708242 99.464127 33.726452  -0.070898 0.558799 -0.826267  0.246600 0.974600 1 1 1.000000
0  -25.850166 99.704994 33.634674  -0.047252 0.669930 -0.740919  0.253100 0.975000 1 1 1.000000
brakelight2lit
0  -27.708242 99.464127 33.726452  -0.070898 0.558799 -0.826267  0.246600 0.974600 1 1 1.000000
0  -27.800020 99.613220 33.841141  -0.086791 0.576069 -0.812781  0.246300 0.974200 1 1 1.000000
0  -25.850166 99.704994 33.634674  -0.047252 0.669930 -0.740919  0.253100 0.975000 1 1 1.000000
brakelight2lit
0  -27.708242 99.464127 33.726452  -0.070898 0.558799 -0.826267  0.246600 0.974600 1 1 1.000000
0  -29.004326 98.064804 32.946495  0.126495 0.648175 -0.750912  0.242100 0.977400 1 1 1.000000
0  -27.800020 99.613220 33.841141  -0.086791 0.576069 -0.812781  0.246300 0.974200 1 1 1.000000
brakelight2lit
0  -29.004326 98.064804 32.946495  0.126495 0.648175 -0.750912  0.242100 0.977400 1 1 1.000000
0  -29.176382 98.202446 33.026772  0.126502 0.648168 -0.750916  0.241500 0.977100 1 1 1.000000
0  -27.800020 99.613220 33.841141  -0.086791 0.576069 -0.812781  0.246300 0.974200 1 1 1.000000
brakelight2lit
0  -29.004326 98.064804 32.946495  0.126495 0.648175 -0.750912  0.242100 0.977400 1 1 1.000000
0  -29.566360 97.720741 32.258312  0.283991 0.741823 -0.607492  0.240100 0.979800 1 1 1.000000
0  -29.176382 98.202446 33.026772  0.126502 0.648168 -0.750916  0.241500 0.977100 1 1 1.000000
brakelight2lit
0  -29.566360 97.720741 32.258312  0.283991 0.741823 -0.607492  0.240100 0.979800 1 1 1.000000
0  -29.738373 97.858383 32.338593  0.283998 0.741823 -0.607490  0.239600 0.979500 1 1 1.000000
0  -29.176382 98.202446 33.026772  0.126502 0.648168 -0.750916  0.241500 0.977100 1 1 1.000000
brakelight2lit
0  30.775951 97.927162 33.290619  0.054911 0.636171 -0.769591  0.235900 0.942600 1 1 1.000000
0  30.397427 98.615341 33.692051  0.141974 0.576173 -0.804902  0.237200 0.941200 1 1 1.000000
0  32.565247 97.823967 33.462673  0.023685 0.632146 -0.774487  0.229700 0.942000 1 1 1.000000
brakelight2lit
0  30.397427 98.615341 33.692051  0.141974 0.576173 -0.804902  0.237200 0.941200 1 1 1.000000
0  30.466248 98.764481 33.795288  0.142017 0.576131 -0.804925  0.237000 0.940900 1 1 1.000000
0  32.565247 97.823967 33.462673  0.023685 0.632146 -0.774487  0.229700 0.942000 1 1 1.000000
brakelight2lit
0  30.466248 98.764481 33.795288  0.142017 0.576131 -0.804925  0.237000 0.940900 1 1 1.000000
0  31.647644 98.385963 33.772327  0.142207 0.576536 -0.804602  0.232900 0.941000 1 1 1.000000
0  32.565247 97.823967 33.462673  0.023685 0.632146 -0.774487  0.229700 0.942000 1 1 1.000000
brakelight2lit
0  31.647644 98.385963 33.772327  0.142207 0.576536 -0.804602  0.232900 0.941000 1 1 1.000000
0  31.854111 98.294182 33.737919  0.140248 0.576851 -0.804719  0.232100 0.941100 1 1 1.000000
0  32.565247 97.823967 33.462673  0.023685 0.632146 -0.774487  0.229700 0.942000 1 1 1.000000
brakelight2lit
0  31.854111 98.294182 33.737919  0.140248 0.576851 -0.804719  0.232100 0.941100 1 1 1.000000
0  32.427601 97.904243 33.531452  0.141710 0.575446 -0.805469  0.230100 0.941800 1 1 1.000000
0  32.565247 97.823967 33.462673  0.023685 0.632146 -0.774487  0.229700 0.942000 1 1 1.000000
brakelight2lit
0  34.010433 96.952232 31.650417  -0.372671 0.801192 -0.468197  0.224700 0.948300 1 1 1.000000
0  33.838375 96.826088 31.570141  -0.372662 0.801513 -0.467654  0.225300 0.948600 1 1 1.000000
0  33.299294 97.238976 32.717125  -0.285562 0.745261 -0.602528  0.227100 0.944600 1 1 1.000000
brakelight2lit
0  33.838375 96.826088 31.570141  -0.372662 0.801513 -0.467654  0.225300 0.948600 1 1 1.000000
0  33.127239 97.112839 32.636845  -0.285506 0.745317 -0.602485  0.227700 0.944900 1 1 1.000000
0  33.299294 97.238976 32.717125  -0.285562 0.745261 -0.602528  0.227100 0.944600 1 1 1.000000
brakelight2lit
0  33.299294 97.238976 32.717125  -0.285562 0.745261 -0.602528  0.227100 0.944600 1 1 1.000000
0  33.127239 97.112839 32.636845  -0.285506 0.745317 -0.602485  0.227700 0.944900 1 1 1.000000
0  32.565247 97.823967 33.462673  0.023685 0.632146 -0.774487  0.229700 0.942000 1 1 1.000000
brakelight2lit
0  33.127239 97.112839 32.636845  -0.285506 0.745317 -0.602485  0.227700 0.944900 1 1 1.000000
0  32.473469 97.663361 33.359440  -0.031775 0.661691 -0.749103  0.230000 0.942400 1 1 1.000000
0  32.565247 97.823967 33.462673  0.023685 0.632146 -0.774487  0.229700 0.942000 1 1 1.000000
brakelight2lit
0  32.565247 97.823967 33.462673  0.023685 0.632146 -0.774487  0.229700 0.942000 1 1 1.000000
0  32.473469 97.663361 33.359440  -0.031775 0.661691 -0.749103  0.230000 0.942400 1 1 1.000000
0  30.775951 97.927162 33.290619  0.054911 0.636171 -0.769591  0.235900 0.942600 1 1 1.000000
brakelight2lit
0  32.473469 97.663361 33.359440  -0.031775 0.661691 -0.749103  0.230000 0.942400 1 1 1.000000
0  30.879185 97.881287 33.244705  0.008315 0.662788 -0.748761  0.235500 0.942800 1 1 1.000000
0  30.775951 97.927162 33.290619  0.054911 0.636171 -0.769591  0.235900 0.942600 1 1 1.000000
brakelight2lit
0  30.775951 97.927162 33.290619  0.054911 0.636171 -0.769591  0.235900 0.942600 1 1 1.000000
0  30.879185 97.881287 33.244705  0.008315 0.662788 -0.748761  0.235500 0.942800 1 1 1.000000
0  31.475586 97.055458 32.350101  -0.102704 0.687380 -0.718999  0.233500 0.945900 1 1 1.000000
brakelight2lit
0  30.879185 97.881287 33.244705  0.008315 0.662788 -0.748761  0.235500 0.942800 1 1 1.000000
0  31.670601 97.158699 32.407425  -0.102763 0.687381 -0.718990  0.232800 0.945700 1 1 1.000000
0  31.475586 97.055458 32.350101  -0.102704 0.687380 -0.718999  0.233500 0.945900 1 1 1.000000
brakelight2lit
0  -26.125410 103.077080 27.658968  0.848932 -0.453913 -0.270699  0.678000 0.630300 1 1 1.000000
0  -25.563419 104.361710 27.131342  0.847209 -0.454900 -0.274415  0.626000 0.739400 1 1 1.000000
0  -26.400702 102.343033 27.980124  0.847190 -0.454887 -0.274495  0.685300 0.568100 1 1 1.000000
brakelight2lit
0  -25.563419 104.361710 27.131342  0.847209 -0.454900 -0.274415  0.626000 0.739400 1 1 1.000000
0  -25.655153 104.396118 27.257534  0.847200 -0.454473 -0.275149  0.615200 0.734400 1 1 1.000000
0  -26.400702 102.343033 27.980124  0.847190 -0.454887 -0.274495  0.685300 0.568100 1 1 1.000000
brakelight2lit
0  -25.655153 104.396118 27.257534  0.847200 -0.454473 -0.275149  0.615200 0.734400 1 1 1.000000
0  -25.953356 99.659096 33.588806  0.813684 -0.508491 -0.281701  0.615200 0.216800 1 1 1.000000
0  -26.400702 102.343033 27.980124  0.847190 -0.454887 -0.274495  0.685300 0.568100 1 1 1.000000
brakelight2lit
0  -25.953356 99.659096 33.588806  0.813684 -0.508491 -0.281701  0.615200 0.216800 1 1 1.000000
0  -26.848005 99.280609 31.902742  0.813696 -0.508482 -0.281681  0.756900 0.234400 1 1 1.000000
0  -26.400702 102.343033 27.980124  0.847190 -0.454887 -0.274495  0.685300 0.568100 1 1 1.000000
brakelight2lit
0  -26.848005 99.280609 31.902742  0.813696 -0.508482 -0.281681  0.756900 0.234400 1 1 1.000000
0  -25.953356 99.659096 33.588806  0.813684 -0.508491 -0.281701  0.615200 0.216800 1 1 1.000000
0  -26.687449 99.074135 32.740070  0.777521 -0.557886 -0.290213  0.706500 0.195400 1 1 1.000000
brakelight2lit
0  -21.193413 101.092812 33.703495  -0.173121 0.613780 -0.770262  0.237400 0.974600 1 1 1.000000
0  -22.936842 100.851944 33.967331  -0.094610 0.575652 -0.812203  0.231300 0.973700 1 1 1.000000
0  -21.078722 101.161636 33.760864  -0.157949 0.678625 -0.717301  0.237800 0.974400 1 1 1.000000
brakelight2lit
0  -22.936842 100.851944 33.967331  -0.094610 0.575652 -0.812203  0.231300 0.973700 1 1 1.000000
0  -23.017120 101.012543 34.082020  -0.110609 0.631840 -0.767166  0.231000 0.973300 1 1 1.000000
0  -21.078722 101.161636 33.760864  -0.157949 0.678625 -0.717301  0.237800 0.974400 1 1 1.000000
brakelight2lit
0  -20.757565 101.608940 34.299942  -0.126704 0.736120 -0.664886  0.238900 0.972500 1 1 1.000000
0  -21.078722 101.161636 33.760864  -0.157791 0.678644 -0.717317  0.237800 0.974400 1 1 1.000000
0  -23.017120 101.012543 34.082020  -0.110600 0.632306 -0.766783  0.231000 0.973300 1 1 1.000000
brakelight2lit
0  -20.941078 101.769539 34.460499  -0.126568 0.735727 -0.665346  0.238200 0.972000 1 1 1.000000
0  -20.757565 101.608940 34.299942  -0.126704 0.736120 -0.664886  0.238900 0.972500 1 1 1.000000
0  -23.017120 101.012543 34.082020  -0.110600 0.632306 -0.766783  0.231000 0.973300 1 1 1.000000
brakelight2lit
0  -21.961914 101.574532 34.414631  -0.126528 0.735738 -0.665342  0.234700 0.972100 1 1 1.000000
0  -20.941078 101.769539 34.460499  -0.126568 0.735727 -0.665346  0.238200 0.972000 1 1 1.000000
0  -23.017120 101.012543 34.082020  -0.110600 0.632306 -0.766783  0.231000 0.973300 1 1 1.000000
brakelight2lit
0  -22.179838 101.528664 34.368767  -0.126798 0.736159 -0.664825  0.233900 0.972300 1 1 1.000000
0  -21.961914 101.574532 34.414631  -0.126528 0.735738 -0.665342  0.234700 0.972100 1 1 1.000000
0  -23.017120 101.012543 34.082020  -0.110600 0.632306 -0.766783  0.231000 0.973300 1 1 1.000000
brakelight2lit
0  -22.822153 101.092812 34.208164  -0.127085 0.736496 -0.664397  0.231700 0.972900 1 1 1.000000
0  -22.179838 101.528664 34.368767  -0.126798 0.736159 -0.664825  0.233900 0.972300 1 1 1.000000
0  -23.017120 101.012543 34.082020  -0.110600 0.632306 -0.766783  0.231000 0.973300 1 1 1.000000
brakelight2lit
0  -22.936842 100.851944 33.967331  -0.094610 0.575652 -0.812203  0.231300 0.973700 1 1 1.000000
0  -24.095282 99.727913 33.279106  0.142132 0.663463 -0.734585  0.227200 0.976100 1 1 1.000000
0  -23.017120 101.012543 34.082020  -0.110609 0.631840 -0.767166  0.231000 0.973300 1 1 1.000000
brakelight2lit
0  -24.095282 99.727913 33.279106  0.142132 0.663463 -0.734585  0.227200 0.976100 1 1 1.000000
0  -24.267338 99.854103 33.359428  0.142156 0.663565 -0.734488  0.226600 0.975800 1 1 1.000000
0  -23.017120 101.012543 34.082020  -0.110609 0.631840 -0.767166  0.231000 0.973300 1 1 1.000000
brakelight2lit
0  -24.095282 99.727913 33.279106  0.142132 0.663463 -0.734585  0.227200 0.976100 1 1 1.000000
0  -24.645817 99.406746 32.568012  0.299127 0.755682 -0.582639  0.225300 0.978600 1 1 1.000000
0  -24.267338 99.854103 33.359428  0.142156 0.663565 -0.734488  0.226600 0.975800 1 1 1.000000
brakelight2lit
0  -24.645817 99.406746 32.568012  0.299127 0.755682 -0.582639  0.225300 0.978600 1 1 1.000000
0  -24.817873 99.532944 32.648293  0.299100 0.755729 -0.582591  0.224700 0.978300 1 1 1.000000
0  -24.267338 99.854103 33.359428  0.142156 0.663565 -0.734488  0.226600 0.975800 1 1 1.000000
brakelight2lit
0  31.131519 100.232574 27.922768  -0.382491 0.238989 0.892516  0.249200 0.963300 1 1 1.000000
0  31.326485 100.335815 27.991590  -0.382536 0.238975 0.892501  0.248500 0.963600 1 1 1.000000
0  30.833321 101.012543 27.578655  -0.356525 0.205993 0.911294  0.250200 0.966000 1 1 1.000000
brakelight2lit
0  31.326485 100.335815 27.991590  -0.382536 0.238975 0.892501  0.248500 0.963600 1 1 1.000000
0  31.028282 101.115768 27.636021  -0.356465 0.205992 0.911318  0.249500 0.966400 1 1 1.000000
0  30.833321 101.012543 27.578655  -0.356525 0.205993 0.911294  0.250200 0.966000 1 1 1.000000
brakelight2lit
0  30.833321 101.012543 27.578655  -0.356525 0.205993 0.911294  0.250200 0.966000 1 1 1.000000
0  31.028282 101.115768 27.636021  -0.356465 0.205992 0.911318  0.249500 0.966400 1 1 1.000000
0  30.294239 102.365936 27.142809  -0.325903 0.294083 0.898500  0.252000 0.970700 1 1 1.000000
brakelight2lit
0  31.028282 101.115768 27.636021  -0.356465 0.205992 0.911318  0.249500 0.966400 1 1 1.000000
0  30.500660 102.365936 27.200174  -0.325883 0.294094 0.898504  0.251400 0.970700 1 1 1.000000
0  30.294239 102.365936 27.142809  -0.325903 0.294083 0.898500  0.252000 0.970700 1 1 1.000000
brakelight2lit
0  30.294239 102.365936 27.142809  -0.325903 0.294083 0.898500  0.252000 0.970700 1 1 1.000000
0  30.500660 102.365936 27.200174  -0.325883 0.294094 0.898504  0.251400 0.970700 1 1 1.000000
0  30.443336 102.675652 27.039618  -0.324615 0.403895 0.855274  0.251500 0.971800 1 1 1.000000
brakelight2lit
0  30.500660 102.365936 27.200174  -0.325883 0.294094 0.898504  0.251400 0.970700 1 1 1.000000
0  30.500660 102.538002 27.131351  -0.325259 0.403693 0.855125  0.251300 0.971300 1 1 1.000000
0  30.443336 102.675652 27.039618  -0.324615 0.403895 0.855274  0.251500 0.971800 1 1 1.000000
brakelight2lit
0  33.998932 97.227524 30.583757  0.726103 0.583957 0.362999  0.181400 0.486100 1 1 1.000000
0  33.941608 97.766602 29.849665  0.736500 0.575215 0.355945  0.210100 0.539600 1 1 1.000000
0  33.769554 98.603882 28.828873  0.734944 0.577354 0.355694  0.258300 0.613400 1 1 1.000000
brakelight2lit
0  33.528675 99.395294 28.071867  0.735173 0.577066 0.355689  0.307200 0.668900 1 1 1.000000
0  33.998932 97.227524 30.583757  0.726103 0.583957 0.362999  0.181400 0.486100 1 1 1.000000
0  33.769554 98.603882 28.828873  0.734944 0.577354 0.355694  0.258300 0.613400 1 1 1.000000
brakelight2lit
0  33.528675 99.395294 28.071867  0.735173 0.577066 0.355689  0.307200 0.668900 1 1 1.000000
0  33.953068 96.929321 31.134295  0.742119 0.568412 0.355200  0.168700 0.447000 1 1 1.000000
0  33.998932 97.227524 30.583757  0.726103 0.583957 0.362999  0.181400 0.486100 1 1 1.000000
brakelight2lit
0  33.528675 99.395294 28.071867  0.735173 0.577066 0.355689  0.307200 0.668900 1 1 1.000000
0  33.150196 100.289940 27.441053  0.763099 0.550674 0.338285  0.368100 0.716500 1 1 1.000000
0  33.953068 96.929321 31.134295  0.742119 0.568412 0.355200  0.168700 0.447000 1 1 1.000000
brakelight2lit
0  33.150196 100.289940 27.441053  0.763099 0.550674 0.338285  0.368100 0.716500 1 1 1.000000
0  33.838375 96.826088 31.570141  0.762998 0.550756 0.338382  0.169500 0.415700 1 1 1.000000
0  33.953068 96.929321 31.134295  0.742119 0.568412 0.355200  0.168700 0.447000 1 1 1.000000
brakelight2lit
0  33.150196 100.289940 27.441053  0.763099 0.550674 0.338285  0.368100 0.716500 1 1 1.000000
0  32.771671 101.023994 27.165764  0.780158 0.535763 0.322973  0.420900 0.738800 1 1 1.000000
0  33.838375 96.826088 31.570141  0.762998 0.550756 0.338382  0.169500 0.415700 1 1 1.000000
brakelight2lit
0  32.771671 101.023994 27.165764  0.780158 0.535763 0.322973  0.420900 0.738800 1 1 1.000000
0  33.127239 97.112839 32.636845  0.780053 0.535809 0.323150  0.216200 0.342200 1 1 1.000000
0  33.838375 96.826088 31.570141  0.762998 0.550756 0.338382  0.169500 0.415700 1 1 1.000000
brakelight2lit
0  32.771671 101.023994 27.165764  0.780158 0.535763 0.322973  0.420900 0.738800 1 1 1.000000
0  32.060577 101.953056 27.314865  0.521785 0.703664 0.482284  0.498800 0.732500 1 1 1.000000
0  33.127239 97.112839 32.636845  0.780053 0.535809 0.323150  0.216200 0.342200 1 1 1.000000
brakelight2lit
0  32.060577 101.953056 27.314865  0.521785 0.703664 0.482284  0.498800 0.732500 1 1 1.000000
0  32.473469 97.663361 33.359440  0.521752 0.703683 0.482292  0.496400 0.295700 1 1 1.000000
0  33.127239 97.112839 32.636845  0.780053 0.535809 0.323150  0.216200 0.342200 1 1 1.000000
brakelight2lit
0  32.473469 97.663361 33.359440  0.521752 0.703683 0.482292  0.496400 0.295700 1 1 1.000000
0  32.060577 101.953056 27.314865  0.521785 0.703664 0.482284  0.498800 0.732500 1 1 1.000000
0  30.489204 102.549454 27.326321  0.182785 0.794090 0.579664  0.607700 0.707800 1 1 1.000000
brakelight2lit
0  30.879185 97.881287 33.244705  0.182027 0.794048 0.579961  0.615700 0.265000 1 1 1.000000
0  32.473469 97.663361 33.359440  0.521752 0.703683 0.482292  0.496400 0.295700 1 1 1.000000
0  30.489204 102.549454 27.326321  0.182785 0.794090 0.579664  0.607700 0.707800 1 1 1.000000
brakelight2lit
0  25.557203 104.361710 27.131351  -0.509609 0.843998 0.167231  0.244000 0.952700 1 1 1.000000
0  25.660437 104.396118 27.257544  -0.509611 0.843997 0.167230  0.243900 0.952300 1 1 1.000000
0  25.626024 104.430527 27.028118  -0.509609 0.843998 0.167229  0.243800 0.953100 1 1 1.000000
brakelight2lit
0  21.336338 101.138680 32.682713  -0.452202 0.697980 0.555281  0.236200 0.954800 1 1 1.000000
0  21.542807 101.218964 32.728577  -0.452153 0.697978 0.555324  0.235500 0.955100 1 1 1.000000
0  20.969315 104.923698 27.647476  -0.430905 0.557721 0.709414  0.237500 0.968000 1 1 1.000000
brakelight2lit
0  21.542807 101.218964 32.728577  -0.452153 0.697978 0.555324  0.235500 0.955100 1 1 1.000000
0  21.164326 105.026939 27.716299  -0.430957 0.557764 0.709348  0.236800 0.968300 1 1 1.000000
0  20.969315 104.923698 27.647476  -0.430905 0.557721 0.709414  0.237500 0.968000 1 1 1.000000
brakelight2lit
0  20.969315 104.923698 27.647476  -0.430905 0.557721 0.709414  0.237500 0.968000 1 1 1.000000
0  21.164326 105.026939 27.716299  -0.430957 0.557764 0.709348  0.236800 0.968300 1 1 1.000000
0  20.671114 105.818344 27.096939  -0.253476 0.507014 0.823824  0.238500 0.971100 1 1 1.000000
brakelight2lit
0  21.164326 105.026939 27.716299  -0.430957 0.557764 0.709348  0.236800 0.968300 1 1 1.000000
0  20.854624 105.806892 27.165762  -0.253487 0.506988 0.823837  0.237900 0.971100 1 1 1.000000
0  20.671114 105.818344 27.096939  -0.253476 0.507014 0.823824  0.238500 0.971100 1 1 1.000000
brakelight2lit
0  20.671114 105.818344 27.096939  -0.253476 0.507014 0.823824  0.238500 0.971100 1 1 1.000000
0  20.854624 105.806892 27.165762  -0.253487 0.506988 0.823837  0.237900 0.971100 1 1 1.000000
0  20.843170 106.013367 27.005205  0.000070 0.500648 0.865651  0.237900 0.971800 1 1 1.000000
brakelight2lit
0  20.854624 105.806892 27.165762  -0.253487 0.506988 0.823837  0.237900 0.971100 1 1 1.000000
0  20.900492 105.852768 27.096939  0.000569 0.500549 0.865708  0.237700 0.971200 1 1 1.000000
0  20.843170 106.013367 27.005205  0.000070 0.500648 0.865651  0.237900 0.971800 1 1 1.000000
brakelight2lit
0  20.843170 106.013367 27.005205  0.000070 0.500648 0.865651  0.237900 0.971800 1 1 1.000000
0  20.900492 105.852768 27.096939  0.000569 0.500549 0.865708  0.237700 0.971200 1 1 1.000000
0  22.815937 105.485733 27.016663  -0.007894 0.309131 0.950987  0.231000 0.969900 1 1 1.000000
brakelight2lit
0  20.900492 105.852768 27.096939  0.000569 0.500549 0.865708  0.237700 0.971200 1 1 1.000000
0  22.724203 105.290726 27.085485  -0.007897 0.309118 0.950991  0.231400 0.969300 1 1 1.000000
0  22.815937 105.485733 27.016663  -0.007894 0.309131 0.950987  0.231000 0.969900 1 1 1.000000
brakelight2lit
0  22.815937 105.485733 27.016663  -0.007894 0.309131 0.950987  0.231000 0.969900 1 1 1.000000
0  22.724203 105.290726 27.085485  -0.007897 0.309118 0.950991  0.231400 0.969300 1 1 1.000000
0  23.091227 105.256317 27.142807  -0.261768 0.158687 0.951996  0.230100 0.969200 1 1 1.000000
brakelight2lit
0  22.724203 105.290726 27.085485  -0.007897 0.309118 0.950991  0.231400 0.969300 1 1 1.000000
0  22.942123 105.107216 27.119896  -0.261778 0.158656 0.951998  0.230600 0.968600 1 1 1.000000
0  23.091227 105.256317 27.142807  -0.261768 0.158687 0.951996  0.230100 0.969200 1 1 1.000000
brakelight2lit
0  23.091227 105.256317 27.142807  -0.261768 0.158687 0.951996  0.230100 0.969200 1 1 1.000000
0  22.942123 105.107216 27.119896  -0.261778 0.158656 0.951998  0.230600 0.968600 1 1 1.000000
0  24.169386 103.432648 27.808077  -0.435019 0.110697 0.893591  0.226300 0.962800 1 1 1.000000
brakelight2lit
0  22.942123 105.107216 27.119896  -0.261778 0.158656 0.951998  0.230600 0.968600 1 1 1.000000
0  23.997330 103.306511 27.727800  -0.434985 0.110712 0.893606  0.226900 0.962300 1 1 1.000000
0  24.169386 103.432648 27.808077  -0.435019 0.110697 0.893591  0.226300 0.962800 1 1 1.000000
brakelight2lit
0  24.169386 103.432648 27.808077  -0.435019 0.110697 0.893591  0.226300 0.962800 1 1 1.000000
0  23.997330 103.306511 27.727800  -0.434985 0.110712 0.893606  0.226900 0.962300 1 1 1.000000
0  24.559368 102.675652 28.152147  -0.566006 0.263020 0.781318  0.225000 0.960100 1 1 1.000000
brakelight2lit
0  23.997330 103.306511 27.727800  -0.434985 0.110712 0.893606  0.226900 0.962300 1 1 1.000000
0  24.387308 102.549454 28.071867  -0.566004 0.262965 0.781338  0.225600 0.959700 1 1 1.000000
0  24.559368 102.675652 28.152147  -0.566006 0.263020 0.781318  0.225000 0.960100 1 1 1.000000
brakelight2lit
0  24.559368 102.675652 28.152147  -0.566006 0.263020 0.781318  0.225000 0.960100 1 1 1.000000
0  24.387308 102.549454 28.071867  -0.566004 0.262965 0.781338  0.225600 0.959700 1 1 1.000000
0  24.765789 102.067749 28.702726  -0.655996 0.487915 0.575854  0.224300 0.958000 1 1 1.000000
brakelight2lit
0  24.387308 102.549454 28.071867  -0.566004 0.262965 0.781338  0.225600 0.959700 1 1 1.000000
0  24.593779 101.930099 28.610949  -0.656010 0.487884 0.575865  0.224800 0.957500 1 1 1.000000
0  24.765789 102.067749 28.702726  -0.655996 0.487915 0.575854  0.224300 0.958000 1 1 1.000000
brakelight2lit
0  29.158710 100.851944 28.083324  -0.549242 0.254707 0.795900  0.253900 0.959700 1 1 1.000000
0  29.434002 100.117889 28.645359  -0.628990 0.468864 0.620111  0.252900 0.957100 1 1 1.000000
0  29.606056 100.244041 28.725637  -0.628312 0.469354 0.620428  0.252300 0.957600 1 1 1.000000
brakelight2lit
0  29.330765 100.978127 28.163647  -0.549308 0.254746 0.795843  0.253300 0.960200 1 1 1.000000
0  29.158710 100.851944 28.083324  -0.549242 0.254707 0.795900  0.253900 0.959700 1 1 1.000000
0  29.606056 100.244041 28.725637  -0.628312 0.469354 0.620428  0.252300 0.957600 1 1 1.000000
brakelight2lit
0  28.745819 101.643349 27.670433  -0.444451 0.111095 0.888887  0.255300 0.962500 1 1 1.000000
0  29.158710 100.851944 28.083324  -0.549242 0.254707 0.795900  0.253900 0.959700 1 1 1.000000
0  29.330765 100.978127 28.163647  -0.549308 0.254746 0.795843  0.253300 0.960200 1 1 1.000000
brakelight2lit
0  28.929333 101.769539 27.750711  -0.444391 0.111117 0.888915  0.254700 0.962900 1 1 1.000000
0  28.745819 101.643349 27.670433  -0.444451 0.111095 0.888887  0.255300 0.962500 1 1 1.000000
0  29.330765 100.978127 28.163647  -0.549308 0.254746 0.795843  0.253300 0.960200 1 1 1.000000
brakelight2lit
0  27.724979 103.386787 27.154308  -0.324529 0.087043 0.941862  0.258900 0.968500 1 1 1.000000
0  28.745819 101.643349 27.670433  -0.444451 0.111095 0.888887  0.255300 0.962500 1 1 1.000000
0  28.929333 101.769539 27.750711  -0.444391 0.111117 0.888915  0.254700 0.962900 1 1 1.000000
brakelight2lit
0  27.885582 103.535889 27.200174  -0.324656 0.086290 0.941888  0.258300 0.969100 1 1 1.000000
0  27.724979 103.386787 27.154308  -0.324529 0.087043 0.941862  0.258900 0.968500 1 1 1.000000
0  28.929333 101.769539 27.750711  -0.444391 0.111117 0.888915  0.254700 0.962900 1 1 1.000000
brakelight2lit
0  27.369457 103.742348 27.016665  -0.118523 0.102712 0.987625  0.260100 0.969800 1 1 1.000000
0  27.724979 103.386787 27.154308  -0.324529 0.087043 0.941862  0.258900 0.968500 1 1 1.000000
0  27.885582 103.535889 27.200174  -0.324656 0.086290 0.941888  0.258300 0.969100 1 1 1.000000
brakelight2lit
0  27.472649 103.937317 27.005207  -0.118501 0.102787 0.987620  0.259700 0.970400 1 1 1.000000
0  27.369457 103.742348 27.016665  -0.118523 0.102712 0.987625  0.260100 0.969800 1 1 1.000000
0  27.885582 103.535889 27.200174  -0.324656 0.086290 0.941888  0.258300 0.969100 1 1 1.000000
brakelight2lit
0  25.626024 104.430527 27.028118  0.127596 0.246122 0.960803  0.266200 0.972200 1 1 1.000000
0  27.369457 103.742348 27.016665  -0.118523 0.102712 0.987625  0.260100 0.969800 1 1 1.000000
0  27.472649 103.937317 27.005207  -0.118501 0.102787 0.987620  0.259700 0.970400 1 1 1.000000
brakelight2lit
0  25.591614 104.614044 27.005207  0.127153 0.246219 0.960837  0.266300 0.972800 1 1 1.000000
0  25.626024 104.430527 27.028118  0.127596 0.246122 0.960803  0.266200 0.972200 1 1 1.000000
0  27.472649 103.937317 27.005207  -0.118501 0.102787 0.987620  0.259700 0.970400 1 1 1.000000
brakelight2lit
0  25.557203 104.361710 27.131351  0.000596 0.340213 0.940348  0.266400 0.971900 1 1 1.000000
0  25.626024 104.430527 27.028118  0.127596 0.246122 0.960803  0.266200 0.972200 1 1 1.000000
0  25.591614 104.614044 27.005207  0.127153 0.246219 0.960837  0.266300 0.972800 1 1 1.000000
brakelight2lit
0  25.373692 104.407570 27.108398  0.000024 0.339901 0.940461  0.267100 0.972100 1 1 1.000000
0  25.557203 104.361710 27.131351  0.000596 0.340213 0.940348  0.266400 0.971900 1 1 1.000000
0  25.591614 104.614044 27.005207  0.127153 0.246219 0.960837  0.266300 0.972800 1 1 1.000000
brakelight2lit
0  26.119240 103.077080 27.658978  -0.261416 0.269305 0.926896  0.264500 0.967500 1 1 1.000000
0  25.557203 104.361710 27.131351  0.000596 0.340213 0.940348  0.266400 0.971900 1 1 1.000000
0  25.373692 104.407570 27.108398  0.000024 0.339901 0.940461  0.267100 0.972100 1 1 1.000000
brakelight2lit
0  25.912771 102.996803 27.613068  -0.261369 0.269316 0.926906  0.265200 0.967200 1 1 1.000000
0  26.119240 103.077080 27.658978  -0.261416 0.269305 0.926896  0.264500 0.967500 1 1 1.000000
0  25.373692 104.407570 27.108398  0.000024 0.339901 0.940461  0.267100 0.972100 1 1 1.000000
brakelight2lit
0  26.405987 102.343033 27.980133  -0.317510 0.269067 0.909280  0.263500 0.964900 1 1 1.000000
0  26.119240 103.077080 27.658978  -0.261416 0.269305 0.926896  0.264500 0.967500 1 1 1.000000
0  25.912771 102.996803 27.613068  -0.261369 0.269316 0.926906  0.265200 0.967200 1 1 1.000000
brakelight2lit
0  26.199520 102.251251 27.934223  -0.316522 0.268863 0.909685  0.264200 0.964600 1 1 1.000000
0  26.405987 102.343033 27.980133  -0.317510 0.269067 0.909280  0.263500 0.964900 1 1 1.000000
0  25.912771 102.996803 27.613068  -0.261369 0.269316 0.926906  0.265200 0.967200 1 1 1.000000
brakelight2lit
0  -24.588493 101.930099 28.610939  0.660501 0.485364 0.572853  0.224800 0.957500 1 1 1.000000
0  -24.382025 102.549454 28.071857  0.571453 0.261742 0.777774  0.225600 0.959700 1 1 1.000000
0  -24.760504 102.067749 28.702717  0.660476 0.485429 0.572826  0.224300 0.958000 1 1 1.000000
brakelight2lit
0  -24.382025 102.549454 28.071857  0.571453 0.261742 0.777774  0.225600 0.959700 1 1 1.000000
0  -24.554081 102.675652 28.152138  0.571401 0.261829 0.777783  0.225000 0.960100 1 1 1.000000
0  -24.760504 102.067749 28.702717  0.660476 0.485429 0.572826  0.224300 0.958000 1 1 1.000000
brakelight2lit
0  -24.382025 102.549454 28.071857  0.571453 0.261742 0.777774  0.225600 0.959700 1 1 1.000000
0  -23.992046 103.306511 27.727791  0.441255 0.110306 0.890577  0.226900 0.962300 1 1 1.000000
0  -24.554081 102.675652 28.152138  0.571401 0.261829 0.777783  0.225000 0.960100 1 1 1.000000
brakelight2lit
0  -23.992046 103.306511 27.727791  0.441255 0.110306 0.890577  0.226900 0.962300 1 1 1.000000
0  -24.164103 103.432648 27.808067  0.441268 0.110297 0.890571  0.226300 0.962800 1 1 1.000000
0  -24.554081 102.675652 28.152138  0.571401 0.261829 0.777783  0.225000 0.960100 1 1 1.000000
brakelight2lit
0  -23.992046 103.306511 27.727791  0.441255 0.110306 0.890577  0.226900 0.962300 1 1 1.000000
0  -22.936840 105.107216 27.119890  0.269057 0.158185 0.950045  0.230600 0.968600 1 1 1.000000
0  -24.164103 103.432648 27.808067  0.441268 0.110297 0.890571  0.226300 0.962800 1 1 1.000000
brakelight2lit
0  -22.936840 105.107216 27.119890  0.269057 0.158185 0.950045  0.230600 0.968600 1 1 1.000000
0  -23.085939 105.256317 27.142801  0.269112 0.158297 0.950011  0.230100 0.969200 1 1 1.000000
0  -24.164103 103.432648 27.808067  0.441268 0.110297 0.890571  0.226300 0.962800 1 1 1.000000
brakelight2lit
0  -22.936840 105.107216 27.119890  0.269057 0.158185 0.950045  0.230600 0.968600 1 1 1.000000
0  -22.718918 105.290726 27.085480  0.015796 0.309108 0.950896  0.231400 0.969300 1 1 1.000000
0  -23.085939 105.256317 27.142801  0.269112 0.158297 0.950011  0.230100 0.969200 1 1 1.000000
brakelight2lit
0  -22.718918 105.290726 27.085480  0.015796 0.309108 0.950896  0.231400 0.969300 1 1 1.000000
0  -22.810650 105.485733 27.016657  0.015802 0.309034 0.950920  0.231000 0.969900 1 1 1.000000
0  -23.085939 105.256317 27.142801  0.269112 0.158297 0.950011  0.230100 0.969200 1 1 1.000000
brakelight2lit
0  -22.718918 105.290726 27.085480  0.015796 0.309108 0.950896  0.231400 0.969300 1 1 1.000000
0  -20.895210 105.852768 27.096933  -0.000265 0.500515 0.865728  0.237700 0.971200 1 1 1.000000
0  -22.810650 105.485733 27.016657  0.015802 0.309034 0.950920  0.231000 0.969900 1 1 1.000000
brakelight2lit
0  -20.895210 105.852768 27.096933  -0.000265 0.500515 0.865728  0.237700 0.971200 1 1 1.000000
0  -20.837887 106.013367 27.005199  -0.000027 0.500447 0.865767  0.237900 0.971800 1 1 1.000000
0  -22.810650 105.485733 27.016657  0.015802 0.309034 0.950920  0.231000 0.969900 1 1 1.000000
brakelight2lit
0  -20.895210 105.852768 27.096933  -0.000265 0.500515 0.865728  0.237700 0.971200 1 1 1.000000
0  -20.849342 105.806892 27.165756  0.260506 0.506064 0.822214  0.237900 0.971100 1 1 1.000000
0  -20.837887 106.013367 27.005199  -0.000027 0.500447 0.865767  0.237900 0.971800 1 1 1.000000
brakelight2lit
0  -20.849342 105.806892 27.165756  0.260506 0.506064 0.822214  0.237900 0.971100 1 1 1.000000
0  -20.665831 105.818344 27.096933  0.260918 0.505900 0.822184  0.238500 0.971100 1 1 1.000000
0  -20.837887 106.013367 27.005199  -0.000027 0.500447 0.865767  0.237900 0.971800 1 1 1.000000
brakelight2lit
0  -20.849342 105.806892 27.165756  0.260506 0.506064 0.822214  0.237900 0.971100 1 1 1.000000
0  -21.159044 105.026939 27.716293  0.436875 0.556108 0.707025  0.236800 0.968300 1 1 1.000000
0  -20.665831 105.818344 27.096933  0.260918 0.505900 0.822184  0.238500 0.971100 1 1 1.000000
brakelight2lit
0  -21.159044 105.026939 27.716293  0.436875 0.556108 0.707025  0.236800 0.968300 1 1 1.000000
0  -20.964033 104.923698 27.647470  0.437423 0.555829 0.706905  0.237500 0.968000 1 1 1.000000
0  -20.665831 105.818344 27.096933  0.260918 0.505900 0.822184  0.238500 0.971100 1 1 1.000000
brakelight2lit
0  -21.159044 105.026939 27.716293  0.436875 0.556108 0.707025  0.236800 0.968300 1 1 1.000000
0  -21.537525 101.218964 32.728569  0.458412 0.695496 0.553302  0.235500 0.955100 1 1 1.000000
0  -20.964033 104.923698 27.647470  0.437423 0.555829 0.706905  0.237500 0.968000 1 1 1.000000
brakelight2lit
0  -21.537525 101.218964 32.728569  0.458412 0.695496 0.553302  0.235500 0.955100 1 1 1.000000
0  -21.331057 101.138680 32.682705  0.458473 0.695474 0.553279  0.236200 0.954800 1 1 1.000000
0  -20.964033 104.923698 27.647470  0.437423 0.555829 0.706905  0.237500 0.968000 1 1 1.000000
brakelight2lit
0  -29.428713 100.117889 28.645350  0.632585 0.467580 0.617418  0.252900 0.957100 1 1 1.000000
0  -29.153423 100.851944 28.083315  0.554651 0.253481 0.792534  0.253900 0.959700 1 1 1.000000
0  -29.600769 100.244041 28.725628  0.633158 0.466773 0.617442  0.252300 0.957600 1 1 1.000000
brakelight2lit
0  -29.153423 100.851944 28.083315  0.554651 0.253481 0.792534  0.253900 0.959700 1 1 1.000000
0  -29.325480 100.978127 28.163637  0.554874 0.253715 0.792303  0.253300 0.960200 1 1 1.000000
0  -29.600769 100.244041 28.725628  0.633158 0.466773 0.617442  0.252300 0.957600 1 1 1.000000
brakelight2lit
0  -29.153423 100.851944 28.083315  0.554651 0.253481 0.792534  0.253900 0.959700 1 1 1.000000
0  -28.751987 101.643349 27.670424  0.450808 0.110689 0.885731  0.255300 0.962500 1 1 1.000000
0  -29.325480 100.978127 28.163637  0.554874 0.253715 0.792303  0.253300 0.960200 1 1 1.000000
brakelight2lit
0  -28.751987 101.643349 27.670424  0.450808 0.110689 0.885731  0.255300 0.962500 1 1 1.000000
0  -28.924044 101.769539 27.750702  0.450814 0.110688 0.885729  0.254700 0.962900 1 1 1.000000
0  -29.325480 100.978127 28.163637  0.554874 0.253715 0.792303  0.253300 0.960200 1 1 1.000000
brakelight2lit
0  -28.751987 101.643349 27.670424  0.450808 0.110689 0.885731  0.255300 0.962500 1 1 1.000000
0  -27.719696 103.386787 27.154299  0.331642 0.086729 0.939410  0.258900 0.968500 1 1 1.000000
0  -28.924044 101.769539 27.750702  0.450814 0.110688 0.885729  0.254700 0.962900 1 1 1.000000
brakelight2lit
0  -27.719696 103.386787 27.154299  0.331642 0.086729 0.939410  0.258900 0.968500 1 1 1.000000
0  -27.880297 103.535889 27.200165  0.331658 0.086802 0.939398  0.258300 0.969100 1 1 1.000000
0  -28.924044 101.769539 27.750702  0.450814 0.110688 0.885729  0.254700 0.962900 1 1 1.000000
brakelight2lit
0  -27.719696 103.386787 27.154299  0.331642 0.086729 0.939410  0.258900 0.968500 1 1 1.000000
0  -27.364172 103.742348 27.016655  0.126542 0.102815 0.986618  0.260100 0.969800 1 1 1.000000
0  -27.880297 103.535889 27.200165  0.331658 0.086802 0.939398  0.258300 0.969100 1 1 1.000000
brakelight2lit
0  -27.364172 103.742348 27.016655  0.126542 0.102815 0.986618  0.260100 0.969800 1 1 1.000000
0  -27.467361 103.937317 27.005198  0.126268 0.102629 0.986673  0.259700 0.970400 1 1 1.000000
0  -27.880297 103.535889 27.200165  0.331658 0.086802 0.939398  0.258300 0.969100 1 1 1.000000
brakelight2lit
0  -27.364172 103.742348 27.016655  0.126542 0.102815 0.986618  0.260100 0.969800 1 1 1.000000
0  -25.632242 104.430527 27.028109  -0.119703 0.246356 0.961759  0.266200 0.972200 1 1 1.000000
0  -27.467361 103.937317 27.005198  0.126268 0.102629 0.986673  0.259700 0.970400 1 1 1.000000
brakelight2lit
0  -25.632242 104.430527 27.028109  -0.119703 0.246356 0.961759  0.266200 0.972200 1 1 1.000000
0  -25.586330 104.614044 27.005198  -0.119223 0.246420 0.961802  0.266300 0.972800 1 1 1.000000
0  -27.467361 103.937317 27.005198  0.126268 0.102629 0.986673  0.259700 0.970400 1 1 1.000000
brakelight2lit
0  -25.632242 104.430527 27.028109  -0.119703 0.246356 0.961759  0.266200 0.972200 1 1 1.000000
0  -25.563419 104.361710 27.131342  0.007238 0.340215 0.940320  0.266400 0.971900 1 1 1.000000
0  -25.586330 104.614044 27.005198  -0.119223 0.246420 0.961802  0.266300 0.972800 1 1 1.000000
brakelight2lit
0  -25.563419 104.361710 27.131342  0.007238 0.340215 0.940320  0.266400 0.971900 1 1 1.000000
0  -25.379864 104.407570 27.108389  0.007892 0.339960 0.940407  0.267100 0.972100 1 1 1.000000
0  -25.586330 104.614044 27.005198  -0.119223 0.246420 0.961802  0.266300 0.972800 1 1 1.000000
brakelight2lit
0  -25.563419 104.361710 27.131342  0.007238 0.340215 0.940320  0.266400 0.971900 1 1 1.000000
0  -26.125410 103.077080 27.658968  0.268811 0.268808 0.924923  0.264500 0.967500 1 1 1.000000
0  -25.379864 104.407570 27.108389  0.007892 0.339960 0.940407  0.267100 0.972100 1 1 1.000000
brakelight2lit
0  -26.125410 103.077080 27.658968  0.268811 0.268808 0.924923  0.264500 0.967500 1 1 1.000000
0  -25.918943 102.996803 27.613058  0.268836 0.268787 0.924922  0.265200 0.967200 1 1 1.000000
0  -25.379864 104.407570 27.108389  0.007892 0.339960 0.940407  0.267100 0.972100 1 1 1.000000
brakelight2lit
0  -26.125410 103.077080 27.658968  0.268811 0.268808 0.924923  0.264500 0.967500 1 1 1.000000
0  -26.400702 102.343033 27.980124  0.323398 0.268353 0.907414  0.263500 0.964900 1 1 1.000000
0  -25.918943 102.996803 27.613058  0.268836 0.268787 0.924922  0.265200 0.967200 1 1 1.000000
brakelight2lit
0  -26.400702 102.343033 27.980124  0.323398 0.268353 0.907414  0.263500 0.964900 1 1 1.000000
0  -26.194233 102.251251 27.934214  0.323436 0.268408 0.907384  0.264200 0.964600 1 1 1.000000
0  -25.918943 102.996803 27.613058  0.268836 0.268787 0.924922  0.265200 0.967200 1 1 1.000000
brakelight2lit
0  -33.936325 97.766602 29.849655  0.684352 0.534870 0.495557  0.239400 0.954700 1 1 1.000000
0  -33.764271 98.603882 28.828863  0.663854 0.466211 0.584761  0.239900 0.957600 1 1 1.000000
0  -34.096882 97.904243 29.929979  0.684332 0.534878 0.495576  0.238800 0.955200 1 1 1.000000
brakelight2lit
0  -33.764271 98.603882 28.828863  0.663854 0.466211 0.584761  0.239900 0.957600 1 1 1.000000
0  -33.936325 98.741524 28.920639  0.663796 0.466273 0.584777  0.239400 0.958100 1 1 1.000000
0  -34.096882 97.904243 29.929979  0.684332 0.534878 0.495576  0.238800 0.955200 1 1 1.000000
brakelight2lit
0  -33.764271 98.603882 28.828863  0.663854 0.466211 0.584761  0.239900 0.957600 1 1 1.000000
0  -33.523388 99.395294 28.071857  0.616141 0.355376 0.702907  0.240800 0.960400 1 1 1.000000
0  -33.936325 98.741524 28.920639  0.663796 0.466273 0.584777  0.239400 0.958100 1 1 1.000000
brakelight2lit
0  -33.523388 99.395294 28.071857  0.616141 0.355376 0.702907  0.240800 0.960400 1 1 1.000000
0  -33.695446 99.521492 28.152138  0.616100 0.355414 0.702923  0.240200 0.960800 1 1 1.000000
0  -33.936325 98.741524 28.920639  0.663796 0.466273 0.584777  0.239400 0.958100 1 1 1.000000
brakelight2lit
0  -33.523388 99.395294 28.071857  0.616141 0.355376 0.702907  0.240800 0.960400 1 1 1.000000
0  -33.144909 100.289940 27.441044  0.508319 0.214493 0.834029  0.242100 0.963500 1 1 1.000000
0  -33.695446 99.521492 28.152138  0.616100 0.355414 0.702923  0.240200 0.960800 1 1 1.000000
brakelight2lit
0  -33.144909 100.289940 27.441044  0.508319 0.214493 0.834029  0.242100 0.963500 1 1 1.000000
0  -33.316967 100.416092 27.521324  0.508300 0.214519 0.834034  0.241500 0.963900 1 1 1.000000
0  -33.695446 99.521492 28.152138  0.616100 0.355414 0.702923  0.240200 0.960800 1 1 1.000000
brakelight2lit
0  -33.144909 100.289940 27.441044  0.508319 0.214493 0.834029  0.242100 0.963500 1 1 1.000000
0  -32.766384 101.023994 27.165754  0.269936 0.142678 0.952249  0.243400 0.966000 1 1 1.000000
0  -33.316967 100.416092 27.521324  0.508300 0.214519 0.834034  0.241500 0.963900 1 1 1.000000
brakelight2lit
0  -32.766384 101.023994 27.165754  0.269936 0.142678 0.952249  0.243400 0.966000 1 1 1.000000
0  -32.938442 101.161636 27.211622  0.269814 0.142789 0.952267  0.242800 0.966500 1 1 1.000000
0  -33.316967 100.416092 27.521324  0.508300 0.214519 0.834034  0.241500 0.963900 1 1 1.000000
brakelight2lit
0  -32.766384 101.023994 27.165754  0.269936 0.142678 0.952249  0.243400 0.966000 1 1 1.000000
0  -32.502594 101.471336 27.108389  -0.047705 0.294304 0.954520  0.244300 0.967600 1 1 1.000000
0  -32.938442 101.161636 27.211622  0.269814 0.142789 0.952267  0.242800 0.966500 1 1 1.000000
brakelight2lit
0  -32.502594 101.471336 27.108389  -0.047705 0.294304 0.954520  0.244300 0.967600 1 1 1.000000
0  -32.628742 101.631897 27.051065  -0.047700 0.294301 0.954522  0.243900 0.968200 1 1 1.000000
0  -32.938442 101.161636 27.211622  0.269814 0.142789 0.952267  0.242800 0.966500 1 1 1.000000
brakelight2lit
0  -32.502594 101.471336 27.108389  -0.047705 0.294304 0.954520  0.244300 0.967600 1 1 1.000000
0  -30.495373 102.538002 27.131342  -0.213802 0.427636 0.878303  0.251300 0.971300 1 1 1.000000
0  -32.628742 101.631897 27.051065  -0.047700 0.294301 0.954522  0.243900 0.968200 1 1 1.000000
brakelight2lit
0  -30.495373 102.538002 27.131342  -0.213802 0.427636 0.878303  0.251300 0.971300 1 1 1.000000
0  -30.438051 102.675652 27.039608  -0.213798 0.427567 0.878338  0.251500 0.971800 1 1 1.000000
0  -32.628742 101.631897 27.051065  -0.047700 0.294301 0.954522  0.243900 0.968200 1 1 1.000000
brakelight2lit
0  -33.936325 97.766602 29.849655  -0.731075 0.580648 0.358298  0.210100 0.539600 1 1 1.000000
0  -33.993649 97.227524 30.583748  -0.722321 0.587346 0.365072  0.181400 0.486100 1 1 1.000000
0  -33.764271 98.603882 28.828863  -0.731339 0.580618 0.357806  0.258300 0.613400 1 1 1.000000
brakelight2lit
0  -33.993649 97.227524 30.583748  -0.722321 0.587346 0.365072  0.181400 0.486100 1 1 1.000000
0  -33.523388 99.395294 28.071857  -0.731514 0.580407 0.357791  0.307200 0.668900 1 1 1.000000
0  -33.764271 98.603882 28.828863  -0.731339 0.580618 0.357806  0.258300 0.613400 1 1 1.000000
brakelight2lit
0  -33.959236 96.929321 31.134285  -0.738592 0.571689 0.357287  0.168700 0.447000 1 1 1.000000
0  -33.523388 99.395294 28.071857  -0.731514 0.580407 0.357791  0.307200 0.668900 1 1 1.000000
0  -33.993649 97.227524 30.583748  -0.722321 0.587346 0.365072  0.181400 0.486100 1 1 1.000000
brakelight2lit
0  -33.144909 100.289940 27.441044  -0.759807 0.553979 0.340294  0.368100 0.716500 1 1 1.000000
0  -33.523388 99.395294 28.071857  -0.731514 0.580407 0.357791  0.307200 0.668900 1 1 1.000000
0  -33.959236 96.929321 31.134285  -0.738592 0.571689 0.357287  0.168700 0.447000 1 1 1.000000
brakelight2lit
0  -33.833092 96.826088 31.570131  -0.759785 0.554004 0.340304  0.169500 0.415700 1 1 1.000000
0  -33.144909 100.289940 27.441044  -0.759807 0.553979 0.340294  0.368100 0.716500 1 1 1.000000
0  -33.959236 96.929321 31.134285  -0.738592 0.571689 0.357287  0.168700 0.447000 1 1 1.000000
brakelight2lit
0  -32.766384 101.023994 27.165754  -0.777211 0.538684 0.325210  0.420900 0.738800 1 1 1.000000
0  -33.144909 100.289940 27.441044  -0.759807 0.553979 0.340294  0.368100 0.716500 1 1 1.000000
0  -33.833092 96.826088 31.570131  -0.759785 0.554004 0.340304  0.169500 0.415700 1 1 1.000000
brakelight2lit
0  -33.121956 97.112839 32.636833  -0.776977 0.539003 0.325242  0.216200 0.342200 1 1 1.000000
0  -32.766384 101.023994 27.165754  -0.777211 0.538684 0.325210  0.420900 0.738800 1 1 1.000000
0  -33.833092 96.826088 31.570131  -0.759785 0.554004 0.340304  0.169500 0.415700 1 1 1.000000
brakelight2lit
0  -32.066750 101.953056 27.314856  -0.515973 0.706574 0.484278  0.498800 0.732500 1 1 1.000000
0  -32.766384 101.023994 27.165754  -0.777211 0.538684 0.325210  0.420900 0.738800 1 1 1.000000
0  -33.121956 97.112839 32.636833  -0.776977 0.539003 0.325242  0.216200 0.342200 1 1 1.000000
brakelight2lit
0  -32.468185 97.663361 33.359428  -0.515991 0.706568 0.484267  0.496400 0.295700 1 1 1.000000
0  -32.066750 101.953056 27.314856  -0.515973 0.706574 0.484278  0.498800 0.732500 1 1 1.000000
0  -33.121956 97.112839 32.636833  -0.776977 0.539003 0.325242  0.216200 0.342200 1 1 1.000000
brakelight2lit
0  -32.066750 101.953056 27.314856  -0.515973 0.706574 0.484278  0.498800 0.732500 1 1 1.000000
0  -32.468185 97.663361 33.359428  -0.515991 0.706568 0.484267  0.496400 0.295700 1 1 1.000000
0  -30.483919 102.549454 27.326311  -0.175319 0.795224 0.580415  0.607700 0.707800 1 1 1.000000
brakelight2lit
0  -32.468185 97.663361 33.359428  -0.515991 0.706568 0.484267  0.496400 0.295700 1 1 1.000000
0  -30.873899 97.881287 33.244694  -0.174339 0.795216 0.580721  0.615700 0.265000 1 1 1.000000
0  -30.483919 102.549454 27.326311  -0.175319 0.795224 0.580415  0.607700 0.707800 1 1 1.000000
brakelight2lit
0  -33.833092 96.826088 31.570131  0.615094 0.788415 0.007851  0.225300 0.948600 1 1 1.000000
0  -33.959236 96.929321 31.134285  0.660893 0.732170 0.164766  0.224800 0.950200 1 1 1.000000
0  -34.005146 96.952232 31.650408  0.615096 0.788413 0.007858  0.224700 0.948300 1 1 1.000000
brakelight2lit
0  -33.959236 96.929321 31.134285  0.661098 0.731864 0.165302  0.224800 0.950200 1 1 1.000000
0  -34.119839 97.066925 31.214561  0.661069 0.731894 0.165283  0.224200 0.949900 1 1 1.000000
0  -34.005146 96.952232 31.650408  0.615076 0.788429 0.007851  0.224700 0.948300 1 1 1.000000
brakelight2lit
0  -33.959236 96.929321 31.134285  0.661098 0.731864 0.165302  0.224800 0.950200 1 1 1.000000
0  -33.993649 97.227524 30.583748  0.690004 0.610649 0.388591  0.224700 0.952000 1 1 1.000000
0  -34.119839 97.066925 31.214561  0.661069 0.731894 0.165283  0.224200 0.949900 1 1 1.000000
brakelight2lit
0  -33.993649 97.227524 30.583748  0.690004 0.610649 0.388591  0.224700 0.952000 1 1 1.000000
0  -34.154247 97.365173 30.675482  0.689947 0.610694 0.388619  0.224100 0.951800 1 1 1.000000
0  -34.119839 97.066925 31.214561  0.661069 0.731894 0.165283  0.224200 0.949900 1 1 1.000000
brakelight2lit
0  -33.993649 97.227524 30.583748  0.690004 0.610649 0.388591  0.224700 0.952000 1 1 1.000000
0  -33.936325 97.766602 29.849655  0.684352 0.534870 0.495557  0.224900 0.954600 1 1 1.000000
0  -34.154247 97.365173 30.675482  0.689947 0.610694 0.388619  0.224100 0.951800 1 1 1.000000
brakelight2lit
0  -33.936325 97.766602 29.849655  0.684352 0.534870 0.495557  0.224900 0.954600 1 1 1.000000
0  -34.096882 97.904243 29.929979  0.684332 0.534878 0.495576  0.224300 0.954300 1 1 1.000000
0  -34.154247 97.365173 30.675482  0.689947 0.610694 0.388619  0.224100 0.951800 1 1 1.000000
brakelight2lit
0  30.489204 102.549454 27.326321  -0.997422 0.008029 -0.071309  0.244300 0.952400 1 1 1.000000
0  30.500660 102.538002 27.131351  -0.997422 0.008030 -0.071307  0.244300 0.953100 1 1 1.000000
0  30.500660 102.365936 27.200174  -0.997422 0.008029 -0.071310  0.244900 0.952800 1 1 1.000000
brakelight2lit
0  -30.495373 102.538002 27.131342  0.334228 0.403573 0.851716  0.251300 0.971300 1 1 1.000000
0  -30.495373 102.365936 27.200165  0.333555 0.293438 0.895899  0.251400 0.970700 1 1 1.000000
0  -30.438051 102.675652 27.039608  0.332307 0.402516 0.852968  0.251500 0.971800 1 1 1.000000
brakelight2lit
0  -30.495373 102.365936 27.200165  0.332967 0.293342 0.896149  0.251400 0.970700 1 1 1.000000
0  -30.288952 102.365936 27.142799  0.332978 0.293407 0.896124  0.252000 0.970700 1 1 1.000000
0  -30.438051 102.675652 27.039608  0.331688 0.402746 0.853099  0.251500 0.971800 1 1 1.000000
brakelight2lit
0  -30.495373 102.365936 27.200165  0.332967 0.293342 0.896149  0.251400 0.970700 1 1 1.000000
0  -31.022999 101.115768 27.636011  0.363605 0.205434 0.908619  0.249500 0.966400 1 1 1.000000
0  -30.288952 102.365936 27.142799  0.332978 0.293407 0.896124  0.252000 0.970700 1 1 1.000000
brakelight2lit
0  -31.022999 101.115768 27.636011  0.363605 0.205434 0.908619  0.249500 0.966400 1 1 1.000000
0  -30.828032 101.012543 27.578646  0.363514 0.205398 0.908663  0.250200 0.966000 1 1 1.000000
0  -30.288952 102.365936 27.142799  0.332978 0.293407 0.896124  0.252000 0.970700 1 1 1.000000
brakelight2lit
0  -31.022999 101.115768 27.636011  0.363605 0.205434 0.908619  0.249500 0.966400 1 1 1.000000
0  -31.321199 100.335815 27.991581  0.389183 0.238294 0.889805  0.248500 0.963600 1 1 1.000000
0  -30.828032 101.012543 27.578646  0.363514 0.205398 0.908663  0.250200 0.966000 1 1 1.000000
brakelight2lit
0  -31.321199 100.335815 27.991581  0.389183 0.238294 0.889805  0.248500 0.963600 1 1 1.000000
0  -31.126232 100.232574 27.922758  0.389210 0.238279 0.889797  0.249200 0.963300 1 1 1.000000
0  -30.828032 101.012543 27.578646  0.363514 0.205398 0.908663  0.250200 0.966000 1 1 1.000000
brakelight2lit
0  25.947182 99.659096 33.588814  0.142112 0.808535 0.571030  0.615200 0.216800 1 1 1.000000
0  27.713528 99.464127 33.726460  0.483692 0.729455 0.483670  0.490400 0.255700 1 1 1.000000
0  25.660437 104.396118 27.257544  0.142696 0.808598 0.570795  0.615200 0.734400 1 1 1.000000
brakelight2lit
0  27.713528 99.464127 33.726460  0.483692 0.729455 0.483670  0.490400 0.255700 1 1 1.000000
0  27.185902 103.879951 27.337820  0.483619 0.729491 0.483689  0.491800 0.758300 1 1 1.000000
0  25.660437 104.396118 27.257544  0.142696 0.808598 0.570795  0.615200 0.734400 1 1 1.000000
brakelight2lit
0  27.713528 99.464127 33.726460  0.483692 0.729455 0.483670  0.490400 0.255700 1 1 1.000000
0  29.009609 98.064804 32.946503  0.765183 0.552076 0.331219  0.127300 0.312100 1 1 1.000000
0  27.185902 103.879951 27.337820  0.483619 0.729491 0.483689  0.491800 0.758300 1 1 1.000000
brakelight2lit
0  29.009609 98.064804 32.946503  0.765183 0.552076 0.331219  0.127300 0.312100 1 1 1.000000
0  27.724979 103.386787 27.154308  0.765118 0.552114 0.331308  0.486000 0.773000 1 1 1.000000
0  27.185902 103.879951 27.337820  0.483619 0.729491 0.483689  0.491800 0.758300 1 1 1.000000
brakelight2lit
0  29.009609 98.064804 32.946503  0.765183 0.552076 0.331219  0.127300 0.312100 1 1 1.000000
0  28.745819 101.643349 27.670433  0.765104 0.552114 0.331340  0.339500 0.728700 1 1 1.000000
0  27.724979 103.386787 27.154308  0.765118 0.552114 0.331308  0.486000 0.773000 1 1 1.000000
brakelight2lit
0  28.745819 101.643349 27.670433  0.765104 0.552114 0.331340  0.339500 0.728700 1 1 1.000000
0  29.009609 98.064804 32.946503  0.765183 0.552076 0.331219  0.127300 0.312100 1 1 1.000000
0  29.560146 97.720741 32.258324  0.759918 0.553858 0.340244  0.081600 0.364200 1 1 1.000000
brakelight2lit
0  29.158710 100.851944 28.083324  0.759807 0.553984 0.340286  0.276000 0.695000 1 1 1.000000
0  28.745819 101.643349 27.670433  0.765104 0.552114 0.331340  0.339500 0.728700 1 1 1.000000
0  29.560146 97.720741 32.258324  0.759918 0.553858 0.340244  0.081600 0.364200 1 1 1.000000
brakelight2lit
0  29.158710 100.851944 28.083324  0.759807 0.553984 0.340286  0.276000 0.695000 1 1 1.000000
0  29.560146 97.720741 32.258324  0.759918 0.553858 0.340244  0.081600 0.364200 1 1 1.000000
0  29.434002 100.117889 28.645359  0.759749 0.554043 0.340319  0.221500 0.650000 1 1 1.000000
brakelight2lit
0  29.560146 97.720741 32.258324  0.759918 0.553858 0.340244  0.081600 0.364200 1 1 1.000000
0  29.674831 98.030396 31.558683  0.759425 0.554348 0.340546  0.093500 0.419700 1 1 1.000000
0  29.434002 100.117889 28.645359  0.759749 0.554043 0.340319  0.221500 0.650000 1 1 1.000000
brakelight2lit
0  34.102165 97.904243 29.929989  -0.680112 0.537751 0.498268  0.224300 0.954300 1 1 1.000000
0  33.941608 97.766602 29.849665  -0.680080 0.537767 0.498294  0.224900 0.954600 1 1 1.000000
0  34.159534 97.365173 30.675491  -0.685818 0.614007 0.390704  0.224100 0.951800 1 1 1.000000
brakelight2lit
0  33.941608 97.766602 29.849665  -0.680080 0.537767 0.498294  0.224900 0.954600 1 1 1.000000
0  33.998932 97.227524 30.583757  -0.685836 0.613993 0.390693  0.224700 0.952000 1 1 1.000000
0  34.159534 97.365173 30.675491  -0.685818 0.614007 0.390704  0.224100 0.951800 1 1 1.000000
brakelight2lit
0  34.159534 97.365173 30.675491  -0.685818 0.614007 0.390704  0.224100 0.951800 1 1 1.000000
0  33.998932 97.227524 30.583757  -0.685836 0.613993 0.390693  0.224700 0.952000 1 1 1.000000
0  34.125122 97.066925 31.214571  -0.656631 0.735670 0.166210  0.224200 0.949900 1 1 1.000000
brakelight2lit
0  33.998932 97.227524 30.583757  -0.685836 0.613993 0.390693  0.224700 0.952000 1 1 1.000000
0  33.953068 96.929321 31.134295  -0.656592 0.735723 0.166129  0.224800 0.950200 1 1 1.000000
0  34.125122 97.066925 31.214571  -0.656631 0.735670 0.166210  0.224200 0.949900 1 1 1.000000
brakelight2lit
0  34.125122 97.066925 31.214571  -0.656631 0.735670 0.166210  0.224200 0.949900 1 1 1.000000
0  33.953068 96.929321 31.134295  -0.656592 0.735723 0.166129  0.224800 0.950200 1 1 1.000000
0  34.010433 96.952232 31.650417  -0.610075 0.792303 0.008013  0.224700 0.948300 1 1 1.000000
brakelight2lit
0  33.953068 96.929321 31.134295  -0.656592 0.735723 0.166129  0.224800 0.950200 1 1 1.000000
0  33.838375 96.826088 31.570141  -0.610064 0.792312 0.007906  0.225300 0.948600 1 1 1.000000
0  34.010433 96.952232 31.650417  -0.610075 0.792303 0.008013  0.224700 0.948300 1 1 1.000000
brakelight2lit
0  24.765789 102.067749 28.702726  -0.655996 0.487915 0.575854  0.224900 0.992100 1 1 1.000000
0  24.593779 101.930099 28.610949  -0.656010 0.487884 0.575865  0.225500 0.992400 1 1 1.000000
0  24.995213 99.796738 31.868340  -0.667799 0.683761 0.294135  0.224100 0.981000 1 1 1.000000
brakelight2lit
0  24.593779 101.930099 28.610949  -0.656010 0.487884 0.575865  0.225500 0.992400 1 1 1.000000
0  24.823153 99.670586 31.788063  -0.667809 0.683771 0.294088  0.224700 0.981300 1 1 1.000000
0  24.995213 99.796738 31.868340  -0.667799 0.683761 0.294135  0.224100 0.981000 1 1 1.000000
brakelight2lit
0  24.995213 99.796738 31.868340  -0.667799 0.683761 0.294135  0.224100 0.981000 1 1 1.000000
0  24.823153 99.670586 31.788063  -0.667809 0.683771 0.294088  0.224700 0.981300 1 1 1.000000
0  24.823153 99.532944 32.648300  -0.636187 0.763471 0.111255  0.224700 0.978300 1 1 1.000000
brakelight2lit
0  24.823153 99.670586 31.788063  -0.667809 0.683771 0.294088  0.224700 0.981300 1 1 1.000000
0  24.651096 99.406746 32.568020  -0.636209 0.763455 0.111244  0.225300 0.978600 1 1 1.000000
0  24.823153 99.532944 32.648300  -0.636187 0.763471 0.111255  0.224700 0.978300 1 1 1.000000
brakelight2lit
0  21.084003 101.161636 33.760872  0.165529 0.677848 -0.716326  0.237800 0.974400 1 1 1.000000
0  20.762844 101.608940 34.299950  0.134496 0.735363 -0.664192  0.238900 0.972500 1 1 1.000000
0  23.010944 101.012543 34.082027  0.118401 0.631830 -0.766010  0.231000 0.973300 1 1 1.000000
brakelight2lit
0  20.762844 101.608940 34.299950  0.134496 0.735363 -0.664192  0.238900 0.972500 1 1 1.000000
0  20.946358 101.769539 34.460506  0.134357 0.735041 -0.664577  0.238200 0.972000 1 1 1.000000
0  23.010944 101.012543 34.082027  0.118401 0.631830 -0.766010  0.231000 0.973300 1 1 1.000000
brakelight2lit
0  20.946358 101.769539 34.460506  0.134357 0.735041 -0.664577  0.238200 0.972000 1 1 1.000000
0  21.967196 101.574532 34.414639  0.134268 0.735018 -0.664621  0.234700 0.972100 1 1 1.000000
0  23.010944 101.012543 34.082027  0.118401 0.631830 -0.766010  0.231000 0.973300 1 1 1.000000
brakelight2lit
0  21.967196 101.574532 34.414639  0.134268 0.735018 -0.664621  0.234700 0.972100 1 1 1.000000
0  22.185120 101.528664 34.368774  0.134483 0.735485 -0.664060  0.233900 0.972300 1 1 1.000000
0  23.010944 101.012543 34.082027  0.118401 0.631830 -0.766010  0.231000 0.973300 1 1 1.000000
brakelight2lit
0  22.185120 101.528664 34.368774  0.134483 0.735485 -0.664060  0.233900 0.972300 1 1 1.000000
0  22.827435 101.092812 34.208172  0.134656 0.735684 -0.663805  0.231700 0.972900 1 1 1.000000
0  23.010944 101.012543 34.082027  0.118401 0.631830 -0.766010  0.231000 0.973300 1 1 1.000000
brakelight2lit
0  24.823153 99.532944 32.648300  -0.291908 0.757396 -0.584073  0.224700 0.978300 1 1 1.000000
0  24.651096 99.406746 32.568020  -0.291898 0.757493 -0.583952  0.225300 0.978600 1 1 1.000000
0  24.272619 99.854103 33.359436  -0.134462 0.664203 -0.735360  0.226600 0.975800 1 1 1.000000
brakelight2lit
0  24.651096 99.406746 32.568020  -0.291898 0.757493 -0.583952  0.225300 0.978600 1 1 1.000000
0  24.100563 99.727913 33.279114  -0.134576 0.664251 -0.735296  0.227200 0.976100 1 1 1.000000
0  24.272619 99.854103 33.359436  -0.134462 0.664203 -0.735360  0.226600 0.975800 1 1 1.000000
brakelight2lit
0  24.272619 99.854103 33.359436  -0.134462 0.664203 -0.735360  0.226600 0.975800 1 1 1.000000
0  24.100563 99.727913 33.279114  -0.134576 0.664251 -0.735296  0.227200 0.976100 1 1 1.000000
0  23.010944 101.012543 34.082027  0.118401 0.631830 -0.766010  0.231000 0.973300 1 1 1.000000
brakelight2lit
0  24.100563 99.727913 33.279114  -0.134576 0.664251 -0.735296  0.227200 0.976100 1 1 1.000000
0  22.930622 100.851944 33.967339  0.102529 0.575168 -0.811585  0.231300 0.973700 1 1 1.000000
0  23.010944 101.012543 34.082027  0.118401 0.631830 -0.766010  0.231000 0.973300 1 1 1.000000
brakelight2lit
0  23.010944 101.012543 34.082027  0.118401 0.631830 -0.766010  0.231000 0.973300 1 1 1.000000
0  22.930622 100.851944 33.967339  0.102529 0.575168 -0.811585  0.231300 0.973700 1 1 1.000000
0  21.084003 101.161636 33.760872  0.165529 0.677848 -0.716326  0.237800 0.974400 1 1 1.000000
brakelight2lit
0  22.930622 100.851944 33.967339  0.102529 0.575168 -0.811585  0.231300 0.973700 1 1 1.000000
0  21.198690 101.092812 33.703503  0.180688 0.612982 -0.769159  0.237400 0.974600 1 1 1.000000
0  21.084003 101.161636 33.760872  0.165529 0.677848 -0.716326  0.237800 0.974400 1 1 1.000000
brakelight2lit
0  -29.566360 97.720741 32.258312  0.646281 0.732836 0.212773  0.240100 0.979800 1 1 1.000000
0  -29.669550 98.030396 31.558674  0.658523 0.666858 0.348781  0.239800 0.982200 1 1 1.000000
0  -29.738373 97.858383 32.338593  0.646277 0.732834 0.212793  0.239600 0.979500 1 1 1.000000
brakelight2lit
0  -29.669550 98.030396 31.558674  0.658459 0.666595 0.349405  0.239800 0.982200 1 1 1.000000
0  -29.841606 98.156578 31.638954  0.658367 0.666762 0.349259  0.239200 0.981900 1 1 1.000000
0  -29.738373 97.858383 32.338593  0.646245 0.732851 0.212831  0.239600 0.979500 1 1 1.000000
brakelight2lit
0  -29.669550 98.030396 31.558674  0.658459 0.666595 0.349405  0.239800 0.982200 1 1 1.000000
0  -29.428713 100.117889 28.645350  0.632585 0.467580 0.617418  0.240600 0.992400 1 1 1.000000
0  -29.841606 98.156578 31.638954  0.658367 0.666762 0.349259  0.239200 0.981900 1 1 1.000000
brakelight2lit
0  -29.428713 100.117889 28.645350  0.632585 0.467580 0.617418  0.240600 0.992400 1 1 1.000000
0  -29.600769 100.244041 28.725628  0.633158 0.466773 0.617442  0.240000 0.992100 1 1 1.000000
0  -29.841606 98.156578 31.638954  0.658367 0.666762 0.349259  0.239200 0.981900 1 1 1.000000
brakelight2lit
0  29.606056 100.244041 28.725637  -0.628312 0.469354 0.620428  0.240000 0.992100 1 1 1.000000
0  29.434002 100.117889 28.645359  -0.628990 0.468864 0.620111  0.240600 0.992400 1 1 1.000000
0  29.846889 98.156578 31.638964  -0.654687 0.669795 0.350371  0.239200 0.981900 1 1 1.000000
brakelight2lit
0  29.434002 100.117889 28.645359  -0.628990 0.468864 0.620111  0.240600 0.992400 1 1 1.000000
0  29.674831 98.030396 31.558683  -0.655058 0.669051 0.351099  0.239800 0.982200 1 1 1.000000
0  29.846889 98.156578 31.638964  -0.654687 0.669795 0.350371  0.239200 0.981900 1 1 1.000000
brakelight2lit
0  29.846889 98.156578 31.638964  -0.654687 0.669795 0.350371  0.239200 0.981900 1 1 1.000000
0  29.674831 98.030396 31.558683  -0.655058 0.669051 0.351099  0.239800 0.982200 1 1 1.000000
0  29.743656 97.858383 32.338604  -0.641618 0.736593 0.213909  0.239600 0.979500 1 1 1.000000
brakelight2lit
0  29.674831 98.030396 31.558683  -0.655058 0.669051 0.351099  0.239800 0.982200 1 1 1.000000
0  29.560146 97.720741 32.258324  -0.641611 0.736606 0.213886  0.240100 0.979800 1 1 1.000000
0  29.743656 97.858383 32.338604  -0.641618 0.736593 0.213909  0.239600 0.979500 1 1 1.000000
brakelight2lit
0  -22.718918 105.290726 27.085480  -0.657225 0.752198 -0.047477  0.481100 0.803500 1 1 1.000000
0  -22.936840 105.107216 27.119890  -0.657211 0.752207 -0.047522  0.480300 0.803400 1 1 1.000000
0  -22.443628 105.554558 27.383680  -0.657211 0.752207 -0.047521  0.482000 0.803000 1 1 1.000000
brakelight2lit
0  -21.159044 105.026939 27.716293  0.765507 -0.538909 -0.351534  0.710100 0.631000 1 1 1.000000
0  -20.849342 105.806892 27.165756  0.824857 -0.479826 -0.298961  0.627700 0.706500 1 1 1.000000
0  -21.537525 101.218964 32.728569  0.825216 -0.479423 -0.298616  0.700900 0.214900 1 1 1.000000
brakelight2lit
0  -21.193413 101.092812 33.703495  0.877709 -0.408062 -0.251223  0.617600 0.183000 1 1 1.000000
0  -21.537525 101.218964 32.728569  0.825216 -0.479423 -0.298616  0.700900 0.214900 1 1 1.000000
0  -20.849342 105.806892 27.165756  0.824857 -0.479826 -0.298961  0.627700 0.706500 1 1 1.000000
brakelight2lit
0  -20.895210 105.933044 27.303400  0.877703 -0.408050 -0.251263  0.614100 0.710400 1 1 1.000000
0  -21.193413 101.092812 33.703495  0.877709 -0.408062 -0.251223  0.617600 0.183000 1 1 1.000000
0  -20.849342 105.806892 27.165756  0.824857 -0.479826 -0.298961  0.627700 0.706500 1 1 1.000000
brakelight2lit
0  -27.364172 103.742348 27.016655  -0.685116 0.724892 0.071750  0.481500 0.804100 1 1 1.000000
0  -27.719696 103.386787 27.154299  -0.685114 0.724893 0.071750  0.480200 0.803900 1 1 1.000000
0  -27.180614 103.879951 27.337811  -0.685126 0.724878 0.071795  0.482100 0.803600 1 1 1.000000
brakelight2lit
0  30.500660 102.538002 27.131351  0.347301 0.757638 -0.552600  0.489000 0.804500 1 1 1.000000
0  30.489204 102.549454 27.326321  0.347358 0.757682 -0.552504  0.487500 0.802000 1 1 1.000000
0  32.507881 101.471336 27.108398  0.347089 0.757422 -0.553029  0.482000 0.804500 1 1 1.000000
brakelight2lit
0  30.489204 102.549454 27.326321  0.347358 0.757682 -0.552504  0.487500 0.802000 1 1 1.000000
0  32.060577 101.953056 27.314865  0.347108 0.757432 -0.553004  0.483500 0.804200 1 1 1.000000
0  32.507881 101.471336 27.108398  0.347089 0.757422 -0.553029  0.482000 0.804500 1 1 1.000000
brakelight2lit
0  -20.895210 105.933044 27.303400  -0.244395 0.867290 -0.433680  0.487500 0.803100 1 1 1.000000
0  -20.895210 105.852768 27.096933  -0.244394 0.867280 -0.433702  0.487400 0.803400 1 1 1.000000
0  -22.443628 105.554558 27.383680  -0.244410 0.867312 -0.433627  0.482000 0.803000 1 1 1.000000
brakelight2lit
0  -20.895210 105.852768 27.096933  -0.244394 0.867280 -0.433702  0.487400 0.803400 1 1 1.000000
0  -22.718918 105.290726 27.085480  -0.244415 0.867352 -0.433546  0.481100 0.803500 1 1 1.000000
0  -22.443628 105.554558 27.383680  -0.244410 0.867312 -0.433627  0.482000 0.803000 1 1 1.000000
brakelight2lit
0  -25.655153 104.396118 27.257534  -0.340685 0.935426 -0.094405  0.487400 0.803700 1 1 1.000000
0  -25.632242 104.430527 27.028109  -0.340825 0.935380 -0.094349  0.487500 0.804000 1 1 1.000000
0  -27.180614 103.879951 27.337811  -0.340901 0.935286 -0.095006  0.482100 0.803600 1 1 1.000000
brakelight2lit
0  -25.632242 104.430527 27.028109  -0.340825 0.935380 -0.094349  0.487500 0.804000 1 1 1.000000
0  -27.364172 103.742348 27.016655  -0.340991 0.935206 -0.095471  0.481500 0.804100 1 1 1.000000
0  -27.180614 103.879951 27.337811  -0.340901 0.935286 -0.095006  0.482100 0.803600 1 1 1.000000
brakelight2lit
0  -32.066750 101.953056 27.314856  -0.340085 0.759522 -0.554499  0.483500 0.804200 1 1 1.000000
0  -30.483919 102.549454 27.326311  -0.340364 0.759769 -0.553988  0.487500 0.802000 1 1 1.000000
0  -32.502594 101.471336 27.108389  -0.340114 0.759512 -0.554495  0.482000 0.804500 1 1 1.000000
brakelight2lit
0  -30.483919 102.549454 27.326311  -0.340364 0.759769 -0.553988  0.487500 0.802000 1 1 1.000000
0  -30.495373 102.538002 27.131342  -0.340263 0.759796 -0.554013  0.489000 0.804500 1 1 1.000000
0  -32.502594 101.471336 27.108389  -0.340114 0.759512 -0.554495  0.482000 0.804500 1 1 1.000000
brakelight2lit
0  26.497719 98.970909 32.671253  -0.446201 0.884612 0.135520  0.250800 0.978300 1 1 1.000000
0  26.692730 99.074135 32.740078  -0.446216 0.884609 0.135491  0.250100 0.978100 1 1 1.000000
0  26.646820 99.188835 31.856886  -0.458849 0.806936 0.371903  0.250300 0.981200 1 1 1.000000
brakelight2lit
0  26.692730 99.074135 32.740078  -0.446216 0.884609 0.135491  0.250100 0.978100 1 1 1.000000
0  26.853287 99.280609 31.902752  -0.458856 0.806902 0.371968  0.249600 0.981000 1 1 1.000000
0  26.646820 99.188835 31.856886  -0.458849 0.806936 0.371903  0.250300 0.981200 1 1 1.000000
brakelight2lit
0  26.646820 99.188835 31.856886  -0.458849 0.806936 0.371903  0.262600 0.953900 1 1 1.000000
0  26.853287 99.280609 31.902752  -0.458856 0.806902 0.371968  0.261900 0.954200 1 1 1.000000
0  26.199520 102.251251 27.934223  -0.438657 0.685225 0.581418  0.264200 0.964600 1 1 1.000000
brakelight2lit
0  26.853287 99.280609 31.902752  -0.458856 0.806902 0.371968  0.261900 0.954200 1 1 1.000000
0  26.405987 102.343033 27.980133  -0.438506 0.685225 0.581532  0.263500 0.964900 1 1 1.000000
0  26.199520 102.251251 27.934223  -0.438657 0.685225 0.581418  0.264200 0.964600 1 1 1.000000
brakelight2lit
0  31.555908 97.353668 31.604553  -0.516083 0.745994 0.420893  0.247700 0.953200 1 1 1.000000
0  31.750877 97.456902 31.661919  -0.515996 0.746029 0.420939  0.247000 0.953600 1 1 1.000000
0  31.131519 100.232574 27.922768  -0.508203 0.651031 0.563815  0.249200 0.963300 1 1 1.000000
brakelight2lit
0  31.750877 97.456902 31.661919  -0.515996 0.746029 0.420939  0.247000 0.953600 1 1 1.000000
0  31.326485 100.335815 27.991590  -0.508408 0.650891 0.563792  0.248500 0.963600 1 1 1.000000
0  31.131519 100.232574 27.922768  -0.508203 0.651031 0.563815  0.249200 0.963300 1 1 1.000000
brakelight2lit
0  31.475586 97.055458 32.350101  -0.502313 0.821113 0.271025  0.233500 0.945900 1 1 1.000000
0  31.670601 97.158699 32.407425  -0.502211 0.821177 0.271021  0.232800 0.945700 1 1 1.000000
0  31.555908 97.353668 31.604553  -0.516083 0.745994 0.420893  0.233200 0.948500 1 1 1.000000
brakelight2lit
0  31.670601 97.158699 32.407425  -0.502211 0.821177 0.271021  0.232800 0.945700 1 1 1.000000
0  31.750877 97.456902 31.661919  -0.515996 0.746029 0.420939  0.232500 0.948300 1 1 1.000000
0  31.555908 97.353668 31.604553  -0.516083 0.745994 0.420893  0.233200 0.948500 1 1 1.000000
brakelight2lit
0  21.084003 101.161636 33.760872  -0.032558 0.998970 0.031614  0.237800 0.974400 1 1 1.000000
0  21.198690 101.092812 33.703503  -0.031745 0.999005 0.031336  0.237400 0.974600 1 1 1.000000
0  21.336338 101.138680 32.682713  -0.032323 0.998976 0.031663  0.236900 0.978200 1 1 1.000000
brakelight2lit
0  21.198690 101.092812 33.703503  -0.031745 0.999005 0.031336  0.237400 0.974600 1 1 1.000000
0  21.542807 101.218964 32.728577  -0.032350 0.998976 0.031618  0.236200 0.978000 1 1 1.000000
0  21.336338 101.138680 32.682713  -0.032323 0.998976 0.031663  0.236900 0.978200 1 1 1.000000
brakelight2lit
0  22.724203 105.290726 27.085485  0.251917 0.865498 -0.432955  0.481100 0.803500 1 1 1.000000
0  20.900492 105.852768 27.096939  0.251790 0.865678 -0.432670  0.487400 0.803400 1 1 1.000000
0  22.448910 105.554558 27.383686  0.251900 0.865583 -0.432796  0.482000 0.803000 1 1 1.000000
brakelight2lit
0  20.900492 105.852768 27.096939  0.251790 0.865678 -0.432670  0.487400 0.803400 1 1 1.000000
0  20.900492 105.933044 27.303406  0.251791 0.865724 -0.432577  0.487500 0.803100 1 1 1.000000
0  22.448910 105.554558 27.383686  0.251900 0.865583 -0.432796  0.482000 0.803000 1 1 1.000000
brakelight2lit
0  27.369457 103.742348 27.016665  0.347974 0.932647 -0.095303  0.481500 0.804100 1 1 1.000000
0  25.626024 104.430527 27.028118  0.347801 0.932822 -0.094219  0.487500 0.804000 1 1 1.000000
0  27.185902 103.879951 27.337820  0.347921 0.932710 -0.094885  0.482100 0.803600 1 1 1.000000
brakelight2lit
0  25.626024 104.430527 27.028118  0.347801 0.932822 -0.094219  0.487500 0.804000 1 1 1.000000
0  25.660437 104.396118 27.257544  0.347693 0.932859 -0.094257  0.487400 0.803700 1 1 1.000000
0  27.185902 103.879951 27.337820  0.347921 0.932710 -0.094885  0.482100 0.803600 1 1 1.000000
brakelight2lit
0  -31.665316 97.158699 32.407413  0.110504 0.686804 -0.718394  0.232800 0.945700 1 1 1.000000
0  -30.873899 97.881287 33.244694  0.000539 0.662410 -0.749142  0.235500 0.942800 1 1 1.000000
0  -31.470301 97.055458 32.350090  0.110502 0.686800 -0.718398  0.233500 0.945900 1 1 1.000000
brakelight2lit
0  -30.873899 97.881287 33.244694  -0.000340 0.662751 -0.748839  0.235500 0.942800 1 1 1.000000
0  -30.770664 97.927162 33.290607  -0.047117 0.636422 -0.769901  0.235900 0.942600 1 1 1.000000
0  -31.470301 97.055458 32.350090  0.109963 0.687059 -0.718233  0.233500 0.945900 1 1 1.000000
brakelight2lit
0  -30.873899 97.881287 33.244694  -0.000340 0.662751 -0.748839  0.235500 0.942800 1 1 1.000000
0  -32.468185 97.663361 33.359428  0.039654 0.661462 -0.748930  0.230000 0.942400 1 1 1.000000
0  -30.770664 97.927162 33.290607  -0.047117 0.636422 -0.769901  0.235900 0.942600 1 1 1.000000
brakelight2lit
0  -32.468185 97.663361 33.359428  0.039654 0.661462 -0.748930  0.230000 0.942400 1 1 1.000000
0  -32.559963 97.823967 33.462662  -0.015766 0.632243 -0.774610  0.229700 0.942000 1 1 1.000000
0  -30.770664 97.927162 33.290607  -0.047117 0.636422 -0.769901  0.235900 0.942600 1 1 1.000000
brakelight2lit
0  -32.468185 97.663361 33.359428  0.039654 0.661462 -0.748930  0.230000 0.942400 1 1 1.000000
0  -33.121956 97.112839 32.636833  0.292665 0.743608 -0.601161  0.227700 0.944900 1 1 1.000000
0  -32.559963 97.823967 33.462662  -0.015766 0.632243 -0.774610  0.229700 0.942000 1 1 1.000000
brakelight2lit
0  -33.121956 97.112839 32.636833  0.292665 0.743608 -0.601161  0.227700 0.944900 1 1 1.000000
0  -33.294010 97.238976 32.717113  0.292668 0.743568 -0.601209  0.227100 0.944600 1 1 1.000000
0  -32.559963 97.823967 33.462662  -0.015766 0.632243 -0.774610  0.229700 0.942000 1 1 1.000000
brakelight2lit
0  -33.121956 97.112839 32.636833  0.292665 0.743608 -0.601161  0.227700 0.944900 1 1 1.000000
0  -33.833092 96.826088 31.570131  0.379636 0.798781 -0.466718  0.225300 0.948600 1 1 1.000000
0  -33.294010 97.238976 32.717113  0.292668 0.743568 -0.601209  0.227100 0.944600 1 1 1.000000
brakelight2lit
0  -33.833092 96.826088 31.570131  0.379636 0.798781 -0.466718  0.225300 0.948600 1 1 1.000000
0  -34.005146 96.952232 31.650408  0.379598 0.798753 -0.466797  0.224700 0.948300 1 1 1.000000
0  -33.294010 97.238976 32.717113  0.292668 0.743568 -0.601209  0.227100 0.944600 1 1 1.000000
brakelight2lit
0  -32.422321 97.904243 33.531441  -0.134224 0.576657 -0.805885  0.230100 0.941800 1 1 1.000000
0  -31.860283 98.294182 33.737907  -0.132306 0.578101 -0.805168  0.232100 0.941100 1 1 1.000000
0  -32.559963 97.823967 33.462662  -0.015766 0.632243 -0.774610  0.229700 0.942000 1 1 1.000000
brakelight2lit
0  -31.860283 98.294182 33.737907  -0.132306 0.578101 -0.805168  0.232100 0.941100 1 1 1.000000
0  -31.642359 98.385963 33.772316  -0.134537 0.577114 -0.805506  0.232900 0.941000 1 1 1.000000
0  -32.559963 97.823967 33.462662  -0.015766 0.632243 -0.774610  0.229700 0.942000 1 1 1.000000
brakelight2lit
0  -31.642359 98.385963 33.772316  -0.134537 0.577114 -0.805506  0.232900 0.941000 1 1 1.000000
0  -30.472464 98.764481 33.795277  -0.134384 0.576692 -0.805833  0.237000 0.940900 1 1 1.000000
0  -32.559963 97.823967 33.462662  -0.015766 0.632243 -0.774610  0.229700 0.942000 1 1 1.000000
brakelight2lit
0  -30.472464 98.764481 33.795277  -0.134384 0.576692 -0.805833  0.237000 0.940900 1 1 1.000000
0  -30.392141 98.615341 33.692039  -0.134293 0.576708 -0.805837  0.237200 0.941200 1 1 1.000000
0  -32.559963 97.823967 33.462662  -0.015766 0.632243 -0.774610  0.229700 0.942000 1 1 1.000000
brakelight2lit
0  -30.392141 98.615341 33.692039  -0.134293 0.576708 -0.805837  0.237200 0.941200 1 1 1.000000
0  -30.770664 97.927162 33.290607  -0.047117 0.636422 -0.769901  0.235900 0.942600 1 1 1.000000
0  -32.559963 97.823967 33.462662  -0.015766 0.632243 -0.774610  0.229700 0.942000 1 1 1.000000
brakelight2lit
0  -30.495373 102.538002 27.131342  0.997467 0.007860 -0.070693  0.244300 0.953100 1 1 1.000000
0  -30.483919 102.549454 27.326311  0.997467 0.007859 -0.070693  0.244300 0.952400 1 1 1.000000
0  -30.495373 102.365936 27.200165  0.997465 0.007902 -0.070715  0.244900 0.952800 1 1 1.000000
brakelight2lit
0  32.060577 101.953056 27.314865  0.751149 0.482274 0.450763  0.483500 0.804200 1 1 1.000000
0  32.771671 101.023994 27.165764  0.751148 0.482274 0.450764  0.481100 0.804500 1 1 1.000000
0  32.507881 101.471336 27.108398  0.751176 0.482235 0.450759  0.482000 0.804500 1 1 1.000000
brakelight2lit
0  20.854624 105.806892 27.165762  -0.823466 0.522269 -0.221672  0.245600 0.952900 1 1 1.000000
0  20.900492 105.933044 27.303406  -0.823468 0.522266 -0.221672  0.245200 0.952400 1 1 1.000000
0  20.900492 105.852768 27.096939  -0.823467 0.522268 -0.221672  0.245500 0.953100 1 1 1.000000
brakelight2lit
0  -24.645817 99.406746 32.568012  0.640962 0.759558 0.110629  0.225300 0.978600 1 1 1.000000
0  -24.817873 99.670586 31.788054  0.673564 0.682017 0.284894  0.224700 0.981300 1 1 1.000000
0  -24.817873 99.532944 32.648293  0.640902 0.759599 0.110695  0.224700 0.978300 1 1 1.000000
brakelight2lit
0  -24.817873 99.670586 31.788054  0.673689 0.681678 0.285408  0.224700 0.981300 1 1 1.000000
0  -24.989929 99.796738 31.868330  0.673680 0.681687 0.285409  0.224100 0.981000 1 1 1.000000
0  -24.817873 99.532944 32.648293  0.640919 0.759589 0.110666  0.224700 0.978300 1 1 1.000000
brakelight2lit
0  -24.817873 99.670586 31.788054  0.673689 0.681678 0.285408  0.224700 0.981300 1 1 1.000000
0  -24.588493 101.930099 28.610939  0.660501 0.485364 0.572853  0.225500 0.992400 1 1 1.000000
0  -24.989929 99.796738 31.868330  0.673680 0.681687 0.285409  0.224100 0.981000 1 1 1.000000
brakelight2lit
0  -24.588493 101.930099 28.610939  0.660501 0.485364 0.572853  0.225500 0.992400 1 1 1.000000
0  -24.760504 102.067749 28.702717  0.660476 0.485429 0.572826  0.224900 0.992100 1 1 1.000000
0  -24.989929 99.796738 31.868330  0.673680 0.681687 0.285409  0.224100 0.981000 1 1 1.000000
brakelight2lit
0  -26.848005 99.280609 31.902742  0.465491 0.804016 0.369969  0.249600 0.981000 1 1 1.000000
0  -26.687449 99.074135 32.740070  0.452625 0.881423 0.134995  0.250100 0.978100 1 1 1.000000
0  -26.653038 99.188835 31.856876  0.464428 0.804317 0.370649  0.250300 0.981200 1 1 1.000000
brakelight2lit
0  -26.687449 99.074135 32.740070  0.452625 0.881423 0.134995  0.250100 0.978100 1 1 1.000000
0  -26.492437 98.970909 32.671246  0.452648 0.881412 0.134993  0.250800 0.978300 1 1 1.000000
0  -26.653038 99.188835 31.856876  0.464428 0.804317 0.370649  0.250300 0.981200 1 1 1.000000
brakelight2lit
0  -26.400702 102.343033 27.980124  0.444522 0.682946 0.579642  0.263500 0.964900 1 1 1.000000
0  -26.848005 99.280609 31.902742  0.465079 0.803740 0.371085  0.261900 0.954200 1 1 1.000000
0  -26.194233 102.251251 27.934214  0.444522 0.682945 0.579643  0.264200 0.964600 1 1 1.000000
brakelight2lit
0  -26.848005 99.280609 31.902742  0.465491 0.804016 0.369969  0.261900 0.954200 1 1 1.000000
0  -26.653038 99.188835 31.856876  0.464428 0.804317 0.370649  0.262600 0.953900 1 1 1.000000
0  -26.194233 102.251251 27.934214  0.444660 0.682886 0.579607  0.264200 0.964600 1 1 1.000000
brakelight2lit
0  -31.321199 100.335815 27.991581  0.514104 0.648392 0.561502  0.248500 0.963600 1 1 1.000000
0  -31.745592 97.456902 31.661909  0.521770 0.742812 0.419508  0.247000 0.953600 1 1 1.000000
0  -31.126232 100.232574 27.922758  0.514190 0.648352 0.561469  0.249200 0.963300 1 1 1.000000
brakelight2lit
0  -31.745592 97.456902 31.661909  0.521551 0.743203 0.419088  0.247000 0.953600 1 1 1.000000
0  -31.550627 97.353668 31.604544  0.521481 0.743126 0.419310  0.247700 0.953200 1 1 1.000000
0  -31.126232 100.232574 27.922758  0.514214 0.648352 0.561447  0.249200 0.963300 1 1 1.000000
brakelight2lit
0  -31.745592 97.456902 31.661909  0.521551 0.743203 0.419088  0.232500 0.948300 1 1 1.000000
0  -31.665316 97.158699 32.407413  0.508245 0.817786 0.270025  0.232800 0.945700 1 1 1.000000
0  -31.550627 97.353668 31.604544  0.521481 0.743126 0.419310  0.233200 0.948500 1 1 1.000000
brakelight2lit
0  -31.665316 97.158699 32.407413  0.508245 0.817786 0.270025  0.232800 0.945700 1 1 1.000000
0  -31.470301 97.055458 32.350090  0.508230 0.817798 0.270016  0.233500 0.945900 1 1 1.000000
0  -31.550627 97.353668 31.604544  0.521481 0.743126 0.419310  0.233200 0.948500 1 1 1.000000
brakelight2lit
0  -21.537525 101.218964 32.728569  0.040344 0.998686 0.031613  0.236200 0.978000 1 1 1.000000
0  -21.193413 101.092812 33.703495  0.040447 0.998680 0.031675  0.237400 0.974600 1 1 1.000000
0  -21.331057 101.138680 32.682705  0.040348 0.998684 0.031644  0.236900 0.978200 1 1 1.000000
brakelight2lit
0  -21.193413 101.092812 33.703495  0.040426 0.998681 0.031667  0.237400 0.974600 1 1 1.000000
0  -21.078722 101.161636 33.760864  0.040362 0.998686 0.031586  0.237800 0.974400 1 1 1.000000
0  -21.331057 101.138680 32.682705  0.040333 0.998685 0.031662  0.236900 0.978200 1 1 1.000000
brakelight2lit
0  21.198690 101.092812 33.703503  0.086952 0.806334 0.585033  0.617600 0.183000 1 1 1.000000
0  22.930622 100.851944 33.967339  0.452474 0.738292 0.500191  0.499700 0.220000 1 1 1.000000
0  20.900492 105.933044 27.303406  0.086921 0.806341 0.585028  0.614100 0.710400 1 1 1.000000
brakelight2lit
0  22.930622 100.851944 33.967339  0.452474 0.738292 0.500191  0.499700 0.220000 1 1 1.000000
0  22.448910 105.554558 27.383686  0.452352 0.738350 0.500218  0.497300 0.746000 1 1 1.000000
0  20.900492 105.933044 27.303406  0.086921 0.806341 0.585028  0.614100 0.710400 1 1 1.000000
brakelight2lit
0  22.930622 100.851944 33.967339  0.452474 0.738292 0.500191  0.499700 0.220000 1 1 1.000000
0  24.100563 99.727913 33.279114  0.759800 0.553990 0.340291  0.156500 0.277400 1 1 1.000000
0  22.448910 105.554558 27.383686  0.452352 0.738350 0.500218  0.497300 0.746000 1 1 1.000000
brakelight2lit
0  24.100563 99.727913 33.279114  0.759800 0.553990 0.340291  0.156500 0.277400 1 1 1.000000
0  22.942123 105.107216 27.119896  0.756423 0.559503 0.338793  0.400800 0.768500 1 1 1.000000
0  22.448910 105.554558 27.383686  0.452352 0.738350 0.500218  0.497300 0.746000 1 1 1.000000
brakelight2lit
0  24.100563 99.727913 33.279114  0.759800 0.553990 0.340291  0.156500 0.277400 1 1 1.000000
0  23.997330 103.306511 27.727800  0.768463 0.546600 0.332705  0.383300 0.721800 1 1 1.000000
0  22.942123 105.107216 27.119896  0.756423 0.559503 0.338793  0.400800 0.768500 1 1 1.000000
brakelight2lit
0  24.100563 99.727913 33.279114  0.759800 0.553990 0.340291  0.156500 0.277400 1 1 1.000000
0  24.651096 99.406746 32.568020  0.756436 0.559437 0.338872  0.112600 0.334200 1 1 1.000000
0  23.997330 103.306511 27.727800  0.768463 0.546600 0.332705  0.383300 0.721800 1 1 1.000000
brakelight2lit
0  24.651096 99.406746 32.568020  0.756436 0.559437 0.338872  0.112600 0.334200 1 1 1.000000
0  24.387308 102.549454 28.071867  0.756436 0.559482 0.338799  0.318900 0.694200 1 1 1.000000
0  23.997330 103.306511 27.727800  0.768463 0.546600 0.332705  0.383300 0.721800 1 1 1.000000
brakelight2lit
0  24.651096 99.406746 32.568020  0.756436 0.559437 0.338872  0.112600 0.334200 1 1 1.000000
0  24.823153 99.670586 31.788063  0.742032 0.568500 0.355240  0.121200 0.397500 1 1 1.000000
0  24.387308 102.549454 28.071867  0.756436 0.559482 0.338799  0.318900 0.694200 1 1 1.000000
brakelight2lit
0  24.823153 99.670586 31.788063  0.742032 0.568500 0.355240  0.121200 0.397500 1 1 1.000000
0  24.593779 101.930099 28.610949  0.742095 0.568434 0.355214  0.272000 0.651200 1 1 1.000000
0  24.387308 102.549454 28.071867  0.756436 0.559482 0.338799  0.318900 0.694200 1 1 1.000000
brakelight2lit
0  -25.655153 104.396118 27.257534  0.515190 0.840725 0.166613  0.243900 0.952300 1 1 1.000000
0  -25.563419 104.361710 27.131342  0.515190 0.840725 0.166616  0.244000 0.952700 1 1 1.000000
0  -25.632242 104.430527 27.028109  0.515192 0.840725 0.166612  0.243800 0.953100 1 1 1.000000
brakelight2lit
0  30.443336 102.675652 27.039618  0.221354 0.426911 0.876783  0.251500 0.971800 1 1 1.000000
0  30.500660 102.538002 27.131351  0.221351 0.426928 0.876776  0.251300 0.971300 1 1 1.000000
0  32.634026 101.631897 27.051075  0.055769 0.294129 0.954137  0.243900 0.968200 1 1 1.000000
brakelight2lit
0  30.500660 102.538002 27.131351  0.221351 0.426928 0.876776  0.251300 0.971300 1 1 1.000000
0  32.507881 101.471336 27.108398  0.055603 0.294088 0.954159  0.244300 0.967600 1 1 1.000000
0  32.634026 101.631897 27.051075  0.055769 0.294129 0.954137  0.243900 0.968200 1 1 1.000000
brakelight2lit
0  32.634026 101.631897 27.051075  0.055769 0.294129 0.954137  0.243900 0.968200 1 1 1.000000
0  32.507881 101.471336 27.108398  0.055603 0.294088 0.954159  0.244300 0.967600 1 1 1.000000
0  32.943729 101.161636 27.211632  -0.262404 0.143094 0.954289  0.242800 0.966500 1 1 1.000000
brakelight2lit
0  32.507881 101.471336 27.108398  0.055603 0.294088 0.954159  0.244300 0.967600 1 1 1.000000
0  32.771671 101.023994 27.165764  -0.262785 0.142763 0.954234  0.243400 0.966000 1 1 1.000000
0  32.943729 101.161636 27.211632  -0.262404 0.143094 0.954289  0.242800 0.966500 1 1 1.000000
brakelight2lit
0  32.943729 101.161636 27.211632  -0.262404 0.143094 0.954289  0.242800 0.966500 1 1 1.000000
0  32.771671 101.023994 27.165764  -0.262785 0.142763 0.954234  0.243400 0.966000 1 1 1.000000
0  33.322205 100.416092 27.521334  -0.502412 0.215293 0.837395  0.241500 0.963900 1 1 1.000000
brakelight2lit
0  32.771671 101.023994 27.165764  -0.262785 0.142763 0.954234  0.243400 0.966000 1 1 1.000000
0  33.150196 100.289940 27.441053  -0.502398 0.215297 0.837403  0.242100 0.963500 1 1 1.000000
0  33.322205 100.416092 27.521334  -0.502412 0.215293 0.837395  0.241500 0.963900 1 1 1.000000
brakelight2lit
0  33.322205 100.416092 27.521334  -0.502412 0.215293 0.837395  0.241500 0.963900 1 1 1.000000
0  33.150196 100.289940 27.441053  -0.502398 0.215297 0.837403  0.242100 0.963500 1 1 1.000000
0  33.700729 99.521492 28.152147  -0.611103 0.357123 0.706411  0.240200 0.960800 1 1 1.000000
brakelight2lit
0  33.150196 100.289940 27.441053  -0.502398 0.215297 0.837403  0.242100 0.963500 1 1 1.000000
0  33.528675 99.395294 28.071867  -0.611099 0.357130 0.706411  0.240800 0.960400 1 1 1.000000
0  33.700729 99.521492 28.152147  -0.611103 0.357123 0.706411  0.240200 0.960800 1 1 1.000000
brakelight2lit
0  33.700729 99.521492 28.152147  -0.611103 0.357123 0.706411  0.240200 0.960800 1 1 1.000000
0  33.528675 99.395294 28.071867  -0.611099 0.357130 0.706411  0.240800 0.960400 1 1 1.000000
0  33.941608 98.741524 28.920649  -0.659308 0.468707 0.587900  0.239400 0.958100 1 1 1.000000
brakelight2lit
0  33.528675 99.395294 28.071867  -0.611099 0.357130 0.706411  0.240800 0.960400 1 1 1.000000
0  33.769554 98.603882 28.828873  -0.659348 0.468672 0.587883  0.239900 0.957600 1 1 1.000000
0  33.941608 98.741524 28.920649  -0.659308 0.468707 0.587900  0.239400 0.958100 1 1 1.000000
brakelight2lit
0  33.941608 98.741524 28.920649  -0.659308 0.468707 0.587900  0.239400 0.958100 1 1 1.000000
0  33.769554 98.603882 28.828873  -0.659348 0.468672 0.587883  0.239900 0.957600 1 1 1.000000
0  34.102165 97.904243 29.929989  -0.680112 0.537751 0.498268  0.238800 0.955200 1 1 1.000000
brakelight2lit
0  33.769554 98.603882 28.828873  -0.659348 0.468672 0.587883  0.239900 0.957600 1 1 1.000000
0  33.941608 97.766602 29.849665  -0.680080 0.537767 0.498294  0.239400 0.954700 1 1 1.000000
0  34.102165 97.904243 29.929989  -0.680112 0.537751 0.498268  0.238800 0.955200 1 1 1.000000
brakelight2lit
0  22.942123 105.107216 27.119896  0.661696 0.748278 -0.047312  0.480300 0.803400 1 1 1.000000
0  22.724203 105.290726 27.085485  0.661713 0.748262 -0.047327  0.481100 0.803500 1 1 1.000000
0  22.448910 105.554558 27.383686  0.661697 0.748277 -0.047312  0.482000 0.803000 1 1 1.000000
brakelight2lit
0  -24.588493 101.930099 28.610939  -0.738496 0.571820 0.357275  0.272000 0.651200 1 1 1.000000
0  -24.817873 99.670586 31.788054  -0.738597 0.571698 0.357261  0.121200 0.397500 1 1 1.000000
0  -24.382025 102.549454 28.071857  -0.752959 0.562891 0.340891  0.318900 0.694200 1 1 1.000000
brakelight2lit
0  -24.817873 99.670586 31.788054  -0.738597 0.571698 0.357261  0.121200 0.397500 1 1 1.000000
0  -24.645817 99.406746 32.568012  -0.752998 0.562829 0.340907  0.112600 0.334200 1 1 1.000000
0  -24.382025 102.549454 28.071857  -0.752959 0.562891 0.340891  0.318900 0.694200 1 1 1.000000
brakelight2lit
0  -24.382025 102.549454 28.071857  -0.752959 0.562891 0.340891  0.318900 0.694200 1 1 1.000000
0  -24.645817 99.406746 32.568012  -0.752998 0.562829 0.340907  0.112600 0.334200 1 1 1.000000
0  -23.992046 103.306511 27.727791  -0.765247 0.549934 0.334618  0.383300 0.721800 1 1 1.000000
brakelight2lit
0  -24.645817 99.406746 32.568012  -0.752998 0.562829 0.340907  0.112600 0.334200 1 1 1.000000
0  -24.095282 99.727913 33.279106  -0.756050 0.557510 0.342886  0.156500 0.277400 1 1 1.000000
0  -23.992046 103.306511 27.727791  -0.765247 0.549934 0.334618  0.383300 0.721800 1 1 1.000000
brakelight2lit
0  -23.992046 103.306511 27.727791  -0.765247 0.549934 0.334618  0.383300 0.721800 1 1 1.000000
0  -24.095282 99.727913 33.279106  -0.756050 0.557510 0.342886  0.156500 0.277400 1 1 1.000000
0  -22.936840 105.107216 27.119890  -0.753021 0.562805 0.340896  0.400800 0.768500 1 1 1.000000
brakelight2lit
0  -22.936840 105.107216 27.119890  -0.753021 0.562805 0.340896  0.400800 0.768500 1 1 1.000000
0  -24.095282 99.727913 33.279106  -0.756050 0.557510 0.342886  0.156500 0.277400 1 1 1.000000
0  -22.443628 105.554558 27.383680  -0.445944 0.741033 0.502000  0.497300 0.746000 1 1 1.000000
brakelight2lit
0  -24.095282 99.727913 33.279106  -0.756050 0.557510 0.342886  0.156500 0.277400 1 1 1.000000
0  -22.936842 100.851944 33.967331  -0.446063 0.740976 0.501978  0.499700 0.220000 1 1 1.000000
0  -22.443628 105.554558 27.383680  -0.445944 0.741033 0.502000  0.497300 0.746000 1 1 1.000000
brakelight2lit
0  -22.443628 105.554558 27.383680  -0.445944 0.741033 0.502000  0.497300 0.746000 1 1 1.000000
0  -22.936842 100.851944 33.967331  -0.446063 0.740976 0.501978  0.499700 0.220000 1 1 1.000000
0  -20.895210 105.933044 27.303400  -0.079106 0.806886 0.585386  0.614100 0.710400 1 1 1.000000
brakelight2lit
0  -22.936842 100.851944 33.967331  -0.446063 0.740976 0.501978  0.499700 0.220000 1 1 1.000000
0  -21.193413 101.092812 33.703495  -0.079084 0.806889 0.585386  0.617600 0.183000 1 1 1.000000
0  -20.895210 105.933044 27.303400  -0.079106 0.806886 0.585386  0.614100 0.710400 1 1 1.000000
brakelight2lit
0  -29.669550 98.030396 31.558674  -0.756366 0.557384 0.342394  0.093500 0.419700 1 1 1.000000
0  -29.566360 97.720741 32.258312  -0.756358 0.557396 0.342392  0.081600 0.364200 1 1 1.000000
0  -29.428713 100.117889 28.645350  -0.756385 0.557367 0.342379  0.221500 0.650000 1 1 1.000000
brakelight2lit
0  -29.566360 97.720741 32.258312  -0.756358 0.557396 0.342392  0.081600 0.364200 1 1 1.000000
0  -29.153423 100.851944 28.083315  -0.756482 0.557291 0.342289  0.276000 0.695000 1 1 1.000000
0  -29.428713 100.117889 28.645350  -0.756385 0.557367 0.342379  0.221500 0.650000 1 1 1.000000
brakelight2lit
0  -28.751987 101.643349 27.670424  -0.761803 0.555514 0.333257  0.339500 0.728700 1 1 1.000000
0  -29.153423 100.851944 28.083315  -0.756482 0.557291 0.342289  0.276000 0.695000 1 1 1.000000
0  -29.566360 97.720741 32.258312  -0.756358 0.557396 0.342392  0.081600 0.364200 1 1 1.000000
brakelight2lit
0  -29.004326 98.064804 32.946495  -0.761722 0.555559 0.333367  0.127300 0.312100 1 1 1.000000
0  -28.751987 101.643349 27.670424  -0.761803 0.555514 0.333257  0.339500 0.728700 1 1 1.000000
0  -29.566360 97.720741 32.258312  -0.756358 0.557396 0.342392  0.081600 0.364200 1 1 1.000000
brakelight2lit
0  -28.751987 101.643349 27.670424  -0.761803 0.555514 0.333257  0.339500 0.728700 1 1 1.000000
0  -29.004326 98.064804 32.946495  -0.761722 0.555559 0.333367  0.127300 0.312100 1 1 1.000000
0  -27.719696 103.386787 27.154299  -0.761806 0.555494 0.333284  0.486000 0.773000 1 1 1.000000
brakelight2lit
0  -27.719696 103.386787 27.154299  -0.761806 0.555494 0.333284  0.486000 0.773000 1 1 1.000000
0  -29.004326 98.064804 32.946495  -0.761722 0.555559 0.333367  0.127300 0.312100 1 1 1.000000
0  -27.180614 103.879951 27.337811  -0.477598 0.732262 0.485481  0.491800 0.758300 1 1 1.000000
brakelight2lit
0  -29.004326 98.064804 32.946495  -0.761722 0.555559 0.333367  0.127300 0.312100 1 1 1.000000
0  -27.708242 99.464127 33.726452  -0.477492 0.732313 0.485509  0.490400 0.255700 1 1 1.000000
0  -27.180614 103.879951 27.337811  -0.477598 0.732262 0.485481  0.491800 0.758300 1 1 1.000000
brakelight2lit
0  -27.180614 103.879951 27.337811  -0.477598 0.732262 0.485481  0.491800 0.758300 1 1 1.000000
0  -27.708242 99.464127 33.726452  -0.477492 0.732313 0.485509  0.490400 0.255700 1 1 1.000000
0  -25.655153 104.396118 27.257534  -0.135028 0.809490 0.571396  0.615200 0.734400 1 1 1.000000
brakelight2lit
0  -27.708242 99.464127 33.726452  -0.477492 0.732313 0.485509  0.490400 0.255700 1 1 1.000000
0  -25.953356 99.659096 33.588806  -0.134468 0.809468 0.571559  0.615200 0.216800 1 1 1.000000
0  -25.655153 104.396118 27.257534  -0.135028 0.809490 0.571396  0.615200 0.734400 1 1 1.000000
brakelightglass
0  -25.379864 104.407570 27.108389  0.825170 0.322886 -0.463507  0.328382 0.120907 1 1 1.000000
0  -25.586330 104.614044 27.005198  0.353414 0.645871 -0.676719  0.329184 0.120507 1 1 1.000000
0  -25.379864 104.556679 27.314856  0.525385 0.141115 -0.839081  0.328382 0.121708 1 1 1.000000
brakelightglass
0  -28.924044 101.769539 27.750702  -0.732736 0.557533 0.390199  0.342134 0.123399 1 1 1.000000
0  -27.295349 104.063469 27.418089  -0.762096 0.564386 0.317300  0.335815 0.122109 1 1 1.000000
0  -27.880297 103.535889 27.200165  -0.697236 0.657378 0.285861  0.338085 0.121263 1 1 1.000000
brakelightglass
0  -27.880297 103.535889 27.200165  -0.697236 0.657378 0.285861  0.338085 0.121263 1 1 1.000000
0  -27.295349 104.063469 27.418089  -0.762096 0.564386 0.317300  0.335815 0.122109 1 1 1.000000
0  -26.951237 104.396118 27.280445  -0.228039 0.582540 -0.780158  0.334480 0.121575 1 1 1.000000
brakelightglass
0  -27.467361 103.937317 27.005198  -0.507992 0.801044 -0.316659  0.336482 0.120507 1 1 1.000000
0  -27.880297 103.535889 27.200165  -0.697236 0.657378 0.285861  0.338085 0.121263 1 1 1.000000
0  -26.951237 104.396118 27.280445  -0.228039 0.582540 -0.780158  0.334480 0.121575 1 1 1.000000
brakelightglass
0  -27.467361 103.937317 27.005198  -0.507992 0.801044 -0.316659  0.336482 0.120507 1 1 1.000000
0  -26.951237 104.396118 27.280445  -0.228039 0.582540 -0.780158  0.334480 0.121575 1 1 1.000000
0  -25.460186 104.809013 27.234577  -0.150133 0.537341 -0.829894  0.328694 0.121397 1 1 1.000000
brakelightglass
0  -25.586330 104.614044 27.005198  0.353414 0.645871 -0.676719  0.329184 0.120507 1 1 1.000000
0  -27.467361 103.937317 27.005198  -0.507992 0.801044 -0.316659  0.336482 0.120507 1 1 1.000000
0  -25.460186 104.809013 27.234577  -0.150133 0.537341 -0.829894  0.328694 0.121397 1 1 1.000000
brakelightglass
0  -25.586330 104.614044 27.005198  0.353414 0.645871 -0.676719  0.329184 0.120507 1 1 1.000000
0  -25.460186 104.809013 27.234577  -0.150133 0.537341 -0.829894  0.328694 0.121397 1 1 1.000000
0  -25.379864 104.556679 27.314856  0.525385 0.141115 -0.839081  0.328382 0.121708 1 1 1.000000
brakelightglass
0  -25.299587 104.935204 27.498367  0.911093 -0.377822 -0.164802  0.328071 0.122420 1 1 1.000000
0  -25.379864 104.556679 27.314856  0.525385 0.141115 -0.839081  0.328382 0.121708 1 1 1.000000
0  -25.460186 104.809013 27.234577  -0.150133 0.537341 -0.829894  0.328694 0.121397 1 1 1.000000
brakelightglass
0  -29.600769 100.244041 28.725628  -0.756412 0.557320 0.342398  0.344760 0.127182 1 1 1.000000
0  -29.841606 98.156578 31.638954  -0.756331 0.557424 0.342406  0.345695 0.138486 1 1 1.000000
0  -29.325480 100.978127 28.163637  -0.755619 0.558221 0.342679  0.343692 0.125002 1 1 1.000000
brakelightglass
0  -29.841606 98.156578 31.638954  -0.756331 0.557424 0.342406  0.345695 0.138486 1 1 1.000000
0  -29.738373 97.858383 32.338593  -0.756358 0.557435 0.342328  0.345294 0.141201 1 1 1.000000
0  -29.325480 100.978127 28.163637  -0.755619 0.558221 0.342679  0.343692 0.125002 1 1 1.000000
brakelightglass
0  -29.325480 100.978127 28.163637  -0.755619 0.558221 0.342679  0.343692 0.125002 1 1 1.000000
0  -29.738373 97.858383 32.338593  -0.756358 0.557435 0.342328  0.345294 0.141201 1 1 1.000000
0  -28.924044 101.769539 27.750702  -0.732736 0.557533 0.390199  0.342134 0.123399 1 1 1.000000
brakelightglass
0  -29.738373 97.858383 32.338593  -0.756358 0.557435 0.342328  0.345294 0.141201 1 1 1.000000
0  -29.176382 98.202446 33.026772  -0.752961 0.562887 0.340894  0.343114 0.143871 1 1 1.000000
0  -28.924044 101.769539 27.750702  -0.732736 0.557533 0.390199  0.342134 0.123399 1 1 1.000000
brakelightglass
0  -29.176382 98.202446 33.026772  -0.752961 0.562887 0.340894  0.343114 0.143871 1 1 1.000000
0  -27.777063 99.613220 33.841141  -0.763040 0.548553 0.341847  0.337684 0.147031 1 1 1.000000
0  -28.924044 101.769539 27.750702  -0.732736 0.557533 0.390199  0.342134 0.123399 1 1 1.000000
brakelightglass
0  -27.777063 99.613220 33.841141  -0.763040 0.548553 0.341847  0.337684 0.147031 1 1 1.000000
0  -27.295349 104.063469 27.418089  -0.762096 0.564386 0.317300  0.335815 0.122109 1 1 1.000000
0  -28.924044 101.769539 27.750702  -0.732736 0.557533 0.390199  0.342134 0.123399 1 1 1.000000
brakelightglass
0  -27.295349 104.063469 27.418089  -0.762096 0.564386 0.317300  0.335815 0.122109 1 1 1.000000
0  -27.777063 99.613220 33.841141  -0.763040 0.548553 0.341847  0.337684 0.147031 1 1 1.000000
0  -27.627964 99.716461 33.921421  -0.571133 0.674310 0.468094  0.337106 0.147343 1 1 1.000000
brakelightglass
0  -27.169159 104.178154 27.463955  -0.594355 0.681351 0.427204  0.335325 0.122287 1 1 1.000000
0  -27.295349 104.063469 27.418089  -0.762096 0.564386 0.317300  0.335815 0.122109 1 1 1.000000
0  -27.627964 99.716461 33.921421  -0.571133 0.674310 0.468094  0.337106 0.147343 1 1 1.000000
brakelightglass
0  -27.295349 104.063469 27.418089  -0.762096 0.564386 0.317300  0.335815 0.122109 1 1 1.000000
0  -27.169159 104.178154 27.463955  -0.594355 0.681351 0.427204  0.335325 0.122287 1 1 1.000000
0  -26.951237 104.396118 27.280445  -0.228039 0.582540 -0.780158  0.334480 0.121575 1 1 1.000000
brakelightglass
0  -26.549801 104.591087 27.498367  -0.197540 0.600289 -0.775004  0.332922 0.122420 1 1 1.000000
0  -26.951237 104.396118 27.280445  -0.228039 0.582540 -0.780158  0.334480 0.121575 1 1 1.000000
0  -27.169159 104.178154 27.463955  -0.594355 0.681351 0.427204  0.335325 0.122287 1 1 1.000000
brakelightglass
0  -26.951237 104.396118 27.280445  -0.228039 0.582540 -0.780158  0.334480 0.121575 1 1 1.000000
0  -26.549801 104.591087 27.498367  -0.197540 0.600289 -0.775004  0.332922 0.122420 1 1 1.000000
0  -25.460186 104.809013 27.234577  -0.150133 0.537341 -0.829894  0.328694 0.121397 1 1 1.000000
brakelightglass
0  -26.549801 104.591087 27.498367  -0.197540 0.600289 -0.775004  0.332922 0.122420 1 1 1.000000
0  -25.356953 105.015472 27.486912  -0.245452 0.720159 -0.648940  0.328294 0.122376 1 1 1.000000
0  -25.460186 104.809013 27.234577  -0.150133 0.537341 -0.829894  0.328694 0.121397 1 1 1.000000
brakelightglass
0  -25.356953 105.015472 27.486912  -0.245452 0.720159 -0.648940  0.328294 0.122376 1 1 1.000000
0  -25.299587 104.935204 27.498367  0.911093 -0.377822 -0.164802  0.328071 0.122420 1 1 1.000000
0  -25.460186 104.809013 27.234577  -0.150133 0.537341 -0.829894  0.328694 0.121397 1 1 1.000000
brakelightglass
0  -25.242264 104.946655 27.762203  0.893114 -0.392466 -0.219812  0.327849 0.123444 1 1 1.000000
0  -25.299587 104.935204 27.498367  0.911093 -0.377822 -0.164802  0.328071 0.122420 1 1 1.000000
0  -25.356953 105.015472 27.486912  -0.245452 0.720159 -0.648940  0.328294 0.122376 1 1 1.000000
brakelightglass
0  -25.299587 104.935204 27.498367  0.911093 -0.377822 -0.164802  0.328071 0.122420 1 1 1.000000
0  -25.242264 104.946655 27.762203  0.893114 -0.392466 -0.219812  0.327849 0.123444 1 1 1.000000
0  -25.379864 104.556679 27.314856  0.918040 -0.344750 -0.195832  0.328382 0.121708 1 1 1.000000
brakelightglass
0  -26.653038 99.188835 31.856876  0.825835 -0.487632 -0.283217  0.333323 0.139332 1 1 1.000000
0  -26.194233 102.251251 27.934214  0.852913 -0.453792 -0.258093  0.331542 0.124111 1 1 1.000000
0  -26.492437 98.970909 32.671246  0.869224 -0.430700 -0.242790  0.332699 0.142492 1 1 1.000000
brakelightglass
0  -26.194233 102.251251 27.934214  0.852913 -0.453792 -0.258093  0.331542 0.124111 1 1 1.000000
0  -25.918943 102.996803 27.613058  0.875647 -0.422209 -0.234482  0.330474 0.122865 1 1 1.000000
0  -26.492437 98.970909 32.671246  0.869224 -0.430700 -0.242790  0.332699 0.142492 1 1 1.000000
brakelightglass
0  -25.918943 102.996803 27.613058  0.875647 -0.422209 -0.234482  0.330474 0.122865 1 1 1.000000
0  -25.379864 104.407570 27.108389  0.889060 -0.401296 -0.220302  0.328382 0.120907 1 1 1.000000
0  -26.492437 98.970909 32.671246  0.869224 -0.430700 -0.242790  0.332699 0.142492 1 1 1.000000
brakelightglass
0  -26.492437 98.970909 32.671246  0.869164 -0.430730 -0.242951  0.332699 0.142492 1 1 1.000000
0  -25.379864 104.407570 27.108389  0.889340 -0.400851 -0.219982  0.328382 0.120907 1 1 1.000000
0  -25.850166 99.704994 33.634674  0.893430 -0.391916 -0.219508  0.330207 0.146230 1 1 1.000000
brakelightglass
0  -25.379864 104.407570 27.108389  0.889340 -0.400851 -0.219982  0.328382 0.120907 1 1 1.000000
0  -25.379864 104.556679 27.314856  0.918040 -0.344750 -0.195832  0.328382 0.121708 1 1 1.000000
0  -25.850166 99.704994 33.634674  0.893430 -0.391916 -0.219508  0.330207 0.146230 1 1 1.000000
brakelightglass
0  -25.448687 100.381683 34.070518  0.893489 -0.391792 -0.219491  0.328650 0.147921 1 1 1.000000
0  -25.850166 99.704994 33.634674  0.893430 -0.391916 -0.219508  0.330207 0.146230 1 1 1.000000
0  -25.379864 104.556679 27.314856  0.918040 -0.344750 -0.195832  0.328382 0.121708 1 1 1.000000
brakelightglass
0  -25.242264 104.946655 27.762203  0.893114 -0.392466 -0.219812  0.327849 0.123444 1 1 1.000000
0  -25.448687 100.381683 34.070518  0.893489 -0.391792 -0.219491  0.328650 0.147921 1 1 1.000000
0  -25.379864 104.556679 27.314856  0.918040 -0.344750 -0.195832  0.328382 0.121708 1 1 1.000000
brakelightglass
0  -25.448687 100.381683 34.070518  0.893489 -0.391792 -0.219491  0.328650 0.147921 1 1 1.000000
0  -25.242264 104.946655 27.762203  0.893114 -0.392466 -0.219812  0.327849 0.123444 1 1 1.000000
0  -25.299587 105.003983 27.762203  -0.262599 0.804065 0.533405  0.328071 0.123444 1 1 1.000000
brakelightglass
0  -25.299587 105.003983 27.762203  -0.262599 0.804065 0.533405  0.328071 0.123444 1 1 1.000000
0  -25.242264 104.946655 27.762203  0.893114 -0.392466 -0.219812  0.327849 0.123444 1 1 1.000000
0  -25.356953 105.015472 27.486912  -0.245452 0.720159 -0.648940  0.328294 0.122376 1 1 1.000000
brakelightglass
0  -25.299587 105.003983 27.762203  -0.262599 0.804065 0.533405  0.328071 0.123444 1 1 1.000000
0  -25.356953 105.015472 27.486912  -0.245452 0.720159 -0.648940  0.328294 0.122376 1 1 1.000000
0  -26.389202 104.625496 27.773657  -0.262898 0.804333 0.532853  0.332299 0.123488 1 1 1.000000
brakelightglass
0  -25.356953 105.015472 27.486912  -0.245452 0.720159 -0.648940  0.328294 0.122376 1 1 1.000000
0  -26.549801 104.591087 27.498367  -0.197540 0.600289 -0.775004  0.332922 0.122420 1 1 1.000000
0  -26.389202 104.625496 27.773657  -0.262898 0.804333 0.532853  0.332299 0.123488 1 1 1.000000
brakelightglass
0  -26.389202 104.625496 27.773657  -0.262898 0.804333 0.532853  0.332299 0.123488 1 1 1.000000
0  -26.549801 104.591087 27.498367  -0.197540 0.600289 -0.775004  0.332922 0.122420 1 1 1.000000
0  -26.664492 104.533722 27.590145  -0.604238 0.708138 0.365290  0.333367 0.122776 1 1 1.000000
brakelightglass
0  -26.664492 104.533722 27.590145  -0.604238 0.708138 0.365290  0.333367 0.122776 1 1 1.000000
0  -26.549801 104.591087 27.498367  -0.197540 0.600289 -0.775004  0.332922 0.122420 1 1 1.000000
0  -27.169159 104.178154 27.463955  -0.594355 0.681351 0.427204  0.335325 0.122287 1 1 1.000000
brakelightglass
0  -26.664492 104.533722 27.590145  -0.604238 0.708138 0.365290  0.333367 0.122776 1 1 1.000000
0  -27.169159 104.178154 27.463955  -0.594355 0.681351 0.427204  0.335325 0.122287 1 1 1.000000
0  -26.572760 104.510811 27.785114  -0.595734 0.683927 0.421124  0.333011 0.123533 1 1 1.000000
brakelightglass
0  -26.572760 104.510811 27.785114  -0.595734 0.683927 0.421124  0.333011 0.123533 1 1 1.000000
0  -27.169159 104.178154 27.463955  -0.594355 0.681351 0.427204  0.335325 0.122287 1 1 1.000000
0  -27.627964 99.716461 33.921421  -0.571133 0.674310 0.468094  0.337106 0.147343 1 1 1.000000
brakelightglass
0  -27.020061 100.106438 34.104931  -0.570954 0.674440 0.468126  0.334747 0.148055 1 1 1.000000
0  -26.572760 104.510811 27.785114  -0.595734 0.683927 0.421124  0.333011 0.123533 1 1 1.000000
0  -27.627964 99.716461 33.921421  -0.571133 0.674310 0.468094  0.337106 0.147343 1 1 1.000000
brakelightglass
0  -26.572760 104.510811 27.785114  -0.595734 0.683927 0.421124  0.333011 0.123533 1 1 1.000000
0  -27.020061 100.106438 34.104931  -0.570954 0.674440 0.468126  0.334747 0.148055 1 1 1.000000
0  -26.756271 100.186714 34.185253  -0.238873 0.778948 0.579809  0.333723 0.148366 1 1 1.000000
brakelightglass
0  -26.389202 104.625496 27.773657  -0.262898 0.804333 0.532853  0.332299 0.123488 1 1 1.000000
0  -26.572760 104.510811 27.785114  -0.595734 0.683927 0.421124  0.333011 0.123533 1 1 1.000000
0  -26.756271 100.186714 34.185253  -0.238873 0.778948 0.579809  0.333723 0.148366 1 1 1.000000
brakelightglass
0  -25.299587 105.003983 27.762203  -0.262599 0.804065 0.533405  0.328071 0.123444 1 1 1.000000
0  -26.389202 104.625496 27.773657  -0.262898 0.804333 0.532853  0.332299 0.123488 1 1 1.000000
0  -26.756271 100.186714 34.185253  -0.238873 0.778948 0.579809  0.333723 0.148366 1 1 1.000000
brakelightglass
0  -25.586332 100.530777 34.196709  -0.238417 0.778846 0.580134  0.329184 0.148411 1 1 1.000000
0  -25.299587 105.003983 27.762203  -0.262599 0.804065 0.533405  0.328071 0.123444 1 1 1.000000
0  -26.756271 100.186714 34.185253  -0.238873 0.778948 0.579809  0.333723 0.148366 1 1 1.000000
brakelightglass
0  -25.586332 100.530777 34.196709  -0.238417 0.778846 0.580134  0.329184 0.148411 1 1 1.000000
0  -25.448687 100.381683 34.070518  0.893489 -0.391792 -0.219491  0.328650 0.147921 1 1 1.000000
0  -25.299587 105.003983 27.762203  -0.262599 0.804065 0.533405  0.328071 0.123444 1 1 1.000000
brakelightglass
0  -26.389202 104.625496 27.773657  -0.262898 0.804333 0.532853  0.332299 0.123488 1 1 1.000000
0  -26.664492 104.533722 27.590145  -0.604238 0.708138 0.365290  0.333367 0.122776 1 1 1.000000
0  -26.572760 104.510811 27.785114  -0.595734 0.683927 0.421124  0.333011 0.123533 1 1 1.000000
brakelightglass
0  -33.316967 100.416092 27.521324  -0.814534 0.521992 0.253099  0.359180 0.122509 1 1 1.000000
0  -33.695446 99.521492 28.152138  -0.777547 0.547420 0.309438  0.360648 0.124957 1 1 1.000000
0  -32.938442 101.161636 27.211622  -0.785480 0.571286 0.238021  0.357711 0.121308 1 1 1.000000
brakelightglass
0  -31.860283 98.294182 33.737907  -0.605130 0.653754 0.454339  0.353527 0.146631 1 1 1.000000
0  -31.458845 102.687103 27.762203  -0.619716 0.667320 0.413082  0.351970 0.123444 1 1 1.000000
0  -32.422321 97.904243 33.531441  -0.605592 0.653461 0.454145  0.355708 0.145829 1 1 1.000000
brakelightglass
0  -31.860283 98.294182 33.737907  -0.605130 0.653754 0.454339  0.353527 0.146631 1 1 1.000000
0  -31.642359 98.385963 33.772316  -0.310019 0.770916 0.556396  0.352682 0.146764 1 1 1.000000
0  -31.458845 102.687103 27.762203  -0.619716 0.667320 0.413082  0.351970 0.123444 1 1 1.000000
brakelightglass
0  -31.642359 98.385963 33.772316  -0.310019 0.770916 0.556396  0.352682 0.146764 1 1 1.000000
0  -31.298288 102.801788 27.750702  -0.325841 0.786988 0.523907  0.351347 0.123399 1 1 1.000000
0  -31.458845 102.687103 27.762203  -0.619716 0.667320 0.413082  0.351970 0.123444 1 1 1.000000
brakelightglass
0  -31.298288 102.801788 27.750702  -0.325841 0.786988 0.523907  0.351347 0.123399 1 1 1.000000
0  -31.562078 102.687103 27.567188  -0.627825 0.691698 0.356916  0.352370 0.122687 1 1 1.000000
0  -31.458845 102.687103 27.762203  -0.619716 0.667320 0.413082  0.351970 0.123444 1 1 1.000000
brakelightglass
0  -31.298288 102.801788 27.750702  -0.325841 0.786988 0.523907  0.351347 0.123399 1 1 1.000000
0  -31.447392 102.755928 27.475454  -0.243817 0.589894 -0.769791  0.351925 0.122331 1 1 1.000000
0  -31.562078 102.687103 27.567188  -0.627825 0.691698 0.356916  0.352370 0.122687 1 1 1.000000
brakelightglass
0  -31.562078 102.687103 27.567188  -0.627825 0.691698 0.356916  0.352370 0.122687 1 1 1.000000
0  -31.447392 102.755928 27.475454  -0.243817 0.589894 -0.769791  0.351925 0.122331 1 1 1.000000
0  -32.066750 102.251251 27.429544  -0.619933 0.667476 0.412503  0.354329 0.122153 1 1 1.000000
brakelightglass
0  -31.447392 102.755928 27.475454  -0.243817 0.589894 -0.769791  0.351925 0.122331 1 1 1.000000
0  -32.078205 102.182434 27.291899  -0.260906 0.544898 -0.796878  0.354373 0.121619 1 1 1.000000
0  -32.066750 102.251251 27.429544  -0.619933 0.667476 0.412503  0.354329 0.122153 1 1 1.000000
brakelightglass
0  -32.078205 102.182434 27.291899  -0.260906 0.544898 -0.796878  0.354373 0.121619 1 1 1.000000
0  -32.192894 102.125114 27.395132  -0.755099 0.564652 0.333157  0.354818 0.122020 1 1 1.000000
0  -32.066750 102.251251 27.429544  -0.619933 0.667476 0.412503  0.354329 0.122153 1 1 1.000000
brakelightglass
0  -32.938442 101.161636 27.211622  -0.785480 0.571286 0.238021  0.357711 0.121308 1 1 1.000000
0  -32.192894 102.125114 27.395132  -0.755099 0.564652 0.333157  0.354818 0.122020 1 1 1.000000
0  -32.078205 102.182434 27.291899  -0.260906 0.544898 -0.796878  0.354373 0.121619 1 1 1.000000
brakelightglass
0  -32.938442 101.161636 27.211622  -0.785480 0.571286 0.238021  0.357711 0.121308 1 1 1.000000
0  -33.294010 97.238976 32.717113  -0.768561 0.546563 0.332540  0.359091 0.142670 1 1 1.000000
0  -32.192894 102.125114 27.395132  -0.755099 0.564652 0.333157  0.354818 0.122020 1 1 1.000000
brakelightglass
0  -32.938442 101.161636 27.211622  -0.785480 0.571286 0.238021  0.357711 0.121308 1 1 1.000000
0  -33.695446 99.521492 28.152138  -0.777547 0.547420 0.309438  0.360648 0.124957 1 1 1.000000
0  -33.294010 97.238976 32.717113  -0.768561 0.546563 0.332540  0.359091 0.142670 1 1 1.000000
brakelightglass
0  -33.695446 99.521492 28.152138  -0.777547 0.547420 0.309438  0.360648 0.124957 1 1 1.000000
0  -34.005146 96.952232 31.650408  -0.756386 0.557366 0.342379  0.361850 0.138531 1 1 1.000000
0  -33.294010 97.238976 32.717113  -0.768561 0.546563 0.332540  0.359091 0.142670 1 1 1.000000
brakelightglass
0  -34.119839 97.066925 31.214561  -0.725573 0.582198 0.366865  0.362295 0.136840 1 1 1.000000
0  -34.005146 96.952232 31.650408  -0.756386 0.557366 0.342379  0.361850 0.138531 1 1 1.000000
0  -33.695446 99.521492 28.152138  -0.777547 0.547420 0.309438  0.360648 0.124957 1 1 1.000000
brakelightglass
0  -33.936325 98.741524 28.920639  -0.725902 0.581850 0.366767  0.361583 0.127939 1 1 1.000000
0  -34.119839 97.066925 31.214561  -0.725573 0.582198 0.366865  0.362295 0.136840 1 1 1.000000
0  -33.695446 99.521492 28.152138  -0.777547 0.547420 0.309438  0.360648 0.124957 1 1 1.000000
brakelightglass
0  -34.154247 97.365173 30.675482  -0.703589 0.600793 0.379486  0.362428 0.134748 1 1 1.000000
0  -34.119839 97.066925 31.214561  -0.725573 0.582198 0.366865  0.362295 0.136840 1 1 1.000000
0  -33.936325 98.741524 28.920639  -0.725902 0.581850 0.366767  0.361583 0.127939 1 1 1.000000
brakelightglass
0  -34.096882 97.904243 29.929979  -0.705474 0.598608 0.379441  0.362206 0.131855 1 1 1.000000
0  -34.154247 97.365173 30.675482  -0.703589 0.600793 0.379486  0.362428 0.134748 1 1 1.000000
0  -33.936325 98.741524 28.920639  -0.725902 0.581850 0.366767  0.361583 0.127939 1 1 1.000000
brakelightglass
0  -33.294010 97.238976 32.717113  -0.768561 0.546563 0.332540  0.359091 0.142670 1 1 1.000000
0  -32.559963 97.823967 33.462662  -0.757265 0.550622 0.351234  0.356242 0.145563 1 1 1.000000
0  -32.192894 102.125114 27.395132  -0.755099 0.564652 0.333157  0.354818 0.122020 1 1 1.000000
brakelightglass
0  -32.066750 102.251251 27.429544  -0.619933 0.667476 0.412503  0.354329 0.122153 1 1 1.000000
0  -32.192894 102.125114 27.395132  -0.755099 0.564652 0.333157  0.354818 0.122020 1 1 1.000000
0  -32.559963 97.823967 33.462662  -0.757265 0.550622 0.351234  0.356242 0.145563 1 1 1.000000
brakelightglass
0  -32.422321 97.904243 33.531441  -0.605592 0.653461 0.454145  0.355708 0.145829 1 1 1.000000
0  -32.066750 102.251251 27.429544  -0.619933 0.667476 0.412503  0.354329 0.122153 1 1 1.000000
0  -32.559963 97.823967 33.462662  -0.757265 0.550622 0.351234  0.356242 0.145563 1 1 1.000000
brakelightglass
0  -31.458845 102.687103 27.762203  -0.619716 0.667320 0.413082  0.351970 0.123444 1 1 1.000000
0  -32.066750 102.251251 27.429544  -0.619933 0.667476 0.412503  0.354329 0.122153 1 1 1.000000
0  -32.422321 97.904243 33.531441  -0.605592 0.653461 0.454145  0.355708 0.145829 1 1 1.000000
brakelightglass
0  -31.562078 102.687103 27.567188  -0.627825 0.691698 0.356916  0.352370 0.122687 1 1 1.000000
0  -32.066750 102.251251 27.429544  -0.619933 0.667476 0.412503  0.354329 0.122153 1 1 1.000000
0  -31.458845 102.687103 27.762203  -0.619716 0.667320 0.413082  0.351970 0.123444 1 1 1.000000
brakelightglass
0  -32.628742 101.631897 27.051065  -0.595358 0.698571 -0.396922  0.356509 0.120685 1 1 1.000000
0  -32.938442 101.161636 27.211622  -0.785480 0.571286 0.238021  0.357711 0.121308 1 1 1.000000
0  -32.078205 102.182434 27.291899  -0.260906 0.544898 -0.796878  0.354373 0.121619 1 1 1.000000
brakelightglass
0  -32.078205 102.182434 27.291899  -0.260906 0.544898 -0.796878  0.354373 0.121619 1 1 1.000000
0  -30.438051 102.675652 27.039608  0.095395 0.585024 -0.805386  0.348009 0.120640 1 1 1.000000
0  -32.628742 101.631897 27.051065  -0.595358 0.698571 -0.396922  0.356509 0.120685 1 1 1.000000
brakelightglass
0  -30.254539 103.065628 27.463955  -0.308274 0.725255 -0.615607  0.347297 0.122287 1 1 1.000000
0  -30.438051 102.675652 27.039608  0.095395 0.585024 -0.805386  0.348009 0.120640 1 1 1.000000
0  -32.078205 102.182434 27.291899  -0.260906 0.544898 -0.796878  0.354373 0.121619 1 1 1.000000
brakelightglass
0  -31.447392 102.755928 27.475454  -0.243817 0.589894 -0.769791  0.351925 0.122331 1 1 1.000000
0  -30.254539 103.065628 27.463955  -0.308274 0.725255 -0.615607  0.347297 0.122287 1 1 1.000000
0  -32.078205 102.182434 27.291899  -0.260906 0.544898 -0.796878  0.354373 0.121619 1 1 1.000000
brakelightglass
0  -30.254539 103.065628 27.463955  -0.308274 0.725255 -0.615607  0.347297 0.122287 1 1 1.000000
0  -31.447392 102.755928 27.475454  -0.243817 0.589894 -0.769791  0.351925 0.122331 1 1 1.000000
0  -31.298288 102.801788 27.750702  -0.325841 0.786988 0.523907  0.351347 0.123399 1 1 1.000000
brakelightglass
0  -30.208630 103.042671 27.727791  -0.326575 0.786336 0.524428  0.347119 0.123310 1 1 1.000000
0  -30.254539 103.065628 27.463955  -0.308274 0.725255 -0.615607  0.347297 0.122287 1 1 1.000000
0  -31.298288 102.801788 27.750702  -0.325841 0.786988 0.523907  0.351347 0.123399 1 1 1.000000
brakelightglass
0  -30.208630 103.042671 27.727791  -0.326575 0.786336 0.524428  0.347119 0.123310 1 1 1.000000
0  -31.298288 102.801788 27.750702  -0.325841 0.786988 0.523907  0.351347 0.123399 1 1 1.000000
0  -31.642359 98.385963 33.772316  -0.310019 0.770916 0.556396  0.352682 0.146764 1 1 1.000000
brakelightglass
0  -30.472464 98.764481 33.795277  -0.310543 0.770835 0.556217  0.348143 0.146853 1 1 1.000000
0  -30.208630 103.042671 27.727791  -0.326575 0.786336 0.524428  0.347119 0.123310 1 1 1.000000
0  -31.642359 98.385963 33.772316  -0.310019 0.770916 0.556396  0.352682 0.146764 1 1 1.000000
brakelightglass
0  -30.472464 98.764481 33.795277  -0.310543 0.770835 0.556217  0.348143 0.146853 1 1 1.000000
0  -30.392141 98.615341 33.692039  0.886995 -0.392481 -0.243308  0.347831 0.146453 1 1 1.000000
0  -30.208630 103.042671 27.727791  -0.326575 0.786336 0.524428  0.347119 0.123310 1 1 1.000000
brakelightglass
0  -30.392141 98.615341 33.692039  0.886995 -0.392481 -0.243308  0.347831 0.146453 1 1 1.000000
0  -30.162760 102.985306 27.727791  0.904501 -0.386107 -0.181106  0.346941 0.123310 1 1 1.000000
0  -30.208630 103.042671 27.727791  -0.326575 0.786336 0.524428  0.347119 0.123310 1 1 1.000000
brakelightglass
0  -30.162760 102.985306 27.727791  0.904501 -0.386107 -0.181106  0.346941 0.123310 1 1 1.000000
0  -30.392141 98.615341 33.692039  0.886995 -0.392481 -0.243308  0.347831 0.146453 1 1 1.000000
0  -30.782122 97.927162 33.290607  0.901887 -0.376488 -0.211794  0.349344 0.144895 1 1 1.000000
brakelightglass
0  -30.197172 102.985306 27.475454  0.904548 -0.386169 -0.180737  0.347074 0.122331 1 1 1.000000
0  -30.162760 102.985306 27.727791  0.904501 -0.386107 -0.181106  0.346941 0.123310 1 1 1.000000
0  -30.782122 97.927162 33.290607  0.901887 -0.376488 -0.211794  0.349344 0.144895 1 1 1.000000
brakelightglass
0  -30.288952 102.365936 27.142799  0.930521 -0.322788 -0.173028  0.347430 0.121041 1 1 1.000000
0  -30.197172 102.985306 27.475454  0.904548 -0.386169 -0.180737  0.347074 0.122331 1 1 1.000000
0  -30.782122 97.927162 33.290607  0.901887 -0.376488 -0.211794  0.349344 0.144895 1 1 1.000000
brakelightglass
0  -30.828032 101.012543 27.578646  0.887508 -0.400602 -0.227701  0.349522 0.122732 1 1 1.000000
0  -30.288952 102.365936 27.142799  0.930076 -0.323705 -0.173710  0.347430 0.121041 1 1 1.000000
0  -30.782122 97.927162 33.290607  0.901885 -0.376494 -0.211791  0.349344 0.144895 1 1 1.000000
brakelightglass
0  -30.828032 101.012543 27.578646  0.887508 -0.400602 -0.227701  0.349522 0.122732 1 1 1.000000
0  -30.782122 97.927162 33.290607  0.901885 -0.376494 -0.211791  0.349344 0.144895 1 1 1.000000
0  -31.470301 97.055458 32.350090  0.862810 -0.439021 -0.250637  0.352014 0.141246 1 1 1.000000
brakelightglass
0  -31.126232 100.232574 27.922758  0.855948 -0.447530 -0.258981  0.350679 0.124067 1 1 1.000000
0  -30.828032 101.012543 27.578646  0.887508 -0.400602 -0.227701  0.349522 0.122732 1 1 1.000000
0  -31.470301 97.055458 32.350090  0.862810 -0.439021 -0.250637  0.352014 0.141246 1 1 1.000000
brakelightglass
0  -31.550627 97.353668 31.604544  0.855889 -0.447570 -0.259104  0.352326 0.138353 1 1 1.000000
0  -31.126232 100.232574 27.922758  0.855948 -0.447530 -0.258981  0.350679 0.124067 1 1 1.000000
0  -31.470301 97.055458 32.350090  0.862810 -0.439021 -0.250637  0.352014 0.141246 1 1 1.000000
brakelightglass
0  -30.208630 103.042671 27.727791  -0.326575 0.786336 0.524428  0.347119 0.123310 1 1 1.000000
0  -30.162760 102.985306 27.727791  0.904501 -0.386107 -0.181106  0.346941 0.123310 1 1 1.000000
0  -30.254539 103.065628 27.463955  -0.308274 0.725255 -0.615607  0.347297 0.122287 1 1 1.000000
brakelightglass
0  -30.162760 102.985306 27.727791  0.904501 -0.386107 -0.181106  0.346941 0.123310 1 1 1.000000
0  -30.197172 102.985306 27.475454  0.904548 -0.386169 -0.180737  0.347074 0.122331 1 1 1.000000
0  -30.254539 103.065628 27.463955  -0.308274 0.725255 -0.615607  0.347297 0.122287 1 1 1.000000
brakelightglass
0  -30.438051 102.675652 27.039608  0.095395 0.585024 -0.805386  0.348009 0.120640 1 1 1.000000
0  -30.254539 103.065628 27.463955  -0.308274 0.725255 -0.615607  0.347297 0.122287 1 1 1.000000
0  -30.197172 102.985306 27.475454  0.904548 -0.386169 -0.180737  0.347074 0.122331 1 1 1.000000
brakelightglass
0  -30.288952 102.365936 27.142799  0.792100 0.211764 -0.572480  0.347430 0.121041 1 1 1.000000
0  -30.438051 102.675652 27.039608  0.095395 0.585024 -0.805386  0.348009 0.120640 1 1 1.000000
0  -30.197172 102.985306 27.475454  0.904548 -0.386169 -0.180737  0.347074 0.122331 1 1 1.000000
brakelightglass
0  -20.941078 101.769539 34.460499  -0.175182 0.788573 0.589460  0.311159 0.149434 1 1 1.000000
0  -20.585552 106.495079 27.785116  -0.198591 0.817926 0.539962  0.309780 0.123533 1 1 1.000000
0  -21.961914 101.574532 34.414631  -0.175204 0.788569 0.589459  0.315120 0.149256 1 1 1.000000
brakelightglass
0  -20.941078 101.769539 34.460499  -0.175182 0.788573 0.589460  0.311159 0.149434 1 1 1.000000
0  -20.769066 101.608940 34.299942  0.894338 -0.385007 -0.227880  0.310492 0.148811 1 1 1.000000
0  -20.585552 106.495079 27.785116  -0.198591 0.817926 0.539962  0.309780 0.123533 1 1 1.000000
brakelightglass
0  -20.769066 101.608940 34.299942  0.894338 -0.385007 -0.227880  0.310492 0.148811 1 1 1.000000
0  -20.516731 106.437714 27.750704  0.909887 -0.369467 -0.188678  0.309513 0.123399 1 1 1.000000
0  -20.585552 106.495079 27.785116  -0.198591 0.817926 0.539962  0.309780 0.123533 1 1 1.000000
brakelightglass
0  -21.331057 101.138680 32.682705  0.904481 -0.369808 -0.212499  0.312673 0.142536 1 1 1.000000
0  -20.964033 104.923698 27.647470  0.926381 -0.330287 -0.180910  0.311248 0.122999 1 1 1.000000
0  -21.078722 101.161636 33.760864  0.921270 -0.330704 -0.204685  0.311693 0.146720 1 1 1.000000
brakelightglass
0  -20.964033 104.923698 27.647470  0.926381 -0.330287 -0.180910  0.311248 0.122999 1 1 1.000000
0  -20.665831 105.818344 27.096933  0.946592 -0.289898 -0.141147  0.310091 0.120863 1 1 1.000000
0  -21.078722 101.161636 33.760864  0.921270 -0.330704 -0.204685  0.311693 0.146720 1 1 1.000000
brakelightglass
0  -20.665831 105.818344 27.096933  0.946986 -0.288948 -0.140451  0.310091 0.120863 1 1 1.000000
0  -20.654375 106.150955 27.257536  0.940546 -0.297281 -0.164308  0.310047 0.121486 1 1 1.000000
0  -21.078722 101.161636 33.760864  0.921262 -0.330723 -0.204693  0.311693 0.146720 1 1 1.000000
brakelightglass
0  -20.769066 101.608940 34.299942  0.894338 -0.385007 -0.227880  0.310492 0.148811 1 1 1.000000
0  -21.078722 101.161636 33.760864  0.921262 -0.330723 -0.204693  0.311693 0.146720 1 1 1.000000
0  -20.654375 106.150955 27.257536  0.940546 -0.297281 -0.164308  0.310047 0.121486 1 1 1.000000
brakelightglass
0  -20.516731 106.437714 27.750704  0.909887 -0.369467 -0.188678  0.309513 0.123399 1 1 1.000000
0  -20.769066 101.608940 34.299942  0.894338 -0.385007 -0.227880  0.310492 0.148811 1 1 1.000000
0  -20.654375 106.150955 27.257536  0.940546 -0.297281 -0.164308  0.310047 0.121486 1 1 1.000000
brakelightglass
0  -20.562595 106.426247 27.509869  0.930392 -0.344674 -0.124781  0.309691 0.122465 1 1 1.000000
0  -20.516731 106.437714 27.750704  0.909887 -0.369467 -0.188678  0.309513 0.123399 1 1 1.000000
0  -20.654375 106.150955 27.257536  0.940546 -0.297281 -0.164308  0.310047 0.121486 1 1 1.000000
brakelightglass
0  -20.516731 106.437714 27.750704  0.909887 -0.369467 -0.188678  0.309513 0.123399 1 1 1.000000
0  -20.562595 106.426247 27.509869  0.930392 -0.344674 -0.124781  0.309691 0.122465 1 1 1.000000
0  -20.631420 106.529488 27.498369  -0.181747 0.637541 -0.748672  0.309958 0.122420 1 1 1.000000
brakelightglass
0  -20.585552 106.495079 27.785116  -0.198591 0.817926 0.539962  0.309780 0.123533 1 1 1.000000
0  -20.516731 106.437714 27.750704  0.909887 -0.369467 -0.188678  0.309513 0.123399 1 1 1.000000
0  -20.631420 106.529488 27.498369  -0.181747 0.637541 -0.748672  0.309958 0.122420 1 1 1.000000
brakelightglass
0  -20.585552 106.495079 27.785116  -0.198591 0.817926 0.539962  0.309780 0.123533 1 1 1.000000
0  -20.631420 106.529488 27.498369  -0.181747 0.637541 -0.748672  0.309958 0.122420 1 1 1.000000
0  -21.675167 106.196831 27.796570  -0.198061 0.814652 0.545082  0.314008 0.123577 1 1 1.000000
brakelightglass
0  -20.585552 106.495079 27.785116  -0.198591 0.817926 0.539962  0.309780 0.123533 1 1 1.000000
0  -21.675167 106.196831 27.796570  -0.198061 0.814652 0.545082  0.314008 0.123577 1 1 1.000000
0  -21.961914 101.574532 34.414631  -0.175204 0.788569 0.589459  0.315120 0.149256 1 1 1.000000
brakelightglass
0  -21.961914 101.574532 34.414631  -0.175204 0.788569 0.589459  0.315120 0.149256 1 1 1.000000
0  -21.675167 106.196831 27.796570  -0.198061 0.814652 0.545082  0.314008 0.123577 1 1 1.000000
0  -21.835726 106.093636 27.830980  -0.564232 0.700117 0.437583  0.314631 0.123711 1 1 1.000000
brakelightglass
0  -22.179838 101.528664 34.368767  -0.549157 0.685506 0.478026  0.315966 0.149078 1 1 1.000000
0  -21.961914 101.574532 34.414631  -0.175204 0.788569 0.589459  0.315120 0.149256 1 1 1.000000
0  -21.835726 106.093636 27.830980  -0.564232 0.700117 0.437583  0.314631 0.123711 1 1 1.000000
brakelightglass
0  -22.179838 101.528664 34.368767  -0.549157 0.685506 0.478026  0.315966 0.149078 1 1 1.000000
0  -21.835726 106.093636 27.830980  -0.564232 0.700117 0.437583  0.314631 0.123711 1 1 1.000000
0  -22.822153 101.092812 34.208164  -0.549689 0.685185 0.477874  0.318458 0.148455 1 1 1.000000
brakelightglass
0  -21.835726 106.093636 27.830980  -0.564232 0.700117 0.437583  0.314631 0.123711 1 1 1.000000
0  -22.386307 105.852768 27.486914  -0.572072 0.699421 0.428421  0.316767 0.122376 1 1 1.000000
0  -22.822153 101.092812 34.208164  -0.549689 0.685185 0.477874  0.318458 0.148455 1 1 1.000000
brakelightglass
0  -22.822153 101.092812 34.208164  -0.549689 0.685185 0.477874  0.318458 0.148455 1 1 1.000000
0  -22.386307 105.852768 27.486914  -0.572072 0.699421 0.428421  0.316767 0.122376 1 1 1.000000
0  -23.017120 101.012543 34.082020  -0.762650 0.548899 0.342161  0.319215 0.147966 1 1 1.000000
brakelightglass
0  -22.386307 105.852768 27.486914  -0.572072 0.699421 0.428421  0.316767 0.122376 1 1 1.000000
0  -22.558317 105.738075 27.452503  -0.765495 0.558922 0.318784  0.317434 0.122242 1 1 1.000000
0  -23.017120 101.012543 34.082020  -0.762650 0.548899 0.342161  0.319215 0.147966 1 1 1.000000
brakelightglass
0  -24.267338 99.854103 33.359428  -0.748189 0.563459 0.350324  0.324066 0.145162 1 1 1.000000
0  -23.017120 101.012543 34.082020  -0.762650 0.548899 0.342161  0.319215 0.147966 1 1 1.000000
0  -22.558317 105.738075 27.452503  -0.765495 0.558922 0.318784  0.317434 0.122242 1 1 1.000000
brakelightglass
0  -23.085939 105.267822 27.142801  -0.729182 0.649978 0.214061  0.319482 0.121041 1 1 1.000000
0  -24.267338 99.854103 33.359428  -0.748189 0.563459 0.350324  0.324066 0.145162 1 1 1.000000
0  -22.558317 105.738075 27.452503  -0.765495 0.558922 0.318784  0.317434 0.122242 1 1 1.000000
brakelightglass
0  -22.810650 105.485733 27.016657  -0.643089 0.762448 -0.071480  0.318414 0.120551 1 1 1.000000
0  -23.085939 105.267822 27.142801  -0.729182 0.649978 0.214061  0.319482 0.121041 1 1 1.000000
0  -22.397762 105.852768 27.280447  -0.141866 0.488898 -0.860728  0.316812 0.121575 1 1 1.000000
brakelightglass
0  -23.085939 105.267822 27.142801  -0.729182 0.649978 0.214061  0.319482 0.121041 1 1 1.000000
0  -22.558317 105.738075 27.452503  -0.765495 0.558922 0.318784  0.317434 0.122242 1 1 1.000000
0  -22.397762 105.852768 27.280447  -0.141866 0.488898 -0.860728  0.316812 0.121575 1 1 1.000000
brakelightglass
0  -22.558317 105.738075 27.452503  -0.765495 0.558922 0.318784  0.317434 0.122242 1 1 1.000000
0  -22.386307 105.852768 27.486914  -0.572072 0.699421 0.428421  0.316767 0.122376 1 1 1.000000
0  -22.397762 105.852768 27.280447  -0.141866 0.488898 -0.860728  0.316812 0.121575 1 1 1.000000
brakelightglass
0  -22.397762 105.852768 27.280447  -0.141866 0.488898 -0.860728  0.316812 0.121575 1 1 1.000000
0  -22.386307 105.852768 27.486914  -0.572072 0.699421 0.428421  0.316767 0.122376 1 1 1.000000
0  -21.801313 106.219788 27.509869  -0.149776 0.527745 -0.836093  0.314497 0.122465 1 1 1.000000
brakelightglass
0  -21.801313 106.219788 27.509869  -0.149776 0.527745 -0.836093  0.314497 0.122465 1 1 1.000000
0  -20.631420 106.529488 27.498369  -0.181747 0.637541 -0.748672  0.309958 0.122420 1 1 1.000000
0  -22.397762 105.852768 27.280447  -0.141866 0.488898 -0.860728  0.316812 0.121575 1 1 1.000000
brakelightglass
0  -20.631420 106.529488 27.498369  -0.181747 0.637541 -0.748672  0.309958 0.122420 1 1 1.000000
0  -21.801313 106.219788 27.509869  -0.149776 0.527745 -0.836093  0.314497 0.122465 1 1 1.000000
0  -21.675167 106.196831 27.796570  -0.198061 0.814652 0.545082  0.314008 0.123577 1 1 1.000000
brakelightglass
0  -21.801313 106.219788 27.509869  -0.149776 0.527745 -0.836093  0.314497 0.122465 1 1 1.000000
0  -21.938959 106.162422 27.590147  -0.579724 0.747176 0.325035  0.315031 0.122776 1 1 1.000000
0  -21.675167 106.196831 27.796570  -0.198061 0.814652 0.545082  0.314008 0.123577 1 1 1.000000
brakelightglass
0  -21.938959 106.162422 27.590147  -0.579724 0.747176 0.325035  0.315031 0.122776 1 1 1.000000
0  -21.835726 106.093636 27.830980  -0.564232 0.700117 0.437583  0.314631 0.123711 1 1 1.000000
0  -21.675167 106.196831 27.796570  -0.198061 0.814652 0.545082  0.314008 0.123577 1 1 1.000000
brakelightglass
0  -21.938959 106.162422 27.590147  -0.579724 0.747176 0.325035  0.315031 0.122776 1 1 1.000000
0  -22.386307 105.852768 27.486914  -0.572072 0.699421 0.428421  0.316767 0.122376 1 1 1.000000
0  -21.835726 106.093636 27.830980  -0.564232 0.700117 0.437583  0.314631 0.123711 1 1 1.000000
brakelightglass
0  -22.386307 105.852768 27.486914  -0.572072 0.699421 0.428421  0.316767 0.122376 1 1 1.000000
0  -21.938959 106.162422 27.590147  -0.579724 0.747176 0.325035  0.315031 0.122776 1 1 1.000000
0  -21.801313 106.219788 27.509869  -0.149776 0.527745 -0.836093  0.314497 0.122465 1 1 1.000000
brakelightglass
0  -20.665831 105.818344 27.096933  0.674994 0.298207 -0.674875  0.310091 0.120863 1 1 1.000000
0  -20.837887 106.013367 27.005199  0.275963 0.591871 -0.757320  0.310759 0.120507 1 1 1.000000
0  -20.654375 106.150955 27.257536  0.580380 0.157137 -0.799041  0.310047 0.121486 1 1 1.000000
brakelightglass
0  -20.837887 106.013367 27.005199  0.275963 0.591871 -0.757320  0.310759 0.120507 1 1 1.000000
0  -20.723152 106.196831 27.200167  -0.102554 0.488497 -0.866518  0.310314 0.121263 1 1 1.000000
0  -20.654375 106.150955 27.257536  0.580380 0.157137 -0.799041  0.310047 0.121486 1 1 1.000000
brakelightglass
0  -20.562595 106.426247 27.509869  0.930392 -0.344674 -0.124781  0.309691 0.122465 1 1 1.000000
0  -20.654375 106.150955 27.257536  0.580380 0.157137 -0.799041  0.310047 0.121486 1 1 1.000000
0  -20.723152 106.196831 27.200167  -0.102554 0.488497 -0.866518  0.310314 0.121263 1 1 1.000000
brakelightglass
0  -20.631420 106.529488 27.498369  -0.181747 0.637541 -0.748672  0.309958 0.122420 1 1 1.000000
0  -20.562595 106.426247 27.509869  0.930392 -0.344674 -0.124781  0.309691 0.122465 1 1 1.000000
0  -20.723152 106.196831 27.200167  -0.102554 0.488497 -0.866518  0.310314 0.121263 1 1 1.000000
brakelightglass
0  -20.631420 106.529488 27.498369  -0.181747 0.637541 -0.748672  0.309958 0.122420 1 1 1.000000
0  -20.723152 106.196831 27.200167  -0.102554 0.488497 -0.866518  0.310314 0.121263 1 1 1.000000
0  -22.397762 105.852768 27.280447  -0.141866 0.488898 -0.860728  0.316812 0.121575 1 1 1.000000
brakelightglass
0  -22.810650 105.485733 27.016657  -0.182506 0.730041 -0.658583  0.318414 0.120551 1 1 1.000000
0  -22.397762 105.852768 27.280447  -0.141866 0.488898 -0.860728  0.316812 0.121575 1 1 1.000000
0  -20.723152 106.196831 27.200167  -0.102554 0.488497 -0.866518  0.310314 0.121263 1 1 1.000000
brakelightglass
0  -20.837887 106.013367 27.005199  0.275963 0.591871 -0.757320  0.310759 0.120507 1 1 1.000000
0  -22.810650 105.485733 27.016657  -0.182509 0.730044 -0.658579  0.318414 0.120551 1 1 1.000000
0  -20.723152 106.196831 27.200167  -0.102554 0.488497 -0.866518  0.310314 0.121263 1 1 1.000000
brakelightglass
0  -24.164103 103.432648 27.808067  -0.756340 0.557402 0.342422  0.323665 0.123622 1 1 1.000000
0  -24.267338 99.854103 33.359428  -0.748189 0.563459 0.350324  0.324066 0.145162 1 1 1.000000
0  -23.085939 105.267822 27.142801  -0.729182 0.649978 0.214061  0.319482 0.121041 1 1 1.000000
brakelightglass
0  -24.817873 99.532944 32.648293  -0.753003 0.562819 0.340912  0.326202 0.142403 1 1 1.000000
0  -24.267338 99.854103 33.359428  -0.748189 0.563459 0.350324  0.324066 0.145162 1 1 1.000000
0  -24.164103 103.432648 27.808067  -0.756340 0.557402 0.342422  0.323665 0.123622 1 1 1.000000
brakelightglass
0  -24.554081 102.675652 28.152138  -0.752920 0.562928 0.340916  0.325178 0.124957 1 1 1.000000
0  -24.817873 99.532944 32.648293  -0.753003 0.562819 0.340912  0.326202 0.142403 1 1 1.000000
0  -24.164103 103.432648 27.808067  -0.756340 0.557402 0.342422  0.323665 0.123622 1 1 1.000000
brakelightglass
0  -24.989929 99.796738 31.868330  -0.739021 0.571765 0.356276  0.326869 0.139376 1 1 1.000000
0  -24.817873 99.532944 32.648293  -0.753003 0.562819 0.340912  0.326202 0.142403 1 1 1.000000
0  -24.554081 102.675652 28.152138  -0.752920 0.562928 0.340916  0.325178 0.124957 1 1 1.000000
brakelightglass
0  -24.760504 102.067749 28.691217  -0.738488 0.571806 0.357314  0.325979 0.127049 1 1 1.000000
0  -24.989929 99.796738 31.868330  -0.739021 0.571765 0.356276  0.326869 0.139376 1 1 1.000000
0  -24.554081 102.675652 28.152138  -0.752920 0.562928 0.340916  0.325178 0.124957 1 1 1.000000
brakelightglass
0  20.648157 106.150955 27.257542  -0.575077 0.158004 -0.802697  0.149787 0.121486 1 1 1.000000
0  20.567881 106.426247 27.509874  -0.929310 -0.347209 -0.125815  0.150099 0.122465 1 1 1.000000
0  20.728434 106.196831 27.200172  0.110153 0.488087 -0.865816  0.149476 0.121263 1 1 1.000000
brakelightglass
0  20.567881 106.426247 27.509874  -0.929310 -0.347209 -0.125815  0.150099 0.122465 1 1 1.000000
0  20.636702 106.529488 27.498375  0.189409 0.636560 -0.747607  0.149832 0.122420 1 1 1.000000
0  20.728434 106.196831 27.200172  0.110153 0.488087 -0.865816  0.149476 0.121263 1 1 1.000000
brakelightglass
0  20.843170 106.013367 27.005205  -0.268846 0.593096 -0.758919  0.149030 0.120507 1 1 1.000000
0  20.671114 105.818344 27.096939  -0.670633 0.299814 -0.678501  0.149698 0.120863 1 1 1.000000
0  20.648157 106.150955 27.257542  -0.575077 0.158004 -0.802697  0.149787 0.121486 1 1 1.000000
brakelightglass
0  20.728434 106.196831 27.200172  0.110153 0.488087 -0.865816  0.149476 0.121263 1 1 1.000000
0  20.843170 106.013367 27.005205  -0.268846 0.593096 -0.758919  0.149030 0.120507 1 1 1.000000
0  20.648157 106.150955 27.257542  -0.575077 0.158004 -0.802697  0.149787 0.121486 1 1 1.000000
brakelightglass
0  22.815937 105.485733 27.016663  0.190173 0.728927 -0.657648  0.141376 0.120551 1 1 1.000000
0  20.843170 106.013367 27.005205  -0.268846 0.593096 -0.758919  0.149030 0.120507 1 1 1.000000
0  20.728434 106.196831 27.200172  0.110153 0.488087 -0.865816  0.149476 0.121263 1 1 1.000000
brakelightglass
0  22.403042 105.852768 27.280453  0.149544 0.488309 -0.859762  0.142978 0.121575 1 1 1.000000
0  22.815937 105.485733 27.016663  0.190173 0.728927 -0.657648  0.141376 0.120551 1 1 1.000000
0  20.728434 106.196831 27.200172  0.110153 0.488087 -0.865816  0.149476 0.121263 1 1 1.000000
brakelightglass
0  20.728434 106.196831 27.200172  0.110153 0.488087 -0.865816  0.149476 0.121263 1 1 1.000000
0  20.636702 106.529488 27.498375  0.189409 0.636560 -0.747607  0.149832 0.122420 1 1 1.000000
0  22.403042 105.852768 27.280453  0.149544 0.488309 -0.859762  0.142978 0.121575 1 1 1.000000
brakelightglass
0  20.636702 106.529488 27.498375  0.189409 0.636560 -0.747607  0.149832 0.122420 1 1 1.000000
0  21.806597 106.219788 27.509874  0.157279 0.527211 -0.835052  0.145292 0.122465 1 1 1.000000
0  22.403042 105.852768 27.280453  0.149544 0.488309 -0.859762  0.142978 0.121575 1 1 1.000000
brakelightglass
0  21.806597 106.219788 27.509874  0.157279 0.527211 -0.835052  0.145292 0.122465 1 1 1.000000
0  20.636702 106.529488 27.498375  0.189409 0.636560 -0.747607  0.149832 0.122420 1 1 1.000000
0  21.668995 106.196831 27.796576  0.205523 0.813410 0.544173  0.145826 0.123577 1 1 1.000000
brakelightglass
0  21.944242 106.162422 27.590153  0.585036 0.743651 0.323599  0.144758 0.122776 1 1 1.000000
0  21.806597 106.219788 27.509874  0.157279 0.527211 -0.835052  0.145292 0.122465 1 1 1.000000
0  21.668995 106.196831 27.796576  0.205523 0.813410 0.544173  0.145826 0.123577 1 1 1.000000
brakelightglass
0  21.841007 106.093636 27.830986  0.569532 0.697028 0.435643  0.145159 0.123711 1 1 1.000000
0  21.944242 106.162422 27.590153  0.585036 0.743651 0.323599  0.144758 0.122776 1 1 1.000000
0  21.668995 106.196831 27.796576  0.205523 0.813410 0.544173  0.145826 0.123577 1 1 1.000000
brakelightglass
0  22.380089 105.852768 27.486919  0.577318 0.696235 0.426568  0.143067 0.122376 1 1 1.000000
0  21.944242 106.162422 27.590153  0.585036 0.743651 0.323599  0.144758 0.122776 1 1 1.000000
0  21.841007 106.093636 27.830986  0.569532 0.697028 0.435643  0.145159 0.123711 1 1 1.000000
brakelightglass
0  21.944242 106.162422 27.590153  0.585036 0.743651 0.323599  0.144758 0.122776 1 1 1.000000
0  22.380089 105.852768 27.486919  0.577318 0.696235 0.426568  0.143067 0.122376 1 1 1.000000
0  21.806597 106.219788 27.509874  0.157279 0.527211 -0.835052  0.145292 0.122465 1 1 1.000000
brakelightglass
0  22.380089 105.852768 27.486919  0.577318 0.696235 0.426568  0.143067 0.122376 1 1 1.000000
0  22.403042 105.852768 27.280453  0.149544 0.488309 -0.859762  0.142978 0.121575 1 1 1.000000
0  21.806597 106.219788 27.509874  0.157279 0.527211 -0.835052  0.145292 0.122465 1 1 1.000000
brakelightglass
0  22.380089 105.852768 27.486919  0.577318 0.696235 0.426568  0.143067 0.122376 1 1 1.000000
0  22.563599 105.738075 27.452509  0.768721 0.555520 0.316961  0.142355 0.122242 1 1 1.000000
0  22.403042 105.852768 27.280453  0.149544 0.488309 -0.859762  0.142978 0.121575 1 1 1.000000
brakelightglass
0  22.563599 105.738075 27.452509  0.768721 0.555520 0.316961  0.142355 0.122242 1 1 1.000000
0  23.091227 105.267822 27.142807  0.732885 0.646207 0.212829  0.140308 0.121041 1 1 1.000000
0  22.403042 105.852768 27.280453  0.149544 0.488309 -0.859762  0.142978 0.121575 1 1 1.000000
brakelightglass
0  23.091227 105.267822 27.142807  0.732885 0.646207 0.212829  0.140308 0.121041 1 1 1.000000
0  22.815937 105.485733 27.016663  0.647912 0.758379 -0.071211  0.141376 0.120551 1 1 1.000000
0  22.403042 105.852768 27.280453  0.149544 0.488309 -0.859762  0.142978 0.121575 1 1 1.000000
brakelightglass
0  24.995213 99.796738 31.868340  0.742240 0.568272 0.355172  0.132920 0.139376 1 1 1.000000
0  24.765789 102.067749 28.691227  0.742065 0.568445 0.355261  0.133810 0.127049 1 1 1.000000
0  24.559368 102.675652 28.152147  0.756437 0.559470 0.338816  0.134611 0.124957 1 1 1.000000
brakelightglass
0  24.823153 99.532944 32.648300  0.756405 0.559536 0.338777  0.133588 0.142403 1 1 1.000000
0  24.995213 99.796738 31.868340  0.742240 0.568272 0.355172  0.132920 0.139376 1 1 1.000000
0  24.559368 102.675652 28.152147  0.756437 0.559470 0.338816  0.134611 0.124957 1 1 1.000000
brakelightglass
0  24.823153 99.532944 32.648300  0.756405 0.559536 0.338777  0.133588 0.142403 1 1 1.000000
0  24.559368 102.675652 28.152147  0.756437 0.559470 0.338816  0.134611 0.124957 1 1 1.000000
0  24.169386 103.432648 27.808077  0.759742 0.554048 0.340326  0.136124 0.123622 1 1 1.000000
brakelightglass
0  24.272619 99.854103 33.359436  0.750938 0.561302 0.347897  0.135724 0.145162 1 1 1.000000
0  24.823153 99.532944 32.648300  0.756405 0.559536 0.338777  0.133588 0.142403 1 1 1.000000
0  24.169386 103.432648 27.808077  0.759742 0.554048 0.340326  0.136124 0.123622 1 1 1.000000
brakelightglass
0  24.272619 99.854103 33.359436  0.750938 0.561302 0.347897  0.135724 0.145162 1 1 1.000000
0  24.169386 103.432648 27.808077  0.759742 0.554048 0.340326  0.136124 0.123622 1 1 1.000000
0  23.091227 105.267822 27.142807  0.732885 0.646207 0.212829  0.140308 0.121041 1 1 1.000000
brakelightglass
0  24.272619 99.854103 33.359436  0.750938 0.561302 0.347897  0.135724 0.145162 1 1 1.000000
0  23.091227 105.267822 27.142807  0.732885 0.646207 0.212829  0.140308 0.121041 1 1 1.000000
0  22.563599 105.738075 27.452509  0.768721 0.555520 0.316961  0.142355 0.122242 1 1 1.000000
brakelightglass
0  23.010944 101.012543 34.082027  0.765959 0.545569 0.340090  0.140619 0.147966 1 1 1.000000
0  24.272619 99.854103 33.359436  0.750938 0.561302 0.347897  0.135724 0.145162 1 1 1.000000
0  22.563599 105.738075 27.452509  0.768721 0.555520 0.316961  0.142355 0.122242 1 1 1.000000
brakelightglass
0  22.563599 105.738075 27.452509  0.768721 0.555520 0.316961  0.142355 0.122242 1 1 1.000000
0  22.380089 105.852768 27.486919  0.577318 0.696235 0.426568  0.143067 0.122376 1 1 1.000000
0  23.010944 101.012543 34.082027  0.765959 0.545569 0.340090  0.140619 0.147966 1 1 1.000000
brakelightglass
0  22.380089 105.852768 27.486919  0.577318 0.696235 0.426568  0.143067 0.122376 1 1 1.000000
0  22.827435 101.092812 34.208172  0.555210 0.682182 0.475784  0.141331 0.148455 1 1 1.000000
0  23.010944 101.012543 34.082027  0.765959 0.545569 0.340090  0.140619 0.147966 1 1 1.000000
brakelightglass
0  22.380089 105.852768 27.486919  0.577318 0.696235 0.426568  0.143067 0.122376 1 1 1.000000
0  21.841007 106.093636 27.830986  0.569532 0.697028 0.435643  0.145159 0.123711 1 1 1.000000
0  22.827435 101.092812 34.208172  0.555210 0.682182 0.475784  0.141331 0.148455 1 1 1.000000
brakelightglass
0  21.841007 106.093636 27.830986  0.569532 0.697028 0.435643  0.145159 0.123711 1 1 1.000000
0  22.185120 101.528664 34.368774  0.554539 0.682073 0.476721  0.143824 0.149078 1 1 1.000000
0  22.827435 101.092812 34.208172  0.555210 0.682182 0.475784  0.141331 0.148455 1 1 1.000000
brakelightglass
0  21.967196 101.574532 34.414639  0.182934 0.787436 0.588625  0.144669 0.149256 1 1 1.000000
0  22.185120 101.528664 34.368774  0.554539 0.682073 0.476721  0.143824 0.149078 1 1 1.000000
0  21.841007 106.093636 27.830986  0.569532 0.697028 0.435643  0.145159 0.123711 1 1 1.000000
brakelightglass
0  21.668995 106.196831 27.796576  0.205523 0.813410 0.544173  0.145826 0.123577 1 1 1.000000
0  21.967196 101.574532 34.414639  0.182934 0.787436 0.588625  0.144669 0.149256 1 1 1.000000
0  21.841007 106.093636 27.830986  0.569532 0.697028 0.435643  0.145159 0.123711 1 1 1.000000
brakelightglass
0  21.668995 106.196831 27.796576  0.205523 0.813410 0.544173  0.145826 0.123577 1 1 1.000000
0  20.590834 106.495079 27.785122  0.206088 0.816639 0.539099  0.150010 0.123533 1 1 1.000000
0  21.967196 101.574532 34.414639  0.182934 0.787436 0.588625  0.144669 0.149256 1 1 1.000000
brakelightglass
0  20.636702 106.529488 27.498375  0.189409 0.636560 -0.747607  0.149832 0.122420 1 1 1.000000
0  20.590834 106.495079 27.785122  0.206088 0.816639 0.539099  0.150010 0.123533 1 1 1.000000
0  21.668995 106.196831 27.796576  0.205523 0.813410 0.544173  0.145826 0.123577 1 1 1.000000
brakelightglass
0  20.522011 106.437714 27.750710  -0.908596 -0.372100 -0.189721  0.150277 0.123399 1 1 1.000000
0  20.590834 106.495079 27.785122  0.206088 0.816639 0.539099  0.150010 0.123533 1 1 1.000000
0  20.636702 106.529488 27.498375  0.189409 0.636560 -0.747607  0.149832 0.122420 1 1 1.000000
brakelightglass
0  20.567881 106.426247 27.509874  -0.929310 -0.347209 -0.125815  0.150099 0.122465 1 1 1.000000
0  20.522011 106.437714 27.750710  -0.908596 -0.372100 -0.189721  0.150277 0.123399 1 1 1.000000
0  20.636702 106.529488 27.498375  0.189409 0.636560 -0.747607  0.149832 0.122420 1 1 1.000000
brakelightglass
0  20.522011 106.437714 27.750710  -0.908596 -0.372100 -0.189721  0.150277 0.123399 1 1 1.000000
0  20.567881 106.426247 27.509874  -0.929310 -0.347209 -0.125815  0.150099 0.122465 1 1 1.000000
0  20.648157 106.150955 27.257542  -0.939634 -0.299497 -0.165495  0.149787 0.121486 1 1 1.000000
brakelightglass
0  20.522011 106.437714 27.750710  -0.908596 -0.372100 -0.189721  0.150277 0.123399 1 1 1.000000
0  20.762844 101.608940 34.299950  -0.892784 -0.387636 -0.229513  0.149342 0.148811 1 1 1.000000
0  20.590834 106.495079 27.785122  0.206088 0.816639 0.539099  0.150010 0.123533 1 1 1.000000
brakelightglass
0  20.762844 101.608940 34.299950  -0.892784 -0.387636 -0.229513  0.149342 0.148811 1 1 1.000000
0  20.946358 101.769539 34.460506  0.182882 0.787442 0.588634  0.148630 0.149434 1 1 1.000000
0  20.590834 106.495079 27.785122  0.206088 0.816639 0.539099  0.150010 0.123533 1 1 1.000000
brakelightglass
0  20.590834 106.495079 27.785122  0.206088 0.816639 0.539099  0.150010 0.123533 1 1 1.000000
0  20.946358 101.769539 34.460506  0.182882 0.787442 0.588634  0.148630 0.149434 1 1 1.000000
0  21.967196 101.574532 34.414639  0.182934 0.787436 0.588625  0.144669 0.149256 1 1 1.000000
brakelightglass
0  20.762844 101.608940 34.299950  -0.892784 -0.387636 -0.229513  0.149342 0.148811 1 1 1.000000
0  20.522011 106.437714 27.750710  -0.908596 -0.372100 -0.189721  0.150277 0.123399 1 1 1.000000
0  20.648157 106.150955 27.257542  -0.939634 -0.299497 -0.165495  0.149787 0.121486 1 1 1.000000
brakelightglass
0  21.072548 101.161636 33.760872  -0.920065 -0.333113 -0.206195  0.148140 0.146720 1 1 1.000000
0  20.762844 101.608940 34.299950  -0.892784 -0.387636 -0.229513  0.149342 0.148811 1 1 1.000000
0  20.648157 106.150955 27.257542  -0.939634 -0.299497 -0.165495  0.149787 0.121486 1 1 1.000000
brakelightglass
0  20.648157 106.150955 27.257542  -0.939634 -0.299497 -0.165495  0.149787 0.121486 1 1 1.000000
0  20.671114 105.818344 27.096939  -0.946183 -0.291043 -0.141533  0.149698 0.120863 1 1 1.000000
0  21.072548 101.161636 33.760872  -0.920065 -0.333113 -0.206195  0.148140 0.146720 1 1 1.000000
brakelightglass
0  20.671114 105.818344 27.096939  -0.946183 -0.291043 -0.141533  0.149698 0.120863 1 1 1.000000
0  20.969315 104.923698 27.647476  -0.925260 -0.332758 -0.182115  0.148541 0.122999 1 1 1.000000
0  21.072548 101.161636 33.760872  -0.920065 -0.333113 -0.206195  0.148140 0.146720 1 1 1.000000
brakelightglass
0  20.969315 104.923698 27.647476  -0.925260 -0.332758 -0.182115  0.148541 0.122999 1 1 1.000000
0  21.336338 101.138680 32.682713  -0.903720 -0.371259 -0.213205  0.147117 0.142536 1 1 1.000000
0  21.072548 101.161636 33.760872  -0.920065 -0.333113 -0.206195  0.148140 0.146720 1 1 1.000000
brakelightglass
0  34.010433 96.952232 31.650417  0.759655 0.554105 0.340428  0.097940 0.138531 1 1 1.000000
0  33.700729 99.521492 28.152147  0.780634 0.544111 0.307495  0.099141 0.124957 1 1 1.000000
0  33.299294 97.238976 32.717125  0.771722 0.543259 0.330628  0.100699 0.142670 1 1 1.000000
brakelightglass
0  34.010433 96.952232 31.650417  0.759655 0.554105 0.340428  0.097940 0.138531 1 1 1.000000
0  34.125122 97.066925 31.214571  0.729402 0.578750 0.364720  0.097495 0.136840 1 1 1.000000
0  33.700729 99.521492 28.152147  0.780634 0.544111 0.307495  0.099141 0.124957 1 1 1.000000
brakelightglass
0  34.125122 97.066925 31.214571  0.729402 0.578750 0.364720  0.097495 0.136840 1 1 1.000000
0  33.941608 98.741524 28.920649  0.729310 0.578839 0.364764  0.098207 0.127939 1 1 1.000000
0  33.700729 99.521492 28.152147  0.780634 0.544111 0.307495  0.099141 0.124957 1 1 1.000000
brakelightglass
0  34.125122 97.066925 31.214571  0.729402 0.578750 0.364720  0.097495 0.136840 1 1 1.000000
0  34.159534 97.365173 30.675491  0.707507 0.597497 0.377400  0.097361 0.134748 1 1 1.000000
0  33.941608 98.741524 28.920649  0.729310 0.578839 0.364764  0.098207 0.127939 1 1 1.000000
brakelightglass
0  34.159534 97.365173 30.675491  0.707507 0.597497 0.377400  0.097361 0.134748 1 1 1.000000
0  34.102165 97.904243 29.929989  0.707865 0.597186 0.377222  0.097584 0.131855 1 1 1.000000
0  33.941608 98.741524 28.920649  0.729310 0.578839 0.364764  0.098207 0.127939 1 1 1.000000
brakelightglass
0  30.443336 102.675652 27.039618  -0.087536 0.585452 -0.805967  0.111780 0.120640 1 1 1.000000
0  30.294239 102.365936 27.142809  -0.789121 0.213022 -0.576116  0.112359 0.121041 1 1 1.000000
0  30.202457 102.985306 27.475464  -0.903107 -0.388940 -0.181999  0.112715 0.122331 1 1 1.000000
brakelightglass
0  30.259823 103.065628 27.463964  0.315498 0.723526 -0.613980  0.112493 0.122287 1 1 1.000000
0  30.443336 102.675652 27.039618  -0.087536 0.585452 -0.805967  0.111780 0.120640 1 1 1.000000
0  30.202457 102.985306 27.475464  -0.903107 -0.388940 -0.181999  0.112715 0.122331 1 1 1.000000
brakelightglass
0  30.443336 102.675652 27.039618  -0.087536 0.585452 -0.805967  0.111780 0.120640 1 1 1.000000
0  30.259823 103.065628 27.463964  0.315498 0.723526 -0.613980  0.112493 0.122287 1 1 1.000000
0  32.083488 102.182434 27.291908  0.268249 0.543836 -0.795163  0.105416 0.121619 1 1 1.000000
brakelightglass
0  30.259823 103.065628 27.463964  0.315498 0.723526 -0.613980  0.112493 0.122287 1 1 1.000000
0  31.452675 102.755928 27.475464  0.251189 0.588782 -0.768271  0.107864 0.122331 1 1 1.000000
0  32.083488 102.182434 27.291908  0.268249 0.543836 -0.795163  0.105416 0.121619 1 1 1.000000
brakelightglass
0  32.083488 102.182434 27.291908  0.268249 0.543836 -0.795163  0.105416 0.121619 1 1 1.000000
0  31.452675 102.755928 27.475464  0.251189 0.588782 -0.768271  0.107864 0.122331 1 1 1.000000
0  32.072037 102.251251 27.429554  0.624650 0.664278 0.410545  0.105461 0.122153 1 1 1.000000
brakelightglass
0  32.198177 102.125114 27.395142  0.758530 0.561251 0.331104  0.104971 0.122020 1 1 1.000000
0  32.083488 102.182434 27.291908  0.268249 0.543836 -0.795163  0.105416 0.121619 1 1 1.000000
0  32.072037 102.251251 27.429554  0.624650 0.664278 0.410545  0.105461 0.122153 1 1 1.000000
brakelightglass
0  32.198177 102.125114 27.395142  0.758530 0.561251 0.331104  0.104971 0.122020 1 1 1.000000
0  32.072037 102.251251 27.429554  0.624650 0.664278 0.410545  0.105461 0.122153 1 1 1.000000
0  32.565247 97.823967 33.462673  0.760552 0.547394 0.349172  0.103547 0.145563 1 1 1.000000
brakelightglass
0  32.565247 97.823967 33.462673  0.760552 0.547394 0.349172  0.103547 0.145563 1 1 1.000000
0  33.299294 97.238976 32.717125  0.771722 0.543259 0.330628  0.100699 0.142670 1 1 1.000000
0  32.198177 102.125114 27.395142  0.758530 0.561251 0.331104  0.104971 0.122020 1 1 1.000000
brakelightglass
0  33.299294 97.238976 32.717125  0.771722 0.543259 0.330628  0.100699 0.142670 1 1 1.000000
0  32.943729 101.161636 27.211632  0.788515 0.567716 0.236523  0.102079 0.121308 1 1 1.000000
0  32.198177 102.125114 27.395142  0.758530 0.561251 0.331104  0.104971 0.122020 1 1 1.000000
brakelightglass
0  33.700729 99.521492 28.152147  0.780634 0.544111 0.307495  0.099141 0.124957 1 1 1.000000
0  32.943729 101.161636 27.211632  0.788515 0.567716 0.236523  0.102079 0.121308 1 1 1.000000
0  33.299294 97.238976 32.717125  0.771722 0.543259 0.330628  0.100699 0.142670 1 1 1.000000
brakelightglass
0  33.700729 99.521492 28.152147  0.780634 0.544111 0.307495  0.099141 0.124957 1 1 1.000000
0  33.322205 100.416092 27.521334  0.817217 0.518610 0.251394  0.100610 0.122509 1 1 1.000000
0  32.943729 101.161636 27.211632  0.788515 0.567716 0.236523  0.102079 0.121308 1 1 1.000000
brakelightglass
0  32.198177 102.125114 27.395142  0.758530 0.561251 0.331104  0.104971 0.122020 1 1 1.000000
0  32.943729 101.161636 27.211632  0.788515 0.567716 0.236523  0.102079 0.121308 1 1 1.000000
0  32.083488 102.182434 27.291908  0.268249 0.543836 -0.795163  0.105416 0.121619 1 1 1.000000
brakelightglass
0  32.943729 101.161636 27.211632  0.788515 0.567716 0.236523  0.102079 0.121308 1 1 1.000000
0  32.634026 101.631897 27.051075  0.600489 0.695296 -0.394938  0.103280 0.120685 1 1 1.000000
0  32.083488 102.182434 27.291908  0.268249 0.543836 -0.795163  0.105416 0.121619 1 1 1.000000
brakelightglass
0  30.443336 102.675652 27.039618  -0.087536 0.585452 -0.805967  0.111780 0.120640 1 1 1.000000
0  32.083488 102.182434 27.291908  0.268249 0.543836 -0.795163  0.105416 0.121619 1 1 1.000000
0  32.634026 101.631897 27.051075  0.600489 0.695296 -0.394938  0.103280 0.120685 1 1 1.000000
brakelightglass
0  30.202457 102.985306 27.475464  -0.903107 -0.388940 -0.181999  0.112715 0.122331 1 1 1.000000
0  30.168049 102.985306 27.727800  -0.903110 -0.388716 -0.182460  0.112849 0.123311 1 1 1.000000
0  30.259823 103.065628 27.463964  0.315498 0.723526 -0.613980  0.112493 0.122287 1 1 1.000000
brakelightglass
0  32.072037 102.251251 27.429554  0.624650 0.664278 0.410545  0.105461 0.122153 1 1 1.000000
0  32.427601 97.904243 33.531452  0.610580 0.650306 0.451989  0.104081 0.145829 1 1 1.000000
0  32.565247 97.823967 33.462673  0.760552 0.547394 0.349172  0.103547 0.145563 1 1 1.000000
brakelightglass
0  30.168049 102.985306 27.727800  -0.903110 -0.388716 -0.182460  0.112849 0.123311 1 1 1.000000
0  30.213913 103.042671 27.727800  0.333598 0.784245 0.523137  0.112671 0.123311 1 1 1.000000
0  30.259823 103.065628 27.463964  0.315498 0.723526 -0.613980  0.112493 0.122287 1 1 1.000000
brakelightglass
0  30.259823 103.065628 27.463964  0.315498 0.723526 -0.613980  0.112493 0.122287 1 1 1.000000
0  30.213913 103.042671 27.727800  0.333598 0.784245 0.523137  0.112671 0.123311 1 1 1.000000
0  31.303577 102.801788 27.750711  0.332871 0.784988 0.522486  0.108443 0.123399 1 1 1.000000
brakelightglass
0  31.452675 102.755928 27.475464  0.251189 0.588782 -0.768271  0.107864 0.122331 1 1 1.000000
0  30.259823 103.065628 27.463964  0.315498 0.723526 -0.613980  0.112493 0.122287 1 1 1.000000
0  31.303577 102.801788 27.750711  0.332871 0.784988 0.522486  0.108443 0.123399 1 1 1.000000
brakelightglass
0  31.452675 102.755928 27.475464  0.251189 0.588782 -0.768271  0.107864 0.122331 1 1 1.000000
0  31.303577 102.801788 27.750711  0.332871 0.784988 0.522486  0.108443 0.123399 1 1 1.000000
0  31.567368 102.687103 27.567198  0.632649 0.688233 0.355093  0.107419 0.122687 1 1 1.000000
brakelightglass
0  31.452675 102.755928 27.475464  0.251189 0.588782 -0.768271  0.107864 0.122331 1 1 1.000000
0  31.567368 102.687103 27.567198  0.632649 0.688233 0.355093  0.107419 0.122687 1 1 1.000000
0  32.072037 102.251251 27.429554  0.624650 0.664278 0.410545  0.105461 0.122153 1 1 1.000000
brakelightglass
0  32.072037 102.251251 27.429554  0.624650 0.664278 0.410545  0.105461 0.122153 1 1 1.000000
0  31.567368 102.687103 27.567198  0.632649 0.688233 0.355093  0.107419 0.122687 1 1 1.000000
0  31.464130 102.687103 27.762213  0.624487 0.664092 0.411093  0.107820 0.123444 1 1 1.000000
brakelightglass
0  32.072037 102.251251 27.429554  0.624650 0.664278 0.410545  0.105461 0.122153 1 1 1.000000
0  31.464130 102.687103 27.762213  0.624487 0.664092 0.411093  0.107820 0.123444 1 1 1.000000
0  32.427601 97.904243 33.531452  0.610580 0.650306 0.451989  0.104081 0.145829 1 1 1.000000
brakelightglass
0  31.464130 102.687103 27.762213  0.624487 0.664092 0.411093  0.107820 0.123444 1 1 1.000000
0  31.854111 98.294182 33.737919  0.610100 0.650622 0.452183  0.106306 0.146631 1 1 1.000000
0  32.427601 97.904243 33.531452  0.610580 0.650306 0.451989  0.104081 0.145829 1 1 1.000000
brakelightglass
0  31.647644 98.385963 33.772327  0.317103 0.769030 0.555013  0.107108 0.146764 1 1 1.000000
0  31.854111 98.294182 33.737919  0.610100 0.650622 0.452183  0.106306 0.146631 1 1 1.000000
0  31.464130 102.687103 27.762213  0.624487 0.664092 0.411093  0.107820 0.123444 1 1 1.000000
brakelightglass
0  31.303577 102.801788 27.750711  0.332871 0.784988 0.522486  0.108443 0.123399 1 1 1.000000
0  31.647644 98.385963 33.772327  0.317103 0.769030 0.555013  0.107108 0.146764 1 1 1.000000
0  31.464130 102.687103 27.762213  0.624487 0.664092 0.411093  0.107820 0.123444 1 1 1.000000
brakelightglass
0  31.303577 102.801788 27.750711  0.332871 0.784988 0.522486  0.108443 0.123399 1 1 1.000000
0  30.213913 103.042671 27.727800  0.333598 0.784245 0.523137  0.112671 0.123311 1 1 1.000000
0  31.647644 98.385963 33.772327  0.317103 0.769030 0.555013  0.107108 0.146764 1 1 1.000000
brakelightglass
0  30.213913 103.042671 27.727800  0.333598 0.784245 0.523137  0.112671 0.123311 1 1 1.000000
0  30.466248 98.764481 33.795288  0.317866 0.768802 0.554892  0.111692 0.146853 1 1 1.000000
0  31.647644 98.385963 33.772327  0.317103 0.769030 0.555013  0.107108 0.146764 1 1 1.000000
brakelightglass
0  30.397427 98.615341 33.692051  -0.885305 -0.395224 -0.245017  0.111959 0.146453 1 1 1.000000
0  30.466248 98.764481 33.795288  0.317866 0.768802 0.554892  0.111692 0.146853 1 1 1.000000
0  30.213913 103.042671 27.727800  0.333598 0.784245 0.523137  0.112671 0.123311 1 1 1.000000
brakelightglass
0  30.168049 102.985306 27.727800  -0.903110 -0.388716 -0.182460  0.112849 0.123311 1 1 1.000000
0  30.397427 98.615341 33.692051  -0.885305 -0.395224 -0.245017  0.111959 0.146453 1 1 1.000000
0  30.213913 103.042671 27.727800  0.333598 0.784245 0.523137  0.112671 0.123311 1 1 1.000000
brakelightglass
0  30.397427 98.615341 33.692051  -0.885305 -0.395224 -0.245017  0.111959 0.146453 1 1 1.000000
0  30.168049 102.985306 27.727800  -0.903110 -0.388716 -0.182460  0.112849 0.123311 1 1 1.000000
0  30.775951 97.927162 33.290619  -0.900401 -0.379192 -0.213287  0.110490 0.144895 1 1 1.000000
brakelightglass
0  30.168049 102.985306 27.727800  -0.903110 -0.388716 -0.182460  0.112849 0.123311 1 1 1.000000
0  30.202457 102.985306 27.475464  -0.903107 -0.388940 -0.181999  0.112715 0.122331 1 1 1.000000
0  30.775951 97.927162 33.290619  -0.900401 -0.379192 -0.213287  0.110490 0.144895 1 1 1.000000
brakelightglass
0  30.202457 102.985306 27.475464  -0.903107 -0.388940 -0.181999  0.112715 0.122331 1 1 1.000000
0  30.294239 102.365936 27.142809  -0.929455 -0.325167 -0.174300  0.112359 0.121041 1 1 1.000000
0  30.775951 97.927162 33.290619  -0.900401 -0.379192 -0.213287  0.110490 0.144895 1 1 1.000000
brakelightglass
0  30.294239 102.365936 27.142809  -0.929455 -0.325167 -0.174300  0.112359 0.121041 1 1 1.000000
0  30.833321 101.012543 27.578655  -0.885805 -0.403439 -0.229316  0.110267 0.122732 1 1 1.000000
0  30.775951 97.927162 33.290619  -0.900401 -0.379192 -0.213287  0.110490 0.144895 1 1 1.000000
brakelightglass
0  30.775951 97.927162 33.290619  -0.900401 -0.379192 -0.213287  0.110490 0.144895 1 1 1.000000
0  30.833321 101.012543 27.578655  -0.885805 -0.403439 -0.229316  0.110267 0.122732 1 1 1.000000
0  31.475586 97.055458 32.350101  -0.860820 -0.442025 -0.252196  0.107775 0.141246 1 1 1.000000
brakelightglass
0  30.833321 101.012543 27.578655  -0.885805 -0.403439 -0.229316  0.110267 0.122732 1 1 1.000000
0  31.131519 100.232574 27.922768  -0.853801 -0.450573 -0.260782  0.109110 0.124067 1 1 1.000000
0  31.475586 97.055458 32.350101  -0.860820 -0.442025 -0.252196  0.107775 0.141246 1 1 1.000000
brakelightglass
0  31.131519 100.232574 27.922768  -0.853801 -0.450573 -0.260782  0.109110 0.124067 1 1 1.000000
0  31.555908 97.353668 31.604553  -0.853770 -0.450614 -0.260814  0.107464 0.138353 1 1 1.000000
0  31.475586 97.055458 32.350101  -0.860820 -0.442025 -0.252196  0.107775 0.141246 1 1 1.000000
brakelightglass
0  31.567368 102.687103 27.567198  0.632649 0.688233 0.355093  0.107419 0.122687 1 1 1.000000
0  31.303577 102.801788 27.750711  0.332871 0.784988 0.522486  0.108443 0.123399 1 1 1.000000
0  31.464130 102.687103 27.762213  0.624487 0.664092 0.411093  0.107820 0.123444 1 1 1.000000
brakelightglass
0  27.300632 104.063469 27.418098  0.765393 0.560936 0.315474  0.123975 0.122109 1 1 1.000000
0  28.929333 101.769539 27.750711  0.736375 0.554283 0.387972  0.117655 0.123399 1 1 1.000000
0  27.885582 103.535889 27.200174  0.701276 0.653757 0.284278  0.121705 0.121263 1 1 1.000000
brakelightglass
0  27.300632 104.063469 27.418098  0.765393 0.560936 0.315474  0.123975 0.122109 1 1 1.000000
0  27.885582 103.535889 27.200174  0.701276 0.653757 0.284278  0.121705 0.121263 1 1 1.000000
0  26.956520 104.396118 27.280455  0.235597 0.581371 -0.778783  0.125310 0.121575 1 1 1.000000
brakelightglass
0  27.162991 104.178154 27.463964  0.599375 0.678255 0.425112  0.124509 0.122287 1 1 1.000000
0  27.300632 104.063469 27.418098  0.765393 0.560936 0.315474  0.123975 0.122109 1 1 1.000000
0  26.956520 104.396118 27.280455  0.235597 0.581371 -0.778783  0.125310 0.121575 1 1 1.000000
brakelightglass
0  27.885582 103.535889 27.200174  0.701276 0.653757 0.284278  0.121705 0.121263 1 1 1.000000
0  27.472649 103.937317 27.005207  0.513848 0.797819 -0.315349  0.123307 0.120507 1 1 1.000000
0  26.956520 104.396118 27.280455  0.235597 0.581371 -0.778783  0.125310 0.121575 1 1 1.000000
brakelightglass
0  27.025345 100.106438 34.104939  0.575943 0.671629 0.466052  0.125043 0.148055 1 1 1.000000
0  26.578045 104.510811 27.785124  0.600764 0.680775 0.419080  0.126778 0.123533 1 1 1.000000
0  26.761555 100.186714 34.185261  0.245936 0.777392 0.578945  0.126066 0.148366 1 1 1.000000
brakelightglass
0  26.578045 104.510811 27.785124  0.600764 0.680775 0.419080  0.126778 0.123533 1 1 1.000000
0  27.025345 100.106438 34.104939  0.575943 0.671629 0.466052  0.125043 0.148055 1 1 1.000000
0  27.633247 99.716461 33.921429  0.576413 0.671280 0.465974  0.122684 0.147343 1 1 1.000000
brakelightglass
0  27.162991 104.178154 27.463964  0.599375 0.678255 0.425112  0.124509 0.122287 1 1 1.000000
0  26.578045 104.510811 27.785124  0.600764 0.680775 0.419080  0.126778 0.123533 1 1 1.000000
0  27.633247 99.716461 33.921429  0.576413 0.671280 0.465974  0.122684 0.147343 1 1 1.000000
brakelightglass
0  27.300632 104.063469 27.418098  0.765393 0.560936 0.315474  0.123975 0.122109 1 1 1.000000
0  27.162991 104.178154 27.463964  0.599375 0.678255 0.425112  0.124509 0.122287 1 1 1.000000
0  27.633247 99.716461 33.921429  0.576413 0.671280 0.465974  0.122684 0.147343 1 1 1.000000
brakelightglass
0  27.782349 99.613220 33.841148  0.766343 0.545220 0.339785  0.122105 0.147031 1 1 1.000000
0  27.300632 104.063469 27.418098  0.765393 0.560936 0.315474  0.123975 0.122109 1 1 1.000000
0  27.633247 99.716461 33.921429  0.576413 0.671280 0.465974  0.122684 0.147343 1 1 1.000000
brakelightglass
0  27.300632 104.063469 27.418098  0.765393 0.560936 0.315474  0.123975 0.122109 1 1 1.000000
0  27.782349 99.613220 33.841148  0.766343 0.545220 0.339785  0.122105 0.147031 1 1 1.000000
0  28.929333 101.769539 27.750711  0.736375 0.554283 0.387972  0.117655 0.123399 1 1 1.000000
brakelightglass
0  27.782349 99.613220 33.841148  0.766343 0.545220 0.339785  0.122105 0.147031 1 1 1.000000
0  29.181664 98.202446 33.026779  0.756412 0.559508 0.338809  0.116676 0.143871 1 1 1.000000
0  28.929333 101.769539 27.750711  0.736375 0.554283 0.387972  0.117655 0.123399 1 1 1.000000
brakelightglass
0  29.181664 98.202446 33.026779  0.756412 0.559508 0.338809  0.116676 0.143871 1 1 1.000000
0  29.743656 97.858383 32.338604  0.759518 0.554298 0.340422  0.114495 0.141201 1 1 1.000000
0  28.929333 101.769539 27.750711  0.736375 0.554283 0.387972  0.117655 0.123399 1 1 1.000000
brakelightglass
0  29.743656 97.858383 32.338604  0.759518 0.554298 0.340422  0.114495 0.141201 1 1 1.000000
0  29.330765 100.978127 28.163647  0.759800 0.553989 0.340295  0.116097 0.125002 1 1 1.000000
0  28.929333 101.769539 27.750711  0.736375 0.554283 0.387972  0.117655 0.123399 1 1 1.000000
brakelightglass
0  29.743656 97.858383 32.338604  0.759518 0.554298 0.340422  0.114495 0.141201 1 1 1.000000
0  29.846889 98.156578 31.638964  0.759784 0.554006 0.340302  0.114095 0.138486 1 1 1.000000
0  29.330765 100.978127 28.163647  0.759800 0.553989 0.340295  0.116097 0.125002 1 1 1.000000
brakelightglass
0  29.846889 98.156578 31.638964  0.759784 0.554006 0.340302  0.114095 0.138486 1 1 1.000000
0  29.606056 100.244041 28.725637  0.759888 0.553875 0.340283  0.115029 0.127182 1 1 1.000000
0  29.330765 100.978127 28.163647  0.759800 0.553989 0.340295  0.116097 0.125002 1 1 1.000000
brakelightglass
0  25.304867 104.935204 27.498377  -0.909757 -0.380555 -0.165893  0.131718 0.122420 1 1 1.000000
0  25.247545 104.946655 27.762213  -0.891520 -0.395210 -0.221364  0.131941 0.123444 1 1 1.000000
0  25.362232 105.015472 27.486921  0.252811 0.718651 -0.647787  0.131496 0.122376 1 1 1.000000
brakelightglass
0  25.247545 104.946655 27.762213  -0.891520 -0.395210 -0.221364  0.131941 0.123444 1 1 1.000000
0  25.304867 104.935204 27.498377  -0.909757 -0.380555 -0.165893  0.131718 0.122420 1 1 1.000000
0  25.385193 104.556679 27.314865  -0.916783 -0.347250 -0.197299  0.131407 0.121708 1 1 1.000000
brakelightglass
0  25.453966 100.381683 34.070526  -0.891888 -0.394566 -0.221026  0.131140 0.147921 1 1 1.000000
0  25.247545 104.946655 27.762213  -0.891520 -0.395210 -0.221364  0.131941 0.123444 1 1 1.000000
0  25.385193 104.556679 27.314865  -0.916783 -0.347250 -0.197299  0.131407 0.121708 1 1 1.000000
brakelightglass
0  25.247545 104.946655 27.762213  -0.891520 -0.395210 -0.221364  0.131941 0.123444 1 1 1.000000
0  25.453966 100.381683 34.070526  -0.891888 -0.394566 -0.221026  0.131140 0.147921 1 1 1.000000
0  25.293411 105.003983 27.762213  0.270734 0.802074 0.532335  0.131763 0.123444 1 1 1.000000
brakelightglass
0  25.453966 100.381683 34.070526  -0.891888 -0.394566 -0.221026  0.131140 0.147921 1 1 1.000000
0  25.580158 100.530777 34.196716  0.245909 0.777339 0.579027  0.130650 0.148411 1 1 1.000000
0  25.293411 105.003983 27.762213  0.270734 0.802074 0.532335  0.131763 0.123444 1 1 1.000000
brakelightglass
0  25.293411 105.003983 27.762213  0.270734 0.802074 0.532335  0.131763 0.123444 1 1 1.000000
0  25.580158 100.530777 34.196716  0.245909 0.777339 0.579027  0.130650 0.148411 1 1 1.000000
0  26.761555 100.186714 34.185261  0.245936 0.777392 0.578945  0.126066 0.148366 1 1 1.000000
brakelightglass
0  26.394531 104.625496 27.773666  0.270416 0.802585 0.531727  0.127490 0.123488 1 1 1.000000
0  25.293411 105.003983 27.762213  0.270734 0.802074 0.532335  0.131763 0.123444 1 1 1.000000
0  26.761555 100.186714 34.185261  0.245936 0.777392 0.578945  0.126066 0.148366 1 1 1.000000
brakelightglass
0  26.578045 104.510811 27.785124  0.600764 0.680775 0.419080  0.126778 0.123533 1 1 1.000000
0  26.394531 104.625496 27.773666  0.270416 0.802585 0.531727  0.127490 0.123488 1 1 1.000000
0  26.761555 100.186714 34.185261  0.245936 0.777392 0.578945  0.126066 0.148366 1 1 1.000000
brakelightglass
0  26.658321 104.533722 27.590155  0.609325 0.704723 0.363439  0.126467 0.122776 1 1 1.000000
0  26.394531 104.625496 27.773666  0.270416 0.802585 0.531727  0.127490 0.123488 1 1 1.000000
0  26.578045 104.510811 27.785124  0.600764 0.680775 0.419080  0.126778 0.123533 1 1 1.000000
brakelightglass
0  27.162991 104.178154 27.463964  0.599375 0.678255 0.425112  0.124509 0.122287 1 1 1.000000
0  26.658321 104.533722 27.590155  0.609325 0.704723 0.363439  0.126467 0.122776 1 1 1.000000
0  26.578045 104.510811 27.785124  0.600764 0.680775 0.419080  0.126778 0.123533 1 1 1.000000
brakelightglass
0  26.555084 104.591087 27.498377  0.204984 0.599347 -0.773799  0.126867 0.122420 1 1 1.000000
0  26.658321 104.533722 27.590155  0.609325 0.704723 0.363439  0.126467 0.122776 1 1 1.000000
0  27.162991 104.178154 27.463964  0.599375 0.678255 0.425112  0.124509 0.122287 1 1 1.000000
brakelightglass
0  26.956520 104.396118 27.280455  0.235597 0.581371 -0.778783  0.125310 0.121575 1 1 1.000000
0  26.555084 104.591087 27.498377  0.204984 0.599347 -0.773799  0.126867 0.122420 1 1 1.000000
0  27.162991 104.178154 27.463964  0.599375 0.678255 0.425112  0.124509 0.122287 1 1 1.000000
brakelightglass
0  26.555084 104.591087 27.498377  0.204984 0.599347 -0.773799  0.126867 0.122420 1 1 1.000000
0  26.956520 104.396118 27.280455  0.235597 0.581371 -0.778783  0.125310 0.121575 1 1 1.000000
0  25.465471 104.809013 27.234587  0.157901 0.536707 -0.828862  0.131095 0.121397 1 1 1.000000
brakelightglass
0  26.956520 104.396118 27.280455  0.235597 0.581371 -0.778783  0.125310 0.121575 1 1 1.000000
0  27.472649 103.937317 27.005207  0.513848 0.797819 -0.315349  0.123307 0.120507 1 1 1.000000
0  25.465471 104.809013 27.234587  0.157901 0.536707 -0.828862  0.131095 0.121397 1 1 1.000000
brakelightglass
0  27.472649 103.937317 27.005207  0.513848 0.797819 -0.315349  0.123307 0.120507 1 1 1.000000
0  25.591614 104.614044 27.005207  -0.346677 0.647616 -0.678534  0.130606 0.120507 1 1 1.000000
0  25.465471 104.809013 27.234587  0.157901 0.536707 -0.828862  0.131095 0.121397 1 1 1.000000
brakelightglass
0  25.465471 104.809013 27.234587  0.157901 0.536707 -0.828862  0.131095 0.121397 1 1 1.000000
0  25.591614 104.614044 27.005207  -0.346677 0.647616 -0.678534  0.130606 0.120507 1 1 1.000000
0  25.385193 104.556679 27.314865  -0.519694 0.141694 -0.842521  0.131407 0.121708 1 1 1.000000
brakelightglass
0  25.591614 104.614044 27.005207  -0.346677 0.647616 -0.678534  0.130606 0.120507 1 1 1.000000
0  25.373692 104.407570 27.108398  -0.822588 0.324885 -0.466688  0.131451 0.120907 1 1 1.000000
0  25.385193 104.556679 27.314865  -0.519694 0.141694 -0.842521  0.131407 0.121708 1 1 1.000000
brakelightglass
0  25.247545 104.946655 27.762213  -0.891520 -0.395210 -0.221364  0.131941 0.123444 1 1 1.000000
0  25.293411 105.003983 27.762213  0.270734 0.802074 0.532335  0.131763 0.123444 1 1 1.000000
0  25.362232 105.015472 27.486921  0.252811 0.718651 -0.647787  0.131496 0.122376 1 1 1.000000
brakelightglass
0  25.362232 105.015472 27.486921  0.252811 0.718651 -0.647787  0.131496 0.122376 1 1 1.000000
0  25.293411 105.003983 27.762213  0.270734 0.802074 0.532335  0.131763 0.123444 1 1 1.000000
0  26.394531 104.625496 27.773666  0.270416 0.802585 0.531727  0.127490 0.123488 1 1 1.000000
brakelightglass
0  25.385193 104.556679 27.314865  -0.519694 0.141694 -0.842521  0.131407 0.121708 1 1 1.000000
0  25.304867 104.935204 27.498377  -0.909757 -0.380555 -0.165893  0.131718 0.122420 1 1 1.000000
0  25.465471 104.809013 27.234587  0.157901 0.536707 -0.828862  0.131095 0.121397 1 1 1.000000
brakelightglass
0  25.304867 104.935204 27.498377  -0.909757 -0.380555 -0.165893  0.131718 0.122420 1 1 1.000000
0  25.362232 105.015472 27.486921  0.252811 0.718651 -0.647787  0.131496 0.122376 1 1 1.000000
0  25.465471 104.809013 27.234587  0.157901 0.536707 -0.828862  0.131095 0.121397 1 1 1.000000
brakelightglass
0  25.362232 105.015472 27.486921  0.252811 0.718651 -0.647787  0.131496 0.122376 1 1 1.000000
0  26.555084 104.591087 27.498377  0.204984 0.599347 -0.773799  0.126867 0.122420 1 1 1.000000
0  25.465471 104.809013 27.234587  0.157901 0.536707 -0.828862  0.131095 0.121397 1 1 1.000000
brakelightglass
0  26.555084 104.591087 27.498377  0.204984 0.599347 -0.773799  0.126867 0.122420 1 1 1.000000
0  25.362232 105.015472 27.486921  0.252811 0.718651 -0.647787  0.131496 0.122376 1 1 1.000000
0  26.394531 104.625496 27.773666  0.270416 0.802585 0.531727  0.127490 0.123488 1 1 1.000000
brakelightglass
0  26.555084 104.591087 27.498377  0.204984 0.599347 -0.773799  0.126867 0.122420 1 1 1.000000
0  26.394531 104.625496 27.773666  0.270416 0.802585 0.531727  0.127490 0.123488 1 1 1.000000
0  26.658321 104.533722 27.590155  0.609325 0.704723 0.363439  0.126467 0.122776 1 1 1.000000
brakelightglass
0  26.199520 102.251251 27.934223  -0.850710 -0.456888 -0.259895  0.128247 0.124111 1 1 1.000000
0  26.646820 99.188835 31.856886  -0.823411 -0.490704 -0.284963  0.126511 0.139332 1 1 1.000000
0  26.497719 98.970909 32.671253  -0.867271 -0.433705 -0.244420  0.127090 0.142492 1 1 1.000000
brakelightglass
0  25.912771 102.996803 27.613068  -0.873734 -0.425180 -0.236242  0.129360 0.122865 1 1 1.000000
0  26.199520 102.251251 27.934223  -0.850710 -0.456888 -0.259895  0.128247 0.124111 1 1 1.000000
0  26.497719 98.970909 32.671253  -0.867271 -0.433705 -0.244420  0.127090 0.142492 1 1 1.000000
brakelightglass
0  25.373692 104.407570 27.108398  -0.887719 -0.403585 -0.221527  0.131451 0.120907 1 1 1.000000
0  25.912771 102.996803 27.613068  -0.873734 -0.425180 -0.236242  0.129360 0.122865 1 1 1.000000
0  26.497719 98.970909 32.671253  -0.867271 -0.433705 -0.244420  0.127090 0.142492 1 1 1.000000
brakelightglass
0  25.373692 104.407570 27.108398  -0.887719 -0.403585 -0.221527  0.131451 0.120907 1 1 1.000000
0  26.497719 98.970909 32.671253  -0.867271 -0.433705 -0.244420  0.127090 0.142492 1 1 1.000000
0  25.843948 99.704994 33.634682  -0.891849 -0.394638 -0.221056  0.129627 0.146230 1 1 1.000000
brakelightglass
0  25.385193 104.556679 27.314865  -0.916783 -0.347250 -0.197299  0.131407 0.121708 1 1 1.000000
0  25.373692 104.407570 27.108398  -0.887719 -0.403585 -0.221527  0.131451 0.120907 1 1 1.000000
0  25.843948 99.704994 33.634682  -0.891849 -0.394638 -0.221056  0.129627 0.146230 1 1 1.000000
brakelightglass
0  25.843948 99.704994 33.634682  -0.891849 -0.394638 -0.221056  0.129627 0.146230 1 1 1.000000
0  25.453966 100.381683 34.070526  -0.891888 -0.394566 -0.221026  0.131140 0.147921 1 1 1.000000
0  25.385193 104.556679 27.314865  -0.916783 -0.347250 -0.197299  0.131407 0.121708 1 1 1.000000
end
