version 1
nodes
0 "blender_implicit" -1
1 "root" -1
2 "steering_wheel" 1
end
skeleton
time 0
0  0 0 0  0 0 0
1  0.000000 0.000000 0.000000  1.570796 -0.000000 0.000000
2  16.702593 33.588814 6.160704  -0.000000 -0.000000 -0.000000
end
triangles
aluminium
0  28.585224 91.974419 3.790435  -0.000007 -0.984818 -0.173591  0.600300 0.208900 1 1 1.000000
0  27.965866 91.722092 5.258576  -0.000006 -0.984934 -0.172931  0.300500 0.215500 1 1 1.000000
0  27.965866 91.997322 3.664290  0.000001 -0.984847 -0.173427  0.600300 0.222100 1 1 1.000000
aluminium
0  29.101395 91.917053 4.134548  -0.000282 -0.984892 -0.173168  0.600300 0.195700 1 1 1.000000
0  27.965866 91.722092 5.258576  -0.000006 -0.984934 -0.172931  0.300500 0.202300 1 1 1.000000
0  28.585224 91.974419 3.790435  -0.000007 -0.984818 -0.173591  0.600300 0.208900 1 1 1.000000
aluminium
0  29.456917 91.825272 4.650673  -0.000049 -0.984844 -0.173443  0.600300 0.182400 1 1 1.000000
0  27.965866 91.722092 5.258576  -0.000006 -0.984934 -0.172931  0.300500 0.189100 1 1 1.000000
0  29.101395 91.917053 4.134548  -0.000282 -0.984892 -0.173168  0.600300 0.195700 1 1 1.000000
aluminium
0  29.571651 91.722092 5.258576  -0.000001 -0.984858 -0.173364  0.600300 0.169200 1 1 1.000000
0  27.965866 91.722092 5.258576  -0.000006 -0.984934 -0.172931  0.300500 0.175800 1 1 1.000000
0  29.456917 91.825272 4.650673  -0.000049 -0.984844 -0.173443  0.600300 0.182400 1 1 1.000000
aluminium
0  29.456917 91.607346 5.866479  0.000234 -0.984802 -0.173678  0.600300 0.156000 1 1 1.000000
0  27.965866 91.722092 5.258576  -0.000006 -0.984934 -0.172931  0.300500 0.162600 1 1 1.000000
0  29.571651 91.722092 5.258576  -0.000001 -0.984858 -0.173364  0.600300 0.169200 1 1 1.000000
aluminium
0  29.101395 91.527069 6.382604  -0.000003 -0.984839 -0.173470  0.600300 0.142700 1 1 1.000000
0  27.965866 91.722092 5.258576  -0.000006 -0.984934 -0.172931  0.300500 0.149400 1 1 1.000000
0  29.456917 91.607346 5.866479  0.000234 -0.984802 -0.173678  0.600300 0.156000 1 1 1.000000
aluminium
0  28.585224 91.458252 6.726671  0.000128 -0.984788 -0.173761  0.600300 0.129500 1 1 1.000000
0  27.965866 91.722092 5.258576  -0.000006 -0.984934 -0.172931  0.300500 0.136100 1 1 1.000000
0  29.101395 91.527069 6.382604  -0.000003 -0.984839 -0.173470  0.600300 0.142700 1 1 1.000000
aluminium
0  27.965866 91.435333 6.852861  -0.000012 -0.984820 -0.173578  0.600300 0.116300 1 1 1.000000
0  27.965866 91.722092 5.258576  -0.000006 -0.984934 -0.172931  0.300500 0.122900 1 1 1.000000
0  28.585224 91.458252 6.726671  0.000128 -0.984788 -0.173761  0.600300 0.129500 1 1 1.000000
aluminium
0  27.346508 91.458252 6.726671  0.000075 -0.984829 -0.173530  0.600300 0.103000 1 1 1.000000
0  27.965866 91.722092 5.258576  -0.000006 -0.984934 -0.172931  0.300500 0.109600 1 1 1.000000
0  27.965866 91.435333 6.852861  -0.000012 -0.984820 -0.173578  0.600300 0.116300 1 1 1.000000
aluminium
0  26.818882 91.527069 6.382603  0.000018 -0.984864 -0.173328  0.600300 0.089800 1 1 1.000000
0  27.965866 91.722092 5.258576  -0.000006 -0.984934 -0.172931  0.300500 0.096400 1 1 1.000000
0  27.346508 91.458252 6.726671  0.000075 -0.984829 -0.173530  0.600300 0.103000 1 1 1.000000
aluminium
0  26.463314 91.607346 5.866478  0.000103 -0.984819 -0.173587  0.600300 0.076600 1 1 1.000000
0  27.965866 91.722092 5.258576  -0.000006 -0.984934 -0.172931  0.300500 0.083200 1 1 1.000000
0  26.818882 91.527069 6.382603  0.000018 -0.984864 -0.173328  0.600300 0.089800 1 1 1.000000
aluminium
0  26.348625 91.722092 5.258575  0.000000 -0.984832 -0.173508  0.600300 0.063300 1 1 1.000000
0  27.965866 91.722092 5.258576  -0.000006 -0.984934 -0.172931  0.300500 0.070000 1 1 1.000000
0  26.463314 91.607346 5.866478  0.000103 -0.984819 -0.173587  0.600300 0.076600 1 1 1.000000
aluminium
0  26.463314 91.825272 4.650672  0.000009 -0.984800 -0.173692  0.600300 0.050100 1 1 1.000000
0  27.965866 91.722092 5.258576  -0.000006 -0.984934 -0.172931  0.300500 0.056700 1 1 1.000000
0  26.348625 91.722092 5.258575  0.000000 -0.984832 -0.173508  0.600300 0.063300 1 1 1.000000
aluminium
0  26.818882 91.917053 4.134548  -0.000002 -0.984890 -0.173179  0.600300 0.036900 1 1 1.000000
0  27.965866 91.722092 5.258576  -0.000006 -0.984934 -0.172931  0.300500 0.043500 1 1 1.000000
0  26.463314 91.825272 4.650672  0.000009 -0.984800 -0.173692  0.600300 0.050100 1 1 1.000000
aluminium
0  27.346508 91.974419 3.790435  0.000008 -0.984842 -0.173453  0.600300 0.023600 1 1 1.000000
0  27.965866 91.722092 5.258576  -0.000006 -0.984934 -0.172931  0.300500 0.030200 1 1 1.000000
0  26.818882 91.917053 4.134548  -0.000002 -0.984890 -0.173179  0.600300 0.036900 1 1 1.000000
aluminium
0  27.965866 91.997322 3.664290  0.000001 -0.984847 -0.173427  0.600300 0.010400 1 1 1.000000
0  27.965866 91.722092 5.258576  -0.000006 -0.984934 -0.172931  0.300500 0.017000 1 1 1.000000
0  27.346508 91.974419 3.790435  0.000008 -0.984842 -0.173453  0.600300 0.023600 1 1 1.000000
aluminium
0  -27.341213 91.974419 3.790426  0.000029 -0.984841 -0.173460  0.600300 0.208900 1 1 1.000000
0  -27.960571 91.722092 5.258566  0.000005 -0.984932 -0.172939  0.300500 0.215500 1 1 1.000000
0  -27.960571 91.997322 3.664281  0.000000 -0.984797 -0.173711  0.600300 0.222100 1 1 1.000000
aluminium
0  -26.813589 91.917053 4.134539  -0.000174 -0.984966 -0.172751  0.600300 0.195700 1 1 1.000000
0  -27.960571 91.722092 5.258566  0.000005 -0.984932 -0.172939  0.300500 0.202300 1 1 1.000000
0  -27.341213 91.974419 3.790426  0.000029 -0.984841 -0.173460  0.600300 0.208900 1 1 1.000000
aluminium
0  -26.469521 91.825272 4.650664  -0.000115 -0.984871 -0.173289  0.600300 0.182400 1 1 1.000000
0  -27.960571 91.722092 5.258566  0.000005 -0.984932 -0.172939  0.300500 0.189100 1 1 1.000000
0  -26.813589 91.917053 4.134539  -0.000174 -0.984966 -0.172751  0.600300 0.195700 1 1 1.000000
aluminium
0  -26.343332 91.722092 5.258567  0.000000 -0.984766 -0.173885  0.600300 0.169200 1 1 1.000000
0  -27.960571 91.722092 5.258566  0.000005 -0.984932 -0.172939  0.300500 0.175800 1 1 1.000000
0  -26.469521 91.825272 4.650664  -0.000115 -0.984871 -0.173289  0.600300 0.182400 1 1 1.000000
aluminium
0  -26.469521 91.607346 5.866470  0.000054 -0.984812 -0.173624  0.600300 0.156000 1 1 1.000000
0  -27.960571 91.722092 5.258566  0.000005 -0.984932 -0.172939  0.300500 0.162600 1 1 1.000000
0  -26.343332 91.722092 5.258567  0.000000 -0.984766 -0.173885  0.600300 0.169200 1 1 1.000000
aluminium
0  -26.813589 91.527069 6.382595  -0.000006 -0.984832 -0.173511  0.600300 0.142700 1 1 1.000000
0  -27.960571 91.722092 5.258566  0.000005 -0.984932 -0.172939  0.300500 0.149400 1 1 1.000000
0  -26.469521 91.607346 5.866470  0.000054 -0.984812 -0.173624  0.600300 0.156000 1 1 1.000000
aluminium
0  -27.341213 91.458252 6.726662  -0.000080 -0.984809 -0.173639  0.600300 0.129500 1 1 1.000000
0  -27.960571 91.722092 5.258566  0.000005 -0.984932 -0.172939  0.300500 0.136100 1 1 1.000000
0  -26.813589 91.527069 6.382595  -0.000006 -0.984832 -0.173511  0.600300 0.142700 1 1 1.000000
aluminium
0  -27.960571 91.435295 6.852851  -0.000002 -0.984724 -0.174120  0.600300 0.116300 1 1 1.000000
0  -27.960571 91.722092 5.258566  0.000005 -0.984932 -0.172939  0.300500 0.122900 1 1 1.000000
0  -27.341213 91.458252 6.726662  -0.000080 -0.984809 -0.173639  0.600300 0.129500 1 1 1.000000
aluminium
0  -28.579929 91.458252 6.726662  -0.000034 -0.984811 -0.173629  0.600300 0.103000 1 1 1.000000
0  -27.960571 91.722092 5.258566  0.000005 -0.984932 -0.172939  0.300500 0.109600 1 1 1.000000
0  -27.960571 91.435295 6.852851  -0.000002 -0.984724 -0.174120  0.600300 0.116300 1 1 1.000000
aluminium
0  -29.096100 91.527069 6.382594  -0.000010 -0.984731 -0.174084  0.600300 0.089800 1 1 1.000000
0  -27.960571 91.722092 5.258566  0.000005 -0.984932 -0.172939  0.300500 0.096400 1 1 1.000000
0  -28.579929 91.458252 6.726662  -0.000034 -0.984811 -0.173629  0.600300 0.103000 1 1 1.000000
aluminium
0  -29.451622 91.607346 5.866469  -0.000303 -0.984802 -0.173682  0.600300 0.076600 1 1 1.000000
0  -27.960571 91.722092 5.258566  0.000005 -0.984932 -0.172939  0.300500 0.083200 1 1 1.000000
0  -29.096100 91.527069 6.382594  -0.000010 -0.984731 -0.174084  0.600300 0.089800 1 1 1.000000
aluminium
0  -29.577814 91.722038 5.258566  0.000003 -0.984763 -0.173900  0.600300 0.063300 1 1 1.000000
0  -27.960571 91.722092 5.258566  0.000005 -0.984932 -0.172939  0.300500 0.070000 1 1 1.000000
0  -29.451622 91.607346 5.866469  -0.000303 -0.984802 -0.173682  0.600300 0.076600 1 1 1.000000
aluminium
0  -29.451622 91.825272 4.650663  0.000099 -0.984842 -0.173453  0.600300 0.050100 1 1 1.000000
0  -27.960571 91.722092 5.258566  0.000005 -0.984932 -0.172939  0.300500 0.056700 1 1 1.000000
0  -29.577814 91.722038 5.258566  0.000003 -0.984763 -0.173900  0.600300 0.063300 1 1 1.000000
aluminium
0  -29.096100 91.917053 4.134539  0.000006 -0.984813 -0.173616  0.600300 0.036900 1 1 1.000000
0  -27.960571 91.722092 5.258566  0.000005 -0.984932 -0.172939  0.300500 0.043500 1 1 1.000000
0  -29.451622 91.825272 4.650663  0.000099 -0.984842 -0.173453  0.600300 0.050100 1 1 1.000000
aluminium
0  -28.579929 91.974419 3.790426  0.000017 -0.984818 -0.173590  0.600300 0.023600 1 1 1.000000
0  -27.960571 91.722092 5.258566  0.000005 -0.984932 -0.172939  0.300500 0.030200 1 1 1.000000
0  -29.096100 91.917053 4.134539  0.000006 -0.984813 -0.173616  0.600300 0.036900 1 1 1.000000
aluminium
0  -27.960571 91.997322 3.664281  0.000000 -0.984797 -0.173711  0.600300 0.010400 1 1 1.000000
0  -27.960571 91.722092 5.258566  0.000005 -0.984932 -0.172939  0.300500 0.017000 1 1 1.000000
0  -28.579929 91.974419 3.790426  0.000017 -0.984818 -0.173590  0.600300 0.023600 1 1 1.000000
aluminium
0  27.162994 105.783951 5.763245  -0.376987 0.160740 -0.912164  0.858800 0.281700 1 1 1.000000
0  27.965866 105.657806 5.579733  0.000002 0.173403 -0.984851  0.858800 0.268500 1 1 1.000000
0  27.965866 100.462013 4.662128  0.000106 0.173655 -0.984807  0.727400 0.268500 1 1 1.000000
aluminium
0  27.162994 100.588158 4.845640  -0.377339 0.160770 -0.912013  0.727400 0.281700 1 1 1.000000
0  27.965866 100.462013 4.662128  0.000106 0.173655 -0.984807  0.727400 0.268500 1 1 1.000000
0  27.965866 94.153648 3.549556  0.000157 0.173454 -0.984842  0.668600 0.268500 1 1 1.000000
aluminium
0  27.162994 100.588158 4.845640  -0.377339 0.160770 -0.912013  0.727400 0.281700 1 1 1.000000
0  27.162994 105.783951 5.763245  -0.376987 0.160740 -0.912164  0.858800 0.281700 1 1 1.000000
0  27.965866 100.462013 4.662128  0.000106 0.173655 -0.984807  0.727400 0.268500 1 1 1.000000
aluminium
0  26.474815 106.139519 6.290824  -0.703189 0.123469 -0.700200  0.858800 0.294900 1 1 1.000000
0  27.162994 105.783951 5.763245  -0.376987 0.160740 -0.912164  0.858800 0.281700 1 1 1.000000
0  27.162994 100.588158 4.845640  -0.377339 0.160770 -0.912013  0.727400 0.281700 1 1 1.000000
aluminium
0  26.600960 102.446281 5.763245  0.657189 0.278494 0.700388  0.974400 0.294900 1 1 1.000000
0  27.965866 100.370232 6.784039  0.000234 0.984799 0.173698  0.981500 0.288300 1 1 1.000000
0  27.965866 102.549507 5.212709  0.000008 0.089495 0.995987  0.974400 0.268500 1 1 1.000000
aluminium
0  26.600960 102.446281 5.763245  0.657189 0.278494 0.700388  0.974400 0.294900 1 1 1.000000
0  27.965866 102.549507 5.212709  0.000008 0.089495 0.995987  0.974400 0.268500 1 1 1.000000
0  27.220318 105.956001 5.958211  0.356298 -0.162200 0.920186  0.880000 0.281700 1 1 1.000000
aluminium
0  27.220318 105.956001 5.958211  0.356298 -0.162200 0.920186  0.880000 0.281700 1 1 1.000000
0  27.965866 102.549507 5.212709  0.000008 0.089495 0.995987  0.974400 0.268500 1 1 1.000000
0  27.965866 105.841316 5.797657  -0.000005 -0.173595 0.984817  0.880000 0.268500 1 1 1.000000
aluminium
0  27.220318 105.956001 5.958211  0.356298 -0.162200 0.920186  0.880000 0.281700 1 1 1.000000
0  27.965866 105.841316 5.797657  -0.000005 -0.173595 0.984817  0.880000 0.268500 1 1 1.000000
0  27.965866 106.001869 5.820567  0.000049 0.447716 0.894176  0.874100 0.268500 1 1 1.000000
aluminium
0  27.220318 106.116562 5.992623  0.498813 0.420987 0.757598  0.874100 0.281700 1 1 1.000000
0  27.220318 105.956001 5.958211  0.356298 -0.162200 0.920186  0.880000 0.281700 1 1 1.000000
0  27.965866 106.001869 5.820567  0.000049 0.447716 0.894176  0.874100 0.268500 1 1 1.000000
aluminium
0  27.220318 106.116562 5.992623  0.498813 0.420987 0.757598  0.874100 0.281700 1 1 1.000000
0  27.965866 106.001869 5.820567  0.000049 0.447716 0.894176  0.874100 0.268500 1 1 1.000000
0  27.965866 106.036278 5.740289  0.000003 0.962427 -0.271539  0.869700 0.268500 1 1 1.000000
aluminium
0  27.185905 106.162476 5.912344  0.140603 0.936364 -0.321642  0.869700 0.281700 1 1 1.000000
0  27.220318 106.116562 5.992623  0.498813 0.420987 0.757598  0.874100 0.281700 1 1 1.000000
0  27.965866 106.036278 5.740289  0.000003 0.962427 -0.271539  0.869700 0.268500 1 1 1.000000
aluminium
0  27.185905 106.162476 5.912344  0.140603 0.936364 -0.321642  0.869700 0.281700 1 1 1.000000
0  27.965866 106.036278 5.740289  0.000003 0.962427 -0.271539  0.869700 0.268500 1 1 1.000000
0  27.965866 105.864227 5.614144  -0.000012 0.370569 -0.928805  0.865400 0.268500 1 1 1.000000
aluminium
0  27.162994 105.990417 5.797656  -0.290633 0.363474 -0.885110  0.865400 0.281700 1 1 1.000000
0  27.185905 106.162476 5.912344  0.140603 0.936364 -0.321642  0.869700 0.281700 1 1 1.000000
0  27.965866 105.864227 5.614144  -0.000012 0.370569 -0.928805  0.865400 0.268500 1 1 1.000000
aluminium
0  27.162994 105.990417 5.797656  -0.290633 0.363474 -0.885110  0.865400 0.281700 1 1 1.000000
0  27.965866 105.864227 5.614144  -0.000012 0.370569 -0.928805  0.865400 0.268500 1 1 1.000000
0  27.965866 105.657806 5.579733  0.000002 0.173403 -0.984851  0.858800 0.268500 1 1 1.000000
aluminium
0  27.162994 105.783951 5.763245  -0.376987 0.160740 -0.912164  0.858800 0.281700 1 1 1.000000
0  27.162994 105.990417 5.797656  -0.290633 0.363474 -0.885110  0.865400 0.281700 1 1 1.000000
0  27.965866 105.657806 5.579733  0.000002 0.173403 -0.984851  0.858800 0.268500 1 1 1.000000
aluminium
0  26.474815 106.345993 6.325235  -0.566296 0.354797 -0.743928  0.865400 0.294900 1 1 1.000000
0  27.162994 105.990417 5.797656  -0.290633 0.363474 -0.885110  0.865400 0.281700 1 1 1.000000
0  27.162994 105.783951 5.763245  -0.376987 0.160740 -0.912164  0.858800 0.281700 1 1 1.000000
aluminium
0  26.474815 106.139519 6.290824  -0.703189 0.123469 -0.700200  0.858800 0.294900 1 1 1.000000
0  26.474815 106.345993 6.325235  -0.566296 0.354797 -0.743928  0.865400 0.294900 1 1 1.000000
0  27.162994 105.783951 5.763245  -0.376987 0.160740 -0.912164  0.858800 0.281700 1 1 1.000000
aluminium
0  26.027464 106.873611 7.116650  -0.784013 0.340700 -0.518891  0.865400 0.308200 1 1 1.000000
0  26.474815 106.345993 6.325235  -0.566296 0.354797 -0.743928  0.865400 0.294900 1 1 1.000000
0  26.474815 106.139519 6.290824  -0.703189 0.123469 -0.700200  0.858800 0.294900 1 1 1.000000
aluminium
0  26.027464 106.873611 7.116650  -0.784013 0.340700 -0.518891  0.865400 0.308200 1 1 1.000000
0  26.107790 107.011215 7.174017  0.110967 0.841973 -0.527985  0.869700 0.308200 1 1 1.000000
0  26.474815 106.345993 6.325235  -0.566296 0.354797 -0.743928  0.865400 0.294900 1 1 1.000000
aluminium
0  25.947187 107.619118 8.057165  -0.000035 0.828611 -0.559825  0.869700 0.321400 1 1 1.000000
0  26.107790 107.011215 7.174017  0.110967 0.841973 -0.527985  0.869700 0.308200 1 1 1.000000
0  26.027464 106.873611 7.116650  -0.784013 0.340700 -0.518891  0.865400 0.308200 1 1 1.000000
aluminium
0  25.947187 107.619118 8.057165  -0.000035 0.828611 -0.559825  0.869700 0.321400 1 1 1.000000
0  26.038967 107.515884 8.045710  0.916977 0.326797 -0.228818  0.874100 0.321400 1 1 1.000000
0  26.107790 107.011215 7.174017  0.110967 0.841973 -0.527985  0.869700 0.308200 1 1 1.000000
aluminium
0  26.188066 108.089378 8.894492  0.787076 0.338620 -0.515605  0.874100 0.334600 1 1 1.000000
0  26.038967 107.515884 8.045710  0.916977 0.326797 -0.228818  0.874100 0.321400 1 1 1.000000
0  25.947187 107.619118 8.057165  -0.000035 0.828611 -0.559825  0.869700 0.321400 1 1 1.000000
aluminium
0  26.188066 107.928818 8.860081  0.935383 0.061392 -0.348265  0.880000 0.334600 1 1 1.000000
0  26.038967 107.355324 8.011298  1.000000 -0.000055 0.000052  0.880000 0.321400 1 1 1.000000
0  26.038967 107.515884 8.045710  0.916977 0.326797 -0.228818  0.874100 0.321400 1 1 1.000000
aluminium
0  26.038967 107.515884 8.045710  0.916977 0.326797 -0.228818  0.874100 0.321400 1 1 1.000000
0  26.038967 107.355324 8.011298  1.000000 -0.000055 0.000052  0.880000 0.321400 1 1 1.000000
0  26.188066 106.930939 7.185473  0.937220 0.334424 0.098885  0.874100 0.308200 1 1 1.000000
aluminium
0  26.038967 107.515884 8.045710  0.916977 0.326797 -0.228818  0.874100 0.321400 1 1 1.000000
0  26.188066 106.930939 7.185473  0.937220 0.334424 0.098885  0.874100 0.308200 1 1 1.000000
0  26.107790 107.011215 7.174017  0.110967 0.841973 -0.527985  0.869700 0.308200 1 1 1.000000
aluminium
0  26.107790 107.011215 7.174017  0.110967 0.841973 -0.527985  0.869700 0.308200 1 1 1.000000
0  26.188066 106.930939 7.185473  0.937220 0.334424 0.098885  0.874100 0.308200 1 1 1.000000
0  26.543640 106.495087 6.417014  0.181711 0.879974 -0.438892  0.869700 0.294900 1 1 1.000000
aluminium
0  26.107790 107.011215 7.174017  0.110967 0.841973 -0.527985  0.869700 0.308200 1 1 1.000000
0  26.543640 106.495087 6.417014  0.181711 0.879974 -0.438892  0.869700 0.294900 1 1 1.000000
0  26.474815 106.345993 6.325235  -0.566296 0.354797 -0.743928  0.865400 0.294900 1 1 1.000000
aluminium
0  26.474815 106.345993 6.325235  -0.566296 0.354797 -0.743928  0.865400 0.294900 1 1 1.000000
0  26.543640 106.495087 6.417014  0.181711 0.879974 -0.438892  0.869700 0.294900 1 1 1.000000
0  27.162994 105.990417 5.797656  -0.290633 0.363474 -0.885110  0.865400 0.281700 1 1 1.000000
aluminium
0  26.543640 106.495087 6.417014  0.181711 0.879974 -0.438892  0.869700 0.294900 1 1 1.000000
0  27.185905 106.162476 5.912344  0.140603 0.936364 -0.321642  0.869700 0.281700 1 1 1.000000
0  27.162994 105.990417 5.797656  -0.290633 0.363474 -0.885110  0.865400 0.281700 1 1 1.000000
aluminium
0  26.543640 106.495087 6.417014  0.181711 0.879974 -0.438892  0.869700 0.294900 1 1 1.000000
0  26.600960 106.437721 6.474381  0.813084 0.369281 0.450029  0.874100 0.294900 1 1 1.000000
0  27.185905 106.162476 5.912344  0.140603 0.936364 -0.321642  0.869700 0.281700 1 1 1.000000
aluminium
0  26.600960 106.437721 6.474381  0.813084 0.369281 0.450029  0.874100 0.294900 1 1 1.000000
0  27.220318 106.116562 5.992623  0.498813 0.420987 0.757598  0.874100 0.281700 1 1 1.000000
0  27.185905 106.162476 5.912344  0.140603 0.936364 -0.321642  0.869700 0.281700 1 1 1.000000
aluminium
0  26.600960 106.437721 6.474381  0.813084 0.369281 0.450029  0.874100 0.294900 1 1 1.000000
0  26.600960 106.277161 6.439970  0.711135 -0.114302 0.693702  0.880000 0.294900 1 1 1.000000
0  27.220318 106.116562 5.992623  0.498813 0.420987 0.757598  0.874100 0.281700 1 1 1.000000
aluminium
0  26.600960 106.277161 6.439970  0.711135 -0.114302 0.693702  0.880000 0.294900 1 1 1.000000
0  27.220318 105.956001 5.958211  0.356298 -0.162200 0.920186  0.880000 0.281700 1 1 1.000000
0  27.220318 106.116562 5.992623  0.498813 0.420987 0.757598  0.874100 0.281700 1 1 1.000000
aluminium
0  26.600960 106.277161 6.439970  0.711135 -0.114302 0.693702  0.880000 0.294900 1 1 1.000000
0  26.600960 102.446281 5.763245  0.657189 0.278494 0.700388  0.974400 0.294900 1 1 1.000000
0  27.220318 105.956001 5.958211  0.356298 -0.162200 0.920186  0.880000 0.281700 1 1 1.000000
aluminium
0  26.038967 102.216850 7.105195  0.965837 0.255213 0.045004  0.974400 0.321400 1 1 1.000000
0  26.600960 102.446281 5.763245  0.657189 0.278494 0.700388  0.974400 0.294900 1 1 1.000000
0  26.600960 106.277161 6.439970  0.711135 -0.114302 0.693702  0.880000 0.294900 1 1 1.000000
aluminium
0  26.038967 102.216850 7.105195  0.965837 0.255213 0.045004  0.974400 0.321400 1 1 1.000000
0  27.965866 100.370232 6.784039  0.000234 0.984799 0.173698  0.981500 0.301500 1 1 1.000000
0  26.600960 102.446281 5.763245  0.657189 0.278494 0.700388  0.974400 0.294900 1 1 1.000000
aluminium
0  26.188066 106.930939 7.185473  0.937220 0.334424 0.098885  0.874100 0.308200 1 1 1.000000
0  26.600960 106.437721 6.474381  0.813084 0.369281 0.450029  0.874100 0.294900 1 1 1.000000
0  26.543640 106.495087 6.417014  0.181711 0.879974 -0.438892  0.869700 0.294900 1 1 1.000000
aluminium
0  26.188066 106.930939 7.185473  0.937220 0.334424 0.098885  0.874100 0.308200 1 1 1.000000
0  26.188066 106.770332 7.162562  0.937903 -0.060314 0.341614  0.880000 0.308200 1 1 1.000000
0  26.600960 106.437721 6.474381  0.813084 0.369281 0.450029  0.874100 0.294900 1 1 1.000000
aluminium
0  26.188066 106.770332 7.162562  0.937903 -0.060314 0.341614  0.880000 0.308200 1 1 1.000000
0  26.600960 106.277161 6.439970  0.711135 -0.114302 0.693702  0.880000 0.294900 1 1 1.000000
0  26.600960 106.437721 6.474381  0.813084 0.369281 0.450029  0.874100 0.294900 1 1 1.000000
aluminium
0  26.188066 106.770332 7.162562  0.937903 -0.060314 0.341614  0.880000 0.308200 1 1 1.000000
0  26.038967 102.216850 7.105195  0.965837 0.255213 0.045004  0.974400 0.321400 1 1 1.000000
0  26.600960 106.277161 6.439970  0.711135 -0.114302 0.693702  0.880000 0.294900 1 1 1.000000
aluminium
0  26.038967 107.355324 8.011298  1.000000 -0.000055 0.000052  0.880000 0.321400 1 1 1.000000
0  26.038967 102.216850 7.105195  0.965837 0.255213 0.045004  0.974400 0.321400 1 1 1.000000
0  26.188066 106.770332 7.162562  0.937903 -0.060314 0.341614  0.880000 0.308200 1 1 1.000000
aluminium
0  26.188066 107.928818 8.860081  0.935383 0.061392 -0.348265  0.880000 0.334600 1 1 1.000000
0  26.038967 102.216850 7.105195  0.965837 0.255213 0.045004  0.974400 0.321400 1 1 1.000000
0  26.038967 107.355324 8.011298  1.000000 -0.000055 0.000052  0.880000 0.321400 1 1 1.000000
aluminium
0  26.600960 101.976028 8.447146  0.650520 0.498959 -0.572594  0.974400 0.347900 1 1 1.000000
0  26.038967 102.216850 7.105195  0.965837 0.255213 0.045004  0.974400 0.321400 1 1 1.000000
0  26.188066 107.928818 8.860081  0.935383 0.061392 -0.348265  0.880000 0.334600 1 1 1.000000
aluminium
0  26.600960 101.976028 8.447146  0.650520 0.498959 -0.572594  0.974400 0.347900 1 1 1.000000
0  27.965866 100.370232 6.784039  0.000234 0.984799 0.173698  0.981500 0.341300 1 1 1.000000
0  26.038967 102.216850 7.105195  0.965837 0.255213 0.045004  0.974400 0.321400 1 1 1.000000
aluminium
0  26.038967 107.355324 8.011298  1.000000 -0.000055 0.000052  0.880000 0.321400 1 1 1.000000
0  26.188066 106.770332 7.162562  0.937903 -0.060314 0.341614  0.880000 0.308200 1 1 1.000000
0  26.188066 106.930939 7.185473  0.937220 0.334424 0.098885  0.874100 0.308200 1 1 1.000000
aluminium
0  26.188066 108.089378 8.894492  0.787076 0.338620 -0.515605  0.874100 0.334600 1 1 1.000000
0  26.188066 107.928818 8.860081  0.935383 0.061392 -0.348265  0.880000 0.334600 1 1 1.000000
0  26.038967 107.515884 8.045710  0.916977 0.326797 -0.228818  0.874100 0.321400 1 1 1.000000
aluminium
0  26.600956 108.421989 9.582674  0.707181 0.122759 -0.696294  0.880000 0.347900 1 1 1.000000
0  26.188066 107.928818 8.860081  0.935383 0.061392 -0.348265  0.880000 0.334600 1 1 1.000000
0  26.188066 108.089378 8.894492  0.787076 0.338620 -0.515605  0.874100 0.334600 1 1 1.000000
aluminium
0  26.600956 108.421989 9.582674  0.707181 0.122759 -0.696294  0.880000 0.347900 1 1 1.000000
0  26.600960 101.976028 8.447146  0.650520 0.498959 -0.572594  0.974400 0.347900 1 1 1.000000
0  26.188066 107.928818 8.860081  0.935383 0.061392 -0.348265  0.880000 0.334600 1 1 1.000000
aluminium
0  27.965866 101.872787 8.997682  0.000004 0.422898 -0.906177  0.974400 0.374400 1 1 1.000000
0  26.600960 101.976028 8.447146  0.650520 0.498959 -0.572594  0.974400 0.347900 1 1 1.000000
0  26.600956 108.421989 9.582674  0.707181 0.122759 -0.696294  0.880000 0.347900 1 1 1.000000
aluminium
0  27.965866 101.872787 8.997682  0.000004 0.422898 -0.906177  0.974400 0.374400 1 1 1.000000
0  27.965866 100.370232 6.784039  0.000234 0.984799 0.173698  0.981500 0.354500 1 1 1.000000
0  26.600960 101.976028 8.447146  0.650520 0.498959 -0.572594  0.974400 0.347900 1 1 1.000000
aluminium
0  27.162994 94.130699 3.710157  -0.376686 0.160822 -0.912274  0.668600 0.281700 1 1 1.000000
0  27.162994 100.588158 4.845640  -0.377339 0.160770 -0.912013  0.727400 0.281700 1 1 1.000000
0  27.965866 94.153648 3.549556  0.000157 0.173454 -0.984842  0.668600 0.268500 1 1 1.000000
aluminium
0  26.474815 100.943726 5.373264  -0.703135 0.123508 -0.700248  0.727400 0.294900 1 1 1.000000
0  27.162994 100.588158 4.845640  -0.377339 0.160770 -0.912013  0.727400 0.281700 1 1 1.000000
0  27.162994 94.130699 3.710157  -0.376686 0.160822 -0.912274  0.668600 0.281700 1 1 1.000000
aluminium
0  26.474815 100.943726 5.373264  -0.703135 0.123508 -0.700248  0.727400 0.294900 1 1 1.000000
0  26.474815 106.139519 6.290824  -0.703189 0.123469 -0.700200  0.858800 0.294900 1 1 1.000000
0  27.162994 100.588158 4.845640  -0.377339 0.160770 -0.912013  0.727400 0.281700 1 1 1.000000
aluminium
0  26.027464 106.678604 7.082239  -0.922423 0.067072 -0.380312  0.858800 0.308200 1 1 1.000000
0  26.474815 106.139519 6.290824  -0.703189 0.123469 -0.700200  0.858800 0.294900 1 1 1.000000
0  26.474815 100.943726 5.373264  -0.703135 0.123508 -0.700248  0.727400 0.294900 1 1 1.000000
aluminium
0  26.027464 106.678604 7.082239  -0.922423 0.067072 -0.380312  0.858800 0.308200 1 1 1.000000
0  26.027464 106.873611 7.116650  -0.784013 0.340700 -0.518891  0.865400 0.308200 1 1 1.000000
0  26.474815 106.139519 6.290824  -0.703189 0.123469 -0.700200  0.858800 0.294900 1 1 1.000000
aluminium
0  25.866911 107.515884 8.045710  -0.915705 0.329177 -0.230494  0.865400 0.321400 1 1 1.000000
0  26.027464 106.873611 7.116650  -0.784013 0.340700 -0.518891  0.865400 0.308200 1 1 1.000000
0  26.027464 106.678604 7.082239  -0.922423 0.067072 -0.380312  0.858800 0.308200 1 1 1.000000
aluminium
0  25.866911 107.515884 8.045710  -0.915705 0.329177 -0.230494  0.865400 0.321400 1 1 1.000000
0  25.947187 107.619118 8.057165  -0.000035 0.828611 -0.559825  0.869700 0.321400 1 1 1.000000
0  26.027464 106.873611 7.116650  -0.784013 0.340700 -0.518891  0.865400 0.308200 1 1 1.000000
aluminium
0  26.107790 108.227020 8.951814  -0.103179 0.842678 -0.528439  0.869700 0.334600 1 1 1.000000
0  25.947187 107.619118 8.057165  -0.000035 0.828611 -0.559825  0.869700 0.321400 1 1 1.000000
0  25.866911 107.515884 8.045710  -0.915705 0.329177 -0.230494  0.865400 0.321400 1 1 1.000000
aluminium
0  26.107790 108.227020 8.951814  -0.103179 0.842678 -0.528439  0.869700 0.334600 1 1 1.000000
0  26.188066 108.089378 8.894492  0.787076 0.338620 -0.515605  0.874100 0.334600 1 1 1.000000
0  25.947187 107.619118 8.057165  -0.000035 0.828611 -0.559825  0.869700 0.321400 1 1 1.000000
aluminium
0  26.600956 108.582588 9.605584  0.571492 0.353218 -0.740698  0.874100 0.347900 1 1 1.000000
0  26.188066 108.089378 8.894492  0.787076 0.338620 -0.515605  0.874100 0.334600 1 1 1.000000
0  26.107790 108.227020 8.951814  -0.103179 0.842678 -0.528439  0.869700 0.334600 1 1 1.000000
aluminium
0  26.600956 108.582588 9.605584  0.571492 0.353218 -0.740698  0.874100 0.347900 1 1 1.000000
0  26.600956 108.421989 9.582674  0.707181 0.122759 -0.696294  0.880000 0.347900 1 1 1.000000
0  26.188066 108.089378 8.894492  0.787076 0.338620 -0.515605  0.874100 0.334600 1 1 1.000000
aluminium
0  27.220314 108.743141 10.064387  0.353658 0.162381 -0.921172  0.880000 0.361100 1 1 1.000000
0  26.600956 108.421989 9.582674  0.707181 0.122759 -0.696294  0.880000 0.347900 1 1 1.000000
0  26.600956 108.582588 9.605584  0.571492 0.353218 -0.740698  0.874100 0.347900 1 1 1.000000
aluminium
0  27.220314 108.743141 10.064387  0.353658 0.162381 -0.921172  0.880000 0.361100 1 1 1.000000
0  27.965866 101.872787 8.997682  0.000004 0.422898 -0.906177  0.974400 0.374400 1 1 1.000000
0  26.600956 108.421989 9.582674  0.707181 0.122759 -0.696294  0.880000 0.347900 1 1 1.000000
aluminium
0  27.965862 108.869331 10.236444  0.000012 0.173647 -0.984808  0.880000 0.374400 1 1 1.000000
0  27.965866 101.872787 8.997682  0.000004 0.422898 -0.906177  0.974400 0.374400 1 1 1.000000
0  27.220314 108.743141 10.064387  0.353658 0.162381 -0.921172  0.880000 0.361100 1 1 1.000000
aluminium
0  28.699909 108.743141 10.064387  -0.346771 0.162891 -0.923697  0.880000 0.387600 1 1 1.000000
0  27.965866 101.872787 8.997682  0.000004 0.422898 -0.906177  0.974400 0.374400 1 1 1.000000
0  27.965862 108.869331 10.236444  0.000012 0.173647 -0.984808  0.880000 0.374400 1 1 1.000000
aluminium
0  28.699909 108.743141 10.064387  -0.346771 0.162891 -0.923697  0.880000 0.387600 1 1 1.000000
0  27.965862 108.869331 10.236444  0.000012 0.173647 -0.984808  0.880000 0.374400 1 1 1.000000
0  27.965862 109.029892 10.259354  0.000006 0.370628 -0.928781  0.874100 0.374400 1 1 1.000000
aluminium
0  28.699909 108.915199 10.087342  -0.290592 0.363500 -0.885112  0.874100 0.387600 1 1 1.000000
0  28.699909 108.743141 10.064387  -0.346771 0.162891 -0.923697  0.880000 0.387600 1 1 1.000000
0  27.965862 109.029892 10.259354  0.000006 0.370628 -0.928781  0.874100 0.374400 1 1 1.000000
aluminium
0  28.699909 108.915199 10.087342  -0.290592 0.363500 -0.885112  0.874100 0.387600 1 1 1.000000
0  27.965862 109.029892 10.259354  0.000006 0.370628 -0.928781  0.874100 0.374400 1 1 1.000000
0  27.965862 109.201942 10.385544  0.000012 0.962470 -0.271387  0.869700 0.374400 1 1 1.000000
aluminium
0  25.866911 107.309410 8.011298  -1.000000 0.000002 -0.000030  0.858800 0.321400 1 1 1.000000
0  25.866911 107.515884 8.045710  -0.915705 0.329177 -0.230494  0.865400 0.321400 1 1 1.000000
0  26.027464 106.678604 7.082239  -0.922423 0.067072 -0.380312  0.858800 0.308200 1 1 1.000000
aluminium
0  25.866911 107.309410 8.011298  -1.000000 0.000002 -0.000030  0.858800 0.321400 1 1 1.000000
0  26.027464 106.678604 7.082239  -0.922423 0.067072 -0.380312  0.858800 0.308200 1 1 1.000000
0  26.027464 101.482811 6.164680  -0.922409 0.067090 -0.380343  0.727400 0.308200 1 1 1.000000
aluminium
0  26.027464 101.482811 6.164680  -0.922409 0.067090 -0.380343  0.727400 0.308200 1 1 1.000000
0  26.027464 106.678604 7.082239  -0.922423 0.067072 -0.380312  0.858800 0.308200 1 1 1.000000
0  26.474815 100.943726 5.373264  -0.703135 0.123508 -0.700248  0.727400 0.294900 1 1 1.000000
aluminium
0  26.027464 101.482811 6.164680  -0.922409 0.067090 -0.380343  0.727400 0.308200 1 1 1.000000
0  26.474815 100.943726 5.373264  -0.703135 0.123508 -0.700248  0.727400 0.294900 1 1 1.000000
0  26.474815 94.050423 4.157459  -0.703192 0.123499 -0.700192  0.668600 0.294900 1 1 1.000000
aluminium
0  26.474815 94.050423 4.157459  -0.703192 0.123499 -0.700192  0.668600 0.294900 1 1 1.000000
0  26.474815 100.943726 5.373264  -0.703135 0.123508 -0.700248  0.727400 0.294900 1 1 1.000000
0  27.162994 94.130699 3.710157  -0.376686 0.160822 -0.912274  0.668600 0.281700 1 1 1.000000
aluminium
0  26.027466 93.935730 4.834184  -0.922410 0.067090 -0.380340  0.668600 0.308200 1 1 1.000000
0  26.027464 101.482811 6.164680  -0.922409 0.067090 -0.380343  0.727400 0.308200 1 1 1.000000
0  26.474815 94.050423 4.157459  -0.703192 0.123499 -0.700192  0.668600 0.294900 1 1 1.000000
aluminium
0  25.866913 93.798088 5.625599  -1.000000 0.000047 0.000407  0.668600 0.321400 1 1 1.000000
0  25.866911 102.113617 7.093740  -0.999999 -0.000241 0.001341  0.727400 0.321400 1 1 1.000000
0  26.027466 93.935730 4.834184  -0.922410 0.067090 -0.380340  0.668600 0.308200 1 1 1.000000
aluminium
0  25.866911 102.113617 7.093740  -0.999999 -0.000241 0.001341  0.727400 0.321400 1 1 1.000000
0  26.027464 101.482811 6.164680  -0.922409 0.067090 -0.380343  0.727400 0.308200 1 1 1.000000
0  26.027466 93.935730 4.834184  -0.922410 0.067090 -0.380340  0.668600 0.308200 1 1 1.000000
aluminium
0  25.866911 102.113617 7.093740  -0.999999 -0.000241 0.001341  0.727400 0.321400 1 1 1.000000
0  25.866911 107.309410 8.011298  -1.000000 0.000002 -0.000030  0.858800 0.321400 1 1 1.000000
0  26.027464 101.482811 6.164680  -0.922409 0.067090 -0.380343  0.727400 0.308200 1 1 1.000000
aluminium
0  26.027466 93.648979 6.417014  -0.925052 -0.065939 0.374074  0.668600 0.334600 1 1 1.000000
0  26.027464 102.744476 8.011298  -0.925469 -0.065626 0.373095  0.727400 0.334600 1 1 1.000000
0  25.866913 93.798088 5.625599  -1.000000 0.000047 0.000407  0.668600 0.321400 1 1 1.000000
aluminium
0  26.027464 102.744476 8.011298  -0.925469 -0.065626 0.373095  0.727400 0.334600 1 1 1.000000
0  25.866911 102.113617 7.093740  -0.999999 -0.000241 0.001341  0.727400 0.321400 1 1 1.000000
0  25.866913 93.798088 5.625599  -1.000000 0.000047 0.000407  0.668600 0.321400 1 1 1.000000
aluminium
0  26.027464 102.744476 8.011298  -0.925469 -0.065626 0.373095  0.727400 0.334600 1 1 1.000000
0  26.027464 107.940269 8.928904  -0.925312 -0.065502 0.373507  0.858800 0.334600 1 1 1.000000
0  25.866911 102.113617 7.093740  -0.999999 -0.000241 0.001341  0.727400 0.321400 1 1 1.000000
aluminium
0  26.027464 107.940269 8.928904  -0.925312 -0.065502 0.373507  0.858800 0.334600 1 1 1.000000
0  25.866911 107.309410 8.011298  -1.000000 0.000002 -0.000030  0.858800 0.321400 1 1 1.000000
0  25.866911 102.113617 7.093740  -0.999999 -0.000241 0.001341  0.727400 0.321400 1 1 1.000000
aluminium
0  26.027464 107.940269 8.928904  -0.925312 -0.065502 0.373507  0.858800 0.334600 1 1 1.000000
0  26.027464 108.146744 8.963315  -0.936200 0.337037 0.099673  0.865400 0.334600 1 1 1.000000
0  25.866911 107.309410 8.011298  -1.000000 0.000002 -0.000030  0.858800 0.321400 1 1 1.000000
aluminium
0  26.474812 108.674324 9.754684  -0.810373 0.371905 0.452749  0.865400 0.347900 1 1 1.000000
0  26.543636 108.743141 9.697363  -0.174076 0.881217 -0.439492  0.869700 0.347900 1 1 1.000000
0  26.027464 108.146744 8.963315  -0.936200 0.337037 0.099673  0.865400 0.334600 1 1 1.000000
aluminium
0  26.474812 108.674324 9.754684  -0.810373 0.371905 0.452749  0.865400 0.347900 1 1 1.000000
0  26.027464 108.146744 8.963315  -0.936200 0.337037 0.099673  0.865400 0.334600 1 1 1.000000
0  26.027464 107.940269 8.928904  -0.925312 -0.065502 0.373507  0.858800 0.334600 1 1 1.000000
aluminium
0  26.474812 108.479355 9.720318  -0.707486 -0.122701 0.695994  0.858800 0.347900 1 1 1.000000
0  26.474812 108.674324 9.754684  -0.810373 0.371905 0.452749  0.865400 0.347900 1 1 1.000000
0  26.027464 107.940269 8.928904  -0.925312 -0.065502 0.373507  0.858800 0.334600 1 1 1.000000
aluminium
0  26.474812 108.479355 9.720318  -0.707486 -0.122701 0.695994  0.858800 0.347900 1 1 1.000000
0  26.027464 107.940269 8.928904  -0.925312 -0.065502 0.373507  0.858800 0.334600 1 1 1.000000
0  26.027464 102.744476 8.011298  -0.925469 -0.065626 0.373095  0.727400 0.334600 1 1 1.000000
aluminium
0  26.474815 103.283562 8.802713  -0.707128 -0.122807 0.696339  0.727400 0.347900 1 1 1.000000
0  26.474812 108.479355 9.720318  -0.707486 -0.122701 0.695994  0.858800 0.347900 1 1 1.000000
0  26.027464 102.744476 8.011298  -0.925469 -0.065626 0.373095  0.727400 0.334600 1 1 1.000000
aluminium
0  26.474815 103.283562 8.802713  -0.707128 -0.122807 0.696339  0.727400 0.347900 1 1 1.000000
0  26.027464 102.744476 8.011298  -0.925469 -0.065626 0.373095  0.727400 0.334600 1 1 1.000000
0  26.027466 93.648979 6.417014  -0.925052 -0.065939 0.374074  0.668600 0.334600 1 1 1.000000
aluminium
0  26.474815 93.534294 7.082239  -0.706683 -0.123087 0.696742  0.668600 0.347900 1 1 1.000000
0  26.474815 103.283562 8.802713  -0.707128 -0.122807 0.696339  0.727400 0.347900 1 1 1.000000
0  26.027466 93.648979 6.417014  -0.925052 -0.065939 0.374074  0.668600 0.334600 1 1 1.000000
aluminium
0  27.162994 93.453972 7.529586  -0.380133 -0.160714 0.910862  0.668600 0.361100 1 1 1.000000
0  27.162994 103.639130 9.330339  -0.380705 -0.160784 0.910611  0.727400 0.361100 1 1 1.000000
0  26.474815 93.534294 7.082239  -0.706683 -0.123087 0.696742  0.668600 0.347900 1 1 1.000000
aluminium
0  27.162994 103.639130 9.330339  -0.380705 -0.160784 0.910611  0.727400 0.361100 1 1 1.000000
0  26.474815 103.283562 8.802713  -0.707128 -0.122807 0.696339  0.727400 0.347900 1 1 1.000000
0  26.474815 93.534294 7.082239  -0.706683 -0.123087 0.696742  0.668600 0.347900 1 1 1.000000
aluminium
0  27.162994 103.639130 9.330339  -0.380705 -0.160784 0.910611  0.727400 0.361100 1 1 1.000000
0  27.162991 108.834923 10.247899  -0.379618 -0.160662 0.911086  0.858800 0.361100 1 1 1.000000
0  26.474815 103.283562 8.802713  -0.707128 -0.122807 0.696339  0.727400 0.347900 1 1 1.000000
aluminium
0  27.162991 108.834923 10.247899  -0.379618 -0.160662 0.911086  0.858800 0.361100 1 1 1.000000
0  26.474812 108.479355 9.720318  -0.707486 -0.122701 0.695994  0.858800 0.347900 1 1 1.000000
0  26.474815 103.283562 8.802713  -0.707128 -0.122807 0.696339  0.727400 0.347900 1 1 1.000000
aluminium
0  27.162991 108.834923 10.247899  -0.379618 -0.160662 0.911086  0.858800 0.361100 1 1 1.000000
0  27.162991 109.041344 10.282310  -0.492797 0.422591 0.760637  0.865400 0.361100 1 1 1.000000
0  26.474812 108.479355 9.720318  -0.707486 -0.122701 0.695994  0.858800 0.347900 1 1 1.000000
aluminium
0  27.162991 109.041344 10.282310  -0.492797 0.422591 0.760637  0.865400 0.361100 1 1 1.000000
0  26.474812 108.674324 9.754684  -0.810373 0.371905 0.452749  0.865400 0.347900 1 1 1.000000
0  26.474812 108.479355 9.720318  -0.707486 -0.122701 0.695994  0.858800 0.347900 1 1 1.000000
aluminium
0  27.162991 109.041344 10.282310  -0.492797 0.422591 0.760637  0.865400 0.361100 1 1 1.000000
0  27.185902 109.087257 10.202032  -0.133910 0.936958 -0.322767  0.869700 0.361100 1 1 1.000000
0  26.474812 108.674324 9.754684  -0.810373 0.371905 0.452749  0.865400 0.347900 1 1 1.000000
aluminium
0  27.185902 109.087257 10.202032  -0.133910 0.936958 -0.322767  0.869700 0.361100 1 1 1.000000
0  26.543636 108.743141 9.697363  -0.174076 0.881217 -0.439492  0.869700 0.347900 1 1 1.000000
0  26.474812 108.674324 9.754684  -0.810373 0.371905 0.452749  0.865400 0.347900 1 1 1.000000
aluminium
0  27.185902 109.087257 10.202032  -0.133910 0.936958 -0.322767  0.869700 0.361100 1 1 1.000000
0  27.220314 108.915199 10.087342  0.297772 0.362563 -0.883108  0.874100 0.361100 1 1 1.000000
0  26.543636 108.743141 9.697363  -0.174076 0.881217 -0.439492  0.869700 0.347900 1 1 1.000000
aluminium
0  27.965866 93.431053 7.690143  -0.000099 -0.173936 0.984757  0.668600 0.374400 1 1 1.000000
0  27.965866 103.765274 9.513851  -0.000037 -0.173919 0.984760  0.727400 0.374400 1 1 1.000000
0  27.162994 93.453972 7.529586  -0.380133 -0.160714 0.910862  0.668600 0.361100 1 1 1.000000
aluminium
0  27.965866 103.765274 9.513851  -0.000037 -0.173919 0.984760  0.727400 0.374400 1 1 1.000000
0  27.162994 103.639130 9.330339  -0.380705 -0.160784 0.910611  0.727400 0.361100 1 1 1.000000
0  27.162994 93.453972 7.529586  -0.380133 -0.160714 0.910862  0.668600 0.361100 1 1 1.000000
aluminium
0  27.965866 103.765274 9.513851  -0.000037 -0.173919 0.984760  0.727400 0.374400 1 1 1.000000
0  27.965862 108.961060 10.431411  -0.000005 -0.173627 0.984811  0.858800 0.374400 1 1 1.000000
0  27.162994 103.639130 9.330339  -0.380705 -0.160784 0.910611  0.727400 0.361100 1 1 1.000000
aluminium
0  27.965862 108.961060 10.431411  -0.000005 -0.173627 0.984811  0.858800 0.374400 1 1 1.000000
0  27.162991 108.834923 10.247899  -0.379618 -0.160662 0.911086  0.858800 0.361100 1 1 1.000000
0  27.162994 103.639130 9.330339  -0.380705 -0.160784 0.910611  0.727400 0.361100 1 1 1.000000
aluminium
0  27.965862 108.961060 10.431411  -0.000005 -0.173627 0.984811  0.858800 0.374400 1 1 1.000000
0  27.965862 109.167534 10.465822  -0.000013 0.447641 0.894213  0.865400 0.374400 1 1 1.000000
0  27.162991 108.834923 10.247899  -0.379618 -0.160662 0.911086  0.858800 0.361100 1 1 1.000000
aluminium
0  27.965862 109.167534 10.465822  -0.000013 0.447641 0.894213  0.865400 0.374400 1 1 1.000000
0  27.162991 109.041344 10.282310  -0.492797 0.422591 0.760637  0.865400 0.361100 1 1 1.000000
0  27.162991 108.834923 10.247899  -0.379618 -0.160662 0.911086  0.858800 0.361100 1 1 1.000000
aluminium
0  27.965862 109.167534 10.465822  -0.000013 0.447641 0.894213  0.865400 0.374400 1 1 1.000000
0  27.965862 109.201942 10.385544  0.000012 0.962470 -0.271387  0.869700 0.374400 1 1 1.000000
0  27.162991 109.041344 10.282310  -0.492797 0.422591 0.760637  0.865400 0.361100 1 1 1.000000
aluminium
0  27.965862 109.201942 10.385544  0.000012 0.962470 -0.271387  0.869700 0.374400 1 1 1.000000
0  27.185902 109.087257 10.202032  -0.133910 0.936958 -0.322767  0.869700 0.361100 1 1 1.000000
0  27.162991 109.041344 10.282310  -0.492797 0.422591 0.760637  0.865400 0.361100 1 1 1.000000
aluminium
0  27.965862 109.201942 10.385544  0.000012 0.962470 -0.271387  0.869700 0.374400 1 1 1.000000
0  27.965862 109.029892 10.259354  0.000006 0.370628 -0.928781  0.874100 0.374400 1 1 1.000000
0  27.185902 109.087257 10.202032  -0.133910 0.936958 -0.322767  0.869700 0.361100 1 1 1.000000
aluminium
0  27.965862 109.029892 10.259354  0.000006 0.370628 -0.928781  0.874100 0.374400 1 1 1.000000
0  27.220314 108.915199 10.087342  0.297772 0.362563 -0.883108  0.874100 0.361100 1 1 1.000000
0  27.185902 109.087257 10.202032  -0.133910 0.936958 -0.322767  0.869700 0.361100 1 1 1.000000
aluminium
0  27.965862 109.029892 10.259354  0.000006 0.370628 -0.928781  0.874100 0.374400 1 1 1.000000
0  27.965862 108.869331 10.236444  0.000012 0.173647 -0.984808  0.880000 0.374400 1 1 1.000000
0  27.220314 108.915199 10.087342  0.297772 0.362563 -0.883108  0.874100 0.361100 1 1 1.000000
aluminium
0  27.965862 108.869331 10.236444  0.000012 0.173647 -0.984808  0.880000 0.374400 1 1 1.000000
0  27.220314 108.743141 10.064387  0.353658 0.162381 -0.921172  0.880000 0.361100 1 1 1.000000
0  27.220314 108.915199 10.087342  0.297772 0.362563 -0.883108  0.874100 0.361100 1 1 1.000000
aluminium
0  27.220314 108.915199 10.087342  0.297772 0.362563 -0.883108  0.874100 0.361100 1 1 1.000000
0  27.220314 108.743141 10.064387  0.353658 0.162381 -0.921172  0.880000 0.361100 1 1 1.000000
0  26.600956 108.582588 9.605584  0.571492 0.353218 -0.740698  0.874100 0.347900 1 1 1.000000
aluminium
0  27.220314 108.915199 10.087342  0.297772 0.362563 -0.883108  0.874100 0.361100 1 1 1.000000
0  26.600956 108.582588 9.605584  0.571492 0.353218 -0.740698  0.874100 0.347900 1 1 1.000000
0  26.543636 108.743141 9.697363  -0.174076 0.881217 -0.439492  0.869700 0.347900 1 1 1.000000
aluminium
0  26.543636 108.743141 9.697363  -0.174076 0.881217 -0.439492  0.869700 0.347900 1 1 1.000000
0  26.600956 108.582588 9.605584  0.571492 0.353218 -0.740698  0.874100 0.347900 1 1 1.000000
0  26.107790 108.227020 8.951814  -0.103179 0.842678 -0.528439  0.869700 0.334600 1 1 1.000000
aluminium
0  26.543636 108.743141 9.697363  -0.174076 0.881217 -0.439492  0.869700 0.347900 1 1 1.000000
0  26.107790 108.227020 8.951814  -0.103179 0.842678 -0.528439  0.869700 0.334600 1 1 1.000000
0  26.027464 108.146744 8.963315  -0.936200 0.337037 0.099673  0.865400 0.334600 1 1 1.000000
aluminium
0  26.027464 108.146744 8.963315  -0.936200 0.337037 0.099673  0.865400 0.334600 1 1 1.000000
0  26.107790 108.227020 8.951814  -0.103179 0.842678 -0.528439  0.869700 0.334600 1 1 1.000000
0  25.866911 107.515884 8.045710  -0.915705 0.329177 -0.230494  0.865400 0.321400 1 1 1.000000
aluminium
0  26.027464 108.146744 8.963315  -0.936200 0.337037 0.099673  0.865400 0.334600 1 1 1.000000
0  25.866911 107.515884 8.045710  -0.915705 0.329177 -0.230494  0.865400 0.321400 1 1 1.000000
0  25.866911 107.309410 8.011298  -1.000000 0.000002 -0.000030  0.858800 0.321400 1 1 1.000000
aluminium
0  28.734322 109.087257 10.202032  0.141612 0.935987 -0.322296  0.869700 0.387600 1 1 1.000000
0  28.699909 108.915199 10.087342  -0.290592 0.363500 -0.885112  0.874100 0.387600 1 1 1.000000
0  27.965862 109.201942 10.385544  0.000012 0.962470 -0.271387  0.869700 0.374400 1 1 1.000000
aluminium
0  28.734322 109.087257 10.202032  0.141612 0.935987 -0.322296  0.869700 0.387600 1 1 1.000000
0  27.965862 109.201942 10.385544  0.000012 0.962470 -0.271387  0.869700 0.374400 1 1 1.000000
0  27.965862 109.167534 10.465822  -0.000013 0.447641 0.894213  0.865400 0.374400 1 1 1.000000
aluminium
0  28.768730 109.041344 10.282310  0.498735 0.421025 0.757629  0.865400 0.387600 1 1 1.000000
0  28.734322 109.087257 10.202032  0.141612 0.935987 -0.322296  0.869700 0.387600 1 1 1.000000
0  27.965862 109.167534 10.465822  -0.000013 0.447641 0.894213  0.865400 0.374400 1 1 1.000000
aluminium
0  28.768730 109.041344 10.282310  0.498735 0.421025 0.757629  0.865400 0.387600 1 1 1.000000
0  27.965862 109.167534 10.465822  -0.000013 0.447641 0.894213  0.865400 0.374400 1 1 1.000000
0  27.965862 108.961060 10.431411  -0.000005 -0.173627 0.984811  0.858800 0.374400 1 1 1.000000
aluminium
0  28.768730 108.834923 10.247899  0.386276 -0.160108 0.908381  0.858800 0.387600 1 1 1.000000
0  28.768730 109.041344 10.282310  0.498735 0.421025 0.757629  0.865400 0.387600 1 1 1.000000
0  27.965862 108.961060 10.431411  -0.000005 -0.173627 0.984811  0.858800 0.374400 1 1 1.000000
aluminium
0  28.768730 108.834923 10.247899  0.386276 -0.160108 0.908381  0.858800 0.387600 1 1 1.000000
0  27.965862 108.961060 10.431411  -0.000005 -0.173627 0.984811  0.858800 0.374400 1 1 1.000000
0  27.965866 103.765274 9.513851  -0.000037 -0.173919 0.984760  0.727400 0.374400 1 1 1.000000
aluminium
0  28.768734 103.639130 9.330339  0.385281 -0.160405 0.908751  0.727400 0.387600 1 1 1.000000
0  28.768730 108.834923 10.247899  0.386276 -0.160108 0.908381  0.858800 0.387600 1 1 1.000000
0  27.965866 103.765274 9.513851  -0.000037 -0.173919 0.984760  0.727400 0.374400 1 1 1.000000
aluminium
0  28.768734 103.639130 9.330339  0.385281 -0.160405 0.908751  0.727400 0.387600 1 1 1.000000
0  27.965866 103.765274 9.513851  -0.000037 -0.173919 0.984760  0.727400 0.374400 1 1 1.000000
0  27.965866 93.431053 7.690143  -0.000099 -0.173936 0.984757  0.668600 0.374400 1 1 1.000000
aluminium
0  28.768734 93.453972 7.529586  0.385477 -0.160520 0.908648  0.668600 0.387600 1 1 1.000000
0  28.768734 103.639130 9.330339  0.385281 -0.160405 0.908751  0.727400 0.387600 1 1 1.000000
0  27.965866 93.431053 7.690143  -0.000099 -0.173936 0.984757  0.668600 0.374400 1 1 1.000000
aluminium
0  29.445461 103.283562 8.802714  0.710852 -0.122168 0.692650  0.727400 0.400800 1 1 1.000000
0  28.768734 103.639130 9.330339  0.385281 -0.160405 0.908751  0.727400 0.387600 1 1 1.000000
0  28.768734 93.453972 7.529586  0.385477 -0.160520 0.908648  0.668600 0.387600 1 1 1.000000
aluminium
0  29.445461 93.534294 7.082239  0.711012 -0.122101 0.692498  0.668600 0.400800 1 1 1.000000
0  29.445461 103.283562 8.802714  0.710852 -0.122168 0.692650  0.727400 0.400800 1 1 1.000000
0  28.768734 93.453972 7.529586  0.385477 -0.160520 0.908648  0.668600 0.387600 1 1 1.000000
aluminium
0  29.904263 102.744476 8.011299  0.926278 -0.065403 0.371122  0.727400 0.414100 1 1 1.000000
0  29.445461 103.283562 8.802714  0.710852 -0.122168 0.692650  0.727400 0.400800 1 1 1.000000
0  29.445461 93.534294 7.082239  0.711012 -0.122101 0.692498  0.668600 0.400800 1 1 1.000000
aluminium
0  29.904263 93.648979 6.417015  0.926286 -0.065400 0.371103  0.668600 0.414100 1 1 1.000000
0  29.904263 102.744476 8.011299  0.926278 -0.065403 0.371122  0.727400 0.414100 1 1 1.000000
0  29.445461 93.534294 7.082239  0.711012 -0.122101 0.692498  0.668600 0.400800 1 1 1.000000
aluminium
0  30.064819 102.113617 7.093740  1.000000 -0.000000 -0.000001  0.727400 0.427300 1 1 1.000000
0  29.904263 102.744476 8.011299  0.926278 -0.065403 0.371122  0.727400 0.414100 1 1 1.000000
0  29.904263 93.648979 6.417015  0.926286 -0.065400 0.371103  0.668600 0.414100 1 1 1.000000
aluminium
0  30.064819 93.798088 5.625600  1.000000 0.000007 -0.000025  0.668600 0.427300 1 1 1.000000
0  30.064819 102.113617 7.093740  1.000000 -0.000000 -0.000001  0.727400 0.427300 1 1 1.000000
0  29.904263 93.648979 6.417015  0.926286 -0.065400 0.371103  0.668600 0.414100 1 1 1.000000
aluminium
0  29.904263 101.482811 6.164680  0.923655 0.066618 -0.377391  0.727400 0.440500 1 1 1.000000
0  30.064819 102.113617 7.093740  1.000000 -0.000000 -0.000001  0.727400 0.427300 1 1 1.000000
0  30.064819 93.798088 5.625600  1.000000 0.000007 -0.000025  0.668600 0.427300 1 1 1.000000
aluminium
0  29.904263 93.935730 4.834185  0.923473 0.066630 -0.377834  0.668600 0.440500 1 1 1.000000
0  29.904263 101.482811 6.164680  0.923655 0.066618 -0.377391  0.727400 0.440500 1 1 1.000000
0  30.064819 93.798088 5.625600  1.000000 0.000007 -0.000025  0.668600 0.427300 1 1 1.000000
aluminium
0  29.445461 100.943726 5.373265  0.707569 0.122737 -0.695904  0.727400 0.453800 1 1 1.000000
0  29.904263 101.482811 6.164680  0.923655 0.066618 -0.377391  0.727400 0.440500 1 1 1.000000
0  29.904263 93.935730 4.834185  0.923473 0.066630 -0.377834  0.668600 0.440500 1 1 1.000000
aluminium
0  29.388092 108.743141 9.697363  0.181959 0.879971 -0.438796  0.869700 0.400800 1 1 1.000000
0  28.734322 109.087257 10.202032  0.141612 0.935987 -0.322296  0.869700 0.387600 1 1 1.000000
0  28.768730 109.041344 10.282310  0.498735 0.421025 0.757629  0.865400 0.387600 1 1 1.000000
aluminium
0  29.388092 108.743141 9.697363  0.181959 0.879971 -0.438796  0.869700 0.400800 1 1 1.000000
0  29.319313 108.582588 9.605584  -0.566192 0.354810 -0.744000  0.874100 0.400800 1 1 1.000000
0  28.734322 109.087257 10.202032  0.141612 0.935987 -0.322296  0.869700 0.387600 1 1 1.000000
aluminium
0  29.319313 108.582588 9.605584  -0.566192 0.354810 -0.744000  0.874100 0.400800 1 1 1.000000
0  28.699909 108.915199 10.087342  -0.290592 0.363500 -0.885112  0.874100 0.387600 1 1 1.000000
0  28.734322 109.087257 10.202032  0.141612 0.935987 -0.322296  0.869700 0.387600 1 1 1.000000
aluminium
0  29.904263 102.744476 8.011299  0.926278 -0.065403 0.371122  0.727400 0.414100 1 1 1.000000
0  29.904259 107.940269 8.928905  0.926266 -0.065398 0.371153  0.858800 0.414100 1 1 1.000000
0  29.445461 103.283562 8.802714  0.710852 -0.122168 0.692650  0.727400 0.400800 1 1 1.000000
aluminium
0  29.904259 107.940269 8.928905  0.926266 -0.065398 0.371153  0.858800 0.414100 1 1 1.000000
0  29.445457 108.479355 9.720319  0.710521 -0.122167 0.692990  0.858800 0.400800 1 1 1.000000
0  29.445461 103.283562 8.802714  0.710852 -0.122168 0.692650  0.727400 0.400800 1 1 1.000000
aluminium
0  29.445461 103.283562 8.802714  0.710852 -0.122168 0.692650  0.727400 0.400800 1 1 1.000000
0  29.445457 108.479355 9.720319  0.710521 -0.122167 0.692990  0.858800 0.400800 1 1 1.000000
0  28.768734 103.639130 9.330339  0.385281 -0.160405 0.908751  0.727400 0.387600 1 1 1.000000
aluminium
0  29.445457 108.479355 9.720319  0.710521 -0.122167 0.692990  0.858800 0.400800 1 1 1.000000
0  28.768730 108.834923 10.247899  0.386276 -0.160108 0.908381  0.858800 0.387600 1 1 1.000000
0  28.768734 103.639130 9.330339  0.385281 -0.160405 0.908751  0.727400 0.387600 1 1 1.000000
aluminium
0  29.445457 108.479355 9.720319  0.710521 -0.122167 0.692990  0.858800 0.400800 1 1 1.000000
0  29.445457 108.674324 9.754685  0.813130 0.369324 0.449911  0.865400 0.400800 1 1 1.000000
0  28.768730 108.834923 10.247899  0.386276 -0.160108 0.908381  0.858800 0.387600 1 1 1.000000
aluminium
0  29.445457 108.674324 9.754685  0.813130 0.369324 0.449911  0.865400 0.400800 1 1 1.000000
0  28.768730 109.041344 10.282310  0.498735 0.421025 0.757629  0.865400 0.387600 1 1 1.000000
0  28.768730 108.834923 10.247899  0.386276 -0.160108 0.908381  0.858800 0.387600 1 1 1.000000
aluminium
0  29.445457 108.674324 9.754685  0.813130 0.369324 0.449911  0.865400 0.400800 1 1 1.000000
0  29.388092 108.743141 9.697363  0.181959 0.879971 -0.438796  0.869700 0.400800 1 1 1.000000
0  28.768730 109.041344 10.282310  0.498735 0.421025 0.757629  0.865400 0.387600 1 1 1.000000
aluminium
0  29.445457 108.674324 9.754685  0.813130 0.369324 0.449911  0.865400 0.400800 1 1 1.000000
0  29.904259 108.146744 8.963316  0.937190 0.334514 0.098871  0.865400 0.414100 1 1 1.000000
0  29.388092 108.743141 9.697363  0.181959 0.879971 -0.438796  0.869700 0.400800 1 1 1.000000
aluminium
0  29.904259 108.146744 8.963316  0.937190 0.334514 0.098871  0.865400 0.414100 1 1 1.000000
0  29.823982 108.227020 8.951815  0.110995 0.841981 -0.527966  0.869700 0.414100 1 1 1.000000
0  29.388092 108.743141 9.697363  0.181959 0.879971 -0.438796  0.869700 0.400800 1 1 1.000000
aluminium
0  29.388092 108.743141 9.697363  0.181959 0.879971 -0.438796  0.869700 0.400800 1 1 1.000000
0  29.823982 108.227020 8.951815  0.110995 0.841981 -0.527966  0.869700 0.414100 1 1 1.000000
0  29.319313 108.582588 9.605584  -0.566192 0.354810 -0.744000  0.874100 0.400800 1 1 1.000000
aluminium
0  29.823982 108.227020 8.951815  0.110995 0.841981 -0.527966  0.869700 0.414100 1 1 1.000000
0  29.732204 108.089378 8.894493  -0.783998 0.340710 -0.518907  0.874100 0.414100 1 1 1.000000
0  29.319313 108.582588 9.605584  -0.566192 0.354810 -0.744000  0.874100 0.400800 1 1 1.000000
aluminium
0  29.732204 108.089378 8.894493  -0.783998 0.340710 -0.518907  0.874100 0.414100 1 1 1.000000
0  29.732204 107.928818 8.860082  -0.934362 0.061894 -0.350908  0.880000 0.414100 1 1 1.000000
0  29.319313 108.582588 9.605584  -0.566192 0.354810 -0.744000  0.874100 0.400800 1 1 1.000000
aluminium
0  29.732204 107.928818 8.860082  -0.934362 0.061894 -0.350908  0.880000 0.414100 1 1 1.000000
0  29.319313 108.421989 9.582674  -0.703182 0.123504 -0.700201  0.880000 0.400800 1 1 1.000000
0  29.319313 108.582588 9.605584  -0.566192 0.354810 -0.744000  0.874100 0.400800 1 1 1.000000
aluminium
0  29.319313 108.582588 9.605584  -0.566192 0.354810 -0.744000  0.874100 0.400800 1 1 1.000000
0  29.319313 108.421989 9.582674  -0.703182 0.123504 -0.700201  0.880000 0.400800 1 1 1.000000
0  28.699909 108.915199 10.087342  -0.290592 0.363500 -0.885112  0.874100 0.387600 1 1 1.000000
aluminium
0  29.319313 108.421989 9.582674  -0.703182 0.123504 -0.700201  0.880000 0.400800 1 1 1.000000
0  28.699909 108.743141 10.064387  -0.346771 0.162891 -0.923697  0.880000 0.387600 1 1 1.000000
0  28.699909 108.915199 10.087342  -0.290592 0.363500 -0.885112  0.874100 0.387600 1 1 1.000000
aluminium
0  29.904259 107.940269 8.928905  0.926266 -0.065398 0.371153  0.858800 0.414100 1 1 1.000000
0  29.904259 108.146744 8.963316  0.937190 0.334514 0.098871  0.865400 0.414100 1 1 1.000000
0  29.445457 108.479355 9.720319  0.710521 -0.122167 0.692990  0.858800 0.400800 1 1 1.000000
aluminium
0  29.904259 108.146744 8.963316  0.937190 0.334514 0.098871  0.865400 0.414100 1 1 1.000000
0  29.445457 108.674324 9.754685  0.813130 0.369324 0.449911  0.865400 0.400800 1 1 1.000000
0  29.445457 108.479355 9.720319  0.710521 -0.122167 0.692990  0.858800 0.400800 1 1 1.000000
aluminium
0  29.881306 107.355324 8.011299  -1.000000 -0.000019 0.000005  0.880000 0.427300 1 1 1.000000
0  29.881306 102.216850 7.105196  -0.965295 0.257200 0.045319  0.974400 0.427300 1 1 1.000000
0  29.732204 107.928818 8.860082  -0.934362 0.061894 -0.350908  0.880000 0.414100 1 1 1.000000
aluminium
0  29.732204 107.928818 8.860082  -0.934362 0.061894 -0.350908  0.880000 0.414100 1 1 1.000000
0  29.881306 102.216850 7.105196  -0.965295 0.257200 0.045319  0.974400 0.427300 1 1 1.000000
0  29.319313 108.421989 9.582674  -0.703182 0.123504 -0.700201  0.880000 0.400800 1 1 1.000000
aluminium
0  29.881306 102.216850 7.105196  -0.965295 0.257200 0.045319  0.974400 0.427300 1 1 1.000000
0  29.319317 101.976028 8.447146  -0.646009 0.501468 -0.575501  0.974400 0.400800 1 1 1.000000
0  29.319313 108.421989 9.582674  -0.703182 0.123504 -0.700201  0.880000 0.400800 1 1 1.000000
aluminium
0  29.319313 108.421989 9.582674  -0.703182 0.123504 -0.700201  0.880000 0.400800 1 1 1.000000
0  29.319317 101.976028 8.447146  -0.646009 0.501468 -0.575501  0.974400 0.400800 1 1 1.000000
0  28.699909 108.743141 10.064387  -0.346771 0.162891 -0.923697  0.880000 0.387600 1 1 1.000000
aluminium
0  29.319317 101.976028 8.447146  -0.646009 0.501468 -0.575501  0.974400 0.400800 1 1 1.000000
0  27.965866 101.872787 8.997682  0.000004 0.422898 -0.906177  0.974400 0.374400 1 1 1.000000
0  28.699909 108.743141 10.064387  -0.346771 0.162891 -0.923697  0.880000 0.387600 1 1 1.000000
aluminium
0  29.319317 101.976028 8.447146  -0.646009 0.501468 -0.575501  0.974400 0.400800 1 1 1.000000
0  27.965866 100.370232 6.784039  0.000234 0.984799 0.173698  0.981500 0.394200 1 1 1.000000
0  27.965866 101.872787 8.997682  0.000004 0.422898 -0.906177  0.974400 0.374400 1 1 1.000000
aluminium
0  29.881306 102.216850 7.105196  -0.965295 0.257200 0.045319  0.974400 0.427300 1 1 1.000000
0  27.965866 100.370232 6.784039  0.000234 0.984799 0.173698  0.981500 0.407400 1 1 1.000000
0  29.319317 101.976028 8.447146  -0.646009 0.501468 -0.575501  0.974400 0.400800 1 1 1.000000
aluminium
0  27.965866 100.462013 4.662128  0.000106 0.173655 -0.984807  0.727400 0.480200 1 1 1.000000
0  27.965866 105.657806 5.579733  0.000002 0.173403 -0.984851  0.858800 0.480200 1 1 1.000000
0  28.768734 100.588158 4.845640  0.384770 0.160294 -0.908987  0.727400 0.467000 1 1 1.000000
aluminium
0  27.965866 105.657806 5.579733  0.000002 0.173403 -0.984851  0.858800 0.480200 1 1 1.000000
0  28.768734 105.783951 5.763245  0.383530 0.160262 -0.909517  0.858800 0.467000 1 1 1.000000
0  28.768734 100.588158 4.845640  0.384770 0.160294 -0.908987  0.727400 0.467000 1 1 1.000000
aluminium
0  28.768734 100.588158 4.845640  0.384770 0.160294 -0.908987  0.727400 0.467000 1 1 1.000000
0  28.768734 105.783951 5.763245  0.383530 0.160262 -0.909517  0.858800 0.467000 1 1 1.000000
0  29.445461 100.943726 5.373265  0.707569 0.122737 -0.695904  0.727400 0.453800 1 1 1.000000
aluminium
0  28.768734 105.783951 5.763245  0.383530 0.160262 -0.909517  0.858800 0.467000 1 1 1.000000
0  29.445461 106.139519 6.290824  0.707237 0.122731 -0.696242  0.858800 0.453800 1 1 1.000000
0  29.445461 100.943726 5.373265  0.707569 0.122737 -0.695904  0.727400 0.453800 1 1 1.000000
aluminium
0  29.445461 100.943726 5.373265  0.707569 0.122737 -0.695904  0.727400 0.453800 1 1 1.000000
0  29.445461 106.139519 6.290824  0.707237 0.122731 -0.696242  0.858800 0.453800 1 1 1.000000
0  29.904263 101.482811 6.164680  0.923655 0.066618 -0.377391  0.727400 0.440500 1 1 1.000000
aluminium
0  29.445461 106.139519 6.290824  0.707237 0.122731 -0.696242  0.858800 0.453800 1 1 1.000000
0  29.904263 106.678604 7.082239  0.923882 0.066372 -0.376877  0.858800 0.440500 1 1 1.000000
0  29.904263 101.482811 6.164680  0.923655 0.066618 -0.377391  0.727400 0.440500 1 1 1.000000
aluminium
0  29.904263 101.482811 6.164680  0.923655 0.066618 -0.377391  0.727400 0.440500 1 1 1.000000
0  29.904263 106.678604 7.082239  0.923882 0.066372 -0.376877  0.858800 0.440500 1 1 1.000000
0  30.064819 102.113617 7.093740  1.000000 -0.000000 -0.000001  0.727400 0.427300 1 1 1.000000
aluminium
0  29.904263 106.678604 7.082239  0.923882 0.066372 -0.376877  0.858800 0.440500 1 1 1.000000
0  30.064819 107.309410 8.011299  1.000000 -0.000013 0.000018  0.858800 0.427300 1 1 1.000000
0  30.064819 102.113617 7.093740  1.000000 -0.000000 -0.000001  0.727400 0.427300 1 1 1.000000
aluminium
0  30.064819 102.113617 7.093740  1.000000 -0.000000 -0.000001  0.727400 0.427300 1 1 1.000000
0  30.064819 107.309410 8.011299  1.000000 -0.000013 0.000018  0.858800 0.427300 1 1 1.000000
0  29.904263 102.744476 8.011299  0.926278 -0.065403 0.371122  0.727400 0.414100 1 1 1.000000
aluminium
0  30.064819 107.309410 8.011299  1.000000 -0.000013 0.000018  0.858800 0.427300 1 1 1.000000
0  29.904259 107.940269 8.928905  0.926266 -0.065398 0.371153  0.858800 0.414100 1 1 1.000000
0  29.904263 102.744476 8.011299  0.926278 -0.065403 0.371122  0.727400 0.414100 1 1 1.000000
aluminium
0  30.064819 107.309410 8.011299  1.000000 -0.000013 0.000018  0.858800 0.427300 1 1 1.000000
0  30.064819 107.515884 8.045711  0.916933 0.326918 -0.228820  0.865400 0.427300 1 1 1.000000
0  29.904259 107.940269 8.928905  0.926266 -0.065398 0.371153  0.858800 0.414100 1 1 1.000000
aluminium
0  30.064819 107.515884 8.045711  0.916933 0.326918 -0.228820  0.865400 0.427300 1 1 1.000000
0  29.904259 108.146744 8.963316  0.937190 0.334514 0.098871  0.865400 0.414100 1 1 1.000000
0  29.904259 107.940269 8.928905  0.926266 -0.065398 0.371153  0.858800 0.414100 1 1 1.000000
aluminium
0  30.064819 107.515884 8.045711  0.916933 0.326918 -0.228820  0.865400 0.427300 1 1 1.000000
0  29.973087 107.619118 8.057166  -0.000002 0.828618 -0.559814  0.869700 0.427300 1 1 1.000000
0  29.904259 108.146744 8.963316  0.937190 0.334514 0.098871  0.865400 0.414100 1 1 1.000000
aluminium
0  29.973087 107.619118 8.057166  -0.000002 0.828618 -0.559814  0.869700 0.427300 1 1 1.000000
0  29.823982 108.227020 8.951815  0.110995 0.841981 -0.527966  0.869700 0.414100 1 1 1.000000
0  29.904259 108.146744 8.963316  0.937190 0.334514 0.098871  0.865400 0.414100 1 1 1.000000
aluminium
0  29.973087 107.619118 8.057166  -0.000002 0.828618 -0.559814  0.869700 0.427300 1 1 1.000000
0  29.881306 107.515884 8.045711  -0.915685 0.329219 -0.230513  0.874100 0.427300 1 1 1.000000
0  29.823982 108.227020 8.951815  0.110995 0.841981 -0.527966  0.869700 0.414100 1 1 1.000000
aluminium
0  29.881306 107.515884 8.045711  -0.915685 0.329219 -0.230513  0.874100 0.427300 1 1 1.000000
0  29.732204 108.089378 8.894493  -0.783998 0.340710 -0.518907  0.874100 0.414100 1 1 1.000000
0  29.823982 108.227020 8.951815  0.110995 0.841981 -0.527966  0.869700 0.414100 1 1 1.000000
aluminium
0  29.881306 107.515884 8.045711  -0.915685 0.329219 -0.230513  0.874100 0.427300 1 1 1.000000
0  29.881306 107.355324 8.011299  -1.000000 -0.000019 0.000005  0.880000 0.427300 1 1 1.000000
0  29.732204 108.089378 8.894493  -0.783998 0.340710 -0.518907  0.874100 0.414100 1 1 1.000000
aluminium
0  29.881306 107.355324 8.011299  -1.000000 -0.000019 0.000005  0.880000 0.427300 1 1 1.000000
0  29.732204 107.928818 8.860082  -0.934362 0.061894 -0.350908  0.880000 0.414100 1 1 1.000000
0  29.732204 108.089378 8.894493  -0.783998 0.340710 -0.518907  0.874100 0.414100 1 1 1.000000
aluminium
0  27.965866 105.657806 5.579733  0.000002 0.173403 -0.984851  0.858800 0.480200 1 1 1.000000
0  27.965866 105.864227 5.614144  -0.000012 0.370569 -0.928805  0.865400 0.480200 1 1 1.000000
0  28.768734 105.783951 5.763245  0.383530 0.160262 -0.909517  0.858800 0.467000 1 1 1.000000
aluminium
0  27.965866 105.864227 5.614144  -0.000012 0.370569 -0.928805  0.865400 0.480200 1 1 1.000000
0  28.768734 105.990417 5.797657  0.297800 0.362576 -0.883093  0.865400 0.467000 1 1 1.000000
0  28.768734 105.783951 5.763245  0.383530 0.160262 -0.909517  0.858800 0.467000 1 1 1.000000
aluminium
0  28.768734 105.783951 5.763245  0.383530 0.160262 -0.909517  0.858800 0.467000 1 1 1.000000
0  28.768734 105.990417 5.797657  0.297800 0.362576 -0.883093  0.865400 0.467000 1 1 1.000000
0  29.445461 106.139519 6.290824  0.707237 0.122731 -0.696242  0.858800 0.453800 1 1 1.000000
aluminium
0  28.768734 105.990417 5.797657  0.297800 0.362576 -0.883093  0.865400 0.467000 1 1 1.000000
0  29.445461 106.345993 6.325236  0.571494 0.353199 -0.740706  0.865400 0.453800 1 1 1.000000
0  29.445461 106.139519 6.290824  0.707237 0.122731 -0.696242  0.858800 0.453800 1 1 1.000000
aluminium
0  29.445461 106.139519 6.290824  0.707237 0.122731 -0.696242  0.858800 0.453800 1 1 1.000000
0  29.445461 106.345993 6.325236  0.571494 0.353199 -0.740706  0.865400 0.453800 1 1 1.000000
0  29.904263 106.678604 7.082239  0.923882 0.066372 -0.376877  0.858800 0.440500 1 1 1.000000
aluminium
0  29.445461 106.345993 6.325236  0.571494 0.353199 -0.740706  0.865400 0.453800 1 1 1.000000
0  29.904263 106.873611 7.116651  0.786998 0.338615 -0.515726  0.865400 0.440500 1 1 1.000000
0  29.904263 106.678604 7.082239  0.923882 0.066372 -0.376877  0.858800 0.440500 1 1 1.000000
aluminium
0  29.904263 106.678604 7.082239  0.923882 0.066372 -0.376877  0.858800 0.440500 1 1 1.000000
0  29.904263 106.873611 7.116651  0.786998 0.338615 -0.515726  0.865400 0.440500 1 1 1.000000
0  30.064819 107.309410 8.011299  1.000000 -0.000013 0.000018  0.858800 0.427300 1 1 1.000000
aluminium
0  29.904263 106.873611 7.116651  0.786998 0.338615 -0.515726  0.865400 0.440500 1 1 1.000000
0  30.064819 107.515884 8.045711  0.916933 0.326918 -0.228820  0.865400 0.427300 1 1 1.000000
0  30.064819 107.309410 8.011299  1.000000 -0.000013 0.000018  0.858800 0.427300 1 1 1.000000
aluminium
0  29.904263 106.873611 7.116651  0.786998 0.338615 -0.515726  0.865400 0.440500 1 1 1.000000
0  29.823986 107.011215 7.174018  -0.103301 0.842693 -0.528391  0.869700 0.440500 1 1 1.000000
0  30.064819 107.515884 8.045711  0.916933 0.326918 -0.228820  0.865400 0.427300 1 1 1.000000
aluminium
0  29.823986 107.011215 7.174018  -0.103301 0.842693 -0.528391  0.869700 0.440500 1 1 1.000000
0  29.973087 107.619118 8.057166  -0.000002 0.828618 -0.559814  0.869700 0.427300 1 1 1.000000
0  30.064819 107.515884 8.045711  0.916933 0.326918 -0.228820  0.865400 0.427300 1 1 1.000000
aluminium
0  29.823986 107.011215 7.174018  -0.103301 0.842693 -0.528391  0.869700 0.440500 1 1 1.000000
0  29.732208 106.930939 7.185474  -0.936188 0.337033 0.099800  0.874100 0.440500 1 1 1.000000
0  29.973087 107.619118 8.057166  -0.000002 0.828618 -0.559814  0.869700 0.427300 1 1 1.000000
aluminium
0  29.732208 106.930939 7.185474  -0.936188 0.337033 0.099800  0.874100 0.440500 1 1 1.000000
0  29.881306 107.515884 8.045711  -0.915685 0.329219 -0.230513  0.874100 0.427300 1 1 1.000000
0  29.973087 107.619118 8.057166  -0.000002 0.828618 -0.559814  0.869700 0.427300 1 1 1.000000
aluminium
0  29.732208 106.930939 7.185474  -0.936188 0.337033 0.099800  0.874100 0.440500 1 1 1.000000
0  29.732208 106.770332 7.162562  -0.936967 -0.060670 0.344111  0.880000 0.440500 1 1 1.000000
0  29.881306 107.515884 8.045711  -0.915685 0.329219 -0.230513  0.874100 0.427300 1 1 1.000000
aluminium
0  29.732208 106.770332 7.162562  -0.936967 -0.060670 0.344111  0.880000 0.440500 1 1 1.000000
0  29.881306 107.355324 8.011299  -1.000000 -0.000019 0.000005  0.880000 0.427300 1 1 1.000000
0  29.881306 107.515884 8.045711  -0.915685 0.329219 -0.230513  0.874100 0.427300 1 1 1.000000
aluminium
0  29.732208 106.770332 7.162562  -0.936967 -0.060670 0.344111  0.880000 0.440500 1 1 1.000000
0  29.881306 102.216850 7.105196  -0.965295 0.257200 0.045319  0.974400 0.427300 1 1 1.000000
0  29.881306 107.355324 8.011299  -1.000000 -0.000019 0.000005  0.880000 0.427300 1 1 1.000000
aluminium
0  29.319317 102.446281 5.763245  -0.652691 0.279992 0.703988  0.974400 0.453800 1 1 1.000000
0  29.881306 102.216850 7.105196  -0.965295 0.257200 0.045319  0.974400 0.427300 1 1 1.000000
0  29.732208 106.770332 7.162562  -0.936967 -0.060670 0.344111  0.880000 0.440500 1 1 1.000000
aluminium
0  29.319317 102.446281 5.763245  -0.652691 0.279992 0.703988  0.974400 0.453800 1 1 1.000000
0  27.965866 100.370232 6.784039  0.000234 0.984799 0.173698  0.981500 0.447100 1 1 1.000000
0  29.881306 102.216850 7.105196  -0.965295 0.257200 0.045319  0.974400 0.427300 1 1 1.000000
aluminium
0  27.965866 105.864227 5.614144  -0.000012 0.370569 -0.928805  0.865400 0.480200 1 1 1.000000
0  27.965866 106.036278 5.740289  0.000003 0.962427 -0.271539  0.869700 0.480200 1 1 1.000000
0  28.768734 105.990417 5.797657  0.297800 0.362576 -0.883093  0.865400 0.467000 1 1 1.000000
aluminium
0  27.965866 106.036278 5.740289  0.000003 0.962427 -0.271539  0.869700 0.480200 1 1 1.000000
0  28.734325 106.162476 5.912345  -0.134012 0.936874 -0.322968  0.869700 0.467000 1 1 1.000000
0  28.768734 105.990417 5.797657  0.297800 0.362576 -0.883093  0.865400 0.467000 1 1 1.000000
aluminium
0  28.768734 105.990417 5.797657  0.297800 0.362576 -0.883093  0.865400 0.467000 1 1 1.000000
0  28.734325 106.162476 5.912345  -0.134012 0.936874 -0.322968  0.869700 0.467000 1 1 1.000000
0  29.445461 106.345993 6.325236  0.571494 0.353199 -0.740706  0.865400 0.453800 1 1 1.000000
aluminium
0  28.734325 106.162476 5.912345  -0.134012 0.936874 -0.322968  0.869700 0.467000 1 1 1.000000
0  29.388096 106.495087 6.417015  -0.174072 0.881271 -0.439386  0.869700 0.453800 1 1 1.000000
0  29.445461 106.345993 6.325236  0.571494 0.353199 -0.740706  0.865400 0.453800 1 1 1.000000
aluminium
0  29.445461 106.345993 6.325236  0.571494 0.353199 -0.740706  0.865400 0.453800 1 1 1.000000
0  29.388096 106.495087 6.417015  -0.174072 0.881271 -0.439386  0.869700 0.453800 1 1 1.000000
0  29.904263 106.873611 7.116651  0.786998 0.338615 -0.515726  0.865400 0.440500 1 1 1.000000
aluminium
0  29.388096 106.495087 6.417015  -0.174072 0.881271 -0.439386  0.869700 0.453800 1 1 1.000000
0  29.823986 107.011215 7.174018  -0.103301 0.842693 -0.528391  0.869700 0.440500 1 1 1.000000
0  29.904263 106.873611 7.116651  0.786998 0.338615 -0.515726  0.865400 0.440500 1 1 1.000000
aluminium
0  29.388096 106.495087 6.417015  -0.174072 0.881271 -0.439386  0.869700 0.453800 1 1 1.000000
0  29.319317 106.437721 6.474381  -0.810354 0.371899 0.452789  0.874100 0.453800 1 1 1.000000
0  29.823986 107.011215 7.174018  -0.103301 0.842693 -0.528391  0.869700 0.440500 1 1 1.000000
aluminium
0  29.319317 106.437721 6.474381  -0.810354 0.371899 0.452789  0.874100 0.453800 1 1 1.000000
0  29.732208 106.930939 7.185474  -0.936188 0.337033 0.099800  0.874100 0.440500 1 1 1.000000
0  29.823986 107.011215 7.174018  -0.103301 0.842693 -0.528391  0.869700 0.440500 1 1 1.000000
aluminium
0  29.319317 106.437721 6.474381  -0.810354 0.371899 0.452789  0.874100 0.453800 1 1 1.000000
0  29.319317 106.277161 6.439970  -0.707114 -0.114911 0.697700  0.880000 0.453800 1 1 1.000000
0  29.732208 106.930939 7.185474  -0.936188 0.337033 0.099800  0.874100 0.440500 1 1 1.000000
aluminium
0  29.319317 106.277161 6.439970  -0.707114 -0.114911 0.697700  0.880000 0.453800 1 1 1.000000
0  29.732208 106.770332 7.162562  -0.936967 -0.060670 0.344111  0.880000 0.440500 1 1 1.000000
0  29.732208 106.930939 7.185474  -0.936188 0.337033 0.099800  0.874100 0.440500 1 1 1.000000
aluminium
0  29.319317 106.277161 6.439970  -0.707114 -0.114911 0.697700  0.880000 0.453800 1 1 1.000000
0  29.319317 102.446281 5.763245  -0.652691 0.279992 0.703988  0.974400 0.453800 1 1 1.000000
0  29.732208 106.770332 7.162562  -0.936967 -0.060670 0.344111  0.880000 0.440500 1 1 1.000000
aluminium
0  27.965866 102.549507 5.212709  0.000008 0.089495 0.995987  0.974400 0.480200 1 1 1.000000
0  29.319317 102.446281 5.763245  -0.652691 0.279992 0.703988  0.974400 0.453800 1 1 1.000000
0  29.319317 106.277161 6.439970  -0.707114 -0.114911 0.697700  0.880000 0.453800 1 1 1.000000
aluminium
0  27.965866 102.549507 5.212709  0.000008 0.089495 0.995987  0.974400 0.480200 1 1 1.000000
0  27.965866 100.370232 6.784039  0.000234 0.984799 0.173698  0.981500 0.460400 1 1 1.000000
0  29.319317 102.446281 5.763245  -0.652691 0.279992 0.703988  0.974400 0.453800 1 1 1.000000
aluminium
0  27.965866 105.841316 5.797657  -0.000005 -0.173595 0.984817  0.880000 0.480200 1 1 1.000000
0  27.965866 102.549507 5.212709  0.000008 0.089495 0.995987  0.974400 0.480200 1 1 1.000000
0  28.699913 105.956001 5.958212  -0.349419 -0.162699 0.922732  0.880000 0.467000 1 1 1.000000
aluminium
0  28.699913 105.956001 5.958212  -0.349419 -0.162699 0.922732  0.880000 0.467000 1 1 1.000000
0  27.965866 102.549507 5.212709  0.000008 0.089495 0.995987  0.974400 0.480200 1 1 1.000000
0  29.319317 106.277161 6.439970  -0.707114 -0.114911 0.697700  0.880000 0.453800 1 1 1.000000
aluminium
0  28.699913 105.956001 5.958212  -0.349419 -0.162699 0.922732  0.880000 0.467000 1 1 1.000000
0  29.319317 106.277161 6.439970  -0.707114 -0.114911 0.697700  0.880000 0.453800 1 1 1.000000
0  29.319317 106.437721 6.474381  -0.810354 0.371899 0.452789  0.874100 0.453800 1 1 1.000000
aluminium
0  28.699913 106.116562 5.992623  -0.492804 0.422774 0.760530  0.874100 0.467000 1 1 1.000000
0  28.699913 105.956001 5.958212  -0.349419 -0.162699 0.922732  0.880000 0.467000 1 1 1.000000
0  29.319317 106.437721 6.474381  -0.810354 0.371899 0.452789  0.874100 0.453800 1 1 1.000000
aluminium
0  28.699913 106.116562 5.992623  -0.492804 0.422774 0.760530  0.874100 0.467000 1 1 1.000000
0  29.319317 106.437721 6.474381  -0.810354 0.371899 0.452789  0.874100 0.453800 1 1 1.000000
0  29.388096 106.495087 6.417015  -0.174072 0.881271 -0.439386  0.869700 0.453800 1 1 1.000000
aluminium
0  28.734325 106.162476 5.912345  -0.134012 0.936874 -0.322968  0.869700 0.467000 1 1 1.000000
0  28.699913 106.116562 5.992623  -0.492804 0.422774 0.760530  0.874100 0.467000 1 1 1.000000
0  29.388096 106.495087 6.417015  -0.174072 0.881271 -0.439386  0.869700 0.453800 1 1 1.000000
aluminium
0  27.965866 106.001869 5.820567  0.000049 0.447716 0.894176  0.874100 0.480200 1 1 1.000000
0  28.699913 106.116562 5.992623  -0.492804 0.422774 0.760530  0.874100 0.467000 1 1 1.000000
0  28.734325 106.162476 5.912345  -0.134012 0.936874 -0.322968  0.869700 0.467000 1 1 1.000000
aluminium
0  27.965866 106.036278 5.740289  0.000003 0.962427 -0.271539  0.869700 0.480200 1 1 1.000000
0  27.965866 106.001869 5.820567  0.000049 0.447716 0.894176  0.874100 0.480200 1 1 1.000000
0  28.734325 106.162476 5.912345  -0.134012 0.936874 -0.322968  0.869700 0.467000 1 1 1.000000
aluminium
0  27.965866 106.001869 5.820567  0.000049 0.447716 0.894176  0.874100 0.480200 1 1 1.000000
0  27.965866 105.841316 5.797657  -0.000005 -0.173595 0.984817  0.880000 0.480200 1 1 1.000000
0  28.699913 106.116562 5.992623  -0.492804 0.422774 0.760530  0.874100 0.467000 1 1 1.000000
aluminium
0  27.965866 105.841316 5.797657  -0.000005 -0.173595 0.984817  0.880000 0.480200 1 1 1.000000
0  28.699913 105.956001 5.958212  -0.349419 -0.162699 0.922732  0.880000 0.467000 1 1 1.000000
0  28.699913 106.116562 5.992623  -0.492804 0.422774 0.760530  0.874100 0.467000 1 1 1.000000
aluminium
0  -27.891748 86.985054 6.015570  0.023717 -0.150193 0.988372  0.476900 0.007500 1 1 1.000000
0  -28.694620 91.504112 6.554650  -0.387037 -0.158015 0.908424  0.501200 0.023200 1 1 1.000000
0  -29.245201 91.595894 6.004069  -0.769897 -0.118997 0.626976  0.501200 0.038700 1 1 1.000000
aluminium
0  -27.891748 86.985054 6.015570  0.023717 -0.150193 0.988372  0.476900 0.007500 1 1 1.000000
0  -27.949116 91.469704 6.749617  0.000040 -0.165660 0.986183  0.501200 0.007700 1 1 1.000000
0  -28.694620 91.504112 6.554650  -0.387037 -0.158015 0.908424  0.501200 0.023200 1 1 1.000000
aluminium
0  -28.946955 86.812996 5.579723  -0.698131 -0.261820 0.666380  0.476900 0.034600 1 1 1.000000
0  -29.245201 91.595894 6.004069  -0.769897 -0.118997 0.626976  0.501200 0.038700 1 1 1.000000
0  -29.451622 91.722038 5.258566  -0.999685 -0.023798 0.008003  0.501200 0.054200 1 1 1.000000
aluminium
0  -28.946955 86.812996 5.579723  -0.698131 -0.261820 0.666380  0.476900 0.034600 1 1 1.000000
0  -27.891748 86.985054 6.015570  0.023717 -0.150193 0.988372  0.476900 0.007500 1 1 1.000000
0  -29.245201 91.595894 6.004069  -0.769897 -0.118997 0.626976  0.501200 0.038700 1 1 1.000000
aluminium
0  -25.953352 83.245895 5.510901  0.047400 -0.079006 0.995747  0.454900 0.007500 1 1 1.000000
0  -27.891748 86.985054 6.015570  0.023717 -0.150193 0.988372  0.476900 0.007500 1 1 1.000000
0  -28.946955 86.812996 5.579723  -0.698131 -0.261820 0.666380  0.476900 0.034600 1 1 1.000000
aluminium
0  -27.891748 86.985054 6.015570  0.023717 -0.150193 0.988372  0.476900 0.225100 1 1 1.000000
0  -27.192112 91.504112 6.554651  0.410299 -0.149907 0.899546  0.501200 0.209400 1 1 1.000000
0  -27.949116 91.469704 6.749617  0.000040 -0.165660 0.986183  0.501200 0.225000 1 1 1.000000
aluminium
0  -27.891748 86.985054 6.015570  0.023717 -0.150193 0.988372  0.476900 0.225100 1 1 1.000000
0  -26.859501 87.260338 5.579724  0.755578 0.054052 0.652824  0.476900 0.198000 1 1 1.000000
0  -27.192112 91.504112 6.554651  0.410299 -0.149907 0.899546  0.501200 0.209400 1 1 1.000000
aluminium
0  -26.859501 87.260338 5.579724  0.755578 0.054052 0.652824  0.476900 0.198000 1 1 1.000000
0  -26.641577 91.595894 6.004070  0.797888 -0.110597 0.592573  0.501200 0.193900 1 1 1.000000
0  -27.192112 91.504112 6.554651  0.410299 -0.149907 0.899546  0.501200 0.209400 1 1 1.000000
aluminium
0  -26.859501 87.260338 5.579724  0.755578 0.054052 0.652824  0.476900 0.198000 1 1 1.000000
0  -26.446566 87.478264 4.513019  0.977033 0.212942 -0.007894  0.476900 0.170900 1 1 1.000000
0  -26.641577 91.595894 6.004070  0.797888 -0.110597 0.592573  0.501200 0.193900 1 1 1.000000
aluminium
0  -26.446566 87.478264 4.513019  0.977033 0.212942 -0.007894  0.476900 0.170900 1 1 1.000000
0  -26.435110 91.722092 5.258567  0.999752 -0.016169 -0.015345  0.501200 0.178400 1 1 1.000000
0  -26.641577 91.595894 6.004070  0.797888 -0.110597 0.592573  0.501200 0.193900 1 1 1.000000
aluminium
0  -26.435110 91.722092 5.258567  0.999752 -0.016169 -0.015345  0.501200 0.178400 1 1 1.000000
0  -26.446566 87.478264 4.513019  0.977033 0.212942 -0.007894  0.476900 0.170900 1 1 1.000000
0  -26.905367 87.512672 3.457814  0.698917 0.235505 -0.675317  0.476900 0.143600 1 1 1.000000
aluminium
0  -26.641577 91.848228 4.524474  0.771832 0.086598 -0.629902  0.501200 0.147300 1 1 1.000000
0  -26.435110 91.722092 5.258567  0.999752 -0.016169 -0.015345  0.501200 0.178400 1 1 1.000000
0  -26.905367 87.512672 3.457814  0.698917 0.235505 -0.675317  0.476900 0.143600 1 1 1.000000
aluminium
0  -26.905367 87.512672 3.457814  0.698917 0.235505 -0.675317  0.476900 0.143600 1 1 1.000000
0  -27.960571 87.329163 3.021967  -0.015701 0.133698 -0.990898  0.476900 0.116300 1 1 1.000000
0  -26.641577 91.848228 4.524474  0.771832 0.086598 -0.629902  0.501200 0.147300 1 1 1.000000
aluminium
0  -27.960571 87.329163 3.021967  -0.015701 0.133698 -0.990898  0.476900 0.116300 1 1 1.000000
0  -27.192112 91.951462 3.973938  0.392310 0.133395 -0.910109  0.501200 0.131800 1 1 1.000000
0  -26.641577 91.848228 4.524474  0.771832 0.086598 -0.629902  0.501200 0.147300 1 1 1.000000
aluminium
0  -27.960571 87.329163 3.021967  -0.015701 0.133698 -0.990898  0.476900 0.116300 1 1 1.000000
0  -27.949116 91.985870 3.778971  0.000039 0.156709 -0.987645  0.501200 0.116300 1 1 1.000000
0  -27.192112 91.951462 3.973938  0.392310 0.133395 -0.910109  0.501200 0.131800 1 1 1.000000
aluminium
0  -27.960571 87.329163 3.021967  -0.015701 0.133698 -0.990898  0.476900 0.116300 1 1 1.000000
0  -28.694620 91.951462 3.973938  -0.401782 0.133994 -0.905879  0.501200 0.100800 1 1 1.000000
0  -27.949116 91.985870 3.778971  0.000039 0.156709 -0.987645  0.501200 0.116300 1 1 1.000000
aluminium
0  -27.960571 87.329163 3.021967  -0.015701 0.133698 -0.990898  0.476900 0.116300 1 1 1.000000
0  -28.992865 87.053871 3.457813  -0.743364 -0.078999 -0.664205  0.476900 0.089000 1 1 1.000000
0  -28.694620 91.951462 3.973938  -0.401782 0.133994 -0.905879  0.501200 0.100800 1 1 1.000000
aluminium
0  -28.992865 87.053871 3.457813  -0.743364 -0.078999 -0.664205  0.476900 0.089000 1 1 1.000000
0  -29.245201 91.848228 4.524474  -0.790331 0.071203 -0.608528  0.501200 0.085300 1 1 1.000000
0  -28.694620 91.951462 3.973938  -0.401782 0.133994 -0.905879  0.501200 0.100800 1 1 1.000000
aluminium
0  -29.451622 91.722038 5.258566  -0.999685 -0.023798 0.008003  0.501200 0.054200 1 1 1.000000
0  -29.245201 91.848228 4.524474  -0.790331 0.071203 -0.608528  0.501200 0.085300 1 1 1.000000
0  -28.992865 87.053871 3.457813  -0.743364 -0.078999 -0.664205  0.476900 0.089000 1 1 1.000000
aluminium
0  -29.405758 86.835945 4.513018  -0.971541 -0.236871 -0.000116  0.476900 0.061700 1 1 1.000000
0  -29.451622 91.722038 5.258566  -0.999685 -0.023798 0.008003  0.501200 0.054200 1 1 1.000000
0  -28.992865 87.053871 3.457813  -0.743364 -0.078999 -0.664205  0.476900 0.089000 1 1 1.000000
aluminium
0  -29.405758 86.835945 4.513018  -0.971541 -0.236871 -0.000116  0.476900 0.061700 1 1 1.000000
0  -28.946955 86.812996 5.579723  -0.698131 -0.261820 0.666380  0.476900 0.034600 1 1 1.000000
0  -29.451622 91.722038 5.258566  -0.999685 -0.023798 0.008003  0.501200 0.054200 1 1 1.000000
aluminium
0  -26.802134 82.603630 5.063554  -0.540125 -0.468708 0.698983  0.454900 0.034700 1 1 1.000000
0  -28.946955 86.812996 5.579723  -0.698131 -0.261820 0.666380  0.476900 0.034600 1 1 1.000000
0  -29.405758 86.835945 4.513018  -0.971541 -0.236871 -0.000116  0.476900 0.061700 1 1 1.000000
aluminium
0  -26.802134 82.603630 5.063554  -0.540125 -0.468708 0.698983  0.454900 0.034700 1 1 1.000000
0  -25.953352 83.245895 5.510901  0.047400 -0.079006 0.995747  0.454900 0.007500 1 1 1.000000
0  -28.946955 86.812996 5.579723  -0.698131 -0.261820 0.666380  0.476900 0.034600 1 1 1.000000
aluminium
0  -25.953352 83.245895 5.510901  0.047400 -0.079006 0.995747  0.454900 0.225100 1 1 1.000000
0  -25.173437 83.979996 5.063554  0.611017 0.357121 0.706486  0.454900 0.197900 1 1 1.000000
0  -27.891748 86.985054 6.015570  0.023717 -0.150193 0.988372  0.476900 0.225100 1 1 1.000000
aluminium
0  -25.173437 83.979996 5.063554  0.611017 0.357121 0.706486  0.454900 0.197900 1 1 1.000000
0  -26.859501 87.260338 5.579724  0.755578 0.054052 0.652824  0.476900 0.198000 1 1 1.000000
0  -27.891748 86.985054 6.015570  0.023717 -0.150193 0.988372  0.476900 0.225100 1 1 1.000000
aluminium
0  -25.173437 83.979996 5.063554  0.611017 0.357121 0.706486  0.454900 0.197900 1 1 1.000000
0  -24.921103 84.369972 4.008349  0.818509 0.574494 0.000015  0.454900 0.170700 1 1 1.000000
0  -26.859501 87.260338 5.579724  0.755578 0.054052 0.652824  0.476900 0.198000 1 1 1.000000
aluminium
0  -24.921103 84.369972 4.008349  0.818509 0.574494 0.000015  0.454900 0.170700 1 1 1.000000
0  -26.446566 87.478264 4.513019  0.977033 0.212942 -0.007894  0.476900 0.170900 1 1 1.000000
0  -26.859501 87.260338 5.579724  0.755578 0.054052 0.652824  0.476900 0.198000 1 1 1.000000
aluminium
0  -24.921103 84.369972 4.008349  0.818509 0.574494 0.000015  0.454900 0.170700 1 1 1.000000
0  -25.345493 84.174965 2.953145  0.544688 0.457898 -0.702598  0.454900 0.143500 1 1 1.000000
0  -26.446566 87.478264 4.513019  0.977033 0.212942 -0.007894  0.476900 0.170900 1 1 1.000000
aluminium
0  -25.345493 84.174965 2.953145  0.544688 0.457898 -0.702598  0.454900 0.143500 1 1 1.000000
0  -26.905367 87.512672 3.457814  0.698917 0.235505 -0.675317  0.476900 0.143600 1 1 1.000000
0  -26.446566 87.478264 4.513019  0.977033 0.212942 -0.007894  0.476900 0.170900 1 1 1.000000
aluminium
0  -25.345493 84.174965 2.953145  0.544688 0.457898 -0.702598  0.454900 0.143500 1 1 1.000000
0  -26.182775 83.521187 2.517298  -0.039311 0.070707 -0.996722  0.454900 0.116300 1 1 1.000000
0  -26.905367 87.512672 3.457814  0.698917 0.235505 -0.675317  0.476900 0.143600 1 1 1.000000
aluminium
0  -26.182775 83.521187 2.517298  -0.039311 0.070707 -0.996722  0.454900 0.116300 1 1 1.000000
0  -27.960571 87.329163 3.021967  -0.015701 0.133698 -0.990898  0.476900 0.116300 1 1 1.000000
0  -26.905367 87.512672 3.457814  0.698917 0.235505 -0.675317  0.476900 0.143600 1 1 1.000000
aluminium
0  -26.182775 83.521187 2.517298  -0.039311 0.070707 -0.996722  0.454900 0.116300 1 1 1.000000
0  -26.962690 82.787140 2.953145  -0.601021 -0.363702 -0.711685  0.454900 0.089100 1 1 1.000000
0  -27.960571 87.329163 3.021967  -0.015701 0.133698 -0.990898  0.476900 0.116300 1 1 1.000000
aluminium
0  -26.962690 82.787140 2.953145  -0.601021 -0.363702 -0.711685  0.454900 0.089100 1 1 1.000000
0  -28.992865 87.053871 3.457813  -0.743364 -0.078999 -0.664205  0.476900 0.089000 1 1 1.000000
0  -27.960571 87.329163 3.021967  -0.015701 0.133698 -0.990898  0.476900 0.116300 1 1 1.000000
aluminium
0  -26.962690 82.787140 2.953145  -0.601021 -0.363702 -0.711685  0.454900 0.089100 1 1 1.000000
0  -27.215025 82.408623 4.008349  -0.812076 -0.583501 -0.007712  0.454900 0.061900 1 1 1.000000
0  -28.992865 87.053871 3.457813  -0.743364 -0.078999 -0.664205  0.476900 0.089000 1 1 1.000000
aluminium
0  -27.215025 82.408623 4.008349  -0.812076 -0.583501 -0.007712  0.454900 0.061900 1 1 1.000000
0  -29.405758 86.835945 4.513018  -0.971541 -0.236871 -0.000116  0.476900 0.061700 1 1 1.000000
0  -28.992865 87.053871 3.457813  -0.743364 -0.078999 -0.664205  0.476900 0.089000 1 1 1.000000
aluminium
0  -27.215025 82.408623 4.008349  -0.812076 -0.583501 -0.007712  0.454900 0.061900 1 1 1.000000
0  -26.802134 82.603630 5.063554  -0.540125 -0.468708 0.698983  0.454900 0.034700 1 1 1.000000
0  -29.405758 86.835945 4.513018  -0.971541 -0.236871 -0.000116  0.476900 0.061700 1 1 1.000000
aluminium
0  -19.289465 76.593468 4.971822  0.039644 -0.047508 0.998084  0.379500 0.007500 1 1 1.000000
0  -25.953352 83.245895 5.510901  0.047400 -0.079006 0.995747  0.454900 0.007500 1 1 1.000000
0  -26.802134 82.603630 5.063554  -0.540125 -0.468708 0.698983  0.454900 0.034700 1 1 1.000000
aluminium
0  -20.126747 75.951157 4.524475  -0.474812 -0.538113 0.696411  0.379500 0.034700 1 1 1.000000
0  -19.289465 76.593468 4.971822  0.039644 -0.047508 0.998084  0.379500 0.007500 1 1 1.000000
0  -26.802134 82.603630 5.063554  -0.540125 -0.468708 0.698983  0.454900 0.034700 1 1 1.000000
aluminium
0  -20.126747 75.951157 4.524475  -0.474812 -0.538113 0.696411  0.379500 0.034700 1 1 1.000000
0  -26.802134 82.603630 5.063554  -0.540125 -0.468708 0.698983  0.454900 0.034700 1 1 1.000000
0  -27.215025 82.408623 4.008349  -0.812076 -0.583501 -0.007712  0.454900 0.061900 1 1 1.000000
aluminium
0  -20.539637 75.756187 3.469270  -0.684326 -0.684324 -0.251790  0.379500 0.061900 1 1 1.000000
0  -20.126747 75.951157 4.524475  -0.474812 -0.538113 0.696411  0.379500 0.034700 1 1 1.000000
0  -27.215025 82.408623 4.008349  -0.812076 -0.583501 -0.007712  0.454900 0.061900 1 1 1.000000
aluminium
0  -20.539637 75.756187 3.469270  -0.684326 -0.684324 -0.251790  0.379500 0.061900 1 1 1.000000
0  -27.215025 82.408623 4.008349  -0.812076 -0.583501 -0.007712  0.454900 0.061900 1 1 1.000000
0  -26.962690 82.787140 2.953145  -0.601021 -0.363702 -0.711685  0.454900 0.089100 1 1 1.000000
aluminium
0  -20.287300 76.146172 2.414066  -0.440699 -0.417084 -0.794874  0.379500 0.089100 1 1 1.000000
0  -20.539637 75.756187 3.469270  -0.684326 -0.684324 -0.251790  0.379500 0.061900 1 1 1.000000
0  -26.962690 82.787140 2.953145  -0.601021 -0.363702 -0.711685  0.454900 0.089100 1 1 1.000000
aluminium
0  -20.287300 76.146172 2.414066  -0.440699 -0.417084 -0.794874  0.379500 0.089100 1 1 1.000000
0  -26.962690 82.787140 2.953145  -0.601021 -0.363702 -0.711685  0.454900 0.089100 1 1 1.000000
0  -26.182775 83.521187 2.517298  -0.039311 0.070707 -0.996722  0.454900 0.116300 1 1 1.000000
aluminium
0  -19.507385 76.868759 1.978219  0.000027 0.015689 -0.999877  0.379500 0.116300 1 1 1.000000
0  -20.287300 76.146172 2.414066  -0.440699 -0.417084 -0.794874  0.379500 0.089100 1 1 1.000000
0  -26.182775 83.521187 2.517298  -0.039311 0.070707 -0.996722  0.454900 0.116300 1 1 1.000000
aluminium
0  -19.507385 76.868759 1.978219  0.000027 0.015689 -0.999877  0.379500 0.116300 1 1 1.000000
0  -26.182775 83.521187 2.517298  -0.039311 0.070707 -0.996722  0.454900 0.116300 1 1 1.000000
0  -25.345493 84.174965 2.953145  0.544688 0.457898 -0.702598  0.454900 0.143500 1 1 1.000000
aluminium
0  -18.670105 77.522530 2.414066  0.433822 0.449616 -0.780797  0.379500 0.143500 1 1 1.000000
0  -19.507385 76.868759 1.978219  0.000027 0.015689 -0.999877  0.379500 0.116300 1 1 1.000000
0  -25.345493 84.174965 2.953145  0.544688 0.457898 -0.702598  0.454900 0.143500 1 1 1.000000
aluminium
0  -18.670105 77.522530 2.414066  0.433822 0.449616 -0.780797  0.379500 0.143500 1 1 1.000000
0  -25.345493 84.174965 2.953145  0.544688 0.457898 -0.702598  0.454900 0.143500 1 1 1.000000
0  -24.921103 84.369972 4.008349  0.818509 0.574494 0.000015  0.454900 0.170700 1 1 1.000000
aluminium
0  -18.257172 77.706039 3.469271  0.686981 0.686972 -0.236910  0.379500 0.170700 1 1 1.000000
0  -18.670105 77.522530 2.414066  0.433822 0.449616 -0.780797  0.379500 0.143500 1 1 1.000000
0  -24.921103 84.369972 4.008349  0.818509 0.574494 0.000015  0.454900 0.170700 1 1 1.000000
aluminium
0  -18.257172 77.706039 3.469271  0.686981 0.686972 -0.236910  0.379500 0.170700 1 1 1.000000
0  -24.921103 84.369972 4.008349  0.818509 0.574494 0.000015  0.454900 0.170700 1 1 1.000000
0  -25.173437 83.979996 5.063554  0.611017 0.357121 0.706486  0.454900 0.197900 1 1 1.000000
aluminium
0  -18.509506 77.316063 4.535976  0.528407 0.465600 0.709932  0.379500 0.197900 1 1 1.000000
0  -18.257172 77.706039 3.469271  0.686981 0.686972 -0.236910  0.379500 0.170700 1 1 1.000000
0  -25.173437 83.979996 5.063554  0.611017 0.357121 0.706486  0.454900 0.197900 1 1 1.000000
aluminium
0  -18.509506 77.316063 4.535976  0.528407 0.465600 0.709932  0.379500 0.197900 1 1 1.000000
0  -25.173437 83.979996 5.063554  0.611017 0.357121 0.706486  0.454900 0.197900 1 1 1.000000
0  -25.953352 83.245895 5.510901  0.047400 -0.079006 0.995747  0.454900 0.225100 1 1 1.000000
aluminium
0  -19.289465 76.593468 4.971822  0.039644 -0.047508 0.998084  0.379500 0.225100 1 1 1.000000
0  -18.509506 77.316063 4.535976  0.528407 0.465600 0.709932  0.379500 0.197900 1 1 1.000000
0  -25.953352 83.245895 5.510901  0.047400 -0.079006 0.995747  0.454900 0.225100 1 1 1.000000
aluminium
0  -6.741561 66.213341 2.666402  0.533041 0.540897 -0.650613  0.247900 0.170700 1 1 1.000000
0  -7.200363 65.915138 2.597579  0.378492 0.362673 -0.851594  0.247900 0.143500 1 1 1.000000
0  -18.257172 77.706039 3.469271  0.686981 0.686972 -0.236910  0.379500 0.170700 1 1 1.000000
aluminium
0  -7.200363 65.915138 2.597579  0.378492 0.362673 -0.851594  0.247900 0.143500 1 1 1.000000
0  -18.670105 77.522530 2.414066  0.433822 0.449616 -0.780797  0.379500 0.143500 1 1 1.000000
0  -18.257172 77.706039 3.469271  0.686981 0.686972 -0.236910  0.379500 0.170700 1 1 1.000000
aluminium
0  -7.200363 65.915138 2.597579  0.378492 0.362673 -0.851594  0.247900 0.143500 1 1 1.000000
0  -8.129377 65.295784 2.471390  0.031501 0.000002 -0.999504  0.247900 0.116300 1 1 1.000000
0  -18.670105 77.522530 2.414066  0.433822 0.449616 -0.780797  0.379500 0.143500 1 1 1.000000
aluminium
0  -8.129377 65.295784 2.471390  0.031501 0.000002 -0.999504  0.247900 0.116300 1 1 1.000000
0  -19.507385 76.868759 1.978219  0.000027 0.015689 -0.999877  0.379500 0.116300 1 1 1.000000
0  -18.670105 77.522530 2.414066  0.433822 0.449616 -0.780797  0.379500 0.143500 1 1 1.000000
aluminium
0  -8.129377 65.295784 2.471390  0.031501 0.000002 -0.999504  0.247900 0.116300 1 1 1.000000
0  -8.978160 64.710831 2.459934  -0.353098 -0.361011 -0.863130  0.247900 0.089100 1 1 1.000000
0  -19.507385 76.868759 1.978219  0.000027 0.015689 -0.999877  0.379500 0.116300 1 1 1.000000
aluminium
0  -8.978160 64.710831 2.459934  -0.353098 -0.361011 -0.863130  0.247900 0.089100 1 1 1.000000
0  -20.287300 76.146172 2.414066  -0.440699 -0.417084 -0.794874  0.379500 0.089100 1 1 1.000000
0  -19.507385 76.868759 1.978219  0.000027 0.015689 -0.999877  0.379500 0.116300 1 1 1.000000
aluminium
0  -8.978160 64.710831 2.459934  -0.353098 -0.361011 -0.863130  0.247900 0.089100 1 1 1.000000
0  -9.436962 64.469955 2.517301  -0.551019 -0.519358 -0.653180  0.247900 0.061900 1 1 1.000000
0  -20.287300 76.146172 2.414066  -0.440699 -0.417084 -0.794874  0.379500 0.089100 1 1 1.000000
aluminium
0  -9.436962 64.469955 2.517301  -0.551019 -0.519358 -0.653180  0.247900 0.061900 1 1 1.000000
0  -20.539637 75.756187 3.469270  -0.684326 -0.684324 -0.251790  0.379500 0.061900 1 1 1.000000
0  -20.287300 76.146172 2.414066  -0.440699 -0.417084 -0.794874  0.379500 0.089100 1 1 1.000000
aluminium
0  28.699913 91.504112 6.554660  0.393720 -0.157506 0.905636  0.501200 0.023200 1 1 1.000000
0  27.897041 86.985054 6.015579  -0.015759 -0.150244 0.988523  0.476900 0.007500 1 1 1.000000
0  29.250492 91.595894 6.004079  0.773085 -0.118297 0.623174  0.501200 0.038700 1 1 1.000000
aluminium
0  27.954411 91.469742 6.749626  -0.000095 -0.165827 0.986155  0.501200 0.007700 1 1 1.000000
0  27.897041 86.985054 6.015579  -0.015759 -0.150244 0.988523  0.476900 0.007500 1 1 1.000000
0  28.699913 91.504112 6.554660  0.393720 -0.157506 0.905636  0.501200 0.023200 1 1 1.000000
aluminium
0  29.250492 91.595894 6.004079  0.773085 -0.118297 0.623174  0.501200 0.038700 1 1 1.000000
0  28.940792 86.812996 5.579733  0.702207 -0.260302 0.662683  0.476900 0.034600 1 1 1.000000
0  29.456917 91.722092 5.258576  0.999691 -0.023551 0.007958  0.501200 0.054200 1 1 1.000000
aluminium
0  27.897041 86.985054 6.015579  -0.015759 -0.150244 0.988523  0.476900 0.007500 1 1 1.000000
0  28.940792 86.812996 5.579733  0.702207 -0.260302 0.662683  0.476900 0.034600 1 1 1.000000
0  29.250492 91.595894 6.004079  0.773085 -0.118297 0.623174  0.501200 0.038700 1 1 1.000000
aluminium
0  27.897041 86.985054 6.015579  -0.015759 -0.150244 0.988523  0.476900 0.007500 1 1 1.000000
0  25.958645 83.245895 5.510910  -0.039579 -0.079011 0.996088  0.454900 0.007500 1 1 1.000000
0  28.940792 86.812996 5.579733  0.702207 -0.260302 0.662683  0.476900 0.034600 1 1 1.000000
aluminium
0  20.544933 75.756187 3.469277  0.688516 -0.680615 -0.250417  0.379500 0.061900 1 1 1.000000
0  20.292597 76.146172 2.414072  0.447022 -0.415623 -0.792104  0.379500 0.089100 1 1 1.000000
0  26.967983 82.787140 2.953153  0.606023 -0.362007 -0.708298  0.454900 0.089100 1 1 1.000000
aluminium
0  27.220318 82.408623 4.008358  0.814717 -0.579806 -0.007809  0.454900 0.061900 1 1 1.000000
0  20.544933 75.756187 3.469277  0.688516 -0.680615 -0.250417  0.379500 0.061900 1 1 1.000000
0  26.967983 82.787140 2.953153  0.606023 -0.362007 -0.708298  0.454900 0.089100 1 1 1.000000
aluminium
0  20.132044 75.951157 4.524482  0.480903 -0.536100 0.693779  0.379500 0.034700 1 1 1.000000
0  20.544933 75.756187 3.469277  0.688516 -0.680615 -0.250417  0.379500 0.061900 1 1 1.000000
0  27.220318 82.408623 4.008358  0.814717 -0.579806 -0.007809  0.454900 0.061900 1 1 1.000000
aluminium
0  26.807430 82.603630 5.063563  0.545683 -0.466691 0.696009  0.454900 0.034700 1 1 1.000000
0  20.132044 75.951157 4.524482  0.480903 -0.536100 0.693779  0.379500 0.034700 1 1 1.000000
0  27.220318 82.408623 4.008358  0.814717 -0.579806 -0.007809  0.454900 0.061900 1 1 1.000000
aluminium
0  19.294762 76.593468 4.971828  -0.031687 -0.047499 0.998369  0.379500 0.007500 1 1 1.000000
0  20.132044 75.951157 4.524482  0.480903 -0.536100 0.693779  0.379500 0.034700 1 1 1.000000
0  26.807430 82.603630 5.063563  0.545683 -0.466691 0.696009  0.454900 0.034700 1 1 1.000000
aluminium
0  25.958645 83.245895 5.510910  -0.039579 -0.079011 0.996088  0.454900 0.007500 1 1 1.000000
0  19.294762 76.593468 4.971828  -0.031687 -0.047499 0.998369  0.379500 0.007500 1 1 1.000000
0  26.807430 82.603630 5.063563  0.545683 -0.466691 0.696009  0.454900 0.034700 1 1 1.000000
aluminium
0  25.958645 83.245895 5.510910  -0.039579 -0.079011 0.996088  0.454900 0.007500 1 1 1.000000
0  26.807430 82.603630 5.063563  0.545683 -0.466691 0.696009  0.454900 0.034700 1 1 1.000000
0  28.940792 86.812996 5.579733  0.702207 -0.260302 0.662683  0.476900 0.034600 1 1 1.000000
aluminium
0  28.940792 86.812996 5.579733  0.702207 -0.260302 0.662683  0.476900 0.034600 1 1 1.000000
0  26.807430 82.603630 5.063563  0.545683 -0.466691 0.696009  0.454900 0.034700 1 1 1.000000
0  29.399597 86.835945 4.513028  0.971960 -0.235148 -0.000014  0.476900 0.061700 1 1 1.000000
aluminium
0  28.940792 86.812996 5.579733  0.702207 -0.260302 0.662683  0.476900 0.034600 1 1 1.000000
0  29.399597 86.835945 4.513028  0.971960 -0.235148 -0.000014  0.476900 0.061700 1 1 1.000000
0  29.456917 91.722092 5.258576  0.999691 -0.023551 0.007958  0.501200 0.054200 1 1 1.000000
aluminium
0  29.456917 91.722092 5.258576  0.999691 -0.023551 0.007958  0.501200 0.054200 1 1 1.000000
0  29.399597 86.835945 4.513028  0.971960 -0.235148 -0.000014  0.476900 0.061700 1 1 1.000000
0  28.998161 87.053871 3.457823  0.746786 -0.078605 -0.660403  0.476900 0.089000 1 1 1.000000
aluminium
0  29.250492 91.848228 4.524483  0.793323 0.070651 -0.604688  0.501200 0.085300 1 1 1.000000
0  29.456917 91.722092 5.258576  0.999691 -0.023551 0.007958  0.501200 0.054200 1 1 1.000000
0  28.998161 87.053871 3.457823  0.746786 -0.078605 -0.660403  0.476900 0.089000 1 1 1.000000
aluminium
0  29.250492 91.848228 4.524483  0.793323 0.070651 -0.604688  0.501200 0.085300 1 1 1.000000
0  28.998161 87.053871 3.457823  0.746786 -0.078605 -0.660403  0.476900 0.089000 1 1 1.000000
0  28.699913 91.951462 3.973947  0.408311 0.133504 -0.903028  0.501200 0.100800 1 1 1.000000
aluminium
0  28.998161 87.053871 3.457823  0.746786 -0.078605 -0.660403  0.476900 0.089000 1 1 1.000000
0  27.965866 87.329163 3.021976  0.023481 0.133713 -0.990742  0.476900 0.116300 1 1 1.000000
0  28.699913 91.951462 3.973947  0.408311 0.133504 -0.903028  0.501200 0.100800 1 1 1.000000
aluminium
0  28.699913 91.951462 3.973947  0.408311 0.133504 -0.903028  0.501200 0.100800 1 1 1.000000
0  27.965866 87.329163 3.021976  0.023481 0.133713 -0.990742  0.476900 0.116300 1 1 1.000000
0  27.954411 91.985870 3.778980  0.000026 0.156966 -0.987604  0.501200 0.116300 1 1 1.000000
aluminium
0  27.954411 91.985870 3.778980  0.000026 0.156966 -0.987604  0.501200 0.116300 1 1 1.000000
0  27.965866 87.329163 3.021976  0.023481 0.133713 -0.990742  0.476900 0.116300 1 1 1.000000
0  27.197407 91.951462 3.973947  -0.385610 0.133804 -0.912908  0.501200 0.131800 1 1 1.000000
aluminium
0  27.197407 91.951462 3.973947  -0.385610 0.133804 -0.912908  0.501200 0.131800 1 1 1.000000
0  27.965866 87.329163 3.021976  0.023481 0.133713 -0.990742  0.476900 0.116300 1 1 1.000000
0  26.646828 91.848228 4.524483  -0.768593 0.087098 -0.633781  0.501200 0.147300 1 1 1.000000
aluminium
0  27.965866 87.329163 3.021976  0.023481 0.133713 -0.990742  0.476900 0.116300 1 1 1.000000
0  26.910664 87.512672 3.457822  -0.694781 0.236810 -0.679117  0.476900 0.143600 1 1 1.000000
0  26.646828 91.848228 4.524483  -0.768593 0.087098 -0.633781  0.501200 0.147300 1 1 1.000000
aluminium
0  27.965866 87.329163 3.021976  0.023481 0.133713 -0.990742  0.476900 0.116300 1 1 1.000000
0  26.188068 83.521187 2.517307  0.047022 0.070590 -0.996396  0.454900 0.116300 1 1 1.000000
0  26.910664 87.512672 3.457822  -0.694781 0.236810 -0.679117  0.476900 0.143600 1 1 1.000000
aluminium
0  26.807430 82.603630 5.063563  0.545683 -0.466691 0.696009  0.454900 0.034700 1 1 1.000000
0  27.220318 82.408623 4.008358  0.814717 -0.579806 -0.007809  0.454900 0.061900 1 1 1.000000
0  29.399597 86.835945 4.513028  0.971960 -0.235148 -0.000014  0.476900 0.061700 1 1 1.000000
aluminium
0  29.399597 86.835945 4.513028  0.971960 -0.235148 -0.000014  0.476900 0.061700 1 1 1.000000
0  27.220318 82.408623 4.008358  0.814717 -0.579806 -0.007809  0.454900 0.061900 1 1 1.000000
0  28.998161 87.053871 3.457823  0.746786 -0.078605 -0.660403  0.476900 0.089000 1 1 1.000000
aluminium
0  27.220318 82.408623 4.008358  0.814717 -0.579806 -0.007809  0.454900 0.061900 1 1 1.000000
0  26.967983 82.787140 2.953153  0.606023 -0.362007 -0.708298  0.454900 0.089100 1 1 1.000000
0  28.998161 87.053871 3.457823  0.746786 -0.078605 -0.660403  0.476900 0.089000 1 1 1.000000
aluminium
0  28.998161 87.053871 3.457823  0.746786 -0.078605 -0.660403  0.476900 0.089000 1 1 1.000000
0  26.967983 82.787140 2.953153  0.606023 -0.362007 -0.708298  0.454900 0.089100 1 1 1.000000
0  27.965866 87.329163 3.021976  0.023481 0.133713 -0.990742  0.476900 0.116300 1 1 1.000000
aluminium
0  26.967983 82.787140 2.953153  0.606023 -0.362007 -0.708298  0.454900 0.089100 1 1 1.000000
0  26.188068 83.521187 2.517307  0.047022 0.070590 -0.996396  0.454900 0.116300 1 1 1.000000
0  27.965866 87.329163 3.021976  0.023481 0.133713 -0.990742  0.476900 0.116300 1 1 1.000000
aluminium
0  26.967983 82.787140 2.953153  0.606023 -0.362007 -0.708298  0.454900 0.089100 1 1 1.000000
0  20.292597 76.146172 2.414072  0.447022 -0.415623 -0.792104  0.379500 0.089100 1 1 1.000000
0  26.188068 83.521187 2.517307  0.047022 0.070590 -0.996396  0.454900 0.116300 1 1 1.000000
aluminium
0  20.292597 76.146172 2.414072  0.447022 -0.415623 -0.792104  0.379500 0.089100 1 1 1.000000
0  19.512684 76.868759 1.978225  -0.000022 0.015691 -0.999877  0.379500 0.116300 1 1 1.000000
0  26.188068 83.521187 2.517307  0.047022 0.070590 -0.996396  0.454900 0.116300 1 1 1.000000
aluminium
0  20.292597 76.146172 2.414072  0.447022 -0.415623 -0.792104  0.379500 0.089100 1 1 1.000000
0  8.983458 64.710831 2.459937  0.359995 -0.360004 -0.860698  0.247900 0.089100 1 1 1.000000
0  19.512684 76.868759 1.978225  -0.000022 0.015691 -0.999877  0.379500 0.116300 1 1 1.000000
aluminium
0  8.983458 64.710831 2.459937  0.359995 -0.360004 -0.860698  0.247900 0.089100 1 1 1.000000
0  8.123220 65.295784 2.471392  -0.023591 -0.000011 -0.999722  0.247900 0.116300 1 1 1.000000
0  19.512684 76.868759 1.978225  -0.000022 0.015691 -0.999877  0.379500 0.116300 1 1 1.000000
aluminium
0  20.544933 75.756187 3.469277  0.688516 -0.680615 -0.250417  0.379500 0.061900 1 1 1.000000
0  9.442258 64.469955 2.517304  0.556380 -0.517226 -0.650323  0.247900 0.061900 1 1 1.000000
0  20.292597 76.146172 2.414072  0.447022 -0.415623 -0.792104  0.379500 0.089100 1 1 1.000000
aluminium
0  9.442258 64.469955 2.517304  0.556380 -0.517226 -0.650323  0.247900 0.061900 1 1 1.000000
0  8.983458 64.710831 2.459937  0.359995 -0.360004 -0.860698  0.247900 0.089100 1 1 1.000000
0  20.292597 76.146172 2.414072  0.447022 -0.415623 -0.792104  0.379500 0.089100 1 1 1.000000
aluminium
0  26.188068 83.521187 2.517307  0.047022 0.070590 -0.996396  0.454900 0.116300 1 1 1.000000
0  25.350788 84.174965 2.953153  -0.539087 0.459900 -0.705604  0.454900 0.143500 1 1 1.000000
0  26.910664 87.512672 3.457822  -0.694781 0.236810 -0.679117  0.476900 0.143600 1 1 1.000000
aluminium
0  26.188068 83.521187 2.517307  0.047022 0.070590 -0.996396  0.454900 0.116300 1 1 1.000000
0  19.512684 76.868759 1.978225  -0.000022 0.015691 -0.999877  0.379500 0.116300 1 1 1.000000
0  25.350788 84.174965 2.953153  -0.539087 0.459900 -0.705604  0.454900 0.143500 1 1 1.000000
aluminium
0  19.512684 76.868759 1.978225  -0.000022 0.015691 -0.999877  0.379500 0.116300 1 1 1.000000
0  18.675404 77.522530 2.414072  -0.427397 0.451088 -0.783487  0.379500 0.143500 1 1 1.000000
0  25.350788 84.174965 2.953153  -0.539087 0.459900 -0.705604  0.454900 0.143500 1 1 1.000000
aluminium
0  19.512684 76.868759 1.978225  -0.000022 0.015691 -0.999877  0.379500 0.116300 1 1 1.000000
0  8.123220 65.295784 2.471392  -0.023591 -0.000011 -0.999722  0.247900 0.116300 1 1 1.000000
0  18.675404 77.522530 2.414072  -0.427397 0.451088 -0.783487  0.379500 0.143500 1 1 1.000000
aluminium
0  8.123220 65.295784 2.471392  -0.023591 -0.000011 -0.999722  0.247900 0.116300 1 1 1.000000
0  7.205660 65.915138 2.597582  -0.371721 0.363793 -0.854095  0.247900 0.143500 1 1 1.000000
0  18.675404 77.522530 2.414072  -0.427397 0.451088 -0.783487  0.379500 0.143500 1 1 1.000000
aluminium
0  18.675404 77.522530 2.414072  -0.427397 0.451088 -0.783487  0.379500 0.143500 1 1 1.000000
0  7.205660 65.915138 2.597582  -0.371721 0.363793 -0.854095  0.247900 0.143500 1 1 1.000000
0  18.262468 77.706039 3.469277  -0.682811 0.690706 -0.238104  0.379500 0.170700 1 1 1.000000
aluminium
0  7.205660 65.915138 2.597582  -0.371721 0.363793 -0.854095  0.247900 0.143500 1 1 1.000000
0  6.746858 66.213341 2.666404  -0.527472 0.543111 -0.653303  0.247900 0.170700 1 1 1.000000
0  18.262468 77.706039 3.469277  -0.682811 0.690706 -0.238104  0.379500 0.170700 1 1 1.000000
aluminium
0  18.514801 77.316063 4.535982  -0.522877 0.467450 0.712804  0.379500 0.197900 1 1 1.000000
0  19.294762 76.593468 4.971828  -0.031687 -0.047499 0.998369  0.379500 0.225100 1 1 1.000000
0  25.958645 83.245895 5.510910  -0.039579 -0.079011 0.996088  0.454900 0.225100 1 1 1.000000
aluminium
0  25.178730 83.979996 5.063563  -0.606101 0.358905 0.709809  0.454900 0.197900 1 1 1.000000
0  18.514801 77.316063 4.535982  -0.522877 0.467450 0.712804  0.379500 0.197900 1 1 1.000000
0  25.958645 83.245895 5.510910  -0.039579 -0.079011 0.996088  0.454900 0.225100 1 1 1.000000
aluminium
0  18.262468 77.706039 3.469277  -0.682811 0.690706 -0.238104  0.379500 0.170700 1 1 1.000000
0  18.514801 77.316063 4.535982  -0.522877 0.467450 0.712804  0.379500 0.197900 1 1 1.000000
0  25.178730 83.979996 5.063563  -0.606101 0.358905 0.709809  0.454900 0.197900 1 1 1.000000
aluminium
0  24.926395 84.369972 4.008358  -0.815903 0.578189 0.000010  0.454900 0.170700 1 1 1.000000
0  18.262468 77.706039 3.469277  -0.682811 0.690706 -0.238104  0.379500 0.170700 1 1 1.000000
0  25.178730 83.979996 5.063563  -0.606101 0.358905 0.709809  0.454900 0.197900 1 1 1.000000
aluminium
0  18.675404 77.522530 2.414072  -0.427397 0.451088 -0.783487  0.379500 0.143500 1 1 1.000000
0  18.262468 77.706039 3.469277  -0.682811 0.690706 -0.238104  0.379500 0.170700 1 1 1.000000
0  24.926395 84.369972 4.008358  -0.815903 0.578189 0.000010  0.454900 0.170700 1 1 1.000000
aluminium
0  25.350788 84.174965 2.953153  -0.539087 0.459900 -0.705604  0.454900 0.143500 1 1 1.000000
0  18.675404 77.522530 2.414072  -0.427397 0.451088 -0.783487  0.379500 0.143500 1 1 1.000000
0  24.926395 84.369972 4.008358  -0.815903 0.578189 0.000010  0.454900 0.170700 1 1 1.000000
aluminium
0  25.350788 84.174965 2.953153  -0.539087 0.459900 -0.705604  0.454900 0.143500 1 1 1.000000
0  24.926395 84.369972 4.008358  -0.815903 0.578189 0.000010  0.454900 0.170700 1 1 1.000000
0  26.451859 87.478264 4.513027  -0.976690 0.214505 -0.007999  0.476900 0.170900 1 1 1.000000
aluminium
0  26.910664 87.512672 3.457822  -0.694781 0.236810 -0.679117  0.476900 0.143600 1 1 1.000000
0  25.350788 84.174965 2.953153  -0.539087 0.459900 -0.705604  0.454900 0.143500 1 1 1.000000
0  26.451859 87.478264 4.513027  -0.976690 0.214505 -0.007999  0.476900 0.170900 1 1 1.000000
aluminium
0  26.451859 87.478264 4.513027  -0.976690 0.214505 -0.007999  0.476900 0.170900 1 1 1.000000
0  26.440403 91.722092 5.258575  -0.999751 -0.016175 -0.015349  0.501200 0.178400 1 1 1.000000
0  26.910664 87.512672 3.457822  -0.694781 0.236810 -0.679117  0.476900 0.143600 1 1 1.000000
aluminium
0  26.440403 91.722092 5.258575  -0.999751 -0.016175 -0.015349  0.501200 0.178400 1 1 1.000000
0  26.646828 91.848228 4.524483  -0.768593 0.087098 -0.633781  0.501200 0.147300 1 1 1.000000
0  26.910664 87.512672 3.457822  -0.694781 0.236810 -0.679117  0.476900 0.143600 1 1 1.000000
aluminium
0  26.440403 91.722092 5.258575  -0.999751 -0.016175 -0.015349  0.501200 0.178400 1 1 1.000000
0  26.451859 87.478264 4.513027  -0.976690 0.214505 -0.007999  0.476900 0.170900 1 1 1.000000
0  26.646828 91.595894 6.004078  -0.795000 -0.111304 0.596311  0.501200 0.193900 1 1 1.000000
aluminium
0  26.451859 87.478264 4.513027  -0.976690 0.214505 -0.007999  0.476900 0.170900 1 1 1.000000
0  26.864796 87.260338 5.579732  -0.751914 0.055407 0.656929  0.476900 0.198000 1 1 1.000000
0  26.646828 91.595894 6.004078  -0.795000 -0.111304 0.596311  0.501200 0.193900 1 1 1.000000
aluminium
0  26.451859 87.478264 4.513027  -0.976690 0.214505 -0.007999  0.476900 0.170900 1 1 1.000000
0  24.926395 84.369972 4.008358  -0.815903 0.578189 0.000010  0.454900 0.170700 1 1 1.000000
0  26.864796 87.260338 5.579732  -0.751914 0.055407 0.656929  0.476900 0.198000 1 1 1.000000
aluminium
0  24.926395 84.369972 4.008358  -0.815903 0.578189 0.000010  0.454900 0.170700 1 1 1.000000
0  25.178730 83.979996 5.063563  -0.606101 0.358905 0.709809  0.454900 0.197900 1 1 1.000000
0  26.864796 87.260338 5.579732  -0.751914 0.055407 0.656929  0.476900 0.198000 1 1 1.000000
aluminium
0  26.864796 87.260338 5.579732  -0.751914 0.055407 0.656929  0.476900 0.198000 1 1 1.000000
0  25.178730 83.979996 5.063563  -0.606101 0.358905 0.709809  0.454900 0.197900 1 1 1.000000
0  27.897041 86.985054 6.015579  -0.015759 -0.150244 0.988523  0.476900 0.225100 1 1 1.000000
aluminium
0  25.178730 83.979996 5.063563  -0.606101 0.358905 0.709809  0.454900 0.197900 1 1 1.000000
0  25.958645 83.245895 5.510910  -0.039579 -0.079011 0.996088  0.454900 0.225100 1 1 1.000000
0  27.897041 86.985054 6.015579  -0.015759 -0.150244 0.988523  0.476900 0.225100 1 1 1.000000
aluminium
0  26.646828 91.595894 6.004078  -0.795000 -0.111304 0.596311  0.501200 0.193900 1 1 1.000000
0  26.864796 87.260338 5.579732  -0.751914 0.055407 0.656929  0.476900 0.198000 1 1 1.000000
0  27.197407 91.504112 6.554659  -0.403787 -0.150382 0.902408  0.501200 0.209400 1 1 1.000000
aluminium
0  26.864796 87.260338 5.579732  -0.751914 0.055407 0.656929  0.476900 0.198000 1 1 1.000000
0  27.897041 86.985054 6.015579  -0.015759 -0.150244 0.988523  0.476900 0.225100 1 1 1.000000
0  27.197407 91.504112 6.554659  -0.403787 -0.150382 0.902408  0.501200 0.209400 1 1 1.000000
aluminium
0  27.197407 91.504112 6.554659  -0.403787 -0.150382 0.902408  0.501200 0.209400 1 1 1.000000
0  27.897041 86.985054 6.015579  -0.015759 -0.150244 0.988523  0.476900 0.225100 1 1 1.000000
0  27.954411 91.469742 6.749626  -0.000095 -0.165827 0.986155  0.501200 0.225000 1 1 1.000000
aluminium
0  -27.157703 105.783951 5.763236  0.383495 0.160140 -0.909553  0.858800 0.467000 1 1 1.000000
0  -27.157703 105.990417 5.797647  0.297796 0.362594 -0.883087  0.865400 0.467000 1 1 1.000000
0  -26.469522 106.139519 6.290815  0.707158 0.122779 -0.696313  0.858800 0.453800 1 1 1.000000
aluminium
0  -27.960573 105.864227 5.614135  -0.000034 0.370803 -0.928711  0.865400 0.480200 1 1 1.000000
0  -27.157703 105.990417 5.797647  0.297796 0.362594 -0.883087  0.865400 0.467000 1 1 1.000000
0  -27.157703 105.783951 5.763236  0.383495 0.160140 -0.909553  0.858800 0.467000 1 1 1.000000
aluminium
0  -27.960573 105.864227 5.614135  -0.000034 0.370803 -0.928711  0.865400 0.480200 1 1 1.000000
0  -27.960573 106.036278 5.740279  0.000002 0.962438 -0.271501  0.869700 0.480200 1 1 1.000000
0  -27.157703 105.990417 5.797647  0.297796 0.362594 -0.883087  0.865400 0.467000 1 1 1.000000
aluminium
0  -26.469521 100.943726 5.373256  0.707132 0.122791 -0.696338  0.727400 0.453800 1 1 1.000000
0  -26.469522 106.139519 6.290815  0.707158 0.122779 -0.696313  0.858800 0.453800 1 1 1.000000
0  -26.022177 101.482811 6.164671  0.923486 0.066601 -0.377807  0.727400 0.440500 1 1 1.000000
aluminium
0  -27.157703 105.783951 5.763236  0.383495 0.160140 -0.909553  0.858800 0.467000 1 1 1.000000
0  -26.469522 106.139519 6.290815  0.707158 0.122779 -0.696313  0.858800 0.453800 1 1 1.000000
0  -26.469521 100.943726 5.373256  0.707132 0.122791 -0.696338  0.727400 0.453800 1 1 1.000000
aluminium
0  -27.157701 100.588158 4.845631  0.383218 0.160313 -0.909639  0.727400 0.467000 1 1 1.000000
0  -27.157703 105.783951 5.763236  0.383495 0.160140 -0.909553  0.858800 0.467000 1 1 1.000000
0  -26.469521 100.943726 5.373256  0.707132 0.122791 -0.696338  0.727400 0.453800 1 1 1.000000
aluminium
0  -27.960573 105.657806 5.579723  0.000002 0.173403 -0.984851  0.858800 0.480200 1 1 1.000000
0  -27.157703 105.783951 5.763236  0.383495 0.160140 -0.909553  0.858800 0.467000 1 1 1.000000
0  -27.157701 100.588158 4.845631  0.383218 0.160313 -0.909639  0.727400 0.467000 1 1 1.000000
aluminium
0  -27.960573 105.657806 5.579723  0.000002 0.173403 -0.984851  0.858800 0.480200 1 1 1.000000
0  -27.960573 105.864227 5.614135  -0.000034 0.370803 -0.928711  0.865400 0.480200 1 1 1.000000
0  -27.157703 105.783951 5.763236  0.383495 0.160140 -0.909553  0.858800 0.467000 1 1 1.000000
aluminium
0  -27.960571 100.462013 4.662118  0.000106 0.173655 -0.984807  0.727400 0.480200 1 1 1.000000
0  -27.960573 105.657806 5.579723  0.000002 0.173403 -0.984851  0.858800 0.480200 1 1 1.000000
0  -27.157701 100.588158 4.845631  0.383218 0.160313 -0.909639  0.727400 0.467000 1 1 1.000000
aluminium
0  -27.960571 94.153648 3.549547  0.000156 0.173453 -0.984842  0.668600 0.480200 1 1 1.000000
0  -27.960571 100.462013 4.662118  0.000106 0.173655 -0.984807  0.727400 0.480200 1 1 1.000000
0  -27.157701 94.130699 3.710148  0.383345 0.160306 -0.909587  0.668600 0.467000 1 1 1.000000
aluminium
0  -27.960571 100.462013 4.662118  0.000106 0.173655 -0.984807  0.727400 0.480200 1 1 1.000000
0  -27.157701 100.588158 4.845631  0.383218 0.160313 -0.909639  0.727400 0.467000 1 1 1.000000
0  -27.157701 94.130699 3.710148  0.383345 0.160306 -0.909587  0.668600 0.467000 1 1 1.000000
aluminium
0  -27.157701 94.130699 3.710148  0.383345 0.160306 -0.909587  0.668600 0.467000 1 1 1.000000
0  -27.157701 100.588158 4.845631  0.383218 0.160313 -0.909639  0.727400 0.467000 1 1 1.000000
0  -26.469521 94.050423 4.157450  0.707444 0.122751 -0.696028  0.668600 0.453800 1 1 1.000000
aluminium
0  -27.157701 100.588158 4.845631  0.383218 0.160313 -0.909639  0.727400 0.467000 1 1 1.000000
0  -26.469521 100.943726 5.373256  0.707132 0.122791 -0.696338  0.727400 0.453800 1 1 1.000000
0  -26.469521 94.050423 4.157450  0.707444 0.122751 -0.696028  0.668600 0.453800 1 1 1.000000
aluminium
0  -26.469521 94.050423 4.157450  0.707444 0.122751 -0.696028  0.668600 0.453800 1 1 1.000000
0  -26.469521 100.943726 5.373256  0.707132 0.122791 -0.696338  0.727400 0.453800 1 1 1.000000
0  -26.022175 93.935730 4.834176  0.923516 0.066580 -0.377737  0.668600 0.440500 1 1 1.000000
aluminium
0  -26.469521 100.943726 5.373256  0.707132 0.122791 -0.696338  0.727400 0.453800 1 1 1.000000
0  -26.022177 101.482811 6.164671  0.923486 0.066601 -0.377807  0.727400 0.440500 1 1 1.000000
0  -26.022175 93.935730 4.834176  0.923516 0.066580 -0.377737  0.668600 0.440500 1 1 1.000000
aluminium
0  -26.022175 93.935730 4.834176  0.923516 0.066580 -0.377737  0.668600 0.440500 1 1 1.000000
0  -26.022177 101.482811 6.164671  0.923486 0.066601 -0.377807  0.727400 0.440500 1 1 1.000000
0  -25.861618 93.798088 5.625591  1.000000 0.000006 -0.000025  0.668600 0.427300 1 1 1.000000
aluminium
0  -26.022177 101.482811 6.164671  0.923486 0.066601 -0.377807  0.727400 0.440500 1 1 1.000000
0  -25.861620 102.113617 7.093731  1.000000 -0.000001 -0.000001  0.727400 0.427300 1 1 1.000000
0  -25.861618 93.798088 5.625591  1.000000 0.000006 -0.000025  0.668600 0.427300 1 1 1.000000
aluminium
0  -25.861618 93.798088 5.625591  1.000000 0.000006 -0.000025  0.668600 0.427300 1 1 1.000000
0  -25.861620 102.113617 7.093731  1.000000 -0.000001 -0.000001  0.727400 0.427300 1 1 1.000000
0  -26.022175 93.648979 6.417006  0.926220 -0.065421 0.371263  0.668600 0.414100 1 1 1.000000
aluminium
0  -25.861620 102.113617 7.093731  1.000000 -0.000001 -0.000001  0.727400 0.427300 1 1 1.000000
0  -26.022177 102.744476 8.011291  0.926090 -0.065497 0.371573  0.727400 0.414100 1 1 1.000000
0  -26.022175 93.648979 6.417006  0.926220 -0.065421 0.371263  0.668600 0.414100 1 1 1.000000
aluminium
0  -26.022175 93.648979 6.417006  0.926220 -0.065421 0.371263  0.668600 0.414100 1 1 1.000000
0  -26.022177 102.744476 8.011291  0.926090 -0.065497 0.371573  0.727400 0.414100 1 1 1.000000
0  -26.469521 93.534294 7.082230  0.711021 -0.122111 0.692487  0.668600 0.400800 1 1 1.000000
aluminium
0  -26.022177 102.744476 8.011291  0.926090 -0.065497 0.371573  0.727400 0.414100 1 1 1.000000
0  -26.469522 103.283562 8.802705  0.710183 -0.122477 0.693281  0.727400 0.400800 1 1 1.000000
0  -26.469521 93.534294 7.082230  0.711021 -0.122111 0.692487  0.668600 0.400800 1 1 1.000000
aluminium
0  -26.469521 93.534294 7.082230  0.711021 -0.122111 0.692487  0.668600 0.400800 1 1 1.000000
0  -26.469522 103.283562 8.802705  0.710183 -0.122477 0.693281  0.727400 0.400800 1 1 1.000000
0  -27.157701 93.453972 7.529577  0.386126 -0.160208 0.908427  0.668600 0.387600 1 1 1.000000
aluminium
0  -26.469522 103.283562 8.802705  0.710183 -0.122477 0.693281  0.727400 0.400800 1 1 1.000000
0  -27.157703 103.639130 9.330330  0.386226 -0.160217 0.908383  0.727400 0.387600 1 1 1.000000
0  -27.157701 93.453972 7.529577  0.386126 -0.160208 0.908427  0.668600 0.387600 1 1 1.000000
aluminium
0  -27.157701 93.453972 7.529577  0.386126 -0.160208 0.908427  0.668600 0.387600 1 1 1.000000
0  -27.157703 103.639130 9.330330  0.386226 -0.160217 0.908383  0.727400 0.387600 1 1 1.000000
0  -27.960571 93.431053 7.690133  -0.000101 -0.173936 0.984757  0.668600 0.374400 1 1 1.000000
aluminium
0  -27.157703 103.639130 9.330330  0.386226 -0.160217 0.908383  0.727400 0.387600 1 1 1.000000
0  -27.960573 103.765274 9.513842  -0.000037 -0.173919 0.984760  0.727400 0.374400 1 1 1.000000
0  -27.960571 93.431053 7.690133  -0.000101 -0.173936 0.984757  0.668600 0.374400 1 1 1.000000
aluminium
0  -27.960571 93.431053 7.690133  -0.000101 -0.173936 0.984757  0.668600 0.374400 1 1 1.000000
0  -27.960573 103.765274 9.513842  -0.000037 -0.173919 0.984760  0.727400 0.374400 1 1 1.000000
0  -28.763443 93.453972 7.529577  -0.379606 -0.160700 0.911084  0.668600 0.361100 1 1 1.000000
aluminium
0  -27.960573 103.765274 9.513842  -0.000037 -0.173919 0.984760  0.727400 0.374400 1 1 1.000000
0  -28.763445 103.639130 9.330330  -0.379296 -0.160707 0.911212  0.727400 0.361100 1 1 1.000000
0  -28.763443 93.453972 7.529577  -0.379606 -0.160700 0.911084  0.668600 0.361100 1 1 1.000000
aluminium
0  -27.157703 105.990417 5.797647  0.297796 0.362594 -0.883087  0.865400 0.467000 1 1 1.000000
0  -27.192114 106.162430 5.912336  -0.134005 0.936909 -0.322869  0.869700 0.467000 1 1 1.000000
0  -26.469522 106.345993 6.325227  0.571557 0.353216 -0.740649  0.865400 0.453800 1 1 1.000000
aluminium
0  -27.157703 105.990417 5.797647  0.297796 0.362594 -0.883087  0.865400 0.467000 1 1 1.000000
0  -26.469522 106.345993 6.325227  0.571557 0.353216 -0.740649  0.865400 0.453800 1 1 1.000000
0  -26.469522 106.139519 6.290815  0.707158 0.122779 -0.696313  0.858800 0.453800 1 1 1.000000
aluminium
0  -26.469522 106.139519 6.290815  0.707158 0.122779 -0.696313  0.858800 0.453800 1 1 1.000000
0  -26.469522 106.345993 6.325227  0.571557 0.353216 -0.740649  0.865400 0.453800 1 1 1.000000
0  -26.022177 106.678604 7.082230  0.923575 0.066581 -0.377592  0.858800 0.440500 1 1 1.000000
aluminium
0  -26.469522 106.139519 6.290815  0.707158 0.122779 -0.696313  0.858800 0.453800 1 1 1.000000
0  -26.022177 106.678604 7.082230  0.923575 0.066581 -0.377592  0.858800 0.440500 1 1 1.000000
0  -26.022177 101.482811 6.164671  0.923486 0.066601 -0.377807  0.727400 0.440500 1 1 1.000000
aluminium
0  -26.022177 101.482811 6.164671  0.923486 0.066601 -0.377807  0.727400 0.440500 1 1 1.000000
0  -26.022177 106.678604 7.082230  0.923575 0.066581 -0.377592  0.858800 0.440500 1 1 1.000000
0  -25.861620 102.113617 7.093731  1.000000 -0.000001 -0.000001  0.727400 0.427300 1 1 1.000000
aluminium
0  -26.022177 106.678604 7.082230  0.923575 0.066581 -0.377592  0.858800 0.440500 1 1 1.000000
0  -25.861620 107.309410 8.011291  1.000000 -0.000006 0.000019  0.858800 0.427300 1 1 1.000000
0  -25.861620 102.113617 7.093731  1.000000 -0.000001 -0.000001  0.727400 0.427300 1 1 1.000000
aluminium
0  -25.861620 102.113617 7.093731  1.000000 -0.000001 -0.000001  0.727400 0.427300 1 1 1.000000
0  -25.861620 107.309410 8.011291  1.000000 -0.000006 0.000019  0.858800 0.427300 1 1 1.000000
0  -26.022177 102.744476 8.011291  0.926090 -0.065497 0.371573  0.727400 0.414100 1 1 1.000000
aluminium
0  -25.861620 107.309410 8.011291  1.000000 -0.000006 0.000019  0.858800 0.427300 1 1 1.000000
0  -26.022177 107.940269 8.928896  0.925892 -0.064763 0.372196  0.858800 0.414100 1 1 1.000000
0  -26.022177 102.744476 8.011291  0.926090 -0.065497 0.371573  0.727400 0.414100 1 1 1.000000
aluminium
0  -26.022177 102.744476 8.011291  0.926090 -0.065497 0.371573  0.727400 0.414100 1 1 1.000000
0  -26.022177 107.940269 8.928896  0.925892 -0.064763 0.372196  0.858800 0.414100 1 1 1.000000
0  -26.469522 103.283562 8.802705  0.710183 -0.122477 0.693281  0.727400 0.400800 1 1 1.000000
aluminium
0  -26.022177 107.940269 8.928896  0.925892 -0.064763 0.372196  0.858800 0.414100 1 1 1.000000
0  -26.469522 108.479355 9.720309  0.710630 -0.122108 0.692888  0.858800 0.400800 1 1 1.000000
0  -26.469522 103.283562 8.802705  0.710183 -0.122477 0.693281  0.727400 0.400800 1 1 1.000000
aluminium
0  -26.469522 103.283562 8.802705  0.710183 -0.122477 0.693281  0.727400 0.400800 1 1 1.000000
0  -26.469522 108.479355 9.720309  0.710630 -0.122108 0.692888  0.858800 0.400800 1 1 1.000000
0  -27.157703 103.639130 9.330330  0.386226 -0.160217 0.908383  0.727400 0.387600 1 1 1.000000
aluminium
0  -26.469522 108.479355 9.720309  0.710630 -0.122108 0.692888  0.858800 0.400800 1 1 1.000000
0  -27.157703 108.834923 10.247890  0.386065 -0.160068 0.908478  0.858800 0.387600 1 1 1.000000
0  -27.157703 103.639130 9.330330  0.386226 -0.160217 0.908383  0.727400 0.387600 1 1 1.000000
aluminium
0  -27.157703 103.639130 9.330330  0.386226 -0.160217 0.908383  0.727400 0.387600 1 1 1.000000
0  -27.157703 108.834923 10.247890  0.386065 -0.160068 0.908478  0.858800 0.387600 1 1 1.000000
0  -27.960573 103.765274 9.513842  -0.000037 -0.173919 0.984760  0.727400 0.374400 1 1 1.000000
aluminium
0  -27.157703 108.834923 10.247890  0.386065 -0.160068 0.908478  0.858800 0.387600 1 1 1.000000
0  -27.960573 108.961060 10.431401  -0.000004 -0.173429 0.984846  0.858800 0.374400 1 1 1.000000
0  -27.960573 103.765274 9.513842  -0.000037 -0.173919 0.984760  0.727400 0.374400 1 1 1.000000
aluminium
0  -27.960573 103.765274 9.513842  -0.000037 -0.173919 0.984760  0.727400 0.374400 1 1 1.000000
0  -27.960573 108.961060 10.431401  -0.000004 -0.173429 0.984846  0.858800 0.374400 1 1 1.000000
0  -28.763445 103.639130 9.330330  -0.379296 -0.160707 0.911212  0.727400 0.361100 1 1 1.000000
aluminium
0  -27.960573 108.961060 10.431401  -0.000004 -0.173429 0.984846  0.858800 0.374400 1 1 1.000000
0  -28.763445 108.834923 10.247890  -0.379490 -0.160792 0.911117  0.858800 0.361100 1 1 1.000000
0  -28.763445 103.639130 9.330330  -0.379296 -0.160707 0.911212  0.727400 0.361100 1 1 1.000000
aluminium
0  -28.763445 103.639130 9.330330  -0.379296 -0.160707 0.911212  0.727400 0.361100 1 1 1.000000
0  -28.763445 108.834923 10.247890  -0.379490 -0.160792 0.911117  0.858800 0.361100 1 1 1.000000
0  -29.440170 103.283562 8.802705  -0.707142 -0.122805 0.696325  0.727400 0.347900 1 1 1.000000
aluminium
0  -28.763445 108.834923 10.247890  -0.379490 -0.160792 0.911117  0.858800 0.361100 1 1 1.000000
0  -29.440170 108.479355 9.720309  -0.707841 -0.122616 0.695648  0.858800 0.347900 1 1 1.000000
0  -29.440170 103.283562 8.802705  -0.707142 -0.122805 0.696325  0.727400 0.347900 1 1 1.000000
aluminium
0  -26.022177 107.940269 8.928896  0.925892 -0.064763 0.372196  0.858800 0.414100 1 1 1.000000
0  -26.022177 108.146744 8.963307  0.937182 0.334523 0.098912  0.865400 0.414100 1 1 1.000000
0  -26.469522 108.479355 9.720309  0.710630 -0.122108 0.692888  0.858800 0.400800 1 1 1.000000
aluminium
0  -26.022177 108.146744 8.963307  0.937182 0.334523 0.098912  0.865400 0.414100 1 1 1.000000
0  -26.469522 108.674324 9.754676  0.813105 0.369507 0.449805  0.865400 0.400800 1 1 1.000000
0  -26.469522 108.479355 9.720309  0.710630 -0.122108 0.692888  0.858800 0.400800 1 1 1.000000
aluminium
0  -26.469522 108.479355 9.720309  0.710630 -0.122108 0.692888  0.858800 0.400800 1 1 1.000000
0  -26.469522 108.674324 9.754676  0.813105 0.369507 0.449805  0.865400 0.400800 1 1 1.000000
0  -27.157703 108.834923 10.247890  0.386065 -0.160068 0.908478  0.858800 0.387600 1 1 1.000000
aluminium
0  -26.469522 108.674324 9.754676  0.813105 0.369507 0.449805  0.865400 0.400800 1 1 1.000000
0  -27.157703 109.041344 10.282301  0.498781 0.421095 0.757560  0.865400 0.387600 1 1 1.000000
0  -27.157703 108.834923 10.247890  0.386065 -0.160068 0.908478  0.858800 0.387600 1 1 1.000000
aluminium
0  -27.157703 108.834923 10.247890  0.386065 -0.160068 0.908478  0.858800 0.387600 1 1 1.000000
0  -27.157703 109.041344 10.282301  0.498781 0.421095 0.757560  0.865400 0.387600 1 1 1.000000
0  -27.960573 108.961060 10.431401  -0.000004 -0.173429 0.984846  0.858800 0.374400 1 1 1.000000
aluminium
0  -27.157703 109.041344 10.282301  0.498781 0.421095 0.757560  0.865400 0.387600 1 1 1.000000
0  -27.960573 109.167534 10.465813  -0.000006 0.447698 0.894185  0.865400 0.374400 1 1 1.000000
0  -27.960573 108.961060 10.431401  -0.000004 -0.173429 0.984846  0.858800 0.374400 1 1 1.000000
aluminium
0  -27.960573 108.961060 10.431401  -0.000004 -0.173429 0.984846  0.858800 0.374400 1 1 1.000000
0  -27.960573 109.167534 10.465813  -0.000006 0.447698 0.894185  0.865400 0.374400 1 1 1.000000
0  -28.763445 108.834923 10.247890  -0.379490 -0.160792 0.911117  0.858800 0.361100 1 1 1.000000
aluminium
0  -27.960573 109.167534 10.465813  -0.000006 0.447698 0.894185  0.865400 0.374400 1 1 1.000000
0  -28.763445 109.041344 10.282301  -0.492777 0.422713 0.760582  0.865400 0.361100 1 1 1.000000
0  -28.763445 108.834923 10.247890  -0.379490 -0.160792 0.911117  0.858800 0.361100 1 1 1.000000
aluminium
0  -28.763445 108.834923 10.247890  -0.379490 -0.160792 0.911117  0.858800 0.361100 1 1 1.000000
0  -28.763445 109.041344 10.282301  -0.492777 0.422713 0.760582  0.865400 0.361100 1 1 1.000000
0  -29.440170 108.479355 9.720309  -0.707841 -0.122616 0.695648  0.858800 0.347900 1 1 1.000000
aluminium
0  -28.763445 109.041344 10.282301  -0.492777 0.422713 0.760582  0.865400 0.361100 1 1 1.000000
0  -29.440170 108.674324 9.754676  -0.810273 0.371904 0.452929  0.865400 0.347900 1 1 1.000000
0  -29.440170 108.479355 9.720309  -0.707841 -0.122616 0.695648  0.858800 0.347900 1 1 1.000000
aluminium
0  -29.440170 108.479355 9.720309  -0.707841 -0.122616 0.695648  0.858800 0.347900 1 1 1.000000
0  -29.440170 108.674324 9.754676  -0.810273 0.371904 0.452929  0.865400 0.347900 1 1 1.000000
0  -29.898972 107.940269 8.928895  -0.925086 -0.065880 0.374000  0.858800 0.334600 1 1 1.000000
aluminium
0  -29.440170 108.674324 9.754676  -0.810273 0.371904 0.452929  0.865400 0.347900 1 1 1.000000
0  -29.898972 108.146744 8.963306  -0.936216 0.337018 0.099593  0.865400 0.334600 1 1 1.000000
0  -29.898972 107.940269 8.928895  -0.925086 -0.065880 0.374000  0.858800 0.334600 1 1 1.000000
aluminium
0  -29.898972 107.940269 8.928895  -0.925086 -0.065880 0.374000  0.858800 0.334600 1 1 1.000000
0  -29.898972 108.146744 8.963306  -0.936216 0.337018 0.099593  0.865400 0.334600 1 1 1.000000
0  -30.059528 107.309410 8.011290  -1.000000 -0.000011 0.000017  0.858800 0.321400 1 1 1.000000
aluminium
0  -29.898972 108.146744 8.963306  -0.936216 0.337018 0.099593  0.865400 0.334600 1 1 1.000000
0  -30.059528 107.515884 8.045701  -0.915696 0.329207 -0.230485  0.865400 0.321400 1 1 1.000000
0  -30.059528 107.309410 8.011290  -1.000000 -0.000011 0.000017  0.858800 0.321400 1 1 1.000000
aluminium
0  -30.059528 107.309410 8.011290  -1.000000 -0.000011 0.000017  0.858800 0.321400 1 1 1.000000
0  -30.059528 107.515884 8.045701  -0.915696 0.329207 -0.230485  0.865400 0.321400 1 1 1.000000
0  -29.898972 106.678604 7.082230  -0.922459 0.067064 -0.380226  0.858800 0.308200 1 1 1.000000
aluminium
0  -30.059528 107.515884 8.045701  -0.915696 0.329207 -0.230485  0.865400 0.321400 1 1 1.000000
0  -29.898972 106.873573 7.116641  -0.783997 0.340706 -0.518911  0.865400 0.308200 1 1 1.000000
0  -29.898972 106.678604 7.082230  -0.922459 0.067064 -0.380226  0.858800 0.308200 1 1 1.000000
aluminium
0  -29.898972 106.678604 7.082230  -0.922459 0.067064 -0.380226  0.858800 0.308200 1 1 1.000000
0  -29.898972 106.873573 7.116641  -0.783997 0.340706 -0.518911  0.865400 0.308200 1 1 1.000000
0  -29.440170 106.139519 6.290815  -0.703191 0.123500 -0.700193  0.858800 0.294900 1 1 1.000000
aluminium
0  -29.898972 106.873573 7.116641  -0.783997 0.340706 -0.518911  0.865400 0.308200 1 1 1.000000
0  -29.440170 106.345993 6.325226  -0.566177 0.354784 -0.744024  0.865400 0.294900 1 1 1.000000
0  -29.440170 106.139519 6.290815  -0.703191 0.123500 -0.700193  0.858800 0.294900 1 1 1.000000
aluminium
0  -28.763445 109.041344 10.282301  -0.492777 0.422713 0.760582  0.865400 0.361100 1 1 1.000000
0  -28.729034 109.087212 10.202023  -0.133900 0.936918 -0.322886  0.869700 0.361100 1 1 1.000000
0  -29.440170 108.674324 9.754676  -0.810273 0.371904 0.452929  0.865400 0.347900 1 1 1.000000
aluminium
0  -27.960573 109.201942 10.385534  0.000023 0.962429 -0.271532  0.869700 0.374400 1 1 1.000000
0  -28.729034 109.087212 10.202023  -0.133900 0.936918 -0.322886  0.869700 0.361100 1 1 1.000000
0  -28.763445 109.041344 10.282301  -0.492777 0.422713 0.760582  0.865400 0.361100 1 1 1.000000
aluminium
0  -27.960573 109.167534 10.465813  -0.000006 0.447698 0.894185  0.865400 0.374400 1 1 1.000000
0  -27.960573 109.201942 10.385534  0.000023 0.962429 -0.271532  0.869700 0.374400 1 1 1.000000
0  -28.763445 109.041344 10.282301  -0.492777 0.422713 0.760582  0.865400 0.361100 1 1 1.000000
aluminium
0  -27.192114 109.087212 10.202023  0.141478 0.936001 -0.322312  0.869700 0.387600 1 1 1.000000
0  -27.960573 109.201942 10.385534  0.000023 0.962429 -0.271532  0.869700 0.374400 1 1 1.000000
0  -27.960573 109.167534 10.465813  -0.000006 0.447698 0.894185  0.865400 0.374400 1 1 1.000000
aluminium
0  -27.157703 109.041344 10.282301  0.498781 0.421095 0.757560  0.865400 0.387600 1 1 1.000000
0  -27.192114 109.087212 10.202023  0.141478 0.936001 -0.322312  0.869700 0.387600 1 1 1.000000
0  -27.960573 109.167534 10.465813  -0.000006 0.447698 0.894185  0.865400 0.374400 1 1 1.000000
aluminium
0  -26.538345 108.743141 9.697353  0.181806 0.879976 -0.438850  0.869700 0.400800 1 1 1.000000
0  -27.192114 109.087212 10.202023  0.141478 0.936001 -0.322312  0.869700 0.387600 1 1 1.000000
0  -27.157703 109.041344 10.282301  0.498781 0.421095 0.757560  0.865400 0.387600 1 1 1.000000
aluminium
0  -26.469522 108.674324 9.754676  0.813105 0.369507 0.449805  0.865400 0.400800 1 1 1.000000
0  -26.538345 108.743141 9.697353  0.181806 0.879976 -0.438850  0.869700 0.400800 1 1 1.000000
0  -27.157703 109.041344 10.282301  0.498781 0.421095 0.757560  0.865400 0.387600 1 1 1.000000
aluminium
0  -29.440170 103.283562 8.802705  -0.707142 -0.122805 0.696325  0.727400 0.347900 1 1 1.000000
0  -29.440170 108.479355 9.720309  -0.707841 -0.122616 0.695648  0.858800 0.347900 1 1 1.000000
0  -29.898972 102.744476 8.011290  -0.925166 -0.065899 0.373798  0.727400 0.334600 1 1 1.000000
aluminium
0  -29.440170 108.479355 9.720309  -0.707841 -0.122616 0.695648  0.858800 0.347900 1 1 1.000000
0  -29.898972 107.940269 8.928895  -0.925086 -0.065880 0.374000  0.858800 0.334600 1 1 1.000000
0  -29.898972 102.744476 8.011290  -0.925166 -0.065899 0.373798  0.727400 0.334600 1 1 1.000000
aluminium
0  -29.898972 102.744476 8.011290  -0.925166 -0.065899 0.373798  0.727400 0.334600 1 1 1.000000
0  -29.898972 107.940269 8.928895  -0.925086 -0.065880 0.374000  0.858800 0.334600 1 1 1.000000
0  -30.059528 102.113617 7.093730  -1.000000 0.000022 -0.000125  0.727400 0.321400 1 1 1.000000
aluminium
0  -29.898972 107.940269 8.928895  -0.925086 -0.065880 0.374000  0.858800 0.334600 1 1 1.000000
0  -30.059528 107.309410 8.011290  -1.000000 -0.000011 0.000017  0.858800 0.321400 1 1 1.000000
0  -30.059528 102.113617 7.093730  -1.000000 0.000022 -0.000125  0.727400 0.321400 1 1 1.000000
aluminium
0  -30.059528 102.113617 7.093730  -1.000000 0.000022 -0.000125  0.727400 0.321400 1 1 1.000000
0  -30.059528 107.309410 8.011290  -1.000000 -0.000011 0.000017  0.858800 0.321400 1 1 1.000000
0  -29.898972 101.482811 6.164671  -0.922461 0.067070 -0.380219  0.727400 0.308200 1 1 1.000000
aluminium
0  -30.059528 107.309410 8.011290  -1.000000 -0.000011 0.000017  0.858800 0.321400 1 1 1.000000
0  -29.898972 106.678604 7.082230  -0.922459 0.067064 -0.380226  0.858800 0.308200 1 1 1.000000
0  -29.898972 101.482811 6.164671  -0.922461 0.067070 -0.380219  0.727400 0.308200 1 1 1.000000
aluminium
0  -29.898972 101.482811 6.164671  -0.922461 0.067070 -0.380219  0.727400 0.308200 1 1 1.000000
0  -29.898972 106.678604 7.082230  -0.922459 0.067064 -0.380226  0.858800 0.308200 1 1 1.000000
0  -29.440168 100.943726 5.373255  -0.703229 0.123494 -0.700156  0.727400 0.294900 1 1 1.000000
aluminium
0  -29.898972 106.678604 7.082230  -0.922459 0.067064 -0.380226  0.858800 0.308200 1 1 1.000000
0  -29.440170 106.139519 6.290815  -0.703191 0.123500 -0.700193  0.858800 0.294900 1 1 1.000000
0  -29.440168 100.943726 5.373255  -0.703229 0.123494 -0.700156  0.727400 0.294900 1 1 1.000000
aluminium
0  -29.440168 100.943726 5.373255  -0.703229 0.123494 -0.700156  0.727400 0.294900 1 1 1.000000
0  -29.440170 106.139519 6.290815  -0.703191 0.123500 -0.700193  0.858800 0.294900 1 1 1.000000
0  -28.763443 100.588158 4.845631  -0.376850 0.160802 -0.912210  0.727400 0.281700 1 1 1.000000
aluminium
0  -29.440170 106.139519 6.290815  -0.703191 0.123500 -0.700193  0.858800 0.294900 1 1 1.000000
0  -28.763445 105.783951 5.763236  -0.376936 0.160781 -0.912178  0.858800 0.281700 1 1 1.000000
0  -28.763443 100.588158 4.845631  -0.376850 0.160802 -0.912210  0.727400 0.281700 1 1 1.000000
aluminium
0  -29.440170 106.139519 6.290815  -0.703191 0.123500 -0.700193  0.858800 0.294900 1 1 1.000000
0  -29.440170 106.345993 6.325226  -0.566177 0.354784 -0.744024  0.865400 0.294900 1 1 1.000000
0  -28.763445 105.783951 5.763236  -0.376936 0.160781 -0.912178  0.858800 0.281700 1 1 1.000000
aluminium
0  -29.440170 106.345993 6.325226  -0.566177 0.354784 -0.744024  0.865400 0.294900 1 1 1.000000
0  -28.763445 105.990417 5.797647  -0.290605 0.363362 -0.885165  0.865400 0.281700 1 1 1.000000
0  -28.763445 105.783951 5.763236  -0.376936 0.160781 -0.912178  0.858800 0.281700 1 1 1.000000
aluminium
0  -29.440170 106.345993 6.325226  -0.566177 0.354784 -0.744024  0.865400 0.294900 1 1 1.000000
0  -29.382803 106.495087 6.417005  0.181742 0.879998 -0.438831  0.869700 0.294900 1 1 1.000000
0  -28.763445 105.990417 5.797647  -0.290605 0.363362 -0.885165  0.865400 0.281700 1 1 1.000000
aluminium
0  -29.382803 106.495087 6.417005  0.181742 0.879998 -0.438831  0.869700 0.294900 1 1 1.000000
0  -28.729034 106.162430 5.912335  0.141881 0.935909 -0.322402  0.869700 0.281700 1 1 1.000000
0  -28.763445 105.990417 5.797647  -0.290605 0.363362 -0.885165  0.865400 0.281700 1 1 1.000000
aluminium
0  -29.382803 106.495087 6.417005  0.181742 0.879998 -0.438831  0.869700 0.294900 1 1 1.000000
0  -29.314026 106.437721 6.474372  0.812914 0.369631 0.450048  0.874100 0.294900 1 1 1.000000
0  -28.729034 106.162430 5.912335  0.141881 0.935909 -0.322402  0.869700 0.281700 1 1 1.000000
aluminium
0  -29.314026 106.437721 6.474372  0.812914 0.369631 0.450048  0.874100 0.294900 1 1 1.000000
0  -28.694622 106.116562 5.992614  0.498827 0.421148 0.757500  0.874100 0.281700 1 1 1.000000
0  -28.729034 106.162430 5.912335  0.141881 0.935909 -0.322402  0.869700 0.281700 1 1 1.000000
aluminium
0  -29.314026 106.437721 6.474372  0.812914 0.369631 0.450048  0.874100 0.294900 1 1 1.000000
0  -29.314026 106.277161 6.439961  0.711001 -0.114297 0.693840  0.880000 0.294900 1 1 1.000000
0  -28.694622 106.116562 5.992614  0.498827 0.421148 0.757500  0.874100 0.281700 1 1 1.000000
aluminium
0  -29.314026 106.277161 6.439961  0.711001 -0.114297 0.693840  0.880000 0.294900 1 1 1.000000
0  -28.694622 105.956001 5.958202  0.356304 -0.162202 0.920184  0.880000 0.281700 1 1 1.000000
0  -28.694622 106.116562 5.992614  0.498827 0.421148 0.757500  0.874100 0.281700 1 1 1.000000
aluminium
0  -29.314026 106.277161 6.439961  0.711001 -0.114297 0.693840  0.880000 0.294900 1 1 1.000000
0  -29.314026 102.446281 5.763236  0.657165 0.278611 0.700364  0.974400 0.294900 1 1 1.000000
0  -28.694622 105.956001 5.958202  0.356304 -0.162202 0.920184  0.880000 0.281700 1 1 1.000000
aluminium
0  -29.876017 102.216850 7.105186  0.965838 0.255209 0.045000  0.974400 0.321400 1 1 1.000000
0  -29.314026 102.446281 5.763236  0.657165 0.278611 0.700364  0.974400 0.294900 1 1 1.000000
0  -29.314026 106.277161 6.439961  0.711001 -0.114297 0.693840  0.880000 0.294900 1 1 1.000000
aluminium
0  -29.876017 102.216850 7.105186  0.965838 0.255209 0.045000  0.974400 0.321400 1 1 1.000000
0  -27.960573 100.370232 6.784029  0.000470 0.984847 0.173424  0.981500 0.301500 1 1 1.000000
0  -29.314026 102.446281 5.763236  0.657165 0.278611 0.700364  0.974400 0.294900 1 1 1.000000
aluminium
0  -28.763445 105.990417 5.797647  -0.290605 0.363362 -0.885165  0.865400 0.281700 1 1 1.000000
0  -28.729034 106.162430 5.912335  0.141881 0.935909 -0.322402  0.869700 0.281700 1 1 1.000000
0  -27.960573 105.864227 5.614135  -0.000034 0.370803 -0.928711  0.865400 0.268500 1 1 1.000000
aluminium
0  -28.729034 106.162430 5.912335  0.141881 0.935909 -0.322402  0.869700 0.281700 1 1 1.000000
0  -27.960573 106.036278 5.740279  0.000002 0.962438 -0.271501  0.869700 0.268500 1 1 1.000000
0  -27.960573 105.864227 5.614135  -0.000034 0.370803 -0.928711  0.865400 0.268500 1 1 1.000000
aluminium
0  -28.729034 106.162430 5.912335  0.141881 0.935909 -0.322402  0.869700 0.281700 1 1 1.000000
0  -28.694622 106.116562 5.992614  0.498827 0.421148 0.757500  0.874100 0.281700 1 1 1.000000
0  -27.960573 106.036278 5.740279  0.000002 0.962438 -0.271501  0.869700 0.268500 1 1 1.000000
aluminium
0  -28.694622 106.116562 5.992614  0.498827 0.421148 0.757500  0.874100 0.281700 1 1 1.000000
0  -27.960573 106.001869 5.820558  -0.000033 0.447737 0.894165  0.874100 0.268500 1 1 1.000000
0  -27.960573 106.036278 5.740279  0.000002 0.962438 -0.271501  0.869700 0.268500 1 1 1.000000
aluminium
0  -28.694622 106.116562 5.992614  0.498827 0.421148 0.757500  0.874100 0.281700 1 1 1.000000
0  -28.694622 105.956001 5.958202  0.356304 -0.162202 0.920184  0.880000 0.281700 1 1 1.000000
0  -27.960573 106.001869 5.820558  -0.000033 0.447737 0.894165  0.874100 0.268500 1 1 1.000000
aluminium
0  -28.694622 105.956001 5.958202  0.356304 -0.162202 0.920184  0.880000 0.281700 1 1 1.000000
0  -27.960573 105.841316 5.797647  -0.000005 -0.173622 0.984812  0.880000 0.268500 1 1 1.000000
0  -27.960573 106.001869 5.820558  -0.000033 0.447737 0.894165  0.874100 0.268500 1 1 1.000000
aluminium
0  -28.694622 105.956001 5.958202  0.356304 -0.162202 0.920184  0.880000 0.281700 1 1 1.000000
0  -27.960573 102.549507 5.212699  -0.000005 0.089496 0.995987  0.974400 0.268500 1 1 1.000000
0  -27.960573 105.841316 5.797647  -0.000005 -0.173622 0.984812  0.880000 0.268500 1 1 1.000000
aluminium
0  -29.314026 102.446281 5.763236  0.657165 0.278611 0.700364  0.974400 0.294900 1 1 1.000000
0  -27.960573 102.549507 5.212699  -0.000005 0.089496 0.995987  0.974400 0.268500 1 1 1.000000
0  -28.694622 105.956001 5.958202  0.356304 -0.162202 0.920184  0.880000 0.281700 1 1 1.000000
aluminium
0  -29.314026 102.446281 5.763236  0.657165 0.278611 0.700364  0.974400 0.294900 1 1 1.000000
0  -27.960573 100.370232 6.784029  0.000470 0.984847 0.173424  0.981500 0.288300 1 1 1.000000
0  -27.960573 102.549507 5.212699  -0.000005 0.089496 0.995987  0.974400 0.268500 1 1 1.000000
aluminium
0  -28.763443 93.453972 7.529577  -0.379606 -0.160700 0.911084  0.668600 0.361100 1 1 1.000000
0  -28.763445 103.639130 9.330330  -0.379296 -0.160707 0.911212  0.727400 0.361100 1 1 1.000000
0  -29.440168 93.534294 7.082230  -0.707040 -0.122811 0.696428  0.668600 0.347900 1 1 1.000000
aluminium
0  -28.763445 103.639130 9.330330  -0.379296 -0.160707 0.911212  0.727400 0.361100 1 1 1.000000
0  -29.440170 103.283562 8.802705  -0.707142 -0.122805 0.696325  0.727400 0.347900 1 1 1.000000
0  -29.440168 93.534294 7.082230  -0.707040 -0.122811 0.696428  0.668600 0.347900 1 1 1.000000
aluminium
0  -29.440168 93.534294 7.082230  -0.707040 -0.122811 0.696428  0.668600 0.347900 1 1 1.000000
0  -29.440170 103.283562 8.802705  -0.707142 -0.122805 0.696325  0.727400 0.347900 1 1 1.000000
0  -29.898970 93.648979 6.417005  -0.925194 -0.065889 0.373732  0.668600 0.334600 1 1 1.000000
aluminium
0  -29.440170 103.283562 8.802705  -0.707142 -0.122805 0.696325  0.727400 0.347900 1 1 1.000000
0  -29.898972 102.744476 8.011290  -0.925166 -0.065899 0.373798  0.727400 0.334600 1 1 1.000000
0  -29.898970 93.648979 6.417005  -0.925194 -0.065889 0.373732  0.668600 0.334600 1 1 1.000000
aluminium
0  -29.898970 93.648979 6.417005  -0.925194 -0.065889 0.373732  0.668600 0.334600 1 1 1.000000
0  -29.898972 102.744476 8.011290  -0.925166 -0.065899 0.373798  0.727400 0.334600 1 1 1.000000
0  -30.059526 93.798088 5.625590  -1.000000 0.000001 -0.000101  0.668600 0.321400 1 1 1.000000
aluminium
0  -29.898972 102.744476 8.011290  -0.925166 -0.065899 0.373798  0.727400 0.334600 1 1 1.000000
0  -30.059528 102.113617 7.093730  -1.000000 0.000022 -0.000125  0.727400 0.321400 1 1 1.000000
0  -30.059526 93.798088 5.625590  -1.000000 0.000001 -0.000101  0.668600 0.321400 1 1 1.000000
aluminium
0  -30.059526 93.798088 5.625590  -1.000000 0.000001 -0.000101  0.668600 0.321400 1 1 1.000000
0  -30.059528 102.113617 7.093730  -1.000000 0.000022 -0.000125  0.727400 0.321400 1 1 1.000000
0  -29.898970 93.935730 4.834175  -0.922403 0.067093 -0.380356  0.668600 0.308200 1 1 1.000000
aluminium
0  -30.059528 102.113617 7.093730  -1.000000 0.000022 -0.000125  0.727400 0.321400 1 1 1.000000
0  -29.898972 101.482811 6.164671  -0.922461 0.067070 -0.380219  0.727400 0.308200 1 1 1.000000
0  -29.898970 93.935730 4.834175  -0.922403 0.067093 -0.380356  0.668600 0.308200 1 1 1.000000
aluminium
0  -29.898970 93.935730 4.834175  -0.922403 0.067093 -0.380356  0.668600 0.308200 1 1 1.000000
0  -29.898972 101.482811 6.164671  -0.922461 0.067070 -0.380219  0.727400 0.308200 1 1 1.000000
0  -29.440168 94.050423 4.157450  -0.703150 0.123488 -0.700236  0.668600 0.294900 1 1 1.000000
aluminium
0  -29.898972 101.482811 6.164671  -0.922461 0.067070 -0.380219  0.727400 0.308200 1 1 1.000000
0  -29.440168 100.943726 5.373255  -0.703229 0.123494 -0.700156  0.727400 0.294900 1 1 1.000000
0  -29.440168 94.050423 4.157450  -0.703150 0.123488 -0.700236  0.668600 0.294900 1 1 1.000000
aluminium
0  -29.440168 94.050423 4.157450  -0.703150 0.123488 -0.700236  0.668600 0.294900 1 1 1.000000
0  -29.440168 100.943726 5.373255  -0.703229 0.123494 -0.700156  0.727400 0.294900 1 1 1.000000
0  -28.763443 94.130699 3.710148  -0.376851 0.160798 -0.912210  0.668600 0.281700 1 1 1.000000
aluminium
0  -29.440168 100.943726 5.373255  -0.703229 0.123494 -0.700156  0.727400 0.294900 1 1 1.000000
0  -28.763443 100.588158 4.845631  -0.376850 0.160802 -0.912210  0.727400 0.281700 1 1 1.000000
0  -28.763443 94.130699 3.710148  -0.376851 0.160798 -0.912210  0.668600 0.281700 1 1 1.000000
aluminium
0  -28.763443 94.130699 3.710148  -0.376851 0.160798 -0.912210  0.668600 0.281700 1 1 1.000000
0  -28.763443 100.588158 4.845631  -0.376850 0.160802 -0.912210  0.727400 0.281700 1 1 1.000000
0  -27.960571 94.153648 3.549547  0.000156 0.173453 -0.984842  0.668600 0.268500 1 1 1.000000
aluminium
0  -28.763443 100.588158 4.845631  -0.376850 0.160802 -0.912210  0.727400 0.281700 1 1 1.000000
0  -27.960571 100.462013 4.662118  0.000106 0.173655 -0.984807  0.727400 0.268500 1 1 1.000000
0  -27.960571 94.153648 3.549547  0.000156 0.173453 -0.984842  0.668600 0.268500 1 1 1.000000
aluminium
0  -28.763443 100.588158 4.845631  -0.376850 0.160802 -0.912210  0.727400 0.281700 1 1 1.000000
0  -28.763445 105.783951 5.763236  -0.376936 0.160781 -0.912178  0.858800 0.281700 1 1 1.000000
0  -27.960571 100.462013 4.662118  0.000106 0.173655 -0.984807  0.727400 0.268500 1 1 1.000000
aluminium
0  -28.763445 105.783951 5.763236  -0.376936 0.160781 -0.912178  0.858800 0.281700 1 1 1.000000
0  -27.960573 105.657806 5.579723  0.000002 0.173403 -0.984851  0.858800 0.268500 1 1 1.000000
0  -27.960571 100.462013 4.662118  0.000106 0.173655 -0.984807  0.727400 0.268500 1 1 1.000000
aluminium
0  -28.763445 105.783951 5.763236  -0.376936 0.160781 -0.912178  0.858800 0.281700 1 1 1.000000
0  -28.763445 105.990417 5.797647  -0.290605 0.363362 -0.885165  0.865400 0.281700 1 1 1.000000
0  -27.960573 105.657806 5.579723  0.000002 0.173403 -0.984851  0.858800 0.268500 1 1 1.000000
aluminium
0  -28.763445 105.990417 5.797647  -0.290605 0.363362 -0.885165  0.865400 0.281700 1 1 1.000000
0  -27.960573 105.864227 5.614135  -0.000034 0.370803 -0.928711  0.865400 0.268500 1 1 1.000000
0  -27.960573 105.657806 5.579723  0.000002 0.173403 -0.984851  0.858800 0.268500 1 1 1.000000
aluminium
0  -27.960573 108.869331 10.236434  0.000014 0.173591 -0.984818  0.880000 0.374400 1 1 1.000000
0  -27.960573 101.872787 8.997672  0.000015 0.422920 -0.906167  0.974400 0.374400 1 1 1.000000
0  -28.694622 108.743141 10.064378  0.353705 0.162411 -0.921149  0.880000 0.361100 1 1 1.000000
aluminium
0  -27.226526 108.743141 10.064378  -0.346758 0.162806 -0.923717  0.880000 0.387600 1 1 1.000000
0  -27.960573 101.872787 8.997672  0.000015 0.422920 -0.906167  0.974400 0.374400 1 1 1.000000
0  -27.960573 108.869331 10.236434  0.000014 0.173591 -0.984818  0.880000 0.374400 1 1 1.000000
aluminium
0  -26.182777 107.928772 8.860073  -0.934361 0.061908 -0.350908  0.880000 0.414100 1 1 1.000000
0  -26.595667 108.421989 9.582664  -0.703241 0.123459 -0.700150  0.880000 0.400800 1 1 1.000000
0  -26.595667 108.582588 9.605575  -0.566229 0.354776 -0.743989  0.874100 0.400800 1 1 1.000000
aluminium
0  -26.595667 108.582588 9.605575  -0.566229 0.354776 -0.743989  0.874100 0.400800 1 1 1.000000
0  -26.595667 108.421989 9.582664  -0.703241 0.123459 -0.700150  0.880000 0.400800 1 1 1.000000
0  -27.226526 108.915199 10.087333  -0.290600 0.363542 -0.885093  0.874100 0.387600 1 1 1.000000
aluminium
0  -26.595667 108.421989 9.582664  -0.703241 0.123459 -0.700150  0.880000 0.400800 1 1 1.000000
0  -27.226526 108.743141 10.064378  -0.346758 0.162806 -0.923717  0.880000 0.387600 1 1 1.000000
0  -27.226526 108.915199 10.087333  -0.290600 0.363542 -0.885093  0.874100 0.387600 1 1 1.000000
aluminium
0  -27.226526 108.915199 10.087333  -0.290600 0.363542 -0.885093  0.874100 0.387600 1 1 1.000000
0  -27.226526 108.743141 10.064378  -0.346758 0.162806 -0.923717  0.880000 0.387600 1 1 1.000000
0  -27.960573 109.029892 10.259344  0.000012 0.370624 -0.928783  0.874100 0.374400 1 1 1.000000
aluminium
0  -27.226526 108.743141 10.064378  -0.346758 0.162806 -0.923717  0.880000 0.387600 1 1 1.000000
0  -27.960573 108.869331 10.236434  0.000014 0.173591 -0.984818  0.880000 0.374400 1 1 1.000000
0  -27.960573 109.029892 10.259344  0.000012 0.370624 -0.928783  0.874100 0.374400 1 1 1.000000
aluminium
0  -27.960573 109.029892 10.259344  0.000012 0.370624 -0.928783  0.874100 0.374400 1 1 1.000000
0  -27.960573 108.869331 10.236434  0.000014 0.173591 -0.984818  0.880000 0.374400 1 1 1.000000
0  -28.694622 108.915199 10.087333  0.297784 0.362588 -0.883094  0.874100 0.361100 1 1 1.000000
aluminium
0  -27.960573 108.869331 10.236434  0.000014 0.173591 -0.984818  0.880000 0.374400 1 1 1.000000
0  -28.694622 108.743141 10.064378  0.353705 0.162411 -0.921149  0.880000 0.361100 1 1 1.000000
0  -28.694622 108.915199 10.087333  0.297784 0.362588 -0.883094  0.874100 0.361100 1 1 1.000000
aluminium
0  -28.694622 108.915199 10.087333  0.297784 0.362588 -0.883094  0.874100 0.361100 1 1 1.000000
0  -28.694622 108.743141 10.064378  0.353705 0.162411 -0.921149  0.880000 0.361100 1 1 1.000000
0  -29.314026 108.582588 9.605575  0.571553 0.353163 -0.740677  0.874100 0.347900 1 1 1.000000
aluminium
0  -28.694622 108.743141 10.064378  0.353705 0.162411 -0.921149  0.880000 0.361100 1 1 1.000000
0  -29.314026 108.421989 9.582664  0.707109 0.122777 -0.696364  0.880000 0.347900 1 1 1.000000
0  -29.314026 108.582588 9.605575  0.571553 0.353163 -0.740677  0.874100 0.347900 1 1 1.000000
aluminium
0  -28.694622 108.743141 10.064378  0.353705 0.162411 -0.921149  0.880000 0.361100 1 1 1.000000
0  -27.960573 101.872787 8.997672  0.000015 0.422920 -0.906167  0.974400 0.374400 1 1 1.000000
0  -29.314026 108.421989 9.582664  0.707109 0.122777 -0.696364  0.880000 0.347900 1 1 1.000000
aluminium
0  -27.960573 101.872787 8.997672  0.000015 0.422920 -0.906167  0.974400 0.374400 1 1 1.000000
0  -29.314026 101.976028 8.447137  0.650527 0.498909 -0.572629  0.974400 0.347900 1 1 1.000000
0  -29.314026 108.421989 9.582664  0.707109 0.122777 -0.696364  0.880000 0.347900 1 1 1.000000
aluminium
0  -27.960573 101.872787 8.997672  0.000015 0.422920 -0.906167  0.974400 0.374400 1 1 1.000000
0  -27.960573 100.370232 6.784029  0.000470 0.984847 0.173424  0.981500 0.354500 1 1 1.000000
0  -29.314026 101.976028 8.447137  0.650527 0.498909 -0.572629  0.974400 0.347900 1 1 1.000000
aluminium
0  -26.182777 107.928772 8.860073  -0.934361 0.061908 -0.350908  0.880000 0.414100 1 1 1.000000
0  -26.033676 102.216850 7.105186  -0.965289 0.257227 0.045285  0.974400 0.427300 1 1 1.000000
0  -26.595667 108.421989 9.582664  -0.703241 0.123459 -0.700150  0.880000 0.400800 1 1 1.000000
aluminium
0  -26.033676 102.216850 7.105186  -0.965289 0.257227 0.045285  0.974400 0.427300 1 1 1.000000
0  -26.595667 101.976028 8.447137  -0.646024 0.501422 -0.575525  0.974400 0.400800 1 1 1.000000
0  -26.595667 108.421989 9.582664  -0.703241 0.123459 -0.700150  0.880000 0.400800 1 1 1.000000
aluminium
0  -26.595667 108.421989 9.582664  -0.703241 0.123459 -0.700150  0.880000 0.400800 1 1 1.000000
0  -26.595667 101.976028 8.447137  -0.646024 0.501422 -0.575525  0.974400 0.400800 1 1 1.000000
0  -27.226526 108.743141 10.064378  -0.346758 0.162806 -0.923717  0.880000 0.387600 1 1 1.000000
aluminium
0  -26.595667 101.976028 8.447137  -0.646024 0.501422 -0.575525  0.974400 0.400800 1 1 1.000000
0  -27.960573 101.872787 8.997672  0.000015 0.422920 -0.906167  0.974400 0.374400 1 1 1.000000
0  -27.226526 108.743141 10.064378  -0.346758 0.162806 -0.923717  0.880000 0.387600 1 1 1.000000
aluminium
0  -26.595667 101.976028 8.447137  -0.646024 0.501422 -0.575525  0.974400 0.400800 1 1 1.000000
0  -27.960573 100.370232 6.784029  0.000470 0.984847 0.173424  0.981500 0.394200 1 1 1.000000
0  -27.960573 101.872787 8.997672  0.000015 0.422920 -0.906167  0.974400 0.374400 1 1 1.000000
aluminium
0  -26.033676 102.216850 7.105186  -0.965289 0.257227 0.045285  0.974400 0.427300 1 1 1.000000
0  -27.960573 100.370232 6.784029  0.000470 0.984847 0.173424  0.981500 0.407400 1 1 1.000000
0  -26.595667 101.976028 8.447137  -0.646024 0.501422 -0.575525  0.974400 0.400800 1 1 1.000000
aluminium
0  -29.314026 101.976028 8.447137  0.650527 0.498909 -0.572629  0.974400 0.347900 1 1 1.000000
0  -27.960573 100.370232 6.784029  0.000470 0.984847 0.173424  0.981500 0.341300 1 1 1.000000
0  -29.876017 102.216850 7.105186  0.965838 0.255209 0.045000  0.974400 0.321400 1 1 1.000000
aluminium
0  -29.314026 101.976028 8.447137  0.650527 0.498909 -0.572629  0.974400 0.347900 1 1 1.000000
0  -29.876017 102.216850 7.105186  0.965838 0.255209 0.045000  0.974400 0.321400 1 1 1.000000
0  -29.738373 107.928772 8.860072  0.935372 0.061409 -0.348294  0.880000 0.334600 1 1 1.000000
aluminium
0  -29.314026 108.421989 9.582664  0.707109 0.122777 -0.696364  0.880000 0.347900 1 1 1.000000
0  -29.314026 101.976028 8.447137  0.650527 0.498909 -0.572629  0.974400 0.347900 1 1 1.000000
0  -29.738373 107.928772 8.860072  0.935372 0.061409 -0.348294  0.880000 0.334600 1 1 1.000000
aluminium
0  -29.314026 108.421989 9.582664  0.707109 0.122777 -0.696364  0.880000 0.347900 1 1 1.000000
0  -29.738373 107.928772 8.860072  0.935372 0.061409 -0.348294  0.880000 0.334600 1 1 1.000000
0  -29.738373 108.089378 8.894484  0.787114 0.338591 -0.515566  0.874100 0.334600 1 1 1.000000
aluminium
0  -29.314026 108.582588 9.605575  0.571553 0.353163 -0.740677  0.874100 0.347900 1 1 1.000000
0  -29.314026 108.421989 9.582664  0.707109 0.122777 -0.696364  0.880000 0.347900 1 1 1.000000
0  -29.738373 108.089378 8.894484  0.787114 0.338591 -0.515566  0.874100 0.334600 1 1 1.000000
aluminium
0  -29.314026 108.582588 9.605575  0.571553 0.353163 -0.740677  0.874100 0.347900 1 1 1.000000
0  -29.738373 108.089378 8.894484  0.787114 0.338591 -0.515566  0.874100 0.334600 1 1 1.000000
0  -29.818695 108.227020 8.951805  -0.103177 0.842675 -0.528444  0.869700 0.334600 1 1 1.000000
aluminium
0  -29.382803 108.743141 9.697353  -0.174089 0.881260 -0.439401  0.869700 0.347900 1 1 1.000000
0  -29.314026 108.582588 9.605575  0.571553 0.353163 -0.740677  0.874100 0.347900 1 1 1.000000
0  -29.818695 108.227020 8.951805  -0.103177 0.842675 -0.528444  0.869700 0.334600 1 1 1.000000
aluminium
0  -28.694622 108.915199 10.087333  0.297784 0.362588 -0.883094  0.874100 0.361100 1 1 1.000000
0  -29.314026 108.582588 9.605575  0.571553 0.353163 -0.740677  0.874100 0.347900 1 1 1.000000
0  -29.382803 108.743141 9.697353  -0.174089 0.881260 -0.439401  0.869700 0.347900 1 1 1.000000
aluminium
0  -28.729034 109.087212 10.202023  -0.133900 0.936918 -0.322886  0.869700 0.361100 1 1 1.000000
0  -28.694622 108.915199 10.087333  0.297784 0.362588 -0.883094  0.874100 0.361100 1 1 1.000000
0  -29.382803 108.743141 9.697353  -0.174089 0.881260 -0.439401  0.869700 0.347900 1 1 1.000000
aluminium
0  -27.960573 109.029892 10.259344  0.000012 0.370624 -0.928783  0.874100 0.374400 1 1 1.000000
0  -28.694622 108.915199 10.087333  0.297784 0.362588 -0.883094  0.874100 0.361100 1 1 1.000000
0  -28.729034 109.087212 10.202023  -0.133900 0.936918 -0.322886  0.869700 0.361100 1 1 1.000000
aluminium
0  -27.960573 109.201942 10.385534  0.000023 0.962429 -0.271532  0.869700 0.374400 1 1 1.000000
0  -27.960573 109.029892 10.259344  0.000012 0.370624 -0.928783  0.874100 0.374400 1 1 1.000000
0  -28.729034 109.087212 10.202023  -0.133900 0.936918 -0.322886  0.869700 0.361100 1 1 1.000000
aluminium
0  -27.226526 108.915199 10.087333  -0.290600 0.363542 -0.885093  0.874100 0.387600 1 1 1.000000
0  -27.960573 109.029892 10.259344  0.000012 0.370624 -0.928783  0.874100 0.374400 1 1 1.000000
0  -27.960573 109.201942 10.385534  0.000023 0.962429 -0.271532  0.869700 0.374400 1 1 1.000000
aluminium
0  -27.192114 109.087212 10.202023  0.141478 0.936001 -0.322312  0.869700 0.387600 1 1 1.000000
0  -27.226526 108.915199 10.087333  -0.290600 0.363542 -0.885093  0.874100 0.387600 1 1 1.000000
0  -27.960573 109.201942 10.385534  0.000023 0.962429 -0.271532  0.869700 0.374400 1 1 1.000000
aluminium
0  -26.595667 108.582588 9.605575  -0.566229 0.354776 -0.743989  0.874100 0.400800 1 1 1.000000
0  -27.226526 108.915199 10.087333  -0.290600 0.363542 -0.885093  0.874100 0.387600 1 1 1.000000
0  -27.192114 109.087212 10.202023  0.141478 0.936001 -0.322312  0.869700 0.387600 1 1 1.000000
aluminium
0  -26.538345 108.743141 9.697353  0.181806 0.879976 -0.438850  0.869700 0.400800 1 1 1.000000
0  -26.595667 108.582588 9.605575  -0.566229 0.354776 -0.743989  0.874100 0.400800 1 1 1.000000
0  -27.192114 109.087212 10.202023  0.141478 0.936001 -0.322312  0.869700 0.387600 1 1 1.000000
aluminium
0  -26.595667 102.446281 5.763236  -0.652690 0.280015 0.703980  0.974400 0.453800 1 1 1.000000
0  -27.960573 100.370232 6.784029  0.000470 0.984847 0.173424  0.981500 0.447100 1 1 1.000000
0  -26.033676 102.216850 7.105186  -0.965289 0.257227 0.045285  0.974400 0.427300 1 1 1.000000
aluminium
0  -27.960573 102.549507 5.212699  -0.000005 0.089496 0.995987  0.974400 0.480200 1 1 1.000000
0  -27.960573 100.370232 6.784029  0.000470 0.984847 0.173424  0.981500 0.460400 1 1 1.000000
0  -26.595667 102.446281 5.763236  -0.652690 0.280015 0.703980  0.974400 0.453800 1 1 1.000000
aluminium
0  -29.898972 106.873573 7.116641  -0.783997 0.340706 -0.518911  0.865400 0.308200 1 1 1.000000
0  -29.818695 107.011215 7.174008  0.110907 0.841987 -0.527976  0.869700 0.308200 1 1 1.000000
0  -29.440170 106.345993 6.325226  -0.566177 0.354784 -0.744024  0.865400 0.294900 1 1 1.000000
aluminium
0  -29.818695 107.011215 7.174008  0.110907 0.841987 -0.527976  0.869700 0.308200 1 1 1.000000
0  -29.382803 106.495087 6.417005  0.181742 0.879998 -0.438831  0.869700 0.294900 1 1 1.000000
0  -29.440170 106.345993 6.325226  -0.566177 0.354784 -0.744024  0.865400 0.294900 1 1 1.000000
aluminium
0  -29.818695 107.011215 7.174008  0.110907 0.841987 -0.527976  0.869700 0.308200 1 1 1.000000
0  -29.738373 106.930939 7.185464  0.937179 0.334538 0.098896  0.874100 0.308200 1 1 1.000000
0  -29.382803 106.495087 6.417005  0.181742 0.879998 -0.438831  0.869700 0.294900 1 1 1.000000
aluminium
0  -29.738373 106.930939 7.185464  0.937179 0.334538 0.098896  0.874100 0.308200 1 1 1.000000
0  -29.314026 106.437721 6.474372  0.812914 0.369631 0.450048  0.874100 0.294900 1 1 1.000000
0  -29.382803 106.495087 6.417005  0.181742 0.879998 -0.438831  0.869700 0.294900 1 1 1.000000
aluminium
0  -29.738373 106.930939 7.185464  0.937179 0.334538 0.098896  0.874100 0.308200 1 1 1.000000
0  -29.738373 106.770332 7.162553  0.937917 -0.060296 0.341578  0.880000 0.308200 1 1 1.000000
0  -29.314026 106.437721 6.474372  0.812914 0.369631 0.450048  0.874100 0.294900 1 1 1.000000
aluminium
0  -29.738373 106.770332 7.162553  0.937917 -0.060296 0.341578  0.880000 0.308200 1 1 1.000000
0  -29.314026 106.277161 6.439961  0.711001 -0.114297 0.693840  0.880000 0.294900 1 1 1.000000
0  -29.314026 106.437721 6.474372  0.812914 0.369631 0.450048  0.874100 0.294900 1 1 1.000000
aluminium
0  -29.738373 106.770332 7.162553  0.937917 -0.060296 0.341578  0.880000 0.308200 1 1 1.000000
0  -29.876017 102.216850 7.105186  0.965838 0.255209 0.045000  0.974400 0.321400 1 1 1.000000
0  -29.314026 106.277161 6.439961  0.711001 -0.114297 0.693840  0.880000 0.294900 1 1 1.000000
aluminium
0  -29.876017 107.355324 8.011290  1.000000 -0.000025 0.000021  0.880000 0.321400 1 1 1.000000
0  -29.876017 102.216850 7.105186  0.965838 0.255209 0.045000  0.974400 0.321400 1 1 1.000000
0  -29.738373 106.770332 7.162553  0.937917 -0.060296 0.341578  0.880000 0.308200 1 1 1.000000
aluminium
0  -29.738373 107.928772 8.860072  0.935372 0.061409 -0.348294  0.880000 0.334600 1 1 1.000000
0  -29.876017 102.216850 7.105186  0.965838 0.255209 0.045000  0.974400 0.321400 1 1 1.000000
0  -29.876017 107.355324 8.011290  1.000000 -0.000025 0.000021  0.880000 0.321400 1 1 1.000000
aluminium
0  -29.738373 107.928772 8.860072  0.935372 0.061409 -0.348294  0.880000 0.334600 1 1 1.000000
0  -29.876017 107.355324 8.011290  1.000000 -0.000025 0.000021  0.880000 0.321400 1 1 1.000000
0  -29.876017 107.515884 8.045701  0.916970 0.326812 -0.228824  0.874100 0.321400 1 1 1.000000
aluminium
0  -29.738373 108.089378 8.894484  0.787114 0.338591 -0.515566  0.874100 0.334600 1 1 1.000000
0  -29.738373 107.928772 8.860072  0.935372 0.061409 -0.348294  0.880000 0.334600 1 1 1.000000
0  -29.876017 107.515884 8.045701  0.916970 0.326812 -0.228824  0.874100 0.321400 1 1 1.000000
aluminium
0  -29.738373 108.089378 8.894484  0.787114 0.338591 -0.515566  0.874100 0.334600 1 1 1.000000
0  -29.876017 107.515884 8.045701  0.916970 0.326812 -0.228824  0.874100 0.321400 1 1 1.000000
0  -29.967794 107.619118 8.057157  -0.000004 0.828604 -0.559835  0.869700 0.321400 1 1 1.000000
aluminium
0  -29.818695 108.227020 8.951805  -0.103177 0.842675 -0.528444  0.869700 0.334600 1 1 1.000000
0  -29.738373 108.089378 8.894484  0.787114 0.338591 -0.515566  0.874100 0.334600 1 1 1.000000
0  -29.967794 107.619118 8.057157  -0.000004 0.828604 -0.559835  0.869700 0.321400 1 1 1.000000
aluminium
0  -29.818695 108.227020 8.951805  -0.103177 0.842675 -0.528444  0.869700 0.334600 1 1 1.000000
0  -29.967794 107.619118 8.057157  -0.000004 0.828604 -0.559835  0.869700 0.321400 1 1 1.000000
0  -30.059528 107.515884 8.045701  -0.915696 0.329207 -0.230485  0.865400 0.321400 1 1 1.000000
aluminium
0  -29.898972 108.146744 8.963306  -0.936216 0.337018 0.099593  0.865400 0.334600 1 1 1.000000
0  -29.818695 108.227020 8.951805  -0.103177 0.842675 -0.528444  0.869700 0.334600 1 1 1.000000
0  -30.059528 107.515884 8.045701  -0.915696 0.329207 -0.230485  0.865400 0.321400 1 1 1.000000
aluminium
0  -29.382803 108.743141 9.697353  -0.174089 0.881260 -0.439401  0.869700 0.347900 1 1 1.000000
0  -29.818695 108.227020 8.951805  -0.103177 0.842675 -0.528444  0.869700 0.334600 1 1 1.000000
0  -29.898972 108.146744 8.963306  -0.936216 0.337018 0.099593  0.865400 0.334600 1 1 1.000000
aluminium
0  -29.440170 108.674324 9.754676  -0.810273 0.371904 0.452929  0.865400 0.347900 1 1 1.000000
0  -29.382803 108.743141 9.697353  -0.174089 0.881260 -0.439401  0.869700 0.347900 1 1 1.000000
0  -29.898972 108.146744 8.963306  -0.936216 0.337018 0.099593  0.865400 0.334600 1 1 1.000000
aluminium
0  -28.729034 109.087212 10.202023  -0.133900 0.936918 -0.322886  0.869700 0.361100 1 1 1.000000
0  -29.382803 108.743141 9.697353  -0.174089 0.881260 -0.439401  0.869700 0.347900 1 1 1.000000
0  -29.440170 108.674324 9.754676  -0.810273 0.371904 0.452929  0.865400 0.347900 1 1 1.000000
aluminium
0  -30.059528 107.515884 8.045701  -0.915696 0.329207 -0.230485  0.865400 0.321400 1 1 1.000000
0  -29.967794 107.619118 8.057157  -0.000004 0.828604 -0.559835  0.869700 0.321400 1 1 1.000000
0  -29.898972 106.873573 7.116641  -0.783997 0.340706 -0.518911  0.865400 0.308200 1 1 1.000000
aluminium
0  -29.967794 107.619118 8.057157  -0.000004 0.828604 -0.559835  0.869700 0.321400 1 1 1.000000
0  -29.818695 107.011215 7.174008  0.110907 0.841987 -0.527976  0.869700 0.308200 1 1 1.000000
0  -29.898972 106.873573 7.116641  -0.783997 0.340706 -0.518911  0.865400 0.308200 1 1 1.000000
aluminium
0  -29.967794 107.619118 8.057157  -0.000004 0.828604 -0.559835  0.869700 0.321400 1 1 1.000000
0  -29.876017 107.515884 8.045701  0.916970 0.326812 -0.228824  0.874100 0.321400 1 1 1.000000
0  -29.818695 107.011215 7.174008  0.110907 0.841987 -0.527976  0.869700 0.308200 1 1 1.000000
aluminium
0  -29.876017 107.515884 8.045701  0.916970 0.326812 -0.228824  0.874100 0.321400 1 1 1.000000
0  -29.738373 106.930939 7.185464  0.937179 0.334538 0.098896  0.874100 0.308200 1 1 1.000000
0  -29.818695 107.011215 7.174008  0.110907 0.841987 -0.527976  0.869700 0.308200 1 1 1.000000
aluminium
0  -29.876017 107.515884 8.045701  0.916970 0.326812 -0.228824  0.874100 0.321400 1 1 1.000000
0  -29.876017 107.355324 8.011290  1.000000 -0.000025 0.000021  0.880000 0.321400 1 1 1.000000
0  -29.738373 106.930939 7.185464  0.937179 0.334538 0.098896  0.874100 0.308200 1 1 1.000000
aluminium
0  -29.876017 107.355324 8.011290  1.000000 -0.000025 0.000021  0.880000 0.321400 1 1 1.000000
0  -29.738373 106.770332 7.162553  0.937917 -0.060296 0.341578  0.880000 0.308200 1 1 1.000000
0  -29.738373 106.930939 7.185464  0.937179 0.334538 0.098896  0.874100 0.308200 1 1 1.000000
aluminium
0  26.818882 91.527069 6.382603  -0.689606 -0.338205 0.640360  0.641900 0.347900 1 1 1.000000
0  27.346508 91.458252 6.726671  -0.372194 -0.374598 0.849205  0.641900 0.361100 1 1 1.000000
0  27.162994 93.453972 7.529586  -0.371680 -0.375242 0.849145  0.668600 0.361100 1 1 1.000000
aluminium
0  26.474815 93.534294 7.082239  -0.689747 -0.338055 0.640287  0.668600 0.347900 1 1 1.000000
0  26.818882 91.527069 6.382603  -0.689606 -0.338205 0.640360  0.641900 0.347900 1 1 1.000000
0  27.162994 93.453972 7.529586  -0.371680 -0.375242 0.849145  0.668600 0.361100 1 1 1.000000
aluminium
0  26.463314 91.607346 5.866478  -0.901736 -0.282611 0.327115  0.641900 0.334600 1 1 1.000000
0  26.818882 91.527069 6.382603  -0.689606 -0.338205 0.640360  0.641900 0.347900 1 1 1.000000
0  26.474815 93.534294 7.082239  -0.689747 -0.338055 0.640287  0.668600 0.347900 1 1 1.000000
aluminium
0  26.027466 93.648979 6.417014  -0.901758 -0.282491 0.327156  0.668600 0.334600 1 1 1.000000
0  26.463314 91.607346 5.866478  -0.901736 -0.282611 0.327115  0.641900 0.334600 1 1 1.000000
0  26.474815 93.534294 7.082239  -0.689747 -0.338055 0.640287  0.668600 0.347900 1 1 1.000000
aluminium
0  26.348625 91.722092 5.258575  -0.975312 -0.217640 -0.037405  0.641900 0.321400 1 1 1.000000
0  26.463314 91.607346 5.866478  -0.901736 -0.282611 0.327115  0.641900 0.334600 1 1 1.000000
0  26.027466 93.648979 6.417014  -0.901758 -0.282491 0.327156  0.668600 0.334600 1 1 1.000000
aluminium
0  25.866913 93.798088 5.625599  -0.975248 -0.217659 -0.038937  0.668600 0.321400 1 1 1.000000
0  26.348625 91.722092 5.258575  -0.975312 -0.217640 -0.037405  0.641900 0.321400 1 1 1.000000
0  26.027466 93.648979 6.417014  -0.901758 -0.282491 0.327156  0.668600 0.334600 1 1 1.000000
aluminium
0  26.463314 91.825272 4.650672  -0.898886 -0.151704 -0.411084  0.641900 0.308200 1 1 1.000000
0  26.348625 91.722092 5.258575  -0.975312 -0.217640 -0.037405  0.641900 0.321400 1 1 1.000000
0  25.866913 93.798088 5.625599  -0.975248 -0.217659 -0.038937  0.668600 0.321400 1 1 1.000000
aluminium
0  26.027466 93.935730 4.834184  -0.898911 -0.151715 -0.411025  0.668600 0.308200 1 1 1.000000
0  26.463314 91.825272 4.650672  -0.898886 -0.151704 -0.411084  0.641900 0.308200 1 1 1.000000
0  25.866913 93.798088 5.625599  -0.975248 -0.217659 -0.038937  0.668600 0.321400 1 1 1.000000
aluminium
0  26.818882 91.917053 4.134548  -0.685700 -0.096904 -0.721405  0.641900 0.294900 1 1 1.000000
0  26.463314 91.825272 4.650672  -0.898886 -0.151704 -0.411084  0.641900 0.308200 1 1 1.000000
0  26.027466 93.935730 4.834184  -0.898911 -0.151715 -0.411025  0.668600 0.308200 1 1 1.000000
aluminium
0  26.474815 94.050423 4.157459  -0.685748 -0.096953 -0.721353  0.668600 0.294900 1 1 1.000000
0  26.818882 91.917053 4.134548  -0.685700 -0.096904 -0.721405  0.641900 0.294900 1 1 1.000000
0  26.027466 93.935730 4.834184  -0.898911 -0.151715 -0.411025  0.668600 0.308200 1 1 1.000000
aluminium
0  27.346508 91.974419 3.790435  -0.369080 -0.059689 -0.927479  0.641900 0.281700 1 1 1.000000
0  26.818882 91.917053 4.134548  -0.685700 -0.096904 -0.721405  0.641900 0.294900 1 1 1.000000
0  26.474815 94.050423 4.157459  -0.685748 -0.096953 -0.721353  0.668600 0.294900 1 1 1.000000
aluminium
0  27.162994 94.130699 3.710157  -0.369122 -0.059753 -0.927458  0.668600 0.281700 1 1 1.000000
0  27.346508 91.974419 3.790435  -0.369080 -0.059689 -0.927479  0.641900 0.281700 1 1 1.000000
0  26.474815 94.050423 4.157459  -0.685748 -0.096953 -0.721353  0.668600 0.294900 1 1 1.000000
aluminium
0  27.965866 91.997322 3.664290  0.000011 -0.047580 -0.998867  0.641900 0.268500 1 1 1.000000
0  27.346508 91.974419 3.790435  -0.369080 -0.059689 -0.927479  0.641900 0.281700 1 1 1.000000
0  27.162994 94.130699 3.710157  -0.369122 -0.059753 -0.927458  0.668600 0.281700 1 1 1.000000
aluminium
0  27.965866 94.153648 3.549556  -0.000012 -0.047564 -0.998868  0.668600 0.268500 1 1 1.000000
0  27.965866 91.997322 3.664290  0.000011 -0.047580 -0.998867  0.641900 0.268500 1 1 1.000000
0  27.162994 94.130699 3.710157  -0.369122 -0.059753 -0.927458  0.668600 0.281700 1 1 1.000000
aluminium
0  28.585224 91.974419 3.790435  0.375916 -0.059507 -0.924741  0.641900 0.467000 1 1 1.000000
0  27.965866 91.997322 3.664290  0.000011 -0.047580 -0.998867  0.641900 0.480200 1 1 1.000000
0  27.965866 94.153648 3.549556  -0.000012 -0.047564 -0.998868  0.668600 0.480200 1 1 1.000000
aluminium
0  28.768734 94.130699 3.710157  0.375880 -0.059579 -0.924751  0.668600 0.467000 1 1 1.000000
0  28.585224 91.974419 3.790435  0.375916 -0.059507 -0.924741  0.641900 0.467000 1 1 1.000000
0  27.965866 94.153648 3.549556  -0.000012 -0.047564 -0.998868  0.668600 0.480200 1 1 1.000000
aluminium
0  29.101395 91.917053 4.134548  0.689798 -0.096508 -0.717541  0.641900 0.453800 1 1 1.000000
0  28.585224 91.974419 3.790435  0.375916 -0.059507 -0.924741  0.641900 0.467000 1 1 1.000000
0  28.768734 94.130699 3.710157  0.375880 -0.059579 -0.924751  0.668600 0.467000 1 1 1.000000
aluminium
0  29.445461 94.050423 4.157459  0.689825 -0.096441 -0.717524  0.668600 0.453800 1 1 1.000000
0  29.101395 91.917053 4.134548  0.689798 -0.096508 -0.717541  0.641900 0.453800 1 1 1.000000
0  28.768734 94.130699 3.710157  0.375880 -0.059579 -0.924751  0.668600 0.467000 1 1 1.000000
aluminium
0  29.456917 91.825272 4.650673  0.900389 -0.150593 -0.408193  0.641900 0.440500 1 1 1.000000
0  29.101395 91.917053 4.134548  0.689798 -0.096508 -0.717541  0.641900 0.453800 1 1 1.000000
0  29.445461 94.050423 4.157459  0.689825 -0.096441 -0.717524  0.668600 0.453800 1 1 1.000000
aluminium
0  29.904263 93.935730 4.834185  0.900375 -0.150714 -0.408179  0.668600 0.440500 1 1 1.000000
0  29.456917 91.825272 4.650673  0.900389 -0.150593 -0.408193  0.641900 0.440500 1 1 1.000000
0  29.445461 94.050423 4.157459  0.689825 -0.096441 -0.717524  0.668600 0.453800 1 1 1.000000
aluminium
0  29.571651 91.722092 5.258576  0.975396 -0.217089 -0.038416  0.641900 0.427300 1 1 1.000000
0  29.456917 91.825272 4.650673  0.900389 -0.150593 -0.408193  0.641900 0.440500 1 1 1.000000
0  29.904263 93.935730 4.834185  0.900375 -0.150714 -0.408179  0.668600 0.440500 1 1 1.000000
aluminium
0  30.064819 93.798088 5.625600  0.975423 -0.216978 -0.038354  0.668600 0.427300 1 1 1.000000
0  29.571651 91.722092 5.258576  0.975396 -0.217089 -0.038416  0.641900 0.427300 1 1 1.000000
0  29.904263 93.935730 4.834185  0.900375 -0.150714 -0.408179  0.668600 0.440500 1 1 1.000000
aluminium
0  29.456917 91.607346 5.866479  0.903041 -0.280544 0.325287  0.641900 0.414100 1 1 1.000000
0  29.571651 91.722092 5.258576  0.975396 -0.217089 -0.038416  0.641900 0.427300 1 1 1.000000
0  30.064819 93.798088 5.625600  0.975423 -0.216978 -0.038354  0.668600 0.427300 1 1 1.000000
aluminium
0  29.904263 93.648979 6.417015  0.902997 -0.280634 0.325332  0.668600 0.414100 1 1 1.000000
0  29.456917 91.607346 5.866479  0.903041 -0.280544 0.325287  0.641900 0.414100 1 1 1.000000
0  30.064819 93.798088 5.625600  0.975423 -0.216978 -0.038354  0.668600 0.427300 1 1 1.000000
aluminium
0  29.101395 91.527069 6.382604  0.693589 -0.336398 0.637002  0.641900 0.400800 1 1 1.000000
0  29.456917 91.607346 5.866479  0.903041 -0.280544 0.325287  0.641900 0.414100 1 1 1.000000
0  29.904263 93.648979 6.417015  0.902997 -0.280634 0.325332  0.668600 0.414100 1 1 1.000000
aluminium
0  29.445461 93.534294 7.082239  0.693529 -0.336517 0.637004  0.668600 0.400800 1 1 1.000000
0  29.101395 91.527069 6.382604  0.693589 -0.336398 0.637002  0.641900 0.400800 1 1 1.000000
0  29.904263 93.648979 6.417015  0.902997 -0.280634 0.325332  0.668600 0.414100 1 1 1.000000
aluminium
0  28.585224 91.458252 6.726671  0.378592 -0.373659 0.846786  0.641900 0.387600 1 1 1.000000
0  29.101395 91.527069 6.382604  0.693589 -0.336398 0.637002  0.641900 0.400800 1 1 1.000000
0  29.445461 93.534294 7.082239  0.693529 -0.336517 0.637004  0.668600 0.400800 1 1 1.000000
aluminium
0  28.768734 93.453972 7.529586  0.378546 -0.373486 0.846883  0.668600 0.387600 1 1 1.000000
0  28.585224 91.458252 6.726671  0.378592 -0.373659 0.846786  0.641900 0.387600 1 1 1.000000
0  29.445461 93.534294 7.082239  0.693529 -0.336517 0.637004  0.668600 0.400800 1 1 1.000000
aluminium
0  27.965866 91.435333 6.852861  -0.000780 -0.387762 0.921759  0.641900 0.374400 1 1 1.000000
0  28.585224 91.458252 6.726671  0.378592 -0.373659 0.846786  0.641900 0.387600 1 1 1.000000
0  28.768734 93.453972 7.529586  0.378546 -0.373486 0.846883  0.668600 0.387600 1 1 1.000000
aluminium
0  27.965866 93.431053 7.690143  -0.000559 -0.387600 0.921827  0.668600 0.374400 1 1 1.000000
0  27.965866 91.435333 6.852861  -0.000780 -0.387762 0.921759  0.641900 0.374400 1 1 1.000000
0  28.768734 93.453972 7.529586  0.378546 -0.373486 0.846883  0.668600 0.387600 1 1 1.000000
aluminium
0  27.346508 91.458252 6.726671  -0.372194 -0.374598 0.849205  0.641900 0.361100 1 1 1.000000
0  27.965866 91.435333 6.852861  -0.000780 -0.387762 0.921759  0.641900 0.374400 1 1 1.000000
0  27.965866 93.431053 7.690143  -0.000559 -0.387600 0.921827  0.668600 0.374400 1 1 1.000000
aluminium
0  27.162994 93.453972 7.529586  -0.371680 -0.375242 0.849145  0.668600 0.361100 1 1 1.000000
0  27.346508 91.458252 6.726671  -0.372194 -0.374598 0.849205  0.641900 0.361100 1 1 1.000000
0  27.965866 93.431053 7.690143  -0.000559 -0.387600 0.921827  0.668600 0.374400 1 1 1.000000
aluminium
0  -27.157701 93.453972 7.529577  0.378443 -0.373514 0.846917  0.668600 0.387600 1 1 1.000000
0  -27.341213 91.458252 6.726662  0.378538 -0.373460 0.846898  0.641900 0.387600 1 1 1.000000
0  -26.469521 93.534294 7.082230  0.693593 -0.336400 0.636996  0.668600 0.400800 1 1 1.000000
aluminium
0  -27.341213 91.458252 6.726662  0.378538 -0.373460 0.846898  0.641900 0.387600 1 1 1.000000
0  -26.813589 91.527069 6.382595  0.693611 -0.336372 0.636991  0.641900 0.400800 1 1 1.000000
0  -26.469521 93.534294 7.082230  0.693593 -0.336400 0.636996  0.668600 0.400800 1 1 1.000000
aluminium
0  -26.469521 93.534294 7.082230  0.693593 -0.336400 0.636996  0.668600 0.400800 1 1 1.000000
0  -26.813589 91.527069 6.382595  0.693611 -0.336372 0.636991  0.641900 0.400800 1 1 1.000000
0  -26.022175 93.648979 6.417006  0.903021 -0.280586 0.325307  0.668600 0.414100 1 1 1.000000
aluminium
0  -26.813589 91.527069 6.382595  0.693611 -0.336372 0.636991  0.641900 0.400800 1 1 1.000000
0  -26.469521 91.607346 5.866470  0.902891 -0.280898 0.325397  0.641900 0.414100 1 1 1.000000
0  -26.022175 93.648979 6.417006  0.903021 -0.280586 0.325307  0.668600 0.414100 1 1 1.000000
aluminium
0  -26.022175 93.648979 6.417006  0.903021 -0.280586 0.325307  0.668600 0.414100 1 1 1.000000
0  -26.469521 91.607346 5.866470  0.902891 -0.280898 0.325397  0.641900 0.414100 1 1 1.000000
0  -25.861618 93.798088 5.625591  0.975375 -0.217169 -0.038477  0.668600 0.427300 1 1 1.000000
aluminium
0  -26.469521 91.607346 5.866470  0.902891 -0.280898 0.325397  0.641900 0.414100 1 1 1.000000
0  -26.343332 91.722092 5.258567  0.975291 -0.217553 -0.038453  0.641900 0.427300 1 1 1.000000
0  -25.861618 93.798088 5.625591  0.975375 -0.217169 -0.038477  0.668600 0.427300 1 1 1.000000
aluminium
0  -25.861618 93.798088 5.625591  0.975375 -0.217169 -0.038477  0.668600 0.427300 1 1 1.000000
0  -26.343332 91.722092 5.258567  0.975291 -0.217553 -0.038453  0.641900 0.427300 1 1 1.000000
0  -26.022175 93.935730 4.834176  0.900374 -0.150697 -0.408187  0.668600 0.440500 1 1 1.000000
aluminium
0  -26.343332 91.722092 5.258567  0.975291 -0.217553 -0.038453  0.641900 0.427300 1 1 1.000000
0  -26.469521 91.825272 4.650664  0.900376 -0.150505 -0.408254  0.641900 0.440500 1 1 1.000000
0  -26.022175 93.935730 4.834176  0.900374 -0.150697 -0.408187  0.668600 0.440500 1 1 1.000000
aluminium
0  -26.022175 93.935730 4.834176  0.900374 -0.150697 -0.408187  0.668600 0.440500 1 1 1.000000
0  -26.469521 91.825272 4.650664  0.900376 -0.150505 -0.408254  0.641900 0.440500 1 1 1.000000
0  -26.469521 94.050423 4.157450  0.689821 -0.096366 -0.717538  0.668600 0.453800 1 1 1.000000
aluminium
0  -26.469521 91.825272 4.650664  0.900376 -0.150505 -0.408254  0.641900 0.440500 1 1 1.000000
0  -26.813589 91.917053 4.134539  0.689824 -0.096341 -0.717538  0.641900 0.453800 1 1 1.000000
0  -26.469521 94.050423 4.157450  0.689821 -0.096366 -0.717538  0.668600 0.453800 1 1 1.000000
aluminium
0  -26.469521 94.050423 4.157450  0.689821 -0.096366 -0.717538  0.668600 0.453800 1 1 1.000000
0  -26.813589 91.917053 4.134539  0.689824 -0.096341 -0.717538  0.641900 0.453800 1 1 1.000000
0  -27.157701 94.130699 3.710148  0.375920 -0.059595 -0.924734  0.668600 0.467000 1 1 1.000000
aluminium
0  -26.813589 91.917053 4.134539  0.689824 -0.096341 -0.717538  0.641900 0.453800 1 1 1.000000
0  -27.341213 91.974419 3.790426  0.375873 -0.059528 -0.924757  0.641900 0.467000 1 1 1.000000
0  -27.157701 94.130699 3.710148  0.375920 -0.059595 -0.924734  0.668600 0.467000 1 1 1.000000
aluminium
0  -27.157701 94.130699 3.710148  0.375920 -0.059595 -0.924734  0.668600 0.467000 1 1 1.000000
0  -27.341213 91.974419 3.790426  0.375873 -0.059528 -0.924757  0.641900 0.467000 1 1 1.000000
0  -27.960571 94.153648 3.549547  -0.000011 -0.047564 -0.998868  0.668600 0.480200 1 1 1.000000
aluminium
0  -27.341213 91.974419 3.790426  0.375873 -0.059528 -0.924757  0.641900 0.467000 1 1 1.000000
0  -27.960571 91.997322 3.664281  0.000012 -0.047580 -0.998867  0.641900 0.480200 1 1 1.000000
0  -27.960571 94.153648 3.549547  -0.000011 -0.047564 -0.998868  0.668600 0.480200 1 1 1.000000
aluminium
0  -27.960571 94.153648 3.549547  -0.000011 -0.047564 -0.998868  0.668600 0.268500 1 1 1.000000
0  -27.960571 91.997322 3.664281  0.000012 -0.047580 -0.998867  0.641900 0.268500 1 1 1.000000
0  -28.763443 94.130699 3.710148  -0.369229 -0.059927 -0.927404  0.668600 0.281700 1 1 1.000000
aluminium
0  -27.960571 91.997322 3.664281  0.000012 -0.047580 -0.998867  0.641900 0.268500 1 1 1.000000
0  -28.579929 91.974419 3.790426  -0.369277 -0.059846 -0.927390  0.641900 0.281700 1 1 1.000000
0  -28.763443 94.130699 3.710148  -0.369229 -0.059927 -0.927404  0.668600 0.281700 1 1 1.000000
aluminium
0  -28.763443 94.130699 3.710148  -0.369229 -0.059927 -0.927404  0.668600 0.281700 1 1 1.000000
0  -28.579929 91.974419 3.790426  -0.369277 -0.059846 -0.927390  0.641900 0.281700 1 1 1.000000
0  -29.440168 94.050423 4.157450  -0.685715 -0.096918 -0.721389  0.668600 0.294900 1 1 1.000000
aluminium
0  -28.579929 91.974419 3.790426  -0.369277 -0.059846 -0.927390  0.641900 0.281700 1 1 1.000000
0  -29.096100 91.917053 4.134539  -0.685682 -0.096874 -0.721426  0.641900 0.294900 1 1 1.000000
0  -29.440168 94.050423 4.157450  -0.685715 -0.096918 -0.721389  0.668600 0.294900 1 1 1.000000
aluminium
0  -29.440168 94.050423 4.157450  -0.685715 -0.096918 -0.721389  0.668600 0.294900 1 1 1.000000
0  -29.096100 91.917053 4.134539  -0.685682 -0.096874 -0.721426  0.641900 0.294900 1 1 1.000000
0  -29.898970 93.935730 4.834175  -0.898886 -0.151712 -0.411081  0.668600 0.308200 1 1 1.000000
aluminium
0  -29.096100 91.917053 4.134539  -0.685682 -0.096874 -0.721426  0.641900 0.294900 1 1 1.000000
0  -29.451622 91.825272 4.650663  -0.898703 -0.152722 -0.411107  0.641900 0.308200 1 1 1.000000
0  -29.898970 93.935730 4.834175  -0.898886 -0.151712 -0.411081  0.668600 0.308200 1 1 1.000000
aluminium
0  -29.898970 93.935730 4.834175  -0.898886 -0.151712 -0.411081  0.668600 0.308200 1 1 1.000000
0  -29.451622 91.825272 4.650663  -0.898703 -0.152722 -0.411107  0.641900 0.308200 1 1 1.000000
0  -30.059526 93.798088 5.625590  -0.974984 -0.218794 -0.039176  0.668600 0.321400 1 1 1.000000
aluminium
0  -29.451622 91.825272 4.650663  -0.898703 -0.152722 -0.411107  0.641900 0.308200 1 1 1.000000
0  -29.577814 91.722038 5.258566  -0.975084 -0.218478 -0.038455  0.641900 0.321400 1 1 1.000000
0  -30.059526 93.798088 5.625590  -0.974984 -0.218794 -0.039176  0.668600 0.321400 1 1 1.000000
aluminium
0  -30.059526 93.798088 5.625590  -0.974984 -0.218794 -0.039176  0.668600 0.321400 1 1 1.000000
0  -29.577814 91.722038 5.258566  -0.975084 -0.218478 -0.038455  0.641900 0.321400 1 1 1.000000
0  -29.898970 93.648979 6.417005  -0.901516 -0.282660 0.327677  0.668600 0.334600 1 1 1.000000
aluminium
0  -29.577814 91.722038 5.258566  -0.975084 -0.218478 -0.038455  0.641900 0.321400 1 1 1.000000
0  -29.451622 91.607346 5.866469  -0.901529 -0.282641 0.327658  0.641900 0.334600 1 1 1.000000
0  -29.898970 93.648979 6.417005  -0.901516 -0.282660 0.327677  0.668600 0.334600 1 1 1.000000
aluminium
0  -29.898970 93.648979 6.417005  -0.901516 -0.282660 0.327677  0.668600 0.334600 1 1 1.000000
0  -29.451622 91.607346 5.866469  -0.901529 -0.282641 0.327658  0.641900 0.334600 1 1 1.000000
0  -29.440168 93.534294 7.082230  -0.689245 -0.338516 0.640584  0.668600 0.347900 1 1 1.000000
aluminium
0  -29.451622 91.607346 5.866469  -0.901529 -0.282641 0.327658  0.641900 0.334600 1 1 1.000000
0  -29.096100 91.527069 6.382594  -0.689507 -0.338172 0.640484  0.641900 0.347900 1 1 1.000000
0  -29.440168 93.534294 7.082230  -0.689245 -0.338516 0.640584  0.668600 0.347900 1 1 1.000000
aluminium
0  -29.440168 93.534294 7.082230  -0.689245 -0.338516 0.640584  0.668600 0.347900 1 1 1.000000
0  -29.096100 91.527069 6.382594  -0.689507 -0.338172 0.640484  0.641900 0.347900 1 1 1.000000
0  -28.763443 93.453972 7.529577  -0.371713 -0.374612 0.849409  0.668600 0.361100 1 1 1.000000
aluminium
0  -29.096100 91.527069 6.382594  -0.689507 -0.338172 0.640484  0.641900 0.347900 1 1 1.000000
0  -28.579929 91.458252 6.726662  -0.371858 -0.374595 0.849353  0.641900 0.361100 1 1 1.000000
0  -28.763443 93.453972 7.529577  -0.371713 -0.374612 0.849409  0.668600 0.361100 1 1 1.000000
aluminium
0  -28.763443 93.453972 7.529577  -0.371713 -0.374612 0.849409  0.668600 0.361100 1 1 1.000000
0  -28.579929 91.458252 6.726662  -0.371858 -0.374595 0.849353  0.641900 0.361100 1 1 1.000000
0  -27.960571 93.431053 7.690133  -0.000562 -0.387595 0.921830  0.668600 0.374400 1 1 1.000000
aluminium
0  -28.579929 91.458252 6.726662  -0.371858 -0.374595 0.849353  0.641900 0.361100 1 1 1.000000
0  -27.960571 91.435295 6.852851  -0.000782 -0.387760 0.921760  0.641900 0.374400 1 1 1.000000
0  -27.960571 93.431053 7.690133  -0.000562 -0.387595 0.921830  0.668600 0.374400 1 1 1.000000
aluminium
0  -27.960571 93.431053 7.690133  -0.000562 -0.387595 0.921830  0.668600 0.374400 1 1 1.000000
0  -27.960571 91.435295 6.852851  -0.000782 -0.387760 0.921760  0.641900 0.374400 1 1 1.000000
0  -27.157701 93.453972 7.529577  0.378443 -0.373514 0.846917  0.668600 0.387600 1 1 1.000000
aluminium
0  -27.960571 91.435295 6.852851  -0.000782 -0.387760 0.921760  0.641900 0.374400 1 1 1.000000
0  -27.341213 91.458252 6.726662  0.378538 -0.373460 0.846898  0.641900 0.387600 1 1 1.000000
0  -27.157701 93.453972 7.529577  0.378443 -0.373514 0.846917  0.668600 0.387600 1 1 1.000000
aluminium
0  -26.022177 106.873573 7.116642  0.787012 0.338599 -0.515715  0.865400 0.440500 1 1 1.000000
0  -26.102499 107.011215 7.174009  -0.103300 0.842696 -0.528386  0.869700 0.440500 1 1 1.000000
0  -25.861620 107.515884 8.045702  0.916981 0.326800 -0.228797  0.865400 0.427300 1 1 1.000000
aluminium
0  -26.538345 106.495087 6.417006  -0.174095 0.881270 -0.439379  0.869700 0.453800 1 1 1.000000
0  -26.102499 107.011215 7.174009  -0.103300 0.842696 -0.528386  0.869700 0.440500 1 1 1.000000
0  -26.022177 106.873573 7.116642  0.787012 0.338599 -0.515715  0.865400 0.440500 1 1 1.000000
aluminium
0  -26.538345 106.495087 6.417006  -0.174095 0.881270 -0.439379  0.869700 0.453800 1 1 1.000000
0  -26.595667 106.437721 6.474372  -0.810349 0.371950 0.452756  0.874100 0.453800 1 1 1.000000
0  -26.102499 107.011215 7.174009  -0.103300 0.842696 -0.528386  0.869700 0.440500 1 1 1.000000
aluminium
0  -26.595667 106.437721 6.474372  -0.810349 0.371950 0.452756  0.874100 0.453800 1 1 1.000000
0  -26.182777 106.930939 7.185465  -0.936239 0.336902 0.099765  0.874100 0.440500 1 1 1.000000
0  -26.102499 107.011215 7.174009  -0.103300 0.842696 -0.528386  0.869700 0.440500 1 1 1.000000
aluminium
0  -26.102499 107.011215 7.174009  -0.103300 0.842696 -0.528386  0.869700 0.440500 1 1 1.000000
0  -26.182777 106.930939 7.185465  -0.936239 0.336902 0.099765  0.874100 0.440500 1 1 1.000000
0  -25.941898 107.619118 8.057158  0.000008 0.828633 -0.559793  0.869700 0.427300 1 1 1.000000
aluminium
0  -26.182777 106.930939 7.185465  -0.936239 0.336902 0.099765  0.874100 0.440500 1 1 1.000000
0  -26.033676 107.515884 8.045702  -0.915695 0.329201 -0.230499  0.874100 0.427300 1 1 1.000000
0  -25.941898 107.619118 8.057158  0.000008 0.828633 -0.559793  0.869700 0.427300 1 1 1.000000
aluminium
0  -26.102499 107.011215 7.174009  -0.103300 0.842696 -0.528386  0.869700 0.440500 1 1 1.000000
0  -25.941898 107.619118 8.057158  0.000008 0.828633 -0.559793  0.869700 0.427300 1 1 1.000000
0  -25.861620 107.515884 8.045702  0.916981 0.326800 -0.228797  0.865400 0.427300 1 1 1.000000
aluminium
0  -25.861620 107.515884 8.045702  0.916981 0.326800 -0.228797  0.865400 0.427300 1 1 1.000000
0  -25.941898 107.619118 8.057158  0.000008 0.828633 -0.559793  0.869700 0.427300 1 1 1.000000
0  -26.022177 108.146744 8.963307  0.937182 0.334523 0.098912  0.865400 0.414100 1 1 1.000000
aluminium
0  -25.941898 107.619118 8.057158  0.000008 0.828633 -0.559793  0.869700 0.427300 1 1 1.000000
0  -26.102499 108.227020 8.951806  0.110992 0.841883 -0.528123  0.869700 0.414100 1 1 1.000000
0  -26.022177 108.146744 8.963307  0.937182 0.334523 0.098912  0.865400 0.414100 1 1 1.000000
aluminium
0  -25.941898 107.619118 8.057158  0.000008 0.828633 -0.559793  0.869700 0.427300 1 1 1.000000
0  -26.033676 107.515884 8.045702  -0.915695 0.329201 -0.230499  0.874100 0.427300 1 1 1.000000
0  -26.102499 108.227020 8.951806  0.110992 0.841883 -0.528123  0.869700 0.414100 1 1 1.000000
aluminium
0  -26.033676 107.515884 8.045702  -0.915695 0.329201 -0.230499  0.874100 0.427300 1 1 1.000000
0  -26.182777 108.089378 8.894485  -0.783992 0.340707 -0.518918  0.874100 0.414100 1 1 1.000000
0  -26.102499 108.227020 8.951806  0.110992 0.841883 -0.528123  0.869700 0.414100 1 1 1.000000
aluminium
0  -26.033676 107.515884 8.045702  -0.915695 0.329201 -0.230499  0.874100 0.427300 1 1 1.000000
0  -26.033676 107.355324 8.011291  -1.000000 0.000015 -0.000015  0.880000 0.427300 1 1 1.000000
0  -26.182777 108.089378 8.894485  -0.783992 0.340707 -0.518918  0.874100 0.414100 1 1 1.000000
aluminium
0  -26.182777 106.770332 7.162553  -0.936970 -0.060710 0.344096  0.880000 0.440500 1 1 1.000000
0  -26.033676 107.355324 8.011291  -1.000000 0.000015 -0.000015  0.880000 0.427300 1 1 1.000000
0  -26.033676 107.515884 8.045702  -0.915695 0.329201 -0.230499  0.874100 0.427300 1 1 1.000000
aluminium
0  -26.182777 106.930939 7.185465  -0.936239 0.336902 0.099765  0.874100 0.440500 1 1 1.000000
0  -26.182777 106.770332 7.162553  -0.936970 -0.060710 0.344096  0.880000 0.440500 1 1 1.000000
0  -26.033676 107.515884 8.045702  -0.915695 0.329201 -0.230499  0.874100 0.427300 1 1 1.000000
aluminium
0  -26.595667 106.277161 6.439961  -0.707125 -0.114880 0.697694  0.880000 0.453800 1 1 1.000000
0  -26.182777 106.770332 7.162553  -0.936970 -0.060710 0.344096  0.880000 0.440500 1 1 1.000000
0  -26.182777 106.930939 7.185465  -0.936239 0.336902 0.099765  0.874100 0.440500 1 1 1.000000
aluminium
0  -26.595667 106.437721 6.474372  -0.810349 0.371950 0.452756  0.874100 0.453800 1 1 1.000000
0  -26.595667 106.277161 6.439961  -0.707125 -0.114880 0.697694  0.880000 0.453800 1 1 1.000000
0  -26.182777 106.930939 7.185465  -0.936239 0.336902 0.099765  0.874100 0.440500 1 1 1.000000
aluminium
0  -27.226526 105.956001 5.958203  -0.349392 -0.162704 0.922742  0.880000 0.467000 1 1 1.000000
0  -26.595667 106.277161 6.439961  -0.707125 -0.114880 0.697694  0.880000 0.453800 1 1 1.000000
0  -26.595667 106.437721 6.474372  -0.810349 0.371950 0.452756  0.874100 0.453800 1 1 1.000000
aluminium
0  -27.226526 106.116562 5.992614  -0.492776 0.422723 0.760577  0.874100 0.467000 1 1 1.000000
0  -27.226526 105.956001 5.958203  -0.349392 -0.162704 0.922742  0.880000 0.467000 1 1 1.000000
0  -26.595667 106.437721 6.474372  -0.810349 0.371950 0.452756  0.874100 0.453800 1 1 1.000000
aluminium
0  -27.226526 106.116562 5.992614  -0.492776 0.422723 0.760577  0.874100 0.467000 1 1 1.000000
0  -26.595667 106.437721 6.474372  -0.810349 0.371950 0.452756  0.874100 0.453800 1 1 1.000000
0  -26.538345 106.495087 6.417006  -0.174095 0.881270 -0.439379  0.869700 0.453800 1 1 1.000000
aluminium
0  -27.192114 106.162430 5.912336  -0.134005 0.936909 -0.322869  0.869700 0.467000 1 1 1.000000
0  -27.226526 106.116562 5.992614  -0.492776 0.422723 0.760577  0.874100 0.467000 1 1 1.000000
0  -26.538345 106.495087 6.417006  -0.174095 0.881270 -0.439379  0.869700 0.453800 1 1 1.000000
aluminium
0  -27.192114 106.162430 5.912336  -0.134005 0.936909 -0.322869  0.869700 0.467000 1 1 1.000000
0  -26.538345 106.495087 6.417006  -0.174095 0.881270 -0.439379  0.869700 0.453800 1 1 1.000000
0  -26.469522 106.345993 6.325227  0.571557 0.353216 -0.740649  0.865400 0.453800 1 1 1.000000
aluminium
0  -26.469522 106.345993 6.325227  0.571557 0.353216 -0.740649  0.865400 0.453800 1 1 1.000000
0  -26.538345 106.495087 6.417006  -0.174095 0.881270 -0.439379  0.869700 0.453800 1 1 1.000000
0  -26.022177 106.873573 7.116642  0.787012 0.338599 -0.515715  0.865400 0.440500 1 1 1.000000
aluminium
0  -26.469522 106.345993 6.325227  0.571557 0.353216 -0.740649  0.865400 0.453800 1 1 1.000000
0  -26.022177 106.873573 7.116642  0.787012 0.338599 -0.515715  0.865400 0.440500 1 1 1.000000
0  -26.022177 106.678604 7.082230  0.923575 0.066581 -0.377592  0.858800 0.440500 1 1 1.000000
aluminium
0  -26.022177 106.678604 7.082230  0.923575 0.066581 -0.377592  0.858800 0.440500 1 1 1.000000
0  -26.022177 106.873573 7.116642  0.787012 0.338599 -0.515715  0.865400 0.440500 1 1 1.000000
0  -25.861620 107.309410 8.011291  1.000000 -0.000006 0.000019  0.858800 0.427300 1 1 1.000000
aluminium
0  -26.022177 106.873573 7.116642  0.787012 0.338599 -0.515715  0.865400 0.440500 1 1 1.000000
0  -25.861620 107.515884 8.045702  0.916981 0.326800 -0.228797  0.865400 0.427300 1 1 1.000000
0  -25.861620 107.309410 8.011291  1.000000 -0.000006 0.000019  0.858800 0.427300 1 1 1.000000
aluminium
0  -25.861620 107.309410 8.011291  1.000000 -0.000006 0.000019  0.858800 0.427300 1 1 1.000000
0  -25.861620 107.515884 8.045702  0.916981 0.326800 -0.228797  0.865400 0.427300 1 1 1.000000
0  -26.022177 107.940269 8.928896  0.925892 -0.064763 0.372196  0.858800 0.414100 1 1 1.000000
aluminium
0  -25.861620 107.515884 8.045702  0.916981 0.326800 -0.228797  0.865400 0.427300 1 1 1.000000
0  -26.022177 108.146744 8.963307  0.937182 0.334523 0.098912  0.865400 0.414100 1 1 1.000000
0  -26.022177 107.940269 8.928896  0.925892 -0.064763 0.372196  0.858800 0.414100 1 1 1.000000
aluminium
0  -26.469522 108.674324 9.754676  0.813105 0.369507 0.449805  0.865400 0.400800 1 1 1.000000
0  -26.022177 108.146744 8.963307  0.937182 0.334523 0.098912  0.865400 0.414100 1 1 1.000000
0  -26.538345 108.743141 9.697353  0.181806 0.879976 -0.438850  0.869700 0.400800 1 1 1.000000
aluminium
0  -26.022177 108.146744 8.963307  0.937182 0.334523 0.098912  0.865400 0.414100 1 1 1.000000
0  -26.102499 108.227020 8.951806  0.110992 0.841883 -0.528123  0.869700 0.414100 1 1 1.000000
0  -26.538345 108.743141 9.697353  0.181806 0.879976 -0.438850  0.869700 0.400800 1 1 1.000000
aluminium
0  -26.538345 108.743141 9.697353  0.181806 0.879976 -0.438850  0.869700 0.400800 1 1 1.000000
0  -26.102499 108.227020 8.951806  0.110992 0.841883 -0.528123  0.869700 0.414100 1 1 1.000000
0  -26.595667 108.582588 9.605575  -0.566229 0.354776 -0.743989  0.874100 0.400800 1 1 1.000000
aluminium
0  -26.102499 108.227020 8.951806  0.110992 0.841883 -0.528123  0.869700 0.414100 1 1 1.000000
0  -26.182777 108.089378 8.894485  -0.783992 0.340707 -0.518918  0.874100 0.414100 1 1 1.000000
0  -26.595667 108.582588 9.605575  -0.566229 0.354776 -0.743989  0.874100 0.400800 1 1 1.000000
aluminium
0  -26.182777 108.089378 8.894485  -0.783992 0.340707 -0.518918  0.874100 0.414100 1 1 1.000000
0  -26.182777 107.928772 8.860073  -0.934361 0.061908 -0.350908  0.880000 0.414100 1 1 1.000000
0  -26.595667 108.582588 9.605575  -0.566229 0.354776 -0.743989  0.874100 0.400800 1 1 1.000000
aluminium
0  -26.033676 107.355324 8.011291  -1.000000 0.000015 -0.000015  0.880000 0.427300 1 1 1.000000
0  -26.182777 107.928772 8.860073  -0.934361 0.061908 -0.350908  0.880000 0.414100 1 1 1.000000
0  -26.182777 108.089378 8.894485  -0.783992 0.340707 -0.518918  0.874100 0.414100 1 1 1.000000
aluminium
0  -26.033676 107.355324 8.011291  -1.000000 0.000015 -0.000015  0.880000 0.427300 1 1 1.000000
0  -26.033676 102.216850 7.105186  -0.965289 0.257227 0.045285  0.974400 0.427300 1 1 1.000000
0  -26.182777 107.928772 8.860073  -0.934361 0.061908 -0.350908  0.880000 0.414100 1 1 1.000000
aluminium
0  -26.182777 106.770332 7.162553  -0.936970 -0.060710 0.344096  0.880000 0.440500 1 1 1.000000
0  -26.033676 102.216850 7.105186  -0.965289 0.257227 0.045285  0.974400 0.427300 1 1 1.000000
0  -26.033676 107.355324 8.011291  -1.000000 0.000015 -0.000015  0.880000 0.427300 1 1 1.000000
aluminium
0  -26.595667 102.446281 5.763236  -0.652690 0.280015 0.703980  0.974400 0.453800 1 1 1.000000
0  -26.033676 102.216850 7.105186  -0.965289 0.257227 0.045285  0.974400 0.427300 1 1 1.000000
0  -26.182777 106.770332 7.162553  -0.936970 -0.060710 0.344096  0.880000 0.440500 1 1 1.000000
aluminium
0  -26.595667 106.277161 6.439961  -0.707125 -0.114880 0.697694  0.880000 0.453800 1 1 1.000000
0  -26.595667 102.446281 5.763236  -0.652690 0.280015 0.703980  0.974400 0.453800 1 1 1.000000
0  -26.182777 106.770332 7.162553  -0.936970 -0.060710 0.344096  0.880000 0.440500 1 1 1.000000
aluminium
0  -27.960573 102.549507 5.212699  -0.000005 0.089496 0.995987  0.974400 0.480200 1 1 1.000000
0  -26.595667 102.446281 5.763236  -0.652690 0.280015 0.703980  0.974400 0.453800 1 1 1.000000
0  -26.595667 106.277161 6.439961  -0.707125 -0.114880 0.697694  0.880000 0.453800 1 1 1.000000
aluminium
0  -27.226526 105.956001 5.958203  -0.349392 -0.162704 0.922742  0.880000 0.467000 1 1 1.000000
0  -27.960573 102.549507 5.212699  -0.000005 0.089496 0.995987  0.974400 0.480200 1 1 1.000000
0  -26.595667 106.277161 6.439961  -0.707125 -0.114880 0.697694  0.880000 0.453800 1 1 1.000000
aluminium
0  -27.960573 105.841316 5.797647  -0.000005 -0.173622 0.984812  0.880000 0.480200 1 1 1.000000
0  -27.960573 102.549507 5.212699  -0.000005 0.089496 0.995987  0.974400 0.480200 1 1 1.000000
0  -27.226526 105.956001 5.958203  -0.349392 -0.162704 0.922742  0.880000 0.467000 1 1 1.000000
aluminium
0  -27.960573 105.841316 5.797647  -0.000005 -0.173622 0.984812  0.880000 0.480200 1 1 1.000000
0  -27.226526 105.956001 5.958203  -0.349392 -0.162704 0.922742  0.880000 0.467000 1 1 1.000000
0  -27.226526 106.116562 5.992614  -0.492776 0.422723 0.760577  0.874100 0.467000 1 1 1.000000
aluminium
0  -27.960573 106.001869 5.820558  -0.000033 0.447737 0.894165  0.874100 0.480200 1 1 1.000000
0  -27.960573 105.841316 5.797647  -0.000005 -0.173622 0.984812  0.880000 0.480200 1 1 1.000000
0  -27.226526 106.116562 5.992614  -0.492776 0.422723 0.760577  0.874100 0.467000 1 1 1.000000
aluminium
0  -27.960573 106.001869 5.820558  -0.000033 0.447737 0.894165  0.874100 0.480200 1 1 1.000000
0  -27.226526 106.116562 5.992614  -0.492776 0.422723 0.760577  0.874100 0.467000 1 1 1.000000
0  -27.192114 106.162430 5.912336  -0.134005 0.936909 -0.322869  0.869700 0.467000 1 1 1.000000
aluminium
0  -27.960573 106.036278 5.740279  0.000002 0.962438 -0.271501  0.869700 0.480200 1 1 1.000000
0  -27.960573 106.001869 5.820558  -0.000033 0.447737 0.894165  0.874100 0.480200 1 1 1.000000
0  -27.192114 106.162430 5.912336  -0.134005 0.936909 -0.322869  0.869700 0.467000 1 1 1.000000
aluminium
0  -27.960573 106.036278 5.740279  0.000002 0.962438 -0.271501  0.869700 0.480200 1 1 1.000000
0  -27.192114 106.162430 5.912336  -0.134005 0.936909 -0.322869  0.869700 0.467000 1 1 1.000000
0  -27.157703 105.990417 5.797647  0.297796 0.362594 -0.883087  0.865400 0.467000 1 1 1.000000
aluminium
0  29.445461 94.050423 4.157459  0.707781 0.122504 -0.695729  0.668600 0.453800 1 1 1.000000
0  29.445461 100.943726 5.373265  0.707569 0.122737 -0.695904  0.727400 0.453800 1 1 1.000000
0  29.904263 93.935730 4.834185  0.923473 0.066630 -0.377834  0.668600 0.440500 1 1 1.000000
aluminium
0  28.768734 100.588158 4.845640  0.384770 0.160294 -0.908987  0.727400 0.467000 1 1 1.000000
0  29.445461 100.943726 5.373265  0.707569 0.122737 -0.695904  0.727400 0.453800 1 1 1.000000
0  29.445461 94.050423 4.157459  0.707781 0.122504 -0.695729  0.668600 0.453800 1 1 1.000000
aluminium
0  28.768734 94.130699 3.710157  0.384704 0.160086 -0.909052  0.668600 0.467000 1 1 1.000000
0  28.768734 100.588158 4.845640  0.384770 0.160294 -0.908987  0.727400 0.467000 1 1 1.000000
0  29.445461 94.050423 4.157459  0.707781 0.122504 -0.695729  0.668600 0.453800 1 1 1.000000
aluminium
0  27.965866 100.462013 4.662128  0.000106 0.173655 -0.984807  0.727400 0.480200 1 1 1.000000
0  28.768734 100.588158 4.845640  0.384770 0.160294 -0.908987  0.727400 0.467000 1 1 1.000000
0  28.768734 94.130699 3.710157  0.384704 0.160086 -0.909052  0.668600 0.467000 1 1 1.000000
aluminium
0  27.965866 94.153648 3.549556  0.000157 0.173454 -0.984842  0.668600 0.480200 1 1 1.000000
0  27.965866 100.462013 4.662128  0.000106 0.173655 -0.984807  0.727400 0.480200 1 1 1.000000
0  28.768734 94.130699 3.710157  0.384704 0.160086 -0.909052  0.668600 0.467000 1 1 1.000000
end
