version 1
nodes
0 "blender_implicit" -1
1 "root" -1
2 "steering_wheel" 1
end
skeleton
time 0
0  0 0 0  0 0 0
1  0.000000 0.000000 0.000000  1.570796 -0.000000 0.000000
2  16.702593 33.588814 6.160704  -0.000000 -0.000000 -0.000000
end
triangles
skin_0
0  -29.589273 95.071213 37.798218  -0.769077 0.079197 -0.634231  0.277400 0.971800 1 1 1.000000
0  -29.325483 98.752998 37.958775  -0.007888 0.094158 -0.995526  0.266300 0.960500 1 1 1.000000
0  -29.451628 94.990936 37.580296  -0.039216 0.093951 -0.994804  0.276800 0.972800 1 1 1.000000
skin_0
0  -29.589273 95.071213 37.798218  -0.769077 0.079197 -0.634231  0.277400 0.971800 1 1 1.000000
0  -29.807198 95.082664 37.912907  -0.141709 0.102425 -0.984595  0.278100 0.971100 1 1 1.000000
0  -29.325483 98.752998 37.958775  -0.007888 0.094158 -0.995526  0.266300 0.960500 1 1 1.000000
skin_0
0  -29.325483 98.752998 37.958775  -0.007888 0.094158 -0.995526  0.266300 0.960500 1 1 1.000000
0  -29.807198 95.082664 37.912907  -0.141709 0.102425 -0.984595  0.278100 0.971100 1 1 1.000000
0  -29.508997 98.672714 38.199654  -0.552270 0.094781 -0.828260  0.267400 0.959800 1 1 1.000000
skin_0
0  -29.807198 95.082664 37.912907  -0.141709 0.102425 -0.984595  0.278100 0.971100 1 1 1.000000
0  -30.093943 94.990936 37.901451  0.062581 0.093941 -0.993609  0.279300 0.970600 1 1 1.000000
0  -29.508997 98.672714 38.199654  -0.552270 0.094781 -0.828260  0.267400 0.959800 1 1 1.000000
skin_0
0  -30.093943 94.990936 37.901451  0.062581 0.093941 -0.993609  0.279300 0.970600 1 1 1.000000
0  -29.749876 98.546524 38.279934  -0.000007 0.094041 -0.995568  0.268600 0.959500 1 1 1.000000
0  -29.508997 98.672714 38.199654  -0.552270 0.094781 -0.828260  0.267400 0.959800 1 1 1.000000
skin_0
0  -30.093943 94.990936 37.901451  0.062581 0.093941 -0.993609  0.279300 0.970600 1 1 1.000000
0  -30.254545 98.294189 38.222565  0.062676 0.093924 -0.993605  0.271000 0.959000 1 1 1.000000
0  -29.749876 98.546524 38.279934  -0.000007 0.094041 -0.995568  0.268600 0.959500 1 1 1.000000
skin_0
0  -30.093943 94.990936 37.901451  0.062581 0.093941 -0.993609  0.279300 0.970600 1 1 1.000000
0  -31.057415 97.858345 38.130829  0.070304 0.093967 -0.993090  0.274900 0.958300 1 1 1.000000
0  -30.254545 98.294189 38.222565  0.062676 0.093924 -0.993605  0.271000 0.959000 1 1 1.000000
skin_0
0  -31.057415 97.858345 38.130829  0.070304 0.093967 -0.993090  0.274900 0.958300 1 1 1.000000
0  -30.093943 94.990936 37.901451  0.062581 0.093941 -0.993609  0.279300 0.970600 1 1 1.000000
0  -31.814419 97.250496 38.004639  0.070962 0.094548 -0.992988  0.279100 0.958400 1 1 1.000000
skin_0
0  -31.814419 97.250496 38.004639  0.070962 0.094548 -0.992988  0.279100 0.958400 1 1 1.000000
0  -30.093943 94.990936 37.901451  0.062581 0.093941 -0.993609  0.279300 0.970600 1 1 1.000000
0  -32.537010 96.401711 37.867039  0.071110 0.094568 -0.992976  0.283800 0.959400 1 1 1.000000
skin_0
0  -30.093943 94.990936 37.901451  0.062581 0.093941 -0.993609  0.279300 0.970600 1 1 1.000000
0  -33.121960 95.174438 37.672028  0.094195 0.102230 -0.990291  0.289100 0.961900 1 1 1.000000
0  -32.537010 96.401711 37.867039  0.071110 0.094568 -0.992976  0.283800 0.959400 1 1 1.000000
skin_0
0  -33.706905 93.511337 37.465561  0.094674 0.070983 -0.992975  0.295600 0.966000 1 1 1.000000
0  -33.121960 95.174438 37.672028  0.094195 0.102230 -0.990291  0.289100 0.961900 1 1 1.000000
0  -30.093943 94.990936 37.901451  0.062581 0.093941 -0.993609  0.279300 0.970600 1 1 1.000000
skin_0
0  -33.580761 93.431053 37.465561  0.086016 0.078169 -0.993222  0.295300 0.966600 1 1 1.000000
0  -33.706905 93.511337 37.465561  0.094674 0.070983 -0.992975  0.295600 0.966000 1 1 1.000000
0  -30.093943 94.990936 37.901451  0.062581 0.093941 -0.993609  0.279300 0.970600 1 1 1.000000
skin_0
0  -33.706905 93.511337 37.465561  0.094674 0.070983 -0.992975  0.295600 0.966000 1 1 1.000000
0  -33.580761 93.431053 37.465561  0.086016 0.078169 -0.993222  0.295300 0.966600 1 1 1.000000
0  -33.672493 93.431053 37.454105  0.093071 0.077948 -0.992604  0.295700 0.966400 1 1 1.000000
skin_0
0  -27.765610 95.610291 37.775265  0.054791 0.093905 -0.994072  0.269400 0.975200 1 1 1.000000
0  -29.440174 94.956520 37.683483  0.275080 -0.832774 0.480436  0.276900 0.973200 1 1 1.000000
0  -29.451628 94.990936 37.580296  -0.039216 0.093951 -0.994804  0.276800 0.972800 1 1 1.000000
skin_0
0  -27.765610 95.610291 37.775265  0.054791 0.093905 -0.994072  0.269400 0.975200 1 1 1.000000
0  -29.451628 94.990936 37.580296  -0.039216 0.093951 -0.994804  0.276800 0.972800 1 1 1.000000
0  -26.916828 99.682053 38.188152  0.039196 0.094000 -0.994800  0.256400 0.964100 1 1 1.000000
skin_0
0  -29.451628 94.990936 37.580296  -0.039216 0.093951 -0.994804  0.276800 0.972800 1 1 1.000000
0  -29.325483 98.752998 37.958775  -0.007888 0.094158 -0.995526  0.266300 0.960500 1 1 1.000000
0  -26.916828 99.682053 38.188152  0.039196 0.094000 -0.994800  0.256400 0.964100 1 1 1.000000
skin_0
0  -29.325483 98.752998 37.958775  -0.007888 0.094158 -0.995526  0.266300 0.960500 1 1 1.000000
0  -29.302530 98.856232 38.073463  -0.381896 0.922975 -0.047682  0.265700 0.960000 1 1 1.000000
0  -26.916828 99.682053 38.188152  0.039196 0.094000 -0.994800  0.256400 0.964100 1 1 1.000000
skin_0
0  -29.486040 98.787407 38.302887  -0.411984 0.911191 0.000029  0.266000 0.958600 1 1 1.000000
0  -29.302530 98.856232 38.073463  -0.381896 0.922975 -0.047682  0.265700 0.960000 1 1 1.000000
0  -29.325483 98.752998 37.958775  -0.007888 0.094158 -0.995526  0.266300 0.960500 1 1 1.000000
skin_0
0  -29.508997 98.672714 38.199654  -0.552270 0.094781 -0.828260  0.266700 0.958900 1 1 1.000000
0  -29.486040 98.787407 38.302887  -0.411984 0.911191 0.000029  0.266000 0.958600 1 1 1.000000
0  -29.325483 98.752998 37.958775  -0.007888 0.094158 -0.995526  0.266300 0.960500 1 1 1.000000
skin_0
0  -4.114990 100.244049 38.750195  0.000085 0.101876 -0.994797  0.168200 0.993900 1 1 1.000000
0  -8.427632 99.968803 38.704327  0.007670 0.101989 -0.994756  0.186300 0.992300 1 1 1.000000
0  -4.126446 103.891426 39.117218  -0.000025 0.101819 -0.994803  0.166800 0.979100 1 1 1.000000
skin_0
0  -8.427632 99.968803 38.704327  0.007670 0.101989 -0.994756  0.186300 0.992300 1 1 1.000000
0  -8.450544 103.581764 39.071350  0.007895 0.101809 -0.994773  0.183600 0.977800 1 1 1.000000
0  -4.126446 103.891426 39.117218  -0.000025 0.101819 -0.994803  0.166800 0.979100 1 1 1.000000
skin_0
0  -8.427632 99.968803 38.704327  0.007670 0.101989 -0.994756  0.186300 0.992300 1 1 1.000000
0  -12.510851 99.498543 38.589638  0.015609 0.101892 -0.994673  0.203300 0.990300 1 1 1.000000
0  -8.450544 103.581764 39.071350  0.007895 0.101809 -0.994773  0.183600 0.977800 1 1 1.000000
skin_0
0  -12.510851 99.498543 38.589638  0.015609 0.101892 -0.994673  0.203300 0.990300 1 1 1.000000
0  -12.533808 103.111511 38.979572  0.015569 0.101768 -0.994686  0.199600 0.976000 1 1 1.000000
0  -8.450544 103.581764 39.071350  0.007895 0.101809 -0.994773  0.183600 0.977800 1 1 1.000000
skin_0
0  -12.510851 99.498543 38.589638  0.015609 0.101892 -0.994673  0.203300 0.990300 1 1 1.000000
0  -16.433514 98.821815 38.497856  0.023034 0.093495 -0.995353  0.220000 0.988000 1 1 1.000000
0  -12.533808 103.111511 38.979572  0.015569 0.101768 -0.994686  0.199600 0.976000 1 1 1.000000
skin_0
0  -16.433514 98.821815 38.497856  0.022938 0.093390 -0.995365  0.220000 0.988000 1 1 1.000000
0  -16.433516 102.526550 38.853428  0.023489 0.094083 -0.995287  0.214700 0.973600 1 1 1.000000
0  -12.533808 103.111511 38.979572  0.015569 0.101768 -0.994686  0.199600 0.976000 1 1 1.000000
skin_0
0  -16.433514 98.821815 38.497856  0.022938 0.093390 -0.995365  0.220000 0.988000 1 1 1.000000
0  -19.897373 98.018944 38.325798  0.023473 0.094102 -0.995286  0.235200 0.985400 1 1 1.000000
0  -16.433516 102.526550 38.853428  0.023489 0.094083 -0.995287  0.214700 0.973600 1 1 1.000000
skin_0
0  -19.897373 98.018944 38.325798  0.023473 0.094102 -0.995286  0.235200 0.985400 1 1 1.000000
0  -19.450027 101.872787 38.704323  0.023510 0.094026 -0.995292  0.226700 0.971500 1 1 1.000000
0  -16.433516 102.526550 38.853428  0.023489 0.094083 -0.995287  0.214700 0.973600 1 1 1.000000
skin_0
0  -19.450027 101.872787 38.704323  0.023510 0.094026 -0.995292  0.226700 0.971500 1 1 1.000000
0  -19.897373 98.018944 38.325798  0.023473 0.094102 -0.995286  0.235200 0.985400 1 1 1.000000
0  -22.133974 101.196060 38.543720  0.039228 0.093993 -0.994800  0.237500 0.970000 1 1 1.000000
skin_0
0  -19.450027 101.872787 38.704323  0.023510 0.094026 -0.995292  0.226700 0.971500 1 1 1.000000
0  -22.133974 101.196060 38.543720  0.039228 0.093993 -0.994800  0.237500 0.970000 1 1 1.000000
0  -22.133974 101.322212 38.646957  -0.278474 0.934428 -0.222027  0.237200 0.969400 1 1 1.000000
skin_0
0  -22.133974 101.196060 38.543720  0.039228 0.093993 -0.994800  0.237500 0.970000 1 1 1.000000
0  -26.916828 99.682053 38.188152  0.039196 0.094000 -0.994800  0.256400 0.964100 1 1 1.000000
0  -22.133974 101.322212 38.646957  -0.278474 0.934428 -0.222027  0.237200 0.969400 1 1 1.000000
skin_0
0  -26.916828 99.682053 38.188152  0.039196 0.094000 -0.994800  0.256400 0.964100 1 1 1.000000
0  -26.928284 99.796745 38.291386  -0.284615 0.932758 -0.221262  0.256100 0.963600 1 1 1.000000
0  -22.133974 101.322212 38.646957  -0.278474 0.934428 -0.222027  0.237200 0.969400 1 1 1.000000
skin_0
0  -29.302530 98.856232 38.073463  -0.381896 0.922975 -0.047682  0.265700 0.960000 1 1 1.000000
0  -26.928284 99.796745 38.291386  -0.284615 0.932758 -0.221262  0.256100 0.963600 1 1 1.000000
0  -26.916828 99.682053 38.188152  0.039196 0.094000 -0.994800  0.256400 0.964100 1 1 1.000000
skin_0
0  -26.928284 99.796745 38.291386  -0.284615 0.932758 -0.221262  0.256100 0.963600 1 1 1.000000
0  -29.302530 98.856232 38.073463  -0.381896 0.922975 -0.047682  0.265700 0.960000 1 1 1.000000
0  -29.187840 98.867683 38.876377  -0.427678 0.895008 0.126695  0.263700 0.957100 1 1 1.000000
skin_0
0  -29.302530 98.856232 38.073463  -0.381896 0.922975 -0.047682  0.265700 0.960000 1 1 1.000000
0  -29.486040 98.787407 38.302887  -0.411984 0.911191 0.000029  0.266000 0.958600 1 1 1.000000
0  -29.187840 98.867683 38.876377  -0.427678 0.895008 0.126695  0.263700 0.957100 1 1 1.000000
skin_0
0  -29.486040 98.787407 38.302887  -0.411984 0.911191 0.000029  0.266000 0.958600 1 1 1.000000
0  -29.692507 98.684166 38.383167  -0.443771 0.895578 0.031729  0.266700 0.957700 1 1 1.000000
0  -29.187840 98.867683 38.876377  -0.427678 0.895008 0.126695  0.263700 0.957100 1 1 1.000000
skin_0
0  -29.486040 98.787407 38.302887  -0.411984 0.911191 0.000029  0.266000 0.958600 1 1 1.000000
0  -29.508997 98.672714 38.199654  -0.552270 0.094781 -0.828260  0.266700 0.958900 1 1 1.000000
0  -29.692507 98.684166 38.383167  -0.443771 0.895578 0.031729  0.266700 0.957700 1 1 1.000000
skin_0
0  -29.508997 98.672714 38.199654  -0.552270 0.094781 -0.828260  0.266700 0.958900 1 1 1.000000
0  -29.749876 98.546524 38.279934  -0.000007 0.094041 -0.995568  0.267400 0.957900 1 1 1.000000
0  -29.692507 98.684166 38.383167  -0.443771 0.895578 0.031729  0.266700 0.957700 1 1 1.000000
skin_0
0  -16.433516 102.526550 38.853428  0.023489 0.094083 -0.995287  0.214700 0.973600 1 1 1.000000
0  -16.433516 102.664200 38.945206  -0.181576 0.931326 -0.315694  0.214500 0.973000 1 1 1.000000
0  -12.533808 103.111511 38.979572  0.015569 0.101768 -0.994686  0.199600 0.976000 1 1 1.000000
skin_0
0  -16.433516 102.526550 38.853428  0.023489 0.094083 -0.995287  0.214700 0.973600 1 1 1.000000
0  -19.450027 101.872787 38.704323  0.023510 0.094026 -0.995292  0.226700 0.971500 1 1 1.000000
0  -16.433516 102.664200 38.945206  -0.181576 0.931326 -0.315694  0.214500 0.973000 1 1 1.000000
skin_0
0  -19.450027 101.872787 38.704323  0.023510 0.094026 -0.995292  0.226700 0.971500 1 1 1.000000
0  -19.461529 101.998932 38.796055  -0.181993 0.933589 -0.308693  0.226400 0.970900 1 1 1.000000
0  -16.433516 102.664200 38.945206  -0.181576 0.931326 -0.315694  0.214500 0.973000 1 1 1.000000
skin_0
0  -19.461529 101.998932 38.796055  -0.181993 0.933589 -0.308693  0.226400 0.970900 1 1 1.000000
0  -19.450027 101.872787 38.704323  0.023510 0.094026 -0.995292  0.226700 0.971500 1 1 1.000000
0  -22.133974 101.322212 38.646957  -0.278474 0.934428 -0.222027  0.237200 0.969400 1 1 1.000000
skin_0
0  -19.897373 98.018944 38.325798  0.023473 0.094102 -0.995286  0.235200 0.985400 1 1 1.000000
0  -22.466585 97.296356 38.176697  0.039209 0.094026 -0.994797  0.246700 0.982700 1 1 1.000000
0  -22.133974 101.196060 38.543720  0.039228 0.093993 -0.994800  0.237500 0.970000 1 1 1.000000
skin_0
0  -22.466585 97.296356 38.176697  0.039209 0.094026 -0.994797  0.246700 0.982700 1 1 1.000000
0  -25.494600 96.413162 37.970226  0.039272 0.093961 -0.994801  0.259600 0.978500 1 1 1.000000
0  -22.133974 101.196060 38.543720  0.039228 0.093993 -0.994800  0.237500 0.970000 1 1 1.000000
skin_0
0  -25.494600 96.413162 37.970226  0.039272 0.093961 -0.994801  0.259600 0.978500 1 1 1.000000
0  -26.916828 99.682053 38.188152  0.039196 0.094000 -0.994800  0.256400 0.964100 1 1 1.000000
0  -22.133974 101.196060 38.543720  0.039228 0.093993 -0.994800  0.237500 0.970000 1 1 1.000000
skin_0
0  -25.494600 96.413162 37.970226  0.039272 0.093961 -0.994801  0.259600 0.978500 1 1 1.000000
0  -27.765610 95.610291 37.775265  0.054791 0.093905 -0.994072  0.269400 0.975200 1 1 1.000000
0  -26.916828 99.682053 38.188152  0.039196 0.094000 -0.994800  0.256400 0.964100 1 1 1.000000
skin_0
0  -22.271574 101.425438 39.381046  -0.316283 0.948665 0.000009  0.236800 0.966800 1 1 1.000000
0  -22.305984 101.196060 39.553059  -0.007965 -0.127027 0.991867  0.236900 0.965800 1 1 1.000000
0  -21.698082 101.574539 39.346634  -0.214323 0.976249 -0.031670  0.234700 0.967400 1 1 1.000000
skin_0
0  -22.271574 101.425438 39.381046  -0.316283 0.948665 0.000009  0.236800 0.966800 1 1 1.000000
0  -26.962696 99.819695 39.105755  -0.316188 0.948696 0.000015  0.255000 0.960700 1 1 1.000000
0  -22.305984 101.196060 39.553059  -0.007965 -0.127027 0.991867  0.236900 0.965800 1 1 1.000000
skin_0
0  -26.962696 99.819695 39.105755  -0.316188 0.948696 0.000015  0.255000 0.960700 1 1 1.000000
0  -26.882418 99.613235 39.289268  -0.007954 -0.126988 0.991872  0.254600 0.959700 1 1 1.000000
0  -22.305984 101.196060 39.553059  -0.007965 -0.127027 0.991867  0.236900 0.965800 1 1 1.000000
skin_0
0  -29.096106 98.649757 39.036934  -0.055519 -0.126768 0.990377  0.263200 0.956000 1 1 1.000000
0  -26.882418 99.613235 39.289268  -0.007954 -0.126988 0.991872  0.254600 0.959700 1 1 1.000000
0  -26.962696 99.819695 39.105755  -0.316188 0.948696 0.000015  0.255000 0.960700 1 1 1.000000
skin_0
0  -27.994989 96.023186 38.383167  0.031502 -0.323133 0.945829  0.258900 0.945800 1 1 1.000000
0  -26.882418 99.613235 39.289268  -0.007954 -0.126988 0.991872  0.254600 0.959700 1 1 1.000000
0  -29.096106 98.649757 39.036934  -0.055519 -0.126768 0.990377  0.263200 0.956000 1 1 1.000000
skin_0
0  -27.994989 96.023186 38.383167  0.031502 -0.323133 0.945829  0.258900 0.945800 1 1 1.000000
0  -29.096106 98.649757 39.036934  -0.055519 -0.126768 0.990377  0.263200 0.956000 1 1 1.000000
0  -30.105400 98.133629 38.899288  -0.063274 -0.126704 0.989920  0.267100 0.954000 1 1 1.000000
skin_0
0  -29.096106 98.649757 39.036934  -0.055519 -0.126768 0.990377  0.263200 0.956000 1 1 1.000000
0  -29.187840 98.867683 38.876377  -0.427678 0.895008 0.126695  0.263700 0.957100 1 1 1.000000
0  -30.105400 98.133629 38.899288  -0.063274 -0.126704 0.989920  0.267100 0.954000 1 1 1.000000
skin_0
0  -29.187840 98.867683 38.876377  -0.427678 0.895008 0.126695  0.263700 0.957100 1 1 1.000000
0  -29.096106 98.649757 39.036934  -0.055519 -0.126768 0.990377  0.263200 0.956000 1 1 1.000000
0  -26.962696 99.819695 39.105755  -0.316188 0.948696 0.000015  0.255000 0.960700 1 1 1.000000
skin_0
0  -26.962696 99.819695 39.105755  -0.316188 0.948696 0.000015  0.255000 0.960700 1 1 1.000000
0  -26.928284 99.796745 38.291386  -0.284615 0.932758 -0.221262  0.256100 0.963600 1 1 1.000000
0  -29.187840 98.867683 38.876377  -0.427678 0.895008 0.126695  0.263700 0.957100 1 1 1.000000
skin_0
0  -26.962696 99.819695 39.105755  -0.316188 0.948696 0.000015  0.255000 0.960700 1 1 1.000000
0  -22.271574 101.425438 39.381046  -0.316283 0.948665 0.000009  0.236800 0.966800 1 1 1.000000
0  -26.928284 99.796745 38.291386  -0.284615 0.932758 -0.221262  0.256100 0.963600 1 1 1.000000
skin_0
0  -22.271574 101.425438 39.381046  -0.316283 0.948665 0.000009  0.236800 0.966800 1 1 1.000000
0  -22.133974 101.322212 38.646957  -0.278474 0.934428 -0.222027  0.237200 0.969400 1 1 1.000000
0  -26.928284 99.796745 38.291386  -0.284615 0.932758 -0.221262  0.256100 0.963600 1 1 1.000000
skin_0
0  -22.133974 101.322212 38.646957  -0.278474 0.934428 -0.222027  0.237200 0.969400 1 1 1.000000
0  -22.271574 101.425438 39.381046  -0.316283 0.948665 0.000009  0.236800 0.966800 1 1 1.000000
0  -21.698082 101.574539 39.346634  -0.214323 0.976249 -0.031670  0.234700 0.967400 1 1 1.000000
skin_0
0  -19.461529 101.998932 38.796055  -0.181993 0.933589 -0.308693  0.226400 0.970900 1 1 1.000000
0  -22.133974 101.322212 38.646957  -0.278474 0.934428 -0.222027  0.237200 0.969400 1 1 1.000000
0  -21.698082 101.574539 39.346634  -0.214323 0.976249 -0.031670  0.234700 0.967400 1 1 1.000000
skin_0
0  -20.539644 101.826874 39.174580  -0.214204 0.975626 -0.047643  0.230200 0.968600 1 1 1.000000
0  -19.461529 101.998932 38.796055  -0.181993 0.933589 -0.308693  0.226400 0.970900 1 1 1.000000
0  -21.698082 101.574539 39.346634  -0.214323 0.976249 -0.031670  0.234700 0.967400 1 1 1.000000
skin_0
0  -20.539644 101.826874 39.174580  -0.214204 0.975626 -0.047643  0.230200 0.968600 1 1 1.000000
0  -19.805595 101.987480 39.128712  -0.205105 0.978229 -0.031616  0.227400 0.969300 1 1 1.000000
0  -19.461529 101.998932 38.796055  -0.181993 0.933589 -0.308693  0.226400 0.970900 1 1 1.000000
skin_0
0  -19.461529 101.998932 38.796055  -0.181993 0.933589 -0.308693  0.226400 0.970900 1 1 1.000000
0  -19.805595 101.987480 39.128712  -0.205105 0.978229 -0.031616  0.227400 0.969300 1 1 1.000000
0  -16.444971 102.710068 39.231907  -0.204993 0.977966 -0.039491  0.214300 0.972000 1 1 1.000000
skin_0
0  -16.433516 102.664200 38.945206  -0.181576 0.931326 -0.315694  0.214500 0.973000 1 1 1.000000
0  -19.461529 101.998932 38.796055  -0.181993 0.933589 -0.308693  0.226400 0.970900 1 1 1.000000
0  -16.444971 102.710068 39.231907  -0.204993 0.977966 -0.039491  0.214300 0.972000 1 1 1.000000
skin_0
0  -12.545263 103.249153 39.071350  -0.095201 0.919779 -0.380715  0.199400 0.975400 1 1 1.000000
0  -16.433516 102.664200 38.945206  -0.181576 0.931326 -0.315694  0.214500 0.973000 1 1 1.000000
0  -16.444971 102.710068 39.231907  -0.204993 0.977966 -0.039491  0.214300 0.972000 1 1 1.000000
skin_0
0  -16.433516 102.664200 38.945206  -0.181576 0.931326 -0.315694  0.214500 0.973000 1 1 1.000000
0  -12.545263 103.249153 39.071350  -0.095201 0.919779 -0.380715  0.199400 0.975400 1 1 1.000000
0  -12.533808 103.111511 38.979572  0.015569 0.101768 -0.994686  0.199600 0.976000 1 1 1.000000
skin_0
0  -12.533808 103.111511 38.979572  0.015569 0.101768 -0.994686  0.199600 0.976000 1 1 1.000000
0  -12.545263 103.249153 39.071350  -0.095201 0.919779 -0.380715  0.199400 0.975400 1 1 1.000000
0  -8.450544 103.581764 39.071350  0.007895 0.101809 -0.994773  0.183600 0.977800 1 1 1.000000
skin_0
0  -33.534893 93.373688 37.511475  0.274842 -0.824513 0.494611  0.280400 0.935300 1 1 1.000000
0  -33.488983 93.453972 37.603203  0.244248 -0.756376 0.606827  0.280200 0.935800 1 1 1.000000
0  -33.661037 93.442520 37.580296  -0.410704 -0.529205 0.742472  0.280800 0.935800 1 1 1.000000
skin_0
0  -33.488983 93.453972 37.603203  0.244248 -0.756376 0.606827  0.280200 0.935800 1 1 1.000000
0  -33.534893 93.373688 37.511475  0.274842 -0.824513 0.494611  0.280400 0.935300 1 1 1.000000
0  -30.070988 94.945023 37.970226  0.283947 -0.805011 0.520894  0.266900 0.941400 1 1 1.000000
skin_0
0  -30.070988 94.945023 37.970226  0.283947 -0.805011 0.520894  0.266900 0.941400 1 1 1.000000
0  -33.534893 93.373688 37.511475  0.274842 -0.824513 0.494611  0.280400 0.935300 1 1 1.000000
0  -30.093943 94.990936 37.901451  0.062581 0.093941 -0.993609  0.266800 0.941100 1 1 1.000000
skin_0
0  -30.093943 94.990936 37.901451  0.062581 0.093941 -0.993609  0.266800 0.941100 1 1 1.000000
0  -29.807198 95.082664 37.912907  -0.141709 0.102425 -0.984595  0.265800 0.941400 1 1 1.000000
0  -30.070988 94.945023 37.970226  0.283947 -0.805011 0.520894  0.266900 0.941400 1 1 1.000000
skin_0
0  -29.807198 95.082664 37.912907  -0.141709 0.102425 -0.984595  0.265800 0.941400 1 1 1.000000
0  -29.784286 95.036797 37.958775  0.266852 -0.792110 0.548955  0.265800 0.941600 1 1 1.000000
0  -30.070988 94.945023 37.970226  0.283947 -0.805011 0.520894  0.266900 0.941400 1 1 1.000000
skin_0
0  -29.784286 95.036797 37.958775  0.266852 -0.792110 0.548955  0.265800 0.941600 1 1 1.000000
0  -29.807198 95.082664 37.912907  -0.141709 0.102425 -0.984595  0.265800 0.941400 1 1 1.000000
0  -29.543407 95.025345 37.855541  0.245104 -0.790486 0.561299  0.264800 0.941400 1 1 1.000000
skin_0
0  -29.612230 95.197357 38.084965  0.228684 -0.741387 0.630911  0.265100 0.942400 1 1 1.000000
0  -29.784286 95.036797 37.958775  0.266852 -0.792110 0.548955  0.265800 0.941600 1 1 1.000000
0  -29.543407 95.025345 37.855541  0.245104 -0.790486 0.561299  0.264800 0.941400 1 1 1.000000
skin_0
0  -29.612230 95.197357 38.084965  0.228684 -0.741387 0.630911  0.265100 0.942400 1 1 1.000000
0  -29.543407 95.025345 37.855541  0.245104 -0.790486 0.561299  0.264800 0.941400 1 1 1.000000
0  -27.926167 95.862625 38.268475  0.219990 -0.746155 0.628376  0.258600 0.945100 1 1 1.000000
skin_0
0  -27.926167 95.862625 38.268475  0.219990 -0.746155 0.628376  0.258600 0.945100 1 1 1.000000
0  -27.994989 96.023186 38.383167  0.031502 -0.323133 0.945829  0.258900 0.945800 1 1 1.000000
0  -29.612230 95.197357 38.084965  0.228684 -0.741387 0.630911  0.265100 0.942400 1 1 1.000000
skin_0
0  -27.994989 96.023186 38.383167  0.031502 -0.323133 0.945829  0.258900 0.945800 1 1 1.000000
0  -27.926167 95.862625 38.268475  0.219990 -0.746155 0.628376  0.258600 0.945100 1 1 1.000000
0  -25.689568 96.860504 38.601089  0.047300 -0.315938 0.947600  0.250000 0.949000 1 1 1.000000
skin_0
0  -27.994989 96.023186 38.383167  0.031502 -0.323133 0.945829  0.258900 0.945800 1 1 1.000000
0  -25.689568 96.860504 38.601089  0.047300 -0.315938 0.947600  0.250000 0.949000 1 1 1.000000
0  -26.882418 99.613235 39.289268  -0.007954 -0.126988 0.991872  0.254600 0.959700 1 1 1.000000
skin_0
0  -25.689568 96.860504 38.601089  0.047300 -0.315938 0.947600  0.250000 0.949000 1 1 1.000000
0  -22.443630 97.778076 38.750191  0.047307 -0.315944 0.947598  0.237400 0.952600 1 1 1.000000
0  -26.882418 99.613235 39.289268  -0.007954 -0.126988 0.991872  0.254600 0.959700 1 1 1.000000
skin_0
0  -22.443630 97.778076 38.750191  0.047307 -0.315944 0.947598  0.237400 0.952600 1 1 1.000000
0  -22.305984 101.196060 39.553059  -0.007965 -0.127027 0.991867  0.236900 0.965800 1 1 1.000000
0  -26.882418 99.613235 39.289268  -0.007954 -0.126988 0.991872  0.254600 0.959700 1 1 1.000000
skin_0
0  -21.743994 101.356621 39.530148  0.165958 -0.110614 0.979909  0.234700 0.966400 1 1 1.000000
0  -22.305984 101.196060 39.553059  -0.007965 -0.127027 0.991867  0.236900 0.965800 1 1 1.000000
0  -22.443630 97.778076 38.750191  0.047307 -0.315944 0.947598  0.237400 0.952600 1 1 1.000000
skin_0
0  -22.305984 101.196060 39.553059  -0.007965 -0.127027 0.991867  0.236900 0.965800 1 1 1.000000
0  -21.743994 101.356621 39.530148  0.165958 -0.110614 0.979909  0.234700 0.966400 1 1 1.000000
0  -21.698082 101.574539 39.346634  -0.214323 0.976249 -0.031670  0.234700 0.967400 1 1 1.000000
skin_0
0  -21.743994 101.356621 39.530148  0.165958 -0.110614 0.979909  0.234700 0.966400 1 1 1.000000
0  -20.528189 101.631905 39.358093  0.166164 -0.095118 0.981500  0.230100 0.967500 1 1 1.000000
0  -21.698082 101.574539 39.346634  -0.214323 0.976249 -0.031670  0.234700 0.967400 1 1 1.000000
skin_0
0  -20.528189 101.631905 39.358093  0.166164 -0.095118 0.981500  0.230100 0.967500 1 1 1.000000
0  -20.539644 101.826874 39.174580  -0.214204 0.975626 -0.047643  0.230200 0.968600 1 1 1.000000
0  -21.698082 101.574539 39.346634  -0.214323 0.976249 -0.031670  0.234700 0.967400 1 1 1.000000
skin_0
0  -20.528189 101.631905 39.358093  0.166164 -0.095118 0.981500  0.230100 0.967500 1 1 1.000000
0  -19.805595 101.792465 39.312225  0.000036 -0.071306 0.997454  0.227200 0.968100 1 1 1.000000
0  -20.539644 101.826874 39.174580  -0.214204 0.975626 -0.047643  0.230200 0.968600 1 1 1.000000
skin_0
0  -33.488983 93.453972 37.603203  0.244248 -0.756376 0.606827  0.280200 0.935800 1 1 1.000000
0  -29.612230 95.197357 38.084965  0.228684 -0.741387 0.630911  0.265100 0.942400 1 1 1.000000
0  -33.316967 93.729256 37.740852  -0.039464 -0.268339 0.962516  0.279500 0.936900 1 1 1.000000
skin_0
0  -29.612230 95.197357 38.084965  0.228684 -0.741387 0.630911  0.265100 0.942400 1 1 1.000000
0  -33.488983 93.453972 37.603203  0.244248 -0.756376 0.606827  0.280200 0.935800 1 1 1.000000
0  -30.070988 94.945023 37.970226  0.283947 -0.805011 0.520894  0.266900 0.941400 1 1 1.000000
skin_0
0  -29.612230 95.197357 38.084965  0.228684 -0.741387 0.630911  0.265100 0.942400 1 1 1.000000
0  -30.070988 94.945023 37.970226  0.283947 -0.805011 0.520894  0.266900 0.941400 1 1 1.000000
0  -29.784286 95.036797 37.958775  0.266852 -0.792110 0.548955  0.265800 0.941600 1 1 1.000000
skin_0
0  -22.443630 97.594559 38.635498  0.197133 -0.788093 0.583136  0.237400 0.951700 1 1 1.000000
0  -22.443630 97.778076 38.750191  0.047307 -0.315944 0.947598  0.237400 0.952600 1 1 1.000000
0  -25.689568 96.860504 38.601089  0.047300 -0.315938 0.947600  0.250000 0.949000 1 1 1.000000
skin_0
0  -25.494600 96.413162 37.970226  0.204707 -0.803299 0.559290  0.249000 0.946100 1 1 1.000000
0  -22.466585 97.296356 38.176697  0.204796 -0.803269 0.559301  0.237300 0.949700 1 1 1.000000
0  -22.443630 97.594559 38.635498  0.197133 -0.788093 0.583136  0.237400 0.951700 1 1 1.000000
skin_0
0  -25.632244 96.688454 38.474899  0.196699 -0.794694 0.574256  0.249800 0.948200 1 1 1.000000
0  -25.494600 96.413162 37.970226  0.204707 -0.803299 0.559290  0.249000 0.946100 1 1 1.000000
0  -22.443630 97.594559 38.635498  0.197133 -0.788093 0.583136  0.237400 0.951700 1 1 1.000000
skin_0
0  -25.632244 96.688454 38.474899  0.196699 -0.794694 0.574256  0.249800 0.948200 1 1 1.000000
0  -22.443630 97.594559 38.635498  0.197133 -0.788093 0.583136  0.237400 0.951700 1 1 1.000000
0  -25.689568 96.860504 38.601089  0.047300 -0.315938 0.947600  0.250000 0.949000 1 1 1.000000
skin_0
0  -27.926167 95.862625 38.268475  0.219990 -0.746155 0.628376  0.258600 0.945100 1 1 1.000000
0  -25.632244 96.688454 38.474899  0.196699 -0.794694 0.574256  0.249800 0.948200 1 1 1.000000
0  -25.689568 96.860504 38.601089  0.047300 -0.315938 0.947600  0.250000 0.949000 1 1 1.000000
skin_0
0  -27.926167 95.862625 38.268475  0.219990 -0.746155 0.628376  0.258600 0.945100 1 1 1.000000
0  -25.494600 96.413162 37.970226  0.204707 -0.803299 0.559290  0.249000 0.946100 1 1 1.000000
0  -25.632244 96.688454 38.474899  0.196699 -0.794694 0.574256  0.249800 0.948200 1 1 1.000000
skin_0
0  -27.926167 95.862625 38.268475  0.219990 -0.746155 0.628376  0.258600 0.945100 1 1 1.000000
0  -27.765610 95.610291 37.775265  0.260499 -0.836772 0.481615  0.257800 0.943000 1 1 1.000000
0  -25.494600 96.413162 37.970226  0.204707 -0.803299 0.559290  0.249000 0.946100 1 1 1.000000
skin_0
0  -27.765610 95.610291 37.775265  0.260499 -0.836772 0.481615  0.257800 0.943000 1 1 1.000000
0  -27.926167 95.862625 38.268475  0.219990 -0.746155 0.628376  0.258600 0.945100 1 1 1.000000
0  -29.440174 94.956520 37.683483  0.275080 -0.832774 0.480436  0.264300 0.940700 1 1 1.000000
skin_0
0  -27.926167 95.862625 38.268475  0.219990 -0.746155 0.628376  0.258600 0.945100 1 1 1.000000
0  -29.543407 95.025345 37.855541  0.245104 -0.790486 0.561299  0.264800 0.941400 1 1 1.000000
0  -29.440174 94.956520 37.683483  0.275080 -0.832774 0.480436  0.264300 0.940700 1 1 1.000000
skin_0
0  -29.451628 94.990936 37.580296  -0.039216 0.093951 -0.994804  0.264400 0.940400 1 1 1.000000
0  -29.440174 94.956520 37.683483  0.275080 -0.832774 0.480436  0.264300 0.940700 1 1 1.000000
0  -29.543407 95.025345 37.855541  0.245104 -0.790486 0.561299  0.264800 0.941400 1 1 1.000000
skin_0
0  -29.589273 95.071213 37.798218  -0.769077 0.079197 -0.634231  0.265000 0.941100 1 1 1.000000
0  -29.451628 94.990936 37.580296  -0.039216 0.093951 -0.994804  0.264400 0.940400 1 1 1.000000
0  -29.543407 95.025345 37.855541  0.245104 -0.790486 0.561299  0.264800 0.941400 1 1 1.000000
skin_0
0  -29.807198 95.082664 37.912907  -0.141709 0.102425 -0.984595  0.265800 0.941400 1 1 1.000000
0  -29.589273 95.071213 37.798218  -0.769077 0.079197 -0.634231  0.265000 0.941100 1 1 1.000000
0  -29.543407 95.025345 37.855541  0.245104 -0.790486 0.561299  0.264800 0.941400 1 1 1.000000
skin_0
0  -21.870138 97.720749 38.624046  0.181206 -0.803475 0.567091  0.235200 0.952300 1 1 1.000000
0  -22.443630 97.594559 38.635498  0.197133 -0.788093 0.583136  0.237400 0.951700 1 1 1.000000
0  -22.466585 97.296356 38.176697  0.204796 -0.803269 0.559301  0.237300 0.949700 1 1 1.000000
skin_0
0  -21.870138 97.720749 38.624046  0.181206 -0.803475 0.567091  0.235200 0.952300 1 1 1.000000
0  -21.858683 97.915718 38.738731  0.126110 -0.299505 0.945724  0.235200 0.953100 1 1 1.000000
0  -22.443630 97.594559 38.635498  0.197133 -0.788093 0.583136  0.237400 0.951700 1 1 1.000000
skin_0
0  -21.858683 97.915718 38.738731  0.126110 -0.299505 0.945724  0.235200 0.953100 1 1 1.000000
0  -22.443630 97.778076 38.750191  0.047307 -0.315944 0.947598  0.237400 0.952600 1 1 1.000000
0  -22.443630 97.594559 38.635498  0.197133 -0.788093 0.583136  0.237400 0.951700 1 1 1.000000
skin_0
0  -21.858683 97.915718 38.738731  0.126110 -0.299505 0.945724  0.235200 0.953100 1 1 1.000000
0  -21.743994 101.356621 39.530148  0.165958 -0.110614 0.979909  0.234700 0.966400 1 1 1.000000
0  -22.443630 97.778076 38.750191  0.047307 -0.315944 0.947598  0.237400 0.952600 1 1 1.000000
skin_0
0  -21.858683 97.915718 38.738731  0.126110 -0.299505 0.945724  0.235200 0.953100 1 1 1.000000
0  -20.539642 98.122177 38.646957  0.126405 -0.292209 0.947964  0.230100 0.953900 1 1 1.000000
0  -21.743994 101.356621 39.530148  0.165958 -0.110614 0.979909  0.234700 0.966400 1 1 1.000000
skin_0
0  -20.539642 98.122177 38.646957  0.126405 -0.292209 0.947964  0.230100 0.953900 1 1 1.000000
0  -20.528189 101.631905 39.358093  0.166164 -0.095118 0.981500  0.230100 0.967500 1 1 1.000000
0  -21.743994 101.356621 39.530148  0.165958 -0.110614 0.979909  0.234700 0.966400 1 1 1.000000
skin_0
0  -20.539642 98.122177 38.646957  0.126405 -0.292209 0.947964  0.230100 0.953900 1 1 1.000000
0  -19.805595 98.259781 38.635498  0.031507 -0.275606 0.960754  0.227200 0.954500 1 1 1.000000
0  -20.528189 101.631905 39.358093  0.166164 -0.095118 0.981500  0.230100 0.967500 1 1 1.000000
skin_0
0  -19.805595 98.259781 38.635498  0.031507 -0.275606 0.960754  0.227200 0.954500 1 1 1.000000
0  -19.805595 101.792465 39.312225  0.000036 -0.071306 0.997454  0.227200 0.968100 1 1 1.000000
0  -20.528189 101.631905 39.358093  0.166164 -0.095118 0.981500  0.230100 0.967500 1 1 1.000000
skin_0
0  -19.805595 98.259781 38.635498  0.031507 -0.275606 0.960754  0.227200 0.954500 1 1 1.000000
0  -16.433514 99.016823 38.750195  0.031686 -0.277737 0.960135  0.214200 0.957400 1 1 1.000000
0  -19.805595 101.792465 39.312225  0.000036 -0.071306 0.997454  0.227200 0.968100 1 1 1.000000
skin_0
0  -16.433514 99.016823 38.750195  0.031686 -0.277737 0.960135  0.214200 0.957400 1 1 1.000000
0  -16.444971 102.492142 39.415462  -0.007845 -0.071313 0.997423  0.214200 0.970800 1 1 1.000000
0  -19.805595 101.792465 39.312225  0.000036 -0.071306 0.997454  0.227200 0.968100 1 1 1.000000
skin_0
0  -19.805595 98.259781 38.635498  0.031507 -0.275606 0.960754  0.227200 0.954500 1 1 1.000000
0  -20.539642 98.122177 38.646957  0.126405 -0.292209 0.947964  0.230100 0.953900 1 1 1.000000
0  -20.551144 97.938667 38.520809  0.189283 -0.812078 0.551998  0.230100 0.953000 1 1 1.000000
skin_0
0  -20.551144 97.938667 38.520809  0.189283 -0.812078 0.551998  0.230100 0.953000 1 1 1.000000
0  -20.539642 98.122177 38.646957  0.126405 -0.292209 0.947964  0.230100 0.953900 1 1 1.000000
0  -21.858683 97.915718 38.738731  0.126110 -0.299505 0.945724  0.235200 0.953100 1 1 1.000000
skin_0
0  -21.870138 97.720749 38.624046  0.181206 -0.803475 0.567091  0.235200 0.952300 1 1 1.000000
0  -20.551144 97.938667 38.520809  0.189283 -0.812078 0.551998  0.230100 0.953000 1 1 1.000000
0  -21.858683 97.915718 38.738731  0.126110 -0.299505 0.945724  0.235200 0.953100 1 1 1.000000
skin_0
0  0.002640 100.381691 38.773148  -0.007906 -0.912468 0.409072  0.150600 0.962100 1 1 1.000000
0  0.002640 100.404648 38.922249  -0.007907 -0.864281 0.502947  0.150600 0.962600 1 1 1.000000
0  -4.114990 100.267006 38.899292  0.039396 -0.843335 0.535942  0.166600 0.962100 1 1 1.000000
skin_0
0  -4.114990 100.439056 39.002525  0.000005 -0.292409 0.956293  0.166600 0.962900 1 1 1.000000
0  -4.114990 100.267006 38.899292  0.039396 -0.843335 0.535942  0.166600 0.962100 1 1 1.000000
0  0.002640 100.404648 38.922249  -0.007907 -0.864281 0.502947  0.150600 0.962600 1 1 1.000000
skin_0
0  -4.114990 100.267006 38.899292  0.039396 -0.843335 0.535942  0.166600 0.962100 1 1 1.000000
0  -4.114990 100.439056 39.002525  0.000005 -0.292409 0.956293  0.166600 0.962900 1 1 1.000000
0  -8.427632 100.152306 38.956661  0.007909 -0.285227 0.958427  0.183300 0.961800 1 1 1.000000
skin_0
0  -8.427632 100.152306 38.956661  0.007909 -0.285227 0.958427  0.183300 0.961800 1 1 1.000000
0  -4.114990 100.439056 39.002525  0.000005 -0.292409 0.956293  0.166600 0.962900 1 1 1.000000
0  -4.126446 103.937325 39.656296  -0.000013 -0.047549 0.998869  0.166600 0.976400 1 1 1.000000
skin_0
0  -8.450544 103.593216 39.610428  -0.000053 -0.063410 0.997988  0.183300 0.975100 1 1 1.000000
0  -8.427632 100.152306 38.956661  0.007909 -0.285227 0.958427  0.183300 0.961800 1 1 1.000000
0  -4.126446 103.937325 39.656296  -0.000013 -0.047549 0.998869  0.166600 0.976400 1 1 1.000000
skin_0
0  -8.450544 103.593216 39.610428  -0.000053 -0.063410 0.997988  0.183300 0.975100 1 1 1.000000
0  -4.126446 103.937325 39.656296  -0.000013 -0.047549 0.998869  0.166600 0.976400 1 1 1.000000
0  -8.450544 103.788231 39.426918  -0.095239 0.991622 -0.087271  0.183400 0.976200 1 1 1.000000
skin_0
0  -12.545263 103.100044 39.530151  -0.007862 -0.094815 0.995464  0.199200 0.973200 1 1 1.000000
0  -8.450544 103.593216 39.610428  -0.000053 -0.063410 0.997988  0.183300 0.975100 1 1 1.000000
0  -8.450544 103.788231 39.426918  -0.095239 0.991622 -0.087271  0.183400 0.976200 1 1 1.000000
skin_0
0  -12.545263 103.306519 39.346638  -0.111178 0.993010 -0.039630  0.199200 0.974300 1 1 1.000000
0  -12.545263 103.100044 39.530151  -0.007862 -0.094815 0.995464  0.199200 0.973200 1 1 1.000000
0  -8.450544 103.788231 39.426918  -0.095239 0.991622 -0.087271  0.183400 0.976200 1 1 1.000000
skin_0
0  -16.444971 102.492142 39.415462  -0.007845 -0.071313 0.997423  0.214200 0.970800 1 1 1.000000
0  -12.545263 103.100044 39.530151  -0.007862 -0.094815 0.995464  0.199200 0.973200 1 1 1.000000
0  -12.545263 103.306519 39.346638  -0.111178 0.993010 -0.039630  0.199200 0.974300 1 1 1.000000
skin_0
0  -12.545263 103.100044 39.530151  -0.007862 -0.094815 0.995464  0.199200 0.973200 1 1 1.000000
0  -16.444971 102.492142 39.415462  -0.007845 -0.071313 0.997423  0.214200 0.970800 1 1 1.000000
0  -12.510851 99.636192 38.853428  0.015697 -0.275803 0.961086  0.199000 0.959800 1 1 1.000000
skin_0
0  -16.444971 102.492142 39.415462  -0.007845 -0.071313 0.997423  0.214200 0.970800 1 1 1.000000
0  -16.433514 99.016823 38.750195  0.031686 -0.277737 0.960135  0.214200 0.957400 1 1 1.000000
0  -12.510851 99.636192 38.853428  0.015697 -0.275803 0.961086  0.199000 0.959800 1 1 1.000000
skin_0
0  -16.433514 99.016823 38.750195  0.031686 -0.277737 0.960135  0.214200 0.957400 1 1 1.000000
0  -16.433514 98.833275 38.624050  0.165503 -0.842853 0.512062  0.214200 0.956500 1 1 1.000000
0  -12.510851 99.636192 38.853428  0.015697 -0.275803 0.961086  0.199000 0.959800 1 1 1.000000
skin_0
0  -16.433514 99.016823 38.750195  0.031686 -0.277737 0.960135  0.214200 0.957400 1 1 1.000000
0  -19.805595 98.259781 38.635498  0.031507 -0.275606 0.960754  0.227200 0.954500 1 1 1.000000
0  -16.433514 98.833275 38.624050  0.165503 -0.842853 0.512062  0.214200 0.956500 1 1 1.000000
skin_0
0  -19.805595 98.259781 38.635498  0.031507 -0.275606 0.960754  0.227200 0.954500 1 1 1.000000
0  -19.817051 98.076263 38.509312  0.172813 -0.856126 0.487015  0.227300 0.953600 1 1 1.000000
0  -16.433514 98.833275 38.624050  0.165503 -0.842853 0.512062  0.214200 0.956500 1 1 1.000000
skin_0
0  -19.817051 98.076263 38.509312  0.172813 -0.856126 0.487015  0.227300 0.953600 1 1 1.000000
0  -19.805595 98.259781 38.635498  0.031507 -0.275606 0.960754  0.227200 0.954500 1 1 1.000000
0  -20.551144 97.938667 38.520809  0.189283 -0.812078 0.551998  0.230100 0.953000 1 1 1.000000
skin_0
0  -19.817051 98.076263 38.509312  0.172813 -0.856126 0.487015  0.227300 0.953600 1 1 1.000000
0  -20.551144 97.938667 38.520809  0.189283 -0.812078 0.551998  0.230100 0.953000 1 1 1.000000
0  -19.897373 98.018944 38.325798  0.181095 -0.897696 0.401680  0.227500 0.952900 1 1 1.000000
skin_0
0  -22.466585 97.296356 38.176697  0.204796 -0.803269 0.559301  0.237300 0.949700 1 1 1.000000
0  -19.897373 98.018944 38.325798  0.181095 -0.897696 0.401680  0.227500 0.952900 1 1 1.000000
0  -20.551144 97.938667 38.520809  0.189283 -0.812078 0.551998  0.230100 0.953000 1 1 1.000000
skin_0
0  -21.870138 97.720749 38.624046  0.181206 -0.803475 0.567091  0.235200 0.952300 1 1 1.000000
0  -22.466585 97.296356 38.176697  0.204796 -0.803269 0.559301  0.237300 0.949700 1 1 1.000000
0  -20.551144 97.938667 38.520809  0.189283 -0.812078 0.551998  0.230100 0.953000 1 1 1.000000
skin_0
0  -12.545263 103.100044 39.530151  -0.007862 -0.094815 0.995464  0.199200 0.973200 1 1 1.000000
0  -12.510851 99.636192 38.853428  0.015697 -0.275803 0.961086  0.199000 0.959800 1 1 1.000000
0  -8.450544 103.593216 39.610428  -0.000053 -0.063410 0.997988  0.183300 0.975100 1 1 1.000000
skin_0
0  -12.510851 99.636192 38.853428  0.015697 -0.275803 0.961086  0.199000 0.959800 1 1 1.000000
0  -8.427632 100.152306 38.956661  0.007909 -0.285227 0.958427  0.183300 0.961800 1 1 1.000000
0  -8.450544 103.593216 39.610428  -0.000053 -0.063410 0.997988  0.183300 0.975100 1 1 1.000000
skin_0
0  -12.510851 99.636192 38.853428  0.015697 -0.275803 0.961086  0.199000 0.959800 1 1 1.000000
0  -12.510851 99.487083 38.761646  0.118310 -0.835743 0.536225  0.199000 0.959100 1 1 1.000000
0  -8.427632 100.152306 38.956661  0.007909 -0.285227 0.958427  0.183300 0.961800 1 1 1.000000
skin_0
0  -16.433514 98.833275 38.624050  0.165503 -0.842853 0.512062  0.214200 0.956500 1 1 1.000000
0  -12.510851 99.487083 38.761646  0.118310 -0.835743 0.536225  0.199000 0.959100 1 1 1.000000
0  -12.510851 99.636192 38.853428  0.015697 -0.275803 0.961086  0.199000 0.959800 1 1 1.000000
skin_0
0  -12.510851 99.441177 38.658413  0.133812 -0.905835 0.401942  0.199000 0.958700 1 1 1.000000
0  -12.510851 99.487083 38.761646  0.118310 -0.835743 0.536225  0.199000 0.959100 1 1 1.000000
0  -16.433514 98.833275 38.624050  0.165503 -0.842853 0.512062  0.214200 0.956500 1 1 1.000000
skin_0
0  -12.510851 99.441177 38.658413  0.133812 -0.905835 0.401942  0.199000 0.958700 1 1 1.000000
0  -8.427632 99.968803 38.704327  0.063120 -0.898941 0.433498  0.183200 0.960500 1 1 1.000000
0  -12.510851 99.487083 38.761646  0.118310 -0.835743 0.536225  0.199000 0.959100 1 1 1.000000
skin_0
0  -16.433514 98.821815 38.497856  0.181089 -0.897733 0.401600  0.214100 0.956100 1 1 1.000000
0  -12.510851 99.441177 38.658413  0.133812 -0.905835 0.401942  0.199000 0.958700 1 1 1.000000
0  -16.433514 98.833275 38.624050  0.165503 -0.842853 0.512062  0.214200 0.956500 1 1 1.000000
skin_0
0  -16.433514 98.833275 38.624050  0.165503 -0.842853 0.512062  0.214200 0.956500 1 1 1.000000
0  -19.817051 98.076263 38.509312  0.172813 -0.856126 0.487015  0.227300 0.953600 1 1 1.000000
0  -16.433514 98.821815 38.497856  0.181089 -0.897733 0.401600  0.214100 0.956100 1 1 1.000000
skin_0
0  -19.817051 98.076263 38.509312  0.172813 -0.856126 0.487015  0.227300 0.953600 1 1 1.000000
0  -19.897373 98.018944 38.325798  0.181095 -0.897696 0.401680  0.227500 0.952900 1 1 1.000000
0  -16.433514 98.821815 38.497856  0.181089 -0.897733 0.401600  0.214100 0.956100 1 1 1.000000
skin_0
0  -8.427632 99.968803 38.704327  0.063109 -0.898936 0.433510  0.183200 0.960500 1 1 1.000000
0  -8.427632 99.991760 38.853428  0.055088 -0.833196 0.550227  0.183200 0.961100 1 1 1.000000
0  -12.510851 99.487083 38.761646  0.118310 -0.835743 0.536225  0.199000 0.959100 1 1 1.000000
skin_0
0  -12.510851 99.487083 38.761646  0.118310 -0.835743 0.536225  0.199000 0.959100 1 1 1.000000
0  -8.427632 99.991760 38.853428  0.055088 -0.833196 0.550227  0.183200 0.961100 1 1 1.000000
0  -8.427632 100.152306 38.956661  0.007909 -0.285227 0.958427  0.183300 0.961800 1 1 1.000000
skin_0
0  -8.427632 99.991760 38.853428  0.055088 -0.833196 0.550227  0.183200 0.961100 1 1 1.000000
0  -4.114990 100.267006 38.899292  0.039396 -0.843335 0.535942  0.166600 0.962100 1 1 1.000000
0  -8.427632 100.152306 38.956661  0.007909 -0.285227 0.958427  0.183300 0.961800 1 1 1.000000
skin_0
0  -4.114990 100.267006 38.899292  0.039396 -0.843335 0.535942  0.166600 0.962100 1 1 1.000000
0  -8.427632 99.991760 38.853428  0.055088 -0.833196 0.550227  0.183200 0.961100 1 1 1.000000
0  -4.114990 100.244049 38.750195  0.047304 -0.907048 0.418362  0.166600 0.961500 1 1 1.000000
skin_0
0  -4.114990 100.244049 38.750195  0.047304 -0.907048 0.418362  0.166600 0.961500 1 1 1.000000
0  0.002640 100.381691 38.773148  -0.007906 -0.912468 0.409072  0.150600 0.962100 1 1 1.000000
0  -4.114990 100.267006 38.899292  0.039396 -0.843335 0.535942  0.166600 0.962100 1 1 1.000000
skin_0
0  -8.427632 99.991760 38.853428  0.055088 -0.833196 0.550227  0.183200 0.961100 1 1 1.000000
0  -8.427632 99.968803 38.704327  0.063109 -0.898936 0.433510  0.183200 0.960500 1 1 1.000000
0  -4.114990 100.244049 38.750195  0.047304 -0.907048 0.418362  0.166600 0.961500 1 1 1.000000
skin_0
0  -8.450544 103.788231 39.426918  -0.095239 0.991622 -0.087271  0.183400 0.976200 1 1 1.000000
0  -8.450544 103.707947 39.163128  -0.071401 0.911787 -0.404409  0.183500 0.977200 1 1 1.000000
0  -12.545263 103.306519 39.346638  -0.111178 0.993010 -0.039630  0.199200 0.974300 1 1 1.000000
skin_0
0  -8.450544 103.707947 39.163128  -0.071401 0.911787 -0.404409  0.183500 0.977200 1 1 1.000000
0  -8.450544 103.788231 39.426918  -0.095239 0.991622 -0.087271  0.183400 0.976200 1 1 1.000000
0  -4.126446 104.120842 39.461330  -0.047471 0.983508 -0.174521  0.166600 0.977400 1 1 1.000000
skin_0
0  -4.126446 103.937325 39.656296  -0.000013 -0.047549 0.998869  0.166600 0.976400 1 1 1.000000
0  -4.126446 104.120842 39.461330  -0.047471 0.983508 -0.174521  0.166600 0.977400 1 1 1.000000
0  -8.450544 103.788231 39.426918  -0.095239 0.991622 -0.087271  0.183400 0.976200 1 1 1.000000
skin_0
0  -4.126446 104.120842 39.461330  -0.047471 0.983508 -0.174521  0.166600 0.977400 1 1 1.000000
0  -4.126446 103.937325 39.656296  -0.000013 -0.047549 0.998869  0.166600 0.976400 1 1 1.000000
0  0.002640 104.052025 39.679253  -0.000003 -0.039707 0.999211  0.150600 0.976900 1 1 1.000000
skin_0
0  0.002640 104.052025 39.679253  -0.000003 -0.039707 0.999211  0.150600 0.976900 1 1 1.000000
0  -4.126446 103.937325 39.656296  -0.000013 -0.047549 0.998869  0.166600 0.976400 1 1 1.000000
0  0.002640 100.565201 39.013985  -0.000000 -0.292386 0.956300  0.150600 0.963400 1 1 1.000000
skin_0
0  -4.126446 103.937325 39.656296  -0.000013 -0.047549 0.998869  0.166600 0.976400 1 1 1.000000
0  -4.114990 100.439056 39.002525  0.000005 -0.292409 0.956293  0.166600 0.962900 1 1 1.000000
0  0.002640 100.565201 39.013985  -0.000000 -0.292386 0.956300  0.150600 0.963400 1 1 1.000000
skin_0
0  0.002640 100.565201 39.013985  -0.000000 -0.292386 0.956300  0.150600 0.963400 1 1 1.000000
0  -4.114990 100.439056 39.002525  0.000005 -0.292409 0.956293  0.166600 0.962900 1 1 1.000000
0  0.002640 100.404648 38.922249  -0.007907 -0.864281 0.502947  0.150600 0.962600 1 1 1.000000
skin_0
0  4.120269 100.439056 39.002525  -0.000004 -0.285232 0.958458  0.134700 0.962900 1 1 1.000000
0  0.002640 100.565201 39.013985  -0.000000 -0.292386 0.956300  0.150600 0.963400 1 1 1.000000
0  0.002640 100.404648 38.922249  -0.007907 -0.864281 0.502947  0.150600 0.962600 1 1 1.000000
skin_0
0  4.120269 100.267006 38.899292  -0.031508 -0.843589 0.536065  0.134700 0.962100 1 1 1.000000
0  4.120269 100.439056 39.002525  -0.000004 -0.285232 0.958458  0.134700 0.962900 1 1 1.000000
0  0.002640 100.404648 38.922249  -0.007907 -0.864281 0.502947  0.150600 0.962600 1 1 1.000000
skin_0
0  4.120269 100.439056 39.002525  -0.000004 -0.285232 0.958458  0.134700 0.962900 1 1 1.000000
0  4.120269 100.267006 38.899292  -0.031508 -0.843589 0.536065  0.134700 0.962100 1 1 1.000000
0  8.432912 100.152306 38.956665  -0.000012 -0.285190 0.958471  0.118000 0.961800 1 1 1.000000
skin_0
0  4.120269 100.267006 38.899292  -0.031508 -0.843589 0.536065  0.134700 0.962100 1 1 1.000000
0  8.432912 99.991760 38.853432  -0.047110 -0.833488 0.550525  0.118000 0.961100 1 1 1.000000
0  8.432912 100.152306 38.956665  -0.000012 -0.285190 0.958471  0.118000 0.961800 1 1 1.000000
skin_0
0  8.432912 99.991760 38.853432  -0.047110 -0.833488 0.550525  0.118000 0.961100 1 1 1.000000
0  12.516132 99.487083 38.761650  -0.110510 -0.836580 0.536583  0.102300 0.959100 1 1 1.000000
0  8.432912 100.152306 38.956665  -0.000012 -0.285190 0.958471  0.118000 0.961800 1 1 1.000000
skin_0
0  12.516132 99.487083 38.761650  -0.110510 -0.836580 0.536583  0.102300 0.959100 1 1 1.000000
0  12.516132 99.636192 38.853432  -0.007886 -0.275778 0.961189  0.102200 0.959800 1 1 1.000000
0  8.432912 100.152306 38.956665  -0.000012 -0.285190 0.958471  0.118000 0.961800 1 1 1.000000
skin_0
0  12.516132 99.487083 38.761650  -0.110510 -0.836580 0.536583  0.102300 0.959100 1 1 1.000000
0  16.438797 98.833275 38.624054  -0.157798 -0.843926 0.512727  0.087100 0.956500 1 1 1.000000
0  12.516132 99.636192 38.853432  -0.007886 -0.275778 0.961189  0.102200 0.959800 1 1 1.000000
skin_0
0  16.438797 98.833275 38.624054  -0.157798 -0.843926 0.512727  0.087100 0.956500 1 1 1.000000
0  16.438797 99.016823 38.750198  -0.023804 -0.277808 0.960342  0.087100 0.957400 1 1 1.000000
0  12.516132 99.636192 38.853432  -0.007886 -0.275778 0.961189  0.102200 0.959800 1 1 1.000000
skin_0
0  19.810879 98.259781 38.635506  -0.023597 -0.275708 0.960952  0.074100 0.954500 1 1 1.000000
0  16.438797 99.016823 38.750198  -0.023804 -0.277808 0.960342  0.087100 0.957400 1 1 1.000000
0  16.438797 98.833275 38.624054  -0.157798 -0.843926 0.512727  0.087100 0.956500 1 1 1.000000
skin_0
0  -4.126446 104.029068 39.208996  -0.036947 0.900004 -0.434313  0.166700 0.978500 1 1 1.000000
0  -8.450544 103.707947 39.163128  -0.071401 0.911787 -0.404409  0.183500 0.977200 1 1 1.000000
0  -4.126446 104.120842 39.461330  -0.047471 0.983508 -0.174521  0.166600 0.977400 1 1 1.000000
skin_0
0  8.432912 100.152306 38.956665  -0.000012 -0.285190 0.958471  0.118000 0.961800 1 1 1.000000
0  12.516132 99.636192 38.853432  -0.007886 -0.275778 0.961189  0.102200 0.959800 1 1 1.000000
0  8.455824 103.593216 39.610432  0.007927 -0.063428 0.997955  0.118000 0.975100 1 1 1.000000
skin_0
0  8.432912 100.152306 38.956665  -0.000012 -0.285190 0.958471  0.118000 0.961800 1 1 1.000000
0  8.455824 103.593216 39.610432  0.007927 -0.063428 0.997955  0.118000 0.975100 1 1 1.000000
0  4.131726 103.937325 39.656296  0.000016 -0.047531 0.998870  0.134700 0.976400 1 1 1.000000
skin_0
0  4.120269 100.439056 39.002525  -0.000004 -0.285232 0.958458  0.134700 0.962900 1 1 1.000000
0  8.432912 100.152306 38.956665  -0.000012 -0.285190 0.958471  0.118000 0.961800 1 1 1.000000
0  4.131726 103.937325 39.656296  0.000016 -0.047531 0.998870  0.134700 0.976400 1 1 1.000000
skin_0
0  4.120269 100.439056 39.002525  -0.000004 -0.285232 0.958458  0.134700 0.962900 1 1 1.000000
0  4.131726 103.937325 39.656296  0.000016 -0.047531 0.998870  0.134700 0.976400 1 1 1.000000
0  0.002640 100.565201 39.013985  -0.000000 -0.292386 0.956300  0.150600 0.963400 1 1 1.000000
skin_0
0  4.131726 103.937325 39.656296  0.000016 -0.047531 0.998870  0.134700 0.976400 1 1 1.000000
0  0.002640 104.052025 39.679253  -0.000003 -0.039707 0.999211  0.150600 0.976900 1 1 1.000000
0  0.002640 100.565201 39.013985  -0.000000 -0.292386 0.956300  0.150600 0.963400 1 1 1.000000
skin_0
0  25.499884 96.413162 37.970234  -0.197299 -0.804591 0.560095  0.052300 0.946100 1 1 1.000000
0  25.637484 96.688454 38.474907  -0.189102 -0.795799 0.575277  0.051500 0.948200 1 1 1.000000
0  22.448914 97.594559 38.635506  -0.189489 -0.789274 0.584073  0.063800 0.951700 1 1 1.000000
skin_0
0  22.460367 97.296356 38.176704  -0.197294 -0.804611 0.560068  0.064000 0.949700 1 1 1.000000
0  25.499884 96.413162 37.970234  -0.197299 -0.804591 0.560095  0.052300 0.946100 1 1 1.000000
0  22.448914 97.594559 38.635506  -0.189489 -0.789274 0.584073  0.063800 0.951700 1 1 1.000000
skin_0
0  22.448914 97.594559 38.635506  -0.189489 -0.789274 0.584073  0.063800 0.951700 1 1 1.000000
0  21.875422 97.720749 38.624054  -0.173502 -0.804599 0.567906  0.066100 0.952300 1 1 1.000000
0  22.460367 97.296356 38.176704  -0.197294 -0.804611 0.560068  0.064000 0.949700 1 1 1.000000
skin_0
0  22.460367 97.296356 38.176704  -0.197294 -0.804611 0.560068  0.064000 0.949700 1 1 1.000000
0  21.875422 97.720749 38.624054  -0.173502 -0.804599 0.567906  0.066100 0.952300 1 1 1.000000
0  20.556425 97.938667 38.520817  -0.181601 -0.813293 0.552789  0.071200 0.953000 1 1 1.000000
skin_0
0  20.556425 97.938667 38.520817  -0.181601 -0.813293 0.552789  0.071200 0.953000 1 1 1.000000
0  21.875422 97.720749 38.624054  -0.173502 -0.804599 0.567906  0.066100 0.952300 1 1 1.000000
0  21.863964 97.915718 38.738739  -0.118642 -0.299685 0.946633  0.066100 0.953100 1 1 1.000000
skin_0
0  20.544926 98.122177 38.646965  -0.118599 -0.292502 0.948882  0.071200 0.953900 1 1 1.000000
0  20.556425 97.938667 38.520817  -0.181601 -0.813293 0.552789  0.071200 0.953000 1 1 1.000000
0  21.863964 97.915718 38.738739  -0.118642 -0.299685 0.946633  0.066100 0.953100 1 1 1.000000
skin_0
0  20.544926 98.122177 38.646965  -0.118599 -0.292502 0.948882  0.071200 0.953900 1 1 1.000000
0  19.810879 98.259781 38.635506  -0.023597 -0.275708 0.960952  0.074100 0.954500 1 1 1.000000
0  20.556425 97.938667 38.520817  -0.181601 -0.813293 0.552789  0.071200 0.953000 1 1 1.000000
skin_0
0  19.810879 98.259781 38.635506  -0.023597 -0.275708 0.960952  0.074100 0.954500 1 1 1.000000
0  19.822332 98.076263 38.509319  -0.165206 -0.857309 0.487573  0.074000 0.953600 1 1 1.000000
0  20.556425 97.938667 38.520817  -0.181601 -0.813293 0.552789  0.071200 0.953000 1 1 1.000000
skin_0
0  19.822332 98.076263 38.509319  -0.165206 -0.857309 0.487573  0.074000 0.953600 1 1 1.000000
0  19.810879 98.259781 38.635506  -0.023597 -0.275708 0.960952  0.074100 0.954500 1 1 1.000000
0  16.438797 98.833275 38.624054  -0.157798 -0.843926 0.512727  0.087100 0.956500 1 1 1.000000
skin_0
0  19.822332 98.076263 38.509319  -0.165206 -0.857309 0.487573  0.074000 0.953600 1 1 1.000000
0  16.438797 98.833275 38.624054  -0.157798 -0.843926 0.512727  0.087100 0.956500 1 1 1.000000
0  16.438797 98.821815 38.497860  -0.173504 -0.898983 0.402153  0.087200 0.956100 1 1 1.000000
skin_0
0  12.516132 99.441177 38.658417  -0.126123 -0.906925 0.401969  0.102300 0.958700 1 1 1.000000
0  16.438797 98.821815 38.497860  -0.173500 -0.898973 0.402175  0.087200 0.956100 1 1 1.000000
0  16.438797 98.833275 38.624054  -0.157798 -0.843926 0.512727  0.087100 0.956500 1 1 1.000000
skin_0
0  12.516132 99.487083 38.761650  -0.110510 -0.836580 0.536583  0.102300 0.959100 1 1 1.000000
0  12.516132 99.441177 38.658417  -0.126123 -0.906925 0.401969  0.102300 0.958700 1 1 1.000000
0  16.438797 98.833275 38.624054  -0.157798 -0.843926 0.512727  0.087100 0.956500 1 1 1.000000
skin_0
0  8.432912 99.968803 38.704330  -0.055198 -0.899305 0.433824  0.118100 0.960500 1 1 1.000000
0  12.516132 99.441177 38.658417  -0.126123 -0.906925 0.401969  0.102300 0.958700 1 1 1.000000
0  12.516132 99.487083 38.761650  -0.110510 -0.836580 0.536583  0.102300 0.959100 1 1 1.000000
skin_0
0  8.432912 99.991760 38.853432  -0.047110 -0.833488 0.550525  0.118000 0.961100 1 1 1.000000
0  8.432912 99.968803 38.704330  -0.055198 -0.899305 0.433824  0.118100 0.960500 1 1 1.000000
0  12.516132 99.487083 38.761650  -0.110510 -0.836580 0.536583  0.102300 0.959100 1 1 1.000000
skin_0
0  8.432912 99.968803 38.704330  -0.055198 -0.899305 0.433824  0.118100 0.960500 1 1 1.000000
0  8.432912 99.991760 38.853432  -0.047110 -0.833488 0.550525  0.118000 0.961100 1 1 1.000000
0  4.120269 100.244049 38.750195  -0.039502 -0.907517 0.418154  0.134700 0.961500 1 1 1.000000
skin_0
0  8.432912 99.991760 38.853432  -0.047110 -0.833488 0.550525  0.118000 0.961100 1 1 1.000000
0  4.120269 100.267006 38.899292  -0.031508 -0.843589 0.536065  0.134700 0.962100 1 1 1.000000
0  4.120269 100.244049 38.750195  -0.039502 -0.907517 0.418154  0.134700 0.961500 1 1 1.000000
skin_0
0  0.002640 100.381691 38.773148  -0.007906 -0.912468 0.409072  0.150600 0.962100 1 1 1.000000
0  4.120269 100.244049 38.750195  -0.039502 -0.907517 0.418154  0.134700 0.961500 1 1 1.000000
0  4.120269 100.267006 38.899292  -0.031508 -0.843589 0.536065  0.134700 0.962100 1 1 1.000000
skin_0
0  0.002640 100.404648 38.922249  -0.007907 -0.864281 0.502947  0.150600 0.962600 1 1 1.000000
0  0.002640 100.381691 38.773148  -0.007906 -0.912468 0.409072  0.150600 0.962100 1 1 1.000000
0  4.120269 100.267006 38.899292  -0.031508 -0.843589 0.536065  0.134700 0.962100 1 1 1.000000
skin_0
0  21.863964 97.915718 38.738739  -0.118642 -0.299685 0.946633  0.066100 0.953100 1 1 1.000000
0  21.875422 97.720749 38.624054  -0.173502 -0.804599 0.567906  0.066100 0.952300 1 1 1.000000
0  22.448914 97.594559 38.635506  -0.189489 -0.789274 0.584073  0.063800 0.951700 1 1 1.000000
skin_0
0  19.902611 98.018944 38.325806  -0.173502 -0.898976 0.402168  0.073800 0.952900 1 1 1.000000
0  19.822332 98.076263 38.509319  -0.165206 -0.857309 0.487573  0.074000 0.953600 1 1 1.000000
0  16.438797 98.821815 38.497860  -0.173504 -0.898983 0.402153  0.087200 0.956100 1 1 1.000000
skin_0
0  20.556425 97.938667 38.520817  -0.181601 -0.813293 0.552789  0.071200 0.953000 1 1 1.000000
0  19.822332 98.076263 38.509319  -0.165206 -0.857309 0.487573  0.074000 0.953600 1 1 1.000000
0  19.902611 98.018944 38.325806  -0.173502 -0.898976 0.402168  0.073800 0.952900 1 1 1.000000
skin_0
0  19.902611 98.018944 38.325806  -0.173502 -0.898976 0.402168  0.073800 0.952900 1 1 1.000000
0  22.460367 97.296356 38.176704  -0.197294 -0.804611 0.560068  0.064000 0.949700 1 1 1.000000
0  20.556425 97.938667 38.520817  -0.181601 -0.813293 0.552789  0.071200 0.953000 1 1 1.000000
skin_0
0  12.516132 99.636192 38.853432  -0.007886 -0.275778 0.961189  0.102200 0.959800 1 1 1.000000
0  12.550545 103.100044 39.530155  0.015804 -0.094769 0.995374  0.102100 0.973200 1 1 1.000000
0  8.455824 103.593216 39.610432  0.007927 -0.063428 0.997955  0.118000 0.975100 1 1 1.000000
skin_0
0  16.450251 102.492142 39.415466  0.015778 -0.071314 0.997329  0.087000 0.970800 1 1 1.000000
0  12.550545 103.100044 39.530155  0.015804 -0.094769 0.995374  0.102100 0.973200 1 1 1.000000
0  12.516132 99.636192 38.853432  -0.007886 -0.275778 0.961189  0.102200 0.959800 1 1 1.000000
skin_0
0  16.438797 99.016823 38.750198  -0.023804 -0.277808 0.960342  0.087100 0.957400 1 1 1.000000
0  16.450251 102.492142 39.415466  0.015778 -0.071314 0.997329  0.087000 0.970800 1 1 1.000000
0  12.516132 99.636192 38.853432  -0.007886 -0.275778 0.961189  0.102200 0.959800 1 1 1.000000
skin_0
0  16.450251 102.492142 39.415466  0.015778 -0.071314 0.997329  0.087000 0.970800 1 1 1.000000
0  16.438797 99.016823 38.750198  -0.023804 -0.277808 0.960342  0.087100 0.957400 1 1 1.000000
0  19.810879 101.792465 39.312233  0.007875 -0.071282 0.997425  0.074100 0.968100 1 1 1.000000
skin_0
0  16.438797 99.016823 38.750198  -0.023804 -0.277808 0.960342  0.087100 0.957400 1 1 1.000000
0  19.810879 98.259781 38.635506  -0.023597 -0.275708 0.960952  0.074100 0.954500 1 1 1.000000
0  19.810879 101.792465 39.312233  0.007875 -0.071282 0.997425  0.074100 0.968100 1 1 1.000000
skin_0
0  19.810879 101.792465 39.312233  0.007875 -0.071282 0.997425  0.074100 0.968100 1 1 1.000000
0  19.810879 98.259781 38.635506  -0.023597 -0.275708 0.960952  0.074100 0.954500 1 1 1.000000
0  20.533472 101.631905 39.358101  -0.158529 -0.095065 0.982767  0.071200 0.967500 1 1 1.000000
skin_0
0  19.810879 98.259781 38.635506  -0.023597 -0.275708 0.960952  0.074100 0.954500 1 1 1.000000
0  20.544926 98.122177 38.646965  -0.118599 -0.292502 0.948882  0.071200 0.953900 1 1 1.000000
0  20.533472 101.631905 39.358101  -0.158529 -0.095065 0.982767  0.071200 0.967500 1 1 1.000000
skin_0
0  20.533472 101.631905 39.358101  -0.158529 -0.095065 0.982767  0.071200 0.967500 1 1 1.000000
0  20.544926 98.122177 38.646965  -0.118599 -0.292502 0.948882  0.071200 0.953900 1 1 1.000000
0  21.737776 101.356621 39.530155  -0.160901 -0.109704 0.980855  0.066600 0.966400 1 1 1.000000
skin_0
0  20.544926 98.122177 38.646965  -0.118599 -0.292502 0.948882  0.071200 0.953900 1 1 1.000000
0  21.863964 97.915718 38.738739  -0.118642 -0.299685 0.946633  0.066100 0.953100 1 1 1.000000
0  21.737776 101.356621 39.530155  -0.160901 -0.109704 0.980855  0.066600 0.966400 1 1 1.000000
skin_0
0  21.737776 101.356621 39.530155  -0.160901 -0.109704 0.980855  0.066600 0.966400 1 1 1.000000
0  21.863964 97.915718 38.738739  -0.118642 -0.299685 0.946633  0.066100 0.953100 1 1 1.000000
0  22.437456 97.778076 38.750198  -0.039514 -0.316048 0.947920  0.063900 0.952600 1 1 1.000000
skin_0
0  22.437456 97.778076 38.750198  -0.039514 -0.316048 0.947920  0.063900 0.952600 1 1 1.000000
0  21.863964 97.915718 38.738739  -0.118642 -0.299685 0.946633  0.066100 0.953100 1 1 1.000000
0  22.448914 97.594559 38.635506  -0.189489 -0.789274 0.584073  0.063800 0.951700 1 1 1.000000
skin_0
0  22.437456 97.778076 38.750198  -0.039514 -0.316048 0.947920  0.063900 0.952600 1 1 1.000000
0  22.448914 97.594559 38.635506  -0.189489 -0.789274 0.584073  0.063800 0.951700 1 1 1.000000
0  25.694849 96.860504 38.601097  -0.039514 -0.316033 0.947925  0.051300 0.949000 1 1 1.000000
skin_0
0  22.448914 97.594559 38.635506  -0.189489 -0.789274 0.584073  0.063800 0.951700 1 1 1.000000
0  25.637484 96.688454 38.474907  -0.189102 -0.795799 0.575277  0.051500 0.948200 1 1 1.000000
0  25.694849 96.860504 38.601097  -0.039514 -0.316033 0.947925  0.051300 0.949000 1 1 1.000000
skin_0
0  25.637484 96.688454 38.474907  -0.189102 -0.795799 0.575277  0.051500 0.948200 1 1 1.000000
0  27.931446 95.862625 38.268482  -0.212388 -0.747495 0.629399  0.042700 0.945100 1 1 1.000000
0  25.694849 96.860504 38.601097  -0.039514 -0.316033 0.947925  0.051300 0.949000 1 1 1.000000
skin_0
0  25.499884 96.413162 37.970234  -0.197299 -0.804591 0.560095  0.052300 0.946100 1 1 1.000000
0  27.931446 95.862625 38.268482  -0.212388 -0.747495 0.629399  0.042700 0.945100 1 1 1.000000
0  25.637484 96.688454 38.474907  -0.189102 -0.795799 0.575277  0.051500 0.948200 1 1 1.000000
skin_0
0  27.770889 95.610291 37.775272  -0.253206 -0.838488 0.482519  0.043500 0.943000 1 1 1.000000
0  27.931446 95.862625 38.268482  -0.212388 -0.747495 0.629399  0.042700 0.945100 1 1 1.000000
0  25.499884 96.413162 37.970234  -0.197299 -0.804591 0.560095  0.052300 0.946100 1 1 1.000000
skin_0
0  27.931446 95.862625 38.268482  -0.212388 -0.747495 0.629399  0.042700 0.945100 1 1 1.000000
0  27.770889 95.610291 37.775272  -0.253206 -0.838488 0.482519  0.043500 0.943000 1 1 1.000000
0  29.434002 94.956520 37.683495  -0.267921 -0.835007 0.480605  0.037000 0.940700 1 1 1.000000
skin_0
0  29.548691 95.025345 37.855553  -0.237553 -0.791961 0.562464  0.036500 0.941400 1 1 1.000000
0  27.931446 95.862625 38.268482  -0.212388 -0.747495 0.629399  0.042700 0.945100 1 1 1.000000
0  29.434002 94.956520 37.683495  -0.267921 -0.835007 0.480605  0.037000 0.940700 1 1 1.000000
skin_0
0  29.434002 94.956520 37.683495  -0.267921 -0.835007 0.480605  0.037000 0.940700 1 1 1.000000
0  29.456913 94.990936 37.580307  0.046887 0.094017 -0.994466  0.036900 0.940400 1 1 1.000000
0  29.548691 95.025345 37.855553  -0.237553 -0.791961 0.562464  0.036500 0.941400 1 1 1.000000
skin_0
0  29.456913 94.990936 37.580307  0.046887 0.094017 -0.994466  0.036900 0.940400 1 1 1.000000
0  29.594559 95.071213 37.798229  0.772243 0.078848 -0.630416  0.036300 0.941100 1 1 1.000000
0  29.548691 95.025345 37.855553  -0.237553 -0.791961 0.562464  0.036500 0.941400 1 1 1.000000
skin_0
0  29.594559 95.071213 37.798229  0.772243 0.078848 -0.630416  0.036300 0.941100 1 1 1.000000
0  29.812477 95.082664 37.912918  0.149519 0.102127 -0.983471  0.035500 0.941400 1 1 1.000000
0  29.548691 95.025345 37.855553  -0.237553 -0.791961 0.562464  0.036500 0.941400 1 1 1.000000
skin_0
0  33.138695 95.208862 37.912918  0.893277 0.253045 0.371517  0.022200 0.942600 1 1 1.000000
0  33.723690 93.626022 37.603214  0.892646 0.086892 0.442304  0.020300 0.936400 1 1 1.000000
0  33.769554 93.545746 37.511486  0.933362 0.087069 0.348217  0.019900 0.936100 1 1 1.000000
skin_0
0  33.712189 93.373688 37.488529  0.464673 -0.614202 0.637836  0.020300 0.935500 1 1 1.000000
0  33.769554 93.545746 37.511486  0.933362 0.087069 0.348217  0.019900 0.936100 1 1 1.000000
0  33.723690 93.626022 37.603214  0.892646 0.086892 0.442304  0.020300 0.936400 1 1 1.000000
skin_0
0  33.769554 93.545746 37.511486  0.933362 0.087069 0.348217  0.019900 0.936100 1 1 1.000000
0  33.712189 93.373688 37.488529  0.464673 -0.614202 0.637836  0.020300 0.935500 1 1 1.000000
0  33.712189 93.511337 37.465572  -0.086704 0.070997 -0.993701  0.019600 0.936000 1 1 1.000000
skin_0
0  33.712189 93.373688 37.488529  0.464673 -0.614202 0.637836  0.020300 0.935500 1 1 1.000000
0  33.677780 93.431053 37.454117  -0.085996 0.078014 -0.993236  0.020100 0.935300 1 1 1.000000
0  33.712189 93.511337 37.465572  -0.086704 0.070997 -0.993701  0.019600 0.936000 1 1 1.000000
skin_0
0  33.677780 93.431053 37.454117  -0.085996 0.078014 -0.993236  0.020100 0.935300 1 1 1.000000
0  33.712189 93.373688 37.488529  0.464673 -0.614202 0.637836  0.020300 0.935500 1 1 1.000000
0  33.586044 93.431053 37.465572  -0.078183 0.078256 -0.993863  0.021000 0.935000 1 1 1.000000
skin_0
0  33.712189 93.373688 37.488529  0.464673 -0.614202 0.637836  0.020300 0.935500 1 1 1.000000
0  33.540176 93.373688 37.511486  -0.267653 -0.826233 0.495682  0.020900 0.935300 1 1 1.000000
0  33.586044 93.431053 37.465572  -0.078183 0.078256 -0.993863  0.021000 0.935000 1 1 1.000000
skin_0
0  33.586044 93.431053 37.465572  -0.078183 0.078256 -0.993863  0.021000 0.935000 1 1 1.000000
0  33.540176 93.373688 37.511486  -0.267653 -0.826233 0.495682  0.020900 0.935300 1 1 1.000000
0  30.087772 94.990936 37.901463  -0.054824 0.093962 -0.994065  0.034500 0.941100 1 1 1.000000
skin_0
0  33.540176 93.373688 37.511486  -0.267653 -0.826233 0.495682  0.020900 0.935300 1 1 1.000000
0  30.076313 94.945068 37.970238  -0.276903 -0.806656 0.522141  0.034400 0.941400 1 1 1.000000
0  30.087772 94.990936 37.901463  -0.054824 0.093962 -0.994065  0.034500 0.941100 1 1 1.000000
skin_0
0  29.812477 95.082664 37.912918  0.149519 0.102127 -0.983471  0.035500 0.941400 1 1 1.000000
0  30.087772 94.990936 37.901463  -0.054824 0.093962 -0.994065  0.034500 0.941100 1 1 1.000000
0  30.076313 94.945068 37.970238  -0.276903 -0.806656 0.522141  0.034400 0.941400 1 1 1.000000
skin_0
0  29.789566 95.036797 37.958786  -0.259348 -0.793751 0.550180  0.035500 0.941600 1 1 1.000000
0  29.812477 95.082664 37.912918  0.149519 0.102127 -0.983471  0.035500 0.941400 1 1 1.000000
0  30.076313 94.945068 37.970238  -0.276903 -0.806656 0.522141  0.034400 0.941400 1 1 1.000000
skin_0
0  29.812477 95.082664 37.912918  0.149519 0.102127 -0.983471  0.035500 0.941400 1 1 1.000000
0  29.789566 95.036797 37.958786  -0.259348 -0.793751 0.550180  0.035500 0.941600 1 1 1.000000
0  29.548691 95.025345 37.855553  -0.237553 -0.791961 0.562464  0.036500 0.941400 1 1 1.000000
skin_0
0  29.789566 95.036797 37.958786  -0.259348 -0.793751 0.550180  0.035500 0.941600 1 1 1.000000
0  29.606056 95.197395 38.084976  -0.221305 -0.742707 0.631989  0.036100 0.942400 1 1 1.000000
0  29.548691 95.025345 37.855553  -0.237553 -0.791961 0.562464  0.036500 0.941400 1 1 1.000000
skin_0
0  29.548691 95.025345 37.855553  -0.237553 -0.791961 0.562464  0.036500 0.941400 1 1 1.000000
0  29.606056 95.197395 38.084976  -0.221305 -0.742707 0.631989  0.036100 0.942400 1 1 1.000000
0  27.931446 95.862625 38.268482  -0.212388 -0.747495 0.629399  0.042700 0.945100 1 1 1.000000
skin_0
0  28.000271 96.023186 38.383175  -0.023584 -0.323202 0.946036  0.042300 0.945800 1 1 1.000000
0  27.931446 95.862625 38.268482  -0.212388 -0.747495 0.629399  0.042700 0.945100 1 1 1.000000
0  29.606056 95.197395 38.084976  -0.221305 -0.742707 0.631989  0.036100 0.942400 1 1 1.000000
skin_0
0  27.931446 95.862625 38.268482  -0.212388 -0.747495 0.629399  0.042700 0.945100 1 1 1.000000
0  28.000271 96.023186 38.383175  -0.023584 -0.323202 0.946036  0.042300 0.945800 1 1 1.000000
0  25.694849 96.860504 38.601097  -0.039514 -0.316033 0.947925  0.051300 0.949000 1 1 1.000000
skin_0
0  25.694849 96.860504 38.601097  -0.039514 -0.316033 0.947925  0.051300 0.949000 1 1 1.000000
0  28.000271 96.023186 38.383175  -0.023584 -0.323202 0.946036  0.042300 0.945800 1 1 1.000000
0  26.887699 99.613235 39.289276  0.015833 -0.127016 0.991774  0.046700 0.959700 1 1 1.000000
skin_0
0  22.437456 97.778076 38.750198  -0.039514 -0.316048 0.947920  0.063900 0.952600 1 1 1.000000
0  25.694849 96.860504 38.601097  -0.039514 -0.316033 0.947925  0.051300 0.949000 1 1 1.000000
0  26.887699 99.613235 39.289276  0.015833 -0.127016 0.991774  0.046700 0.959700 1 1 1.000000
skin_0
0  22.311268 101.196060 39.553066  0.015819 -0.126918 0.991787  0.064400 0.965800 1 1 1.000000
0  22.437456 97.778076 38.750198  -0.039514 -0.316048 0.947920  0.063900 0.952600 1 1 1.000000
0  26.887699 99.613235 39.289276  0.015833 -0.127016 0.991774  0.046700 0.959700 1 1 1.000000
skin_0
0  30.076313 94.945068 37.970238  -0.276903 -0.806656 0.522141  0.034400 0.941400 1 1 1.000000
0  29.606056 95.197395 38.084976  -0.221305 -0.742707 0.631989  0.036100 0.942400 1 1 1.000000
0  29.789566 95.036797 37.958786  -0.259348 -0.793751 0.550180  0.035500 0.941600 1 1 1.000000
skin_0
0  29.697788 95.357956 38.199665  -0.023598 -0.323225 0.946028  0.035800 0.943200 1 1 1.000000
0  28.000271 96.023186 38.383175  -0.023584 -0.323202 0.946036  0.042300 0.945800 1 1 1.000000
0  29.606056 95.197395 38.084976  -0.221305 -0.742707 0.631989  0.036100 0.942400 1 1 1.000000
skin_0
0  22.311268 101.196060 39.553066  0.015819 -0.126918 0.991787  0.064400 0.965800 1 1 1.000000
0  22.265400 101.425438 39.381054  0.323282 0.946303 0.000003  0.064500 0.966800 1 1 1.000000
0  21.703365 101.574539 39.346642  0.221897 0.974555 -0.031694  0.066600 0.967400 1 1 1.000000
skin_0
0  26.967976 99.819695 39.105762  0.323285 0.946302 -0.000034  0.046300 0.960700 1 1 1.000000
0  22.265400 101.425438 39.381054  0.323282 0.946303 0.000003  0.064500 0.966800 1 1 1.000000
0  22.311268 101.196060 39.553066  0.015819 -0.126918 0.991787  0.064400 0.965800 1 1 1.000000
skin_0
0  26.887699 99.613235 39.289276  0.015833 -0.127016 0.991774  0.046700 0.959700 1 1 1.000000
0  26.967976 99.819695 39.105762  0.323285 0.946302 -0.000034  0.046300 0.960700 1 1 1.000000
0  22.311268 101.196060 39.553066  0.015819 -0.126918 0.991787  0.064400 0.965800 1 1 1.000000
skin_0
0  26.887699 99.613235 39.289276  0.015833 -0.127016 0.991774  0.046700 0.959700 1 1 1.000000
0  29.089886 98.649757 39.036942  0.063370 -0.126696 0.989915  0.038100 0.956000 1 1 1.000000
0  26.967976 99.819695 39.105762  0.323285 0.946302 -0.000034  0.046300 0.960700 1 1 1.000000
skin_0
0  26.887699 99.613235 39.289276  0.015833 -0.127016 0.991774  0.046700 0.959700 1 1 1.000000
0  28.000271 96.023186 38.383175  -0.023584 -0.323202 0.946036  0.042300 0.945800 1 1 1.000000
0  29.089886 98.649757 39.036942  0.063370 -0.126696 0.989915  0.038100 0.956000 1 1 1.000000
skin_0
0  19.810879 101.987480 39.128719  0.212610 0.976630 -0.031483  0.073900 0.969300 1 1 1.000000
0  20.544926 101.826874 39.174587  0.221670 0.973960 -0.047580  0.071100 0.968600 1 1 1.000000
0  19.466764 101.998932 38.796062  0.189710 0.932261 -0.308057  0.074900 0.970900 1 1 1.000000
skin_0
0  19.466764 101.998932 38.796062  0.189710 0.932261 -0.308057  0.074900 0.970900 1 1 1.000000
0  20.544926 101.826874 39.174587  0.221670 0.973960 -0.047580  0.071100 0.968600 1 1 1.000000
0  21.703365 101.574539 39.346642  0.221897 0.974555 -0.031694  0.066600 0.967400 1 1 1.000000
skin_0
0  22.139256 101.322212 38.646965  0.284613 0.932715 -0.221444  0.064100 0.969400 1 1 1.000000
0  19.466764 101.998932 38.796062  0.189710 0.932261 -0.308057  0.074900 0.970900 1 1 1.000000
0  21.703365 101.574539 39.346642  0.221897 0.974555 -0.031694  0.066600 0.967400 1 1 1.000000
skin_0
0  22.265400 101.425438 39.381054  0.323282 0.946303 0.000003  0.064500 0.966800 1 1 1.000000
0  22.139256 101.322212 38.646965  0.284613 0.932715 -0.221444  0.064100 0.969400 1 1 1.000000
0  21.703365 101.574539 39.346642  0.221897 0.974555 -0.031694  0.066600 0.967400 1 1 1.000000
skin_0
0  22.139256 101.322212 38.646965  0.284613 0.932715 -0.221444  0.064100 0.969400 1 1 1.000000
0  22.265400 101.425438 39.381054  0.323282 0.946303 0.000003  0.064500 0.966800 1 1 1.000000
0  26.933563 99.796745 38.291393  0.291809 0.930622 -0.220885  0.045200 0.963600 1 1 1.000000
skin_0
0  22.265400 101.425438 39.381054  0.323282 0.946303 0.000003  0.064500 0.966800 1 1 1.000000
0  26.967976 99.819695 39.105762  0.323285 0.946302 -0.000034  0.046300 0.960700 1 1 1.000000
0  26.933563 99.796745 38.291393  0.291809 0.930622 -0.220885  0.045200 0.963600 1 1 1.000000
skin_0
0  26.933563 99.796745 38.291393  0.291809 0.930622 -0.220885  0.045200 0.963600 1 1 1.000000
0  26.967976 99.819695 39.105762  0.323285 0.946302 -0.000034  0.046300 0.960700 1 1 1.000000
0  29.181664 98.867683 38.876385  0.434090 0.891970 0.126311  0.037600 0.957100 1 1 1.000000
skin_0
0  29.089886 98.649757 39.036942  0.063370 -0.126696 0.989915  0.038100 0.956000 1 1 1.000000
0  29.181664 98.867683 38.876385  0.434090 0.891970 0.126311  0.037600 0.957100 1 1 1.000000
0  26.967976 99.819695 39.105762  0.323285 0.946302 -0.000034  0.046300 0.960700 1 1 1.000000
skin_0
0  29.181664 98.867683 38.876385  0.434090 0.891970 0.126311  0.037600 0.957100 1 1 1.000000
0  29.089886 98.649757 39.036942  0.063370 -0.126696 0.989915  0.038100 0.956000 1 1 1.000000
0  30.110725 98.133629 38.899300  0.071315 -0.126685 0.989376  0.034200 0.954000 1 1 1.000000
skin_0
0  29.089886 98.649757 39.036942  0.063370 -0.126696 0.989915  0.038100 0.956000 1 1 1.000000
0  28.000271 96.023186 38.383175  -0.023584 -0.323202 0.946036  0.042300 0.945800 1 1 1.000000
0  30.110725 98.133629 38.899300  0.071315 -0.126685 0.989376  0.034200 0.954000 1 1 1.000000
skin_0
0  30.110725 98.133629 38.899300  0.071315 -0.126685 0.989376  0.034200 0.954000 1 1 1.000000
0  28.000271 96.023186 38.383175  -0.023584 -0.323202 0.946036  0.042300 0.945800 1 1 1.000000
0  30.913593 97.674835 38.784611  0.086794 -0.134336 0.987127  0.031100 0.952200 1 1 1.000000
skin_0
0  28.000271 96.023186 38.383175  -0.023584 -0.323202 0.946036  0.042300 0.945800 1 1 1.000000
0  29.697788 95.357956 38.199665  -0.023598 -0.323225 0.946028  0.035800 0.943200 1 1 1.000000
0  30.913593 97.674835 38.784611  0.086794 -0.134336 0.987127  0.031100 0.952200 1 1 1.000000
skin_0
0  30.913593 97.674835 38.784611  0.086794 -0.134336 0.987127  0.031100 0.952200 1 1 1.000000
0  29.697788 95.357956 38.199665  -0.023598 -0.323225 0.946028  0.035800 0.943200 1 1 1.000000
0  31.624729 97.066933 38.624058  0.110966 -0.142709 0.983525  0.028300 0.949800 1 1 1.000000
skin_0
0  31.624729 97.066933 38.624058  0.110966 -0.142709 0.983525  0.028300 0.949800 1 1 1.000000
0  29.697788 95.357956 38.199665  -0.023598 -0.323225 0.946028  0.035800 0.943200 1 1 1.000000
0  32.232590 96.321426 38.440544  0.126398 -0.157994 0.979317  0.026000 0.947000 1 1 1.000000
skin_0
0  32.232590 96.321426 38.440544  0.126398 -0.157994 0.979317  0.026000 0.947000 1 1 1.000000
0  32.484924 96.470528 38.245533  0.814331 0.458606 0.355732  0.024800 0.947500 1 1 1.000000
0  31.624729 97.066933 38.624058  0.110966 -0.142709 0.983525  0.028300 0.949800 1 1 1.000000
skin_0
0  32.484924 96.470528 38.245533  0.814331 0.458606 0.355732  0.024800 0.947500 1 1 1.000000
0  32.232590 96.321426 38.440544  0.126398 -0.157994 0.979317  0.026000 0.947000 1 1 1.000000
0  32.863449 95.128578 38.107887  0.126303 -0.205109 0.970555  0.023500 0.942300 1 1 1.000000
skin_0
0  33.138695 95.208862 37.912918  0.893277 0.253045 0.371517  0.022200 0.942600 1 1 1.000000
0  32.484924 96.470528 38.245533  0.814331 0.458606 0.355732  0.024800 0.947500 1 1 1.000000
0  32.863449 95.128578 38.107887  0.126303 -0.205109 0.970555  0.023500 0.942300 1 1 1.000000
skin_0
0  33.723690 93.626022 37.603214  0.892646 0.086892 0.442304  0.020300 0.936400 1 1 1.000000
0  33.138695 95.208862 37.912918  0.893277 0.253045 0.371517  0.022200 0.942600 1 1 1.000000
0  32.863449 95.128578 38.107887  0.126303 -0.205109 0.970555  0.023500 0.942300 1 1 1.000000
skin_0
0  31.062695 97.892761 38.601101  0.554392 0.799961 0.229589  0.030300 0.953100 1 1 1.000000
0  30.236870 98.351555 38.715790  0.482090 0.853541 0.197628  0.033400 0.955000 1 1 1.000000
0  30.913593 97.674835 38.784611  0.086794 -0.134336 0.987127  0.031100 0.952200 1 1 1.000000
skin_0
0  30.236870 98.351555 38.715790  0.482090 0.853541 0.197628  0.033400 0.955000 1 1 1.000000
0  30.110725 98.133629 38.899300  0.071315 -0.126685 0.989376  0.034200 0.954000 1 1 1.000000
0  30.913593 97.674835 38.784611  0.086794 -0.134336 0.987127  0.031100 0.952200 1 1 1.000000
skin_0
0  30.236870 98.351555 38.715790  0.482090 0.853541 0.197628  0.033400 0.955000 1 1 1.000000
0  29.181664 98.867683 38.876385  0.434090 0.891970 0.126311  0.037600 0.957100 1 1 1.000000
0  30.110725 98.133629 38.899300  0.071315 -0.126685 0.989376  0.034200 0.954000 1 1 1.000000
skin_0
0  32.553745 96.504944 37.970238  0.825862 0.519097 0.220205  0.023800 0.947900 1 1 1.000000
0  31.854111 97.319267 38.107887  0.753790 0.636082 0.164926  0.026300 0.951400 1 1 1.000000
0  32.484924 96.470528 38.245533  0.814331 0.458606 0.355732  0.024800 0.947500 1 1 1.000000
skin_0
0  31.854111 97.319267 38.107887  0.753790 0.636082 0.164926  0.026300 0.951400 1 1 1.000000
0  31.819698 97.261948 38.440544  0.755485 0.574509 0.314933  0.027400 0.950600 1 1 1.000000
0  32.484924 96.470528 38.245533  0.814331 0.458606 0.355732  0.024800 0.947500 1 1 1.000000
skin_0
0  32.484924 96.470528 38.245533  0.814331 0.458606 0.355732  0.024800 0.947500 1 1 1.000000
0  31.819698 97.261948 38.440544  0.755485 0.574509 0.314933  0.027400 0.950600 1 1 1.000000
0  31.624729 97.066933 38.624058  0.110966 -0.142709 0.983525  0.028300 0.949800 1 1 1.000000
skin_0
0  31.624729 97.066933 38.624058  0.110966 -0.142709 0.983525  0.028300 0.949800 1 1 1.000000
0  31.819698 97.261948 38.440544  0.755485 0.574509 0.314933  0.027400 0.950600 1 1 1.000000
0  30.913593 97.674835 38.784611  0.086794 -0.134336 0.987127  0.031100 0.952200 1 1 1.000000
skin_0
0  31.819698 97.261948 38.440544  0.755485 0.574509 0.314933  0.027400 0.950600 1 1 1.000000
0  31.062695 97.892761 38.601101  0.554392 0.799961 0.229589  0.030300 0.953100 1 1 1.000000
0  30.913593 97.674835 38.784611  0.086794 -0.134336 0.987127  0.031100 0.952200 1 1 1.000000
skin_0
0  31.085651 97.950127 38.234074  0.539588 0.839545 0.063311  0.029300 0.954200 1 1 1.000000
0  31.062695 97.892761 38.601101  0.554392 0.799961 0.229589  0.030300 0.953100 1 1 1.000000
0  31.819698 97.261948 38.440544  0.755485 0.574509 0.314933  0.027400 0.950600 1 1 1.000000
skin_0
0  31.062695 97.892761 38.601101  0.554392 0.799961 0.229589  0.030300 0.953100 1 1 1.000000
0  31.085651 97.950127 38.234074  0.539588 0.839545 0.063311  0.029300 0.954200 1 1 1.000000
0  30.236870 98.351555 38.715790  0.482090 0.853541 0.197628  0.033400 0.955000 1 1 1.000000
skin_0
0  31.085651 97.950127 38.234074  0.539588 0.839545 0.063311  0.029300 0.954200 1 1 1.000000
0  30.259823 98.397430 38.325809  0.475171 0.879322 0.031707  0.032500 0.956200 1 1 1.000000
0  30.236870 98.351555 38.715790  0.482090 0.853541 0.197628  0.033400 0.955000 1 1 1.000000
skin_0
0  30.259823 98.397430 38.325809  0.475171 0.879322 0.031707  0.032500 0.956200 1 1 1.000000
0  29.697788 98.684166 38.383179  0.450089 0.892424 0.031614  0.034600 0.957700 1 1 1.000000
0  30.236870 98.351555 38.715790  0.482090 0.853541 0.197628  0.033400 0.955000 1 1 1.000000
skin_0
0  29.697788 98.684166 38.383179  0.450089 0.892424 0.031614  0.034600 0.957700 1 1 1.000000
0  29.181664 98.867683 38.876385  0.434090 0.891970 0.126311  0.037600 0.957100 1 1 1.000000
0  30.236870 98.351555 38.715790  0.482090 0.853541 0.197628  0.033400 0.955000 1 1 1.000000
skin_0
0  31.854111 97.319267 38.107887  0.753790 0.636082 0.164926  0.026300 0.951400 1 1 1.000000
0  31.085651 97.950127 38.234074  0.539588 0.839545 0.063311  0.029300 0.954200 1 1 1.000000
0  31.819698 97.261948 38.440544  0.755485 0.574509 0.314933  0.027400 0.950600 1 1 1.000000
skin_0
0  29.697788 98.684166 38.383179  0.450089 0.892424 0.031614  0.034600 0.957700 1 1 1.000000
0  29.479866 98.787407 38.302898  0.418498 0.908218 -0.000011  0.035300 0.958600 1 1 1.000000
0  29.181664 98.867683 38.876385  0.434090 0.891970 0.126311  0.037600 0.957100 1 1 1.000000
skin_0
0  29.514275 98.672714 38.199665  0.557658 0.094267 -0.824701  0.034600 0.958900 1 1 1.000000
0  29.479866 98.787407 38.302898  0.418498 0.908218 -0.000011  0.035300 0.958600 1 1 1.000000
0  29.697788 98.684166 38.383179  0.450089 0.892424 0.031614  0.034600 0.957700 1 1 1.000000
skin_0
0  29.755154 98.546570 38.279945  -0.000001 0.094057 -0.995567  0.033900 0.957900 1 1 1.000000
0  29.514275 98.672714 38.199665  0.557658 0.094267 -0.824701  0.034600 0.958900 1 1 1.000000
0  29.697788 98.684166 38.383179  0.450089 0.892424 0.031614  0.034600 0.957700 1 1 1.000000
skin_0
0  29.697788 98.684166 38.383179  0.450089 0.892424 0.031614  0.034600 0.957700 1 1 1.000000
0  30.259823 98.397430 38.325809  0.475171 0.879322 0.031707  0.032500 0.956200 1 1 1.000000
0  29.755154 98.546570 38.279945  -0.000001 0.094057 -0.995567  0.033900 0.957900 1 1 1.000000
skin_0
0  30.259823 98.397430 38.325809  0.475171 0.879322 0.031707  0.032500 0.956200 1 1 1.000000
0  30.259823 98.294189 38.222576  -0.054811 0.093887 -0.994073  0.032000 0.956600 1 1 1.000000
0  29.755154 98.546570 38.279945  -0.000001 0.094057 -0.995567  0.033900 0.957900 1 1 1.000000
skin_0
0  30.259823 98.397430 38.325809  0.475171 0.879322 0.031707  0.032500 0.956200 1 1 1.000000
0  31.085651 97.950127 38.234074  0.539588 0.839545 0.063311  0.029300 0.954200 1 1 1.000000
0  30.259823 98.294189 38.222576  -0.054811 0.093887 -0.994073  0.032000 0.956600 1 1 1.000000
skin_0
0  31.085651 97.950127 38.234074  0.539588 0.839545 0.063311  0.029300 0.954200 1 1 1.000000
0  31.062695 97.858398 38.130840  -0.062627 0.093833 -0.993616  0.028800 0.954500 1 1 1.000000
0  30.259823 98.294189 38.222576  -0.054811 0.093887 -0.994073  0.032000 0.956600 1 1 1.000000
skin_0
0  31.062695 97.858398 38.130840  -0.062627 0.093833 -0.993616  0.028800 0.954500 1 1 1.000000
0  31.085651 97.950127 38.234074  0.539588 0.839545 0.063311  0.029300 0.954200 1 1 1.000000
0  31.819698 97.250496 38.004650  -0.063134 0.094651 -0.993507  0.025800 0.951600 1 1 1.000000
skin_0
0  31.085651 97.950127 38.234074  0.539588 0.839545 0.063311  0.029300 0.954200 1 1 1.000000
0  31.854111 97.319267 38.107887  0.753790 0.636082 0.164926  0.026300 0.951400 1 1 1.000000
0  31.819698 97.250496 38.004650  -0.063134 0.094651 -0.993507  0.025800 0.951600 1 1 1.000000
skin_0
0  32.542294 96.401711 37.867050  -0.063155 0.094644 -0.993506  0.023200 0.947700 1 1 1.000000
0  31.819698 97.250496 38.004650  -0.063134 0.094651 -0.993507  0.025800 0.951600 1 1 1.000000
0  31.854111 97.319267 38.107887  0.753790 0.636082 0.164926  0.026300 0.951400 1 1 1.000000
skin_0
0  32.553745 96.504944 37.970238  0.825862 0.519097 0.220205  0.023800 0.947900 1 1 1.000000
0  32.542294 96.401711 37.867050  -0.063155 0.094644 -0.993506  0.023200 0.947700 1 1 1.000000
0  31.854111 97.319267 38.107887  0.753790 0.636082 0.164926  0.026300 0.951400 1 1 1.000000
skin_0
0  32.553745 96.504944 37.970238  0.825862 0.519097 0.220205  0.023800 0.947900 1 1 1.000000
0  33.184608 95.220314 37.752319  0.922585 0.291732 0.252447  0.021600 0.942700 1 1 1.000000
0  32.542294 96.401711 37.867050  -0.063155 0.094644 -0.993506  0.023200 0.947700 1 1 1.000000
skin_0
0  33.184608 95.220314 37.752319  0.922585 0.291732 0.252447  0.021600 0.942700 1 1 1.000000
0  32.553745 96.504944 37.970238  0.825862 0.519097 0.220205  0.023800 0.947900 1 1 1.000000
0  32.484924 96.470528 38.245533  0.814331 0.458606 0.355732  0.024800 0.947500 1 1 1.000000
skin_0
0  33.138695 95.208862 37.912918  0.893277 0.253045 0.371517  0.022200 0.942600 1 1 1.000000
0  33.184608 95.220314 37.752319  0.922585 0.291732 0.252447  0.021600 0.942700 1 1 1.000000
0  32.484924 96.470528 38.245533  0.814331 0.458606 0.355732  0.024800 0.947500 1 1 1.000000
skin_0
0  33.184608 95.220314 37.752319  0.922585 0.291732 0.252447  0.021600 0.942700 1 1 1.000000
0  33.138695 95.208862 37.912918  0.893277 0.253045 0.371517  0.022200 0.942600 1 1 1.000000
0  33.769554 93.545746 37.511486  0.933362 0.087069 0.348217  0.019900 0.936100 1 1 1.000000
skin_0
0  33.127243 95.174438 37.672039  -0.086422 0.102284 -0.990994  0.021200 0.942700 1 1 1.000000
0  33.184608 95.220314 37.752319  0.922585 0.291732 0.252447  0.021600 0.942700 1 1 1.000000
0  33.769554 93.545746 37.511486  0.933362 0.087069 0.348217  0.019900 0.936100 1 1 1.000000
skin_0
0  33.712189 93.511337 37.465572  -0.086704 0.070997 -0.993701  0.019600 0.936000 1 1 1.000000
0  33.127243 95.174438 37.672039  -0.086422 0.102284 -0.990994  0.021200 0.942700 1 1 1.000000
0  33.769554 93.545746 37.511486  0.933362 0.087069 0.348217  0.019900 0.936100 1 1 1.000000
skin_0
0  33.184608 95.220314 37.752319  0.922585 0.291732 0.252447  0.021600 0.942700 1 1 1.000000
0  33.127243 95.174438 37.672039  -0.086422 0.102284 -0.990994  0.021200 0.942700 1 1 1.000000
0  32.542294 96.401711 37.867050  -0.063155 0.094644 -0.993506  0.023200 0.947700 1 1 1.000000
skin_0
0  29.307808 98.856232 38.073471  0.388506 0.920218 -0.047554  0.035500 0.960000 1 1 1.000000
0  29.479866 98.787407 38.302898  0.418498 0.908218 -0.000011  0.035300 0.958600 1 1 1.000000
0  29.330765 98.752998 37.958782  0.015774 0.094159 -0.995432  0.035000 0.960500 1 1 1.000000
skin_0
0  29.479866 98.787407 38.302898  0.418498 0.908218 -0.000011  0.035300 0.958600 1 1 1.000000
0  29.514275 98.672714 38.199665  0.557658 0.094267 -0.824701  0.034600 0.958900 1 1 1.000000
0  29.330765 98.752998 37.958782  0.015774 0.094159 -0.995432  0.035000 0.960500 1 1 1.000000
skin_0
0  29.307808 98.856232 38.073471  0.388506 0.920218 -0.047554  0.035500 0.960000 1 1 1.000000
0  29.330765 98.752998 37.958782  0.015774 0.094159 -0.995432  0.035000 0.960500 1 1 1.000000
0  26.922108 99.682053 38.188160  -0.031392 0.094032 -0.995074  0.044900 0.964100 1 1 1.000000
skin_0
0  29.330765 98.752998 37.958782  0.015774 0.094159 -0.995432  0.035000 0.960500 1 1 1.000000
0  29.456913 94.990936 37.580307  0.046887 0.094017 -0.994466  0.024500 0.972800 1 1 1.000000
0  26.922108 99.682053 38.188160  -0.031392 0.094032 -0.995074  0.044900 0.964100 1 1 1.000000
skin_0
0  29.330765 98.752998 37.958782  0.015774 0.094159 -0.995432  0.035000 0.960500 1 1 1.000000
0  29.594559 95.071213 37.798229  0.772243 0.078848 -0.630416  0.023900 0.971800 1 1 1.000000
0  29.456913 94.990936 37.580307  0.046887 0.094017 -0.994466  0.024500 0.972800 1 1 1.000000
skin_0
0  29.812477 95.082664 37.912918  0.149519 0.102127 -0.983471  0.023200 0.971100 1 1 1.000000
0  29.594559 95.071213 37.798229  0.772243 0.078848 -0.630416  0.023900 0.971800 1 1 1.000000
0  29.330765 98.752998 37.958782  0.015774 0.094159 -0.995432  0.035000 0.960500 1 1 1.000000
skin_0
0  29.812477 95.082664 37.912918  0.149519 0.102127 -0.983471  0.023200 0.971100 1 1 1.000000
0  29.330765 98.752998 37.958782  0.015774 0.094159 -0.995432  0.035000 0.960500 1 1 1.000000
0  29.514275 98.672714 38.199665  0.557658 0.094267 -0.824701  0.033900 0.959800 1 1 1.000000
skin_0
0  30.087772 94.990936 37.901463  -0.054824 0.093962 -0.994065  0.022000 0.970600 1 1 1.000000
0  29.812477 95.082664 37.912918  0.149519 0.102127 -0.983471  0.023200 0.971100 1 1 1.000000
0  29.514275 98.672714 38.199665  0.557658 0.094267 -0.824701  0.033900 0.959800 1 1 1.000000
skin_0
0  29.755154 98.546570 38.279945  -0.000001 0.094057 -0.995567  0.032700 0.959500 1 1 1.000000
0  30.087772 94.990936 37.901463  -0.054824 0.093962 -0.994065  0.022000 0.970600 1 1 1.000000
0  29.514275 98.672714 38.199665  0.557658 0.094267 -0.824701  0.033900 0.959800 1 1 1.000000
skin_0
0  30.259823 98.294189 38.222576  -0.054811 0.093887 -0.994073  0.030300 0.959000 1 1 1.000000
0  30.087772 94.990936 37.901463  -0.054824 0.093962 -0.994065  0.022000 0.970600 1 1 1.000000
0  29.755154 98.546570 38.279945  -0.000001 0.094057 -0.995567  0.032700 0.959500 1 1 1.000000
skin_0
0  31.062695 97.858398 38.130840  -0.062627 0.093833 -0.993616  0.026400 0.958300 1 1 1.000000
0  30.087772 94.990936 37.901463  -0.054824 0.093962 -0.994065  0.022000 0.970600 1 1 1.000000
0  30.259823 98.294189 38.222576  -0.054811 0.093887 -0.994073  0.030300 0.959000 1 1 1.000000
skin_0
0  30.087772 94.990936 37.901463  -0.054824 0.093962 -0.994065  0.022000 0.970600 1 1 1.000000
0  31.062695 97.858398 38.130840  -0.062627 0.093833 -0.993616  0.026400 0.958300 1 1 1.000000
0  31.819698 97.250496 38.004650  -0.063134 0.094651 -0.993507  0.022200 0.958400 1 1 1.000000
skin_0
0  30.087772 94.990936 37.901463  -0.054824 0.093962 -0.994065  0.022000 0.970600 1 1 1.000000
0  31.819698 97.250496 38.004650  -0.063134 0.094651 -0.993507  0.022200 0.958400 1 1 1.000000
0  32.542294 96.401711 37.867050  -0.063155 0.094644 -0.993506  0.017500 0.959400 1 1 1.000000
skin_0
0  33.127243 95.174438 37.672039  -0.086422 0.102284 -0.990994  0.012200 0.961900 1 1 1.000000
0  30.087772 94.990936 37.901463  -0.054824 0.093962 -0.994065  0.022000 0.970600 1 1 1.000000
0  32.542294 96.401711 37.867050  -0.063155 0.094644 -0.993506  0.017500 0.959400 1 1 1.000000
skin_0
0  33.127243 95.174438 37.672039  -0.086422 0.102284 -0.990994  0.012200 0.961900 1 1 1.000000
0  33.712189 93.511337 37.465572  -0.086704 0.070997 -0.993701  0.005700 0.966000 1 1 1.000000
0  30.087772 94.990936 37.901463  -0.054824 0.093962 -0.994065  0.022000 0.970600 1 1 1.000000
skin_0
0  33.712189 93.511337 37.465572  -0.086704 0.070997 -0.993701  0.005700 0.966000 1 1 1.000000
0  33.586044 93.431053 37.465572  -0.078183 0.078256 -0.993863  0.006000 0.966600 1 1 1.000000
0  30.087772 94.990936 37.901463  -0.054824 0.093962 -0.994065  0.022000 0.970600 1 1 1.000000
skin_0
0  33.586044 93.431053 37.465572  -0.078183 0.078256 -0.993863  0.006000 0.966600 1 1 1.000000
0  33.712189 93.511337 37.465572  -0.086704 0.070997 -0.993701  0.005700 0.966000 1 1 1.000000
0  33.677780 93.431053 37.454117  -0.085996 0.078014 -0.993236  0.005600 0.966400 1 1 1.000000
skin_0
0  26.922108 99.682053 38.188160  -0.031392 0.094032 -0.995074  0.044900 0.964100 1 1 1.000000
0  25.499884 96.413162 37.970234  -0.031308 0.093995 -0.995080  0.041700 0.978500 1 1 1.000000
0  22.139256 101.196060 38.543728  -0.031292 0.094065 -0.995074  0.063800 0.970000 1 1 1.000000
skin_0
0  27.770889 95.610291 37.775272  -0.046890 0.094003 -0.994467  0.031800 0.975200 1 1 1.000000
0  25.499884 96.413162 37.970234  -0.031308 0.093995 -0.995080  0.041700 0.978500 1 1 1.000000
0  26.922108 99.682053 38.188160  -0.031392 0.094032 -0.995074  0.044900 0.964100 1 1 1.000000
skin_0
0  29.456913 94.990936 37.580307  0.046887 0.094017 -0.994466  0.024500 0.972800 1 1 1.000000
0  27.770889 95.610291 37.775272  -0.046890 0.094003 -0.994467  0.031800 0.975200 1 1 1.000000
0  26.922108 99.682053 38.188160  -0.031392 0.094032 -0.995074  0.044900 0.964100 1 1 1.000000
skin_0
0  29.434002 94.956520 37.683495  -0.267921 -0.835007 0.480605  0.024400 0.973200 1 1 1.000000
0  27.770889 95.610291 37.775272  -0.046890 0.094003 -0.994467  0.031800 0.975200 1 1 1.000000
0  29.456913 94.990936 37.580307  0.046887 0.094017 -0.994466  0.024500 0.972800 1 1 1.000000
skin_0
0  25.499884 96.413162 37.970234  -0.031308 0.093995 -0.995080  0.041700 0.978500 1 1 1.000000
0  22.460367 97.296356 38.176704  -0.031365 0.093964 -0.995081  0.054600 0.982700 1 1 1.000000
0  22.139256 101.196060 38.543728  -0.031292 0.094065 -0.995074  0.063800 0.970000 1 1 1.000000
skin_0
0  22.460367 97.296356 38.176704  -0.031365 0.093964 -0.995081  0.054600 0.982700 1 1 1.000000
0  19.902611 98.018944 38.325806  -0.015631 0.094102 -0.995440  0.066100 0.985400 1 1 1.000000
0  22.139256 101.196060 38.543728  -0.031292 0.094065 -0.995074  0.063800 0.970000 1 1 1.000000
skin_0
0  0.002640 100.381691 38.773148  0.000001 0.109643 -0.993971  0.150600 0.994300 1 1 1.000000
0  -4.114990 100.244049 38.750195  0.000085 0.101876 -0.994797  0.168200 0.993900 1 1 1.000000
0  0.002640 104.029068 39.151630  -0.000000 0.109510 -0.993986  0.150600 0.979400 1 1 1.000000
skin_0
0  4.120269 100.244049 38.750195  -0.000085 0.101876 -0.994797  0.133100 0.993900 1 1 1.000000
0  0.002640 100.381691 38.773148  0.000001 0.109643 -0.993971  0.150600 0.994300 1 1 1.000000
0  0.002640 104.029068 39.151630  -0.000000 0.109510 -0.993986  0.150600 0.979400 1 1 1.000000
skin_0
0  4.131726 103.891426 39.117218  0.000024 0.101831 -0.994802  0.134500 0.979100 1 1 1.000000
0  4.120269 100.244049 38.750195  -0.000085 0.101876 -0.994797  0.133100 0.993900 1 1 1.000000
0  0.002640 104.029068 39.151630  -0.000000 0.109510 -0.993986  0.150600 0.979400 1 1 1.000000
skin_0
0  8.432912 99.968803 38.704330  -0.000026 0.101890 -0.994796  0.115000 0.992300 1 1 1.000000
0  4.120269 100.244049 38.750195  -0.000085 0.101876 -0.994797  0.133100 0.993900 1 1 1.000000
0  4.131726 103.891426 39.117218  0.000024 0.101831 -0.994802  0.134500 0.979100 1 1 1.000000
skin_0
0  8.455824 103.581764 39.071354  0.000016 0.101843 -0.994800  0.117700 0.977800 1 1 1.000000
0  8.432912 99.968803 38.704330  -0.000026 0.101890 -0.994796  0.115000 0.992300 1 1 1.000000
0  4.131726 103.891426 39.117218  0.000024 0.101831 -0.994802  0.134500 0.979100 1 1 1.000000
skin_0
0  12.516132 99.498543 38.589642  -0.007962 0.102344 -0.994717  0.097900 0.990300 1 1 1.000000
0  8.432912 99.968803 38.704330  -0.000150 0.101846 -0.994800  0.115000 0.992300 1 1 1.000000
0  8.455824 103.581764 39.071354  0.000016 0.101843 -0.994800  0.117700 0.977800 1 1 1.000000
skin_0
0  12.539043 103.111511 38.979576  -0.007924 0.101905 -0.994763  0.101700 0.976000 1 1 1.000000
0  12.516132 99.498543 38.589642  -0.007962 0.102344 -0.994717  0.097900 0.990300 1 1 1.000000
0  8.455824 103.581764 39.071354  0.000016 0.101843 -0.994800  0.117700 0.977800 1 1 1.000000
skin_0
0  16.438797 98.821815 38.497860  -0.015571 0.094081 -0.995443  0.081300 0.988000 1 1 1.000000
0  12.516132 99.498543 38.589642  -0.007962 0.102344 -0.994717  0.097900 0.990300 1 1 1.000000
0  12.539043 103.111511 38.979576  -0.007924 0.101905 -0.994763  0.101700 0.976000 1 1 1.000000
skin_0
0  16.438797 102.526550 38.853432  -0.015697 0.094101 -0.995439  0.086500 0.973600 1 1 1.000000
0  16.438797 98.821815 38.497860  -0.015571 0.094081 -0.995443  0.081300 0.988000 1 1 1.000000
0  12.539043 103.111511 38.979576  -0.007924 0.101905 -0.994763  0.101700 0.976000 1 1 1.000000
skin_0
0  19.902611 98.018944 38.325806  -0.015631 0.094102 -0.995440  0.066100 0.985400 1 1 1.000000
0  16.438797 98.821815 38.497860  -0.015571 0.094081 -0.995443  0.081300 0.988000 1 1 1.000000
0  16.438797 102.526550 38.853432  -0.015697 0.094101 -0.995439  0.086500 0.973600 1 1 1.000000
skin_0
0  19.455309 101.872787 38.704330  -0.015567 0.094127 -0.995438  0.074600 0.971500 1 1 1.000000
0  19.902611 98.018944 38.325806  -0.015631 0.094102 -0.995440  0.066100 0.985400 1 1 1.000000
0  16.438797 102.526550 38.853432  -0.015697 0.094101 -0.995439  0.086500 0.973600 1 1 1.000000
skin_0
0  19.902611 98.018944 38.325806  -0.015631 0.094102 -0.995440  0.066100 0.985400 1 1 1.000000
0  19.455309 101.872787 38.704330  -0.015567 0.094127 -0.995438  0.074600 0.971500 1 1 1.000000
0  22.139256 101.196060 38.543728  -0.031292 0.094065 -0.995074  0.063800 0.970000 1 1 1.000000
skin_0
0  22.139256 101.196060 38.543728  -0.031292 0.094065 -0.995074  0.063800 0.970000 1 1 1.000000
0  19.455309 101.872787 38.704330  -0.015567 0.094127 -0.995438  0.074600 0.971500 1 1 1.000000
0  22.139256 101.322212 38.646965  0.284613 0.932715 -0.221444  0.064100 0.969400 1 1 1.000000
skin_0
0  26.922108 99.682053 38.188160  -0.031392 0.094032 -0.995074  0.044900 0.964100 1 1 1.000000
0  22.139256 101.196060 38.543728  -0.031292 0.094065 -0.995074  0.063800 0.970000 1 1 1.000000
0  22.139256 101.322212 38.646965  0.284613 0.932715 -0.221444  0.064100 0.969400 1 1 1.000000
skin_0
0  26.933563 99.796745 38.291393  0.291809 0.930622 -0.220885  0.045200 0.963600 1 1 1.000000
0  26.922108 99.682053 38.188160  -0.031392 0.094032 -0.995074  0.044900 0.964100 1 1 1.000000
0  22.139256 101.322212 38.646965  0.284613 0.932715 -0.221444  0.064100 0.969400 1 1 1.000000
skin_0
0  26.933563 99.796745 38.291393  0.291809 0.930622 -0.220885  0.045200 0.963600 1 1 1.000000
0  29.307808 98.856232 38.073471  0.388506 0.920218 -0.047554  0.035500 0.960000 1 1 1.000000
0  26.922108 99.682053 38.188160  -0.031392 0.094032 -0.995074  0.044900 0.964100 1 1 1.000000
skin_0
0  29.307808 98.856232 38.073471  0.388506 0.920218 -0.047554  0.035500 0.960000 1 1 1.000000
0  26.933563 99.796745 38.291393  0.291809 0.930622 -0.220885  0.045200 0.963600 1 1 1.000000
0  29.181664 98.867683 38.876385  0.434090 0.891970 0.126311  0.037600 0.957100 1 1 1.000000
skin_0
0  29.479866 98.787407 38.302898  0.418498 0.908218 -0.000011  0.035300 0.958600 1 1 1.000000
0  29.307808 98.856232 38.073471  0.388506 0.920218 -0.047554  0.035500 0.960000 1 1 1.000000
0  29.181664 98.867683 38.876385  0.434090 0.891970 0.126311  0.037600 0.957100 1 1 1.000000
skin_0
0  12.539043 103.249153 39.071354  0.102995 0.919119 -0.380278  0.101900 0.975400 1 1 1.000000
0  12.539043 103.111511 38.979576  -0.007924 0.101905 -0.994763  0.101700 0.976000 1 1 1.000000
0  8.455824 103.581764 39.071354  0.000016 0.101843 -0.994800  0.117700 0.977800 1 1 1.000000
skin_0
0  12.539043 103.249153 39.071354  0.102995 0.919119 -0.380278  0.101900 0.975400 1 1 1.000000
0  16.438797 102.664200 38.945210  0.189194 0.929942 -0.315298  0.086700 0.973000 1 1 1.000000
0  12.539043 103.111511 38.979576  -0.007924 0.101905 -0.994763  0.101700 0.976000 1 1 1.000000
skin_0
0  16.438797 102.664200 38.945210  0.189194 0.929942 -0.315298  0.086700 0.973000 1 1 1.000000
0  16.438797 102.526550 38.853432  -0.015697 0.094101 -0.995439  0.086500 0.973600 1 1 1.000000
0  12.539043 103.111511 38.979576  -0.007924 0.101905 -0.994763  0.101700 0.976000 1 1 1.000000
skin_0
0  19.455309 101.872787 38.704330  -0.015567 0.094127 -0.995438  0.074600 0.971500 1 1 1.000000
0  16.438797 102.526550 38.853432  -0.015697 0.094101 -0.995439  0.086500 0.973600 1 1 1.000000
0  16.438797 102.664200 38.945210  0.189194 0.929942 -0.315298  0.086700 0.973000 1 1 1.000000
skin_0
0  19.466764 101.998932 38.796062  0.189710 0.932261 -0.308057  0.074900 0.970900 1 1 1.000000
0  19.455309 101.872787 38.704330  -0.015567 0.094127 -0.995438  0.074600 0.971500 1 1 1.000000
0  16.438797 102.664200 38.945210  0.189194 0.929942 -0.315298  0.086700 0.973000 1 1 1.000000
skin_0
0  19.455309 101.872787 38.704330  -0.015567 0.094127 -0.995438  0.074600 0.971500 1 1 1.000000
0  19.466764 101.998932 38.796062  0.189710 0.932261 -0.308057  0.074900 0.970900 1 1 1.000000
0  22.139256 101.322212 38.646965  0.284613 0.932715 -0.221444  0.064100 0.969400 1 1 1.000000
skin_0
0  16.438797 102.664200 38.945210  0.189194 0.929942 -0.315298  0.086700 0.973000 1 1 1.000000
0  12.539043 103.249153 39.071354  0.102995 0.919119 -0.380278  0.101900 0.975400 1 1 1.000000
0  16.450251 102.710068 39.231911  0.212619 0.976341 -0.039392  0.087000 0.972000 1 1 1.000000
skin_0
0  19.466764 101.998932 38.796062  0.189710 0.932261 -0.308057  0.074900 0.970900 1 1 1.000000
0  16.438797 102.664200 38.945210  0.189194 0.929942 -0.315298  0.086700 0.973000 1 1 1.000000
0  16.450251 102.710068 39.231911  0.212619 0.976341 -0.039392  0.087000 0.972000 1 1 1.000000
skin_0
0  19.810879 101.987480 39.128719  0.212610 0.976630 -0.031483  0.073900 0.969300 1 1 1.000000
0  19.466764 101.998932 38.796062  0.189710 0.932261 -0.308057  0.074900 0.970900 1 1 1.000000
0  16.450251 102.710068 39.231911  0.212619 0.976341 -0.039392  0.087000 0.972000 1 1 1.000000
skin_0
0  22.311268 101.196060 39.553066  0.015819 -0.126918 0.991787  0.064400 0.965800 1 1 1.000000
0  21.737776 101.356621 39.530155  -0.160901 -0.109704 0.980855  0.066600 0.966400 1 1 1.000000
0  22.437456 97.778076 38.750198  -0.039514 -0.316048 0.947920  0.063900 0.952600 1 1 1.000000
skin_0
0  21.737776 101.356621 39.530155  -0.160901 -0.109704 0.980855  0.066600 0.966400 1 1 1.000000
0  22.311268 101.196060 39.553066  0.015819 -0.126918 0.991787  0.064400 0.965800 1 1 1.000000
0  21.703365 101.574539 39.346642  0.221897 0.974555 -0.031694  0.066600 0.967400 1 1 1.000000
skin_0
0  20.533472 101.631905 39.358101  -0.158529 -0.095065 0.982767  0.071200 0.967500 1 1 1.000000
0  21.737776 101.356621 39.530155  -0.160901 -0.109704 0.980855  0.066600 0.966400 1 1 1.000000
0  21.703365 101.574539 39.346642  0.221897 0.974555 -0.031694  0.066600 0.967400 1 1 1.000000
skin_0
0  20.544926 101.826874 39.174587  0.221670 0.973960 -0.047580  0.071100 0.968600 1 1 1.000000
0  20.533472 101.631905 39.358101  -0.158529 -0.095065 0.982767  0.071200 0.967500 1 1 1.000000
0  21.703365 101.574539 39.346642  0.221897 0.974555 -0.031694  0.066600 0.967400 1 1 1.000000
skin_0
0  19.810879 101.792465 39.312233  0.007875 -0.071282 0.997425  0.074100 0.968100 1 1 1.000000
0  20.533472 101.631905 39.358101  -0.158529 -0.095065 0.982767  0.071200 0.967500 1 1 1.000000
0  20.544926 101.826874 39.174587  0.221670 0.973960 -0.047580  0.071100 0.968600 1 1 1.000000
skin_0
0  19.810879 101.987480 39.128719  0.212610 0.976630 -0.031483  0.073900 0.969300 1 1 1.000000
0  19.810879 101.792465 39.312233  0.007875 -0.071282 0.997425  0.074100 0.968100 1 1 1.000000
0  20.544926 101.826874 39.174587  0.221670 0.973960 -0.047580  0.071100 0.968600 1 1 1.000000
skin_0
0  16.450251 102.492142 39.415466  0.015778 -0.071314 0.997329  0.087000 0.970800 1 1 1.000000
0  19.810879 101.792465 39.312233  0.007875 -0.071282 0.997425  0.074100 0.968100 1 1 1.000000
0  19.810879 101.987480 39.128719  0.212610 0.976630 -0.031483  0.073900 0.969300 1 1 1.000000
skin_0
0  16.450251 102.710068 39.231911  0.212619 0.976341 -0.039392  0.087000 0.972000 1 1 1.000000
0  16.450251 102.492142 39.415466  0.015778 -0.071314 0.997329  0.087000 0.970800 1 1 1.000000
0  19.810879 101.987480 39.128719  0.212610 0.976630 -0.031483  0.073900 0.969300 1 1 1.000000
skin_0
0  16.450251 102.492142 39.415466  0.015778 -0.071314 0.997329  0.087000 0.970800 1 1 1.000000
0  16.450251 102.710068 39.231911  0.212619 0.976341 -0.039392  0.087000 0.972000 1 1 1.000000
0  12.550545 103.306519 39.346642  0.119147 0.992084 -0.039658  0.102100 0.974300 1 1 1.000000
skin_0
0  12.539043 103.249153 39.071354  0.102995 0.919119 -0.380278  0.101900 0.975400 1 1 1.000000
0  12.550545 103.306519 39.346642  0.119147 0.992084 -0.039658  0.102100 0.974300 1 1 1.000000
0  16.450251 102.710068 39.231911  0.212619 0.976341 -0.039392  0.087000 0.972000 1 1 1.000000
skin_0
0  12.539043 103.249153 39.071354  0.102995 0.919119 -0.380278  0.101900 0.975400 1 1 1.000000
0  8.455824 103.707947 39.163132  0.079211 0.911219 -0.404234  0.117800 0.977200 1 1 1.000000
0  12.550545 103.306519 39.346642  0.119147 0.992084 -0.039658  0.102100 0.974300 1 1 1.000000
skin_0
0  8.455824 103.707947 39.163132  0.079211 0.911219 -0.404234  0.117800 0.977200 1 1 1.000000
0  12.539043 103.249153 39.071354  0.102995 0.919119 -0.380278  0.101900 0.975400 1 1 1.000000
0  8.455824 103.581764 39.071354  0.000016 0.101843 -0.994800  0.117700 0.977800 1 1 1.000000
skin_0
0  4.131726 104.029068 39.208996  0.047309 0.899621 -0.434101  0.134600 0.978500 1 1 1.000000
0  8.455824 103.707947 39.163132  0.079211 0.911219 -0.404234  0.117800 0.977200 1 1 1.000000
0  8.455824 103.581764 39.071354  0.000016 0.101843 -0.994800  0.117700 0.977800 1 1 1.000000
skin_0
0  4.131726 103.891426 39.117218  0.000024 0.101831 -0.994802  0.134500 0.979100 1 1 1.000000
0  4.131726 104.029068 39.208996  0.047309 0.899621 -0.434101  0.134600 0.978500 1 1 1.000000
0  8.455824 103.581764 39.071354  0.000016 0.101843 -0.994800  0.117700 0.977800 1 1 1.000000
skin_0
0  4.131726 104.029068 39.208996  0.047309 0.899621 -0.434101  0.134600 0.978500 1 1 1.000000
0  4.131726 103.891426 39.117218  0.000024 0.101831 -0.994802  0.134500 0.979100 1 1 1.000000
0  0.002640 104.166710 39.254864  0.023715 0.910911 -0.411921  0.150600 0.978800 1 1 1.000000
skin_0
0  4.131726 103.891426 39.117218  0.000024 0.101831 -0.994802  0.134500 0.979100 1 1 1.000000
0  0.002640 104.029068 39.151630  -0.000000 0.109510 -0.993986  0.150600 0.979400 1 1 1.000000
0  0.002640 104.166710 39.254864  0.023715 0.910911 -0.411921  0.150600 0.978800 1 1 1.000000
skin_0
0  0.002640 104.029068 39.151630  -0.000000 0.109510 -0.993986  0.150600 0.979400 1 1 1.000000
0  -4.126446 103.891426 39.117218  -0.000025 0.101819 -0.994803  0.166800 0.979100 1 1 1.000000
0  0.002640 104.166710 39.254864  0.023715 0.910911 -0.411921  0.150600 0.978800 1 1 1.000000
skin_0
0  -4.114990 100.244049 38.750195  0.000085 0.101876 -0.994797  0.168200 0.993900 1 1 1.000000
0  -4.126446 103.891426 39.117218  -0.000025 0.101819 -0.994803  0.166800 0.979100 1 1 1.000000
0  0.002640 104.029068 39.151630  -0.000000 0.109510 -0.993986  0.150600 0.979400 1 1 1.000000
skin_0
0  0.002640 104.166710 39.254864  0.023715 0.910911 -0.411921  0.150600 0.978800 1 1 1.000000
0  0.002640 104.235527 39.484241  0.023728 0.982972 -0.182216  0.150600 0.977900 1 1 1.000000
0  4.131726 104.120842 39.461330  0.060287 0.982847 -0.174289  0.134600 0.977400 1 1 1.000000
skin_0
0  4.131726 104.029068 39.208996  0.047309 0.899621 -0.434101  0.134600 0.978500 1 1 1.000000
0  0.002640 104.166710 39.254864  0.023715 0.910911 -0.411921  0.150600 0.978800 1 1 1.000000
0  4.131726 104.120842 39.461330  0.060287 0.982847 -0.174289  0.134600 0.977400 1 1 1.000000
skin_0
0  8.455824 103.707947 39.163132  0.079211 0.911219 -0.404234  0.117800 0.977200 1 1 1.000000
0  4.131726 104.029068 39.208996  0.047309 0.899621 -0.434101  0.134600 0.978500 1 1 1.000000
0  4.131726 104.120842 39.461330  0.060287 0.982847 -0.174289  0.134600 0.977400 1 1 1.000000
skin_0
0  8.455824 103.788231 39.426922  0.103144 0.990832 -0.087257  0.117900 0.976200 1 1 1.000000
0  8.455824 103.707947 39.163132  0.079211 0.911219 -0.404234  0.117800 0.977200 1 1 1.000000
0  4.131726 104.120842 39.461330  0.060287 0.982847 -0.174289  0.134600 0.977400 1 1 1.000000
skin_0
0  8.455824 103.707947 39.163132  0.079211 0.911219 -0.404234  0.117800 0.977200 1 1 1.000000
0  8.455824 103.788231 39.426922  0.103144 0.990832 -0.087257  0.117900 0.976200 1 1 1.000000
0  12.550545 103.306519 39.346642  0.119147 0.992084 -0.039658  0.102100 0.974300 1 1 1.000000
skin_0
0  12.550545 103.100044 39.530155  0.015804 -0.094769 0.995374  0.102100 0.973200 1 1 1.000000
0  12.550545 103.306519 39.346642  0.119147 0.992084 -0.039658  0.102100 0.974300 1 1 1.000000
0  8.455824 103.788231 39.426922  0.103144 0.990832 -0.087257  0.117900 0.976200 1 1 1.000000
skin_0
0  12.550545 103.100044 39.530155  0.015804 -0.094769 0.995374  0.102100 0.973200 1 1 1.000000
0  16.450251 102.492142 39.415466  0.015778 -0.071314 0.997329  0.087000 0.970800 1 1 1.000000
0  12.550545 103.306519 39.346642  0.119147 0.992084 -0.039658  0.102100 0.974300 1 1 1.000000
skin_0
0  -19.805595 101.792465 39.312225  0.000036 -0.071306 0.997454  0.227200 0.968100 1 1 1.000000
0  -19.805595 101.987480 39.128712  -0.205105 0.978229 -0.031616  0.227400 0.969300 1 1 1.000000
0  -20.539644 101.826874 39.174580  -0.214204 0.975626 -0.047643  0.230200 0.968600 1 1 1.000000
skin_0
0  -19.805595 101.792465 39.312225  0.000036 -0.071306 0.997454  0.227200 0.968100 1 1 1.000000
0  -16.444971 102.492142 39.415462  -0.007845 -0.071313 0.997423  0.214200 0.970800 1 1 1.000000
0  -19.805595 101.987480 39.128712  -0.205105 0.978229 -0.031616  0.227400 0.969300 1 1 1.000000
skin_0
0  -16.444971 102.492142 39.415462  -0.007845 -0.071313 0.997423  0.214200 0.970800 1 1 1.000000
0  -16.444971 102.710068 39.231907  -0.204993 0.977966 -0.039491  0.214300 0.972000 1 1 1.000000
0  -19.805595 101.987480 39.128712  -0.205105 0.978229 -0.031616  0.227400 0.969300 1 1 1.000000
skin_0
0  -16.444971 102.710068 39.231907  -0.204993 0.977966 -0.039491  0.214300 0.972000 1 1 1.000000
0  -16.444971 102.492142 39.415462  -0.007845 -0.071313 0.997423  0.214200 0.970800 1 1 1.000000
0  -12.545263 103.306519 39.346638  -0.111178 0.993010 -0.039630  0.199200 0.974300 1 1 1.000000
skin_0
0  -12.545263 103.306519 39.346638  -0.111178 0.993010 -0.039630  0.199200 0.974300 1 1 1.000000
0  -12.545263 103.249153 39.071350  -0.095201 0.919779 -0.380715  0.199400 0.975400 1 1 1.000000
0  -16.444971 102.710068 39.231907  -0.204993 0.977966 -0.039491  0.214300 0.972000 1 1 1.000000
skin_0
0  -8.450544 103.707947 39.163128  -0.071401 0.911787 -0.404409  0.183500 0.977200 1 1 1.000000
0  -12.545263 103.249153 39.071350  -0.095201 0.919779 -0.380715  0.199400 0.975400 1 1 1.000000
0  -12.545263 103.306519 39.346638  -0.111178 0.993010 -0.039630  0.199200 0.974300 1 1 1.000000
skin_0
0  -12.545263 103.249153 39.071350  -0.095201 0.919779 -0.380715  0.199400 0.975400 1 1 1.000000
0  -8.450544 103.707947 39.163128  -0.071401 0.911787 -0.404409  0.183500 0.977200 1 1 1.000000
0  -8.450544 103.581764 39.071350  0.007895 0.101809 -0.994773  0.183600 0.977800 1 1 1.000000
skin_0
0  -8.450544 103.707947 39.163128  -0.071401 0.911787 -0.404409  0.183500 0.977200 1 1 1.000000
0  -4.126446 104.029068 39.208996  -0.036947 0.900004 -0.434313  0.166700 0.978500 1 1 1.000000
0  -8.450544 103.581764 39.071350  0.007895 0.101809 -0.994773  0.183600 0.977800 1 1 1.000000
skin_0
0  -4.126446 104.029068 39.208996  -0.036947 0.900004 -0.434313  0.166700 0.978500 1 1 1.000000
0  -4.126446 103.891426 39.117218  -0.000025 0.101819 -0.994803  0.166800 0.979100 1 1 1.000000
0  -8.450544 103.581764 39.071350  0.007895 0.101809 -0.994773  0.183600 0.977800 1 1 1.000000
skin_0
0  -4.126446 103.891426 39.117218  -0.000025 0.101819 -0.994803  0.166800 0.979100 1 1 1.000000
0  -4.126446 104.029068 39.208996  -0.036947 0.900004 -0.434313  0.166700 0.978500 1 1 1.000000
0  0.002640 104.166710 39.254864  0.023715 0.910911 -0.411921  0.150600 0.978800 1 1 1.000000
skin_0
0  0.002640 104.166710 39.254864  0.023715 0.910911 -0.411921  0.150600 0.978800 1 1 1.000000
0  -4.126446 104.029068 39.208996  -0.036947 0.900004 -0.434313  0.166700 0.978500 1 1 1.000000
0  -4.126446 104.120842 39.461330  -0.047471 0.983508 -0.174521  0.166600 0.977400 1 1 1.000000
skin_0
0  0.002640 104.235527 39.484241  0.023728 0.982972 -0.182216  0.150600 0.977900 1 1 1.000000
0  0.002640 104.166710 39.254864  0.023715 0.910911 -0.411921  0.150600 0.978800 1 1 1.000000
0  -4.126446 104.120842 39.461330  -0.047471 0.983508 -0.174521  0.166600 0.977400 1 1 1.000000
skin_0
0  0.002640 104.235527 39.484241  0.023728 0.982972 -0.182216  0.150600 0.977900 1 1 1.000000
0  -4.126446 104.120842 39.461330  -0.047471 0.983508 -0.174521  0.166600 0.977400 1 1 1.000000
0  0.002640 104.052025 39.679253  -0.000003 -0.039707 0.999211  0.150600 0.976900 1 1 1.000000
skin_0
0  4.131726 104.120842 39.461330  0.060287 0.982847 -0.174289  0.134600 0.977400 1 1 1.000000
0  0.002640 104.235527 39.484241  0.023728 0.982972 -0.182216  0.150600 0.977900 1 1 1.000000
0  0.002640 104.052025 39.679253  -0.000003 -0.039707 0.999211  0.150600 0.976900 1 1 1.000000
skin_0
0  4.131726 103.937325 39.656296  0.000016 -0.047531 0.998870  0.134700 0.976400 1 1 1.000000
0  4.131726 104.120842 39.461330  0.060287 0.982847 -0.174289  0.134600 0.977400 1 1 1.000000
0  0.002640 104.052025 39.679253  -0.000003 -0.039707 0.999211  0.150600 0.976900 1 1 1.000000
skin_0
0  4.131726 104.120842 39.461330  0.060287 0.982847 -0.174289  0.134600 0.977400 1 1 1.000000
0  4.131726 103.937325 39.656296  0.000016 -0.047531 0.998870  0.134700 0.976400 1 1 1.000000
0  8.455824 103.788231 39.426922  0.103144 0.990832 -0.087257  0.117900 0.976200 1 1 1.000000
skin_0
0  4.131726 103.937325 39.656296  0.000016 -0.047531 0.998870  0.134700 0.976400 1 1 1.000000
0  8.455824 103.593216 39.610432  0.007927 -0.063428 0.997955  0.118000 0.975100 1 1 1.000000
0  8.455824 103.788231 39.426922  0.103144 0.990832 -0.087257  0.117900 0.976200 1 1 1.000000
skin_0
0  8.455824 103.593216 39.610432  0.007927 -0.063428 0.997955  0.118000 0.975100 1 1 1.000000
0  12.550545 103.100044 39.530155  0.015804 -0.094769 0.995374  0.102100 0.973200 1 1 1.000000
0  8.455824 103.788231 39.426922  0.103144 0.990832 -0.087257  0.117900 0.976200 1 1 1.000000
skin_0
0  -31.848831 97.319267 38.107876  -0.750437 0.639791 0.165866  0.275000 0.951400 1 1 1.000000
0  -32.548466 96.504944 37.970226  -0.823298 0.522529 0.221685  0.277500 0.947900 1 1 1.000000
0  -32.479641 96.470528 38.245522  -0.811615 0.461537 0.358141  0.276500 0.947500 1 1 1.000000
skin_0
0  -32.238811 96.321426 38.440533  -0.118621 -0.158070 0.980277  0.275300 0.947000 1 1 1.000000
0  -32.479641 96.470528 38.245522  -0.811615 0.461537 0.358141  0.276500 0.947500 1 1 1.000000
0  -32.858170 95.128578 38.107876  -0.118519 -0.205293 0.971498  0.277700 0.942300 1 1 1.000000
skin_0
0  -32.479641 96.470528 38.245522  -0.811615 0.461537 0.358141  0.276500 0.947500 1 1 1.000000
0  -32.238811 96.321426 38.440533  -0.118621 -0.158070 0.980277  0.275300 0.947000 1 1 1.000000
0  -31.619406 97.066933 38.624046  -0.103300 -0.142841 0.984340  0.273000 0.949800 1 1 1.000000
skin_0
0  -31.814419 97.261948 38.440533  -0.752098 0.577912 0.316806  0.273900 0.950600 1 1 1.000000
0  -32.479641 96.470528 38.245522  -0.811615 0.461537 0.358141  0.276500 0.947500 1 1 1.000000
0  -31.619406 97.066933 38.624046  -0.103300 -0.142841 0.984340  0.273000 0.949800 1 1 1.000000
skin_0
0  -31.814419 97.261948 38.440533  -0.752098 0.577912 0.316806  0.273900 0.950600 1 1 1.000000
0  -31.848831 97.319267 38.107876  -0.750437 0.639791 0.165866  0.275000 0.951400 1 1 1.000000
0  -32.479641 96.470528 38.245522  -0.811615 0.461537 0.358141  0.276500 0.947500 1 1 1.000000
skin_0
0  -31.080326 97.950127 38.234062  -0.533323 0.843511 0.063681  0.272000 0.954200 1 1 1.000000
0  -31.848831 97.319267 38.107876  -0.750437 0.639791 0.165866  0.275000 0.951400 1 1 1.000000
0  -31.814419 97.261948 38.440533  -0.752098 0.577912 0.316806  0.273900 0.950600 1 1 1.000000
skin_0
0  -30.254545 98.397430 38.325798  -0.469228 0.882504 0.031811  0.268800 0.956200 1 1 1.000000
0  -29.692507 98.684166 38.383167  -0.443771 0.895578 0.031729  0.266700 0.957700 1 1 1.000000
0  -29.749876 98.546524 38.279934  -0.000007 0.094041 -0.995568  0.267400 0.957900 1 1 1.000000
skin_0
0  -30.254545 98.294189 38.222565  0.062676 0.093924 -0.993605  0.269300 0.956600 1 1 1.000000
0  -30.254545 98.397430 38.325798  -0.469228 0.882504 0.031811  0.268800 0.956200 1 1 1.000000
0  -29.749876 98.546524 38.279934  -0.000007 0.094041 -0.995568  0.267400 0.957900 1 1 1.000000
skin_0
0  -31.080326 97.950127 38.234062  -0.533323 0.843511 0.063681  0.272000 0.954200 1 1 1.000000
0  -30.254545 98.397430 38.325798  -0.469228 0.882504 0.031811  0.268800 0.956200 1 1 1.000000
0  -30.254545 98.294189 38.222565  0.062676 0.093924 -0.993605  0.269300 0.956600 1 1 1.000000
skin_0
0  -31.057415 97.858345 38.130829  0.070304 0.093967 -0.993090  0.272400 0.954500 1 1 1.000000
0  -31.080326 97.950127 38.234062  -0.533323 0.843511 0.063681  0.272000 0.954200 1 1 1.000000
0  -30.254545 98.294189 38.222565  0.062676 0.093924 -0.993605  0.269300 0.956600 1 1 1.000000
skin_0
0  -31.080326 97.950127 38.234062  -0.533323 0.843511 0.063681  0.272000 0.954200 1 1 1.000000
0  -31.057415 97.858345 38.130829  0.070304 0.093967 -0.993090  0.272400 0.954500 1 1 1.000000
0  -31.814419 97.250496 38.004639  0.070962 0.094548 -0.992988  0.275500 0.951600 1 1 1.000000
skin_0
0  -31.848831 97.319267 38.107876  -0.750437 0.639791 0.165866  0.275000 0.951400 1 1 1.000000
0  -31.080326 97.950127 38.234062  -0.533323 0.843511 0.063681  0.272000 0.954200 1 1 1.000000
0  -31.814419 97.250496 38.004639  0.070962 0.094548 -0.992988  0.275500 0.951600 1 1 1.000000
skin_0
0  -31.814419 97.250496 38.004639  0.070962 0.094548 -0.992988  0.275500 0.951600 1 1 1.000000
0  -32.537010 96.401711 37.867039  0.071110 0.094568 -0.992976  0.278100 0.947700 1 1 1.000000
0  -31.848831 97.319267 38.107876  -0.750437 0.639791 0.165866  0.275000 0.951400 1 1 1.000000
skin_0
0  -32.537010 96.401711 37.867039  0.071110 0.094568 -0.992976  0.278100 0.947700 1 1 1.000000
0  -32.548466 96.504944 37.970226  -0.823298 0.522529 0.221685  0.277500 0.947900 1 1 1.000000
0  -31.848831 97.319267 38.107876  -0.750437 0.639791 0.165866  0.275000 0.951400 1 1 1.000000
skin_0
0  -33.179325 95.220314 37.752308  -0.921406 0.293887 0.254246  0.279700 0.942700 1 1 1.000000
0  -32.548466 96.504944 37.970226  -0.823298 0.522529 0.221685  0.277500 0.947900 1 1 1.000000
0  -32.537010 96.401711 37.867039  0.071110 0.094568 -0.992976  0.278100 0.947700 1 1 1.000000
skin_0
0  -32.548466 96.504944 37.970226  -0.823298 0.522529 0.221685  0.277500 0.947900 1 1 1.000000
0  -33.179325 95.220314 37.752308  -0.921406 0.293887 0.254246  0.279700 0.942700 1 1 1.000000
0  -32.479641 96.470528 38.245522  -0.811615 0.461537 0.358141  0.276500 0.947500 1 1 1.000000
skin_0
0  -33.179325 95.220314 37.752308  -0.921406 0.293887 0.254246  0.279700 0.942700 1 1 1.000000
0  -33.144913 95.208862 37.912907  -0.891654 0.254804 0.374203  0.279100 0.942600 1 1 1.000000
0  -32.479641 96.470528 38.245522  -0.811615 0.461537 0.358141  0.276500 0.947500 1 1 1.000000
skin_0
0  -32.479641 96.470528 38.245522  -0.811615 0.461537 0.358141  0.276500 0.947500 1 1 1.000000
0  -33.144913 95.208862 37.912907  -0.891654 0.254804 0.374203  0.279100 0.942600 1 1 1.000000
0  -32.858170 95.128578 38.107876  -0.118519 -0.205293 0.971498  0.277700 0.942300 1 1 1.000000
skin_0
0  -33.144913 95.208862 37.912907  -0.891654 0.254804 0.374203  0.279100 0.942600 1 1 1.000000
0  -33.718403 93.626022 37.603203  -0.890915 0.087493 0.445663  0.281000 0.936400 1 1 1.000000
0  -32.858170 95.128578 38.107876  -0.118519 -0.205293 0.971498  0.277700 0.942300 1 1 1.000000
skin_0
0  -33.718403 93.626022 37.603203  -0.890915 0.087493 0.445663  0.281000 0.936400 1 1 1.000000
0  -33.477528 93.786583 37.729397  -0.055286 -0.260694 0.963837  0.280100 0.937200 1 1 1.000000
0  -32.858170 95.128578 38.107876  -0.118519 -0.205293 0.971498  0.277700 0.942300 1 1 1.000000
skin_0
0  -33.477528 93.683388 37.706440  -0.103206 -0.229984 0.967707  0.280100 0.936800 1 1 1.000000
0  -33.477528 93.786583 37.729397  -0.055286 -0.260694 0.963837  0.280100 0.937200 1 1 1.000000
0  -33.718403 93.626022 37.603203  -0.890915 0.087493 0.445663  0.281000 0.936400 1 1 1.000000
skin_0
0  -33.477528 93.683388 37.706440  -0.103206 -0.229984 0.967707  0.280100 0.936800 1 1 1.000000
0  -33.316967 93.729256 37.740852  -0.039464 -0.268339 0.962516  0.279500 0.936900 1 1 1.000000
0  -33.477528 93.786583 37.729397  -0.055286 -0.260694 0.963837  0.280100 0.937200 1 1 1.000000
skin_0
0  -33.316967 93.729256 37.740852  -0.039464 -0.268339 0.962516  0.279500 0.936900 1 1 1.000000
0  -33.477528 93.683388 37.706440  -0.103206 -0.229984 0.967707  0.280100 0.936800 1 1 1.000000
0  -33.661037 93.442520 37.580296  -0.410704 -0.529205 0.742472  0.280800 0.935800 1 1 1.000000
skin_0
0  -33.488983 93.453972 37.603203  0.244248 -0.756376 0.606827  0.280200 0.935800 1 1 1.000000
0  -33.316967 93.729256 37.740852  -0.039464 -0.268339 0.962516  0.279500 0.936900 1 1 1.000000
0  -33.661037 93.442520 37.580296  -0.410704 -0.529205 0.742472  0.280800 0.935800 1 1 1.000000
skin_0
0  -33.661037 93.442520 37.580296  -0.410704 -0.529205 0.742472  0.280800 0.935800 1 1 1.000000
0  -33.477528 93.683388 37.706440  -0.103206 -0.229984 0.967707  0.280100 0.936800 1 1 1.000000
0  -33.718403 93.626022 37.603203  -0.890915 0.087493 0.445663  0.281000 0.936400 1 1 1.000000
skin_0
0  -33.706905 93.373688 37.488518  -0.452151 -0.620768 0.640474  0.281000 0.935500 1 1 1.000000
0  -33.661037 93.442520 37.580296  -0.410704 -0.529205 0.742472  0.280800 0.935800 1 1 1.000000
0  -33.718403 93.626022 37.603203  -0.890915 0.087493 0.445663  0.281000 0.936400 1 1 1.000000
skin_0
0  -33.706905 93.373688 37.488518  -0.452151 -0.620768 0.640474  0.281000 0.935500 1 1 1.000000
0  -33.534893 93.373688 37.511475  0.274842 -0.824513 0.494611  0.280400 0.935300 1 1 1.000000
0  -33.661037 93.442520 37.580296  -0.410704 -0.529205 0.742472  0.280800 0.935800 1 1 1.000000
skin_0
0  -33.534893 93.373688 37.511475  0.274842 -0.824513 0.494611  0.280400 0.935300 1 1 1.000000
0  -33.706905 93.373688 37.488518  -0.452151 -0.620768 0.640474  0.281000 0.935500 1 1 1.000000
0  -33.580761 93.431053 37.465561  0.086016 0.078169 -0.993222  0.280300 0.935000 1 1 1.000000
skin_0
0  -33.534893 93.373688 37.511475  0.274842 -0.824513 0.494611  0.280400 0.935300 1 1 1.000000
0  -33.580761 93.431053 37.465561  0.086016 0.078169 -0.993222  0.280300 0.935000 1 1 1.000000
0  -30.093943 94.990936 37.901451  0.062581 0.093941 -0.993609  0.266800 0.941100 1 1 1.000000
skin_0
0  -33.706905 93.373688 37.488518  -0.452151 -0.620768 0.640474  0.281000 0.935500 1 1 1.000000
0  -33.672493 93.431053 37.454105  0.093071 0.077948 -0.992604  0.281200 0.935300 1 1 1.000000
0  -33.580761 93.431053 37.465561  0.086016 0.078169 -0.993222  0.280300 0.935000 1 1 1.000000
skin_0
0  -33.672493 93.431053 37.454105  0.093071 0.077948 -0.992604  0.281200 0.935300 1 1 1.000000
0  -33.706905 93.373688 37.488518  -0.452151 -0.620768 0.640474  0.281000 0.935500 1 1 1.000000
0  -33.706905 93.511337 37.465561  0.094674 0.070983 -0.992975  0.281600 0.936000 1 1 1.000000
skin_0
0  -33.706905 93.373688 37.488518  -0.452151 -0.620768 0.640474  0.281000 0.935500 1 1 1.000000
0  -33.764271 93.545746 37.511475  -0.932388 0.087540 0.350699  0.281400 0.936100 1 1 1.000000
0  -33.706905 93.511337 37.465561  0.094674 0.070983 -0.992975  0.281600 0.936000 1 1 1.000000
skin_0
0  -33.764271 93.545746 37.511475  -0.932388 0.087540 0.350699  0.281400 0.936100 1 1 1.000000
0  -33.706905 93.373688 37.488518  -0.452151 -0.620768 0.640474  0.281000 0.935500 1 1 1.000000
0  -33.718403 93.626022 37.603203  -0.890915 0.087493 0.445663  0.281000 0.936400 1 1 1.000000
skin_0
0  -33.718403 93.626022 37.603203  -0.890915 0.087493 0.445663  0.281000 0.936400 1 1 1.000000
0  -33.144913 95.208862 37.912907  -0.891654 0.254804 0.374203  0.279100 0.942600 1 1 1.000000
0  -33.764271 93.545746 37.511475  -0.932388 0.087540 0.350699  0.281400 0.936100 1 1 1.000000
skin_0
0  -33.144913 95.208862 37.912907  -0.891654 0.254804 0.374203  0.279100 0.942600 1 1 1.000000
0  -33.179325 95.220314 37.752308  -0.921406 0.293887 0.254246  0.279700 0.942700 1 1 1.000000
0  -33.764271 93.545746 37.511475  -0.932388 0.087540 0.350699  0.281400 0.936100 1 1 1.000000
skin_0
0  -33.179325 95.220314 37.752308  -0.921406 0.293887 0.254246  0.279700 0.942700 1 1 1.000000
0  -33.121960 95.174438 37.672028  0.094195 0.102230 -0.990291  0.280100 0.942700 1 1 1.000000
0  -33.764271 93.545746 37.511475  -0.932388 0.087540 0.350699  0.281400 0.936100 1 1 1.000000
skin_0
0  -33.121960 95.174438 37.672028  0.094195 0.102230 -0.990291  0.280100 0.942700 1 1 1.000000
0  -33.179325 95.220314 37.752308  -0.921406 0.293887 0.254246  0.279700 0.942700 1 1 1.000000
0  -32.537010 96.401711 37.867039  0.071110 0.094568 -0.992976  0.278100 0.947700 1 1 1.000000
skin_0
0  -33.121960 95.174438 37.672028  0.094195 0.102230 -0.990291  0.280100 0.942700 1 1 1.000000
0  -33.706905 93.511337 37.465561  0.094674 0.070983 -0.992975  0.281600 0.936000 1 1 1.000000
0  -33.764271 93.545746 37.511475  -0.932388 0.087540 0.350699  0.281400 0.936100 1 1 1.000000
skin_0
0  -33.477528 93.786583 37.729397  -0.055286 -0.260694 0.963837  0.280100 0.937200 1 1 1.000000
0  -33.316967 93.729256 37.740852  -0.039464 -0.268339 0.962516  0.279500 0.936900 1 1 1.000000
0  -32.858170 95.128578 38.107876  -0.118519 -0.205293 0.971498  0.277700 0.942300 1 1 1.000000
skin_0
0  -33.316967 93.729256 37.740852  -0.039464 -0.268339 0.962516  0.279500 0.936900 1 1 1.000000
0  -29.692507 95.357956 38.199654  0.031519 -0.323125 0.945831  0.265500 0.943200 1 1 1.000000
0  -32.858170 95.128578 38.107876  -0.118519 -0.205293 0.971498  0.277700 0.942300 1 1 1.000000
skin_0
0  -29.612230 95.197357 38.084965  0.228684 -0.741387 0.630911  0.265100 0.942400 1 1 1.000000
0  -29.692507 95.357956 38.199654  0.031519 -0.323125 0.945831  0.265500 0.943200 1 1 1.000000
0  -33.316967 93.729256 37.740852  -0.039464 -0.268339 0.962516  0.279500 0.936900 1 1 1.000000
skin_0
0  -27.994989 96.023186 38.383167  0.031502 -0.323133 0.945829  0.258900 0.945800 1 1 1.000000
0  -29.692507 95.357956 38.199654  0.031519 -0.323125 0.945831  0.265500 0.943200 1 1 1.000000
0  -29.612230 95.197357 38.084965  0.228684 -0.741387 0.630911  0.265100 0.942400 1 1 1.000000
skin_0
0  -29.692507 95.357956 38.199654  0.031519 -0.323125 0.945831  0.265500 0.943200 1 1 1.000000
0  -27.994989 96.023186 38.383167  0.031502 -0.323133 0.945829  0.258900 0.945800 1 1 1.000000
0  -30.908314 97.674835 38.784599  -0.078977 -0.134418 0.987773  0.270200 0.952200 1 1 1.000000
skin_0
0  -27.994989 96.023186 38.383167  0.031502 -0.323133 0.945829  0.258900 0.945800 1 1 1.000000
0  -30.105400 98.133629 38.899288  -0.063274 -0.126704 0.989920  0.267100 0.954000 1 1 1.000000
0  -30.908314 97.674835 38.784599  -0.078977 -0.134418 0.987773  0.270200 0.952200 1 1 1.000000
skin_0
0  -30.105400 98.133629 38.899288  -0.063274 -0.126704 0.989920  0.267100 0.954000 1 1 1.000000
0  -30.231588 98.351555 38.715778  -0.476003 0.856765 0.198431  0.267800 0.955000 1 1 1.000000
0  -30.908314 97.674835 38.784599  -0.078977 -0.134418 0.987773  0.270200 0.952200 1 1 1.000000
skin_0
0  -29.187840 98.867683 38.876377  -0.427678 0.895008 0.126695  0.263700 0.957100 1 1 1.000000
0  -30.231588 98.351555 38.715778  -0.476003 0.856765 0.198431  0.267800 0.955000 1 1 1.000000
0  -30.105400 98.133629 38.899288  -0.063274 -0.126704 0.989920  0.267100 0.954000 1 1 1.000000
skin_0
0  -29.187840 98.867683 38.876377  -0.427678 0.895008 0.126695  0.263700 0.957100 1 1 1.000000
0  -29.692507 98.684166 38.383167  -0.443771 0.895578 0.031729  0.266700 0.957700 1 1 1.000000
0  -30.231588 98.351555 38.715778  -0.476003 0.856765 0.198431  0.267800 0.955000 1 1 1.000000
skin_0
0  -29.692507 98.684166 38.383167  -0.443771 0.895578 0.031729  0.266700 0.957700 1 1 1.000000
0  -30.254545 98.397430 38.325798  -0.469228 0.882504 0.031811  0.268800 0.956200 1 1 1.000000
0  -30.231588 98.351555 38.715778  -0.476003 0.856765 0.198431  0.267800 0.955000 1 1 1.000000
skin_0
0  -30.254545 98.397430 38.325798  -0.469228 0.882504 0.031811  0.268800 0.956200 1 1 1.000000
0  -31.080326 97.950127 38.234062  -0.533323 0.843511 0.063681  0.272000 0.954200 1 1 1.000000
0  -30.231588 98.351555 38.715778  -0.476003 0.856765 0.198431  0.267800 0.955000 1 1 1.000000
skin_0
0  -31.080326 97.950127 38.234062  -0.533323 0.843511 0.063681  0.272000 0.954200 1 1 1.000000
0  -31.057415 97.892761 38.601089  -0.548908 0.803458 0.230554  0.271000 0.953100 1 1 1.000000
0  -30.231588 98.351555 38.715778  -0.476003 0.856765 0.198431  0.267800 0.955000 1 1 1.000000
skin_0
0  -31.057415 97.892761 38.601089  -0.548908 0.803458 0.230554  0.271000 0.953100 1 1 1.000000
0  -31.080326 97.950127 38.234062  -0.533323 0.843511 0.063681  0.272000 0.954200 1 1 1.000000
0  -31.814419 97.261948 38.440533  -0.752098 0.577912 0.316806  0.273900 0.950600 1 1 1.000000
skin_0
0  -31.057415 97.892761 38.601089  -0.548908 0.803458 0.230554  0.271000 0.953100 1 1 1.000000
0  -31.814419 97.261948 38.440533  -0.752098 0.577912 0.316806  0.273900 0.950600 1 1 1.000000
0  -30.908314 97.674835 38.784599  -0.078977 -0.134418 0.987773  0.270200 0.952200 1 1 1.000000
skin_0
0  -31.814419 97.261948 38.440533  -0.752098 0.577912 0.316806  0.273900 0.950600 1 1 1.000000
0  -31.619406 97.066933 38.624046  -0.103300 -0.142841 0.984340  0.273000 0.949800 1 1 1.000000
0  -30.908314 97.674835 38.784599  -0.078977 -0.134418 0.987773  0.270200 0.952200 1 1 1.000000
skin_0
0  -29.692507 95.357956 38.199654  0.031519 -0.323125 0.945831  0.265500 0.943200 1 1 1.000000
0  -30.908314 97.674835 38.784599  -0.078977 -0.134418 0.987773  0.270200 0.952200 1 1 1.000000
0  -31.619406 97.066933 38.624046  -0.103300 -0.142841 0.984340  0.273000 0.949800 1 1 1.000000
skin_0
0  -29.692507 95.357956 38.199654  0.031519 -0.323125 0.945831  0.265500 0.943200 1 1 1.000000
0  -31.619406 97.066933 38.624046  -0.103300 -0.142841 0.984340  0.273000 0.949800 1 1 1.000000
0  -32.238811 96.321426 38.440533  -0.118621 -0.158070 0.980277  0.275300 0.947000 1 1 1.000000
skin_0
0  -29.692507 95.357956 38.199654  0.031519 -0.323125 0.945831  0.265500 0.943200 1 1 1.000000
0  -32.238811 96.321426 38.440533  -0.118621 -0.158070 0.980277  0.275300 0.947000 1 1 1.000000
0  -32.858170 95.128578 38.107876  -0.118519 -0.205293 0.971498  0.277700 0.942300 1 1 1.000000
skin_0
0  -30.231588 98.351555 38.715778  -0.476003 0.856765 0.198431  0.267800 0.955000 1 1 1.000000
0  -31.057415 97.892761 38.601089  -0.548908 0.803458 0.230554  0.271000 0.953100 1 1 1.000000
0  -30.908314 97.674835 38.784599  -0.078977 -0.134418 0.987773  0.270200 0.952200 1 1 1.000000
skin_0
0  33.482811 93.683388 37.706451  0.110879 -0.229815 0.966897  0.021200 0.936800 1 1 1.000000
0  33.310753 93.729256 37.740864  0.047281 -0.268234 0.962193  0.021800 0.936900 1 1 1.000000
0  33.666321 93.442520 37.580307  0.417168 -0.527488 0.740086  0.020500 0.935800 1 1 1.000000
skin_0
0  33.310753 93.729256 37.740864  0.047281 -0.268234 0.962193  0.021800 0.936900 1 1 1.000000
0  33.494267 93.453972 37.603214  -0.236759 -0.757880 0.607917  0.021100 0.935800 1 1 1.000000
0  33.666321 93.442520 37.580307  0.417168 -0.527488 0.740086  0.020500 0.935800 1 1 1.000000
skin_0
0  32.232590 96.321426 38.440544  0.126398 -0.157994 0.979317  0.026000 0.947000 1 1 1.000000
0  29.697788 95.357956 38.199665  -0.023598 -0.323225 0.946028  0.035800 0.943200 1 1 1.000000
0  32.863449 95.128578 38.107887  0.126303 -0.205109 0.970555  0.023500 0.942300 1 1 1.000000
skin_0
0  29.697788 95.357956 38.199665  -0.023598 -0.323225 0.946028  0.035800 0.943200 1 1 1.000000
0  33.310753 93.729256 37.740864  0.047281 -0.268234 0.962193  0.021800 0.936900 1 1 1.000000
0  32.863449 95.128578 38.107887  0.126303 -0.205109 0.970555  0.023500 0.942300 1 1 1.000000
skin_0
0  29.697788 95.357956 38.199665  -0.023598 -0.323225 0.946028  0.035800 0.943200 1 1 1.000000
0  29.606056 95.197395 38.084976  -0.221305 -0.742707 0.631989  0.036100 0.942400 1 1 1.000000
0  33.310753 93.729256 37.740864  0.047281 -0.268234 0.962193  0.021800 0.936900 1 1 1.000000
skin_0
0  29.606056 95.197395 38.084976  -0.221305 -0.742707 0.631989  0.036100 0.942400 1 1 1.000000
0  33.494267 93.453972 37.603214  -0.236759 -0.757880 0.607917  0.021100 0.935800 1 1 1.000000
0  33.310753 93.729256 37.740864  0.047281 -0.268234 0.962193  0.021800 0.936900 1 1 1.000000
skin_0
0  33.494267 93.453972 37.603214  -0.236759 -0.757880 0.607917  0.021100 0.935800 1 1 1.000000
0  29.606056 95.197395 38.084976  -0.221305 -0.742707 0.631989  0.036100 0.942400 1 1 1.000000
0  30.076313 94.945068 37.970238  -0.276903 -0.806656 0.522141  0.034400 0.941400 1 1 1.000000
skin_0
0  33.540176 93.373688 37.511486  -0.267653 -0.826233 0.495682  0.020900 0.935300 1 1 1.000000
0  33.494267 93.453972 37.603214  -0.236759 -0.757880 0.607917  0.021100 0.935800 1 1 1.000000
0  30.076313 94.945068 37.970238  -0.276903 -0.806656 0.522141  0.034400 0.941400 1 1 1.000000
skin_0
0  33.494267 93.453972 37.603214  -0.236759 -0.757880 0.607917  0.021100 0.935800 1 1 1.000000
0  33.540176 93.373688 37.511486  -0.267653 -0.826233 0.495682  0.020900 0.935300 1 1 1.000000
0  33.666321 93.442520 37.580307  0.417168 -0.527488 0.740086  0.020500 0.935800 1 1 1.000000
skin_0
0  33.540176 93.373688 37.511486  -0.267653 -0.826233 0.495682  0.020900 0.935300 1 1 1.000000
0  33.712189 93.373688 37.488529  0.464673 -0.614202 0.637836  0.020300 0.935500 1 1 1.000000
0  33.666321 93.442520 37.580307  0.417168 -0.527488 0.740086  0.020500 0.935800 1 1 1.000000
skin_0
0  33.666321 93.442520 37.580307  0.417168 -0.527488 0.740086  0.020500 0.935800 1 1 1.000000
0  33.712189 93.373688 37.488529  0.464673 -0.614202 0.637836  0.020300 0.935500 1 1 1.000000
0  33.723690 93.626022 37.603214  0.892646 0.086892 0.442304  0.020300 0.936400 1 1 1.000000
skin_0
0  33.482811 93.683388 37.706451  0.110879 -0.229815 0.966897  0.021200 0.936800 1 1 1.000000
0  33.666321 93.442520 37.580307  0.417168 -0.527488 0.740086  0.020500 0.935800 1 1 1.000000
0  33.723690 93.626022 37.603214  0.892646 0.086892 0.442304  0.020300 0.936400 1 1 1.000000
skin_0
0  33.482811 93.786629 37.729408  0.063189 -0.260472 0.963411  0.021200 0.937200 1 1 1.000000
0  33.482811 93.683388 37.706451  0.110879 -0.229815 0.966897  0.021200 0.936800 1 1 1.000000
0  33.723690 93.626022 37.603214  0.892646 0.086892 0.442304  0.020300 0.936400 1 1 1.000000
skin_0
0  33.310753 93.729256 37.740864  0.047281 -0.268234 0.962193  0.021800 0.936900 1 1 1.000000
0  33.482811 93.683388 37.706451  0.110879 -0.229815 0.966897  0.021200 0.936800 1 1 1.000000
0  33.482811 93.786629 37.729408  0.063189 -0.260472 0.963411  0.021200 0.937200 1 1 1.000000
skin_0
0  33.310753 93.729256 37.740864  0.047281 -0.268234 0.962193  0.021800 0.936900 1 1 1.000000
0  33.482811 93.786629 37.729408  0.063189 -0.260472 0.963411  0.021200 0.937200 1 1 1.000000
0  32.863449 95.128578 38.107887  0.126303 -0.205109 0.970555  0.023500 0.942300 1 1 1.000000
skin_0
0  33.482811 93.786629 37.729408  0.063189 -0.260472 0.963411  0.021200 0.937200 1 1 1.000000
0  33.723690 93.626022 37.603214  0.892646 0.086892 0.442304  0.020300 0.936400 1 1 1.000000
0  32.863449 95.128578 38.107887  0.126303 -0.205109 0.970555  0.023500 0.942300 1 1 1.000000
end
